Kastamonu,Tosya,Tosya Bilim ve Sanat Merkezi,769146,Bilim ve Sanat Merkezi,https://tosyabilsem.meb.k12.tr,,,https://tosyabilsem.meb.k12.tr/tema/harita.php,2026-08-31,41,41,bulundu,https://tosyabilsem.meb.k12.tr/,2026-10-01T18:55:05.588277+00:00,,Öğrenci Sayısı : 41
Kastamonu,Tosya,Tosya Cumhuriyet Anadolu Lisesi,169129,Anadolu Lisesi,https://tosyacal.meb.k12.tr,,,https://tosyacal.meb.k12.tr/tema/harita.php,2026-08-31,148,148,bulundu,https://tosyacal.meb.k12.tr/tema/okulumuz_hakkinda.php,2026-10-01T18:55:05.591461+00:00,,Öğrenci : 148
Kastamonu,Tosya,Tosya Fen Lisesi,281117,Fen Lisesi,https://tosyafenlisesi.meb.k12.tr,,,https://tosyafenlisesi.meb.k12.tr/tema/harita.php,2026-08-31,236,236,bulundu,https://tosyafenlisesi.meb.k12.tr/,2026-10-01T18:55:05.646188+00:00,,Öğrenci Sayısı 236
Kastamonu,Tosya,Tosya Halk Eğitimi Merkezi,169191,Halk Eğitimi Merkezi,https://tosyahem.meb.k12.tr,,,https://tosyahem.meb.k12.tr/tema/harita.php,2026-08-31,,,bulunamadi,,2026-10-01T18:55:05.810801+00:00,,
Kastamonu,Tosya,Tosya Kız Anadolu İmam Hatip Lisesi,760755,Anadolu İmam Hatip Lisesi,https://tosyakihl.meb.k12.tr,,,https://tosyakihl.meb.k12.tr/tema/harita.php,2026-08-31,126,126,bulundu,https://tosyakihl.meb.k12.tr/,2026-10-01T18:55:05.853427+00:00,,Öğrenci Sayısı : 126
Kastamonu,Tosya,Tosya Mesleki Eğitim Merkezi,169201,Mesleki Eğitim Merkezi,https://tosyamesem.meb.k12.tr,,,https://tosyamesem.meb.k12.tr/tema/harita.php,2026-08-31,240,240,bulundu,https://tosyamesem.meb.k12.tr/,2026-10-01T18:55:05.914611+00:00,,Öğrenci Sayısı : 240
Kastamonu,Tosya,Tosya Mesleki ve Teknik Anadolu Lisesi,169130,Mesleki ve Teknik Anadolu Lisesi,https://tosyamtal.meb.k12.tr,,,https://tosyamtal.meb.k12.tr/tema/harita.php,2026-08-31,125,125,bulundu,https://tosyamtal.meb.k12.tr/,2026-10-01T18:55:06.011009+00:00,,Öğrenci Sayısı : 125
Kastamonu,Tosya,Tosya Mithat Boyner Ticaret Mesleki ve Teknik Anadolu Lisesi,169154,Mesleki ve Teknik Anadolu Lisesi,https://tosyamithatboynermtal.meb.k12.tr,,,https://tosyamithatboynermtal.meb.k12.tr/tema/harita.php,2026-08-31,158,158,bulundu,https://tosyamithatboynermtal.meb.k12.tr/,2026-10-01T18:55:06.027164+00:00,,Öğrenci Sayısı 158
Kastamonu,Tosya,Tosya Öğretmenevi ve Akşam Sanat Okulu,964740,Öğretmenevi,https://tosyaogretmenevi.meb.k12.tr,,,https://tosyaogretmenevi.meb.k12.tr/tema/harita.php,2026-08-31,,,bulunamadi,,2026-10-01T18:55:06.050489+00:00,,
Kastamonu,Tosya,Tosya İlkokulu,733569,İlkokul,https://tosyailkokulu.meb.k12.tr,,,https://tosyailkokulu.meb.k12.tr/tema/harita.php,2026-08-31,460,460,bulundu,https://tosyailkokulu.meb.k12.tr/,2026-10-01T18:55:06.100042+00:00,,Öğrenci Sayısı : 460
Kastamonu,Tosya,Tosya Şehit Mustafa Kaymakcı Anadolu Lisesi,825018,Anadolu Lisesi,https://sehitmustafakaymakci.meb.k12.tr,,,https://sehitmustafakaymakci.meb.k12.tr/tema/harita.php,2026-08-31,248,248,bulundu,https://sehitmustafakaymakci.meb.k12.tr/,2026-10-01T18:55:06.153680+00:00,,Öğrenci Sayısı : 248
Kastamonu,Tosya,Türkiye Odalar ve Borsalar Birliği Organize Sanayi Anaokulu,774708,Anaokulu,https://tosyatobborganizesanayianaokulu.meb.k12.tr,,,https://tosyatobborganizesanayianaokulu.meb.k12.tr/tema/harita.php,2026-08-31,,,bulunamadi,,2026-10-01T18:55:06.241827+00:00,,
Kastamonu,Tosya,Yavuz Sultan Selim Borsa İstanbul İlkokulu,733542,İlkokul,https://tosyayavuzsultanselimilkokulu.meb.k12.tr,,,https://tosyayavuzsultanselimilkokulu.meb.k12.tr/tema/harita.php,2026-08-31,205,205,bulundu,https://tosyayavuzsultanselimilkokulu.meb.k12.tr/,2026-10-01T18:55:06.250504+00:00,,Öğrenci Sayısı : 205
Kastamonu,Tosya,İpekyolu Anaokulu,777211,Anaokulu,https://777211.meb.k12.tr,,,https://777211.meb.k12.tr/tema/harita.php,2026-08-31,,,bulunamadi,,2026-10-01T18:55:06.287124+00:00,,
Kastamonu,Tosya,Şehit Er Murat Çökmez İlkokulu,749381,İlkokul,https://sehitermuratcokmez.meb.k12.tr,,,https://sehitermuratcokmez.meb.k12.tr/tema/harita.php,2026-08-31,75,75,bulundu,https://sehitermuratcokmez.meb.k12.tr/,2026-10-01T18:55:06.318078+00:00,,Öğrenci Sayısı 75
Kastamonu,Çatalzeytin,Paşalı Ortaokulu,745461,Ortaokul,https://pasaliortaokulum.meb.k12.tr,,,https://pasaliortaokulum.meb.k12.tr/tema/harita.php,2026-08-31,20,20,bulundu,https://pasaliortaokulum.meb.k12.tr/,2026-10-01T18:55:06.321232+00:00,,Öğrenci Sayısı 20
Kastamonu,Çatalzeytin,Paşalı İlkokulu,724627,İlkokul,https://pasaliilkokulu.meb.k12.tr,,,https://pasaliilkokulu.meb.k12.tr/tema/harita.php,2026-08-31,9,9,bulundu,https://pasaliilkokulu.meb.k12.tr/,2026-10-01T18:55:06.599560+00:00,,Öğrenci Sayısı: 9
Kastamonu,Çatalzeytin,Yunus Emre Ortaokulu,745462,Ortaokul,https://catalzeytinyunusemreortaokulu.meb.k12.tr,,,https://catalzeytinyunusemreortaokulu.meb.k12.tr/tema/harita.php,2026-08-31,152,152,bulundu,https://catalzeytinyunusemreortaokulu.meb.k12.tr/,2026-10-01T18:55:06.678238+00:00,,Öğrenci Sayısı 152
Kastamonu,Çatalzeytin,Yunus Emre İlkokulu,724659,İlkokul,https://yunusemreilkokulum.meb.k12.tr,,,https://yunusemreilkokulum.meb.k12.tr/tema/harita.php,2026-08-31,162,162,bulundu,https://yunusemreilkokulum.meb.k12.tr/,2026-10-01T18:55:06.691033+00:00,,Öğrenci Sayısı: 162
Kastamonu,Çatalzeytin,Çatalzeytin Anaokulu,760993,Anaokulu,https://catalzeytinanaokulu.meb.k12.tr,,,https://catalzeytinanaokulu.meb.k12.tr/tema/harita.php,2026-08-31,,,bulunamadi,,2026-10-01T18:55:07.168858+00:00,,
Kastamonu,Çatalzeytin,Çatalzeytin Halk Eğitimi Merkezi,168626,Halk Eğitimi Merkezi,https://catalzeytinhem.meb.k12.tr,,,https://catalzeytinhem.meb.k12.tr/tema/harita.php,2026-08-31,,,bulunamadi,,2026-10-01T18:55:07.223773+00:00,,
Kastamonu,Çatalzeytin,Çatalzeytin Öğretmenevi Müdürlüğü ve Akşam Sanat Okulu Müdürlüğü,763104,Öğretmenevi,https://catalzeytinogretmenevi.meb.k12.tr,,,https://catalzeytinogretmenevi.meb.k12.tr/tema/harita.php,2026-08-31,,,bulunamadi,,2026-10-01T18:55:07.312857+00:00,,
Kastamonu,Çatalzeytin,Çatalzeytin İmam Hatip Ortaokulu,760230,İmam Hatip Ortaokulu,https://catalzeytiniho.meb.k12.tr,,,https://catalzeytiniho.meb.k12.tr/tema/harita.php,2026-08-31,32,32,bulundu,https://catalzeytiniho.meb.k12.tr/,2026-10-01T18:55:07.320364+00:00,,Öğrenci Sayısı : 32
Kastamonu,Çatalzeytin,Çatalzeytin Şehit Engin Açıkgöz Çok Programlı Anadolu Lisesi,966030,Çok Programlı Anadolu Lisesi,https://catalzeytincpl.meb.k12.tr,,,https://catalzeytincpl.meb.k12.tr/tema/harita.php,2026-08-31,112,112,bulundu,https://catalzeytincpl.meb.k12.tr/,2026-10-01T18:55:07.339621+00:00,,Öğrenci Sayısı : 112
Kastamonu,İhsangazi,İhsangazi Anaokulu,750153,Anaokulu,https://ihsangazianaokulu.meb.k12.tr,,,https://ihsangazianaokulu.meb.k12.tr/tema/harita.php,2026-08-31,27,27,bulundu,https://ihsangazianaokulu.meb.k12.tr/,2026-10-01T18:55:07.353315+00:00,,Öğrenci Sayısı : 27
Kastamonu,İhsangazi,İhsangazi Halk Eğitimi Merkezi,253084,Halk Eğitimi Merkezi,https://ihsangazihem.meb.k12.tr,,,https://ihsangazihem.meb.k12.tr/tema/harita.php,2026-08-31,,,bulunamadi,,2026-10-01T18:55:07.380515+00:00,,
Kastamonu,İhsangazi,İhsangazi Kanlıgöl İlkokulu,724947,İlkokul,https://kanligolio.meb.k12.tr,,,https://kanligolio.meb.k12.tr/tema/harita.php,2026-08-31,27,27,bulundu,https://kanligolio.meb.k12.tr/tema/okulumuz_hakkinda.php,2026-10-01T18:55:07.383760+00:00,,Öğrenci : 27
Kastamonu,İhsangazi,İhsangazi Ortaokulu,749438,Ortaokul,https://ihsangazioo.meb.k12.tr,,,https://ihsangazioo.meb.k12.tr/tema/harita.php,2026-08-31,84,84,bulundu,https://ihsangazioo.meb.k12.tr/,2026-10-01T18:55:07.387978+00:00,,Öğrenci Sayısı 84
Kastamonu,İhsangazi,İhsangazi İlkokulu,738150,İlkokul,https://ihsangaziio.meb.k12.tr,,,https://ihsangaziio.meb.k12.tr/tema/harita.php,2026-08-31,137,137,bulundu,https://ihsangaziio.meb.k12.tr/,2026-10-01T18:55:07.467982+00:00,,Öğrenci Sayısı 137
Kastamonu,İhsangazi,İhsangazi İmam Hatip Ortaokulu,758968,İmam Hatip Ortaokulu,https://ihsangaziiho.meb.k12.tr,,,https://ihsangaziiho.meb.k12.tr/tema/harita.php,2026-08-31,48,48,bulundu,https://ihsangaziiho.meb.k12.tr/,2026-10-01T18:55:07.480262+00:00,,Öğrenci Sayısı 48
Kastamonu,İhsangazi,Şehit Orhan Cengiz Karaçam Çok Programlı Anadolu Lisesi,168100,Çok Programlı Anadolu Lisesi,https://ihsangazicpl.meb.k12.tr,,,https://ihsangazicpl.meb.k12.tr/tema/harita.php,2026-08-31,,,bulunamadi,,2026-10-01T18:55:07.606540+00:00,,
Kastamonu,İnebolu,9 Haziran Ortaokulu,745469,Ortaokul,https://9haziranilkortaokulu.meb.k12.tr,,,https://9haziranilkortaokulu.meb.k12.tr/tema/harita.php,2026-08-31,61,61,bulundu,https://9haziranilkortaokulu.meb.k12.tr/,2026-10-01T18:55:07.612739+00:00,,Öğrenci Sayısı 61
Kastamonu,İnebolu,9 Haziran İlkokulu,725004,İlkokul,https://9haziranilkokulu.meb.k12.tr,,,https://9haziranilkokulu.meb.k12.tr/tema/harita.php,2026-08-31,78,78,bulundu,https://9haziranilkokulu.meb.k12.tr/,2026-10-01T18:55:07.883410+00:00,,Öğrenci Sayısı: 78
Kastamonu,İnebolu,Atabeyli Ortaokulu,745470,Ortaokul,https://atabeyliortaokulu.meb.k12.tr,,,https://atabeyliortaokulu.meb.k12.tr/tema/harita.php,2026-08-31,,,bulunamadi,,2026-10-01T18:55:07.890620+00:00,,
Kastamonu,İnebolu,Atabeyli İlkokulu,725103,İlkokul,https://atabeyliilkokulu.meb.k12.tr,,,https://atabeyliilkokulu.meb.k12.tr/tema/harita.php,2026-08-31,,,bulunamadi,,2026-10-01T18:55:07.919561+00:00,,
Kastamonu,İnebolu,Atatürk Ortaokulu,725135,Ortaokul,https://ineboluataturk.meb.k12.tr,,,https://ineboluataturk.meb.k12.tr/tema/harita.php,2026-08-31,302,302,bulundu,https://ineboluataturk.meb.k12.tr/,2026-10-01T18:55:08.002206+00:00,,Öğrenci Sayısı 302
Kastamonu,İnebolu,Evrenye Mehmet İnce Ortaokulu,745471,Ortaokul,https://mehmetinceilkortaokulu.meb.k12.tr,,,https://mehmetinceilkortaokulu.meb.k12.tr/tema/harita.php,2026-08-31,28,28,bulundu,https://mehmetinceilkortaokulu.meb.k12.tr/,2026-10-01T18:55:08.026536+00:00,,Öğrenci Sayısı : 28
Kastamonu,İnebolu,Evrenye Mehmet İnce İlkokulu,725193,İlkokul,https://mehmetinceilkokulu.meb.k12.tr,,,https://mehmetinceilkokulu.meb.k12.tr/tema/harita.php,2026-08-31,23,23,bulundu,https://mehmetinceilkokulu.meb.k12.tr/,2026-10-01T18:55:08.069868+00:00,,Öğrenci Sayısı: 23
Kastamonu,İnebolu,Hüseyin Avni İlkokulu,725213,İlkokul,https://ineboluhuseyinavni.meb.k12.tr,,,https://ineboluhuseyinavni.meb.k12.tr/tema/harita.php,2026-08-31,261,261,bulundu,https://ineboluhuseyinavni.meb.k12.tr/,2026-10-01T18:55:08.090889+00:00,,Öğrenci Sayısı : 261
Kastamonu,İnebolu,Kabalar Ortaokulu,745472,Ortaokul,https://kabalarilkortaokulu.meb.k12.tr,,,https://kabalarilkortaokulu.meb.k12.tr/tema/harita.php,2026-08-31,42,42,bulundu,https://kabalarilkortaokulu.meb.k12.tr/,2026-10-01T18:55:08.717981+00:00,,Öğrenci Sayısı : 42
Kastamonu,İnebolu,Kabalar İlkokulu,725283,İlkokul,https://725283.meb.k12.tr,,,https://725283.meb.k12.tr/tema/harita.php,2026-08-31,72,72,bulundu,https://725283.meb.k12.tr/,2026-10-01T18:55:08.760920+00:00,,Öğrenci Sayısı: 72
Kastamonu,İnebolu,Korupınar İlkokulu,720775,İlkokul,https://korupinarilkokulu.meb.k12.tr,,,https://korupinarilkokulu.meb.k12.tr/tema/harita.php,2026-08-31,47,47,bulundu,https://korupinarilkokulu.meb.k12.tr/,2026-10-01T18:55:08.820802+00:00,,Öğrenci Sayısı 47
Kastamonu,İnebolu,Mecit Çetinkaya Mesleki ve Teknik Anadolu Lisesi,964463,Mesleki ve Teknik Anadolu Lisesi,https://ineboluteml.meb.k12.tr,,,https://ineboluteml.meb.k12.tr/tema/harita.php,2026-08-31,164,164,bulundu,https://ineboluteml.meb.k12.tr/,2026-10-01T18:55:08.865792+00:00,,Öğrenci Sayısı : 164
Kastamonu,İnebolu,Mehmet Bülent Özyürük Ortaokulu,745473,Ortaokul,https://mbozyurukortaokulu.meb.k12.tr,,,https://mbozyurukortaokulu.meb.k12.tr/tema/harita.php,2026-08-31,115,115,bulundu,https://mbozyurukortaokulu.meb.k12.tr/tema/okulumuz_hakkinda.php,2026-10-01T18:55:09.024560+00:00,,Öğrenci : 115
Kastamonu,İnebolu,Mehmet Bülent Özyürük İlkokulu,725332,İlkokul,https://mbozyurukilkokulu.meb.k12.tr,,,https://mbozyurukilkokulu.meb.k12.tr/tema/harita.php,2026-08-31,,,bulunamadi,,2026-10-01T18:55:09.059500+00:00,,
Kastamonu,İnebolu,Mustafa Şerbetçi İlkokulu,725368,İlkokul,https://mustafaserbetci.meb.k12.tr,,,https://mustafaserbetci.meb.k12.tr/tema/harita.php,2026-08-31,,,bulunamadi,,2026-10-01T18:55:09.127437+00:00,,
Kastamonu,İnebolu,Piri Reis Denizcilik Mesleki ve Teknik Anadolu Lisesi,971832,Mesleki ve Teknik Anadolu Lisesi,https://ineboludenizcilik.meb.k12.tr,,,https://ineboludenizcilik.meb.k12.tr/tema/harita.php,2026-08-31,39,39,bulundu,https://ineboludenizcilik.meb.k12.tr/,2026-10-01T18:55:09.183794+00:00,,Öğrenci Sayısı 39
Kastamonu,İnebolu,Prof. Dr. Fuat Sezgin Anadolu Lisesi,767024,Anadolu Lisesi,https://inebolufuatsezginal.meb.k12.tr,,,https://inebolufuatsezginal.meb.k12.tr/tema/harita.php,2026-08-31,234,234,bulundu,https://inebolufuatsezginal.meb.k12.tr/,2026-10-01T18:55:09.196463+00:00,,Öğrenci Sayısı : 234
Kastamonu,İnebolu,Türkiye Odalar ve Borsalar Birliği Anaokulu,776633,Anaokulu,https://776633.meb.k12.tr,,,https://776633.meb.k12.tr/tema/harita.php,2026-08-31,79,79,bulundu,https://776633.meb.k12.tr/,2026-10-01T18:55:09.325503+00:00,,Öğrenci Sayısı: 79
Kastamonu,İnebolu,Vali Enis Yeter Anaokulu,956238,Anaokulu,https://valienisyeteranaokulu.meb.k12.tr,,,https://valienisyeteranaokulu.meb.k12.tr/tema/harita.php,2026-08-31,94,94,bulundu,https://valienisyeteranaokulu.meb.k12.tr/,2026-10-01T18:55:09.710025+00:00,,Öğrenci Sayısı: 94
Kastamonu,İnebolu,Özlüce Ortaokulu,745474,Ortaokul,https://ineboluozluceortaokulu.meb.k12.tr,,,https://ineboluozluceortaokulu.meb.k12.tr/tema/harita.php,2026-08-31,21,21,bulundu,https://ineboluozluceortaokulu.meb.k12.tr/tema/okulumuz_hakkinda.php,2026-10-01T18:55:09.783899+00:00,,Öğrenci : 21
Kastamonu,İnebolu,Özlüce İlkokulu,725433,İlkokul,https://ineboluozluceilkokulu.meb.k12.tr,,,https://ineboluozluceilkokulu.meb.k12.tr/tema/harita.php,2026-08-31,27,27,bulundu,https://ineboluozluceilkokulu.meb.k12.tr/tema/okulumuz_hakkinda.php,2026-10-01T18:55:09.793756+00:00,,Öğrenci : 27
Kastamonu,İnebolu,İbn-i Sina Mesleki ve Teknik Anadolu Lisesi,962796,Mesleki ve Teknik Anadolu Lisesi,https://inebolusml.meb.k12.tr,,,https://inebolusml.meb.k12.tr/tema/harita.php,2026-08-31,180,180,bulundu,https://inebolusml.meb.k12.tr/,2026-10-01T18:55:09.808608+00:00,,Öğrenci Sayısı 180
Kastamonu,İnebolu,İnebolu Anadolu Lisesi,964144,Anadolu Lisesi,https://ineboluanadolu.meb.k12.tr,,,https://ineboluanadolu.meb.k12.tr/tema/harita.php,2026-08-31,158,158,bulundu,https://ineboluanadolu.meb.k12.tr/,2026-10-01T18:55:09.877972+00:00,,Öğrenci Sayısı 158
Kastamonu,İnebolu,İnebolu Azize Ana Ortaokulu,747583,Ortaokul,https://azizeanaortaokulu.meb.k12.tr,,,https://azizeanaortaokulu.meb.k12.tr/tema/harita.php,2026-08-31,137,137,bulundu,https://azizeanaortaokulu.meb.k12.tr/,2026-10-01T18:55:09.889797+00:00,,Öğrenci Sayısı 137
Kastamonu,İnebolu,İnebolu Bilim ve Sanat Merkezi,769145,Bilim ve Sanat Merkezi,https://inebolubilsem.meb.k12.tr,,,https://inebolubilsem.meb.k12.tr/tema/harita.php,2026-08-31,12,12,bulundu,https://inebolubilsem.meb.k12.tr/,2026-10-01T18:55:10.258187+00:00,,Öğrenci Sayısı: 12
Kastamonu,İnebolu,İnebolu Binnur Çetinkaya Mesleki Eğitim Merkezi,338978,Mesleki Eğitim Merkezi,https://inebolumesem.meb.k12.tr,,,https://inebolumesem.meb.k12.tr/tema/harita.php,2026-08-31,118,118,bulundu,https://inebolumesem.meb.k12.tr/,2026-10-01T18:55:10.316166+00:00,,Öğrenci Sayısı 118
Kastamonu,İnebolu,İnebolu Halk Eğitimi Merkezi,168854,Halk Eğitimi Merkezi,https://ineboluhem.meb.k12.tr,,,https://ineboluhem.meb.k12.tr/tema/harita.php,2026-08-31,,,bulunamadi,,2026-10-01T18:55:10.702161+00:00,,
Kastamonu,İnebolu,İnebolu Vali Enis Yeter Rehberlik ve Araştırma Merkezi,775729,Rehberlik ve Araştırma Merkezi,https://ineboluram.meb.k12.tr,,,https://ineboluram.meb.k12.tr/tema/harita.php,2026-08-31,,,bulunamadi,,2026-10-01T18:55:10.712791+00:00,,
Kastamonu,İnebolu,İnebolu Öğretmenevi ve Akşam Sanat Okulu,971251,Öğretmenevi,https://ineboluogretmenevi.meb.k12.tr,,,https://ineboluogretmenevi.meb.k12.tr/tema/harita.php,2026-08-31,,,bulunamadi,,2026-10-01T18:55:10.760810+00:00,,
Kastamonu,İnebolu,İstiklal Yolu Kız Mesleki ve Teknik Anadolu Lisesi,168830,Mesleki ve Teknik Anadolu Lisesi,https://ineboluktml.meb.k12.tr,,,https://ineboluktml.meb.k12.tr/tema/harita.php,2026-08-31,38,38,bulundu,https://ineboluktml.meb.k12.tr/,2026-10-01T18:55:10.904122+00:00,,Öğrenci Sayısı 38
Kastamonu,İnebolu,Şehit Arif Demirel Anadolu İmam Hatip Lisesi,168842,Anadolu İmam Hatip Lisesi,https://sehitadaihl.meb.k12.tr,,,https://sehitadaihl.meb.k12.tr/tema/harita.php,2026-08-31,112,112,bulundu,https://sehitadaihl.meb.k12.tr/,2026-10-01T18:55:10.983209+00:00,,Öğrenci Sayısı : 112
Kastamonu,Şenpazar,Edeler İlkokulu,726619,İlkokul,https://edelerilkokulu.meb.k12.tr,,,https://edelerilkokulu.meb.k12.tr/tema/harita.php,2026-08-31,6,6,bulundu,https://edelerilkokulu.meb.k12.tr/,2026-10-01T18:55:11.034791+00:00,,Öğrenci Sayısı: 6
Kastamonu,Şenpazar,Şenpazar Borsa İstanbul Ortaokulu,745500,Ortaokul,https://senpazarborsaistanbulortaokulu.meb.k12.tr,,,https://senpazarborsaistanbulortaokulu.meb.k12.tr/tema/harita.php,2026-08-31,84,84,bulundu,https://senpazarborsaistanbulortaokulu.meb.k12.tr/,2026-10-01T18:55:11.084803+00:00,,Öğrenci Sayısı : 84
Kastamonu,Şenpazar,Şenpazar Borsa İstanbul İlkokulu,733387,İlkokul,https://senpazarborsaistanbulilkokulu.meb.k12.tr,,,https://senpazarborsaistanbulilkokulu.meb.k12.tr/tema/harita.php,2026-08-31,104,104,bulundu,https://senpazarborsaistanbulilkokulu.meb.k12.tr/tema/okulumuz_hakkinda.php,2026-10-01T18:55:11.093101+00:00,,Öğrenci : 104
Kastamonu,Şenpazar,Şenpazar Halk Eğitimi Merkezi,215224,Halk Eğitimi Merkezi,https://senpazarhem.meb.k12.tr,,,https://senpazarhem.meb.k12.tr/tema/harita.php,2026-08-31,,,bulunamadi,,2026-10-01T18:55:11.097134+00:00,,
Kastamonu,Şenpazar,Şenpazar Çok Programlı Anadolu Lisesi,746218,Çok Programlı Anadolu Lisesi,https://senpazarcpal.meb.k12.tr,,,https://senpazarcpal.meb.k12.tr/tema/harita.php,2026-08-31,116,116,bulundu,https://senpazarcpal.meb.k12.tr/,2026-10-01T18:55:11.147146+00:00,,Öğrenci Sayısı 116
Kastamonu,Şenpazar,Şenpazar Öğretmenevi ve Akşam Sanat Okulu,971256,Öğretmenevi,https://senpazarogretmeneviaso.meb.k12.tr,,,https://senpazarogretmeneviaso.meb.k12.tr/tema/harita.php,2026-08-31,,,bulunamadi,,2026-10-01T18:55:11.168342+00:00,,
Kastamonu,Şenpazar,Şenpazar İmam Hatip Ortaokulu,762688,İmam Hatip Ortaokulu,https://senpazarimamhatiportaokulu.meb.k12.tr,,,https://senpazarimamhatiportaokulu.meb.k12.tr/tema/harita.php,2026-08-31,24,24,bulundu,https://senpazarimamhatiportaokulu.meb.k12.tr/tema/okulumuz_hakkinda.php,2026-10-01T18:55:11.758067+00:00,,Öğrenci : 24
Kayseri,Akkışla,Akkışla Şehit Nevzat Akyol Halk Eğitimi Merkezi,215356,Halk Eğitimi Merkezi,https://akkislahalkegitim.meb.k12.tr,,,https://akkislahalkegitim.meb.k12.tr/tema/harita.php,2026-08-31,,,bulunamadi,,2026-10-01T18:55:11.891855+00:00,,
Kayseri,Akkışla,Atatürk Ortaokulu,715468,Ortaokul,https://akkislaataturkortaokulu.meb.k12.tr,,,https://akkislaataturkortaokulu.meb.k12.tr/tema/harita.php,2026-08-31,59,59,bulundu,https://akkislaataturkortaokulu.meb.k12.tr/,2026-10-01T18:55:11.912092+00:00,,Öğrenci Sayısı 59
Kayseri,Akkışla,Atatürk İlkokulu,715512,İlkokul,https://akkislaataturkilkokulu.meb.k12.tr,,,https://akkislaataturkilkokulu.meb.k12.tr/tema/harita.php,2026-08-31,67,67,bulundu,https://akkislaataturkilkokulu.meb.k12.tr/,2026-10-01T18:55:11.987767+00:00,,Öğrenci Sayısı: 67
Kayseri,Akkışla,Derviş Çakırtekin Ortaokulu,715674,Ortaokul,https://derviscakirtekinoo.meb.k12.tr,,,https://derviscakirtekinoo.meb.k12.tr/tema/harita.php,2026-08-31,44,44,bulundu,https://derviscakirtekinoo.meb.k12.tr/,2026-10-01T18:55:12.035100+00:00,,Öğrenci Sayısı : 44
Kayseri,Akkışla,Derviş Çakırtekin İlkokulu,715597,İlkokul,https://derviscakirtekinio.meb.k12.tr,,,https://derviscakirtekinio.meb.k12.tr/tema/harita.php,2026-08-31,38,38,bulundu,https://derviscakirtekinio.meb.k12.tr/,2026-10-01T18:55:12.330732+00:00,,Öğrenci Sayısı: 38
Kayseri,Akkışla,Kululu Ortaokulu,715995,Ortaokul,https://kululuoo.meb.k12.tr,,,https://kululuoo.meb.k12.tr/tema/harita.php,2026-08-31,15,15,bulundu,https://kululuoo.meb.k12.tr/tema/okulumuz_hakkinda.php,2026-10-01T18:55:12.441828+00:00,,Öğrenci : 15
Kayseri,Akkışla,Kululu İlkokulu,318541,İlkokul,https://kululuio.meb.k12.tr,,,https://kululuio.meb.k12.tr/tema/harita.php,2026-08-31,26,26,bulundu,https://kululuio.meb.k12.tr/,2026-10-01T18:55:12.456312+00:00,,Öğrenci Sayısı: 26
Kayseri,Akkışla,Ortaköy Ortaokulu,716155,Ortaokul,https://akkislaortakoyortaokulu.meb.k12.tr,,,https://akkislaortakoyortaokulu.meb.k12.tr/tema/harita.php,2026-08-31,19,19,bulundu,https://akkislaortakoyortaokulu.meb.k12.tr/,2026-10-01T18:55:12.508074+00:00,,Öğrenci Sayısı 19
Kayseri,Akkışla,Ortaköy İlkokulu,716097,İlkokul,https://akkislaortakoyio.meb.k12.tr,,,https://akkislaortakoyio.meb.k12.tr/tema/harita.php,2026-08-31,22,22,bulundu,https://akkislaortakoyio.meb.k12.tr/,2026-10-01T18:55:12.514551+00:00,,Öğrenci Sayısı 22
Kayseri,Akkışla,Şehit Ahmet Sungur İmam Hatip Ortaokulu,752374,İmam Hatip Ortaokulu,https://sehitahmetsunguriho.meb.k12.tr,,,https://sehitahmetsunguriho.meb.k12.tr/tema/harita.php,2026-08-31,20,20,bulundu,https://sehitahmetsunguriho.meb.k12.tr/,2026-10-01T18:55:12.565665+00:00,,Öğrenci Sayısı 20
Kayseri,Akkışla,Şehit Fikret Tunç Çok Programlı Anadolu Lisesi,170061,Çok Programlı Anadolu Lisesi,https://sehitfikrettunccpal.meb.k12.tr,,,https://sehitfikrettunccpal.meb.k12.tr/tema/harita.php,2026-08-31,102,102,bulundu,https://sehitfikrettunccpal.meb.k12.tr/,2026-10-01T18:55:12.640866+00:00,,Öğrenci Sayısı 102
Kayseri,Bünyan,Adalet Anaokulu,766068,Anaokulu,https://bunyanadaletanaokulu.meb.k12.tr,,,https://bunyanadaletanaokulu.meb.k12.tr/tema/harita.php,2026-08-31,74,74,bulundu,https://bunyanadaletanaokulu.meb.k12.tr/,2026-10-01T18:55:12.925761+00:00,,Öğrenci Sayısı : 74
Kayseri,Bünyan,Akmescit Garip Altemel Ortaokulu,716388,Ortaokul,https://akmescitortaokulu.meb.k12.tr,,,https://akmescitortaokulu.meb.k12.tr/tema/harita.php,2026-08-31,75,75,bulundu,https://akmescitortaokulu.meb.k12.tr/,2026-10-01T18:55:13.123624+00:00,,Öğrenci Sayısı 75
Kayseri,Bünyan,Akmescit Garip Altemel İlkokulu,716311,İlkokul,https://akmescitilkokulu.meb.k12.tr,,,https://akmescitilkokulu.meb.k12.tr/tema/harita.php,2026-08-31,78,78,bulundu,https://akmescitilkokulu.meb.k12.tr/,2026-10-01T18:55:13.132528+00:00,,Öğrenci Sayısı: 78
Kayseri,Bünyan,Atatürk İlkokulu,700843,İlkokul,https://bunyanataturkilkokulu.meb.k12.tr,,,https://bunyanataturkilkokulu.meb.k12.tr/tema/harita.php,2026-08-31,298,298,bulundu,https://bunyanataturkilkokulu.meb.k12.tr/,2026-10-01T18:55:13.250166+00:00,,Öğrenci Sayısı : 298
Kayseri,Bünyan,Bünyan Adalet Çok Programlı Anadolu Lisesi,774108,Çok Programlı Anadolu Lisesi,https://774108.meb.k12.tr,,,https://774108.meb.k12.tr/tema/harita.php,2026-08-31,21,21,bulundu,https://774108.meb.k12.tr/,2026-10-01T18:55:13.291668+00:00,,Öğrenci Sayısı : 21
Kayseri,Bünyan,Bünyan Anadolu Lisesi,323852,Anadolu Lisesi,https://bunyananadolu.meb.k12.tr,,,https://bunyananadolu.meb.k12.tr/tema/harita.php,2026-08-31,284,284,bulundu,https://bunyananadolu.meb.k12.tr/,2026-10-01T18:55:13.326771+00:00,,Öğrenci Sayısı 284
Kayseri,Bünyan,Bünyan Fen Lisesi,972518,Fen Lisesi,https://bunyanfl.meb.k12.tr,,,https://bunyanfl.meb.k12.tr/tema/harita.php,2026-08-31,331,331,bulundu,https://bunyanfl.meb.k12.tr/,2026-10-01T18:55:13.425816+00:00,,Öğrenci Sayısı 331
Kayseri,Bünyan,Bünyan Mesleki ve Teknik Anadolu Lisesi,308309,Mesleki ve Teknik Anadolu Lisesi,https://bunyaneml.meb.k12.tr,,,https://bunyaneml.meb.k12.tr/tema/harita.php,2026-08-31,148,148,bulundu,https://bunyaneml.meb.k12.tr/,2026-10-01T18:55:13.474728+00:00,,Öğrenci Sayısı : 148
Kayseri,Bünyan,Bünyan Sabancı Öğretmenevi ve Akşam Sanat okulu Müdürlüğü,764076,Öğretmenevi,https://bunyansabanciogretmenevi.meb.k12.tr,,,https://bunyansabanciogretmenevi.meb.k12.tr/tema/harita.php,2026-08-31,,,bulunamadi,,2026-10-01T18:55:14.034194+00:00,,
Kayseri,Bünyan,Bünyan Şehit Onur Karasungur Halk Eğitimi Merkezi,170107,Halk Eğitimi Merkezi,https://bunyanhem.meb.k12.tr,,,https://bunyanhem.meb.k12.tr/tema/harita.php,2026-08-31,,,bulunamadi,,2026-10-01T18:55:14.062867+00:00,,
Kayseri,Bünyan,Ekinciler Ortaokulu,717097,Ortaokul,https://ekinciler38.meb.k12.tr,,,https://ekinciler38.meb.k12.tr/tema/harita.php,2026-08-31,13,13,bulundu,https://ekinciler38.meb.k12.tr/,2026-10-01T18:55:14.384317+00:00,,Öğrenci Sayısı 13
Kayseri,Bünyan,Ekinciler İlkokulu,717066,İlkokul,https://ekincilerio.meb.k12.tr,,,https://ekincilerio.meb.k12.tr/tema/harita.php,2026-08-31,22,22,bulundu,https://ekincilerio.meb.k12.tr/,2026-10-01T18:55:14.402813+00:00,,Öğrenci Sayısı : 22
Kayseri,Bünyan,Fatih İlkokulu,700863,İlkokul,https://bunyanfatih.meb.k12.tr,,,https://bunyanfatih.meb.k12.tr/tema/harita.php,2026-08-31,302,302,bulundu,https://bunyanfatih.meb.k12.tr/,2026-10-01T18:55:14.491350+00:00,,Öğrenci Sayısı : 302
Kayseri,Bünyan,Güllüce İlkokulu,718084,İlkokul,https://gulluceilkokul.meb.k12.tr,,,https://gulluceilkokul.meb.k12.tr/tema/harita.php,2026-08-31,47,47,bulundu,https://gulluceilkokul.meb.k12.tr/,2026-10-01T18:55:14.550155+00:00,,Öğrenci Sayısı: 47
Kayseri,Bünyan,Hamidiye Mesleki ve Teknik Anadolu Lisesi,963201,Mesleki ve Teknik Anadolu Lisesi,https://hamidiyemtkal.meb.k12.tr,,,https://hamidiyemtkal.meb.k12.tr/tema/harita.php,2026-08-31,212,212,bulundu,https://hamidiyemtkal.meb.k12.tr/,2026-10-01T18:55:14.562500+00:00,,Öğrenci Sayısı : 212
Kayseri,Bünyan,Karadayı Muzaffer Oflaz Ortaokulu,717790,Ortaokul,https://muzafferoflazortaokulu.meb.k12.tr,,,https://muzafferoflazortaokulu.meb.k12.tr/tema/harita.php,2026-08-31,36,36,bulundu,https://muzafferoflazortaokulu.meb.k12.tr/,2026-10-01T18:55:14.566642+00:00,,Öğrenci Sayısı : 36
Kayseri,Bünyan,Karadayı Muzaffer Oflaz İlkokulu,717651,İlkokul,https://muzafferoflazilkokulu.meb.k12.tr,,,https://muzafferoflazilkokulu.meb.k12.tr/tema/harita.php,2026-08-31,46,46,bulundu,https://muzafferoflazilkokulu.meb.k12.tr/,2026-10-01T18:55:14.597336+00:00,,Öğrenci Sayısı : 46
Kayseri,Bünyan,Karakaya Ortaokulu,717246,Ortaokul,https://bunyankarakayaortaokulu.meb.k12.tr,,,https://bunyankarakayaortaokulu.meb.k12.tr/tema/harita.php,2026-08-31,51,51,bulundu,https://bunyankarakayaortaokulu.meb.k12.tr/,2026-10-01T18:55:14.662205+00:00,,Öğrenci Sayısı 51
Kayseri,Bünyan,Karakaya İlkokulu,717152,İlkokul,https://bunyankarakayailkokulu.meb.k12.tr,,,https://bunyankarakayailkokulu.meb.k12.tr/tema/harita.php,2026-08-31,58,58,bulundu,https://bunyankarakayailkokulu.meb.k12.tr/,2026-10-01T18:55:14.718504+00:00,,Öğrenci Sayısı : 58
Kayseri,Bünyan,Koyunabdal Orhan Kaplan Ortaokulu,717356,Ortaokul,https://orhankaplanortaokulu.meb.k12.tr,,,https://orhankaplanortaokulu.meb.k12.tr/tema/harita.php,2026-08-31,34,34,bulundu,https://orhankaplanortaokulu.meb.k12.tr/,2026-10-01T18:55:14.863576+00:00,,Öğrenci Sayısı : 34
Kayseri,Bünyan,Koyunabdal Orhan Kaplan İlkokulu,717305,İlkokul,https://orhankaplanilkokulu.meb.k12.tr,,,https://orhankaplanilkokulu.meb.k12.tr/tema/harita.php,2026-08-31,21,21,bulundu,https://orhankaplanilkokulu.meb.k12.tr/,2026-10-01T18:55:14.892606+00:00,,Öğrenci Sayısı: 21
Kayseri,Bünyan,Köprübaşı Yakup Atila Ortaokulu,717589,Ortaokul,https://yakupatilaortaokulu.meb.k12.tr,,,https://yakupatilaortaokulu.meb.k12.tr/tema/harita.php,2026-08-31,35,35,bulundu,https://yakupatilaortaokulu.meb.k12.tr/,2026-10-01T18:55:14.922824+00:00,,Öğrenci Sayısı : 35
Kayseri,Bünyan,Köprübaşı Yakup Atila İlkokulu,717529,İlkokul,https://yakupatilailkokulu.meb.k12.tr,,,https://yakupatilailkokulu.meb.k12.tr/tema/harita.php,2026-08-31,25,25,bulundu,https://yakupatilailkokulu.meb.k12.tr/,2026-10-01T18:55:15.256536+00:00,,Öğrenci Sayısı : 25
Kayseri,Bünyan,Mehmet Alim Çınar Anaokulu,974311,Anaokulu,https://maanaokulu.meb.k12.tr,,,https://maanaokulu.meb.k12.tr/tema/harita.php,2026-08-31,66,66,bulundu,https://maanaokulu.meb.k12.tr/,2026-10-01T18:55:15.278775+00:00,,Öğrenci Sayısı 66
Kayseri,Bünyan,Naci Baydemir Anadolu İmam Hatip Lisesi,170097,Anadolu İmam Hatip Lisesi,https://nacibaydemiraihl.meb.k12.tr,,,https://nacibaydemiraihl.meb.k12.tr/tema/harita.php,2026-08-31,162,162,bulundu,https://nacibaydemiraihl.meb.k12.tr/,2026-10-01T18:55:15.363525+00:00,,Öğrenci Sayısı 162
Kayseri,Bünyan,Namık Kemal Ortaokulu,736475,Ortaokul,https://namikkemal38.meb.k12.tr,,,https://namikkemal38.meb.k12.tr/tema/harita.php,2026-08-31,150,150,bulundu,https://namikkemal38.meb.k12.tr/,2026-10-01T18:55:15.381405+00:00,,Öğrenci Sayısı 150
Kayseri,Bünyan,PIRAHMET İLKOKULU,701023,İlkokul,https://pirahmetilkokulu.meb.k12.tr,,,https://pirahmetilkokulu.meb.k12.tr/tema/harita.php,2026-08-31,18,18,bulundu,https://pirahmetilkokulu.meb.k12.tr/,2026-10-01T18:55:15.514751+00:00,,Öğrenci Sayısı: 18
Kayseri,Bünyan,Sultanhanı İlkokulu,701083,İlkokul,https://sultanhani.meb.k12.tr,,,https://sultanhani.meb.k12.tr/tema/harita.php,2026-08-31,7,7,bulundu,https://sultanhani.meb.k12.tr/tema/okulumuz_hakkinda.php,2026-10-01T18:55:15.531015+00:00,,Öğrenci : 7
Kayseri,Bünyan,Sümer Anaokulu,752858,Anaokulu,https://sumeranaokulubunyan.meb.k12.tr,,,https://sumeranaokulubunyan.meb.k12.tr/tema/harita.php,2026-08-31,68,68,bulundu,https://sumeranaokulubunyan.meb.k12.tr/,2026-10-01T18:55:15.584034+00:00,,Öğrenci Sayısı 68
Kayseri,Bünyan,Sümer İlkokulu,701065,İlkokul,https://bunyansumerilkokulu.meb.k12.tr,,,https://bunyansumerilkokulu.meb.k12.tr/tema/harita.php,2026-08-31,66,66,bulundu,https://bunyansumerilkokulu.meb.k12.tr/,2026-10-01T18:55:15.619792+00:00,,Öğrenci Sayısı : 66
Kayseri,Bünyan,Sıvgın İlkokulu,701056,İlkokul,https://sivginio38.meb.k12.tr,,,https://sivginio38.meb.k12.tr/tema/harita.php,2026-08-31,19,19,bulundu,https://sivginio38.meb.k12.tr/,2026-10-01T18:55:15.775201+00:00,,Öğrenci Sayısı: 19
Kayseri,Bünyan,Topsöğüt Ortaokulu,701124,Ortaokul,https://bunyantopsogut.meb.k12.tr,,,https://bunyantopsogut.meb.k12.tr/tema/harita.php,2026-08-31,25,25,bulundu,https://bunyantopsogut.meb.k12.tr/,2026-10-01T18:55:16.371618+00:00,,Öğrenci Sayısı : 25
Kayseri,Bünyan,Topsöğüt İlkokulu,701100,İlkokul,https://topsogut.meb.k12.tr,,,https://topsogut.meb.k12.tr/tema/harita.php,2026-08-31,11,11,bulundu,https://topsogut.meb.k12.tr/,2026-10-01T18:55:16.394349+00:00,,Öğrenci Sayısı 11
Kayseri,Bünyan,Velioğlu Ortaokulu,718148,Ortaokul,https://gulluceveliogluortaokulu.meb.k12.tr,,,https://gulluceveliogluortaokulu.meb.k12.tr/tema/harita.php,2026-08-31,89,89,bulundu,https://gulluceveliogluortaokulu.meb.k12.tr/tema/okulumuz_hakkinda.php,2026-10-01T18:55:16.424087+00:00,,Öğrenci : 89
Kayseri,Bünyan,Yeni Süksün Ortaokulu,701174,Ortaokul,https://yenisuksunoo.meb.k12.tr,,,https://yenisuksunoo.meb.k12.tr/tema/harita.php,2026-08-31,41,41,bulundu,https://yenisuksunoo.meb.k12.tr/,2026-10-01T18:55:16.426280+00:00,,Öğrenci Sayısı : 41
Kayseri,Bünyan,Yeni Süksün İlkokulu,701143,İlkokul,https://yenisuksunio.meb.k12.tr,,,https://yenisuksunio.meb.k12.tr/tema/harita.php,2026-08-31,53,53,bulundu,https://yenisuksunio.meb.k12.tr/,2026-10-01T18:55:16.794453+00:00,,Öğrenci Sayısı 53
Kayseri,Bünyan,Yünören Şehit Jandarma Onbaşı Ramazan Koca Ortaokulu,718326,Ortaokul,https://yunorenortaokulu.meb.k12.tr,,,https://yunorenortaokulu.meb.k12.tr/tema/harita.php,2026-08-31,25,25,bulundu,https://yunorenortaokulu.meb.k12.tr/,2026-10-01T18:55:16.806092+00:00,,Öğrenci Sayısı : 25
Kayseri,Bünyan,Yünören Şehit Jandarma Onbaşı Ramazan Koca İlkokulu,718224,İlkokul,https://yunorenilkokulu.meb.k12.tr,,,https://yunorenilkokulu.meb.k12.tr/tema/harita.php,2026-08-31,43,43,bulundu,https://yunorenilkokulu.meb.k12.tr/,2026-10-01T18:55:16.915796+00:00,,Öğrenci Sayısı : 43
Kayseri,Bünyan,Şehit Bekir Öztürk Mesleki Eğitim Merkezi,777205,Mesleki Eğitim Merkezi,https://bunyanmesem.meb.k12.tr,,,https://bunyanmesem.meb.k12.tr/tema/harita.php,2026-08-31,165,165,bulundu,https://bunyanmesem.meb.k12.tr/,2026-10-01T18:55:16.936700+00:00,,Öğrenci Sayısı 165
Kayseri,Bünyan,Şehit Cengiz Sabuncu Tarım Mesleki ve Teknik Anadolu Lisesi,365482,Mesleki ve Teknik Anadolu Lisesi,https://tuzhisarmtal.meb.k12.tr,,,https://tuzhisarmtal.meb.k12.tr/tema/harita.php,2026-08-31,61,61,bulundu,https://tuzhisarmtal.meb.k12.tr/,2026-10-01T18:55:16.961577+00:00,,Öğrenci Sayısı : 61
Kayseri,Bünyan,Şehit Cennet Yiğit Ortaokulu,701188,Ortaokul,https://sehitcennetyigitortaokulu.meb.k12.tr,,,https://sehitcennetyigitortaokulu.meb.k12.tr/tema/harita.php,2026-08-31,238,238,bulundu,https://sehitcennetyigitortaokulu.meb.k12.tr/,2026-10-01T18:55:16.976563+00:00,,Öğrenci Sayısı 238
Kayseri,Bünyan,Şehit Jan. Onb. Abdi Altemel Çok Programlı Anadolu Lisesi,955711,Çok Programlı Anadolu Lisesi,https://akmescitcpl.meb.k12.tr,,,https://akmescitcpl.meb.k12.tr/tema/harita.php,2026-08-31,75,75,bulundu,https://akmescitcpl.meb.k12.tr/,2026-10-01T18:55:16.983037+00:00,,Öğrenci Sayısı 75
Kayseri,Bünyan,Şehit Jandarma Er Zafer Akkaş Ortaokulu,717998,Ortaokul,https://zaferakkasortaokulu.meb.k12.tr,,,https://zaferakkasortaokulu.meb.k12.tr/tema/harita.php,2026-08-31,35,35,bulundu,https://zaferakkasortaokulu.meb.k12.tr/,2026-10-01T18:55:16.999814+00:00,,Öğrenci Sayısı : 35
Kayseri,Bünyan,Şehit Jandarma Er Zafer Akkaş İlkokulu,717930,İlkokul,https://zaferakkasilkokulu.meb.k12.tr,,,https://zaferakkasilkokulu.meb.k12.tr/tema/harita.php,2026-08-31,33,33,bulundu,https://zaferakkasilkokulu.meb.k12.tr/,2026-10-01T18:55:17.008366+00:00,,Öğrenci Sayısı : 33
Kayseri,Bünyan,Şehit Menduh Karaman İlkokulu,700918,İlkokul,https://kahveciilkokulu.meb.k12.tr,,,https://kahveciilkokulu.meb.k12.tr/tema/harita.php,2026-08-31,12,12,bulundu,https://kahveciilkokulu.meb.k12.tr/,2026-10-01T18:55:17.020011+00:00,,Öğrenci Sayısı 12
Kayseri,Bünyan,Şehit Musa Yüce Ortaokulu,716494,Ortaokul,https://sehitmusayuceortaokulu.meb.k12.tr,,,https://sehitmusayuceortaokulu.meb.k12.tr/tema/harita.php,2026-08-31,55,55,bulundu,https://sehitmusayuceortaokulu.meb.k12.tr/,2026-10-01T18:55:17.247495+00:00,,Öğrenci Sayısı 55
Kayseri,Bünyan,Şehit Musa Yüce İlkokulu,716454,İlkokul,https://sehitmusayuceilkokulu.meb.k12.tr,,,https://sehitmusayuceilkokulu.meb.k12.tr/tema/harita.php,2026-08-31,70,70,bulundu,https://sehitmusayuceilkokulu.meb.k12.tr/,2026-10-01T18:55:17.285828+00:00,,Öğrenci Sayısı 70
Kayseri,Bünyan,Şehit Muzaffer Can Ersoy Kız Anadolu İmam Hatip Lisesi,761071,Anadolu İmam Hatip Lisesi,https://semucanaihl.meb.k12.tr,,,https://semucanaihl.meb.k12.tr/tema/harita.php,2026-08-31,189,189,bulundu,https://semucanaihl.meb.k12.tr/,2026-10-01T18:55:17.394123+00:00,,Öğrenci Sayısı : 189
Kayseri,Bünyan,Şehit Piyade Teğmen Bekir Öztürk Çok Programlı Anadolu Lisesi,868862,Çok Programlı Anadolu Lisesi,https://bunyancpl.meb.k12.tr,,,https://bunyancpl.meb.k12.tr/tema/harita.php,2026-08-31,103,103,bulundu,https://bunyancpl.meb.k12.tr/,2026-10-01T18:55:17.445268+00:00,,Öğrenci Sayısı 103
Kayseri,Develi,75.Yıl Saray Halı İlkokulu,701183,İlkokul,https://75saray.meb.k12.tr,,,https://75saray.meb.k12.tr/tema/harita.php,2026-08-31,201,201,bulundu,https://75saray.meb.k12.tr/,2026-10-01T18:55:17.568088+00:00,,Öğrenci Sayısı : 201
Kayseri,Develi,90.Yıl Cumhuriyet İlkokulu,722534,İlkokul,https://90yilcumhuriyetio.meb.k12.tr,,,https://90yilcumhuriyetio.meb.k12.tr/tema/harita.php,2026-08-31,261,261,bulundu,https://90yilcumhuriyetio.meb.k12.tr/,2026-10-01T18:55:17.632375+00:00,,Öğrenci Sayısı 261
Kayseri,Develi,Ahmed İslamoğlu Anadolu İmam Hatip Lisesi,170252,Anadolu İmam Hatip Lisesi,https://develiihl.meb.k12.tr,,,https://develiihl.meb.k12.tr/tema/harita.php,2026-08-31,523,523,bulundu,https://develiihl.meb.k12.tr/,2026-10-01T18:55:17.634833+00:00,,Öğrenci Sayısı : 523
Kayseri,Develi,Atatürk İlkokulu,700633,İlkokul,https://develiataturkilkokulu.meb.k12.tr,,,https://develiataturkilkokulu.meb.k12.tr/tema/harita.php,2026-08-31,255,255,bulundu,https://develiataturkilkokulu.meb.k12.tr/,2026-10-01T18:55:18.374747+00:00,,Öğrenci Sayısı: 255
Kayseri,Develi,Ayhan Yıldırım Anadolu Lisesi,972907,Anadolu Lisesi,https://ayal.meb.k12.tr,,,https://ayal.meb.k12.tr/tema/harita.php,2026-08-31,369,369,bulundu,https://ayal.meb.k12.tr/,2026-10-01T18:55:18.404887+00:00,,Öğrenci Sayısı 369
Kayseri,Develi,Ayvazhacı Ortaokulu,717580,Ortaokul,https://ayvazhacio.meb.k12.tr,,,https://ayvazhacio.meb.k12.tr/tema/harita.php,2026-08-31,10,10,bulundu,https://ayvazhacio.meb.k12.tr/,2026-10-01T18:55:18.424887+00:00,,Öğrenci Sayısı : 10
Kayseri,Develi,Ayvazhacı İlkokulu,717477,İlkokul,https://ayvazhaci.meb.k12.tr,,,https://ayvazhaci.meb.k12.tr/tema/harita.php,2026-08-31,27,27,bulundu,https://ayvazhaci.meb.k12.tr/,2026-10-01T18:55:18.439120+00:00,,Öğrenci Sayısı: 27
Kayseri,Develi,Ayşe Yahya Fatma Kocatürk Kız Mesleki ve Teknik Anadolu Lisesi,170239,Mesleki ve Teknik Anadolu Lisesi,https://ayfkocaturkkml.meb.k12.tr,,,https://ayfkocaturkkml.meb.k12.tr/tema/harita.php,2026-08-31,215,215,bulundu,https://ayfkocaturkkml.meb.k12.tr/,2026-10-01T18:55:18.454297+00:00,,Öğrenci Sayısı 215
Kayseri,Develi,Ayşepınar Ortaokulu,717319,Ortaokul,https://717319.meb.k12.tr,,,https://717319.meb.k12.tr/tema/harita.php,2026-08-31,15,15,bulundu,https://717319.meb.k12.tr/,2026-10-01T18:55:18.554891+00:00,,Öğrenci Sayısı : 15
Kayseri,Develi,Ayşepınar İlkokulu,717236,İlkokul,https://aysepinarilkokulu.meb.k12.tr,,,https://aysepinarilkokulu.meb.k12.tr/tema/harita.php,2026-08-31,21,21,bulundu,https://aysepinarilkokulu.meb.k12.tr/,2026-10-01T18:55:18.840052+00:00,,Öğrenci Sayısı : 21
Kayseri,Develi,Bakırdağı Süleyman İlhan İlkokulu,763066,İlkokul,https://bakirdagio.meb.k12.tr,,,https://bakirdagio.meb.k12.tr/tema/harita.php,2026-08-31,48,48,bulundu,https://bakirdagio.meb.k12.tr/,2026-10-01T18:55:18.845639+00:00,,Öğrenci Sayısı 48
Kayseri,Develi,Bakırdağı Süleyman İlhan İmam Hatip Ortaokulu,722422,İmam Hatip Ortaokulu,https://bakirdag.meb.k12.tr,,,https://bakirdag.meb.k12.tr/tema/harita.php,2026-08-31,50,50,bulundu,https://bakirdag.meb.k12.tr/,2026-10-01T18:55:19.028308+00:00,,Öğrenci Sayısı 50
Kayseri,Develi,Büyük Künye İlkokulu,700565,İlkokul,https://buyukkunye.meb.k12.tr,,,https://buyukkunye.meb.k12.tr/tema/harita.php,2026-08-31,21,21,bulundu,https://buyukkunye.meb.k12.tr/,2026-10-01T18:55:19.082648+00:00,,Öğrenci Sayısı 21
Kayseri,Develi,Cemal Nevzer Ercis İşitme Engelliler Ortaokulu,746983,Ortaokul,https://746983.meb.k12.tr,,,https://746983.meb.k12.tr/tema/harita.php,2026-08-31,7,7,bulundu,https://746983.meb.k12.tr/,2026-10-01T18:55:19.096700+00:00,,Öğrenci Sayısı : 7
Kayseri,Develi,Cemal Nevzer Ercis İşitme Engelliler İlkokulu,746802,İlkokul,https://746802.meb.k12.tr,,,https://746802.meb.k12.tr/tema/harita.php,2026-08-31,13,13,bulundu,https://746802.meb.k12.tr/,2026-10-01T18:55:19.144807+00:00,,Öğrenci Sayısı : 13
Kayseri,Develi,Cesarettin Kocatürk İlkokulu,700570,İlkokul,https://cesarettinkocaturkio.meb.k12.tr,,,https://cesarettinkocaturkio.meb.k12.tr/tema/harita.php,2026-08-31,422,422,bulundu,https://cesarettinkocaturkio.meb.k12.tr/,2026-10-01T18:55:19.234818+00:00,,Öğrenci Sayısı 422
Kayseri,Develi,Develi Borsa İstanbul Fen Lisesi,950648,Fen Lisesi,https://develifen.meb.k12.tr,,,https://develifen.meb.k12.tr/tema/harita.php,2026-08-31,,,bulunamadi,,2026-10-01T18:55:19.250906+00:00,,
Kayseri,Develi,Develi Borsa İstanbul Yatılı Bölge Ortaokulu,965761,Ortaokul,https://develibistybo.meb.k12.tr,,,https://develibistybo.meb.k12.tr/tema/harita.php,2026-08-31,175,175,bulundu,https://develibistybo.meb.k12.tr/,2026-10-01T18:55:19.287486+00:00,,Öğrenci Sayısı 175
Kayseri,Develi,Develi Borsa İstanbul İmam Hatip Ortaokulu,767551,İmam Hatip Ortaokulu,https://develibistiho.meb.k12.tr,,,https://develibistiho.meb.k12.tr/tema/harita.php,2026-08-31,70,70,bulundu,https://develibistiho.meb.k12.tr/,2026-10-01T18:55:19.306795+00:00,,Öğrenci Sayısı 70
Kayseri,Develi,Develi Halk Eğitimi Merkezi,170264,Halk Eğitimi Merkezi,https://develihem.meb.k12.tr,,,https://develihem.meb.k12.tr/tema/harita.php,2026-08-31,,,bulunamadi,,2026-10-01T18:55:19.623490+00:00,,
Kayseri,Develi,Develi Lisesi,750948,Lise,https://develilisesi.meb.k12.tr,,,https://develilisesi.meb.k12.tr/tema/harita.php,2026-08-31,260,260,bulundu,https://develilisesi.meb.k12.tr/,2026-10-01T18:55:19.679762+00:00,,Öğrenci Sayısı 260
Kayseri,Develi,Develi Mesleki Eğitim Merkezi,170276,Mesleki Eğitim Merkezi,https://develimesem.meb.k12.tr,,,https://develimesem.meb.k12.tr/tema/harita.php,2026-08-31,607,607,bulundu,https://develimesem.meb.k12.tr/,2026-10-01T18:55:19.723905+00:00,,Öğrenci Sayısı 607
Kayseri,Develi,Develi Muammer Bakkaloğlu Öğretmenevi ve Akşam Sanat Okulu,751786,Öğretmenevi,https://develiogretmenevi.meb.k12.tr,,,https://develiogretmenevi.meb.k12.tr/tema/harita.php,2026-08-31,,,bulunamadi,,2026-10-01T18:55:19.730829+00:00,,
Kayseri,Develi,Develi Necmiye ve Mustafa Maslak Mesleki ve Teknik Anadolu Lisesi,963200,Mesleki ve Teknik Anadolu Lisesi,https://develinmmsml.meb.k12.tr,,,https://develinmmsml.meb.k12.tr/tema/harita.php,2026-08-31,247,247,bulundu,https://develinmmsml.meb.k12.tr/,2026-10-01T18:55:19.768359+00:00,,Öğrenci Sayısı 247
Kayseri,Develi,Develi Rehberlik ve Araştırma Merkezi,965286,Rehberlik ve Araştırma Merkezi,https://develiram.meb.k12.tr,,,https://develiram.meb.k12.tr/tema/harita.php,2026-08-31,,,bulunamadi,,2026-10-01T18:55:19.794324+00:00,,
Kayseri,Develi,Develi Sevim Köylüoğlu Özel Eğitim Anaokulu,773720,Anaokulu,https://773720.meb.k12.tr,,,https://773720.meb.k12.tr/tema/harita.php,2026-08-31,9,9,bulundu,https://773720.meb.k12.tr/,2026-10-01T18:55:19.799526+00:00,,Öğrenci Sayısı: 9
Kayseri,Develi,Develi Şehit Müsellim Ünal Anadolu Lisesi,309327,Anadolu Lisesi,https://develianadolu.meb.k12.tr,,,https://develianadolu.meb.k12.tr/tema/harita.php,2026-08-31,409,409,bulundu,https://develianadolu.meb.k12.tr/tema/okulumuz_hakkinda.php,2026-10-01T18:55:19.812296+00:00,,Öğrenci : 409
Kayseri,Develi,Develi Şehit Osman Özsoy Ortaokulu,752274,Ortaokul,https://develisehitosmanozsoyortaokulu.meb.k12.tr,,,https://develisehitosmanozsoyortaokulu.meb.k12.tr/tema/harita.php,2026-08-31,68,68,bulundu,https://develisehitosmanozsoyortaokulu.meb.k12.tr/,2026-10-01T18:55:19.849994+00:00,,Öğrenci Sayısı : 68
Kayseri,Develi,Develi Şehit Osman Özsoy İlkokulu,752273,İlkokul,https://develisehitosmanozsoyilkokulu.meb.k12.tr,,,https://develisehitosmanozsoyilkokulu.meb.k12.tr/tema/harita.php,2026-08-31,75,75,bulundu,https://develisehitosmanozsoyilkokulu.meb.k12.tr/,2026-10-01T18:55:20.197258+00:00,,Öğrenci Sayısı 75
Kayseri,Develi,Develi Şehit Taha Uluçay Kız Anadolu İmam Hatip Lisesi,760743,Anadolu İmam Hatip Lisesi,https://develikizaihl.meb.k12.tr,,,https://develikizaihl.meb.k12.tr/tema/harita.php,2026-08-31,168,168,bulundu,https://develikizaihl.meb.k12.tr/,2026-10-01T18:55:20.267920+00:00,,Öğrenci Sayısı : 168
Kayseri,Develi,Develi Şehit Topçu Üsteğmen Hasan Şahan İlkokulu,701079,İlkokul,https://hasansahanilkokulu.meb.k12.tr,,,https://hasansahanilkokulu.meb.k12.tr/tema/harita.php,2026-08-31,194,194,bulundu,https://hasansahanilkokulu.meb.k12.tr/,2026-10-01T18:55:20.296529+00:00,,Öğrenci Sayısı : 194
Kayseri,Develi,Dudu-Şahin Tokluoğlu Ortaokulu,718673,Ortaokul,https://dstortaokulu.meb.k12.tr,,,https://dstortaokulu.meb.k12.tr/tema/harita.php,2026-08-31,249,249,bulundu,https://dstortaokulu.meb.k12.tr/,2026-10-01T18:55:20.336380+00:00,,Öğrenci Sayısı 249
Kayseri,Develi,Emekli Astsubay Arif Övüç Anaokulu,768821,Anaokulu,https://768821.meb.k12.tr,,,https://768821.meb.k12.tr/tema/harita.php,2026-08-31,82,82,bulundu,https://768821.meb.k12.tr/,2026-10-01T18:55:20.468265+00:00,,Öğrenci Sayısı: 82
Kayseri,Develi,Epçe Ortaokulu,719054,Ortaokul,https://epceortaokulu.meb.k12.tr,,,https://epceortaokulu.meb.k12.tr/tema/harita.php,2026-08-31,18,18,bulundu,https://epceortaokulu.meb.k12.tr/,2026-10-01T18:55:20.473258+00:00,,Öğrenci Sayısı : 18
Kayseri,Develi,Epçe İlkokulu,718909,İlkokul,https://epceilkokulu.meb.k12.tr,,,https://epceilkokulu.meb.k12.tr/tema/harita.php,2026-08-31,21,21,bulundu,https://epceilkokulu.meb.k12.tr/,2026-10-01T18:55:20.516386+00:00,,Öğrenci Sayısı : 21
Kayseri,Develi,Fahri Mor Mesleki ve Teknik Anadolu Lisesi,763711,Mesleki ve Teknik Anadolu Lisesi,https://fmormtal.meb.k12.tr,,,https://fmormtal.meb.k12.tr/tema/harita.php,2026-08-31,,,bulunamadi,,2026-10-01T18:55:20.560560+00:00,,
Kayseri,Develi,Fatih İlkokulu,700612,İlkokul,https://develifatih.meb.k12.tr,,,https://develifatih.meb.k12.tr/tema/harita.php,2026-08-31,85,85,bulundu,https://develifatih.meb.k12.tr/,2026-10-01T18:55:20.564568+00:00,,Öğrenci Sayısı : 85
Kayseri,Develi,Gazi Ortaokulu,719340,Ortaokul,https://develigaziortaokulu.meb.k12.tr,,,https://develigaziortaokulu.meb.k12.tr/tema/harita.php,2026-08-31,61,61,bulundu,https://develigaziortaokulu.meb.k12.tr/,2026-10-01T18:55:20.672394+00:00,,Öğrenci Sayısı 61
Kayseri,Develi,Gazi İlkokulu,253501,İlkokul,https://develigazi.meb.k12.tr,,,https://develigazi.meb.k12.tr/tema/harita.php,2026-08-31,43,43,bulundu,https://develigazi.meb.k12.tr/,2026-10-01T18:55:20.695968+00:00,,Öğrenci Sayısı 43
Kayseri,Develi,Gümüşören Ortaokulu,719549,Ortaokul,https://gumusorenortaokulu.meb.k12.tr,,,https://gumusorenortaokulu.meb.k12.tr/tema/harita.php,2026-08-31,,,bulunamadi,,2026-10-01T18:55:20.697918+00:00,,
Kayseri,Develi,Gümüşören İlkokulu,719461,İlkokul,https://gumusorenio.meb.k12.tr,,,https://gumusorenio.meb.k12.tr/tema/harita.php,2026-08-31,26,26,bulundu,https://gumusorenio.meb.k12.tr/,2026-10-01T18:55:20.699864+00:00,,Öğrenci Sayısı: 26
Kayseri,Develi,Hacı Kemal Kaman Ortaokulu,720344,Ortaokul,https://hkemalkaman.meb.k12.tr,,,https://hkemalkaman.meb.k12.tr/tema/harita.php,2026-08-31,22,22,bulundu,https://hkemalkaman.meb.k12.tr/,2026-10-01T18:55:20.837840+00:00,,Öğrenci Sayısı : 22
Kayseri,Develi,Hacı Kemal Kaman İlkokulu,720191,İlkokul,https://hkemalkamanio.meb.k12.tr,,,https://hkemalkamanio.meb.k12.tr/tema/harita.php,2026-08-31,32,32,bulundu,https://hkemalkamanio.meb.k12.tr/,2026-10-01T18:55:21.012848+00:00,,Öğrenci Sayısı : 32
Kayseri,Develi,Havadan İlkokulu,700620,İlkokul,https://700620.meb.k12.tr,,,https://700620.meb.k12.tr/tema/harita.php,2026-08-31,20,20,bulundu,https://700620.meb.k12.tr/,2026-10-01T18:55:21.038925+00:00,,Öğrenci Sayısı : 20
Kayseri,Develi,Hüseyinli İlkokulu,700695,İlkokul,https://huseyinliilkokulu.meb.k12.tr,,,https://huseyinliilkokulu.meb.k12.tr/tema/harita.php,2026-08-31,10,10,bulundu,https://huseyinliilkokulu.meb.k12.tr/,2026-10-01T18:55:21.055957+00:00,,Öğrenci Sayısı: 10
Kayseri,Develi,Kabaklı Hacı Ömer Soytürk Ortaokulu,721117,Ortaokul,https://kabakliortaokul.meb.k12.tr,,,https://kabakliortaokul.meb.k12.tr/tema/harita.php,2026-08-31,12,12,bulundu,https://kabakliortaokul.meb.k12.tr/,2026-10-01T18:55:21.069951+00:00,,Öğrenci Sayısı 12
Kayseri,Develi,Kabaklı Hacı Ömer Soytürk İlkokulu,720942,İlkokul,https://kabakliilkokul.meb.k12.tr,,,https://kabakliilkokul.meb.k12.tr/tema/harita.php,2026-08-31,9,9,bulundu,https://kabakliilkokul.meb.k12.tr/,2026-10-01T18:55:21.087807+00:00,,Öğrenci Sayısı 9
Kayseri,Develi,Karacaviran İlkokulu,700734,İlkokul,https://karacaviranilkokulu.meb.k12.tr,,,https://karacaviranilkokulu.meb.k12.tr/tema/harita.php,2026-08-31,37,37,bulundu,https://karacaviranilkokulu.meb.k12.tr/,2026-10-01T18:55:21.164248+00:00,,Öğrenci Sayısı 37
Kayseri,Develi,Kulpak İlkokulu,700826,İlkokul,https://kulpak.meb.k12.tr,,,https://kulpak.meb.k12.tr/tema/harita.php,2026-08-31,10,10,bulundu,https://kulpak.meb.k12.tr/,2026-10-01T18:55:21.183661+00:00,,Öğrenci Sayısı: 10
Kayseri,Develi,Köseler Ortaokulu,721345,Ortaokul,https://koselerortaokulu.meb.k12.tr,,,https://koselerortaokulu.meb.k12.tr/tema/harita.php,2026-08-31,40,40,bulundu,https://koselerortaokulu.meb.k12.tr/,2026-10-01T18:55:21.536675+00:00,,Öğrenci Sayısı 40
Kayseri,Develi,Köseler İlkokulu,721232,İlkokul,https://koselerioo.meb.k12.tr,,,https://koselerioo.meb.k12.tr/tema/harita.php,2026-08-31,34,34,bulundu,https://koselerioo.meb.k12.tr/,2026-10-01T18:55:21.578970+00:00,,Öğrenci Sayısı 34
Kayseri,Develi,Kızık İlkokulu,700780,İlkokul,https://kizikilkokulu.meb.k12.tr,,,https://kizikilkokulu.meb.k12.tr/tema/harita.php,2026-08-31,12,12,bulundu,https://kizikilkokulu.meb.k12.tr/,2026-10-01T18:55:21.681941+00:00,,Öğrenci Sayısı : 12
Kayseri,Develi,Mehmet Akif Ersoy Anaokulu,770942,Anaokulu,https://maersoyanaokulu.meb.k12.tr,,,https://maersoyanaokulu.meb.k12.tr/tema/harita.php,2026-08-31,53,53,bulundu,https://maersoyanaokulu.meb.k12.tr/,2026-10-01T18:55:21.683639+00:00,,Öğrenci Sayısı: 53
Kayseri,Develi,Merkez Selçuk Ortaokulu,721639,Ortaokul,https://merkezselcukoo.meb.k12.tr,,,https://merkezselcukoo.meb.k12.tr/tema/harita.php,2026-08-31,19,19,bulundu,https://merkezselcukoo.meb.k12.tr/,2026-10-01T18:55:21.843063+00:00,,Öğrenci Sayısı: 19
Kayseri,Develi,Merkez Selçuk İlkokulu,721560,İlkokul,https://merkezselcukio.meb.k12.tr,,,https://merkezselcukio.meb.k12.tr/tema/harita.php,2026-08-31,19,19,bulundu,https://merkezselcukio.meb.k12.tr/,2026-10-01T18:55:21.867875+00:00,,Öğrenci Sayısı: 19
Kayseri,Develi,Milli Birlik İlkokulu,765766,İlkokul,https://millibirlikio.meb.k12.tr,,,https://millibirlikio.meb.k12.tr/tema/harita.php,2026-08-31,332,332,bulundu,https://millibirlikio.meb.k12.tr/,2026-10-01T18:55:21.885296+00:00,,Öğrenci Sayısı 332
Kayseri,Develi,Muammer Kocatürk Mesleki ve Teknik Anadolu Lisesi,170227,Mesleki ve Teknik Anadolu Lisesi,https://develieml.meb.k12.tr,,,https://develieml.meb.k12.tr/tema/harita.php,2026-08-31,343,343,bulundu,https://develieml.meb.k12.tr/,2026-10-01T18:55:21.953151+00:00,,Öğrenci Sayısı : 343
Kayseri,Develi,Muammer Kocatürk İlkokulu,721819,İlkokul,https://mkocaturkilk.meb.k12.tr,,,https://mkocaturkilk.meb.k12.tr/tema/harita.php,2026-08-31,531,531,bulundu,https://mkocaturkilk.meb.k12.tr/,2026-10-01T18:55:21.992829+00:00,,Öğrenci Sayısı : 531
Kayseri,Develi,Mustafa Asım Köksal Anadolu İmam Hatip Lisesi,764568,Anadolu İmam Hatip Lisesi,https://develimak.meb.k12.tr,,,https://develimak.meb.k12.tr/tema/harita.php,2026-08-31,139,139,bulundu,https://develimak.meb.k12.tr/,2026-10-01T18:55:22.043936+00:00,,Öğrenci Sayısı 139
Kayseri,Develi,Müftü Numan Cebeci İmam Hatip Ortaokulu,763706,İmam Hatip Ortaokulu,https://numancebeciiho.meb.k12.tr,,,https://numancebeciiho.meb.k12.tr/tema/harita.php,2026-08-31,94,94,bulundu,https://numancebeciiho.meb.k12.tr/,2026-10-01T18:55:22.105305+00:00,,Öğrenci Sayısı : 94
Kayseri,Develi,Necmiye ve Mustafa Maşlak Bilim ve Sanat Merkezi,766836,Bilim ve Sanat Merkezi,https://develibilsem.meb.k12.tr,,,https://develibilsem.meb.k12.tr/tema/harita.php,2026-08-31,99,99,bulundu,https://develibilsem.meb.k12.tr/,2026-10-01T18:55:22.549531+00:00,,Öğrenci Sayısı 99
Kayseri,Develi,Nevzer Ercis Anaokulu,749879,Anaokulu,https://nevzerercisanaokulu.meb.k12.tr,,,https://nevzerercisanaokulu.meb.k12.tr/tema/harita.php,2026-08-31,94,94,bulundu,https://nevzerercisanaokulu.meb.k12.tr/,2026-10-01T18:55:22.560276+00:00,,Öğrenci Sayısı: 94
Kayseri,Develi,Nevzer Erciş İmam Hatip Ortaokulu,762891,İmam Hatip Ortaokulu,https://nevzerercisiho.meb.k12.tr,,,https://nevzerercisiho.meb.k12.tr/tema/harita.php,2026-08-31,164,164,bulundu,https://nevzerercisiho.meb.k12.tr/,2026-10-01T18:55:22.594886+00:00,,Öğrenci Sayısı 164
Kayseri,Develi,Pembe-Cesarettin Kocatürk Ortaokulu,700582,Ortaokul,https://develipembecesarettin.meb.k12.tr,,,https://develipembecesarettin.meb.k12.tr/tema/harita.php,2026-08-31,628,628,bulundu,https://develipembecesarettin.meb.k12.tr/,2026-10-01T18:55:22.726244+00:00,,Öğrenci Sayısı 628
Kayseri,Develi,Salih Onaran İmam Hatip Ortaokulu,758363,İmam Hatip Ortaokulu,https://salihonaraniho.meb.k12.tr,,,https://salihonaraniho.meb.k12.tr/tema/harita.php,2026-08-31,254,254,bulundu,https://salihonaraniho.meb.k12.tr/tema/okulumuz_hakkinda.php,2026-10-01T18:55:22.731887+00:00,,Öğrenci : 254
Kayseri,Develi,Saray Halı İlkokulu,700866,İlkokul,https://sarayhali.meb.k12.tr,,,https://sarayhali.meb.k12.tr/tema/harita.php,2026-08-31,,,bulunamadi,,2026-10-01T18:55:22.764260+00:00,,
Kayseri,Develi,Saraycık İlkokulu,700877,İlkokul,https://700877.meb.k12.tr,,,https://700877.meb.k12.tr/tema/harita.php,2026-08-31,6,6,bulundu,https://700877.meb.k12.tr/,2026-10-01T18:55:23.131989+00:00,,Öğrenci Sayısı: 6
Kayseri,Develi,Sarıca İlkokulu,700890,İlkokul,https://saricailkokulu.meb.k12.tr,,,https://saricailkokulu.meb.k12.tr/tema/harita.php,2026-08-31,19,19,bulundu,https://saricailkokulu.meb.k12.tr/,2026-10-01T18:55:23.140931+00:00,,Öğrenci Sayısı: 19
Kayseri,Develi,Sarıkaya İlkokulu,700907,İlkokul,https://sarikaya.meb.k12.tr,,,https://sarikaya.meb.k12.tr/tema/harita.php,2026-08-31,12,12,bulundu,https://sarikaya.meb.k12.tr/,2026-10-01T18:55:23.221799+00:00,,Öğrenci Sayısı : 12
Kayseri,Develi,Selçuk Maşlak Ortaokulu,722272,Ortaokul,https://smoo.meb.k12.tr,,,https://smoo.meb.k12.tr/tema/harita.php,2026-08-31,353,353,bulundu,https://smoo.meb.k12.tr/,2026-10-01T18:55:23.229886+00:00,,Öğrenci Sayısı 353
Kayseri,Develi,Seyrani İlkokulu,700943,İlkokul,https://seyrani.meb.k12.tr,,,https://seyrani.meb.k12.tr/tema/harita.php,2026-08-31,233,233,bulundu,https://seyrani.meb.k12.tr/,2026-10-01T18:55:23.364746+00:00,,Öğrenci Sayısı : 233
Kayseri,Develi,Sindelhöyük Cumhuriyet İlkokulu,700956,İlkokul,https://sindelhoyukcumhuriyet.meb.k12.tr,,,https://sindelhoyukcumhuriyet.meb.k12.tr/tema/harita.php,2026-08-31,69,69,bulundu,https://sindelhoyukcumhuriyet.meb.k12.tr/tema/okulumuz_hakkinda.php,2026-10-01T18:55:23.369966+00:00,,Öğrenci : 69
Kayseri,Develi,Sindelhöyük Fatih Ortaokulu,701016,Ortaokul,https://701016.meb.k12.tr,,,https://701016.meb.k12.tr/tema/harita.php,2026-08-31,59,59,bulundu,https://701016.meb.k12.tr/,2026-10-01T18:55:23.371800+00:00,,Öğrenci Sayısı : 59
Kayseri,Develi,Sindelhöyük Fatih İmam Hatip Ortaokulu,763715,İmam Hatip Ortaokulu,https://sfatihiho.meb.k12.tr,,,https://sfatihiho.meb.k12.tr/tema/harita.php,2026-08-31,161,161,bulundu,https://sfatihiho.meb.k12.tr/,2026-10-01T18:55:23.784774+00:00,,Öğrenci Sayısı : 161
Kayseri,Develi,Sindelhöyük Yenice İlkokulu,701029,İlkokul,https://syenice.meb.k12.tr,,,https://syenice.meb.k12.tr/tema/harita.php,2026-08-31,112,112,bulundu,https://syenice.meb.k12.tr/,2026-10-01T18:55:23.794794+00:00,,Öğrenci Sayısı 112
Kayseri,Develi,Sindelhöyük Şehit Mücahit Sınırtepe İlkokulu,700999,İlkokul,https://sindelhoyukilkokulu.meb.k12.tr,,,https://sindelhoyukilkokulu.meb.k12.tr/tema/harita.php,2026-08-31,108,108,bulundu,https://sindelhoyukilkokulu.meb.k12.tr/,2026-10-01T18:55:23.857621+00:00,,Öğrenci Sayısı: 108
Kayseri,Develi,Soysallı Şükrü Somuncu Ortaokulu,721470,Ortaokul,https://soysallisukrusomuncuortaokulu.meb.k12.tr,,,https://soysallisukrusomuncuortaokulu.meb.k12.tr/tema/harita.php,2026-08-31,59,59,bulundu,https://soysallisukrusomuncuortaokulu.meb.k12.tr/,2026-10-01T18:55:23.859105+00:00,,Öğrenci Sayısı : 59
Kayseri,Develi,Soysallı Şükrü Somuncu İlkokulu,721382,İlkokul,https://soysallisukrusomuncuilkokulu.meb.k12.tr,,,https://soysallisukrusomuncuilkokulu.meb.k12.tr/tema/harita.php,2026-08-31,75,75,bulundu,https://soysallisukrusomuncuilkokulu.meb.k12.tr/,2026-10-01T18:55:23.983871+00:00,,Öğrenci Sayısı : 75
Kayseri,Develi,Süleyman Tıraş Ortaokulu,722516,Ortaokul,https://suleymantirasortaokulu.meb.k12.tr,,,https://suleymantirasortaokulu.meb.k12.tr/tema/harita.php,2026-08-31,462,462,bulundu,https://suleymantirasortaokulu.meb.k12.tr/,2026-10-01T18:55:24.017608+00:00,,Öğrenci Sayısı : 462
Kayseri,Develi,Turan Köylüoğlu İlkokulu,721562,İlkokul,https://tkio.meb.k12.tr,,,https://tkio.meb.k12.tr/tema/harita.php,2026-08-31,356,356,bulundu,https://tkio.meb.k12.tr/,2026-10-01T18:55:24.088353+00:00,,Öğrenci Sayısı 356
Kayseri,Develi,Yaylacık İlkokulu,701096,İlkokul,https://yaylacik.meb.k12.tr,,,https://yaylacik.meb.k12.tr/tema/harita.php,2026-08-31,,,bulunamadi,,2026-10-01T18:55:24.137735+00:00,,
Kayseri,Develi,Yeniköy Ortaokulu,721907,Ortaokul,https://yenikoy.meb.k12.tr,,,https://yenikoy.meb.k12.tr/tema/harita.php,2026-08-31,26,26,bulundu,https://yenikoy.meb.k12.tr/,2026-10-01T18:55:24.179218+00:00,,Öğrenci Sayısı : 26
Kayseri,Develi,Yeniköy İlkokulu,721849,İlkokul,https://develiyenikoy.meb.k12.tr,,,https://develiyenikoy.meb.k12.tr/tema/harita.php,2026-08-31,23,23,bulundu,https://develiyenikoy.meb.k12.tr/,2026-10-01T18:55:24.187165+00:00,,Öğrenci Sayısı 23
Kayseri,Develi,Zile İlkokulu,701144,İlkokul,https://zile.meb.k12.tr,,,https://zile.meb.k12.tr/tema/harita.php,2026-08-31,24,24,bulundu,https://zile.meb.k12.tr/,2026-10-01T18:55:24.242899+00:00,,Öğrenci Sayısı: 24
Kayseri,Develi,Çataloluk İlkokulu,700591,İlkokul,https://cataloluk38.meb.k12.tr,,,https://cataloluk38.meb.k12.tr/tema/harita.php,2026-08-31,20,20,bulundu,https://cataloluk38.meb.k12.tr/tema/okulumuz_hakkinda.php,2026-10-01T18:55:24.277803+00:00,,Öğrenci : 20
Kayseri,Develi,Çaylıca Şehit Jandarma Er Zeki Özbek Ortaokulu,718048,Ortaokul,https://caylicaortaokulu.meb.k12.tr,,,https://caylicaortaokulu.meb.k12.tr/tema/harita.php,2026-08-31,27,27,bulundu,https://caylicaortaokulu.meb.k12.tr/,2026-10-01T18:55:24.414443+00:00,,Öğrenci Sayısı : 27
Kayseri,Develi,Çaylıca Şehit Jandarma Er Zeki Özbek İlkokulu,717966,İlkokul,https://caylicailkokulu.meb.k12.tr,,,https://caylicailkokulu.meb.k12.tr/tema/harita.php,2026-08-31,,,bulunamadi,,2026-10-01T18:55:24.443682+00:00,,
Kayseri,Develi,Çayırözü Ortaokulu,717860,Ortaokul,https://cayirozuortaokulu.meb.k12.tr,,,https://cayirozuortaokulu.meb.k12.tr/tema/harita.php,2026-08-31,35,35,bulundu,https://cayirozuortaokulu.meb.k12.tr/tema/okulumuz_hakkinda.php,2026-10-01T18:55:24.482795+00:00,,Öğrenci : 35
Kayseri,Develi,Çayırözü İlkokulu,717725,İlkokul,https://cayirozuilkokulu.meb.k12.tr,,,https://cayirozuilkokulu.meb.k12.tr/tema/harita.php,2026-08-31,35,35,bulundu,https://cayirozuilkokulu.meb.k12.tr/,2026-10-01T18:55:24.488848+00:00,,Öğrenci Sayısı: 35
Kayseri,Develi,Çomaklı Ortaokulu,718227,Ortaokul,https://comakliortaokulu.meb.k12.tr,,,https://comakliortaokulu.meb.k12.tr/tema/harita.php,2026-08-31,31,31,bulundu,https://comakliortaokulu.meb.k12.tr/,2026-10-01T18:55:24.567778+00:00,,Öğrenci Sayısı 31
Kayseri,Develi,Çomaklı İlkokulu,718165,İlkokul,https://comakliilkokulu.meb.k12.tr,,,https://comakliilkokulu.meb.k12.tr/tema/harita.php,2026-08-31,50,50,bulundu,https://comakliilkokulu.meb.k12.tr/,2026-10-01T18:55:24.616832+00:00,,Öğrenci Sayısı : 50
Kayseri,Develi,Öksüt İlkokulu,721969,İlkokul,https://oksutio.meb.k12.tr,,,https://oksutio.meb.k12.tr/tema/harita.php,2026-08-31,28,28,bulundu,https://oksutio.meb.k12.tr/tema/okulumuz_hakkinda.php,2026-10-01T18:55:24.890165+00:00,,Öğrenci : 28
Kayseri,Develi,İncesu Ortaokulu,720615,Ortaokul,https://develiincesuortaokulu.meb.k12.tr,,,https://develiincesuortaokulu.meb.k12.tr/tema/harita.php,2026-08-31,36,36,bulundu,https://develiincesuortaokulu.meb.k12.tr/,2026-10-01T18:55:24.959302+00:00,,Öğrenci Sayısı : 36
Kayseri,Develi,İncesu İlkokulu,720500,İlkokul,https://develiincesuilkokulu.meb.k12.tr,,,https://develiincesuilkokulu.meb.k12.tr/tema/harita.php,2026-08-31,49,49,bulundu,https://develiincesuilkokulu.meb.k12.tr/,2026-10-01T18:55:25.047633+00:00,,Öğrenci Sayısı: 49
Kayseri,Develi,İstiklal İlkokulu,591829,İlkokul,https://develiistiklal.meb.k12.tr,,,https://develiistiklal.meb.k12.tr/tema/harita.php,2026-08-31,149,149,bulundu,https://develiistiklal.meb.k12.tr/,2026-10-01T18:55:25.050807+00:00,,Öğrenci Sayısı: 149
Kayseri,Develi,Şahmelik Ortaokulu,722664,Ortaokul,https://sahmelikortaokulu.meb.k12.tr,,,https://sahmelikortaokulu.meb.k12.tr/tema/harita.php,2026-08-31,37,37,bulundu,https://sahmelikortaokulu.meb.k12.tr/,2026-10-01T18:55:25.069149+00:00,,Öğrenci Sayısı : 37
Kayseri,Develi,Şahmelik İlkokulu,722620,İlkokul,https://sahmelikio.meb.k12.tr,,,https://sahmelikio.meb.k12.tr/tema/harita.php,2026-08-31,48,48,bulundu,https://sahmelikio.meb.k12.tr/,2026-10-01T18:55:25.175723+00:00,,Öğrenci Sayısı : 48
Kayseri,Develi,Şehit Jandarma Er Yaşar Pusatlıoğlu Anaokulu,966292,Anaokulu,https://ypusatlioglu.meb.k12.tr,,,https://ypusatlioglu.meb.k12.tr/tema/harita.php,2026-08-31,154,154,bulundu,https://ypusatlioglu.meb.k12.tr/,2026-10-01T18:55:25.333106+00:00,,Öğrenci Sayısı: 154
Kayseri,Develi,Şehit Üsteğmen Ömer Mavi Ortaokulu,701051,Ortaokul,https://omermavi.meb.k12.tr,,,https://omermavi.meb.k12.tr/tema/harita.php,2026-08-31,398,398,bulundu,https://omermavi.meb.k12.tr/,2026-10-01T18:55:25.531929+00:00,,Öğrenci Sayısı : 398
Kayseri,Develi,Şıhlı Ortaokulu,760728,Ortaokul,https://sihliortaokulu.meb.k12.tr,,,https://sihliortaokulu.meb.k12.tr/tema/harita.php,2026-08-31,23,23,bulundu,https://sihliortaokulu.meb.k12.tr/,2026-10-01T18:55:25.554341+00:00,,Öğrenci Sayısı : 23
Kayseri,Develi,Şıhlı İlkokulu,721219,İlkokul,https://sihliilkokulu.meb.k12.tr,,,https://sihliilkokulu.meb.k12.tr/tema/harita.php,2026-08-31,11,11,bulundu,https://sihliilkokulu.meb.k12.tr/,2026-10-01T18:55:25.585016+00:00,,Öğrenci Sayısı : 11
Kayseri,Felahiye,Büyük Toraman Anadolu Lisesi,317978,Anadolu Lisesi,https://btalise.meb.k12.tr,,,https://btalise.meb.k12.tr/tema/harita.php,2026-08-31,27,27,bulundu,https://btalise.meb.k12.tr/,2026-10-01T18:55:25.595356+00:00,,Öğrenci Sayısı 27
Kayseri,Felahiye,Büyük Toraman Cumhuriyet İlkokulu,701876,İlkokul,https://buyuktoramancumhuriyetilkokulu.meb.k12.tr,,,https://buyuktoramancumhuriyetilkokulu.meb.k12.tr/tema/harita.php,2026-08-31,32,32,bulundu,https://buyuktoramancumhuriyetilkokulu.meb.k12.tr/,2026-10-01T18:55:25.623925+00:00,,Öğrenci Sayısı 32
Kayseri,Felahiye,Büyük Toraman Ortaokulu,749206,Ortaokul,https://btoo.meb.k12.tr,,,https://btoo.meb.k12.tr/tema/harita.php,2026-08-31,23,23,bulundu,https://btoo.meb.k12.tr/,2026-10-01T18:55:26.081040+00:00,,Öğrenci Sayısı 23
Kayseri,Felahiye,Felahiye Münüş Faik Kesici Çok Programlı Anadolu Lisesi,326199,Çok Programlı Anadolu Lisesi,https://munus-faikkesicicpal.meb.k12.tr,,,https://munus-faikkesicicpal.meb.k12.tr/tema/harita.php,2026-08-31,55,55,bulundu,https://munus-faikkesicicpal.meb.k12.tr/,2026-10-01T18:55:26.091964+00:00,,Öğrenci Sayısı : 55
Kayseri,Felahiye,Felahiye Şehit Bekir Yeşilyurt Halk Eğitimi Merkezi,170396,Halk Eğitimi Merkezi,https://felahiyehem.meb.k12.tr,,,https://felahiyehem.meb.k12.tr/tema/harita.php,2026-08-31,,,bulunamadi,,2026-10-01T18:55:26.133841+00:00,,
Kayseri,Felahiye,Kanuni Süleyman Ortaokulu,343141,Ortaokul,https://kanunisuleyman.meb.k12.tr,,,https://kanunisuleyman.meb.k12.tr/tema/harita.php,2026-08-31,110,110,bulundu,https://kanunisuleyman.meb.k12.tr/,2026-10-01T18:55:26.159492+00:00,,Öğrenci Sayısı : 110
Kayseri,Felahiye,Merkez Atatürk İlkokulu,592117,İlkokul,https://felahiyeataturkio.meb.k12.tr,,,https://felahiyeataturkio.meb.k12.tr/tema/harita.php,2026-08-31,,,bulunamadi,,2026-10-01T18:55:26.186797+00:00,,
Kayseri,Hacılar,Ali Atay Şaşoğlu Ortaokulu,768998,Ortaokul,https://aliataysasogluortaokulu.meb.k12.tr,,,https://aliataysasogluortaokulu.meb.k12.tr/tema/harita.php,2026-08-31,,,bulunamadi,,2026-10-01T18:55:26.239810+00:00,,
Kayseri,Hacılar,Baki-Ayşe Simitçioğlu Anadolu Lisesi,323553,Anadolu Lisesi,https://basal.meb.k12.tr,,,https://basal.meb.k12.tr/tema/harita.php,2026-08-31,298,298,bulundu,https://basal.meb.k12.tr/,2026-10-01T18:55:26.277791+00:00,,Öğrenci Sayısı : 298
Kayseri,Hacılar,Demokrasi Şehitleri Ortaokulu,719569,Ortaokul,https://kayseridemokrasisehitlerioo.meb.k12.tr,,,https://kayseridemokrasisehitlerioo.meb.k12.tr/tema/harita.php,2026-08-31,,,bulunamadi,,2026-10-01T18:55:26.288389+00:00,,
Kayseri,Hacılar,Demokrasi Şehitleri İlkokulu,719495,İlkokul,https://kayseridemokrasisehitleriio.meb.k12.tr,,,https://kayseridemokrasisehitleriio.meb.k12.tr/tema/harita.php,2026-08-31,98,98,bulundu,https://kayseridemokrasisehitleriio.meb.k12.tr/,2026-10-01T18:55:26.416164+00:00,,Öğrenci Sayısı: 98
Kayseri,Hacılar,Feyyaz Mercan İlkokulu,701389,İlkokul,https://feyyazmercan.meb.k12.tr,,,https://feyyazmercan.meb.k12.tr/tema/harita.php,2026-08-31,62,62,bulundu,https://feyyazmercan.meb.k12.tr/,2026-10-01T18:55:26.701023+00:00,,Öğrenci Sayısı 62
Kayseri,Hacılar,Gürdoğanlar Çok Programlı Anadolu Lisesi,377962,Çok Programlı Anadolu Lisesi,https://gurdoganlarcpal.meb.k12.tr,,,https://gurdoganlarcpal.meb.k12.tr/tema/harita.php,2026-08-31,207,207,bulundu,https://gurdoganlarcpal.meb.k12.tr/,2026-10-01T18:55:26.926323+00:00,,Öğrenci Sayısı : 207
Kayseri,Hacılar,Hacılar Rasim Çetinkaya Halk Eğitimi Merkezi,302099,Halk Eğitimi Merkezi,https://hacilarhem.meb.k12.tr,,,https://hacilarhem.meb.k12.tr/tema/harita.php,2026-08-31,,,bulunamadi,,2026-10-01T18:55:26.955191+00:00,,
Kayseri,Hacılar,Hasçelik Anaokulu,967276,Anaokulu,https://hascelikao.meb.k12.tr,,,https://hascelikao.meb.k12.tr/tema/harita.php,2026-08-31,90,90,bulundu,https://hascelikao.meb.k12.tr/,2026-10-01T18:55:27.048733+00:00,,Öğrenci Sayısı: 90
Kayseri,Hacılar,Karpuzsekisi Mustafa Tatar Ortaokulu,719728,Ortaokul,https://karpuzsekisimtataroo.meb.k12.tr,,,https://karpuzsekisimtataroo.meb.k12.tr/tema/harita.php,2026-08-31,60,60,bulundu,https://karpuzsekisimtataroo.meb.k12.tr/,2026-10-01T18:55:27.051177+00:00,,Öğrenci Sayısı 60
Kayseri,Hacılar,Karpuzsekisi Mustafa Tatar İlkokulu,719660,İlkokul,https://karpuzsekisimtatario.meb.k12.tr,,,https://karpuzsekisimtatario.meb.k12.tr/tema/harita.php,2026-08-31,67,67,bulundu,https://karpuzsekisimtatario.meb.k12.tr/,2026-10-01T18:55:27.067619+00:00,,Öğrenci Sayısı 67
Kayseri,Hacılar,Saffet Arslan İlkokulu,701408,İlkokul,https://saffetarslanilk.meb.k12.tr,,,https://saffetarslanilk.meb.k12.tr/tema/harita.php,2026-08-31,97,97,bulundu,https://saffetarslanilk.meb.k12.tr/,2026-10-01T18:55:27.069264+00:00,,Öğrenci Sayısı 97
Kayseri,Hacılar,Tevfik İleri Anadolu İmam Hatip Lisesi,761228,Anadolu İmam Hatip Lisesi,https://tevfikileriaihlkayseri.meb.k12.tr,,,https://tevfikileriaihlkayseri.meb.k12.tr/tema/harita.php,2026-08-31,97,97,bulundu,https://tevfikileriaihlkayseri.meb.k12.tr/,2026-10-01T18:55:27.475259+00:00,,Öğrenci Sayısı : 97
Kayseri,Hacılar,Tevfik İleri İmam Hatip Ortaokulu,749633,İmam Hatip Ortaokulu,https://tevfikileriihokayseri.meb.k12.tr,,,https://tevfikileriihokayseri.meb.k12.tr/tema/harita.php,2026-08-31,392,392,bulundu,https://tevfikileriihokayseri.meb.k12.tr/,2026-10-01T18:55:27.628054+00:00,,Öğrenci Sayısı : 392
Kayseri,Hacılar,Yunus Çepken İlkokulu,701421,İlkokul,https://yunuscepkenio.meb.k12.tr,,,https://yunuscepkenio.meb.k12.tr/tema/harita.php,2026-08-31,182,182,bulundu,https://yunuscepkenio.meb.k12.tr/,2026-10-01T18:55:27.641088+00:00,,Öğrenci Sayısı : 182
Kayseri,Hacılar,İstiklal İlkokulu,701357,İlkokul,https://hacilaristiklal.meb.k12.tr,,,https://hacilaristiklal.meb.k12.tr/tema/harita.php,2026-08-31,353,353,bulundu,https://hacilaristiklal.meb.k12.tr/,2026-10-01T18:55:27.685484+00:00,,Öğrenci Sayısı 353
Kayseri,Hacılar,Şaşoğlu İmam Hatip Ortaokulu,761828,İmam Hatip Ortaokulu,https://sasogluiho.meb.k12.tr,,,https://sasogluiho.meb.k12.tr/tema/harita.php,2026-08-31,194,194,bulundu,https://sasogluiho.meb.k12.tr/,2026-10-01T18:55:27.738563+00:00,,Öğrenci Sayısı 194
Kayseri,Kocasinan,17 Aralık Şehitleri İlkokulu,700181,İlkokul,https://17araliksehitleri.meb.k12.tr,,,https://17araliksehitleri.meb.k12.tr/tema/harita.php,2026-08-31,567,567,bulundu,https://17araliksehitleri.meb.k12.tr/,2026-10-01T18:55:27.766640+00:00,,Öğrenci Sayısı 567
Kayseri,Kocasinan,75. Yıl Rezan Has İlkokulu,700224,İlkokul,https://75yilrezanhas.meb.k12.tr,,,https://75yilrezanhas.meb.k12.tr/tema/harita.php,2026-08-31,325,325,bulundu,https://75yilrezanhas.meb.k12.tr/,2026-10-01T18:55:27.810801+00:00,,Öğrenci Sayısı : 325
Kayseri,Kocasinan,Abdül Halim Bezircilioğlu Ortaokulu,700538,Ortaokul,https://ahalimbezircilio.meb.k12.tr,,,https://ahalimbezircilio.meb.k12.tr/tema/harita.php,2026-08-31,289,289,bulundu,https://ahalimbezircilio.meb.k12.tr/,2026-10-01T18:55:27.840484+00:00,,Öğrenci Sayısı 289
Kayseri,Kocasinan,Abdül Halim Bezircilioğlu İlkokulu,700523,İlkokul,https://ahalimbezircili.meb.k12.tr,,,https://ahalimbezircili.meb.k12.tr/tema/harita.php,2026-08-31,297,297,bulundu,https://ahalimbezircili.meb.k12.tr/,2026-10-01T18:55:27.851562+00:00,,Öğrenci Sayısı 297
Kayseri,Kocasinan,Adviye-Ahmet Eminoğlu Ortaokulu,715136,Ortaokul,https://adviyeahmeteminogluortaokulu.meb.k12.tr,,,https://adviyeahmeteminogluortaokulu.meb.k12.tr/tema/harita.php,2026-08-31,563,563,bulundu,https://adviyeahmeteminogluortaokulu.meb.k12.tr/,2026-10-01T18:55:27.923141+00:00,,Öğrenci Sayısı : 563
Kayseri,Kocasinan,Adviye-Ahmet Eminoğlu İlkokulu,715088,İlkokul,https://adviyeahmeteminogluilkokulu.meb.k12.tr,,,https://adviyeahmeteminogluilkokulu.meb.k12.tr/tema/harita.php,2026-08-31,438,438,bulundu,https://adviyeahmeteminogluilkokulu.meb.k12.tr/,2026-10-01T18:55:27.996816+00:00,,Öğrenci Sayısı 438
Kayseri,Kocasinan,Ahi Evran Mesleki ve Teknik Anadolu Lisesi,974218,Mesleki ve Teknik Anadolu Lisesi,https://ahievranmtal.meb.k12.tr,,,https://ahievranmtal.meb.k12.tr/tema/harita.php,2026-08-31,598,598,bulundu,https://ahievranmtal.meb.k12.tr/tema/okulumuz_hakkinda.php,2026-10-01T18:55:28.151077+00:00,,Öğrenci : 598
Kayseri,Kocasinan,Ahmet Baldöktü İlkokulu,715290,İlkokul,https://abi.meb.k12.tr,,,https://abi.meb.k12.tr/tema/harita.php,2026-08-31,432,432,bulundu,https://abi.meb.k12.tr/,2026-10-01T18:55:28.170209+00:00,,Öğrenci Sayısı 432
Kayseri,Kocasinan,Ahmet Eskiyapan İlkokulu,975443,İlkokul,https://ahmeteskiyapan.meb.k12.tr,,,https://ahmeteskiyapan.meb.k12.tr/tema/harita.php,2026-08-31,359,359,bulundu,https://ahmeteskiyapan.meb.k12.tr/,2026-10-01T18:55:28.206648+00:00,,Öğrenci Sayısı 359
Kayseri,Kocasinan,Ahmet Paşa Ortaokulu,715455,Ortaokul,https://ahmetpasaortaokulu.meb.k12.tr,,,https://ahmetpasaortaokulu.meb.k12.tr/tema/harita.php,2026-08-31,838,838,bulundu,https://ahmetpasaortaokulu.meb.k12.tr/,2026-10-01T18:55:28.243996+00:00,,Öğrenci Sayısı 838
Kayseri,Kocasinan,Ahmet Paşa İlkokulu,715384,İlkokul,https://ahmetpasailkokulu.meb.k12.tr,,,https://ahmetpasailkokulu.meb.k12.tr/tema/harita.php,2026-08-31,753,753,bulundu,https://ahmetpasailkokulu.meb.k12.tr/,2026-10-01T18:55:28.260578+00:00,,Öğrenci Sayısı 753
Kayseri,Kocasinan,Akin İlkokulu,975456,İlkokul,https://kocasinanakinilkokulu.meb.k12.tr,,,https://kocasinanakinilkokulu.meb.k12.tr/tema/harita.php,2026-08-31,37,37,bulundu,https://kocasinanakinilkokulu.meb.k12.tr/,2026-10-01T18:55:28.653920+00:00,,Öğrenci Sayısı : 37
Kayseri,Kocasinan,Akçatepe İlkokulu,975450,İlkokul,https://akcatepeio.meb.k12.tr,,,https://akcatepeio.meb.k12.tr/tema/harita.php,2026-08-31,21,21,bulundu,https://akcatepeio.meb.k12.tr/,2026-10-01T18:55:28.732087+00:00,,Öğrenci Sayısı: 21
Kayseri,Kocasinan,Alpaslan İlkokulu,723073,İlkokul,https://alpaslanilkokul.meb.k12.tr,,,https://alpaslanilkokul.meb.k12.tr/tema/harita.php,2026-08-31,573,573,bulundu,https://alpaslanilkokul.meb.k12.tr/,2026-10-01T18:55:28.750826+00:00,,Öğrenci Sayısı: 573
Kayseri,Kocasinan,Alsancak Şehit Osman Çelik Ortaokulu,751878,Ortaokul,https://alsancakortaokulu.meb.k12.tr,,,https://alsancakortaokulu.meb.k12.tr/tema/harita.php,2026-08-31,112,112,bulundu,https://alsancakortaokulu.meb.k12.tr/,2026-10-01T18:55:28.764805+00:00,,Öğrenci Sayısı 112
Kayseri,Kocasinan,Alsancak Şehit Osman Çelik İlkokulu,700006,İlkokul,https://alsancakilkokulu.meb.k12.tr,,,https://alsancakilkokulu.meb.k12.tr/tema/harita.php,2026-08-31,233,233,bulundu,https://alsancakilkokulu.meb.k12.tr/,2026-10-01T18:55:28.806291+00:00,,Öğrenci Sayısı : 233
Kayseri,Kocasinan,Alsancak Şehit Osman Çelik İmam Hatip Ortaokulu,763923,İmam Hatip Ortaokulu,https://alsancakiho.meb.k12.tr,,,https://alsancakiho.meb.k12.tr/tema/harita.php,2026-08-31,55,55,bulundu,https://alsancakiho.meb.k12.tr/,2026-10-01T18:55:28.886415+00:00,,Öğrenci Sayısı 55
Kayseri,Kocasinan,Argıncık Mesleki ve Teknik Anadolu Lisesi,746230,Mesleki ve Teknik Anadolu Lisesi,https://argincikasml.meb.k12.tr,,,https://argincikasml.meb.k12.tr/tema/harita.php,2026-08-31,431,431,bulundu,https://argincikasml.meb.k12.tr/tema/okulumuz_hakkinda.php,2026-10-01T18:55:28.945947+00:00,,Öğrenci : 431
Kayseri,Kocasinan,Argıncık Şehit Kadir Çelebi İlkokulu,700011,İlkokul,https://arginciksehitkadircelebi.meb.k12.tr,,,https://arginciksehitkadircelebi.meb.k12.tr/tema/harita.php,2026-08-31,344,344,bulundu,https://arginciksehitkadircelebi.meb.k12.tr/,2026-10-01T18:55:28.958443+00:00,,Öğrenci Sayısı 344
Kayseri,Kocasinan,Arif Molu Mesleki ve Teknik Anadolu Lisesi,216158,Mesleki ve Teknik Anadolu Lisesi,https://arifmolu.meb.k12.tr,,,https://arifmolu.meb.k12.tr/tema/harita.php,2026-08-31,1068,1068,bulundu,https://arifmolu.meb.k12.tr/,2026-10-01T18:55:29.008632+00:00,,Öğrenci Sayısı : 1068
Kayseri,Kocasinan,Atatürk Anadolu Lisesi,973812,Anadolu Lisesi,https://kayseriataturklisesi.meb.k12.tr,,,https://kayseriataturklisesi.meb.k12.tr/tema/harita.php,2026-08-31,1127,1127,bulundu,https://kayseriataturklisesi.meb.k12.tr/,2026-10-01T18:55:29.069761+00:00,,Öğrenci Sayısı : 1127
Kayseri,Kocasinan,Atatürk Kız Mesleki ve Teknik Anadolu Lisesi,169764,Mesleki ve Teknik Anadolu Lisesi,https://ataturkktml.meb.k12.tr,,,https://ataturkktml.meb.k12.tr/tema/harita.php,2026-08-31,1017,1017,bulundu,https://ataturkktml.meb.k12.tr/,2026-10-01T18:55:29.162190+00:00,,Öğrenci Sayısı 1017
Kayseri,Kocasinan,Avukat Ahmet Ulucan Anaokulu,750066,Anaokulu,https://avukatahmetulucananaokulu.meb.k12.tr,,,https://avukatahmetulucananaokulu.meb.k12.tr/tema/harita.php,2026-08-31,167,167,bulundu,https://avukatahmetulucananaokulu.meb.k12.tr/,2026-10-01T18:55:29.280832+00:00,,Öğrenci Sayısı: 167
Kayseri,Kocasinan,Avukat Ahmet Ulucan Ortaokulu,700448,Ortaokul,https://aahmetulucanoo.meb.k12.tr,,,https://aahmetulucanoo.meb.k12.tr/tema/harita.php,2026-08-31,1146,1146,bulundu,https://aahmetulucanoo.meb.k12.tr/,2026-10-01T18:55:29.319427+00:00,,Öğrenci Sayısı : 1146
Kayseri,Kocasinan,Avukat Ahmet Ulucan İlkokulu,700417,İlkokul,https://avukatahmetulucanilkokulu.meb.k12.tr,,,https://avukatahmetulucanilkokulu.meb.k12.tr/tema/harita.php,2026-08-31,1023,1023,bulundu,https://avukatahmetulucanilkokulu.meb.k12.tr/,2026-10-01T18:55:29.772920+00:00,,Öğrenci Sayısı : 1023
Kayseri,Kocasinan,Ayşe Baldöktü Mesleki Eğitim Merkezi,224665,Mesleki Eğitim Merkezi,https://aysebaldoktumem.meb.k12.tr,,,https://aysebaldoktumem.meb.k12.tr/tema/harita.php,2026-08-31,3726,3726,bulundu,https://aysebaldoktumem.meb.k12.tr/tema/okulumuz_hakkinda.php,2026-10-01T18:55:29.783382+00:00,,Öğrenci : 3726
Kayseri,Kocasinan,Barbaros Şehit Oktay İzgi Anaokulu,973606,Anaokulu,https://barbarosanaokulu38.meb.k12.tr,,,https://barbarosanaokulu38.meb.k12.tr/tema/harita.php,2026-08-31,112,112,bulundu,https://barbarosanaokulu38.meb.k12.tr/,2026-10-01T18:55:29.825954+00:00,,Öğrenci Sayısı 112
Kayseri,Kocasinan,Behice Yazgan Kız Anadolu Lisesi,973814,Anadolu Lisesi,https://bykal.meb.k12.tr,,,https://bykal.meb.k12.tr/tema/harita.php,2026-08-31,754,754,bulundu,https://bykal.meb.k12.tr/,2026-10-01T18:55:29.857387+00:00,,Öğrenci Sayısı 754
Kayseri,Kocasinan,Beyazşehir Borsa İstanbul İlkokulu,736578,İlkokul,https://beyazsehirimkbio.meb.k12.tr,,,https://beyazsehirimkbio.meb.k12.tr/tema/harita.php,2026-08-31,642,642,bulundu,https://beyazsehirimkbio.meb.k12.tr/,2026-10-01T18:55:29.873799+00:00,,Öğrenci Sayısı: 642
Kayseri,Kocasinan,Boztepe Şehit Furkan Hamamcı Ortaokulu,715836,Ortaokul,https://boztepeortaokulu38.meb.k12.tr,,,https://boztepeortaokulu38.meb.k12.tr/tema/harita.php,2026-08-31,282,282,bulundu,https://boztepeortaokulu38.meb.k12.tr/,2026-10-01T18:55:29.919839+00:00,,Öğrenci Sayısı 282
Kayseri,Kocasinan,Boztepe Şehit Furkan Hamamcı İlkokulu,715805,İlkokul,https://boztepe.meb.k12.tr,,,https://boztepe.meb.k12.tr/tema/harita.php,2026-08-31,355,355,bulundu,https://boztepe.meb.k12.tr/,2026-10-01T18:55:29.981780+00:00,,Öğrenci Sayısı 355
Kayseri,Kocasinan,Boztepe Şehit Furkan Hamamcı İmam Hatip Ortaokulu,763874,İmam Hatip Ortaokulu,https://boztepeimamhatiportaokulu38.meb.k12.tr,,,https://boztepeimamhatiportaokulu38.meb.k12.tr/tema/harita.php,2026-08-31,107,107,bulundu,https://boztepeimamhatiportaokulu38.meb.k12.tr/,2026-10-01T18:55:29.983800+00:00,,Öğrenci Sayısı 107
Kayseri,Kocasinan,Burhanettin-Hanım Karamete İlkokulu,700026,İlkokul,https://karameteio.meb.k12.tr,,,https://karameteio.meb.k12.tr/tema/harita.php,2026-08-31,284,284,bulundu,https://karameteio.meb.k12.tr/,2026-10-01T18:55:29.985868+00:00,,Öğrenci Sayısı : 284
Kayseri,Kocasinan,Buğdaylı Şehit Ömer Delibaş Ortaokulu,715909,Ortaokul,https://bugdayliortaokulu.meb.k12.tr,,,https://bugdayliortaokulu.meb.k12.tr/tema/harita.php,2026-08-31,177,177,bulundu,https://bugdayliortaokulu.meb.k12.tr/tema/okulumuz_hakkinda.php,2026-10-01T18:55:30.375365+00:00,,Öğrenci : 177
Kayseri,Kocasinan,Buğdaylı Şehit Ömer Delibaş İlkokulu,715873,İlkokul,https://bugdayli.meb.k12.tr,,,https://bugdayli.meb.k12.tr/tema/harita.php,2026-08-31,231,231,bulundu,https://bugdayli.meb.k12.tr/,2026-10-01T18:55:30.516505+00:00,,Öğrenci Sayısı: 231
Kayseri,Kocasinan,Buğdaylı Şehit Ömer Delibaş İmam Hatip Ortaokulu,763938,İmam Hatip Ortaokulu,https://bugdayliiho.meb.k12.tr,,,https://bugdayliiho.meb.k12.tr/tema/harita.php,2026-08-31,59,59,bulundu,https://bugdayliiho.meb.k12.tr/,2026-10-01T18:55:30.525815+00:00,,Öğrenci Sayısı 59
Kayseri,Kocasinan,Cemal Bozkurt Anadolu Lisesi,966502,Anadolu Lisesi,https://cbozkurtal.meb.k12.tr,,,https://cbozkurtal.meb.k12.tr/tema/harita.php,2026-08-31,381,381,bulundu,https://cbozkurtal.meb.k12.tr/tema/okulumuz_hakkinda.php,2026-10-01T18:55:30.583913+00:00,,Öğrenci : 381
Kayseri,Kocasinan,Cengiz Topel İlkokulu,700031,İlkokul,https://kocasinancengiztopel.meb.k12.tr,,,https://kocasinancengiztopel.meb.k12.tr/tema/harita.php,2026-08-31,192,192,bulundu,https://kocasinancengiztopel.meb.k12.tr/,2026-10-01T18:55:30.714823+00:00,,Öğrenci Sayısı : 192
Kayseri,Kocasinan,Cengiz Topel İmam Hatip Ortaokulu,761351,İmam Hatip Ortaokulu,https://ctopeliho.meb.k12.tr,,,https://ctopeliho.meb.k12.tr/tema/harita.php,2026-08-31,390,390,bulundu,https://ctopeliho.meb.k12.tr/,2026-10-01T18:55:30.810435+00:00,,Öğrenci Sayısı : 390
Kayseri,Kocasinan,Cevdet Sunay Ortaokulu,718684,Ortaokul,https://cevdetsunayortaokulu.meb.k12.tr,,,https://cevdetsunayortaokulu.meb.k12.tr/tema/harita.php,2026-08-31,635,635,bulundu,https://cevdetsunayortaokulu.meb.k12.tr/,2026-10-01T18:55:30.820312+00:00,,Öğrenci Sayısı 635
Kayseri,Kocasinan,Cevdet Sunay İlkokulu,387402,İlkokul,https://cevdetsunay.meb.k12.tr,,,https://cevdetsunay.meb.k12.tr/tema/harita.php,2026-08-31,314,314,bulundu,https://cevdetsunay.meb.k12.tr/,2026-10-01T18:55:30.978426+00:00,,Öğrenci Sayısı 314
Kayseri,Kocasinan,Cevdet Sunay İmam Hatip Ortaokulu,763873,İmam Hatip Ortaokulu,https://cevdetsunayimamhatiportaokulu.meb.k12.tr,,,https://cevdetsunayimamhatiportaokulu.meb.k12.tr/tema/harita.php,2026-08-31,77,77,bulundu,https://cevdetsunayimamhatiportaokulu.meb.k12.tr/,2026-10-01T18:55:31.003377+00:00,,Öğrenci Sayısı 77
Kayseri,Kocasinan,Cumhuriyet İlkokulu,700043,İlkokul,https://kaysericumhuriyetilkokulu.meb.k12.tr,,,https://kaysericumhuriyetilkokulu.meb.k12.tr/tema/harita.php,2026-08-31,394,394,bulundu,https://kaysericumhuriyetilkokulu.meb.k12.tr/,2026-10-01T18:55:31.167684+00:00,,Öğrenci Sayısı 394
Kayseri,Kocasinan,Dadaloğlu Şehit Osman Aydın Ortaokulu,716101,Ortaokul,https://dadaloglusoao.meb.k12.tr,,,https://dadaloglusoao.meb.k12.tr/tema/harita.php,2026-08-31,66,66,bulundu,https://dadaloglusoao.meb.k12.tr/tema/okulumuz_hakkinda.php,2026-10-01T18:55:31.175217+00:00,,Öğrenci : 66
Kayseri,Kocasinan,Dadaloğlu Şehit Osman Aydın İlkokulu,716072,İlkokul,https://dadaloglusoai.meb.k12.tr,,,https://dadaloglusoai.meb.k12.tr/tema/harita.php,2026-08-31,175,175,bulundu,https://dadaloglusoai.meb.k12.tr/tema/okulumuz_hakkinda.php,2026-10-01T18:55:31.296976+00:00,,Öğrenci : 175
Kayseri,Kocasinan,Dadaloğlu Şehit Osman Aydın İmam Hatip Ortaokulu,763872,İmam Hatip Ortaokulu,https://dadaloglusoaiho.meb.k12.tr,,,https://dadaloglusoaiho.meb.k12.tr/tema/harita.php,2026-08-31,60,60,bulundu,https://dadaloglusoaiho.meb.k12.tr/tema/okulumuz_hakkinda.php,2026-10-01T18:55:31.529960+00:00,,Öğrenci : 60
Kayseri,Kocasinan,Düver İlkokulu,716458,İlkokul,https://duverio.meb.k12.tr,,,https://duverio.meb.k12.tr/tema/harita.php,2026-08-31,26,26,bulundu,https://duverio.meb.k12.tr/,2026-10-01T18:55:31.582299+00:00,,Öğrenci Sayısı 26
Kayseri,Kocasinan,Elagöz Şehit Fazlı Altuntaş İlkokulu,592585,İlkokul,https://elagoz.meb.k12.tr,,,https://elagoz.meb.k12.tr/tema/harita.php,2026-08-31,101,101,bulundu,https://elagoz.meb.k12.tr/,2026-10-01T18:55:31.627899+00:00,,Öğrenci Sayısı 101
Kayseri,Kocasinan,Emel Tarman Görme Engelliler Ortaokulu,746949,Ortaokul,https://emeltarmangormeengellileroo.meb.k12.tr,,,https://emeltarmangormeengellileroo.meb.k12.tr/tema/harita.php,2026-08-31,29,29,bulundu,https://emeltarmangormeengellileroo.meb.k12.tr/,2026-10-01T18:55:31.691818+00:00,,Öğrenci Sayısı : 29
Kayseri,Kocasinan,Emel Tarman Görme Engelliler İlkokulu,746819,İlkokul,https://emeltarmangormeengelliler.meb.k12.tr,,,https://emeltarmangormeengelliler.meb.k12.tr/tema/harita.php,2026-08-31,23,23,bulundu,https://emeltarmangormeengelliler.meb.k12.tr/,2026-10-01T18:55:31.703019+00:00,,Öğrenci Sayısı : 23
Kayseri,Kocasinan,Ergenekon Ortaokulu,700731,Ortaokul,https://ergenekonortaokulu.meb.k12.tr,,,https://ergenekonortaokulu.meb.k12.tr/tema/harita.php,2026-08-31,620,620,bulundu,https://ergenekonortaokulu.meb.k12.tr/,2026-10-01T18:55:31.786764+00:00,,Öğrenci Sayısı : 620
Kayseri,Kocasinan,Ergenekon İlkokulu,700718,İlkokul,https://ergenekonilkokulu.meb.k12.tr,,,https://ergenekonilkokulu.meb.k12.tr/tema/harita.php,2026-08-31,803,803,bulundu,https://ergenekonilkokulu.meb.k12.tr/tema/okulumuz_hakkinda.php,2026-10-01T18:55:31.816140+00:00,,Öğrenci : 803
Kayseri,Kocasinan,Erkilet Ali Osman Özel İlkokulu,716503,İlkokul,https://erkiletaliosmanozelilkokulu.meb.k12.tr,,,https://erkiletaliosmanozelilkokulu.meb.k12.tr/tema/harita.php,2026-08-31,291,291,bulundu,https://erkiletaliosmanozelilkokulu.meb.k12.tr/,2026-10-01T18:55:32.006821+00:00,,Öğrenci Sayısı : 291
Kayseri,Kocasinan,Erkilet Atatürk İlkokulu,700063,İlkokul,https://erkiletataturkilkokulu.meb.k12.tr,,,https://erkiletataturkilkokulu.meb.k12.tr/tema/harita.php,2026-08-31,428,428,bulundu,https://erkiletataturkilkokulu.meb.k12.tr/,2026-10-01T18:55:32.010746+00:00,,Öğrenci Sayısı: 428
Kayseri,Kocasinan,Erkilet General Emir Ortaokulu,262082,Ortaokul,https://generalemir.meb.k12.tr,,,https://generalemir.meb.k12.tr/tema/harita.php,2026-08-31,662,662,bulundu,https://generalemir.meb.k12.tr/,2026-10-01T18:55:32.141728+00:00,,Öğrenci Sayısı : 662
Kayseri,Kocasinan,Erkilet General Emir İmam Hatip Ortaokulu,760858,İmam Hatip Ortaokulu,https://generalemiriho.meb.k12.tr,,,https://generalemiriho.meb.k12.tr/tema/harita.php,2026-08-31,68,68,bulundu,https://generalemiriho.meb.k12.tr/,2026-10-01T18:55:32.286625+00:00,,Öğrenci Sayısı : 68
Kayseri,Kocasinan,Erkilet Ortaokulu,775650,Ortaokul,https://erkiletortaokulu.meb.k12.tr,,,https://erkiletortaokulu.meb.k12.tr/tema/harita.php,2026-08-31,581,581,bulundu,https://erkiletortaokulu.meb.k12.tr/,2026-10-01T18:55:32.419812+00:00,,Öğrenci Sayısı 581
Kayseri,Kocasinan,Erkilet Süleyman Tarman İlkokulu,700072,İlkokul,https://erkiletsuleymantarman.meb.k12.tr,,,https://erkiletsuleymantarman.meb.k12.tr/tema/harita.php,2026-08-31,607,607,bulundu,https://erkiletsuleymantarman.meb.k12.tr/,2026-10-01T18:55:32.550165+00:00,,Öğrenci Sayısı : 607
Kayseri,Kocasinan,Eskiömerler İlkokulu,700136,İlkokul,https://eskiomerler.meb.k12.tr,,,https://eskiomerler.meb.k12.tr/tema/harita.php,2026-08-31,19,19,bulundu,https://eskiomerler.meb.k12.tr/,2026-10-01T18:55:32.794658+00:00,,Öğrenci Sayısı: 19
Kayseri,Kocasinan,Fatma-Muhittin Tatar Anaokulu,972180,Anaokulu,https://fmtataranaokulu.meb.k12.tr,,,https://fmtataranaokulu.meb.k12.tr/tema/harita.php,2026-08-31,161,161,bulundu,https://fmtataranaokulu.meb.k12.tr/,2026-10-01T18:55:33.088606+00:00,,Öğrenci Sayısı: 161
Kayseri,Kocasinan,Feridun Cıngıllı İlkokulu,700141,İlkokul,https://feriduncingilliio.meb.k12.tr,,,https://feriduncingilliio.meb.k12.tr/tema/harita.php,2026-08-31,468,468,bulundu,https://feriduncingilliio.meb.k12.tr/,2026-10-01T18:55:33.109824+00:00,,Öğrenci Sayısı 468
Kayseri,Kocasinan,Fevzi Çakmak Anadolu Lisesi,169620,Anadolu Lisesi,https://fevzicakmaklisesi.meb.k12.tr,,,https://fevzicakmaklisesi.meb.k12.tr/tema/harita.php,2026-08-31,1062,1062,bulundu,https://fevzicakmaklisesi.meb.k12.tr/,2026-10-01T18:55:33.129774+00:00,,Öğrenci Sayısı 1062
Kayseri,Kocasinan,Feyziye Memduh Güpgüpoğlu Mesleki Eğitim Merkezi,776952,Mesleki Eğitim Merkezi,https://feyziyememduhgupgupoglumesem.meb.k12.tr,,,https://feyziyememduhgupgupoglumesem.meb.k12.tr/tema/harita.php,2026-08-31,3037,3037,bulundu,https://feyziyememduhgupgupoglumesem.meb.k12.tr/,2026-10-01T18:55:33.176827+00:00,,Öğrenci Sayısı : 3037
Kayseri,Kocasinan,Gazi Osman Paşa Ortaokulu,716527,Ortaokul,https://goporta38.meb.k12.tr,,,https://goporta38.meb.k12.tr/tema/harita.php,2026-08-31,272,272,bulundu,https://goporta38.meb.k12.tr/,2026-10-01T18:55:33.231997+00:00,,Öğrenci Sayısı 272
Kayseri,Kocasinan,Gazi Osman Paşa İlkokulu,716517,İlkokul,https://gopilk38.meb.k12.tr,,,https://gopilk38.meb.k12.tr/tema/harita.php,2026-08-31,283,283,bulundu,https://gopilk38.meb.k12.tr/,2026-10-01T18:55:33.425041+00:00,,Öğrenci Sayısı 283
Kayseri,Kocasinan,Gazioğlu Ortaokulu,700142,Ortaokul,https://gaziogluoo.meb.k12.tr,,,https://gaziogluoo.meb.k12.tr/tema/harita.php,2026-08-31,197,197,bulundu,https://gaziogluoo.meb.k12.tr/tema/okulumuz_hakkinda.php,2026-10-01T18:55:33.482163+00:00,,Öğrenci : 197
Kayseri,Kocasinan,Gazioğlu İmam Hatip Ortaokulu,760857,İmam Hatip Ortaokulu,https://gaziogluiho.meb.k12.tr,,,https://gaziogluiho.meb.k12.tr/tema/harita.php,2026-08-31,111,111,bulundu,https://gaziogluiho.meb.k12.tr/,2026-10-01T18:55:33.558046+00:00,,Öğrenci Sayısı 111
Kayseri,Kocasinan,Gazipaşa İlkokulu,700143,İlkokul,https://gazipasa38.meb.k12.tr,,,https://gazipasa38.meb.k12.tr/tema/harita.php,2026-08-31,226,226,bulundu,https://gazipasa38.meb.k12.tr/,2026-10-01T18:55:33.838640+00:00,,Öğrenci Sayısı : 226
Kayseri,Kocasinan,General Emir Anadolu İmam Hatip Lisesi,765193,Anadolu İmam Hatip Lisesi,https://generalemiraihlisesi.meb.k12.tr,,,https://generalemiraihlisesi.meb.k12.tr/tema/harita.php,2026-08-31,211,211,bulundu,https://generalemiraihlisesi.meb.k12.tr/tema/okulumuz_hakkinda.php,2026-10-01T18:55:33.841666+00:00,,Öğrenci : 211
Kayseri,Kocasinan,Gevher Nesibe Özel Eğitim Uygulama Okulu III. Kademe,750640,Özel Eğitim Kurumu,https://gevhernesibeozelegitim.meb.k12.tr,,,https://gevhernesibeozelegitim.meb.k12.tr/tema/harita.php,2026-08-31,109,109,bulundu,https://gevhernesibeozelegitim.meb.k12.tr/,2026-10-01T18:55:33.844404+00:00,,Öğrenci Sayısı : 109
Kayseri,Kocasinan,Gözüakçalar İlkokulu,700163,İlkokul,https://gozuakcalar.meb.k12.tr,,,https://gozuakcalar.meb.k12.tr/tema/harita.php,2026-08-31,134,134,bulundu,https://gozuakcalar.meb.k12.tr/tema/okulumuz_hakkinda.php,2026-10-01T18:55:33.852156+00:00,,Öğrenci : 134
Kayseri,Kocasinan,Gültekin Gürkan İlkokulu,700167,İlkokul,https://gltekingrkan.meb.k12.tr,,,https://gltekingrkan.meb.k12.tr/tema/harita.php,2026-08-31,413,413,bulundu,https://gltekingrkan.meb.k12.tr/,2026-10-01T18:55:33.868852+00:00,,Öğrenci Sayısı: 413
Kayseri,Kocasinan,Güneşli Ortaokulu,716554,Ortaokul,https://kayserigunesliortaokulu.meb.k12.tr,,,https://kayserigunesliortaokulu.meb.k12.tr/tema/harita.php,2026-08-31,61,61,bulundu,https://kayserigunesliortaokulu.meb.k12.tr/,2026-10-01T18:55:33.869548+00:00,,Öğrenci Sayısı 61
Kayseri,Kocasinan,Güneşli İmam Hatip Ortaokulu,765447,İmam Hatip Ortaokulu,https://kayserigunesliihoo.meb.k12.tr,,,https://kayserigunesliihoo.meb.k12.tr/tema/harita.php,2026-08-31,55,55,bulundu,https://kayserigunesliihoo.meb.k12.tr/,2026-10-01T18:55:34.067211+00:00,,Öğrenci Sayısı 55
Kayseri,Kocasinan,Güneşli Şehit İlhan Odabaşı İlkokulu,716545,İlkokul,https://guneslisehitilhanodabasiilkokulu.meb.k12.tr,,,https://guneslisehitilhanodabasiilkokulu.meb.k12.tr/tema/harita.php,2026-08-31,88,88,bulundu,https://guneslisehitilhanodabasiilkokulu.meb.k12.tr/,2026-10-01T18:55:34.162059+00:00,,Öğrenci Sayısı: 88
Kayseri,Kocasinan,Güventürk Anaokulu,819385,Anaokulu,https://guventurkanaokulu.meb.k12.tr,,,https://guventurkanaokulu.meb.k12.tr/tema/harita.php,2026-08-31,1,1,bulundu,https://guventurkanaokulu.meb.k12.tr/,2026-10-01T18:55:34.322374+00:00,,Öğrenci Sayısı: 1
Kayseri,Kocasinan,Hacı Ahmet Arısoy Anadolu Lisesi,972908,Anadolu Lisesi,https://arisoyal.meb.k12.tr,,,https://arisoyal.meb.k12.tr/tema/harita.php,2026-08-31,703,703,bulundu,https://arisoyal.meb.k12.tr/tema/okulumuz_hakkinda.php,2026-10-01T18:55:34.434790+00:00,,Öğrenci : 703
Kayseri,Kocasinan,Hacı Mehmet Soyışık İlkokulu,700236,İlkokul,https://hacimehmetsoy.meb.k12.tr,,,https://hacimehmetsoy.meb.k12.tr/tema/harita.php,2026-08-31,167,167,bulundu,https://hacimehmetsoy.meb.k12.tr/,2026-10-01T18:55:34.410320+00:00,,Öğrenci Sayısı 167
Kayseri,Kocasinan,Hacı Mustafa Postaağası Özel Eğitim Meslek Okulu,963230,Özel Eğitim Kurumu,https://postaagasi.meb.k12.tr,,,https://postaagasi.meb.k12.tr/tema/harita.php,2026-08-31,107,107,bulundu,https://postaagasi.meb.k12.tr/,2026-10-01T18:55:34.425967+00:00,,Öğrenci Sayısı : 107
Kayseri,Kocasinan,Hacı Ömer-Ayten Tepecik İlkokulu,761338,İlkokul,https://omeraytentepecik.meb.k12.tr,,,https://omeraytentepecik.meb.k12.tr/tema/harita.php,2026-08-31,1294,1294,bulundu,https://omeraytentepecik.meb.k12.tr/,2026-10-01T18:55:34.439025+00:00,,Öğrenci Sayısı : 1294
Kayseri,Kocasinan,Hacı Ömer-Ayten Tepecik İmam Hatip Ortaokulu,761455,İmam Hatip Ortaokulu,https://omeraytentepecikiho.meb.k12.tr,,,https://omeraytentepecikiho.meb.k12.tr/tema/harita.php,2026-08-31,225,225,bulundu,https://omeraytentepecikiho.meb.k12.tr/,2026-10-01T18:55:34.469831+00:00,,Öğrenci Sayısı : 225
Kayseri,Kocasinan,Hasbekli Hafız Mümin Akan Anadolu İmam Hatip Lisesi,763553,Anadolu İmam Hatip Lisesi,https://hasbeklihafizmuminakanaihl.meb.k12.tr,,,https://hasbeklihafizmuminakanaihl.meb.k12.tr/tema/harita.php,2026-08-31,128,128,bulundu,https://hasbeklihafizmuminakanaihl.meb.k12.tr/,2026-10-01T18:55:34.531653+00:00,,Öğrenci Sayısı : 128
Kayseri,Kocasinan,Hikmet Madazlı Anaokulu,774854,Anaokulu,https://hikmetmadazlianaokulu.meb.k12.tr,,,https://hikmetmadazlianaokulu.meb.k12.tr/tema/harita.php,2026-08-31,173,173,bulundu,https://hikmetmadazlianaokulu.meb.k12.tr/,2026-10-01T18:55:34.553853+00:00,,Öğrenci Sayısı: 173
Kayseri,Kocasinan,Himmetdede Atatürk Ortaokulu,717158,Ortaokul,https://hataturkortaokulu.meb.k12.tr,,,https://hataturkortaokulu.meb.k12.tr/tema/harita.php,2026-08-31,85,85,bulundu,https://hataturkortaokulu.meb.k12.tr/,2026-10-01T18:55:34.813008+00:00,,Öğrenci Sayısı : 85
Kayseri,Kocasinan,Himmetdede Atatürk İlkokulu,717131,İlkokul,https://hataturkilkokulu.meb.k12.tr,,,https://hataturkilkokulu.meb.k12.tr/tema/harita.php,2026-08-31,51,51,bulundu,https://hataturkilkokulu.meb.k12.tr/,2026-10-01T18:55:35.001907+00:00,,Öğrenci Sayısı : 51
Kayseri,Kocasinan,Himmetdede Şehit Kemal Ergen Çok Programlı Anadolu Lisesi,317320,Çok Programlı Anadolu Lisesi,https://himmetdedecpl.meb.k12.tr,,,https://himmetdedecpl.meb.k12.tr/tema/harita.php,2026-08-31,47,47,bulundu,https://himmetdedecpl.meb.k12.tr/,2026-10-01T18:55:35.027246+00:00,,Öğrenci Sayısı 47
Kayseri,Kocasinan,Huriye Eren Ortaokulu,700772,Ortaokul,https://huriyeerenoo.meb.k12.tr,,,https://huriyeerenoo.meb.k12.tr/tema/harita.php,2026-08-31,,,bulunamadi,,2026-10-01T18:55:35.035581+00:00,,
Kayseri,Kocasinan,Huriye Eren İmam Hatip Ortaokulu,761253,İmam Hatip Ortaokulu,https://huriyeerenimamhatip.meb.k12.tr,,,https://huriyeerenimamhatip.meb.k12.tr/tema/harita.php,2026-08-31,179,179,bulundu,https://huriyeerenimamhatip.meb.k12.tr/,2026-10-01T18:55:35.038034+00:00,,Öğrenci Sayısı : 179
Kayseri,Kocasinan,Kadir Has Ortaokulu,700173,Ortaokul,https://kadirhasortaokulu.meb.k12.tr,,,https://kadirhasortaokulu.meb.k12.tr/tema/harita.php,2026-08-31,1861,1861,bulundu,https://kadirhasortaokulu.meb.k12.tr/,2026-10-01T18:55:35.042694+00:00,,Öğrenci Sayısı 1861
Kayseri,Kocasinan,Kadriye-Refik Şapcı Anaokulu,774064,Anaokulu,https://774064.meb.k12.tr,,,https://774064.meb.k12.tr/tema/harita.php,2026-08-31,78,78,bulundu,https://774064.meb.k12.tr/,2026-10-01T18:55:35.060000+00:00,,Öğrenci Sayısı : 78
Kayseri,Kocasinan,Karakimse İlkokulu,717201,İlkokul,https://karakimse.meb.k12.tr,,,https://karakimse.meb.k12.tr/tema/harita.php,2026-08-31,19,19,bulundu,https://karakimse.meb.k12.tr/,2026-10-01T18:55:35.302227+00:00,,Öğrenci Sayısı 19
Kayseri,Kocasinan,Kardelen Anaokulu,776982,Anaokulu,https://776982.meb.k12.tr,,,https://776982.meb.k12.tr/tema/harita.php,2026-08-31,169,169,bulundu,https://776982.meb.k12.tr/,2026-10-01T18:55:35.366746+00:00,,Öğrenci Sayısı: 169
Kayseri,Kocasinan,Kayseri Olgunlaşma Enstitüsü,169835,Olgunlaşma Enstitüsü,https://kayseriolgunlasma.meb.k12.tr,,,https://kayseriolgunlasma.meb.k12.tr/tema/harita.php,2026-08-31,,,bulunamadi,,2026-10-01T18:55:35.443569+00:00,,
Kayseri,Kocasinan,Kayseri Ticaret Mesleki ve Teknik Anadolu Lisesi,169847,Mesleki ve Teknik Anadolu Lisesi,https://kaymetal.meb.k12.tr,,,https://kaymetal.meb.k12.tr/tema/harita.php,2026-08-31,751,751,bulundu,https://kaymetal.meb.k12.tr/,2026-10-01T18:55:35.484871+00:00,,Öğrenci Sayısı 751
Kayseri,Kocasinan,Kaş İlkokulu,700175,İlkokul,https://kocasinankasio.meb.k12.tr,,,https://kocasinankasio.meb.k12.tr/tema/harita.php,2026-08-31,10,10,bulundu,https://kocasinankasio.meb.k12.tr/,2026-10-01T18:55:35.529834+00:00,,Öğrenci Sayısı 10
Kayseri,Kocasinan,Kocasinan 75.Yıl Cumhuriyet Anadolu Lisesi,964143,Anadolu Lisesi,https://75cal.meb.k12.tr,,,https://75cal.meb.k12.tr/tema/harita.php,2026-08-31,831,831,bulundu,https://75cal.meb.k12.tr/,2026-10-01T18:55:35.743742+00:00,,Öğrenci Sayısı : 831
Kayseri,Kocasinan,Kocasinan Ahmet Erdem Ticaret Mesleki ve Teknik Anadolu Lisesi,225012,Mesleki ve Teknik Anadolu Lisesi,https://ahmeterdemtml.meb.k12.tr,,,https://ahmeterdemtml.meb.k12.tr/tema/harita.php,2026-08-31,725,725,bulundu,https://ahmeterdemtml.meb.k12.tr/tema/okulumuz_hakkinda.php,2026-10-01T18:55:35.768808+00:00,,Öğrenci : 725
Kayseri,Kocasinan,Kocasinan Ahmet Eren Anadolu Lisesi,964142,Anadolu Lisesi,https://aerenal.meb.k12.tr,,,https://aerenal.meb.k12.tr/tema/harita.php,2026-08-31,851,851,bulundu,https://aerenal.meb.k12.tr/,2026-10-01T18:55:35.778550+00:00,,Öğrenci Sayısı 851
Kayseri,Kocasinan,Kocasinan Anadolu Lisesi,964141,Anadolu Lisesi,https://ksal.meb.k12.tr,,,https://ksal.meb.k12.tr/tema/harita.php,2026-08-31,691,691,bulundu,https://ksal.meb.k12.tr/,2026-10-01T18:55:35.830217+00:00,,Öğrenci Sayısı 691
Kayseri,Kocasinan,Kocasinan Bilim ve Sanat Merkezi,774691,Bilim ve Sanat Merkezi,https://kocasinanbilsem.meb.k12.tr,,,https://kocasinanbilsem.meb.k12.tr/tema/harita.php,2026-08-31,174,174,bulundu,https://kocasinanbilsem.meb.k12.tr/,2026-10-01T18:55:35.956733+00:00,,Öğrenci Sayısı 174
Kayseri,Kocasinan,Kocasinan Furkan Doğan Anadolu İmam Hatip Lisesi,973766,Anadolu İmam Hatip Lisesi,https://ksinanfurkandoganaihl.meb.k12.tr,,,https://ksinanfurkandoganaihl.meb.k12.tr/tema/harita.php,2026-08-31,,,bulunamadi,,2026-10-01T18:55:35.972314+00:00,,
Kayseri,Kocasinan,Kocasinan Halk Eğitimi Merkezi,169884,Halk Eğitimi Merkezi,https://kocasinanhem.meb.k12.tr,,,https://kocasinanhem.meb.k12.tr/tema/harita.php,2026-08-31,,,bulunamadi,,2026-10-01T18:55:36.049296+00:00,,
Kayseri,Kocasinan,Kocasinan Mustafa Kemal Atatürk Ticaret Mesleki ve Teknik Anadolu Lisesi,169859,Mesleki ve Teknik Anadolu Lisesi,https://ataturktml.meb.k12.tr,,,https://ataturktml.meb.k12.tr/tema/harita.php,2026-08-31,697,697,bulundu,https://ataturktml.meb.k12.tr/,2026-10-01T18:55:36.183904+00:00,,Öğrenci Sayısı 697
Kayseri,Kocasinan,Kocasinan Rehberlik ve Araştırma Merkezi,169918,Rehberlik ve Araştırma Merkezi,https://kocasinanram.meb.k12.tr,,,https://kocasinanram.meb.k12.tr/tema/harita.php,2026-08-31,,,bulunamadi,,2026-10-01T18:55:36.283694+00:00,,
Kayseri,Kocasinan,Kocasinan Türkan Altun ve Av. Mehmet Altun Anadolu Lisesi,775501,Anadolu Lisesi,https://775501.meb.k12.tr,,,https://775501.meb.k12.tr/tema/harita.php,2026-08-31,453,453,bulundu,https://775501.meb.k12.tr/,2026-10-01T18:55:36.351725+00:00,,Öğrenci Sayısı : 453
Kayseri,Kocasinan,Kocasinan Türkan Altun ve Av. Mehmet Altun Anaokulu,775456,Anaokulu,https://775456.meb.k12.tr,,,https://775456.meb.k12.tr/tema/harita.php,2026-08-31,,,bulunamadi,,2026-10-01T18:55:36.403671+00:00,,
Kayseri,Kocasinan,Kocasinan Türkan Altun ve Av. Mehmet Altun Ortaokulu,775455,Ortaokul,https://turkanavmehmetaltunortaokulu.meb.k12.tr,,,https://turkanavmehmetaltunortaokulu.meb.k12.tr/tema/harita.php,2026-08-31,,,bulunamadi,,2026-10-01T18:55:36.413106+00:00,,
Kayseri,Kocasinan,Kocasinan Türkan Altun ve Av. Mehmet Altun İlkokulu,775454,İlkokul,https://turkanaltunavmehmetaltunilkokul.meb.k12.tr,,,https://turkanaltunavmehmetaltunilkokul.meb.k12.tr/tema/harita.php,2026-08-31,617,617,bulundu,https://turkanaltunavmehmetaltunilkokul.meb.k12.tr/,2026-10-01T18:55:36.459301+00:00,,Öğrenci Sayısı 617
Kayseri,Kocasinan,Kocasinan Yemliha Çok Programlı Anadolu Lisesi,324894,Çok Programlı Anadolu Lisesi,https://yemlihacpl.meb.k12.tr,,,https://yemlihacpl.meb.k12.tr/tema/harita.php,2026-08-31,142,142,bulundu,https://yemlihacpl.meb.k12.tr/tema/okulumuz_hakkinda.php,2026-10-01T18:55:36.566672+00:00,,Öğrenci : 142
Kayseri,Kocasinan,Kocasinan Özel Eğitim Meslek Lisesi,876327,Mesleki ve Teknik Anadolu Lisesi,https://kocasinanoeml.meb.k12.tr,,,https://kocasinanoeml.meb.k12.tr/tema/harita.php,2026-08-31,12,12,bulundu,https://kocasinanoeml.meb.k12.tr/,2026-10-01T18:55:36.622456+00:00,,Öğrenci Sayısı : 12
Kayseri,Kocasinan,Mahzemin İlkokulu,717347,İlkokul,https://mahzeminilkokulu.meb.k12.tr,,,https://mahzeminilkokulu.meb.k12.tr/tema/harita.php,2026-08-31,95,95,bulundu,https://mahzeminilkokulu.meb.k12.tr/,2026-10-01T18:55:36.790317+00:00,,Öğrenci Sayısı 95
Kayseri,Kocasinan,Mahzemin İmam Hatip Ortaokulu,767771,İmam Hatip Ortaokulu,https://mahzeminiho.meb.k12.tr,,,https://mahzeminiho.meb.k12.tr/tema/harita.php,2026-08-31,133,133,bulundu,https://mahzeminiho.meb.k12.tr/,2026-10-01T18:55:36.840209+00:00,,Öğrenci Sayısı 133
Kayseri,Kocasinan,Mehmet Akif Ersoy Ortaokulu,700178,Ortaokul,https://kocasinanmehmetakifersoy.meb.k12.tr,,,https://kocasinanmehmetakifersoy.meb.k12.tr/tema/harita.php,2026-08-31,559,559,bulundu,https://kocasinanmehmetakifersoy.meb.k12.tr/,2026-10-01T18:55:36.845717+00:00,,Öğrenci Sayısı : 559
Kayseri,Kocasinan,Mehmet Akif Ersoy İmam Hatip Ortaokulu,763871,İmam Hatip Ortaokulu,https://kocasinanmehmetakifersoyiho.meb.k12.tr,,,https://kocasinanmehmetakifersoyiho.meb.k12.tr/tema/harita.php,2026-08-31,71,71,bulundu,https://kocasinanmehmetakifersoyiho.meb.k12.tr/,2026-10-01T18:55:36.978856+00:00,,Öğrenci Sayısı : 71
Kayseri,Kocasinan,Mehmet Akif İnan Anadolu Lisesi,763632,Anadolu Lisesi,https://kocasinanmehmetakifinan.meb.k12.tr,,,https://kocasinanmehmetakifinan.meb.k12.tr/tema/harita.php,2026-08-31,768,768,bulundu,https://kocasinanmehmetakifinan.meb.k12.tr/tema/okulumuz_hakkinda.php,2026-10-01T18:55:37.062037+00:00,,Öğrenci : 768
Kayseri,Kocasinan,Mehmet Ali Bakkaloğlu Anaokulu,768751,Anaokulu,https://mehmetalibakkaloglu.meb.k12.tr,,,https://mehmetalibakkaloglu.meb.k12.tr/tema/harita.php,2026-08-31,119,119,bulundu,https://mehmetalibakkaloglu.meb.k12.tr/,2026-10-01T18:55:37.067632+00:00,,Öğrenci Sayısı: 119
Kayseri,Kocasinan,Mehmet Alçı İlkokulu,700179,İlkokul,https://mehmetalcio.meb.k12.tr,,,https://mehmetalcio.meb.k12.tr/tema/harita.php,2026-08-31,920,920,bulundu,https://mehmetalcio.meb.k12.tr/,2026-10-01T18:55:37.072418+00:00,,Öğrenci Sayısı : 920
Kayseri,Kocasinan,Mehmet Koçyiğit Ortaokulu,717474,Ortaokul,https://mehmetkocyigitoo.meb.k12.tr,,,https://mehmetkocyigitoo.meb.k12.tr/tema/harita.php,2026-08-31,58,58,bulundu,https://mehmetkocyigitoo.meb.k12.tr/,2026-10-01T18:55:37.083688+00:00,,Öğrenci Sayısı : 58
Kayseri,Kocasinan,Mehmet Koçyiğit İlkokulu,717403,İlkokul,https://mehmetkocyigitio.meb.k12.tr,,,https://mehmetkocyigitio.meb.k12.tr/tema/harita.php,2026-08-31,,,bulunamadi,,2026-10-01T18:55:37.200537+00:00,,
Kayseri,Kocasinan,Mehmet Sepici 60.Yıl Cumhuriyet İlkokulu,700182,İlkokul,https://60yilcum.meb.k12.tr,,,https://60yilcum.meb.k12.tr/tema/harita.php,2026-08-31,535,535,bulundu,https://60yilcum.meb.k12.tr/,2026-10-01T18:55:37.334302+00:00,,Öğrenci Sayısı : 535
Kayseri,Kocasinan,Mehmet Tarman Ortaokulu,748238,Ortaokul,https://mehmettarmanortaokulu.meb.k12.tr,,,https://mehmettarmanortaokulu.meb.k12.tr/tema/harita.php,2026-08-31,1083,1083,bulundu,https://mehmettarmanortaokulu.meb.k12.tr/tema/okulumuz_hakkinda.php,2026-10-01T18:55:37.339222+00:00,,Öğrenci : 1083
Kayseri,Kocasinan,Mehmet Tarman İlkokulu,752585,İlkokul,https://mehmettarmanio.meb.k12.tr,,,https://mehmettarmanio.meb.k12.tr/tema/harita.php,2026-08-31,829,829,bulundu,https://mehmettarmanio.meb.k12.tr/,2026-10-01T18:55:37.375859+00:00,,Öğrenci Sayısı 829
Kayseri,Kocasinan,Mehmet Tarman İmam Hatip Ortaokulu,763868,İmam Hatip Ortaokulu,https://mehmettarmaniho.meb.k12.tr,,,https://mehmettarmaniho.meb.k12.tr/tema/harita.php,2026-08-31,157,157,bulundu,https://mehmettarmaniho.meb.k12.tr/,2026-10-01T18:55:37.413593+00:00,,Öğrenci Sayısı : 157
Kayseri,Kocasinan,Mehmet İlgü İlkokulu,718145,İlkokul,https://mehmetilgu.meb.k12.tr,,,https://mehmetilgu.meb.k12.tr/tema/harita.php,2026-08-31,700,700,bulundu,https://mehmetilgu.meb.k12.tr/,2026-10-01T18:55:37.662351+00:00,,Öğrenci Sayısı : 700
Kayseri,Kocasinan,Mithatpaşa Anaokulu,776373,Anaokulu,https://776373.meb.k12.tr,,,https://776373.meb.k12.tr/tema/harita.php,2026-08-31,,,bulunamadi,,2026-10-01T18:55:37.771238+00:00,,
Kayseri,Kocasinan,Mustafa Germirli İmam Hatip Ortaokulu,762380,İmam Hatip Ortaokulu,https://mustafagermirliiho.meb.k12.tr,,,https://mustafagermirliiho.meb.k12.tr/tema/harita.php,2026-08-31,382,382,bulundu,https://mustafagermirliiho.meb.k12.tr/,2026-10-01T18:55:37.823288+00:00,,Öğrenci Sayısı 382
Kayseri,Kocasinan,Mustafa Kızıklı İlkokulu,717745,İlkokul,https://mustafakizikliilkokulu.meb.k12.tr,,,https://mustafakizikliilkokulu.meb.k12.tr/tema/harita.php,2026-08-31,,,bulunamadi,,2026-10-01T18:55:37.866916+00:00,,
Kayseri,Kocasinan,Mustafa Öner İlkokulu,762630,İlkokul,https://mustafaoner.meb.k12.tr,,,https://mustafaoner.meb.k12.tr/tema/harita.php,2026-08-31,101,101,bulundu,https://mustafaoner.meb.k12.tr/,2026-10-01T18:55:37.966100+00:00,,Öğrenci Sayısı : 101
Kayseri,Kocasinan,Nuh Mehmet Küçükçalık Anadolu Lisesi,169693,Anadolu Lisesi,https://nmkanadolulisesi.meb.k12.tr,,,https://nmkanadolulisesi.meb.k12.tr/tema/harita.php,2026-08-31,635,635,bulundu,https://nmkanadolulisesi.meb.k12.tr/,2026-10-01T18:55:38.234668+00:00,,Öğrenci Sayısı 635
Kayseri,Kocasinan,Nuh Mehmet Yamaner Anadolu İmam Hatip Lisesi,751930,Anadolu İmam Hatip Lisesi,https://nuhmehmetyamaneraihl.meb.k12.tr,,,https://nuhmehmetyamaneraihl.meb.k12.tr/tema/harita.php,2026-08-31,313,313,bulundu,https://nuhmehmetyamaneraihl.meb.k12.tr/,2026-10-01T18:55:38.528772+00:00,,Öğrenci Sayısı 313
Kayseri,Kocasinan,Nurettin Öztürk İmam Hatip Ortaokulu,760740,İmam Hatip Ortaokulu,https://nurettinozturkiho.meb.k12.tr,,,https://nurettinozturkiho.meb.k12.tr/tema/harita.php,2026-08-31,504,504,bulundu,https://nurettinozturkiho.meb.k12.tr/,2026-10-01T18:55:38.670726+00:00,,Öğrenci Sayısı 504
Kayseri,Kocasinan,Orhan Gazi İlkokulu,700187,İlkokul,https://orhangazi38.meb.k12.tr,,,https://orhangazi38.meb.k12.tr/tema/harita.php,2026-08-31,240,240,bulundu,https://orhangazi38.meb.k12.tr/,2026-10-01T18:55:38.681172+00:00,,Öğrenci Sayısı 240
Kayseri,Kocasinan,Osman Düşüngel Mesleki Eğitim Merkezi,351265,Mesleki Eğitim Merkezi,https://odmem.meb.k12.tr,,,https://odmem.meb.k12.tr/tema/harita.php,2026-08-31,2559,2559,bulundu,https://odmem.meb.k12.tr/tema/okulumuz_hakkinda.php,2026-10-01T18:55:38.708142+00:00,,Öğrenci : 2559
Kayseri,Kocasinan,Osman Düşüngel Ortaokulu,700191,Ortaokul,https://osmandusungel.meb.k12.tr,,,https://osmandusungel.meb.k12.tr/tema/harita.php,2026-08-31,1058,1058,bulundu,https://osmandusungel.meb.k12.tr/,2026-10-01T18:55:38.768169+00:00,,Öğrenci Sayısı 1058
Kayseri,Kocasinan,Osman Ulubaş Kayseri Fen Lisesi,169715,Fen Lisesi,https://osmanulubaskfl.meb.k12.tr,,,https://osmanulubaskfl.meb.k12.tr/tema/harita.php,2026-08-31,488,488,bulundu,https://osmanulubaskfl.meb.k12.tr/tema/okulumuz_hakkinda.php,2026-10-01T18:55:38.879118+00:00,,Öğrenci : 488
Kayseri,Kocasinan,Osman Ulubaş Sümer Anaokulu,768823,Anaokulu,https://osmanulubassumeranaokulu.meb.k12.tr,,,https://osmanulubassumeranaokulu.meb.k12.tr/tema/harita.php,2026-08-31,288,288,bulundu,https://osmanulubassumeranaokulu.meb.k12.tr/,2026-10-01T18:55:38.929077+00:00,,Öğrenci Sayısı : 288
Kayseri,Kocasinan,Osman Ulubaş Sümer Ortaokulu,768825,Ortaokul,https://osmanulubassumeroo.meb.k12.tr,,,https://osmanulubassumeroo.meb.k12.tr/tema/harita.php,2026-08-31,734,734,bulundu,https://osmanulubassumeroo.meb.k12.tr/,2026-10-01T18:55:38.930603+00:00,,Öğrenci Sayısı : 734
Kayseri,Kocasinan,Osman Zeki Yücesan Ortaokulu,700807,Ortaokul,https://ozekiyucesanoo.meb.k12.tr,,,https://ozekiyucesanoo.meb.k12.tr/tema/harita.php,2026-08-31,675,675,bulundu,https://ozekiyucesanoo.meb.k12.tr/tema/okulumuz_hakkinda.php,2026-10-01T18:55:39.039080+00:00,,Öğrenci : 675
Kayseri,Kocasinan,Osman Zeki Yücesan İlkokulu,700794,İlkokul,https://osmanzekiyucesanio.meb.k12.tr,,,https://osmanzekiyucesanio.meb.k12.tr/tema/harita.php,2026-08-31,586,586,bulundu,https://osmanzekiyucesanio.meb.k12.tr/,2026-10-01T18:55:39.071309+00:00,,Öğrenci Sayısı 586
Kayseri,Kocasinan,Oymaağaç Şehit Ünal Kayhan Ortaokulu,717837,Ortaokul,https://oymaagacortaokulu.meb.k12.tr,,,https://oymaagacortaokulu.meb.k12.tr/tema/harita.php,2026-08-31,26,26,bulundu,https://oymaagacortaokulu.meb.k12.tr/,2026-10-01T18:55:39.134184+00:00,,Öğrenci Sayısı : 26
Kayseri,Kocasinan,Oymaağaç Şehit Ünal Kayhan İlkokulu,717804,İlkokul,https://oymaagacilkokulu.meb.k12.tr,,,https://oymaagacilkokulu.meb.k12.tr/tema/harita.php,2026-08-31,13,13,bulundu,https://oymaagacilkokulu.meb.k12.tr/,2026-10-01T18:55:39.236445+00:00,,Öğrenci Sayısı : 13
Kayseri,Kocasinan,Refika Küçükçalık Ortaokulu,718764,Ortaokul,https://refikakucukcaliko.meb.k12.tr,,,https://refikakucukcaliko.meb.k12.tr/tema/harita.php,2026-08-31,717,717,bulundu,https://refikakucukcaliko.meb.k12.tr/,2026-10-01T18:55:39.247329+00:00,,Öğrenci Sayısı 717
Kayseri,Kocasinan,Refika Küçükçalık İmam Hatip Ortaokulu,765448,İmam Hatip Ortaokulu,https://refikaiho.meb.k12.tr,,,https://refikaiho.meb.k12.tr/tema/harita.php,2026-08-31,,,bulunamadi,,2026-10-01T18:55:39.340589+00:00,,
Kayseri,Kocasinan,Sabahat Hıfzı Gözübüyük İmam Hatip Ortaokulu,700194,İmam Hatip Ortaokulu,https://shgozubuyukimamhatipoo.meb.k12.tr,,,https://shgozubuyukimamhatipoo.meb.k12.tr/tema/harita.php,2026-08-31,,,bulunamadi,,2026-10-01T18:55:39.396999+00:00,,
Kayseri,Kocasinan,Sabit Bozahmetoğlu Anaokulu,749565,Anaokulu,https://sbanaokulu.meb.k12.tr,,,https://sbanaokulu.meb.k12.tr/tema/harita.php,2026-08-31,,,bulunamadi,,2026-10-01T18:55:39.513690+00:00,,
Kayseri,Kocasinan,Sabit Bozahmetoğlu İlkokulu,700196,İlkokul,https://sabitbozahmetoglu.meb.k12.tr,,,https://sabitbozahmetoglu.meb.k12.tr/tema/harita.php,2026-08-31,697,697,bulundu,https://sabitbozahmetoglu.meb.k12.tr/,2026-10-01T18:55:39.564258+00:00,,Öğrenci Sayısı 697
Kayseri,Kocasinan,Sadiye Nuhoğlu İlkokulu,700876,İlkokul,https://sadiyenuhogluilkokulu.meb.k12.tr,,,https://sadiyenuhogluilkokulu.meb.k12.tr/tema/harita.php,2026-08-31,1030,1030,bulundu,https://sadiyenuhogluilkokulu.meb.k12.tr/,2026-10-01T18:55:39.620278+00:00,,Öğrenci Sayısı : 1030
Kayseri,Kocasinan,Salih Avgın Paşa Ortaokulu,717877,Ortaokul,https://salihavginpasaoo.meb.k12.tr,,,https://salihavginpasaoo.meb.k12.tr/tema/harita.php,2026-08-31,354,354,bulundu,https://salihavginpasaoo.meb.k12.tr/,2026-10-01T18:55:39.632643+00:00,,Öğrenci Sayısı : 354
Kayseri,Kocasinan,Salur İlkokulu,700197,İlkokul,https://kocasinansalur.meb.k12.tr,,,https://kocasinansalur.meb.k12.tr/tema/harita.php,2026-08-31,21,21,bulundu,https://kocasinansalur.meb.k12.tr/,2026-10-01T18:55:39.698058+00:00,,Öğrenci Sayısı 21
Kayseri,Kocasinan,Sami Yangın Anadolu Lisesi,323803,Anadolu Lisesi,https://samiyanginal.meb.k12.tr,,,https://samiyanginal.meb.k12.tr/tema/harita.php,2026-08-31,575,575,bulundu,https://samiyanginal.meb.k12.tr/,2026-10-01T18:55:39.771725+00:00,,Öğrenci Sayısı 575
Kayseri,Kocasinan,Sancaktepe İmam Hatip Ortaokulu,765451,İmam Hatip Ortaokulu,https://sancaktepeiho.meb.k12.tr,,,https://sancaktepeiho.meb.k12.tr/tema/harita.php,2026-08-31,85,85,bulundu,https://sancaktepeiho.meb.k12.tr/,2026-10-01T18:55:39.919963+00:00,,Öğrenci Sayısı : 85
Kayseri,Kocasinan,Sancaktepe Şehit Fahrettin Livçalkan Ortaokulu,717945,Ortaokul,https://sancaktepeortaokulu.meb.k12.tr,,,https://sancaktepeortaokulu.meb.k12.tr/tema/harita.php,2026-08-31,152,152,bulundu,https://sancaktepeortaokulu.meb.k12.tr/,2026-10-01T18:55:40.044150+00:00,,Öğrenci Sayısı : 152
Kayseri,Kocasinan,Sancaktepe Şehit Fahrettin Livçalkan İlkokulu,717917,İlkokul,https://sancaktepeilkokulu.meb.k12.tr,,,https://sancaktepeilkokulu.meb.k12.tr/tema/harita.php,2026-08-31,284,284,bulundu,https://sancaktepeilkokulu.meb.k12.tr/,2026-10-01T18:55:40.173045+00:00,,Öğrenci Sayısı : 284
Kayseri,Kocasinan,Saraycık Hacı Mehmet Soyışık İlkokulu,700168,İlkokul,https://saraycikhacimehmetsoyisikio.meb.k12.tr,,,https://saraycikhacimehmetsoyisikio.meb.k12.tr/tema/harita.php,2026-08-31,35,35,bulundu,https://saraycikhacimehmetsoyisikio.meb.k12.tr/,2026-10-01T18:55:40.326819+00:00,,Öğrenci Sayısı : 35
Kayseri,Kocasinan,Servet Akaydın Ortaokulu,318374,Ortaokul,https://servetakaydin.meb.k12.tr,,,https://servetakaydin.meb.k12.tr/tema/harita.php,2026-08-31,632,632,bulundu,https://servetakaydin.meb.k12.tr/,2026-10-01T18:55:40.407861+00:00,,Öğrenci Sayısı 632
Kayseri,Kocasinan,Servet Akaydın İlkokulu,718039,İlkokul,https://servetakaydinilkokulu.meb.k12.tr,,,https://servetakaydinilkokulu.meb.k12.tr/tema/harita.php,2026-08-31,,,bulunamadi,,2026-10-01T18:55:40.635442+00:00,,
Kayseri,Kocasinan,Sümer Fen Lisesi,973813,Fen Lisesi,https://sumerfenlisesi.meb.k12.tr,,,https://sumerfenlisesi.meb.k12.tr/tema/harita.php,2026-08-31,467,467,bulundu,https://sumerfenlisesi.meb.k12.tr/,2026-10-01T18:55:40.718576+00:00,,Öğrenci Sayısı : 467
Kayseri,Kocasinan,Sümer Ortaokulu,700199,Ortaokul,https://sumero.meb.k12.tr,,,https://sumero.meb.k12.tr/tema/harita.php,2026-08-31,1283,1283,bulundu,https://sumero.meb.k12.tr/,2026-10-01T18:55:40.737246+00:00,,Öğrenci Sayısı 1283
Kayseri,Kocasinan,Sümer Osman Göksu İlkokulu,700198,İlkokul,https://sumerosmangoksuilkokulu.meb.k12.tr,,,https://sumerosmangoksuilkokulu.meb.k12.tr/tema/harita.php,2026-08-31,554,554,bulundu,https://sumerosmangoksuilkokulu.meb.k12.tr/,2026-10-01T18:55:40.779429+00:00,,Öğrenci Sayısı : 554
Kayseri,Kocasinan,Sıdıka İncetan İlkokulu,774827,İlkokul,https://774827.meb.k12.tr,,,https://774827.meb.k12.tr/tema/harita.php,2026-08-31,633,633,bulundu,https://774827.meb.k12.tr/,2026-10-01T18:55:40.841493+00:00,,Öğrenci Sayısı 633
Kayseri,Kocasinan,Taceddin Veli Kız Anadolu İmam Hatip Lisesi,759652,Anadolu İmam Hatip Lisesi,https://taceddinveliaihl.meb.k12.tr,,,https://taceddinveliaihl.meb.k12.tr/tema/harita.php,2026-08-31,576,576,bulundu,https://taceddinveliaihl.meb.k12.tr/,2026-10-01T18:55:40.846821+00:00,,Öğrenci Sayısı : 576
Kayseri,Kocasinan,Tacirler Eğitim Vakfı Özel Eğitim Anaokulu,775802,Anaokulu,https://775802.meb.k12.tr,,,https://775802.meb.k12.tr/tema/harita.php,2026-08-31,49,49,bulundu,https://775802.meb.k12.tr/,2026-10-01T18:55:40.878171+00:00,,Öğrenci Sayısı : 49
Kayseri,Kocasinan,Uluslararası Kayseri İlahiyat Vakfı Anadolu İmam Hatip Lisesi,767055,Anadolu İmam Hatip Lisesi,https://kivaihl38.meb.k12.tr,,,https://kivaihl38.meb.k12.tr/tema/harita.php,2026-08-31,464,464,bulundu,https://kivaihl38.meb.k12.tr/,2026-10-01T18:55:40.929129+00:00,,Öğrenci Sayısı : 464
Kayseri,Kocasinan,Yavuz Selim Ortaokulu,718257,Ortaokul,https://kocasinanyavuzselimortaokulu.meb.k12.tr,,,https://kocasinanyavuzselimortaokulu.meb.k12.tr/tema/harita.php,2026-08-31,429,429,bulundu,https://kocasinanyavuzselimortaokulu.meb.k12.tr/,2026-10-01T18:55:40.979646+00:00,,Öğrenci Sayısı : 429
Kayseri,Kocasinan,Yavuz Selim İlkokulu,718198,İlkokul,https://yavuzselim38.meb.k12.tr,,,https://yavuzselim38.meb.k12.tr/tema/harita.php,2026-08-31,291,291,bulundu,https://yavuzselim38.meb.k12.tr/,2026-10-01T18:55:41.246610+00:00,,Öğrenci Sayısı 291
Kayseri,Kocasinan,Yazır İlkokulu,700203,İlkokul,https://yazililkokulu.meb.k12.tr,,,https://yazililkokulu.meb.k12.tr/tema/harita.php,2026-08-31,79,79,bulundu,https://yazililkokulu.meb.k12.tr/tema/okulumuz_hakkinda.php,2026-10-01T18:55:41.380562+00:00,,Öğrenci : 79
Kayseri,Kocasinan,Yemliha Piyade Uzman Çavuş Mürsel Gürlek İlkokulu,700209,İlkokul,https://murselgurlek.meb.k12.tr,,,https://murselgurlek.meb.k12.tr/tema/harita.php,2026-08-31,144,144,bulundu,https://murselgurlek.meb.k12.tr/,2026-10-01T18:55:41.441618+00:00,,Öğrenci Sayısı : 144
Kayseri,Kocasinan,Yemliha Sami Yangın İlkokulu,700212,İlkokul,https://samiyanginio.meb.k12.tr,,,https://samiyanginio.meb.k12.tr/tema/harita.php,2026-08-31,195,195,bulundu,https://samiyanginio.meb.k12.tr/,2026-10-01T18:55:41.522020+00:00,,Öğrenci Sayısı : 195
Kayseri,Kocasinan,Yemliha Şehit Yunus Uygun Ortaokulu,700205,Ortaokul,https://yemlihamerkezortaokulu.meb.k12.tr,,,https://yemlihamerkezortaokulu.meb.k12.tr/tema/harita.php,2026-08-31,232,232,bulundu,https://yemlihamerkezortaokulu.meb.k12.tr/,2026-10-01T18:55:41.523757+00:00,,Öğrenci Sayısı 232
Kayseri,Kocasinan,Yemliha Şehit Yunus Uygun İmam Hatip Ortaokulu,760868,İmam Hatip Ortaokulu,https://yemlihashtyunusuyguniho.meb.k12.tr,,,https://yemlihashtyunusuyguniho.meb.k12.tr/tema/harita.php,2026-08-31,43,43,bulundu,https://yemlihashtyunusuyguniho.meb.k12.tr/,2026-10-01T18:55:41.905307+00:00,,Öğrenci Sayısı 43
Kayseri,Kocasinan,Yeni Yuvalı İlkokulu,700214,İlkokul,https://yeniyuvaliio.meb.k12.tr,,,https://yeniyuvaliio.meb.k12.tr/tema/harita.php,2026-08-31,15,15,bulundu,https://yeniyuvaliio.meb.k12.tr/,2026-10-01T18:55:41.973217+00:00,,Öğrenci Sayısı : 15
Kayseri,Kocasinan,Yunus Emre Ortaokulu,718334,Ortaokul,https://kayseriyunusemre.meb.k12.tr,,,https://kayseriyunusemre.meb.k12.tr/tema/harita.php,2026-08-31,76,76,bulundu,https://kayseriyunusemre.meb.k12.tr/,2026-10-01T18:55:42.047136+00:00,,Öğrenci Sayısı : 76
Kayseri,Kocasinan,Yunus Emre İmam Hatip Ortaokulu,765646,İmam Hatip Ortaokulu,https://kocasinanyunusemreiho.meb.k12.tr,,,https://kocasinanyunusemreiho.meb.k12.tr/tema/harita.php,2026-08-31,15,15,bulundu,https://kocasinanyunusemreiho.meb.k12.tr/,2026-10-01T18:55:42.240221+00:00,,Öğrenci Sayısı : 15
Kayseri,Kocasinan,Zekiye Has Ortaokulu,718395,Ortaokul,https://zekiyehasoo.meb.k12.tr,,,https://zekiyehasoo.meb.k12.tr/tema/harita.php,2026-08-31,208,208,bulundu,https://zekiyehasoo.meb.k12.tr/,2026-10-01T18:55:42.339146+00:00,,Öğrenci Sayısı : 208
Kayseri,Kocasinan,Zekiye Has İlkokulu,862052,İlkokul,https://zekiyehasio.meb.k12.tr,,,https://zekiyehasio.meb.k12.tr/tema/harita.php,2026-08-31,431,431,bulundu,https://zekiyehasio.meb.k12.tr/,2026-10-01T18:55:42.492140+00:00,,Öğrenci Sayısı : 431
Kayseri,Kocasinan,Zübeyde Hanım İlkokulu,700219,İlkokul,https://zubeydehanimilkokulu38.meb.k12.tr,,,https://zubeydehanimilkokulu38.meb.k12.tr/tema/harita.php,2026-08-31,619,619,bulundu,https://zubeydehanimilkokulu38.meb.k12.tr/,2026-10-01T18:55:42.517599+00:00,,Öğrenci Sayısı 619
Kayseri,Kocasinan,İnönü Ortaokulu,760945,Ortaokul,https://kayseriinonuoo.meb.k12.tr,,,https://kayseriinonuoo.meb.k12.tr/tema/harita.php,2026-08-31,275,275,bulundu,https://kayseriinonuoo.meb.k12.tr/tema/okulumuz_hakkinda.php,2026-10-01T18:55:42.621291+00:00,,Öğrenci : 275
Kayseri,Kocasinan,İnönü İlkokulu,700172,İlkokul,https://kayseriinonu.meb.k12.tr,,,https://kayseriinonu.meb.k12.tr/tema/harita.php,2026-08-31,328,328,bulundu,https://kayseriinonu.meb.k12.tr/,2026-10-01T18:55:42.626627+00:00,,Öğrenci Sayısı 328
Kayseri,Kocasinan,İzzet Altun İlkokulu,700183,İlkokul,https://izzetaltunilkokulu.meb.k12.tr,,,https://izzetaltunilkokulu.meb.k12.tr/tema/harita.php,2026-08-31,908,908,bulundu,https://izzetaltunilkokulu.meb.k12.tr/,2026-10-01T18:55:42.698014+00:00,,Öğrenci Sayısı : 908
Kayseri,Kocasinan,ŞEHİT SUAT SARI ANAOKULU,752583,Anaokulu,https://suatsari.meb.k12.tr,,,https://suatsari.meb.k12.tr/tema/harita.php,2026-08-31,150,150,bulundu,https://suatsari.meb.k12.tr/tema/okulumuz_hakkinda.php,2026-10-01T18:55:42.836909+00:00,,Öğrenci : 150
Kayseri,Kocasinan,Şehit Ahmet Erarslan Ortaokulu,776491,Ortaokul,https://sehitahmeterarslanortaokulu.meb.k12.tr,,,https://sehitahmeterarslanortaokulu.meb.k12.tr/tema/harita.php,2026-08-31,441,441,bulundu,https://sehitahmeterarslanortaokulu.meb.k12.tr/,2026-10-01T18:55:42.887755+00:00,,Öğrenci Sayısı 441
Kayseri,Kocasinan,Şehit Bekir Çakır Ortaokulu,700910,Ortaokul,https://sehitbekircakirortaokulu.meb.k12.tr,,,https://sehitbekircakirortaokulu.meb.k12.tr/tema/harita.php,2026-08-31,856,856,bulundu,https://sehitbekircakirortaokulu.meb.k12.tr/,2026-10-01T18:55:42.913917+00:00,,Öğrenci Sayısı 856
Kayseri,Kocasinan,Şehit Birol Mutlu Ortaokulu,765984,Ortaokul,https://sehitbirolmutluortaokulu.meb.k12.tr,,,https://sehitbirolmutluortaokulu.meb.k12.tr/tema/harita.php,2026-08-31,786,786,bulundu,https://sehitbirolmutluortaokulu.meb.k12.tr/,2026-10-01T18:55:42.952862+00:00,,Öğrenci Sayısı 786
Kayseri,Kocasinan,Şehit Birol Mutlu Özel Eğitim Anaokulu,767370,Anaokulu,https://767370.meb.k12.tr,,,https://767370.meb.k12.tr/tema/harita.php,2026-08-31,,,bulunamadi,,2026-10-01T18:55:42.987722+00:00,,
Kayseri,Kocasinan,Şehit Erdal Çam İlkokulu,700216,İlkokul,https://yuregil.meb.k12.tr,,,https://yuregil.meb.k12.tr/tema/harita.php,2026-08-31,8,8,bulundu,https://yuregil.meb.k12.tr/,2026-10-01T18:55:43.036417+00:00,,Öğrenci Sayısı: 8
Kayseri,Kocasinan,Şehit Hakan Bayram Anaokulu,765998,Anaokulu,https://sehithakanbayramanaokulu.meb.k12.tr,,,https://sehithakanbayramanaokulu.meb.k12.tr/tema/harita.php,2026-08-31,9,9,bulundu,https://sehithakanbayramanaokulu.meb.k12.tr/,2026-10-01T18:55:43.058894+00:00,,Öğrenci Sayısı: 9
Kayseri,Kocasinan,Şehit Haldun Ateş Ortaokulu,768110,Ortaokul,https://768110.meb.k12.tr,,,https://768110.meb.k12.tr/tema/harita.php,2026-08-31,467,467,bulundu,https://768110.meb.k12.tr/,2026-10-01T18:55:43.160142+00:00,,Öğrenci Sayısı 467
Kayseri,Kocasinan,Şehit Haldun Ateş İlkokulu,768109,İlkokul,https://768109.meb.k12.tr,,,https://768109.meb.k12.tr/tema/harita.php,2026-08-31,447,447,bulundu,https://768109.meb.k12.tr/,2026-10-01T18:55:43.285664+00:00,,Öğrenci Sayısı 447
Kayseri,Kocasinan,Şehit Hava Pilot Üsteğmen Vedat Evliya Anadolu İmam Hatip Lisesi,763674,Anadolu İmam Hatip Lisesi,https://vedatevliyaaihl.meb.k12.tr,,,https://vedatevliyaaihl.meb.k12.tr/tema/harita.php,2026-08-31,541,541,bulundu,https://vedatevliyaaihl.meb.k12.tr/tema/okulumuz_hakkinda.php,2026-10-01T18:55:43.303078+00:00,,Öğrenci : 541
Kayseri,Kocasinan,Şehit Hüseyin Bahar Ortaokulu,764613,Ortaokul,https://sehithuseyinbaharortaokulu.meb.k12.tr,,,https://sehithuseyinbaharortaokulu.meb.k12.tr/tema/harita.php,2026-08-31,1473,1473,bulundu,https://sehithuseyinbaharortaokulu.meb.k12.tr/,2026-10-01T18:55:43.341287+00:00,,Öğrenci Sayısı 1473
Kayseri,Kocasinan,Şehit Mehmet Erdoğan İlkokulu,764612,İlkokul,https://sehitmehmeterdoganio.meb.k12.tr,,,https://sehitmehmeterdoganio.meb.k12.tr/tema/harita.php,2026-08-31,1284,1284,bulundu,https://sehitmehmeterdoganio.meb.k12.tr/,2026-10-01T18:55:43.355237+00:00,,Öğrenci Sayısı 1284
Kayseri,Kocasinan,Şehit Mehmet Kökkaya Ortaokulu,764437,Ortaokul,https://shtmehmetkokkayaortaokulu.meb.k12.tr,,,https://shtmehmetkokkayaortaokulu.meb.k12.tr/tema/harita.php,2026-08-31,297,297,bulundu,https://shtmehmetkokkayaortaokulu.meb.k12.tr/,2026-10-01T18:55:43.397657+00:00,,Öğrenci Sayısı : 297
Kayseri,Kocasinan,Şehit Mehmet Kökkaya İlkokulu,764436,İlkokul,https://sehitmehmetkokkaya.meb.k12.tr,,,https://sehitmehmetkokkaya.meb.k12.tr/tema/harita.php,2026-08-31,338,338,bulundu,https://sehitmehmetkokkaya.meb.k12.tr/,2026-10-01T18:55:43.524613+00:00,,Öğrenci Sayısı 338
Kayseri,Kocasinan,Şehit Piyade Astsubay Üstçavuş Mahmut Öner Anaokulu,963795,Anaokulu,https://moneranaokulu.meb.k12.tr,,,https://moneranaokulu.meb.k12.tr/tema/harita.php,2026-08-31,115,115,bulundu,https://moneranaokulu.meb.k12.tr/,2026-10-01T18:55:43.581575+00:00,,Öğrenci Sayısı: 115
Kayseri,Kocasinan,Şehit Yiğitcan Çiga Özel Eğitim Uygulama Okulu I. Kademe,763182,Özel Eğitim Kurumu,https://sehityigitcancigaozelegitim.meb.k12.tr,,,https://sehityigitcancigaozelegitim.meb.k12.tr/tema/harita.php,2026-08-31,85,85,bulundu,https://sehityigitcancigaozelegitim.meb.k12.tr/,2026-10-01T18:55:43.590054+00:00,,Öğrenci Sayısı 85
Kayseri,Kocasinan,Şehit Yiğitcan Çiga Özel Eğitim Uygulama Okulu II. Kademe,763183,Özel Eğitim Kurumu,https://sehityigitcancigaozelegitim2.meb.k12.tr,,,https://sehityigitcancigaozelegitim2.meb.k12.tr/tema/harita.php,2026-08-31,65,65,bulundu,https://sehityigitcancigaozelegitim2.meb.k12.tr/tema/okulumuz_hakkinda.php,2026-10-01T18:55:43.717695+00:00,,Öğrenci : 65
Kayseri,Kocasinan,Şehit Yiğitcan Çiga Özel Eğitim Uygulama Okulu III. Kademe,774765,Özel Eğitim Kurumu,https://774765.meb.k12.tr,,,https://774765.meb.k12.tr/tema/harita.php,2026-08-31,0,0,bulundu,https://774765.meb.k12.tr/,2026-10-01T18:55:43.765368+00:00,,Öğrenci Sayısı : 0
Kayseri,Kocasinan,Şehit Yusuf Çağatay Sanalp Kocasinan Kız Mesleki ve Teknik Anadolu Lisesi,169776,Mesleki ve Teknik Anadolu Lisesi,https://kocasinanmtal.meb.k12.tr,,,https://kocasinanmtal.meb.k12.tr/tema/harita.php,2026-08-31,672,672,bulundu,https://kocasinanmtal.meb.k12.tr/,2026-10-01T18:55:44.005136+00:00,,Öğrenci Sayısı : 672
Kayseri,Kocasinan,Şehit Ömer Halisdemir Anadolu İmam Hatip Lisesi,972172,Anadolu İmam Hatip Lisesi,https://sehitomerhalisdemiraihl.meb.k12.tr,,,https://sehitomerhalisdemiraihl.meb.k12.tr/tema/harita.php,2026-08-31,419,419,bulundu,https://sehitomerhalisdemiraihl.meb.k12.tr/tema/okulumuz_hakkinda.php,2026-10-01T18:55:44.066240+00:00,,Öğrenci : 419
Kayseri,Kocasinan,Şehit Üsteğmen Mustafa Şimşek Anaokulu,749563,Anaokulu,https://mustafasimsekao.meb.k12.tr,,,https://mustafasimsekao.meb.k12.tr/tema/harita.php,2026-08-31,149,149,bulundu,https://mustafasimsekao.meb.k12.tr/,2026-10-01T18:55:44.125903+00:00,,Öğrenci Sayısı 149
Kayseri,Kocasinan,Şehit Üsteğmen Mustafa Şimşek Ortaokulu,700981,Ortaokul,https://mustafasimsekortaokulu.meb.k12.tr,,,https://mustafasimsekortaokulu.meb.k12.tr/tema/harita.php,2026-08-31,1135,1135,bulundu,https://mustafasimsekortaokulu.meb.k12.tr/,2026-10-01T18:55:44.156467+00:00,,Öğrenci Sayısı 1135
Kayseri,Kocasinan,Şehit Üsteğmen Mustafa Şimşek İmam Hatip Ortaokulu,701037,İmam Hatip Ortaokulu,https://mustafasimsekiho.meb.k12.tr,,,https://mustafasimsekiho.meb.k12.tr/tema/harita.php,2026-08-31,273,273,bulundu,https://mustafasimsekiho.meb.k12.tr/,2026-10-01T18:55:44.256885+00:00,,Öğrenci Sayısı : 273
Kayseri,Kocasinan,Şehit Üsteğmen Ümit Bekem İlkokulu,700200,İlkokul,https://umitbekem.meb.k12.tr,,,https://umitbekem.meb.k12.tr/tema/harita.php,2026-08-31,367,367,bulundu,https://umitbekem.meb.k12.tr/,2026-10-01T18:55:44.447749+00:00,,Öğrenci Sayısı 367
Kayseri,Kocasinan,Şehit İstihkam Er Suat Özgan Ortaokulu,718106,Ortaokul,https://suatozganortaokulu.meb.k12.tr,,,https://suatozganortaokulu.meb.k12.tr/tema/harita.php,2026-08-31,163,163,bulundu,https://suatozganortaokulu.meb.k12.tr/,2026-10-01T18:55:44.483843+00:00,,Öğrenci Sayısı 163
Kayseri,Kocasinan,Şehit İstihkam Er Suat Özgan İlkokulu,881364,İlkokul,https://suatozganilkokulu.meb.k12.tr,,,https://suatozganilkokulu.meb.k12.tr/tema/harita.php,2026-08-31,151,151,bulundu,https://suatozganilkokulu.meb.k12.tr/,2026-10-01T18:55:44.561362+00:00,,Öğrenci Sayısı: 151
Kayseri,Kocasinan,Şeker İlkokulu,700201,İlkokul,https://kayseriseker.meb.k12.tr,,,https://kayseriseker.meb.k12.tr/tema/harita.php,2026-08-31,147,147,bulundu,https://kayseriseker.meb.k12.tr/,2026-10-01T18:55:44.570354+00:00,,Öğrenci Sayısı : 147
Kayseri,Kocasinan,Şerife Bacı Kız Mesleki ve Teknik Anadolu Lisesi,757480,Mesleki ve Teknik Anadolu Lisesi,https://serifebacimtal.meb.k12.tr,,,https://serifebacimtal.meb.k12.tr/tema/harita.php,2026-08-31,760,760,bulundu,https://serifebacimtal.meb.k12.tr/tema/okulumuz_hakkinda.php,2026-10-01T18:55:44.596247+00:00,,Öğrenci : 760
Kayseri,Kocasinan,Şıh Mehmet Gazioğlu Ortaokulu,384422,Ortaokul,https://sihmehmetgazioglu.meb.k12.tr,,,https://sihmehmetgazioglu.meb.k12.tr/tema/harita.php,2026-08-31,505,505,bulundu,https://sihmehmetgazioglu.meb.k12.tr/,2026-10-01T18:55:44.615768+00:00,,Öğrenci Sayısı : 505
Kayseri,Melikgazi,15 Temmuz Şehitler Kız Anadolu Lisesi,762117,Anadolu Lisesi,https://15temmuzsehitlerkizal.meb.k12.tr,,,https://15temmuzsehitlerkizal.meb.k12.tr/tema/harita.php,2026-08-31,546,546,bulundu,https://15temmuzsehitlerkizal.meb.k12.tr/,2026-10-01T18:55:45.048095+00:00,,Öğrenci Sayısı : 546
Kayseri,Melikgazi,50. Yıl Dedeman Fen ve Teknoloji Anadolu İmam Hatip Lisesi,769226,Anadolu İmam Hatip Lisesi,https://50yildedemananadoluihl.meb.k12.tr,,,https://50yildedemananadoluihl.meb.k12.tr/tema/harita.php,2026-08-31,725,725,bulundu,https://50yildedemananadoluihl.meb.k12.tr/,2026-10-01T18:55:45.087743+00:00,,Öğrenci Sayısı : 725
Kayseri,Melikgazi,75.Yıl Aliye Çapar Anaokulu,774746,Anaokulu,https://aliyecaparanaokulu.meb.k12.tr,,,https://aliyecaparanaokulu.meb.k12.tr/tema/harita.php,2026-08-31,121,121,bulundu,https://aliyecaparanaokulu.meb.k12.tr/,2026-10-01T18:55:45.112790+00:00,,Öğrenci Sayısı: 121
Kayseri,Melikgazi,75.Yıl Borsa İstanbul Ortaokulu,700883,Ortaokul,https://75imkboo.meb.k12.tr,,,https://75imkboo.meb.k12.tr/tema/harita.php,2026-08-31,271,271,bulundu,https://75imkboo.meb.k12.tr/,2026-10-01T18:55:45.224440+00:00,,Öğrenci Sayısı 271
Kayseri,Melikgazi,75.Yıl Borsa İstanbul İlkokulu,700639,İlkokul,https://75imkbio.meb.k12.tr,,,https://75imkbio.meb.k12.tr/tema/harita.php,2026-08-31,299,299,bulundu,https://75imkbio.meb.k12.tr/,2026-10-01T18:55:45.542224+00:00,,Öğrenci Sayısı 299
Kayseri,Melikgazi,80.Yıl Cumhuriyet İlkokulu,715293,İlkokul,https://80yilcumio.meb.k12.tr,,,https://80yilcumio.meb.k12.tr/tema/harita.php,2026-08-31,1008,1008,bulundu,https://80yilcumio.meb.k12.tr/,2026-10-01T18:55:45.583696+00:00,,Öğrenci Sayısı 1008
Kayseri,Melikgazi,80.Yıl İşitme Engelliler Ortaokulu,746984,Ortaokul,https://80yilisitmeoo.meb.k12.tr,,,https://80yilisitmeoo.meb.k12.tr/tema/harita.php,2026-08-31,22,22,bulundu,https://80yilisitmeoo.meb.k12.tr/,2026-10-01T18:55:45.600657+00:00,,Öğrenci Sayısı 22
Kayseri,Melikgazi,80.Yıl İşitme Engelliler İlkokulu,746804,İlkokul,https://80yilisitmeio.meb.k12.tr,,,https://80yilisitmeio.meb.k12.tr/tema/harita.php,2026-08-31,19,19,bulundu,https://80yilisitmeio.meb.k12.tr/,2026-10-01T18:55:45.757374+00:00,,Öğrenci Sayısı 19
Kayseri,Melikgazi,Abdülhamit Han İmam Hatip Ortaokulu,760880,İmam Hatip Ortaokulu,https://abdulhamithaniho.meb.k12.tr,,,https://abdulhamithaniho.meb.k12.tr/tema/harita.php,2026-08-31,584,584,bulundu,https://abdulhamithaniho.meb.k12.tr/tema/okulumuz_hakkinda.php,2026-10-01T18:55:46.046735+00:00,,Öğrenci : 584
Kayseri,Melikgazi,Adnan Menderes İlkokulu,975150,İlkokul,https://adnanmenderesio38.meb.k12.tr,,,https://adnanmenderesio38.meb.k12.tr/tema/harita.php,2026-08-31,618,618,bulundu,https://adnanmenderesio38.meb.k12.tr/,2026-10-01T18:55:46.081842+00:00,,Öğrenci Sayısı : 618
Kayseri,Melikgazi,Ahmet Baldöktü Mesleki ve Teknik Anadolu Lisesi,974070,Mesleki ve Teknik Anadolu Lisesi,https://ahmetbaldoktuasml.meb.k12.tr,,,https://ahmetbaldoktuasml.meb.k12.tr/tema/harita.php,2026-08-31,349,349,bulundu,https://ahmetbaldoktuasml.meb.k12.tr/,2026-10-01T18:55:46.112822+00:00,,Öğrenci Sayısı 349
Kayseri,Melikgazi,Ahmet Hilmi Güçlü Anaokulu,967772,Anaokulu,https://ahilmigucluanaokulu.meb.k12.tr,,,https://ahilmigucluanaokulu.meb.k12.tr/tema/harita.php,2026-08-31,175,175,bulundu,https://ahilmigucluanaokulu.meb.k12.tr/,2026-10-01T18:55:46.156791+00:00,,Öğrenci Sayısı 175
Kayseri,Melikgazi,Ahmet Kirazgiller İlkokulu,975196,İlkokul,https://ahmetkirazgiller.meb.k12.tr,,,https://ahmetkirazgiller.meb.k12.tr/tema/harita.php,2026-08-31,624,624,bulundu,https://ahmetkirazgiller.meb.k12.tr/,2026-10-01T18:55:46.165009+00:00,,Öğrenci Sayısı : 624
Kayseri,Melikgazi,Ahmet Somdaş İlkokulu,774372,İlkokul,https://ahmetsomdasilkokulu.meb.k12.tr,,,https://ahmetsomdasilkokulu.meb.k12.tr/tema/harita.php,2026-08-31,494,494,bulundu,https://ahmetsomdasilkokulu.meb.k12.tr/,2026-10-01T18:55:46.229156+00:00,,Öğrenci Sayısı : 494
Kayseri,Melikgazi,Ahmet Soykan Anaokulu,749717,Anaokulu,https://ahmetsoykananaokulu.meb.k12.tr,,,https://ahmetsoykananaokulu.meb.k12.tr/tema/harita.php,2026-08-31,129,129,bulundu,https://ahmetsoykananaokulu.meb.k12.tr/,2026-10-01T18:55:46.449600+00:00,,Öğrenci Sayısı: 129
Kayseri,Melikgazi,Ahmet Soykan İlkokulu,715410,İlkokul,https://ahmetsoykani.meb.k12.tr,,,https://ahmetsoykani.meb.k12.tr/tema/harita.php,2026-08-31,488,488,bulundu,https://ahmetsoykani.meb.k12.tr/,2026-10-01T18:55:46.562591+00:00,,Öğrenci Sayısı : 488
Kayseri,Melikgazi,Akıncılar Anaokulu,771552,Anaokulu,https://771552.meb.k12.tr,,,https://771552.meb.k12.tr/tema/harita.php,2026-08-31,55,55,bulundu,https://771552.meb.k12.tr/,2026-10-01T18:55:46.613902+00:00,,Öğrenci Sayısı 55
Kayseri,Melikgazi,Ali Rıza Özderici Kız Anadolu İmam Hatip Lisesi,375030,Anadolu İmam Hatip Lisesi,https://alirizaozdericiihl.meb.k12.tr,,,https://alirizaozdericiihl.meb.k12.tr/tema/harita.php,2026-08-31,710,710,bulundu,https://alirizaozdericiihl.meb.k12.tr/,2026-10-01T18:55:46.673015+00:00,,Öğrenci Sayısı 710
Kayseri,Melikgazi,Ali Şahin Anaokulu,974662,Anaokulu,https://alisahinanaokulu.meb.k12.tr,,,https://alisahinanaokulu.meb.k12.tr/tema/harita.php,2026-08-31,135,135,bulundu,https://alisahinanaokulu.meb.k12.tr/,2026-10-01T18:55:46.691728+00:00,,Öğrenci Sayısı 135
Kayseri,Melikgazi,Altınoluk İmam Hatip Ortaokulu,760881,İmam Hatip Ortaokulu,https://altinolukiho.meb.k12.tr,,,https://altinolukiho.meb.k12.tr/tema/harita.php,2026-08-31,428,428,bulundu,https://altinolukiho.meb.k12.tr/,2026-10-01T18:55:46.726161+00:00,,Öğrenci Sayısı : 428
Kayseri,Melikgazi,Ambar Anaokulu,748064,Anaokulu,https://ambaranaokulu.meb.k12.tr,,,https://ambaranaokulu.meb.k12.tr/tema/harita.php,2026-08-31,65,65,bulundu,https://ambaranaokulu.meb.k12.tr/,2026-10-01T18:55:46.774012+00:00,,Öğrenci Sayısı 65
Kayseri,Melikgazi,Anbar Şehit Yasin İke Ortaokulu,715586,Ortaokul,https://anbarsehityasinikeortaokulu.meb.k12.tr,,,https://anbarsehityasinikeortaokulu.meb.k12.tr/tema/harita.php,2026-08-31,217,217,bulundu,https://anbarsehityasinikeortaokulu.meb.k12.tr/,2026-10-01T18:55:46.874972+00:00,,Öğrenci Sayısı 217
Kayseri,Melikgazi,Anbar Şehit Yasin İke İlkokulu,715533,İlkokul,https://anbarsehityasinike.meb.k12.tr,,,https://anbarsehityasinike.meb.k12.tr/tema/harita.php,2026-08-31,349,349,bulundu,https://anbarsehityasinike.meb.k12.tr/,2026-10-01T18:55:46.995338+00:00,,Öğrenci Sayısı: 349
Kayseri,Melikgazi,Arif Eminoğlu İlkokulu,715632,İlkokul,https://arifeminogluilkokulu.meb.k12.tr,,,https://arifeminogluilkokulu.meb.k12.tr/tema/harita.php,2026-08-31,451,451,bulundu,https://arifeminogluilkokulu.meb.k12.tr/,2026-10-01T18:55:47.013885+00:00,,Öğrenci Sayısı 451
Kayseri,Melikgazi,Atatürk İlkokulu,975198,İlkokul,https://melikgaziataturk.meb.k12.tr,,,https://melikgaziataturk.meb.k12.tr/tema/harita.php,2026-08-31,242,242,bulundu,https://melikgaziataturk.meb.k12.tr/,2026-10-01T18:55:47.016451+00:00,,Öğrenci Sayısı : 242
Kayseri,Melikgazi,Avukat Ahmet Ulucan Kız Anadolu İmam Hatip Lisesi,761172,Anadolu İmam Hatip Lisesi,https://ahmetulucanihl.meb.k12.tr,,,https://ahmetulucanihl.meb.k12.tr/tema/harita.php,2026-08-31,260,260,bulundu,https://ahmetulucanihl.meb.k12.tr/,2026-10-01T18:55:47.351035+00:00,,Öğrenci Sayısı : 260
Kayseri,Melikgazi,Aydınlıkevler Anadolu Lisesi,169619,Anadolu Lisesi,https://aydinlikevlerlisesi.meb.k12.tr,,,https://aydinlikevlerlisesi.meb.k12.tr/tema/harita.php,2026-08-31,668,668,bulundu,https://aydinlikevlerlisesi.meb.k12.tr/,2026-10-01T18:55:47.384952+00:00,,Öğrenci Sayısı 668
Kayseri,Melikgazi,Ayşe Ahmet İnci Anaokulu,749877,Anaokulu,https://aaincianaokulu.meb.k12.tr,,,https://aaincianaokulu.meb.k12.tr/tema/harita.php,2026-08-31,102,102,bulundu,https://aaincianaokulu.meb.k12.tr/,2026-10-01T18:55:47.397651+00:00,,Öğrenci Sayısı 102
Kayseri,Melikgazi,Ayşe Ahmet İnci İlkokulu,715748,İlkokul,https://aainciilkokulu.meb.k12.tr,,,https://aainciilkokulu.meb.k12.tr/tema/harita.php,2026-08-31,893,893,bulundu,https://aainciilkokulu.meb.k12.tr/,2026-10-01T18:55:47.400622+00:00,,Öğrenci Sayısı : 893
Kayseri,Melikgazi,Ağırnas Mesleki ve Teknik Anadolu Lisesi,765396,Mesleki ve Teknik Anadolu Lisesi,https://agrnasmtal.meb.k12.tr,,,https://agrnasmtal.meb.k12.tr/tema/harita.php,2026-08-31,135,135,bulundu,https://agrnasmtal.meb.k12.tr/tema/okulumuz_hakkinda.php,2026-10-01T18:55:47.508366+00:00,,Öğrenci : 135
Kayseri,Melikgazi,Ağırnas Osman Yücel Ortaokulu,714510,Ortaokul,https://agirnasosmanyucelo.meb.k12.tr,,,https://agirnasosmanyucelo.meb.k12.tr/tema/harita.php,2026-08-31,79,79,bulundu,https://agirnasosmanyucelo.meb.k12.tr/,2026-10-01T18:55:47.529604+00:00,,Öğrenci Sayısı 79
Kayseri,Melikgazi,Ağırnas Osman Yücel İlkokulu,714448,İlkokul,https://agirnasosmanyuceli.meb.k12.tr,,,https://agirnasosmanyuceli.meb.k12.tr/tema/harita.php,2026-08-31,170,170,bulundu,https://agirnasosmanyuceli.meb.k12.tr/,2026-10-01T18:55:47.532521+00:00,,Öğrenci Sayısı 170
Kayseri,Melikgazi,Ağırnas Osman Yücel İmam Hatip Ortaokulu,760837,İmam Hatip Ortaokulu,https://agirnasosmanyuceliho.meb.k12.tr,,,https://agirnasosmanyuceliho.meb.k12.tr/tema/harita.php,2026-08-31,59,59,bulundu,https://agirnasosmanyuceliho.meb.k12.tr/,2026-10-01T18:55:47.564146+00:00,,Öğrenci Sayısı 59
Kayseri,Melikgazi,Barbaros Şehit Nuri Yazanel İlkokulu,700735,İlkokul,https://barbarosnuriyazanel.meb.k12.tr,,,https://barbarosnuriyazanel.meb.k12.tr/tema/harita.php,2026-08-31,126,126,bulundu,https://barbarosnuriyazanel.meb.k12.tr/,2026-10-01T18:55:47.647081+00:00,,Öğrenci Sayısı 126
Kayseri,Melikgazi,Battalgazi Şehit Selim Şener Ortaokulu,700482,Ortaokul,https://kayseribattalgazioo.meb.k12.tr,,,https://kayseribattalgazioo.meb.k12.tr/tema/harita.php,2026-08-31,413,413,bulundu,https://kayseribattalgazioo.meb.k12.tr/,2026-10-01T18:55:47.832234+00:00,,Öğrenci Sayısı : 413
Kayseri,Melikgazi,Belsin Anadolu Lisesi,777265,Anadolu Lisesi,https://777265.meb.k12.tr,,,https://777265.meb.k12.tr/tema/harita.php,2026-08-31,0,0,bulundu,https://777265.meb.k12.tr/,2026-10-01T18:55:47.956517+00:00,,Öğrenci Sayısı : 0
Kayseri,Melikgazi,Belsin Melikgazi Belediyesi Anadolu İmam Hatip Lisesi,774401,Anadolu İmam Hatip Lisesi,https://mebaihl.meb.k12.tr,,,https://mebaihl.meb.k12.tr/tema/harita.php,2026-08-31,164,164,bulundu,https://mebaihl.meb.k12.tr/,2026-10-01T18:55:47.959910+00:00,,Öğrenci Sayısı : 164
Kayseri,Melikgazi,Belsin Melikgazi Belediyesi İmam Hatip Ortaokulu,760815,İmam Hatip Ortaokulu,https://mebiho.meb.k12.tr,,,https://mebiho.meb.k12.tr/tema/harita.php,2026-08-31,532,532,bulundu,https://mebiho.meb.k12.tr/,2026-10-01T18:55:48.095636+00:00,,Öğrenci Sayısı : 532
Kayseri,Melikgazi,Belsin Çok Programlı Anadolu Lisesi,377592,Çok Programlı Anadolu Lisesi,https://belsincpl.meb.k12.tr,,,https://belsincpl.meb.k12.tr/tema/harita.php,2026-08-31,576,576,bulundu,https://belsincpl.meb.k12.tr/,2026-10-01T18:55:48.270301+00:00,,Öğrenci Sayısı 576
Kayseri,Melikgazi,Besime Özderici Ortaokulu,700694,Ortaokul,https://besimeozdericiortaokulu.meb.k12.tr,,,https://besimeozdericiortaokulu.meb.k12.tr/tema/harita.php,2026-08-31,1185,1185,bulundu,https://besimeozdericiortaokulu.meb.k12.tr/tema/okulumuz_hakkinda.php,2026-10-01T18:55:48.420439+00:00,,Öğrenci : 1185
Kayseri,Melikgazi,Besime Özderici İlkokulu,700684,İlkokul,https://besimeozdericiilkokulu.meb.k12.tr,,,https://besimeozdericiilkokulu.meb.k12.tr/tema/harita.php,2026-08-31,1038,1038,bulundu,https://besimeozdericiilkokulu.meb.k12.tr/,2026-10-01T18:55:48.502636+00:00,,Öğrenci Sayısı : 1038
Kayseri,Melikgazi,Binbaşı Okan Öncel Anaokulu,763746,Anaokulu,https://binbasiokanoncelanaokulu.meb.k12.tr,,,https://binbasiokanoncelanaokulu.meb.k12.tr/tema/harita.php,2026-08-31,40,40,bulundu,https://binbasiokanoncelanaokulu.meb.k12.tr/,2026-10-01T18:55:48.657266+00:00,,Öğrenci Sayısı 40
Kayseri,Melikgazi,Birlik Mensucat İlkokulu,387127,İlkokul,https://birlikmensucatilkokulu.meb.k12.tr,,,https://birlikmensucatilkokulu.meb.k12.tr/tema/harita.php,2026-08-31,667,667,bulundu,https://birlikmensucatilkokulu.meb.k12.tr/,2026-10-01T18:55:48.712295+00:00,,Öğrenci Sayısı 667
Kayseri,Melikgazi,Burhan Dinçbal Ortaokulu,700710,Ortaokul,https://burhandincbalo.meb.k12.tr,,,https://burhandincbalo.meb.k12.tr/tema/harita.php,2026-08-31,564,564,bulundu,https://burhandincbalo.meb.k12.tr/,2026-10-01T18:55:48.715987+00:00,,Öğrenci Sayısı 564
Kayseri,Melikgazi,Burhan Dinçbal İlkokulu,700703,İlkokul,https://burhandincbali.meb.k12.tr,,,https://burhandincbali.meb.k12.tr/tema/harita.php,2026-08-31,587,587,bulundu,https://burhandincbali.meb.k12.tr/,2026-10-01T18:55:48.720440+00:00,,Öğrenci Sayısı : 587
Kayseri,Melikgazi,Bülent Altop İlkokulu,715916,İlkokul,https://bulentaltopilkokulu.meb.k12.tr,,,https://bulentaltopilkokulu.meb.k12.tr/tema/harita.php,2026-08-31,504,504,bulundu,https://bulentaltopilkokulu.meb.k12.tr/tema/okulumuz_hakkinda.php,2026-10-01T18:55:48.729316+00:00,,Öğrenci : 504
Kayseri,Melikgazi,Celal Bayar Anadolu Lisesi,761494,Anadolu Lisesi,https://celalbayaranadolulisesi.meb.k12.tr,,,https://celalbayaranadolulisesi.meb.k12.tr/tema/harita.php,2026-08-31,1001,1001,bulundu,https://celalbayaranadolulisesi.meb.k12.tr/,2026-10-01T18:55:48.792720+00:00,,Öğrenci Sayısı : 1001
Kayseri,Melikgazi,Celal Bayar Kız Mesleki ve Teknik Anadolu Lisesi,746226,Mesleki ve Teknik Anadolu Lisesi,https://celalbayarmtal.meb.k12.tr,,,https://celalbayarmtal.meb.k12.tr/tema/harita.php,2026-08-31,364,364,bulundu,https://celalbayarmtal.meb.k12.tr/,2026-10-01T18:55:48.808198+00:00,,Öğrenci Sayısı : 364
Kayseri,Melikgazi,Demir Karamancı Anadolu Lisesi,973811,Anadolu Lisesi,https://demirkaramancial.meb.k12.tr,,,https://demirkaramancial.meb.k12.tr/tema/harita.php,2026-08-31,647,647,bulundu,https://demirkaramancial.meb.k12.tr/tema/okulumuz_hakkinda.php,2026-10-01T18:55:48.838763+00:00,,Öğrenci : 647
Kayseri,Melikgazi,Demir Karamancı Ortaokulu,716125,Ortaokul,https://demirkaramancioo.meb.k12.tr,,,https://demirkaramancioo.meb.k12.tr/tema/harita.php,2026-08-31,802,802,bulundu,https://demirkaramancioo.meb.k12.tr/,2026-10-01T18:55:48.977018+00:00,,Öğrenci Sayısı : 802
Kayseri,Melikgazi,Demir Karamancı İlkokulu,716080,İlkokul,https://demirkaramanci.meb.k12.tr,,,https://demirkaramanci.meb.k12.tr/tema/harita.php,2026-08-31,685,685,bulundu,https://demirkaramanci.meb.k12.tr/,2026-10-01T18:55:49.228574+00:00,,Öğrenci Sayısı : 685
Kayseri,Melikgazi,Dr. Rasime Erkan Anaokulu,774787,Anaokulu,https://drrasimeerkananaokulu.meb.k12.tr,,,https://drrasimeerkananaokulu.meb.k12.tr/tema/harita.php,2026-08-31,118,118,bulundu,https://drrasimeerkananaokulu.meb.k12.tr/,2026-10-01T18:55:49.384139+00:00,,Öğrenci Sayısı 118
Kayseri,Melikgazi,Emekli Öğretmen Ramazan Büyükkılıç Ortaokulu,757381,Ortaokul,https://ramazanbuyukkilic.meb.k12.tr,,,https://ramazanbuyukkilic.meb.k12.tr/tema/harita.php,2026-08-31,1177,1177,bulundu,https://ramazanbuyukkilic.meb.k12.tr/,2026-10-01T18:55:49.410809+00:00,,Öğrenci Sayısı : 1177
Kayseri,Melikgazi,Emine Akçakaya İlkokulu,348311,İlkokul,https://emineakcakayaio.meb.k12.tr,,,https://emineakcakayaio.meb.k12.tr/tema/harita.php,2026-08-31,405,405,bulundu,https://emineakcakayaio.meb.k12.tr/,2026-10-01T18:55:49.443378+00:00,,Öğrenci Sayısı 405
Kayseri,Melikgazi,Erbosan Ortaokulu,975204,Ortaokul,https://erbosanortaokulu.meb.k12.tr,,,https://erbosanortaokulu.meb.k12.tr/tema/harita.php,2026-08-31,893,893,bulundu,https://erbosanortaokulu.meb.k12.tr/,2026-10-01T18:55:49.551214+00:00,,Öğrenci Sayısı 893
Kayseri,Melikgazi,Erciyes Anadolu İmam Hatip Lisesi,759981,Anadolu İmam Hatip Lisesi,https://erciyesaihl.meb.k12.tr,,,https://erciyesaihl.meb.k12.tr/tema/harita.php,2026-08-31,740,740,bulundu,https://erciyesaihl.meb.k12.tr/,2026-10-01T18:55:49.675411+00:00,,Öğrenci Sayısı 740
Kayseri,Melikgazi,Erciyes Turizm Mesleki ve Teknik Anadolu Lisesi,868144,Mesleki ve Teknik Anadolu Lisesi,https://ermes.meb.k12.tr,,,https://ermes.meb.k12.tr/tema/harita.php,2026-08-31,316,316,bulundu,https://ermes.meb.k12.tr/,2026-10-01T18:55:49.793619+00:00,,Öğrenci Sayısı 316
Kayseri,Melikgazi,Erciyes İlkokulu,723385,İlkokul,https://erciyesilkokulu.meb.k12.tr,,,https://erciyesilkokulu.meb.k12.tr/tema/harita.php,2026-08-31,622,622,bulundu,https://erciyesilkokulu.meb.k12.tr/,2026-10-01T18:55:49.812559+00:00,,Öğrenci Sayısı : 622
Kayseri,Melikgazi,Erhan-Ahmet İnci Kız Anadolu İmam Hatip Lisesi,751702,Anadolu İmam Hatip Lisesi,https://eaiaihl.meb.k12.tr,,,https://eaiaihl.meb.k12.tr/tema/harita.php,2026-08-31,494,494,bulundu,https://eaiaihl.meb.k12.tr/,2026-10-01T18:55:49.831438+00:00,,Öğrenci Sayısı 494
Kayseri,Melikgazi,Ertuğrulgazi Anadolu İmam Hatip Lisesi,761418,Anadolu İmam Hatip Lisesi,https://ertugrulgaziaihl.meb.k12.tr,,,https://ertugrulgaziaihl.meb.k12.tr/tema/harita.php,2026-08-31,,,bulunamadi,,2026-10-01T18:55:49.849391+00:00,,
Kayseri,Melikgazi,Esentepe Mumcular İlkokulu,716258,İlkokul,https://esentepemumcular.meb.k12.tr,,,https://esentepemumcular.meb.k12.tr/tema/harita.php,2026-08-31,332,332,bulundu,https://esentepemumcular.meb.k12.tr/,2026-10-01T18:55:49.875120+00:00,,Öğrenci Sayısı : 332
Kayseri,Melikgazi,Fatih Karcı İlkokulu,767047,İlkokul,https://fatihkarciio.meb.k12.tr,,,https://fatihkarciio.meb.k12.tr/tema/harita.php,2026-08-31,421,421,bulundu,https://fatihkarciio.meb.k12.tr/,2026-10-01T18:55:49.878106+00:00,,Öğrenci Sayısı 421
Kayseri,Melikgazi,Fatih Sultan Mehmet Han İlkokulu,761221,İlkokul,https://fatihsultanmehmethanio.meb.k12.tr,,,https://fatihsultanmehmethanio.meb.k12.tr/tema/harita.php,2026-08-31,820,820,bulundu,https://fatihsultanmehmethanio.meb.k12.tr/,2026-10-01T18:55:50.028174+00:00,,Öğrenci Sayısı 820
Kayseri,Melikgazi,Fatih İlkokulu,975209,İlkokul,https://melikgazifatihilkokulu.meb.k12.tr,,,https://melikgazifatihilkokulu.meb.k12.tr/tema/harita.php,2026-08-31,269,269,bulundu,https://melikgazifatihilkokulu.meb.k12.tr/,2026-10-01T18:55:50.969398+00:00,,Öğrenci Sayısı : 269
Kayseri,Melikgazi,Fatin Rüştü Zorlu Ortaokulu,716450,Ortaokul,https://fatinrustuzorluortaokulu.meb.k12.tr,,,https://fatinrustuzorluortaokulu.meb.k12.tr/tema/harita.php,2026-08-31,387,387,bulundu,https://fatinrustuzorluortaokulu.meb.k12.tr/,2026-10-01T18:55:50.995235+00:00,,Öğrenci Sayısı 387
Kayseri,Melikgazi,Fatin Rüştü Zorlu İlkokulu,716419,İlkokul,https://fatinrustuzorluilkokulu.meb.k12.tr,,,https://fatinrustuzorluilkokulu.meb.k12.tr/tema/harita.php,2026-08-31,564,564,bulundu,https://fatinrustuzorluilkokulu.meb.k12.tr/,2026-10-01T18:55:51.032961+00:00,,Öğrenci Sayısı: 564
Kayseri,Melikgazi,Fatoş Büyükkuşoğlu İlkokulu,716471,İlkokul,https://fatosbuyukkusogluioo.meb.k12.tr,,,https://fatosbuyukkusogluioo.meb.k12.tr/tema/harita.php,2026-08-31,,,bulunamadi,,2026-10-01T18:55:51.151202+00:00,,
Kayseri,Melikgazi,Ferruha Büyükgöncü Anaokulu,819324,Anaokulu,https://ferruhabuyukgoncuanaokulu.meb.k12.tr,,,https://ferruhabuyukgoncuanaokulu.meb.k12.tr/tema/harita.php,2026-08-31,105,105,bulundu,https://ferruhabuyukgoncuanaokulu.meb.k12.tr/,2026-10-01T18:55:51.235887+00:00,,Öğrenci Sayısı 105
Kayseri,Melikgazi,Fevziye Mollaoğlu Ortaokulu,717311,Ortaokul,https://feyziyemollaogluortaokulu.meb.k12.tr,,,https://feyziyemollaogluortaokulu.meb.k12.tr/tema/harita.php,2026-08-31,,,bulunamadi,,2026-10-01T18:55:51.236881+00:00,,
Kayseri,Melikgazi,Fevziye Mollaoğlu İlkokulu,717264,İlkokul,https://feyziyemollaogluilkokulu.meb.k12.tr,,,https://feyziyemollaogluilkokulu.meb.k12.tr/tema/harita.php,2026-08-31,308,308,bulundu,https://feyziyemollaogluilkokulu.meb.k12.tr/,2026-10-01T18:55:51.239580+00:00,,Öğrenci Sayısı 308
Kayseri,Melikgazi,Filizler Anaokulu,777039,Anaokulu,https://filizler-anaokulu.meb.k12.tr,,,https://filizler-anaokulu.meb.k12.tr/tema/harita.php,2026-08-31,59,59,bulundu,https://filizler-anaokulu.meb.k12.tr/,2026-10-01T18:55:51.272226+00:00,,Öğrenci Sayısı: 59
Kayseri,Melikgazi,Gesi Şehit Mustafa Bulut Anadolu Lisesi,768126,Anadolu Lisesi,https://gesisehitmustafabulutal.meb.k12.tr,,,https://gesisehitmustafabulutal.meb.k12.tr/tema/harita.php,2026-08-31,187,187,bulundu,https://gesisehitmustafabulutal.meb.k12.tr/,2026-10-01T18:55:51.275209+00:00,,Öğrenci Sayısı : 187
Kayseri,Melikgazi,Gevher Nesibe Anaokulu,757382,Anaokulu,https://gevhernesibeanaokulu.meb.k12.tr,,,https://gevhernesibeanaokulu.meb.k12.tr/tema/harita.php,2026-08-31,96,96,bulundu,https://gevhernesibeanaokulu.meb.k12.tr/,2026-10-01T18:55:51.307286+00:00,,Öğrenci Sayısı: 96
Kayseri,Melikgazi,Gürpınar Ortaokulu,717472,Ortaokul,https://melikgazigurpinarortaokulu.meb.k12.tr,,,https://melikgazigurpinarortaokulu.meb.k12.tr/tema/harita.php,2026-08-31,33,33,bulundu,https://melikgazigurpinarortaokulu.meb.k12.tr/,2026-10-01T18:55:51.327731+00:00,,Öğrenci Sayısı : 33
Kayseri,Melikgazi,Gürpınar İlkokulu,717415,İlkokul,https://melikgazigurpinarilkokulu.meb.k12.tr,,,https://melikgazigurpinarilkokulu.meb.k12.tr/tema/harita.php,2026-08-31,16,16,bulundu,https://melikgazigurpinarilkokulu.meb.k12.tr/,2026-10-01T18:55:51.552652+00:00,,Öğrenci Sayısı : 16
Kayseri,Melikgazi,Habibe Taş İlkokulu,717508,İlkokul,https://habibetasilkokulu.meb.k12.tr,,,https://habibetasilkokulu.meb.k12.tr/tema/harita.php,2026-08-31,718,718,bulundu,https://habibetasilkokulu.meb.k12.tr/,2026-10-01T18:55:51.594690+00:00,,Öğrenci Sayısı 718
Kayseri,Melikgazi,Hacı Ali Karamercan Anadolu Lisesi,771590,Anadolu Lisesi,https://hacialikaramercananadolulisesi.meb.k12.tr,,,https://hacialikaramercananadolulisesi.meb.k12.tr/tema/harita.php,2026-08-31,556,556,bulundu,https://hacialikaramercananadolulisesi.meb.k12.tr/tema/okulumuz_hakkinda.php,2026-10-01T18:55:51.695451+00:00,,Öğrenci : 556
Kayseri,Melikgazi,Hacı Hakkı-Sadıka İlgü Anadolu İmam Hatip Lisesi,761416,Anadolu İmam Hatip Lisesi,https://761416.meb.k12.tr,,,https://761416.meb.k12.tr/tema/harita.php,2026-08-31,475,475,bulundu,https://761416.meb.k12.tr/,2026-10-01T18:55:51.837316+00:00,,Öğrenci Sayısı : 475
Kayseri,Melikgazi,Hacı Hüseyin Akoğlu İlkokulu,975215,İlkokul,https://hhakogluio.meb.k12.tr,,,https://hhakogluio.meb.k12.tr/tema/harita.php,2026-08-31,57,57,bulundu,https://hhakogluio.meb.k12.tr/,2026-10-01T18:55:51.951795+00:00,,Öğrenci Sayısı : 57
Kayseri,Melikgazi,Hacı Mehmet Çolakbayraktar İmam Hatip Ortaokulu,767062,İmam Hatip Ortaokulu,https://hmcolakbayraktariho.meb.k12.tr,,,https://hmcolakbayraktariho.meb.k12.tr/tema/harita.php,2026-08-31,274,274,bulundu,https://hmcolakbayraktariho.meb.k12.tr/,2026-10-01T18:55:51.998517+00:00,,Öğrenci Sayısı 274
Kayseri,Melikgazi,Hacı Mustafa Gazioğlu Ortaokulu,700727,Ortaokul,https://hmustafagaziogluortaokulu.meb.k12.tr,,,https://hmustafagaziogluortaokulu.meb.k12.tr/tema/harita.php,2026-08-31,558,558,bulundu,https://hmustafagaziogluortaokulu.meb.k12.tr/tema/okulumuz_hakkinda.php,2026-10-01T18:55:52.003258+00:00,,Öğrenci : 558
Kayseri,Melikgazi,Hacı Osman Güldüoğlu İlkokulu,975220,İlkokul,https://gulduogluilkokulu.meb.k12.tr,,,https://gulduogluilkokulu.meb.k12.tr/tema/harita.php,2026-08-31,913,913,bulundu,https://gulduogluilkokulu.meb.k12.tr/,2026-10-01T18:55:52.099778+00:00,,Öğrenci Sayısı : 913
Kayseri,Melikgazi,Hacı Şükrü Baktır Anadolu İmam Hatip Lisesi,774061,Anadolu İmam Hatip Lisesi,https://hsukrubaktiraihl.meb.k12.tr,,,https://hsukrubaktiraihl.meb.k12.tr/tema/harita.php,2026-08-31,345,345,bulundu,https://hsukrubaktiraihl.meb.k12.tr/,2026-10-01T18:55:52.132144+00:00,,Öğrenci Sayısı : 345
Kayseri,Melikgazi,Hakkı Altop İlkokulu,766315,İlkokul,https://hakkialtopio.meb.k12.tr,,,https://hakkialtopio.meb.k12.tr/tema/harita.php,2026-08-31,605,605,bulundu,https://hakkialtopio.meb.k12.tr/,2026-10-01T18:55:52.142887+00:00,,Öğrenci Sayısı 605
Kayseri,Melikgazi,Halil İlik Mesleki ve Teknik Anadolu Lisesi,263504,Mesleki ve Teknik Anadolu Lisesi,https://halililikeml.meb.k12.tr,,,https://halililikeml.meb.k12.tr/tema/harita.php,2026-08-31,,,bulunamadi,,2026-10-01T18:55:52.292686+00:00,,
Kayseri,Melikgazi,Hasan Nuriye Ünlen İlkokulu,717670,İlkokul,https://hasannuriyeunlenilkokulu.meb.k12.tr,,,https://hasannuriyeunlenilkokulu.meb.k12.tr/tema/harita.php,2026-08-31,176,176,bulundu,https://hasannuriyeunlenilkokulu.meb.k12.tr/,2026-10-01T18:55:52.312818+00:00,,Öğrenci Sayısı 176
Kayseri,Melikgazi,Hasan Polatkan İlkokulu,766573,İlkokul,https://hasanpolatkanilkokulu38.meb.k12.tr,,,https://hasanpolatkanilkokulu38.meb.k12.tr/tema/harita.php,2026-08-31,,,bulunamadi,,2026-10-01T18:55:52.391543+00:00,,
Kayseri,Melikgazi,Hayriye Dabanoğlu İlkokulu,975226,İlkokul,https://hayriyedabanogluilkokulu.meb.k12.tr,,,https://hayriyedabanogluilkokulu.meb.k12.tr/tema/harita.php,2026-08-31,,,bulunamadi,,2026-10-01T18:55:52.397210+00:00,,
Kayseri,Melikgazi,Hikmet Kozan Ortaokulu,975230,Ortaokul,https://hikmetkozanoo.meb.k12.tr,,,https://hikmetkozanoo.meb.k12.tr/tema/harita.php,2026-08-31,,,bulunamadi,,2026-10-01T18:55:52.420413+00:00,,
Kayseri,Melikgazi,Hikmet Yedekçioğlu İlkokulu,975237,İlkokul,https://hikmetyedekciogluilkokulu.meb.k12.tr,,,https://hikmetyedekciogluilkokulu.meb.k12.tr/tema/harita.php,2026-08-31,,,bulunamadi,,2026-10-01T18:55:52.481698+00:00,,
Kayseri,Melikgazi,Hisarcık Fevzi Çakmak Ortaokulu,975239,Ortaokul,https://hisarcikfcoo.meb.k12.tr,,,https://hisarcikfcoo.meb.k12.tr/tema/harita.php,2026-08-31,,,bulunamadi,,2026-10-01T18:55:52.486434+00:00,,
Kayseri,Melikgazi,Hoca Ahmet Yesevi İlkokulu,761101,İlkokul,https://hocaahmetyeseviio.meb.k12.tr,,,https://hocaahmetyeseviio.meb.k12.tr/tema/harita.php,2026-08-31,,,bulunamadi,,2026-10-01T18:55:52.526027+00:00,,
Kayseri,Melikgazi,Hoca Yusuf Erdem Ortaokulu,717781,Ortaokul,https://hocayusuferdem.meb.k12.tr,,,https://hocayusuferdem.meb.k12.tr/tema/harita.php,2026-08-31,1191,1191,bulundu,https://hocayusuferdem.meb.k12.tr/,2026-10-01T18:55:52.751888+00:00,,Öğrenci Sayısı 1191
Kayseri,Melikgazi,Hunat Hatun İmam Hatip Ortaokulu,760933,İmam Hatip Ortaokulu,https://hunathatun.meb.k12.tr,,,https://hunathatun.meb.k12.tr/tema/harita.php,2026-08-31,369,369,bulundu,https://hunathatun.meb.k12.tr/,2026-10-01T18:55:52.834222+00:00,,Öğrenci Sayısı 369
Kayseri,Melikgazi,Hürriyet Mesleki ve Teknik Anadolu Lisesi,169739,Mesleki ve Teknik Anadolu Lisesi,https://hurriyeteml.meb.k12.tr,,,https://hurriyeteml.meb.k12.tr/tema/harita.php,2026-08-31,1099,1099,bulundu,https://hurriyeteml.meb.k12.tr/,2026-10-01T18:55:52.909753+00:00,,Öğrenci Sayısı : 1099
Kayseri,Melikgazi,Hüseyin-Kadriye Güner Ortaokulu,772929,Ortaokul,https://772929.meb.k12.tr,,,https://772929.meb.k12.tr/tema/harita.php,2026-08-31,302,302,bulundu,https://772929.meb.k12.tr/,2026-10-01T18:55:52.941753+00:00,,Öğrenci Sayısı 302
Kayseri,Melikgazi,Kadir Has Anadolu Lisesi,967542,Anadolu Lisesi,https://kadirhasal.meb.k12.tr,,,https://kadirhasal.meb.k12.tr/tema/harita.php,2026-08-31,619,619,bulundu,https://kadirhasal.meb.k12.tr/tema/okulumuz_hakkinda.php,2026-10-01T18:55:52.947838+00:00,,Öğrenci : 619
Kayseri,Melikgazi,Kadir- Rezan Has Ortaokulu,717989,Ortaokul,https://kadirrezanhasortaokulu.meb.k12.tr,,,https://kadirrezanhasortaokulu.meb.k12.tr/tema/harita.php,2026-08-31,238,238,bulundu,https://kadirrezanhasortaokulu.meb.k12.tr/,2026-10-01T18:55:53.058230+00:00,,Öğrenci Sayısı 238
Kayseri,Melikgazi,Kadir- Rezan Has İlkokulu,717941,İlkokul,https://kadirrezanhasilkokulu.meb.k12.tr,,,https://kadirrezanhasilkokulu.meb.k12.tr/tema/harita.php,2026-08-31,272,272,bulundu,https://kadirrezanhasilkokulu.meb.k12.tr/,2026-10-01T18:55:53.117865+00:00,,Öğrenci Sayısı: 272
Kayseri,Melikgazi,Kayseri Anadolu İmam Hatip Lisesi,750319,Anadolu İmam Hatip Lisesi,https://kanadoluihl.meb.k12.tr,,,https://kanadoluihl.meb.k12.tr/tema/harita.php,2026-08-31,978,978,bulundu,https://kanadoluihl.meb.k12.tr/,2026-10-01T18:55:53.162673+00:00,,Öğrenci Sayısı 978
Kayseri,Melikgazi,Kayseri Eğitim ve Uygulama Merkezi,776385,Özel Eğitim Kurumu,https://776385.meb.k12.tr,,,https://776385.meb.k12.tr/tema/harita.php,2026-08-31,,,bulunamadi,,2026-10-01T18:55:53.221096+00:00,,
Kayseri,Melikgazi,Kayseri Fen Lisesi,774258,Fen Lisesi,https://kayserifenlisesi.meb.k12.tr,,,https://kayserifenlisesi.meb.k12.tr/tema/harita.php,2026-08-31,523,523,bulundu,https://kayserifenlisesi.meb.k12.tr/,2026-10-01T18:55:53.258147+00:00,,Öğrenci Sayısı : 523
Kayseri,Melikgazi,Kayseri Güzel Sanatlar Lisesi,383632,Güzel Sanatlar Lisesi,https://kayserigsl.meb.k12.tr,,,https://kayserigsl.meb.k12.tr/tema/harita.php,2026-08-31,330,330,bulundu,https://kayserigsl.meb.k12.tr/tema/okulumuz_hakkinda.php,2026-10-01T18:55:53.262249+00:00,,Öğrenci : 330
Kayseri,Melikgazi,Kayseri Güzel Sanatlar Müzik Ortaokulu,776210,Ortaokul,https://776210.meb.k12.tr,,,https://776210.meb.k12.tr/tema/harita.php,2026-08-31,25,25,bulundu,https://776210.meb.k12.tr/,2026-10-01T18:55:53.279813+00:00,,Öğrenci Sayısı : 25
Kayseri,Melikgazi,Kayseri Kadı Burhaneddin Mesleki ve Teknik Anadolu Lisesi,963512,Mesleki ve Teknik Anadolu Lisesi,https://kadiburhaneddinmtal.meb.k12.tr,,,https://kadiburhaneddinmtal.meb.k12.tr/tema/harita.php,2026-08-31,474,474,bulundu,https://kadiburhaneddinmtal.meb.k12.tr/tema/okulumuz_hakkinda.php,2026-10-01T18:55:53.317754+00:00,,Öğrenci : 474
Kayseri,Melikgazi,Kayseri Kilim Sosyal Bilimler Lisesi,966473,Sosyal Bilimler Lisesi,https://kilimsbl.meb.k12.tr,,,https://kilimsbl.meb.k12.tr/tema/harita.php,2026-08-31,439,439,bulundu,https://kilimsbl.meb.k12.tr/,2026-10-01T18:55:53.459979+00:00,,Öğrenci Sayısı : 439
Kayseri,Melikgazi,Kayseri Kız Anadolu İmam Hatip Lisesi,169872,Anadolu İmam Hatip Lisesi,https://kayserianadoluihl.meb.k12.tr,,,https://kayserianadoluihl.meb.k12.tr/tema/harita.php,2026-08-31,973,973,bulundu,https://kayserianadoluihl.meb.k12.tr/,2026-10-01T18:55:53.480381+00:00,,Öğrenci Sayısı 973
Kayseri,Melikgazi,Kazım Karabekir Ortaokulu,777071,Ortaokul,https://kazimkarabekirortaokulu38.meb.k12.tr,,,https://kazimkarabekirortaokulu38.meb.k12.tr/tema/harita.php,2026-08-31,300,300,bulundu,https://kazimkarabekirortaokulu38.meb.k12.tr/,2026-10-01T18:55:53.509887+00:00,,Öğrenci Sayısı : 300
Kayseri,Melikgazi,Kazım Karabekir İlkokulu,777072,İlkokul,https://777072.meb.k12.tr,,,https://777072.meb.k12.tr/tema/harita.php,2026-08-31,289,289,bulundu,https://777072.meb.k12.tr/,2026-10-01T18:55:53.620787+00:00,,Öğrenci Sayısı : 289
Kayseri,Melikgazi,Keykubat Kız Anadolu İmam Hatip Lisesi,748532,Anadolu İmam Hatip Lisesi,https://keykubatanadoluihl.meb.k12.tr,,,https://keykubatanadoluihl.meb.k12.tr/tema/harita.php,2026-08-31,582,582,bulundu,https://keykubatanadoluihl.meb.k12.tr/,2026-10-01T18:55:53.757927+00:00,,Öğrenci Sayısı : 582
Kayseri,Melikgazi,Keykubat Şehit Ömer Aktaş İlkokulu,630459,İlkokul,https://keykubatio.meb.k12.tr,,,https://keykubatio.meb.k12.tr/tema/harita.php,2026-08-31,1033,1033,bulundu,https://keykubatio.meb.k12.tr/,2026-10-01T18:55:53.938234+00:00,,Öğrenci Sayısı 1033
Kayseri,Melikgazi,Kıranardı Şehit Ramazan Kırboğa İlkokulu,248084,İlkokul,https://kiranardiilkokulu.meb.k12.tr,,,https://kiranardiilkokulu.meb.k12.tr/tema/harita.php,2026-08-31,123,123,bulundu,https://kiranardiilkokulu.meb.k12.tr/,2026-10-01T18:55:54.489237+00:00,,Öğrenci Sayısı 123
Kayseri,Melikgazi,Kıranardı Şehit Zekeriya Altunok Ortaokulu,718072,Ortaokul,https://kiranardiortaokulu.meb.k12.tr,,,https://kiranardiortaokulu.meb.k12.tr/tema/harita.php,2026-08-31,82,82,bulundu,https://kiranardiortaokulu.meb.k12.tr/,2026-10-01T18:55:54.601449+00:00,,Öğrenci Sayısı 82
Kayseri,Melikgazi,Malazgirt İlkokulu,262094,İlkokul,https://malazgirtio.meb.k12.tr,,,https://malazgirtio.meb.k12.tr/tema/harita.php,2026-08-31,513,513,bulundu,https://malazgirtio.meb.k12.tr/,2026-10-01T18:55:54.629834+00:00,,Öğrenci Sayısı : 513
Kayseri,Melikgazi,Malazgirt Şehit Murat Boyraz Anaokulu,759749,Anaokulu,https://malazgirtao.meb.k12.tr,,,https://malazgirtao.meb.k12.tr/tema/harita.php,2026-08-31,144,144,bulundu,https://malazgirtao.meb.k12.tr/,2026-10-01T18:55:54.666000+00:00,,Öğrenci Sayısı : 144
Kayseri,Melikgazi,Medine İmam Hatip Ortaokulu,760173,İmam Hatip Ortaokulu,https://medineiho.meb.k12.tr,,,https://medineiho.meb.k12.tr/tema/harita.php,2026-08-31,318,318,bulundu,https://medineiho.meb.k12.tr/,2026-10-01T18:55:54.668332+00:00,,Öğrenci Sayısı : 318
Kayseri,Melikgazi,Mehmet Akif Ersoy Ticaret Mesleki ve Teknik Anadolu Lisesi,169656,Mesleki ve Teknik Anadolu Lisesi,https://mael38.meb.k12.tr,,,https://mael38.meb.k12.tr/tema/harita.php,2026-08-31,344,344,bulundu,https://mael38.meb.k12.tr/,2026-10-01T18:55:54.752581+00:00,,Öğrenci Sayısı : 344
Kayseri,Melikgazi,Mehmet Bukem Somtaş Ortaokulu,718156,Ortaokul,https://mehmetbukemsomtasortaokulu.meb.k12.tr,,,https://mehmetbukemsomtasortaokulu.meb.k12.tr/tema/harita.php,2026-08-31,247,247,bulundu,https://mehmetbukemsomtasortaokulu.meb.k12.tr/,2026-10-01T18:55:54.875499+00:00,,Öğrenci Sayısı 247
Kayseri,Melikgazi,Mehmet Bukem Somtaş İlkokulu,718109,İlkokul,https://mehmetbukemsomtasilkokulu.meb.k12.tr,,,https://mehmetbukemsomtasilkokulu.meb.k12.tr/tema/harita.php,2026-08-31,192,192,bulundu,https://mehmetbukemsomtasilkokulu.meb.k12.tr/,2026-10-01T18:55:54.995814+00:00,,Öğrenci Sayısı 192
Kayseri,Melikgazi,Mehmet Kemal Dedeman Ortaokulu,975281,Ortaokul,https://mkdortaokulu.meb.k12.tr,,,https://mkdortaokulu.meb.k12.tr/tema/harita.php,2026-08-31,686,686,bulundu,https://mkdortaokulu.meb.k12.tr/,2026-10-01T18:55:55.179038+00:00,,Öğrenci Sayısı 686
Kayseri,Melikgazi,Mehmet Miraboğlu İlkokulu,975290,İlkokul,https://miraboglu.meb.k12.tr,,,https://miraboglu.meb.k12.tr/tema/harita.php,2026-08-31,668,668,bulundu,https://miraboglu.meb.k12.tr/,2026-10-01T18:55:55.188767+00:00,,Öğrenci Sayısı 668
Kayseri,Melikgazi,Mehmet Soysaraç Ortaokulu,975296,Ortaokul,https://msoysaracortaokulu.meb.k12.tr,,,https://msoysaracortaokulu.meb.k12.tr/tema/harita.php,2026-08-31,832,832,bulundu,https://msoysaracortaokulu.meb.k12.tr/,2026-10-01T18:55:55.212659+00:00,,Öğrenci Sayısı 832
Kayseri,Melikgazi,Mehmet-Şehime Germirli İlkokulu,718228,İlkokul,https://mehmetsehimegermirli.meb.k12.tr,,,https://mehmetsehimegermirli.meb.k12.tr/tema/harita.php,2026-08-31,530,530,bulundu,https://mehmetsehimegermirli.meb.k12.tr/,2026-10-01T18:55:55.244211+00:00,,Öğrenci Sayısı 530
Kayseri,Melikgazi,Melikgazi Av. Mehmet Altun İlkokulu,775156,İlkokul,https://775156.meb.k12.tr,,,https://775156.meb.k12.tr/tema/harita.php,2026-08-31,543,543,bulundu,https://775156.meb.k12.tr/,2026-10-01T18:55:55.565574+00:00,,Öğrenci Sayısı 543
Kayseri,Melikgazi,Melikgazi Bahçelievler Anadolu Lisesi,769083,Anadolu Lisesi,https://melikgazibahcelievleral.meb.k12.tr,,,https://melikgazibahcelievleral.meb.k12.tr/tema/harita.php,2026-08-31,711,711,bulundu,https://melikgazibahcelievleral.meb.k12.tr/,2026-10-01T18:55:55.576490+00:00,,Öğrenci Sayısı : 711
Kayseri,Melikgazi,Melikgazi Belediyesi Gültepe Anaokulu,757562,Anaokulu,https://melikgazigultepeanaokulu.meb.k12.tr,,,https://melikgazigultepeanaokulu.meb.k12.tr/tema/harita.php,2026-08-31,244,244,bulundu,https://melikgazigultepeanaokulu.meb.k12.tr/,2026-10-01T18:55:55.688263+00:00,,Öğrenci Sayısı: 244
Kayseri,Melikgazi,Melikgazi Belediyesi Mehmet Altun Havacılık ve Uzay Teknolojileri Mesleki ve Teknik Anadolu Lisesi,776197,Mesleki ve Teknik Anadolu Lisesi,https://kayserihavacilikuzaymtal.meb.k12.tr,,,https://kayserihavacilikuzaymtal.meb.k12.tr/tema/harita.php,2026-08-31,88,88,bulundu,https://kayserihavacilikuzaymtal.meb.k12.tr/tema/okulumuz_hakkinda.php,2026-10-01T18:55:55.708007+00:00,,Öğrenci : 88
Kayseri,Melikgazi,Melikgazi Belediyesi Tınaztepe Anaokulu,759833,Anaokulu,https://melikgazitinaztepeanaokulu.meb.k12.tr,,,https://melikgazitinaztepeanaokulu.meb.k12.tr/tema/harita.php,2026-08-31,271,271,bulundu,https://melikgazitinaztepeanaokulu.meb.k12.tr/,2026-10-01T18:55:55.753183+00:00,,Öğrenci Sayısı 271
Kayseri,Melikgazi,Melikgazi Belediyesi İlkokulu,723254,İlkokul,https://melikgazibelediyesiio.meb.k12.tr,,,https://melikgazibelediyesiio.meb.k12.tr/tema/harita.php,2026-08-31,432,432,bulundu,https://melikgazibelediyesiio.meb.k12.tr/,2026-10-01T18:55:55.779733+00:00,,Öğrenci Sayısı 432
Kayseri,Melikgazi,Melikgazi Mustafa Eminoğlu Anadolu Lisesi,964139,Anadolu Lisesi,https://mealis.meb.k12.tr,,,https://mealis.meb.k12.tr/tema/harita.php,2026-08-31,945,945,bulundu,https://mealis.meb.k12.tr/tema/okulumuz_hakkinda.php,2026-10-01T18:55:56.059395+00:00,,Öğrenci : 945
Kayseri,Melikgazi,Melikgazi Necdet Taş Anadolu Lisesi,964138,Anadolu Lisesi,https://necdettasanadolu.meb.k12.tr,,,https://necdettasanadolu.meb.k12.tr/tema/harita.php,2026-08-31,555,555,bulundu,https://necdettasanadolu.meb.k12.tr/,2026-10-01T18:55:56.260807+00:00,,Öğrenci Sayısı : 555
Kayseri,Melikgazi,Melikgazi Rehberlik ve Araştırma Merkezi,974559,Rehberlik ve Araştırma Merkezi,https://melikgaziram.meb.k12.tr,,,https://melikgaziram.meb.k12.tr/tema/harita.php,2026-08-31,,,bulunamadi,,2026-10-01T18:55:56.295973+00:00,,
Kayseri,Melikgazi,Melikgazi Turgut Özal İlkokulu,975368,İlkokul,https://turgutozalmelikgazi.meb.k12.tr,,,https://turgutozalmelikgazi.meb.k12.tr/tema/harita.php,2026-08-31,611,611,bulundu,https://turgutozalmelikgazi.meb.k12.tr/,2026-10-01T18:55:56.306210+00:00,,Öğrenci Sayısı: 611
Kayseri,Melikgazi,Melikgazi Şehit Ayşegül Pürnek Anaokulu,752371,Anaokulu,https://melikgazianaokulu.meb.k12.tr,,,https://melikgazianaokulu.meb.k12.tr/tema/harita.php,2026-08-31,330,330,bulundu,https://melikgazianaokulu.meb.k12.tr/,2026-10-01T18:55:56.307943+00:00,,Öğrenci Sayısı 330
Kayseri,Melikgazi,Melikgazi Şehit Hüseyin Danacı Halk Eğitimi Merkezi,215368,Halk Eğitimi Merkezi,https://melikgazihem.meb.k12.tr,,,https://melikgazihem.meb.k12.tr/tema/harita.php,2026-08-31,,,bulunamadi,,2026-10-01T18:55:56.385088+00:00,,
Kayseri,Melikgazi,Merkez Mesleki ve Teknik Anadolu Lisesi,169740,Mesleki ve Teknik Anadolu Lisesi,https://merkezmtal.meb.k12.tr,,,https://merkezmtal.meb.k12.tr/tema/harita.php,2026-08-31,1298,1298,bulundu,https://merkezmtal.meb.k12.tr/tema/okulumuz_hakkinda.php,2026-10-01T18:55:56.405954+00:00,,Öğrenci : 1298
Kayseri,Melikgazi,Mihriban ve Fatma Altuntaş Anaokulu,768965,Anaokulu,https://mihribanvefatmaanaokulu.meb.k12.tr,,,https://mihribanvefatmaanaokulu.meb.k12.tr/tema/harita.php,2026-08-31,,,bulunamadi,,2026-10-01T18:55:56.420902+00:00,,
Kayseri,Melikgazi,Milli Egemenlik İlkokulu,975300,İlkokul,https://milliegemenlik38.meb.k12.tr,,,https://milliegemenlik38.meb.k12.tr/tema/harita.php,2026-08-31,179,179,bulundu,https://milliegemenlik38.meb.k12.tr/,2026-10-01T18:55:56.643923+00:00,,Öğrenci Sayısı 179
Kayseri,Melikgazi,Mimar Sinan Kasabası Sinan İlkokulu,975306,İlkokul,https://sinanilkokulu38.meb.k12.tr,,,https://sinanilkokulu38.meb.k12.tr/tema/harita.php,2026-08-31,135,135,bulundu,https://sinanilkokulu38.meb.k12.tr/,2026-10-01T18:55:56.700205+00:00,,Öğrenci Sayısı 135
Kayseri,Melikgazi,Mimar Sinan Mesleki ve Teknik Anadolu Lisesi,169727,Mesleki ve Teknik Anadolu Lisesi,https://mimarsinanteml.meb.k12.tr,,,https://mimarsinanteml.meb.k12.tr/tema/harita.php,2026-08-31,921,921,bulundu,https://mimarsinanteml.meb.k12.tr/tema/okulumuz_hakkinda.php,2026-10-01T18:55:56.709631+00:00,,Öğrenci : 921
Kayseri,Melikgazi,Mimar Sinan Şehit Mustafa Eyyub Darendelioğlu Ortaokulu,700743,Ortaokul,https://mimarsinanshtdarendeliogluoo.meb.k12.tr,,,https://mimarsinanshtdarendeliogluoo.meb.k12.tr/tema/harita.php,2026-08-31,190,190,bulundu,https://mimarsinanshtdarendeliogluoo.meb.k12.tr/,2026-10-01T18:55:56.801665+00:00,,Öğrenci Sayısı : 190
Kayseri,Melikgazi,Murat Kantarcı Bilim ve Sanat Merkezi,770428,Bilim ve Sanat Merkezi,https://muratkantarcibilsem.meb.k12.tr,,,https://muratkantarcibilsem.meb.k12.tr/tema/harita.php,2026-08-31,,,bulunamadi,,2026-10-01T18:55:56.828058+00:00,,
Kayseri,Melikgazi,Mustafa Eraslan Anadolu Lisesi,964678,Anadolu Lisesi,https://mustafaeraslanal.meb.k12.tr,,,https://mustafaeraslanal.meb.k12.tr/tema/harita.php,2026-08-31,701,701,bulundu,https://mustafaeraslanal.meb.k12.tr/,2026-10-01T18:55:56.948162+00:00,,Öğrenci Sayısı 701
Kayseri,Melikgazi,Mustafa Kemal Ortaokulu,723300,Ortaokul,https://mustafakemalortaokul.meb.k12.tr,,,https://mustafakemalortaokul.meb.k12.tr/tema/harita.php,2026-08-31,1017,1017,bulundu,https://mustafakemalortaokul.meb.k12.tr/,2026-10-01T18:55:56.968921+00:00,,Öğrenci Sayısı : 1017
Kayseri,Melikgazi,Mustafa Kemal İlkokulu,723291,İlkokul,https://mustafakemalilkokul.meb.k12.tr,,,https://mustafakemalilkokul.meb.k12.tr/tema/harita.php,2026-08-31,696,696,bulundu,https://mustafakemalilkokul.meb.k12.tr/,2026-10-01T18:55:56.979206+00:00,,Öğrenci Sayısı 696
Kayseri,Melikgazi,Mustafa Tatar İlkokulu,975318,İlkokul,https://mustafatatar.meb.k12.tr,,,https://mustafatatar.meb.k12.tr/tema/harita.php,2026-08-31,832,832,bulundu,https://mustafatatar.meb.k12.tr/,2026-10-01T18:55:56.981371+00:00,,Öğrenci Sayısı : 832
Kayseri,Melikgazi,Mustafa Yazar İlkokulu,975315,İlkokul,https://mustafayazarilkokulu.meb.k12.tr,,,https://mustafayazarilkokulu.meb.k12.tr/tema/harita.php,2026-08-31,432,432,bulundu,https://mustafayazarilkokulu.meb.k12.tr/,2026-10-01T18:55:57.058732+00:00,,Öğrenci Sayısı 432
Kayseri,Melikgazi,Mustafa Çataloğlu İlkokulu,764359,İlkokul,https://mcatalogluilkokulu.meb.k12.tr,,,https://mcatalogluilkokulu.meb.k12.tr/tema/harita.php,2026-08-31,837,837,bulundu,https://mcatalogluilkokulu.meb.k12.tr/,2026-10-01T18:55:57.064154+00:00,,Öğrenci Sayısı : 837
Kayseri,Melikgazi,Mustafa Özdal İlkokulu,723295,İlkokul,https://mustafaozdalio.meb.k12.tr,,,https://mustafaozdalio.meb.k12.tr/tema/harita.php,2026-08-31,529,529,bulundu,https://mustafaozdalio.meb.k12.tr/,2026-10-01T18:55:57.381251+00:00,,Öğrenci Sayısı : 529
Kayseri,Melikgazi,Mustafa Özgür İlkokulu,723369,İlkokul,https://mustafaozgur.meb.k12.tr,,,https://mustafaozgur.meb.k12.tr/tema/harita.php,2026-08-31,256,256,bulundu,https://mustafaozgur.meb.k12.tr/,2026-10-01T18:55:57.425277+00:00,,Öğrenci Sayısı : 256
Kayseri,Melikgazi,Muzaffer Bezircilioğlu Anadolu Lisesi,750270,Anadolu Lisesi,https://mbezircilioglual.meb.k12.tr,,,https://mbezircilioglual.meb.k12.tr/tema/harita.php,2026-08-31,523,523,bulundu,https://mbezircilioglual.meb.k12.tr/,2026-10-01T18:55:57.559192+00:00,,Öğrenci Sayısı 523
Kayseri,Melikgazi,Müncübe Cıngıllıoğlu Ortaokulu,630220,Ortaokul,https://muncubeo.meb.k12.tr,,,https://muncubeo.meb.k12.tr/tema/harita.php,2026-08-31,1409,1409,bulundu,https://muncubeo.meb.k12.tr/,2026-10-01T18:55:57.585935+00:00,,Öğrenci Sayısı : 1409
Kayseri,Melikgazi,Müşerref-Hasan Eser Ticaret Mesleki ve Teknik Anadolu Lisesi,749518,Mesleki ve Teknik Anadolu Lisesi,https://muserrefhasanesermtal.meb.k12.tr,,,https://muserrefhasanesermtal.meb.k12.tr/tema/harita.php,2026-08-31,506,506,bulundu,https://muserrefhasanesermtal.meb.k12.tr/,2026-10-01T18:55:58.146228+00:00,,Öğrenci Sayısı 506
Kayseri,Melikgazi,Nazife-Talat Orhan Anaokulu,749484,Anaokulu,https://nazifetalatorhananaokulu.meb.k12.tr,,,https://nazifetalatorhananaokulu.meb.k12.tr/tema/harita.php,2026-08-31,198,198,bulundu,https://nazifetalatorhananaokulu.meb.k12.tr/,2026-10-01T18:55:58.154175+00:00,,Öğrenci Sayısı 198
Kayseri,Melikgazi,Necip Fazıl Kısakürek İlkokulu,975327,İlkokul,https://nfkisakurek.meb.k12.tr,,,https://nfkisakurek.meb.k12.tr/tema/harita.php,2026-08-31,578,578,bulundu,https://nfkisakurek.meb.k12.tr/,2026-10-01T18:55:58.292444+00:00,,Öğrenci Sayısı : 578
Kayseri,Melikgazi,Nermin Eminoğlu Anaokulu,819277,Anaokulu,https://nermineminogluanaokulu.meb.k12.tr,,,https://nermineminogluanaokulu.meb.k12.tr/tema/harita.php,2026-08-31,328,328,bulundu,https://nermineminogluanaokulu.meb.k12.tr/,2026-10-01T18:55:58.317607+00:00,,Öğrenci Sayısı: 328
Kayseri,Melikgazi,Nezaket Altun ve Halil Altun Anaokulu,775199,Anaokulu,https://nezaketaltunvehalilaltunanaokulu.meb.k12.tr,,,https://nezaketaltunvehalilaltunanaokulu.meb.k12.tr/tema/harita.php,2026-08-31,172,172,bulundu,https://nezaketaltunvehalilaltunanaokulu.meb.k12.tr/,2026-10-01T18:55:58.322034+00:00,,Öğrenci Sayısı 172
Kayseri,Melikgazi,Nezaket Altun ve Halil Altun İlkokulu,775198,İlkokul,https://775198.meb.k12.tr,,,https://775198.meb.k12.tr/tema/harita.php,2026-08-31,259,259,bulundu,https://775198.meb.k12.tr/,2026-10-01T18:55:58.324539+00:00,,Öğrenci Sayısı : 259
Kayseri,Melikgazi,Nuh Mehmet Baldöktü Anadolu Lisesi,169703,Anadolu Lisesi,https://nmbaldoktu.meb.k12.tr,,,https://nmbaldoktu.meb.k12.tr/tema/harita.php,2026-08-31,607,607,bulundu,https://nmbaldoktu.meb.k12.tr/,2026-10-01T18:55:58.347807+00:00,,Öğrenci Sayısı 607
Kayseri,Melikgazi,Nuri Has Ortaokulu,630207,Ortaokul,https://nurihas.meb.k12.tr,,,https://nurihas.meb.k12.tr/tema/harita.php,2026-08-31,462,462,bulundu,https://nurihas.meb.k12.tr/,2026-10-01T18:55:58.415094+00:00,,Öğrenci Sayısı : 462
Kayseri,Melikgazi,Nurullah Pakize Narin Anadolu Lisesi,767143,Anadolu Lisesi,https://npnarinanadolulisesi.meb.k12.tr,,,https://npnarinanadolulisesi.meb.k12.tr/tema/harita.php,2026-08-31,458,458,bulundu,https://npnarinanadolulisesi.meb.k12.tr/,2026-10-01T18:55:58.875916+00:00,,Öğrenci Sayısı : 458
Kayseri,Melikgazi,Osman Hilmi Kalpaklıoğlu Ortaokulu,700768,Ortaokul,https://osmanhilmi.meb.k12.tr,,,https://osmanhilmi.meb.k12.tr/tema/harita.php,2026-08-31,475,475,bulundu,https://osmanhilmi.meb.k12.tr/,2026-10-01T18:55:58.883002+00:00,,Öğrenci Sayısı : 475
Kayseri,Melikgazi,Osman Kavuncu Ortaokulu,975332,Ortaokul,https://osmankavuncuortaokulu.meb.k12.tr,,,https://osmankavuncuortaokulu.meb.k12.tr/tema/harita.php,2026-08-31,915,915,bulundu,https://osmankavuncuortaokulu.meb.k12.tr/,2026-10-01T18:55:58.911617+00:00,,Öğrenci Sayısı 915
Kayseri,Melikgazi,Osman Ulubaş Anadolu Lisesi,975015,Anadolu Lisesi,https://osmanulubasal.meb.k12.tr,,,https://osmanulubasal.meb.k12.tr/tema/harita.php,2026-08-31,765,765,bulundu,https://osmanulubasal.meb.k12.tr/tema/okulumuz_hakkinda.php,2026-10-01T18:55:59.136834+00:00,,Öğrenci : 765
Kayseri,Melikgazi,Osman Ulubaş Anaokulu,974660,Anaokulu,https://ulubasana.meb.k12.tr,,,https://ulubasana.meb.k12.tr/tema/harita.php,2026-08-31,158,158,bulundu,https://ulubasana.meb.k12.tr/,2026-10-01T18:55:59.265989+00:00,,Öğrenci Sayısı 158
Kayseri,Melikgazi,Osman Ulubaş Köşk Anadolu Lisesi,766307,Anadolu Lisesi,https://osmanulubaskoskal.meb.k12.tr,,,https://osmanulubaskoskal.meb.k12.tr/tema/harita.php,2026-08-31,554,554,bulundu,https://osmanulubaskoskal.meb.k12.tr/,2026-10-01T18:55:59.292182+00:00,,Öğrenci Sayısı : 554
Kayseri,Melikgazi,Osman Ulubaş Köşk Anaokulu,766851,Anaokulu,https://osmanulubaskosk.meb.k12.tr,,,https://osmanulubaskosk.meb.k12.tr/tema/harita.php,2026-08-31,256,256,bulundu,https://osmanulubaskosk.meb.k12.tr/,2026-10-01T18:55:59.358150+00:00,,Öğrenci Sayısı 256
Kayseri,Melikgazi,Osman Ulubaş Köşk Ortaokulu,775861,Ortaokul,https://osmanulubaskoskortaokulu.meb.k12.tr,,,https://osmanulubaskoskortaokulu.meb.k12.tr/tema/harita.php,2026-08-31,1470,1470,bulundu,https://osmanulubaskoskortaokulu.meb.k12.tr/,2026-10-01T18:55:59.383298+00:00,,Öğrenci Sayısı : 1470
Kayseri,Melikgazi,Osman Ulubaş Melikgazi Anaokulu,771973,Anaokulu,https://osmanulubasmelikgazianaokulu.meb.k12.tr,,,https://osmanulubasmelikgazianaokulu.meb.k12.tr/tema/harita.php,2026-08-31,192,192,bulundu,https://osmanulubasmelikgazianaokulu.meb.k12.tr/,2026-10-01T18:55:59.463154+00:00,,Öğrenci Sayısı: 192
Kayseri,Melikgazi,Osman Ulubaş Melikgazi Ortaokulu,771117,Ortaokul,https://osmanulubasmelikgazioo.meb.k12.tr,,,https://osmanulubasmelikgazioo.meb.k12.tr/tema/harita.php,2026-08-31,795,795,bulundu,https://osmanulubasmelikgazioo.meb.k12.tr/,2026-10-01T18:55:59.587240+00:00,,Öğrenci Sayısı 795
Kayseri,Melikgazi,Osman Ulubaş Melikgazi İlkokulu,771114,İlkokul,https://osmanulubasmelikgaziilkokulu.meb.k12.tr,,,https://osmanulubasmelikgaziilkokulu.meb.k12.tr/tema/harita.php,2026-08-31,602,602,bulundu,https://osmanulubasmelikgaziilkokulu.meb.k12.tr/,2026-10-01T18:55:59.794177+00:00,,Öğrenci Sayısı : 602
Kayseri,Melikgazi,Osman Ulubaş İlkokulu,975338,İlkokul,https://ulubasio.meb.k12.tr,,,https://ulubasio.meb.k12.tr/tema/harita.php,2026-08-31,662,662,bulundu,https://ulubasio.meb.k12.tr/,2026-10-01T18:55:59.879678+00:00,,Öğrenci Sayısı : 662
Kayseri,Melikgazi,Papatya Anaokulu,776981,Anaokulu,https://776981.meb.k12.tr,,,https://776981.meb.k12.tr/tema/harita.php,2026-08-31,167,167,bulundu,https://776981.meb.k12.tr/,2026-10-01T18:55:59.941547+00:00,,Öğrenci Sayısı : 167
Kayseri,Melikgazi,Pembe Başyazıcıoğlu Anaokulu,970623,Anaokulu,https://pembebasyaziciogluanaokulu.meb.k12.tr,,,https://pembebasyaziciogluanaokulu.meb.k12.tr/tema/harita.php,2026-08-31,97,97,bulundu,https://pembebasyaziciogluanaokulu.meb.k12.tr/,2026-10-01T18:55:59.970029+00:00,,Öğrenci Sayısı: 97
Kayseri,Melikgazi,Sakarya Ortaokulu,775492,Ortaokul,https://775492.meb.k12.tr,,,https://775492.meb.k12.tr/tema/harita.php,2026-08-31,671,671,bulundu,https://775492.meb.k12.tr/,2026-10-01T18:56:00.003588+00:00,,Öğrenci Sayısı : 671
Kayseri,Melikgazi,Saniye-Şahin Yıldırım Anaokulu,772939,Anaokulu,https://772939.meb.k12.tr,,,https://772939.meb.k12.tr/tema/harita.php,2026-08-31,156,156,bulundu,https://772939.meb.k12.tr/,2026-10-01T18:56:00.045666+00:00,,Öğrenci Sayısı : 156
Kayseri,Melikgazi,Selçuklu Anadolu Lisesi,879368,Anadolu Lisesi,https://selcuklual.meb.k12.tr,,,https://selcuklual.meb.k12.tr/tema/harita.php,2026-08-31,830,830,bulundu,https://selcuklual.meb.k12.tr/,2026-10-01T18:56:00.052720+00:00,,Öğrenci Sayısı 830
Kayseri,Melikgazi,Sema Yazar Anadolu Lisesi,317572,Anadolu Lisesi,https://semayazaral.meb.k12.tr,,,https://semayazaral.meb.k12.tr/tema/harita.php,2026-08-31,532,532,bulundu,https://semayazaral.meb.k12.tr/,2026-10-01T18:56:00.156071+00:00,,Öğrenci Sayısı 532
Kayseri,Melikgazi,Sema Yazar Ortaokulu,700789,Ortaokul,https://semayazar.meb.k12.tr,,,https://semayazar.meb.k12.tr/tema/harita.php,2026-08-31,705,705,bulundu,https://semayazar.meb.k12.tr/,2026-10-01T18:56:00.414973+00:00,,Öğrenci Sayısı 705
Kayseri,Melikgazi,Sema Yazar İlkokulu,700781,İlkokul,https://semayazario.meb.k12.tr,,,https://semayazario.meb.k12.tr/tema/harita.php,2026-08-31,655,655,bulundu,https://semayazario.meb.k12.tr/tema/okulumuz_hakkinda.php,2026-10-01T18:56:00.440940+00:00,,Öğrenci : 655
Kayseri,Melikgazi,Seyide Daloğlu Anadolu Lisesi,972755,Anadolu Lisesi,https://sedal.meb.k12.tr,,,https://sedal.meb.k12.tr/tema/harita.php,2026-08-31,745,745,bulundu,https://sedal.meb.k12.tr/,2026-10-01T18:56:00.482491+00:00,,Öğrenci Sayısı : 745
Kayseri,Melikgazi,Seyit Mehmet Kayıhan İlkokulu,975349,İlkokul,https://smehmetkayihanilkokulu.meb.k12.tr,,,https://smehmetkayihanilkokulu.meb.k12.tr/tema/harita.php,2026-08-31,210,210,bulundu,https://smehmetkayihanilkokulu.meb.k12.tr/,2026-10-01T18:56:00.534113+00:00,,Öğrenci Sayısı : 210
Kayseri,Melikgazi,Seyyid Burhaneddin Mesleki ve Teknik Anadolu Lisesi,169752,Mesleki ve Teknik Anadolu Lisesi,https://sbeml.meb.k12.tr,,,https://sbeml.meb.k12.tr/tema/harita.php,2026-08-31,1214,1214,bulundu,https://sbeml.meb.k12.tr/,2026-10-01T18:56:00.539682+00:00,,Öğrenci Sayısı : 1214
Kayseri,Melikgazi,Somuncubaba Anadolu İmam Hatip Lisesi,760907,Anadolu İmam Hatip Lisesi,https://somuncubabaihl.meb.k12.tr,,,https://somuncubabaihl.meb.k12.tr/tema/harita.php,2026-08-31,371,371,bulundu,https://somuncubabaihl.meb.k12.tr/tema/okulumuz_hakkinda.php,2026-10-01T18:56:00.549576+00:00,,Öğrenci : 371
Kayseri,Melikgazi,Soğanlı Anadolu Lisesi,767142,Anadolu Lisesi,https://767142.meb.k12.tr,,,https://767142.meb.k12.tr/tema/harita.php,2026-08-31,564,564,bulundu,https://767142.meb.k12.tr/,2026-10-01T18:56:00.605497+00:00,,Öğrenci Sayısı 564
Kayseri,Melikgazi,Sultan Alparslan İmam Hatip Ortaokulu,760833,İmam Hatip Ortaokulu,https://saliho.meb.k12.tr,,,https://saliho.meb.k12.tr/tema/harita.php,2026-08-31,224,224,bulundu,https://saliho.meb.k12.tr/,2026-10-01T18:56:00.667254+00:00,,Öğrenci Sayısı 224
Kayseri,Melikgazi,TOKİ Şehit Nazım Ortaokulu,751882,Ortaokul,https://tokisehitnazimortaokulu.meb.k12.tr,,,https://tokisehitnazimortaokulu.meb.k12.tr/tema/harita.php,2026-08-31,493,493,bulundu,https://tokisehitnazimortaokulu.meb.k12.tr/,2026-10-01T18:56:00.719812+00:00,,Öğrenci Sayısı 493
Kayseri,Melikgazi,TOKİ Şehit Nazım İlkokulu,751881,İlkokul,https://tokisehitnazimilkokulu.meb.k12.tr,,,https://tokisehitnazimilkokulu.meb.k12.tr/tema/harita.php,2026-08-31,576,576,bulundu,https://tokisehitnazimilkokulu.meb.k12.tr/,2026-10-01T18:56:00.835948+00:00,,Öğrenci Sayısı 576
Kayseri,Melikgazi,Turan Ortaokulu,718606,Ortaokul,https://turanortao.meb.k12.tr,,,https://turanortao.meb.k12.tr/tema/harita.php,2026-08-31,60,60,bulundu,https://turanortao.meb.k12.tr/,2026-10-01T18:56:00.880362+00:00,,Öğrenci Sayısı : 60
Kayseri,Melikgazi,Turan İlkokulu,718558,İlkokul,https://melikgazituranio.meb.k12.tr,,,https://melikgazituranio.meb.k12.tr/tema/harita.php,2026-08-31,43,43,bulundu,https://melikgazituranio.meb.k12.tr/,2026-10-01T18:56:01.043778+00:00,,Öğrenci Sayısı : 43
Kayseri,Melikgazi,Türkan-Av.Mehmet Altun İlkokulu,975158,İlkokul,https://trkanavmehemtaltunilkokulu.meb.k12.tr,,,https://trkanavmehemtaltunilkokulu.meb.k12.tr/tema/harita.php,2026-08-31,212,212,bulundu,https://trkanavmehemtaltunilkokulu.meb.k12.tr/,2026-10-01T18:56:01.049341+00:00,,Öğrenci Sayısı : 212
Kayseri,Melikgazi,Türkiye Tekstil Sanayi İşverenleri Sendikası Mesleki ve Teknik Anadolu Lisesi,971692,Mesleki ve Teknik Anadolu Lisesi,https://ttvkayserimtal.meb.k12.tr,,,https://ttvkayserimtal.meb.k12.tr/tema/harita.php,2026-08-31,343,343,bulundu,https://ttvkayserimtal.meb.k12.tr/tema/okulumuz_hakkinda.php,2026-10-01T18:56:01.082796+00:00,,Öğrenci : 343
Kayseri,Melikgazi,Vali Saffet Arıkan Bedük Ortaokulu,975370,Ortaokul,https://vsaffetarikanbedukortaokulu.meb.k12.tr,,,https://vsaffetarikanbedukortaokulu.meb.k12.tr/tema/harita.php,2026-08-31,281,281,bulundu,https://vsaffetarikanbedukortaokulu.meb.k12.tr/,2026-10-01T18:56:01.120963+00:00,,Öğrenci Sayısı 281
Kayseri,Melikgazi,Vefa Anadolu Lisesi,767398,Anadolu Lisesi,https://vefaanadolulisesi.meb.k12.tr,,,https://vefaanadolulisesi.meb.k12.tr/tema/harita.php,2026-08-31,786,786,bulundu,https://vefaanadolulisesi.meb.k12.tr/tema/okulumuz_hakkinda.php,2026-10-01T18:56:01.155657+00:00,,Öğrenci : 786
Kayseri,Melikgazi,Vilayetler Hizmet Birliği Anaokulu,973607,Anaokulu,https://vilayetleranaokulu.meb.k12.tr,,,https://vilayetleranaokulu.meb.k12.tr/tema/harita.php,2026-08-31,182,182,bulundu,https://vilayetleranaokulu.meb.k12.tr/,2026-10-01T18:56:01.226740+00:00,,Öğrenci Sayısı: 182
Kayseri,Melikgazi,Yahya Kemal Beyatlı Ortaokulu,975376,Ortaokul,https://ykbeyatli.meb.k12.tr,,,https://ykbeyatli.meb.k12.tr/tema/harita.php,2026-08-31,675,675,bulundu,https://ykbeyatli.meb.k12.tr/,2026-10-01T18:56:01.260810+00:00,,Öğrenci Sayısı : 675
Kayseri,Melikgazi,Yalçın Delikan Anaokulu,749969,Anaokulu,https://yalcindelikananaokulu.meb.k12.tr,,,https://yalcindelikananaokulu.meb.k12.tr/tema/harita.php,2026-08-31,166,166,bulundu,https://yalcindelikananaokulu.meb.k12.tr/,2026-10-01T18:56:01.639469+00:00,,Öğrenci Sayısı: 166
Kayseri,Melikgazi,Yalçın Delikan Ortaokulu,975379,Ortaokul,https://yalcindelikanortaokulu.meb.k12.tr,,,https://yalcindelikanortaokulu.meb.k12.tr/tema/harita.php,2026-08-31,771,771,bulundu,https://yalcindelikanortaokulu.meb.k12.tr/tema/okulumuz_hakkinda.php,2026-10-01T18:56:01.698660+00:00,,Öğrenci : 771
Kayseri,Melikgazi,Yeşilyurt Mustafa Tümer Ortaokulu,718791,Ortaokul,https://yesilyurtmustafatumerortaokulu.meb.k12.tr,,,https://yesilyurtmustafatumerortaokulu.meb.k12.tr/tema/harita.php,2026-08-31,50,50,bulundu,https://yesilyurtmustafatumerortaokulu.meb.k12.tr/,2026-10-01T18:56:01.721758+00:00,,Öğrenci Sayısı : 50
Kayseri,Melikgazi,Yeşilyurt Mustafa Tümer İlkokulu,736599,İlkokul,https://yesilyurtmustafatumerilkokulu.meb.k12.tr,,,https://yesilyurtmustafatumerilkokulu.meb.k12.tr/tema/harita.php,2026-08-31,55,55,bulundu,https://yesilyurtmustafatumerilkokulu.meb.k12.tr/tema/okulumuz_hakkinda.php,2026-10-01T18:56:02.173520+00:00,,Öğrenci : 55
Kayseri,Melikgazi,Yunus Büyükkuşoğlu İmam Hatip Ortaokulu,748547,İmam Hatip Ortaokulu,https://yunusiho.meb.k12.tr,,,https://yunusiho.meb.k12.tr/tema/harita.php,2026-08-31,377,377,bulundu,https://yunusiho.meb.k12.tr/,2026-10-01T18:56:02.196184+00:00,,Öğrenci Sayısı 377
Kayseri,Melikgazi,Yıldırım Beyazıt Ortaokulu,718871,Ortaokul,https://yildirimbeyazitoo.meb.k12.tr,,,https://yildirimbeyazitoo.meb.k12.tr/tema/harita.php,2026-08-31,173,173,bulundu,https://yildirimbeyazitoo.meb.k12.tr/,2026-10-01T18:56:02.296556+00:00,,Öğrenci Sayısı 173
Kayseri,Melikgazi,Yıldırım Beyazıt İlkokulu,718833,İlkokul,https://yildirimbeyazitio.meb.k12.tr,,,https://yildirimbeyazitio.meb.k12.tr/tema/harita.php,2026-08-31,231,231,bulundu,https://yildirimbeyazitio.meb.k12.tr/,2026-10-01T18:56:02.303298+00:00,,Öğrenci Sayısı : 231
Kayseri,Melikgazi,Yılmaz-İsmet Akansu İlkokulu,718920,İlkokul,https://akansuilkokulu.meb.k12.tr,,,https://akansuilkokulu.meb.k12.tr/tema/harita.php,2026-08-31,727,727,bulundu,https://akansuilkokulu.meb.k12.tr/,2026-10-01T18:56:02.331099+00:00,,Öğrenci Sayısı : 727
Kayseri,Melikgazi,Zenger-Güç Ortaokulu,719026,Ortaokul,https://zengergucortaokulu.meb.k12.tr,,,https://zengergucortaokulu.meb.k12.tr/tema/harita.php,2026-08-31,1094,1094,bulundu,https://zengergucortaokulu.meb.k12.tr/,2026-10-01T18:56:02.341433+00:00,,Öğrenci Sayısı 1094
Kayseri,Melikgazi,Çetin Şen Bilim ve Sanat Merkezi,967416,Bilim ve Sanat Merkezi,https://kayseribilsem.meb.k12.tr,,,https://kayseribilsem.meb.k12.tr/tema/harita.php,2026-08-31,1169,1169,bulundu,https://kayseribilsem.meb.k12.tr/,2026-10-01T18:56:02.456836+00:00,,Öğrenci Sayısı : 1169
Kayseri,Melikgazi,Özkar Özel Eğitim Uygulama Okulu I. Kademe,747123,Özel Eğitim Kurumu,https://ozkaregitimuygulamaokulu.meb.k12.tr,,,https://ozkaregitimuygulamaokulu.meb.k12.tr/tema/harita.php,2026-08-31,113,113,bulundu,https://ozkaregitimuygulamaokulu.meb.k12.tr/,2026-10-01T18:56:02.584964+00:00,,Öğrenci Sayısı : 113
Kayseri,Melikgazi,Özkar Özel Eğitim Uygulama Okulu II. Kademe,747356,Özel Eğitim Kurumu,https://ozkareu2.meb.k12.tr,,,https://ozkareu2.meb.k12.tr/tema/harita.php,2026-08-31,90,90,bulundu,https://ozkareu2.meb.k12.tr/,2026-10-01T18:56:02.697838+00:00,,Öğrenci Sayısı : 90
Kayseri,Melikgazi,Özkoyuncu Fatımatüzzehra İmam Hatip Ortaokulu,761324,İmam Hatip Ortaokulu,https://ozkoyuncufatimatuzzehraiho.meb.k12.tr,,,https://ozkoyuncufatimatuzzehraiho.meb.k12.tr/tema/harita.php,2026-08-31,196,196,bulundu,https://ozkoyuncufatimatuzzehraiho.meb.k12.tr/,2026-10-01T18:56:02.946275+00:00,,Öğrenci Sayısı : 196
Kayseri,Melikgazi,Ülfet Kızıklı İlkokulu,718669,İlkokul,https://ulfetkizikliilkokulu.meb.k12.tr,,,https://ulfetkizikliilkokulu.meb.k12.tr/tema/harita.php,2026-08-31,305,305,bulundu,https://ulfetkizikliilkokulu.meb.k12.tr/,2026-10-01T18:56:03.106882+00:00,,Öğrenci Sayısı : 305
Kayseri,Melikgazi,İbrahim Kendiroğlu İlkokulu,772925,İlkokul,https://772925.meb.k12.tr,,,https://772925.meb.k12.tr/tema/harita.php,2026-08-31,770,770,bulundu,https://772925.meb.k12.tr/,2026-10-01T18:56:03.239865+00:00,,Öğrenci Sayısı : 770
Kayseri,Melikgazi,İbrahim Tennuri Ortaokulu,757548,Ortaokul,https://ibrahimtennuri.meb.k12.tr,,,https://ibrahimtennuri.meb.k12.tr/tema/harita.php,2026-08-31,1021,1021,bulundu,https://ibrahimtennuri.meb.k12.tr/,2026-10-01T18:56:03.287100+00:00,,Öğrenci Sayısı : 1021
Kayseri,Melikgazi,İbrahim Yüzbaşıoğlu Ortaokulu,717836,Ortaokul,https://iyuzbasioglu.meb.k12.tr,,,https://iyuzbasioglu.meb.k12.tr/tema/harita.php,2026-08-31,499,499,bulundu,https://iyuzbasioglu.meb.k12.tr/,2026-10-01T18:56:03.316806+00:00,,Öğrenci Sayısı : 499
Kayseri,Melikgazi,İbrahim Yüzbaşıoğlu İlkokulu,717812,İlkokul,https://iyuzbasiogluilkokulu.meb.k12.tr,,,https://iyuzbasiogluilkokulu.meb.k12.tr/tema/harita.php,2026-08-31,238,238,bulundu,https://iyuzbasiogluilkokulu.meb.k12.tr/tema/okulumuz_hakkinda.php,2026-10-01T18:56:03.434251+00:00,,Öğrenci : 238
Kayseri,Melikgazi,İldem Borsa İstanbul Ortaokulu,717897,Ortaokul,https://ildemborsaistanbulortaokulu.meb.k12.tr,,,https://ildemborsaistanbulortaokulu.meb.k12.tr/tema/harita.php,2026-08-31,1073,1073,bulundu,https://ildemborsaistanbulortaokulu.meb.k12.tr/,2026-10-01T18:56:03.669948+00:00,,Öğrenci Sayısı : 1073
Kayseri,Melikgazi,İldem Şehit Abuzer Doğan Anaokulu,963217,Anaokulu,https://ildemanaokulu.meb.k12.tr,,,https://ildemanaokulu.meb.k12.tr/tema/harita.php,2026-08-31,142,142,bulundu,https://ildemanaokulu.meb.k12.tr/,2026-10-01T18:56:03.738456+00:00,,Öğrenci Sayısı: 142
Kayseri,Melikgazi,İlmiye-Ahmet Nuri Büyükkılıç İlkokulu,769000,İlkokul,https://ilmiyeahmetnuriilkokulu.meb.k12.tr,,,https://ilmiyeahmetnuriilkokulu.meb.k12.tr/tema/harita.php,2026-08-31,816,816,bulundu,https://ilmiyeahmetnuriilkokulu.meb.k12.tr/,2026-10-01T18:56:03.764826+00:00,,Öğrenci Sayısı 816
Kayseri,Melikgazi,İstiklal Özel Eğitim Meslek Okulu,750535,Özel Eğitim Kurumu,https://istiklalmem.meb.k12.tr,,,https://istiklalmem.meb.k12.tr/tema/harita.php,2026-08-31,114,114,bulundu,https://istiklalmem.meb.k12.tr/,2026-10-01T18:56:03.810692+00:00,,Öğrenci Sayısı 114
Kayseri,Melikgazi,İzzet Öksüzkaya Ortaokulu,975253,Ortaokul,https://izzetoksuzkayaortaokulu.meb.k12.tr,,,https://izzetoksuzkayaortaokulu.meb.k12.tr/tema/harita.php,2026-08-31,1277,1277,bulundu,https://izzetoksuzkayaortaokulu.meb.k12.tr/,2026-10-01T18:56:03.897570+00:00,,Öğrenci Sayısı 1277
Kayseri,Melikgazi,Şaban Fazlıoğlu Anaokulu,749716,Anaokulu,https://sfanaokulu.meb.k12.tr,,,https://sfanaokulu.meb.k12.tr/tema/harita.php,2026-08-31,210,210,bulundu,https://sfanaokulu.meb.k12.tr/,2026-10-01T18:56:03.924891+00:00,,Öğrenci Sayısı 210
Kayseri,Melikgazi,Şaban Fazlıoğlu Kız Mesleki ve Teknik Anadolu Lisesi,973421,Mesleki ve Teknik Anadolu Lisesi,https://sabanfazlioglukml.meb.k12.tr,,,https://sabanfazlioglukml.meb.k12.tr/tema/harita.php,2026-08-31,310,310,bulundu,https://sabanfazlioglukml.meb.k12.tr/,2026-10-01T18:56:04.074192+00:00,,Öğrenci Sayısı 310
Kayseri,Melikgazi,Şehit Ahmet Cihan Kilci Ortaokulu,765554,Ortaokul,https://sehitahmetcihankilci.meb.k12.tr,,,https://sehitahmetcihankilci.meb.k12.tr/tema/harita.php,2026-08-31,878,878,bulundu,https://sehitahmetcihankilci.meb.k12.tr/,2026-10-01T18:56:04.125913+00:00,,Öğrenci Sayısı 878
Kayseri,Melikgazi,Şehit Ali Örnek Ortaokulu,765986,Ortaokul,https://sehitaliornekoo.meb.k12.tr,,,https://sehitaliornekoo.meb.k12.tr/tema/harita.php,2026-08-31,1275,1275,bulundu,https://sehitaliornekoo.meb.k12.tr/,2026-10-01T18:56:04.181286+00:00,,Öğrenci Sayısı : 1275
Kayseri,Melikgazi,Şehit Aziz Özkan Ortaokulu,975357,Ortaokul,https://sehitazizozkan.meb.k12.tr,,,https://sehitazizozkan.meb.k12.tr/tema/harita.php,2026-08-31,1065,1065,bulundu,https://sehitazizozkan.meb.k12.tr/,2026-10-01T18:56:04.290065+00:00,,Öğrenci Sayısı 1065
Kayseri,Melikgazi,Şehit Binbaşı Turgay Çelik Kız Anadolu İmam hatip Lisesi,761417,Anadolu İmam Hatip Lisesi,https://sbturgaycelik.meb.k12.tr,,,https://sbturgaycelik.meb.k12.tr/tema/harita.php,2026-08-31,470,470,bulundu,https://sbturgaycelik.meb.k12.tr/,2026-10-01T18:56:04.294031+00:00,,Öğrenci Sayısı 470
Kayseri,Melikgazi,Şehit Burhan Sönmez Ortaokulu,769135,Ortaokul,https://sehitburhansonmezortaokulu.meb.k12.tr,,,https://sehitburhansonmezortaokulu.meb.k12.tr/tema/harita.php,2026-08-31,371,371,bulundu,https://sehitburhansonmezortaokulu.meb.k12.tr/,2026-10-01T18:56:04.298036+00:00,,Öğrenci Sayısı : 371
Kayseri,Melikgazi,Şehit Burhan Sönmez İlkokulu,769129,İlkokul,https://sehitburhansonmezilkokulu.meb.k12.tr,,,https://sehitburhansonmezilkokulu.meb.k12.tr/tema/harita.php,2026-08-31,546,546,bulundu,https://sehitburhansonmezilkokulu.meb.k12.tr/,2026-10-01T18:56:04.298960+00:00,,Öğrenci Sayısı : 546
Kayseri,Melikgazi,Şehit Bülent Doğan İlkokulu,765709,İlkokul,https://sbdio.meb.k12.tr,,,https://sbdio.meb.k12.tr/tema/harita.php,2026-08-31,906,906,bulundu,https://sbdio.meb.k12.tr/,2026-10-01T18:56:04.347186+00:00,,Öğrenci Sayısı 906
Kayseri,Melikgazi,Şehit Cennet Yiğit İmam Hatip Ortaokulu,763091,İmam Hatip Ortaokulu,https://sehitcennetyigitiho.meb.k12.tr,,,https://sehitcennetyigitiho.meb.k12.tr/tema/harita.php,2026-08-31,500,500,bulundu,https://sehitcennetyigitiho.meb.k12.tr/,2026-10-01T18:56:04.367882+00:00,,Öğrenci Sayısı 500
Kayseri,Melikgazi,Şehit Doktor Ulucan Dayan İlkokulu,723710,İlkokul,https://ulucandayan.meb.k12.tr,,,https://ulucandayan.meb.k12.tr/tema/harita.php,2026-08-31,720,720,bulundu,https://ulucandayan.meb.k12.tr/,2026-10-01T18:56:04.369977+00:00,,Öğrenci Sayısı 720
Kayseri,Melikgazi,Şehit Ersin Öztürk Ortaokulu,774572,Ortaokul,https://sehitersinozturkortaokulu.meb.k12.tr,,,https://sehitersinozturkortaokulu.meb.k12.tr/tema/harita.php,2026-08-31,320,320,bulundu,https://sehitersinozturkortaokulu.meb.k12.tr/,2026-10-01T18:56:04.395004+00:00,,Öğrenci Sayısı : 320
Kayseri,Melikgazi,Şehit Ersin Öztürk İlkokulu,774568,İlkokul,https://sehitersinozturkilkokulu.meb.k12.tr,,,https://sehitersinozturkilkokulu.meb.k12.tr/tema/harita.php,2026-08-31,539,539,bulundu,https://sehitersinozturkilkokulu.meb.k12.tr/,2026-10-01T18:56:04.416560+00:00,,Öğrenci Sayısı 539
Kayseri,Melikgazi,Şehit Ertuğrul Taciroğulları Ortaokulu,975223,Ortaokul,https://sehitertugrultacirogullarioo.meb.k12.tr,,,https://sehitertugrultacirogullarioo.meb.k12.tr/tema/harita.php,2026-08-31,1190,1190,bulundu,https://sehitertugrultacirogullarioo.meb.k12.tr/,2026-10-01T18:56:04.418834+00:00,,Öğrenci Sayısı : 1190
Kayseri,Melikgazi,Şehit Hacı Sait Sönmez Anaokulu,759748,Anaokulu,https://saitsonmezanaokulu.meb.k12.tr,,,https://saitsonmezanaokulu.meb.k12.tr/tema/harita.php,2026-08-31,120,120,bulundu,https://saitsonmezanaokulu.meb.k12.tr/,2026-10-01T18:56:04.536199+00:00,,Öğrenci Sayısı 120
Kayseri,Melikgazi,Şehit Jandarma Er Ferhat Doğan İlkokulu,723512,İlkokul,https://ferhatdoganilkokulu.meb.k12.tr,,,https://ferhatdoganilkokulu.meb.k12.tr/tema/harita.php,2026-08-31,538,538,bulundu,https://ferhatdoganilkokulu.meb.k12.tr/,2026-10-01T18:56:04.813963+00:00,,Öğrenci Sayısı 538
Kayseri,Melikgazi,Şehit Jandarma Komando Er Hacı Aydıncı İlkokulu,723339,İlkokul,https://haciaydinciilkokulu.meb.k12.tr,,,https://haciaydinciilkokulu.meb.k12.tr/tema/harita.php,2026-08-31,1104,1104,bulundu,https://haciaydinciilkokulu.meb.k12.tr/,2026-10-01T18:56:05.305077+00:00,,Öğrenci Sayısı 1104
Kayseri,Melikgazi,Şehit Kemal Koçyiğit İlkokulu,766581,İlkokul,https://sehitkemalkocyigit.meb.k12.tr,,,https://sehitkemalkocyigit.meb.k12.tr/tema/harita.php,2026-08-31,777,777,bulundu,https://sehitkemalkocyigit.meb.k12.tr/,2026-10-01T18:56:05.388471+00:00,,Öğrenci Sayısı : 777
Kayseri,Melikgazi,Şehit Mehmet Muratdağı Ortaokulu,764691,Ortaokul,https://muratdagi.meb.k12.tr,,,https://muratdagi.meb.k12.tr/tema/harita.php,2026-08-31,663,663,bulundu,https://muratdagi.meb.k12.tr/,2026-10-01T18:56:05.391966+00:00,,Öğrenci Sayısı : 663
Kayseri,Melikgazi,Şehit Mehmet Polat İmam Hatip Ortaokulu,761980,İmam Hatip Ortaokulu,https://sehitmehmetpolatiho.meb.k12.tr,,,https://sehitmehmetpolatiho.meb.k12.tr/tema/harita.php,2026-08-31,548,548,bulundu,https://sehitmehmetpolatiho.meb.k12.tr/,2026-10-01T18:56:05.399992+00:00,,Öğrenci Sayısı 548
Kayseri,Melikgazi,Şehit Murat Erdem Anaokulu,749878,Anaokulu,https://sehitmuraterdemanaokulu.meb.k12.tr,,,https://sehitmuraterdemanaokulu.meb.k12.tr/tema/harita.php,2026-08-31,102,102,bulundu,https://sehitmuraterdemanaokulu.meb.k12.tr/,2026-10-01T18:56:05.417073+00:00,,Öğrenci Sayısı: 102
Kayseri,Melikgazi,Şehit Mustafa Sezgin Kız Anadolu İmam Hatip Lisesi,762203,Anadolu İmam Hatip Lisesi,https://shtmustafasezginihl.meb.k12.tr,,,https://shtmustafasezginihl.meb.k12.tr/tema/harita.php,2026-08-31,614,614,bulundu,https://shtmustafasezginihl.meb.k12.tr/,2026-10-01T18:56:05.473265+00:00,,Öğrenci Sayısı : 614
Kayseri,Melikgazi,Şehit Necmettin Bayraktar Ortaokulu,768104,Ortaokul,https://snborta.meb.k12.tr,,,https://snborta.meb.k12.tr/tema/harita.php,2026-08-31,820,820,bulundu,https://snborta.meb.k12.tr/,2026-10-01T18:56:05.543038+00:00,,Öğrenci Sayısı 820
Kayseri,Melikgazi,Şehit Necmettin Bayraktar İlkokulu,768107,İlkokul,https://snbilk.meb.k12.tr,,,https://snbilk.meb.k12.tr/tema/harita.php,2026-08-31,641,641,bulundu,https://snbilk.meb.k12.tr/,2026-10-01T18:56:05.868284+00:00,,Öğrenci Sayısı 641
Kayseri,Melikgazi,Şehit Necmettin Keleş Ortaokulu,971846,Ortaokul,https://sehitnecmettinkelesortaokulu.meb.k12.tr,,,https://sehitnecmettinkelesortaokulu.meb.k12.tr/tema/harita.php,2026-08-31,659,659,bulundu,https://sehitnecmettinkelesortaokulu.meb.k12.tr/,2026-10-01T18:56:05.921016+00:00,,Öğrenci Sayısı 659
Kayseri,Melikgazi,Şehit Nuh Kürşat Temizyürek Anadolu Lisesi,877823,Anadolu Lisesi,https://sehitnuhkursattemizyurek.meb.k12.tr,,,https://sehitnuhkursattemizyurek.meb.k12.tr/tema/harita.php,2026-08-31,770,770,bulundu,https://sehitnuhkursattemizyurek.meb.k12.tr/,2026-10-01T18:56:06.007687+00:00,,Öğrenci Sayısı : 770
Kayseri,Melikgazi,Şehit Orhan Tahtasakal İmam Hatip Ortaokulu,760831,İmam Hatip Ortaokulu,https://sehitorhantahtasakaliho.meb.k12.tr,,,https://sehitorhantahtasakaliho.meb.k12.tr/tema/harita.php,2026-08-31,530,530,bulundu,https://sehitorhantahtasakaliho.meb.k12.tr/,2026-10-01T18:56:06.154259+00:00,,Öğrenci Sayısı : 530
Kayseri,Melikgazi,Şehit Piyade Astsubay Serkan Ciddioğlu Ortaokulu,718428,Ortaokul,https://serkanciddiogluoo.meb.k12.tr,,,https://serkanciddiogluoo.meb.k12.tr/tema/harita.php,2026-08-31,417,417,bulundu,https://serkanciddiogluoo.meb.k12.tr/,2026-10-01T18:56:06.168641+00:00,,Öğrenci Sayısı : 417
Kayseri,Melikgazi,Şehit Piyade Astsubay Serkan Ciddioğlu İlkokulu,718377,İlkokul,https://serkanciddiogluio.meb.k12.tr,,,https://serkanciddiogluio.meb.k12.tr/tema/harita.php,2026-08-31,529,529,bulundu,https://serkanciddiogluio.meb.k12.tr/,2026-10-01T18:56:06.213408+00:00,,Öğrenci Sayısı: 529
Kayseri,Melikgazi,Şehit Saim Çelik Mesleki ve Teknik Anadolu Lisesi,972409,Mesleki ve Teknik Anadolu Lisesi,https://sehitsaimcelikmtal.meb.k12.tr,,,https://sehitsaimcelikmtal.meb.k12.tr/tema/harita.php,2026-08-31,674,674,bulundu,https://sehitsaimcelikmtal.meb.k12.tr/,2026-10-01T18:56:06.306397+00:00,,Öğrenci Sayısı : 674
Kayseri,Melikgazi,Şehit Tarık Koçoğlu Anadolu Lisesi,974917,Anadolu Lisesi,https://sehittarikkocoglu.meb.k12.tr,,,https://sehittarikkocoglu.meb.k12.tr/tema/harita.php,2026-08-31,242,242,bulundu,https://sehittarikkocoglu.meb.k12.tr/,2026-10-01T18:56:06.386572+00:00,,Öğrenci Sayısı 242
Kayseri,Melikgazi,Şehit İsmail Uygun Anaokulu,759747,Anaokulu,https://sehitismailuygunanaokulu.meb.k12.tr,,,https://sehitismailuygunanaokulu.meb.k12.tr/tema/harita.php,2026-08-31,197,197,bulundu,https://sehitismailuygunanaokulu.meb.k12.tr/,2026-10-01T18:56:06.388212+00:00,,Öğrenci Sayısı 197
Kayseri,Melikgazi,Şehit Şaban Ergin Anaokulu,749718,Anaokulu,https://sehitsabanerginanaokulu.meb.k12.tr,,,https://sehitsabanerginanaokulu.meb.k12.tr/tema/harita.php,2026-08-31,209,209,bulundu,https://sehitsabanerginanaokulu.meb.k12.tr/,2026-10-01T18:56:06.497552+00:00,,Öğrenci Sayısı : 209
Kayseri,Melikgazi,Şeker Anadolu Lisesi,169681,Anadolu Lisesi,https://sekerlisesi.meb.k12.tr,,,https://sekerlisesi.meb.k12.tr/tema/harita.php,2026-08-31,796,796,bulundu,https://sekerlisesi.meb.k12.tr/,2026-10-01T18:56:07.589214+00:00,,Öğrenci Sayısı 796
Kayseri,Melikgazi,Şükrü Başyazıcıoğlu Ortaokulu,718511,Ortaokul,https://sukrubasyaziciogluortaokulu.meb.k12.tr,,,https://sukrubasyaziciogluortaokulu.meb.k12.tr/tema/harita.php,2026-08-31,632,632,bulundu,https://sukrubasyaziciogluortaokulu.meb.k12.tr/,2026-10-01T18:56:07.603942+00:00,,Öğrenci Sayısı : 632
Kayseri,Pınarbaşı,Aslanbeyli Ortaokulu,704645,Ortaokul,https://aslanbeyliortaokulu.meb.k12.tr,,,https://aslanbeyliortaokulu.meb.k12.tr/tema/harita.php,2026-08-31,42,42,bulundu,https://aslanbeyliortaokulu.meb.k12.tr/,2026-10-01T18:56:07.604531+00:00,,Öğrenci Sayısı 42
Kayseri,Pınarbaşı,Aslanbeyli İlkokulu,704575,İlkokul,https://aslanbeyliilkokulu.meb.k12.tr,,,https://aslanbeyliilkokulu.meb.k12.tr/tema/harita.php,2026-08-31,33,33,bulundu,https://aslanbeyliilkokulu.meb.k12.tr/,2026-10-01T18:56:07.601609+00:00,,Öğrenci Sayısı: 33
Kayseri,Pınarbaşı,Atatürk Ortaokulu,704765,Ortaokul,https://pinarbasiataturkorta.meb.k12.tr,,,https://pinarbasiataturkorta.meb.k12.tr/tema/harita.php,2026-08-31,62,62,bulundu,https://pinarbasiataturkorta.meb.k12.tr/,2026-10-01T18:56:07.600945+00:00,,Öğrenci Sayısı : 62
Kayseri,Pınarbaşı,Atatürk İlkokulu,704712,İlkokul,https://pinarbasiataturkilkokulu.meb.k12.tr,,,https://pinarbasiataturkilkokulu.meb.k12.tr/tema/harita.php,2026-08-31,89,89,bulundu,https://pinarbasiataturkilkokulu.meb.k12.tr/,2026-10-01T18:56:07.619197+00:00,,Öğrenci Sayısı : 89
Kayseri,Pınarbaşı,Bahçecik İlkokulu,701419,İlkokul,https://bahcecik38.meb.k12.tr,,,https://bahcecik38.meb.k12.tr/tema/harita.php,2026-08-31,13,13,bulundu,https://bahcecik38.meb.k12.tr/,2026-10-01T18:56:07.607768+00:00,,Öğrenci Sayısı 13
Kayseri,Pınarbaşı,Dedeman Anadolu İmam Hatip Lisesi,170599,Anadolu İmam Hatip Lisesi,https://pnbimam.meb.k12.tr,,,https://pnbimam.meb.k12.tr/tema/harita.php,2026-08-31,87,87,bulundu,https://pnbimam.meb.k12.tr/,2026-10-01T18:56:07.605773+00:00,,Öğrenci Sayısı 87
Kayseri,Pınarbaşı,Fatma-Mehmet Şimşek Anaokulu,776054,Anaokulu,https://776054.meb.k12.tr,,,https://776054.meb.k12.tr/tema/harita.php,2026-08-31,64,64,bulundu,https://776054.meb.k12.tr/,2026-10-01T18:56:07.602540+00:00,,Öğrenci Sayısı: 64
Kayseri,Pınarbaşı,Fikri Çeliker Ortaokulu,701480,Ortaokul,https://fikriceliker.meb.k12.tr,,,https://fikriceliker.meb.k12.tr/tema/harita.php,2026-08-31,213,213,bulundu,https://fikriceliker.meb.k12.tr/,2026-10-01T18:56:07.631786+00:00,,Öğrenci Sayısı 213
Kayseri,Pınarbaşı,Gümüşgün Ortaokulu,704518,Ortaokul,https://gumusgunortaokulu.meb.k12.tr,,,https://gumusgunortaokulu.meb.k12.tr/tema/harita.php,2026-08-31,51,51,bulundu,https://gumusgunortaokulu.meb.k12.tr/,2026-10-01T18:56:07.786991+00:00,,Öğrenci Sayısı 51
Kayseri,Pınarbaşı,Gümüşgün İlkokulu,704465,İlkokul,https://gumusgunlkokulu.meb.k12.tr,,,https://gumusgunlkokulu.meb.k12.tr/tema/harita.php,2026-08-31,71,71,bulundu,https://gumusgunlkokulu.meb.k12.tr/,2026-10-01T18:56:07.638342+00:00,,Öğrenci Sayısı : 71
Kayseri,Pınarbaşı,Karakuyu Ortaokulu,704872,Ortaokul,https://karakuyuortaokulu38.meb.k12.tr,,,https://karakuyuortaokulu38.meb.k12.tr/tema/harita.php,2026-08-31,22,22,bulundu,https://karakuyuortaokulu38.meb.k12.tr/,2026-10-01T18:56:07.636419+00:00,,Öğrenci Sayısı 22
Kayseri,Pınarbaşı,Karakuyu İlkokulu,704802,İlkokul,https://karakuyuilkokulu38.meb.k12.tr,,,https://karakuyuilkokulu38.meb.k12.tr/tema/harita.php,2026-08-31,31,31,bulundu,https://karakuyuilkokulu38.meb.k12.tr/,2026-10-01T18:56:07.639794+00:00,,Öğrenci Sayısı: 31
Kayseri,Pınarbaşı,Kayabaşı İlkokulu,701531,İlkokul,https://701531.meb.k12.tr,,,https://701531.meb.k12.tr/tema/harita.php,2026-08-31,21,21,bulundu,https://701531.meb.k12.tr/,2026-10-01T18:56:07.627832+00:00,,Öğrenci Sayısı : 21
Kayseri,Pınarbaşı,Kaynar Şehit Arda Şen Ortaokulu,705069,Ortaokul,https://kaynarsehitardasenortaokulu.meb.k12.tr,,,https://kaynarsehitardasenortaokulu.meb.k12.tr/tema/harita.php,2026-08-31,38,38,bulundu,https://kaynarsehitardasenortaokulu.meb.k12.tr/,2026-10-01T18:56:07.818840+00:00,,Öğrenci Sayısı : 38
Kayseri,Pınarbaşı,Kaynar Şehit Arda Şen İlkokulu,705017,İlkokul,https://kaynarsehitardasenilkokulu.meb.k12.tr,,,https://kaynarsehitardasenilkokulu.meb.k12.tr/tema/harita.php,2026-08-31,23,23,bulundu,https://kaynarsehitardasenilkokulu.meb.k12.tr/,2026-10-01T18:56:07.632390+00:00,,Öğrenci Sayısı : 23
Kayseri,Pınarbaşı,Kayseri Pınarbaşı Şehit Nafiz Uluırmak Halk Eğitimi Merkezi,170609,Halk Eğitimi Merkezi,https://pinarbasihem.meb.k12.tr,,,https://pinarbasihem.meb.k12.tr/tema/harita.php,2026-08-31,,,bulunamadi,,2026-10-01T18:56:07.803846+00:00,,
Kayseri,Pınarbaşı,Melikgazi İlkokulu,630962,İlkokul,https://pinarbasimelikgazi.meb.k12.tr,,,https://pinarbasimelikgazi.meb.k12.tr/tema/harita.php,2026-08-31,288,288,bulundu,https://pinarbasimelikgazi.meb.k12.tr/,2026-10-01T18:56:07.641923+00:00,,Öğrenci Sayısı 288
Kayseri,Pınarbaşı,Milli Eğitim Vakfı Hasan Tahsin Önalp Ortaokulu,701584,Ortaokul,https://hasantahsinonalp.meb.k12.tr,,,https://hasantahsinonalp.meb.k12.tr/tema/harita.php,2026-08-31,175,175,bulundu,https://hasantahsinonalp.meb.k12.tr/,2026-10-01T18:56:08.028829+00:00,,Öğrenci Sayısı : 175
Kayseri,Pınarbaşı,Panlı Ortaokulu,718760,Ortaokul,https://panliortaokulu.meb.k12.tr,,,https://panliortaokulu.meb.k12.tr/tema/harita.php,2026-08-31,38,38,bulundu,https://panliortaokulu.meb.k12.tr/,2026-10-01T18:56:07.853796+00:00,,Öğrenci Sayısı : 38
Kayseri,Pınarbaşı,Panlı İlkokulu,718702,İlkokul,https://panliilkokul.meb.k12.tr,,,https://panliilkokul.meb.k12.tr/tema/harita.php,2026-08-31,43,43,bulundu,https://panliilkokul.meb.k12.tr/,2026-10-01T18:56:07.775912+00:00,,Öğrenci Sayısı : 43
Kayseri,Pınarbaşı,Pazarören Mimar Sinan Fen Lisesi,343942,Fen Lisesi,https://pazarorenmimarsinanfenlisesi.meb.k12.tr,,,https://pazarorenmimarsinanfenlisesi.meb.k12.tr/tema/harita.php,2026-08-31,222,222,bulundu,https://pazarorenmimarsinanfenlisesi.meb.k12.tr/,2026-10-01T18:56:07.642807+00:00,,Öğrenci Sayısı : 222
Kayseri,Pınarbaşı,Pazarören Uygulamalı Ortaokulu,719371,Ortaokul,https://pazarorenortaokulu.meb.k12.tr,,,https://pazarorenortaokulu.meb.k12.tr/tema/harita.php,2026-08-31,,,bulunamadi,,2026-10-01T18:56:07.850145+00:00,,
Kayseri,Pınarbaşı,Pazarören Uygulamalı İlkokulu,719226,İlkokul,https://pazarorenilkokulu.meb.k12.tr,,,https://pazarorenilkokulu.meb.k12.tr/tema/harita.php,2026-08-31,52,52,bulundu,https://pazarorenilkokulu.meb.k12.tr/,2026-10-01T18:56:07.629262+00:00,,Öğrenci Sayısı 52
Kayseri,Pınarbaşı,Pınarbaşı Borsa İstanbul Anadolu Lisesi,964137,Anadolu Lisesi,https://pal.meb.k12.tr,,,https://pal.meb.k12.tr/tema/harita.php,2026-08-31,292,292,bulundu,https://pal.meb.k12.tr/,2026-10-01T18:56:08.134754+00:00,,Öğrenci Sayısı 292
Kayseri,Pınarbaşı,Pınarbaşı Mesleki ve Teknik Anadolu Lisesi,170575,Mesleki ve Teknik Anadolu Lisesi,https://pinarbasieml.meb.k12.tr,,,https://pinarbasieml.meb.k12.tr/tema/harita.php,2026-08-31,211,211,bulundu,https://pinarbasieml.meb.k12.tr/,2026-10-01T18:56:08.202094+00:00,,Öğrenci Sayısı : 211
Kayseri,Pınarbaşı,Pınarbaşı Yatılı Bölge Ortaokulu,747763,Ortaokul,https://pinarbasiybo38.meb.k12.tr,,,https://pinarbasiybo38.meb.k12.tr/tema/harita.php,2026-08-31,,,bulunamadi,,2026-10-01T18:56:08.285361+00:00,,
Kayseri,Pınarbaşı,Pınarbaşı Çok Programlı Anadolu Lisesi,322464,Çok Programlı Anadolu Lisesi,https://pinarbasicpl.meb.k12.tr,,,https://pinarbasicpl.meb.k12.tr/tema/harita.php,2026-08-31,114,114,bulundu,https://pinarbasicpl.meb.k12.tr/,2026-10-01T18:56:08.302416+00:00,,Öğrenci Sayısı 114
Kayseri,Pınarbaşı,Pınarbaşı Şehit Soner Akbulut Öğretmenevi ve Akşam Sanat Okulu,971258,Öğretmenevi,https://pinarbasiogretmenevi.meb.k12.tr,,,https://pinarbasiogretmenevi.meb.k12.tr/tema/harita.php,2026-08-31,,,bulunamadi,,2026-10-01T18:56:08.343063+00:00,,
Kayseri,Pınarbaşı,TOKİ Şehit Mahmut Fatih Bedir Anaokulu,971712,Anaokulu,https://mahmutfatihbedirao.meb.k12.tr,,,https://mahmutfatihbedirao.meb.k12.tr/tema/harita.php,2026-08-31,,,bulunamadi,,2026-10-01T18:56:08.505963+00:00,,
Kayseri,Pınarbaşı,Tözgün İlkokulu,767577,İlkokul,https://767577.meb.k12.tr,,,https://767577.meb.k12.tr/tema/harita.php,2026-08-31,19,19,bulundu,https://767577.meb.k12.tr/,2026-10-01T18:56:09.078895+00:00,,Öğrenci Sayısı: 19
Kayseri,Pınarbaşı,Yukarı Karagöz İlkokulu,703696,İlkokul,https://yukarikaragozio.meb.k12.tr,,,https://yukarikaragozio.meb.k12.tr/tema/harita.php,2026-08-31,14,14,bulundu,https://yukarikaragozio.meb.k12.tr/,2026-10-01T18:56:09.091795+00:00,,Öğrenci Sayısı 14
Kayseri,Pınarbaşı,Yukarıborandere Ortaokulu,705151,Ortaokul,https://yukariborandereo.meb.k12.tr,,,https://yukariborandereo.meb.k12.tr/tema/harita.php,2026-08-31,31,31,bulundu,https://yukariborandereo.meb.k12.tr/,2026-10-01T18:56:09.123982+00:00,,Öğrenci Sayısı 31
Kayseri,Pınarbaşı,Yukarıborandere İlkokulu,705104,İlkokul,https://yborandere.meb.k12.tr,,,https://yborandere.meb.k12.tr/tema/harita.php,2026-08-31,68,68,bulundu,https://yborandere.meb.k12.tr/,2026-10-01T18:56:09.185455+00:00,,Öğrenci Sayısı 68
Kayseri,Pınarbaşı,Çakılkaya İlkokulu,701431,İlkokul,https://701431.meb.k12.tr,,,https://701431.meb.k12.tr/tema/harita.php,2026-08-31,26,26,bulundu,https://701431.meb.k12.tr/,2026-10-01T18:56:09.236078+00:00,,Öğrenci Sayısı : 26
Kayseri,Pınarbaşı,Çördüklü İlkokulu,701448,İlkokul,https://corduklu.meb.k12.tr,,,https://corduklu.meb.k12.tr/tema/harita.php,2026-08-31,8,8,bulundu,https://corduklu.meb.k12.tr/,2026-10-01T18:56:09.261473+00:00,,Öğrenci Sayısı 8
Kayseri,Pınarbaşı,Şabanlı Ortaokulu,718981,Ortaokul,https://sabanliortaokulu.meb.k12.tr,,,https://sabanliortaokulu.meb.k12.tr/tema/harita.php,2026-08-31,24,24,bulundu,https://sabanliortaokulu.meb.k12.tr/,2026-10-01T18:56:09.284887+00:00,,Öğrenci Sayısı : 24
Kayseri,Pınarbaşı,Şabanlı İlkokulu,718875,İlkokul,https://sabanliilkokulu.meb.k12.tr,,,https://sabanliilkokulu.meb.k12.tr/tema/harita.php,2026-08-31,34,34,bulundu,https://sabanliilkokulu.meb.k12.tr/,2026-10-01T18:56:09.384024+00:00,,Öğrenci Sayısı : 34
Kayseri,Pınarbaşı,Şehit Sezer Güneş İlkokulu,703675,İlkokul,https://sehitsezergunesio.meb.k12.tr,,,https://sehitsezergunesio.meb.k12.tr/tema/harita.php,2026-08-31,206,206,bulundu,https://sehitsezergunesio.meb.k12.tr/,2026-10-01T18:56:09.404033+00:00,,Öğrenci Sayısı : 206
Kayseri,Sarıoğlan,Atatürk Ortaokulu,248096,Ortaokul,https://sarioglanataturkortaokulu.meb.k12.tr,,,https://sarioglanataturkortaokulu.meb.k12.tr/tema/harita.php,2026-08-31,180,180,bulundu,https://sarioglanataturkortaokulu.meb.k12.tr/,2026-10-01T18:56:09.409070+00:00,,Öğrenci Sayısı : 180
Kayseri,Sarıoğlan,Cumhuriyet İlkokulu,630986,İlkokul,https://sarioglancumhuriyet.meb.k12.tr,,,https://sarioglancumhuriyet.meb.k12.tr/tema/harita.php,2026-08-31,104,104,bulundu,https://sarioglancumhuriyet.meb.k12.tr/,2026-10-01T18:56:09.414082+00:00,,Öğrenci Sayısı : 104
Kayseri,Sarıoğlan,Karaözü Şehit Er Mustafa Topçuoğlu Ortaokulu,720444,Ortaokul,https://karaozuortaokulu.meb.k12.tr,,,https://karaozuortaokulu.meb.k12.tr/tema/harita.php,2026-08-31,31,31,bulundu,https://karaozuortaokulu.meb.k12.tr/,2026-10-01T18:56:09.457830+00:00,,Öğrenci Sayısı : 31
Kayseri,Sarıoğlan,Karaözü Şehit Er Mustafa Topçuoğlu İlkokulu,386362,İlkokul,https://karaozuilkokulu.meb.k12.tr,,,https://karaozuilkokulu.meb.k12.tr/tema/harita.php,2026-08-31,24,24,bulundu,https://karaozuilkokulu.meb.k12.tr/,2026-10-01T18:56:09.464846+00:00,,Öğrenci Sayısı : 24
Kayseri,Sarıoğlan,Merkez Fatih İlkokulu,630998,İlkokul,https://sarioglanfatih.meb.k12.tr,,,https://sarioglanfatih.meb.k12.tr/tema/harita.php,2026-08-31,61,61,bulundu,https://sarioglanfatih.meb.k12.tr/,2026-10-01T18:56:09.612559+00:00,,Öğrenci Sayısı 61
Kayseri,Sarıoğlan,Palas 75.Yıl Atatürk İlkokulu,766323,İlkokul,https://palas75ataturk.meb.k12.tr,,,https://palas75ataturk.meb.k12.tr/tema/harita.php,2026-08-31,45,45,bulundu,https://palas75ataturk.meb.k12.tr/,2026-10-01T18:56:09.635897+00:00,,Öğrenci Sayısı 45
Kayseri,Sarıoğlan,Palas Anaokulu,749876,Anaokulu,https://palasanaokulu.meb.k12.tr,,,https://palasanaokulu.meb.k12.tr/tema/harita.php,2026-08-31,38,38,bulundu,https://palasanaokulu.meb.k12.tr/,2026-10-01T18:56:09.691931+00:00,,Öğrenci Sayısı: 38
Kayseri,Sarıoğlan,Palas Ortaokulu,720609,Ortaokul,https://palasortaokulu.meb.k12.tr,,,https://palasortaokulu.meb.k12.tr/tema/harita.php,2026-08-31,234,234,bulundu,https://palasortaokulu.meb.k12.tr/,2026-10-01T18:56:09.714682+00:00,,Öğrenci Sayısı : 234
Kayseri,Sarıoğlan,Palas İlkokulu,248106,İlkokul,https://palasilkokulu.meb.k12.tr,,,https://palasilkokulu.meb.k12.tr/tema/harita.php,2026-08-31,218,218,bulundu,https://palasilkokulu.meb.k12.tr/,2026-10-01T18:56:09.959066+00:00,,Öğrenci Sayısı: 218
Kayseri,Sarıoğlan,Palas İmam Hatip Ortaokulu,749238,İmam Hatip Ortaokulu,https://palasimamhatiportaokulu.meb.k12.tr,,,https://palasimamhatiportaokulu.meb.k12.tr/tema/harita.php,2026-08-31,43,43,bulundu,https://palasimamhatiportaokulu.meb.k12.tr/,2026-10-01T18:56:10.023298+00:00,,Öğrenci Sayısı : 43
Kayseri,Sarıoğlan,Sarıoğlan Anaokulu,974661,Anaokulu,https://sarioglananaokulu.meb.k12.tr,,,https://sarioglananaokulu.meb.k12.tr/tema/harita.php,2026-08-31,47,47,bulundu,https://sarioglananaokulu.meb.k12.tr/,2026-10-01T18:56:10.054911+00:00,,Öğrenci Sayısı: 47
Kayseri,Sarıoğlan,Sarıoğlan Halk Eğitimi Merkezi,170730,Halk Eğitimi Merkezi,https://sarioglanhem.meb.k12.tr,,,https://sarioglanhem.meb.k12.tr/tema/harita.php,2026-08-31,,,bulunamadi,,2026-10-01T18:56:10.068053+00:00,,
Kayseri,Sarıoğlan,Sarıoğlan Palas Çok Programlı Anadolu Lisesi,966026,Çok Programlı Anadolu Lisesi,https://palascpal.meb.k12.tr,,,https://palascpal.meb.k12.tr/tema/harita.php,2026-08-31,136,136,bulundu,https://palascpal.meb.k12.tr/tema/okulumuz_hakkinda.php,2026-10-01T18:56:10.084158+00:00,,Öğrenci : 136
Kayseri,Sarıoğlan,Sarıoğlan İmam Hatip Ortaokulu,765563,İmam Hatip Ortaokulu,https://765563.meb.k12.tr,,,https://765563.meb.k12.tr/tema/harita.php,2026-08-31,10,10,bulundu,https://765563.meb.k12.tr/,2026-10-01T18:56:10.138667+00:00,,Öğrenci Sayısı : 10
Kayseri,Sarıoğlan,Tatılı İlkokulu,631010,İlkokul,https://sarioglantatili.meb.k12.tr,,,https://sarioglantatili.meb.k12.tr/tema/harita.php,2026-08-31,34,34,bulundu,https://sarioglantatili.meb.k12.tr/,2026-10-01T18:56:10.201098+00:00,,Öğrenci Sayısı 34
Kayseri,Sarıoğlan,Çiftlik Şehit Ahmet Bozok Anadolu İmam Hatip Lisesi,747678,Anadolu İmam Hatip Lisesi,https://csabihl.meb.k12.tr,,,https://csabihl.meb.k12.tr/tema/harita.php,2026-08-31,80,80,bulundu,https://csabihl.meb.k12.tr/,2026-10-01T18:56:10.240748+00:00,,Öğrenci Sayısı 80
Kayseri,Sarıoğlan,Çiftlik Şehit Üsteğmen Nevzat Altuntaş Ortaokulu,170695,Ortaokul,https://ciftliknevzataltuntasortaokulu.meb.k12.tr,,,https://ciftliknevzataltuntasortaokulu.meb.k12.tr/tema/harita.php,2026-08-31,,,bulunamadi,,2026-10-01T18:56:10.309614+00:00,,
Kayseri,Sarıoğlan,Çiftlik Şehit Üsteğmen Nevzat Altuntaş İlkokulu,720170,İlkokul,https://ciftliknevzataltuntasio.meb.k12.tr,,,https://ciftliknevzataltuntasio.meb.k12.tr/tema/harita.php,2026-08-31,102,102,bulundu,https://ciftliknevzataltuntasio.meb.k12.tr/,2026-10-01T18:56:10.374736+00:00,,Öğrenci Sayısı : 102
Kayseri,Sarıoğlan,Şehit Hacıbey Kaya Anadolu Lisesi,966024,Anadolu Lisesi,https://shkal.meb.k12.tr,,,https://shkal.meb.k12.tr/tema/harita.php,2026-08-31,92,92,bulundu,https://shkal.meb.k12.tr/,2026-10-01T18:56:10.379626+00:00,,Öğrenci Sayısı 92
Kayseri,Sarıoğlan,Şehit Nail Erdoğan Mesleki ve Teknik Anadolu Lisesi,975098,Mesleki ve Teknik Anadolu Lisesi,https://sarioglanmtanadolulisesi.meb.k12.tr,,,https://sarioglanmtanadolulisesi.meb.k12.tr/tema/harita.php,2026-08-31,,,bulunamadi,,2026-10-01T18:56:10.382669+00:00,,
Kayseri,Sarız,Damızlık Şehit Piyade Onbaşı Ahmet Dursun Ortaokulu,720738,Ortaokul,https://damizlikspoahmetdursunortaokulu.meb.k12.tr,,,https://damizlikspoahmetdursunortaokulu.meb.k12.tr/tema/harita.php,2026-08-31,,,bulunamadi,,2026-10-01T18:56:10.396448+00:00,,
Kayseri,Sarız,Damızlık Şehit Piyade Onbaşı Ahmet Dursun İlkokulu,720683,İlkokul,https://720683.meb.k12.tr,,,https://720683.meb.k12.tr/tema/harita.php,2026-08-31,,,bulunamadi,,2026-10-01T18:56:10.428018+00:00,,
Kayseri,Sarız,Kuşçu İlkokulu,721036,İlkokul,https://kuscuilkokulu.meb.k12.tr,,,https://kuscuilkokulu.meb.k12.tr/tema/harita.php,2026-08-31,23,23,bulundu,https://kuscuilkokulu.meb.k12.tr/,2026-10-01T18:56:10.562368+00:00,,Öğrenci Sayısı 23
Kayseri,Sarız,Sarız Anadolu İmam Hatip Lisesi,757699,Anadolu İmam Hatip Lisesi,https://sarzaihl.meb.k12.tr,,,https://sarzaihl.meb.k12.tr/tema/harita.php,2026-08-31,43,43,bulundu,https://sarzaihl.meb.k12.tr/,2026-10-01T18:56:10.625820+00:00,,Öğrenci Sayısı : 43
Kayseri,Sarız,Sarız Anaokulu,759835,Anaokulu,https://sarizanaokulu.meb.k12.tr,,,https://sarizanaokulu.meb.k12.tr/tema/harita.php,2026-08-31,60,60,bulundu,https://sarizanaokulu.meb.k12.tr/,2026-10-01T18:56:10.663326+00:00,,Öğrenci Sayısı: 60
Kayseri,Sarız,Sarız Halk Eğitimi Merkezi,170850,Halk Eğitimi Merkezi,https://sarizhem.meb.k12.tr,,,https://sarizhem.meb.k12.tr/tema/harita.php,2026-08-31,,,bulunamadi,,2026-10-01T18:56:10.760942+00:00,,
Kayseri,Sarız,Sarız Mesleki ve Teknik Anadolu Lisesi,751755,Mesleki ve Teknik Anadolu Lisesi,https://sarizanadolusaglikmesleklisesi.meb.k12.tr,,,https://sarizanadolusaglikmesleklisesi.meb.k12.tr/tema/harita.php,2026-08-31,93,93,bulundu,https://sarizanadolusaglikmesleklisesi.meb.k12.tr/,2026-10-01T18:56:10.771260+00:00,,Öğrenci Sayısı : 93
Kayseri,Sarız,Sarız Türk Telekom Yatılı Bölge Ortaokulu,748335,Ortaokul,https://sarizyibo.meb.k12.tr,,,https://sarizyibo.meb.k12.tr/tema/harita.php,2026-08-31,195,195,bulundu,https://sarizyibo.meb.k12.tr/,2026-10-01T18:56:10.785966+00:00,,Öğrenci Sayısı : 195
Kayseri,Sarız,Sarız Çok Programlı Anadolu Lisesi,964724,Çok Programlı Anadolu Lisesi,https://sarizcpal.meb.k12.tr,,,https://sarizcpal.meb.k12.tr/tema/harita.php,2026-08-31,198,198,bulundu,https://sarizcpal.meb.k12.tr/,2026-10-01T18:56:10.802014+00:00,,Öğrenci Sayısı 198
Kayseri,Sarız,Sarız İlkokulu,701726,İlkokul,https://sarizilkokulu.meb.k12.tr,,,https://sarizilkokulu.meb.k12.tr/tema/harita.php,2026-08-31,219,219,bulundu,https://sarizilkokulu.meb.k12.tr/,2026-10-01T18:56:10.881799+00:00,,Öğrenci Sayısı 219
Kayseri,Sarız,Yaylacı İlkokulu,701810,İlkokul,https://yaylaciio.meb.k12.tr,,,https://yaylaciio.meb.k12.tr/tema/harita.php,2026-08-31,18,18,bulundu,https://yaylaciio.meb.k12.tr/,2026-10-01T18:56:10.929200+00:00,,Öğrenci Sayısı: 18
Kayseri,Sarız,Şehit Osman Börklüoğlu Ortaokulu,701753,Ortaokul,https://sehitosmanborkluogluoo.meb.k12.tr,,,https://sehitosmanborkluogluoo.meb.k12.tr/tema/harita.php,2026-08-31,18,18,bulundu,https://sehitosmanborkluogluoo.meb.k12.tr/,2026-10-01T18:56:10.971794+00:00,,Öğrenci Sayısı : 18
Kayseri,Sarız,Şehit Osman Börklüoğlu İlkokulu,744201,İlkokul,https://sehitosmanborkluogluio.meb.k12.tr,,,https://sehitosmanborkluogluio.meb.k12.tr/tema/harita.php,2026-08-31,34,34,bulundu,https://sehitosmanborkluogluio.meb.k12.tr/,2026-10-01T18:56:11.095258+00:00,,Öğrenci Sayısı 34
Kayseri,Talas,75.Yıl Mühibe Germirli Ortaokulu,815517,Ortaokul,https://75yilmgermirli.meb.k12.tr,,,https://75yilmgermirli.meb.k12.tr/tema/harita.php,2026-08-31,553,553,bulundu,https://75yilmgermirli.meb.k12.tr/,2026-10-01T18:56:11.108471+00:00,,Öğrenci Sayısı 553
Kayseri,Talas,75.Yıl Mühibe Germirli İlkokulu,719946,İlkokul,https://75mgermirli.meb.k12.tr,,,https://75mgermirli.meb.k12.tr/tema/harita.php,2026-08-31,482,482,bulundu,https://75mgermirli.meb.k12.tr/,2026-10-01T18:56:11.190376+00:00,,Öğrenci Sayısı 482
Kayseri,Talas,Abdullah Aktan Ortaokulu,703663,Ortaokul,https://abdullahaktan.meb.k12.tr,,,https://abdullahaktan.meb.k12.tr/tema/harita.php,2026-08-31,66,66,bulundu,https://abdullahaktan.meb.k12.tr/,2026-10-01T18:56:11.349250+00:00,,Öğrenci Sayısı : 66
Kayseri,Talas,Bahçelievler Şehit Duran Bayram İlkokulu,763429,İlkokul,https://bahcelievlersehitduranbayramilko.meb.k12.tr,,,https://bahcelievlersehitduranbayramilko.meb.k12.tr/tema/harita.php,2026-08-31,277,277,bulundu,https://bahcelievlersehitduranbayramilko.meb.k12.tr/tema/okulumuz_hakkinda.php,2026-10-01T18:56:11.513782+00:00,,Öğrenci : 277
Kayseri,Talas,Başakpınar Şehit Onur Sönmez İlkokulu,703676,İlkokul,https://basakpinarsehitonursonmezilkokul.meb.k12.tr,,,https://basakpinarsehitonursonmezilkokul.meb.k12.tr/tema/harita.php,2026-08-31,253,253,bulundu,https://basakpinarsehitonursonmezilkokul.meb.k12.tr/,2026-10-01T18:56:11.650445+00:00,,Öğrenci Sayısı : 253
Kayseri,Talas,Bilge Kağan Ortaokulu,720187,Ortaokul,https://bilgekaganortaokulu.meb.k12.tr,,,https://bilgekaganortaokulu.meb.k12.tr/tema/harita.php,2026-08-31,506,506,bulundu,https://bilgekaganortaokulu.meb.k12.tr/,2026-10-01T18:56:11.708684+00:00,,Öğrenci Sayısı 506
Kayseri,Talas,Bilge Kağan İlkokulu,720101,İlkokul,https://bilgekaganilkokulu.meb.k12.tr,,,https://bilgekaganilkokulu.meb.k12.tr/tema/harita.php,2026-08-31,465,465,bulundu,https://bilgekaganilkokulu.meb.k12.tr/,2026-10-01T18:56:12.483337+00:00,,Öğrenci Sayısı 465
Kayseri,Talas,Cemil Baba İlkokulu,761627,İlkokul,https://cemilbabailkokulu.meb.k12.tr,,,https://cemilbabailkokulu.meb.k12.tr/tema/harita.php,2026-08-31,655,655,bulundu,https://cemilbabailkokulu.meb.k12.tr/tema/okulumuz_hakkinda.php,2026-10-01T18:56:12.644749+00:00,,Öğrenci : 655
Kayseri,Talas,Derviş Güneş Ortaokulu,720402,Ortaokul,https://dervisgunesoo.meb.k12.tr,,,https://dervisgunesoo.meb.k12.tr/tema/harita.php,2026-08-31,322,322,bulundu,https://dervisgunesoo.meb.k12.tr/,2026-10-01T18:56:12.745567+00:00,,Öğrenci Sayısı : 322
Kayseri,Talas,Durak-Hava Demir Ortaokulu,761340,Ortaokul,https://dhdemiroo.meb.k12.tr,,,https://dhdemiroo.meb.k12.tr/tema/harita.php,2026-08-31,572,572,bulundu,https://dhdemiroo.meb.k12.tr/,2026-10-01T18:56:12.826240+00:00,,Öğrenci Sayısı 572
Kayseri,Talas,Durak-Hava Demir İlkokulu,761341,İlkokul,https://dhdemirio.meb.k12.tr,,,https://dhdemirio.meb.k12.tr/tema/harita.php,2026-08-31,893,893,bulundu,https://dhdemirio.meb.k12.tr/,2026-10-01T18:56:12.957701+00:00,,Öğrenci Sayısı 893
Kayseri,Talas,Emine Gönen Ortaokulu,771118,Ortaokul,https://eminegonenoo.meb.k12.tr,,,https://eminegonenoo.meb.k12.tr/tema/harita.php,2026-08-31,827,827,bulundu,https://eminegonenoo.meb.k12.tr/,2026-10-01T18:56:12.962910+00:00,,Öğrenci Sayısı : 827
Kayseri,Talas,Fatma Aksoy Ortaokulu,720492,Ortaokul,https://fatmaaksoyortaokulu.meb.k12.tr,,,https://fatmaaksoyortaokulu.meb.k12.tr/tema/harita.php,2026-08-31,40,40,bulundu,https://fatmaaksoyortaokulu.meb.k12.tr/,2026-10-01T18:56:13.044305+00:00,,Öğrenci Sayısı : 40
Kayseri,Talas,Fatma Aksoy İlkokulu,720487,İlkokul,https://fatmaaksoyilkokulu.meb.k12.tr,,,https://fatmaaksoyilkokulu.meb.k12.tr/tema/harita.php,2026-08-31,34,34,bulundu,https://fatmaaksoyilkokulu.meb.k12.tr/,2026-10-01T18:56:13.060996+00:00,,Öğrenci Sayısı 34
Kayseri,Talas,Fatma Kemal Timuçin Anadolu Lisesi,281191,Anadolu Lisesi,https://fktal.meb.k12.tr,,,https://fktal.meb.k12.tr/tema/harita.php,2026-08-31,781,781,bulundu,https://fktal.meb.k12.tr/,2026-10-01T18:56:13.229761+00:00,,Öğrenci Sayısı 781
Kayseri,Talas,Fatma Zehra Dülgeroğlu İlkokulu,745954,İlkokul,https://fzdulgeroglu.meb.k12.tr,,,https://fzdulgeroglu.meb.k12.tr/tema/harita.php,2026-08-31,320,320,bulundu,https://fzdulgeroglu.meb.k12.tr/tema/okulumuz_hakkinda.php,2026-10-01T18:56:13.264458+00:00,,Öğrenci : 320
Kayseri,Talas,Fatma-Mustafa Hasçalık Ortaokulu,720785,Ortaokul,https://fmhascalikoo.meb.k12.tr,,,https://fmhascalikoo.meb.k12.tr/tema/harita.php,2026-08-31,,,bulunamadi,,2026-10-01T18:56:13.274205+00:00,,
Kayseri,Talas,Fatma-Mustafa Hasçalık İlkokulu,720790,İlkokul,https://fmhascalik.meb.k12.tr,,,https://fmhascalik.meb.k12.tr/tema/harita.php,2026-08-31,473,473,bulundu,https://fmhascalik.meb.k12.tr/,2026-10-01T18:56:13.276220+00:00,,Öğrenci Sayısı : 473
Kayseri,Talas,Fatma-Yüksel Başbuğu Anadolu İmam Hatip Lisesi,761420,Anadolu İmam Hatip Lisesi,https://fatmayukselbasbuguihl.meb.k12.tr,,,https://fatmayukselbasbuguihl.meb.k12.tr/tema/harita.php,2026-08-31,223,223,bulundu,https://fatmayukselbasbuguihl.meb.k12.tr/,2026-10-01T18:56:13.318228+00:00,,Öğrenci Sayısı : 223
Kayseri,Talas,Hanım Aydoğan Anaokulu,768639,Anaokulu,https://hanimaydogananaokulu.meb.k12.tr,,,https://hanimaydogananaokulu.meb.k12.tr/tema/harita.php,2026-08-31,312,312,bulundu,https://hanimaydogananaokulu.meb.k12.tr/tema/okulumuz_hakkinda.php,2026-10-01T18:56:13.745940+00:00,,Öğrenci : 312
Kayseri,Talas,Hidayet Aydoğan Sosyal Bilimler Lisesi,970946,Sosyal Bilimler Lisesi,https://haydogansbl.meb.k12.tr,,,https://haydogansbl.meb.k12.tr/tema/harita.php,2026-08-31,428,428,bulundu,https://haydogansbl.meb.k12.tr/tema/okulumuz_hakkinda.php,2026-10-01T18:56:13.793863+00:00,,Öğrenci : 428
Kayseri,Talas,Hikmet Cıngıllı Anaokulu,770221,Anaokulu,https://hikmetcingillianaokulu.meb.k12.tr,,,https://hikmetcingillianaokulu.meb.k12.tr/tema/harita.php,2026-08-31,179,179,bulundu,https://hikmetcingillianaokulu.meb.k12.tr/,2026-10-01T18:56:13.902326+00:00,,Öğrenci Sayısı 179
Kayseri,Talas,Hikmet-Hüseyin Erdener Anaokulu,974371,Anaokulu,https://hikmethuseyinerdeneranaokulu.meb.k12.tr,,,https://hikmethuseyinerdeneranaokulu.meb.k12.tr/tema/harita.php,2026-08-31,170,170,bulundu,https://hikmethuseyinerdeneranaokulu.meb.k12.tr/,2026-10-01T18:56:13.914346+00:00,,Öğrenci Sayısı : 170
Kayseri,Talas,Kamber Ortaokulu,720913,Ortaokul,https://kamberortaokulu.meb.k12.tr,,,https://kamberortaokulu.meb.k12.tr/tema/harita.php,2026-08-31,49,49,bulundu,https://kamberortaokulu.meb.k12.tr/,2026-10-01T18:56:13.929912+00:00,,Öğrenci Sayısı : 49
Kayseri,Talas,Kamber İlkokulu,720910,İlkokul,https://kamberilkokulu.meb.k12.tr,,,https://kamberilkokulu.meb.k12.tr/tema/harita.php,2026-08-31,44,44,bulundu,https://kamberilkokulu.meb.k12.tr/,2026-10-01T18:56:13.977035+00:00,,Öğrenci Sayısı : 44
Kayseri,Talas,Kani Arıkan Ortaokulu,721144,Ortaokul,https://kaniarikanortaokulu.meb.k12.tr,,,https://kaniarikanortaokulu.meb.k12.tr/tema/harita.php,2026-08-31,59,59,bulundu,https://kaniarikanortaokulu.meb.k12.tr/,2026-10-01T18:56:14.093773+00:00,,Öğrenci Sayısı 59
Kayseri,Talas,Kani Arıkan İlkokulu,970363,İlkokul,https://kaniarikanilkokulu.meb.k12.tr,,,https://kaniarikanilkokulu.meb.k12.tr/tema/harita.php,2026-08-31,88,88,bulundu,https://kaniarikanilkokulu.meb.k12.tr/,2026-10-01T18:56:14.191584+00:00,,Öğrenci Sayısı : 88
Kayseri,Talas,Kani Arıkan İmam Hatip Ortaokulu,760817,İmam Hatip Ortaokulu,https://kaniarikaniho.meb.k12.tr,,,https://kaniarikaniho.meb.k12.tr/tema/harita.php,2026-08-31,72,72,bulundu,https://kaniarikaniho.meb.k12.tr/,2026-10-01T18:56:14.257775+00:00,,Öğrenci Sayısı 72
Kayseri,Talas,Kayseri Spor Lisesi,776858,Spor Lisesi,https://kayserisporlisesi.meb.k12.tr,,,https://kayserisporlisesi.meb.k12.tr/tema/harita.php,2026-08-31,375,375,bulundu,https://kayserisporlisesi.meb.k12.tr/tema/okulumuz_hakkinda.php,2026-10-01T18:56:14.264672+00:00,,Öğrenci : 375
Kayseri,Talas,Kayseri Öğretmenevi ve Akşam Sanat Okulu,971257,Öğretmenevi,https://kayseriogretmenevi.meb.k12.tr,,,https://kayseriogretmenevi.meb.k12.tr/tema/harita.php,2026-08-31,,,bulunamadi,,2026-10-01T18:56:14.275859+00:00,,
Kayseri,Talas,Kepez Ortaokulu,721198,Ortaokul,https://talaskepezortaokulu.meb.k12.tr,,,https://talaskepezortaokulu.meb.k12.tr/tema/harita.php,2026-08-31,,,bulunamadi,,2026-10-01T18:56:14.337446+00:00,,
Kayseri,Talas,Kepez İlkokulu,721195,İlkokul,https://talaskepezilkokulu.meb.k12.tr,,,https://talaskepezilkokulu.meb.k12.tr/tema/harita.php,2026-08-31,283,283,bulundu,https://talaskepezilkokulu.meb.k12.tr/,2026-10-01T18:56:14.462338+00:00,,Öğrenci Sayısı 283
Kayseri,Talas,Koçcağız İlkokulu,703867,İlkokul,https://koccagizilkokulu.meb.k12.tr,,,https://koccagizilkokulu.meb.k12.tr/tema/harita.php,2026-08-31,21,21,bulundu,https://koccagizilkokulu.meb.k12.tr/,2026-10-01T18:56:14.466844+00:00,,Öğrenci Sayısı : 21
Kayseri,Talas,Kuruköprü Şehit Muzaffer Tufaner İlkokulu,703904,İlkokul,https://kurukopruilkokulu.meb.k12.tr,,,https://kurukopruilkokulu.meb.k12.tr/tema/harita.php,2026-08-31,107,107,bulundu,https://kurukopruilkokulu.meb.k12.tr/,2026-10-01T18:56:14.470528+00:00,,Öğrenci Sayısı : 107
Kayseri,Talas,Mehmet Cemile Oğulcuklu İlkokulu,720416,İlkokul,https://mehmetcemileogulcukluilkokulu.meb.k12.tr,,,https://mehmetcemileogulcukluilkokulu.meb.k12.tr/tema/harita.php,2026-08-31,376,376,bulundu,https://mehmetcemileogulcukluilkokulu.meb.k12.tr/,2026-10-01T18:56:14.515120+00:00,,Öğrenci Sayısı 376
Kayseri,Talas,Mehmet Zeynep Akköse İlkokulu,720729,İlkokul,https://mehmetzeynepakkoseilkokulu.meb.k12.tr,,,https://mehmetzeynepakkoseilkokulu.meb.k12.tr/tema/harita.php,2026-08-31,895,895,bulundu,https://mehmetzeynepakkoseilkokulu.meb.k12.tr/,2026-10-01T18:56:14.580206+00:00,,Öğrenci Sayısı 895
Kayseri,Talas,Mevlana İlkokulu,768785,İlkokul,https://talasmevlanaio.meb.k12.tr,,,https://talasmevlanaio.meb.k12.tr/tema/harita.php,2026-08-31,877,877,bulundu,https://talasmevlanaio.meb.k12.tr/,2026-10-01T18:56:14.589607+00:00,,Öğrenci Sayısı : 877
Kayseri,Talas,Mürüvvet Erdener Kibaroğlu Anaokulu,776966,Anaokulu,https://muruvveterdenerkibarogluanaokulu.meb.k12.tr,,,https://muruvveterdenerkibarogluanaokulu.meb.k12.tr/tema/harita.php,2026-08-31,90,90,bulundu,https://muruvveterdenerkibarogluanaokulu.meb.k12.tr/,2026-10-01T18:56:14.748721+00:00,,Öğrenci Sayısı: 90
Kayseri,Talas,Namık Kemal Anaokulu,964981,Anaokulu,https://namikkemalanaokulu.meb.k12.tr,,,https://namikkemalanaokulu.meb.k12.tr/tema/harita.php,2026-08-31,155,155,bulundu,https://namikkemalanaokulu.meb.k12.tr/,2026-10-01T18:56:14.763360+00:00,,Öğrenci Sayısı 155
Kayseri,Talas,Nesrin Boysan Anaokulu,964663,Anaokulu,https://nesrinboysananaokulu.meb.k12.tr,,,https://nesrinboysananaokulu.meb.k12.tr/tema/harita.php,2026-08-31,96,96,bulundu,https://nesrinboysananaokulu.meb.k12.tr/,2026-10-01T18:56:14.844796+00:00,,Öğrenci Sayısı: 96
Kayseri,Talas,Osman Neyire Akgöz İmam Hatip Ortaokulu,738096,İmam Hatip Ortaokulu,https://onakgoziho.meb.k12.tr,,,https://onakgoziho.meb.k12.tr/tema/harita.php,2026-08-31,,,bulunamadi,,2026-10-01T18:56:15.029330+00:00,,
Kayseri,Talas,Rauf Denktaş Ortaokulu,720670,Ortaokul,https://raufdenktasoo.meb.k12.tr,,,https://raufdenktasoo.meb.k12.tr/tema/harita.php,2026-08-31,507,507,bulundu,https://raufdenktasoo.meb.k12.tr/tema/okulumuz_hakkinda.php,2026-10-01T18:56:15.076448+00:00,,Öğrenci : 507
Kayseri,Talas,Reşadiye Yurttaşlar İlkokulu,631357,İlkokul,https://resadiyeyurttaslar.meb.k12.tr,,,https://resadiyeyurttaslar.meb.k12.tr/tema/harita.php,2026-08-31,77,77,bulundu,https://resadiyeyurttaslar.meb.k12.tr/tema/okulumuz_hakkinda.php,2026-10-01T18:56:15.186748+00:00,,Öğrenci : 77
Kayseri,Talas,Sahra-Galip Özsan Ortaokulu,720771,Ortaokul,https://sahragalipozsanortaokulu.meb.k12.tr,,,https://sahragalipozsanortaokulu.meb.k12.tr/tema/harita.php,2026-08-31,697,697,bulundu,https://sahragalipozsanortaokulu.meb.k12.tr/,2026-10-01T18:56:15.276624+00:00,,Öğrenci Sayısı 697
Kayseri,Talas,Talas Anayurt Mesleki  Eğitim Merkezi,776099,Mesleki Eğitim Merkezi,https://talasmesem.meb.k12.tr,,,https://talasmesem.meb.k12.tr/tema/harita.php,2026-08-31,770,770,bulundu,https://talasmesem.meb.k12.tr/,2026-10-01T18:56:16.378361+00:00,,Öğrenci Sayısı : 770
Kayseri,Talas,Talas Atatürk Mesleki ve Teknik Anadolu Lisesi,965585,Mesleki ve Teknik Anadolu Lisesi,https://talasataturkmtal.meb.k12.tr,,,https://talasataturkmtal.meb.k12.tr/tema/harita.php,2026-08-31,767,767,bulundu,https://talasataturkmtal.meb.k12.tr/,2026-10-01T18:56:16.588548+00:00,,Öğrenci Sayısı 767
Kayseri,Talas,Talas Rehberlik ve Araştırma Merkezi,775913,Rehberlik ve Araştırma Merkezi,https://talasram.meb.k12.tr,,,https://talasram.meb.k12.tr/tema/harita.php,2026-08-31,,,bulunamadi,,2026-10-01T18:56:16.679071+00:00,,
Kayseri,Talas,Talas Süleymanlı Mehmet Muammer Beluk Çok Programlı Anadolu Lisesi,972119,Çok Programlı Anadolu Lisesi,https://mehmetmuammerbelukcpl.meb.k12.tr,,,https://mehmetmuammerbelukcpl.meb.k12.tr/tema/harita.php,2026-08-31,37,37,bulundu,https://mehmetmuammerbelukcpl.meb.k12.tr/,2026-10-01T18:56:16.717978+00:00,,Öğrenci Sayısı : 37
Kayseri,Talas,Talas Türkan Altun ve Av. Mehmet Altun Anadolu Lisesi,776152,Anadolu Lisesi,https://talastamaal.meb.k12.tr,,,https://talastamaal.meb.k12.tr/tema/harita.php,2026-08-31,616,616,bulundu,https://talastamaal.meb.k12.tr/,2026-10-01T18:56:16.729276+00:00,,Öğrenci Sayısı 616
Kayseri,Talas,Talas Türkan Altun ve Av. Mehmet Altun Anaokulu,775578,Anaokulu,https://talasturkanaveavmaltunanaokulu.meb.k12.tr,,,https://talasturkanaveavmaltunanaokulu.meb.k12.tr/tema/harita.php,2026-08-31,115,115,bulundu,https://talasturkanaveavmaltunanaokulu.meb.k12.tr/,2026-10-01T18:56:16.755237+00:00,,Öğrenci Sayısı 115
Kayseri,Talas,Talas Türkan Altun ve Av. Mehmet Altun İlkokulu,704090,İlkokul,https://talasturkanaltunveavmehmetaltun.meb.k12.tr,,,https://talasturkanaltunveavmehmetaltun.meb.k12.tr/tema/harita.php,2026-08-31,220,220,bulundu,https://talasturkanaltunveavmehmetaltun.meb.k12.tr/,2026-10-01T18:56:16.814198+00:00,,Öğrenci Sayısı 220
Kayseri,Talas,Talas Şehit Mahmut Yıldırım Anadolu Lisesi,169644,Anadolu Lisesi,https://talassehitmahmutyildirimanlisesi.meb.k12.tr,,,https://talassehitmahmutyildirimanlisesi.meb.k12.tr/tema/harita.php,2026-08-31,902,902,bulundu,https://talassehitmahmutyildirimanlisesi.meb.k12.tr/,2026-10-01T18:56:16.849250+00:00,,Öğrenci Sayısı : 902
Kayseri,Talas,Talas Şehit Resul Erdal Aydemir Halk Eğitimi Merkezi,215344,Halk Eğitimi Merkezi,https://talashem.meb.k12.tr,,,https://talashem.meb.k12.tr/tema/harita.php,2026-08-31,,,bulunamadi,,2026-10-01T18:56:16.887678+00:00,,
Kayseri,Talas,Toki Şehit Levent Çetinkaya İlkokulu,721003,İlkokul,https://tokisehitleventcetinkayaio.meb.k12.tr,,,https://tokisehitleventcetinkayaio.meb.k12.tr/tema/harita.php,2026-08-31,632,632,bulundu,https://tokisehitleventcetinkayaio.meb.k12.tr/,2026-10-01T18:56:16.893824+00:00,,Öğrenci Sayısı 632
Kayseri,Talas,Toki Şehit Osman Kirik Anaokulu,973309,Anaokulu,https://tokisehitosmankirikanaokulu.meb.k12.tr,,,https://tokisehitosmankirikanaokulu.meb.k12.tr/tema/harita.php,2026-08-31,200,200,bulundu,https://tokisehitosmankirikanaokulu.meb.k12.tr/tema/okulumuz_hakkinda.php,2026-10-01T18:56:16.897897+00:00,,Öğrenci : 200
Kayseri,Talas,Türkan Altun  ve Mehmet Altun Kız Mesleki ve Teknik Anadolu Lisesi,228949,Mesleki ve Teknik Anadolu Lisesi,https://talaskizmeslek.meb.k12.tr,,,https://talaskizmeslek.meb.k12.tr/tema/harita.php,2026-08-31,432,432,bulundu,https://talaskizmeslek.meb.k12.tr/,2026-10-01T18:56:16.962286+00:00,,Öğrenci Sayısı : 432
Kayseri,Talas,Yaman Dede Kız Anadolu İmam Hatip Lisesi,761422,Anadolu İmam Hatip Lisesi,https://yamandedekizihl.meb.k12.tr,,,https://yamandedekizihl.meb.k12.tr/tema/harita.php,2026-08-31,602,602,bulundu,https://yamandedekizihl.meb.k12.tr/,2026-10-01T18:56:16.979826+00:00,,Öğrenci Sayısı 602
Kayseri,Talas,Yamaçlı İlkokulu,704396,İlkokul,https://yamacli.meb.k12.tr,,,https://yamacli.meb.k12.tr/tema/harita.php,2026-08-31,17,17,bulundu,https://yamacli.meb.k12.tr/,2026-10-01T18:56:16.981795+00:00,,Öğrenci Sayısı: 17
Kayseri,Talas,Yavru Vatan Anaokulu,851498,Anaokulu,https://yavruvatananaokulu.meb.k12.tr,,,https://yavruvatananaokulu.meb.k12.tr/tema/harita.php,2026-08-31,157,157,bulundu,https://yavruvatananaokulu.meb.k12.tr/,2026-10-01T18:56:17.035837+00:00,,Öğrenci Sayısı: 157
Kayseri,Talas,Yazyurdu Ortaokulu,721146,Ortaokul,https://yazyurduoo.meb.k12.tr,,,https://yazyurduoo.meb.k12.tr/tema/harita.php,2026-08-31,41,41,bulundu,https://yazyurduoo.meb.k12.tr/,2026-10-01T18:56:17.377823+00:00,,Öğrenci Sayısı: 41
Kayseri,Talas,Yazyurdu İlkokulu,631394,İlkokul,https://yazyurdu.meb.k12.tr,,,https://yazyurdu.meb.k12.tr/tema/harita.php,2026-08-31,72,72,bulundu,https://yazyurdu.meb.k12.tr/,2026-10-01T18:56:17.482459+00:00,,Öğrenci Sayısı 72
Kayseri,Talas,Yazılı İlkokulu,704419,İlkokul,https://yaziliilkokulu.meb.k12.tr,,,https://yaziliilkokulu.meb.k12.tr/tema/harita.php,2026-08-31,12,12,bulundu,https://yaziliilkokulu.meb.k12.tr/,2026-10-01T18:56:17.576643+00:00,,Öğrenci Sayısı : 12
Kayseri,Talas,Yeni Ufuklar Ortaokulu,704295,Ortaokul,https://yeniufuklarortaokulu.meb.k12.tr,,,https://yeniufuklarortaokulu.meb.k12.tr/tema/harita.php,2026-08-31,23,23,bulundu,https://yeniufuklarortaokulu.meb.k12.tr/,2026-10-01T18:56:17.652811+00:00,,Öğrenci Sayısı : 23
Kayseri,Talas,Yeni Ufuklar İlkokulu,704263,İlkokul,https://yeniufuklarilkokulu.meb.k12.tr,,,https://yeniufuklarilkokulu.meb.k12.tr/tema/harita.php,2026-08-31,13,13,bulundu,https://yeniufuklarilkokulu.meb.k12.tr/tema/okulumuz_hakkinda.php,2026-10-01T18:56:17.700154+00:00,,Öğrenci : 13
Kayseri,Talas,Yunus Büyükkuşoğlu Özel Eğitim Uygulama Okulu I. Kademe,776118,Özel Eğitim Kurumu,https://yunusbuyukkusogluoeuo.meb.k12.tr,,,https://yunusbuyukkusogluoeuo.meb.k12.tr/tema/harita.php,2026-08-31,23,23,bulundu,https://yunusbuyukkusogluoeuo.meb.k12.tr/,2026-10-01T18:56:17.887849+00:00,,Öğrenci Sayısı : 23
Kayseri,Talas,Yunus Büyükkuşoğlu Özel Eğitim Uygulama Okulu II. Kademe,776120,Özel Eğitim Kurumu,https://yunusbuyukkusogluoeuo2.meb.k12.tr,,,https://yunusbuyukkusogluoeuo2.meb.k12.tr/tema/harita.php,2026-08-31,6,6,bulundu,https://yunusbuyukkusogluoeuo2.meb.k12.tr/,2026-10-01T18:56:17.935858+00:00,,Öğrenci Sayısı : 6
Kayseri,Talas,Yüksek Mimar Selçuk Karakimseli İlkokulu,966932,İlkokul,https://ymsk.meb.k12.tr,,,https://ymsk.meb.k12.tr/tema/harita.php,2026-08-31,1170,1170,bulundu,https://ymsk.meb.k12.tr/,2026-10-01T18:56:18.006219+00:00,,Öğrenci Sayısı 1170
Kayseri,Talas,Çatakdere İlkokulu,703834,İlkokul,https://catakdereilkokulu.meb.k12.tr,,,https://catakdereilkokulu.meb.k12.tr/tema/harita.php,2026-08-31,39,39,bulundu,https://catakdereilkokulu.meb.k12.tr/tema/okulumuz_hakkinda.php,2026-10-01T18:56:18.014369+00:00,,Öğrenci : 39
Kayseri,Talas,Çevlik İlkokulu,722721,İlkokul,https://cevlik.meb.k12.tr,,,https://cevlik.meb.k12.tr/tema/harita.php,2026-08-31,15,15,bulundu,https://cevlik.meb.k12.tr/,2026-10-01T18:56:18.042955+00:00,,Öğrenci Sayısı 15
Kayseri,Talas,Çömlekçi Ortaokulu,720335,Ortaokul,https://talascomlekcioo.meb.k12.tr,,,https://talascomlekcioo.meb.k12.tr/tema/harita.php,2026-08-31,40,40,bulundu,https://talascomlekcioo.meb.k12.tr/tema/okulumuz_hakkinda.php,2026-10-01T18:56:18.092266+00:00,,Öğrenci : 40
Kayseri,Talas,Çömlekçi İlkokulu,720293,İlkokul,https://talascomlekciio.meb.k12.tr,,,https://talascomlekciio.meb.k12.tr/tema/harita.php,2026-08-31,24,24,bulundu,https://talascomlekciio.meb.k12.tr/,2026-10-01T18:56:18.129542+00:00,,Öğrenci Sayısı : 24
Kayseri,Talas,Ömer-Serpil Özberber Anadolu İmam Hatip Lisesi,761421,Anadolu İmam Hatip Lisesi,https://ozberberaihl.meb.k12.tr,,,https://ozberberaihl.meb.k12.tr/tema/harita.php,2026-08-31,401,401,bulundu,https://ozberberaihl.meb.k12.tr/,2026-10-01T18:56:18.583020+00:00,,Öğrenci Sayısı 401
Kayseri,Talas,Örencik Şehit Mehmet Alda İlkokulu,704228,İlkokul,https://orenciksehitmehmetaldailkokulu.meb.k12.tr,,,https://orenciksehitmehmetaldailkokulu.meb.k12.tr/tema/harita.php,2026-08-31,13,13,bulundu,https://orenciksehitmehmetaldailkokulu.meb.k12.tr/,2026-10-01T18:56:18.640067+00:00,,Öğrenci Sayısı: 13
Kayseri,Talas,Şehit Abdullah Şaşdım Ortaokulu,721050,Ortaokul,https://sasoo.meb.k12.tr,,,https://sasoo.meb.k12.tr/tema/harita.php,2026-08-31,1219,1219,bulundu,https://sasoo.meb.k12.tr/,2026-10-01T18:56:18.649377+00:00,,Öğrenci Sayısı : 1219
Kayseri,Talas,Şehit Akın Sevli Ortaokulu,703956,Ortaokul,https://sehitakinsevliortaokulu.meb.k12.tr,,,https://sehitakinsevliortaokulu.meb.k12.tr/tema/harita.php,2026-08-31,101,101,bulundu,https://sehitakinsevliortaokulu.meb.k12.tr/,2026-10-01T18:56:18.658831+00:00,,Öğrenci Sayısı 101
Kayseri,Talas,Şehit Binbaşı Mahmut Şahin İlkokulu,720872,İlkokul,https://sbmsi.meb.k12.tr,,,https://sbmsi.meb.k12.tr/tema/harita.php,2026-08-31,289,289,bulundu,https://sbmsi.meb.k12.tr/,2026-10-01T18:56:18.693690+00:00,,Öğrenci Sayısı : 289
Kayseri,Talas,Şehit Burhan Kaplan Ortaokulu,761216,Ortaokul,https://sehitburhankaplan.meb.k12.tr,,,https://sehitburhankaplan.meb.k12.tr/tema/harita.php,2026-08-31,749,749,bulundu,https://sehitburhankaplan.meb.k12.tr/tema/okulumuz_hakkinda.php,2026-10-01T18:56:18.741782+00:00,,Öğrenci : 749
Kayseri,Talas,Şehit Burhan Kaplan İlkokulu,762633,İlkokul,https://sehitburhankaplanilkokulu.meb.k12.tr,,,https://sehitburhankaplanilkokulu.meb.k12.tr/tema/harita.php,2026-08-31,163,163,bulundu,https://sehitburhankaplanilkokulu.meb.k12.tr/,2026-10-01T18:56:19.023680+00:00,,Öğrenci Sayısı : 163
Kayseri,Talas,Şehit Cengiz Timurcuoğlu Ortaokulu,704373,Ortaokul,https://sehitcengiztimurcuoglu.meb.k12.tr,,,https://sehitcengiztimurcuoglu.meb.k12.tr/tema/harita.php,2026-08-31,249,249,bulundu,https://sehitcengiztimurcuoglu.meb.k12.tr/tema/okulumuz_hakkinda.php,2026-10-01T18:56:19.249147+00:00,,Öğrenci : 249
Kayseri,Talas,Şehit Nuri Aydın Sağır Anadolu Lisesi,972756,Anadolu Lisesi,https://nasal.meb.k12.tr,,,https://nasal.meb.k12.tr/tema/harita.php,2026-08-31,884,884,bulundu,https://nasal.meb.k12.tr/,2026-10-01T18:56:19.254693+00:00,,Öğrenci Sayısı 884
Kayseri,Talas,Şehit Serdar Gümüş Ortaokulu,720936,Ortaokul,https://sehitserdargumusortaokulu.meb.k12.tr,,,https://sehitserdargumusortaokulu.meb.k12.tr/tema/harita.php,2026-08-31,652,652,bulundu,https://sehitserdargumusortaokulu.meb.k12.tr/tema/okulumuz_hakkinda.php,2026-10-01T18:56:19.261845+00:00,,Öğrenci : 652
Kayseri,Talas,Şehit Yüksel Turgut Ortaokulu,720064,Ortaokul,https://sehityukselturgutortaokulu.meb.k12.tr,,,https://sehityukselturgutortaokulu.meb.k12.tr/tema/harita.php,2026-08-31,24,24,bulundu,https://sehityukselturgutortaokulu.meb.k12.tr/,2026-10-01T18:56:19.348171+00:00,,Öğrenci Sayısı : 24
Kayseri,Talas,Şehit Yüksel Turgut İlkokulu,676960,İlkokul,https://sehityukselturgutilkokulu.meb.k12.tr,,,https://sehityukselturgutilkokulu.meb.k12.tr/tema/harita.php,2026-08-31,37,37,bulundu,https://sehityukselturgutilkokulu.meb.k12.tr/,2026-10-01T18:56:19.862235+00:00,,Öğrenci Sayısı : 37
Kayseri,Tomarza,50.Yıl İlkokulu,631548,İlkokul,https://tomarzaellinciyil.meb.k12.tr,,,https://tomarzaellinciyil.meb.k12.tr/tema/harita.php,2026-08-31,176,176,bulundu,https://tomarzaellinciyil.meb.k12.tr/,2026-10-01T18:56:19.972617+00:00,,Öğrenci Sayısı : 176
Kayseri,Tomarza,Akdere İlkokulu,705022,İlkokul,https://tomarzaakdereilkokulu.meb.k12.tr,,,https://tomarzaakdereilkokulu.meb.k12.tr/tema/harita.php,2026-08-31,52,52,bulundu,https://tomarzaakdereilkokulu.meb.k12.tr/,2026-10-01T18:56:20.127919+00:00,,Öğrenci Sayısı 52
Kayseri,Tomarza,Akdere İmam Hatip Ortaokulu,761622,İmam Hatip Ortaokulu,https://akdereiho.meb.k12.tr,,,https://akdereiho.meb.k12.tr/tema/harita.php,2026-08-31,64,64,bulundu,https://akdereiho.meb.k12.tr/,2026-10-01T18:56:20.174371+00:00,,Öğrenci Sayısı 64
Kayseri,Tomarza,Atatürk Ortaokulu,704183,Ortaokul,https://tomarzaataturko.meb.k12.tr,,,https://tomarzaataturko.meb.k12.tr/tema/harita.php,2026-08-31,277,277,bulundu,https://tomarzaataturko.meb.k12.tr/,2026-10-01T18:56:20.249817+00:00,,Öğrenci Sayısı 277
Kayseri,Tomarza,Avşar Söğütlü İlkokulu,704192,İlkokul,https://avsarsogutlu.meb.k12.tr,,,https://avsarsogutlu.meb.k12.tr/tema/harita.php,2026-08-31,15,15,bulundu,https://avsarsogutlu.meb.k12.tr/,2026-10-01T18:56:20.287699+00:00,,Öğrenci Sayısı 15
Kayseri,Tomarza,Culha İlkokulu,704362,İlkokul,https://culhailkokulu.meb.k12.tr,,,https://culhailkokulu.meb.k12.tr/tema/harita.php,2026-08-31,14,14,bulundu,https://culhailkokulu.meb.k12.tr/,2026-10-01T18:56:20.322051+00:00,,Öğrenci Sayısı 14
Kayseri,Tomarza,Cücün İlkokulu,719315,İlkokul,https://719315.meb.k12.tr,,,https://719315.meb.k12.tr/tema/harita.php,2026-08-31,33,33,bulundu,https://719315.meb.k12.tr/,2026-10-01T18:56:20.357101+00:00,,Öğrenci Sayısı : 33
Kayseri,Tomarza,Dadaloğlu Battal Topuz Anadolu Lisesi,767919,Anadolu Lisesi,https://767919.meb.k12.tr,,,https://767919.meb.k12.tr/tema/harita.php,2026-08-31,49,49,bulundu,https://767919.meb.k12.tr/,2026-10-01T18:56:20.617311+00:00,,Öğrenci Sayısı : 49
Kayseri,Tomarza,Dadaloğlu İlkokulu,752587,İlkokul,https://tomarzadadalogluilkokulu.meb.k12.tr,,,https://tomarzadadalogluilkokulu.meb.k12.tr/tema/harita.php,2026-08-31,76,76,bulundu,https://tomarzadadalogluilkokulu.meb.k12.tr/,2026-10-01T18:56:20.672310+00:00,,Öğrenci Sayısı : 76
Kayseri,Tomarza,Gülveren İlkokulu,704394,İlkokul,https://704394.meb.k12.tr,,,https://704394.meb.k12.tr/tema/harita.php,2026-08-31,10,10,bulundu,https://704394.meb.k12.tr/,2026-10-01T18:56:20.712369+00:00,,Öğrenci Sayısı 10
Kayseri,Tomarza,Kapukaya İlkokulu,704560,İlkokul,https://704560.meb.k12.tr,,,https://704560.meb.k12.tr/tema/harita.php,2026-08-31,16,16,bulundu,https://704560.meb.k12.tr/,2026-10-01T18:56:20.733918+00:00,,Öğrenci Sayısı 16
Kayseri,Tomarza,Küçüksüvegenler İlkokulu,776212,İlkokul,https://776212.meb.k12.tr,,,https://776212.meb.k12.tr/tema/harita.php,2026-08-31,0,0,bulundu,https://776212.meb.k12.tr/,2026-10-01T18:56:20.875439+00:00,,Öğrenci Sayısı : 0
Kayseri,Tomarza,Pusatlı Fehmi Özilhan İlkokulu,705112,İlkokul,https://pusatliilk.meb.k12.tr,,,https://pusatliilk.meb.k12.tr/tema/harita.php,2026-08-31,20,20,bulundu,https://pusatliilk.meb.k12.tr/,2026-10-01T18:56:20.917473+00:00,,Öğrenci Sayısı: 20
Kayseri,Tomarza,Rahime Akıncıoğlu Ortaokulu,719521,Ortaokul,https://rahimeakinciogluortaokulu.meb.k12.tr,,,https://rahimeakinciogluortaokulu.meb.k12.tr/tema/harita.php,2026-08-31,27,27,bulundu,https://rahimeakinciogluortaokulu.meb.k12.tr/tema/okulumuz_hakkinda.php,2026-10-01T18:56:21.092427+00:00,,Öğrenci : 27
Kayseri,Tomarza,Rahime Akıncıoğlu İlkokulu,719474,İlkokul,https://rahimeakinciogluilkokulu.meb.k12.tr,,,https://rahimeakinciogluilkokulu.meb.k12.tr/tema/harita.php,2026-08-31,28,28,bulundu,https://rahimeakinciogluilkokulu.meb.k12.tr/,2026-10-01T18:56:21.143546+00:00,,Öğrenci Sayısı 28
Kayseri,Tomarza,Sarımehmetli Ortaokulu,262057,Ortaokul,https://sarimehmetli.meb.k12.tr,,,https://sarimehmetli.meb.k12.tr/tema/harita.php,2026-08-31,39,39,bulundu,https://sarimehmetli.meb.k12.tr/,2026-10-01T18:56:21.166545+00:00,,Öğrenci Sayısı 39
Kayseri,Tomarza,Sarımehmetli İlkokulu,705148,İlkokul,https://sarimehmetliilkokulu.meb.k12.tr,,,https://sarimehmetliilkokulu.meb.k12.tr/tema/harita.php,2026-08-31,47,47,bulundu,https://sarimehmetliilkokulu.meb.k12.tr/,2026-10-01T18:56:21.171653+00:00,,Öğrenci Sayısı 47
Kayseri,Tomarza,Tahtakemer İlkokulu,704755,İlkokul,https://tomarzatahtakemer.meb.k12.tr,,,https://tomarzatahtakemer.meb.k12.tr/tema/harita.php,2026-08-31,16,16,bulundu,https://tomarzatahtakemer.meb.k12.tr/,2026-10-01T18:56:21.201075+00:00,,Öğrenci Sayısı 16
Kayseri,Tomarza,Toklar İlkokulu,704851,İlkokul,https://tomarzatoklarilkokulu.meb.k12.tr,,,https://tomarzatoklarilkokulu.meb.k12.tr/tema/harita.php,2026-08-31,,,bulunamadi,,2026-10-01T18:56:21.204552+00:00,,
Kayseri,Tomarza,Tomarza Anadolu İmam Hatip Lisesi,170969,Anadolu İmam Hatip Lisesi,https://tomarzaanadoluihl.meb.k12.tr,,,https://tomarzaanadoluihl.meb.k12.tr/tema/harita.php,2026-08-31,96,96,bulundu,https://tomarzaanadoluihl.meb.k12.tr/,2026-10-01T18:56:21.212012+00:00,,Öğrenci Sayısı : 96
Kayseri,Tomarza,Tomarza Fen Lisesi,760057,Fen Lisesi,https://tomarzafenlisesi.meb.k12.tr,,,https://tomarzafenlisesi.meb.k12.tr/tema/harita.php,2026-08-31,204,204,bulundu,https://tomarzafenlisesi.meb.k12.tr/,2026-10-01T18:56:21.225045+00:00,,Öğrenci Sayısı 204
Kayseri,Tomarza,Tomarza Halk Eğitimi Merkezi,170970,Halk Eğitimi Merkezi,https://tomarzahem.meb.k12.tr,,,https://tomarzahem.meb.k12.tr/tema/harita.php,2026-08-31,,,bulunamadi,,2026-10-01T18:56:21.233389+00:00,,
Kayseri,Tomarza,Tomarza Kız Anadolu İmam Hatip Lisesi,760207,Anadolu İmam Hatip Lisesi,https://tomarzakizanadoluihl.meb.k12.tr,,,https://tomarzakizanadoluihl.meb.k12.tr/tema/harita.php,2026-08-31,59,59,bulundu,https://tomarzakizanadoluihl.meb.k12.tr/,2026-10-01T18:56:21.284210+00:00,,Öğrenci Sayısı : 59
Kayseri,Tomarza,Tomarza Mesleki ve Teknik Anadolu Lisesi,170957,Mesleki ve Teknik Anadolu Lisesi,https://tomarzameslek.meb.k12.tr,,,https://tomarzameslek.meb.k12.tr/tema/harita.php,2026-08-31,327,327,bulundu,https://tomarzameslek.meb.k12.tr/tema/okulumuz_hakkinda.php,2026-10-01T18:56:21.442514+00:00,,Öğrenci : 327
Kayseri,Tomarza,Tomarza Yatılı Bölge Ortaokulu,747724,Ortaokul,https://tomarzaybo.meb.k12.tr,,,https://tomarzaybo.meb.k12.tr/tema/harita.php,2026-08-31,54,54,bulundu,https://tomarzaybo.meb.k12.tr/,2026-10-01T18:56:21.597415+00:00,,Öğrenci Sayısı 54
Kayseri,Tomarza,Yavuz Selim İlkokulu,704896,İlkokul,https://tomarzayavuzselimio.meb.k12.tr,,,https://tomarzayavuzselimio.meb.k12.tr/tema/harita.php,2026-08-31,264,264,bulundu,https://tomarzayavuzselimio.meb.k12.tr/,2026-10-01T18:56:21.894688+00:00,,Öğrenci Sayısı : 264
Kayseri,Tomarza,Zekiye Canpolat Ortaokulu,752856,Ortaokul,https://zekiyecanpolatortaokulu.meb.k12.tr,,,https://zekiyecanpolatortaokulu.meb.k12.tr/tema/harita.php,2026-08-31,77,77,bulundu,https://zekiyecanpolatortaokulu.meb.k12.tr/tema/okulumuz_hakkinda.php,2026-10-01T18:56:21.899562+00:00,,Öğrenci : 77
Kayseri,Tomarza,Zekiye Canpolat İlkokulu,752854,İlkokul,https://zekiyecanpolatilkokulu.meb.k12.tr,,,https://zekiyecanpolatilkokulu.meb.k12.tr/tema/harita.php,2026-08-31,95,95,bulundu,https://zekiyecanpolatilkokulu.meb.k12.tr/tema/okulumuz_hakkinda.php,2026-10-01T18:56:21.907826+00:00,,Öğrenci : 95
Kayseri,Tomarza,İmamkullu İlkokulu,705040,İlkokul,https://imamkulluio.meb.k12.tr,,,https://imamkulluio.meb.k12.tr/tema/harita.php,2026-08-31,31,31,bulundu,https://imamkulluio.meb.k12.tr/,2026-10-01T18:56:22.003287+00:00,,Öğrenci Sayısı 31
Kayseri,Tomarza,İmamkullu İmam Hatip Ortaokulu,762459,İmam Hatip Ortaokulu,https://imamkulluimamhatip.meb.k12.tr,,,https://imamkulluimamhatip.meb.k12.tr/tema/harita.php,2026-08-31,,,bulunamadi,,2026-10-01T18:56:22.042840+00:00,,
Kayseri,Tomarza,İncili Şehit Yaşar Karakaya İlkokulu,705082,İlkokul,https://incilisehityasarkarakayaio.meb.k12.tr,,,https://incilisehityasarkarakayaio.meb.k12.tr/tema/harita.php,2026-08-31,32,32,bulundu,https://incilisehityasarkarakayaio.meb.k12.tr/,2026-10-01T18:56:22.069924+00:00,,Öğrenci Sayısı: 32
Kayseri,Tomarza,Şehit Emin Urhan Ortaokulu,748343,Ortaokul,https://tomarzasehiteminurhanortaokulu.meb.k12.tr,,,https://tomarzasehiteminurhanortaokulu.meb.k12.tr/tema/harita.php,2026-08-31,67,67,bulundu,https://tomarzasehiteminurhanortaokulu.meb.k12.tr/,2026-10-01T18:56:22.088661+00:00,,Öğrenci Sayısı 67
Kayseri,Tomarza,Şehit Emin Urhan İmam Hatip Ortaokulu,763901,İmam Hatip Ortaokulu,https://763901.meb.k12.tr,,,https://763901.meb.k12.tr/tema/harita.php,2026-08-31,9,9,bulundu,https://763901.meb.k12.tr/,2026-10-01T18:56:22.132698+00:00,,Öğrenci Sayısı : 9
Kayseri,Tomarza,Şehit Jandarma Yarbay Bekir Temel Ortaokulu,725141,Ortaokul,https://jybekirtemelortaokulu.meb.k12.tr,,,https://jybekirtemelortaokulu.meb.k12.tr/tema/harita.php,2026-08-31,59,59,bulundu,https://jybekirtemelortaokulu.meb.k12.tr/,2026-10-01T18:56:22.227342+00:00,,Öğrenci Sayısı : 59
Kayseri,Tomarza,Şehit Jandarma Yarbay Bekir Temel İlkokulu,719699,İlkokul,https://jandarmayarbaybekirtemelilkokulu.meb.k12.tr,,,https://jandarmayarbaybekirtemelilkokulu.meb.k12.tr/tema/harita.php,2026-08-31,80,80,bulundu,https://jandarmayarbaybekirtemelilkokulu.meb.k12.tr/,2026-10-01T18:56:22.358328+00:00,,Öğrenci Sayısı 80
Kayseri,Tomarza,Şehit Jandarma Üsteğmen Efkan Cengiz Ortaokulu,704677,Ortaokul,https://efkancengizortaokulu.meb.k12.tr,,,https://efkancengizortaokulu.meb.k12.tr/tema/harita.php,2026-08-31,,,bulunamadi,,2026-10-01T18:56:22.401657+00:00,,
Kayseri,Tomarza,Şehit Nazmi Kapucu Anadolu Lisesi,967530,Anadolu Lisesi,https://tomarzaanadolulisesi.meb.k12.tr,,,https://tomarzaanadolulisesi.meb.k12.tr/tema/harita.php,2026-08-31,304,304,bulundu,https://tomarzaanadolulisesi.meb.k12.tr/,2026-10-01T18:56:22.428015+00:00,,Öğrenci Sayısı : 304
Kayseri,Tomarza,Şehit Necati Kahraman Anaokulu,974659,Anaokulu,https://sehitnecatikahramananaokulu.meb.k12.tr,,,https://sehitnecatikahramananaokulu.meb.k12.tr/tema/harita.php,2026-08-31,42,42,bulundu,https://sehitnecatikahramananaokulu.meb.k12.tr/,2026-10-01T18:56:22.525030+00:00,,Öğrenci Sayısı : 42
Kayseri,Tomarza,Şehit İbrahim Akarsu İmam Hatip Ortaokulu,761773,İmam Hatip Ortaokulu,https://sehitibrahimakarsuiho.meb.k12.tr,,,https://sehitibrahimakarsuiho.meb.k12.tr/tema/harita.php,2026-08-31,122,122,bulundu,https://sehitibrahimakarsuiho.meb.k12.tr/,2026-10-01T18:56:22.532869+00:00,,Öğrenci Sayısı 122
Kayseri,Tomarza,Şiraz İlkokulu,704731,İlkokul,https://sirazilkokulu.meb.k12.tr,,,https://sirazilkokulu.meb.k12.tr/tema/harita.php,2026-08-31,20,20,bulundu,https://sirazilkokulu.meb.k12.tr/,2026-10-01T18:56:22.578612+00:00,,Öğrenci Sayısı 20
Kayseri,Tomarza,Şıhbarak Ortaokulu,724177,Ortaokul,https://sihbarakortaokulu.meb.k12.tr,,,https://sihbarakortaokulu.meb.k12.tr/tema/harita.php,2026-08-31,22,22,bulundu,https://sihbarakortaokulu.meb.k12.tr/,2026-10-01T18:56:22.610679+00:00,,Öğrenci Sayısı : 22
Kayseri,Tomarza,Şıhbarak İlkokulu,724158,İlkokul,https://sihbarakilkokul.meb.k12.tr,,,https://sihbarakilkokul.meb.k12.tr/tema/harita.php,2026-08-31,70,70,bulundu,https://sihbarakilkokul.meb.k12.tr/,2026-10-01T18:56:22.756803+00:00,,Öğrenci Sayısı : 70
Kayseri,Yahyalı,Ali Elmacı Ortaokulu,706662,Ortaokul,https://alielmaci.meb.k12.tr,,,https://alielmaci.meb.k12.tr/tema/harita.php,2026-08-31,522,522,bulundu,https://alielmaci.meb.k12.tr/,2026-10-01T18:56:22.815216+00:00,,Öğrenci Sayısı 522
Kayseri,Yahyalı,Atatürk Ortaokulu,738333,Ortaokul,https://yahyaliataturk.meb.k12.tr,,,https://yahyaliataturk.meb.k12.tr/tema/harita.php,2026-08-31,408,408,bulundu,https://yahyaliataturk.meb.k12.tr/,2026-10-01T18:56:22.935319+00:00,,Öğrenci Sayısı 408
Kayseri,Yahyalı,Avlağa İlkokulu,714289,İlkokul,https://avlaga.meb.k12.tr,,,https://avlaga.meb.k12.tr/tema/harita.php,2026-08-31,16,16,bulundu,https://avlaga.meb.k12.tr/,2026-10-01T18:56:23.003498+00:00,,Öğrenci Sayısı 16
Kayseri,Yahyalı,Balcıçakırı İlkokulu,631979,İlkokul,https://balcicakiri.meb.k12.tr,,,https://balcicakiri.meb.k12.tr/tema/harita.php,2026-08-31,69,69,bulundu,https://balcicakiri.meb.k12.tr/,2026-10-01T18:56:23.037905+00:00,,Öğrenci Sayısı : 69
Kayseri,Yahyalı,Balcıçakırı İmam Hatip Ortaokulu,765562,İmam Hatip Ortaokulu,https://balcicakiriiho.meb.k12.tr,,,https://balcicakiriiho.meb.k12.tr/tema/harita.php,2026-08-31,95,95,bulundu,https://balcicakiriiho.meb.k12.tr/,2026-10-01T18:56:23.061358+00:00,,Öğrenci Sayısı : 95
Kayseri,Yahyalı,Büyükçakır Fatihler İmam Hatip Ortaokulu,766149,İmam Hatip Ortaokulu,https://buyukcakirfatihleriho.meb.k12.tr,,,https://buyukcakirfatihleriho.meb.k12.tr/tema/harita.php,2026-08-31,104,104,bulundu,https://buyukcakirfatihleriho.meb.k12.tr/,2026-10-01T18:56:23.136040+00:00,,Öğrenci Sayısı : 104
Kayseri,Yahyalı,Büyükçakır İlkokulu,714337,İlkokul,https://buyukcakirilkokulu.meb.k12.tr,,,https://buyukcakirilkokulu.meb.k12.tr/tema/harita.php,2026-08-31,96,96,bulundu,https://buyukcakirilkokulu.meb.k12.tr/,2026-10-01T18:56:23.485437+00:00,,Öğrenci Sayısı 96
Kayseri,Yahyalı,Cumhuriyet İlkokulu,724224,İlkokul,https://yahyalicumhuriyet.meb.k12.tr,,,https://yahyalicumhuriyet.meb.k12.tr/tema/harita.php,2026-08-31,87,87,bulundu,https://yahyalicumhuriyet.meb.k12.tr/,2026-10-01T18:56:23.607629+00:00,,Öğrenci Sayısı 87
Kayseri,Yahyalı,Delialiuşağı Ortaokulu,724670,Ortaokul,https://delialiusagiortaokulu.meb.k12.tr,,,https://delialiusagiortaokulu.meb.k12.tr/tema/harita.php,2026-08-31,32,32,bulundu,https://delialiusagiortaokulu.meb.k12.tr/tema/okulumuz_hakkinda.php,2026-10-01T18:56:23.633016+00:00,,Öğrenci : 32
Kayseri,Yahyalı,Delialiuşağı İlkokulu,724674,İlkokul,https://delialiusagiilkokulu.meb.k12.tr,,,https://delialiusagiilkokulu.meb.k12.tr/tema/harita.php,2026-08-31,47,47,bulundu,https://delialiusagiilkokulu.meb.k12.tr/,2026-10-01T18:56:23.757934+00:00,,Öğrenci Sayısı 47
Kayseri,Yahyalı,Derebağ Ortaokulu,724696,Ortaokul,https://derebagorta.meb.k12.tr,,,https://derebagorta.meb.k12.tr/tema/harita.php,2026-08-31,35,35,bulundu,https://derebagorta.meb.k12.tr/,2026-10-01T18:56:23.781333+00:00,,Öğrenci Sayısı 35
Kayseri,Yahyalı,Derebağ İlkokulu,677127,İlkokul,https://derebag.meb.k12.tr,,,https://derebag.meb.k12.tr/tema/harita.php,2026-08-31,31,31,bulundu,https://derebag.meb.k12.tr/,2026-10-01T18:56:24.072564+00:00,,Öğrenci Sayısı 31
Kayseri,Yahyalı,Dikme İlkokulu,977045,İlkokul,https://yahyalidikme.meb.k12.tr,,,https://yahyalidikme.meb.k12.tr/tema/harita.php,2026-08-31,22,22,bulundu,https://yahyalidikme.meb.k12.tr/,2026-10-01T18:56:24.221535+00:00,,Öğrenci Sayısı 22
Kayseri,Yahyalı,Durmuş İnneci Ortaokulu,724716,Ortaokul,https://durmusinneciortaokulu.meb.k12.tr,,,https://durmusinneciortaokulu.meb.k12.tr/tema/harita.php,2026-08-31,54,54,bulundu,https://durmusinneciortaokulu.meb.k12.tr/,2026-10-01T18:56:24.235146+00:00,,Öğrenci Sayısı : 54
Kayseri,Yahyalı,Durmuş İnneci İlkokulu,724721,İlkokul,https://durmusinneciilkokulu.meb.k12.tr,,,https://durmusinneciilkokulu.meb.k12.tr/tema/harita.php,2026-08-31,43,43,bulundu,https://durmusinneciilkokulu.meb.k12.tr/,2026-10-01T18:56:24.249794+00:00,,Öğrenci Sayısı 43
Kayseri,Yahyalı,Fatih İlkokulu,724244,İlkokul,https://yahyalifatih.meb.k12.tr,,,https://yahyalifatih.meb.k12.tr/tema/harita.php,2026-08-31,166,166,bulundu,https://yahyalifatih.meb.k12.tr/,2026-10-01T18:56:24.686462+00:00,,Öğrenci Sayısı 166
Kayseri,Yahyalı,Fatih İmam Hatip Ortaokulu,739525,İmam Hatip Ortaokulu,https://fatihiho.meb.k12.tr,,,https://fatihiho.meb.k12.tr/tema/harita.php,2026-08-31,364,364,bulundu,https://fatihiho.meb.k12.tr/,2026-10-01T18:56:24.747323+00:00,,Öğrenci Sayısı 364
Kayseri,Yahyalı,Hacı Hasan Efendi İmam Hatip Ortaokulu,761412,İmam Hatip Ortaokulu,https://hacihasanefendiiho.meb.k12.tr,,,https://hacihasanefendiiho.meb.k12.tr/tema/harita.php,2026-08-31,209,209,bulundu,https://hacihasanefendiiho.meb.k12.tr/,2026-10-01T18:56:24.792482+00:00,,Öğrenci Sayısı 209
Kayseri,Yahyalı,Hamdi Oral Mesleki ve Teknik Anadolu Lisesi,751756,Mesleki ve Teknik Anadolu Lisesi,https://hamdioralmtal.meb.k12.tr,,,https://hamdioralmtal.meb.k12.tr/tema/harita.php,2026-08-31,203,203,bulundu,https://hamdioralmtal.meb.k12.tr/,2026-10-01T18:56:24.795309+00:00,,Öğrenci Sayısı 203
Kayseri,Yahyalı,Hasan Hüseyin Arıkan Mesleki ve Teknik Anadolu Lisesi,965583,Mesleki ve Teknik Anadolu Lisesi,https://hha.meb.k12.tr,,,https://hha.meb.k12.tr/tema/harita.php,2026-08-31,233,233,bulundu,https://hha.meb.k12.tr/,2026-10-01T18:56:24.814666+00:00,,Öğrenci Sayısı 233
Kayseri,Yahyalı,Kapuzbaşı İlkokulu,888061,İlkokul,https://kapuzbasi.meb.k12.tr,,,https://kapuzbasi.meb.k12.tr/tema/harita.php,2026-08-31,61,61,bulundu,https://kapuzbasi.meb.k12.tr/,2026-10-01T18:56:24.894416+00:00,,Öğrenci Sayısı: 61
Kayseri,Yahyalı,Karaköy ortaokulu,724291,Ortaokul,https://karakoyortaokulu.meb.k12.tr,,,https://karakoyortaokulu.meb.k12.tr/tema/harita.php,2026-08-31,38,38,bulundu,https://karakoyortaokulu.meb.k12.tr/tema/okulumuz_hakkinda.php,2026-10-01T18:56:24.900132+00:00,,Öğrenci : 38
Kayseri,Yahyalı,Karaköy İlkokulu,739542,İlkokul,https://karakoyio38.meb.k12.tr,,,https://karakoyio38.meb.k12.tr/tema/harita.php,2026-08-31,75,75,bulundu,https://karakoyio38.meb.k12.tr/,2026-10-01T18:56:24.927686+00:00,,Öğrenci Sayısı: 75
Kayseri,Yahyalı,Kirazlı Ortaokulu,719992,Ortaokul,https://kirazli.meb.k12.tr,,,https://kirazli.meb.k12.tr/tema/harita.php,2026-08-31,20,20,bulundu,https://kirazli.meb.k12.tr/,2026-10-01T18:56:24.976072+00:00,,Öğrenci Sayısı : 20
Kayseri,Yahyalı,Kirazlı İlkokulu,719925,İlkokul,https://kirazliilk.meb.k12.tr,,,https://kirazliilk.meb.k12.tr/tema/harita.php,2026-08-31,30,30,bulundu,https://kirazliilk.meb.k12.tr/,2026-10-01T18:56:25.289744+00:00,,Öğrenci Sayısı : 30
Kayseri,Yahyalı,Kocahacılı İlkokulu,775275,İlkokul,https://kocahacili.meb.k12.tr,,,https://kocahacili.meb.k12.tr/tema/harita.php,2026-08-31,24,24,bulundu,https://kocahacili.meb.k12.tr/,2026-10-01T18:56:25.296335+00:00,,Öğrenci Sayısı: 24
Kayseri,Yahyalı,Kopçu Nimet ve İsmail Bulut İlkokulu,724318,İlkokul,https://kopcuilkokulu.meb.k12.tr,,,https://kopcuilkokulu.meb.k12.tr/tema/harita.php,2026-08-31,41,41,bulundu,https://kopcuilkokulu.meb.k12.tr/,2026-10-01T18:56:25.328199+00:00,,Öğrenci Sayısı: 41
Kayseri,Yahyalı,Mehmet Akif Ersoy İlkokulu,724333,İlkokul,https://makif38.meb.k12.tr,,,https://makif38.meb.k12.tr/tema/harita.php,2026-08-31,190,190,bulundu,https://makif38.meb.k12.tr/,2026-10-01T18:56:25.380488+00:00,,Öğrenci Sayısı: 190
Kayseri,Yahyalı,Mustafa Koyuncu Anadolu İmam Hatip Lisesi,760169,Anadolu İmam Hatip Lisesi,https://mustafakoyuncuaihl.meb.k12.tr,,,https://mustafakoyuncuaihl.meb.k12.tr/tema/harita.php,2026-08-31,55,55,bulundu,https://mustafakoyuncuaihl.meb.k12.tr/,2026-10-01T18:56:25.382524+00:00,,Öğrenci Sayısı 55
Kayseri,Yahyalı,Mustafa Koyuncu Fen Lisesi,822960,Fen Lisesi,https://mkoyuncufenlisesi.meb.k12.tr,,,https://mkoyuncufenlisesi.meb.k12.tr/tema/harita.php,2026-08-31,239,239,bulundu,https://mkoyuncufenlisesi.meb.k12.tr/,2026-10-01T18:56:25.433991+00:00,,Öğrenci Sayısı 239
Kayseri,Yahyalı,Namık Kemal İlkokulu,724343,İlkokul,https://yahyalinamikkemalilkokulu.meb.k12.tr,,,https://yahyalinamikkemalilkokulu.meb.k12.tr/tema/harita.php,2026-08-31,87,87,bulundu,https://yahyalinamikkemalilkokulu.meb.k12.tr/,2026-10-01T18:56:25.436267+00:00,,Öğrenci Sayısı 87
Kayseri,Yahyalı,Necati Kurmel Kız Anadolu Lisesi,963737,Anadolu Lisesi,https://necatikurmelkizanadolulisesi.meb.k12.tr,,,https://necatikurmelkizanadolulisesi.meb.k12.tr/tema/harita.php,2026-08-31,82,82,bulundu,https://necatikurmelkizanadolulisesi.meb.k12.tr/,2026-10-01T18:56:25.555573+00:00,,Öğrenci Sayısı : 82
Kayseri,Yahyalı,Seydili Şehit Ferhat Kaplangiray İlkokulu,724353,İlkokul,https://seydiliilkokulu.meb.k12.tr,,,https://seydiliilkokulu.meb.k12.tr/tema/harita.php,2026-08-31,609,609,bulundu,https://seydiliilkokulu.meb.k12.tr/,2026-10-01T18:56:25.638924+00:00,,Öğrenci Sayısı : 609
Kayseri,Yahyalı,Taşhan Ortaokulu,720120,Ortaokul,https://tashanortaokulu.meb.k12.tr,,,https://tashanortaokulu.meb.k12.tr/tema/harita.php,2026-08-31,40,40,bulundu,https://tashanortaokulu.meb.k12.tr/,2026-10-01T18:56:25.645939+00:00,,Öğrenci Sayısı 40
Kayseri,Yahyalı,Taşhan İlkokulu,720053,İlkokul,https://tashanilkokulu.meb.k12.tr,,,https://tashanilkokulu.meb.k12.tr/tema/harita.php,2026-08-31,46,46,bulundu,https://tashanilkokulu.meb.k12.tr/,2026-10-01T18:56:25.741927+00:00,,Öğrenci Sayısı 46
Kayseri,Yahyalı,Ulupınar İlkokulu,724357,İlkokul,https://ulupinarilkokulu.meb.k12.tr,,,https://ulupinarilkokulu.meb.k12.tr/tema/harita.php,2026-08-31,38,38,bulundu,https://ulupinarilkokulu.meb.k12.tr/,2026-10-01T18:56:25.952729+00:00,,Öğrenci Sayısı: 38
Kayseri,Yahyalı,Yahyagazi Anadolu Lisesi,972909,Anadolu Lisesi,https://yahyagazial.meb.k12.tr,,,https://yahyagazial.meb.k12.tr/tema/harita.php,2026-08-31,228,228,bulundu,https://yahyagazial.meb.k12.tr/,2026-10-01T18:56:26.039959+00:00,,Öğrenci Sayısı 228
Kayseri,Yahyalı,Yahyagazi İlkokulu,724363,İlkokul,https://yahyagaziilkokulu.meb.k12.tr,,,https://yahyagaziilkokulu.meb.k12.tr/tema/harita.php,2026-08-31,133,133,bulundu,https://yahyagaziilkokulu.meb.k12.tr/,2026-10-01T18:56:26.086539+00:00,,Öğrenci Sayısı : 133
Kayseri,Yahyalı,Yahyalı Bilim ve Sanat Merkezi,769455,Bilim ve Sanat Merkezi,https://yahyalibilsem.meb.k12.tr,,,https://yahyalibilsem.meb.k12.tr/tema/harita.php,2026-08-31,26,26,bulundu,https://yahyalibilsem.meb.k12.tr/,2026-10-01T18:56:26.097645+00:00,,Öğrenci Sayısı : 26
Kayseri,Yahyalı,Yahyalı Mesleki Eğitim Merkezi,327168,Mesleki Eğitim Merkezi,https://yahyalimem.meb.k12.tr,,,https://yahyalimem.meb.k12.tr/tema/harita.php,2026-08-31,340,340,bulundu,https://yahyalimem.meb.k12.tr/tema/okulumuz_hakkinda.php,2026-10-01T18:56:26.116825+00:00,,Öğrenci : 340
Kayseri,Yahyalı,Yahyalı Öğretmenevi ve Akşam Sanat Okulu,971260,Öğretmenevi,https://yahyaliogretmenevi.meb.k12.tr,,,https://yahyaliogretmenevi.meb.k12.tr/tema/harita.php,2026-08-31,,,bulunamadi,,2026-10-01T18:56:26.139748+00:00,,
Kayseri,Yahyalı,Yahyalı Şehit Adem İlkkılıç Halk Eğitimi Merkezi,171030,Halk Eğitimi Merkezi,https://yahyalihem.meb.k12.tr,,,https://yahyalihem.meb.k12.tr/tema/harita.php,2026-08-31,,,bulunamadi,,2026-10-01T18:56:26.192036+00:00,,
Kayseri,Yahyalı,Yahyalı Şehit Mustafa Aydın Yatılı Bölge Ortaokulu,747747,Ortaokul,https://yahyaliybo.meb.k12.tr,,,https://yahyaliybo.meb.k12.tr/tema/harita.php,2026-08-31,,,bulunamadi,,2026-10-01T18:56:26.203539+00:00,,
Kayseri,Yahyalı,Yahyalı Şehit Mustafa Aydın İmam Hatip Ortaokulu,762613,İmam Hatip Ortaokulu,https://yahyaliiho.meb.k12.tr,,,https://yahyaliiho.meb.k12.tr/tema/harita.php,2026-08-31,88,88,bulundu,https://yahyaliiho.meb.k12.tr/,2026-10-01T18:56:26.267290+00:00,,Öğrenci Sayısı 88
Kayseri,Yahyalı,Yahyalı Şehit İsmail Mavitaş Anaokulu,972113,Anaokulu,https://yahyalianaokulu.meb.k12.tr,,,https://yahyalianaokulu.meb.k12.tr/tema/harita.php,2026-08-31,24,24,bulundu,https://yahyalianaokulu.meb.k12.tr/,2026-10-01T18:56:26.321455+00:00,,Öğrenci Sayısı: 24
Kayseri,Yahyalı,Yeşilköy Çağlalık İlkokulu,724373,İlkokul,https://yesilkoycaglalik.meb.k12.tr,,,https://yesilkoycaglalik.meb.k12.tr/tema/harita.php,2026-08-31,15,15,bulundu,https://yesilkoycaglalik.meb.k12.tr/,2026-10-01T18:56:26.380803+00:00,,Öğrenci Sayısı 15
Kayseri,Yahyalı,Yeşilköy Özden Elmacı İlkokulu,738236,İlkokul,https://38yesilkoy.meb.k12.tr,,,https://38yesilkoy.meb.k12.tr/tema/harita.php,2026-08-31,16,16,bulundu,https://38yesilkoy.meb.k12.tr/,2026-10-01T18:56:26.496597+00:00,,Öğrenci Sayısı 16
Kayseri,Yahyalı,Çamlıca İlkokulu,631955,İlkokul,https://camlica38.meb.k12.tr,,,https://camlica38.meb.k12.tr/tema/harita.php,2026-08-31,45,45,bulundu,https://camlica38.meb.k12.tr/,2026-10-01T18:56:26.527144+00:00,,Öğrenci Sayısı: 45
Kayseri,Yahyalı,Çavdaruşağı İlkokulu,887926,İlkokul,https://cavdarusagiilkokulu.meb.k12.tr,,,https://cavdarusagiilkokulu.meb.k12.tr/tema/harita.php,2026-08-31,43,43,bulundu,https://cavdarusagiilkokulu.meb.k12.tr/,2026-10-01T18:56:26.598734+00:00,,Öğrenci Sayısı: 43
Kayseri,Yahyalı,Çubukharmanı İlkokulu,887614,İlkokul,https://cubukharmaniilkokulu.meb.k12.tr,,,https://cubukharmaniilkokulu.meb.k12.tr/tema/harita.php,2026-08-31,9,9,bulundu,https://cubukharmaniilkokulu.meb.k12.tr/,2026-10-01T18:56:26.608396+00:00,,Öğrenci Sayısı: 9
Kayseri,Yahyalı,Çubuklu Özkoyuncu Ortaokulu,724649,Ortaokul,https://cubukluortaokulu.meb.k12.tr,,,https://cubukluortaokulu.meb.k12.tr/tema/harita.php,2026-08-31,40,40,bulundu,https://cubukluortaokulu.meb.k12.tr/,2026-10-01T18:56:26.650834+00:00,,Öğrenci Sayısı : 40
Kayseri,Yahyalı,Çubuklu Özkoyuncu İlkokulu,724650,İlkokul,https://cubukluilkokulu.meb.k12.tr,,,https://cubukluilkokulu.meb.k12.tr/tema/harita.php,2026-08-31,45,45,bulundu,https://cubukluilkokulu.meb.k12.tr/,2026-10-01T18:56:27.060174+00:00,,Öğrenci Sayısı: 45
Kayseri,Yahyalı,Ömer-Emine Akın Anadolu Lisesi,967360,Anadolu Lisesi,https://omeremineakin.meb.k12.tr,,,https://omeremineakin.meb.k12.tr/tema/harita.php,2026-08-31,275,275,bulundu,https://omeremineakin.meb.k12.tr/,2026-10-01T18:56:27.068609+00:00,,Öğrenci Sayısı : 275
Kayseri,Yahyalı,İpek Hoca Hasan Türkmenoğlu Kız Anadolu İmam Hatip Lisesi,171029,Anadolu İmam Hatip Lisesi,https://yahyaliihl.meb.k12.tr,,,https://yahyaliihl.meb.k12.tr/tema/harita.php,2026-08-31,200,200,bulundu,https://yahyaliihl.meb.k12.tr/,2026-10-01T18:56:27.086135+00:00,,Öğrenci Sayısı : 200
Kayseri,Yeşilhisar,Atatürk İlkokulu,724485,İlkokul,https://yesilhisarataturkilkokulu.meb.k12.tr,,,https://yesilhisarataturkilkokulu.meb.k12.tr/tema/harita.php,2026-08-31,104,104,bulundu,https://yesilhisarataturkilkokulu.meb.k12.tr/,2026-10-01T18:56:27.163105+00:00,,Öğrenci Sayısı: 104
Kayseri,Yeşilhisar,Derbentbaşı İlkokulu,705946,İlkokul,https://derbentbasi.meb.k12.tr,,,https://derbentbasi.meb.k12.tr/tema/harita.php,2026-08-31,,,bulunamadi,,2026-10-01T18:56:27.180756+00:00,,
Kayseri,Yeşilhisar,Fatih İlkokulu,748861,İlkokul,https://yesilhisarfatih.meb.k12.tr,,,https://yesilhisarfatih.meb.k12.tr/tema/harita.php,2026-08-31,180,180,bulundu,https://yesilhisarfatih.meb.k12.tr/,2026-10-01T18:56:27.683329+00:00,,Öğrenci Sayısı : 180
Kayseri,Yeşilhisar,Güzelöz İlkokulu,705995,İlkokul,https://guzeloz.meb.k12.tr,,,https://guzeloz.meb.k12.tr/tema/harita.php,2026-08-31,7,7,bulundu,https://guzeloz.meb.k12.tr/,2026-10-01T18:56:27.707410+00:00,,Öğrenci Sayısı 7
Kayseri,Yeşilhisar,Hızır İlyas Ortaokulu,706154,Ortaokul,https://yesilhisarhizirilyas.meb.k12.tr,,,https://yesilhisarhizirilyas.meb.k12.tr/tema/harita.php,2026-08-31,224,224,bulundu,https://yesilhisarhizirilyas.meb.k12.tr/,2026-10-01T18:56:27.749042+00:00,,Öğrenci Sayısı 224
Kayseri,Yeşilhisar,Kavak İlkokulu,706169,İlkokul,https://kavakio.meb.k12.tr,,,https://kavakio.meb.k12.tr/tema/harita.php,2026-08-31,12,12,bulundu,https://kavakio.meb.k12.tr/,2026-10-01T18:56:28.140789+00:00,,Öğrenci Sayısı : 12
Kayseri,Yeşilhisar,Kayadibi Ortaokulu,717963,Ortaokul,https://yesilhisarkayadibiortaokulu.meb.k12.tr,,,https://yesilhisarkayadibiortaokulu.meb.k12.tr/tema/harita.php,2026-08-31,67,67,bulundu,https://yesilhisarkayadibiortaokulu.meb.k12.tr/,2026-10-01T18:56:28.171780+00:00,,Öğrenci Sayısı : 67
Kayseri,Yeşilhisar,Kayadibi İlkokulu,717881,İlkokul,https://yesilhisarkayadibiilkokulu.meb.k12.tr,,,https://yesilhisarkayadibiilkokulu.meb.k12.tr/tema/harita.php,2026-08-31,77,77,bulundu,https://yesilhisarkayadibiilkokulu.meb.k12.tr/,2026-10-01T18:56:28.183927+00:00,,Öğrenci Sayısı : 77
Kayseri,Yeşilhisar,Kovalı Ortaokulu,724539,Ortaokul,https://kovaliortaokulu.meb.k12.tr,,,https://kovaliortaokulu.meb.k12.tr/tema/harita.php,2026-08-31,44,44,bulundu,https://kovaliortaokulu.meb.k12.tr/,2026-10-01T18:56:28.196630+00:00,,Öğrenci Sayısı : 44
Kayseri,Yeşilhisar,Kuşçu İlkokulu,706203,İlkokul,https://yesilhisarkuscuio.meb.k12.tr,,,https://yesilhisarkuscuio.meb.k12.tr/tema/harita.php,2026-08-31,,,bulunamadi,,2026-10-01T18:56:28.419965+00:00,,
Kayseri,Yeşilhisar,Mithatpaşa Ortaokulu,706231,Ortaokul,https://mithatpasaortaokulu38.meb.k12.tr,,,https://mithatpasaortaokulu38.meb.k12.tr/tema/harita.php,2026-08-31,190,190,bulundu,https://mithatpasaortaokulu38.meb.k12.tr/,2026-10-01T18:56:28.471373+00:00,,Öğrenci Sayısı 190
Kayseri,Yeşilhisar,Musahacılı Ortaokulu,718117,Ortaokul,https://musahaciliortaokulu.meb.k12.tr,,,https://musahaciliortaokulu.meb.k12.tr/tema/harita.php,2026-08-31,35,35,bulundu,https://musahaciliortaokulu.meb.k12.tr/,2026-10-01T18:56:28.536555+00:00,,Öğrenci Sayısı : 35
Kayseri,Yeşilhisar,Musahacılı İlkokulu,718121,İlkokul,https://musahaciliilkokulu.meb.k12.tr,,,https://musahaciliilkokulu.meb.k12.tr/tema/harita.php,2026-08-31,50,50,bulundu,https://musahaciliilkokulu.meb.k12.tr/,2026-10-01T18:56:28.538111+00:00,,Öğrenci Sayısı: 50
Kayseri,Yeşilhisar,Ovaçiftliği İlkokulu,976656,İlkokul,https://ovaiftlikilkokulu.meb.k12.tr,,,https://ovaiftlikilkokulu.meb.k12.tr/tema/harita.php,2026-08-31,,,bulunamadi,,2026-10-01T18:56:28.672565+00:00,,
Kayseri,Yeşilhisar,Salih Erten Anaokulu,773721,Anaokulu,https://773721.meb.k12.tr,,,https://773721.meb.k12.tr/tema/harita.php,2026-08-31,,,bulunamadi,,2026-10-01T18:56:28.760848+00:00,,
Kayseri,Yeşilhisar,Yeşilhisar Anadolu Lisesi,964136,Anadolu Lisesi,https://yesilhisaranadolulisesi.meb.k12.tr,,,https://yesilhisaranadolulisesi.meb.k12.tr/tema/harita.php,2026-08-31,113,113,bulundu,https://yesilhisaranadolulisesi.meb.k12.tr/,2026-10-01T18:56:28.806462+00:00,,Öğrenci Sayısı 113
Kayseri,Yeşilhisar,Yeşilhisar Anadolu İmam Hatip Lisesi,171137,Anadolu İmam Hatip Lisesi,https://yesilhisarihl38.meb.k12.tr,,,https://yesilhisarihl38.meb.k12.tr/tema/harita.php,2026-08-31,,,bulunamadi,,2026-10-01T18:56:28.959040+00:00,,
Kayseri,Yeşilhisar,Yeşilhisar Mesleki ve Teknik Anadolu Lisesi,764248,Mesleki ve Teknik Anadolu Lisesi,https://yesilhisarmtal.meb.k12.tr,,,https://yesilhisarmtal.meb.k12.tr/tema/harita.php,2026-08-31,116,116,bulundu,https://yesilhisarmtal.meb.k12.tr/,2026-10-01T18:56:29.009089+00:00,,Öğrenci Sayısı 116
Kayseri,Yeşilhisar,Yeşilhisar Şehit Astsubay Oğuz Akın Halk Eğitimi Merkezi,171149,Halk Eğitimi Merkezi,https://yesilhisarhem.meb.k12.tr,,,https://yesilhisarhem.meb.k12.tr/tema/harita.php,2026-08-31,,,bulunamadi,,2026-10-01T18:56:29.021220+00:00,,
Kayseri,Yeşilhisar,Yeşilova İlkokulu,724608,İlkokul,https://yesilovailkokulu38.meb.k12.tr,,,https://yesilovailkokulu38.meb.k12.tr/tema/harita.php,2026-08-31,15,15,bulundu,https://yesilovailkokulu38.meb.k12.tr/tema/okulumuz_hakkinda.php,2026-10-01T18:56:29.164311+00:00,,Öğrenci : 15
Kayseri,Yeşilhisar,Ziya Gökalp İlkokulu,632279,İlkokul,https://yesilhisarziyagokalp.meb.k12.tr,,,https://yesilhisarziyagokalp.meb.k12.tr/tema/harita.php,2026-08-31,272,272,bulundu,https://yesilhisarziyagokalp.meb.k12.tr/,2026-10-01T18:56:29.205526+00:00,,Öğrenci Sayısı: 272
Kayseri,Yeşilhisar,Zübeyde Hanım Anaokulu,970633,Anaokulu,https://zubeydehanimao.meb.k12.tr,,,https://zubeydehanimao.meb.k12.tr/tema/harita.php,2026-08-31,116,116,bulundu,https://zubeydehanimao.meb.k12.tr/,2026-10-01T18:56:29.226069+00:00,,Öğrenci Sayısı : 116
Kayseri,Yeşilhisar,Çadırkaya İlkokulu,705935,İlkokul,https://cadirkayaio.meb.k12.tr,,,https://cadirkayaio.meb.k12.tr/tema/harita.php,2026-08-31,10,10,bulundu,https://cadirkayaio.meb.k12.tr/,2026-10-01T18:56:29.251260+00:00,,Öğrenci Sayısı: 10
Kayseri,Yeşilhisar,Şehit Ahmet Ziya Çaydaşı İlkokulu,724527,İlkokul,https://kovalio.meb.k12.tr,,,https://kovalio.meb.k12.tr/tema/harita.php,2026-08-31,30,30,bulundu,https://kovalio.meb.k12.tr/,2026-10-01T18:56:29.258381+00:00,,Öğrenci Sayısı 30
Kayseri,Yeşilhisar,Şehit Kübra Doğanay Fen Lisesi,761534,Fen Lisesi,https://sehitkubradoganayfenlisesi.meb.k12.tr,,,https://sehitkubradoganayfenlisesi.meb.k12.tr/tema/harita.php,2026-08-31,218,218,bulundu,https://sehitkubradoganayfenlisesi.meb.k12.tr/tema/okulumuz_hakkinda.php,2026-10-01T18:56:29.280040+00:00,,Öğrenci : 218
Kayseri,Yeşilhisar,Şehit Mehmet Güngördü İmam Hatip Ortaokulu,761847,İmam Hatip Ortaokulu,https://yesilhisariho.meb.k12.tr,,,https://yesilhisariho.meb.k12.tr/tema/harita.php,2026-08-31,226,226,bulundu,https://yesilhisariho.meb.k12.tr/,2026-10-01T18:56:29.313795+00:00,,Öğrenci Sayısı : 226
Kayseri,Özvatan,Atatürk Ortaokulu,718540,Ortaokul,https://ozvatanataturkoo.meb.k12.tr,,,https://ozvatanataturkoo.meb.k12.tr/tema/harita.php,2026-08-31,64,64,bulundu,https://ozvatanataturkoo.meb.k12.tr/,2026-10-01T18:56:29.639260+00:00,,Öğrenci Sayısı : 64
Kayseri,Özvatan,Atatürk İlkokulu,718469,İlkokul,https://ozvatanataturkio.meb.k12.tr,,,https://ozvatanataturkio.meb.k12.tr/tema/harita.php,2026-08-31,77,77,bulundu,https://ozvatanataturkio.meb.k12.tr/,2026-10-01T18:56:29.654793+00:00,,Öğrenci Sayısı : 77
Kayseri,Özvatan,Duran Yangın Anadolu İmam Hatip Lisesi,365600,Anadolu İmam Hatip Lisesi,https://duranyanginaihl.meb.k12.tr,,,https://duranyanginaihl.meb.k12.tr/tema/harita.php,2026-08-31,8,8,bulundu,https://duranyanginaihl.meb.k12.tr/,2026-10-01T18:56:29.676581+00:00,,Öğrenci Sayısı : 8
Kayseri,Özvatan,Özvatan Halk Eğitimi Merkezi,266295,Halk Eğitimi Merkezi,https://ozvatanhem.meb.k12.tr,,,https://ozvatanhem.meb.k12.tr/tema/harita.php,2026-08-31,,,bulunamadi,,2026-10-01T18:56:29.744839+00:00,,
Kayseri,Özvatan,Özvatan Çok Programlı Anadolu Lisesi,966023,Çok Programlı Anadolu Lisesi,https://ozvatancpal.meb.k12.tr,,,https://ozvatancpal.meb.k12.tr/tema/harita.php,2026-08-31,49,49,bulundu,https://ozvatancpal.meb.k12.tr/tema/okulumuz_hakkinda.php,2026-10-01T18:56:29.807921+00:00,,Öğrenci : 49
Kayseri,İncesu,Atatürk İlkokulu,592298,İlkokul,https://incesuataturk.meb.k12.tr,,,https://incesuataturk.meb.k12.tr/tema/harita.php,2026-08-31,,,bulunamadi,,2026-10-01T18:56:29.846509+00:00,,
Kayseri,İncesu,Ayfer İsmail Şahbaz Ortaokulu,700679,Ortaokul,https://ayferismailsahbaz.meb.k12.tr,,,https://ayferismailsahbaz.meb.k12.tr/tema/harita.php,2026-08-31,,,bulunamadi,,2026-10-01T18:56:29.847793+00:00,,
Kayseri,İncesu,Ertuğrul Gazi Anaokulu,892779,Anaokulu,https://incesuertugrulgazianaokulu.meb.k12.tr,,,https://incesuertugrulgazianaokulu.meb.k12.tr/tema/harita.php,2026-08-31,121,121,bulundu,https://incesuertugrulgazianaokulu.meb.k12.tr/,2026-10-01T18:56:30.125031+00:00,,Öğrenci Sayısı: 121
Kayseri,İncesu,Fatih Sultan Mehmet İlkokulu,762626,İlkokul,https://fatihsultanmehmetio.meb.k12.tr,,,https://fatihsultanmehmetio.meb.k12.tr/tema/harita.php,2026-08-31,86,86,bulundu,https://fatihsultanmehmetio.meb.k12.tr/tema/okulumuz_hakkinda.php,2026-10-01T18:56:30.216842+00:00,,Öğrenci : 86