Kütahya,Merkez,Kütahya Akşemsettin Kız Anadolu İmam Hatip Lisesi,972364,Anadolu İmam Hatip Lisesi,https://aksemsettinaihl.meb.k12.tr,,,https://aksemsettinaihl.meb.k12.tr/tema/harita.php,2026-08-31,658,658,bulundu,https://aksemsettinaihl.meb.k12.tr/,2026-10-01T19:00:43.808203+00:00,,Öğrenci Sayısı : 658
Kütahya,Merkez,Kütahya Anadolu İmam Hatip Lisesi,748815,Anadolu İmam Hatip Lisesi,https://kutahyaaihl.meb.k12.tr,,,https://kutahyaaihl.meb.k12.tr/tema/harita.php,2026-08-31,390,390,bulundu,https://kutahyaaihl.meb.k12.tr/,2026-10-01T19:00:43.813114+00:00,,Öğrenci Sayısı : 390
Kütahya,Merkez,Kütahya Bilim ve Sanat Merkezi,969725,Bilim ve Sanat Merkezi,https://kutahyabilsem.meb.k12.tr,,,https://kutahyabilsem.meb.k12.tr/tema/harita.php,2026-08-31,652,652,bulundu,https://kutahyabilsem.meb.k12.tr/,2026-10-01T19:00:43.918358+00:00,,Öğrenci Sayısı : 652
Kütahya,Merkez,Kütahya Borsa İstanbul Anadolu Lisesi,764974,Anadolu Lisesi,https://kutahyaborsaistanbulal.meb.k12.tr,,,https://kutahyaborsaistanbulal.meb.k12.tr/tema/harita.php,2026-08-31,194,194,bulundu,https://kutahyaborsaistanbulal.meb.k12.tr/,2026-10-01T19:00:44.063062+00:00,,Öğrenci Sayısı : 194
Kütahya,Merkez,Kütahya Halk Eğitimi Merkezi,178630,Halk Eğitimi Merkezi,https://kutahyahem.meb.k12.tr,,,https://kutahyahem.meb.k12.tr/tema/harita.php,2026-08-31,,,bulunamadi,,2026-10-01T19:00:44.069958+00:00,,
Kütahya,Merkez,Kütahya Kız Anadolu İmam Hatip Lisesi,764914,Anadolu İmam Hatip Lisesi,https://kizanadoluihl43.meb.k12.tr,,,https://kizanadoluihl43.meb.k12.tr/tema/harita.php,2026-08-31,395,395,bulundu,https://kizanadoluihl43.meb.k12.tr/,2026-10-01T19:00:44.096016+00:00,,Öğrenci Sayısı 395
Kütahya,Merkez,Kütahya Lisesi,970977,Lise,https://kutahyalisesi.meb.k12.tr,,,https://kutahyalisesi.meb.k12.tr/tema/harita.php,2026-08-31,234,234,bulundu,https://kutahyalisesi.meb.k12.tr/,2026-10-01T19:00:44.186571+00:00,,Öğrenci Sayısı 234
Kütahya,Merkez,Kütahya Mesleki Eğitim Merkezi,178642,Mesleki Eğitim Merkezi,https://kutahyamesem.meb.k12.tr,,,https://kutahyamesem.meb.k12.tr/tema/harita.php,2026-08-31,1929,1929,bulundu,https://kutahyamesem.meb.k12.tr/,2026-10-01T19:00:44.211418+00:00,,Öğrenci Sayısı : 1929
Kütahya,Merkez,Kütahya Mesleki ve Teknik Anadolu Lisesi,178595,Mesleki ve Teknik Anadolu Lisesi,https://kutahyamtal.meb.k12.tr,,,https://kutahyamtal.meb.k12.tr/tema/harita.php,2026-08-31,565,565,bulundu,https://kutahyamtal.meb.k12.tr/,2026-10-01T19:00:44.279859+00:00,,Öğrenci Sayısı : 565
Kütahya,Merkez,Kütahya Nafi Güral Fen Lisesi,326665,Fen Lisesi,https://ngfl.meb.k12.tr,,,https://ngfl.meb.k12.tr/tema/harita.php,2026-08-31,367,367,bulundu,https://ngfl.meb.k12.tr/,2026-10-01T19:00:44.612377+00:00,,Öğrenci Sayısı : 367
Kütahya,Merkez,Kütahya Olgunlaşma Enstitüsü,761541,Olgunlaşma Enstitüsü,https://kutahyaolgunlasma.meb.k12.tr,,,https://kutahyaolgunlasma.meb.k12.tr/tema/harita.php,2026-08-31,,,bulunamadi,,2026-10-01T19:00:44.691157+00:00,,
Kütahya,Merkez,Kütahya Rehberlik ve Araştırma Merkezi,178654,Rehberlik ve Araştırma Merkezi,https://kutahyaram.meb.k12.tr,,,https://kutahyaram.meb.k12.tr/tema/harita.php,2026-08-31,,,bulunamadi,,2026-10-01T19:00:44.822838+00:00,,
Kütahya,Merkez,Kütahya Spor Lisesi,973164,Spor Lisesi,https://kutahyasporlisesi.meb.k12.tr,,,https://kutahyasporlisesi.meb.k12.tr/tema/harita.php,2026-08-31,285,285,bulundu,https://kutahyasporlisesi.meb.k12.tr/tema/okulumuz_hakkinda.php,2026-10-01T19:00:44.853126+00:00,,Öğrenci : 285
Kütahya,Merkez,Kütahya Spor Ortaokulu,776357,Ortaokul,https://776357.meb.k12.tr,,,https://776357.meb.k12.tr/tema/harita.php,2026-08-31,,,bulunamadi,,2026-10-01T19:00:44.882425+00:00,,
Kütahya,Merkez,Kütahya Ticaret ve Sanayi Odası Mesleki ve Teknik Anadolu Lisesi,749516,Mesleki ve Teknik Anadolu Lisesi,https://kutsomtal.meb.k12.tr,,,https://kutsomtal.meb.k12.tr/tema/harita.php,2026-08-31,605,605,bulundu,https://kutsomtal.meb.k12.tr/,2026-10-01T19:00:44.887208+00:00,,Öğrenci Sayısı : 605
Kütahya,Merkez,Kütahya Özel Eğitim Anaokulu,765864,Anaokulu,https://kutahyaozelegitimanaokulu.meb.k12.tr,,,https://kutahyaozelegitimanaokulu.meb.k12.tr/tema/harita.php,2026-08-31,39,39,bulundu,https://kutahyaozelegitimanaokulu.meb.k12.tr/,2026-10-01T19:00:44.914117+00:00,,Öğrenci Sayısı: 39
Kütahya,Merkez,Kütahya Özel Eğitim Uygulama Okulu III. Kademe,747819,Özel Eğitim Kurumu,https://kutahyaozelegitim.meb.k12.tr,,,https://kutahyaozelegitim.meb.k12.tr/tema/harita.php,2026-08-31,27,27,bulundu,https://kutahyaozelegitim.meb.k12.tr/,2026-10-01T19:00:44.985434+00:00,,Öğrenci Sayısı : 27
Kütahya,Merkez,Kütahya Öğretmenevi ve Akşam Sanat Okulu,971291,Öğretmenevi,https://kutahyaogretmeneviaso.meb.k12.tr,,,https://kutahyaogretmeneviaso.meb.k12.tr/tema/harita.php,2026-08-31,,,bulunamadi,,2026-10-01T19:00:45.009931+00:00,,
Kütahya,Merkez,Kılıçarslan Anadolu Lisesi,964119,Anadolu Lisesi,https://kilicarslananadolulisesi43.meb.k12.tr,,,https://kilicarslananadolulisesi43.meb.k12.tr/tema/harita.php,2026-08-31,605,605,bulundu,https://kilicarslananadolulisesi43.meb.k12.tr/,2026-10-01T19:00:45.036938+00:00,,Öğrenci Sayısı 605
Kütahya,Merkez,Kırklar Kız Anadolu İmam Hatip Lisesi,752282,Anadolu İmam Hatip Lisesi,https://kirklarkizanadoluihl.meb.k12.tr,,,https://kirklarkizanadoluihl.meb.k12.tr/tema/harita.php,2026-08-31,71,71,bulundu,https://kirklarkizanadoluihl.meb.k12.tr/,2026-10-01T19:00:45.070145+00:00,,Öğrenci Sayısı 71
Kütahya,Merkez,Kızılcaören Ortaokulu,717586,Ortaokul,https://kizilcaorenortaokulu.meb.k12.tr,,,https://kizilcaorenortaokulu.meb.k12.tr/tema/harita.php,2026-08-31,88,88,bulundu,https://kizilcaorenortaokulu.meb.k12.tr/,2026-10-01T19:00:45.161805+00:00,,Öğrenci Sayısı 88
Kütahya,Merkez,Kızılcaören İlkokulu,717595,İlkokul,https://kizilcaorenilkokulu.meb.k12.tr,,,https://kizilcaorenilkokulu.meb.k12.tr/tema/harita.php,2026-08-31,58,58,bulundu,https://kizilcaorenilkokulu.meb.k12.tr/,2026-10-01T19:00:45.205828+00:00,,Öğrenci Sayısı 58
Kütahya,Merkez,Lala Hüseyin Paşa İlkokulu,710222,İlkokul,https://lalahuseyinpasa.meb.k12.tr,,,https://lalahuseyinpasa.meb.k12.tr/tema/harita.php,2026-08-31,73,73,bulundu,https://lalahuseyinpasa.meb.k12.tr/,2026-10-01T19:00:45.286731+00:00,,Öğrenci Sayısı : 73
Kütahya,Merkez,Linyit Ortaokulu,717824,Ortaokul,https://linyitortaokulu.meb.k12.tr,,,https://linyitortaokulu.meb.k12.tr/tema/harita.php,2026-08-31,673,673,bulundu,https://linyitortaokulu.meb.k12.tr/,2026-10-01T19:00:45.391526+00:00,,Öğrenci Sayısı 673
Kütahya,Merkez,Linyit İlkokulu,425110,İlkokul,https://linyitilkokulu.meb.k12.tr,,,https://linyitilkokulu.meb.k12.tr/tema/harita.php,2026-08-31,429,429,bulundu,https://linyitilkokulu.meb.k12.tr/,2026-10-01T19:00:45.424267+00:00,,Öğrenci Sayısı : 429
Kütahya,Merkez,Mehmet Akif Ersoy İlkokulu,887999,İlkokul,https://kutahyamehmetakifersoyilkokulu.meb.k12.tr,,,https://kutahyamehmetakifersoyilkokulu.meb.k12.tr/tema/harita.php,2026-08-31,398,398,bulundu,https://kutahyamehmetakifersoyilkokulu.meb.k12.tr/,2026-10-01T19:00:45.442612+00:00,,Öğrenci Sayısı : 398
Kütahya,Merkez,Mehmet Akif İnan Ortaokulu,717005,Ortaokul,https://akifinanortaokulum.meb.k12.tr,,,https://akifinanortaokulum.meb.k12.tr/tema/harita.php,2026-08-31,412,412,bulundu,https://akifinanortaokulum.meb.k12.tr/,2026-10-01T19:00:45.525180+00:00,,Öğrenci Sayısı : 412
Kütahya,Merkez,Mehmet Çini İlkokulu,710245,İlkokul,https://mehmetciniilkokulu.meb.k12.tr,,,https://mehmetciniilkokulu.meb.k12.tr/tema/harita.php,2026-08-31,219,219,bulundu,https://mehmetciniilkokulu.meb.k12.tr/,2026-10-01T19:00:45.559415+00:00,,Öğrenci Sayısı 219
Kütahya,Merkez,Mehmetcik İlkokulu,710254,İlkokul,https://kutahyamehmetcikilkokulu.meb.k12.tr,,,https://kutahyamehmetcikilkokulu.meb.k12.tr/tema/harita.php,2026-08-31,10,10,bulundu,https://kutahyamehmetcikilkokulu.meb.k12.tr/,2026-10-01T19:00:45.715008+00:00,,Öğrenci Sayısı: 10
Kütahya,Merkez,Milli Egemenlik Ortaokulu,710268,Ortaokul,https://milliegemenlik43.meb.k12.tr,,,https://milliegemenlik43.meb.k12.tr/tema/harita.php,2026-08-31,,,bulunamadi,,2026-10-01T19:00:45.776296+00:00,,
Kütahya,Merkez,Millî Eğitim Vakfı Halime Erkan İlkokulu,770254,İlkokul,https://mevhalimeerkanio.meb.k12.tr,,,https://mevhalimeerkanio.meb.k12.tr/tema/harita.php,2026-08-31,298,298,bulundu,https://mevhalimeerkanio.meb.k12.tr/,2026-10-01T19:00:46.096190+00:00,,Öğrenci Sayısı : 298
Kütahya,Merkez,Mimar Sinan Ortaokulu,716078,Ortaokul,https://mimarsinanortaokulu.meb.k12.tr,,,https://mimarsinanortaokulu.meb.k12.tr/tema/harita.php,2026-08-31,,,bulunamadi,,2026-10-01T19:00:46.224087+00:00,,
Kütahya,Merkez,Necip Fazıl Kısakürek Anadolu Lisesi,244336,Anadolu Lisesi,https://kutahyanecipfazil.meb.k12.tr,,,https://kutahyanecipfazil.meb.k12.tr/tema/harita.php,2026-08-31,488,488,bulundu,https://kutahyanecipfazil.meb.k12.tr/tema/okulumuz_hakkinda.php,2026-10-01T19:00:46.239485+00:00,,Öğrenci : 488
Kütahya,Merkez,Nesrin Güral Anaokulu,774895,Anaokulu,https://nesringuralanaokulu.meb.k12.tr,,,https://nesringuralanaokulu.meb.k12.tr/tema/harita.php,2026-08-31,391,391,bulundu,https://nesringuralanaokulu.meb.k12.tr/,2026-10-01T19:00:46.269796+00:00,,Öğrenci Sayısı 391
Kütahya,Merkez,Orgeneral Asım Gündüz İlkokulu,887479,İlkokul,https://orgeneralasimgunduz43.meb.k12.tr,,,https://orgeneralasimgunduz43.meb.k12.tr/tema/harita.php,2026-08-31,511,511,bulundu,https://orgeneralasimgunduz43.meb.k12.tr/,2026-10-01T19:00:46.635120+00:00,,Öğrenci Sayısı 511
Kütahya,Merkez,Parmakören Ortaokulu,717900,Ortaokul,https://parmakorenortaokulu.meb.k12.tr,,,https://parmakorenortaokulu.meb.k12.tr/tema/harita.php,2026-08-31,49,49,bulundu,https://parmakorenortaokulu.meb.k12.tr/,2026-10-01T19:00:46.660535+00:00,,Öğrenci Sayısı : 49
Kütahya,Merkez,Parmakören İlkokulu,717893,İlkokul,https://parmakorenilkokulu.meb.k12.tr,,,https://parmakorenilkokulu.meb.k12.tr/tema/harita.php,2026-08-31,57,57,bulundu,https://parmakorenilkokulu.meb.k12.tr/tema/okulumuz_hakkinda.php,2026-10-01T19:00:46.665817+00:00,,Öğrenci : 57
Kütahya,Merkez,Perli İlkokulu,710286,İlkokul,https://perliilkokulu.meb.k12.tr,,,https://perliilkokulu.meb.k12.tr/tema/harita.php,2026-08-31,,,bulunamadi,,2026-10-01T19:00:46.697839+00:00,,
Kütahya,Merkez,Prof. Dr. Necmettin Erbakan Mesleki ve Teknik Anadolu Lisesi,763734,Mesleki ve Teknik Anadolu Lisesi,https://necmettinerbakanmtal43.meb.k12.tr,,,https://necmettinerbakanmtal43.meb.k12.tr/tema/harita.php,2026-08-31,477,477,bulundu,https://necmettinerbakanmtal43.meb.k12.tr/,2026-10-01T19:00:46.737479+00:00,,Öğrenci Sayısı 477
Kütahya,Merkez,Prof. Dr. Nurettin Uzunoğlu Anadolu İmam Hatip Lisesi,178629,Anadolu İmam Hatip Lisesi,https://kutahyaihlaihl.meb.k12.tr,,,https://kutahyaihlaihl.meb.k12.tr/tema/harita.php,2026-08-31,,,bulunamadi,,2026-10-01T19:00:46.799892+00:00,,
Kütahya,Merkez,Rabia Hatun Anaokulu,775950,Anaokulu,https://rabiahatunanaokulu.meb.k12.tr,,,https://rabiahatunanaokulu.meb.k12.tr/tema/harita.php,2026-08-31,73,73,bulundu,https://rabiahatunanaokulu.meb.k12.tr/,2026-10-01T19:00:46.803311+00:00,,Öğrenci Sayısı: 73
Kütahya,Merkez,Saka Ortaokulu,718262,Ortaokul,https://sakaoo.meb.k12.tr,,,https://sakaoo.meb.k12.tr/tema/harita.php,2026-08-31,87,87,bulundu,https://sakaoo.meb.k12.tr/,2026-10-01T19:00:47.106655+00:00,,Öğrenci Sayısı 87
Kütahya,Merkez,Saka İlkokulu,718255,İlkokul,https://sakaio.meb.k12.tr,,,https://sakaio.meb.k12.tr/tema/harita.php,2026-08-31,67,67,bulundu,https://sakaio.meb.k12.tr/,2026-10-01T19:00:47.156298+00:00,,Öğrenci Sayısı 67
Kütahya,Merkez,Sevgi Denizi Özel Eğitim Uygulama Okulu I. Kademe,747494,Özel Eğitim Kurumu,https://sevgidenizi.meb.k12.tr,,,https://sevgidenizi.meb.k12.tr/tema/harita.php,2026-08-31,24,24,bulundu,https://sevgidenizi.meb.k12.tr/,2026-10-01T19:00:47.173957+00:00,,Öğrenci Sayısı : 24
Kütahya,Merkez,Sevgi Denizi Özel Eğitim Uygulama Okulu II. Kademe,747546,Özel Eğitim Kurumu,https://sevgidenizi-ii.meb.k12.tr,,,https://sevgidenizi-ii.meb.k12.tr/tema/harita.php,2026-08-31,1,1,bulundu,https://sevgidenizi-ii.meb.k12.tr/,2026-10-01T19:00:47.226492+00:00,,Öğrenci Sayısı : 1
Kütahya,Merkez,Sevin Akdoğan İlkokulu,332048,İlkokul,https://cdsevinakdoganio.meb.k12.tr,,,https://cdsevinakdoganio.meb.k12.tr/tema/harita.php,2026-08-31,320,320,bulundu,https://cdsevinakdoganio.meb.k12.tr/,2026-10-01T19:00:47.290333+00:00,,Öğrenci Sayısı 320
Kütahya,Merkez,Seyitömer Ortaokulu,718369,Ortaokul,https://seyitomerortaokulu.meb.k12.tr,,,https://seyitomerortaokulu.meb.k12.tr/tema/harita.php,2026-08-31,87,87,bulundu,https://seyitomerortaokulu.meb.k12.tr/,2026-10-01T19:00:47.401779+00:00,,Öğrenci Sayısı 87
Kütahya,Merkez,Seyitömer Çok Programlı Anadolu Lisesi,878900,Çok Programlı Anadolu Lisesi,https://seyitomercpl.meb.k12.tr,,,https://seyitomercpl.meb.k12.tr/tema/harita.php,2026-08-31,62,62,bulundu,https://seyitomercpl.meb.k12.tr/,2026-10-01T19:00:47.618251+00:00,,Öğrenci Sayısı : 62
Kütahya,Merkez,Seyitömer İlkokulu,718360,İlkokul,https://seyitomerilkokulu.meb.k12.tr,,,https://seyitomerilkokulu.meb.k12.tr/tema/harita.php,2026-08-31,54,54,bulundu,https://seyitomerilkokulu.meb.k12.tr/,2026-10-01T19:00:47.626148+00:00,,Öğrenci Sayısı 54
Kütahya,Merkez,Sırören Ortaokulu,719533,Ortaokul,https://sirorenortaokulu.meb.k12.tr,,,https://sirorenortaokulu.meb.k12.tr/tema/harita.php,2026-08-31,27,27,bulundu,https://sirorenortaokulu.meb.k12.tr/,2026-10-01T19:00:47.645807+00:00,,Öğrenci Sayısı : 27
Kütahya,Merkez,Sırören İlkokulu,719523,İlkokul,https://sirorenilkokulu.meb.k12.tr,,,https://sirorenilkokulu.meb.k12.tr/tema/harita.php,2026-08-31,43,43,bulundu,https://sirorenilkokulu.meb.k12.tr/,2026-10-01T19:00:47.788983+00:00,,Öğrenci Sayısı 43
Kütahya,Merkez,TOBB Kütahya OSB Mesleki ve Teknik Anadolu Lisesi,769535,Mesleki ve Teknik Anadolu Lisesi,https://tobbkutahya.meb.k12.tr,,,https://tobbkutahya.meb.k12.tr/tema/harita.php,2026-08-31,361,361,bulundu,https://tobbkutahya.meb.k12.tr/,2026-10-01T19:00:47.872435+00:00,,Öğrenci Sayısı : 361
Kütahya,Merkez,Tenzile Erdoğan Ortaokulu,776748,Ortaokul,https://776748.meb.k12.tr,,,https://776748.meb.k12.tr/tema/harita.php,2026-08-31,230,230,bulundu,https://776748.meb.k12.tr/tema/okulumuz_hakkinda.php,2026-10-01T19:00:48.161264+00:00,,Öğrenci : 230
Kütahya,Merkez,Tenzile Erdoğan İlkokulu,776515,İlkokul,https://tenzileerdoganilkokulu.meb.k12.tr,,,https://tenzileerdoganilkokulu.meb.k12.tr/tema/harita.php,2026-08-31,349,349,bulundu,https://tenzileerdoganilkokulu.meb.k12.tr/,2026-10-01T19:00:48.220335+00:00,,Öğrenci Sayısı : 349
Kütahya,Merkez,Tepeköy İlkokulu,242183,İlkokul,https://tepekoyilkokulu43.meb.k12.tr,,,https://tepekoyilkokulu43.meb.k12.tr/tema/harita.php,2026-08-31,17,17,bulundu,https://tepekoyilkokulu43.meb.k12.tr/,2026-10-01T19:00:48.281672+00:00,,Öğrenci Sayısı: 17
Kütahya,Merkez,Ticaret Borsası Bölcek Ortaokulu,719885,Ortaokul,https://blckortaokulu.meb.k12.tr,,,https://blckortaokulu.meb.k12.tr/tema/harita.php,2026-08-31,89,89,bulundu,https://blckortaokulu.meb.k12.tr/,2026-10-01T19:00:48.348510+00:00,,Öğrenci Sayısı : 89
Kütahya,Merkez,Ticaret Borsası Bölcek İlkokulu,719869,İlkokul,https://blckilkokulu.meb.k12.tr,,,https://blckilkokulu.meb.k12.tr/tema/harita.php,2026-08-31,103,103,bulundu,https://blckilkokulu.meb.k12.tr/,2026-10-01T19:00:48.412885+00:00,,Öğrenci Sayısı : 103
Kütahya,Merkez,Ticaret ve Sanayi Odası Anaokulu,965359,Anaokulu,https://kutsoanaokulu.meb.k12.tr,,,https://kutsoanaokulu.meb.k12.tr/tema/harita.php,2026-08-31,115,115,bulundu,https://kutsoanaokulu.meb.k12.tr/,2026-10-01T19:00:48.419762+00:00,,Öğrenci Sayısı 115
Kütahya,Merkez,Toplu Konut İdaresi Anaokulu,972389,Anaokulu,https://tokianaokulu.meb.k12.tr,,,https://tokianaokulu.meb.k12.tr/tema/harita.php,2026-08-31,118,118,bulundu,https://tokianaokulu.meb.k12.tr/,2026-10-01T19:00:48.498027+00:00,,Öğrenci Sayısı 118
Kütahya,Merkez,Turgut Özal İlkokulu,766116,İlkokul,https://kutahyaturgutozal.meb.k12.tr,,,https://kutahyaturgutozal.meb.k12.tr/tema/harita.php,2026-08-31,,,bulunamadi,,2026-10-01T19:00:48.500740+00:00,,
Kütahya,Merkez,Vakıfbank Ortaokulu,862471,Ortaokul,https://vakifbank.meb.k12.tr,,,https://vakifbank.meb.k12.tr/tema/harita.php,2026-08-31,85,85,bulundu,https://vakifbank.meb.k12.tr/,2026-10-01T19:00:48.732907+00:00,,Öğrenci Sayısı : 85
Kütahya,Merkez,Vakıfbank İlkokulu,721046,İlkokul,https://vakifbankilk.meb.k12.tr,,,https://vakifbankilk.meb.k12.tr/tema/harita.php,2026-08-31,103,103,bulundu,https://vakifbankilk.meb.k12.tr/,2026-10-01T19:00:48.738828+00:00,,Öğrenci Sayısı : 103
Kütahya,Merkez,Yavuz Sultan Selim Özel Eğitim Uygulama Okulu I. Kademe,747142,Özel Eğitim Kurumu,https://yavuzsultanselimozelegitim.meb.k12.tr,,,https://yavuzsultanselimozelegitim.meb.k12.tr/tema/harita.php,2026-08-31,37,37,bulundu,https://yavuzsultanselimozelegitim.meb.k12.tr/,2026-10-01T19:00:48.915391+00:00,,Öğrenci Sayısı 37
Kütahya,Merkez,Yavuz Sultan Selim Özel Eğitim Uygulama Okulu II. Kademe,308226,Özel Eğitim Kurumu,https://yss2.meb.k12.tr,,,https://yss2.meb.k12.tr/tema/harita.php,2026-08-31,28,28,bulundu,https://yss2.meb.k12.tr/,2026-10-01T19:00:49.168355+00:00,,Öğrenci Sayısı 28
Kütahya,Merkez,Yavuz Sultan Selim Özel Eğitim Uygulama Okulu III. Kademe,748070,Özel Eğitim Kurumu,https://yavuzsultanselim3.meb.k12.tr,,,https://yavuzsultanselim3.meb.k12.tr/tema/harita.php,2026-08-31,27,27,bulundu,https://yavuzsultanselim3.meb.k12.tr/,2026-10-01T19:00:49.187363+00:00,,Öğrenci Sayısı 27
Kütahya,Merkez,Yenice İlkokulu,710399,İlkokul,https://merkezyenice.meb.k12.tr,,,https://merkezyenice.meb.k12.tr/tema/harita.php,2026-08-31,10,10,bulundu,https://merkezyenice.meb.k12.tr/,2026-10-01T19:00:49.200174+00:00,,Öğrenci Sayısı: 10
Kütahya,Merkez,Yenidoğan İlkokulu,710411,İlkokul,https://yenidoganio43.meb.k12.tr,,,https://yenidoganio43.meb.k12.tr/tema/harita.php,2026-08-31,328,328,bulundu,https://yenidoganio43.meb.k12.tr/,2026-10-01T19:00:49.200863+00:00,,Öğrenci Sayısı : 328
Kütahya,Merkez,Yoncalı Turizm Mesleki ve Teknik Anadolu Lisesi,749779,Mesleki ve Teknik Anadolu Lisesi,https://yoncali.meb.k12.tr,,,https://yoncali.meb.k12.tr/tema/harita.php,2026-08-31,321,321,bulundu,https://yoncali.meb.k12.tr/,2026-10-01T19:00:49.283289+00:00,,Öğrenci Sayısı 321
Kütahya,Merkez,Yunus Emre Anaokulu,773270,Anaokulu,https://kutahyayunusemreanaokulu.meb.k12.tr,,,https://kutahyayunusemreanaokulu.meb.k12.tr/tema/harita.php,2026-08-31,100,100,bulundu,https://kutahyayunusemreanaokulu.meb.k12.tr/,2026-10-01T19:00:49.705987+00:00,,Öğrenci Sayısı 100
Kütahya,Merkez,Yunus Emre Ortaokulu,721338,Ortaokul,https://kutahyayunusemreortaokulu.meb.k12.tr,,,https://kutahyayunusemreortaokulu.meb.k12.tr/tema/harita.php,2026-08-31,220,220,bulundu,https://kutahyayunusemreortaokulu.meb.k12.tr/,2026-10-01T19:00:49.755504+00:00,,Öğrenci Sayısı : 220
Kütahya,Merkez,Yunus Emre İlkokulu,721332,İlkokul,https://kutahyayunusemreilkokulu.meb.k12.tr,,,https://kutahyayunusemreilkokulu.meb.k12.tr/tema/harita.php,2026-08-31,398,398,bulundu,https://kutahyayunusemreilkokulu.meb.k12.tr/,2026-10-01T19:00:49.860119+00:00,,Öğrenci Sayısı : 398
Kütahya,Merkez,Yıldırım Beyazıt İlkokulu,710428,İlkokul,https://yildirimbeyazitilkokulu43.meb.k12.tr,,,https://yildirimbeyazitilkokulu43.meb.k12.tr/tema/harita.php,2026-08-31,408,408,bulundu,https://yildirimbeyazitilkokulu43.meb.k12.tr/,2026-10-01T19:00:49.875287+00:00,,Öğrenci Sayısı : 408
Kütahya,Merkez,Yıldız Entegre Anaokulu,972359,Anaokulu,https://yildizentegreanaokulu.meb.k12.tr,,,https://yildizentegreanaokulu.meb.k12.tr/tema/harita.php,2026-08-31,10,10,bulundu,https://yildizentegreanaokulu.meb.k12.tr/,2026-10-01T19:00:50.188464+00:00,,Öğrenci Sayısı 10
Kütahya,Merkez,Zafertepe Ortaokulu,720314,Ortaokul,https://zafertepeortaokulu.meb.k12.tr,,,https://zafertepeortaokulu.meb.k12.tr/tema/harita.php,2026-08-31,598,598,bulundu,https://zafertepeortaokulu.meb.k12.tr/,2026-10-01T19:00:50.258879+00:00,,Öğrenci Sayısı : 598
Kütahya,Merkez,Zübeyde Hanım Anaokulu,964549,Anaokulu,https://zubeydehanim43.meb.k12.tr,,,https://zubeydehanim43.meb.k12.tr/tema/harita.php,2026-08-31,153,153,bulundu,https://zubeydehanim43.meb.k12.tr/,2026-10-01T19:00:50.364507+00:00,,Öğrenci Sayısı : 153
Kütahya,Merkez,Çamlıca Ortaokulu,729447,Ortaokul,https://camlica-ortaokulu.meb.k12.tr,,,https://camlica-ortaokulu.meb.k12.tr/tema/harita.php,2026-08-31,68,68,bulundu,https://camlica-ortaokulu.meb.k12.tr/,2026-10-01T19:00:50.375655+00:00,,Öğrenci Sayısı : 68
Kütahya,Merkez,Çamlıca İlkokulu,716859,İlkokul,https://camlica-ilkokulu.meb.k12.tr,,,https://camlica-ilkokulu.meb.k12.tr/tema/harita.php,2026-08-31,78,78,bulundu,https://camlica-ilkokulu.meb.k12.tr/,2026-10-01T19:00:50.400911+00:00,,Öğrenci Sayısı 78
Kütahya,Merkez,Çinigar Anaokulu,971615,Anaokulu,https://cinigaranaokulu.meb.k12.tr,,,https://cinigaranaokulu.meb.k12.tr/tema/harita.php,2026-08-31,100,100,bulundu,https://cinigaranaokulu.meb.k12.tr/,2026-10-01T19:00:50.438297+00:00,,Öğrenci Sayısı : 100
Kütahya,Merkez,Çinikent Özel Eğitim Ortaokulu,746952,Ortaokul,https://cinikentozelegitimortaokulu.meb.k12.tr,,,https://cinikentozelegitimortaokulu.meb.k12.tr/tema/harita.php,2026-08-31,107,107,bulundu,https://cinikentozelegitimortaokulu.meb.k12.tr/,2026-10-01T19:00:50.535214+00:00,,Öğrenci Sayısı : 107
Kütahya,Merkez,Çinikent Özel Eğitim İlkokulu,746848,İlkokul,https://cinikentozelegitimilkokulu.meb.k12.tr,,,https://cinikentozelegitimilkokulu.meb.k12.tr/tema/harita.php,2026-08-31,45,45,bulundu,https://cinikentozelegitimilkokulu.meb.k12.tr/,2026-10-01T19:00:50.537787+00:00,,Öğrenci Sayısı : 45
Kütahya,Merkez,Ümran Aygen İlkokulu,720307,İlkokul,https://umranaygenilkokulu.meb.k12.tr,,,https://umranaygenilkokulu.meb.k12.tr/tema/harita.php,2026-08-31,714,714,bulundu,https://umranaygenilkokulu.meb.k12.tr/,2026-10-01T19:00:50.640799+00:00,,Öğrenci Sayısı : 714
Kütahya,Merkez,İnköy Ortaokulu,717433,Ortaokul,https://inkoyortaokulu.meb.k12.tr,,,https://inkoyortaokulu.meb.k12.tr/tema/harita.php,2026-08-31,52,52,bulundu,https://inkoyortaokulu.meb.k12.tr/,2026-10-01T19:00:50.651685+00:00,,Öğrenci Sayısı : 52
Kütahya,Merkez,İnköy İlkokulu,717431,İlkokul,https://inkoyilkokulu.meb.k12.tr,,,https://inkoyilkokulu.meb.k12.tr/tema/harita.php,2026-08-31,59,59,bulundu,https://inkoyilkokulu.meb.k12.tr/,2026-10-01T19:00:50.752559+00:00,,Öğrenci Sayısı : 59
Kütahya,Merkez,İsmet İnönü Ortaokulu,710151,Ortaokul,https://kutahyaismetinonu.meb.k12.tr,,,https://kutahyaismetinonu.meb.k12.tr/tema/harita.php,2026-08-31,306,306,bulundu,https://kutahyaismetinonu.meb.k12.tr/,2026-10-01T19:00:50.807803+00:00,,Öğrenci Sayısı : 306
Kütahya,Merkez,Şehit Muhammed YILMAZ İlkokulu,716926,İlkokul,https://dumlupinarilkokulu43.meb.k12.tr,,,https://dumlupinarilkokulu43.meb.k12.tr/tema/harita.php,2026-08-31,741,741,bulundu,https://dumlupinarilkokulu43.meb.k12.tr/,2026-10-01T19:00:50.888918+00:00,,Öğrenci Sayısı 741
Kütahya,Merkez,Şehit Selim Cansız Anadolu İmam Hatip Lisesi,762209,Anadolu İmam Hatip Lisesi,https://sehitselimcansizaihl.meb.k12.tr,,,https://sehitselimcansizaihl.meb.k12.tr/tema/harita.php,2026-08-31,519,519,bulundu,https://sehitselimcansizaihl.meb.k12.tr/,2026-10-01T19:00:50.961640+00:00,,Öğrenci Sayısı : 519
Kütahya,Merkez,Şehit Selman Çelik İlkokulu,976741,İlkokul,https://sehitselmancelikio.meb.k12.tr,,,https://sehitselmancelikio.meb.k12.tr/tema/harita.php,2026-08-31,279,279,bulundu,https://sehitselmancelikio.meb.k12.tr/tema/okulumuz_hakkinda.php,2026-10-01T19:00:50.998483+00:00,,Öğrenci : 279
Kütahya,Merkez,Şehit Semih AKYILDIZ İlkokulu,719745,İlkokul,https://kutahyasehitsemihakyildizio.meb.k12.tr,,,https://kutahyasehitsemihakyildizio.meb.k12.tr/tema/harita.php,2026-08-31,609,609,bulundu,https://kutahyasehitsemihakyildizio.meb.k12.tr/,2026-10-01T19:00:51.042524+00:00,,Öğrenci Sayısı : 609
Kütahya,Merkez,Şehit Teğmen Ahmet Tarım İlkokulu,716891,İlkokul,https://sehittegmenahmettarim.meb.k12.tr,,,https://sehittegmenahmettarim.meb.k12.tr/tema/harita.php,2026-08-31,46,46,bulundu,https://sehittegmenahmettarim.meb.k12.tr/,2026-10-01T19:00:51.049218+00:00,,Öğrenci Sayısı : 46
Kütahya,Merkez,Şehit Uzman Çavuş Hasan Kahraman Ortaokulu,710444,Ortaokul,https://hasankahraman.meb.k12.tr,,,https://hasankahraman.meb.k12.tr/tema/harita.php,2026-08-31,160,160,bulundu,https://hasankahraman.meb.k12.tr/,2026-10-01T19:00:51.095820+00:00,,Öğrenci Sayısı : 160
Kütahya,Merkez,Şehit Uzman Çavuş Hasan Yaşar İlkokulu,759028,İlkokul,https://sehituzmancavushasanyasar.meb.k12.tr,,,https://sehituzmancavushasanyasar.meb.k12.tr/tema/harita.php,2026-08-31,301,301,bulundu,https://sehituzmancavushasanyasar.meb.k12.tr/,2026-10-01T19:00:51.228618+00:00,,Öğrenci Sayısı 301
Kütahya,Merkez,Şehit Çağlayan Irmak İlkokulu,709901,İlkokul,https://sehitcaglayanirmakilkokulu.meb.k12.tr,,,https://sehitcaglayanirmakilkokulu.meb.k12.tr/tema/harita.php,2026-08-31,520,520,bulundu,https://sehitcaglayanirmakilkokulu.meb.k12.tr/,2026-10-01T19:00:51.316619+00:00,,Öğrenci Sayısı : 520
Kütahya,Merkez,Şehitler Ortaokulu,719758,Ortaokul,https://kutahyasehitlerortaokulu.meb.k12.tr,,,https://kutahyasehitlerortaokulu.meb.k12.tr/tema/harita.php,2026-08-31,784,784,bulundu,https://kutahyasehitlerortaokulu.meb.k12.tr/tema/okulumuz_hakkinda.php,2026-10-01T19:00:51.332207+00:00,,Öğrenci : 784
Kütahya,Merkez,Şeker İlkokulu,853253,İlkokul,https://kutahyasekerilkokulu.meb.k12.tr,,,https://kutahyasekerilkokulu.meb.k12.tr/tema/harita.php,2026-08-31,378,378,bulundu,https://kutahyasekerilkokulu.meb.k12.tr/,2026-10-01T19:00:51.350914+00:00,,Öğrenci Sayısı 378
Kütahya,Merkez,Şule Mete Tetik İmam Hatip Ortaokulu,744904,İmam Hatip Ortaokulu,https://sulemetetetikiho.meb.k12.tr,,,https://sulemetetetikiho.meb.k12.tr/tema/harita.php,2026-08-31,587,587,bulundu,https://sulemetetetikiho.meb.k12.tr/,2026-10-01T19:00:51.520432+00:00,,Öğrenci Sayısı : 587
Kütahya,Pazarlar,Pazarlar Anadolu Lisesi,972734,Anadolu Lisesi,https://pazarlaraol.meb.k12.tr,,,https://pazarlaraol.meb.k12.tr/tema/harita.php,2026-08-31,64,64,bulundu,https://pazarlaraol.meb.k12.tr/,2026-10-01T19:00:51.562510+00:00,,Öğrenci Sayısı : 64
Kütahya,Pazarlar,Pazarlar Anaokulu,973674,Anaokulu,https://pazarlarao.meb.k12.tr,,,https://pazarlarao.meb.k12.tr/tema/harita.php,2026-08-31,37,37,bulundu,https://pazarlarao.meb.k12.tr/,2026-10-01T19:00:51.665857+00:00,,Öğrenci Sayısı: 37
Kütahya,Pazarlar,Pazarlar Halk Eğitimi Merkezi,277721,Halk Eğitimi Merkezi,https://pazarlarhem.meb.k12.tr,,,https://pazarlarhem.meb.k12.tr/tema/harita.php,2026-08-31,,,bulunamadi,,2026-10-01T19:00:51.821871+00:00,,
Kütahya,Pazarlar,Pazarlar Ortaokulu,711733,Ortaokul,https://pazarlaroo.meb.k12.tr,,,https://pazarlaroo.meb.k12.tr/tema/harita.php,2026-08-31,59,59,bulundu,https://pazarlaroo.meb.k12.tr/,2026-10-01T19:00:51.860845+00:00,,Öğrenci Sayısı : 59
Kütahya,Pazarlar,Pazarlar Spor Lisesi,767260,Spor Lisesi,https://pazarlarsporlisesi.meb.k12.tr,,,https://pazarlarsporlisesi.meb.k12.tr/tema/harita.php,2026-08-31,95,95,bulundu,https://pazarlarsporlisesi.meb.k12.tr/,2026-10-01T19:00:51.954472+00:00,,Öğrenci Sayısı : 95
Kütahya,Pazarlar,Pazarlar Öğretmenevi ve Akşam Sanat Okulu,749911,Öğretmenevi,https://pazarlaraso.meb.k12.tr,,,https://pazarlaraso.meb.k12.tr/tema/harita.php,2026-08-31,,,bulunamadi,,2026-10-01T19:00:52.000798+00:00,,
Kütahya,Pazarlar,Pazarlar İlkokulu,711732,İlkokul,https://pazarlarilkokulu.meb.k12.tr,,,https://pazarlarilkokulu.meb.k12.tr/tema/harita.php,2026-08-31,79,79,bulundu,https://pazarlarilkokulu.meb.k12.tr/,2026-10-01T19:00:52.018942+00:00,,Öğrenci Sayısı 79
Kütahya,Pazarlar,Pazarlar İmam Hatip Ortaokulu,763658,İmam Hatip Ortaokulu,https://pazarlariho.meb.k12.tr,,,https://pazarlariho.meb.k12.tr/tema/harita.php,2026-08-31,35,35,bulundu,https://pazarlariho.meb.k12.tr/,2026-10-01T19:00:52.026285+00:00,,Öğrenci Sayısı : 35
Kütahya,Pazarlar,Sofular Ortaokulu,711749,Ortaokul,https://sofularoo.meb.k12.tr,,,https://sofularoo.meb.k12.tr/tema/harita.php,2026-08-31,57,57,bulundu,https://sofularoo.meb.k12.tr/,2026-10-01T19:00:52.135301+00:00,,Öğrenci Sayısı : 57
Kütahya,Pazarlar,Sofular İlkokulu,234489,İlkokul,https://sofulario.meb.k12.tr,,,https://sofulario.meb.k12.tr/tema/harita.php,2026-08-31,45,45,bulundu,https://sofulario.meb.k12.tr/,2026-10-01T19:00:52.277136+00:00,,Öğrenci Sayısı 45
Kütahya,Simav,19 Mayıs İlkokulu,723869,İlkokul,https://simav19mayisio.meb.k12.tr,,,https://simav19mayisio.meb.k12.tr/tema/harita.php,2026-08-31,206,206,bulundu,https://simav19mayisio.meb.k12.tr/,2026-10-01T19:00:52.451451+00:00,,Öğrenci Sayısı : 206
Kütahya,Simav,Akdağ Ortaokulu,749742,Ortaokul,https://simavakdagortaokulu.meb.k12.tr,,,https://simavakdagortaokulu.meb.k12.tr/tema/harita.php,2026-08-31,62,62,bulundu,https://simavakdagortaokulu.meb.k12.tr/,2026-10-01T19:00:52.474349+00:00,,Öğrenci Sayısı : 62
Kütahya,Simav,Akdağ İlkokulu,710603,İlkokul,https://simavakdagilkokulu.meb.k12.tr,,,https://simavakdagilkokulu.meb.k12.tr/tema/harita.php,2026-08-31,91,91,bulundu,https://simavakdagilkokulu.meb.k12.tr/,2026-10-01T19:00:52.532812+00:00,,Öğrenci Sayısı 91
Kütahya,Simav,Atatürk İlkokulu,710588,İlkokul,https://simavataturkilkokulu.meb.k12.tr,,,https://simavataturkilkokulu.meb.k12.tr/tema/harita.php,2026-08-31,728,728,bulundu,https://simavataturkilkokulu.meb.k12.tr/,2026-10-01T19:00:52.860561+00:00,,Öğrenci Sayısı : 728
Kütahya,Simav,Beyce İlkokulu,723935,İlkokul,https://beyceio.meb.k12.tr,,,https://beyceio.meb.k12.tr/tema/harita.php,2026-08-31,96,96,bulundu,https://beyceio.meb.k12.tr/,2026-10-01T19:00:52.918497+00:00,,Öğrenci Sayısı 96
Kütahya,Simav,Beyce Şehit Er Mustafa Nerkis Ortaokulu,723942,Ortaokul,https://beyce.meb.k12.tr,,,https://beyce.meb.k12.tr/tema/harita.php,2026-08-31,78,78,bulundu,https://beyce.meb.k12.tr/,2026-10-01T19:00:53.003185+00:00,,Öğrenci Sayısı 78
Kütahya,Simav,Borsa İstanbul Esenevler Ortaokulu,724216,Ortaokul,https://bistesenevlerortaokulu.meb.k12.tr,,,https://bistesenevlerortaokulu.meb.k12.tr/tema/harita.php,2026-08-31,177,177,bulundu,https://bistesenevlerortaokulu.meb.k12.tr/,2026-10-01T19:00:53.018662+00:00,,Öğrenci Sayısı : 177
Kütahya,Simav,Borsa İstanbul Esenevler İlkokulu,724213,İlkokul,https://bistesenevlerilkokulu.meb.k12.tr,,,https://bistesenevlerilkokulu.meb.k12.tr/tema/harita.php,2026-08-31,157,157,bulundu,https://bistesenevlerilkokulu.meb.k12.tr/,2026-10-01T19:00:53.347439+00:00,,Öğrenci Sayısı : 157
Kütahya,Simav,Darıcı Ortaokulu,724166,Ortaokul,https://daricioo.meb.k12.tr,,,https://daricioo.meb.k12.tr/tema/harita.php,2026-08-31,43,43,bulundu,https://daricioo.meb.k12.tr/tema/okulumuz_hakkinda.php,2026-10-01T19:00:53.413775+00:00,,Öğrenci : 43
Kütahya,Simav,Darıcı İlkokulu,373724,İlkokul,https://dariciio.meb.k12.tr,,,https://dariciio.meb.k12.tr/tema/harita.php,2026-08-31,42,42,bulundu,https://dariciio.meb.k12.tr/tema/okulumuz_hakkinda.php,2026-10-01T19:00:53.460153+00:00,,Öğrenci : 42
Kütahya,Simav,Dağardı Ortaokulu,724121,Ortaokul,https://dagardiortaokulu.meb.k12.tr,,,https://dagardiortaokulu.meb.k12.tr/tema/harita.php,2026-08-31,63,63,bulundu,https://dagardiortaokulu.meb.k12.tr/,2026-10-01T19:00:53.519356+00:00,,Öğrenci Sayısı : 63
Kütahya,Simav,Dağardı İlkokulu,724116,İlkokul,https://dagardiilkokulu.meb.k12.tr,,,https://dagardiilkokulu.meb.k12.tr/tema/harita.php,2026-08-31,59,59,bulundu,https://dagardiilkokulu.meb.k12.tr/,2026-10-01T19:00:53.547209+00:00,,Öğrenci Sayısı : 59
Kütahya,Simav,Demirci Şehit Hüseyin Cankaya İlkokulu,710521,İlkokul,https://simavdemirciilkokulu.meb.k12.tr,,,https://simavdemirciilkokulu.meb.k12.tr/tema/harita.php,2026-08-31,52,52,bulundu,https://simavdemirciilkokulu.meb.k12.tr/,2026-10-01T19:00:53.824697+00:00,,Öğrenci Sayısı : 52
Kütahya,Simav,Dört Eylül Ortaokulu,710543,Ortaokul,https://simavdorteylul.meb.k12.tr,,,https://simavdorteylul.meb.k12.tr/tema/harita.php,2026-08-31,397,397,bulundu,https://simavdorteylul.meb.k12.tr/,2026-10-01T19:00:53.857324+00:00,,Öğrenci Sayısı : 397
Kütahya,Simav,Gülizar Eren Mesleki ve Teknik Anadolu Lisesi,967358,Mesleki ve Teknik Anadolu Lisesi,https://gulizarerenmtal.meb.k12.tr,,,https://gulizarerenmtal.meb.k12.tr/tema/harita.php,2026-08-31,380,380,bulundu,https://gulizarerenmtal.meb.k12.tr/,2026-10-01T19:00:53.862539+00:00,,Öğrenci Sayısı : 380
Kütahya,Simav,Güney Ortaokulu,724255,Ortaokul,https://simavguneyoo.meb.k12.tr,,,https://simavguneyoo.meb.k12.tr/tema/harita.php,2026-08-31,,,bulunamadi,,2026-10-01T19:00:54.008296+00:00,,
Kütahya,Simav,Halil İbrahim Kazcıoğlu Mesleki Eğitim Merkezi,232633,Mesleki Eğitim Merkezi,https://simavmeslekiegitim.meb.k12.tr,,,https://simavmeslekiegitim.meb.k12.tr/tema/harita.php,2026-08-31,369,369,bulundu,https://simavmeslekiegitim.meb.k12.tr/,2026-10-01T19:00:54.127949+00:00,,Öğrenci Sayısı : 369
Kütahya,Simav,Hisarbey Ortaokulu,724284,Ortaokul,https://hisarbeyoo.meb.k12.tr,,,https://hisarbeyoo.meb.k12.tr/tema/harita.php,2026-08-31,57,57,bulundu,https://hisarbeyoo.meb.k12.tr/,2026-10-01T19:00:54.153603+00:00,,Öğrenci Sayısı : 57
Kütahya,Simav,Hisarbey Şehit Uğur Sarıkaya İlkokulu,724281,İlkokul,https://hisarbey.meb.k12.tr,,,https://hisarbey.meb.k12.tr/tema/harita.php,2026-08-31,75,75,bulundu,https://hisarbey.meb.k12.tr/,2026-10-01T19:00:54.160279+00:00,,Öğrenci Sayısı : 75
Kütahya,Simav,Kestel İlkokulu,724338,İlkokul,https://simavkestelilkokulu.meb.k12.tr,,,https://simavkestelilkokulu.meb.k12.tr/tema/harita.php,2026-08-31,39,39,bulundu,https://simavkestelilkokulu.meb.k12.tr/,2026-10-01T19:00:54.210568+00:00,,Öğrenci Sayısı : 39
Kütahya,Simav,Kuşu Nurullah Bayram Ortaokulu,729464,Ortaokul,https://simavkusunbortaokulu.meb.k12.tr,,,https://simavkusunbortaokulu.meb.k12.tr/tema/harita.php,2026-08-31,89,89,bulundu,https://simavkusunbortaokulu.meb.k12.tr/,2026-10-01T19:00:54.397145+00:00,,Öğrenci Sayısı : 89
Kütahya,Simav,Kuşu Nurullah Bayram İlkokulu,724377,İlkokul,https://simavkusunbilkokulu.meb.k12.tr,,,https://simavkusunbilkokulu.meb.k12.tr/tema/harita.php,2026-08-31,64,64,bulundu,https://simavkusunbilkokulu.meb.k12.tr/,2026-10-01T19:00:54.402821+00:00,,Öğrenci Sayısı : 64
Kütahya,Simav,Kuşu Şehit Er Şenayi Akdağ Çok Programlı Anadolu Lisesi,326761,Çok Programlı Anadolu Lisesi,https://kususesacpal.meb.k12.tr,,,https://kususesacpal.meb.k12.tr/tema/harita.php,2026-08-31,66,66,bulundu,https://kususesacpal.meb.k12.tr/,2026-10-01T19:00:54.686548+00:00,,Öğrenci Sayısı : 66
Kütahya,Simav,Naşa Ortaokulu,724408,Ortaokul,https://nasaortaokulu.meb.k12.tr,,,https://nasaortaokulu.meb.k12.tr/tema/harita.php,2026-08-31,42,42,bulundu,https://nasaortaokulu.meb.k12.tr/,2026-10-01T19:00:54.713297+00:00,,Öğrenci Sayısı : 42
Kütahya,Simav,Naşa İlkokulu,724407,İlkokul,https://nasailkokulu.meb.k12.tr,,,https://nasailkokulu.meb.k12.tr/tema/harita.php,2026-08-31,68,68,bulundu,https://nasailkokulu.meb.k12.tr/,2026-10-01T19:00:54.719398+00:00,,Öğrenci Sayısı : 68
Kütahya,Simav,Nurullah Koyuncuoğlu Anadolu Lisesi,264438,Anadolu Lisesi,https://simavnkal.meb.k12.tr,,,https://simavnkal.meb.k12.tr/tema/harita.php,2026-08-31,408,408,bulundu,https://simavnkal.meb.k12.tr/,2026-10-01T19:00:54.735026+00:00,,Öğrenci Sayısı : 408
Kütahya,Simav,Osmanbey Ortaokulu,426857,Ortaokul,https://simavosmanbey.meb.k12.tr,,,https://simavosmanbey.meb.k12.tr/tema/harita.php,2026-08-31,589,589,bulundu,https://simavosmanbey.meb.k12.tr/,2026-10-01T19:00:54.895228+00:00,,Öğrenci Sayısı : 589
Kütahya,Simav,Osmanbey İmam Hatip Ortaokulu,765432,İmam Hatip Ortaokulu,https://simavosmanbeyiho.meb.k12.tr,,,https://simavosmanbeyiho.meb.k12.tr/tema/harita.php,2026-08-31,85,85,bulundu,https://simavosmanbeyiho.meb.k12.tr/,2026-10-01T19:00:54.974594+00:00,,Öğrenci Sayısı : 85
Kütahya,Simav,Simav Anadolu İmam Hatip Lisesi,179540,Anadolu İmam Hatip Lisesi,https://simavihl.meb.k12.tr,,,https://simavihl.meb.k12.tr/tema/harita.php,2026-08-31,124,124,bulundu,https://simavihl.meb.k12.tr/tema/okulumuz_hakkinda.php,2026-10-01T19:00:55.168092+00:00,,Öğrenci : 124
Kütahya,Simav,Simav Bilim ve Sanat Merkezi,768967,Bilim ve Sanat Merkezi,https://simavbilsem.meb.k12.tr,,,https://simavbilsem.meb.k12.tr/tema/harita.php,2026-08-31,71,71,bulundu,https://simavbilsem.meb.k12.tr/,2026-10-01T19:00:55.170993+00:00,,Öğrenci Sayısı : 71
Kütahya,Simav,Simav Cumhuriyet Anadolu Lisesi,972930,Anadolu Lisesi,https://simavcal.meb.k12.tr,,,https://simavcal.meb.k12.tr/tema/harita.php,2026-08-31,158,158,bulundu,https://simavcal.meb.k12.tr/,2026-10-01T19:00:55.418046+00:00,,Öğrenci Sayısı 158
Kütahya,Simav,Simav Fen Lisesi,972482,Fen Lisesi,https://simavfenlisesi.meb.k12.tr,,,https://simavfenlisesi.meb.k12.tr/tema/harita.php,2026-08-31,350,350,bulundu,https://simavfenlisesi.meb.k12.tr/,2026-10-01T19:00:55.488546+00:00,,Öğrenci Sayısı : 350
Kütahya,Simav,Simav Halk Eğitimi Merkezi,179552,Halk Eğitimi Merkezi,https://simavhem.meb.k12.tr,,,https://simavhem.meb.k12.tr/tema/harita.php,2026-08-31,,,bulunamadi,,2026-10-01T19:00:55.515095+00:00,,
Kütahya,Simav,Simav Kız Anadolu İmam Hatip Lisesi,763993,Anadolu İmam Hatip Lisesi,https://simavkihl.meb.k12.tr,,,https://simavkihl.meb.k12.tr/tema/harita.php,2026-08-31,200,200,bulundu,https://simavkihl.meb.k12.tr/tema/okulumuz_hakkinda.php,2026-10-01T19:00:55.517161+00:00,,Öğrenci : 200
Kütahya,Simav,Simav Rehberlik ve Araştırma Merkezi,967052,Rehberlik ve Araştırma Merkezi,https://simavram.meb.k12.tr,,,https://simavram.meb.k12.tr/tema/harita.php,2026-08-31,,,bulunamadi,,2026-10-01T19:00:55.572119+00:00,,
Kütahya,Simav,Simav Özel Eğitim Meslek Okulu,753942,Özel Eğitim Kurumu,https://simavozelegitimmeslekokulu.meb.k12.tr,,,https://simavozelegitimmeslekokulu.meb.k12.tr/tema/harita.php,2026-08-31,34,34,bulundu,https://simavozelegitimmeslekokulu.meb.k12.tr/,2026-10-01T19:00:55.707663+00:00,,Öğrenci Sayısı 34
Kütahya,Simav,Simav Özel Eğitim Uygulama Okulu I. Kademe,762682,Özel Eğitim Kurumu,https://simavozelegitim1.meb.k12.tr,,,https://simavozelegitim1.meb.k12.tr/tema/harita.php,2026-08-31,18,18,bulundu,https://simavozelegitim1.meb.k12.tr/,2026-10-01T19:00:55.933744+00:00,,Öğrenci Sayısı: 18
Kütahya,Simav,Simav Özel Eğitim Uygulama Okulu II. Kademe,762683,Özel Eğitim Kurumu,https://simavozelegitim.meb.k12.tr,,,https://simavozelegitim.meb.k12.tr/tema/harita.php,2026-08-31,16,16,bulundu,https://simavozelegitim.meb.k12.tr/,2026-10-01T19:00:56.113123+00:00,,Öğrenci Sayısı 16
Kütahya,Simav,Simav Özel Eğitim Uygulama Okulu III. Kademe,762684,Özel Eğitim Kurumu,https://simavozelegitim3.meb.k12.tr,,,https://simavozelegitim3.meb.k12.tr/tema/harita.php,2026-08-31,22,22,bulundu,https://simavozelegitim3.meb.k12.tr/,2026-10-01T19:00:56.212387+00:00,,Öğrenci Sayısı : 22
Kütahya,Simav,Simav Öğretmenevi ve Akşam Sanat Okulu,971293,Öğretmenevi,https://simavogretmenevi.meb.k12.tr,,,https://simavogretmenevi.meb.k12.tr/tema/harita.php,2026-08-31,,,bulunamadi,,2026-10-01T19:00:56.214864+00:00,,
Kütahya,Simav,Simav İbn-i Sina Mesleki ve Teknik Anadolu Lisesi,962644,Mesleki ve Teknik Anadolu Lisesi,https://simavsaglikmeslek.meb.k12.tr,,,https://simavsaglikmeslek.meb.k12.tr/tema/harita.php,2026-08-31,215,215,bulundu,https://simavsaglikmeslek.meb.k12.tr/,2026-10-01T19:00:56.221336+00:00,,Öğrenci Sayısı : 215
Kütahya,Simav,Simav İbrahim Eren İmam Hatip Ortaokulu,746598,İmam Hatip Ortaokulu,https://simaviho.meb.k12.tr,,,https://simaviho.meb.k12.tr/tema/harita.php,2026-08-31,407,407,bulundu,https://simaviho.meb.k12.tr/,2026-10-01T19:00:56.241268+00:00,,Öğrenci Sayısı 407
Kütahya,Simav,Söğüt İlkokulu,710672,İlkokul,https://simavsogutilkokulu.meb.k12.tr,,,https://simavsogutilkokulu.meb.k12.tr/tema/harita.php,2026-08-31,44,44,bulundu,https://simavsogutilkokulu.meb.k12.tr/,2026-10-01T19:00:56.377859+00:00,,Öğrenci Sayısı: 44
Kütahya,Simav,Yemişli İlkokulu,724474,İlkokul,https://simavyemisliilkokulu.meb.k12.tr,,,https://simavyemisliilkokulu.meb.k12.tr/tema/harita.php,2026-08-31,64,64,bulundu,https://simavyemisliilkokulu.meb.k12.tr/,2026-10-01T19:00:56.465474+00:00,,Öğrenci Sayısı 64
Kütahya,Simav,Yemişli Şehit Kenan Karabodur Ortaokulu,724481,Ortaokul,https://simavyemisliortaokulu.meb.k12.tr,,,https://simavyemisliortaokulu.meb.k12.tr/tema/harita.php,2026-08-31,59,59,bulundu,https://simavyemisliortaokulu.meb.k12.tr/,2026-10-01T19:00:56.682265+00:00,,Öğrenci Sayısı 59
Kütahya,Simav,Yusuf Koyuncuoğlu İlkokulu,710691,İlkokul,https://simavyusufkoyuncuogluilkokulu.meb.k12.tr,,,https://simavyusufkoyuncuogluilkokulu.meb.k12.tr/tema/harita.php,2026-08-31,536,536,bulundu,https://simavyusufkoyuncuogluilkokulu.meb.k12.tr/,2026-10-01T19:00:56.739111+00:00,,Öğrenci Sayısı : 536
Kütahya,Simav,Çitgöl İlkokulu,724082,İlkokul,https://citgolilkokulu.meb.k12.tr,,,https://citgolilkokulu.meb.k12.tr/tema/harita.php,2026-08-31,207,207,bulundu,https://citgolilkokulu.meb.k12.tr/,2026-10-01T19:00:56.756610+00:00,,Öğrenci Sayısı 207
Kütahya,Simav,Çitgöl Şehit Uzman Çavuş Adil Oruç Ortaokulu,724084,Ortaokul,https://citgolortaokulu.meb.k12.tr,,,https://citgolortaokulu.meb.k12.tr/tema/harita.php,2026-08-31,219,219,bulundu,https://citgolortaokulu.meb.k12.tr/,2026-10-01T19:00:56.775322+00:00,,Öğrenci Sayısı 219
Kütahya,Simav,Şehit Ahmet TUNÇ İlkokulu,724251,İlkokul,https://simavguneyilkokulu.meb.k12.tr,,,https://simavguneyilkokulu.meb.k12.tr/tema/harita.php,2026-08-31,63,63,bulundu,https://simavguneyilkokulu.meb.k12.tr/,2026-10-01T19:00:56.787505+00:00,,Öğrenci Sayısı: 63
Kütahya,Simav,Şehit Ali Yılmaz Ortaokulu,723870,Ortaokul,https://simav19mayisoo.meb.k12.tr,,,https://simav19mayisoo.meb.k12.tr/tema/harita.php,2026-08-31,166,166,bulundu,https://simav19mayisoo.meb.k12.tr/,2026-10-01T19:00:56.907484+00:00,,Öğrenci Sayısı : 166
Kütahya,Simav,Şehit Emre Üçkan Mesleki ve Teknik Anadolu Lisesi,179527,Mesleki ve Teknik Anadolu Lisesi,https://simaveml.meb.k12.tr,,,https://simaveml.meb.k12.tr/tema/harita.php,2026-08-31,325,325,bulundu,https://simaveml.meb.k12.tr/,2026-10-01T19:00:57.088567+00:00,,Öğrenci Sayısı 325
Kütahya,Simav,Şehit Er Ali Oktaytekin Ortaokulu,724341,Ortaokul,https://724341.meb.k12.tr,,,https://724341.meb.k12.tr/tema/harita.php,2026-08-31,35,35,bulundu,https://724341.meb.k12.tr/,2026-10-01T19:00:57.261414+00:00,,Öğrenci Sayısı : 35
Kütahya,Simav,Şehit Uzman Çavuş Sabit DEMİRTAŞ Anaokulu,966230,Anaokulu,https://simavhumahatun.meb.k12.tr,,,https://simavhumahatun.meb.k12.tr/tema/harita.php,2026-08-31,39,39,bulundu,https://simavhumahatun.meb.k12.tr/,2026-10-01T19:00:57.347999+00:00,,Öğrenci Sayısı: 39
Kütahya,Simav,Şenköy İlkokulu,853584,İlkokul,https://simavsenkoyilkokulu.meb.k12.tr,,,https://simavsenkoyilkokulu.meb.k12.tr/tema/harita.php,2026-08-31,6,6,bulundu,https://simavsenkoyilkokulu.meb.k12.tr/,2026-10-01T19:00:57.455035+00:00,,Öğrenci Sayısı 6
Kütahya,Simav,Şeref Kazcıoğlu Mesleki ve Teknik Anadolu Lisesi,775981,Mesleki ve Teknik Anadolu Lisesi,https://serefkazcioglumtal.meb.k12.tr,,,https://serefkazcioglumtal.meb.k12.tr/tema/harita.php,2026-08-31,11,11,bulundu,https://serefkazcioglumtal.meb.k12.tr/tema/okulumuz_hakkinda.php,2026-10-01T19:00:57.468067+00:00,,Öğrenci : 11
Kütahya,Simav,Şerife Narin Koyuncuoğlu Anaokulu,971938,Anaokulu,https://serifenarinanaokulu.meb.k12.tr,,,https://serifenarinanaokulu.meb.k12.tr/tema/harita.php,2026-08-31,52,52,bulundu,https://serifenarinanaokulu.meb.k12.tr/,2026-10-01T19:00:57.503940+00:00,,Öğrenci Sayısı 52
Kütahya,Tavşanlı,75. Yıl Ortaokulu,710706,Ortaokul,https://75yilokulu.meb.k12.tr,,,https://75yilokulu.meb.k12.tr/tema/harita.php,2026-08-31,216,216,bulundu,https://75yilokulu.meb.k12.tr/,2026-10-01T19:00:57.539046+00:00,,Öğrenci Sayısı 216
Kütahya,Tavşanlı,Ahmet Uluçay Bilim ve Sanat Merkezi,764526,Bilim ve Sanat Merkezi,https://ahmetulucaybilsem.meb.k12.tr,,,https://ahmetulucaybilsem.meb.k12.tr/tema/harita.php,2026-08-31,252,252,bulundu,https://ahmetulucaybilsem.meb.k12.tr/tema/okulumuz_hakkinda.php,2026-10-01T19:00:57.564255+00:00,,Öğrenci : 252
Kütahya,Tavşanlı,Aliköy İlkokulu,711301,İlkokul,https://alikoyilkokulu.meb.k12.tr,,,https://alikoyilkokulu.meb.k12.tr/tema/harita.php,2026-08-31,19,19,bulundu,https://alikoyilkokulu.meb.k12.tr/,2026-10-01T19:00:57.652006+00:00,,Öğrenci Sayısı : 19
Kütahya,Tavşanlı,Arslanbey İlkokulu,710723,İlkokul,https://arslanbeyi.meb.k12.tr,,,https://arslanbeyi.meb.k12.tr/tema/harita.php,2026-08-31,367,367,bulundu,https://arslanbeyi.meb.k12.tr/,2026-10-01T19:00:57.849524+00:00,,Öğrenci Sayısı : 367
Kütahya,Tavşanlı,Atatürk İlkokulu,976530,İlkokul,https://t-ataturkio.meb.k12.tr,,,https://t-ataturkio.meb.k12.tr/tema/harita.php,2026-08-31,67,67,bulundu,https://t-ataturkio.meb.k12.tr/,2026-10-01T19:00:57.915202+00:00,,Öğrenci Sayısı 67
Kütahya,Tavşanlı,Ayvalı İlkokulu,711342,İlkokul,https://ayvaliilkokulu.meb.k12.tr,,,https://ayvaliilkokulu.meb.k12.tr/tema/harita.php,2026-08-31,48,48,bulundu,https://ayvaliilkokulu.meb.k12.tr/,2026-10-01T19:00:57.935308+00:00,,Öğrenci Sayısı : 48
Kütahya,Tavşanlı,Balıköy Anadolu Lisesi,751371,Anadolu Lisesi,https://balikoyal.meb.k12.tr,,,https://balikoyal.meb.k12.tr/tema/harita.php,2026-08-31,47,47,bulundu,https://balikoyal.meb.k12.tr/tema/okulumuz_hakkinda.php,2026-10-01T19:00:57.946906+00:00,,Öğrenci : 47
Kütahya,Tavşanlı,Balıköy Ortaokulu,711382,Ortaokul,https://balikoyortaokulu.meb.k12.tr,,,https://balikoyortaokulu.meb.k12.tr/tema/harita.php,2026-08-31,67,67,bulundu,https://balikoyortaokulu.meb.k12.tr/,2026-10-01T19:00:58.111768+00:00,,Öğrenci Sayısı : 67
Kütahya,Tavşanlı,Balıköy İlkokulu,711370,İlkokul,https://balikoyilkokulu.meb.k12.tr,,,https://balikoyilkokulu.meb.k12.tr/tema/harita.php,2026-08-31,78,78,bulundu,https://balikoyilkokulu.meb.k12.tr/,2026-10-01T19:00:58.148912+00:00,,Öğrenci Sayısı : 78
Kütahya,Tavşanlı,Bağlık Ortaokulu,223527,Ortaokul,https://baglikortaokulu.meb.k12.tr,,,https://baglikortaokulu.meb.k12.tr/tema/harita.php,2026-08-31,189,189,bulundu,https://baglikortaokulu.meb.k12.tr/,2026-10-01T19:00:58.219810+00:00,,Öğrenci Sayısı 189
Kütahya,Tavşanlı,Beyköy İlkokulu,455658,İlkokul,https://tavsanlibeykoyilkokulu.meb.k12.tr,,,https://tavsanlibeykoyilkokulu.meb.k12.tr/tema/harita.php,2026-08-31,60,60,bulundu,https://tavsanlibeykoyilkokulu.meb.k12.tr/,2026-10-01T19:00:58.228472+00:00,,Öğrenci Sayısı : 60
Kütahya,Tavşanlı,Beyköy Şehit Hasan Büber Ortaokulu,711490,Ortaokul,https://sehithasanbuberortaokulu.meb.k12.tr,,,https://sehithasanbuberortaokulu.meb.k12.tr/tema/harita.php,2026-08-31,39,39,bulundu,https://sehithasanbuberortaokulu.meb.k12.tr/,2026-10-01T19:00:58.455859+00:00,,Öğrenci Sayısı : 39
Kütahya,Tavşanlı,Cumhuriyet Ortaokulu,711501,Ortaokul,https://cumhuriyet-oo.meb.k12.tr,,,https://cumhuriyet-oo.meb.k12.tr/tema/harita.php,2026-08-31,124,124,bulundu,https://cumhuriyet-oo.meb.k12.tr/,2026-10-01T19:00:58.520286+00:00,,Öğrenci Sayısı : 124
Kütahya,Tavşanlı,Cumhuriyet İlkokulu,711497,İlkokul,https://cumhuriyet-io.meb.k12.tr,,,https://cumhuriyet-io.meb.k12.tr/tema/harita.php,2026-08-31,133,133,bulundu,https://cumhuriyet-io.meb.k12.tr/,2026-10-01T19:00:58.601190+00:00,,Öğrenci Sayısı : 133
Kütahya,Tavşanlı,Dağçeşme İlkokulu,710779,İlkokul,https://dagcesmeio.meb.k12.tr,,,https://dagcesmeio.meb.k12.tr/tema/harita.php,2026-08-31,244,244,bulundu,https://dagcesmeio.meb.k12.tr/,2026-10-01T19:00:58.665939+00:00,,Öğrenci Sayısı : 244
Kütahya,Tavşanlı,Demirbilek İlkokulu,710796,İlkokul,https://demirbilekio.meb.k12.tr,,,https://demirbilekio.meb.k12.tr/tema/harita.php,2026-08-31,45,45,bulundu,https://demirbilekio.meb.k12.tr/,2026-10-01T19:00:58.672379+00:00,,Öğrenci Sayısı 45
Kütahya,Tavşanlı,Derecik İlkokulu,711550,İlkokul,https://derecikio.meb.k12.tr,,,https://derecikio.meb.k12.tr/tema/harita.php,2026-08-31,36,36,bulundu,https://derecikio.meb.k12.tr/,2026-10-01T19:00:58.762958+00:00,,Öğrenci Sayısı : 36
Kütahya,Tavşanlı,FEVZİPAŞA ORTAOKULU,751900,Ortaokul,https://fpasaoo.meb.k12.tr,,,https://fpasaoo.meb.k12.tr/tema/harita.php,2026-08-31,69,69,bulundu,https://fpasaoo.meb.k12.tr/,2026-10-01T19:00:58.799438+00:00,,Öğrenci Sayısı : 69
Kütahya,Tavşanlı,Fatih İmam Hatip Ortaokulu,711559,İmam Hatip Ortaokulu,https://tavsanlifatih.meb.k12.tr,,,https://tavsanlifatih.meb.k12.tr/tema/harita.php,2026-08-31,197,197,bulundu,https://tavsanlifatih.meb.k12.tr/,2026-10-01T19:00:58.903771+00:00,,Öğrenci Sayısı 197
Kütahya,Tavşanlı,Fevzipaşa İlkokulu,455945,İlkokul,https://fevzipasaio.meb.k12.tr,,,https://fevzipasaio.meb.k12.tr/tema/harita.php,2026-08-31,39,39,bulundu,https://fevzipasaio.meb.k12.tr/,2026-10-01T19:00:58.907759+00:00,,Öğrenci Sayısı : 39
Kütahya,Tavşanlı,Göbel İlkokulu,710891,İlkokul,https://gobelio.meb.k12.tr,,,https://gobelio.meb.k12.tr/tema/harita.php,2026-08-31,12,12,bulundu,https://gobelio.meb.k12.tr/,2026-10-01T19:00:58.975850+00:00,,Öğrenci Sayısı 12
Kütahya,Tavşanlı,Gürağaç Ortaokulu,711564,Ortaokul,https://guragacortaokulu.meb.k12.tr,,,https://guragacortaokulu.meb.k12.tr/tema/harita.php,2026-08-31,45,45,bulundu,https://guragacortaokulu.meb.k12.tr/,2026-10-01T19:00:59.521511+00:00,,Öğrenci Sayısı : 45
Kütahya,Tavşanlı,Gürağaç İlkokulu,711563,İlkokul,https://guragacilkokulu.meb.k12.tr,,,https://guragacilkokulu.meb.k12.tr/tema/harita.php,2026-08-31,58,58,bulundu,https://guragacilkokulu.meb.k12.tr/,2026-10-01T19:00:59.531430+00:00,,Öğrenci Sayısı : 58
Kütahya,Tavşanlı,Hamitabat İlkokulu,976604,İlkokul,https://hamitabatio.meb.k12.tr,,,https://hamitabatio.meb.k12.tr/tema/harita.php,2026-08-31,,,bulunamadi,,2026-10-01T19:00:59.577402+00:00,,
Kütahya,Tavşanlı,Hande Gül Anaokulu,749024,Anaokulu,https://handegul.meb.k12.tr,,,https://handegul.meb.k12.tr/tema/harita.php,2026-08-31,160,160,bulundu,https://handegul.meb.k12.tr/,2026-10-01T19:00:59.584769+00:00,,Öğrenci Sayısı 160
Kütahya,Tavşanlı,Hanımçeşme İlkokulu,179743,İlkokul,https://hanimcesmeio.meb.k12.tr,,,https://hanimcesmeio.meb.k12.tr/tema/harita.php,2026-08-31,,,bulunamadi,,2026-10-01T19:00:59.806366+00:00,,
Kütahya,Tavşanlı,Hayme Ana Anaokulu,964664,Anaokulu,https://haymeanaanaokulu.meb.k12.tr,,,https://haymeanaanaokulu.meb.k12.tr/tema/harita.php,2026-08-31,171,171,bulundu,https://haymeanaanaokulu.meb.k12.tr/,2026-10-01T19:00:59.962047+00:00,,Öğrenci Sayısı 171
Kütahya,Tavşanlı,Kuruçay Ortaokulu,711588,Ortaokul,https://kurucayoo.meb.k12.tr,,,https://kurucayoo.meb.k12.tr/tema/harita.php,2026-08-31,68,68,bulundu,https://kurucayoo.meb.k12.tr/,2026-10-01T19:00:59.966261+00:00,,Öğrenci Sayısı 68
Kütahya,Tavşanlı,Kuruçay İlkokulu,711584,İlkokul,https://kurucayio.meb.k12.tr,,,https://kurucayio.meb.k12.tr/tema/harita.php,2026-08-31,48,48,bulundu,https://kurucayio.meb.k12.tr/,2026-10-01T19:01:00.027200+00:00,,Öğrenci Sayısı 48
Kütahya,Tavşanlı,Köseler İlkokulu,455335,İlkokul,https://tavsanlikoseler.meb.k12.tr,,,https://tavsanlikoseler.meb.k12.tr/tema/harita.php,2026-08-31,18,18,bulundu,https://tavsanlikoseler.meb.k12.tr/tema/okulumuz_hakkinda.php,2026-10-01T19:01:00.070993+00:00,,Öğrenci : 18
Kütahya,Tavşanlı,Mehmet Can Yazıcı Ortaokulu,711601,Ortaokul,https://mehmetcanyaziciortaokulu.meb.k12.tr,,,https://mehmetcanyaziciortaokulu.meb.k12.tr/tema/harita.php,2026-08-31,26,26,bulundu,https://mehmetcanyaziciortaokulu.meb.k12.tr/,2026-10-01T19:01:00.086446+00:00,,Öğrenci Sayısı : 26
Kütahya,Tavşanlı,Mehmet Can Yazıcı İlkokulu,711597,İlkokul,https://mehmetcanyaziciilkokulu.meb.k12.tr,,,https://mehmetcanyaziciilkokulu.meb.k12.tr/tema/harita.php,2026-08-31,20,20,bulundu,https://mehmetcanyaziciilkokulu.meb.k12.tr/,2026-10-01T19:01:00.152051+00:00,,Öğrenci Sayısı: 20
Kütahya,Tavşanlı,Mehmet Tarhan İlkokulu,711024,İlkokul,https://mehmettarhanio.meb.k12.tr,,,https://mehmettarhanio.meb.k12.tr/tema/harita.php,2026-08-31,573,573,bulundu,https://mehmettarhanio.meb.k12.tr/,2026-10-01T19:01:00.186157+00:00,,Öğrenci Sayısı 573
Kütahya,Tavşanlı,Milli Egemenlik İlkokulu,455994,İlkokul,https://milliegemenlik.meb.k12.tr,,,https://milliegemenlik.meb.k12.tr/tema/harita.php,2026-08-31,596,596,bulundu,https://milliegemenlik.meb.k12.tr/,2026-10-01T19:01:00.227671+00:00,,Öğrenci Sayısı 596
Kütahya,Tavşanlı,Moymul Ortaokulu,711045,Ortaokul,https://moymuloo.meb.k12.tr,,,https://moymuloo.meb.k12.tr/tema/harita.php,2026-08-31,566,566,bulundu,https://moymuloo.meb.k12.tr/,2026-10-01T19:01:00.234852+00:00,,Öğrenci Sayısı 566
Kütahya,Tavşanlı,Mülayim Dede Özel Eğitim Uygulama Okulu III. Kademe,759657,Özel Eğitim Kurumu,https://mdozelegitim.meb.k12.tr,,,https://mdozelegitim.meb.k12.tr/tema/harita.php,2026-08-31,28,28,bulundu,https://mdozelegitim.meb.k12.tr/,2026-10-01T19:01:00.479879+00:00,,Öğrenci Sayısı 28
Kütahya,Tavşanlı,Nazmi Sarı İlkokulu,951259,İlkokul,https://nazmisariio.meb.k12.tr,,,https://nazmisariio.meb.k12.tr/tema/harita.php,2026-08-31,215,215,bulundu,https://nazmisariio.meb.k12.tr/,2026-10-01T19:01:00.485305+00:00,,Öğrenci Sayısı 215
Kütahya,Tavşanlı,Ressam Abdullah Taktak Ortaokulu,711064,Ortaokul,https://taktak.meb.k12.tr,,,https://taktak.meb.k12.tr/tema/harita.php,2026-08-31,989,989,bulundu,https://taktak.meb.k12.tr/,2026-10-01T19:01:00.557268+00:00,,Öğrenci Sayısı : 989
Kütahya,Tavşanlı,Subaşı İlkokulu,456101,İlkokul,https://tavsanlisubasiio.meb.k12.tr,,,https://tavsanlisubasiio.meb.k12.tr/tema/harita.php,2026-08-31,309,309,bulundu,https://tavsanlisubasiio.meb.k12.tr/,2026-10-01T19:01:00.639109+00:00,,Öğrenci Sayısı : 309
Kütahya,Tavşanlı,Süleyman Yılmaz Anaokulu,973177,Anaokulu,https://syilmazanaokulu.meb.k12.tr,,,https://syilmazanaokulu.meb.k12.tr/tema/harita.php,2026-08-31,123,123,bulundu,https://syilmazanaokulu.meb.k12.tr/,2026-10-01T19:01:00.643660+00:00,,Öğrenci Sayısı: 123
Kütahya,Tavşanlı,Tavşanlı 15 Temmuz Şehitler Fen Lisesi,972423,Fen Lisesi,https://tavsanlifenlisesi.meb.k12.tr,,,https://tavsanlifenlisesi.meb.k12.tr/tema/harita.php,2026-08-31,,,bulunamadi,,2026-10-01T19:01:00.653657+00:00,,
Kütahya,Tavşanlı,Tavşanlı Anadolu Lisesi,300458,Anadolu Lisesi,https://tavsal.meb.k12.tr,,,https://tavsal.meb.k12.tr/tema/harita.php,2026-08-31,,,bulunamadi,,2026-10-01T19:01:00.681514+00:00,,
Kütahya,Tavşanlı,Tavşanlı Anadolu İmam Hatip Lisesi,179851,Anadolu İmam Hatip Lisesi,https://tavsanliaihl.meb.k12.tr,,,https://tavsanliaihl.meb.k12.tr/tema/harita.php,2026-08-31,400,400,bulundu,https://tavsanliaihl.meb.k12.tr/,2026-10-01T19:01:00.724892+00:00,,Öğrenci Sayısı : 400
Kütahya,Tavşanlı,Tavşanlı Arslanbey Ticaret Mesleki ve Teknik Anadolu Lisesi,179838,Mesleki ve Teknik Anadolu Lisesi,https://arslanbey.meb.k12.tr,,,https://arslanbey.meb.k12.tr/tema/harita.php,2026-08-31,499,499,bulundu,https://arslanbey.meb.k12.tr/,2026-10-01T19:01:00.820188+00:00,,Öğrenci Sayısı : 499
Kütahya,Tavşanlı,Tavşanlı Atatürk Anadolu Lisesi,964118,Anadolu Lisesi,https://taal.meb.k12.tr,,,https://taal.meb.k12.tr/tema/harita.php,2026-08-31,448,448,bulundu,https://taal.meb.k12.tr/,2026-10-01T19:01:00.826118+00:00,,Öğrenci Sayısı : 448
Kütahya,Tavşanlı,Tavşanlı Borsa İstanbul Anadolu Lisesi,353862,Anadolu Lisesi,https://tavsanliborsaistanbul.meb.k12.tr,,,https://tavsanliborsaistanbul.meb.k12.tr/tema/harita.php,2026-08-31,499,499,bulundu,https://tavsanliborsaistanbul.meb.k12.tr/,2026-10-01T19:01:00.895443+00:00,,Öğrenci Sayısı : 499
Kütahya,Tavşanlı,Tavşanlı Devlet Ana Kız Anadolu İmam Hatip Lisesi,763552,Anadolu İmam Hatip Lisesi,https://devletanakihl.meb.k12.tr,,,https://devletanakihl.meb.k12.tr/tema/harita.php,2026-08-31,144,144,bulundu,https://devletanakihl.meb.k12.tr/,2026-10-01T19:01:00.934858+00:00,,Öğrenci Sayısı : 144
Kütahya,Tavşanlı,Tavşanlı Halk Eğitimi Merkezi,179863,Halk Eğitimi Merkezi,https://tavsanlihem.meb.k12.tr,,,https://tavsanlihem.meb.k12.tr/tema/harita.php,2026-08-31,,,bulunamadi,,2026-10-01T19:01:00.975760+00:00,,
Kütahya,Tavşanlı,Tavşanlı Hayme Ana Mesleki ve Teknik Anadolu Lisesi,179814,Mesleki ve Teknik Anadolu Lisesi,https://tavsanlihamtal.meb.k12.tr,,,https://tavsanlihamtal.meb.k12.tr/tema/harita.php,2026-08-31,620,620,bulundu,https://tavsanlihamtal.meb.k12.tr/,2026-10-01T19:01:00.993775+00:00,,Öğrenci Sayısı : 620
Kütahya,Tavşanlı,Tavşanlı Kız Anadolu İmam Hatip Lisesi,757783,Anadolu İmam Hatip Lisesi,https://tavsanlikizaihl.meb.k12.tr,,,https://tavsanlikizaihl.meb.k12.tr/tema/harita.php,2026-08-31,379,379,bulundu,https://tavsanlikizaihl.meb.k12.tr/,2026-10-01T19:01:01.141881+00:00,,Öğrenci Sayısı : 379
Kütahya,Tavşanlı,Tavşanlı Mesleki Eğitim Merkezi,179875,Mesleki Eğitim Merkezi,https://tavsanlimem.meb.k12.tr,,,https://tavsanlimem.meb.k12.tr/tema/harita.php,2026-08-31,832,832,bulundu,https://tavsanlimem.meb.k12.tr/,2026-10-01T19:01:01.175429+00:00,,Öğrenci Sayısı 832
Kütahya,Tavşanlı,Tavşanlı Mesleki ve Teknik Anadolu Lisesi,966447,Mesleki ve Teknik Anadolu Lisesi,https://tavsanliteml.meb.k12.tr,,,https://tavsanliteml.meb.k12.tr/tema/harita.php,2026-08-31,714,714,bulundu,https://tavsanliteml.meb.k12.tr/tema/okulumuz_hakkinda.php,2026-10-01T19:01:01.258318+00:00,,Öğrenci : 714
Kütahya,Tavşanlı,Tavşanlı Rehberlik ve Araştırma Merkezi,967744,Rehberlik ve Araştırma Merkezi,https://tavsanliram.meb.k12.tr,,,https://tavsanliram.meb.k12.tr/tema/harita.php,2026-08-31,,,bulunamadi,,2026-10-01T19:01:01.856823+00:00,,
Kütahya,Tavşanlı,Tavşanlı Özel Eğitim Uygulama Okulu I. Kademe,765951,Özel Eğitim Kurumu,https://t-ozelegitim.meb.k12.tr,,,https://t-ozelegitim.meb.k12.tr/tema/harita.php,2026-08-31,,,bulunamadi,,2026-10-01T19:01:01.844397+00:00,,
Kütahya,Tavşanlı,Tavşanlı Özel Eğitim Uygulama Okulu II. Kademe,765952,Özel Eğitim Kurumu,https://765952.meb.k12.tr,,,https://765952.meb.k12.tr/tema/harita.php,2026-08-31,,,bulunamadi,,2026-10-01T19:01:01.862038+00:00,,
Kütahya,Tavşanlı,Tavşanlı Öğretmenevi ve Akşam Sanat Okulu,775233,Öğretmenevi,https://tavsanlioeaso.meb.k12.tr,,,https://tavsanlioeaso.meb.k12.tr/tema/harita.php,2026-08-31,,,bulunamadi,,2026-10-01T19:01:01.858769+00:00,,
Kütahya,Tavşanlı,Tavşanlı Şeyh Edebali İmam Hatip Ortaokulu,759861,İmam Hatip Ortaokulu,https://tedebali.meb.k12.tr,,,https://tedebali.meb.k12.tr/tema/harita.php,2026-08-31,,,bulunamadi,,2026-10-01T19:01:01.868866+00:00,,
Kütahya,Tavşanlı,Tepecik Ortaokulu,711625,Ortaokul,https://tepecikortaokulu.meb.k12.tr,,,https://tepecikortaokulu.meb.k12.tr/tema/harita.php,2026-08-31,62,62,bulundu,https://tepecikortaokulu.meb.k12.tr/,2026-10-01T19:01:01.934874+00:00,,Öğrenci Sayısı 62
Kütahya,Tavşanlı,Tepecik İlkokulu,711616,İlkokul,https://tepecikilkokulu.meb.k12.tr,,,https://tepecikilkokulu.meb.k12.tr/tema/harita.php,2026-08-31,117,117,bulundu,https://tepecikilkokulu.meb.k12.tr/,2026-10-01T19:01:02.081698+00:00,,Öğrenci Sayısı : 117
Kütahya,Tavşanlı,Tunçbilek 60. Yıl Işık İlkokulu,179767,İlkokul,https://60yilisikilkokulu.meb.k12.tr,,,https://60yilisikilkokulu.meb.k12.tr/tema/harita.php,2026-08-31,106,106,bulundu,https://60yilisikilkokulu.meb.k12.tr/,2026-10-01T19:01:02.140350+00:00,,Öğrenci Sayısı 106
Kütahya,Tavşanlı,Tunçbilek Atatürk Ortaokulu,711110,Ortaokul,https://tuncbilekataturkoo.meb.k12.tr,,,https://tuncbilekataturkoo.meb.k12.tr/tema/harita.php,2026-08-31,103,103,bulundu,https://tuncbilekataturkoo.meb.k12.tr/,2026-10-01T19:01:02.149338+00:00,,Öğrenci Sayısı 103
Kütahya,Tavşanlı,Çardaklı Ortaokulu,711521,Ortaokul,https://cardakliortaokulu43.meb.k12.tr,,,https://cardakliortaokulu43.meb.k12.tr/tema/harita.php,2026-08-31,33,33,bulundu,https://cardakliortaokulu43.meb.k12.tr/,2026-10-01T19:01:02.200836+00:00,,Öğrenci Sayısı : 33
Kütahya,Tavşanlı,Çardaklı İlkokulu,711515,İlkokul,https://cardakliilkokulu43.meb.k12.tr,,,https://cardakliilkokulu43.meb.k12.tr/tema/harita.php,2026-08-31,32,32,bulundu,https://cardakliilkokulu43.meb.k12.tr/,2026-10-01T19:01:02.209782+00:00,,Öğrenci Sayısı : 32
Kütahya,Tavşanlı,Çobanköy İlkokulu,711538,İlkokul,https://cobankoyilkokulu.meb.k12.tr,,,https://cobankoyilkokulu.meb.k12.tr/tema/harita.php,2026-08-31,28,28,bulundu,https://cobankoyilkokulu.meb.k12.tr/,2026-10-01T19:01:02.296612+00:00,,Öğrenci Sayısı: 28
Kütahya,Tavşanlı,Üçeylül İlkokulu,456042,İlkokul,https://uceylul.meb.k12.tr,,,https://uceylul.meb.k12.tr/tema/harita.php,2026-08-31,310,310,bulundu,https://uceylul.meb.k12.tr/,2026-10-01T19:01:02.444058+00:00,,Öğrenci Sayısı : 310
Kütahya,Tavşanlı,İbrahim Düvenli Ortaokulu,711570,Ortaokul,https://ibrahimduvenlioo.meb.k12.tr,,,https://ibrahimduvenlioo.meb.k12.tr/tema/harita.php,2026-08-31,113,113,bulundu,https://ibrahimduvenlioo.meb.k12.tr/,2026-10-01T19:01:02.659647+00:00,,Öğrenci Sayısı 113
Kütahya,Tavşanlı,İbrahim Düvenli İlkokulu,846628,İlkokul,https://ibrahimduvenliio.meb.k12.tr,,,https://ibrahimduvenliio.meb.k12.tr/tema/harita.php,2026-08-31,186,186,bulundu,https://ibrahimduvenliio.meb.k12.tr/,2026-10-01T19:01:02.697544+00:00,,Öğrenci Sayısı 186
Kütahya,Tavşanlı,İstiklal Ortaokulu,455886,Ortaokul,https://tistiklal.meb.k12.tr,,,https://tistiklal.meb.k12.tr/tema/harita.php,2026-08-31,594,594,bulundu,https://tistiklal.meb.k12.tr/,2026-10-01T19:01:02.713015+00:00,,Öğrenci Sayısı : 594
Kütahya,Tavşanlı,Şahin İlkokulu,977058,İlkokul,https://sahinilkokulu.meb.k12.tr,,,https://sahinilkokulu.meb.k12.tr/tema/harita.php,2026-08-31,42,42,bulundu,https://sahinilkokulu.meb.k12.tr/,2026-10-01T19:01:03.073767+00:00,,Öğrenci Sayısı 42
Kütahya,Tavşanlı,Şehit Halil İbrahim Öztürk İlkokulu,456377,İlkokul,https://tavsanliilkokulu.meb.k12.tr,,,https://tavsanliilkokulu.meb.k12.tr/tema/harita.php,2026-08-31,265,265,bulundu,https://tavsanliilkokulu.meb.k12.tr/,2026-10-01T19:01:03.091409+00:00,,Öğrenci Sayısı 265
Kütahya,Tavşanlı,Şehit Mustafa ÇAĞLAR İlkokulu,775749,İlkokul,https://775749.meb.k12.tr,,,https://775749.meb.k12.tr/tema/harita.php,2026-08-31,26,26,bulundu,https://775749.meb.k12.tr/,2026-10-01T19:01:03.128839+00:00,,Öğrenci Sayısı : 26
Kütahya,Tavşanlı,Şehit Polis Köksal Kaşaltı Ortaokulu,711611,Ortaokul,https://tavsanlisehitpoliskoksalkasaltio.meb.k12.tr,,,https://tavsanlisehitpoliskoksalkasaltio.meb.k12.tr/tema/harita.php,2026-08-31,320,320,bulundu,https://tavsanlisehitpoliskoksalkasaltio.meb.k12.tr/,2026-10-01T19:01:03.152603+00:00,,Öğrenci Sayısı : 320
Kütahya,Çavdarhisar,100. Yıl İlkokulu,706786,İlkokul,https://cavdarhisaryuzuncuyil.meb.k12.tr,,,https://cavdarhisaryuzuncuyil.meb.k12.tr/tema/harita.php,2026-08-31,134,134,bulundu,https://cavdarhisaryuzuncuyil.meb.k12.tr/,2026-10-01T19:01:03.192841+00:00,,Öğrenci Sayısı: 134
Kütahya,Çavdarhisar,Çavdarhisar Halk Eğitimi Merkezi,270194,Halk Eğitimi Merkezi,https://cavdarhisarhem.meb.k12.tr,,,https://cavdarhisarhem.meb.k12.tr/tema/harita.php,2026-08-31,,,bulunamadi,,2026-10-01T19:01:03.354155+00:00,,
Kütahya,Çavdarhisar,Çavdarhisar Ortaokulu,706811,Ortaokul,https://cavdarhisarortaokulu.meb.k12.tr,,,https://cavdarhisarortaokulu.meb.k12.tr/tema/harita.php,2026-08-31,57,57,bulundu,https://cavdarhisarortaokulu.meb.k12.tr/,2026-10-01T19:01:03.682545+00:00,,Öğrenci Sayısı : 57
Kütahya,Çavdarhisar,Çavdarhisar Tarım Mesleki ve Teknik Anadolu Lisesi,974037,Mesleki ve Teknik Anadolu Lisesi,https://cavdarhisarmtal.meb.k12.tr,,,https://cavdarhisarmtal.meb.k12.tr/tema/harita.php,2026-08-31,82,82,bulundu,https://cavdarhisarmtal.meb.k12.tr/,2026-10-01T19:01:03.718511+00:00,,Öğrenci Sayısı 82
Kütahya,Çavdarhisar,İMAM HATİP ORTAOKULU,752385,İmam Hatip Ortaokulu,https://cavdarhisarimamhatip.meb.k12.tr,,,https://cavdarhisarimamhatip.meb.k12.tr/tema/harita.php,2026-08-31,44,44,bulundu,https://cavdarhisarimamhatip.meb.k12.tr/,2026-10-01T19:01:03.721925+00:00,,Öğrenci Sayısı : 44
Kütahya,Çavdarhisar,Şehit Sabahattin Şenkal Anaokulu,970030,Anaokulu,https://sssenkalao.meb.k12.tr,,,https://sssenkalao.meb.k12.tr/tema/harita.php,2026-08-31,49,49,bulundu,https://sssenkalao.meb.k12.tr/,2026-10-01T19:01:03.751789+00:00,,Öğrenci Sayısı: 49
Kütahya,Şaphane,75. Yıl Ortaokulu,711693,Ortaokul,https://saphane75yiloo.meb.k12.tr,,,https://saphane75yiloo.meb.k12.tr/tema/harita.php,2026-08-31,62,62,bulundu,https://saphane75yiloo.meb.k12.tr/,2026-10-01T19:01:03.778989+00:00,,Öğrenci Sayısı : 62
Kütahya,Şaphane,75. Yıl İlkokulu,711691,İlkokul,https://saphane75yilio.meb.k12.tr,,,https://saphane75yilio.meb.k12.tr/tema/harita.php,2026-08-31,51,51,bulundu,https://saphane75yilio.meb.k12.tr/,2026-10-01T19:01:03.819150+00:00,,Öğrenci Sayısı : 51
Kütahya,Şaphane,Karamanca İlkokulu,243284,İlkokul,https://karamancailkokulu.meb.k12.tr,,,https://karamancailkokulu.meb.k12.tr/tema/harita.php,2026-08-31,19,19,bulundu,https://karamancailkokulu.meb.k12.tr/,2026-10-01T19:01:03.864817+00:00,,Öğrenci Sayısı : 19
Kütahya,Şaphane,Şaphane Anaokulu,973675,Anaokulu,https://saphaneanaokulu.meb.k12.tr,,,https://saphaneanaokulu.meb.k12.tr/tema/harita.php,2026-08-31,,,bulunamadi,,2026-10-01T19:01:04.028606+00:00,,
Kütahya,Şaphane,Şaphane Halk Eğitimi Merkezi,252186,Halk Eğitimi Merkezi,https://saphanehalkegitim.meb.k12.tr,,,https://saphanehalkegitim.meb.k12.tr/tema/harita.php,2026-08-31,,,bulunamadi,,2026-10-01T19:01:04.037448+00:00,,
Kütahya,Şaphane,Şaphane Öğretmenevi ve Akşam Sanat okulu Müdürlüğü,971503,Öğretmenevi,https://saphaneogretmenevi.meb.k12.tr,,,https://saphaneogretmenevi.meb.k12.tr/tema/harita.php,2026-08-31,,,bulunamadi,,2026-10-01T19:01:04.158552+00:00,,
Kütahya,Şaphane,Şaphane İlkokulu,248682,İlkokul,https://saphaneilkokulu.meb.k12.tr,,,https://saphaneilkokulu.meb.k12.tr/tema/harita.php,2026-08-31,96,96,bulundu,https://saphaneilkokulu.meb.k12.tr/,2026-10-01T19:01:04.168451+00:00,,Öğrenci Sayısı : 96
Kütahya,Şaphane,Şaphane Şehit Ömer Halisdemir Ortaokulu,711719,Ortaokul,https://saphanesehitomerhalisdemiroo.meb.k12.tr,,,https://saphanesehitomerhalisdemiroo.meb.k12.tr/tema/harita.php,2026-08-31,69,69,bulundu,https://saphanesehitomerhalisdemiroo.meb.k12.tr/,2026-10-01T19:01:04.200381+00:00,,Öğrenci Sayısı : 69
Kırklareli,Babaeski,Alpullu Şeker Ortaokulu,715318,Ortaokul,https://alpullusekeroo.meb.k12.tr,,,https://alpullusekeroo.meb.k12.tr/tema/harita.php,2026-08-31,103,103,bulundu,https://alpullusekeroo.meb.k12.tr/tema/okulumuz_hakkinda.php,2026-10-01T19:01:04.223940+00:00,,Öğrenci : 103
Kırklareli,Babaeski,Alpullu Şeker İlkokulu,470698,İlkokul,https://alpullusekerio.meb.k12.tr,,,https://alpullusekerio.meb.k12.tr/tema/harita.php,2026-08-31,97,97,bulundu,https://alpullusekerio.meb.k12.tr/,2026-10-01T19:01:04.310110+00:00,,Öğrenci Sayısı 97
Kırklareli,Babaeski,Atatürk Ortaokulu,709105,Ortaokul,https://babaeskiataturk.meb.k12.tr,,,https://babaeskiataturk.meb.k12.tr/tema/harita.php,2026-08-31,440,440,bulundu,https://babaeskiataturk.meb.k12.tr/,2026-10-01T19:01:04.328360+00:00,,Öğrenci Sayısı 440
Kırklareli,Babaeski,Babaeski Atatürk Anadolu Lisesi,970071,Anadolu Lisesi,https://babaeskiataturkal.meb.k12.tr,,,https://babaeskiataturkal.meb.k12.tr/tema/harita.php,2026-08-31,208,208,bulundu,https://babaeskiataturkal.meb.k12.tr/tema/okulumuz_hakkinda.php,2026-10-01T19:01:04.347045+00:00,,Öğrenci : 208
Kırklareli,Babaeski,Babaeski Ayçiçeği Anaokulu,752254,Anaokulu,https://babaeskiaycicegianaokulu.meb.k12.tr,,,https://babaeskiaycicegianaokulu.meb.k12.tr/tema/harita.php,2026-08-31,146,146,bulundu,https://babaeskiaycicegianaokulu.meb.k12.tr/,2026-10-01T19:01:04.378795+00:00,,Öğrenci Sayısı: 146
Kırklareli,Babaeski,Babaeski Bilim ve Sanat Merkezi,769085,Bilim ve Sanat Merkezi,https://babaeskibilsem.meb.k12.tr,,,https://babaeskibilsem.meb.k12.tr/tema/harita.php,2026-08-31,29,29,bulundu,https://babaeskibilsem.meb.k12.tr/,2026-10-01T19:01:04.502368+00:00,,Öğrenci Sayısı : 29
Kırklareli,Babaeski,Babaeski Borsa İstanbul Mesleki ve Teknik Anadolu Lisesi,970122,Mesleki ve Teknik Anadolu Lisesi,https://babaeskibistmtal.meb.k12.tr,,,https://babaeskibistmtal.meb.k12.tr/tema/harita.php,2026-08-31,147,147,bulundu,https://babaeskibistmtal.meb.k12.tr/,2026-10-01T19:01:04.634411+00:00,,Öğrenci Sayısı : 147
Kırklareli,Babaeski,Babaeski Gazi Osman Paşa İlkokulu,709078,İlkokul,https://babaeskigaziosmanpasa.meb.k12.tr,,,https://babaeskigaziosmanpasa.meb.k12.tr/tema/harita.php,2026-08-31,289,289,bulundu,https://babaeskigaziosmanpasa.meb.k12.tr/,2026-10-01T19:01:04.836771+00:00,,Öğrenci Sayısı: 289
Kırklareli,Babaeski,Babaeski Halk Eğitimi Merkezi,171639,Halk Eğitimi Merkezi,https://babaeskihem.meb.k12.tr,,,https://babaeskihem.meb.k12.tr/tema/harita.php,2026-08-31,,,bulunamadi,,2026-10-01T19:01:04.869508+00:00,,
Kırklareli,Babaeski,Babaeski Mesleki Eğitim Merkezi,787982,Mesleki Eğitim Merkezi,https://babaeskimem.meb.k12.tr,,,https://babaeskimem.meb.k12.tr/tema/harita.php,2026-08-31,206,206,bulundu,https://babaeskimem.meb.k12.tr/,2026-10-01T19:01:04.993686+00:00,,Öğrenci Sayısı 206
Kırklareli,Babaeski,Babaeski Mesleki ve Teknik Anadolu Lisesi,867964,Mesleki ve Teknik Anadolu Lisesi,https://babaeskimtal.meb.k12.tr,,,https://babaeskimtal.meb.k12.tr/tema/harita.php,2026-08-31,131,131,bulundu,https://babaeskimtal.meb.k12.tr/,2026-10-01T19:01:05.021352+00:00,,Öğrenci Sayısı : 131
Kırklareli,Babaeski,Babaeski Ortaokulu,401250,Ortaokul,https://babaeskiortaokulu.meb.k12.tr,,,https://babaeskiortaokulu.meb.k12.tr/tema/harita.php,2026-08-31,235,235,bulundu,https://babaeskiortaokulu.meb.k12.tr/,2026-10-01T19:01:05.027840+00:00,,Öğrenci Sayısı 235
Kırklareli,Babaeski,Babaeski Türkiye Odalar ve Borsalar Birliği Anaokulu,776499,Anaokulu,https://776499.meb.k12.tr,,,https://776499.meb.k12.tr/tema/harita.php,2026-08-31,,,bulunamadi,,2026-10-01T19:01:05.032809+00:00,,
Kırklareli,Babaeski,Babaeski Öğretmenevi ve Akşam Sanat Okulu,971262,Öğretmenevi,https://babaeskiogretmenevi.meb.k12.tr,,,https://babaeskiogretmenevi.meb.k12.tr/tema/harita.php,2026-08-31,,,bulunamadi,,2026-10-01T19:01:05.062815+00:00,,
Kırklareli,Babaeski,Babaeski Şehit Ersan Yenici Anadolu Lisesi,317799,Anadolu Lisesi,https://babaeskial.meb.k12.tr,,,https://babaeskial.meb.k12.tr/tema/harita.php,2026-08-31,404,404,bulundu,https://babaeskial.meb.k12.tr/,2026-10-01T19:01:05.329950+00:00,,Öğrenci Sayısı 404
Kırklareli,Babaeski,Büyük Mandıra Atatürk İlkokulu,470686,İlkokul,https://buyukmandiraataturkio.meb.k12.tr,,,https://buyukmandiraataturkio.meb.k12.tr/tema/harita.php,2026-08-31,141,141,bulundu,https://buyukmandiraataturkio.meb.k12.tr/,2026-10-01T19:01:05.373214+00:00,,Öğrenci Sayısı: 141
Kırklareli,Babaeski,Büyük Mandıra Cumhuriyet Ortaokulu,709413,Ortaokul,https://buyukmandiracumhuriyet.meb.k12.tr,,,https://buyukmandiracumhuriyet.meb.k12.tr/tema/harita.php,2026-08-31,94,94,bulundu,https://buyukmandiracumhuriyet.meb.k12.tr/,2026-10-01T19:01:05.457007+00:00,,Öğrenci Sayısı 94
Kırklareli,Babaeski,Cumhuriyet İlkokulu,473032,İlkokul,https://babaeskicumhuriyet.meb.k12.tr,,,https://babaeskicumhuriyet.meb.k12.tr/tema/harita.php,2026-08-31,504,504,bulundu,https://babaeskicumhuriyet.meb.k12.tr/,2026-10-01T19:01:05.931048+00:00,,Öğrenci Sayısı 504
Kırklareli,Babaeski,FATİH ORTAOKULU,763656,Ortaokul,https://babaeskifatihortaokulu.meb.k12.tr,,,https://babaeskifatihortaokulu.meb.k12.tr/tema/harita.php,2026-08-31,234,234,bulundu,https://babaeskifatihortaokulu.meb.k12.tr/tema/okulumuz_hakkinda.php,2026-10-01T19:01:05.939985+00:00,,Öğrenci : 234
Kırklareli,Babaeski,Fatih İlkokulu,976840,İlkokul,https://babaeskifatih.meb.k12.tr,,,https://babaeskifatih.meb.k12.tr/tema/harita.php,2026-08-31,326,326,bulundu,https://babaeskifatih.meb.k12.tr/,2026-10-01T19:01:06.006694+00:00,,Öğrenci Sayısı : 326
Kırklareli,Babaeski,Karahalil Ortaokulu,722594,Ortaokul,https://karahaliloo.meb.k12.tr,,,https://karahaliloo.meb.k12.tr/tema/harita.php,2026-08-31,30,30,bulundu,https://karahaliloo.meb.k12.tr/,2026-10-01T19:01:06.029365+00:00,,Öğrenci Sayısı : 30
Kırklareli,Babaeski,Karahalil İlkokulu,171568,İlkokul,https://karahalilio.meb.k12.tr,,,https://karahalilio.meb.k12.tr/tema/harita.php,2026-08-31,55,55,bulundu,https://karahalilio.meb.k12.tr/,2026-10-01T19:01:06.077803+00:00,,Öğrenci Sayısı 55
Kırklareli,Babaeski,Kuleli Ortaokulu,722689,Ortaokul,https://kulelioo.meb.k12.tr,,,https://kulelioo.meb.k12.tr/tema/harita.php,2026-08-31,,,bulunamadi,,2026-10-01T19:01:06.107801+00:00,,
Kırklareli,Babaeski,Kuleli İlkokulu,879402,İlkokul,https://kuleliio.meb.k12.tr,,,https://kuleliio.meb.k12.tr/tema/harita.php,2026-08-31,29,29,bulundu,https://kuleliio.meb.k12.tr/,2026-10-01T19:01:06.148134+00:00,,Öğrenci Sayısı 29
Kırklareli,Babaeski,Mimar Sinan İlkokulu,709090,İlkokul,https://babaeskimimarsinan.meb.k12.tr,,,https://babaeskimimarsinan.meb.k12.tr/tema/harita.php,2026-08-31,326,326,bulundu,https://babaeskimimarsinan.meb.k12.tr/tema/okulumuz_hakkinda.php,2026-10-01T19:01:06.362004+00:00,,Öğrenci : 326
Kırklareli,Babaeski,Nadırlı Mehmet Fevzi Özdemir Ortaokulu,722723,Ortaokul,https://nadrlmfortaokulu.meb.k12.tr,,,https://nadrlmfortaokulu.meb.k12.tr/tema/harita.php,2026-08-31,37,37,bulundu,https://nadrlmfortaokulu.meb.k12.tr/,2026-10-01T19:01:06.639938+00:00,,Öğrenci Sayısı 37
Kırklareli,Babaeski,Nadırlı Mehmet Fevzi Özdemir İlkokulu,470625,İlkokul,https://nadirlimfoio.meb.k12.tr,,,https://nadirlimfoio.meb.k12.tr/tema/harita.php,2026-08-31,39,39,bulundu,https://nadirlimfoio.meb.k12.tr/,2026-10-01T19:01:06.858357+00:00,,Öğrenci Sayısı 39
Kırklareli,Babaeski,Plevne Ortaokulu,722413,Ortaokul,https://plevneoo.meb.k12.tr,,,https://plevneoo.meb.k12.tr/tema/harita.php,2026-08-31,206,206,bulundu,https://plevneoo.meb.k12.tr/,2026-10-01T19:01:06.939646+00:00,,Öğrenci Sayısı 206
Kırklareli,Babaeski,Plevne İlkokulu,383752,İlkokul,https://plevneio.meb.k12.tr,,,https://plevneio.meb.k12.tr/tema/harita.php,2026-08-31,143,143,bulundu,https://plevneio.meb.k12.tr/,2026-10-01T19:01:06.949048+00:00,,Öğrenci Sayısı 143
Kırklareli,Babaeski,Sinanlı İlkokulu,229178,İlkokul,https://sinanliio.meb.k12.tr,,,https://sinanliio.meb.k12.tr/tema/harita.php,2026-08-31,30,30,bulundu,https://sinanliio.meb.k12.tr/,2026-10-01T19:01:07.017282+00:00,,Öğrenci Sayısı: 30
Kırklareli,Babaeski,Zübeyde Hanım Anaokulu,869005,Anaokulu,https://babaeskizubeydehanimanaokulu.meb.k12.tr,,,https://babaeskizubeydehanimanaokulu.meb.k12.tr/tema/harita.php,2026-08-31,106,106,bulundu,https://babaeskizubeydehanimanaokulu.meb.k12.tr/,2026-10-01T19:01:07.023866+00:00,,Öğrenci Sayısı 106
Kırklareli,Babaeski,Şehit Turgay Süzgen Anadolu İmam Hatip Lisesi,974395,Anadolu İmam Hatip Lisesi,https://babaeskiimamhatiplisesi.meb.k12.tr,,,https://babaeskiimamhatiplisesi.meb.k12.tr/tema/harita.php,2026-08-31,99,99,bulundu,https://babaeskiimamhatiplisesi.meb.k12.tr/tema/okulumuz_hakkinda.php,2026-10-01T19:01:07.555343+00:00,,Öğrenci : 99
Kırklareli,Demirköy,Atatürk İlkokulu,887717,İlkokul,https://demirkoyataturkio.meb.k12.tr,,,https://demirkoyataturkio.meb.k12.tr/tema/harita.php,2026-08-31,200,200,bulundu,https://demirkoyataturkio.meb.k12.tr/,2026-10-01T19:01:07.740348+00:00,,Öğrenci Sayısı: 200
Kırklareli,Demirköy,Demirköy Anadolu Lisesi,171664,Anadolu Lisesi,https://demirkoyanadolulisesi.meb.k12.tr,,,https://demirkoyanadolulisesi.meb.k12.tr/tema/harita.php,2026-08-31,158,158,bulundu,https://demirkoyanadolulisesi.meb.k12.tr/,2026-10-01T19:01:07.770459+00:00,,Öğrenci Sayısı : 158
Kırklareli,Demirköy,Demirköy Halk Eğitimi Merkezi,171676,Halk Eğitimi Merkezi,https://demirkoyhem.meb.k12.tr,,,https://demirkoyhem.meb.k12.tr/tema/harita.php,2026-08-31,,,bulunamadi,,2026-10-01T19:01:07.921621+00:00,,
Kırklareli,Demirköy,Demirköy İmam Hatip Ortaokulu,762092,İmam Hatip Ortaokulu,https://demirkoyimamhatiportaokulu.meb.k12.tr,,,https://demirkoyimamhatiportaokulu.meb.k12.tr/tema/harita.php,2026-08-31,24,24,bulundu,https://demirkoyimamhatiportaokulu.meb.k12.tr/,2026-10-01T19:01:08.053413+00:00,,Öğrenci Sayısı : 24
Kırklareli,Demirköy,Fatih Ortaokulu,853274,Ortaokul,https://demirkoyfatihortaokulu.meb.k12.tr,,,https://demirkoyfatihortaokulu.meb.k12.tr/tema/harita.php,2026-08-31,196,196,bulundu,https://demirkoyfatihortaokulu.meb.k12.tr/tema/okulumuz_hakkinda.php,2026-10-01T19:01:08.064730+00:00,,Öğrenci : 196
Kırklareli,Demirköy,Sivriler İlkokulu,853156,İlkokul,https://demirkoysivrilerio.meb.k12.tr,,,https://demirkoysivrilerio.meb.k12.tr/tema/harita.php,2026-08-31,29,29,bulundu,https://demirkoysivrilerio.meb.k12.tr/tema/okulumuz_hakkinda.php,2026-10-01T19:01:08.132435+00:00,,Öğrenci : 29
Kırklareli,Demirköy,İğneada Atatürk Ortaokulu,715525,Ortaokul,https://igneadaataturkoo.meb.k12.tr,,,https://igneadaataturkoo.meb.k12.tr/tema/harita.php,2026-08-31,121,121,bulundu,https://igneadaataturkoo.meb.k12.tr/,2026-10-01T19:01:08.145335+00:00,,Öğrenci Sayısı : 121
Kırklareli,Demirköy,İğneada Atatürk İlkokulu,715487,İlkokul,https://igneadaataturkio.meb.k12.tr,,,https://igneadaataturkio.meb.k12.tr/tema/harita.php,2026-08-31,123,123,bulundu,https://igneadaataturkio.meb.k12.tr/,2026-10-01T19:01:08.160963+00:00,,Öğrenci Sayısı : 123
Kırklareli,Demirköy,İğneada Zübeyde Hanım Anaokulu,974433,Anaokulu,https://igneadazubeydehanim.meb.k12.tr,,,https://igneadazubeydehanim.meb.k12.tr/tema/harita.php,2026-08-31,37,37,bulundu,https://igneadazubeydehanim.meb.k12.tr/,2026-10-01T19:01:08.203929+00:00,,Öğrenci Sayısı: 37
Kırklareli,Kofçaz,Atatürk Ortaokulu,708805,Ortaokul,https://kofcazortaokulu.meb.k12.tr,,,https://kofcazortaokulu.meb.k12.tr/tema/harita.php,2026-08-31,43,43,bulundu,https://kofcazortaokulu.meb.k12.tr/,2026-10-01T19:01:08.272796+00:00,,Öğrenci Sayısı 43
Kırklareli,Kofçaz,Kofçaz Halk Eğitimi Merkezi,171723,Halk Eğitimi Merkezi,https://kofcazhalkegitim.meb.k12.tr,,,https://kofcazhalkegitim.meb.k12.tr/tema/harita.php,2026-08-31,,,bulunamadi,,2026-10-01T19:01:08.303194+00:00,,
Kırklareli,Kofçaz,Şehit Anıl YALAP İlkokulu,708607,İlkokul,https://sehitanilyalapilkokulu.meb.k12.tr,,,https://sehitanilyalapilkokulu.meb.k12.tr/tema/harita.php,2026-08-31,54,54,bulundu,https://sehitanilyalapilkokulu.meb.k12.tr/,2026-10-01T19:01:08.341483+00:00,,Öğrenci Sayısı : 54
Kırklareli,Lüleburgaz,8 Kasım Ortaokulu,737706,Ortaokul,https://8kasimortaokulu.meb.k12.tr,,,https://8kasimortaokulu.meb.k12.tr/tema/harita.php,2026-08-31,1012,1012,bulundu,https://8kasimortaokulu.meb.k12.tr/,2026-10-01T19:01:08.459446+00:00,,Öğrenci Sayısı : 1012
Kırklareli,Lüleburgaz,80.Yıl Ortaokulu,737417,Ortaokul,https://luleburgaz80yil.meb.k12.tr,,,https://luleburgaz80yil.meb.k12.tr/tema/harita.php,2026-08-31,439,439,bulundu,https://luleburgaz80yil.meb.k12.tr/,2026-10-01T19:01:08.543625+00:00,,Öğrenci Sayısı: 439
Kırklareli,Lüleburgaz,Ahmetbey Atatürk Ortaokulu,720448,Ortaokul,https://ahmetbey_ataturk_ortaokulu.meb.k12.tr,,,https://ahmetbey_ataturk_ortaokulu.meb.k12.tr/tema/harita.php,2026-08-31,,,bulunamadi,,2026-10-01T19:01:08.584215+00:00,,
Kırklareli,Lüleburgaz,Ahmetbey Atatürk İlkokulu,720341,İlkokul,https://ahmetbey_ataturk_io.meb.k12.tr,,,https://ahmetbey_ataturk_io.meb.k12.tr/tema/harita.php,2026-08-31,,,bulunamadi,,2026-10-01T19:01:08.724830+00:00,,
Kırklareli,Lüleburgaz,Ahmetbey Cumhuriyet Ortaokulu,722455,Ortaokul,https://ahmetbeycumhuriyetoo.meb.k12.tr,,,https://ahmetbeycumhuriyetoo.meb.k12.tr/tema/harita.php,2026-08-31,91,91,bulundu,https://ahmetbeycumhuriyetoo.meb.k12.tr/tema/okulumuz_hakkinda.php,2026-10-01T19:01:08.808059+00:00,,Öğrenci : 91
Kırklareli,Lüleburgaz,Ahmetbey Cumhuriyet İlkokulu,738029,İlkokul,https://ahmetbeycumhuriyet.meb.k12.tr,,,https://ahmetbeycumhuriyet.meb.k12.tr/tema/harita.php,2026-08-31,59,59,bulundu,https://ahmetbeycumhuriyet.meb.k12.tr/,2026-10-01T19:01:08.882088+00:00,,Öğrenci Sayısı 59
Kırklareli,Lüleburgaz,Ahmetbey Şehit Öğretmen Uğur Gören Çok Programlı Anadolu Lisesi,319977,Çok Programlı Anadolu Lisesi,https://ahmetbeycpl.meb.k12.tr,,,https://ahmetbeycpl.meb.k12.tr/tema/harita.php,2026-08-31,74,74,bulundu,https://ahmetbeycpl.meb.k12.tr/,2026-10-01T19:01:09.242340+00:00,,Öğrenci Sayısı : 74
Kırklareli,Lüleburgaz,Atatürk İlkokulu,737770,İlkokul,https://luleburgazataturkio.meb.k12.tr,,,https://luleburgazataturkio.meb.k12.tr/tema/harita.php,2026-08-31,721,721,bulundu,https://luleburgazataturkio.meb.k12.tr/,2026-10-01T19:01:09.286241+00:00,,Öğrenci Sayısı : 721
Kırklareli,Lüleburgaz,Ayçiçeği Anaokulu,767361,Anaokulu,https://aycicegiao.meb.k12.tr,,,https://aycicegiao.meb.k12.tr/tema/harita.php,2026-08-31,158,158,bulundu,https://aycicegiao.meb.k12.tr/,2026-10-01T19:01:09.377054+00:00,,Öğrenci Sayısı 158
Kırklareli,Lüleburgaz,Ayçiçeği Özel Eğitim Anaokulu,773420,Anaokulu,https://773420.meb.k12.tr,,,https://773420.meb.k12.tr/tema/harita.php,2026-08-31,0,0,bulundu,https://773420.meb.k12.tr/,2026-10-01T19:01:09.506225+00:00,,Öğrenci Sayısı : 0
Kırklareli,Lüleburgaz,Bahçelievler İlkokulu,719746,İlkokul,https://luleburgazbahcelievlerio.meb.k12.tr,,,https://luleburgazbahcelievlerio.meb.k12.tr/tema/harita.php,2026-08-31,861,861,bulundu,https://luleburgazbahcelievlerio.meb.k12.tr/,2026-10-01T19:01:09.704293+00:00,,Öğrenci Sayısı 861
Kırklareli,Lüleburgaz,Büyükkarıştıran Ortaokulu,721672,Ortaokul,https://buyukkaristirano.meb.k12.tr,,,https://buyukkaristirano.meb.k12.tr/tema/harita.php,2026-08-31,345,345,bulundu,https://buyukkaristirano.meb.k12.tr/,2026-10-01T19:01:09.728846+00:00,,Öğrenci Sayısı : 345
Kırklareli,Lüleburgaz,Büyükkarıştıran Çok Programlı Anadolu Lisesi,962152,Çok Programlı Anadolu Lisesi,https://buyukkaristirancpal.meb.k12.tr,,,https://buyukkaristirancpal.meb.k12.tr/tema/harita.php,2026-08-31,173,173,bulundu,https://buyukkaristirancpal.meb.k12.tr/,2026-10-01T19:01:09.884950+00:00,,Öğrenci Sayısı : 173
Kırklareli,Lüleburgaz,Büyükkarıştıran İlkokulu,721114,İlkokul,https://buyukkaristiranio.meb.k12.tr,,,https://buyukkaristiranio.meb.k12.tr/tema/harita.php,2026-08-31,429,429,bulundu,https://buyukkaristiranio.meb.k12.tr/,2026-10-01T19:01:09.895789+00:00,,Öğrenci Sayısı : 429
Kırklareli,Lüleburgaz,Celaliye Necati Gültekin İlkokulu,721182,İlkokul,https://celaliyenecatigultekinio.meb.k12.tr,,,https://celaliyenecatigultekinio.meb.k12.tr/tema/harita.php,2026-08-31,56,56,bulundu,https://celaliyenecatigultekinio.meb.k12.tr/,2026-10-01T19:01:09.945123+00:00,,Öğrenci Sayısı : 56
Kırklareli,Lüleburgaz,Celaliye Ortaokulu,721754,Ortaokul,https://luleburgazcelaliyeoo.meb.k12.tr,,,https://luleburgazcelaliyeoo.meb.k12.tr/tema/harita.php,2026-08-31,38,38,bulundu,https://luleburgazcelaliyeoo.meb.k12.tr/tema/okulumuz_hakkinda.php,2026-10-01T19:01:09.973315+00:00,,Öğrenci : 38
Kırklareli,Lüleburgaz,Cumhuriyet Ortaokulu,721734,Ortaokul,https://luleburgazcumhuriyetoo.meb.k12.tr,,,https://luleburgazcumhuriyetoo.meb.k12.tr/tema/harita.php,2026-08-31,264,264,bulundu,https://luleburgazcumhuriyetoo.meb.k12.tr/,2026-10-01T19:01:10.364439+00:00,,Öğrenci Sayısı : 264
Kırklareli,Lüleburgaz,Cumhuriyet İlkokulu,719044,İlkokul,https://luleburgazcumhuriyetio.meb.k12.tr,,,https://luleburgazcumhuriyetio.meb.k12.tr/tema/harita.php,2026-08-31,350,350,bulundu,https://luleburgazcumhuriyetio.meb.k12.tr/,2026-10-01T19:01:10.365346+00:00,,Öğrenci Sayısı : 350
Kırklareli,Lüleburgaz,Durak Ortaokulu,728287,Ortaokul,https://durakortaokulu.meb.k12.tr,,,https://durakortaokulu.meb.k12.tr/tema/harita.php,2026-08-31,136,136,bulundu,https://durakortaokulu.meb.k12.tr/,2026-10-01T19:01:10.443044+00:00,,Öğrenci Sayısı 136
Kırklareli,Lüleburgaz,Durak İlkokulu,728279,İlkokul,https://durakilkokulu.meb.k12.tr,,,https://durakilkokulu.meb.k12.tr/tema/harita.php,2026-08-31,172,172,bulundu,https://durakilkokulu.meb.k12.tr/,2026-10-01T19:01:10.640518+00:00,,Öğrenci Sayısı: 172
Kırklareli,Lüleburgaz,Düvenciler Anadolu Lisesi,970724,Anadolu Lisesi,https://duvencileranadolulisesi.meb.k12.tr,,,https://duvencileranadolulisesi.meb.k12.tr/tema/harita.php,2026-08-31,553,553,bulundu,https://duvencileranadolulisesi.meb.k12.tr/,2026-10-01T19:01:10.697626+00:00,,Öğrenci Sayısı : 553
Kırklareli,Lüleburgaz,Düğüncübaşı Ortaokulu,721747,Ortaokul,https://duguncubasiortaokulu.meb.k12.tr,,,https://duguncubasiortaokulu.meb.k12.tr/tema/harita.php,2026-08-31,35,35,bulundu,https://duguncubasiortaokulu.meb.k12.tr/,2026-10-01T19:01:10.701599+00:00,,Öğrenci Sayısı : 35
Kırklareli,Lüleburgaz,Düğüncübaşı İlkokulu,721233,İlkokul,https://duguncubasiilkokulu.meb.k12.tr,,,https://duguncubasiilkokulu.meb.k12.tr/tema/harita.php,2026-08-31,33,33,bulundu,https://duguncubasiilkokulu.meb.k12.tr/,2026-10-01T19:01:10.711142+00:00,,Öğrenci Sayısı : 33
Kırklareli,Lüleburgaz,Emrullah Efendi Ortaokulu,737694,Ortaokul,https://emrullahefendiortaokulu.meb.k12.tr,,,https://emrullahefendiortaokulu.meb.k12.tr/tema/harita.php,2026-08-31,845,845,bulundu,https://emrullahefendiortaokulu.meb.k12.tr/tema/okulumuz_hakkinda.php,2026-10-01T19:01:10.801076+00:00,,Öğrenci : 845
Kırklareli,Lüleburgaz,Eskitaşlı Şehit Er Recep Savaş Sinar Ortaokulu,721652,Ortaokul,https://eskitasliortaokulu.meb.k12.tr,,,https://eskitasliortaokulu.meb.k12.tr/tema/harita.php,2026-08-31,44,44,bulundu,https://eskitasliortaokulu.meb.k12.tr/,2026-10-01T19:01:10.811018+00:00,,Öğrenci Sayısı 44
Kırklareli,Lüleburgaz,Eskitaşlı Şehit Er Recep Savaş Sinar İlkokulu,721279,İlkokul,https://eskitasliilkokulu.meb.k12.tr,,,https://eskitasliilkokulu.meb.k12.tr/tema/harita.php,2026-08-31,42,42,bulundu,https://eskitasliilkokulu.meb.k12.tr/,2026-10-01T19:01:11.295889+00:00,,Öğrenci Sayısı 42
Kırklareli,Lüleburgaz,Evrensekiz Ortaokulu,721721,Ortaokul,https://evrensekizoo.meb.k12.tr,,,https://evrensekizoo.meb.k12.tr/tema/harita.php,2026-08-31,79,79,bulundu,https://evrensekizoo.meb.k12.tr/tema/okulumuz_hakkinda.php,2026-10-01T19:01:11.372931+00:00,,Öğrenci : 79
Kırklareli,Lüleburgaz,Evrensekiz İlkokulu,721324,İlkokul,https://evrensekizio.meb.k12.tr,,,https://evrensekizio.meb.k12.tr/tema/harita.php,2026-08-31,100,100,bulundu,https://evrensekizio.meb.k12.tr/,2026-10-01T19:01:11.384043+00:00,,Öğrenci Sayısı : 100
Kırklareli,Lüleburgaz,Fehmi Mutlu Ortaokulu,719374,Ortaokul,https://fehmimutluoo.meb.k12.tr,,,https://fehmimutluoo.meb.k12.tr/tema/harita.php,2026-08-31,737,737,bulundu,https://fehmimutluoo.meb.k12.tr/,2026-10-01T19:01:11.446660+00:00,,Öğrenci Sayısı : 737
Kırklareli,Lüleburgaz,Gazi Mustafa Kemal İlkokulu,719617,İlkokul,https://luleburgazgazimk.meb.k12.tr,,,https://luleburgazgazimk.meb.k12.tr/tema/harita.php,2026-08-31,452,452,bulundu,https://luleburgazgazimk.meb.k12.tr/,2026-10-01T19:01:11.454222+00:00,,Öğrenci Sayısı : 452
Kırklareli,Lüleburgaz,General Ferhat Akat İlkokulu,719391,İlkokul,https://generalferhatakat.meb.k12.tr,,,https://generalferhatakat.meb.k12.tr/tema/harita.php,2026-08-31,646,646,bulundu,https://generalferhatakat.meb.k12.tr/,2026-10-01T19:01:11.481519+00:00,,Öğrenci Sayısı: 646
Kırklareli,Lüleburgaz,Hacı Ahmet Azman İmam Hatip Ortaokulu,764637,İmam Hatip Ortaokulu,https://hacahmetazmaniho.meb.k12.tr,,,https://hacahmetazmaniho.meb.k12.tr/tema/harita.php,2026-08-31,60,60,bulundu,https://hacahmetazmaniho.meb.k12.tr/,2026-10-01T19:01:11.594820+00:00,,Öğrenci Sayısı 60
Kırklareli,Lüleburgaz,Hamitabat Nazmi Uçak Ortaokulu,721704,Ortaokul,https://hamitabatnazmiucakortaokulu.meb.k12.tr,,,https://hamitabatnazmiucakortaokulu.meb.k12.tr/tema/harita.php,2026-08-31,42,42,bulundu,https://hamitabatnazmiucakortaokulu.meb.k12.tr/,2026-10-01T19:01:11.597438+00:00,,Öğrenci Sayısı 42
Kırklareli,Lüleburgaz,Hamitabat Nazmi Uçak İlkokulu,721395,İlkokul,https://hamitabatnazmiucakilkokulu.meb.k12.tr,,,https://hamitabatnazmiucakilkokulu.meb.k12.tr/tema/harita.php,2026-08-31,37,37,bulundu,https://hamitabatnazmiucakilkokulu.meb.k12.tr/,2026-10-01T19:01:12.010600+00:00,,Öğrenci Sayısı 37
Kırklareli,Lüleburgaz,Hürriyet Ortaokulu,719494,Ortaokul,https://luleburgazhurriyetoo.meb.k12.tr,,,https://luleburgazhurriyetoo.meb.k12.tr/tema/harita.php,2026-08-31,655,655,bulundu,https://luleburgazhurriyetoo.meb.k12.tr/tema/okulumuz_hakkinda.php,2026-10-01T19:01:12.084636+00:00,,Öğrenci : 655
Kırklareli,Lüleburgaz,Kepirtepe Anadolu Lisesi,345367,Anadolu Lisesi,https://kepirtepe.meb.k12.tr,,,https://kepirtepe.meb.k12.tr/tema/harita.php,2026-08-31,468,468,bulundu,https://kepirtepe.meb.k12.tr/,2026-10-01T19:01:12.167853+00:00,,Öğrenci Sayısı : 468
Kırklareli,Lüleburgaz,Kocasinan İlkokulu,719518,İlkokul,https://kocasinanilkokulu.meb.k12.tr,,,https://kocasinanilkokulu.meb.k12.tr/tema/harita.php,2026-08-31,873,873,bulundu,https://kocasinanilkokulu.meb.k12.tr/,2026-10-01T19:01:12.205824+00:00,,Öğrenci Sayısı : 873
Kırklareli,Lüleburgaz,Kırklareli Lüleburgaz TEK Güzel Sanatlar Lisesi,886904,Güzel Sanatlar Lisesi,https://tekgssl.meb.k12.tr,,,https://tekgssl.meb.k12.tr/tema/harita.php,2026-08-31,118,118,bulundu,https://tekgssl.meb.k12.tr/,2026-10-01T19:01:12.237233+00:00,,Öğrenci Sayısı : 118
Kırklareli,Lüleburgaz,Kırıkköy Ortaokulu,721623,Ortaokul,https://kirikkoyoo.meb.k12.tr,,,https://kirikkoyoo.meb.k12.tr/tema/harita.php,2026-08-31,47,47,bulundu,https://kirikkoyoo.meb.k12.tr/,2026-10-01T19:01:12.344126+00:00,,Öğrenci Sayısı : 47
Kırklareli,Lüleburgaz,Kırıkköy İlkokulu,721466,İlkokul,https://kirikkoyio.meb.k12.tr,,,https://kirikkoyio.meb.k12.tr/tema/harita.php,2026-08-31,59,59,bulundu,https://kirikkoyio.meb.k12.tr/,2026-10-01T19:01:12.405452+00:00,,Öğrenci Sayısı : 59
Kırklareli,Lüleburgaz,LÜLEBURGAZ ZÜBEYDE HANIM ANAOKULU,964602,Anaokulu,https://luleburgazzubeydehanimanaokulu.meb.k12.tr,,,https://luleburgazzubeydehanimanaokulu.meb.k12.tr/tema/harita.php,2026-08-31,182,182,bulundu,https://luleburgazzubeydehanimanaokulu.meb.k12.tr/tema/okulumuz_hakkinda.php,2026-10-01T19:01:12.466011+00:00,,Öğrenci : 182
Kırklareli,Lüleburgaz,Lüleburgaz Anadolu Lisesi,215930,Anadolu Lisesi,https://lal.meb.k12.tr,,,https://lal.meb.k12.tr/tema/harita.php,2026-08-31,551,551,bulundu,https://lal.meb.k12.tr/,2026-10-01T19:01:12.487868+00:00,,Öğrenci Sayısı : 551
Kırklareli,Lüleburgaz,Lüleburgaz Anadolu İmam Hatip Lisesi,965162,Anadolu İmam Hatip Lisesi,https://luleburgazihl.meb.k12.tr,,,https://luleburgazihl.meb.k12.tr/tema/harita.php,2026-08-31,238,238,bulundu,https://luleburgazihl.meb.k12.tr/tema/okulumuz_hakkinda.php,2026-10-01T19:01:12.779039+00:00,,Öğrenci : 238
Kırklareli,Lüleburgaz,Lüleburgaz Atatürk Anadolu Lisesi,972913,Anadolu Lisesi,https://luleburgazataturkanadolulisesi.meb.k12.tr,,,https://luleburgazataturkanadolulisesi.meb.k12.tr/tema/harita.php,2026-08-31,511,511,bulundu,https://luleburgazataturkanadolulisesi.meb.k12.tr/,2026-10-01T19:01:12.872113+00:00,,Öğrenci Sayısı 511
Kırklareli,Lüleburgaz,Lüleburgaz Halk Eğitimi Merkezi,171975,Halk Eğitimi Merkezi,https://luleburgazhem.meb.k12.tr,,,https://luleburgazhem.meb.k12.tr/tema/harita.php,2026-08-31,,,bulunamadi,,2026-10-01T19:01:12.921889+00:00,,
Kırklareli,Lüleburgaz,Lüleburgaz Lisesi,964134,Lise,https://luleburgazlisesi.meb.k12.tr,,,https://luleburgazlisesi.meb.k12.tr/tema/harita.php,2026-08-31,568,568,bulundu,https://luleburgazlisesi.meb.k12.tr/tema/okulumuz_hakkinda.php,2026-10-01T19:01:12.945913+00:00,,Öğrenci : 568
Kırklareli,Lüleburgaz,Lüleburgaz Mesleki Eğitim Merkezi,251085,Mesleki Eğitim Merkezi,https://luleburgazmesem.meb.k12.tr,,,https://luleburgazmesem.meb.k12.tr/tema/harita.php,2026-08-31,476,476,bulundu,https://luleburgazmesem.meb.k12.tr/,2026-10-01T19:01:12.970612+00:00,,Öğrenci Sayısı : 476
Kırklareli,Lüleburgaz,Lüleburgaz Mesleki ve Teknik Anadolu Lisesi,171938,Mesleki ve Teknik Anadolu Lisesi,https://luleburgazmtal.meb.k12.tr,,,https://luleburgazmtal.meb.k12.tr/tema/harita.php,2026-08-31,857,857,bulundu,https://luleburgazmtal.meb.k12.tr/tema/okulumuz_hakkinda.php,2026-10-01T19:01:13.134734+00:00,,Öğrenci : 857
Kırklareli,Lüleburgaz,Lüleburgaz Ortaokulu,719525,Ortaokul,https://luleburgazortaokulu.meb.k12.tr,,,https://luleburgazortaokulu.meb.k12.tr/tema/harita.php,2026-08-31,673,673,bulundu,https://luleburgazortaokulu.meb.k12.tr/,2026-10-01T19:01:13.184886+00:00,,Öğrenci Sayısı : 673
Kırklareli,Lüleburgaz,Lüleburgaz Ramazan Yaman Fen Lisesi,970968,Fen Lisesi,https://ramazanyamanfenlisesi.meb.k12.tr,,,https://ramazanyamanfenlisesi.meb.k12.tr/tema/harita.php,2026-08-31,340,340,bulundu,https://ramazanyamanfenlisesi.meb.k12.tr/,2026-10-01T19:01:13.188885+00:00,,Öğrenci Sayısı : 340
Kırklareli,Lüleburgaz,Lüleburgaz Rehberlik ve Araştırma Merkezi,887851,Rehberlik ve Araştırma Merkezi,https://luleburgazram.meb.k12.tr,,,https://luleburgazram.meb.k12.tr/tema/harita.php,2026-08-31,,,bulunamadi,,2026-10-01T19:01:13.237691+00:00,,
Kırklareli,Lüleburgaz,Lüleburgaz Ticaret ve Sanayi Odası Bilim ve Sanat Merkezi,764321,Bilim ve Sanat Merkezi,https://luleburgazbilsem.meb.k12.tr,,,https://luleburgazbilsem.meb.k12.tr/tema/harita.php,2026-08-31,279,279,bulundu,https://luleburgazbilsem.meb.k12.tr/,2026-10-01T19:01:13.282391+00:00,,Öğrenci Sayısı 279
Kırklareli,Lüleburgaz,Lüleburgaz Öğretmenevi ve Akşam Sanat Okulu,971263,Öğretmenevi,https://luleburgazogretmenevi.meb.k12.tr,,,https://luleburgazogretmenevi.meb.k12.tr/tema/harita.php,2026-08-31,,,bulunamadi,,2026-10-01T19:01:13.345893+00:00,,
Kırklareli,Lüleburgaz,Lüleburgaz İmam Hatip Ortaokulu,746678,İmam Hatip Ortaokulu,https://luleburgaziho.meb.k12.tr,,,https://luleburgaziho.meb.k12.tr/tema/harita.php,2026-08-31,181,181,bulundu,https://luleburgaziho.meb.k12.tr/,2026-10-01T19:01:13.460426+00:00,,Öğrenci Sayısı : 181
Kırklareli,Lüleburgaz,Mehmet Akif Ersoy Ticaret Mesleki ve Teknik Anadolu Lisesi,215929,Mesleki ve Teknik Anadolu Lisesi,https://luleburgazmehmetakifersoy.meb.k12.tr,,,https://luleburgazmehmetakifersoy.meb.k12.tr/tema/harita.php,2026-08-31,600,600,bulundu,https://luleburgazmehmetakifersoy.meb.k12.tr/,2026-10-01T19:01:13.493178+00:00,,Öğrenci Sayısı : 600
Kırklareli,Lüleburgaz,Ramazan Yaman İlkokulu,719732,İlkokul,https://ramazanyamani.meb.k12.tr,,,https://ramazanyamani.meb.k12.tr/tema/harita.php,2026-08-31,297,297,bulundu,https://ramazanyamani.meb.k12.tr/tema/okulumuz_hakkinda.php,2026-10-01T19:01:13.656430+00:00,,Öğrenci : 297
Kırklareli,Lüleburgaz,Sakızköy İlkokulu,721551,İlkokul,https://sakizkoyilkokulu.meb.k12.tr,,,https://sakizkoyilkokulu.meb.k12.tr/tema/harita.php,2026-08-31,28,28,bulundu,https://sakizkoyilkokulu.meb.k12.tr/,2026-10-01T19:01:13.725677+00:00,,Öğrenci Sayısı : 28
Kırklareli,Lüleburgaz,T.E.K. Ortaokulu,719539,Ortaokul,https://lbtekoo.meb.k12.tr,,,https://lbtekoo.meb.k12.tr/tema/harita.php,2026-08-31,,,bulunamadi,,2026-10-01T19:01:13.794868+00:00,,
Kırklareli,Lüleburgaz,Tatarköy İlkokulu,470924,İlkokul,https://tatarkoy.meb.k12.tr,,,https://tatarkoy.meb.k12.tr/tema/harita.php,2026-08-31,,,bulunamadi,,2026-10-01T19:01:13.825042+00:00,,
Kırklareli,Lüleburgaz,Tek Anaokulu,752395,Anaokulu,https://tekanaokulu.meb.k12.tr,,,https://tekanaokulu.meb.k12.tr/tema/harita.php,2026-08-31,110,110,bulundu,https://tekanaokulu.meb.k12.tr/,2026-10-01T19:01:13.882548+00:00,,Öğrenci Sayısı: 110
Kırklareli,Lüleburgaz,Ticaret ve Sanayi Odası İlkokulu,719557,İlkokul,https://ticaretvesanayiodasiio.meb.k12.tr,,,https://ticaretvesanayiodasiio.meb.k12.tr/tema/harita.php,2026-08-31,846,846,bulundu,https://ticaretvesanayiodasiio.meb.k12.tr/,2026-10-01T19:01:13.910396+00:00,,Öğrenci Sayısı 846
Kırklareli,Lüleburgaz,Turgutbey İlkokulu,719803,İlkokul,https://luleburgazturgutbeyio.meb.k12.tr,,,https://luleburgazturgutbeyio.meb.k12.tr/tema/harita.php,2026-08-31,26,26,bulundu,https://luleburgazturgutbeyio.meb.k12.tr/,2026-10-01T19:01:14.051453+00:00,,Öğrenci Sayısı 26
Kırklareli,Lüleburgaz,Türkiye Petrolleri Anonim Ortaklığı Mesleki ve Teknik Anadolu Lisesi,973951,Mesleki ve Teknik Anadolu Lisesi,https://tpaomtal.meb.k12.tr,,,https://tpaomtal.meb.k12.tr/tema/harita.php,2026-08-31,602,602,bulundu,https://tpaomtal.meb.k12.tr/,2026-10-01T19:01:14.085968+00:00,,Öğrenci Sayısı 602
Kırklareli,Lüleburgaz,Vilayetler Hizmet Birliği Anaokulu,974086,Anaokulu,https://vilayetlerhizmetbirligiao.meb.k12.tr,,,https://vilayetlerhizmetbirligiao.meb.k12.tr/tema/harita.php,2026-08-31,153,153,bulundu,https://vilayetlerhizmetbirligiao.meb.k12.tr/,2026-10-01T19:01:14.323508+00:00,,Öğrenci Sayısı 153
Kırklareli,Lüleburgaz,Çiftlikköy Ortaokulu,721915,Ortaokul,https://ciftlikkoyoo.meb.k12.tr,,,https://ciftlikkoyoo.meb.k12.tr/tema/harita.php,2026-08-31,50,50,bulundu,https://ciftlikkoyoo.meb.k12.tr/,2026-10-01T19:01:14.390472+00:00,,Öğrenci Sayısı 50
Kırklareli,Lüleburgaz,İstiklal İlkokulu,719505,İlkokul,https://luleburgazistiklalio.meb.k12.tr,,,https://luleburgazistiklalio.meb.k12.tr/tema/harita.php,2026-08-31,536,536,bulundu,https://luleburgazistiklalio.meb.k12.tr/,2026-10-01T19:01:14.498437+00:00,,Öğrenci Sayısı 536
Kırklareli,Lüleburgaz,Şaban Öğünç Ortaokulu,728323,Ortaokul,https://sabanoguncortaokulu.meb.k12.tr,,,https://sabanoguncortaokulu.meb.k12.tr/tema/harita.php,2026-08-31,160,160,bulundu,https://sabanoguncortaokulu.meb.k12.tr/,2026-10-01T19:01:14.588018+00:00,,Öğrenci Sayısı : 160
Kırklareli,Lüleburgaz,Şaban Öğünç İlkokulu,728311,İlkokul,https://sabanoguncilkokulu.meb.k12.tr,,,https://sabanoguncilkokulu.meb.k12.tr/tema/harita.php,2026-08-31,326,326,bulundu,https://sabanoguncilkokulu.meb.k12.tr/,2026-10-01T19:01:14.609049+00:00,,Öğrenci Sayısı : 326
Kırklareli,Lüleburgaz,Şehit Er Hasan Yeşilçimen İlkokulu,737920,İlkokul,https://sehiterhasanyesilcimenio.meb.k12.tr,,,https://sehiterhasanyesilcimenio.meb.k12.tr/tema/harita.php,2026-08-31,51,51,bulundu,https://sehiterhasanyesilcimenio.meb.k12.tr/,2026-10-01T19:01:14.609787+00:00,,Öğrenci Sayısı 51
Kırklareli,Lüleburgaz,Şehit Mednan Tuna İlkokulu,767450,İlkokul,https://sehitmednantunaio.meb.k12.tr,,,https://sehitmednantunaio.meb.k12.tr/tema/harita.php,2026-08-31,658,658,bulundu,https://sehitmednantunaio.meb.k12.tr/tema/okulumuz_hakkinda.php,2026-10-01T19:01:14.611899+00:00,,Öğrenci : 658
Kırklareli,Lüleburgaz,Şehit Pilot Üsteğmen İbrahim Gerçek Ortaokulu,728350,Ortaokul,https://sehitpilotibrahimgercekoo.meb.k12.tr,,,https://sehitpilotibrahimgercekoo.meb.k12.tr/tema/harita.php,2026-08-31,215,215,bulundu,https://sehitpilotibrahimgercekoo.meb.k12.tr/tema/okulumuz_hakkinda.php,2026-10-01T19:01:14.612923+00:00,,Öğrenci : 215
Kırklareli,Lüleburgaz,Şehit Pilot Üsteğmen İbrahim Gerçek İlkokulu,738354,İlkokul,https://sehitpilotibrahimgercekio.meb.k12.tr,,,https://sehitpilotibrahimgercekio.meb.k12.tr/tema/harita.php,2026-08-31,275,275,bulundu,https://sehitpilotibrahimgercekio.meb.k12.tr/,2026-10-01T19:01:14.711120+00:00,,Öğrenci Sayısı 275
Kırklareli,Lüleburgaz,Şehit Rüstem Resul Perçin Özel Eğitim Meslek Okulu,762792,Özel Eğitim Kurumu,https://sehitrustemresulpercinoemo.meb.k12.tr,,,https://sehitrustemresulpercinoemo.meb.k12.tr/tema/harita.php,2026-08-31,26,26,bulundu,https://sehitrustemresulpercinoemo.meb.k12.tr/,2026-10-01T19:01:14.989008+00:00,,Öğrenci Sayısı : 26
Kırklareli,Lüleburgaz,Şehit Rüstem Resul Perçin Özel Eğitim Uygulama Okulu I.Kademe,762789,Özel Eğitim Kurumu,https://sehitrustemresulpercinoeuo1.meb.k12.tr,,,https://sehitrustemresulpercinoeuo1.meb.k12.tr/tema/harita.php,2026-08-31,47,47,bulundu,https://sehitrustemresulpercinoeuo1.meb.k12.tr/,2026-10-01T19:01:15.022609+00:00,,Öğrenci Sayısı : 47
Kırklareli,Lüleburgaz,Şehit Rüstem Resul Perçin Özel Eğitim Uygulama Okulu II.Kademe,762790,Özel Eğitim Kurumu,https://sehitrustemresulpercinoeuo2.meb.k12.tr,,,https://sehitrustemresulpercinoeuo2.meb.k12.tr/tema/harita.php,2026-08-31,,,bulunamadi,,2026-10-01T19:01:15.086215+00:00,,
Kırklareli,Lüleburgaz,Şehit Rüstem Resul Perçin Özel Eğitim Uygulama Okulu III. Kademe,762791,Özel Eğitim Kurumu,https://sehitrustemresulpercinoeuo3.meb.k12.tr,,,https://sehitrustemresulpercinoeuo3.meb.k12.tr/tema/harita.php,2026-08-31,27,27,bulundu,https://sehitrustemresulpercinoeuo3.meb.k12.tr/,2026-10-01T19:01:15.125606+00:00,,Öğrenci Sayısı : 27
Kırklareli,Merkez,100. YIL KIRKLARELİ OSB ANAOKULU,774929,Anaokulu,https://kirklareliosbanaokulu.meb.k12.tr,,,https://kirklareliosbanaokulu.meb.k12.tr/tema/harita.php,2026-08-31,38,38,bulundu,https://kirklareliosbanaokulu.meb.k12.tr/,2026-10-01T19:01:15.177997+00:00,,Öğrenci Sayısı 38
Kırklareli,Merkez,Ahmet Mithat Ortaokulu,705236,Ortaokul,https://ahmetmithatortaokulu.meb.k12.tr,,,https://ahmetmithatortaokulu.meb.k12.tr/tema/harita.php,2026-08-31,169,169,bulundu,https://ahmetmithatortaokulu.meb.k12.tr/,2026-10-01T19:01:15.217841+00:00,,Öğrenci Sayısı : 169
Kırklareli,Merkez,Ahmet Yener Ortaokulu,707600,Ortaokul,https://ahmetyenerortaokulu.meb.k12.tr,,,https://ahmetyenerortaokulu.meb.k12.tr/tema/harita.php,2026-08-31,187,187,bulundu,https://ahmetyenerortaokulu.meb.k12.tr/,2026-10-01T19:01:15.233810+00:00,,Öğrenci Sayısı : 187
Kırklareli,Merkez,Ahmet Yener İlkokulu,705260,İlkokul,https://ahmetyenerilkokulu.meb.k12.tr,,,https://ahmetyenerilkokulu.meb.k12.tr/tema/harita.php,2026-08-31,206,206,bulundu,https://ahmetyenerilkokulu.meb.k12.tr/,2026-10-01T19:01:15.633785+00:00,,Öğrenci Sayısı : 206
Kırklareli,Merkez,Atatürk Ortaokulu,707487,Ortaokul,https://kirklareliataturkoo.meb.k12.tr,,,https://kirklareliataturkoo.meb.k12.tr/tema/harita.php,2026-08-31,666,666,bulundu,https://kirklareliataturkoo.meb.k12.tr/,2026-10-01T19:01:15.634647+00:00,,Öğrenci Sayısı : 666
Kırklareli,Merkez,Atatürk İlkokulu,456162,İlkokul,https://kirklareliataturkio.meb.k12.tr,,,https://kirklareliataturkio.meb.k12.tr/tema/harita.php,2026-08-31,695,695,bulundu,https://kirklareliataturkio.meb.k12.tr/,2026-10-01T19:01:15.635461+00:00,,Öğrenci Sayısı 695
Kırklareli,Merkez,Bilal Yapıcı Anaokulu,971921,Anaokulu,https://bilalyapicianaokulu.meb.k12.tr,,,https://bilalyapicianaokulu.meb.k12.tr/tema/harita.php,2026-08-31,45,45,bulundu,https://bilalyapicianaokulu.meb.k12.tr/,2026-10-01T19:01:15.637575+00:00,,Öğrenci Sayısı 45
Kırklareli,Merkez,Bilal Yapıcı Özel Eğitim Uygulama Okulu I. Kademe,747126,Özel Eğitim Kurumu,https://bilalyapiciozelegitimuygulama1.meb.k12.tr,,,https://bilalyapiciozelegitimuygulama1.meb.k12.tr/tema/harita.php,2026-08-31,35,35,bulundu,https://bilalyapiciozelegitimuygulama1.meb.k12.tr/,2026-10-01T19:01:15.714485+00:00,,Öğrenci Sayısı : 35
Kırklareli,Merkez,Bilal Yapıcı Özel Eğitim Uygulama Okulu II. Kademe,747355,Özel Eğitim Kurumu,https://bilalyapiciozelegitimuygulama2.meb.k12.tr,,,https://bilalyapiciozelegitimuygulama2.meb.k12.tr/tema/harita.php,2026-08-31,32,32,bulundu,https://bilalyapiciozelegitimuygulama2.meb.k12.tr/,2026-10-01T19:01:15.775385+00:00,,Öğrenci Sayısı : 32
Kırklareli,Merkez,Bilal Yeşen İmam Hatip Ortaokulu,762088,İmam Hatip Ortaokulu,https://bilalyesenimamhatiportaokulu.meb.k12.tr,,,https://bilalyesenimamhatiportaokulu.meb.k12.tr/tema/harita.php,2026-08-31,95,95,bulundu,https://bilalyesenimamhatiportaokulu.meb.k12.tr/,2026-10-01T19:01:15.792802+00:00,,Öğrenci Sayısı : 95
Kırklareli,Merkez,Cumhuriyet Ortaokulu,706558,Ortaokul,https://kirklarelicumhuriyetortaokulu.meb.k12.tr,,,https://kirklarelicumhuriyetortaokulu.meb.k12.tr/tema/harita.php,2026-08-31,648,648,bulundu,https://kirklarelicumhuriyetortaokulu.meb.k12.tr/,2026-10-01T19:01:15.966949+00:00,,Öğrenci Sayısı 648
Kırklareli,Merkez,Değirmencik İlkokulu,769573,İlkokul,https://769573.meb.k12.tr,,,https://769573.meb.k12.tr/tema/harita.php,2026-08-31,,,bulunamadi,,2026-10-01T19:01:15.972472+00:00,,
Kırklareli,Merkez,Doğan Işıkalp İlkokulu,255416,İlkokul,https://doganisikalp.meb.k12.tr,,,https://doganisikalp.meb.k12.tr/tema/harita.php,2026-08-31,121,121,bulundu,https://doganisikalp.meb.k12.tr/,2026-10-01T19:01:16.366780+00:00,,Öğrenci Sayısı 121
Kırklareli,Merkez,Fahri Kasapoğlu Ortaokulu,705336,Ortaokul,https://fahrikasapoglu.meb.k12.tr,,,https://fahrikasapoglu.meb.k12.tr/tema/harita.php,2026-08-31,424,424,bulundu,https://fahrikasapoglu.meb.k12.tr/,2026-10-01T19:01:16.441906+00:00,,Öğrenci Sayısı 424
Kırklareli,Merkez,Gazi Mustafa Kemal İlkokulu,713836,İlkokul,https://gmkio39.meb.k12.tr,,,https://gmkio39.meb.k12.tr/tema/harita.php,2026-08-31,,,bulunamadi,,2026-10-01T19:01:16.487900+00:00,,
Kırklareli,Merkez,Gazi Osmanpaşa İlkokulu,336573,İlkokul,https://kirklareligop.meb.k12.tr,,,https://kirklareligop.meb.k12.tr/tema/harita.php,2026-08-31,212,212,bulundu,https://kirklareligop.meb.k12.tr/,2026-10-01T19:01:16.521467+00:00,,Öğrenci Sayısı : 212
Kırklareli,Merkez,Gülcan Kazım Gürbüz Kızılay Anaokulu,767952,Anaokulu,https://kirklarelikizilayanaoklu.meb.k12.tr,,,https://kirklarelikizilayanaoklu.meb.k12.tr/tema/harita.php,2026-08-31,38,38,bulundu,https://kirklarelikizilayanaoklu.meb.k12.tr/,2026-10-01T19:01:16.541992+00:00,,Öğrenci Sayısı 38
Kırklareli,Merkez,Hamdi Helvacıoğlu İlkokulu,705360,İlkokul,https://hamdihelvacioglu.meb.k12.tr,,,https://hamdihelvacioglu.meb.k12.tr/tema/harita.php,2026-08-31,930,930,bulundu,https://hamdihelvacioglu.meb.k12.tr/,2026-10-01T19:01:16.567990+00:00,,Öğrenci Sayısı 930
Kırklareli,Merkez,Hüsamettin Mehmet Ateş Anaokulu,973470,Anaokulu,https://husamettinmehmetatesanaokulu.meb.k12.tr,,,https://husamettinmehmetatesanaokulu.meb.k12.tr/tema/harita.php,2026-08-31,153,153,bulundu,https://husamettinmehmetatesanaokulu.meb.k12.tr/,2026-10-01T19:01:16.618221+00:00,,Öğrenci Sayısı 153
Kırklareli,Merkez,KIRKLARELİ EĞİTİM VE ARAŞTIRMA HASTANESİ ANAOKULU,776500,Anaokulu,https://keahanaokulu.meb.k12.tr,,,https://keahanaokulu.meb.k12.tr/tema/harita.php,2026-08-31,34,34,bulundu,https://keahanaokulu.meb.k12.tr/,2026-10-01T19:01:16.655793+00:00,,Öğrenci Sayısı: 34
Kırklareli,Merkez,Karahıdır Özel Eğitim Anaokulu,767597,Anaokulu,https://karahidirozelegitimanaokulu.meb.k12.tr,,,https://karahidirozelegitimanaokulu.meb.k12.tr/tema/harita.php,2026-08-31,25,25,bulundu,https://karahidirozelegitimanaokulu.meb.k12.tr/,2026-10-01T19:01:16.657700+00:00,,Öğrenci Sayısı: 25
Kırklareli,Merkez,Karahıdır İlkokulu,708825,İlkokul,https://karahidirilkokulu39.meb.k12.tr,,,https://karahidirilkokulu39.meb.k12.tr/tema/harita.php,2026-08-31,13,13,bulundu,https://karahidirilkokulu39.meb.k12.tr/,2026-10-01T19:01:16.911504+00:00,,Öğrenci Sayısı: 13
Kırklareli,Merkez,Kavaklı Atatürk İlkokulu,482377,İlkokul,https://kavakliataturkio.meb.k12.tr,,,https://kavakliataturkio.meb.k12.tr/tema/harita.php,2026-08-31,154,154,bulundu,https://kavakliataturkio.meb.k12.tr/,2026-10-01T19:01:16.925100+00:00,,Öğrenci Sayısı 154
Kırklareli,Merkez,Kavaklı Şehit Varol Çalışkan Ortaokulu,705397,Ortaokul,https://kavaklisvcoo.meb.k12.tr,,,https://kavaklisvcoo.meb.k12.tr/tema/harita.php,2026-08-31,120,120,bulundu,https://kavaklisvcoo.meb.k12.tr/,2026-10-01T19:01:16.948300+00:00,,Öğrenci Sayısı : 120
Kırklareli,Merkez,Kayalı İlkokulu,705450,İlkokul,https://kayali-ilkokulu.meb.k12.tr,,,https://kayali-ilkokulu.meb.k12.tr/tema/harita.php,2026-08-31,40,40,bulundu,https://kayali-ilkokulu.meb.k12.tr/,2026-10-01T19:01:16.987806+00:00,,Öğrenci Sayısı 40
Kırklareli,Merkez,Kocahıdır Ticaret Mesleki ve Teknik Anadolu Lisesi,171389,Mesleki ve Teknik Anadolu Lisesi,https://kirklarelitml.meb.k12.tr,,,https://kirklarelitml.meb.k12.tr/tema/harita.php,2026-08-31,178,178,bulundu,https://kirklarelitml.meb.k12.tr/,2026-10-01T19:01:17.377781+00:00,,Öğrenci Sayısı 178
Kırklareli,Merkez,Kırklareli 100.Yıl İlkokulu,774720,İlkokul,https://774720.meb.k12.tr,,,https://774720.meb.k12.tr/tema/harita.php,2026-08-31,255,255,bulundu,https://774720.meb.k12.tr/,2026-10-01T19:01:17.411842+00:00,,Öğrenci Sayısı 255
Kırklareli,Merkez,Kırklareli Anadolu Lisesi,171353,Anadolu Lisesi,https://kirklarelianadolulisesi.meb.k12.tr,,,https://kirklarelianadolulisesi.meb.k12.tr/tema/harita.php,2026-08-31,,,bulunamadi,,2026-10-01T19:01:17.432202+00:00,,
Kırklareli,Merkez,Kırklareli Anadolu İmam Hatip Lisesi,171390,Anadolu İmam Hatip Lisesi,https://kaihl.meb.k12.tr,,,https://kaihl.meb.k12.tr/tema/harita.php,2026-08-31,,,bulunamadi,,2026-10-01T19:01:17.438737+00:00,,
Kırklareli,Merkez,Kırklareli Atatürk Anadolu Lisesi,964135,Anadolu Lisesi,https://ataturklisesi.meb.k12.tr,,,https://ataturklisesi.meb.k12.tr/tema/harita.php,2026-08-31,447,447,bulundu,https://ataturklisesi.meb.k12.tr/,2026-10-01T19:01:17.475549+00:00,,Öğrenci Sayısı : 447
Kırklareli,Merkez,Kırklareli Bilal Yapıcı Özel Eğitim Meslek Okulu,762788,Özel Eğitim Kurumu,https://bilalyapicioemo.meb.k12.tr,,,https://bilalyapicioemo.meb.k12.tr/tema/harita.php,2026-08-31,37,37,bulundu,https://bilalyapicioemo.meb.k12.tr/,2026-10-01T19:01:17.677569+00:00,,Öğrenci Sayısı : 37
Kırklareli,Merkez,Kırklareli Bilal Yapıcı Özel Eğitim Uygulama Okulu III. Kademe,748118,Özel Eğitim Kurumu,https://bilalyapicioeuo.meb.k12.tr,,,https://bilalyapicioeuo.meb.k12.tr/tema/harita.php,2026-08-31,32,32,bulundu,https://bilalyapicioeuo.meb.k12.tr/,2026-10-01T19:01:17.718926+00:00,,Öğrenci Sayısı : 32
Kırklareli,Merkez,Kırklareli Bilim ve Sanat Merkezi,974479,Bilim ve Sanat Merkezi,https://kirklarelibilsem.meb.k12.tr,,,https://kirklarelibilsem.meb.k12.tr/tema/harita.php,2026-08-31,173,173,bulundu,https://kirklarelibilsem.meb.k12.tr/,2026-10-01T19:01:17.771614+00:00,,Öğrenci Sayısı 173
Kırklareli,Merkez,Kırklareli Evlâd-ı Fâtihân Halk Eğitimi Merkezi,776124,Halk Eğitimi Merkezi,https://776124.meb.k12.tr,,,https://776124.meb.k12.tr/tema/harita.php,2026-08-31,,,bulunamadi,,2026-10-01T19:01:17.811038+00:00,,
Kırklareli,Merkez,Kırklareli Fen Lisesi,886894,Fen Lisesi,https://kirklarelifenlisesi.meb.k12.tr,,,https://kirklarelifenlisesi.meb.k12.tr/tema/harita.php,2026-08-31,340,340,bulundu,https://kirklarelifenlisesi.meb.k12.tr/,2026-10-01T19:01:17.836634+00:00,,Öğrenci Sayısı : 340
Kırklareli,Merkez,Kırklareli Güzel Sanatlar Lisesi,752021,Güzel Sanatlar Lisesi,https://kgsl.meb.k12.tr,,,https://kgsl.meb.k12.tr/tema/harita.php,2026-08-31,62,62,bulundu,https://kgsl.meb.k12.tr/,2026-10-01T19:01:17.859474+00:00,,Öğrenci Sayısı : 62
Kırklareli,Merkez,Kırklareli Halk Eğitimi Merkezi,171400,Halk Eğitimi Merkezi,https://halkegitimimerkezi.meb.k12.tr,,,https://halkegitimimerkezi.meb.k12.tr/tema/harita.php,2026-08-31,,,bulunamadi,,2026-10-01T19:01:17.915129+00:00,,
Kırklareli,Merkez,Kırklareli Istranca Tarım Mesleki ve Teknik Anadolu Lisesi,769407,Mesleki ve Teknik Anadolu Lisesi,https://istrancamtal39.meb.k12.tr,,,https://istrancamtal39.meb.k12.tr/tema/harita.php,2026-08-31,11,11,bulundu,https://istrancamtal39.meb.k12.tr/,2026-10-01T19:01:17.954674+00:00,,Öğrenci Sayısı : 11
Kırklareli,Merkez,Kırklareli Merkez Umutlu Yarınlar Anaokulu,766891,Anaokulu,https://umutluyarinlaranaokulu.meb.k12.tr,,,https://umutluyarinlaranaokulu.meb.k12.tr/tema/harita.php,2026-08-31,197,197,bulundu,https://umutluyarinlaranaokulu.meb.k12.tr/,2026-10-01T19:01:17.961661+00:00,,Öğrenci Sayısı 197
Kırklareli,Merkez,Kırklareli Mesleki Eğitim Merkezi,171412,Mesleki Eğitim Merkezi,https://kirklarelimesem.meb.k12.tr,,,https://kirklarelimesem.meb.k12.tr/tema/harita.php,2026-08-31,347,347,bulundu,https://kirklarelimesem.meb.k12.tr/,2026-10-01T19:01:18.114677+00:00,,Öğrenci Sayısı : 347
Kırklareli,Merkez,Kırklareli Olgunlaşma Enstitüsü,762978,Olgunlaşma Enstitüsü,https://olgunlasma39.meb.k12.tr,,,https://olgunlasma39.meb.k12.tr/tema/harita.php,2026-08-31,,,bulunamadi,,2026-10-01T19:01:18.122389+00:00,,
Kırklareli,Merkez,Kırklareli Organize Sanayi Bölgesi Mesleki Eğitim Merkezi,776107,Mesleki Eğitim Merkezi,https://mesemosb39.meb.k12.tr,,,https://mesemosb39.meb.k12.tr/tema/harita.php,2026-08-31,11,11,bulundu,https://mesemosb39.meb.k12.tr/,2026-10-01T19:01:18.149346+00:00,,Öğrenci Sayısı : 11
Kırklareli,Merkez,Kırklareli Rehberlik ve Araştırma Merkezi,171424,Rehberlik ve Araştırma Merkezi,https://kirklareliram.meb.k12.tr,,,https://kirklareliram.meb.k12.tr/tema/harita.php,2026-08-31,,,bulunamadi,,2026-10-01T19:01:18.368552+00:00,,
Kırklareli,Merkez,Kırklareli Turizm Mesleki ve Teknik Anadolu Lisesi,378117,Mesleki ve Teknik Anadolu Lisesi,https://kirklarelimtal.meb.k12.tr,,,https://kirklarelimtal.meb.k12.tr/tema/harita.php,2026-08-31,187,187,bulundu,https://kirklarelimtal.meb.k12.tr/,2026-10-01T19:01:18.433565+00:00,,Öğrenci Sayısı : 187
Kırklareli,Merkez,Kırklareli Türkiye Odalar ve Borsalar Birliği Sosyal Bilimler Lisesi,964496,Sosyal Bilimler Lisesi,https://kirklarelisbl.meb.k12.tr,,,https://kirklarelisbl.meb.k12.tr/tema/harita.php,2026-08-31,349,349,bulundu,https://kirklarelisbl.meb.k12.tr/,2026-10-01T19:01:18.535497+00:00,,Öğrenci Sayısı 349
Kırklareli,Merkez,Kırklareli Öğretmenevi ve Akşam Sanat Okulu,971261,Öğretmenevi,https://kirklareliogretmenevi.meb.k12.tr,,,https://kirklareliogretmenevi.meb.k12.tr/tema/harita.php,2026-08-31,,,bulunamadi,,2026-10-01T19:01:18.703567+00:00,,
Kırklareli,Merkez,Kırklareli İmam Hatip Ortaokulu,746671,İmam Hatip Ortaokulu,https://imamhatiportaokulu39.meb.k12.tr,,,https://imamhatiportaokulu39.meb.k12.tr/tema/harita.php,2026-08-31,345,345,bulundu,https://imamhatiportaokulu39.meb.k12.tr/,2026-10-01T19:01:18.716047+00:00,,Öğrenci Sayısı 345
Kırklareli,Merkez,Kırkşehitler İlkokulu,705377,İlkokul,https://kirksehitler.meb.k12.tr,,,https://kirksehitler.meb.k12.tr/tema/harita.php,2026-08-31,140,140,bulundu,https://kirksehitler.meb.k12.tr/,2026-10-01T19:01:18.767847+00:00,,Öğrenci Sayısı : 140
Kırklareli,Merkez,Mimar Sinan Mesleki ve Teknik Anadolu Lisesi,171365,Mesleki ve Teknik Anadolu Lisesi,https://kirklarelieml.meb.k12.tr,,,https://kirklarelieml.meb.k12.tr/tema/harita.php,2026-08-31,651,651,bulundu,https://kirklarelieml.meb.k12.tr/,2026-10-01T19:01:18.800802+00:00,,Öğrenci Sayısı 651
Kırklareli,Merkez,Mustafa Dalcalı Ortaokulu,707674,Ortaokul,https://mdalcaliortaokulu.meb.k12.tr,,,https://mdalcaliortaokulu.meb.k12.tr/tema/harita.php,2026-08-31,236,236,bulundu,https://mdalcaliortaokulu.meb.k12.tr/tema/okulumuz_hakkinda.php,2026-10-01T19:01:18.853185+00:00,,Öğrenci : 236
Kırklareli,Merkez,Mustafa Dalcalı İlkokulu,705382,İlkokul,https://mdalcaliilkokulu.meb.k12.tr,,,https://mdalcaliilkokulu.meb.k12.tr/tema/harita.php,2026-08-31,203,203,bulundu,https://mdalcaliilkokulu.meb.k12.tr/,2026-10-01T19:01:18.889567+00:00,,Öğrenci Sayısı 203
Kırklareli,Merkez,TOKİ Ahmet Cevdet Paşa Ortaokulu,707574,Ortaokul,https://tokiahmetcevdetpasaortaokulu.meb.k12.tr,,,https://tokiahmetcevdetpasaortaokulu.meb.k12.tr/tema/harita.php,2026-08-31,166,166,bulundu,https://tokiahmetcevdetpasaortaokulu.meb.k12.tr/,2026-10-01T19:01:19.161882+00:00,,Öğrenci Sayısı 166
Kırklareli,Merkez,TOKİ Ahmet Cevdet Paşa İlkokulu,705390,İlkokul,https://tokiahmetcevdetpasailkokulu.meb.k12.tr,,,https://tokiahmetcevdetpasailkokulu.meb.k12.tr/tema/harita.php,2026-08-31,208,208,bulundu,https://tokiahmetcevdetpasailkokulu.meb.k12.tr/,2026-10-01T19:01:19.224275+00:00,,Öğrenci Sayısı 208
Kırklareli,Merkez,Tevfik Fikret Ortaokulu,748355,Ortaokul,https://39tevfikfikretortaokulu.meb.k12.tr,,,https://39tevfikfikretortaokulu.meb.k12.tr/tema/harita.php,2026-08-31,274,274,bulundu,https://39tevfikfikretortaokulu.meb.k12.tr/,2026-10-01T19:01:19.254534+00:00,,Öğrenci Sayısı : 274
Kırklareli,Merkez,Türkiye Odalar ve Borsalar Birliği Anadolu Lisesi,972914,Anadolu Lisesi,https://tobblisesi.meb.k12.tr,,,https://tobblisesi.meb.k12.tr/tema/harita.php,2026-08-31,382,382,bulundu,https://tobblisesi.meb.k12.tr/,2026-10-01T19:01:19.347397+00:00,,Öğrenci Sayısı : 382
Kırklareli,Merkez,Vali Faik Üstün İlkokulu,714195,İlkokul,https://valifaikustunilkokulu.meb.k12.tr,,,https://valifaikustunilkokulu.meb.k12.tr/tema/harita.php,2026-08-31,,,bulunamadi,,2026-10-01T19:01:19.370719+00:00,,
Kırklareli,Merkez,Yahya Kemal Beyatlı Mesleki ve Teknik Anadolu Lisesi,308836,Mesleki ve Teknik Anadolu Lisesi,https://kirklareliykb.meb.k12.tr,,,https://kirklareliykb.meb.k12.tr/tema/harita.php,2026-08-31,263,263,bulundu,https://kirklareliykb.meb.k12.tr/,2026-10-01T19:01:19.430471+00:00,,Öğrenci Sayısı : 263
Kırklareli,Merkez,Yayla Ayçiçeği Anaokulu,759003,Anaokulu,https://yaylaaycicegi.meb.k12.tr,,,https://yaylaaycicegi.meb.k12.tr/tema/harita.php,2026-08-31,,,bulunamadi,,2026-10-01T19:01:19.431302+00:00,,
Kırklareli,Merkez,Yoğuntaş Ortaokulu,255441,Ortaokul,https://yoguntasortaokulu.meb.k12.tr,,,https://yoguntasortaokulu.meb.k12.tr/tema/harita.php,2026-08-31,30,30,bulundu,https://yoguntasortaokulu.meb.k12.tr/,2026-10-01T19:01:19.548426+00:00,,Öğrenci Sayısı : 30
Kırklareli,Merkez,Ziya Gökalp İlkokulu,705393,İlkokul,https://krklareliziyagkalp.meb.k12.tr,,,https://krklareliziyagkalp.meb.k12.tr/tema/harita.php,2026-08-31,475,475,bulundu,https://krklareliziyagkalp.meb.k12.tr/,2026-10-01T19:01:20.007613+00:00,,Öğrenci Sayısı 475
Kırklareli,Merkez,Zübeyde Hanım Anaokulu,752405,Anaokulu,https://kirklarelizubeydehanimanaokulu.meb.k12.tr,,,https://kirklarelizubeydehanimanaokulu.meb.k12.tr/tema/harita.php,2026-08-31,238,238,bulundu,https://kirklarelizubeydehanimanaokulu.meb.k12.tr/,2026-10-01T19:01:20.105027+00:00,,Öğrenci Sayısı 238
Kırklareli,Merkez,Üsküp Atatürk Ortaokulu,707513,Ortaokul,https://uskupataturkortaokulu.meb.k12.tr,,,https://uskupataturkortaokulu.meb.k12.tr/tema/harita.php,2026-08-31,91,91,bulundu,https://uskupataturkortaokulu.meb.k12.tr/,2026-10-01T19:01:20.119382+00:00,,Öğrenci Sayısı : 91
Kırklareli,Merkez,Üsküp Atatürk İlkokulu,705416,İlkokul,https://uskupataturkilkokulu.meb.k12.tr,,,https://uskupataturkilkokulu.meb.k12.tr/tema/harita.php,2026-08-31,86,86,bulundu,https://uskupataturkilkokulu.meb.k12.tr/,2026-10-01T19:01:20.173258+00:00,,Öğrenci Sayısı 86
Kırklareli,Merkez,İnece Ortaokulu,707570,Ortaokul,https://ineceoo.meb.k12.tr,,,https://ineceoo.meb.k12.tr/tema/harita.php,2026-08-31,37,37,bulundu,https://ineceoo.meb.k12.tr/tema/okulumuz_hakkinda.php,2026-10-01T19:01:20.187597+00:00,,Öğrenci : 37
Kırklareli,Merkez,İnece Şehit Er Tuncay Duman İlkokulu,245437,İlkokul,https://ineceio.meb.k12.tr,,,https://ineceio.meb.k12.tr/tema/harita.php,2026-08-31,48,48,bulundu,https://ineceio.meb.k12.tr/,2026-10-01T19:01:20.268830+00:00,,Öğrenci Sayısı 48
Kırklareli,Merkez,İstiklal Ortaokulu,705362,Ortaokul,https://istiklalortaokulu39.meb.k12.tr,,,https://istiklalortaokulu39.meb.k12.tr/tema/harita.php,2026-08-31,975,975,bulundu,https://istiklalortaokulu39.meb.k12.tr/,2026-10-01T19:01:20.310165+00:00,,Öğrenci Sayısı : 975
Kırklareli,Merkez,Şehit Göktan Özüpek Mesleki ve Teknik Anadolu Lisesi,967384,Mesleki ve Teknik Anadolu Lisesi,https://kirklarelisml.meb.k12.tr,,,https://kirklarelisml.meb.k12.tr/tema/harita.php,2026-08-31,238,238,bulundu,https://kirklarelisml.meb.k12.tr/,2026-10-01T19:01:20.623956+00:00,,Öğrenci Sayısı : 238
Kırklareli,Merkez,Şehit Mutlucan Kılıç Spor Lisesi,974687,Spor Lisesi,https://sehitmutlucankilicsporlisesi.meb.k12.tr,,,https://sehitmutlucankilicsporlisesi.meb.k12.tr/tema/harita.php,2026-08-31,127,127,bulundu,https://sehitmutlucankilicsporlisesi.meb.k12.tr/,2026-10-01T19:01:20.671440+00:00,,Öğrenci Sayısı 127
Kırklareli,Pehlivanköy,Atatürk Ortaokulu,379517,Ortaokul,https://pehlivankoyataturkortaokulu.meb.k12.tr,,,https://pehlivankoyataturkortaokulu.meb.k12.tr/tema/harita.php,2026-08-31,86,86,bulundu,https://pehlivankoyataturkortaokulu.meb.k12.tr/,2026-10-01T19:01:20.685897+00:00,,Öğrenci Sayısı : 86
Kırklareli,Pehlivanköy,Atatürk İlkokulu,975341,İlkokul,https://pehlivankoyataturkilkokulu.meb.k12.tr,,,https://pehlivankoyataturkilkokulu.meb.k12.tr/tema/harita.php,2026-08-31,96,96,bulundu,https://pehlivankoyataturkilkokulu.meb.k12.tr/,2026-10-01T19:01:21.085444+00:00,,Öğrenci Sayısı : 96
Kırklareli,Pehlivanköy,Pehlivanköy Anadolu Lisesi,376302,Anadolu Lisesi,https://pehlivankoyanadolulisesi.meb.k12.tr,,,https://pehlivankoyanadolulisesi.meb.k12.tr/tema/harita.php,2026-08-31,45,45,bulundu,https://pehlivankoyanadolulisesi.meb.k12.tr/tema/okulumuz_hakkinda.php,2026-10-01T19:01:21.101796+00:00,,Öğrenci : 45
Kırklareli,Pehlivanköy,Pehlivanköy Halk Eğitimi Merkezi,172035,Halk Eğitimi Merkezi,https://pehlivankoyhem.meb.k12.tr,,,https://pehlivankoyhem.meb.k12.tr/tema/harita.php,2026-08-31,,,bulunamadi,,2026-10-01T19:01:21.133486+00:00,,
Kırklareli,Pınarhisar,19 Evler İlkokulu,853299,İlkokul,https://19evlerilkokulu.meb.k12.tr,,,https://19evlerilkokulu.meb.k12.tr/tema/harita.php,2026-08-31,71,71,bulundu,https://19evlerilkokulu.meb.k12.tr/,2026-10-01T19:01:21.183005+00:00,,Öğrenci Sayısı 71
Kırklareli,Pınarhisar,Cevizköy Ortaokulu,379794,Ortaokul,https://cevizkoy.meb.k12.tr,,,https://cevizkoy.meb.k12.tr/tema/harita.php,2026-08-31,84,84,bulundu,https://cevizkoy.meb.k12.tr/,2026-10-01T19:01:21.224595+00:00,,Öğrenci Sayısı : 84
Kırklareli,Pınarhisar,Cumhuriyet İlkokulu,715952,İlkokul,https://pinarhisarcumhuriyet.meb.k12.tr,,,https://pinarhisarcumhuriyet.meb.k12.tr/tema/harita.php,2026-08-31,227,227,bulundu,https://pinarhisarcumhuriyet.meb.k12.tr/,2026-10-01T19:01:21.255233+00:00,,Öğrenci Sayısı 227
Kırklareli,Pınarhisar,Kaynarca Ortaokulu,722427,Ortaokul,https://kaynarca39.meb.k12.tr,,,https://kaynarca39.meb.k12.tr/tema/harita.php,2026-08-31,75,75,bulundu,https://kaynarca39.meb.k12.tr/,2026-10-01T19:01:21.275258+00:00,,Öğrenci Sayısı 75
Kırklareli,Pınarhisar,Kaynarca İlkokulu,976971,İlkokul,https://kaynarcailkokulu39.meb.k12.tr,,,https://kaynarcailkokulu39.meb.k12.tr/tema/harita.php,2026-08-31,63,63,bulundu,https://kaynarcailkokulu39.meb.k12.tr/,2026-10-01T19:01:21.389413+00:00,,Öğrenci Sayısı 63
Kırklareli,Pınarhisar,Koloğlu İlkokulu,749042,İlkokul,https://kologluilkokulu.meb.k12.tr,,,https://kologluilkokulu.meb.k12.tr/tema/harita.php,2026-08-31,168,168,bulundu,https://kologluilkokulu.meb.k12.tr/,2026-10-01T19:01:21.502136+00:00,,Öğrenci Sayısı 168
Kırklareli,Pınarhisar,Pınarhisar Anadolu Lisesi,323972,Anadolu Lisesi,https://pinarhisaranadolu.meb.k12.tr,,,https://pinarhisaranadolu.meb.k12.tr/tema/harita.php,2026-08-31,115,115,bulundu,https://pinarhisaranadolu.meb.k12.tr/,2026-10-01T19:01:21.518474+00:00,,Öğrenci Sayısı : 115
Kırklareli,Pınarhisar,Pınarhisar Anadolu İmam Hatip Lisesi,760353,Anadolu İmam Hatip Lisesi,https://pinarhisaranadoluimamhatiplisesi.meb.k12.tr,,,https://pinarhisaranadoluimamhatiplisesi.meb.k12.tr/tema/harita.php,2026-08-31,27,27,bulundu,https://pinarhisaranadoluimamhatiplisesi.meb.k12.tr/,2026-10-01T19:01:21.547690+00:00,,Öğrenci Sayısı : 27
Kırklareli,Pınarhisar,Pınarhisar Atatürk Ortaokulu,749017,Ortaokul,https://pinarhisarataturkortaokulu.meb.k12.tr,,,https://pinarhisarataturkortaokulu.meb.k12.tr/tema/harita.php,2026-08-31,284,284,bulundu,https://pinarhisarataturkortaokulu.meb.k12.tr/,2026-10-01T19:01:21.673295+00:00,,Öğrenci Sayısı : 284
Kırklareli,Pınarhisar,Pınarhisar Halk Eğitimi Merkezi,172167,Halk Eğitimi Merkezi,https://pinarhisarhalkegitim.meb.k12.tr,,,https://pinarhisarhalkegitim.meb.k12.tr/tema/harita.php,2026-08-31,,,bulunamadi,,2026-10-01T19:01:21.724957+00:00,,
Kırklareli,Pınarhisar,Pınarhisar Mesleki ve Teknik Anadolu Lisesi,905253,Mesleki ve Teknik Anadolu Lisesi,https://pinarhisarmeslekiveteknik.meb.k12.tr,,,https://pinarhisarmeslekiveteknik.meb.k12.tr/tema/harita.php,2026-08-31,140,140,bulundu,https://pinarhisarmeslekiveteknik.meb.k12.tr/,2026-10-01T19:01:22.016444+00:00,,Öğrenci Sayısı 140
Kırklareli,Pınarhisar,Pınarhisar Yıldız Anaokulu,752253,Anaokulu,https://yildizanaokulu.meb.k12.tr,,,https://yildizanaokulu.meb.k12.tr/tema/harita.php,2026-08-31,141,141,bulundu,https://yildizanaokulu.meb.k12.tr/,2026-10-01T19:01:22.291106+00:00,,Öğrenci Sayısı: 141
Kırklareli,Pınarhisar,Pınarhisar İmam Hatip Ortaokulu,746674,İmam Hatip Ortaokulu,https://pinarhisarimamhatiportaokulu.meb.k12.tr,,,https://pinarhisarimamhatiportaokulu.meb.k12.tr/tema/harita.php,2026-08-31,163,163,bulundu,https://pinarhisarimamhatiportaokulu.meb.k12.tr/,2026-10-01T19:01:22.351226+00:00,,Öğrenci Sayısı 163
Kırklareli,Pınarhisar,Tozaklı İlkokulu,716364,İlkokul,https://tozakliilkokulu.meb.k12.tr,,,https://tozakliilkokulu.meb.k12.tr/tema/harita.php,2026-08-31,54,54,bulundu,https://tozakliilkokulu.meb.k12.tr/,2026-10-01T19:01:22.384867+00:00,,Öğrenci Sayısı : 54
Kırklareli,Pınarhisar,İbrahim Dalkılıç İlkokulu,716104,İlkokul,https://ibrahimdalkilic.meb.k12.tr,,,https://ibrahimdalkilic.meb.k12.tr/tema/harita.php,2026-08-31,115,115,bulundu,https://ibrahimdalkilic.meb.k12.tr/,2026-10-01T19:01:22.438729+00:00,,Öğrenci Sayısı : 115
Kırklareli,Vize,Adalet Erez İlkokulu,716416,İlkokul,https://adaleterezilkokulu.meb.k12.tr,,,https://adaleterezilkokulu.meb.k12.tr/tema/harita.php,2026-08-31,125,125,bulundu,https://adaleterezilkokulu.meb.k12.tr/,2026-10-01T19:01:22.444803+00:00,,Öğrenci Sayısı : 125
Kırklareli,Vize,Arife Bekir Uğurlu İlkokulu,716427,İlkokul,https://arifebekirugurluilkokulu.meb.k12.tr,,,https://arifebekirugurluilkokulu.meb.k12.tr/tema/harita.php,2026-08-31,299,299,bulundu,https://arifebekirugurluilkokulu.meb.k12.tr/,2026-10-01T19:01:22.480621+00:00,,Öğrenci Sayısı : 299
Kırklareli,Vize,Atatürk Ortaokulu,716531,Ortaokul,https://vizeataturkortaokulu.meb.k12.tr,,,https://vizeataturkortaokulu.meb.k12.tr/tema/harita.php,2026-08-31,342,342,bulundu,https://vizeataturkortaokulu.meb.k12.tr/tema/okulumuz_hakkinda.php,2026-10-01T19:01:22.849636+00:00,,Öğrenci : 342
Kırklareli,Vize,Cumhuriyet İlkokulu,716526,İlkokul,https://vizecumhuriyetilkokulu.meb.k12.tr,,,https://vizecumhuriyetilkokulu.meb.k12.tr/tema/harita.php,2026-08-31,478,478,bulundu,https://vizecumhuriyetilkokulu.meb.k12.tr/,2026-10-01T19:01:22.923003+00:00,,Öğrenci Sayısı : 478
Kırklareli,Vize,Evrenli Şehitler İlkokulu,716551,İlkokul,https://evrenlisehitlerilkokulu.meb.k12.tr,,,https://evrenlisehitlerilkokulu.meb.k12.tr/tema/harita.php,2026-08-31,15,15,bulundu,https://evrenlisehitlerilkokulu.meb.k12.tr/,2026-10-01T19:01:22.930174+00:00,,Öğrenci Sayısı: 15
Kırklareli,Vize,Kıyıköy Anadolu Lisesi,746239,Anadolu Lisesi,https://kiyikoyanadolulisesi.meb.k12.tr,,,https://kiyikoyanadolulisesi.meb.k12.tr/tema/harita.php,2026-08-31,28,28,bulundu,https://kiyikoyanadolulisesi.meb.k12.tr/tema/okulumuz_hakkinda.php,2026-10-01T19:01:22.953951+00:00,,Öğrenci : 28
Kırklareli,Vize,Kıyıköy Ortaokulu,718514,Ortaokul,https://kiyikoyortaokulu.meb.k12.tr,,,https://kiyikoyortaokulu.meb.k12.tr/tema/harita.php,2026-08-31,98,98,bulundu,https://kiyikoyortaokulu.meb.k12.tr/,2026-10-01T19:01:23.032193+00:00,,Öğrenci Sayısı : 98
Kırklareli,Vize,Kıyıköy İlkokulu,718776,İlkokul,https://kiyikoyilkokulu.meb.k12.tr,,,https://kiyikoyilkokulu.meb.k12.tr/tema/harita.php,2026-08-31,77,77,bulundu,https://kiyikoyilkokulu.meb.k12.tr/,2026-10-01T19:01:23.127380+00:00,,Öğrenci Sayısı : 77
Kırklareli,Vize,Kızılağaç İlkokulu,716581,İlkokul,https://kizilagacilkokulu.meb.k12.tr,,,https://kizilagacilkokulu.meb.k12.tr/tema/harita.php,2026-08-31,13,13,bulundu,https://kizilagacilkokulu.meb.k12.tr/,2026-10-01T19:01:23.328306+00:00,,Öğrenci Sayısı 13
Kırklareli,Vize,Kışlacık İlkokulu,718589,İlkokul,https://kislacikilkokulu39.meb.k12.tr,,,https://kislacikilkokulu39.meb.k12.tr/tema/harita.php,2026-08-31,15,15,bulundu,https://kislacikilkokulu39.meb.k12.tr/,2026-10-01T19:01:23.367596+00:00,,Öğrenci Sayısı: 15
Kırklareli,Vize,Namık Kemal Ortaokulu,716403,Ortaokul,https://vizenamikkemalortaokulu.meb.k12.tr,,,https://vizenamikkemalortaokulu.meb.k12.tr/tema/harita.php,2026-08-31,434,434,bulundu,https://vizenamikkemalortaokulu.meb.k12.tr/tema/okulumuz_hakkinda.php,2026-10-01T19:01:23.532725+00:00,,Öğrenci : 434
Kırklareli,Vize,Sergen Ortaokulu,718729,Ortaokul,https://sergenortaokulu.meb.k12.tr,,,https://sergenortaokulu.meb.k12.tr/tema/harita.php,2026-08-31,22,22,bulundu,https://sergenortaokulu.meb.k12.tr/,2026-10-01T19:01:23.551757+00:00,,Öğrenci Sayısı: 22
Kırklareli,Vize,Sergen İlkokulu,718720,İlkokul,https://sergenilkokulu.meb.k12.tr,,,https://sergenilkokulu.meb.k12.tr/tema/harita.php,2026-08-31,23,23,bulundu,https://sergenilkokulu.meb.k12.tr/,2026-10-01T19:01:23.628855+00:00,,Öğrenci Sayısı: 23
Kırklareli,Vize,Vize Anadolu Lisesi,964133,Anadolu Lisesi,https://vizeanadolulisesi.meb.k12.tr,,,https://vizeanadolulisesi.meb.k12.tr/tema/harita.php,2026-08-31,249,249,bulundu,https://vizeanadolulisesi.meb.k12.tr/,2026-10-01T19:01:23.680770+00:00,,Öğrenci Sayısı : 249
Kırklareli,Vize,Vize Anadolu İmam Hatip Lisesi,974758,Anadolu İmam Hatip Lisesi,https://vizeaihl.meb.k12.tr,,,https://vizeaihl.meb.k12.tr/tema/harita.php,2026-08-31,76,76,bulundu,https://vizeaihl.meb.k12.tr/,2026-10-01T19:01:23.739299+00:00,,Öğrenci Sayısı : 76
Kırklareli,Vize,Vize Bilim ve Sanat Merkezi,769086,Bilim ve Sanat Merkezi,https://vizebilsem.meb.k12.tr,,,https://vizebilsem.meb.k12.tr/tema/harita.php,2026-08-31,16,16,bulundu,https://vizebilsem.meb.k12.tr/,2026-10-01T19:01:23.741768+00:00,,Öğrenci Sayısı 16
Kırklareli,Vize,Vize Halk Eğitimi Merkezi,172334,Halk Eğitimi Merkezi,https://vizehem.meb.k12.tr,,,https://vizehem.meb.k12.tr/tema/harita.php,2026-08-31,,,bulunamadi,,2026-10-01T19:01:23.780671+00:00,,
Kırklareli,Vize,Vize Mesleki ve Teknik Anadolu Lisesi,905265,Mesleki ve Teknik Anadolu Lisesi,https://vizemtal.meb.k12.tr,,,https://vizemtal.meb.k12.tr/tema/harita.php,2026-08-31,364,364,bulundu,https://vizemtal.meb.k12.tr/,2026-10-01T19:01:23.803031+00:00,,Öğrenci Sayısı 364
Kırklareli,Vize,VİZE ANAOKULU,760155,Anaokulu,https://vizeanaokulu.meb.k12.tr,,,https://vizeanaokulu.meb.k12.tr/tema/harita.php,2026-08-31,152,152,bulundu,https://vizeanaokulu.meb.k12.tr/,2026-10-01T19:01:23.875123+00:00,,Öğrenci Sayısı 152
Kırklareli,Vize,Çakıllı Ortaokulu,718541,Ortaokul,https://cakilliortaokulu.meb.k12.tr,,,https://cakilliortaokulu.meb.k12.tr/tema/harita.php,2026-08-31,89,89,bulundu,https://cakilliortaokulu.meb.k12.tr/,2026-10-01T19:01:24.197245+00:00,,Öğrenci Sayısı 89
Kırklareli,Vize,Çakıllı İlkokulu,718745,İlkokul,https://cakilliilkokulu.meb.k12.tr,,,https://cakilliilkokulu.meb.k12.tr/tema/harita.php,2026-08-31,93,93,bulundu,https://cakilliilkokulu.meb.k12.tr/,2026-10-01T19:01:24.331116+00:00,,Öğrenci Sayısı 93
Kırıkkale,Bahşılı,Atatürk İlkokulu,862064,İlkokul,https://bahsiliataturkio.meb.k12.tr,,,https://bahsiliataturkio.meb.k12.tr/tema/harita.php,2026-08-31,162,162,bulundu,https://bahsiliataturkio.meb.k12.tr/,2026-10-01T19:01:24.445890+00:00,,Öğrenci Sayısı : 162
Kırıkkale,Bahşılı,Bahşili İmam Hatip Ortaokulu,762467,İmam Hatip Ortaokulu,https://bahsiliihoo.meb.k12.tr,,,https://bahsiliihoo.meb.k12.tr/tema/harita.php,2026-08-31,74,74,bulundu,https://bahsiliihoo.meb.k12.tr/,2026-10-01T19:01:24.756826+00:00,,Öğrenci Sayısı : 74
Kırıkkale,Bahşılı,Bahşılı H.Hidayet Doğruer Mesleki ve Teknik Anadolu Lisesi,323063,Mesleki ve Teknik Anadolu Lisesi,https://bahsilimesleklisesi.meb.k12.tr,,,https://bahsilimesleklisesi.meb.k12.tr/tema/harita.php,2026-08-31,174,174,bulundu,https://bahsilimesleklisesi.meb.k12.tr/,2026-10-01T19:01:24.784813+00:00,,Öğrenci Sayısı : 174
Kırıkkale,Bahşılı,Bahşılı Halk Eğitimi Merkezi,308525,Halk Eğitimi Merkezi,https://bahsilihalkegitim.meb.k12.tr,,,https://bahsilihalkegitim.meb.k12.tr/tema/harita.php,2026-08-31,,,bulunamadi,,2026-10-01T19:01:24.934894+00:00,,
Kırıkkale,Bahşılı,Barbaros İlkokulu,735753,İlkokul,https://bahsilibarbarosilkogretim.meb.k12.tr,,,https://bahsilibarbarosilkogretim.meb.k12.tr/tema/harita.php,2026-08-31,132,132,bulundu,https://bahsilibarbarosilkogretim.meb.k12.tr/,2026-10-01T19:01:24.943372+00:00,,Öğrenci Sayısı 132
Kırıkkale,Bahşılı,Beyaz Kelebekler Anaokulu,971679,Anaokulu,https://beyazkelebekler.meb.k12.tr,,,https://beyazkelebekler.meb.k12.tr/tema/harita.php,2026-08-31,47,47,bulundu,https://beyazkelebekler.meb.k12.tr/,2026-10-01T19:01:25.029063+00:00,,Öğrenci Sayısı : 47
Kırıkkale,Bahşılı,Şehit Yusuf Alsancak Ortaokulu,761767,Ortaokul,https://yusufalsancakoo.meb.k12.tr,,,https://yusufalsancakoo.meb.k12.tr/tema/harita.php,2026-08-31,220,220,bulundu,https://yusufalsancakoo.meb.k12.tr/,2026-10-01T19:01:25.067850+00:00,,Öğrenci Sayısı : 220
Kırıkkale,Balışeyh,Balışeyh Halk Eğitimi Merkezi,348335,Halk Eğitimi Merkezi,https://baliseyhhem.meb.k12.tr,,,https://baliseyhhem.meb.k12.tr/tema/harita.php,2026-08-31,,,bulunamadi,,2026-10-01T19:01:25.077564+00:00,,
Kırıkkale,Balışeyh,Balışeyh İmam Hatip Ortaokulu,762742,İmam Hatip Ortaokulu,https://baliseyhiho.meb.k12.tr,,,https://baliseyhiho.meb.k12.tr/tema/harita.php,2026-08-31,33,33,bulundu,https://baliseyhiho.meb.k12.tr/,2026-10-01T19:01:25.306037+00:00,,Öğrenci Sayısı 33
Kırıkkale,Balışeyh,Kulaksız Şehit Doğan Yerlikaya Ortaokulu,735747,Ortaokul,https://sehitdoganyerlikayaoo.meb.k12.tr,,,https://sehitdoganyerlikayaoo.meb.k12.tr/tema/harita.php,2026-08-31,38,38,bulundu,https://sehitdoganyerlikayaoo.meb.k12.tr/,2026-10-01T19:01:25.364898+00:00,,Öğrenci Sayısı 38
Kırıkkale,Balışeyh,Kulaksız Şehit Doğan Yerlikaya İlkokulu,735748,İlkokul,https://sehitdoganyerlikayaio.meb.k12.tr,,,https://sehitdoganyerlikayaio.meb.k12.tr/tema/harita.php,2026-08-31,27,27,bulundu,https://sehitdoganyerlikayaio.meb.k12.tr/,2026-10-01T19:01:25.470185+00:00,,Öğrenci Sayısı : 27
Kırıkkale,Balışeyh,Prof.Tbp.Tüm General Derviş Şen Çok Programlı Anadolu Lisesi,878912,Çok Programlı Anadolu Lisesi,https://dervissencpl.meb.k12.tr,,,https://dervissencpl.meb.k12.tr/tema/harita.php,2026-08-31,71,71,bulundu,https://dervissencpl.meb.k12.tr/,2026-10-01T19:01:25.585065+00:00,,Öğrenci Sayısı : 71
Kırıkkale,Balışeyh,TOKİ Şehit Gazi Gürsoy Ortaokulu,717314,Ortaokul,https://shtgazigursoyoo.meb.k12.tr,,,https://shtgazigursoyoo.meb.k12.tr/tema/harita.php,2026-08-31,135,135,bulundu,https://shtgazigursoyoo.meb.k12.tr/,2026-10-01T19:01:25.751756+00:00,,Öğrenci Sayısı 135
Kırıkkale,Balışeyh,Şehit Hüsamettin İnci Anaokulu,775506,Anaokulu,https://775506.meb.k12.tr,,,https://775506.meb.k12.tr/tema/harita.php,2026-08-31,56,56,bulundu,https://775506.meb.k12.tr/,2026-10-01T19:01:25.736643+00:00,,Öğrenci Sayısı : 56
Kırıkkale,Balışeyh,Şehit Sezai Ergül ilkokulu,717298,İlkokul,https://sehitsezaiergul.meb.k12.tr,,,https://sehitsezaiergul.meb.k12.tr/tema/harita.php,2026-08-31,131,131,bulundu,https://sehitsezaiergul.meb.k12.tr/tema/okulumuz_hakkinda.php,2026-10-01T19:01:25.754429+00:00,,Öğrenci : 131
Kırıkkale,Delice,Cumhuriyet İlkokulu,717501,İlkokul,https://delicecumhuriyetilkokulu.meb.k12.tr,,,https://delicecumhuriyetilkokulu.meb.k12.tr/tema/harita.php,2026-08-31,128,128,bulundu,https://delicecumhuriyetilkokulu.meb.k12.tr/,2026-10-01T19:01:25.770766+00:00,,Öğrenci Sayısı : 128
Kırıkkale,Delice,Delice Anaokulu,765161,Anaokulu,https://deliceanaokulu.meb.k12.tr,,,https://deliceanaokulu.meb.k12.tr/tema/harita.php,2026-08-31,33,33,bulundu,https://deliceanaokulu.meb.k12.tr/,2026-10-01T19:01:25.834111+00:00,,Öğrenci Sayısı: 33
Kırıkkale,Delice,Delice Halk Eğitimi Merkezi,120056,Halk Eğitimi Merkezi,https://delicehem.meb.k12.tr,,,https://delicehem.meb.k12.tr/tema/harita.php,2026-08-31,,,bulunamadi,,2026-10-01T19:01:25.839317+00:00,,
Kırıkkale,Delice,Delice Mesleki ve Teknik Anadolu Lisesi,962708,Mesleki ve Teknik Anadolu Lisesi,https://delicesml.meb.k12.tr,,,https://delicesml.meb.k12.tr/tema/harita.php,2026-08-31,106,106,bulundu,https://delicesml.meb.k12.tr/,2026-10-01T19:01:26.150871+00:00,,Öğrenci Sayısı : 106
Kırıkkale,Delice,Delice Şehit Hakan Yorulmaz Çok Programlı Anadolu Lisesi,323697,Çok Programlı Anadolu Lisesi,https://delicecpal.meb.k12.tr,,,https://delicecpal.meb.k12.tr/tema/harita.php,2026-08-31,63,63,bulundu,https://delicecpal.meb.k12.tr/,2026-10-01T19:01:26.216947+00:00,,Öğrenci Sayısı : 63
Kırıkkale,Delice,Çerikli Atatürk Ortaokulu,735741,Ortaokul,https://cerikliataturkortaokulu.meb.k12.tr,,,https://cerikliataturkortaokulu.meb.k12.tr/tema/harita.php,2026-08-31,86,86,bulundu,https://cerikliataturkortaokulu.meb.k12.tr/,2026-10-01T19:01:26.303066+00:00,,Öğrenci Sayısı : 86
Kırıkkale,Delice,Çerikli Atatürk İlkokulu,735742,İlkokul,https://cerikliataturkilkokulu.meb.k12.tr,,,https://cerikliataturkilkokulu.meb.k12.tr/tema/harita.php,2026-08-31,106,106,bulundu,https://cerikliataturkilkokulu.meb.k12.tr/tema/okulumuz_hakkinda.php,2026-10-01T19:01:26.331400+00:00,,Öğrenci : 106
Kırıkkale,Delice,Çerikli Şehit Köksal Kuzeytepe Çok Programlı Anadolu Lisesi,120019,Çok Programlı Anadolu Lisesi,https://ceriklicpal.meb.k12.tr,,,https://ceriklicpal.meb.k12.tr/tema/harita.php,2026-08-31,65,65,bulundu,https://ceriklicpal.meb.k12.tr/,2026-10-01T19:01:26.384320+00:00,,Öğrenci Sayısı : 65
Kırıkkale,Delice,Şehit Binbaşı Erhan Dikmen Ortaokulu,976960,Ortaokul,https://delicehurriyet.meb.k12.tr,,,https://delicehurriyet.meb.k12.tr/tema/harita.php,2026-08-31,126,126,bulundu,https://delicehurriyet.meb.k12.tr/,2026-10-01T19:01:26.517681+00:00,,Öğrenci Sayısı 126
Kırıkkale,Karakeçili,Atatürk Ortaokulu,717593,Ortaokul,https://karakeciliataturkoo.meb.k12.tr,,,https://karakeciliataturkoo.meb.k12.tr/tema/harita.php,2026-08-31,121,121,bulundu,https://karakeciliataturkoo.meb.k12.tr/,2026-10-01T19:01:26.605394+00:00,,Öğrenci Sayısı : 121
Kırıkkale,Karakeçili,Karakeçili Anadolu İmam Hatip Lisesi,363662,Anadolu İmam Hatip Lisesi,https://karakeciliihl.meb.k12.tr,,,https://karakeciliihl.meb.k12.tr/tema/harita.php,2026-08-31,55,55,bulundu,https://karakeciliihl.meb.k12.tr/,2026-10-01T19:01:26.727855+00:00,,Öğrenci Sayısı 55
Kırıkkale,Karakeçili,Karakeçili Halk Eğitimi Merkezi,250844,Halk Eğitimi Merkezi,https://karakecilihem.meb.k12.tr,,,https://karakecilihem.meb.k12.tr/tema/harita.php,2026-08-31,,,bulunamadi,,2026-10-01T19:01:26.955046+00:00,,
Kırıkkale,Karakeçili,Karakeçili Çok Programlı Anadolu Lisesi,320105,Çok Programlı Anadolu Lisesi,https://karakecilicpl.meb.k12.tr,,,https://karakecilicpl.meb.k12.tr/tema/harita.php,2026-08-31,64,64,bulundu,https://karakecilicpl.meb.k12.tr/tema/okulumuz_hakkinda.php,2026-10-01T19:01:26.979194+00:00,,Öğrenci : 64
Kırıkkale,Karakeçili,Karakeçili İlkokulu,717560,İlkokul,https://karakeiliilkokulu.meb.k12.tr,,,https://karakeiliilkokulu.meb.k12.tr/tema/harita.php,2026-08-31,176,176,bulundu,https://karakeiliilkokulu.meb.k12.tr/,2026-10-01T19:01:27.100857+00:00,,Öğrenci Sayısı 176
Kırıkkale,Keskin,Atatürk İlkokulu,717610,İlkokul,https://keskinataturk.meb.k12.tr,,,https://keskinataturk.meb.k12.tr/tema/harita.php,2026-08-31,153,153,bulundu,https://keskinataturk.meb.k12.tr/,2026-10-01T19:01:27.110750+00:00,,Öğrenci Sayısı 153
Kırıkkale,Keskin,Bilge Kaan İlkokulu,717662,İlkokul,https://bilgekaan.meb.k12.tr,,,https://bilgekaan.meb.k12.tr/tema/harita.php,2026-08-31,117,117,bulundu,https://bilgekaan.meb.k12.tr/,2026-10-01T19:01:27.152486+00:00,,Öğrenci Sayısı 117
Kırıkkale,Keskin,Cankurtaran İlkokulu,746712,İlkokul,https://keskincankurtaranio.meb.k12.tr,,,https://keskincankurtaranio.meb.k12.tr/tema/harita.php,2026-08-31,6,6,bulundu,https://keskincankurtaranio.meb.k12.tr/tema/okulumuz_hakkinda.php,2026-10-01T19:01:27.207930+00:00,,Öğrenci : 6
Kırıkkale,Keskin,Cumhuriyet Ortaokulu,717640,Ortaokul,https://keskincumhuriyet.meb.k12.tr,,,https://keskincumhuriyet.meb.k12.tr/tema/harita.php,2026-08-31,272,272,bulundu,https://keskincumhuriyet.meb.k12.tr/,2026-10-01T19:01:27.528145+00:00,,Öğrenci Sayısı : 272
Kırıkkale,Keskin,Haydardede İlkokulu,542784,İlkokul,https://haydardede.meb.k12.tr,,,https://haydardede.meb.k12.tr/tema/harita.php,2026-08-31,7,7,bulundu,https://haydardede.meb.k12.tr/,2026-10-01T19:01:27.601782+00:00,,Öğrenci Sayısı : 7
Kırıkkale,Keskin,Keskin Anadolu Lisesi,972583,Anadolu Lisesi,https://keskinanadolulisesi.meb.k12.tr,,,https://keskinanadolulisesi.meb.k12.tr/tema/harita.php,2026-08-31,57,57,bulundu,https://keskinanadolulisesi.meb.k12.tr/,2026-10-01T19:01:27.618887+00:00,,Öğrenci Sayısı : 57
Kırıkkale,Keskin,Keskin Anadolu İmam Hatip Lisesi,121182,Anadolu İmam Hatip Lisesi,https://keskinihl.meb.k12.tr,,,https://keskinihl.meb.k12.tr/tema/harita.php,2026-08-31,131,131,bulundu,https://keskinihl.meb.k12.tr/,2026-10-01T19:01:27.642334+00:00,,Öğrenci Sayısı : 131
Kırıkkale,Keskin,Keskin Halk Eğitimi Merkezi,121194,Halk Eğitimi Merkezi,https://keskinhem.meb.k12.tr,,,https://keskinhem.meb.k12.tr/tema/harita.php,2026-08-31,,,bulunamadi,,2026-10-01T19:01:27.703327+00:00,,
Kırıkkale,Keskin,Keskin Mesleki ve Teknik Anadolu Lisesi,971959,Mesleki ve Teknik Anadolu Lisesi,https://keskineml.meb.k12.tr,,,https://keskineml.meb.k12.tr/tema/harita.php,2026-08-31,112,112,bulundu,https://keskineml.meb.k12.tr/,2026-10-01T19:01:27.725053+00:00,,Öğrenci Sayısı 112
Kırıkkale,Keskin,Keskin Şehit Pilot Komiser Gökhun Mete ALTUNBAŞ Öğretmenevi ve Akşam Sanat Okulu,971745,Öğretmenevi,https://keskinogretmenevi.meb.k12.tr,,,https://keskinogretmenevi.meb.k12.tr/tema/harita.php,2026-08-31,,,bulunamadi,,2026-10-01T19:01:27.746468+00:00,,
Kırıkkale,Keskin,Konur İlkokulu,735735,İlkokul,https://konurilkokulu.meb.k12.tr,,,https://konurilkokulu.meb.k12.tr/tema/harita.php,2026-08-31,9,9,bulundu,https://konurilkokulu.meb.k12.tr/,2026-10-01T19:01:27.839227+00:00,,Öğrenci Sayısı 9
Kırıkkale,Keskin,Köprü İlkokulu,735733,İlkokul,https://kopruilkokulu.meb.k12.tr,,,https://kopruilkokulu.meb.k12.tr/tema/harita.php,2026-08-31,22,22,bulundu,https://kopruilkokulu.meb.k12.tr/,2026-10-01T19:01:27.887447+00:00,,Öğrenci Sayısı: 22
Kırıkkale,Keskin,Mehmet Arifoğlu İlkokulu,977028,İlkokul,https://mehmetarifogluio.meb.k12.tr,,,https://mehmetarifogluio.meb.k12.tr/tema/harita.php,2026-08-31,,,bulunamadi,,2026-10-01T19:01:27.939081+00:00,,
Kırıkkale,Keskin,Çalış İlkokulu,746728,İlkokul,https://keskincalisio.meb.k12.tr,,,https://keskincalisio.meb.k12.tr/tema/harita.php,2026-08-31,,,bulunamadi,,2026-10-01T19:01:28.075823+00:00,,
Kırıkkale,Keskin,İbn-i Sina Mesleki ve Teknik Anadolu Lisesi,962726,Mesleki ve Teknik Anadolu Lisesi,https://keskinsaglik.meb.k12.tr,,,https://keskinsaglik.meb.k12.tr/tema/harita.php,2026-08-31,171,171,bulundu,https://keskinsaglik.meb.k12.tr/,2026-10-01T19:01:28.251136+00:00,,Öğrenci Sayısı : 171
Kırıkkale,Keskin,Şehit Mehmet Türken Anaokulu,966829,Anaokulu,https://sehitmehmetturken.meb.k12.tr,,,https://sehitmehmetturken.meb.k12.tr/tema/harita.php,2026-08-31,118,118,bulundu,https://sehitmehmetturken.meb.k12.tr/,2026-10-01T19:01:28.551838+00:00,,Öğrenci Sayısı: 118
Kırıkkale,Merkez,15 Temmuz Şehitleri Kız Anadolu İmam Hatip Lisesi,762264,Anadolu İmam Hatip Lisesi,https://15temmuzsehitleriaihl.meb.k12.tr,,,https://15temmuzsehitleriaihl.meb.k12.tr/tema/harita.php,2026-08-31,108,108,bulundu,https://15temmuzsehitleriaihl.meb.k12.tr/tema/okulumuz_hakkinda.php,2026-10-01T19:01:28.637468+00:00,,Öğrenci : 108
Kırıkkale,Merkez,17 Ağustos Mesleki ve Teknik Anadolu Lisesi,264355,Mesleki ve Teknik Anadolu Lisesi,https://17agustoseml.meb.k12.tr,,,https://17agustoseml.meb.k12.tr/tema/harita.php,2026-08-31,,,bulunamadi,,2026-10-01T19:01:28.723313+00:00,,
Kırıkkale,Merkez,75. Yıl Ortaokulu,887894,Ortaokul,https://75yiloo.meb.k12.tr,,,https://75yiloo.meb.k12.tr/tema/harita.php,2026-08-31,308,308,bulundu,https://75yiloo.meb.k12.tr/,2026-10-01T19:01:28.815239+00:00,,Öğrenci Sayısı 308
Kırıkkale,Merkez,Ahmet Sümer Ortaokulu,735756,Ortaokul,https://ahmetsumerortaokulu.meb.k12.tr,,,https://ahmetsumerortaokulu.meb.k12.tr/tema/harita.php,2026-08-31,283,283,bulundu,https://ahmetsumerortaokulu.meb.k12.tr/,2026-10-01T19:01:28.874611+00:00,,Öğrenci Sayısı : 283
Kırıkkale,Merkez,Ahmet Taner Kışlalı Ortaokulu,853567,Ortaokul,https://atko.meb.k12.tr,,,https://atko.meb.k12.tr/tema/harita.php,2026-08-31,252,252,bulundu,https://atko.meb.k12.tr/,2026-10-01T19:01:29.003023+00:00,,Öğrenci Sayısı 252
Kırıkkale,Merkez,Ahılı İlkokulu,735777,İlkokul,https://ahiliilkokulu.meb.k12.tr,,,https://ahiliilkokulu.meb.k12.tr/tema/harita.php,2026-08-31,10,10,bulundu,https://ahiliilkokulu.meb.k12.tr/,2026-10-01T19:01:29.136031+00:00,,Öğrenci Sayısı : 10
Kırıkkale,Merkez,Akşemsettin Ortaokulu,879430,Ortaokul,https://aksemsettin.meb.k12.tr,,,https://aksemsettin.meb.k12.tr/tema/harita.php,2026-08-31,552,552,bulundu,https://aksemsettin.meb.k12.tr/,2026-10-01T19:01:29.136587+00:00,,Öğrenci Sayısı 552
Kırıkkale,Merkez,Alişen İğde Mesleki ve Teknik Anadolu Lisesi,746234,Mesleki ve Teknik Anadolu Lisesi,https://alisenigdemtal.meb.k12.tr,,,https://alisenigdemtal.meb.k12.tr/tema/harita.php,2026-08-31,165,165,bulundu,https://alisenigdemtal.meb.k12.tr/,2026-10-01T19:01:29.137285+00:00,,Öğrenci Sayısı 165
Kırıkkale,Merkez,Atatürk Mesleki ve Teknik Anadolu Lisesi,962724,Mesleki ve Teknik Anadolu Lisesi,https://kirikkaleataturkasml.meb.k12.tr,,,https://kirikkaleataturkasml.meb.k12.tr/tema/harita.php,2026-08-31,514,514,bulundu,https://kirikkaleataturkasml.meb.k12.tr/,2026-10-01T19:01:29.246175+00:00,,Öğrenci Sayısı : 514
Kırıkkale,Merkez,Atatürk Ortaokulu,715789,Ortaokul,https://ataturkortaokulu71.meb.k12.tr,,,https://ataturkortaokulu71.meb.k12.tr/tema/harita.php,2026-08-31,741,741,bulundu,https://ataturkortaokulu71.meb.k12.tr/,2026-10-01T19:01:29.250000+00:00,,Öğrenci Sayısı : 741
Kırıkkale,Merkez,Aşağı Mahmutlar Ortaokulu,735773,Ortaokul,https://asmahmutlaroo.meb.k12.tr,,,https://asmahmutlaroo.meb.k12.tr/tema/harita.php,2026-08-31,43,43,bulundu,https://asmahmutlaroo.meb.k12.tr/tema/okulumuz_hakkinda.php,2026-10-01T19:01:29.276905+00:00,,Öğrenci : 43
Kırıkkale,Merkez,Bahçelievler Şehit Ramazan Bekar İlkokulu,763556,İlkokul,https://sehitramazanbekario.meb.k12.tr,,,https://sehitramazanbekario.meb.k12.tr/tema/harita.php,2026-08-31,352,352,bulundu,https://sehitramazanbekario.meb.k12.tr/,2026-10-01T19:01:29.330159+00:00,,Öğrenci Sayısı : 352
Kırıkkale,Merkez,Bahçelievler Şehit Volkan Canöz İmam Hatip Ortaokulu,758984,İmam Hatip Ortaokulu,https://bahcelievleriho.meb.k12.tr,,,https://bahcelievleriho.meb.k12.tr/tema/harita.php,2026-08-31,84,84,bulundu,https://bahcelievleriho.meb.k12.tr/,2026-10-01T19:01:29.332546+00:00,,Öğrenci Sayısı : 84
Kırıkkale,Merkez,Beşir Atalay Anadolu İmam Hatip Lisesi,121540,Anadolu İmam Hatip Lisesi,https://besiratalayihl.meb.k12.tr,,,https://besiratalayihl.meb.k12.tr/tema/harita.php,2026-08-31,127,127,bulundu,https://besiratalayihl.meb.k12.tr/tema/okulumuz_hakkinda.php,2026-10-01T19:01:29.705799+00:00,,Öğrenci : 127
Kırıkkale,Merkez,Cumhuriyet Ticaret Mesleki ve Teknik Anadolu Lisesi,746236,Mesleki ve Teknik Anadolu Lisesi,https://kirikkalecumhuriyettml.meb.k12.tr,,,https://kirikkalecumhuriyettml.meb.k12.tr/tema/harita.php,2026-08-31,253,253,bulundu,https://kirikkalecumhuriyettml.meb.k12.tr/,2026-10-01T19:01:29.750286+00:00,,Öğrenci Sayısı 253
Kırıkkale,Merkez,Cumhuriyet Özel Eğitim Anaokulu,773775,Anaokulu,https://773775.meb.k12.tr,,,https://773775.meb.k12.tr/tema/harita.php,2026-08-31,29,29,bulundu,https://773775.meb.k12.tr/,2026-10-01T19:01:29.831647+00:00,,Öğrenci Sayısı: 29
Kırıkkale,Merkez,Etiler Şehit Altan Çamkara Anaokulu,972654,Anaokulu,https://etileraltancamkaraanaokulu.meb.k12.tr,,,https://etileraltancamkaraanaokulu.meb.k12.tr/tema/harita.php,2026-08-31,118,118,bulundu,https://etileraltancamkaraanaokulu.meb.k12.tr/,2026-10-01T19:01:29.865295+00:00,,Öğrenci Sayısı 118
Kırıkkale,Merkez,Evliya Çelebi İlkokulu,715250,İlkokul,https://evliyacelebio.meb.k12.tr,,,https://evliyacelebio.meb.k12.tr/tema/harita.php,2026-08-31,151,151,bulundu,https://evliyacelebio.meb.k12.tr/,2026-10-01T19:01:29.950075+00:00,,Öğrenci Sayısı 151
Kırıkkale,Merkez,Fabrikalar Şehit Çağdaş Tamkoç Anaokulu,966828,Anaokulu,https://fabrikalarsehitcagdastamkoc.meb.k12.tr,,,https://fabrikalarsehitcagdastamkoc.meb.k12.tr/tema/harita.php,2026-08-31,112,112,bulundu,https://fabrikalarsehitcagdastamkoc.meb.k12.tr/,2026-10-01T19:01:30.085086+00:00,,Öğrenci Sayısı: 112
Kırıkkale,Merkez,Fatih Ortaokulu,976616,Ortaokul,https://fatihoo71.meb.k12.tr,,,https://fatihoo71.meb.k12.tr/tema/harita.php,2026-08-31,178,178,bulundu,https://fatihoo71.meb.k12.tr/,2026-10-01T19:01:30.152273+00:00,,Öğrenci Sayısı : 178
Kırıkkale,Merkez,Gazi Mesleki ve Teknik Anadolu Lisesi,757612,Mesleki ve Teknik Anadolu Lisesi,https://gaziteml.meb.k12.tr,,,https://gaziteml.meb.k12.tr/tema/harita.php,2026-08-31,344,344,bulundu,https://gaziteml.meb.k12.tr/,2026-10-01T19:01:30.266664+00:00,,Öğrenci Sayısı : 344
Kırıkkale,Merkez,Gazi Ortaokulu,735783,Ortaokul,https://gazioo71.meb.k12.tr,,,https://gazioo71.meb.k12.tr/tema/harita.php,2026-08-31,255,255,bulundu,https://gazioo71.meb.k12.tr/,2026-10-01T19:01:30.367907+00:00,,Öğrenci Sayısı : 255
Kırıkkale,Merkez,Gazi İlkokulu,735786,İlkokul,https://gaziio71.meb.k12.tr,,,https://gaziio71.meb.k12.tr/tema/harita.php,2026-08-31,257,257,bulundu,https://gaziio71.meb.k12.tr/,2026-10-01T19:01:30.411453+00:00,,Öğrenci Sayısı 257
Kırıkkale,Merkez,Geraldine Saran İlkokulu,717159,İlkokul,https://geraldinesaran.meb.k12.tr,,,https://geraldinesaran.meb.k12.tr/tema/harita.php,2026-08-31,,,bulunamadi,,2026-10-01T19:01:30.718912+00:00,,
Kırıkkale,Merkez,Gülbeyaz Sümer Anadolu Lisesi,767114,Anadolu Lisesi,https://gulbeyazsumeral.meb.k12.tr,,,https://gulbeyazsumeral.meb.k12.tr/tema/harita.php,2026-08-31,89,89,bulundu,https://gulbeyazsumeral.meb.k12.tr/,2026-10-01T19:01:30.725960+00:00,,Öğrenci Sayısı : 89
Kırıkkale,Merkez,Gündoğdu Manas İlkokulu,717192,İlkokul,https://gundogdumanasio.meb.k12.tr,,,https://gundogdumanasio.meb.k12.tr/tema/harita.php,2026-08-31,174,174,bulundu,https://gundogdumanasio.meb.k12.tr/tema/okulumuz_hakkinda.php,2026-10-01T19:01:30.816362+00:00,,Öğrenci : 174
Kırıkkale,Merkez,Gürler Şehit Mustafa Sağlam İlkokulu,853261,İlkokul,https://gurler.meb.k12.tr,,,https://gurler.meb.k12.tr/tema/harita.php,2026-08-31,679,679,bulundu,https://gurler.meb.k12.tr/tema/okulumuz_hakkinda.php,2026-10-01T19:01:30.873527+00:00,,Öğrenci : 679
Kırıkkale,Merkez,Hacı Hacer Mıstaçoğlu Kızılay Anaokulu,770410,Anaokulu,https://hhmkizilayanaokulu.meb.k12.tr,,,https://hhmkizilayanaokulu.meb.k12.tr/tema/harita.php,2026-08-31,26,26,bulundu,https://hhmkizilayanaokulu.meb.k12.tr/,2026-10-01T19:01:30.906799+00:00,,Öğrenci Sayısı : 26
Kırıkkale,Merkez,Hasan Ali Yücel İlkokulu,717070,İlkokul,https://hay.meb.k12.tr,,,https://hay.meb.k12.tr/tema/harita.php,2026-08-31,225,225,bulundu,https://hay.meb.k12.tr/,2026-10-01T19:01:30.934639+00:00,,Öğrenci Sayısı 225
Kırıkkale,Merkez,Hasan Dede Orhan Demirhan İlkokulu,735768,İlkokul,https://hsn.meb.k12.tr,,,https://hsn.meb.k12.tr/tema/harita.php,2026-08-31,24,24,bulundu,https://hsn.meb.k12.tr/,2026-10-01T19:01:30.967798+00:00,,Öğrenci Sayısı : 24
Kırıkkale,Merkez,Hoca Ahmet Yesevi Ortaokulu,735785,Ortaokul,https://hocaahmetyesevioo.meb.k12.tr,,,https://hocaahmetyesevioo.meb.k12.tr/tema/harita.php,2026-08-31,52,52,bulundu,https://hocaahmetyesevioo.meb.k12.tr/,2026-10-01T19:01:30.991924+00:00,,Öğrenci Sayısı : 52
Kırıkkale,Merkez,Hoca Ahmet Yesevi İlkokulu,735796,İlkokul,https://hocaahmetyeseviilko.meb.k12.tr,,,https://hocaahmetyeseviilko.meb.k12.tr/tema/harita.php,2026-08-31,60,60,bulundu,https://hocaahmetyeseviilko.meb.k12.tr/,2026-10-01T19:01:31.057991+00:00,,Öğrenci Sayısı : 60
Kırıkkale,Merkez,Hüseyin Kahya Hiçyılmaz Ortaokulu,717048,Ortaokul,https://huseyinkahyahicyilmaz.meb.k12.tr,,,https://huseyinkahyahicyilmaz.meb.k12.tr/tema/harita.php,2026-08-31,666,666,bulundu,https://huseyinkahyahicyilmaz.meb.k12.tr/,2026-10-01T19:01:31.059423+00:00,,Öğrenci Sayısı 666
Kırıkkale,Merkez,Hüseyin Özenen Ortaokulu,888044,Ortaokul,https://huseyinozenenortaokulu.meb.k12.tr,,,https://huseyinozenenortaokulu.meb.k12.tr/tema/harita.php,2026-08-31,81,81,bulundu,https://huseyinozenenortaokulu.meb.k12.tr/,2026-10-01T19:01:31.070271+00:00,,Öğrenci Sayısı : 81
Kırıkkale,Merkez,Kale Şehit Ferhat Bozkurt İlkokulu,735759,İlkokul,https://kkaleilkokulu.meb.k12.tr,,,https://kkaleilkokulu.meb.k12.tr/tema/harita.php,2026-08-31,449,449,bulundu,https://kkaleilkokulu.meb.k12.tr/,2026-10-01T19:01:31.185137+00:00,,Öğrenci Sayısı 449
Kırıkkale,Merkez,Kaletepe Şehit Nurettin Öztürk Anaokulu,964485,Anaokulu,https://sehitnurettinozturk.meb.k12.tr,,,https://sehitnurettinozturk.meb.k12.tr/tema/harita.php,2026-08-31,58,58,bulundu,https://sehitnurettinozturk.meb.k12.tr/,2026-10-01T19:01:31.327382+00:00,,Öğrenci Sayısı 58
Kırıkkale,Merkez,Karacalı İlkokulu,717250,İlkokul,https://717250.meb.k12.tr,,,https://717250.meb.k12.tr/tema/harita.php,2026-08-31,9,9,bulundu,https://717250.meb.k12.tr/,2026-10-01T19:01:31.393382+00:00,,Öğrenci Sayısı 9
Kırıkkale,Merkez,Kurtuluş Şehit Uğur Şahin Anaokulu,757780,Anaokulu,https://kurtulussehitugursahinanaokulu.meb.k12.tr,,,https://kurtulussehitugursahinanaokulu.meb.k12.tr/tema/harita.php,2026-08-31,122,122,bulundu,https://kurtulussehitugursahinanaokulu.meb.k12.tr/,2026-10-01T19:01:31.573843+00:00,,Öğrenci Sayısı: 122
Kırıkkale,Merkez,Kırıkkale Adnan Şener Özel Eğitim Uygulama Okulu II. Kademe,747552,Özel Eğitim Kurumu,https://adnansenerozelegitim.meb.k12.tr,,,https://adnansenerozelegitim.meb.k12.tr/tema/harita.php,2026-08-31,76,76,bulundu,https://adnansenerozelegitim.meb.k12.tr/,2026-10-01T19:01:31.639252+00:00,,Öğrenci Sayısı 76
Kırıkkale,Merkez,Kırıkkale Atatürk Anadolu Lisesi,886522,Anadolu Lisesi,https://kkaleaal.meb.k12.tr,,,https://kkaleaal.meb.k12.tr/tema/harita.php,2026-08-31,579,579,bulundu,https://kkaleaal.meb.k12.tr/,2026-10-01T19:01:31.739599+00:00,,Öğrenci Sayısı : 579
Kırıkkale,Merkez,Kırıkkale Fen Lisesi,301153,Fen Lisesi,https://kirikkalefenlisesi.meb.k12.tr,,,https://kirikkalefenlisesi.meb.k12.tr/tema/harita.php,2026-08-31,431,431,bulundu,https://kirikkalefenlisesi.meb.k12.tr/,2026-10-01T19:01:32.109502+00:00,,Öğrenci Sayısı 431
Kırıkkale,Merkez,Kırıkkale Güzel Sanatlar Lisesi,320465,Güzel Sanatlar Lisesi,https://kirikkalegsl.meb.k12.tr,,,https://kirikkalegsl.meb.k12.tr/tema/harita.php,2026-08-31,88,88,bulundu,https://kirikkalegsl.meb.k12.tr/,2026-10-01T19:01:32.121399+00:00,,Öğrenci Sayısı 88
Kırıkkale,Merkez,Kırıkkale Halk Eğitimi Merkezi,121552,Halk Eğitimi Merkezi,https://kirikkalehem.meb.k12.tr,,,https://kirikkalehem.meb.k12.tr/tema/harita.php,2026-08-31,,,bulunamadi,,2026-10-01T19:01:32.192814+00:00,,
Kırıkkale,Merkez,Kırıkkale Lisesi,972910,Lise,https://kirikkalelisesi.meb.k12.tr,,,https://kirikkalelisesi.meb.k12.tr/tema/harita.php,2026-08-31,581,581,bulundu,https://kirikkalelisesi.meb.k12.tr/tema/okulumuz_hakkinda.php,2026-10-01T19:01:32.232089+00:00,,Öğrenci : 581
Kırıkkale,Merkez,Kırıkkale Rehberlik ve Araştırma Merkezi,254506,Rehberlik ve Araştırma Merkezi,https://kirikkaleram.meb.k12.tr,,,https://kirikkaleram.meb.k12.tr/tema/harita.php,2026-08-31,,,bulunamadi,,2026-10-01T19:01:32.276661+00:00,,
Kırıkkale,Merkez,Kırıkkale Özel Eğitim Meslek Okulu,761108,Özel Eğitim Kurumu,https://kkaleoemem.meb.k12.tr,,,https://kkaleoemem.meb.k12.tr/tema/harita.php,2026-08-31,69,69,bulundu,https://kkaleoemem.meb.k12.tr/,2026-10-01T19:01:32.313492+00:00,,Öğrenci Sayısı 69
Kırıkkale,Merkez,Kırıkkale Öğretmenevi ve Akşam Sanat Okulu,971464,Öğretmenevi,https://kirikkaleogretmenevi.meb.k12.tr,,,https://kirikkaleogretmenevi.meb.k12.tr/tema/harita.php,2026-08-31,,,bulunamadi,,2026-10-01T19:01:32.324425+00:00,,
Kırıkkale,Merkez,Kırıkkale İl Özel İdaresi Bilim ve Sanat Merkezi,965212,Bilim ve Sanat Merkezi,https://kirikkalebilsem.meb.k12.tr,,,https://kirikkalebilsem.meb.k12.tr/tema/harita.php,2026-08-31,335,335,bulundu,https://kirikkalebilsem.meb.k12.tr/,2026-10-01T19:01:32.327921+00:00,,Öğrenci Sayısı : 335
Kırıkkale,Merkez,Kırıkkale Şehit Aydın Çopur İmam Hatip Ortaokulu,748576,İmam Hatip Ortaokulu,https://kirikkaleiho.meb.k12.tr,,,https://kirikkaleiho.meb.k12.tr/tema/harita.php,2026-08-31,524,524,bulundu,https://kirikkaleiho.meb.k12.tr/,2026-10-01T19:01:32.369572+00:00,,Öğrenci Sayısı : 524
Kırıkkale,Merkez,Kızılırmak Şehit Volkan Pilavcı Anaokulu,752383,Anaokulu,https://kizilirmakanaokulu.meb.k12.tr,,,https://kizilirmakanaokulu.meb.k12.tr/tema/harita.php,2026-08-31,222,222,bulundu,https://kizilirmakanaokulu.meb.k12.tr/,2026-10-01T19:01:32.379037+00:00,,Öğrenci Sayısı 222
Kırıkkale,Merkez,Lal Saran Anaokulu,966836,Anaokulu,https://lalsarananaokulu.meb.k12.tr,,,https://lalsarananaokulu.meb.k12.tr/tema/harita.php,2026-08-31,47,47,bulundu,https://lalsarananaokulu.meb.k12.tr/tema/okulumuz_hakkinda.php,2026-10-01T19:01:32.890785+00:00,,Öğrenci : 47
Kırıkkale,Merkez,Leyla İsa Aktuğ Ortaokulu,735782,Ortaokul,https://leylaisaaktugoo.meb.k12.tr,,,https://leylaisaaktugoo.meb.k12.tr/tema/harita.php,2026-08-31,60,60,bulundu,https://leylaisaaktugoo.meb.k12.tr/,2026-10-01T19:01:32.892823+00:00,,Öğrenci Sayısı : 60
Kırıkkale,Merkez,Leyla İsa Aktuğ İlkokulu,735784,İlkokul,https://leylaisaaktugio.meb.k12.tr,,,https://leylaisaaktugio.meb.k12.tr/tema/harita.php,2026-08-31,59,59,bulundu,https://leylaisaaktugio.meb.k12.tr/tema/okulumuz_hakkinda.php,2026-10-01T19:01:32.920161+00:00,,Öğrenci : 59
Kırıkkale,Merkez,MKE ANAOKULU,766577,Anaokulu,https://mkeanaokulu.meb.k12.tr,,,https://mkeanaokulu.meb.k12.tr/tema/harita.php,2026-08-31,211,211,bulundu,https://mkeanaokulu.meb.k12.tr/,2026-10-01T19:01:32.968312+00:00,,Öğrenci Sayısı : 211
Kırıkkale,Merkez,Makine ve Kimya Endüstrisi Mesleki Eğitim Merkezi,776920,Mesleki Eğitim Merkezi,https://mkemesem.meb.k12.tr,,,https://mkemesem.meb.k12.tr/tema/harita.php,2026-08-31,57,57,bulundu,https://mkemesem.meb.k12.tr/,2026-10-01T19:01:33.221216+00:00,,Öğrenci Sayısı 57
Kırıkkale,Merkez,Malazgirt Mesleki ve Teknik Anadolu Lisesi,751636,Mesleki ve Teknik Anadolu Lisesi,https://malazgirtmtal.meb.k12.tr,,,https://malazgirtmtal.meb.k12.tr/tema/harita.php,2026-08-31,63,63,bulundu,https://malazgirtmtal.meb.k12.tr/,2026-10-01T19:01:33.255631+00:00,,Öğrenci Sayısı : 63
Kırıkkale,Merkez,Mehmet Akif Ersoy Anadolu Lisesi,972911,Anadolu Lisesi,https://mehmetakifersoyal.meb.k12.tr,,,https://mehmetakifersoyal.meb.k12.tr/tema/harita.php,2026-08-31,554,554,bulundu,https://mehmetakifersoyal.meb.k12.tr/tema/okulumuz_hakkinda.php,2026-10-01T19:01:33.403630+00:00,,Öğrenci : 554
Kırıkkale,Merkez,Mehmet Akif Ersoy İmam Hatip Ortaokulu,763787,İmam Hatip Ortaokulu,https://kkmehmetakifersoyiho.meb.k12.tr,,,https://kkmehmetakifersoyiho.meb.k12.tr/tema/harita.php,2026-08-31,102,102,bulundu,https://kkmehmetakifersoyiho.meb.k12.tr/,2026-10-01T19:01:33.423105+00:00,,Öğrenci Sayısı 102
Kırıkkale,Merkez,Mehmet Ali Eren İlkokulu,976731,İlkokul,https://malierenio.meb.k12.tr,,,https://malierenio.meb.k12.tr/tema/harita.php,2026-08-31,206,206,bulundu,https://malierenio.meb.k12.tr/,2026-10-01T19:01:33.463268+00:00,,Öğrenci Sayısı 206
Kırıkkale,Merkez,Mehmet Işıtan Özel Eğitim Uygulama Okulu III. Kademe,748123,Özel Eğitim Kurumu,https://mehmetisitan3.meb.k12.tr,,,https://mehmetisitan3.meb.k12.tr/tema/harita.php,2026-08-31,58,58,bulundu,https://mehmetisitan3.meb.k12.tr/,2026-10-01T19:01:33.469213+00:00,,Öğrenci Sayısı : 58
Kırıkkale,Merkez,Mehmet Uzelli İlkokulu,716999,İlkokul,https://muzelli.meb.k12.tr,,,https://muzelli.meb.k12.tr/tema/harita.php,2026-08-31,661,661,bulundu,https://muzelli.meb.k12.tr/,2026-10-01T19:01:33.506859+00:00,,Öğrenci Sayısı : 661
Kırıkkale,Merkez,Mevlüt Hiçyılmaz Özel Eğitim Uygulama Okulu I. Kademe,764031,Özel Eğitim Kurumu,https://mevluthicyilmazozeleguygmerkezi.meb.k12.tr,,,https://mevluthicyilmazozeleguygmerkezi.meb.k12.tr/tema/harita.php,2026-08-31,81,81,bulundu,https://mevluthicyilmazozeleguygmerkezi.meb.k12.tr/,2026-10-01T19:01:33.596080+00:00,,Öğrenci Sayısı 81
Kırıkkale,Merkez,Milli Eğitim Vakfı Ortaokulu,715189,Ortaokul,https://mevoo.meb.k12.tr,,,https://mevoo.meb.k12.tr/tema/harita.php,2026-08-31,362,362,bulundu,https://mevoo.meb.k12.tr/,2026-10-01T19:01:33.656112+00:00,,Öğrenci Sayısı 362
Kırıkkale,Merkez,Mustafa Hiçyılmaz Özel Eğitim Anaokulu,767530,Anaokulu,https://mustafahicyilmazozelegtanaokulu.meb.k12.tr,,,https://mustafahicyilmazozelegtanaokulu.meb.k12.tr/tema/harita.php,2026-08-31,36,36,bulundu,https://mustafahicyilmazozelegtanaokulu.meb.k12.tr/,2026-10-01T19:01:33.662649+00:00,,Öğrenci Sayısı 36
Kırıkkale,Merkez,Mustafa Kemal Ortaokulu,735790,Ortaokul,https://mkemal71.meb.k12.tr,,,https://mkemal71.meb.k12.tr/tema/harita.php,2026-08-31,238,238,bulundu,https://mkemal71.meb.k12.tr/,2026-10-01T19:01:33.715659+00:00,,Öğrenci Sayısı 238
Kırıkkale,Merkez,Mustafa Kemal ilkokulu,735789,İlkokul,https://mkemalio71.meb.k12.tr,,,https://mkemalio71.meb.k12.tr/tema/harita.php,2026-08-31,261,261,bulundu,https://mkemalio71.meb.k12.tr/,2026-10-01T19:01:34.021884+00:00,,Öğrenci Sayısı 261
Kırıkkale,Merkez,Mustafa Necati İlkokulu,715851,İlkokul,https://mustafanecatiio71.meb.k12.tr,,,https://mustafanecatiio71.meb.k12.tr/tema/harita.php,2026-08-31,690,690,bulundu,https://mustafanecatiio71.meb.k12.tr/,2026-10-01T19:01:34.048551+00:00,,Öğrenci Sayısı : 690
Kırıkkale,Merkez,NASRETTİN HOCA ANAOKULU,765643,Anaokulu,https://nasrettinhocaanaokulu71.meb.k12.tr,,,https://nasrettinhocaanaokulu71.meb.k12.tr/tema/harita.php,2026-08-31,94,94,bulundu,https://nasrettinhocaanaokulu71.meb.k12.tr/,2026-10-01T19:01:34.109833+00:00,,Öğrenci Sayısı : 94
Kırıkkale,Merkez,Naciye Pehlivanlı Saran Anadolu Lisesi,973835,Anadolu Lisesi,https://npsarananadolu.meb.k12.tr,,,https://npsarananadolu.meb.k12.tr/tema/harita.php,2026-08-31,286,286,bulundu,https://npsarananadolu.meb.k12.tr/,2026-10-01T19:01:34.127022+00:00,,Öğrenci Sayısı : 286
Kırıkkale,Merkez,Namık Kemal Ortaokulu,976720,Ortaokul,https://mnkortaokulu.meb.k12.tr,,,https://mnkortaokulu.meb.k12.tr/tema/harita.php,2026-08-31,558,558,bulundu,https://mnkortaokulu.meb.k12.tr/,2026-10-01T19:01:34.235246+00:00,,Öğrenci Sayısı : 558
Kırıkkale,Merkez,Nuran Refik Altaş Ortaokulu,717142,Ortaokul,https://nuranrefikaltasortaokulu.meb.k12.tr,,,https://nuranrefikaltasortaokulu.meb.k12.tr/tema/harita.php,2026-08-31,619,619,bulundu,https://nuranrefikaltasortaokulu.meb.k12.tr/,2026-10-01T19:01:34.396252+00:00,,Öğrenci Sayısı 619
Kırıkkale,Merkez,Osman Gazi Fen Lisesi,240613,Fen Lisesi,https://kofl.meb.k12.tr,,,https://kofl.meb.k12.tr/tema/harita.php,2026-08-31,411,411,bulundu,https://kofl.meb.k12.tr/,2026-10-01T19:01:34.403784+00:00,,Öğrenci Sayısı : 411
Kırıkkale,Merkez,Ovacık Şehit Emrah Pekdoğan Anaokulu,752923,Anaokulu,https://osepanaokulu.meb.k12.tr,,,https://osepanaokulu.meb.k12.tr/tema/harita.php,2026-08-31,145,145,bulundu,https://osepanaokulu.meb.k12.tr/,2026-10-01T19:01:34.431413+00:00,,Öğrenci Sayısı 145
Kırıkkale,Merkez,Pakize Akalınlı Anaokulu,971812,Anaokulu,https://pakizeakalinli.meb.k12.tr,,,https://pakizeakalinli.meb.k12.tr/tema/harita.php,2026-08-31,118,118,bulundu,https://pakizeakalinli.meb.k12.tr/,2026-10-01T19:01:34.608632+00:00,,Öğrenci Sayısı : 118
Kırıkkale,Merkez,Seher Vuslat Aytemiz Ortaokulu,735769,Ortaokul,https://sehervuslataytemizortaokulu.meb.k12.tr,,,https://sehervuslataytemizortaokulu.meb.k12.tr/tema/harita.php,2026-08-31,116,116,bulundu,https://sehervuslataytemizortaokulu.meb.k12.tr/,2026-10-01T19:01:34.708831+00:00,,Öğrenci Sayısı 116
Kırıkkale,Merkez,Seher Vuslat Aytemiz İlkokulu,735770,İlkokul,https://sehervuslataytemizilkokulu.meb.k12.tr,,,https://sehervuslataytemizilkokulu.meb.k12.tr/tema/harita.php,2026-08-31,130,130,bulundu,https://sehervuslataytemizilkokulu.meb.k12.tr/,2026-10-01T19:01:34.762473+00:00,,Öğrenci Sayısı : 130
Kırıkkale,Merkez,Süleyman Demirel Anadolu Lisesi,964344,Anadolu Lisesi,https://ksdal.meb.k12.tr,,,https://ksdal.meb.k12.tr/tema/harita.php,2026-08-31,398,398,bulundu,https://ksdal.meb.k12.tr/,2026-10-01T19:01:35.003372+00:00,,Öğrenci Sayısı : 398
Kırıkkale,Merkez,TOKİ Şehit Nazir Elitok İlkokulu,735797,İlkokul,https://tokisehitnazirelitokilkokulu.meb.k12.tr,,,https://tokisehitnazirelitokilkokulu.meb.k12.tr/tema/harita.php,2026-08-31,712,712,bulundu,https://tokisehitnazirelitokilkokulu.meb.k12.tr/,2026-10-01T19:01:35.130822+00:00,,Öğrenci Sayısı : 712
Kırıkkale,Merkez,TOKİ Şehit Öğretmen Güzin Yılmaz Ortaokulu,735771,Ortaokul,https://guzinyilmazortaokulu.meb.k12.tr,,,https://guzinyilmazortaokulu.meb.k12.tr/tema/harita.php,2026-08-31,114,114,bulundu,https://guzinyilmazortaokulu.meb.k12.tr/,2026-10-01T19:01:35.236464+00:00,,Öğrenci Sayısı 114
Kırıkkale,Merkez,TOKİ Şehit Öğretmen Güzin Yılmaz İlkokulu,574171,İlkokul,https://guzinyilmazilkokulu.meb.k12.tr,,,https://guzinyilmazilkokulu.meb.k12.tr/tema/harita.php,2026-08-31,168,168,bulundu,https://guzinyilmazilkokulu.meb.k12.tr/,2026-10-01T19:01:35.429038+00:00,,Öğrenci Sayısı 168
Kırıkkale,Merkez,Tüpraş Ortaokulu,717186,Ortaokul,https://tuprasoo71.meb.k12.tr,,,https://tuprasoo71.meb.k12.tr/tema/harita.php,2026-08-31,217,217,bulundu,https://tuprasoo71.meb.k12.tr/,2026-10-01T19:01:35.668946+00:00,,Öğrenci Sayısı 217
Kırıkkale,Merkez,Türk Metal Mustafa Özbek İlkokulu,717023,İlkokul,https://mustafaozbek.meb.k12.tr,,,https://mustafaozbek.meb.k12.tr/tema/harita.php,2026-08-31,470,470,bulundu,https://mustafaozbek.meb.k12.tr/,2026-10-01T19:01:35.765775+00:00,,Öğrenci Sayısı 470
Kırıkkale,Merkez,Tınaz İlkokulu,573726,İlkokul,https://tinazilkokulu.meb.k12.tr,,,https://tinazilkokulu.meb.k12.tr/tema/harita.php,2026-08-31,564,564,bulundu,https://tinazilkokulu.meb.k12.tr/,2026-10-01T19:01:35.816687+00:00,,Öğrenci Sayısı 564
Kırıkkale,Merkez,Vilayetler Hizmet Birliği Gülümse Anaokulu,972653,Anaokulu,https://gulumse71.meb.k12.tr,,,https://gulumse71.meb.k12.tr/tema/harita.php,2026-08-31,68,68,bulundu,https://gulumse71.meb.k12.tr/,2026-10-01T19:01:35.834976+00:00,,Öğrenci Sayısı: 68
Kırıkkale,Merkez,Yavuz Selim İlkokulu,717176,İlkokul,https://yavuzselim71.meb.k12.tr,,,https://yavuzselim71.meb.k12.tr/tema/harita.php,2026-08-31,304,304,bulundu,https://yavuzselim71.meb.k12.tr/,2026-10-01T19:01:35.850198+00:00,,Öğrenci Sayısı : 304
Kırıkkale,Merkez,Yaylacık Şehit Oğuz Sünbül İmam Hatip Ortaokulu,763788,İmam Hatip Ortaokulu,https://ysoguzsunbuliho.meb.k12.tr,,,https://ysoguzsunbuliho.meb.k12.tr/tema/harita.php,2026-08-31,247,247,bulundu,https://ysoguzsunbuliho.meb.k12.tr/,2026-10-01T19:01:35.911371+00:00,,Öğrenci Sayısı : 247
Kırıkkale,Merkez,Yenimahalle Şehit Ali Tonga Kız Mesleki ve Teknik Anadolu Lisesi,344661,Mesleki ve Teknik Anadolu Lisesi,https://kirikkalekizmesleklisesi.meb.k12.tr,,,https://kirikkalekizmesleklisesi.meb.k12.tr/tema/harita.php,2026-08-31,446,446,bulundu,https://kirikkalekizmesleklisesi.meb.k12.tr/,2026-10-01T19:01:35.918575+00:00,,Öğrenci Sayısı : 446
Kırıkkale,Merkez,Yeşil Vadi Şehit Musa Saydam Turizm Mesleki ve Teknik Anadolu Lisesi,354078,Mesleki ve Teknik Anadolu Lisesi,https://kirikkaleotelcilik.meb.k12.tr,,,https://kirikkaleotelcilik.meb.k12.tr/tema/harita.php,2026-08-31,84,84,bulundu,https://kirikkaleotelcilik.meb.k12.tr/,2026-10-01T19:01:35.949127+00:00,,Öğrenci Sayısı 84
Kırıkkale,Merkez,Yunus Emre İlkokulu,573511,İlkokul,https://yunusemre71.meb.k12.tr,,,https://yunusemre71.meb.k12.tr/tema/harita.php,2026-08-31,349,349,bulundu,https://yunusemre71.meb.k12.tr/,2026-10-01T19:01:35.977720+00:00,,Öğrenci Sayısı : 349
Kırıkkale,Merkez,Yüzüncü Yıl İlkokulu,717012,İlkokul,https://kkale100yil.meb.k12.tr,,,https://kkale100yil.meb.k12.tr/tema/harita.php,2026-08-31,240,240,bulundu,https://kkale100yil.meb.k12.tr/,2026-10-01T19:01:35.992625+00:00,,Öğrenci Sayısı : 240
Kırıkkale,Merkez,Yıldırım Beyazıt Anadolu Lisesi,964343,Anadolu Lisesi,https://kkybal.meb.k12.tr,,,https://kkybal.meb.k12.tr/tema/harita.php,2026-08-31,644,644,bulundu,https://kkybal.meb.k12.tr/,2026-10-01T19:01:36.389140+00:00,,Öğrenci Sayısı : 644
Kırıkkale,Merkez,Zübeyde Hanım Kız Mesleki ve Teknik Anadolu Lisesi,971518,Mesleki ve Teknik Anadolu Lisesi,https://zhmtal.meb.k12.tr,,,https://zhmtal.meb.k12.tr/tema/harita.php,2026-08-31,143,143,bulundu,https://zhmtal.meb.k12.tr/tema/okulumuz_hakkinda.php,2026-10-01T19:01:36.420787+00:00,,Öğrenci : 143
Kırıkkale,Merkez,Zübeyde Hanım İlkokulu,715443,İlkokul,https://zbdhnm.meb.k12.tr,,,https://zbdhnm.meb.k12.tr/tema/harita.php,2026-08-31,299,299,bulundu,https://zbdhnm.meb.k12.tr/,2026-10-01T19:01:36.500642+00:00,,Öğrenci Sayısı : 299
Kırıkkale,Merkez,Özbek Saran Ortaokulu,735788,Ortaokul,https://ozbeksaran.meb.k12.tr,,,https://ozbeksaran.meb.k12.tr/tema/harita.php,2026-08-31,147,147,bulundu,https://ozbeksaran.meb.k12.tr/,2026-10-01T19:01:36.853772+00:00,,Öğrenci Sayısı 147
Kırıkkale,Merkez,Öğretmen Muhittin Ardahan Ortaokulu,715884,Ortaokul,https://mardahan.meb.k12.tr,,,https://mardahan.meb.k12.tr/tema/harita.php,2026-08-31,403,403,bulundu,https://mardahan.meb.k12.tr/,2026-10-01T19:01:36.895792+00:00,,Öğrenci Sayısı : 403
Kırıkkale,Merkez,İsmail Üstüner İlkokulu,574002,İlkokul,https://iustuner.meb.k12.tr,,,https://iustuner.meb.k12.tr/tema/harita.php,2026-08-31,151,151,bulundu,https://iustuner.meb.k12.tr/,2026-10-01T19:01:36.989742+00:00,,Öğrenci Sayısı 151
Kırıkkale,Merkez,İsmet Aydınlı İlkokulu,735794,İlkokul,https://ismetaydinliilkokulu.meb.k12.tr,,,https://ismetaydinliilkokulu.meb.k12.tr/tema/harita.php,2026-08-31,143,143,bulundu,https://ismetaydinliilkokulu.meb.k12.tr/,2026-10-01T19:01:36.997115+00:00,,Öğrenci Sayısı : 143
Kırıkkale,Merkez,İstiklal İlkokulu,715628,İlkokul,https://istiklal.meb.k12.tr,,,https://istiklal.meb.k12.tr/tema/harita.php,2026-08-31,635,635,bulundu,https://istiklal.meb.k12.tr/tema/okulumuz_hakkinda.php,2026-10-01T19:01:37.032372+00:00,,Öğrenci : 635
Kırıkkale,Merkez,Şehit Ahmet Duman İlkokulu,735761,İlkokul,https://sehitahmetduman.meb.k12.tr,,,https://sehitahmetduman.meb.k12.tr/tema/harita.php,2026-08-31,422,422,bulundu,https://sehitahmetduman.meb.k12.tr/,2026-10-01T19:01:37.044250+00:00,,Öğrenci Sayısı : 422
Kırıkkale,Merkez,Şehit Alpaslan Yazıcı Kız Anadolu İmam Hatip Lisesi,762236,Anadolu İmam Hatip Lisesi,https://sehitalpaslanyaziciaihl.meb.k12.tr,,,https://sehitalpaslanyaziciaihl.meb.k12.tr/tema/harita.php,2026-08-31,332,332,bulundu,https://sehitalpaslanyaziciaihl.meb.k12.tr/tema/okulumuz_hakkinda.php,2026-10-01T19:01:37.080004+00:00,,Öğrenci : 332
Kırıkkale,Merkez,Şehit Cezayir Çalışkan İlkokulu,735774,İlkokul,https://sehitcezayircaliskanio.meb.k12.tr,,,https://sehitcezayircaliskanio.meb.k12.tr/tema/harita.php,2026-08-31,60,60,bulundu,https://sehitcezayircaliskanio.meb.k12.tr/,2026-10-01T19:01:37.125245+00:00,,Öğrenci Sayısı : 60
Kırıkkale,Merkez,Şehit Emre Güngör Anaokulu,775507,Anaokulu,https://775507.meb.k12.tr,,,https://775507.meb.k12.tr/tema/harita.php,2026-08-31,66,66,bulundu,https://775507.meb.k12.tr/,2026-10-01T19:01:37.190739+00:00,,Öğrenci Sayısı 66
Kırıkkale,Merkez,Şehit Erdem Mut Ortaokulu,715666,Ortaokul,https://sehiterdemmutortaokulu.meb.k12.tr,,,https://sehiterdemmutortaokulu.meb.k12.tr/tema/harita.php,2026-08-31,636,636,bulundu,https://sehiterdemmutortaokulu.meb.k12.tr/,2026-10-01T19:01:37.224799+00:00,,Öğrenci Sayısı 636
Kırıkkale,Merkez,Şehit Ferdican Altunkaş Ortaokulu,763629,Ortaokul,https://sehitferdicanaltunkas.meb.k12.tr,,,https://sehitferdicanaltunkas.meb.k12.tr/tema/harita.php,2026-08-31,141,141,bulundu,https://sehitferdicanaltunkas.meb.k12.tr/,2026-10-01T19:01:37.230113+00:00,,Öğrenci Sayısı 141
Kırıkkale,Merkez,Şehit Hakan Özdemir Anaokulu,775512,Anaokulu,https://775512.meb.k12.tr,,,https://775512.meb.k12.tr/tema/harita.php,2026-08-31,31,31,bulundu,https://775512.meb.k12.tr/,2026-10-01T19:01:37.244026+00:00,,Öğrenci Sayısı: 31
Kırıkkale,Merkez,Şehit Mustafa Nohut Anaokulu,766995,Anaokulu,https://766995.meb.k12.tr,,,https://766995.meb.k12.tr/tema/harita.php,2026-08-31,162,162,bulundu,https://766995.meb.k12.tr/,2026-10-01T19:01:37.288146+00:00,,Öğrenci Sayısı: 162
Kırıkkale,Merkez,Şehit Nebi Gündoğan Kırıkkale Anadolu Lisesi,121503,Anadolu Lisesi,https://kirikkaleanadolulisesi.meb.k12.tr,,,https://kirikkaleanadolulisesi.meb.k12.tr/tema/harita.php,2026-08-31,468,468,bulundu,https://kirikkaleanadolulisesi.meb.k12.tr/,2026-10-01T19:01:37.676891+00:00,,Öğrenci Sayısı : 468
Kırıkkale,Merkez,Şehit Piyade Üsteğmen Çelebi Bozbıyık İlkokulu,735779,İlkokul,https://kkcelebibozbiyikio.meb.k12.tr,,,https://kkcelebibozbiyikio.meb.k12.tr/tema/harita.php,2026-08-31,889,889,bulundu,https://kkcelebibozbiyikio.meb.k12.tr/,2026-10-01T19:01:37.791080+00:00,,Öğrenci Sayısı 889
Kırıkkale,Merkez,Şehit Ramazan Akçadağ İlkokulu,735791,İlkokul,https://sehitramazanakcadag.meb.k12.tr,,,https://sehitramazanakcadag.meb.k12.tr/tema/harita.php,2026-08-31,139,139,bulundu,https://sehitramazanakcadag.meb.k12.tr/tema/okulumuz_hakkinda.php,2026-10-01T19:01:37.891951+00:00,,Öğrenci : 139
Kırıkkale,Merkez,Şehit Semih Yılmaz Anaokulu,775494,Anaokulu,https://sehitsemihyilmazanaokulu.meb.k12.tr,,,https://sehitsemihyilmazanaokulu.meb.k12.tr/tema/harita.php,2026-08-31,110,110,bulundu,https://sehitsemihyilmazanaokulu.meb.k12.tr/,2026-10-01T19:01:37.922552+00:00,,Öğrenci Sayısı: 110
Kırıkkale,Merkez,Şehit Suat Yalçın Anaokulu,974107,Anaokulu,https://sehitsuatyalcinanaokulu.meb.k12.tr,,,https://sehitsuatyalcinanaokulu.meb.k12.tr/tema/harita.php,2026-08-31,71,71,bulundu,https://sehitsuatyalcinanaokulu.meb.k12.tr/,2026-10-01T19:01:37.973283+00:00,,Öğrenci Sayısı : 71
Kırıkkale,Merkez,Şehit Yasin Baran İlkokulu,951343,İlkokul,https://sehityasinbaranilkokulu.meb.k12.tr,,,https://sehityasinbaranilkokulu.meb.k12.tr/tema/harita.php,2026-08-31,184,184,bulundu,https://sehityasinbaranilkokulu.meb.k12.tr/,2026-10-01T19:01:38.086004+00:00,,Öğrenci Sayısı : 184
Kırıkkale,Merkez,Şehit Ömer Umulu Ortaokulu,768499,Ortaokul,https://sehitomerumuluortaokulu.meb.k12.tr,,,https://sehitomerumuluortaokulu.meb.k12.tr/tema/harita.php,2026-08-31,,,bulunamadi,,2026-10-01T19:01:38.093960+00:00,,
Kırıkkale,Merkez,Şehitler Ortaokulu,735780,Ortaokul,https://sehitler71oo.meb.k12.tr,,,https://sehitler71oo.meb.k12.tr/tema/harita.php,2026-08-31,,,bulunamadi,,2026-10-01T19:01:38.130918+00:00,,
Kırıkkale,Merkez,Şeyh Edebali İmam Hatip Ortaokulu,758430,İmam Hatip Ortaokulu,https://seyhedebaliimamhatiportaokulu.meb.k12.tr,,,https://seyhedebaliimamhatiportaokulu.meb.k12.tr/tema/harita.php,2026-08-31,151,151,bulundu,https://seyhedebaliimamhatiportaokulu.meb.k12.tr/,2026-10-01T19:01:38.194552+00:00,,Öğrenci Sayısı : 151
Kırıkkale,Sulakyurt,Cumhuriyet İlkokulu,735731,İlkokul,https://sulakyurtcumhuriyetio.meb.k12.tr,,,https://sulakyurtcumhuriyetio.meb.k12.tr/tema/harita.php,2026-08-31,119,119,bulundu,https://sulakyurtcumhuriyetio.meb.k12.tr/,2026-10-01T19:01:38.250192+00:00,,Öğrenci Sayısı : 119
Kırıkkale,Sulakyurt,Sulakyurt Halk Eğitimi Merkezi,122594,Halk Eğitimi Merkezi,https://sulakyurthem.meb.k12.tr,,,https://sulakyurthem.meb.k12.tr/tema/harita.php,2026-08-31,,,bulunamadi,,2026-10-01T19:01:38.337398+00:00,,
Kırıkkale,Sulakyurt,Sulakyurt Çok Programlı Anadolu Lisesi,343070,Çok Programlı Anadolu Lisesi,https://sulakyurtcpl.meb.k12.tr,,,https://sulakyurtcpl.meb.k12.tr/tema/harita.php,2026-08-31,67,67,bulundu,https://sulakyurtcpl.meb.k12.tr/,2026-10-01T19:01:38.422971+00:00,,Öğrenci Sayısı 67
Kırıkkale,Sulakyurt,Sulakyurt Şehit Köksal Kaşaltı İmam Hatip Ortaokulu,761803,İmam Hatip Ortaokulu,https://sulakyurt-imam-hatip.meb.k12.tr,,,https://sulakyurt-imam-hatip.meb.k12.tr/tema/harita.php,2026-08-31,14,14,bulundu,https://sulakyurt-imam-hatip.meb.k12.tr/,2026-10-01T19:01:38.428769+00:00,,Öğrenci Sayısı 14
Kırıkkale,Sulakyurt,Şehit Kerim Arslan Ortaokulu,735730,Ortaokul,https://sehitkerimarslanortaokulu.meb.k12.tr,,,https://sehitkerimarslanortaokulu.meb.k12.tr/tema/harita.php,2026-08-31,100,100,bulundu,https://sehitkerimarslanortaokulu.meb.k12.tr/,2026-10-01T19:01:38.468303+00:00,,Öğrenci Sayısı : 100
Kırıkkale,Yahşihan,Bayraktepe İlkokulu,768663,İlkokul,https://bayraktepeilkokulu.meb.k12.tr,,,https://bayraktepeilkokulu.meb.k12.tr/tema/harita.php,2026-08-31,344,344,bulundu,https://bayraktepeilkokulu.meb.k12.tr/,2026-10-01T19:01:38.509084+00:00,,Öğrenci Sayısı 344
Kırıkkale,Yahşihan,Cumhuriyet Ortaokulu,737657,Ortaokul,https://cumo.meb.k12.tr,,,https://cumo.meb.k12.tr/tema/harita.php,2026-08-31,157,157,bulundu,https://cumo.meb.k12.tr/,2026-10-01T19:01:38.738092+00:00,,Öğrenci Sayısı 157
Kırıkkale,Yahşihan,Ertuğrul Gazi Ticaret Mesleki ve Teknik Anadolu Lisesi,346493,Mesleki ve Teknik Anadolu Lisesi,https://kirikkaleertugrulgazi.meb.k12.tr,,,https://kirikkaleertugrulgazi.meb.k12.tr/tema/harita.php,2026-08-31,170,170,bulundu,https://kirikkaleertugrulgazi.meb.k12.tr/tema/okulumuz_hakkinda.php,2026-10-01T19:01:38.866073+00:00,,Öğrenci : 170
Kırıkkale,Yahşihan,Kırıkkale Mesleki ve Teknik Anadolu Lisesi,121515,Mesleki ve Teknik Anadolu Lisesi,https://kmtalisesi.meb.k12.tr,,,https://kmtalisesi.meb.k12.tr/tema/harita.php,2026-08-31,637,637,bulundu,https://kmtalisesi.meb.k12.tr/tema/okulumuz_hakkinda.php,2026-10-01T19:01:38.953471+00:00,,Öğrenci : 637
Kırıkkale,Yahşihan,Namık Kemal İlkokulu,574996,İlkokul,https://ynk.meb.k12.tr,,,https://ynk.meb.k12.tr/tema/harita.php,2026-08-31,154,154,bulundu,https://ynk.meb.k12.tr/,2026-10-01T19:01:39.199479+00:00,,Öğrenci Sayısı 154
Kırıkkale,Yahşihan,Organize Sanayi Mesleki ve Teknik Anadolu Lisesi,758619,Mesleki ve Teknik Anadolu Lisesi,https://organizesanayimtal.meb.k12.tr,,,https://organizesanayimtal.meb.k12.tr/tema/harita.php,2026-08-31,292,292,bulundu,https://organizesanayimtal.meb.k12.tr/,2026-10-01T19:01:39.285634+00:00,,Öğrenci Sayısı 292
Kırıkkale,Yahşihan,TOKİ Şehit Jandarma Er Osman Öden Ortaokulu,735721,Ortaokul,https://osmanodenoo.meb.k12.tr,,,https://osmanodenoo.meb.k12.tr/tema/harita.php,2026-08-31,227,227,bulundu,https://osmanodenoo.meb.k12.tr/,2026-10-01T19:01:39.500141+00:00,,Öğrenci Sayısı 227
Kırıkkale,Yahşihan,TOKİ Şehit Jandarma Er Osman Öden İlkokulu,735722,İlkokul,https://osmanodenio.meb.k12.tr,,,https://osmanodenio.meb.k12.tr/tema/harita.php,2026-08-31,277,277,bulundu,https://osmanodenio.meb.k12.tr/,2026-10-01T19:01:39.565418+00:00,,Öğrenci Sayısı 277
Kırıkkale,Yahşihan,TOKİ Şehit Piyade Onbaşı Murat Sıtkı Ortaokulu,735719,Ortaokul,https://muratsitkiortaokulu.meb.k12.tr,,,https://muratsitkiortaokulu.meb.k12.tr/tema/harita.php,2026-08-31,398,398,bulundu,https://muratsitkiortaokulu.meb.k12.tr/,2026-10-01T19:01:39.614852+00:00,,Öğrenci Sayısı 398
Kırıkkale,Yahşihan,TOKİ Şehit Piyade Onbaşı Murat Sıtkı İlkokulu,967494,İlkokul,https://muratsitkiilkokulu.meb.k12.tr,,,https://muratsitkiilkokulu.meb.k12.tr/tema/harita.php,2026-08-31,318,318,bulundu,https://muratsitkiilkokulu.meb.k12.tr/,2026-10-01T19:01:39.636142+00:00,,Öğrenci Sayısı 318
Kırıkkale,Yahşihan,Yahşihan Halk Eğitimi Merkezi,348264,Halk Eğitimi Merkezi,https://yahsihanhalkegitim.meb.k12.tr,,,https://yahsihanhalkegitim.meb.k12.tr/tema/harita.php,2026-08-31,,,bulunamadi,,2026-10-01T19:01:39.667480+00:00,,
Kırıkkale,Yahşihan,Yahşihan Mesleki Eğitim Merkezi,966225,Mesleki Eğitim Merkezi,https://kirikkalemesem.meb.k12.tr,,,https://kirikkalemesem.meb.k12.tr/tema/harita.php,2026-08-31,1392,1392,bulundu,https://kirikkalemesem.meb.k12.tr/,2026-10-01T19:01:39.682156+00:00,,Öğrenci Sayısı : 1392
Kırıkkale,Yahşihan,Yahşihan Uğur Böceği Anaokulu,749954,Anaokulu,https://ugurbocegi.meb.k12.tr,,,https://ugurbocegi.meb.k12.tr/tema/harita.php,2026-08-31,107,107,bulundu,https://ugurbocegi.meb.k12.tr/,2026-10-01T19:01:39.726843+00:00,,Öğrenci Sayısı: 107
Kırıkkale,Yahşihan,Şehit Ahmet Sandalcı Anadolu Lisesi,234154,Anadolu Lisesi,https://yahsihananadolulisesi.meb.k12.tr,,,https://yahsihananadolulisesi.meb.k12.tr/tema/harita.php,2026-08-31,156,156,bulundu,https://yahsihananadolulisesi.meb.k12.tr/,2026-10-01T19:01:39.796342+00:00,,Öğrenci Sayısı : 156
Kırıkkale,Yahşihan,Şehit Bekir Ferhat Kaya İmam Hatip Ortaokulu,735723,İmam Hatip Ortaokulu,https://sehitbekirferhatkayaiho.meb.k12.tr,,,https://sehitbekirferhatkayaiho.meb.k12.tr/tema/harita.php,2026-08-31,118,118,bulundu,https://sehitbekirferhatkayaiho.meb.k12.tr/,2026-10-01T19:01:40.018025+00:00,,Öğrenci Sayısı 118
Kırıkkale,Yahşihan,Şehit Hakan Yorulmaz Spor Lisesi,751955,Spor Lisesi,https://kkalesporlisesi.meb.k12.tr,,,https://kkalesporlisesi.meb.k12.tr/tema/harita.php,2026-08-31,165,165,bulundu,https://kkalesporlisesi.meb.k12.tr/,2026-10-01T19:01:40.240807+00:00,,Öğrenci Sayısı : 165
Kırıkkale,Yahşihan,Şehit Mustafa Uğurelli Ortaokulu,768664,Ortaokul,https://sehitmustafaugurelliortaokulu.meb.k12.tr,,,https://sehitmustafaugurelliortaokulu.meb.k12.tr/tema/harita.php,2026-08-31,883,883,bulundu,https://sehitmustafaugurelliortaokulu.meb.k12.tr/,2026-10-01T19:01:40.258790+00:00,,Öğrenci Sayısı 883
Kırıkkale,Yahşihan,Şehit Osman Yıldırım İlkokulu,759303,İlkokul,https://yahsihansehitosmanyldrmilkokulu.meb.k12.tr,,,https://yahsihansehitosmanyldrmilkokulu.meb.k12.tr/tema/harita.php,2026-08-31,333,333,bulundu,https://yahsihansehitosmanyldrmilkokulu.meb.k12.tr/,2026-10-01T19:01:40.260494+00:00,,Öğrenci Sayısı : 333
Kırıkkale,Yahşihan,Şehit Turgay Uğantaş İlkokulu,735724,İlkokul,https://sehitturgayugantasilkokulu.meb.k12.tr,,,https://sehitturgayugantasilkokulu.meb.k12.tr/tema/harita.php,2026-08-31,226,226,bulundu,https://sehitturgayugantasilkokulu.meb.k12.tr/,2026-10-01T19:01:40.305818+00:00,,Öğrenci Sayısı 226
Kırıkkale,Çelebi,Çelebi Halk Eğitimi Merkezi,348215,Halk Eğitimi Merkezi,https://celebihem.meb.k12.tr,,,https://celebihem.meb.k12.tr/tema/harita.php,2026-08-31,,,bulunamadi,,2026-10-01T19:01:40.652285+00:00,,
Kırıkkale,Çelebi,Çelebi Ortaokulu,735745,Ortaokul,https://celebiortaokulu.meb.k12.tr,,,https://celebiortaokulu.meb.k12.tr/tema/harita.php,2026-08-31,29,29,bulundu,https://celebiortaokulu.meb.k12.tr/,2026-10-01T19:01:40.682685+00:00,,Öğrenci Sayısı 29
Kırıkkale,Çelebi,Çelebi Çok Programlı Anadolu Lisesi,766553,Çok Programlı Anadolu Lisesi,https://celebicpal.meb.k12.tr,,,https://celebicpal.meb.k12.tr/tema/harita.php,2026-08-31,12,12,bulundu,https://celebicpal.meb.k12.tr/,2026-10-01T19:01:40.846386+00:00,,Öğrenci Sayısı : 12
Kırıkkale,Çelebi,Çelebi İlkokulu,735746,İlkokul,https://celebiilkokulu.meb.k12.tr,,,https://celebiilkokulu.meb.k12.tr/tema/harita.php,2026-08-31,34,34,bulundu,https://celebiilkokulu.meb.k12.tr/,2026-10-01T19:01:40.915014+00:00,,Öğrenci Sayısı 34
Kırşehir,Akpınar,Akpınar Anadolu İmam Hatip Lisesi,761402,Anadolu İmam Hatip Lisesi,https://akpinaranadoluihl.meb.k12.tr,,,https://akpinaranadoluihl.meb.k12.tr/tema/harita.php,2026-08-31,32,32,bulundu,https://akpinaranadoluihl.meb.k12.tr/,2026-10-01T19:01:41.056982+00:00,,Öğrenci Sayısı 32
Kırşehir,Akpınar,Akpınar Anaokulu,750070,Anaokulu,https://akpinaranaokulu.meb.k12.tr,,,https://akpinaranaokulu.meb.k12.tr/tema/harita.php,2026-08-31,56,56,bulundu,https://akpinaranaokulu.meb.k12.tr/,2026-10-01T19:01:41.062994+00:00,,Öğrenci Sayısı: 56
Kırşehir,Akpınar,Akpınar Halk Eğitimi Merkezi,224521,Halk Eğitimi Merkezi,https://akpinarhem.meb.k12.tr,,,https://akpinarhem.meb.k12.tr/tema/harita.php,2026-08-31,,,bulunamadi,,2026-10-01T19:01:41.157857+00:00,,
Kırşehir,Akpınar,Akpınar Ortaokulu,703159,Ortaokul,https://kirsehirakpinarortaokulu.meb.k12.tr,,,https://kirsehirakpinarortaokulu.meb.k12.tr/tema/harita.php,2026-08-31,150,150,bulundu,https://kirsehirakpinarortaokulu.meb.k12.tr/,2026-10-01T19:01:41.343222+00:00,,Öğrenci Sayısı 150
Kırşehir,Akpınar,Akpınar Çok Programlı Anadolu Lisesi,971971,Çok Programlı Anadolu Lisesi,https://akpinarcpl.meb.k12.tr,,,https://akpinarcpl.meb.k12.tr/tema/harita.php,2026-08-31,108,108,bulundu,https://akpinarcpl.meb.k12.tr/,2026-10-01T19:01:41.348566+00:00,,Öğrenci Sayısı 108
Kırşehir,Akpınar,Dr. Bektaş Türkkanı İlkokulu,703162,İlkokul,https://akpinardrbektas.meb.k12.tr,,,https://akpinardrbektas.meb.k12.tr/tema/harita.php,2026-08-31,70,70,bulundu,https://akpinardrbektas.meb.k12.tr/,2026-10-01T19:01:41.364838+00:00,,Öğrenci Sayısı: 70
Kırşehir,Akpınar,Fatih Sultan Mehmet İlkokulu,703167,İlkokul,https://akpinarfatihsultanmehmetilkokulu.meb.k12.tr,,,https://akpinarfatihsultanmehmetilkokulu.meb.k12.tr/tema/harita.php,2026-08-31,79,79,bulundu,https://akpinarfatihsultanmehmetilkokulu.meb.k12.tr/tema/okulumuz_hakkinda.php,2026-10-01T19:01:41.375795+00:00,,Öğrenci : 79
Kırşehir,Akçakent,Akçakent Anadolu Lisesi,774740,Anadolu Lisesi,https://774740.meb.k12.tr,,,https://774740.meb.k12.tr/tema/harita.php,2026-08-31,17,17,bulundu,https://774740.meb.k12.tr/,2026-10-01T19:01:41.613075+00:00,,Öğrenci Sayısı : 17
Kırşehir,Akçakent,Akçakent Şehit Bekir Ferhat Kaya İmam Hatip Ortaokulu,759711,İmam Hatip Ortaokulu,https://aiho.meb.k12.tr,,,https://aiho.meb.k12.tr/tema/harita.php,2026-08-31,22,22,bulundu,https://aiho.meb.k12.tr/,2026-10-01T19:01:41.627201+00:00,,Öğrenci Sayısı 22
Kırşehir,Akçakent,Akçakent Şehit Hasan Yılmaz Halk Eğitimi Merkezi,290629,Halk Eğitimi Merkezi,https://akcakenthem.meb.k12.tr,,,https://akcakenthem.meb.k12.tr/tema/harita.php,2026-08-31,,,bulunamadi,,2026-10-01T19:01:41.726814+00:00,,
Kırşehir,Akçakent,Şeyh Şamil Ortaokulu,701608,Ortaokul,https://seyhsamilortaokul.meb.k12.tr,,,https://seyhsamilortaokul.meb.k12.tr/tema/harita.php,2026-08-31,57,57,bulundu,https://seyhsamilortaokul.meb.k12.tr/,2026-10-01T19:01:41.814813+00:00,,Öğrenci Sayısı : 57
Kırşehir,Akçakent,Şeyh Şamil İlkokulu,329180,İlkokul,https://seyhsamilioo.meb.k12.tr,,,https://seyhsamilioo.meb.k12.tr/tema/harita.php,2026-08-31,90,90,bulundu,https://seyhsamilioo.meb.k12.tr/,2026-10-01T19:01:41.858196+00:00,,Öğrenci Sayısı : 90
Kırşehir,Boztepe,Ali Ağaoğlu Anaokulu,749832,Anaokulu,https://boztepealiagaogluanaokulu.meb.k12.tr,,,https://boztepealiagaogluanaokulu.meb.k12.tr/tema/harita.php,2026-08-31,20,20,bulundu,https://boztepealiagaogluanaokulu.meb.k12.tr/,2026-10-01T19:01:41.883817+00:00,,Öğrenci Sayısı: 20
Kırşehir,Boztepe,Boztepe Halk Eğitimi Merkezi,279445,Halk Eğitimi Merkezi,https://boztepehem.meb.k12.tr,,,https://boztepehem.meb.k12.tr/tema/harita.php,2026-08-31,,,bulunamadi,,2026-10-01T19:01:41.899695+00:00,,
Kırşehir,Boztepe,Boztepe Ortaokulu,703209,Ortaokul,https://kirsehirboztepeortaokulu.meb.k12.tr,,,https://kirsehirboztepeortaokulu.meb.k12.tr/tema/harita.php,2026-08-31,156,156,bulundu,https://kirsehirboztepeortaokulu.meb.k12.tr/,2026-10-01T19:01:42.062498+00:00,,Öğrenci Sayısı : 156
Kırşehir,Boztepe,Gazi Osman Öztürk Çok Programlı Anadolu Lisesi,234835,Çok Programlı Anadolu Lisesi,https://boztepecpal.meb.k12.tr,,,https://boztepecpal.meb.k12.tr/tema/harita.php,2026-08-31,92,92,bulundu,https://boztepecpal.meb.k12.tr/,2026-10-01T19:01:42.067123+00:00,,Öğrenci Sayısı : 92
Kırşehir,Boztepe,Mehmetcik İlkokulu,545105,İlkokul,https://boztepemehmetcik.meb.k12.tr,,,https://boztepemehmetcik.meb.k12.tr/tema/harita.php,2026-08-31,152,152,bulundu,https://boztepemehmetcik.meb.k12.tr/,2026-10-01T19:01:42.116891+00:00,,Öğrenci Sayısı : 152
Kırşehir,Boztepe,Yenidoğanlı İlkokulu,703205,İlkokul,https://yenidoganliilkokulu.meb.k12.tr,,,https://yenidoganliilkokulu.meb.k12.tr/tema/harita.php,2026-08-31,,,bulunamadi,,2026-10-01T19:01:42.136551+00:00,,
Kırşehir,Boztepe,Şehit Mustafa Gevrek İmam Hatip Ortaokulu,759710,İmam Hatip Ortaokulu,https://boztepeimamhatiportaokulu.meb.k12.tr,,,https://boztepeimamhatiportaokulu.meb.k12.tr/tema/harita.php,2026-08-31,11,11,bulundu,https://boztepeimamhatiportaokulu.meb.k12.tr/,2026-10-01T19:01:42.351852+00:00,,Öğrenci Sayısı : 11
Kırşehir,Kaman,60.Yıl Şehit Hüsnü Önkal İlkokulu,704305,İlkokul,https://60yilkaman.meb.k12.tr,,,https://60yilkaman.meb.k12.tr/tema/harita.php,2026-08-31,294,294,bulundu,https://60yilkaman.meb.k12.tr/,2026-10-01T19:01:42.443779+00:00,,Öğrenci Sayısı : 294
Kırşehir,Kaman,Alparslan İlkokulu,761307,İlkokul,https://kamanalparslan.meb.k12.tr,,,https://kamanalparslan.meb.k12.tr/tema/harita.php,2026-08-31,140,140,bulundu,https://kamanalparslan.meb.k12.tr/,2026-10-01T19:01:42.513975+00:00,,Öğrenci Sayısı 140
Kırşehir,Kaman,Atatürk Ortaokulu,750513,Ortaokul,https://kamanataturk.meb.k12.tr,,,https://kamanataturk.meb.k12.tr/tema/harita.php,2026-08-31,78,78,bulundu,https://kamanataturk.meb.k12.tr/,2026-10-01T19:01:42.611222+00:00,,Öğrenci Sayısı 78
Kırşehir,Kaman,Cevizkent Özel Eğitim Uygulama Okulu I. Kademe,749401,Özel Eğitim Kurumu,https://cevizkentozelegitim.meb.k12.tr,,,https://cevizkentozelegitim.meb.k12.tr/tema/harita.php,2026-08-31,2,2,bulundu,https://cevizkentozelegitim.meb.k12.tr/,2026-10-01T19:01:42.686686+00:00,,Öğrenci Sayısı: 2
Kırşehir,Kaman,Cevizkent Özel Eğitim Uygulama Okulu II. Kademe,749402,Özel Eğitim Kurumu,https://cevizkentozelegitim2.meb.k12.tr,,,https://cevizkentozelegitim2.meb.k12.tr/tema/harita.php,2026-08-31,6,6,bulundu,https://cevizkentozelegitim2.meb.k12.tr/tema/okulumuz_hakkinda.php,2026-10-01T19:01:42.762418+00:00,,Öğrenci : 6
Kırşehir,Kaman,Cevizkent Özel Eğitim İş Uygulama Merkezi (Okulu),749403,Özel Eğitim Kurumu,https://cevizkentozelegitim3.meb.k12.tr,,,https://cevizkentozelegitim3.meb.k12.tr/tema/harita.php,2026-08-31,4,4,bulundu,https://cevizkentozelegitim3.meb.k12.tr/,2026-10-01T19:01:42.842936+00:00,,Öğrenci Sayısı 4
Kırşehir,Kaman,Faik Güngör İlkokulu,704045,İlkokul,https://faikgungorilk.meb.k12.tr,,,https://faikgungorilk.meb.k12.tr/tema/harita.php,2026-08-31,615,615,bulundu,https://faikgungorilk.meb.k12.tr/,2026-10-01T19:01:42.845697+00:00,,Öğrenci Sayısı : 615
Kırşehir,Kaman,Fatih İlkokulu,257381,İlkokul,https://kamanfatih.meb.k12.tr,,,https://kamanfatih.meb.k12.tr/tema/harita.php,2026-08-31,63,63,bulundu,https://kamanfatih.meb.k12.tr/,2026-10-01T19:01:42.964649+00:00,,Öğrenci Sayısı : 63
Kırşehir,Kaman,Fatma Ana Anaokulu,973870,Anaokulu,https://fatmaanaanaokulu.meb.k12.tr,,,https://fatmaanaanaokulu.meb.k12.tr/tema/harita.php,2026-08-31,24,24,bulundu,https://fatmaanaanaokulu.meb.k12.tr/,2026-10-01T19:01:43.045401+00:00,,Öğrenci Sayısı: 24
Kırşehir,Kaman,Galip Demir İlkokulu,704333,İlkokul,https://galipdemirilkokulu.meb.k12.tr,,,https://galipdemirilkokulu.meb.k12.tr/tema/harita.php,2026-08-31,42,42,bulundu,https://galipdemirilkokulu.meb.k12.tr/,2026-10-01T19:01:43.124285+00:00,,Öğrenci Sayısı : 42
Kırşehir,Kaman,Kaman 15 Temmuz Şehitleri Anadolu Lisesi,954813,Anadolu Lisesi,https://kamanaol.meb.k12.tr,,,https://kamanaol.meb.k12.tr/tema/harita.php,2026-08-31,136,136,bulundu,https://kamanaol.meb.k12.tr/,2026-10-01T19:01:43.216502+00:00,,Öğrenci Sayısı : 136
Kırşehir,Kaman,Kaman Anadolu İmam Hatip Lisesi,173220,Anadolu İmam Hatip Lisesi,https://kamanihl.meb.k12.tr,,,https://kamanihl.meb.k12.tr/tema/harita.php,2026-08-31,146,146,bulundu,https://kamanihl.meb.k12.tr/,2026-10-01T19:01:43.220904+00:00,,Öğrenci Sayısı : 146
Kırşehir,Kaman,Kaman Bilim ve Sanat Merkezi,959505,Bilim ve Sanat Merkezi,https://kamanbilsem.meb.k12.tr,,,https://kamanbilsem.meb.k12.tr/tema/harita.php,2026-08-31,81,81,bulundu,https://kamanbilsem.meb.k12.tr/,2026-10-01T19:01:43.306612+00:00,,Öğrenci Sayısı : 81
Kırşehir,Kaman,Kaman Borsa İstanbul Fen Lisesi,974004,Fen Lisesi,https://kamanfenlisesi.meb.k12.tr,,,https://kamanfenlisesi.meb.k12.tr/tema/harita.php,2026-08-31,241,241,bulundu,https://kamanfenlisesi.meb.k12.tr/,2026-10-01T19:01:43.480220+00:00,,Öğrenci Sayısı 241
Kırşehir,Kaman,Kaman Fatma Bacı Kız Mesleki ve Teknik Anadolu Lisesi,173207,Mesleki ve Teknik Anadolu Lisesi,https://kamanfbmtal.meb.k12.tr,,,https://kamanfbmtal.meb.k12.tr/tema/harita.php,2026-08-31,127,127,bulundu,https://kamanfbmtal.meb.k12.tr/,2026-10-01T19:01:43.525200+00:00,,Öğrenci Sayısı 127
Kırşehir,Kaman,Kaman Halk Eğitimi Merkezi,173232,Halk Eğitimi Merkezi,https://kamanhem.meb.k12.tr,,,https://kamanhem.meb.k12.tr/tema/harita.php,2026-08-31,,,bulunamadi,,2026-10-01T19:01:43.633356+00:00,,
Kırşehir,Kaman,Kaman Mesleki Eğitim Merkezi,761356,Mesleki Eğitim Merkezi,https://kamanmem.meb.k12.tr,,,https://kamanmem.meb.k12.tr/tema/harita.php,2026-08-31,,,bulunamadi,,2026-10-01T19:01:43.644641+00:00,,
Kırşehir,Kaman,Kaman Öğretmenevi ve Akşam Sanat Okulu,777398,Öğretmenevi,https://777398.meb.k12.tr,,,https://777398.meb.k12.tr/tema/harita.php,2026-08-31,,,bulunamadi,,2026-10-01T19:01:44.081636+00:00,,
Kırşehir,Kaman,Kaman İbn-i Sina Mesleki ve Teknik Anadolu Lisesi,962788,Mesleki ve Teknik Anadolu Lisesi,https://kamansaglik.meb.k12.tr,,,https://kamansaglik.meb.k12.tr/tema/harita.php,2026-08-31,140,140,bulundu,https://kamansaglik.meb.k12.tr/,2026-10-01T19:01:44.089763+00:00,,Öğrenci Sayısı : 140
Kırşehir,Kaman,Kaman İmam Hatip Ortaokulu,704001,İmam Hatip Ortaokulu,https://kamanimamhatiportaokulu.meb.k12.tr,,,https://kamanimamhatiportaokulu.meb.k12.tr/tema/harita.php,2026-08-31,67,67,bulundu,https://kamanimamhatiportaokulu.meb.k12.tr/,2026-10-01T19:01:44.117772+00:00,,Öğrenci Sayısı 67
Kırşehir,Kaman,Kaman Şehit Bayram Kara Ortaokulu,704494,Ortaokul,https://kamansehitbayramkara.meb.k12.tr,,,https://kamansehitbayramkara.meb.k12.tr/tema/harita.php,2026-08-31,456,456,bulundu,https://kamansehitbayramkara.meb.k12.tr/,2026-10-01T19:01:44.352629+00:00,,Öğrenci Sayısı : 456
Kırşehir,Kaman,Kaman Şehit Deniz Kaya Ticaret Mesleki ve Teknik Anadolu Lisesi,870392,Mesleki ve Teknik Anadolu Lisesi,https://kamanatml.meb.k12.tr,,,https://kamanatml.meb.k12.tr/tema/harita.php,2026-08-31,164,164,bulundu,https://kamanatml.meb.k12.tr/tema/okulumuz_hakkinda.php,2026-10-01T19:01:44.420327+00:00,,Öğrenci : 164
Kırşehir,Kaman,Kaman Şehit Gökhan Yıldırım Anadolu Lisesi,962246,Anadolu Lisesi,https://kamansehitgokhanyildirimanadolu.meb.k12.tr,,,https://kamansehitgokhanyildirimanadolu.meb.k12.tr/tema/harita.php,2026-08-31,134,134,bulundu,https://kamansehitgokhanyildirimanadolu.meb.k12.tr/,2026-10-01T19:01:44.493452+00:00,,Öğrenci Sayısı 134
Kırşehir,Kaman,Kargınyenice Mehmet Akif Ersoy Ortaokulu,703805,Ortaokul,https://karginyeniceortaokulu.meb.k12.tr,,,https://karginyeniceortaokulu.meb.k12.tr/tema/harita.php,2026-08-31,17,17,bulundu,https://karginyeniceortaokulu.meb.k12.tr/,2026-10-01T19:01:44.516347+00:00,,Öğrenci Sayısı : 17
Kırşehir,Kaman,Kargınyenice Mehmet Akif Ersoy İlkokulu,703775,İlkokul,https://karginyeniceilkokulu.meb.k12.tr,,,https://karginyeniceilkokulu.meb.k12.tr/tema/harita.php,2026-08-31,43,43,bulundu,https://karginyeniceilkokulu.meb.k12.tr/,2026-10-01T19:01:44.542085+00:00,,Öğrenci Sayısı 43
Kırşehir,Kaman,Kurancılı Şehit Ayhan Keleş Ortaokulu,703757,Ortaokul,https://kuranciliortaokulu.meb.k12.tr,,,https://kuranciliortaokulu.meb.k12.tr/tema/harita.php,2026-08-31,91,91,bulundu,https://kuranciliortaokulu.meb.k12.tr/,2026-10-01T19:01:44.567444+00:00,,Öğrenci Sayısı 91
Kırşehir,Kaman,Kurancılı Şehit Ayhan Keleş İlkokulu,703735,İlkokul,https://kuranciliilkokulu.meb.k12.tr,,,https://kuranciliilkokulu.meb.k12.tr/tema/harita.php,2026-08-31,73,73,bulundu,https://kuranciliilkokulu.meb.k12.tr/,2026-10-01T19:01:44.756497+00:00,,Öğrenci Sayısı 73
Kırşehir,Kaman,Melikşah Ortaokulu,704217,Ortaokul,https://meliksah.meb.k12.tr,,,https://meliksah.meb.k12.tr/tema/harita.php,2026-08-31,,,bulunamadi,,2026-10-01T19:01:44.775176+00:00,,
Kırşehir,Kaman,Savcılı Büyükoba Ortaokulu,703719,Ortaokul,https://kamansavciliortaokulu.meb.k12.tr,,,https://kamansavciliortaokulu.meb.k12.tr/tema/harita.php,2026-08-31,57,57,bulundu,https://kamansavciliortaokulu.meb.k12.tr/,2026-10-01T19:01:44.788358+00:00,,Öğrenci Sayısı : 57
Kırşehir,Kaman,Savcılı Büyükoba İlkokulu,703697,İlkokul,https://savciliilkokulu.meb.k12.tr,,,https://savciliilkokulu.meb.k12.tr/tema/harita.php,2026-08-31,73,73,bulundu,https://savciliilkokulu.meb.k12.tr/,2026-10-01T19:01:44.798805+00:00,,Öğrenci Sayısı 73
Kırşehir,Kaman,Vali Recep Yazıcıoğlu İlkokulu,704321,İlkokul,https://valirecepkaman.meb.k12.tr,,,https://valirecepkaman.meb.k12.tr/tema/harita.php,2026-08-31,33,33,bulundu,https://valirecepkaman.meb.k12.tr/,2026-10-01T19:01:44.859582+00:00,,Öğrenci Sayısı : 33
Kırşehir,Kaman,Zübeyde Hanım Anaokulu,752429,Anaokulu,https://kamanzubeyde.meb.k12.tr,,,https://kamanzubeyde.meb.k12.tr/tema/harita.php,2026-08-31,173,173,bulundu,https://kamanzubeyde.meb.k12.tr/,2026-10-01T19:01:45.534783+00:00,,Öğrenci Sayısı: 173
Kırşehir,Kaman,Ömerhacılı Şehit Nurettin Aslan Ortaokulu,703636,Ortaokul,https://omerhaciliortaokulu.meb.k12.tr,,,https://omerhaciliortaokulu.meb.k12.tr/tema/harita.php,2026-08-31,33,33,bulundu,https://omerhaciliortaokulu.meb.k12.tr/,2026-10-01T19:01:45.535599+00:00,,Öğrenci Sayısı 33
Kırşehir,Kaman,Ömerhacılı Şehit Nurettin Aslan İlkokulu,173173,İlkokul,https://omerhaciliilkokulu.meb.k12.tr,,,https://omerhaciliilkokulu.meb.k12.tr/tema/harita.php,2026-08-31,30,30,bulundu,https://omerhaciliilkokulu.meb.k12.tr/,2026-10-01T19:01:45.537981+00:00,,Öğrenci Sayısı 30
Kırşehir,Kaman,Şehit Bahtiyar Şimşek Cumhuriyet İlkokulu,704311,İlkokul,https://kamancumhuriyetilkokulu.meb.k12.tr,,,https://kamancumhuriyetilkokulu.meb.k12.tr/tema/harita.php,2026-08-31,113,113,bulundu,https://kamancumhuriyetilkokulu.meb.k12.tr/,2026-10-01T19:01:45.540869+00:00,,Öğrenci Sayısı: 113
Kırşehir,Kaman,Şehit Yusuf Erdoğdu Ortaokulu,704252,Ortaokul,https://sehityusuferdogduortaokulu.meb.k12.tr,,,https://sehityusuferdogduortaokulu.meb.k12.tr/tema/harita.php,2026-08-31,383,383,bulundu,https://sehityusuferdogduortaokulu.meb.k12.tr/,2026-10-01T19:01:45.541804+00:00,,Öğrenci Sayısı : 383
Kırşehir,Kaman,Şehit Ümit Tekinaslan Mesleki ve Teknik Anadolu Lisesi,173197,Mesleki ve Teknik Anadolu Lisesi,https://kamaneml.meb.k12.tr,,,https://kamaneml.meb.k12.tr/tema/harita.php,2026-08-31,172,172,bulundu,https://kamaneml.meb.k12.tr/,2026-10-01T19:01:45.624205+00:00,,Öğrenci Sayısı 172
Kırşehir,Merkez,24 Aralık Atatürk İlkokulu,735833,İlkokul,https://24aralikio.meb.k12.tr,,,https://24aralikio.meb.k12.tr/tema/harita.php,2026-08-31,241,241,bulundu,https://24aralikio.meb.k12.tr/,2026-10-01T19:01:45.678809+00:00,,Öğrenci Sayısı : 241
Kırşehir,Merkez,24 Aralık Atatürk İmam Hatip Ortaokulu,760827,İmam Hatip Ortaokulu,https://24aaihoo.meb.k12.tr,,,https://24aaihoo.meb.k12.tr/tema/harita.php,2026-08-31,,,bulunamadi,,2026-10-01T19:01:45.791559+00:00,,
Kırşehir,Merkez,30 Ağustos Zafer İlkokulu,705013,İlkokul,https://30agustoszafer.meb.k12.tr,,,https://30agustoszafer.meb.k12.tr/tema/harita.php,2026-08-31,1030,1030,bulundu,https://30agustoszafer.meb.k12.tr/,2026-10-01T19:01:45.793888+00:00,,Öğrenci Sayısı : 1030
Kırşehir,Merkez,80. Yıl Anaokulu,966832,Anaokulu,https://kirsehir80yilanaokulu.meb.k12.tr,,,https://kirsehir80yilanaokulu.meb.k12.tr/tema/harita.php,2026-08-31,181,181,bulundu,https://kirsehir80yilanaokulu.meb.k12.tr/,2026-10-01T19:01:45.806491+00:00,,Öğrenci Sayısı : 181
Kırşehir,Merkez,Abdulkadir Özcan Anadolu İmam Hatip Lisesi,172670,Anadolu İmam Hatip Lisesi,https://kirsehirihl.meb.k12.tr,,,https://kirsehirihl.meb.k12.tr/tema/harita.php,2026-08-31,395,395,bulundu,https://kirsehirihl.meb.k12.tr/,2026-10-01T19:01:45.875356+00:00,,Öğrenci Sayısı : 395
Kırşehir,Merkez,Ahi Evran İlkokulu,705110,İlkokul,https://ahievranio.meb.k12.tr,,,https://ahievranio.meb.k12.tr/tema/harita.php,2026-08-31,139,139,bulundu,https://ahievranio.meb.k12.tr/,2026-10-01T19:01:45.877671+00:00,,Öğrenci Sayısı: 139
Kırşehir,Merkez,Atatürk Ortaokulu,705042,Ortaokul,https://kirsehirataturk.meb.k12.tr,,,https://kirsehirataturk.meb.k12.tr/tema/harita.php,2026-08-31,237,237,bulundu,https://kirsehirataturk.meb.k12.tr/tema/okulumuz_hakkinda.php,2026-10-01T19:01:45.899645+00:00,,Öğrenci : 237
Kırşehir,Merkez,Aşıkpaşa Ortaokulu,887818,Ortaokul,https://asikpasaortaokulu.meb.k12.tr,,,https://asikpasaortaokulu.meb.k12.tr/tema/harita.php,2026-08-31,262,262,bulundu,https://asikpasaortaokulu.meb.k12.tr/,2026-10-01T19:01:46.116779+00:00,,Öğrenci Sayısı : 262
Kırşehir,Merkez,Aşıkpaşa Ticaret Mesleki ve Teknik Anadolu Lisesi,172657,Mesleki ve Teknik Anadolu Lisesi,https://kirsehirasikpasamtal.meb.k12.tr,,,https://kirsehirasikpasamtal.meb.k12.tr/tema/harita.php,2026-08-31,,,bulunamadi,,2026-10-01T19:01:46.137181+00:00,,
Kırşehir,Merkez,Aşıkpaşa İlkokulu,735829,İlkokul,https://asikpasailkokulu.meb.k12.tr,,,https://asikpasailkokulu.meb.k12.tr/tema/harita.php,2026-08-31,266,266,bulundu,https://asikpasailkokulu.meb.k12.tr/,2026-10-01T19:01:46.275380+00:00,,Öğrenci Sayısı 266
Kırşehir,Merkez,Aşıkpaşa İmam Hatip Ortaokulu,760513,İmam Hatip Ortaokulu,https://asikpasaimamhatip.meb.k12.tr,,,https://asikpasaimamhatip.meb.k12.tr/tema/harita.php,2026-08-31,170,170,bulundu,https://asikpasaimamhatip.meb.k12.tr/,2026-10-01T19:01:46.521375+00:00,,Öğrenci Sayısı 170
Kırşehir,Merkez,Badem Pınarı Mesleki Eğitim Merkezi,225406,Mesleki Eğitim Merkezi,https://kirsehirmem.meb.k12.tr,,,https://kirsehirmem.meb.k12.tr/tema/harita.php,2026-08-31,809,809,bulundu,https://kirsehirmem.meb.k12.tr/tema/okulumuz_hakkinda.php,2026-10-01T19:01:46.711456+00:00,,Öğrenci : 809
Kırşehir,Merkez,Bağbaşı TOKİ İlkokulu,760866,İlkokul,https://760866.meb.k12.tr,,,https://760866.meb.k12.tr/tema/harita.php,2026-08-31,,,bulunamadi,,2026-10-01T19:01:46.770997+00:00,,
Kırşehir,Merkez,Başkentgaz Kızılay Anaokulu,767983,Anaokulu,https://baskentgazanaokulu.meb.k12.tr,,,https://baskentgazanaokulu.meb.k12.tr/tema/harita.php,2026-08-31,,,bulunamadi,,2026-10-01T19:01:46.842785+00:00,,
Kırşehir,Merkez,Borsa İstanbul 23 Nisan Ortaokulu,707001,Ortaokul,https://kirsehir23nisanortaokulu.meb.k12.tr,,,https://kirsehir23nisanortaokulu.meb.k12.tr/tema/harita.php,2026-08-31,110,110,bulundu,https://kirsehir23nisanortaokulu.meb.k12.tr/,2026-10-01T19:01:46.852788+00:00,,Öğrenci Sayısı 110
Kırşehir,Merkez,Borsa İstanbul 23 Nisan İlkokulu,707038,İlkokul,https://kirsehir23nisanilkokulu.meb.k12.tr,,,https://kirsehir23nisanilkokulu.meb.k12.tr/tema/harita.php,2026-08-31,142,142,bulundu,https://kirsehir23nisanilkokulu.meb.k12.tr/,2026-10-01T19:01:46.906868+00:00,,Öğrenci Sayısı 142
Kırşehir,Merkez,Borsa İstanbul 75. Yıl Mesleki ve Teknik Anadolu Lisesi,972354,Mesleki ve Teknik Anadolu Lisesi,https://kirsehirasml.meb.k12.tr,,,https://kirsehirasml.meb.k12.tr/tema/harita.php,2026-08-31,362,362,bulundu,https://kirsehirasml.meb.k12.tr/,2026-10-01T19:01:46.976830+00:00,,Öğrenci Sayısı : 362
Kırşehir,Merkez,Borsa İstanbul Zernişan Vakkas  Yaşar İlkokulu,706902,İlkokul,https://zernisanvakkasyasarilkokulu.meb.k12.tr,,,https://zernisanvakkasyasarilkokulu.meb.k12.tr/tema/harita.php,2026-08-31,780,780,bulundu,https://zernisanvakkasyasarilkokulu.meb.k12.tr/,2026-10-01T19:01:46.981204+00:00,,Öğrenci Sayısı 780
Kırşehir,Merkez,Cacabey Ortaokulu,706635,Ortaokul,https://cacabeyortaokulu.meb.k12.tr,,,https://cacabeyortaokulu.meb.k12.tr/tema/harita.php,2026-08-31,1496,1496,bulundu,https://cacabeyortaokulu.meb.k12.tr/,2026-10-01T19:01:47.101077+00:00,,Öğrenci Sayısı 1496
Kırşehir,Merkez,Cumhuriyet ortaokulu,706656,Ortaokul,https://kirsehircumhuriyet.meb.k12.tr,,,https://kirsehircumhuriyet.meb.k12.tr/tema/harita.php,2026-08-31,,,bulunamadi,,2026-10-01T19:01:47.115240+00:00,,
Kırşehir,Merkez,Cumhuriyet İlkokulu,706689,İlkokul,https://cumhuriyetilkokul.meb.k12.tr,,,https://cumhuriyetilkokul.meb.k12.tr/tema/harita.php,2026-08-31,992,992,bulundu,https://cumhuriyetilkokul.meb.k12.tr/,2026-10-01T19:01:47.229859+00:00,,Öğrenci Sayısı : 992
Kırşehir,Merkez,Defne Kılıçözlü Anaokulu,966693,Anaokulu,https://defnekilicozluanaokulu.meb.k12.tr,,,https://defnekilicozluanaokulu.meb.k12.tr/tema/harita.php,2026-08-31,131,131,bulundu,https://defnekilicozluanaokulu.meb.k12.tr/,2026-10-01T19:01:47.401424+00:00,,Öğrenci Sayısı: 131
Kırşehir,Merkez,Değirmenkaşı İlkokulu,770215,İlkokul,https://770215.meb.k12.tr,,,https://770215.meb.k12.tr/tema/harita.php,2026-08-31,33,33,bulundu,https://770215.meb.k12.tr/,2026-10-01T19:01:47.433488+00:00,,Öğrenci Sayısı : 33
Kırşehir,Merkez,Dr. Meral Kılıçözlü Anaokulu,752417,Anaokulu,https://meralkilicozlu.meb.k12.tr,,,https://meralkilicozlu.meb.k12.tr/tema/harita.php,2026-08-31,258,258,bulundu,https://meralkilicozlu.meb.k12.tr/,2026-10-01T19:01:47.558241+00:00,,Öğrenci Sayısı: 258
Kırşehir,Merkez,Durdu Muzaffer Marşap Kız Anadolu İmam Hatip Lisesi,758288,Anadolu İmam Hatip Lisesi,https://kirsehirkizanadoluihl.meb.k12.tr,,,https://kirsehirkizanadoluihl.meb.k12.tr/tema/harita.php,2026-08-31,278,278,bulundu,https://kirsehirkizanadoluihl.meb.k12.tr/,2026-10-01T19:01:47.584215+00:00,,Öğrenci Sayısı 278
Kırşehir,Merkez,Fatma Muzaffer Mermer Kız Mesleki ve Teknik Anadolu Lisesi,340602,Mesleki ve Teknik Anadolu Lisesi,https://fmmmtal.meb.k12.tr,,,https://fmmmtal.meb.k12.tr/tema/harita.php,2026-08-31,330,330,bulundu,https://fmmmtal.meb.k12.tr/,2026-10-01T19:01:47.864295+00:00,,Öğrenci Sayısı 330
Kırşehir,Merkez,Fatoş Çetin Anaokulu,962336,Anaokulu,https://fatoscetinanaokulu.meb.k12.tr,,,https://fatoscetinanaokulu.meb.k12.tr/tema/harita.php,2026-08-31,103,103,bulundu,https://fatoscetinanaokulu.meb.k12.tr/,2026-10-01T19:01:47.960550+00:00,,Öğrenci Sayısı: 103
Kırşehir,Merkez,Fatımatüz Zehra Kız Anadolu İmam Hatip Lisesi,764819,Anadolu İmam Hatip Lisesi,https://fzpihl.meb.k12.tr,,,https://fzpihl.meb.k12.tr/tema/harita.php,2026-08-31,402,402,bulundu,https://fzpihl.meb.k12.tr/,2026-10-01T19:01:48.027097+00:00,,Öğrenci Sayısı : 402
Kırşehir,Merkez,Gazi Ortaokulu,768659,Ortaokul,https://kirsehirgazi.meb.k12.tr,,,https://kirsehirgazi.meb.k12.tr/tema/harita.php,2026-08-31,616,616,bulundu,https://kirsehirgazi.meb.k12.tr/,2026-10-01T19:01:48.072370+00:00,,Öğrenci Sayısı : 616
Kırşehir,Merkez,Gülşehri İlkokulu,704961,İlkokul,https://kirsehirgulsehriilkokulu.meb.k12.tr,,,https://kirsehirgulsehriilkokulu.meb.k12.tr/tema/harita.php,2026-08-31,68,68,bulundu,https://kirsehirgulsehriilkokulu.meb.k12.tr/,2026-10-01T19:01:48.090951+00:00,,Öğrenci Sayısı : 68
Kırşehir,Merkez,H. İhsan Yeşilli Özel Eğitim Anaokulu,767480,Anaokulu,https://767480.meb.k12.tr,,,https://767480.meb.k12.tr/tema/harita.php,2026-08-31,20,20,bulundu,https://767480.meb.k12.tr/,2026-10-01T19:01:48.477439+00:00,,Öğrenci Sayısı : 20
Kırşehir,Merkez,Hacı Fatma Erdemir Anadolu Lisesi,172621,Anadolu Lisesi,https://hfeanadolulisesi.meb.k12.tr,,,https://hfeanadolulisesi.meb.k12.tr/tema/harita.php,2026-08-31,559,559,bulundu,https://hfeanadolulisesi.meb.k12.tr/,2026-10-01T19:01:48.501513+00:00,,Öğrenci Sayısı 559
Kırşehir,Merkez,Hayriye Kımçak Anadolu Lisesi,967677,Anadolu Lisesi,https://hayriyekimcakandl.meb.k12.tr,,,https://hayriyekimcakandl.meb.k12.tr/tema/harita.php,2026-08-31,516,516,bulundu,https://hayriyekimcakandl.meb.k12.tr/tema/okulumuz_hakkinda.php,2026-10-01T19:01:48.540628+00:00,,Öğrenci : 516
Kırşehir,Merkez,Hoca Ahmet Yesevi Anadolu İmam Hatip Lisesi,760294,Anadolu İmam Hatip Lisesi,https://hayanadoluimamhatiplisesi.meb.k12.tr,,,https://hayanadoluimamhatiplisesi.meb.k12.tr/tema/harita.php,2026-08-31,82,82,bulundu,https://hayanadoluimamhatiplisesi.meb.k12.tr/,2026-10-01T19:01:48.574386+00:00,,Öğrenci Sayısı 82
Kırşehir,Merkez,Hürriyet İlkokulu,706856,İlkokul,https://kirsehirmerkezhurriyetilkokulu.meb.k12.tr,,,https://kirsehirmerkezhurriyetilkokulu.meb.k12.tr/tema/harita.php,2026-08-31,232,232,bulundu,https://kirsehirmerkezhurriyetilkokulu.meb.k12.tr/,2026-10-01T19:01:48.613798+00:00,,Öğrenci Sayısı : 232
Kırşehir,Merkez,Hüsnü M. Özyeğin İlkokulu,705003,İlkokul,https://husnumozyeginilkokulu.meb.k12.tr,,,https://husnumozyeginilkokulu.meb.k12.tr/tema/harita.php,2026-08-31,691,691,bulundu,https://husnumozyeginilkokulu.meb.k12.tr/,2026-10-01T19:01:48.636364+00:00,,Öğrenci Sayısı : 691
Kırşehir,Merkez,Karahıdır İlkokulu,774358,İlkokul,https://774358.meb.k12.tr,,,https://774358.meb.k12.tr/tema/harita.php,2026-08-31,16,16,bulundu,https://774358.meb.k12.tr/,2026-10-01T19:01:48.659070+00:00,,Öğrenci Sayısı : 16
Kırşehir,Merkez,Karıncalı İlkokulu,770429,İlkokul,https://770429.meb.k12.tr,,,https://770429.meb.k12.tr/tema/harita.php,2026-08-31,5,5,bulundu,https://770429.meb.k12.tr/,2026-10-01T19:01:48.686341+00:00,,Öğrenci Sayısı: 5
Kırşehir,Merkez,Kındam TOKİ Latife  Ünsal Anaokulu,775186,Anaokulu,https://latifeunsalanaokulu.meb.k12.tr,,,https://latifeunsalanaokulu.meb.k12.tr/tema/harita.php,2026-08-31,101,101,bulundu,https://latifeunsalanaokulu.meb.k12.tr/,2026-10-01T19:01:48.696342+00:00,,Öğrenci Sayısı 101
Kırşehir,Merkez,Kırşehir Ahi Evran Adalet Meslekî Eğitim Merkezi,768406,Mesleki Eğitim Merkezi,https://ahievranadalet.meb.k12.tr,,,https://ahievranadalet.meb.k12.tr/tema/harita.php,2026-08-31,141,141,bulundu,https://ahievranadalet.meb.k12.tr/,2026-10-01T19:01:48.865508+00:00,,Öğrenci Sayısı 141
Kırşehir,Merkez,Kırşehir Ahi Evran Anadolu Lisesi,253275,Anadolu Lisesi,https://kirsehiraol.meb.k12.tr,,,https://kirsehiraol.meb.k12.tr/tema/harita.php,2026-08-31,491,491,bulundu,https://kirsehiraol.meb.k12.tr/,2026-10-01T19:01:48.924475+00:00,,Öğrenci Sayısı : 491
Kırşehir,Merkez,Kırşehir Anadolu İmam Hatip Lisesi,763604,Anadolu İmam Hatip Lisesi,https://kanadoluimamhatiplisesi.meb.k12.tr,,,https://kanadoluimamhatiplisesi.meb.k12.tr/tema/harita.php,2026-08-31,165,165,bulundu,https://kanadoluimamhatiplisesi.meb.k12.tr/tema/okulumuz_hakkinda.php,2026-10-01T19:01:49.242751+00:00,,Öğrenci : 165
Kırşehir,Merkez,Kırşehir Bahçelievler Ortaokulu,776547,Ortaokul,https://776547.meb.k12.tr,,,https://776547.meb.k12.tr/tema/harita.php,2026-08-31,129,129,bulundu,https://776547.meb.k12.tr/,2026-10-01T19:01:49.250504+00:00,,Öğrenci Sayısı : 129
Kırşehir,Merkez,Kırşehir Halk Eğitimi Merkezi,172682,Halk Eğitimi Merkezi,https://kirsehirhem.meb.k12.tr,,,https://kirsehirhem.meb.k12.tr/tema/harita.php,2026-08-31,,,bulunamadi,,2026-10-01T19:01:49.304657+00:00,,
Kırşehir,Merkez,Kırşehir Lisesi,172598,Lise,https://kirsehirlisesi.meb.k12.tr,,,https://kirsehirlisesi.meb.k12.tr/tema/harita.php,2026-08-31,373,373,bulundu,https://kirsehirlisesi.meb.k12.tr/,2026-10-01T19:01:49.356032+00:00,,Öğrenci Sayısı : 373
Kırşehir,Merkez,Kırşehir Menekşe Ahmet Yalçınkaya Özel Eğitim Anaokulu,773628,Anaokulu,https://mayozelegitimanaokulu.meb.k12.tr,,,https://mayozelegitimanaokulu.meb.k12.tr/tema/harita.php,2026-08-31,4,4,bulundu,https://mayozelegitimanaokulu.meb.k12.tr/,2026-10-01T19:01:49.417493+00:00,,Öğrenci Sayısı : 4
Kırşehir,Merkez,Kırşehir Merkez Yunus Emre Ortaokulu,707696,Ortaokul,https://merkezyunusemreortaokulu.meb.k12.tr,,,https://merkezyunusemreortaokulu.meb.k12.tr/tema/harita.php,2026-08-31,1124,1124,bulundu,https://merkezyunusemreortaokulu.meb.k12.tr/,2026-10-01T19:01:49.427268+00:00,,Öğrenci Sayısı 1124
Kırşehir,Merkez,Kırşehir Mesleki ve Teknik Anadolu Lisesi,172633,Mesleki ve Teknik Anadolu Lisesi,https://kirsehireml.meb.k12.tr,,,https://kirsehireml.meb.k12.tr/tema/harita.php,2026-08-31,836,836,bulundu,https://kirsehireml.meb.k12.tr/tema/okulumuz_hakkinda.php,2026-10-01T19:01:49.469418+00:00,,Öğrenci : 836
Kırşehir,Merkez,Kırşehir Neşet Ertaş Güzel Sanatlar Lisesi,324629,Güzel Sanatlar Lisesi,https://kirsehirgssl.meb.k12.tr,,,https://kirsehirgssl.meb.k12.tr/tema/harita.php,2026-08-31,120,120,bulundu,https://kirsehirgssl.meb.k12.tr/,2026-10-01T19:01:49.538646+00:00,,Öğrenci Sayısı : 120
Kırşehir,Merkez,Kırşehir Osman Yalçınkaya Anadolu Lisesi,972349,Anadolu Lisesi,https://kirsehiroyal.meb.k12.tr,,,https://kirsehiroyal.meb.k12.tr/tema/harita.php,2026-08-31,109,109,bulundu,https://kirsehiroyal.meb.k12.tr/,2026-10-01T19:01:49.645270+00:00,,Öğrenci Sayısı : 109
Kırşehir,Merkez,Kırşehir Rehberlik ve Araştırma Merkezi,172704,Rehberlik ve Araştırma Merkezi,https://kirsehirram.meb.k12.tr,,,https://kirsehirram.meb.k12.tr/tema/harita.php,2026-08-31,,,bulunamadi,,2026-10-01T19:01:49.704314+00:00,,
Kırşehir,Merkez,Kırşehir Sosyal Bilimler Lisesi,973882,Sosyal Bilimler Lisesi,https://kirsehirsbl.meb.k12.tr,,,https://kirsehirsbl.meb.k12.tr/tema/harita.php,2026-08-31,453,453,bulundu,https://kirsehirsbl.meb.k12.tr/,2026-10-01T19:01:49.705019+00:00,,Öğrenci Sayısı 453
Kırşehir,Merkez,Kırşehir Spor Lisesi,766183,Spor Lisesi,https://kirsehirsporlisesi.meb.k12.tr,,,https://kirsehirsporlisesi.meb.k12.tr/tema/harita.php,2026-08-31,87,87,bulundu,https://kirsehirsporlisesi.meb.k12.tr/,2026-10-01T19:01:49.826148+00:00,,Öğrenci Sayısı : 87
Kırşehir,Merkez,Kırşehir Özel Eğitim Meslek Okulu,747132,Özel Eğitim Kurumu,https://kirsehirozelegitim.meb.k12.tr,,,https://kirsehirozelegitim.meb.k12.tr/tema/harita.php,2026-08-31,48,48,bulundu,https://kirsehirozelegitim.meb.k12.tr/,2026-10-01T19:01:49.840837+00:00,,Öğrenci Sayısı : 48
Kırşehir,Merkez,Kırşehir Öğretmenevi ve Akşam Sanat Okulu,971264,Öğretmenevi,https://kirsehirogretmenevi.meb.k12.tr,,,https://kirsehirogretmenevi.meb.k12.tr/tema/harita.php,2026-08-31,,,bulunamadi,,2026-10-01T19:01:49.849103+00:00,,
Kırşehir,Merkez,Mehmet Akif Ersoy Anadolu Lisesi,973810,Anadolu Lisesi,https://makif40.meb.k12.tr,,,https://makif40.meb.k12.tr/tema/harita.php,2026-08-31,365,365,bulundu,https://makif40.meb.k12.tr/,2026-10-01T19:01:49.855102+00:00,,Öğrenci Sayısı : 365
Kırşehir,Merkez,Menekşe Ahmet Yalçınkaya Anaokulu,970680,Anaokulu,https://menekseahmetyalcnkayaanaokulu.meb.k12.tr,,,https://menekseahmetyalcnkayaanaokulu.meb.k12.tr/tema/harita.php,2026-08-31,20,20,bulundu,https://menekseahmetyalcnkayaanaokulu.meb.k12.tr/,2026-10-01T19:01:50.152573+00:00,,Öğrenci Sayısı : 20
Kırşehir,Merkez,Muharrem Ertaş Güzel Sanatlar Müzik Ortaokulu,776426,Ortaokul,https://muharremertas.meb.k12.tr,,,https://muharremertas.meb.k12.tr/tema/harita.php,2026-08-31,56,56,bulundu,https://muharremertas.meb.k12.tr/,2026-10-01T19:01:50.232598+00:00,,Öğrenci Sayısı 56
Kırşehir,Merkez,Muharrem Sayan Ortaokulu,707049,Ortaokul,https://muharremsayanortaokulu.meb.k12.tr,,,https://muharremsayanortaokulu.meb.k12.tr/tema/harita.php,2026-08-31,67,67,bulundu,https://muharremsayanortaokulu.meb.k12.tr/,2026-10-01T19:01:50.305118+00:00,,Öğrenci Sayısı 67
Kırşehir,Merkez,Muharrem Sayan İlkokulu,707092,İlkokul,https://muharremsayanilkokulu.meb.k12.tr,,,https://muharremsayanilkokulu.meb.k12.tr/tema/harita.php,2026-08-31,92,92,bulundu,https://muharremsayanilkokulu.meb.k12.tr/,2026-10-01T19:01:50.397446+00:00,,Öğrenci Sayısı 92
Kırşehir,Merkez,Muzaffer Mermer Ortaokulu,976961,Ortaokul,https://muzaffermermerortaokulu.meb.k12.tr,,,https://muzaffermermerortaokulu.meb.k12.tr/tema/harita.php,2026-08-31,33,33,bulundu,https://muzaffermermerortaokulu.meb.k12.tr/,2026-10-01T19:01:50.675990+00:00,,Öğrenci Sayısı 33
Kırşehir,Merkez,Muzaffer Mermer İlkokulu,707215,İlkokul,https://muzaffermermerilkokulu.meb.k12.tr,,,https://muzaffermermerilkokulu.meb.k12.tr/tema/harita.php,2026-08-31,60,60,bulundu,https://muzaffermermerilkokulu.meb.k12.tr/,2026-10-01T19:01:50.715548+00:00,,Öğrenci Sayısı 60
Kırşehir,Merkez,Namık Kemal İlkokulu,704983,İlkokul,https://namikkemalio40.meb.k12.tr,,,https://namikkemalio40.meb.k12.tr/tema/harita.php,2026-08-31,50,50,bulundu,https://namikkemalio40.meb.k12.tr/,2026-10-01T19:01:50.835096+00:00,,Öğrenci Sayısı : 50
Kırşehir,Merkez,Necati-Taner Yüksel Anaokulu,865916,Anaokulu,https://necatitanerykselanaokulu.meb.k12.tr,,,https://necatitanerykselanaokulu.meb.k12.tr/tema/harita.php,2026-08-31,90,90,bulundu,https://necatitanerykselanaokulu.meb.k12.tr/,2026-10-01T19:01:50.837010+00:00,,Öğrenci Sayısı 90
Kırşehir,Merkez,Necatibey Ortaokulu,853531,Ortaokul,https://kirsehirnecatibey.meb.k12.tr,,,https://kirsehirnecatibey.meb.k12.tr/tema/harita.php,2026-08-31,211,211,bulundu,https://kirsehirnecatibey.meb.k12.tr/,2026-10-01T19:01:50.873826+00:00,,Öğrenci Sayısı : 211
Kırşehir,Merkez,Necatibey İlkokulu,735830,İlkokul,https://kirsehirnecatibeyio.meb.k12.tr,,,https://kirsehirnecatibeyio.meb.k12.tr/tema/harita.php,2026-08-31,166,166,bulundu,https://kirsehirnecatibeyio.meb.k12.tr/,2026-10-01T19:01:50.922343+00:00,,Öğrenci Sayısı : 166
Kırşehir,Merkez,Prof.Dr.Erol Güngör Ortaokulu,707314,Ortaokul,https://erolgungor.meb.k12.tr,,,https://erolgungor.meb.k12.tr/tema/harita.php,2026-08-31,817,817,bulundu,https://erolgungor.meb.k12.tr/,2026-10-01T19:01:50.932252+00:00,,Öğrenci Sayısı : 817
Kırşehir,Merkez,Prof.Dr.Erol Güngör İlkokulu,707360,İlkokul,https://erolgungorilk.meb.k12.tr,,,https://erolgungorilk.meb.k12.tr/tema/harita.php,2026-08-31,596,596,bulundu,https://erolgungorilk.meb.k12.tr/,2026-10-01T19:01:51.004338+00:00,,Öğrenci Sayısı : 596
Kırşehir,Merkez,Prof.Dr.İlhan Kılıçözlü Fen Lisesi,749573,Fen Lisesi,https://kirsehirfenlisesi.meb.k12.tr,,,https://kirsehirfenlisesi.meb.k12.tr/tema/harita.php,2026-08-31,488,488,bulundu,https://kirsehirfenlisesi.meb.k12.tr/,2026-10-01T19:01:51.293564+00:00,,Öğrenci Sayısı 488
Kırşehir,Merkez,Sebahat Osman Yalçınkaya Ortaokulu,707376,Ortaokul,https://soy40.meb.k12.tr,,,https://soy40.meb.k12.tr/tema/harita.php,2026-08-31,142,142,bulundu,https://soy40.meb.k12.tr/,2026-10-01T19:01:51.356001+00:00,,Öğrenci Sayısı : 142
Kırşehir,Merkez,Sebahat Osman Yalçınkaya İlkokulu,707433,İlkokul,https://soyilk.meb.k12.tr,,,https://soyilk.meb.k12.tr/tema/harita.php,2026-08-31,67,67,bulundu,https://soyilk.meb.k12.tr/,2026-10-01T19:01:51.377247+00:00,,Öğrenci Sayısı : 67
Kırşehir,Merkez,Süleyman Türkmani İlkokulu,707454,İlkokul,https://suleymanturkmaniilkokulu.meb.k12.tr,,,https://suleymanturkmaniilkokulu.meb.k12.tr/tema/harita.php,2026-08-31,701,701,bulundu,https://suleymanturkmaniilkokulu.meb.k12.tr/,2026-10-01T19:01:51.592597+00:00,,Öğrenci Sayısı 701
Kırşehir,Merkez,Sıddık Demir Anadolu Lisesi,964132,Anadolu Lisesi,https://sdemir.meb.k12.tr,,,https://sdemir.meb.k12.tr/tema/harita.php,2026-08-31,419,419,bulundu,https://sdemir.meb.k12.tr/tema/okulumuz_hakkinda.php,2026-10-01T19:01:51.646551+00:00,,Öğrenci : 419
Kırşehir,Merkez,Sıdıklı Ortaokulu,704862,Ortaokul,https://sdkortaokulu.meb.k12.tr,,,https://sdkortaokulu.meb.k12.tr/tema/harita.php,2026-08-31,32,32,bulundu,https://sdkortaokulu.meb.k12.tr/,2026-10-01T19:01:51.661611+00:00,,Öğrenci Sayısı : 32
Kırşehir,Merkez,Sıdıklı İlkokulu,704828,İlkokul,https://sdkilkokulu.meb.k12.tr,,,https://sdkilkokulu.meb.k12.tr/tema/harita.php,2026-08-31,40,40,bulundu,https://sdkilkokulu.meb.k12.tr/,2026-10-01T19:01:51.782440+00:00,,Öğrenci Sayısı : 40
Kırşehir,Merkez,Sırrı Kardeş Ortaokulu,707366,Ortaokul,https://sirrikardesortaokulu.meb.k12.tr,,,https://sirrikardesortaokulu.meb.k12.tr/tema/harita.php,2026-08-31,577,577,bulundu,https://sirrikardesortaokulu.meb.k12.tr/,2026-10-01T19:01:51.793910+00:00,,Öğrenci Sayısı : 577
Kırşehir,Merkez,Sırrı Kardeş İlkokulu,707499,İlkokul,https://sirrikardesilkokulu.meb.k12.tr,,,https://sirrikardesilkokulu.meb.k12.tr/tema/harita.php,2026-08-31,622,622,bulundu,https://sirrikardesilkokulu.meb.k12.tr/,2026-10-01T19:01:52.246805+00:00,,Öğrenci Sayısı 622
Kırşehir,Merkez,TEV Zahide Zehra Garring Ortaokulu,704484,Ortaokul,https://tevzzgortaokul.meb.k12.tr,,,https://tevzzgortaokul.meb.k12.tr/tema/harita.php,2026-08-31,40,40,bulundu,https://tevzzgortaokul.meb.k12.tr/,2026-10-01T19:01:52.261892+00:00,,Öğrenci Sayısı 40
Kırşehir,Merkez,TOKİ Ortaokulu,707633,Ortaokul,https://kirsehirtokiortaokulu.meb.k12.tr,,,https://kirsehirtokiortaokulu.meb.k12.tr/tema/harita.php,2026-08-31,47,47,bulundu,https://kirsehirtokiortaokulu.meb.k12.tr/,2026-10-01T19:01:52.335189+00:00,,Öğrenci Sayısı : 47
Kırşehir,Merkez,TOKİ İlkokulu,707676,İlkokul,https://kirsehirtokiilkokulu.meb.k12.tr,,,https://kirsehirtokiilkokulu.meb.k12.tr/tema/harita.php,2026-08-31,100,100,bulundu,https://kirsehirtokiilkokulu.meb.k12.tr/,2026-10-01T19:01:52.366609+00:00,,Öğrenci Sayısı 100
Kırşehir,Merkez,Toki Turizm Mesleki ve Teknik Anadolu Lisesi,967335,Mesleki ve Teknik Anadolu Lisesi,https://tokimtal.meb.k12.tr,,,https://tokimtal.meb.k12.tr/tema/harita.php,2026-08-31,176,176,bulundu,https://tokimtal.meb.k12.tr/tema/okulumuz_hakkinda.php,2026-10-01T19:01:52.401795+00:00,,Öğrenci : 176
Kırşehir,Merkez,Toki Şehit Polis Gökhan Emre Örül İmam Hatip Ortaokulu,760512,İmam Hatip Ortaokulu,https://tokiimamhatiportaokulu.meb.k12.tr,,,https://tokiimamhatiportaokulu.meb.k12.tr/tema/harita.php,2026-08-31,116,116,bulundu,https://tokiimamhatiportaokulu.meb.k12.tr/,2026-10-01T19:01:52.470682+00:00,,Öğrenci Sayısı 116
Kırşehir,Merkez,Toklumen İlkokulu,770235,İlkokul,https://toklumen.meb.k12.tr,,,https://toklumen.meb.k12.tr/tema/harita.php,2026-08-31,10,10,bulundu,https://toklumen.meb.k12.tr/,2026-10-01T19:01:52.482425+00:00,,Öğrenci Sayısı : 10
Kırşehir,Merkez,Vahide-Hüseyin Karahan Özel Eğitim Uygulama Okulu I. Kademe,747128,Özel Eğitim Kurumu,https://vhkarahanozelegitimuygulamaokulu.meb.k12.tr,,,https://vhkarahanozelegitimuygulamaokulu.meb.k12.tr/tema/harita.php,2026-08-31,31,31,bulundu,https://vhkarahanozelegitimuygulamaokulu.meb.k12.tr/,2026-10-01T19:01:52.502423+00:00,,Öğrenci Sayısı : 31
Kırşehir,Merkez,Vahide-Hüseyin Karahan Özel Eğitim Uygulama Okulu II. Kademe,747354,Özel Eğitim Kurumu,https://vhkarahanozelegitimuygulamaokul2.meb.k12.tr,,,https://vhkarahanozelegitimuygulamaokul2.meb.k12.tr/tema/harita.php,2026-08-31,25,25,bulundu,https://vhkarahanozelegitimuygulamaokul2.meb.k12.tr/,2026-10-01T19:01:52.630864+00:00,,Öğrenci Sayısı : 25
Kırşehir,Merkez,Vahide-Hüseyin Karahan Özel Eğitim Uygulama Okulu III. Kademe,748119,Özel Eğitim Kurumu,https://vhkarahanozelegitimuygulamaokul3.meb.k12.tr,,,https://vhkarahanozelegitimuygulamaokul3.meb.k12.tr/tema/harita.php,2026-08-31,14,14,bulundu,https://vhkarahanozelegitimuygulamaokul3.meb.k12.tr/,2026-10-01T19:01:53.037626+00:00,,Öğrenci Sayısı : 14
Kırşehir,Merkez,Vilayetler Hizmet Birliği Anaokulu,972138,Anaokulu,https://vhbanaokulu40.meb.k12.tr,,,https://vhbanaokulu40.meb.k12.tr/tema/harita.php,2026-08-31,173,173,bulundu,https://vhbanaokulu40.meb.k12.tr/,2026-10-01T19:01:53.068923+00:00,,Öğrenci Sayısı 173
Kırşehir,Merkez,Yeşilyurt Mustafa Bozkurt Ortaokulu,977001,Ortaokul,https://yesilyurtmbortaokulu.meb.k12.tr,,,https://yesilyurtmbortaokulu.meb.k12.tr/tema/harita.php,2026-08-31,246,246,bulundu,https://yesilyurtmbortaokulu.meb.k12.tr/,2026-10-01T19:01:53.074282+00:00,,Öğrenci Sayısı : 246
Kırşehir,Merkez,Yukarı Homurlu Ortaokulu,704626,Ortaokul,https://yukarihomurluortaokulu.meb.k12.tr,,,https://yukarihomurluortaokulu.meb.k12.tr/tema/harita.php,2026-08-31,32,32,bulundu,https://yukarihomurluortaokulu.meb.k12.tr/,2026-10-01T19:01:53.138974+00:00,,Öğrenci Sayısı : 32
Kırşehir,Merkez,Yukarı Homurlu İlkokulu,704577,İlkokul,https://yukarihomurluilkokulu.meb.k12.tr,,,https://yukarihomurluilkokulu.meb.k12.tr/tema/harita.php,2026-08-31,25,25,bulundu,https://yukarihomurluilkokulu.meb.k12.tr/,2026-10-01T19:01:53.158555+00:00,,Öğrenci Sayısı 25
Kırşehir,Merkez,Yunus Emre İlkokulu,774299,İlkokul,https://774299.meb.k12.tr,,,https://774299.meb.k12.tr/tema/harita.php,2026-08-31,19,19,bulundu,https://774299.meb.k12.tr/,2026-10-01T19:01:53.235990+00:00,,Öğrenci Sayısı : 19
Kırşehir,Merkez,Yusuf Demir Bilim ve Sanat Merkezi,963946,Bilim ve Sanat Merkezi,https://kirsehirbilsem.meb.k12.tr,,,https://kirsehirbilsem.meb.k12.tr/tema/harita.php,2026-08-31,474,474,bulundu,https://kirsehirbilsem.meb.k12.tr/tema/okulumuz_hakkinda.php,2026-10-01T19:01:53.241790+00:00,,Öğrenci : 474
Kırşehir,Merkez,Yüceer Ortaokulu,750673,Ortaokul,https://yuceerortaokulu.meb.k12.tr,,,https://yuceerortaokulu.meb.k12.tr/tema/harita.php,2026-08-31,,,bulunamadi,,2026-10-01T19:01:53.275946+00:00,,
Kırşehir,Merkez,Yüceer İlkokulu,704986,İlkokul,https://yuceerilkokulu.meb.k12.tr,,,https://yuceerilkokulu.meb.k12.tr/tema/harita.php,2026-08-31,48,48,bulundu,https://yuceerilkokulu.meb.k12.tr/,2026-10-01T19:01:53.369862+00:00,,Öğrenci Sayısı 48
Kırşehir,Merkez,Zahide Zehra Garring İlkokulu,704427,İlkokul,https://tevzzgilkokul.meb.k12.tr,,,https://tevzzgilkokul.meb.k12.tr/tema/harita.php,2026-08-31,30,30,bulundu,https://tevzzgilkokul.meb.k12.tr/,2026-10-01T19:01:53.476920+00:00,,Öğrenci Sayısı 30
Kırşehir,Merkez,Öğretmen Ayşegül Musa Kurukafa Anaokulu,765753,Anaokulu,https://kurukafaanaokulu.meb.k12.tr,,,https://kurukafaanaokulu.meb.k12.tr/tema/harita.php,2026-08-31,97,97,bulundu,https://kurukafaanaokulu.meb.k12.tr/,2026-10-01T19:01:53.515021+00:00,,Öğrenci Sayısı 97
Kırşehir,Merkez,Öğretmen Bedia-Köksal Güler İlkokulu,704994,İlkokul,https://bediakoksalgulerilkokulu.meb.k12.tr,,,https://bediakoksalgulerilkokulu.meb.k12.tr/tema/harita.php,2026-08-31,448,448,bulundu,https://bediakoksalgulerilkokulu.meb.k12.tr/,2026-10-01T19:01:53.613675+00:00,,Öğrenci Sayısı : 448
Kırşehir,Merkez,Öğretmen Ziya Kılıçözlü İlkokulu,704976,İlkokul,https://ziyakilicozlu.meb.k12.tr,,,https://ziyakilicozlu.meb.k12.tr/tema/harita.php,2026-08-31,319,319,bulundu,https://ziyakilicozlu.meb.k12.tr/,2026-10-01T19:01:53.646812+00:00,,Öğrenci Sayısı: 319
Kırşehir,Merkez,Öğretmen Ömer Aydın Ortaokulu,752801,Ortaokul,https://omeraydinortaokulu.meb.k12.tr,,,https://omeraydinortaokulu.meb.k12.tr/tema/harita.php,2026-08-31,,,bulunamadi,,2026-10-01T19:01:53.670464+00:00,,
Kırşehir,Merkez,Öğretmen Ömer Aydın İlkokulu,704968,İlkokul,https://omeraydin.meb.k12.tr,,,https://omeraydin.meb.k12.tr/tema/harita.php,2026-08-31,121,121,bulundu,https://omeraydin.meb.k12.tr/tema/okulumuz_hakkinda.php,2026-10-01T19:01:53.676040+00:00,,Öğrenci : 121
Kırşehir,Merkez,İnönü İlkokulu,705019,İlkokul,https://kinonu.meb.k12.tr,,,https://kinonu.meb.k12.tr/tema/harita.php,2026-08-31,212,212,bulundu,https://kinonu.meb.k12.tr/tema/okulumuz_hakkinda.php,2026-10-01T19:01:53.772947+00:00,,Öğrenci : 212
Kırşehir,Merkez,Şehit Dr.Ulucan Dayan Ortaokulu,879513,Ortaokul,https://shtdrulucandayanoo.meb.k12.tr,,,https://shtdrulucandayanoo.meb.k12.tr/tema/harita.php,2026-08-31,99,99,bulundu,https://shtdrulucandayanoo.meb.k12.tr/,2026-10-01T19:01:53.796338+00:00,,Öğrenci Sayısı 99
Kırşehir,Merkez,Şehit Dr.Ulucan Dayan İlkokulu,735831,İlkokul,https://shtdrulucandayanio.meb.k12.tr,,,https://shtdrulucandayanio.meb.k12.tr/tema/harita.php,2026-08-31,92,92,bulundu,https://shtdrulucandayanio.meb.k12.tr/,2026-10-01T19:01:53.947538+00:00,,Öğrenci Sayısı 92
Kırşehir,Merkez,Şehit Musa Geredeoğlu İlkokulu,704903,İlkokul,https://smusageredeogluio.meb.k12.tr,,,https://smusageredeogluio.meb.k12.tr/tema/harita.php,2026-08-31,101,101,bulundu,https://smusageredeogluio.meb.k12.tr/,2026-10-01T19:01:54.115876+00:00,,Öğrenci Sayısı 101
Kırşehir,Merkez,Şehit Ramazan Donat Ortaokulu,255286,Ortaokul,https://sehitramazandonat.meb.k12.tr,,,https://sehitramazandonat.meb.k12.tr/tema/harita.php,2026-08-31,60,60,bulundu,https://sehitramazandonat.meb.k12.tr/,2026-10-01T19:01:54.141728+00:00,,Öğrenci Sayısı 60
Kırşehir,Merkez,Şehit Recep Yıldırım İlkokulu,974141,İlkokul,https://sehitrecepyildirimio.meb.k12.tr,,,https://sehitrecepyildirimio.meb.k12.tr/tema/harita.php,2026-08-31,176,176,bulundu,https://sehitrecepyildirimio.meb.k12.tr/,2026-10-01T19:01:54.231323+00:00,,Öğrenci Sayısı 176
Kırşehir,Merkez,Şehit Süleyman Sevim İmam Hatip Ortaokulu,709087,İmam Hatip Ortaokulu,https://suleymansevimiho.meb.k12.tr,,,https://suleymansevimiho.meb.k12.tr/tema/harita.php,2026-08-31,213,213,bulundu,https://suleymansevimiho.meb.k12.tr/,2026-10-01T19:01:54.257843+00:00,,Öğrenci Sayısı : 213
Kırşehir,Merkez,Şehit Ömer Halisdemir İlkokulu,763504,İlkokul,https://sehitomerhalisdemirilkokulu.meb.k12.tr,,,https://sehitomerhalisdemirilkokulu.meb.k12.tr/tema/harita.php,2026-08-31,415,415,bulundu,https://sehitomerhalisdemirilkokulu.meb.k12.tr/,2026-10-01T19:01:54.261890+00:00,,Öğrenci Sayısı: 415
Kırşehir,Merkez,Şehit Ömer Halisdemir İmam Hatip Ortaokulu,762307,İmam Hatip Ortaokulu,https://sehitomerhalisdemiriho40.meb.k12.tr,,,https://sehitomerhalisdemiriho40.meb.k12.tr/tema/harita.php,2026-08-31,324,324,bulundu,https://sehitomerhalisdemiriho40.meb.k12.tr/,2026-10-01T19:01:54.338270+00:00,,Öğrenci Sayısı 324
Kırşehir,Merkez,Şeyh Edebali Anaokulu,764545,Anaokulu,https://seyhedebalianaokulu.meb.k12.tr,,,https://seyhedebalianaokulu.meb.k12.tr/tema/harita.php,2026-08-31,164,164,bulundu,https://seyhedebalianaokulu.meb.k12.tr/,2026-10-01T19:01:54.451856+00:00,,Öğrenci Sayısı : 164
Kırşehir,Mucur,Atatürk İlkokulu,377220,İlkokul,https://mucurataturk.meb.k12.tr,,,https://mucurataturk.meb.k12.tr/tema/harita.php,2026-08-31,124,124,bulundu,https://mucurataturk.meb.k12.tr/,2026-10-01T19:01:54.514143+00:00,,Öğrenci Sayısı : 124
Kırşehir,Mucur,Fatih Ortaokulu,703567,Ortaokul,https://mucurfatih.meb.k12.tr,,,https://mucurfatih.meb.k12.tr/tema/harita.php,2026-08-31,248,248,bulundu,https://mucurfatih.meb.k12.tr/,2026-10-01T19:01:54.529642+00:00,,Öğrenci Sayısı : 248
Kırşehir,Mucur,Hacı Derviş Rasim Ünsal İlkokulu,703574,İlkokul,https://hacidervisrasimunsal.meb.k12.tr,,,https://hacidervisrasimunsal.meb.k12.tr/tema/harita.php,2026-08-31,109,109,bulundu,https://hacidervisrasimunsal.meb.k12.tr/,2026-10-01T19:01:54.575818+00:00,,Öğrenci Sayısı : 109
Kırşehir,Mucur,Hacı Ömer Sayın İlkokulu,544866,İlkokul,https://omersayin.meb.k12.tr,,,https://omersayin.meb.k12.tr/tema/harita.php,2026-08-31,63,63,bulundu,https://omersayin.meb.k12.tr/,2026-10-01T19:01:54.929723+00:00,,Öğrenci Sayısı : 63
Kırşehir,Mucur,Kızıldağ Yeniyapan Şehit Muzaffer Kılıçaslan İlkokulu,703370,İlkokul,https://kizildagyeniyapanilk.meb.k12.tr,,,https://kizildagyeniyapanilk.meb.k12.tr/tema/harita.php,2026-08-31,27,27,bulundu,https://kizildagyeniyapanilk.meb.k12.tr/,2026-10-01T19:01:55.035433+00:00,,Öğrenci Sayısı: 27
Kırşehir,Mucur,Kızıldağ Yeniyapan Şehit Muzaffer Kılıçaslan İmam Hatip Ortaokulu,762375,İmam Hatip Ortaokulu,https://kyihoo.meb.k12.tr,,,https://kyihoo.meb.k12.tr/tema/harita.php,2026-08-31,52,52,bulundu,https://kyihoo.meb.k12.tr/,2026-10-01T19:01:55.095285+00:00,,Öğrenci Sayısı 52
Kırşehir,Mucur,Mucur Halk Eğitimi Merkezi,173352,Halk Eğitimi Merkezi,https://mucurhem.meb.k12.tr,,,https://mucurhem.meb.k12.tr/tema/harita.php,2026-08-31,,,bulunamadi,,2026-10-01T19:01:55.166990+00:00,,
Kırşehir,Mucur,Mucur Sabancı Öğretmenevi ve Akşam Sanat Okulu Müdürlüğü,212663,Öğretmenevi,https://mucurogretmenevi.meb.k12.tr,,,https://mucurogretmenevi.meb.k12.tr/tema/harita.php,2026-08-31,,,bulunamadi,,2026-10-01T19:01:55.213384+00:00,,
Kırşehir,Mucur,Mucur Türkiye Odalar ve Borsalar Birliği Anaokulu,775604,Anaokulu,https://775604.meb.k12.tr,,,https://775604.meb.k12.tr/tema/harita.php,2026-08-31,67,67,bulundu,https://775604.meb.k12.tr/,2026-10-01T19:01:55.260866+00:00,,Öğrenci Sayısı 67
Kırşehir,Mucur,Mucur Şehit Polis Gökhan Ünaldı Anadolu İmam Hatip Lisesi,173340,Anadolu İmam Hatip Lisesi,https://mucurimamhatip.meb.k12.tr,,,https://mucurimamhatip.meb.k12.tr/tema/harita.php,2026-08-31,112,112,bulundu,https://mucurimamhatip.meb.k12.tr/,2026-10-01T19:01:55.494631+00:00,,Öğrenci Sayısı 112
Kırşehir,Mucur,Mutlu-Temiz Anaokulu,759638,Anaokulu,https://mutlutemizanaokulu.meb.k12.tr,,,https://mutlutemizanaokulu.meb.k12.tr/tema/harita.php,2026-08-31,41,41,bulundu,https://mutlutemizanaokulu.meb.k12.tr/,2026-10-01T19:01:55.948955+00:00,,Öğrenci Sayısı: 41
Kırşehir,Mucur,Nimet Onan Özel Eğitim Uygulama Okulu I. Kademe,775181,Özel Eğitim Kurumu,https://775181.meb.k12.tr,,,https://775181.meb.k12.tr/tema/harita.php,2026-08-31,3,3,bulundu,https://775181.meb.k12.tr/,2026-10-01T19:01:55.970340+00:00,,Öğrenci Sayısı: 3
Kırşehir,Mucur,Nimet Onan Özel Eğitim Uygulama Okulu II. Kademe,775182,Özel Eğitim Kurumu,https://775182.meb.k12.tr,,,https://775182.meb.k12.tr/tema/harita.php,2026-08-31,0,0,bulundu,https://775182.meb.k12.tr/,2026-10-01T19:01:56.010881+00:00,,Öğrenci Sayısı : 0
Kırşehir,Mucur,Nimet Onan Özel Eğitim Uygulama Okulu III. Kademe,775183,Özel Eğitim Kurumu,https://775183.meb.k12.tr,,,https://775183.meb.k12.tr/tema/harita.php,2026-08-31,0,0,bulundu,https://775183.meb.k12.tr/,2026-10-01T19:01:56.014533+00:00,,Öğrenci Sayısı : 0
Kırşehir,Mucur,Rıza Dıkmen İlkokulu,544364,İlkokul,https://mucurrizadikmen.meb.k12.tr,,,https://mucurrizadikmen.meb.k12.tr/tema/harita.php,2026-08-31,138,138,bulundu,https://mucurrizadikmen.meb.k12.tr/,2026-10-01T19:01:56.122297+00:00,,Öğrenci Sayısı: 138
Kırşehir,Mucur,Zeynep Tuncay Anaokulu,965292,Anaokulu,https://zeyneptuncayanaokulu.meb.k12.tr,,,https://zeyneptuncayanaokulu.meb.k12.tr/tema/harita.php,2026-08-31,99,99,bulundu,https://zeyneptuncayanaokulu.meb.k12.tr/,2026-10-01T19:01:56.143910+00:00,,Öğrenci Sayısı: 99
Kırşehir,Mucur,Şehit Astsb.Sedat Mert Cumhuriyet İlkokulu,257368,İlkokul,https://mucurcumhuriyet.meb.k12.tr,,,https://mucurcumhuriyet.meb.k12.tr/tema/harita.php,2026-08-31,292,292,bulundu,https://mucurcumhuriyet.meb.k12.tr/,2026-10-01T19:01:56.234947+00:00,,Öğrenci Sayısı 292
Kırşehir,Mucur,Şehit Hüsnü Özel Mesleki ve Teknik Anadolu Lisesi,962790,Mesleki ve Teknik Anadolu Lisesi,https://sehithusnuozelmtal.meb.k12.tr,,,https://sehithusnuozelmtal.meb.k12.tr/tema/harita.php,2026-08-31,180,180,bulundu,https://sehithusnuozelmtal.meb.k12.tr/,2026-10-01T19:01:56.486584+00:00,,Öğrenci Sayısı 180
Kırşehir,Mucur,Şehit Polis Gökhan Ünaldı İlkokulu,775108,İlkokul,https://775108.meb.k12.tr,,,https://775108.meb.k12.tr/tema/harita.php,2026-08-31,0,0,bulundu,https://775108.meb.k12.tr/,2026-10-01T19:01:56.586826+00:00,,Öğrenci Sayısı : 0
Kırşehir,Mucur,Şehit Ramazan Karaca Anadolu Lisesi,972454,Anadolu Lisesi,https://sehitramazankaracaanadolulisesi.meb.k12.tr,,,https://sehitramazankaracaanadolulisesi.meb.k12.tr/tema/harita.php,2026-08-31,180,180,bulundu,https://sehitramazankaracaanadolulisesi.meb.k12.tr/,2026-10-01T19:01:56.634222+00:00,,Öğrenci Sayısı : 180
Kırşehir,Mucur,Şehit Öğr.H.Aydemir Hürriyet Ortaokulu,703568,Ortaokul,https://mucurhurriyet.meb.k12.tr,,,https://mucurhurriyet.meb.k12.tr/tema/harita.php,2026-08-31,488,488,bulundu,https://mucurhurriyet.meb.k12.tr/,2026-10-01T19:01:56.697827+00:00,,Öğrenci Sayısı 488
Kırşehir,Mucur,Şeyh Edebali Mesleki ve Teknik Anadolu Lisesi,964448,Mesleki ve Teknik Anadolu Lisesi,https://mucurseyhedebalimtal.meb.k12.tr,,,https://mucurseyhedebalimtal.meb.k12.tr/tema/harita.php,2026-08-31,196,196,bulundu,https://mucurseyhedebalimtal.meb.k12.tr/,2026-10-01T19:01:56.773030+00:00,,Öğrenci Sayısı : 196
Kırşehir,Çiçekdağı,Cumhuriyet İlkokulu,703295,İlkokul,https://cicekdagicumhuriyetilkokulu.meb.k12.tr,,,https://cicekdagicumhuriyetilkokulu.meb.k12.tr/tema/harita.php,2026-08-31,71,71,bulundu,https://cicekdagicumhuriyetilkokulu.meb.k12.tr/,2026-10-01T19:01:56.858228+00:00,,Öğrenci Sayısı 71
Kırşehir,Çiçekdağı,Köseli İlkokulu,703296,İlkokul,https://koseliilkokulu40.meb.k12.tr,,,https://koseliilkokulu40.meb.k12.tr/tema/harita.php,2026-08-31,102,102,bulundu,https://koseliilkokulu40.meb.k12.tr/,2026-10-01T19:01:57.118983+00:00,,Öğrenci Sayısı : 102
Kırşehir,Çiçekdağı,Köseli İmam Hatip Ortaokulu,759790,İmam Hatip Ortaokulu,https://koseliimamhatiportaokulu.meb.k12.tr,,,https://koseliimamhatiportaokulu.meb.k12.tr/tema/harita.php,2026-08-31,67,67,bulundu,https://koseliimamhatiportaokulu.meb.k12.tr/,2026-10-01T19:01:57.145904+00:00,,Öğrenci Sayısı 67
Kırşehir,Çiçekdağı,Merkez Anaokulu,974265,Anaokulu,https://cicekdagianaokulu.meb.k12.tr,,,https://cicekdagianaokulu.meb.k12.tr/tema/harita.php,2026-08-31,70,70,bulundu,https://cicekdagianaokulu.meb.k12.tr/tema/okulumuz_hakkinda.php,2026-10-01T19:01:57.166881+00:00,,Öğrenci : 70
Kırşehir,Çiçekdağı,Çiçekdağı Anadolu İmam Hatip Lisesi,761404,Anadolu İmam Hatip Lisesi,https://cicekdagianadoluihl.meb.k12.tr,,,https://cicekdagianadoluihl.meb.k12.tr/tema/harita.php,2026-08-31,38,38,bulundu,https://cicekdagianadoluihl.meb.k12.tr/,2026-10-01T19:01:57.174241+00:00,,Öğrenci Sayısı : 38
Kırşehir,Çiçekdağı,Çiçekdağı Borsa İstanbul Atatürk İlkokulu,703325,İlkokul,https://cicekdagiataturk.meb.k12.tr,,,https://cicekdagiataturk.meb.k12.tr/tema/harita.php,2026-08-31,121,121,bulundu,https://cicekdagiataturk.meb.k12.tr/,2026-10-01T19:01:57.273383+00:00,,Öğrenci Sayısı : 121
Kırşehir,Çiçekdağı,Çiçekdağı Halk Eğitimi Merkezi,172956,Halk Eğitimi Merkezi,https://cicekdagihem.meb.k12.tr,,,https://cicekdagihem.meb.k12.tr/tema/harita.php,2026-08-31,,,bulunamadi,,2026-10-01T19:01:57.527457+00:00,,
Kırşehir,Çiçekdağı,Çiçekdağı Mesleki ve Teknik Anadolu Lisesi,905277,Mesleki ve Teknik Anadolu Lisesi,https://cicekdagimtal.meb.k12.tr,,,https://cicekdagimtal.meb.k12.tr/tema/harita.php,2026-08-31,88,88,bulundu,https://cicekdagimtal.meb.k12.tr/,2026-10-01T19:01:57.628363+00:00,,Öğrenci Sayısı : 88
Kırşehir,Çiçekdağı,Çiçekdağı Ortaokulu,768378,Ortaokul,https://cicekdagiortaokulu.meb.k12.tr,,,https://cicekdagiortaokulu.meb.k12.tr/tema/harita.php,2026-08-31,52,52,bulundu,https://cicekdagiortaokulu.meb.k12.tr/,2026-10-01T19:01:57.632047+00:00,,Öğrenci Sayısı 52
Kırşehir,Çiçekdağı,Çiçekdağı Şehit Serkan Göker İmam Hatip Ortaokulu,708504,İmam Hatip Ortaokulu,https://serkangokeriho.meb.k12.tr,,,https://serkangokeriho.meb.k12.tr/tema/harita.php,2026-08-31,53,53,bulundu,https://serkangokeriho.meb.k12.tr/,2026-10-01T19:01:57.634374+00:00,,Öğrenci Sayısı 53
Kırşehir,Çiçekdağı,Çiçekdağı Şehit Yücel YILMAZ Öğretmenevi ve Akşam Sanat Okulu Müdürlüğü,766483,Öğretmenevi,https://cicekdagiogretmenevi.meb.k12.tr,,,https://cicekdagiogretmenevi.meb.k12.tr/tema/harita.php,2026-08-31,,,bulunamadi,,2026-10-01T19:01:57.663895+00:00,,
Kırşehir,Çiçekdağı,Öğretmen Turgut Yılmaz İlkokulu,703351,İlkokul,https://ogretmenturgutyilmazilkokulu.meb.k12.tr,,,https://ogretmenturgutyilmazilkokulu.meb.k12.tr/tema/harita.php,2026-08-31,96,96,bulundu,https://ogretmenturgutyilmazilkokulu.meb.k12.tr/,2026-10-01T19:01:57.675530+00:00,,Öğrenci Sayısı : 96
Kırşehir,Çiçekdağı,Şehit Ahmet Taş Anadolu Lisesi,964131,Anadolu Lisesi,https://sehitahmettasanadolulisesi.meb.k12.tr,,,https://sehitahmettasanadolulisesi.meb.k12.tr/tema/harita.php,2026-08-31,110,110,bulundu,https://sehitahmettasanadolulisesi.meb.k12.tr/,2026-10-01T19:01:57.680497+00:00,,Öğrenci Sayısı 110
Kırşehir,Çiçekdağı,Şehit Öğretmen Bayram Tekin Ortaokulu,758961,Ortaokul,https://sehitogretmenbayramtekin.meb.k12.tr,,,https://sehitogretmenbayramtekin.meb.k12.tr/tema/harita.php,2026-08-31,149,149,bulundu,https://sehitogretmenbayramtekin.meb.k12.tr/,2026-10-01T19:01:57.688133+00:00,,Öğrenci Sayısı 149
Malatya,Akçadağ,Akmercan Ortaokulu,744333,Ortaokul,https://akcadagakmercanoo.meb.k12.tr,,,https://akcadagakmercanoo.meb.k12.tr/tema/harita.php,2026-08-31,,,bulunamadi,,2026-10-01T19:01:57.845900+00:00,,
Malatya,Akçadağ,Aksaray Şehitakgün İlkokulu,599132,İlkokul,https://aksaraysehitakgun.meb.k12.tr,,,https://aksaraysehitakgun.meb.k12.tr/tema/harita.php,2026-08-31,26,26,bulundu,https://aksaraysehitakgun.meb.k12.tr/,2026-10-01T19:01:57.848738+00:00,,Öğrenci Sayısı 26
Malatya,Akçadağ,Akçadağ Anadolu Lisesi,180794,Anadolu Lisesi,https://akcadaganadolulisesi.meb.k12.tr,,,https://akcadaganadolulisesi.meb.k12.tr/tema/harita.php,2026-08-31,170,170,bulundu,https://akcadaganadolulisesi.meb.k12.tr/,2026-10-01T19:01:57.984109+00:00,,Öğrenci Sayısı : 170
Malatya,Akçadağ,Akçadağ Anadolu İmam Hatip Lisesi,180853,Anadolu İmam Hatip Lisesi,https://akcadagihl.meb.k12.tr,,,https://akcadagihl.meb.k12.tr/tema/harita.php,2026-08-31,18,18,bulundu,https://akcadagihl.meb.k12.tr/,2026-10-01T19:01:58.216373+00:00,,Öğrenci Sayısı : 18
Malatya,Akçadağ,Akçadağ Anaokulu,970583,Anaokulu,https://akcadaganaokulu.meb.k12.tr,,,https://akcadaganaokulu.meb.k12.tr/tema/harita.php,2026-08-31,51,51,bulundu,https://akcadaganaokulu.meb.k12.tr/,2026-10-01T19:01:58.246255+00:00,,Öğrenci Sayısı: 51
Malatya,Akçadağ,Akçadağ Fatih Fen Lisesi,758232,Fen Lisesi,https://akcadagfatihfen.meb.k12.tr,,,https://akcadagfatihfen.meb.k12.tr/tema/harita.php,2026-08-31,,,bulunamadi,,2026-10-01T19:01:58.336782+00:00,,
Malatya,Akçadağ,Akçadağ Halk Eğitimi Merkezi,180865,Halk Eğitimi Merkezi,https://akcadaghem.meb.k12.tr,,,https://akcadaghem.meb.k12.tr/tema/harita.php,2026-08-31,,,bulunamadi,,2026-10-01T19:01:58.386061+00:00,,
Malatya,Akçadağ,Akçadağ Ziya Gökalp Mesleki ve Teknik Anadolu Lisesi,760191,Mesleki ve Teknik Anadolu Lisesi,https://akmestal.meb.k12.tr,,,https://akmestal.meb.k12.tr/tema/harita.php,2026-08-31,,,bulunamadi,,2026-10-01T19:01:58.414589+00:00,,
Malatya,Akçadağ,Akçadağ İmam Hatip Ortaokulu,692777,İmam Hatip Ortaokulu,https://akcadagimamhatipoo.meb.k12.tr,,,https://akcadagimamhatipoo.meb.k12.tr/tema/harita.php,2026-08-31,32,32,bulundu,https://akcadagimamhatipoo.meb.k12.tr/,2026-10-01T19:01:58.420582+00:00,,Öğrenci Sayısı 32
Malatya,Akçadağ,Bahri Çok Programlı Anadolu Lisesi,180782,Çok Programlı Anadolu Lisesi,https://bahricpal.meb.k12.tr,,,https://bahricpal.meb.k12.tr/tema/harita.php,2026-08-31,53,53,bulundu,https://bahricpal.meb.k12.tr/,2026-10-01T19:01:58.614261+00:00,,Öğrenci Sayısı : 53
Malatya,Akçadağ,Başpınar Şehit Hava Üsteğmen Semih Desticioğlu İlkokulu,599957,İlkokul,https://akcadagbaspinario.meb.k12.tr,,,https://akcadagbaspinario.meb.k12.tr/tema/harita.php,2026-08-31,64,64,bulundu,https://akcadagbaspinario.meb.k12.tr/tema/okulumuz_hakkinda.php,2026-10-01T19:01:58.620329+00:00,,Öğrenci : 64
Malatya,Akçadağ,Cumhuriyet İlkokulu,708920,İlkokul,https://akcadagcumhuriyet.meb.k12.tr,,,https://akcadagcumhuriyet.meb.k12.tr/tema/harita.php,2026-08-31,200,200,bulundu,https://akcadagcumhuriyet.meb.k12.tr/,2026-10-01T19:01:58.650995+00:00,,Öğrenci Sayısı 200
Malatya,Akçadağ,Esenbey Ortaokulu,360836,Ortaokul,https://esenbeyoo.meb.k12.tr,,,https://esenbeyoo.meb.k12.tr/tema/harita.php,2026-08-31,46,46,bulundu,https://esenbeyoo.meb.k12.tr/,2026-10-01T19:01:58.771896+00:00,,Öğrenci Sayısı 46
Malatya,Akçadağ,Esenbey Çok Programlı Anadolu Lisesi,751375,Çok Programlı Anadolu Lisesi,https://esenbeycpl.meb.k12.tr,,,https://esenbeycpl.meb.k12.tr/tema/harita.php,2026-08-31,59,59,bulundu,https://esenbeycpl.meb.k12.tr/,2026-10-01T19:01:58.885114+00:00,,Öğrenci Sayısı 59
Malatya,Akçadağ,Esenbey İlkokulu,600330,İlkokul,https://esenbeyio.meb.k12.tr,,,https://esenbeyio.meb.k12.tr/tema/harita.php,2026-08-31,79,79,bulundu,https://esenbeyio.meb.k12.tr/,2026-10-01T19:01:58.921680+00:00,,Öğrenci Sayısı 79
Malatya,Akçadağ,Güzyurdu Vestel Erdi Canbay Ortaokulu,775487,Ortaokul,https://775487.meb.k12.tr,,,https://775487.meb.k12.tr/tema/harita.php,2026-08-31,64,64,bulundu,https://775487.meb.k12.tr/tema/okulumuz_hakkinda.php,2026-10-01T19:01:58.971225+00:00,,Öğrenci : 64
Malatya,Akçadağ,Güzyurdu Vestel Erdi Canbay İlkokulu,708989,İlkokul,https://guzyurduilkokulu.meb.k12.tr,,,https://guzyurduilkokulu.meb.k12.tr/tema/harita.php,2026-08-31,74,74,bulundu,https://guzyurduilkokulu.meb.k12.tr/,2026-10-01T19:01:58.977387+00:00,,Öğrenci Sayısı 74
Malatya,Akçadağ,Kepez Çok Programlı Anadolu Lisesi,751382,Çok Programlı Anadolu Lisesi,https://akcadagkepezcpal.meb.k12.tr,,,https://akcadagkepezcpal.meb.k12.tr/tema/harita.php,2026-08-31,33,33,bulundu,https://akcadagkepezcpal.meb.k12.tr/,2026-10-01T19:01:59.029871+00:00,,Öğrenci Sayısı : 33
Malatya,Akçadağ,Kozluca Ahmet Yesevi Çok Programlı Anadolu Lisesi,765202,Çok Programlı Anadolu Lisesi,https://765202.meb.k12.tr,,,https://765202.meb.k12.tr/tema/harita.php,2026-08-31,42,42,bulundu,https://765202.meb.k12.tr/,2026-10-01T19:01:59.426861+00:00,,Öğrenci Sayısı : 42
Malatya,Akçadağ,Kozluca Büyük Mahalle Ortaokulu,719715,Ortaokul,https://buyukmahalleortaokulu.meb.k12.tr,,,https://buyukmahalleortaokulu.meb.k12.tr/tema/harita.php,2026-08-31,50,50,bulundu,https://buyukmahalleortaokulu.meb.k12.tr/,2026-10-01T19:01:59.440743+00:00,,Öğrenci Sayısı: 50
Malatya,Akçadağ,Kozluca Büyük Mahalle İlkokulu,719709,İlkokul,https://buyukmahalleilkokulu.meb.k12.tr,,,https://buyukmahalleilkokulu.meb.k12.tr/tema/harita.php,2026-08-31,45,45,bulundu,https://buyukmahalleilkokulu.meb.k12.tr/,2026-10-01T19:01:59.509919+00:00,,Öğrenci Sayısı : 45
Malatya,Akçadağ,Levent Ortaokulu,714251,Ortaokul,https://akcadagleventoo.meb.k12.tr,,,https://akcadagleventoo.meb.k12.tr/tema/harita.php,2026-08-31,49,49,bulundu,https://akcadagleventoo.meb.k12.tr/,2026-10-01T19:01:59.539922+00:00,,Öğrenci Sayısı 49
Malatya,Akçadağ,Levent İlkokulu,360824,İlkokul,https://akcadagleventio.meb.k12.tr,,,https://akcadagleventio.meb.k12.tr/tema/harita.php,2026-08-31,,,bulunamadi,,2026-10-01T19:01:59.669516+00:00,,
Malatya,Akçadağ,Mehmet Akif Ersoy İlkokulu,709166,İlkokul,https://makifersoyilkokulu.meb.k12.tr,,,https://makifersoyilkokulu.meb.k12.tr/tema/harita.php,2026-08-31,149,149,bulundu,https://makifersoyilkokulu.meb.k12.tr/,2026-10-01T19:01:59.672587+00:00,,Öğrenci Sayısı : 149
Malatya,Akçadağ,Mehmet Çelik Ortaokulu,719698,Ortaokul,https://mehmetcelikoo.meb.k12.tr,,,https://mehmetcelikoo.meb.k12.tr/tema/harita.php,2026-08-31,35,35,bulundu,https://mehmetcelikoo.meb.k12.tr/tema/okulumuz_hakkinda.php,2026-10-01T19:01:59.747546+00:00,,Öğrenci : 35
Malatya,Akçadağ,Mehmet Çelik İlkokulu,719691,İlkokul,https://mehmetcelikio.meb.k12.tr,,,https://mehmetcelikio.meb.k12.tr/tema/harita.php,2026-08-31,52,52,bulundu,https://mehmetcelikio.meb.k12.tr/,2026-10-01T19:01:59.790187+00:00,,Öğrenci Sayısı : 52
Malatya,Akçadağ,Yağmurlu Ortaokulu,714249,Ortaokul,https://yagmurluoo.meb.k12.tr,,,https://yagmurluoo.meb.k12.tr/tema/harita.php,2026-08-31,,,bulunamadi,,2026-10-01T19:01:59.835466+00:00,,
Malatya,Akçadağ,Yağmurlu İlkokulu,692550,İlkokul,https://yagmurluio.meb.k12.tr,,,https://yagmurluio.meb.k12.tr/tema/harita.php,2026-08-31,86,86,bulundu,https://yagmurluio.meb.k12.tr/,2026-10-01T19:02:00.204664+00:00,,Öğrenci Sayısı : 86
Malatya,Akçadağ,Ören Çok Programlı Anadolu Lisesi,765336,Çok Programlı Anadolu Lisesi,https://akcadagorencpl.meb.k12.tr,,,https://akcadagorencpl.meb.k12.tr/tema/harita.php,2026-08-31,56,56,bulundu,https://akcadagorencpl.meb.k12.tr/,2026-10-01T19:02:00.242065+00:00,,Öğrenci Sayısı : 56
Malatya,Akçadağ,ŞEHİT HAVA PİLOT YÜZBAŞI FATİH FAZIL TAŞKIN ORTAOKULU,719657,Ortaokul,https://fatihfaziltaskinoo.meb.k12.tr,,,https://fatihfaziltaskinoo.meb.k12.tr/tema/harita.php,2026-08-31,94,94,bulundu,https://fatihfaziltaskinoo.meb.k12.tr/,2026-10-01T19:02:00.248308+00:00,,Öğrenci Sayısı 94
Malatya,Akçadağ,ŞEHİT HAVA PİLOT YÜZBAŞI FATİH FAZIL TAŞKIN İLKOKULU,719650,İlkokul,https://fatihfaziltaskinio.meb.k12.tr,,,https://fatihfaziltaskinio.meb.k12.tr/tema/harita.php,2026-08-31,109,109,bulundu,https://fatihfaziltaskinio.meb.k12.tr/,2026-10-01T19:02:00.278242+00:00,,Öğrenci Sayısı : 109
Malatya,Akçadağ,Şehit Alper Güde Mesleki ve Teknik Anadolu Lisesi,180828,Mesleki ve Teknik Anadolu Lisesi,https://sehitalpergudemtal.meb.k12.tr,,,https://sehitalpergudemtal.meb.k12.tr/tema/harita.php,2026-08-31,,,bulunamadi,,2026-10-01T19:02:00.350029+00:00,,
Malatya,Akçadağ,Şehit Hava Pilot Yüzbaşı Ali Rıza Sadak Ortaokulu,719672,Ortaokul,https://alirizasadakortaokulu.meb.k12.tr,,,https://alirizasadakortaokulu.meb.k12.tr/tema/harita.php,2026-08-31,,,bulunamadi,,2026-10-01T19:02:00.366780+00:00,,
Malatya,Akçadağ,Şehit Hava Pilot Yüzbaşı Ali Rıza Sadak İlkokulu,719666,İlkokul,https://alirizasadakilkokulu.meb.k12.tr,,,https://alirizasadakilkokulu.meb.k12.tr/tema/harita.php,2026-08-31,84,84,bulundu,https://alirizasadakilkokulu.meb.k12.tr/,2026-10-01T19:02:00.506807+00:00,,Öğrenci Sayısı : 84
Malatya,Akçadağ,Şehit Yarbay Songül Yakut Ortaokulu,719686,Ortaokul,https://songulyakutortaokulu.meb.k12.tr,,,https://songulyakutortaokulu.meb.k12.tr/tema/harita.php,2026-08-31,87,87,bulundu,https://songulyakutortaokulu.meb.k12.tr/,2026-10-01T19:02:00.563923+00:00,,Öğrenci Sayısı : 87
Malatya,Akçadağ,Şehit Yarbay Songül Yakut İlkokulu,719677,İlkokul,https://songulyakutilkokulu.meb.k12.tr,,,https://songulyakutilkokulu.meb.k12.tr/tema/harita.php,2026-08-31,97,97,bulundu,https://songulyakutilkokulu.meb.k12.tr/,2026-10-01T19:02:00.673208+00:00,,Öğrenci Sayısı : 97
Malatya,Akçadağ,Şeyhler Aliseydi Güldaş Ortaokulu,719642,Ortaokul,https://aliseydiguldasortaokulu.meb.k12.tr,,,https://aliseydiguldasortaokulu.meb.k12.tr/tema/harita.php,2026-08-31,66,66,bulundu,https://aliseydiguldasortaokulu.meb.k12.tr/,2026-10-01T19:02:00.681260+00:00,,Öğrenci Sayısı : 66
Malatya,Akçadağ,Şeyhler Aliseydi Güldaş İlkokulu,719633,İlkokul,https://aliseydiguldasilkokulu.meb.k12.tr,,,https://aliseydiguldasilkokulu.meb.k12.tr/tema/harita.php,2026-08-31,59,59,bulundu,https://aliseydiguldasilkokulu.meb.k12.tr/,2026-10-01T19:02:00.963405+00:00,,Öğrenci Sayısı : 59
Malatya,Arapgir,Ahmet Zeyneloğlu Ortaokulu,719548,Ortaokul,https://azeynelogluoo.meb.k12.tr,,,https://azeynelogluoo.meb.k12.tr/tema/harita.php,2026-08-31,93,93,bulundu,https://azeynelogluoo.meb.k12.tr/,2026-10-01T19:02:01.133473+00:00,,Öğrenci Sayısı 93
Malatya,Arapgir,Ahmet Zeyneloğlu İlkokulu,332215,İlkokul,https://azeynelogluio.meb.k12.tr,,,https://azeynelogluio.meb.k12.tr/tema/harita.php,2026-08-31,142,142,bulundu,https://azeynelogluio.meb.k12.tr/,2026-10-01T19:02:01.153759+00:00,,Öğrenci Sayısı 142
Malatya,Arapgir,Arapgir Anaokulu,966804,Anaokulu,https://arapgiranaokulu.meb.k12.tr,,,https://arapgiranaokulu.meb.k12.tr/tema/harita.php,2026-08-31,51,51,bulundu,https://arapgiranaokulu.meb.k12.tr/,2026-10-01T19:02:01.176591+00:00,,Öğrenci Sayısı: 51
Malatya,Arapgir,Arapgir Halk Eğitimi Merkezi,180961,Halk Eğitimi Merkezi,https://arapgirhem.meb.k12.tr,,,https://arapgirhem.meb.k12.tr/tema/harita.php,2026-08-31,,,bulunamadi,,2026-10-01T19:02:01.235258+00:00,,
Malatya,Arapgir,Arapgir Şehit Hüsnü BİLGİÇ Öğretmenevi ve Akşam Sanat Okulu Müdürlüğü,761059,Öğretmenevi,https://arapgirogretmenevi.meb.k12.tr,,,https://arapgirogretmenevi.meb.k12.tr/tema/harita.php,2026-08-31,,,bulunamadi,,2026-10-01T19:02:01.275031+00:00,,
Malatya,Arapgir,Esikli İlkokulu,771045,İlkokul,https://771045.meb.k12.tr,,,https://771045.meb.k12.tr/tema/harita.php,2026-08-31,5,5,bulundu,https://771045.meb.k12.tr/,2026-10-01T19:02:01.336460+00:00,,Öğrenci Sayısı: 5
Malatya,Arapgir,Fatma Fikriye Kutlay Anadolu İmam Hatip Lisesi,763114,Anadolu İmam Hatip Lisesi,https://fatmafikriyekutlayaihl.meb.k12.tr,,,https://fatmafikriyekutlayaihl.meb.k12.tr/tema/harita.php,2026-08-31,145,145,bulundu,https://fatmafikriyekutlayaihl.meb.k12.tr/,2026-10-01T19:02:01.367585+00:00,,Öğrenci Sayısı 145
Malatya,Arapgir,H.Sadık Polat Ortaokulu,717179,Ortaokul,https://hspolat.meb.k12.tr,,,https://hspolat.meb.k12.tr/tema/harita.php,2026-08-31,148,148,bulundu,https://hspolat.meb.k12.tr/,2026-10-01T19:02:01.438229+00:00,,Öğrenci Sayısı 148
Malatya,Arapgir,Hami Aydınlar Çok Programlı Anadolu Lisesi,869304,Çok Programlı Anadolu Lisesi,https://hamiaydinlarcpal.meb.k12.tr,,,https://hamiaydinlarcpal.meb.k12.tr/tema/harita.php,2026-08-31,221,221,bulundu,https://hamiaydinlarcpal.meb.k12.tr/tema/okulumuz_hakkinda.php,2026-10-01T19:02:01.585464+00:00,,Öğrenci : 221
Malatya,Arapgir,Kerem Aydınlar Fen Lisesi,970802,Fen Lisesi,https://keremaydinlarfenlisesi.meb.k12.tr,,,https://keremaydinlarfenlisesi.meb.k12.tr/tema/harita.php,2026-08-31,332,332,bulundu,https://keremaydinlarfenlisesi.meb.k12.tr/,2026-10-01T19:02:01.639998+00:00,,Öğrenci Sayısı : 332
Malatya,Arapgir,Konducak İlkokulu,768005,İlkokul,https://768005.meb.k12.tr,,,https://768005.meb.k12.tr/tema/harita.php,2026-08-31,10,10,bulundu,https://768005.meb.k12.tr/,2026-10-01T19:02:01.739886+00:00,,Öğrenci Sayısı : 10
Malatya,Arapgir,Koru İlkokulu,976443,İlkokul,https://arapgirkoruilkokulu.meb.k12.tr,,,https://arapgirkoruilkokulu.meb.k12.tr/tema/harita.php,2026-08-31,22,22,bulundu,https://arapgirkoruilkokulu.meb.k12.tr/,2026-10-01T19:02:01.814118+00:00,,Öğrenci Sayısı: 22
Malatya,Arapgir,Mehmet Akif İlkokulu,750874,İlkokul,https://arapgirmehmetakifio.meb.k12.tr,,,https://arapgirmehmetakifio.meb.k12.tr/tema/harita.php,2026-08-31,219,219,bulundu,https://arapgirmehmetakifio.meb.k12.tr/,2026-10-01T19:02:01.847362+00:00,,Öğrenci Sayısı 219
Malatya,Arguvan,Arguvan Halk Eğitimi Merkezi,181070,Halk Eğitimi Merkezi,https://arguvanhem.meb.k12.tr,,,https://arguvanhem.meb.k12.tr/tema/harita.php,2026-08-31,,,bulunamadi,,2026-10-01T19:02:01.912969+00:00,,
Malatya,Arguvan,Arguvan İmam Hatip Ortaokulu,748996,İmam Hatip Ortaokulu,https://arguvanimamhatip.meb.k12.tr,,,https://arguvanimamhatip.meb.k12.tr/tema/harita.php,2026-08-31,61,61,bulundu,https://arguvanimamhatip.meb.k12.tr/,2026-10-01T19:02:01.930857+00:00,,Öğrenci Sayısı : 61
Malatya,Arguvan,Arguvan Şehit Tuncay Göksu Çok Programlı Anadolu Lisesi,354473,Çok Programlı Anadolu Lisesi,https://arguvancpl.meb.k12.tr,,,https://arguvancpl.meb.k12.tr/tema/harita.php,2026-08-31,129,129,bulundu,https://arguvancpl.meb.k12.tr/tema/okulumuz_hakkinda.php,2026-10-01T19:02:02.143552+00:00,,Öğrenci : 129
Malatya,Arguvan,Atatürk İlkokulu,714672,İlkokul,https://arguvanataturkilkokulu.meb.k12.tr,,,https://arguvanataturkilkokulu.meb.k12.tr/tema/harita.php,2026-08-31,139,139,bulundu,https://arguvanataturkilkokulu.meb.k12.tr/,2026-10-01T19:02:02.180828+00:00,,Öğrenci Sayısı : 139
Malatya,Arguvan,Atmalılar Ortaokulu,970875,Ortaokul,https://atmalilarortaokulu.meb.k12.tr,,,https://atmalilarortaokulu.meb.k12.tr/tema/harita.php,2026-08-31,30,30,bulundu,https://atmalilarortaokulu.meb.k12.tr/,2026-10-01T19:02:02.221305+00:00,,Öğrenci Sayısı 30
Malatya,Arguvan,Atmalılar İlkokulu,719594,İlkokul,https://atmalilarilkokulu.meb.k12.tr,,,https://atmalilarilkokulu.meb.k12.tr/tema/harita.php,2026-08-31,15,15,bulundu,https://atmalilarilkokulu.meb.k12.tr/,2026-10-01T19:02:02.382407+00:00,,Öğrenci Sayısı : 15
Malatya,Arguvan,PARÇİKAN İLKOKULU,771032,İlkokul,https://771032.meb.k12.tr,,,https://771032.meb.k12.tr/tema/harita.php,2026-08-31,25,25,bulundu,https://771032.meb.k12.tr/,2026-10-01T19:02:02.391322+00:00,,Öğrenci Sayısı 25
Malatya,Arguvan,Yazıbaşı Ortaokulu,720614,Ortaokul,https://yazibasiortaokulu44.meb.k12.tr,,,https://yazibasiortaokulu44.meb.k12.tr/tema/harita.php,2026-08-31,35,35,bulundu,https://yazibasiortaokulu44.meb.k12.tr/tema/okulumuz_hakkinda.php,2026-10-01T19:02:02.413864+00:00,,Öğrenci : 35
Malatya,Arguvan,Yazıbaşı İlkokulu,693663,İlkokul,https://yazibasiilkokulu44.meb.k12.tr,,,https://yazibasiilkokulu44.meb.k12.tr/tema/harita.php,2026-08-31,41,41,bulundu,https://yazibasiilkokulu44.meb.k12.tr/,2026-10-01T19:02:02.843419+00:00,,Öğrenci Sayısı 41
Malatya,Arguvan,Şehit Birol Akın Cumhuriyet Ortaokulu,717196,Ortaokul,https://arguvancumhuriyet.meb.k12.tr,,,https://arguvancumhuriyet.meb.k12.tr/tema/harita.php,2026-08-31,90,90,bulundu,https://arguvancumhuriyet.meb.k12.tr/,2026-10-01T19:02:02.918769+00:00,,Öğrenci Sayısı : 90
Malatya,Battalgazi,100. Yıl İmam Hatip Ortaokulu,718100,İmam Hatip Ortaokulu,https://100yiho.meb.k12.tr,,,https://100yiho.meb.k12.tr/tema/harita.php,2026-08-31,78,78,bulundu,https://100yiho.meb.k12.tr/,2026-10-01T19:02:03.101504+00:00,,Öğrenci Sayısı 78
Malatya,Battalgazi,15 Temmuz Şehitleri Anadolu İmam Hatip Lisesi,762344,Anadolu İmam Hatip Lisesi,https://malatya15temmuzsehitleriaihl.meb.k12.tr,,,https://malatya15temmuzsehitleriaihl.meb.k12.tr/tema/harita.php,2026-08-31,367,367,bulundu,https://malatya15temmuzsehitleriaihl.meb.k12.tr/,2026-10-01T19:02:03.268526+00:00,,Öğrenci Sayısı : 367
Malatya,Battalgazi,20 Mayıs Vakfı Turgut Özal Anadolu Lisesi,765039,Anadolu Lisesi,https://20mayisvakfiozallisesi.meb.k12.tr,,,https://20mayisvakfiozallisesi.meb.k12.tr/tema/harita.php,2026-08-31,585,585,bulundu,https://20mayisvakfiozallisesi.meb.k12.tr/,2026-10-01T19:02:03.476624+00:00,,Öğrenci Sayısı : 585
Malatya,Battalgazi,30 Ağustos İlkokulu,755707,İlkokul,https://30agustosiomalatya.meb.k12.tr,,,https://30agustosiomalatya.meb.k12.tr/tema/harita.php,2026-08-31,209,209,bulundu,https://30agustosiomalatya.meb.k12.tr/,2026-10-01T19:02:03.520986+00:00,,Öğrenci Sayısı 209
Malatya,Battalgazi,75.Yıl Cumhuriyet Anaokulu,819540,Anaokulu,https://75yilcumhuriyetanaok.meb.k12.tr,,,https://75yilcumhuriyetanaok.meb.k12.tr/tema/harita.php,2026-08-31,97,97,bulundu,https://75yilcumhuriyetanaok.meb.k12.tr/,2026-10-01T19:02:03.533273+00:00,,Öğrenci Sayısı: 97
Malatya,Battalgazi,91.000 Dev Öğrenci Ortaokulu,706437,Ortaokul,https://91000devogrencioo.meb.k12.tr,,,https://91000devogrencioo.meb.k12.tr/tema/harita.php,2026-08-31,603,603,bulundu,https://91000devogrencioo.meb.k12.tr/,2026-10-01T19:02:03.817718+00:00,,Öğrenci Sayısı 603
Malatya,Battalgazi,Adnan Başdemir Ortaokulu,722630,Ortaokul,https://adnanbasdemirortaokulu.meb.k12.tr,,,https://adnanbasdemirortaokulu.meb.k12.tr/tema/harita.php,2026-08-31,274,274,bulundu,https://adnanbasdemirortaokulu.meb.k12.tr/,2026-10-01T19:02:03.830203+00:00,,Öğrenci Sayısı : 274
Malatya,Battalgazi,Akşemseddin İşitme Engelliler Ortaokulu,180471,Ortaokul,https://aksemseddinisitmeengellilerioo.meb.k12.tr,,,https://aksemseddinisitmeengellilerioo.meb.k12.tr/tema/harita.php,2026-08-31,41,41,bulundu,https://aksemseddinisitmeengellilerioo.meb.k12.tr/,2026-10-01T19:02:03.930800+00:00,,Öğrenci Sayısı 41
Malatya,Battalgazi,Akşemseddin İşitme Engelliler İlkokulu,756528,İlkokul,https://aksemseddinisitmeengelliler.meb.k12.tr,,,https://aksemseddinisitmeengelliler.meb.k12.tr/tema/harita.php,2026-08-31,38,38,bulundu,https://aksemseddinisitmeengelliler.meb.k12.tr/,2026-10-01T19:02:03.959320+00:00,,Öğrenci Sayısı 38
Malatya,Battalgazi,Aslantepe Turizm Mesleki ve Teknik Anadolu Lisesi,377974,Mesleki ve Teknik Anadolu Lisesi,https://aslantepe.meb.k12.tr,,,https://aslantepe.meb.k12.tr/tema/harita.php,2026-08-31,213,213,bulundu,https://aslantepe.meb.k12.tr/,2026-10-01T19:02:04.026983+00:00,,Öğrenci Sayısı : 213
Malatya,Battalgazi,Atatürk Kız Anadolu Lisesi,180267,Anadolu Lisesi,https://ataturkkizanadolulisesi.meb.k12.tr,,,https://ataturkkizanadolulisesi.meb.k12.tr/tema/harita.php,2026-08-31,408,408,bulundu,https://ataturkkizanadolulisesi.meb.k12.tr/,2026-10-01T19:02:04.088983+00:00,,Öğrenci Sayısı 408
Malatya,Battalgazi,Atatürk Ortaokulu,704691,Ortaokul,https://malatyaataturk.meb.k12.tr,,,https://malatyaataturk.meb.k12.tr/tema/harita.php,2026-08-31,925,925,bulundu,https://malatyaataturk.meb.k12.tr/,2026-10-01T19:02:04.095382+00:00,,Öğrenci Sayısı : 925
Malatya,Battalgazi,Atatürk İlkokulu,720493,İlkokul,https://battalgaziataturk.meb.k12.tr,,,https://battalgaziataturk.meb.k12.tr/tema/harita.php,2026-08-31,136,136,bulundu,https://battalgaziataturk.meb.k12.tr/,2026-10-01T19:02:04.152847+00:00,,Öğrenci Sayısı : 136
Malatya,Battalgazi,Av. Dr. Güran Yahyaoğlu Anaokulu,772579,Anaokulu,https://772579.meb.k12.tr,,,https://772579.meb.k12.tr/tema/harita.php,2026-08-31,113,113,bulundu,https://772579.meb.k12.tr/,2026-10-01T19:02:04.172696+00:00,,Öğrenci Sayısı: 113
Malatya,Battalgazi,Ayşe Kazancı Mesleki ve Teknik Anadolu Lisesi,180387,Mesleki ve Teknik Anadolu Lisesi,https://aysekazancimtal.meb.k12.tr,,,https://aysekazancimtal.meb.k12.tr/tema/harita.php,2026-08-31,735,735,bulundu,https://aysekazancimtal.meb.k12.tr/tema/okulumuz_hakkinda.php,2026-10-01T19:02:04.219676+00:00,,Öğrenci : 735
Malatya,Battalgazi,Ayşe İlbak Anaokulu,750146,Anaokulu,https://ayseilbakanaokulu.meb.k12.tr,,,https://ayseilbakanaokulu.meb.k12.tr/tema/harita.php,2026-08-31,71,71,bulundu,https://ayseilbakanaokulu.meb.k12.tr/,2026-10-01T19:02:04.330137+00:00,,Öğrenci Sayısı: 71
Malatya,Battalgazi,Barbaros Ortaokulu,712996,Ortaokul,https://malatyabarbarosoo.meb.k12.tr,,,https://malatyabarbarosoo.meb.k12.tr/tema/harita.php,2026-08-31,138,138,bulundu,https://malatyabarbarosoo.meb.k12.tr/tema/okulumuz_hakkinda.php,2026-10-01T19:02:04.344121+00:00,,Öğrenci : 138
Malatya,Battalgazi,Barbaros İlkokulu,729652,İlkokul,https://malatyabarbarosio.meb.k12.tr,,,https://malatyabarbarosio.meb.k12.tr/tema/harita.php,2026-08-31,143,143,bulundu,https://malatyabarbarosio.meb.k12.tr/tema/okulumuz_hakkinda.php,2026-10-01T19:02:04.657394+00:00,,Öğrenci : 143
Malatya,Battalgazi,Battalgazi Anadolu Lisesi,967539,Anadolu Lisesi,https://battalgazianadolu.meb.k12.tr,,,https://battalgazianadolu.meb.k12.tr/tema/harita.php,2026-08-31,731,731,bulundu,https://battalgazianadolu.meb.k12.tr/tema/okulumuz_hakkinda.php,2026-10-01T19:02:04.763650+00:00,,Öğrenci : 731
Malatya,Battalgazi,Battalgazi Bilim ve Sanat Merkezi,766341,Bilim ve Sanat Merkezi,https://battalgazibilsem.meb.k12.tr,,,https://battalgazibilsem.meb.k12.tr/tema/harita.php,2026-08-31,262,262,bulundu,https://battalgazibilsem.meb.k12.tr/,2026-10-01T19:02:04.792722+00:00,,Öğrenci Sayısı : 262
Malatya,Battalgazi,Battalgazi Farabi Anadolu İmam Hatip Lisesi,269478,Anadolu İmam Hatip Lisesi,https://battalgazifarabiaihl.meb.k12.tr,,,https://battalgazifarabiaihl.meb.k12.tr/tema/harita.php,2026-08-31,132,132,bulundu,https://battalgazifarabiaihl.meb.k12.tr/tema/okulumuz_hakkinda.php,2026-10-01T19:02:04.800277+00:00,,Öğrenci : 132
Malatya,Battalgazi,Battalgazi Görme Engelliler Ortaokulu,766919,Ortaokul,https://battalgazigormeorta.meb.k12.tr,,,https://battalgazigormeorta.meb.k12.tr/tema/harita.php,2026-08-31,12,12,bulundu,https://battalgazigormeorta.meb.k12.tr/,2026-10-01T19:02:04.835765+00:00,,Öğrenci Sayısı : 12
Malatya,Battalgazi,Battalgazi Görme Engelliler İlkokulu,766902,İlkokul,https://battalgazigormeilk.meb.k12.tr,,,https://battalgazigormeilk.meb.k12.tr/tema/harita.php,2026-08-31,7,7,bulundu,https://battalgazigormeilk.meb.k12.tr/tema/okulumuz_hakkinda.php,2026-10-01T19:02:04.860640+00:00,,Öğrenci : 7
Malatya,Battalgazi,Battalgazi Ortaokulu,747288,Ortaokul,https://battalgaziortaokulu.meb.k12.tr,,,https://battalgaziortaokulu.meb.k12.tr/tema/harita.php,2026-08-31,115,115,bulundu,https://battalgaziortaokulu.meb.k12.tr/,2026-10-01T19:02:04.891146+00:00,,Öğrenci Sayısı : 115
Malatya,Battalgazi,Battalgazi Rehberlik ve Araştırma Merkezi,763698,Rehberlik ve Araştırma Merkezi,https://battalgaziram.meb.k12.tr,,,https://battalgaziram.meb.k12.tr/tema/harita.php,2026-08-31,,,bulunamadi,,2026-10-01T19:02:04.969792+00:00,,
Malatya,Battalgazi,Battalgazi Özel Eğitim Anaokulu,774706,Anaokulu,https://774706.meb.k12.tr,,,https://774706.meb.k12.tr/tema/harita.php,2026-08-31,9,9,bulundu,https://774706.meb.k12.tr/,2026-10-01T19:02:04.978968+00:00,,Öğrenci Sayısı : 9
Malatya,Battalgazi,Battalgazi Özel Eğitim Uygulama Okulu I. Kademe,766920,Özel Eğitim Kurumu,https://battalgazioeu1.meb.k12.tr,,,https://battalgazioeu1.meb.k12.tr/tema/harita.php,2026-08-31,36,36,bulundu,https://battalgazioeu1.meb.k12.tr/,2026-10-01T19:02:05.057499+00:00,,Öğrenci Sayısı : 36
Malatya,Battalgazi,Battalgazi Özel Eğitim Uygulama Okulu II. Kademe,766922,Özel Eğitim Kurumu,https://battalgazioeu2.meb.k12.tr,,,https://battalgazioeu2.meb.k12.tr/tema/harita.php,2026-08-31,30,30,bulundu,https://battalgazioeu2.meb.k12.tr/,2026-10-01T19:02:05.062369+00:00,,Öğrenci Sayısı : 30
Malatya,Battalgazi,Battalgazi İmam Hatip Ortaokulu,757385,İmam Hatip Ortaokulu,https://battalgaziiho.meb.k12.tr,,,https://battalgaziiho.meb.k12.tr/tema/harita.php,2026-08-31,98,98,bulundu,https://battalgaziiho.meb.k12.tr/,2026-10-01T19:02:05.141320+00:00,,Öğrenci Sayısı : 98
Malatya,Battalgazi,Battalgazi Şehit Er Mehmet Sucu Ortaokulu,720515,Ortaokul,https://sehitermehmetsucuortaokulu.meb.k12.tr,,,https://sehitermehmetsucuortaokulu.meb.k12.tr/tema/harita.php,2026-08-31,95,95,bulundu,https://sehitermehmetsucuortaokulu.meb.k12.tr/,2026-10-01T19:02:05.243347+00:00,,Öğrenci Sayısı : 95
Malatya,Battalgazi,Battalgazi Şehit Er Mehmet Sucu İlkokulu,720549,İlkokul,https://battalgazisehitermehmetsucuio.meb.k12.tr,,,https://battalgazisehitermehmetsucuio.meb.k12.tr/tema/harita.php,2026-08-31,122,122,bulundu,https://battalgazisehitermehmetsucuio.meb.k12.tr/,2026-10-01T19:02:05.295779+00:00,,Öğrenci Sayısı 122
Malatya,Battalgazi,Battalgazi Şehit Metin Selçuk Özel Eğitim Uygulama Okulu III. Kademe,775648,Özel Eğitim Kurumu,https://775648.meb.k12.tr,,,https://775648.meb.k12.tr/tema/harita.php,2026-08-31,63,63,bulundu,https://775648.meb.k12.tr/,2026-10-01T19:02:05.349848+00:00,,Öğrenci Sayısı 63
Malatya,Battalgazi,Battalgazi Şehit Oğuzhan Günaydın Halk Eğitimi Merkezi,254675,Halk Eğitimi Merkezi,https://battalgazihem.meb.k12.tr,,,https://battalgazihem.meb.k12.tr/tema/harita.php,2026-08-31,,,bulunamadi,,2026-10-01T19:02:05.440786+00:00,,
Malatya,Battalgazi,Beyaz Birlik Anaokulu,967211,Anaokulu,https://beyazbirlikanaokulu.meb.k12.tr,,,https://beyazbirlikanaokulu.meb.k12.tr/tema/harita.php,2026-08-31,156,156,bulundu,https://beyazbirlikanaokulu.meb.k12.tr/,2026-10-01T19:02:05.581460+00:00,,Öğrenci Sayısı 156
Malatya,Battalgazi,Beydağı Ortaokulu,706454,Ortaokul,https://beydagiortaokulu.meb.k12.tr,,,https://beydagiortaokulu.meb.k12.tr/tema/harita.php,2026-08-31,215,215,bulundu,https://beydagiortaokulu.meb.k12.tr/,2026-10-01T19:02:05.684156+00:00,,Öğrenci Sayısı : 215
Malatya,Battalgazi,Bulgurlu Şehit Hamit Fendoğlu Ortaokulu,759668,Ortaokul,https://malatyabulgurluoo.meb.k12.tr,,,https://malatyabulgurluoo.meb.k12.tr/tema/harita.php,2026-08-31,192,192,bulundu,https://malatyabulgurluoo.meb.k12.tr/,2026-10-01T19:02:05.769415+00:00,,Öğrenci Sayısı : 192
Malatya,Battalgazi,Bulgurlu Şehit Hamit Fendoğlu İlkokulu,754832,İlkokul,https://bulgurlusehithamitfendoglui.meb.k12.tr,,,https://bulgurlusehithamitfendoglui.meb.k12.tr/tema/harita.php,2026-08-31,509,509,bulundu,https://bulgurlusehithamitfendoglui.meb.k12.tr/,2026-10-01T19:02:06.052347+00:00,,Öğrenci Sayısı : 509
Malatya,Battalgazi,Cengiz Topel İlkokulu,754836,İlkokul,https://cengiztopeli.meb.k12.tr,,,https://cengiztopeli.meb.k12.tr/tema/harita.php,2026-08-31,501,501,bulundu,https://cengiztopeli.meb.k12.tr/,2026-10-01T19:02:06.091415+00:00,,Öğrenci Sayısı 501
Malatya,Battalgazi,Cevat Çobanlı Ortaokulu,760050,Ortaokul,https://cevatcobanli.meb.k12.tr,,,https://cevatcobanli.meb.k12.tr/tema/harita.php,2026-08-31,303,303,bulundu,https://cevatcobanli.meb.k12.tr/,2026-10-01T19:02:06.599799+00:00,,Öğrenci Sayısı : 303
Malatya,Battalgazi,Cumhuriyet Anadolu Lisesi,970720,Anadolu Lisesi,https://malatyacal.meb.k12.tr,,,https://malatyacal.meb.k12.tr/tema/harita.php,2026-08-31,596,596,bulundu,https://malatyacal.meb.k12.tr/,2026-10-01T19:02:06.632679+00:00,,Öğrenci Sayısı : 596
Malatya,Battalgazi,Cumhuriyet İlkokulu,704991,İlkokul,https://malatyacumhuriyetio.meb.k12.tr,,,https://malatyacumhuriyetio.meb.k12.tr/tema/harita.php,2026-08-31,155,155,bulundu,https://malatyacumhuriyetio.meb.k12.tr/,2026-10-01T19:02:06.644205+00:00,,Öğrenci Sayısı : 155
Malatya,Battalgazi,Dr. Saadettin Hacıevliyagil İmam Hatip Ortaokulu,748999,İmam Hatip Ortaokulu,https://hacievliyagilimamhatiportaokulu.meb.k12.tr,,,https://hacievliyagilimamhatiportaokulu.meb.k12.tr/tema/harita.php,2026-08-31,73,73,bulundu,https://hacievliyagilimamhatiportaokulu.meb.k12.tr/,2026-10-01T19:02:06.688821+00:00,,Öğrenci Sayısı 73
Malatya,Battalgazi,ESKİ MALATYA ATATÜRK ORTAOKULU,720572,Ortaokul,https://eskimalatyaataturk.meb.k12.tr,,,https://eskimalatyaataturk.meb.k12.tr/tema/harita.php,2026-08-31,111,111,bulundu,https://eskimalatyaataturk.meb.k12.tr/,2026-10-01T19:02:07.162221+00:00,,Öğrenci Sayısı : 111
Malatya,Battalgazi,Enesler Fen ve Teknoloji Anadolu İmam Hatip Lisesi,775448,Anadolu İmam Hatip Lisesi,https://eneslerfenteknoloji.meb.k12.tr,,,https://eneslerfenteknoloji.meb.k12.tr/tema/harita.php,2026-08-31,327,327,bulundu,https://eneslerfenteknoloji.meb.k12.tr/,2026-10-01T19:02:07.214505+00:00,,Öğrenci Sayısı : 327
Malatya,Battalgazi,Fatih Anadolu Lisesi,180292,Anadolu Lisesi,https://malatyafatihlisesi.meb.k12.tr,,,https://malatyafatihlisesi.meb.k12.tr/tema/harita.php,2026-08-31,671,671,bulundu,https://malatyafatihlisesi.meb.k12.tr/tema/okulumuz_hakkinda.php,2026-10-01T19:02:07.235517+00:00,,Öğrenci : 671
Malatya,Battalgazi,Fatih Hüseyin İlbak Ortaokulu,720581,Ortaokul,https://fhilbako.meb.k12.tr,,,https://fhilbako.meb.k12.tr/tema/harita.php,2026-08-31,131,131,bulundu,https://fhilbako.meb.k12.tr/,2026-10-01T19:02:07.500106+00:00,,Öğrenci Sayısı 131
Malatya,Battalgazi,Fatih Hüseyin İlbak İlkokulu,720623,İlkokul,https://fhilbaki.meb.k12.tr,,,https://fhilbaki.meb.k12.tr/tema/harita.php,2026-08-31,210,210,bulundu,https://fhilbaki.meb.k12.tr/,2026-10-01T19:02:07.519521+00:00,,Öğrenci Sayısı 210
Malatya,Battalgazi,Fatih İlkokulu,754799,İlkokul,https://malatyafatihilkokulu.meb.k12.tr,,,https://malatyafatihilkokulu.meb.k12.tr/tema/harita.php,2026-08-31,409,409,bulundu,https://malatyafatihilkokulu.meb.k12.tr/tema/okulumuz_hakkinda.php,2026-10-01T19:02:07.607370+00:00,,Öğrenci : 409
Malatya,Battalgazi,Fuat Sezgin Anadolu Lisesi,180314,Anadolu Lisesi,https://malatyafuatsezginanadolulisesi.meb.k12.tr,,,https://malatyafuatsezginanadolulisesi.meb.k12.tr/tema/harita.php,2026-08-31,427,427,bulundu,https://malatyafuatsezginanadolulisesi.meb.k12.tr/,2026-10-01T19:02:07.621732+00:00,,Öğrenci Sayısı : 427
Malatya,Battalgazi,Fırat İlkokulu,705018,İlkokul,https://malatyafiratio.meb.k12.tr,,,https://malatyafiratio.meb.k12.tr/tema/harita.php,2026-08-31,617,617,bulundu,https://malatyafiratio.meb.k12.tr/,2026-10-01T19:02:07.688872+00:00,,Öğrenci Sayısı : 617
Malatya,Battalgazi,Fırıncı İlkokulu,754802,İlkokul,https://firinciilkokulu.meb.k12.tr,,,https://firinciilkokulu.meb.k12.tr/tema/harita.php,2026-08-31,35,35,bulundu,https://firinciilkokulu.meb.k12.tr/,2026-10-01T19:02:07.706099+00:00,,Öğrenci Sayısı : 35
Malatya,Battalgazi,Gazi Ortaokulu,717218,Ortaokul,https://gazioo.meb.k12.tr,,,https://gazioo.meb.k12.tr/tema/harita.php,2026-08-31,420,420,bulundu,https://gazioo.meb.k12.tr/,2026-10-01T19:02:07.841734+00:00,,Öğrenci Sayısı 420
Malatya,Battalgazi,Gazi İlkokulu,638646,İlkokul,https://malatyagazi.meb.k12.tr,,,https://malatyagazi.meb.k12.tr/tema/harita.php,2026-08-31,504,504,bulundu,https://malatyagazi.meb.k12.tr/,2026-10-01T19:02:07.985807+00:00,,Öğrenci Sayısı : 504
Malatya,Battalgazi,Gevher Nesibe Mesleki ve Teknik Anadolu Lisesi,776962,Mesleki ve Teknik Anadolu Lisesi,https://776962.meb.k12.tr,,,https://776962.meb.k12.tr/tema/harita.php,2026-08-31,414,414,bulundu,https://776962.meb.k12.tr/,2026-10-01T19:02:08.008951+00:00,,Öğrenci Sayısı : 414
Malatya,Battalgazi,Göller İlkokulu,754808,İlkokul,https://754808.meb.k12.tr,,,https://754808.meb.k12.tr/tema/harita.php,2026-08-31,15,15,bulundu,https://754808.meb.k12.tr/,2026-10-01T19:02:08.018515+00:00,,Öğrenci Sayısı 15
Malatya,Battalgazi,Göztepe Anadolu Lisesi,766257,Anadolu Lisesi,https://goztepeanadolulisesi.meb.k12.tr,,,https://goztepeanadolulisesi.meb.k12.tr/tema/harita.php,2026-08-31,504,504,bulundu,https://goztepeanadolulisesi.meb.k12.tr/,2026-10-01T19:02:08.053627+00:00,,Öğrenci Sayısı 504
Malatya,Battalgazi,Göztepe Anaokulu,776049,Anaokulu,https://776049.meb.k12.tr,,,https://776049.meb.k12.tr/tema/harita.php,2026-08-31,117,117,bulundu,https://776049.meb.k12.tr/,2026-10-01T19:02:08.073696+00:00,,Öğrenci Sayısı : 117
Malatya,Battalgazi,Hacı Ahmet Akıncı Anadolu Lisesi,755716,Anadolu Lisesi,https://malatyaakincianadolulisesi.meb.k12.tr,,,https://malatyaakincianadolulisesi.meb.k12.tr/tema/harita.php,2026-08-31,549,549,bulundu,https://malatyaakincianadolulisesi.meb.k12.tr/,2026-10-01T19:02:08.241239+00:00,,Öğrenci Sayısı 549
Malatya,Battalgazi,Hacı Avni Kız Anadolu İmam Hatip Lisesi,749189,Anadolu İmam Hatip Lisesi,https://haciavnikizaihl.meb.k12.tr,,,https://haciavnikizaihl.meb.k12.tr/tema/harita.php,2026-08-31,,,bulunamadi,,2026-10-01T19:02:08.335565+00:00,,
Malatya,Battalgazi,Hacı Halil Çiftliği Ortaokulu,713975,Ortaokul,https://hacihalilciftligiortaokulu.meb.k12.tr,,,https://hacihalilciftligiortaokulu.meb.k12.tr/tema/harita.php,2026-08-31,132,132,bulundu,https://hacihalilciftligiortaokulu.meb.k12.tr/,2026-10-01T19:02:08.563086+00:00,,Öğrenci Sayısı: 132
Malatya,Battalgazi,Hacı Halil Çiftliği İlkokulu,754810,İlkokul,https://hacihalilciftligiilkokulu.meb.k12.tr,,,https://hacihalilciftligiilkokulu.meb.k12.tr/tema/harita.php,2026-08-31,95,95,bulundu,https://hacihalilciftligiilkokulu.meb.k12.tr/,2026-10-01T19:02:08.580548+00:00,,Öğrenci Sayısı: 95
Malatya,Battalgazi,Hacı Hüseyin Kölük Ticaret Mesleki ve Teknik Anadolu Lisesi,362896,Mesleki ve Teknik Anadolu Lisesi,https://hhktml.meb.k12.tr,,,https://hhktml.meb.k12.tr/tema/harita.php,2026-08-31,547,547,bulundu,https://hhktml.meb.k12.tr/,2026-10-01T19:02:08.607009+00:00,,Öğrenci Sayısı 547
Malatya,Battalgazi,Hacı İbrahim Işık İlkokulu,754814,İlkokul,https://haciibrahimio.meb.k12.tr,,,https://haciibrahimio.meb.k12.tr/tema/harita.php,2026-08-31,900,900,bulundu,https://haciibrahimio.meb.k12.tr/,2026-10-01T19:02:08.631402+00:00,,Öğrenci Sayısı 900
Malatya,Battalgazi,Hafize Özal Kız Mesleki ve Teknik Anadolu Lisesi,340710,Mesleki ve Teknik Anadolu Lisesi,https://hafizeozal.meb.k12.tr,,,https://hafizeozal.meb.k12.tr/tema/harita.php,2026-08-31,317,317,bulundu,https://hafizeozal.meb.k12.tr/,2026-10-01T19:02:08.729971+00:00,,Öğrenci Sayısı 317
Malatya,Battalgazi,Hanımın Çifliği Fatih İlkokulu,728175,İlkokul,https://haniminciftligifatih.meb.k12.tr,,,https://haniminciftligifatih.meb.k12.tr/tema/harita.php,2026-08-31,113,113,bulundu,https://haniminciftligifatih.meb.k12.tr/,2026-10-01T19:02:08.744242+00:00,,Öğrenci Sayısı : 113
Malatya,Battalgazi,Hanımın Çiftliği 100. Yıl Atatürk Ortaokulu,708332,Ortaokul,https://hcyuzuncuyilataturkortaokulu.meb.k12.tr,,,https://hcyuzuncuyilataturkortaokulu.meb.k12.tr/tema/harita.php,2026-08-31,241,241,bulundu,https://hcyuzuncuyilataturkortaokulu.meb.k12.tr/,2026-10-01T19:02:08.767059+00:00,,Öğrenci Sayısı : 241
Malatya,Battalgazi,Hanımın Çiftliği 100. Yıl Atatürk İlkokulu,706904,İlkokul,https://hc100yilataturkilkokulu.meb.k12.tr,,,https://hc100yilataturkilkokulu.meb.k12.tr/tema/harita.php,2026-08-31,302,302,bulundu,https://hc100yilataturkilkokulu.meb.k12.tr/tema/okulumuz_hakkinda.php,2026-10-01T19:02:08.803007+00:00,,Öğrenci : 302
Malatya,Battalgazi,Hanımın Çiftliği Anaokulu,974600,Anaokulu,https://haniminciftligianaokulu.meb.k12.tr,,,https://haniminciftligianaokulu.meb.k12.tr/tema/harita.php,2026-08-31,77,77,bulundu,https://haniminciftligianaokulu.meb.k12.tr/,2026-10-01T19:02:08.845057+00:00,,Öğrenci Sayısı 77
Malatya,Battalgazi,Hanımın Çiftliği Fatih Ortaokulu,755730,Ortaokul,https://haniminciftligifatihortaokulu.meb.k12.tr,,,https://haniminciftligifatihortaokulu.meb.k12.tr/tema/harita.php,2026-08-31,135,135,bulundu,https://haniminciftligifatihortaokulu.meb.k12.tr/,2026-10-01T19:02:08.946736+00:00,,Öğrenci Sayısı : 135
Malatya,Battalgazi,Hanımın Çiftliği Sadiye-Lütfi Evliyaoğlu Ortaokulu,714035,Ortaokul,https://haniminciftligisle.meb.k12.tr,,,https://haniminciftligisle.meb.k12.tr/tema/harita.php,2026-08-31,135,135,bulundu,https://haniminciftligisle.meb.k12.tr/,2026-10-01T19:02:09.071842+00:00,,Öğrenci Sayısı 135
Malatya,Battalgazi,Hanımınçiftliği Melikşah İmam Hatip Ortaokulu,737710,İmam Hatip Ortaokulu,https://meliksahimamhatiportaokulu.meb.k12.tr,,,https://meliksahimamhatiportaokulu.meb.k12.tr/tema/harita.php,2026-08-31,146,146,bulundu,https://meliksahimamhatiportaokulu.meb.k12.tr/,2026-10-01T19:02:09.137116+00:00,,Öğrenci Sayısı : 146
Malatya,Battalgazi,Hasan Varol 2. Ortaokulu,713920,Ortaokul,https://hvarol2.meb.k12.tr,,,https://hvarol2.meb.k12.tr/tema/harita.php,2026-08-31,181,181,bulundu,https://hvarol2.meb.k12.tr/,2026-10-01T19:02:09.208457+00:00,,Öğrenci Sayısı : 181
Malatya,Battalgazi,Hasan Varol 2. İlkokulu,755176,İlkokul,https://hvarol2ilk.meb.k12.tr,,,https://hvarol2ilk.meb.k12.tr/tema/harita.php,2026-08-31,216,216,bulundu,https://hvarol2ilk.meb.k12.tr/,2026-10-01T19:02:09.216655+00:00,,Öğrenci Sayısı : 216
Malatya,Battalgazi,Hasan Varol Ortaokulu,750548,Ortaokul,https://hasanvarolortaokulu.meb.k12.tr,,,https://hasanvarolortaokulu.meb.k12.tr/tema/harita.php,2026-08-31,146,146,bulundu,https://hasanvarolortaokulu.meb.k12.tr/tema/okulumuz_hakkinda.php,2026-10-01T19:02:09.242503+00:00,,Öğrenci : 146