Kahramanmaraş,Ekinözü,Yunus Emre Ortaokulu,727164,Ortaokul,https://ekinozuyunusemreortaokulu.meb.k12.tr,,,https://ekinozuyunusemreortaokulu.meb.k12.tr/tema/harita.php,2026-08-31,217,217,bulundu,https://ekinozuyunusemreortaokulu.meb.k12.tr/,2026-10-01T18:52:19.692466+00:00,,Öğrenci Sayısı 217
Kahramanmaraş,Elbistan,15 Temmuz Anaokulu,763090,Anaokulu,https://15temmuzanaokulu.meb.k12.tr,,,https://15temmuzanaokulu.meb.k12.tr/tema/harita.php,2026-08-31,149,149,bulundu,https://15temmuzanaokulu.meb.k12.tr/,2026-10-01T18:52:19.729047+00:00,,Öğrenci Sayısı 149
Kahramanmaraş,Elbistan,Afşin Elbistan Linyitleri İlkokulu,732190,İlkokul,https://aelilkokulu.meb.k12.tr,,,https://aelilkokulu.meb.k12.tr/tema/harita.php,2026-08-31,989,989,bulundu,https://aelilkokulu.meb.k12.tr/,2026-10-01T18:52:19.744311+00:00,,Öğrenci Sayısı : 989
Kahramanmaraş,Elbistan,Akbayır Şehit Yusuf Kaya Ortaokulu,732321,Ortaokul,https://akbayirortaokulu.meb.k12.tr,,,https://akbayirortaokulu.meb.k12.tr/tema/harita.php,2026-08-31,58,58,bulundu,https://akbayirortaokulu.meb.k12.tr/,2026-10-01T18:52:19.888024+00:00,,Öğrenci Sayısı 58
Kahramanmaraş,Elbistan,Akbayır Şehit Yusuf Kaya İlkokulu,678312,İlkokul,https://akbayirilkokulu.meb.k12.tr,,,https://akbayirilkokulu.meb.k12.tr/tema/harita.php,2026-08-31,63,63,bulundu,https://akbayirilkokulu.meb.k12.tr/,2026-10-01T18:52:19.989924+00:00,,Öğrenci Sayısı 63
Kahramanmaraş,Elbistan,Akören Şehit Hüseyin Emre Kul İlkokulu,552858,İlkokul,https://akoren.meb.k12.tr,,,https://akoren.meb.k12.tr/tema/harita.php,2026-08-31,66,66,bulundu,https://akoren.meb.k12.tr/,2026-10-01T18:52:20.047592+00:00,,Öğrenci Sayısı : 66
Kahramanmaraş,Elbistan,Akşemsettin Mesleki ve Teknik Anadolu Lisesi,963235,Mesleki ve Teknik Anadolu Lisesi,https://aksemsettinmtal46.meb.k12.tr,,,https://aksemsettinmtal46.meb.k12.tr/tema/harita.php,2026-08-31,490,490,bulundu,https://aksemsettinmtal46.meb.k12.tr/tema/okulumuz_hakkinda.php,2026-10-01T18:52:20.065315+00:00,,Öğrenci : 490
Kahramanmaraş,Elbistan,Alembey Hasan Hüseyin Köseoğlu Ortaokulu,732326,Ortaokul,https://alembeyortaokulu.meb.k12.tr,,,https://alembeyortaokulu.meb.k12.tr/tema/harita.php,2026-08-31,37,37,bulundu,https://alembeyortaokulu.meb.k12.tr/,2026-10-01T18:52:20.178748+00:00,,Öğrenci Sayısı : 37
Kahramanmaraş,Elbistan,Alembey Hasan Hüseyin Köseoğlu İlkokulu,732324,İlkokul,https://alembeyilkokulu.meb.k12.tr,,,https://alembeyilkokulu.meb.k12.tr/tema/harita.php,2026-08-31,51,51,bulundu,https://alembeyilkokulu.meb.k12.tr/,2026-10-01T18:52:20.542346+00:00,,Öğrenci Sayısı : 51
Kahramanmaraş,Elbistan,Ali Tekinsoy Ortaokulu,732189,Ortaokul,https://alitekinsoy.meb.k12.tr,,,https://alitekinsoy.meb.k12.tr/tema/harita.php,2026-08-31,890,890,bulundu,https://alitekinsoy.meb.k12.tr/,2026-10-01T18:52:20.598125+00:00,,Öğrenci Sayısı 890
Kahramanmaraş,Elbistan,Ambarcik Ortaokulu,732343,Ortaokul,https://ambarcikortaokulu.meb.k12.tr,,,https://ambarcikortaokulu.meb.k12.tr/tema/harita.php,2026-08-31,68,68,bulundu,https://ambarcikortaokulu.meb.k12.tr/,2026-10-01T18:52:20.628797+00:00,,Öğrenci Sayısı : 68
Kahramanmaraş,Elbistan,Ambarcik İlkokulu,732337,İlkokul,https://ambarcikilkokulu.meb.k12.tr,,,https://ambarcikilkokulu.meb.k12.tr/tema/harita.php,2026-08-31,55,55,bulundu,https://ambarcikilkokulu.meb.k12.tr/,2026-10-01T18:52:20.686571+00:00,,Öğrenci Sayısı : 55
Kahramanmaraş,Elbistan,Balıkçıl İlkokulu,735526,İlkokul,https://balikcililkokulu.meb.k12.tr,,,https://balikcililkokulu.meb.k12.tr/tema/harita.php,2026-08-31,18,18,bulundu,https://balikcililkokulu.meb.k12.tr/,2026-10-01T18:52:20.713798+00:00,,Öğrenci Sayısı : 18
Kahramanmaraş,Elbistan,Battal Gazi İlkokulu,732213,İlkokul,https://battalgaziilkokulu.meb.k12.tr,,,https://battalgaziilkokulu.meb.k12.tr/tema/harita.php,2026-08-31,342,342,bulundu,https://battalgaziilkokulu.meb.k12.tr/,2026-10-01T18:52:20.736355+00:00,,Öğrenci Sayısı : 342
Kahramanmaraş,Elbistan,Borsa İstanbul Gazi Mustafa Kemal Anadolu Lisesi,766011,Anadolu Lisesi,https://bistgmkal.meb.k12.tr,,,https://bistgmkal.meb.k12.tr/tema/harita.php,2026-08-31,550,550,bulundu,https://bistgmkal.meb.k12.tr/,2026-10-01T18:52:20.808932+00:00,,Öğrenci Sayısı 550
Kahramanmaraş,Elbistan,Büyükyapalak Şehit Mahmut Çifci Ortaokulu,732347,Ortaokul,https://buyukyapalaksehitmahmutcifci.meb.k12.tr,,,https://buyukyapalaksehitmahmutcifci.meb.k12.tr/tema/harita.php,2026-08-31,91,91,bulundu,https://buyukyapalaksehitmahmutcifci.meb.k12.tr/,2026-10-01T18:52:20.881613+00:00,,Öğrenci Sayısı 91
Kahramanmaraş,Elbistan,Büyükyapalak Şehit Mahmut Çifci İlkokulu,732344,İlkokul,https://buyukyapalaksehitmahmutcifcii.meb.k12.tr,,,https://buyukyapalaksehitmahmutcifcii.meb.k12.tr/tema/harita.php,2026-08-31,115,115,bulundu,https://buyukyapalaksehitmahmutcifcii.meb.k12.tr/,2026-10-01T18:52:20.936092+00:00,,Öğrenci Sayısı 115
Kahramanmaraş,Elbistan,Cumhuriyet Ortaokulu,732222,Ortaokul,https://elbistancumhuriyet.meb.k12.tr,,,https://elbistancumhuriyet.meb.k12.tr/tema/harita.php,2026-08-31,168,168,bulundu,https://elbistancumhuriyet.meb.k12.tr/,2026-10-01T18:52:20.961163+00:00,,Öğrenci Sayısı : 168
Kahramanmaraş,Elbistan,Dağdere Malatça İlkokulu,735527,İlkokul,https://dagderemalatca.meb.k12.tr,,,https://dagderemalatca.meb.k12.tr/tema/harita.php,2026-08-31,,,bulunamadi,,2026-10-01T18:52:20.993222+00:00,,
Kahramanmaraş,Elbistan,Demircilik İlkokulu,732358,İlkokul,https://demircilikilkokulu.meb.k12.tr,,,https://demircilikilkokulu.meb.k12.tr/tema/harita.php,2026-08-31,22,22,bulundu,https://demircilikilkokulu.meb.k12.tr/tema/okulumuz_hakkinda.php,2026-10-01T18:52:21.017851+00:00,,Öğrenci : 22
Kahramanmaraş,Elbistan,Dogan Sitesi Ortaokulu,241307,Ortaokul,https://dogansitesi.meb.k12.tr,,,https://dogansitesi.meb.k12.tr/tema/harita.php,2026-08-31,66,66,bulundu,https://dogansitesi.meb.k12.tr/,2026-10-01T18:52:21.065800+00:00,,Öğrenci Sayısı : 66
Kahramanmaraş,Elbistan,Dogan Sitesi İlkokulu,732362,İlkokul,https://dogansitesiilk.meb.k12.tr,,,https://dogansitesiilk.meb.k12.tr/tema/harita.php,2026-08-31,62,62,bulundu,https://dogansitesiilk.meb.k12.tr/,2026-10-01T18:52:21.149622+00:00,,Öğrenci Sayısı: 62
Kahramanmaraş,Elbistan,Doğanköy Şehit Uğur Kartal Ortaokulu,732365,Ortaokul,https://dogankoyortaokul.meb.k12.tr,,,https://dogankoyortaokul.meb.k12.tr/tema/harita.php,2026-08-31,48,48,bulundu,https://dogankoyortaokul.meb.k12.tr/,2026-10-01T18:52:21.285679+00:00,,Öğrenci Sayısı 48
Kahramanmaraş,Elbistan,Doğanköy Şehit Uğur Kartal İlkokulu,753388,İlkokul,https://dogankoy.meb.k12.tr,,,https://dogankoy.meb.k12.tr/tema/harita.php,2026-08-31,62,62,bulundu,https://dogankoy.meb.k12.tr/,2026-10-01T18:52:21.298836+00:00,,Öğrenci Sayısı 62
Kahramanmaraş,Elbistan,Elbistan Abdurrahim Karakoç Ortaokulu,733088,Ortaokul,https://elbistanabdurrahimkarakoc.meb.k12.tr,,,https://elbistanabdurrahimkarakoc.meb.k12.tr/tema/harita.php,2026-08-31,109,109,bulundu,https://elbistanabdurrahimkarakoc.meb.k12.tr/,2026-10-01T18:52:21.397439+00:00,,Öğrenci Sayısı : 109
Kahramanmaraş,Elbistan,Elbistan Anadolu Lisesi,218407,Anadolu Lisesi,https://elbistananadolulisesi.meb.k12.tr,,,https://elbistananadolulisesi.meb.k12.tr/tema/harita.php,2026-08-31,501,501,bulundu,https://elbistananadolulisesi.meb.k12.tr/tema/okulumuz_hakkinda.php,2026-10-01T18:52:21.467543+00:00,,Öğrenci : 501
Kahramanmaraş,Elbistan,Elbistan Anadolu İmam Hatip Lisesi,184875,Anadolu İmam Hatip Lisesi,https://elbistanihl.meb.k12.tr,,,https://elbistanihl.meb.k12.tr/tema/harita.php,2026-08-31,1077,1077,bulundu,https://elbistanihl.meb.k12.tr/,2026-10-01T18:52:21.688433+00:00,,Öğrenci Sayısı : 1077
Kahramanmaraş,Elbistan,Elbistan Anaokulu,974708,Anaokulu,https://elbistananaokulu.meb.k12.tr,,,https://elbistananaokulu.meb.k12.tr/tema/harita.php,2026-08-31,117,117,bulundu,https://elbistananaokulu.meb.k12.tr/,2026-10-01T18:52:21.769321+00:00,,Öğrenci Sayısı: 117
Kahramanmaraş,Elbistan,Elbistan Bilim ve Sanat Merkezi,763277,Bilim ve Sanat Merkezi,https://elbistanbilsem.meb.k12.tr,,,https://elbistanbilsem.meb.k12.tr/tema/harita.php,2026-08-31,148,148,bulundu,https://elbistanbilsem.meb.k12.tr/,2026-10-01T18:52:21.780152+00:00,,Öğrenci Sayısı : 148
Kahramanmaraş,Elbistan,Elbistan Borsa İstanbul Fen Lisesi,758130,Fen Lisesi,https://elbistanfenlisesi.meb.k12.tr,,,https://elbistanfenlisesi.meb.k12.tr/tema/harita.php,2026-08-31,497,497,bulundu,https://elbistanfenlisesi.meb.k12.tr/,2026-10-01T18:52:21.846751+00:00,,Öğrenci Sayısı 497
Kahramanmaraş,Elbistan,Elbistan Dulkadiroğlu Anadolu Lisesi,973801,Anadolu Lisesi,https://edal.meb.k12.tr,,,https://edal.meb.k12.tr/tema/harita.php,2026-08-31,586,586,bulundu,https://edal.meb.k12.tr/,2026-10-01T18:52:21.890970+00:00,,Öğrenci Sayısı : 586
Kahramanmaraş,Elbistan,Elbistan Halk Eğitimi Merkezi,184887,Halk Eğitimi Merkezi,https://elbistanhem.meb.k12.tr,,,https://elbistanhem.meb.k12.tr/tema/harita.php,2026-08-31,,,bulunamadi,,2026-10-01T18:52:21.913157+00:00,,
Kahramanmaraş,Elbistan,Elbistan Mesleki Eğitim Merkezi,336225,Mesleki Eğitim Merkezi,https://elbistanmem.meb.k12.tr,,,https://elbistanmem.meb.k12.tr/tema/harita.php,2026-08-31,253,253,bulundu,https://elbistanmem.meb.k12.tr/,2026-10-01T18:52:22.028208+00:00,,Öğrenci Sayısı : 253
Kahramanmaraş,Elbistan,Elbistan Mesleki ve Teknik Anadolu Lisesi,184838,Mesleki ve Teknik Anadolu Lisesi,https://elbistanmtal.meb.k12.tr,,,https://elbistanmtal.meb.k12.tr/tema/harita.php,2026-08-31,928,928,bulundu,https://elbistanmtal.meb.k12.tr/,2026-10-01T18:52:22.119660+00:00,,Öğrenci Sayısı 928
Kahramanmaraş,Elbistan,Elbistan Ortaokulu,732228,Ortaokul,https://elbistanortaokulu.meb.k12.tr,,,https://elbistanortaokulu.meb.k12.tr/tema/harita.php,2026-08-31,1060,1060,bulundu,https://elbistanortaokulu.meb.k12.tr/,2026-10-01T18:52:22.293522+00:00,,Öğrenci Sayısı : 1060
Kahramanmaraş,Elbistan,Elbistan Rehberlik ve Araştırma Merkezi,958573,Rehberlik ve Araştırma Merkezi,https://elbistanram.meb.k12.tr,,,https://elbistanram.meb.k12.tr/tema/harita.php,2026-08-31,,,bulunamadi,,2026-10-01T18:52:22.322838+00:00,,
Kahramanmaraş,Elbistan,Elbistan Özel Eğitim Anaokulu,773829,Anaokulu,https://773829.meb.k12.tr,,,https://773829.meb.k12.tr/tema/harita.php,2026-08-31,5,5,bulundu,https://773829.meb.k12.tr/,2026-10-01T18:52:22.406641+00:00,,Öğrenci Sayısı 5
Kahramanmaraş,Elbistan,Elbistan Özel Eğitim Uygulama Okulu I. Kademe,774655,Özel Eğitim Kurumu,https://elbistanozelegitimuygulamaokulu.meb.k12.tr,,,https://elbistanozelegitimuygulamaokulu.meb.k12.tr/tema/harita.php,2026-08-31,30,30,bulundu,https://elbistanozelegitimuygulamaokulu.meb.k12.tr/,2026-10-01T18:52:22.445427+00:00,,Öğrenci Sayısı : 30
Kahramanmaraş,Elbistan,Elbistan Özel Eğitim Uygulama Okulu II. Kademe,774660,Özel Eğitim Kurumu,https://774660.meb.k12.tr,,,https://774660.meb.k12.tr/tema/harita.php,2026-08-31,22,22,bulundu,https://774660.meb.k12.tr/,2026-10-01T18:52:22.454675+00:00,,Öğrenci Sayısı : 22
Kahramanmaraş,Elbistan,Elbistan Özel Eğitim Uygulama Okulu III. Kademe,774661,Özel Eğitim Kurumu,https://774661.meb.k12.tr,,,https://774661.meb.k12.tr/tema/harita.php,2026-08-31,25,25,bulundu,https://774661.meb.k12.tr/,2026-10-01T18:52:22.765723+00:00,,Öğrenci Sayısı : 25
Kahramanmaraş,Elbistan,Elbistan Öğretmenevi ve Akşam Sanat Okulu,971311,Öğretmenevi,https://elbistanogretmenevi.meb.k12.tr,,,https://elbistanogretmenevi.meb.k12.tr/tema/harita.php,2026-08-31,,,bulunamadi,,2026-10-01T18:52:22.992959+00:00,,
Kahramanmaraş,Elbistan,Elbistan Şehit Er Cuma Potuk Yatılı Bölge Ortaokulu,747761,Ortaokul,https://elbistanybo.meb.k12.tr,,,https://elbistanybo.meb.k12.tr/tema/harita.php,2026-08-31,192,192,bulundu,https://elbistanybo.meb.k12.tr/,2026-10-01T18:52:23.156917+00:00,,Öğrenci Sayısı 192
Kahramanmaraş,Elbistan,Ertuğrulgazi İlkokulu,365386,İlkokul,https://ertugrulgazi.meb.k12.tr,,,https://ertugrulgazi.meb.k12.tr/tema/harita.php,2026-08-31,190,190,bulundu,https://ertugrulgazi.meb.k12.tr/,2026-10-01T18:52:23.225759+00:00,,Öğrenci Sayısı : 190
Kahramanmaraş,Elbistan,Esentepe Ortaokulu,732231,Ortaokul,https://esentepe.meb.k12.tr,,,https://esentepe.meb.k12.tr/tema/harita.php,2026-08-31,622,622,bulundu,https://esentepe.meb.k12.tr/,2026-10-01T18:52:23.244362+00:00,,Öğrenci Sayısı : 622
Kahramanmaraş,Elbistan,Evcihüyük Şekerbank İlkokulu,735529,İlkokul,https://evcihuyuk.meb.k12.tr,,,https://evcihuyuk.meb.k12.tr/tema/harita.php,2026-08-31,13,13,bulundu,https://evcihuyuk.meb.k12.tr/,2026-10-01T18:52:23.294976+00:00,,Öğrenci Sayısı 13
Kahramanmaraş,Elbistan,Fatih İlkokulu,732191,İlkokul,https://elbistanfatih.meb.k12.tr,,,https://elbistanfatih.meb.k12.tr/tema/harita.php,2026-08-31,357,357,bulundu,https://elbistanfatih.meb.k12.tr/,2026-10-01T18:52:23.318397+00:00,,Öğrenci Sayısı 357
Kahramanmaraş,Elbistan,Gazi Mustafa Kemal Ortaokulu,732247,Ortaokul,https://gmkortaokulu.meb.k12.tr,,,https://gmkortaokulu.meb.k12.tr/tema/harita.php,2026-08-31,396,396,bulundu,https://gmkortaokulu.meb.k12.tr/,2026-10-01T18:52:23.397284+00:00,,Öğrenci Sayısı 396
Kahramanmaraş,Elbistan,Gazipaşa İlkokulu,732195,İlkokul,https://elbistangazipasailkokulu.meb.k12.tr,,,https://elbistangazipasailkokulu.meb.k12.tr/tema/harita.php,2026-08-31,299,299,bulundu,https://elbistangazipasailkokulu.meb.k12.tr/,2026-10-01T18:52:23.433538+00:00,,Öğrenci Sayısı : 299
Kahramanmaraş,Elbistan,Geçit Şehit Mevlüt Yalçınkaya Ortaokulu,733076,Ortaokul,https://sehitmevlutyalcinkayaortaokulu.meb.k12.tr,,,https://sehitmevlutyalcinkayaortaokulu.meb.k12.tr/tema/harita.php,2026-08-31,43,43,bulundu,https://sehitmevlutyalcinkayaortaokulu.meb.k12.tr/,2026-10-01T18:52:23.464847+00:00,,Öğrenci Sayısı 43
Kahramanmaraş,Elbistan,Geçit Şehit Mevlüt Yalçınkaya İlkokulu,733075,İlkokul,https://sehitmevlutyalcinkayailkokulu.meb.k12.tr,,,https://sehitmevlutyalcinkayailkokulu.meb.k12.tr/tema/harita.php,2026-08-31,63,63,bulundu,https://sehitmevlutyalcinkayailkokulu.meb.k12.tr/,2026-10-01T18:52:23.565033+00:00,,Öğrenci Sayısı 63
Kahramanmaraş,Elbistan,Gücük Ortaokulu,733078,Ortaokul,https://gucukortaokulu.meb.k12.tr,,,https://gucukortaokulu.meb.k12.tr/tema/harita.php,2026-08-31,,,bulunamadi,,2026-10-01T18:52:24.152957+00:00,,
Kahramanmaraş,Elbistan,Gücük İlkokulu,733077,İlkokul,https://gucukilkokulu.meb.k12.tr,,,https://gucukilkokulu.meb.k12.tr/tema/harita.php,2026-08-31,14,14,bulundu,https://gucukilkokulu.meb.k12.tr/,2026-10-01T18:52:24.180122+00:00,,Öğrenci Sayısı: 14
Kahramanmaraş,Elbistan,Gündere İlkokulu,735531,İlkokul,https://gundereio.meb.k12.tr,,,https://gundereio.meb.k12.tr/tema/harita.php,2026-08-31,23,23,bulundu,https://gundereio.meb.k12.tr/,2026-10-01T18:52:24.203008+00:00,,Öğrenci Sayısı: 23
Kahramanmaraş,Elbistan,Güneşli Anaokulu,766706,Anaokulu,https://766706.meb.k12.tr,,,https://766706.meb.k12.tr/tema/harita.php,2026-08-31,121,121,bulundu,https://766706.meb.k12.tr/,2026-10-01T18:52:24.330672+00:00,,Öğrenci Sayısı 121
Kahramanmaraş,Elbistan,Güvercinlik Ortaokulu,733080,Ortaokul,https://guvercinlikortaokulu.meb.k12.tr,,,https://guvercinlikortaokulu.meb.k12.tr/tema/harita.php,2026-08-31,77,77,bulundu,https://guvercinlikortaokulu.meb.k12.tr/,2026-10-01T18:52:24.415909+00:00,,Öğrenci Sayısı 77
Kahramanmaraş,Elbistan,Güvercinlik İlkokulu,733079,İlkokul,https://guvercinlikilkokulu.meb.k12.tr,,,https://guvercinlikilkokulu.meb.k12.tr/tema/harita.php,2026-08-31,82,82,bulundu,https://guvercinlikilkokulu.meb.k12.tr/,2026-10-01T18:52:24.482300+00:00,,Öğrenci Sayısı 82
Kahramanmaraş,Elbistan,Hacı Bektaş Veli Ortaokulu,732235,Ortaokul,https://hacibektasveli.meb.k12.tr,,,https://hacibektasveli.meb.k12.tr/tema/harita.php,2026-08-31,482,482,bulundu,https://hacibektasveli.meb.k12.tr/,2026-10-01T18:52:24.581599+00:00,,Öğrenci Sayısı : 482
Kahramanmaraş,Elbistan,Hoca Ahmet Yesevi İlkokulu,732199,İlkokul,https://hocaahmetyesevi.meb.k12.tr,,,https://hocaahmetyesevi.meb.k12.tr/tema/harita.php,2026-08-31,762,762,bulundu,https://hocaahmetyesevi.meb.k12.tr/,2026-10-01T18:52:24.598097+00:00,,Öğrenci Sayısı : 762
Kahramanmaraş,Elbistan,Izgın Şehit Ahmet Ece Ortaokulu,733082,Ortaokul,https://izginsehitahmeteceortaokulu.meb.k12.tr,,,https://izginsehitahmeteceortaokulu.meb.k12.tr/tema/harita.php,2026-08-31,120,120,bulundu,https://izginsehitahmeteceortaokulu.meb.k12.tr/,2026-10-01T18:52:24.626742+00:00,,Öğrenci Sayısı : 120
Kahramanmaraş,Elbistan,Izgın Şehit Ahmet Ece İlkokulu,733081,İlkokul,https://izginilkokulu.meb.k12.tr,,,https://izginilkokulu.meb.k12.tr/tema/harita.php,2026-08-31,81,81,bulundu,https://izginilkokulu.meb.k12.tr/,2026-10-01T18:52:24.673242+00:00,,Öğrenci Sayısı : 81
Kahramanmaraş,Elbistan,Kalealtı Köyü Haluk Gökalp Kılınç Ortaokulu,733084,Ortaokul,https://kalealtiortaokulu.meb.k12.tr,,,https://kalealtiortaokulu.meb.k12.tr/tema/harita.php,2026-08-31,107,107,bulundu,https://kalealtiortaokulu.meb.k12.tr/tema/okulumuz_hakkinda.php,2026-10-01T18:52:24.702201+00:00,,Öğrenci : 107
Kahramanmaraş,Elbistan,Kalealtı Köyü Haluk Gökalp Kılınç İlkokulu,400651,İlkokul,https://kalealtiilkokul.meb.k12.tr,,,https://kalealtiilkokul.meb.k12.tr/tema/harita.php,2026-08-31,59,59,bulundu,https://kalealtiilkokul.meb.k12.tr/,2026-10-01T18:52:24.725019+00:00,,Öğrenci Sayısı 59
Kahramanmaraş,Elbistan,Kara Elbistan Osman Gazi Ortaokulu,733085,Ortaokul,https://karaelbistanosmangaziortaokulu.meb.k12.tr,,,https://karaelbistanosmangaziortaokulu.meb.k12.tr/tema/harita.php,2026-08-31,331,331,bulundu,https://karaelbistanosmangaziortaokulu.meb.k12.tr/,2026-10-01T18:52:24.798468+00:00,,Öğrenci Sayısı : 331
Kahramanmaraş,Elbistan,Kara Elbistan Osman Gazi İlkokulu,746112,İlkokul,https://karaelbistanosmangaziilkokulu.meb.k12.tr,,,https://karaelbistanosmangaziilkokulu.meb.k12.tr/tema/harita.php,2026-08-31,370,370,bulundu,https://karaelbistanosmangaziilkokulu.meb.k12.tr/,2026-10-01T18:52:24.798995+00:00,,Öğrenci Sayısı : 370
Kahramanmaraş,Elbistan,Karaelbistan Cumhuriyet İlkokulu,400663,İlkokul,https://karaelbistancumhuriyet46.meb.k12.tr,,,https://karaelbistancumhuriyet46.meb.k12.tr/tema/harita.php,2026-08-31,113,113,bulundu,https://karaelbistancumhuriyet46.meb.k12.tr/,2026-10-01T18:52:24.865166+00:00,,Öğrenci Sayısı: 113
Kahramanmaraş,Elbistan,Karaelbistan Mesleki ve Teknik Anadolu Lisesi,966841,Mesleki ve Teknik Anadolu Lisesi,https://karaelbistanteml.meb.k12.tr,,,https://karaelbistanteml.meb.k12.tr/tema/harita.php,2026-08-31,211,211,bulundu,https://karaelbistanteml.meb.k12.tr/,2026-10-01T18:52:24.884326+00:00,,Öğrenci Sayısı : 211
Kahramanmaraş,Elbistan,Karaelbistan Şefkat Anaokulu,974619,Anaokulu,https://elbistansefkatanaokulu.meb.k12.tr,,,https://elbistansefkatanaokulu.meb.k12.tr/tema/harita.php,2026-08-31,120,120,bulundu,https://elbistansefkatanaokulu.meb.k12.tr/,2026-10-01T18:52:24.973216+00:00,,Öğrenci Sayısı: 120
Kahramanmaraş,Elbistan,Karaelbistan Şehit Mevlüt Yıldız İlkokulu,732186,İlkokul,https://karaelbistansehitmevlutyildiz.meb.k12.tr,,,https://karaelbistansehitmevlutyildiz.meb.k12.tr/tema/harita.php,2026-08-31,279,279,bulundu,https://karaelbistansehitmevlutyildiz.meb.k12.tr/,2026-10-01T18:52:24.976557+00:00,,Öğrenci Sayısı 279
Kahramanmaraş,Elbistan,Karahasanuşağı Ortaokulu,733090,Ortaokul,https://karahasanusagioo.meb.k12.tr,,,https://karahasanusagioo.meb.k12.tr/tema/harita.php,2026-08-31,32,32,bulundu,https://karahasanusagioo.meb.k12.tr/,2026-10-01T18:52:24.993733+00:00,,Öğrenci Sayısı 32
Kahramanmaraş,Elbistan,Karahasanuşağı İlkokulu,733089,İlkokul,https://karahasanusagi.meb.k12.tr,,,https://karahasanusagi.meb.k12.tr/tema/harita.php,2026-08-31,24,24,bulundu,https://karahasanusagi.meb.k12.tr/,2026-10-01T18:52:25.007738+00:00,,Öğrenci Sayısı: 24
Kahramanmaraş,Elbistan,Karahüyük Ortaokulu,733092,Ortaokul,https://733092.meb.k12.tr,,,https://733092.meb.k12.tr/tema/harita.php,2026-08-31,27,27,bulundu,https://733092.meb.k12.tr/,2026-10-01T18:52:25.041830+00:00,,Öğrenci Sayısı : 27
Kahramanmaraş,Elbistan,Karahüyük İlkokulu,733091,İlkokul,https://karahuyukilkokulu.meb.k12.tr,,,https://karahuyukilkokulu.meb.k12.tr/tema/harita.php,2026-08-31,25,25,bulundu,https://karahuyukilkokulu.meb.k12.tr/tema/okulumuz_hakkinda.php,2026-10-01T18:52:25.120889+00:00,,Öğrenci : 25
Kahramanmaraş,Elbistan,Karamağra Ortaokulu,733094,Ortaokul,https://karamagraortaokulu.meb.k12.tr,,,https://karamagraortaokulu.meb.k12.tr/tema/harita.php,2026-08-31,32,32,bulundu,https://karamagraortaokulu.meb.k12.tr/,2026-10-01T18:52:25.200107+00:00,,Öğrenci Sayısı : 32
Kahramanmaraş,Elbistan,Karamağra İlkokulu,733093,İlkokul,https://karamagra.meb.k12.tr,,,https://karamagra.meb.k12.tr/tema/harita.php,2026-08-31,37,37,bulundu,https://karamagra.meb.k12.tr/,2026-10-01T18:52:25.302123+00:00,,Öğrenci Sayısı 37
Kahramanmaraş,Elbistan,Kuzey Marmara Otoyolu İlkokulu,774729,İlkokul,https://774729.meb.k12.tr,,,https://774729.meb.k12.tr/tema/harita.php,2026-08-31,258,258,bulundu,https://774729.meb.k12.tr/,2026-10-01T18:52:25.419510+00:00,,Öğrenci Sayısı: 258
Kahramanmaraş,Elbistan,Kümbet Ortaokulu,732239,Ortaokul,https://kumbet.meb.k12.tr,,,https://kumbet.meb.k12.tr/tema/harita.php,2026-08-31,318,318,bulundu,https://kumbet.meb.k12.tr/,2026-10-01T18:52:25.489116+00:00,,Öğrenci Sayısı : 318
Kahramanmaraş,Elbistan,Mehmet Akif Ersoy İlkokulu,732203,İlkokul,https://mehmetakifersoy.meb.k12.tr,,,https://mehmetakifersoy.meb.k12.tr/tema/harita.php,2026-08-31,281,281,bulundu,https://mehmetakifersoy.meb.k12.tr/,2026-10-01T18:52:25.563507+00:00,,Öğrenci Sayısı 281
Kahramanmaraş,Elbistan,Mükrimin Halil Anadolu Lisesi,326533,Anadolu Lisesi,https://mhal.meb.k12.tr,,,https://mhal.meb.k12.tr/tema/harita.php,2026-08-31,630,630,bulundu,https://mhal.meb.k12.tr/,2026-10-01T18:52:25.584942+00:00,,Öğrenci Sayısı 630
Kahramanmaraş,Elbistan,Papatyam Anaokulu,752553,Anaokulu,https://papatyam.meb.k12.tr,,,https://papatyam.meb.k12.tr/tema/harita.php,2026-08-31,135,135,bulundu,https://papatyam.meb.k12.tr/,2026-10-01T18:52:25.841700+00:00,,Öğrenci Sayısı 135
Kahramanmaraş,Elbistan,Selçuklu Ortaokulu,760527,Ortaokul,https://tepebasiselcukluo.meb.k12.tr,,,https://tepebasiselcukluo.meb.k12.tr/tema/harita.php,2026-08-31,85,85,bulundu,https://tepebasiselcukluo.meb.k12.tr/,2026-10-01T18:52:25.856089+00:00,,Öğrenci Sayısı: 85
Kahramanmaraş,Elbistan,Selçuklu İlkokulu,760528,İlkokul,https://tepebasiselcukluilkokulu.meb.k12.tr,,,https://tepebasiselcukluilkokulu.meb.k12.tr/tema/harita.php,2026-08-31,84,84,bulundu,https://tepebasiselcukluilkokulu.meb.k12.tr/,2026-10-01T18:52:25.902398+00:00,,Öğrenci Sayısı: 84
Kahramanmaraş,Elbistan,Sevdilli Bektaş Özbek İlkokulu,775497,İlkokul,https://775497.meb.k12.tr,,,https://775497.meb.k12.tr/tema/harita.php,2026-08-31,0,0,bulundu,https://775497.meb.k12.tr/,2026-10-01T18:52:25.976996+00:00,,Öğrenci Sayısı : 0
Kahramanmaraş,Elbistan,Sevgi Anaokulu,963637,Anaokulu,https://elbistansevgi.meb.k12.tr,,,https://elbistansevgi.meb.k12.tr/tema/harita.php,2026-08-31,118,118,bulundu,https://elbistansevgi.meb.k12.tr/,2026-10-01T18:52:26.027986+00:00,,Öğrenci Sayısı 118
Kahramanmaraş,Elbistan,Taşburun Ortaokulu,732527,Ortaokul,https://tasburunoo.meb.k12.tr,,,https://tasburunoo.meb.k12.tr/tema/harita.php,2026-08-31,63,63,bulundu,https://tasburunoo.meb.k12.tr/tema/okulumuz_hakkinda.php,2026-10-01T18:52:26.299817+00:00,,Öğrenci : 63
Kahramanmaraş,Elbistan,Taşburun TOKİ Ortaokulu,776827,Ortaokul,https://tasburuntokiortaokulu.meb.k12.tr,,,https://tasburuntokiortaokulu.meb.k12.tr/tema/harita.php,2026-08-31,154,154,bulundu,https://tasburuntokiortaokulu.meb.k12.tr/tema/okulumuz_hakkinda.php,2026-10-01T18:52:26.548830+00:00,,Öğrenci : 154
Kahramanmaraş,Elbistan,Taşburun TOKİ İlkokulu,776826,İlkokul,https://776826.meb.k12.tr,,,https://776826.meb.k12.tr/tema/harita.php,2026-08-31,268,268,bulundu,https://776826.meb.k12.tr/,2026-10-01T18:52:26.821406+00:00,,Öğrenci Sayısı: 268
Kahramanmaraş,Elbistan,Taşburun İlkokulu,553026,İlkokul,https://tasburun.meb.k12.tr,,,https://tasburun.meb.k12.tr/tema/harita.php,2026-08-31,59,59,bulundu,https://tasburun.meb.k12.tr/tema/okulumuz_hakkinda.php,2026-10-01T18:52:26.850839+00:00,,Öğrenci : 59
Kahramanmaraş,Elbistan,Tepebaşı İlkokulu,732249,İlkokul,https://tepebasi.meb.k12.tr,,,https://tepebasi.meb.k12.tr/tema/harita.php,2026-08-31,228,228,bulundu,https://tepebasi.meb.k12.tr/,2026-10-01T18:52:26.876462+00:00,,Öğrenci Sayısı : 228
Kahramanmaraş,Elbistan,Toki Şehit Jandarma Er Levent Kuşoğlu İlkokulu,970431,İlkokul,https://elbistantoki.meb.k12.tr,,,https://elbistantoki.meb.k12.tr/tema/harita.php,2026-08-31,720,720,bulundu,https://elbistantoki.meb.k12.tr/,2026-10-01T18:52:26.918952+00:00,,Öğrenci Sayısı : 720
Kahramanmaraş,Elbistan,Türkören Hasan Erdoğan Ortaokulu,733099,Ortaokul,https://turkorenortaokulu.meb.k12.tr,,,https://turkorenortaokulu.meb.k12.tr/tema/harita.php,2026-08-31,73,73,bulundu,https://turkorenortaokulu.meb.k12.tr/,2026-10-01T18:52:26.967112+00:00,,Öğrenci Sayısı 73
Kahramanmaraş,Elbistan,Türkören Hasan Erdoğan İlkokulu,733098,İlkokul,https://turkorenilkokulu.meb.k12.tr,,,https://turkorenilkokulu.meb.k12.tr/tema/harita.php,2026-08-31,82,82,bulundu,https://turkorenilkokulu.meb.k12.tr/,2026-10-01T18:52:26.984670+00:00,,Öğrenci Sayısı 82
Kahramanmaraş,Elbistan,Yapraklı Ortaokulu,733101,Ortaokul,https://elbistanyapraklioo.meb.k12.tr,,,https://elbistanyapraklioo.meb.k12.tr/tema/harita.php,2026-08-31,67,67,bulundu,https://elbistanyapraklioo.meb.k12.tr/,2026-10-01T18:52:27.000800+00:00,,Öğrenci Sayısı : 67
Kahramanmaraş,Elbistan,Yapraklı İlkokulu,733100,İlkokul,https://elbistanyaprakli.meb.k12.tr,,,https://elbistanyaprakli.meb.k12.tr/tema/harita.php,2026-08-31,64,64,bulundu,https://elbistanyaprakli.meb.k12.tr/,2026-10-01T18:52:27.002656+00:00,,Öğrenci Sayısı : 64
Kahramanmaraş,Elbistan,Yavuz Selim Ticaret Mesleki ve Teknik Anadolu Lisesi,184863,Mesleki ve Teknik Anadolu Lisesi,https://yavuzselim.meb.k12.tr,,,https://yavuzselim.meb.k12.tr/tema/harita.php,2026-08-31,660,660,bulundu,https://yavuzselim.meb.k12.tr/,2026-10-01T18:52:27.035810+00:00,,Öğrenci Sayısı 660
Kahramanmaraş,Elbistan,Yeşilyurt Anaokulu,763919,Anaokulu,https://elbistanyesilyurtanaokulu.meb.k12.tr,,,https://elbistanyesilyurtanaokulu.meb.k12.tr/tema/harita.php,2026-08-31,136,136,bulundu,https://elbistanyesilyurtanaokulu.meb.k12.tr/,2026-10-01T18:52:27.090808+00:00,,Öğrenci Sayısı 136
Kahramanmaraş,Elbistan,Yunus Emre İlkokulu,732209,İlkokul,https://elbistanyunusemre.meb.k12.tr,,,https://elbistanyunusemre.meb.k12.tr/tema/harita.php,2026-08-31,719,719,bulundu,https://elbistanyunusemre.meb.k12.tr/tema/okulumuz_hakkinda.php,2026-10-01T18:52:27.154810+00:00,,Öğrenci : 719
Kahramanmaraş,Elbistan,Çalış İlkokulu,732348,İlkokul,https://calisilkokulu.meb.k12.tr,,,https://calisilkokulu.meb.k12.tr/tema/harita.php,2026-08-31,30,30,bulundu,https://calisilkokulu.meb.k12.tr/,2026-10-01T18:52:27.262043+00:00,,Öğrenci Sayısı: 30
Kahramanmaraş,Elbistan,Çatova Ortaokulu,732353,Ortaokul,https://catovaortaokulu.meb.k12.tr,,,https://catovaortaokulu.meb.k12.tr/tema/harita.php,2026-08-31,86,86,bulundu,https://catovaortaokulu.meb.k12.tr/,2026-10-01T18:52:27.739919+00:00,,Öğrenci Sayısı: 86
Kahramanmaraş,Elbistan,Çatova İlkokulu,732351,İlkokul,https://catovailkokulu.meb.k12.tr,,,https://catovailkokulu.meb.k12.tr/tema/harita.php,2026-08-31,62,62,bulundu,https://catovailkokulu.meb.k12.tr/,2026-10-01T18:52:27.776876+00:00,,Öğrenci Sayısı : 62
Kahramanmaraş,Elbistan,Çiçek Ortaokulu,732357,Ortaokul,https://cicekortaokulu.meb.k12.tr,,,https://cicekortaokulu.meb.k12.tr/tema/harita.php,2026-08-31,198,198,bulundu,https://cicekortaokulu.meb.k12.tr/,2026-10-01T18:52:27.962431+00:00,,Öğrenci Sayısı : 198
Kahramanmaraş,Elbistan,Çiçek İlkokulu,732356,İlkokul,https://cicekilkokulu.meb.k12.tr,,,https://cicekilkokulu.meb.k12.tr/tema/harita.php,2026-08-31,238,238,bulundu,https://cicekilkokulu.meb.k12.tr/,2026-10-01T18:52:28.029755+00:00,,Öğrenci Sayısı : 238
Kahramanmaraş,Elbistan,Çok Programlı Anadolu Lisesi,184851,Çok Programlı Anadolu Lisesi,https://elbistancpl.meb.k12.tr,,,https://elbistancpl.meb.k12.tr/tema/harita.php,2026-08-31,594,594,bulundu,https://elbistancpl.meb.k12.tr/,2026-10-01T18:52:28.184122+00:00,,Öğrenci Sayısı 594
Kahramanmaraş,Elbistan,İbrahim Nuh Paksu Kızılay Anaokulu,768787,Anaokulu,https://ibrahimnuhpaksukizilayanaokulu.meb.k12.tr,,,https://ibrahimnuhpaksukizilayanaokulu.meb.k12.tr/tema/harita.php,2026-08-31,101,101,bulundu,https://ibrahimnuhpaksukizilayanaokulu.meb.k12.tr/,2026-10-01T18:52:28.247472+00:00,,Öğrenci Sayısı 101
Kahramanmaraş,Elbistan,İstiklal İlkokulu,732202,İlkokul,https://elbistanistiklal.meb.k12.tr,,,https://elbistanistiklal.meb.k12.tr/tema/harita.php,2026-08-31,297,297,bulundu,https://elbistanistiklal.meb.k12.tr/,2026-10-01T18:52:28.289362+00:00,,Öğrenci Sayısı: 297
Kahramanmaraş,Elbistan,İğde Anadolu Lisesi,762822,Anadolu Lisesi,https://762822.meb.k12.tr,,,https://762822.meb.k12.tr/tema/harita.php,2026-08-31,36,36,bulundu,https://762822.meb.k12.tr/,2026-10-01T18:52:28.338767+00:00,,Öğrenci Sayısı 36
Kahramanmaraş,Elbistan,Şehit Abdullah Tayyip Olçok Kız Anadolu İmam Hatip Lisesi,760908,Anadolu İmam Hatip Lisesi,https://sehitabdullahtayyipolcokkizaihl.meb.k12.tr,,,https://sehitabdullahtayyipolcokkizaihl.meb.k12.tr/tema/harita.php,2026-08-31,529,529,bulundu,https://sehitabdullahtayyipolcokkizaihl.meb.k12.tr/,2026-10-01T18:52:28.387824+00:00,,Öğrenci Sayısı : 529
Kahramanmaraş,Elbistan,Şehit Ali Tolga Ocak Anadolu Lisesi,769127,Anadolu Lisesi,https://769127.meb.k12.tr,,,https://769127.meb.k12.tr/tema/harita.php,2026-08-31,110,110,bulundu,https://769127.meb.k12.tr/tema/okulumuz_hakkinda.php,2026-10-01T18:52:28.419198+00:00,,Öğrenci : 110
Kahramanmaraş,Elbistan,Şehit Hüseyin Emre Kul Ortaokulu,767508,Ortaokul,https://sehitemrekul.meb.k12.tr,,,https://sehitemrekul.meb.k12.tr/tema/harita.php,2026-08-31,51,51,bulundu,https://sehitemrekul.meb.k12.tr/,2026-10-01T18:52:28.449015+00:00,,Öğrenci Sayısı : 51
Kahramanmaraş,Elbistan,Şehit Kamil Topal Ortaokulu,767966,Ortaokul,https://elbistansehitkamiltopal.meb.k12.tr,,,https://elbistansehitkamiltopal.meb.k12.tr/tema/harita.php,2026-08-31,899,899,bulundu,https://elbistansehitkamiltopal.meb.k12.tr/tema/okulumuz_hakkinda.php,2026-10-01T18:52:28.454663+00:00,,Öğrenci : 899
Kahramanmaraş,Elbistan,Şehit Kemal Özdoğan İlkokulu,763934,İlkokul,https://sehitkemalozdoganilkokulu.meb.k12.tr,,,https://sehitkemalozdoganilkokulu.meb.k12.tr/tema/harita.php,2026-08-31,774,774,bulundu,https://sehitkemalozdoganilkokulu.meb.k12.tr/,2026-10-01T18:52:28.491781+00:00,,Öğrenci Sayısı : 774
Kahramanmaraş,Elbistan,Şehit Mehmet Şahin Özel Eğitim Meslek Okulu,773484,Özel Eğitim Kurumu,https://sehitmehmetsahinoemo.meb.k12.tr,,,https://sehitmehmetsahinoemo.meb.k12.tr/tema/harita.php,2026-08-31,59,59,bulundu,https://sehitmehmetsahinoemo.meb.k12.tr/,2026-10-01T18:52:28.516785+00:00,,Öğrenci Sayısı : 59
Kahramanmaraş,Elbistan,Şehit Naci Soydan Mesleki ve Teknik Anadolu Lisesi,765851,Mesleki ve Teknik Anadolu Lisesi,https://elbistansehitnacisoydan.meb.k12.tr,,,https://elbistansehitnacisoydan.meb.k12.tr/tema/harita.php,2026-08-31,287,287,bulundu,https://elbistansehitnacisoydan.meb.k12.tr/,2026-10-01T18:52:28.529425+00:00,,Öğrenci Sayısı 287
Kahramanmaraş,Elbistan,Şehit İsrafil Kargı İlkokulu,732184,İlkokul,https://sehitisrafilkargi.meb.k12.tr,,,https://sehitisrafilkargi.meb.k12.tr/tema/harita.php,2026-08-31,820,820,bulundu,https://sehitisrafilkargi.meb.k12.tr/,2026-10-01T18:52:28.727593+00:00,,Öğrenci Sayısı : 820
Kahramanmaraş,Elbistan,Şeker Ortaokulu,732243,Ortaokul,https://seker.meb.k12.tr,,,https://seker.meb.k12.tr/tema/harita.php,2026-08-31,695,695,bulundu,https://seker.meb.k12.tr/,2026-10-01T18:52:28.779499+00:00,,Öğrenci Sayısı : 695
Kahramanmaraş,Elbistan,Şh. Tğm. Harun Kılıç Ortaokulu,732188,Ortaokul,https://tegmenkilinc.meb.k12.tr,,,https://tegmenkilinc.meb.k12.tr/tema/harita.php,2026-08-31,1003,1003,bulundu,https://tegmenkilinc.meb.k12.tr/tema/okulumuz_hakkinda.php,2026-10-01T18:52:28.929154+00:00,,Öğrenci : 1003
Kahramanmaraş,Elbistan,Şh.Er.Ali Beyaz Ortaokulu,733097,Ortaokul,https://sehiteralibeyazoo.meb.k12.tr,,,https://sehiteralibeyazoo.meb.k12.tr/tema/harita.php,2026-08-31,104,104,bulundu,https://sehiteralibeyazoo.meb.k12.tr/,2026-10-01T18:52:28.950360+00:00,,Öğrenci Sayısı 104
Kahramanmaraş,Elbistan,Şh.Er.Ali Beyaz İlkokulu,733096,İlkokul,https://sehiteralibeyazio.meb.k12.tr,,,https://sehiteralibeyazio.meb.k12.tr/tema/harita.php,2026-08-31,119,119,bulundu,https://sehiteralibeyazio.meb.k12.tr/,2026-10-01T18:52:29.075786+00:00,,Öğrenci Sayısı: 119
Kahramanmaraş,Göksun,Akpınar İlkokulu,735573,İlkokul,https://goksunakpinarilkokulu.meb.k12.tr,,,https://goksunakpinarilkokulu.meb.k12.tr/tema/harita.php,2026-08-31,11,11,bulundu,https://goksunakpinarilkokulu.meb.k12.tr/,2026-10-01T18:52:29.117147+00:00,,Öğrenci Sayısı 11
Kahramanmaraş,Göksun,Arslanbey Mesleki ve Teknik Anadolu Lisesi,963234,Mesleki ve Teknik Anadolu Lisesi,https://goksunmeslekiteknikanadolulisesi.meb.k12.tr,,,https://goksunmeslekiteknikanadolulisesi.meb.k12.tr/tema/harita.php,2026-08-31,432,432,bulundu,https://goksunmeslekiteknikanadolulisesi.meb.k12.tr/,2026-10-01T18:52:29.134395+00:00,,Öğrenci Sayısı 432
Kahramanmaraş,Göksun,Atatürk İlkokulu,729851,İlkokul,https://goksunataturkio.meb.k12.tr,,,https://goksunataturkio.meb.k12.tr/tema/harita.php,2026-08-31,152,152,bulundu,https://goksunataturkio.meb.k12.tr/,2026-10-01T18:52:29.228588+00:00,,Öğrenci Sayısı : 152
Kahramanmaraş,Göksun,Aşağıkınıkkoz İlkokulu,766692,İlkokul,https://asagikinikkozilkokulu.meb.k12.tr,,,https://asagikinikkozilkokulu.meb.k12.tr/tema/harita.php,2026-08-31,3,3,bulundu,https://asagikinikkozilkokulu.meb.k12.tr/,2026-10-01T18:52:29.271772+00:00,,Öğrenci Sayısı 3
Kahramanmaraş,Göksun,Berit İlkokulu,771427,İlkokul,https://goksunberitilkokulu.meb.k12.tr,,,https://goksunberitilkokulu.meb.k12.tr/tema/harita.php,2026-08-31,7,7,bulundu,https://goksunberitilkokulu.meb.k12.tr/,2026-10-01T18:52:29.282358+00:00,,Öğrenci Sayısı : 7
Kahramanmaraş,Göksun,Bozhüyük Çok Programlı Anadolu Lisesi,378548,Çok Programlı Anadolu Lisesi,https://bozhuyukcpl.meb.k12.tr,,,https://bozhuyukcpl.meb.k12.tr/tema/harita.php,2026-08-31,66,66,bulundu,https://bozhuyukcpl.meb.k12.tr/,2026-10-01T18:52:29.527921+00:00,,Öğrenci Sayısı 66
Kahramanmaraş,Göksun,Bozhüyük Şehit Samet Karslı Ortaokulu,729847,Ortaokul,https://bozhyk.meb.k12.tr,,,https://bozhyk.meb.k12.tr/tema/harita.php,2026-08-31,59,59,bulundu,https://bozhyk.meb.k12.tr/tema/okulumuz_hakkinda.php,2026-10-01T18:52:29.545320+00:00,,Öğrenci : 59
Kahramanmaraş,Göksun,Büyükkızılcık Anadolu Lisesi,769122,Anadolu Lisesi,https://buyukkizilcikanadolulisesi.meb.k12.tr,,,https://buyukkizilcikanadolulisesi.meb.k12.tr/tema/harita.php,2026-08-31,38,38,bulundu,https://buyukkizilcikanadolulisesi.meb.k12.tr/,2026-10-01T18:52:29.652492+00:00,,Öğrenci Sayısı : 38
Kahramanmaraş,Göksun,Büyükkızılcık Apıklar İlkokulu,735567,İlkokul,https://goksunapiklario.meb.k12.tr,,,https://goksunapiklario.meb.k12.tr/tema/harita.php,2026-08-31,16,16,bulundu,https://goksunapiklario.meb.k12.tr/,2026-10-01T18:52:29.720814+00:00,,Öğrenci Sayısı : 16
Kahramanmaraş,Göksun,Büyükkızılcık Güller Ortaokulu,729840,Ortaokul,https://goksunbykgulleroo.meb.k12.tr,,,https://goksunbykgulleroo.meb.k12.tr/tema/harita.php,2026-08-31,20,20,bulundu,https://goksunbykgulleroo.meb.k12.tr/,2026-10-01T18:52:29.735882+00:00,,Öğrenci Sayısı : 20
Kahramanmaraş,Göksun,Büyükkızılcık Güller İlkokulu,729843,İlkokul,https://goksunbykgullerio.meb.k12.tr,,,https://goksunbykgullerio.meb.k12.tr/tema/harita.php,2026-08-31,26,26,bulundu,https://goksunbykgullerio.meb.k12.tr/,2026-10-01T18:52:29.901128+00:00,,Öğrenci Sayısı : 26
Kahramanmaraş,Göksun,Büyükkızılcık İlkokulu,729846,İlkokul,https://buyukkizilcikilkokulu.meb.k12.tr,,,https://buyukkizilcikilkokulu.meb.k12.tr/tema/harita.php,2026-08-31,144,144,bulundu,https://buyukkizilcikilkokulu.meb.k12.tr/,2026-10-01T18:52:30.217027+00:00,,Öğrenci Sayısı 144
Kahramanmaraş,Göksun,Büyükkızılcık Şehit Bayram Kocabaş Ortaokulu,729845,Ortaokul,https://buyukkizilcikortaokulu.meb.k12.tr,,,https://buyukkizilcikortaokulu.meb.k12.tr/tema/harita.php,2026-08-31,101,101,bulundu,https://buyukkizilcikortaokulu.meb.k12.tr/,2026-10-01T18:52:30.378879+00:00,,Öğrenci Sayısı 101
Kahramanmaraş,Göksun,Devlettepe Ortaokulu,777268,Ortaokul,https://777268.meb.k12.tr,,,https://777268.meb.k12.tr/tema/harita.php,2026-08-31,0,0,bulundu,https://777268.meb.k12.tr/,2026-10-01T18:52:30.510600+00:00,,Öğrenci Sayısı : 0
Kahramanmaraş,Göksun,Devlettepe İlkokulu,777266,İlkokul,https://777266.meb.k12.tr,,,https://777266.meb.k12.tr/tema/harita.php,2026-08-31,,,bulunamadi,,2026-10-01T18:52:30.616610+00:00,,
Kahramanmaraş,Göksun,Değirmendere Prof. Dr. Mehmet Sağlam Ortaokulu,744905,Ortaokul,https://degirmenderemsaglamortaokulu.meb.k12.tr,,,https://degirmenderemsaglamortaokulu.meb.k12.tr/tema/harita.php,2026-08-31,42,42,bulundu,https://degirmenderemsaglamortaokulu.meb.k12.tr/,2026-10-01T18:52:30.705263+00:00,,Öğrenci Sayısı: 42
Kahramanmaraş,Göksun,Değirmendere Prof. Dr. Mehmet Sağlam İlkokulu,729834,İlkokul,https://degirmenderemehmetsaglamilkokulu.meb.k12.tr,,,https://degirmenderemehmetsaglamilkokulu.meb.k12.tr/tema/harita.php,2026-08-31,38,38,bulundu,https://degirmenderemehmetsaglamilkokulu.meb.k12.tr/,2026-10-01T18:52:30.737743+00:00,,Öğrenci Sayısı: 38
Kahramanmaraş,Göksun,Ericek Prof. Dr. Mehmet Sağlam Anadolu Lisesi,767239,Anadolu Lisesi,https://ericekanadolulisesi.meb.k12.tr,,,https://ericekanadolulisesi.meb.k12.tr/tema/harita.php,2026-08-31,89,89,bulundu,https://ericekanadolulisesi.meb.k12.tr/,2026-10-01T18:52:30.804867+00:00,,Öğrenci Sayısı : 89
Kahramanmaraş,Göksun,Ericek Şehit Elhas Esendere Ortaokulu,744946,Ortaokul,https://ericekmerkezort.meb.k12.tr,,,https://ericekmerkezort.meb.k12.tr/tema/harita.php,2026-08-31,102,102,bulundu,https://ericekmerkezort.meb.k12.tr/,2026-10-01T18:52:30.808036+00:00,,Öğrenci Sayısı 102
Kahramanmaraş,Göksun,Ericek Şehit Elhas Esendere İlkokulu,729832,İlkokul,https://ericekmerkezio.meb.k12.tr,,,https://ericekmerkezio.meb.k12.tr/tema/harita.php,2026-08-31,103,103,bulundu,https://ericekmerkezio.meb.k12.tr/,2026-10-01T18:52:30.822010+00:00,,Öğrenci Sayısı: 103
Kahramanmaraş,Göksun,Esenköy Ortaokulu,757327,Ortaokul,https://esenkoyortaokulu.meb.k12.tr,,,https://esenkoyortaokulu.meb.k12.tr/tema/harita.php,2026-08-31,40,40,bulundu,https://esenkoyortaokulu.meb.k12.tr/,2026-10-01T18:52:30.835351+00:00,,Öğrenci Sayısı : 40
Kahramanmaraş,Göksun,Esenköy İlkokulu,735574,İlkokul,https://esenkoyilkokulu.meb.k12.tr,,,https://esenkoyilkokulu.meb.k12.tr/tema/harita.php,2026-08-31,26,26,bulundu,https://esenkoyilkokulu.meb.k12.tr/,2026-10-01T18:52:30.895105+00:00,,Öğrenci Sayısı : 26
Kahramanmaraş,Göksun,Fatih Ortaokulu,746357,Ortaokul,https://goksunfatihortaokulu.meb.k12.tr,,,https://goksunfatihortaokulu.meb.k12.tr/tema/harita.php,2026-08-31,416,416,bulundu,https://goksunfatihortaokulu.meb.k12.tr/,2026-10-01T18:52:30.926202+00:00,,Öğrenci Sayısı 416
Kahramanmaraş,Göksun,Fatih İlkokulu,729716,İlkokul,https://goksunfatihilkokulu.meb.k12.tr,,,https://goksunfatihilkokulu.meb.k12.tr/tema/harita.php,2026-08-31,343,343,bulundu,https://goksunfatihilkokulu.meb.k12.tr/,2026-10-01T18:52:30.927422+00:00,,Öğrenci Sayısı 343
Kahramanmaraş,Göksun,Fındıklıkoyak İlkokulu,735575,İlkokul,https://findiklikoyakilkokulu.meb.k12.tr,,,https://findiklikoyakilkokulu.meb.k12.tr/tema/harita.php,2026-08-31,6,6,bulundu,https://findiklikoyakilkokulu.meb.k12.tr/,2026-10-01T18:52:30.982861+00:00,,Öğrenci Sayısı 6
Kahramanmaraş,Göksun,Göksun 15 Temmuz Şehitler İlkokulu,763049,İlkokul,https://goksun15temmuzsehitlerilkokulu.meb.k12.tr,,,https://goksun15temmuzsehitlerilkokulu.meb.k12.tr/tema/harita.php,2026-08-31,280,280,bulundu,https://goksun15temmuzsehitlerilkokulu.meb.k12.tr/,2026-10-01T18:52:31.553027+00:00,,Öğrenci Sayısı : 280
Kahramanmaraş,Göksun,Göksun Anadolu Lisesi,300495,Anadolu Lisesi,https://goksunal.meb.k12.tr,,,https://goksunal.meb.k12.tr/tema/harita.php,2026-08-31,539,539,bulundu,https://goksunal.meb.k12.tr/,2026-10-01T18:52:31.564561+00:00,,Öğrenci Sayısı 539
Kahramanmaraş,Göksun,Göksun Anadolu İmam Hatip Lisesi,760615,Anadolu İmam Hatip Lisesi,https://goksunaihl.meb.k12.tr,,,https://goksunaihl.meb.k12.tr/tema/harita.php,2026-08-31,117,117,bulundu,https://goksunaihl.meb.k12.tr/,2026-10-01T18:52:31.582401+00:00,,Öğrenci Sayısı : 117
Kahramanmaraş,Göksun,Göksun Büyükkızılcık Çok programlı Anadolu Lisesi,760544,Çok Programlı Anadolu Lisesi,https://buyukkizilcikcpal.meb.k12.tr,,,https://buyukkizilcikcpal.meb.k12.tr/tema/harita.php,2026-08-31,8,8,bulundu,https://buyukkizilcikcpal.meb.k12.tr/tema/okulumuz_hakkinda.php,2026-10-01T18:52:31.588733+00:00,,Öğrenci : 8
Kahramanmaraş,Göksun,Göksun Cumhuriyet Özel Eğitim Uygulama Okulu I. Kademe,775044,Özel Eğitim Kurumu,https://goksuncumhuriyetozelegitimokulu1.meb.k12.tr,,,https://goksuncumhuriyetozelegitimokulu1.meb.k12.tr/tema/harita.php,2026-08-31,,,bulunamadi,,2026-10-01T18:52:31.663028+00:00,,
Kahramanmaraş,Göksun,Göksun Cumhuriyet Özel Eğitim Uygulama Okulu II. Kademe,775045,Özel Eğitim Kurumu,https://goksuncumhuriyetozelegitimokulu2.meb.k12.tr,,,https://goksuncumhuriyetozelegitimokulu2.meb.k12.tr/tema/harita.php,2026-08-31,,,bulunamadi,,2026-10-01T18:52:31.723128+00:00,,
Kahramanmaraş,Göksun,Göksun Fen Lisesi,966327,Fen Lisesi,https://goksunfenlisesi.meb.k12.tr,,,https://goksunfenlisesi.meb.k12.tr/tema/harita.php,2026-08-31,371,371,bulundu,https://goksunfenlisesi.meb.k12.tr/,2026-10-01T18:52:31.800539+00:00,,Öğrenci Sayısı : 371
Kahramanmaraş,Göksun,Göksun Halk Eğitimi Merkezi,185031,Halk Eğitimi Merkezi,https://goksunhem.meb.k12.tr,,,https://goksunhem.meb.k12.tr/tema/harita.php,2026-08-31,,,bulunamadi,,2026-10-01T18:52:31.856426+00:00,,
Kahramanmaraş,Göksun,Göksun Kız Anadolu İmam Hatip Lisesi,760614,Anadolu İmam Hatip Lisesi,https://goksunkizanadoluimamhatip.meb.k12.tr,,,https://goksunkizanadoluimamhatip.meb.k12.tr/tema/harita.php,2026-08-31,265,265,bulundu,https://goksunkizanadoluimamhatip.meb.k12.tr/,2026-10-01T18:52:32.039614+00:00,,Öğrenci Sayısı : 265
Kahramanmaraş,Göksun,Göksun Mesleki ve Teknik Anadolu Lisesi,907132,Mesleki ve Teknik Anadolu Lisesi,https://goksunmetem.meb.k12.tr,,,https://goksunmetem.meb.k12.tr/tema/harita.php,2026-08-31,502,502,bulundu,https://goksunmetem.meb.k12.tr/,2026-10-01T18:52:32.123277+00:00,,Öğrenci Sayısı 502
Kahramanmaraş,Göksun,Göksun Nevzat Pakdil Yatılı Bölge Ortaokulu,747931,Ortaokul,https://goksunybo.meb.k12.tr,,,https://goksunybo.meb.k12.tr/tema/harita.php,2026-08-31,250,250,bulundu,https://goksunybo.meb.k12.tr/tema/okulumuz_hakkinda.php,2026-10-01T18:52:32.160654+00:00,,Öğrenci : 250
Kahramanmaraş,Göksun,Göksun Nevzat Pakdil İlkokulu,746447,İlkokul,https://goksunnevzatpakdililkokulu.meb.k12.tr,,,https://goksunnevzatpakdililkokulu.meb.k12.tr/tema/harita.php,2026-08-31,208,208,bulundu,https://goksunnevzatpakdililkokulu.meb.k12.tr/,2026-10-01T18:52:32.206369+00:00,,Öğrenci Sayısı : 208
Kahramanmaraş,Göksun,Göksun Pr. Dr. Mehmet SAĞLAM Öğretmenevi ve Akşam Sanat Okulu,971309,Öğretmenevi,https://goksunogretmenevi.meb.k12.tr,,,https://goksunogretmenevi.meb.k12.tr/tema/harita.php,2026-08-31,,,bulunamadi,,2026-10-01T18:52:32.248113+00:00,,
Kahramanmaraş,Göksun,Göksun Yunus Emre İlkokulu,729515,İlkokul,https://yunusemreilkokulu46.meb.k12.tr,,,https://yunusemreilkokulu46.meb.k12.tr/tema/harita.php,2026-08-31,610,610,bulundu,https://yunusemreilkokulu46.meb.k12.tr/,2026-10-01T18:52:32.259976+00:00,,Öğrenci Sayısı : 610
Kahramanmaraş,Göksun,Göksun Şehit Ali Özdemir Anaokulu,759370,Anaokulu,https://goksunsehitaliozdemiranaokulu.meb.k12.tr,,,https://goksunsehitaliozdemiranaokulu.meb.k12.tr/tema/harita.php,2026-08-31,,,bulunamadi,,2026-10-01T18:52:32.344756+00:00,,
Kahramanmaraş,Göksun,Göksun Şehitler Anadolu Lisesi,184983,Anadolu Lisesi,https://sehitleranadolulisesi.meb.k12.tr,,,https://sehitleranadolulisesi.meb.k12.tr/tema/harita.php,2026-08-31,261,261,bulundu,https://sehitleranadolulisesi.meb.k12.tr/,2026-10-01T18:52:32.352722+00:00,,Öğrenci Sayısı 261
Kahramanmaraş,Göksun,Kaleboynu İlkokulu,735581,İlkokul,https://kaleboynuilkokulu.meb.k12.tr,,,https://kaleboynuilkokulu.meb.k12.tr/tema/harita.php,2026-08-31,7,7,bulundu,https://kaleboynuilkokulu.meb.k12.tr/,2026-10-01T18:52:32.660979+00:00,,Öğrenci Sayısı 7
Kahramanmaraş,Göksun,Kanlıkavak Ortaokulu,729826,Ortaokul,https://kanlikavakoo.meb.k12.tr,,,https://kanlikavakoo.meb.k12.tr/tema/harita.php,2026-08-31,72,72,bulundu,https://kanlikavakoo.meb.k12.tr/,2026-10-01T18:52:32.680873+00:00,,Öğrenci Sayısı 72
Kahramanmaraş,Göksun,Kanlıkavak İlkokulu,249112,İlkokul,https://kanlikavakilkokulu.meb.k12.tr,,,https://kanlikavakilkokulu.meb.k12.tr/tema/harita.php,2026-08-31,69,69,bulundu,https://kanlikavakilkokulu.meb.k12.tr/,2026-10-01T18:52:32.692408+00:00,,Öğrenci Sayısı 69
Kahramanmaraş,Göksun,Karadut Ağıl İlkokulu,735582,İlkokul,https://gksunkaradutagilio.meb.k12.tr,,,https://gksunkaradutagilio.meb.k12.tr/tema/harita.php,2026-08-31,44,44,bulundu,https://gksunkaradutagilio.meb.k12.tr/,2026-10-01T18:52:32.701824+00:00,,Öğrenci Sayısı: 44
Kahramanmaraş,Göksun,Karaömer İlkokulu,735587,İlkokul,https://karaomerilkokulu.meb.k12.tr,,,https://karaomerilkokulu.meb.k12.tr/tema/harita.php,2026-08-31,9,9,bulundu,https://karaomerilkokulu.meb.k12.tr/,2026-10-01T18:52:32.762137+00:00,,Öğrenci Sayısı 9
Kahramanmaraş,Göksun,Kavşut İlkokulu,776735,İlkokul,https://776735.meb.k12.tr,,,https://776735.meb.k12.tr/tema/harita.php,2026-08-31,0,0,bulundu,https://776735.meb.k12.tr/,2026-10-01T18:52:32.787899+00:00,,Öğrenci Sayısı : 0
Kahramanmaraş,Göksun,Kazandere İlkokulu,735589,İlkokul,https://goksunkazandereio.meb.k12.tr,,,https://goksunkazandereio.meb.k12.tr/tema/harita.php,2026-08-31,11,11,bulundu,https://goksunkazandereio.meb.k12.tr/,2026-10-01T18:52:32.820800+00:00,,Öğrenci Sayısı 11
Kahramanmaraş,Göksun,Selçuklu İlkokulu,735595,İlkokul,https://goksunselcukluio.meb.k12.tr,,,https://goksunselcukluio.meb.k12.tr/tema/harita.php,2026-08-31,11,11,bulundu,https://goksunselcukluio.meb.k12.tr/,2026-10-01T18:52:32.861822+00:00,,Öğrenci Sayısı 11
Kahramanmaraş,Göksun,Taşoluk Şehit Murat Yıldırım Ortaokulu,729824,Ortaokul,https://goksunsehitmuratyildirimoo.meb.k12.tr,,,https://goksunsehitmuratyildirimoo.meb.k12.tr/tema/harita.php,2026-08-31,66,66,bulundu,https://goksunsehitmuratyildirimoo.meb.k12.tr/,2026-10-01T18:52:32.883425+00:00,,Öğrenci Sayısı 66
Kahramanmaraş,Göksun,Taşoluk Şehit Murat Yıldırım İlkokulu,729825,İlkokul,https://goksunsehitmuratyildirimio.meb.k12.tr,,,https://goksunsehitmuratyildirimio.meb.k12.tr/tema/harita.php,2026-08-31,73,73,bulundu,https://goksunsehitmuratyildirimio.meb.k12.tr/,2026-10-01T18:52:33.015985+00:00,,Öğrenci Sayısı 73
Kahramanmaraş,Göksun,Tombak Anaokulu,752953,Anaokulu,https://tombakanaokulu.meb.k12.tr,,,https://tombakanaokulu.meb.k12.tr/tema/harita.php,2026-08-31,40,40,bulundu,https://tombakanaokulu.meb.k12.tr/,2026-10-01T18:52:33.034585+00:00,,Öğrenci Sayısı: 40
Kahramanmaraş,Göksun,Tombak Şehit Mehmet Bozgurt Ortaokulu,744928,Ortaokul,https://tombakoo.meb.k12.tr,,,https://tombakoo.meb.k12.tr/tema/harita.php,2026-08-31,162,162,bulundu,https://tombakoo.meb.k12.tr/,2026-10-01T18:52:33.038459+00:00,,Öğrenci Sayısı 162
Kahramanmaraş,Göksun,Tombak Şehit Osman Sarıca İlkokulu,729823,İlkokul,https://tombakio.meb.k12.tr,,,https://tombakio.meb.k12.tr/tema/harita.php,2026-08-31,170,170,bulundu,https://tombakio.meb.k12.tr/,2026-10-01T18:52:33.735661+00:00,,Öğrenci Sayısı: 170
Kahramanmaraş,Göksun,Turna Bucağı Ortaokulu,729728,Ortaokul,https://turnabucagiortaokulu.meb.k12.tr,,,https://turnabucagiortaokulu.meb.k12.tr/tema/harita.php,2026-08-31,260,260,bulundu,https://turnabucagiortaokulu.meb.k12.tr/,2026-10-01T18:52:33.777155+00:00,,Öğrenci Sayısı : 260
Kahramanmaraş,Göksun,Turna Bucağı İlkokulu,963267,İlkokul,https://turnabucagiilkokulu.meb.k12.tr,,,https://turnabucagiilkokulu.meb.k12.tr/tema/harita.php,2026-08-31,225,225,bulundu,https://turnabucagiilkokulu.meb.k12.tr/,2026-10-01T18:52:33.788156+00:00,,Öğrenci Sayısı : 225
Kahramanmaraş,Göksun,Yavuz Selim Ortaokulu,729498,Ortaokul,https://goksunyavuzselim.meb.k12.tr,,,https://goksunyavuzselim.meb.k12.tr/tema/harita.php,2026-08-31,732,732,bulundu,https://goksunyavuzselim.meb.k12.tr/,2026-10-01T18:52:33.817587+00:00,,Öğrenci Sayısı 732
Kahramanmaraş,Göksun,Çardak Anadolu Lisesi,775135,Anadolu Lisesi,https://goksuncardakal.meb.k12.tr,,,https://goksuncardakal.meb.k12.tr/tema/harita.php,2026-08-31,70,70,bulundu,https://goksuncardakal.meb.k12.tr/,2026-10-01T18:52:33.995843+00:00,,Öğrenci Sayısı : 70
Kahramanmaraş,Göksun,Çardak Ortaokulu,729837,Ortaokul,https://goksuncardakoo.meb.k12.tr,,,https://goksuncardakoo.meb.k12.tr/tema/harita.php,2026-08-31,47,47,bulundu,https://goksuncardakoo.meb.k12.tr/,2026-10-01T18:52:34.347415+00:00,,Öğrenci Sayısı 47
Kahramanmaraş,Göksun,Çardak İlkokulu,729839,İlkokul,https://goksuncardakio.meb.k12.tr,,,https://goksuncardakio.meb.k12.tr/tema/harita.php,2026-08-31,48,48,bulundu,https://goksuncardakio.meb.k12.tr/,2026-10-01T18:52:34.353190+00:00,,Öğrenci Sayısı : 48
Kahramanmaraş,Göksun,İstiklal Ortaokulu,729723,Ortaokul,https://goksunistiklalortaokulu.meb.k12.tr,,,https://goksunistiklalortaokulu.meb.k12.tr/tema/harita.php,2026-08-31,177,177,bulundu,https://goksunistiklalortaokulu.meb.k12.tr/,2026-10-01T18:52:34.430041+00:00,,Öğrenci Sayısı 177
Kahramanmaraş,Göksun,İstiklal İlkokulu,746358,İlkokul,https://goksunistiklalilkokulu.meb.k12.tr,,,https://goksunistiklalilkokulu.meb.k12.tr/tema/harita.php,2026-08-31,187,187,bulundu,https://goksunistiklalilkokulu.meb.k12.tr/,2026-10-01T18:52:34.494157+00:00,,Öğrenci Sayısı 187
Kahramanmaraş,Göksun,Şehit Emrullah Gülmez İmam Hatip Ortaokulu,729850,İmam Hatip Ortaokulu,https://goksuniho.meb.k12.tr,,,https://goksuniho.meb.k12.tr/tema/harita.php,2026-08-31,112,112,bulundu,https://goksuniho.meb.k12.tr/,2026-10-01T18:52:34.557545+00:00,,Öğrenci Sayısı : 112
Kahramanmaraş,Göksun,Şehit Selahattin Bağrıaçık Anaokulu,876411,Anaokulu,https://sehitselahattinbagriacikanaokulu.meb.k12.tr,,,https://sehitselahattinbagriacikanaokulu.meb.k12.tr/tema/harita.php,2026-08-31,112,112,bulundu,https://sehitselahattinbagriacikanaokulu.meb.k12.tr/,2026-10-01T18:52:34.559067+00:00,,Öğrenci Sayısı: 112
Kahramanmaraş,Göksun,Şehit Yavuz Selim Arslan İlkokulu,729849,İlkokul,https://bozhuyukio.meb.k12.tr,,,https://bozhuyukio.meb.k12.tr/tema/harita.php,2026-08-31,,,bulunamadi,,2026-10-01T18:52:34.571969+00:00,,
Kahramanmaraş,Nurhak,15 Temmuz Şehitleri İmam Hatip Ortaokulu,760600,İmam Hatip Ortaokulu,https://kullar15temshtihoo.meb.k12.tr,,,https://kullar15temshtihoo.meb.k12.tr/tema/harita.php,2026-08-31,,,bulunamadi,,2026-10-01T18:52:34.635334+00:00,,
Kahramanmaraş,Nurhak,Atatürk Ortaokulu,727153,Ortaokul,https://nurhakataturkoo.meb.k12.tr,,,https://nurhakataturkoo.meb.k12.tr/tema/harita.php,2026-08-31,56,56,bulundu,https://nurhakataturkoo.meb.k12.tr/,2026-10-01T18:52:34.693241+00:00,,Öğrenci Sayısı : 56
Kahramanmaraş,Nurhak,Atatürk İlkokulu,727152,İlkokul,https://nurhakataturkio.meb.k12.tr,,,https://nurhakataturkio.meb.k12.tr/tema/harita.php,2026-08-31,,,bulunamadi,,2026-10-01T18:52:34.723250+00:00,,
Kahramanmaraş,Nurhak,Barış Ortaokulu,727157,Ortaokul,https://nurhakbarisoo.meb.k12.tr,,,https://nurhakbarisoo.meb.k12.tr/tema/harita.php,2026-08-31,22,22,bulundu,https://nurhakbarisoo.meb.k12.tr/,2026-10-01T18:52:34.734145+00:00,,Öğrenci Sayısı 22
Kahramanmaraş,Nurhak,Barış İlkokulu,400962,İlkokul,https://barisilkokulu.meb.k12.tr,,,https://barisilkokulu.meb.k12.tr/tema/harita.php,2026-08-31,30,30,bulundu,https://barisilkokulu.meb.k12.tr/,2026-10-01T18:52:34.814025+00:00,,Öğrenci Sayısı 30
Kahramanmaraş,Nurhak,Cumhuriyet Anaokulu,971943,Anaokulu,https://kullarcumhuriyetao.meb.k12.tr,,,https://kullarcumhuriyetao.meb.k12.tr/tema/harita.php,2026-08-31,34,34,bulundu,https://kullarcumhuriyetao.meb.k12.tr/,2026-10-01T18:52:35.111081+00:00,,Öğrenci Sayısı 34
Kahramanmaraş,Nurhak,Karaçar Ortaokulu,727155,Ortaokul,https://karaarortaokulu.meb.k12.tr,,,https://karaarortaokulu.meb.k12.tr/tema/harita.php,2026-08-31,69,69,bulundu,https://karaarortaokulu.meb.k12.tr/,2026-10-01T18:52:35.280611+00:00,,Öğrenci Sayısı : 69
Kahramanmaraş,Nurhak,Karaçar İlkokulu,727154,İlkokul,https://karacarilkokulu.meb.k12.tr,,,https://karacarilkokulu.meb.k12.tr/tema/harita.php,2026-08-31,94,94,bulundu,https://karacarilkokulu.meb.k12.tr/,2026-10-01T18:52:35.285549+00:00,,Öğrenci Sayısı: 94
Kahramanmaraş,Nurhak,Kullar Süleyman Şahin Ortaokulu,727159,Ortaokul,https://kullarssoo.meb.k12.tr,,,https://kullarssoo.meb.k12.tr/tema/harita.php,2026-08-31,108,108,bulundu,https://kullarssoo.meb.k12.tr/,2026-10-01T18:52:35.321457+00:00,,Öğrenci Sayısı 108
Kahramanmaraş,Nurhak,Kullar Süleyman Şahin İlkokulu,727158,İlkokul,https://kullarssio.meb.k12.tr,,,https://kullarssio.meb.k12.tr/tema/harita.php,2026-08-31,146,146,bulundu,https://kullarssio.meb.k12.tr/,2026-10-01T18:52:35.357019+00:00,,Öğrenci Sayısı : 146
Kahramanmaraş,Nurhak,Nurhak Anaokulu,766880,Anaokulu,https://nurhakanaokulu.meb.k12.tr,,,https://nurhakanaokulu.meb.k12.tr/tema/harita.php,2026-08-31,75,75,bulundu,https://nurhakanaokulu.meb.k12.tr/,2026-10-01T18:52:35.368396+00:00,,Öğrenci Sayısı: 75
Kahramanmaraş,Nurhak,Nurhak Halk Eğitimi Merkezi,753937,Halk Eğitimi Merkezi,https://nurhakhem.meb.k12.tr,,,https://nurhakhem.meb.k12.tr/tema/harita.php,2026-08-31,,,bulunamadi,,2026-10-01T18:52:35.390413+00:00,,
Kahramanmaraş,Nurhak,Nurhak Ortaokulu,727151,Ortaokul,https://nurhakoo.meb.k12.tr,,,https://nurhakoo.meb.k12.tr/tema/harita.php,2026-08-31,45,45,bulundu,https://nurhakoo.meb.k12.tr/,2026-10-01T18:52:35.634838+00:00,,Öğrenci Sayısı 45
Kahramanmaraş,Nurhak,Nurhak Çok Programlı Anadolu Lisesi,240483,Çok Programlı Anadolu Lisesi,https://nurhaklisesi.meb.k12.tr,,,https://nurhaklisesi.meb.k12.tr/tema/harita.php,2026-08-31,237,237,bulundu,https://nurhaklisesi.meb.k12.tr/,2026-10-01T18:52:35.644055+00:00,,Öğrenci Sayısı 237
Kahramanmaraş,Nurhak,Nurhak Öğretmenevi ve Akşam Sanat Okulu,749904,Öğretmenevi,https://nurhakogretmenevi.meb.k12.tr,,,https://nurhakogretmenevi.meb.k12.tr/tema/harita.php,2026-08-31,,,bulunamadi,,2026-10-01T18:52:35.660742+00:00,,
Kahramanmaraş,Nurhak,Nurhak İlkokulu,727150,İlkokul,https://nurhakio.meb.k12.tr,,,https://nurhakio.meb.k12.tr/tema/harita.php,2026-08-31,11,11,bulundu,https://nurhakio.meb.k12.tr/,2026-10-01T18:52:35.780320+00:00,,Öğrenci Sayısı 11
Kahramanmaraş,Nurhak,Tatlar Ortaokulu,727162,Ortaokul,https://tatlaroo.meb.k12.tr,,,https://tatlaroo.meb.k12.tr/tema/harita.php,2026-08-31,162,162,bulundu,https://tatlaroo.meb.k12.tr/,2026-10-01T18:52:35.783297+00:00,,Öğrenci Sayısı : 162
Kahramanmaraş,Nurhak,Tatlar İlkokulu,727160,İlkokul,https://tatlario.meb.k12.tr,,,https://tatlario.meb.k12.tr/tema/harita.php,2026-08-31,195,195,bulundu,https://tatlario.meb.k12.tr/,2026-10-01T18:52:35.802999+00:00,,Öğrenci Sayısı : 195
Kahramanmaraş,Onikişubat,125.Yıl Özel Eğitim Meslek Okulu,747879,Özel Eğitim Kurumu,https://125yiloemem.meb.k12.tr,,,https://125yiloemem.meb.k12.tr/tema/harita.php,2026-08-31,96,96,bulundu,https://125yiloemem.meb.k12.tr/,2026-10-01T18:52:35.807243+00:00,,Öğrenci Sayısı : 96
Kahramanmaraş,Onikişubat,15 Temmuz Şehitler İmam Hatip Ortaokulu,762420,İmam Hatip Ortaokulu,https://15temmuz-iho.meb.k12.tr,,,https://15temmuz-iho.meb.k12.tr/tema/harita.php,2026-08-31,506,506,bulundu,https://15temmuz-iho.meb.k12.tr/,2026-10-01T18:52:35.871012+00:00,,Öğrenci Sayısı 506
Kahramanmaraş,Onikişubat,19 Mayıs Anadolu Lisesi,974937,Anadolu Lisesi,https://km19mayisal.meb.k12.tr,,,https://km19mayisal.meb.k12.tr/tema/harita.php,2026-08-31,609,609,bulundu,https://km19mayisal.meb.k12.tr/,2026-10-01T18:52:36.157678+00:00,,Öğrenci Sayısı : 609
Kahramanmaraş,Onikişubat,Abdullah Çinkay Anadolu Lisesi,760165,Anadolu Lisesi,https://abdullahcinkay.meb.k12.tr,,,https://abdullahcinkay.meb.k12.tr/tema/harita.php,2026-08-31,,,bulunamadi,,2026-10-01T18:52:36.302820+00:00,,
Kahramanmaraş,Onikişubat,Abdurrahim Karakoç Ortaokulu,746405,Ortaokul,https://akokul.meb.k12.tr,,,https://akokul.meb.k12.tr/tema/harita.php,2026-08-31,1155,1155,bulundu,https://akokul.meb.k12.tr/,2026-10-01T18:52:36.383564+00:00,,Öğrenci Sayısı : 1155
Kahramanmaraş,Onikişubat,Adil Karaküçük İlkokulu,727074,İlkokul,https://adilkarakucukilkokulu.meb.k12.tr,,,https://adilkarakucukilkokulu.meb.k12.tr/tema/harita.php,2026-08-31,,,bulunamadi,,2026-10-01T18:52:36.408956+00:00,,
Kahramanmaraş,Onikişubat,Ahmet Bayazıt İlkokulu,746368,İlkokul,https://abio.meb.k12.tr,,,https://abio.meb.k12.tr/tema/harita.php,2026-08-31,755,755,bulundu,https://abio.meb.k12.tr/,2026-10-01T18:52:36.454346+00:00,,Öğrenci Sayısı 755
Kahramanmaraş,Onikişubat,Akedaş Ortaokulu,746411,Ortaokul,https://akedasortaokulu.meb.k12.tr,,,https://akedasortaokulu.meb.k12.tr/tema/harita.php,2026-08-31,802,802,bulundu,https://akedasortaokulu.meb.k12.tr/,2026-10-01T18:52:36.496601+00:00,,Öğrenci Sayısı 802
Kahramanmaraş,Onikişubat,Akedaş İlkokulu,724983,İlkokul,https://akedasilkokulu.meb.k12.tr,,,https://akedasilkokulu.meb.k12.tr/tema/harita.php,2026-08-31,856,856,bulundu,https://akedasilkokulu.meb.k12.tr/tema/okulumuz_hakkinda.php,2026-10-01T18:52:36.568398+00:00,,Öğrenci : 856
Kahramanmaraş,Onikişubat,Akçakoyunlu Ortaokulu,727071,Ortaokul,https://akca46.meb.k12.tr,,,https://akca46.meb.k12.tr/tema/harita.php,2026-08-31,475,475,bulundu,https://akca46.meb.k12.tr/,2026-10-01T18:52:36.596423+00:00,,Öğrenci Sayısı : 475
Kahramanmaraş,Onikişubat,Akşemseddin Kız Anadolu İmam Hatip Lisesi,760538,Anadolu İmam Hatip Lisesi,https://aksemseddinkaihl.meb.k12.tr,,,https://aksemseddinkaihl.meb.k12.tr/tema/harita.php,2026-08-31,526,526,bulundu,https://aksemseddinkaihl.meb.k12.tr/,2026-10-01T18:52:36.690927+00:00,,Öğrenci Sayısı 526
Kahramanmaraş,Onikişubat,Ali Galip Çalık Anadolu Lisesi,973909,Anadolu Lisesi,https://agcalikal.meb.k12.tr,,,https://agcalikal.meb.k12.tr/tema/harita.php,2026-08-31,331,331,bulundu,https://agcalikal.meb.k12.tr/tema/okulumuz_hakkinda.php,2026-10-01T18:52:36.695501+00:00,,Öğrenci : 331
Kahramanmaraş,Onikişubat,Ali Galip Çalık İlkokulu,759188,İlkokul,https://aligalipcalikio.meb.k12.tr,,,https://aligalipcalikio.meb.k12.tr/tema/harita.php,2026-08-31,334,334,bulundu,https://aligalipcalikio.meb.k12.tr/,2026-10-01T18:52:36.810160+00:00,,Öğrenci Sayısı 334
Kahramanmaraş,Onikişubat,Ali Sezai Efendi İlkokulu,727076,İlkokul,https://alisezaiefendiio.meb.k12.tr,,,https://alisezaiefendiio.meb.k12.tr/tema/harita.php,2026-08-31,664,664,bulundu,https://alisezaiefendiio.meb.k12.tr/,2026-10-01T18:52:37.005024+00:00,,Öğrenci Sayısı : 664
Kahramanmaraş,Onikişubat,Altınova Sökünburnu İlkokulu,754132,İlkokul,https://altinovasokunburnuio.meb.k12.tr,,,https://altinovasokunburnuio.meb.k12.tr/tema/harita.php,2026-08-31,43,43,bulundu,https://altinovasokunburnuio.meb.k12.tr/,2026-10-01T18:52:37.005604+00:00,,Öğrenci Sayısı 43
Kahramanmaraş,Onikişubat,Altınova Çiçek Ortaokulu,757406,Ortaokul,https://altinovacicekortaokulu.meb.k12.tr,,,https://altinovacicekortaokulu.meb.k12.tr/tema/harita.php,2026-08-31,238,238,bulundu,https://altinovacicekortaokulu.meb.k12.tr/,2026-10-01T18:52:37.076864+00:00,,Öğrenci Sayısı : 238
Kahramanmaraş,Onikişubat,Altınova Çiçek İlkokulu,757405,İlkokul,https://altinovacicekilkokulu.meb.k12.tr,,,https://altinovacicekilkokulu.meb.k12.tr/tema/harita.php,2026-08-31,241,241,bulundu,https://altinovacicekilkokulu.meb.k12.tr/,2026-10-01T18:52:37.106504+00:00,,Öğrenci Sayısı : 241
Kahramanmaraş,Onikişubat,Altınova Şehit Bayram Demirci Ortaokulu,725035,Ortaokul,https://altinovasbd.meb.k12.tr,,,https://altinovasbd.meb.k12.tr/tema/harita.php,2026-08-31,157,157,bulundu,https://altinovasbd.meb.k12.tr/,2026-10-01T18:52:37.107318+00:00,,Öğrenci Sayısı : 157
Kahramanmaraş,Onikişubat,Altınova Şehit Bayram Demirci İlkokulu,725033,İlkokul,https://altinovaio46.meb.k12.tr,,,https://altinovaio46.meb.k12.tr/tema/harita.php,2026-08-31,159,159,bulundu,https://altinovaio46.meb.k12.tr/,2026-10-01T18:52:37.182182+00:00,,Öğrenci Sayısı : 159
Kahramanmaraş,Onikişubat,Altınşehir Ticaret Mesleki ve Teknik Anadolu Lisesi,184182,Mesleki ve Teknik Anadolu Lisesi,https://altinsehirmtal.meb.k12.tr,,,https://altinsehirmtal.meb.k12.tr/tema/harita.php,2026-08-31,,,bulunamadi,,2026-10-01T18:52:37.188289+00:00,,
Kahramanmaraş,Onikişubat,Arif Balduk Ortaokulu,758951,Ortaokul,https://arifbaldukortaokulu.meb.k12.tr,,,https://arifbaldukortaokulu.meb.k12.tr/tema/harita.php,2026-08-31,872,872,bulundu,https://arifbaldukortaokulu.meb.k12.tr/,2026-10-01T18:52:37.561248+00:00,,Öğrenci Sayısı : 872
Kahramanmaraş,Onikişubat,Ayser Çalık Ortaokulu,726906,Ortaokul,https://aysercalikoo.meb.k12.tr,,,https://aysercalikoo.meb.k12.tr/tema/harita.php,2026-08-31,739,739,bulundu,https://aysercalikoo.meb.k12.tr/,2026-10-01T18:52:37.690798+00:00,,Öğrenci Sayısı 739
Kahramanmaraş,Onikişubat,Ayşe Gümüşer İlkokulu,737975,İlkokul,https://aysegumuser.meb.k12.tr,,,https://aysegumuser.meb.k12.tr/tema/harita.php,2026-08-31,741,741,bulundu,https://aysegumuser.meb.k12.tr/tema/okulumuz_hakkinda.php,2026-10-01T18:52:37.882057+00:00,,Öğrenci : 741
Kahramanmaraş,Onikişubat,Aziz Sancar Anadolu Lisesi,763717,Anadolu Lisesi,https://azizsancaranadolulisesi.meb.k12.tr,,,https://azizsancaranadolulisesi.meb.k12.tr/tema/harita.php,2026-08-31,678,678,bulundu,https://azizsancaranadolulisesi.meb.k12.tr/tema/okulumuz_hakkinda.php,2026-10-01T18:52:37.938848+00:00,,Öğrenci : 678
Kahramanmaraş,Onikişubat,Bahaettin Karakoç İlkokulu,760771,İlkokul,https://bahaettinkarakocilkokulu.meb.k12.tr,,,https://bahaettinkarakocilkokulu.meb.k12.tr/tema/harita.php,2026-08-31,1580,1580,bulundu,https://bahaettinkarakocilkokulu.meb.k12.tr/,2026-10-01T18:52:37.962907+00:00,,Öğrenci Sayısı 1580
Kahramanmaraş,Onikişubat,Barbaros İlkokulu,746443,İlkokul,https://barbaros46.meb.k12.tr,,,https://barbaros46.meb.k12.tr/tema/harita.php,2026-08-31,651,651,bulundu,https://barbaros46.meb.k12.tr/,2026-10-01T18:52:38.020574+00:00,,Öğrenci Sayısı 651
Kahramanmaraş,Onikişubat,Beşen İlkokulu,754173,İlkokul,https://754173.meb.k12.tr,,,https://754173.meb.k12.tr/tema/harita.php,2026-08-31,18,18,bulundu,https://754173.meb.k12.tr/,2026-10-01T18:52:38.060793+00:00,,Öğrenci Sayısı 18
Kahramanmaraş,Onikişubat,Beşoluk İlkokulu,754182,İlkokul,https://754182.meb.k12.tr,,,https://754182.meb.k12.tr/tema/harita.php,2026-08-31,30,30,bulundu,https://754182.meb.k12.tr/,2026-10-01T18:52:38.114249+00:00,,Öğrenci Sayısı : 30
Kahramanmaraş,Onikişubat,Binevler Anaokulu,973142,Anaokulu,https://binevleranaokulu.meb.k12.tr,,,https://binevleranaokulu.meb.k12.tr/tema/harita.php,2026-08-31,139,139,bulundu,https://binevleranaokulu.meb.k12.tr/tema/okulumuz_hakkinda.php,2026-10-01T18:52:38.116559+00:00,,Öğrenci : 139
Kahramanmaraş,Onikişubat,Binevler Ortaokulu,746442,Ortaokul,https://binevlerortaokulu.meb.k12.tr,,,https://binevlerortaokulu.meb.k12.tr/tema/harita.php,2026-08-31,700,700,bulundu,https://binevlerortaokulu.meb.k12.tr/,2026-10-01T18:52:38.252685+00:00,,Öğrenci Sayısı 700
Kahramanmaraş,Onikişubat,Boğaziçi Anaokulu,763930,Anaokulu,https://bogazicianaokulu.meb.k12.tr,,,https://bogazicianaokulu.meb.k12.tr/tema/harita.php,2026-08-31,275,275,bulundu,https://bogazicianaokulu.meb.k12.tr/,2026-10-01T18:52:38.318538+00:00,,Öğrenci Sayısı 275
Kahramanmaraş,Onikişubat,Boğaziçi Mesleki ve Teknik Anadolu Lisesi,973338,Mesleki ve Teknik Anadolu Lisesi,https://kmarasbogazicimtal.meb.k12.tr,,,https://kmarasbogazicimtal.meb.k12.tr/tema/harita.php,2026-08-31,,,bulunamadi,,2026-10-01T18:52:38.732070+00:00,,
Kahramanmaraş,Onikişubat,Bulutoğlu İbrahim Çalık İlkokulu,734461,İlkokul,https://bulutogluio.meb.k12.tr,,,https://bulutogluio.meb.k12.tr/tema/harita.php,2026-08-31,19,19,bulundu,https://bulutogluio.meb.k12.tr/,2026-10-01T18:52:38.812137+00:00,,Öğrenci Sayısı 19
Kahramanmaraş,Onikişubat,Bulutoğlu Şehit İrfan Karabıçak Ortaokulu,720970,Ortaokul,https://bulutoglusehitirfankarabicakor.meb.k12.tr,,,https://bulutoglusehitirfankarabicakor.meb.k12.tr/tema/harita.php,2026-08-31,94,94,bulundu,https://bulutoglusehitirfankarabicakor.meb.k12.tr/tema/okulumuz_hakkinda.php,2026-10-01T18:52:38.843394+00:00,,Öğrenci : 94
Kahramanmaraş,Onikişubat,Bulutoğlu Şehit İrfan Karabıçak İlkokulu,720967,İlkokul,https://bulutoglusehitirfankarabicak.meb.k12.tr,,,https://bulutoglusehitirfankarabicak.meb.k12.tr/tema/harita.php,2026-08-31,122,122,bulundu,https://bulutoglusehitirfankarabicak.meb.k12.tr/,2026-10-01T18:52:38.874490+00:00,,Öğrenci Sayısı 122
Kahramanmaraş,Onikişubat,Büyüksır Ortaokulu,721089,Ortaokul,https://buyuksiroo.meb.k12.tr,,,https://buyuksiroo.meb.k12.tr/tema/harita.php,2026-08-31,49,49,bulundu,https://buyuksiroo.meb.k12.tr/,2026-10-01T18:52:39.028066+00:00,,Öğrenci Sayısı : 49
Kahramanmaraş,Onikişubat,Büyüksır İlkokulu,721070,İlkokul,https://buyuksirio.meb.k12.tr,,,https://buyuksirio.meb.k12.tr/tema/harita.php,2026-08-31,45,45,bulundu,https://buyuksirio.meb.k12.tr/,2026-10-01T18:52:39.111061+00:00,,Öğrenci Sayısı 45
Kahramanmaraş,Onikişubat,Cahit Zarifoğlu İlkokulu,746441,İlkokul,https://czarifoglu.meb.k12.tr,,,https://czarifoglu.meb.k12.tr/tema/harita.php,2026-08-31,1318,1318,bulundu,https://czarifoglu.meb.k12.tr/,2026-10-01T18:52:39.112335+00:00,,Öğrenci Sayısı : 1318
Kahramanmaraş,Onikişubat,Cumhuriyet Kız Ticaret Mesleki ve Teknik Anadolu Lisesi,754205,Mesleki ve Teknik Anadolu Lisesi,https://cumhuriyetkizticaretmtal.meb.k12.tr,,,https://cumhuriyetkizticaretmtal.meb.k12.tr/tema/harita.php,2026-08-31,475,475,bulundu,https://cumhuriyetkizticaretmtal.meb.k12.tr/,2026-10-01T18:52:39.250402+00:00,,Öğrenci Sayısı : 475
Kahramanmaraş,Onikişubat,Cüceli Sevim Silahlı Ortaokulu,721177,Ortaokul,https://cucelisevimsilahliortaokulu.meb.k12.tr,,,https://cucelisevimsilahliortaokulu.meb.k12.tr/tema/harita.php,2026-08-31,74,74,bulundu,https://cucelisevimsilahliortaokulu.meb.k12.tr/,2026-10-01T18:52:39.287141+00:00,,Öğrenci Sayısı : 74
Kahramanmaraş,Onikişubat,Cüceli Sevim Silahlı İlkokulu,721171,İlkokul,https://cucelissio.meb.k12.tr,,,https://cucelissio.meb.k12.tr/tema/harita.php,2026-08-31,89,89,bulundu,https://cucelissio.meb.k12.tr/,2026-10-01T18:52:39.330279+00:00,,Öğrenci Sayısı : 89
Kahramanmaraş,Onikişubat,Dadağlı Ortaokulu,725192,Ortaokul,https://dadaglio.meb.k12.tr,,,https://dadaglio.meb.k12.tr/tema/harita.php,2026-08-31,180,180,bulundu,https://dadaglio.meb.k12.tr/,2026-10-01T18:52:39.347464+00:00,,Öğrenci Sayısı : 180
Kahramanmaraş,Onikişubat,Dadağlı İlkokulu,725189,İlkokul,https://dadaglii.meb.k12.tr,,,https://dadaglii.meb.k12.tr/tema/harita.php,2026-08-31,251,251,bulundu,https://dadaglii.meb.k12.tr/,2026-10-01T18:52:39.384501+00:00,,Öğrenci Sayısı: 251
Kahramanmaraş,Onikişubat,Dereboğazı Kadılı Atatürk Ortaokulu,754267,Ortaokul,https://dkao.meb.k12.tr,,,https://dkao.meb.k12.tr/tema/harita.php,2026-08-31,117,117,bulundu,https://dkao.meb.k12.tr/,2026-10-01T18:52:39.738960+00:00,,Öğrenci Sayısı 117
Kahramanmaraş,Onikişubat,Dereboğazı Kadılı Atatürk İlkokulu,725246,İlkokul,https://dkai.meb.k12.tr,,,https://dkai.meb.k12.tr/tema/harita.php,2026-08-31,107,107,bulundu,https://dkai.meb.k12.tr/,2026-10-01T18:52:39.877875+00:00,,Öğrenci Sayısı : 107
Kahramanmaraş,Onikişubat,Dumlupınar Şehit Haşim Yenigül Ortaokulu,746384,Ortaokul,https://dumlupinaroo.meb.k12.tr,,,https://dumlupinaroo.meb.k12.tr/tema/harita.php,2026-08-31,,,bulunamadi,,2026-10-01T18:52:39.956799+00:00,,
Kahramanmaraş,Onikişubat,Dumlupınar Şehit Haşim Yenigül İlkokulu,737664,İlkokul,https://dumlupinario.meb.k12.tr,,,https://dumlupinario.meb.k12.tr/tema/harita.php,2026-08-31,,,bulunamadi,,2026-10-01T18:52:39.973678+00:00,,
Kahramanmaraş,Onikişubat,Döngel Muhsin Yazıcıoğlu Ortaokulu,726874,Ortaokul,https://dongelortaokulu.meb.k12.tr,,,https://dongelortaokulu.meb.k12.tr/tema/harita.php,2026-08-31,,,bulunamadi,,2026-10-01T18:52:40.058914+00:00,,
Kahramanmaraş,Onikişubat,Döngel Muhsin Yazıcıoğlu İlkokulu,726875,İlkokul,https://dongelilkokul.meb.k12.tr,,,https://dongelilkokul.meb.k12.tr/tema/harita.php,2026-08-31,,,bulunamadi,,2026-10-01T18:52:40.115809+00:00,,
Kahramanmaraş,Onikişubat,Döngele Durdular İlkokulu,734490,İlkokul,https://dongeledurdulario.meb.k12.tr,,,https://dongeledurdulario.meb.k12.tr/tema/harita.php,2026-08-31,27,27,bulundu,https://dongeledurdulario.meb.k12.tr/,2026-10-01T18:52:40.200520+00:00,,Öğrenci Sayısı 27
Kahramanmaraş,Onikişubat,Döngele Ortaokulu,725290,Ortaokul,https://dongeleortaokulu.meb.k12.tr,,,https://dongeleortaokulu.meb.k12.tr/tema/harita.php,2026-08-31,63,63,bulundu,https://dongeleortaokulu.meb.k12.tr/tema/okulumuz_hakkinda.php,2026-10-01T18:52:40.246170+00:00,,Öğrenci : 63
Kahramanmaraş,Onikişubat,Döngele Çok Programlı Anadolu Lisesi,378644,Çok Programlı Anadolu Lisesi,https://dongelecpl.meb.k12.tr,,,https://dongelecpl.meb.k12.tr/tema/harita.php,2026-08-31,125,125,bulundu,https://dongelecpl.meb.k12.tr/,2026-10-01T18:52:40.306114+00:00,,Öğrenci Sayısı 125
Kahramanmaraş,Onikişubat,Döngele Şehit Hüseyin Çam İmam Hatip Ortaokulu,765024,İmam Hatip Ortaokulu,https://sehithuseyincamiho.meb.k12.tr,,,https://sehithuseyincamiho.meb.k12.tr/tema/harita.php,2026-08-31,83,83,bulundu,https://sehithuseyincamiho.meb.k12.tr/,2026-10-01T18:52:40.416891+00:00,,Öğrenci Sayısı : 83
Kahramanmaraş,Onikişubat,Döngele Şehit İdris Çam İlkokulu,690288,İlkokul,https://dongelesehitidriscam.meb.k12.tr,,,https://dongelesehitidriscam.meb.k12.tr/tema/harita.php,2026-08-31,132,132,bulundu,https://dongelesehitidriscam.meb.k12.tr/,2026-10-01T18:52:40.433338+00:00,,Öğrenci Sayısı: 132
Kahramanmaraş,Onikişubat,Erdem Bayazıt Anadolu Lisesi,953330,Anadolu Lisesi,https://eba.meb.k12.tr,,,https://eba.meb.k12.tr/tema/harita.php,2026-08-31,708,708,bulundu,https://eba.meb.k12.tr/,2026-10-01T18:52:40.506405+00:00,,Öğrenci Sayısı : 708
Kahramanmaraş,Onikişubat,Erenler İmam Hatip Ortaokulu,765795,İmam Hatip Ortaokulu,https://erenleriho.meb.k12.tr,,,https://erenleriho.meb.k12.tr/tema/harita.php,2026-08-31,233,233,bulundu,https://erenleriho.meb.k12.tr/,2026-10-01T18:52:40.593247+00:00,,Öğrenci Sayısı 233
Kahramanmaraş,Onikişubat,Ertuğrulgazi Görme Engelliler Ortaokulu,746950,Ortaokul,https://eggeoo.meb.k12.tr,,,https://eggeoo.meb.k12.tr/tema/harita.php,2026-08-31,24,24,bulundu,https://eggeoo.meb.k12.tr/,2026-10-01T18:52:40.628756+00:00,,Öğrenci Sayısı : 24
Kahramanmaraş,Onikişubat,Ertuğrulgazi Görme Engelliler İlkokulu,756237,İlkokul,https://eggeio.meb.k12.tr,,,https://eggeio.meb.k12.tr/tema/harita.php,2026-08-31,20,20,bulundu,https://eggeio.meb.k12.tr/tema/okulumuz_hakkinda.php,2026-10-01T18:52:40.732171+00:00,,Öğrenci : 20
Kahramanmaraş,Onikişubat,Esin Ergün Bodur İlkokulu,766799,İlkokul,https://esinergunbodurilkokulu.meb.k12.tr,,,https://esinergunbodurilkokulu.meb.k12.tr/tema/harita.php,2026-08-31,584,584,bulundu,https://esinergunbodurilkokulu.meb.k12.tr/,2026-10-01T18:52:40.803991+00:00,,Öğrenci Sayısı 584
Kahramanmaraş,Onikişubat,Fatih Bağrıaçık Ortaokulu,725366,Ortaokul,https://fatihbagriacikoo.meb.k12.tr,,,https://fatihbagriacikoo.meb.k12.tr/tema/harita.php,2026-08-31,145,145,bulundu,https://fatihbagriacikoo.meb.k12.tr/,2026-10-01T18:52:41.132027+00:00,,Öğrenci Sayısı : 145
Kahramanmaraş,Onikişubat,Fatih Bağrıaçık İlkokulu,725369,İlkokul,https://fatihbagriacikio.meb.k12.tr,,,https://fatihbagriacikio.meb.k12.tr/tema/harita.php,2026-08-31,179,179,bulundu,https://fatihbagriacikio.meb.k12.tr/,2026-10-01T18:52:41.420294+00:00,,Öğrenci Sayısı 179
Kahramanmaraş,Onikişubat,Fatih Fındıcak İlkokulu,734498,İlkokul,https://fatihfindicakio.meb.k12.tr,,,https://fatihfindicakio.meb.k12.tr/tema/harita.php,2026-08-31,31,31,bulundu,https://fatihfindicakio.meb.k12.tr/,2026-10-01T18:52:41.660231+00:00,,Öğrenci Sayısı 31
Kahramanmaraş,Onikişubat,Fatih Sultan Mehmet Ortaokulu,725465,Ortaokul,https://fsmoo.meb.k12.tr,,,https://fsmoo.meb.k12.tr/tema/harita.php,2026-08-31,154,154,bulundu,https://fsmoo.meb.k12.tr/,2026-10-01T18:52:41.696884+00:00,,Öğrenci Sayısı 154
Kahramanmaraş,Onikişubat,Fatih Sultan Mehmet İlkokulu,725464,İlkokul,https://fatihsultanmetmetio.meb.k12.tr,,,https://fatihsultanmetmetio.meb.k12.tr/tema/harita.php,2026-08-31,216,216,bulundu,https://fatihsultanmetmetio.meb.k12.tr/,2026-10-01T18:52:41.715025+00:00,,Öğrenci Sayısı 216
Kahramanmaraş,Onikişubat,Fatih Şekkeli İlkokulu,746439,İlkokul,https://fatihsekkeli.meb.k12.tr,,,https://fatihsekkeli.meb.k12.tr/tema/harita.php,2026-08-31,1020,1020,bulundu,https://fatihsekkeli.meb.k12.tr/,2026-10-01T18:52:41.741779+00:00,,Öğrenci Sayısı 1020
Kahramanmaraş,Onikişubat,Fatmalı Fatih İlkokulu,734501,İlkokul,https://fatmalifatih46.meb.k12.tr,,,https://fatmalifatih46.meb.k12.tr/tema/harita.php,2026-08-31,66,66,bulundu,https://fatmalifatih46.meb.k12.tr/,2026-10-01T18:52:41.744266+00:00,,Öğrenci Sayısı: 66
Kahramanmaraş,Onikişubat,Fatmalı Ortaokulu,725545,Ortaokul,https://fatmaliortaokulu.meb.k12.tr,,,https://fatmaliortaokulu.meb.k12.tr/tema/harita.php,2026-08-31,196,196,bulundu,https://fatmaliortaokulu.meb.k12.tr/,2026-10-01T18:52:41.796126+00:00,,Öğrenci Sayısı 196
Kahramanmaraş,Onikişubat,Fatmalı Yeşilkent Ortaokulu,725589,Ortaokul,https://fatmaliyesilkentortaokulu.meb.k12.tr,,,https://fatmaliyesilkentortaokulu.meb.k12.tr/tema/harita.php,2026-08-31,84,84,bulundu,https://fatmaliyesilkentortaokulu.meb.k12.tr/,2026-10-01T18:52:41.881306+00:00,,Öğrenci Sayısı : 84
Kahramanmaraş,Onikişubat,Fatmalı Yeşilkent İlkokulu,586602,İlkokul,https://fatmaliyesilkent.meb.k12.tr,,,https://fatmaliyesilkent.meb.k12.tr/tema/harita.php,2026-08-31,136,136,bulundu,https://fatmaliyesilkent.meb.k12.tr/,2026-10-01T18:52:41.940808+00:00,,Öğrenci Sayısı : 136
Kahramanmaraş,Onikişubat,Fatmalı İlkokulu,725540,İlkokul,https://fatmaliilkokulu.meb.k12.tr,,,https://fatmaliilkokulu.meb.k12.tr/tema/harita.php,2026-08-31,211,211,bulundu,https://fatmaliilkokulu.meb.k12.tr/,2026-10-01T18:52:42.280999+00:00,,Öğrenci Sayısı 211
Kahramanmaraş,Onikişubat,Gazi Ortaokulu,727061,Ortaokul,https://kmarasgaziortaokulu.meb.k12.tr,,,https://kmarasgaziortaokulu.meb.k12.tr/tema/harita.php,2026-08-31,479,479,bulundu,https://kmarasgaziortaokulu.meb.k12.tr/,2026-10-01T18:52:42.468489+00:00,,Öğrenci Sayısı : 479
Kahramanmaraş,Onikişubat,Gökçemağara Paşalar İlkokulu,734506,İlkokul,https://gokcemagarapasalar.meb.k12.tr,,,https://gokcemagarapasalar.meb.k12.tr/tema/harita.php,2026-08-31,25,25,bulundu,https://gokcemagarapasalar.meb.k12.tr/,2026-10-01T18:52:42.485569+00:00,,Öğrenci Sayısı 25
Kahramanmaraş,Onikişubat,Gülizar-Şamil Aktaş Anadolu Lisesi,974936,Anadolu Lisesi,https://aktasanadolulisesi.meb.k12.tr,,,https://aktasanadolulisesi.meb.k12.tr/tema/harita.php,2026-08-31,959,959,bulundu,https://aktasanadolulisesi.meb.k12.tr/,2026-10-01T18:52:42.552549+00:00,,Öğrenci Sayısı : 959
Kahramanmaraş,Onikişubat,Habibe Gümüşer Anaokulu,754355,Anaokulu,https://habibegumuseranaokulu.meb.k12.tr,,,https://habibegumuseranaokulu.meb.k12.tr/tema/harita.php,2026-08-31,,,bulunamadi,,2026-10-01T18:52:42.557854+00:00,,
Kahramanmaraş,Onikişubat,Hacı Bayram Veli İmam Hatip Ortaokulu,749522,İmam Hatip Ortaokulu,https://hacibayramiho.meb.k12.tr,,,https://hacibayramiho.meb.k12.tr/tema/harita.php,2026-08-31,709,709,bulundu,https://hacibayramiho.meb.k12.tr/,2026-10-01T18:52:42.599567+00:00,,Öğrenci Sayısı : 709
Kahramanmaraş,Onikişubat,Hacı İbrahimuşağı İlkokulu,734510,İlkokul,https://haciibrahimusagi46.meb.k12.tr,,,https://haciibrahimusagi46.meb.k12.tr/tema/harita.php,2026-08-31,31,31,bulundu,https://haciibrahimusagi46.meb.k12.tr/,2026-10-01T18:52:42.611433+00:00,,Öğrenci Sayısı 31
Kahramanmaraş,Onikişubat,Hacıbudak Katırcılar İlkokulu,772549,İlkokul,https://772549.meb.k12.tr,,,https://772549.meb.k12.tr/tema/harita.php,2026-08-31,3,3,bulundu,https://772549.meb.k12.tr/,2026-10-01T18:52:42.640802+00:00,,Öğrenci Sayısı: 3
Kahramanmaraş,Onikişubat,Hacıbudak İlkokulu,754343,İlkokul,https://hacibudakilkokulu.meb.k12.tr,,,https://hacibudakilkokulu.meb.k12.tr/tema/harita.php,2026-08-31,13,13,bulundu,https://hacibudakilkokulu.meb.k12.tr/,2026-10-01T18:52:42.761106+00:00,,Öğrenci Sayısı : 13
Kahramanmaraş,Onikişubat,Hacılar Lomlar İlkokulu,725849,İlkokul,https://hacilarlomlarilk.meb.k12.tr,,,https://hacilarlomlarilk.meb.k12.tr/tema/harita.php,2026-08-31,31,31,bulundu,https://hacilarlomlarilk.meb.k12.tr/,2026-10-01T18:52:42.835391+00:00,,Öğrenci Sayısı 31
Kahramanmaraş,Onikişubat,Hacılar Ortaokulu,725845,Ortaokul,https://hacilarortaokulu46.meb.k12.tr,,,https://hacilarortaokulu46.meb.k12.tr/tema/harita.php,2026-08-31,92,92,bulundu,https://hacilarortaokulu46.meb.k12.tr/,2026-10-01T18:52:42.876068+00:00,,Öğrenci Sayısı : 92
Kahramanmaraş,Onikişubat,Hacılar İlkokulu,725844,İlkokul,https://hacilarilkokulu46.meb.k12.tr,,,https://hacilarilkokulu46.meb.k12.tr/tema/harita.php,2026-08-31,50,50,bulundu,https://hacilarilkokulu46.meb.k12.tr/,2026-10-01T18:52:42.907349+00:00,,Öğrenci Sayısı: 50
Kahramanmaraş,Onikişubat,Hacınınoğlu Engizek İlkokulu,734516,İlkokul,https://hacininogluengizekilkokulu.meb.k12.tr,,,https://hacininogluengizekilkokulu.meb.k12.tr/tema/harita.php,2026-08-31,8,8,bulundu,https://hacininogluengizekilkokulu.meb.k12.tr/,2026-10-01T18:52:42.974348+00:00,,Öğrenci Sayısı 8
Kahramanmaraş,Onikişubat,Hacınınoğlu İlkokulu,771231,İlkokul,https://771231.meb.k12.tr,,,https://771231.meb.k12.tr/tema/harita.php,2026-08-31,4,4,bulundu,https://771231.meb.k12.tr/,2026-10-01T18:52:42.975048+00:00,,Öğrenci Sayısı: 4
Kahramanmaraş,Onikişubat,Hacıveliler Yeşilgöz Ortaokulu,726624,Ortaokul,https://hacivelileryesilgozoo.meb.k12.tr,,,https://hacivelileryesilgozoo.meb.k12.tr/tema/harita.php,2026-08-31,34,34,bulundu,https://hacivelileryesilgozoo.meb.k12.tr/,2026-10-01T18:52:43.061030+00:00,,Öğrenci Sayısı : 34
Kahramanmaraş,Onikişubat,Hacıveliler Yeşilgöz İlkokulu,726622,İlkokul,https://hacivelileryesilgozio.meb.k12.tr,,,https://hacivelileryesilgozio.meb.k12.tr/tema/harita.php,2026-08-31,39,39,bulundu,https://hacivelileryesilgozio.meb.k12.tr/,2026-10-01T18:52:43.063532+00:00,,Öğrenci Sayısı 39
Kahramanmaraş,Onikişubat,Halil İbrahim Gümüşer Ortaokulu,887608,Ortaokul,https://halilibrahimgumuser.meb.k12.tr,,,https://halilibrahimgumuser.meb.k12.tr/tema/harita.php,2026-08-31,670,670,bulundu,https://halilibrahimgumuser.meb.k12.tr/,2026-10-01T18:52:43.470701+00:00,,Öğrenci Sayısı : 670
Kahramanmaraş,Onikişubat,Hartlap Ortaokulu,726628,Ortaokul,https://hartlaportaokulu.meb.k12.tr,,,https://hartlaportaokulu.meb.k12.tr/tema/harita.php,2026-08-31,120,120,bulundu,https://hartlaportaokulu.meb.k12.tr/tema/okulumuz_hakkinda.php,2026-10-01T18:52:43.485845+00:00,,Öğrenci : 120
Kahramanmaraş,Onikişubat,Hartlap İlkokulu,726626,İlkokul,https://hartlapilkokulu.meb.k12.tr,,,https://hartlapilkokulu.meb.k12.tr/tema/harita.php,2026-08-31,139,139,bulundu,https://hartlapilkokulu.meb.k12.tr/tema/okulumuz_hakkinda.php,2026-10-01T18:52:43.508891+00:00,,Öğrenci : 139
Kahramanmaraş,Onikişubat,Hartlap Şehit Mehmet Demir Çok Programlı Anadolu Lisesi,378308,Çok Programlı Anadolu Lisesi,https://hartlapcpl.meb.k12.tr,,,https://hartlapcpl.meb.k12.tr/tema/harita.php,2026-08-31,215,215,bulundu,https://hartlapcpl.meb.k12.tr/,2026-10-01T18:52:43.518643+00:00,,Öğrenci Sayısı 215
Kahramanmaraş,Onikişubat,Hasan Balcı İlkokulu,746422,İlkokul,https://hasanbalciilkokulu.meb.k12.tr,,,https://hasanbalciilkokulu.meb.k12.tr/tema/harita.php,2026-08-31,2006,2006,bulundu,https://hasanbalciilkokulu.meb.k12.tr/,2026-10-01T18:52:43.627665+00:00,,Öğrenci Sayısı : 2006
Kahramanmaraş,Onikişubat,Hasan ve Zehra Tıraş Vakfı Ortaokulu,725802,Ortaokul,https://hasanvezehratirasvakfiortaokulu.meb.k12.tr,,,https://hasanvezehratirasvakfiortaokulu.meb.k12.tr/tema/harita.php,2026-08-31,89,89,bulundu,https://hasanvezehratirasvakfiortaokulu.meb.k12.tr/,2026-10-01T18:52:43.657466+00:00,,Öğrenci Sayısı : 89
Kahramanmaraş,Onikişubat,Hasan ve Zehra Tıraş Vakfı İlkokulu,725801,İlkokul,https://hasanvezehratirasvakfiilkokulu.meb.k12.tr,,,https://hasanvezehratirasvakfiilkokulu.meb.k12.tr/tema/harita.php,2026-08-31,82,82,bulundu,https://hasanvezehratirasvakfiilkokulu.meb.k12.tr/,2026-10-01T18:52:43.662168+00:00,,Öğrenci Sayısı: 82
Kahramanmaraş,Onikişubat,Hasancıklı Erkunt Traktör Ortaokulu,734420,Ortaokul,https://hasancikliortaokulu.meb.k12.tr,,,https://hasancikliortaokulu.meb.k12.tr/tema/harita.php,2026-08-31,105,105,bulundu,https://hasancikliortaokulu.meb.k12.tr/,2026-10-01T18:52:43.703793+00:00,,Öğrenci Sayısı 105
Kahramanmaraş,Onikişubat,Hasancıklı Erkunt Traktör İlkokulu,585716,İlkokul,https://hasancikliilkokulu.meb.k12.tr,,,https://hasancikliilkokulu.meb.k12.tr/tema/harita.php,2026-08-31,152,152,bulundu,https://hasancikliilkokulu.meb.k12.tr/,2026-10-01T18:52:43.794195+00:00,,Öğrenci Sayısı : 152
Kahramanmaraş,Onikişubat,Haydar Aliyev İlkokulu,975076,İlkokul,https://haydaraliyevilkokulu.meb.k12.tr,,,https://haydaraliyevilkokulu.meb.k12.tr/tema/harita.php,2026-08-31,611,611,bulundu,https://haydaraliyevilkokulu.meb.k12.tr/,2026-10-01T18:52:43.797646+00:00,,Öğrenci Sayısı : 611
Kahramanmaraş,Onikişubat,Hürriyet Anaokulu,769073,Anaokulu,https://769073.meb.k12.tr,,,https://769073.meb.k12.tr/tema/harita.php,2026-08-31,287,287,bulundu,https://769073.meb.k12.tr/,2026-10-01T18:52:43.853832+00:00,,Öğrenci Sayısı: 287
Kahramanmaraş,Onikişubat,ING TÜRKİYE-Türk Eğitim Vakfı Anaokulu,775989,Anaokulu,https://ingturkiyetevanaokulu.meb.k12.tr,,,https://ingturkiyetevanaokulu.meb.k12.tr/tema/harita.php,2026-08-31,100,100,bulundu,https://ingturkiyetevanaokulu.meb.k12.tr/,2026-10-01T18:52:43.920611+00:00,,Öğrenci Sayısı 100
Kahramanmaraş,Onikişubat,Ilıca Yeniyapan Ortaokulu,754434,Ortaokul,https://ilicayeniyapanortaokul.meb.k12.tr,,,https://ilicayeniyapanortaokul.meb.k12.tr/tema/harita.php,2026-08-31,201,201,bulundu,https://ilicayeniyapanortaokul.meb.k12.tr/,2026-10-01T18:52:43.966682+00:00,,Öğrenci Sayısı : 201
Kahramanmaraş,Onikişubat,Ilıca Yeniyapan İlkokulu,726634,İlkokul,https://ilicayeniyapanilkokulu.meb.k12.tr,,,https://ilicayeniyapanilkokulu.meb.k12.tr/tema/harita.php,2026-08-31,296,296,bulundu,https://ilicayeniyapanilkokulu.meb.k12.tr/,2026-10-01T18:52:43.983418+00:00,,Öğrenci Sayısı: 296
Kahramanmaraş,Onikişubat,Ilıca İlkokulu,678875,İlkokul,https://ilicaio.meb.k12.tr,,,https://ilicaio.meb.k12.tr/tema/harita.php,2026-08-31,186,186,bulundu,https://ilicaio.meb.k12.tr/,2026-10-01T18:52:44.024102+00:00,,Öğrenci Sayısı : 186
Kahramanmaraş,Onikişubat,Ilıca Şehit Bekir GÜNDEŞ Çok Programlı Anadolu Lisesi,378441,Çok Programlı Anadolu Lisesi,https://ilicacpal.meb.k12.tr,,,https://ilicacpal.meb.k12.tr/tema/harita.php,2026-08-31,266,266,bulundu,https://ilicacpal.meb.k12.tr/,2026-10-01T18:52:44.186613+00:00,,Öğrenci Sayısı : 266
Kahramanmaraş,Onikişubat,KOCATEPE İLKOKULU,757311,İlkokul,https://kocatepeilkokulu46.meb.k12.tr,,,https://kocatepeilkokulu46.meb.k12.tr/tema/harita.php,2026-08-31,666,666,bulundu,https://kocatepeilkokulu46.meb.k12.tr/,2026-10-01T18:52:44.197752+00:00,,Öğrenci Sayısı : 666
Kahramanmaraş,Onikişubat,Kahramanmaraş Anadolu İmam Hatip Lisesi,184194,Anadolu İmam Hatip Lisesi,https://kmarasihl.meb.k12.tr,,,https://kmarasihl.meb.k12.tr/tema/harita.php,2026-08-31,908,908,bulundu,https://kmarasihl.meb.k12.tr/,2026-10-01T18:52:44.415002+00:00,,Öğrenci Sayısı : 908
Kahramanmaraş,Onikişubat,Kahramanmaraş Batıpark Özel Eğitim Uygulama Okulu III. Kademe,748120,Özel Eğitim Kurumu,https://kahramanmarasisuygulama.meb.k12.tr,,,https://kahramanmarasisuygulama.meb.k12.tr/tema/harita.php,2026-08-31,62,62,bulundu,https://kahramanmarasisuygulama.meb.k12.tr/,2026-10-01T18:52:44.587922+00:00,,Öğrenci Sayısı : 62
Kahramanmaraş,Onikişubat,Kahramanmaraş Fen Lisesi,300206,Fen Lisesi,https://marasfenlisesi.meb.k12.tr,,,https://marasfenlisesi.meb.k12.tr/tema/harita.php,2026-08-31,611,611,bulundu,https://marasfenlisesi.meb.k12.tr/,2026-10-01T18:52:44.682603+00:00,,Öğrenci Sayısı : 611
Kahramanmaraş,Onikişubat,Kahramanmaraş Güzel Sanatlar Lisesi,972767,Güzel Sanatlar Lisesi,https://marasguzelsanatlar.meb.k12.tr,,,https://marasguzelsanatlar.meb.k12.tr/tema/harita.php,2026-08-31,183,183,bulundu,https://marasguzelsanatlar.meb.k12.tr/,2026-10-01T18:52:44.971590+00:00,,Öğrenci Sayısı : 183
Kahramanmaraş,Onikişubat,Kahramanmaraş Mado Akdeniz Turizm Mesleki ve Teknik Anadolu Lisesi,354186,Mesleki ve Teknik Anadolu Lisesi,https://akdeniz46.meb.k12.tr,,,https://akdeniz46.meb.k12.tr/tema/harita.php,2026-08-31,507,507,bulundu,https://akdeniz46.meb.k12.tr/,2026-10-01T18:52:44.999801+00:00,,Öğrenci Sayısı : 507
Kahramanmaraş,Onikişubat,Kahramanmaraş Mesleki ve Teknik Anadolu Lisesi,184169,Mesleki ve Teknik Anadolu Lisesi,https://kahramanmaraseml.meb.k12.tr,,,https://kahramanmaraseml.meb.k12.tr/tema/harita.php,2026-08-31,1235,1235,bulundu,https://kahramanmaraseml.meb.k12.tr/,2026-10-01T18:52:45.413614+00:00,,Öğrenci Sayısı : 1235
Kahramanmaraş,Onikişubat,Kahramanmaraş Sosyal Bilimler Lisesi,244228,Sosyal Bilimler Lisesi,https://kmarassbl.meb.k12.tr,,,https://kmarassbl.meb.k12.tr/tema/harita.php,2026-08-31,485,485,bulundu,https://kmarassbl.meb.k12.tr/,2026-10-01T18:52:45.511276+00:00,,Öğrenci Sayısı : 485
Kahramanmaraş,Onikişubat,Kahramanmaraş Spor Lisesi,754473,Spor Lisesi,https://kmsporlise.meb.k12.tr,,,https://kmsporlise.meb.k12.tr/tema/harita.php,2026-08-31,261,261,bulundu,https://kmsporlise.meb.k12.tr/,2026-10-01T18:52:45.592914+00:00,,Öğrenci Sayısı : 261
Kahramanmaraş,Onikişubat,Kahramanmaraş TOBB Fen Lisesi,760166,Fen Lisesi,https://tobbfenlise.meb.k12.tr,,,https://tobbfenlise.meb.k12.tr/tema/harita.php,2026-08-31,614,614,bulundu,https://tobbfenlise.meb.k12.tr/,2026-10-01T18:52:45.619071+00:00,,Öğrenci Sayısı 614
Kahramanmaraş,Onikişubat,Kahramanmaraş Özel Eğitim Uygulama Okulu I. Kademe,747116,Özel Eğitim Kurumu,https://uygulama46.meb.k12.tr,,,https://uygulama46.meb.k12.tr/tema/harita.php,2026-08-31,51,51,bulundu,https://uygulama46.meb.k12.tr/,2026-10-01T18:52:45.630807+00:00,,Öğrenci Sayısı : 51
Kahramanmaraş,Onikişubat,Kahramanmaraş Özel Eğitim Uygulama Okulu II. Kademe,747364,Özel Eğitim Kurumu,https://ozelegitimuygulamamerkezi46.meb.k12.tr,,,https://ozelegitimuygulamamerkezi46.meb.k12.tr/tema/harita.php,2026-08-31,43,43,bulundu,https://ozelegitimuygulamamerkezi46.meb.k12.tr/,2026-10-01T18:52:45.640037+00:00,,Öğrenci Sayısı : 43
Kahramanmaraş,Onikişubat,Kale Karataş Ortaokulu,726616,Ortaokul,https://kalekaratasoo.meb.k12.tr,,,https://kalekaratasoo.meb.k12.tr/tema/harita.php,2026-08-31,201,201,bulundu,https://kalekaratasoo.meb.k12.tr/,2026-10-01T18:52:45.761857+00:00,,Öğrenci Sayısı : 201
Kahramanmaraş,Onikişubat,Kale Şehit Abdullah Tayyip Olçok Kız Anadolu İmam Hatip Lisesi,764454,Anadolu İmam Hatip Lisesi,https://kaleaihl.meb.k12.tr,,,https://kaleaihl.meb.k12.tr/tema/harita.php,2026-08-31,277,277,bulundu,https://kaleaihl.meb.k12.tr/,2026-10-01T18:52:45.814531+00:00,,Öğrenci Sayısı : 277
Kahramanmaraş,Onikişubat,Kale Şehit Ökkeş Karaca İlkokulu,754424,İlkokul,https://kalesehitokkeskaracaio.meb.k12.tr,,,https://kalesehitokkeskaracaio.meb.k12.tr/tema/harita.php,2026-08-31,235,235,bulundu,https://kalesehitokkeskaracaio.meb.k12.tr/,2026-10-01T18:52:45.995100+00:00,,Öğrenci Sayısı : 235
Kahramanmaraş,Onikişubat,Kalekaya Ortaokulu,758872,Ortaokul,https://758872.meb.k12.tr,,,https://758872.meb.k12.tr/tema/harita.php,2026-08-31,47,47,bulundu,https://758872.meb.k12.tr/,2026-10-01T18:52:46.298541+00:00,,Öğrenci Sayısı : 47
Kahramanmaraş,Onikişubat,Kalekaya İlkokulu,754413,İlkokul,https://kalekayailkokulu.meb.k12.tr,,,https://kalekayailkokulu.meb.k12.tr/tema/harita.php,2026-08-31,7,7,bulundu,https://kalekayailkokulu.meb.k12.tr/,2026-10-01T18:52:46.398166+00:00,,Öğrenci Sayısı 7
Kahramanmaraş,Onikişubat,Karadere Harmancık Ortaokulu,726610,Ortaokul,https://karadereharmancikortaokulu.meb.k12.tr,,,https://karadereharmancikortaokulu.meb.k12.tr/tema/harita.php,2026-08-31,48,48,bulundu,https://karadereharmancikortaokulu.meb.k12.tr/,2026-10-01T18:52:46.425876+00:00,,Öğrenci Sayısı : 48
Kahramanmaraş,Onikişubat,Karadere Harmancık İlkokulu,726611,İlkokul,https://karadereharmancikilkokulu.meb.k12.tr,,,https://karadereharmancikilkokulu.meb.k12.tr/tema/harita.php,2026-08-31,45,45,bulundu,https://karadereharmancikilkokulu.meb.k12.tr/,2026-10-01T18:52:46.525063+00:00,,Öğrenci Sayısı : 45
Kahramanmaraş,Onikişubat,Kavlaklı Hasan Gökçe Ortaokulu,726962,Ortaokul,https://kavlaklihasangokceoo.meb.k12.tr,,,https://kavlaklihasangokceoo.meb.k12.tr/tema/harita.php,2026-08-31,299,299,bulundu,https://kavlaklihasangokceoo.meb.k12.tr/,2026-10-01T18:52:46.575273+00:00,,Öğrenci Sayısı : 299
Kahramanmaraş,Onikişubat,Kavlaklı Mesleki Eğitim Merkezi,775210,Mesleki Eğitim Merkezi,https://kavlaklimesem.meb.k12.tr,,,https://kavlaklimesem.meb.k12.tr/tema/harita.php,2026-08-31,2319,2319,bulundu,https://kavlaklimesem.meb.k12.tr/,2026-10-01T18:52:46.585612+00:00,,Öğrenci Sayısı : 2319
Kahramanmaraş,Onikişubat,Kavlaklı İlkokulu,975080,İlkokul,https://kavlakliio.meb.k12.tr,,,https://kavlakliio.meb.k12.tr/tema/harita.php,2026-08-31,299,299,bulundu,https://kavlakliio.meb.k12.tr/,2026-10-01T18:52:46.591084+00:00,,Öğrenci Sayısı : 299
Kahramanmaraş,Onikişubat,Kertmen Köyü Tilkiler İlkokulu,734551,İlkokul,https://kertmenkytilkilerio.meb.k12.tr,,,https://kertmenkytilkilerio.meb.k12.tr/tema/harita.php,2026-08-31,7,7,bulundu,https://kertmenkytilkilerio.meb.k12.tr/,2026-10-01T18:52:46.596008+00:00,,Öğrenci Sayısı: 7
Kahramanmaraş,Onikişubat,Kertmen İlkokulu,772533,İlkokul,https://kertmenilkokulu.meb.k12.tr,,,https://kertmenilkokulu.meb.k12.tr/tema/harita.php,2026-08-31,0,0,bulundu,https://kertmenilkokulu.meb.k12.tr/,2026-10-01T18:52:46.868499+00:00,,Öğrenci Sayısı : 0
Kahramanmaraş,Onikişubat,Kervan Pastanesi Turgut Pekel İmam Hatip Ortaokulu,759118,İmam Hatip Ortaokulu,https://kervaniho.meb.k12.tr,,,https://kervaniho.meb.k12.tr/tema/harita.php,2026-08-31,590,590,bulundu,https://kervaniho.meb.k12.tr/,2026-10-01T18:52:46.961914+00:00,,Öğrenci Sayısı 590
Kahramanmaraş,Onikişubat,Kozcağız İlkokulu,772546,İlkokul,https://772546.meb.k12.tr,,,https://772546.meb.k12.tr/tema/harita.php,2026-08-31,0,0,bulundu,https://772546.meb.k12.tr/,2026-10-01T18:52:46.975380+00:00,,Öğrenci Sayısı : 0
Kahramanmaraş,Onikişubat,Kumarlı İlkokulu,726600,İlkokul,https://kumarliilkokulu.meb.k12.tr,,,https://kumarliilkokulu.meb.k12.tr/tema/harita.php,2026-08-31,53,53,bulundu,https://kumarliilkokulu.meb.k12.tr/,2026-10-01T18:52:47.029561+00:00,,Öğrenci Sayısı 53
Kahramanmaraş,Onikişubat,Kumarlı Şehit İsmail Daşçı Ortaokulu,726597,Ortaokul,https://kumarliortaokulu.meb.k12.tr,,,https://kumarliortaokulu.meb.k12.tr/tema/harita.php,2026-08-31,57,57,bulundu,https://kumarliortaokulu.meb.k12.tr/,2026-10-01T18:52:47.093402+00:00,,Öğrenci Sayısı 57
Kahramanmaraş,Onikişubat,Kurtlar İlkokulu,726594,İlkokul,https://kurtlar.meb.k12.tr,,,https://kurtlar.meb.k12.tr/tema/harita.php,2026-08-31,219,219,bulundu,https://kurtlar.meb.k12.tr/tema/okulumuz_hakkinda.php,2026-10-01T18:52:47.127503+00:00,,Öğrenci : 219
Kahramanmaraş,Onikişubat,Köseli Ortaokulu,726602,Ortaokul,https://koseliortaokulu46.meb.k12.tr,,,https://koseliortaokulu46.meb.k12.tr/tema/harita.php,2026-08-31,95,95,bulundu,https://koseliortaokulu46.meb.k12.tr/,2026-10-01T18:52:47.255571+00:00,,Öğrenci Sayısı : 95
Kahramanmaraş,Onikişubat,Köseli İlkokulu,754429,İlkokul,https://koseliilkokulu46.meb.k12.tr,,,https://koseliilkokulu46.meb.k12.tr/tema/harita.php,2026-08-31,112,112,bulundu,https://koseliilkokulu46.meb.k12.tr/,2026-10-01T18:52:47.308853+00:00,,Öğrenci Sayısı : 112
Kahramanmaraş,Onikişubat,Kümperli Ortaokulu,726880,Ortaokul,https://kumperlioo.meb.k12.tr,,,https://kumperlioo.meb.k12.tr/tema/harita.php,2026-08-31,61,61,bulundu,https://kumperlioo.meb.k12.tr/,2026-10-01T18:52:47.373685+00:00,,Öğrenci Sayısı : 61
Kahramanmaraş,Onikişubat,Kümperli İlkokulu,726882,İlkokul,https://kumperliio.meb.k12.tr,,,https://kumperliio.meb.k12.tr/tema/harita.php,2026-08-31,93,93,bulundu,https://kumperliio.meb.k12.tr/,2026-10-01T18:52:47.435597+00:00,,Öğrenci Sayısı : 93
Kahramanmaraş,Onikişubat,Kürtül Celilli Ortaokulu,726878,Ortaokul,https://kurtulcelillioo.meb.k12.tr,,,https://kurtulcelillioo.meb.k12.tr/tema/harita.php,2026-08-31,133,133,bulundu,https://kurtulcelillioo.meb.k12.tr/,2026-10-01T18:52:47.454672+00:00,,Öğrenci Sayısı 133
Kahramanmaraş,Onikişubat,Kürtül Celilli İlkokulu,726879,İlkokul,https://kurtulcelilliio.meb.k12.tr,,,https://kurtulcelilliio.meb.k12.tr/tema/harita.php,2026-08-31,101,101,bulundu,https://kurtulcelilliio.meb.k12.tr/,2026-10-01T18:52:47.501366+00:00,,Öğrenci Sayısı : 101
Kahramanmaraş,Onikişubat,Kürtül Ortaokulu,726876,Ortaokul,https://kurtuloo.meb.k12.tr,,,https://kurtuloo.meb.k12.tr/tema/harita.php,2026-08-31,179,179,bulundu,https://kurtuloo.meb.k12.tr/,2026-10-01T18:52:47.550437+00:00,,Öğrenci Sayısı 179
Kahramanmaraş,Onikişubat,Kürtül İlkokulu,745965,İlkokul,https://kurtulio.meb.k12.tr,,,https://kurtulio.meb.k12.tr/tema/harita.php,2026-08-31,106,106,bulundu,https://kurtulio.meb.k12.tr/,2026-10-01T18:52:47.640863+00:00,,Öğrenci Sayısı 106
Kahramanmaraş,Onikişubat,Kılavuzlu Abdülgani Seyithanoğlu Ortaokulu,726975,Ortaokul,https://kilavuzluortaokulu.meb.k12.tr,,,https://kilavuzluortaokulu.meb.k12.tr/tema/harita.php,2026-08-31,333,333,bulundu,https://kilavuzluortaokulu.meb.k12.tr/,2026-10-01T18:52:47.674875+00:00,,Öğrenci Sayısı : 333
Kahramanmaraş,Onikişubat,Kılavuzlu Abdülgani Seyithanoğlu İlkokulu,726974,İlkokul,https://kilavuzluilkokulu.meb.k12.tr,,,https://kilavuzluilkokulu.meb.k12.tr/tema/harita.php,2026-08-31,327,327,bulundu,https://kilavuzluilkokulu.meb.k12.tr/,2026-10-01T18:52:47.693160+00:00,,Öğrenci Sayısı : 327
Kahramanmaraş,Onikişubat,Kızıldamlar İlkokulu,734556,İlkokul,https://kizildamlar.meb.k12.tr,,,https://kizildamlar.meb.k12.tr/tema/harita.php,2026-08-31,35,35,bulundu,https://kizildamlar.meb.k12.tr/,2026-10-01T18:52:47.825425+00:00,,Öğrenci Sayısı 35
Kahramanmaraş,Onikişubat,Kızılseki Ortaokulu,726606,Ortaokul,https://kizilsekioo.meb.k12.tr,,,https://kizilsekioo.meb.k12.tr/tema/harita.php,2026-08-31,35,35,bulundu,https://kizilsekioo.meb.k12.tr/tema/okulumuz_hakkinda.php,2026-10-01T18:52:47.835745+00:00,,Öğrenci : 35
Kahramanmaraş,Onikişubat,Kızılseki İlkokulu,726607,İlkokul,https://kizilsekiio.meb.k12.tr,,,https://kizilsekiio.meb.k12.tr/tema/harita.php,2026-08-31,47,47,bulundu,https://kizilsekiio.meb.k12.tr/tema/okulumuz_hakkinda.php,2026-10-01T18:52:47.873292+00:00,,Öğrenci : 47
Kahramanmaraş,Onikişubat,MADO Kadriye Kanbur İlkokulu,724993,İlkokul,https://madokadriyekanburilkokulu.meb.k12.tr,,,https://madokadriyekanburilkokulu.meb.k12.tr/tema/harita.php,2026-08-31,1509,1509,bulundu,https://madokadriyekanburilkokulu.meb.k12.tr/,2026-10-01T18:52:47.930886+00:00,,Öğrenci Sayısı : 1509
Kahramanmaraş,Onikişubat,Maarif Anadolu Lisesi,767330,Anadolu Lisesi,https://maarifanadolulisesi.meb.k12.tr,,,https://maarifanadolulisesi.meb.k12.tr/tema/harita.php,2026-08-31,669,669,bulundu,https://maarifanadolulisesi.meb.k12.tr/,2026-10-01T18:52:47.936110+00:00,,Öğrenci Sayısı : 669
Kahramanmaraş,Onikişubat,Maksutlu Dönükler İlkokulu,754378,İlkokul,https://754378.meb.k12.tr,,,https://754378.meb.k12.tr/tema/harita.php,2026-08-31,23,23,bulundu,https://754378.meb.k12.tr/,2026-10-01T18:52:48.151303+00:00,,Öğrenci Sayısı : 23
Kahramanmaraş,Onikişubat,Maksutlu İlkokulu,766748,İlkokul,https://766748.meb.k12.tr,,,https://766748.meb.k12.tr/tema/harita.php,2026-08-31,49,49,bulundu,https://766748.meb.k12.tr/,2026-10-01T18:52:48.172239+00:00,,Öğrenci Sayısı : 49
Kahramanmaraş,Onikişubat,Mareşal Fevzi Çakmak İlkokulu,714907,İlkokul,https://maresalilkokulu.meb.k12.tr,,,https://maresalilkokulu.meb.k12.tr/tema/harita.php,2026-08-31,585,585,bulundu,https://maresalilkokulu.meb.k12.tr/,2026-10-01T18:52:48.239404+00:00,,Öğrenci Sayısı : 585
Kahramanmaraş,Onikişubat,Mehmet Akif İnan İmam Hatip Ortaokulu,760762,İmam Hatip Ortaokulu,https://akifinaniho.meb.k12.tr,,,https://akifinaniho.meb.k12.tr/tema/harita.php,2026-08-31,444,444,bulundu,https://akifinaniho.meb.k12.tr/,2026-10-01T18:52:48.344939+00:00,,Öğrenci Sayısı : 444
Kahramanmaraş,Onikişubat,Menekşe Anaokulu,759126,Anaokulu,https://kmarasmenekseanaokulu.meb.k12.tr,,,https://kmarasmenekseanaokulu.meb.k12.tr/tema/harita.php,2026-08-31,167,167,bulundu,https://kmarasmenekseanaokulu.meb.k12.tr/,2026-10-01T18:52:48.381883+00:00,,Öğrenci Sayısı : 167
Kahramanmaraş,Onikişubat,Merkez Atatürk Anadolu Lisesi,964106,Anadolu Lisesi,https://kmarasataturkal.meb.k12.tr,,,https://kmarasataturkal.meb.k12.tr/tema/harita.php,2026-08-31,744,744,bulundu,https://kmarasataturkal.meb.k12.tr/,2026-10-01T18:52:48.430272+00:00,,Öğrenci Sayısı 744
Kahramanmaraş,Onikişubat,Mevlana İlkokulu,754135,İlkokul,https://kmarasmevlanailkokulu.meb.k12.tr,,,https://kmarasmevlanailkokulu.meb.k12.tr/tema/harita.php,2026-08-31,904,904,bulundu,https://kmarasmevlanailkokulu.meb.k12.tr/,2026-10-01T18:52:48.510550+00:00,,Öğrenci Sayısı : 904
Kahramanmaraş,Onikişubat,Milli İrade Anadolu Lisesi,765270,Anadolu Lisesi,https://milliirade.meb.k12.tr,,,https://milliirade.meb.k12.tr/tema/harita.php,2026-08-31,491,491,bulundu,https://milliirade.meb.k12.tr/tema/okulumuz_hakkinda.php,2026-10-01T18:52:48.685763+00:00,,Öğrenci : 491
Kahramanmaraş,Onikişubat,Mimar Sinan İlkokulu,726900,İlkokul,https://mimarsinanilkokulu46.meb.k12.tr,,,https://mimarsinanilkokulu46.meb.k12.tr/tema/harita.php,2026-08-31,,,bulunamadi,,2026-10-01T18:52:48.757432+00:00,,
Kahramanmaraş,Onikişubat,Molla Gürani İlkokulu,761466,İlkokul,https://mollaguraniilkokulu.meb.k12.tr,,,https://mollaguraniilkokulu.meb.k12.tr/tema/harita.php,2026-08-31,733,733,bulundu,https://mollaguraniilkokulu.meb.k12.tr/,2026-10-01T18:52:48.830050+00:00,,Öğrenci Sayısı : 733
Kahramanmaraş,Onikişubat,Muallim Hayrullah Efendi Ortaokulu,776153,Ortaokul,https://muallimhayrullahefendi46.meb.k12.tr,,,https://muallimhayrullahefendi46.meb.k12.tr/tema/harita.php,2026-08-31,659,659,bulundu,https://muallimhayrullahefendi46.meb.k12.tr/,2026-10-01T18:52:48.854450+00:00,,Öğrenci Sayısı 659
Kahramanmaraş,Onikişubat,Muratlı Hıdırlı İlkokulu,734572,İlkokul,https://muratlhdrlilkokulu.meb.k12.tr,,,https://muratlhdrlilkokulu.meb.k12.tr/tema/harita.php,2026-08-31,5,5,bulundu,https://muratlhdrlilkokulu.meb.k12.tr/,2026-10-01T18:52:49.015259+00:00,,Öğrenci Sayısı 5
Kahramanmaraş,Onikişubat,Mükrime Hatun Kız Mesleki ve Teknik Anadolu Lisesi,974370,Mesleki ve Teknik Anadolu Lisesi,https://mukrimehatun.meb.k12.tr,,,https://mukrimehatun.meb.k12.tr/tema/harita.php,2026-08-31,993,993,bulundu,https://mukrimehatun.meb.k12.tr/tema/okulumuz_hakkinda.php,2026-10-01T18:52:49.028873+00:00,,Öğrenci : 993
Kahramanmaraş,Onikişubat,Necip Fazıl Kısakürek İlkokulu,726898,İlkokul,https://nfk46.meb.k12.tr,,,https://nfk46.meb.k12.tr/tema/harita.php,2026-08-31,1405,1405,bulundu,https://nfk46.meb.k12.tr/,2026-10-01T18:52:49.175623+00:00,,Öğrenci Sayısı : 1405
Kahramanmaraş,Onikişubat,Necmettin Erbakan Anadolu İmam Hatip Lisesi,762338,Anadolu İmam Hatip Lisesi,https://necmettinerbakanihl.meb.k12.tr,,,https://necmettinerbakanihl.meb.k12.tr/tema/harita.php,2026-08-31,,,bulunamadi,,2026-10-01T18:52:49.210294+00:00,,
Kahramanmaraş,Onikişubat,Nezihe Öksüz Mesleki ve Teknik Anadolu Lisesi,967792,Mesleki ve Teknik Anadolu Lisesi,https://neziheoksuzmtal.meb.k12.tr,,,https://neziheoksuzmtal.meb.k12.tr/tema/harita.php,2026-08-31,,,bulunamadi,,2026-10-01T18:52:49.229664+00:00,,
Kahramanmaraş,Onikişubat,Nuri Pakdil Ortaokulu,967224,Ortaokul,https://npakdilortaokulu.meb.k12.tr,,,https://npakdilortaokulu.meb.k12.tr/tema/harita.php,2026-08-31,1213,1213,bulundu,https://npakdilortaokulu.meb.k12.tr/,2026-10-01T18:52:49.353064+00:00,,Öğrenci Sayısı 1213
Kahramanmaraş,Onikişubat,Onikişubat Anadolu Lisesi,761444,Anadolu Lisesi,https://onikisubatanadolulisesi.meb.k12.tr,,,https://onikisubatanadolulisesi.meb.k12.tr/tema/harita.php,2026-08-31,661,661,bulundu,https://onikisubatanadolulisesi.meb.k12.tr/,2026-10-01T18:52:49.380958+00:00,,Öğrenci Sayısı 661
Kahramanmaraş,Onikişubat,Onikişubat Belediyesi Ilıca İmam Hatip Ortaokulu,761914,İmam Hatip Ortaokulu,https://ilicaimamhatiportaokulu.meb.k12.tr,,,https://ilicaimamhatiportaokulu.meb.k12.tr/tema/harita.php,2026-08-31,156,156,bulundu,https://ilicaimamhatiportaokulu.meb.k12.tr/,2026-10-01T18:52:49.466614+00:00,,Öğrenci Sayısı 156
Kahramanmaraş,Onikişubat,Onikişubat Belediyesi Tekir Anadolu İmam Hatip Lisesi,769072,Anadolu İmam Hatip Lisesi,https://obtekiraihl.meb.k12.tr,,,https://obtekiraihl.meb.k12.tr/tema/harita.php,2026-08-31,143,143,bulundu,https://obtekiraihl.meb.k12.tr/tema/okulumuz_hakkinda.php,2026-10-01T18:52:49.513229+00:00,,Öğrenci : 143
Kahramanmaraş,Onikişubat,Onikişubat Bilim ve Sanat Merkezi,768196,Bilim ve Sanat Merkezi,https://onikisubatbilsem.meb.k12.tr,,,https://onikisubatbilsem.meb.k12.tr/tema/harita.php,2026-08-31,562,562,bulundu,https://onikisubatbilsem.meb.k12.tr/tema/okulumuz_hakkinda.php,2026-10-01T18:52:49.524508+00:00,,Öğrenci : 562
Kahramanmaraş,Onikişubat,Onikişubat Nevin Gümüşer Anaokulu,769006,Anaokulu,https://nevingumuseranaokulu.meb.k12.tr,,,https://nevingumuseranaokulu.meb.k12.tr/tema/harita.php,2026-08-31,288,288,bulundu,https://nevingumuseranaokulu.meb.k12.tr/,2026-10-01T18:52:49.692552+00:00,,Öğrenci Sayısı 288
Kahramanmaraş,Onikişubat,Onikişubat Rehberlik ve Araştırma Merkezi,767100,Rehberlik ve Araştırma Merkezi,https://onikisubatram.meb.k12.tr,,,https://onikisubatram.meb.k12.tr/tema/harita.php,2026-08-31,,,bulunamadi,,2026-10-01T18:52:49.701646+00:00,,
Kahramanmaraş,Onikişubat,Onikişubat Suzan ve Abdulhakim Bilgili Halk Eğitimi Merkezi,184204,Halk Eğitimi Merkezi,https://onikisubathem.meb.k12.tr,,,https://onikisubathem.meb.k12.tr/tema/harita.php,2026-08-31,,,bulunamadi,,2026-10-01T18:52:49.760073+00:00,,
Kahramanmaraş,Onikişubat,Onikişubat Özel Eğitim Anaokulu,773828,Anaokulu,https://onikisubatozelegitimanaokulu.meb.k12.tr,,,https://onikisubatozelegitimanaokulu.meb.k12.tr/tema/harita.php,2026-08-31,13,13,bulundu,https://onikisubatozelegitimanaokulu.meb.k12.tr/,2026-10-01T18:52:49.766914+00:00,,Öğrenci Sayısı: 13
Kahramanmaraş,Onikişubat,Onikişubat Özel Eğitim Ortaokulu,746955,Ortaokul,https://125yiloeo.meb.k12.tr,,,https://125yiloeo.meb.k12.tr/tema/harita.php,2026-08-31,43,43,bulundu,https://125yiloeo.meb.k12.tr/,2026-10-01T18:52:49.826062+00:00,,Öğrenci Sayısı : 43
Kahramanmaraş,Onikişubat,Onikişubat Özel Eğitim İlkokulu,746835,İlkokul,https://onikisubatozelegitimilkokulu.meb.k12.tr,,,https://onikisubatozelegitimilkokulu.meb.k12.tr/tema/harita.php,2026-08-31,28,28,bulundu,https://onikisubatozelegitimilkokulu.meb.k12.tr/,2026-10-01T18:52:50.152842+00:00,,Öğrenci Sayısı 28
Kahramanmaraş,Onikişubat,Orhangazi İlkokulu,734576,İlkokul,https://orhangaziio46.meb.k12.tr,,,https://orhangaziio46.meb.k12.tr/tema/harita.php,2026-08-31,7,7,bulundu,https://orhangaziio46.meb.k12.tr/,2026-10-01T18:52:50.246233+00:00,,Öğrenci Sayısı 7
Kahramanmaraş,Onikişubat,Piri Reis Ortaokulu,746430,Ortaokul,https://pirireisortaokulu.meb.k12.tr,,,https://pirireisortaokulu.meb.k12.tr/tema/harita.php,2026-08-31,746,746,bulundu,https://pirireisortaokulu.meb.k12.tr/,2026-10-01T18:52:50.291066+00:00,,Öğrenci Sayısı 746
Kahramanmaraş,Onikişubat,Rabia Arıkan İmam Hatip Ortaokulu,762284,İmam Hatip Ortaokulu,https://rabiaarikaniho.meb.k12.tr,,,https://rabiaarikaniho.meb.k12.tr/tema/harita.php,2026-08-31,372,372,bulundu,https://rabiaarikaniho.meb.k12.tr/,2026-10-01T18:52:50.585284+00:00,,Öğrenci Sayısı 372
Kahramanmaraş,Onikişubat,Rasim Özdenören İlkokulu,726911,İlkokul,https://rasimozdenorenio.meb.k12.tr,,,https://rasimozdenorenio.meb.k12.tr/tema/harita.php,2026-08-31,826,826,bulundu,https://rasimozdenorenio.meb.k12.tr/tema/okulumuz_hakkinda.php,2026-10-01T18:52:50.594072+00:00,,Öğrenci : 826
Kahramanmaraş,Onikişubat,Sadıklı Yusuflar İlkokulu,734585,İlkokul,https://sadikliyusuflarilkokulu.meb.k12.tr,,,https://sadikliyusuflarilkokulu.meb.k12.tr/tema/harita.php,2026-08-31,6,6,bulundu,https://sadikliyusuflarilkokulu.meb.k12.tr/,2026-10-01T18:52:50.659442+00:00,,Öğrenci Sayısı: 6
Kahramanmaraş,Onikişubat,Sadıklı İlkokulu,587321,İlkokul,https://sadikli.meb.k12.tr,,,https://sadikli.meb.k12.tr/tema/harita.php,2026-08-31,8,8,bulundu,https://sadikli.meb.k12.tr/,2026-10-01T18:52:50.678151+00:00,,Öğrenci Sayısı 8
Kahramanmaraş,Onikişubat,Sarıgüzel Kuzdere İlkokulu,754263,İlkokul,https://754263.meb.k12.tr,,,https://754263.meb.k12.tr/tema/harita.php,2026-08-31,9,9,bulundu,https://754263.meb.k12.tr/,2026-10-01T18:52:50.695417+00:00,,Öğrenci Sayısı: 9
Kahramanmaraş,Onikişubat,Sarıgüzel Köyü Ali KOCA Ortaokulu,754268,Ortaokul,https://sariguzelalikocaoo.meb.k12.tr,,,https://sariguzelalikocaoo.meb.k12.tr/tema/harita.php,2026-08-31,102,102,bulundu,https://sariguzelalikocaoo.meb.k12.tr/,2026-10-01T18:52:50.735023+00:00,,Öğrenci Sayısı : 102
Kahramanmaraş,Onikişubat,Sarıgüzel Köyü Ali KOCA İlkokulu,754271,İlkokul,https://sariguzelalikocaio.meb.k12.tr,,,https://sariguzelalikocaio.meb.k12.tr/tema/harita.php,2026-08-31,81,81,bulundu,https://sariguzelalikocaio.meb.k12.tr/,2026-10-01T18:52:50.739477+00:00,,Öğrenci Sayısı : 81
Kahramanmaraş,Onikişubat,Sarıgüzel Çakı İlkokulu,734590,İlkokul,https://sariguzelcakiilkokulu.meb.k12.tr,,,https://sariguzelcakiilkokulu.meb.k12.tr/tema/harita.php,2026-08-31,11,11,bulundu,https://sariguzelcakiilkokulu.meb.k12.tr/,2026-10-01T18:52:50.769533+00:00,,Öğrenci Sayısı 11
Kahramanmaraş,Onikişubat,Sarıçukur İlkokulu,734586,İlkokul,https://saricukurio.meb.k12.tr,,,https://saricukurio.meb.k12.tr/tema/harita.php,2026-08-31,,,bulunamadi,,2026-10-01T18:52:50.846350+00:00,,
Kahramanmaraş,Onikişubat,Saçaklızade İlkokulu,760770,İlkokul,https://sacaklizadeio.meb.k12.tr,,,https://sacaklizadeio.meb.k12.tr/tema/harita.php,2026-08-31,839,839,bulundu,https://sacaklizadeio.meb.k12.tr/,2026-10-01T18:52:51.018159+00:00,,Öğrenci Sayısı : 839
Kahramanmaraş,Onikişubat,Sebahat Sungur Kızılay Anaokulu,775187,Anaokulu,https://sebahatsungurkizilayanaokulu.meb.k12.tr,,,https://sebahatsungurkizilayanaokulu.meb.k12.tr/tema/harita.php,2026-08-31,105,105,bulundu,https://sebahatsungurkizilayanaokulu.meb.k12.tr/,2026-10-01T18:52:51.032240+00:00,,Öğrenci Sayısı: 105
Kahramanmaraş,Onikişubat,Selimiye Ortaokulu,776087,Ortaokul,https://776087.meb.k12.tr,,,https://776087.meb.k12.tr/tema/harita.php,2026-08-31,87,87,bulundu,https://776087.meb.k12.tr/,2026-10-01T18:52:51.049335+00:00,,Öğrenci Sayısı 87
Kahramanmaraş,Onikişubat,Selimiye İlkokulu,776086,İlkokul,https://776086.meb.k12.tr,,,https://776086.meb.k12.tr/tema/harita.php,2026-08-31,114,114,bulundu,https://776086.meb.k12.tr/,2026-10-01T18:52:51.124817+00:00,,Öğrenci Sayısı 114
Kahramanmaraş,Onikişubat,Selimiye Şehit Mehmet Fedakar Ortaokulu,726865,Ortaokul,https://selimiyemntoo.meb.k12.tr,,,https://selimiyemntoo.meb.k12.tr/tema/harita.php,2026-08-31,176,176,bulundu,https://selimiyemntoo.meb.k12.tr/,2026-10-01T18:52:51.280597+00:00,,Öğrenci Sayısı 176
Kahramanmaraş,Onikişubat,Selimiye Şehit Mehmet Fedakar İlkokulu,726866,İlkokul,https://selimiyemntecirlioluio.meb.k12.tr,,,https://selimiyemntecirlioluio.meb.k12.tr/tema/harita.php,2026-08-31,228,228,bulundu,https://selimiyemntecirlioluio.meb.k12.tr/,2026-10-01T18:52:51.436151+00:00,,Öğrenci Sayısı : 228
Kahramanmaraş,Onikişubat,Senem Ayşe Anaokulu,881878,Anaokulu,https://senemayse.meb.k12.tr,,,https://senemayse.meb.k12.tr/tema/harita.php,2026-08-31,593,593,bulundu,https://senemayse.meb.k12.tr/,2026-10-01T18:52:51.462599+00:00,,Öğrenci Sayısı : 593
Kahramanmaraş,Onikişubat,Sergentepe Sezai Karakoç İlkokulu,746391,İlkokul,https://sergentepesezaikarakocilkokulu.meb.k12.tr,,,https://sergentepesezaikarakocilkokulu.meb.k12.tr/tema/harita.php,2026-08-31,627,627,bulundu,https://sergentepesezaikarakocilkokulu.meb.k12.tr/,2026-10-01T18:52:51.567995+00:00,,Öğrenci Sayısı : 627
Kahramanmaraş,Onikişubat,Serhan Çalık Ortaokulu,727069,Ortaokul,https://serhancalik.meb.k12.tr,,,https://serhancalik.meb.k12.tr/tema/harita.php,2026-08-31,685,685,bulundu,https://serhancalik.meb.k12.tr/,2026-10-01T18:52:51.569993+00:00,,Öğrenci Sayısı : 685
Kahramanmaraş,Onikişubat,Suluyayla Şehit Fatih Demir Ortaokulu,726860,Ortaokul,https://suluyaylaortaokulu.meb.k12.tr,,,https://suluyaylaortaokulu.meb.k12.tr/tema/harita.php,2026-08-31,44,44,bulundu,https://suluyaylaortaokulu.meb.k12.tr/,2026-10-01T18:52:51.633062+00:00,,Öğrenci Sayısı 44
Kahramanmaraş,Onikişubat,Suluyayla Şehit Fatih Demir İlkokulu,726862,İlkokul,https://suluyaylafatihdemirilkokulu.meb.k12.tr,,,https://suluyaylafatihdemirilkokulu.meb.k12.tr/tema/harita.php,2026-08-31,34,34,bulundu,https://suluyaylafatihdemirilkokulu.meb.k12.tr/,2026-10-01T18:52:51.634423+00:00,,Öğrenci Sayısı 34
Kahramanmaraş,Onikişubat,Suçatı Şehit Eyüp Saz Ortaokulu,726863,Ortaokul,https://sucatiortaokulu.meb.k12.tr,,,https://sucatiortaokulu.meb.k12.tr/tema/harita.php,2026-08-31,164,164,bulundu,https://sucatiortaokulu.meb.k12.tr/,2026-10-01T18:52:51.696083+00:00,,Öğrenci Sayısı : 164
Kahramanmaraş,Onikişubat,Suçatı Şehit Eyüp Saz İlkokulu,726864,İlkokul,https://sucatiilkokulu.meb.k12.tr,,,https://sucatiilkokulu.meb.k12.tr/tema/harita.php,2026-08-31,198,198,bulundu,https://sucatiilkokulu.meb.k12.tr/,2026-10-01T18:52:51.732381+00:00,,Öğrenci Sayısı 198
Kahramanmaraş,Onikişubat,Süha Erler Anadolu Lisesi,972902,Anadolu Lisesi,https://kseal.meb.k12.tr,,,https://kseal.meb.k12.tr/tema/harita.php,2026-08-31,640,640,bulundu,https://kseal.meb.k12.tr/,2026-10-01T18:52:51.733571+00:00,,Öğrenci Sayısı : 640
Kahramanmaraş,Onikişubat,Süleyman Demirel İlkokulu,727066,İlkokul,https://sdemirelio.meb.k12.tr,,,https://sdemirelio.meb.k12.tr/tema/harita.php,2026-08-31,656,656,bulundu,https://sdemirelio.meb.k12.tr/,2026-10-01T18:52:51.879501+00:00,,Öğrenci Sayısı : 656
Kahramanmaraş,Onikişubat,Süleymanlı Ortaokulu,726858,Ortaokul,https://suleymanliortaokulu.meb.k12.tr,,,https://suleymanliortaokulu.meb.k12.tr/tema/harita.php,2026-08-31,,,bulunamadi,,2026-10-01T18:52:52.015082+00:00,,
Kahramanmaraş,Onikişubat,Süleymanlı İlkokulu,734597,İlkokul,https://suleymanliilkokulu.meb.k12.tr,,,https://suleymanliilkokulu.meb.k12.tr/tema/harita.php,2026-08-31,45,45,bulundu,https://suleymanliilkokulu.meb.k12.tr/,2026-10-01T18:52:52.211551+00:00,,Öğrenci Sayısı: 45
Kahramanmaraş,Onikişubat,Sümbüllü Ortaokulu,754216,Ortaokul,https://sumbulluoo.meb.k12.tr,,,https://sumbulluoo.meb.k12.tr/tema/harita.php,2026-08-31,996,996,bulundu,https://sumbulluoo.meb.k12.tr/,2026-10-01T18:52:52.219195+00:00,,Öğrenci Sayısı : 996
Kahramanmaraş,Onikişubat,Süreyya Güneş Anaokulu,749012,Anaokulu,https://sureyyagunesanaokulu.meb.k12.tr,,,https://sureyyagunesanaokulu.meb.k12.tr/tema/harita.php,2026-08-31,189,189,bulundu,https://sureyyagunesanaokulu.meb.k12.tr/,2026-10-01T18:52:52.315080+00:00,,Öğrenci Sayısı 189
Kahramanmaraş,Onikişubat,Tekir Anaokulu,776481,Anaokulu,https://tekiranaokulu.meb.k12.tr,,,https://tekiranaokulu.meb.k12.tr/tema/harita.php,2026-08-31,20,20,bulundu,https://tekiranaokulu.meb.k12.tr/,2026-10-01T18:52:52.322860+00:00,,Öğrenci Sayısı: 20
Kahramanmaraş,Onikişubat,Tekir Kısık İlkokulu,754168,İlkokul,https://tekirksk.meb.k12.tr,,,https://tekirksk.meb.k12.tr/tema/harita.php,2026-08-31,17,17,bulundu,https://tekirksk.meb.k12.tr/,2026-10-01T18:52:52.360205+00:00,,Öğrenci Sayısı : 17
Kahramanmaraş,Onikişubat,Tekir Ortaokulu,726851,Ortaokul,https://tekiroo.meb.k12.tr,,,https://tekiroo.meb.k12.tr/tema/harita.php,2026-08-31,161,161,bulundu,https://tekiroo.meb.k12.tr/,2026-10-01T18:52:52.533945+00:00,,Öğrenci Sayısı : 161
Kahramanmaraş,Onikişubat,Tekir Çok Programlı Anadolu Lisesi,378453,Çok Programlı Anadolu Lisesi,https://754172.meb.k12.tr,,,https://754172.meb.k12.tr/tema/harita.php,2026-08-31,350,350,bulundu,https://754172.meb.k12.tr/,2026-10-01T18:52:52.821960+00:00,,Öğrenci Sayısı 350
Kahramanmaraş,Onikişubat,Tekir İlkokulu,338320,İlkokul,https://tekirio.meb.k12.tr,,,https://tekirio.meb.k12.tr/tema/harita.php,2026-08-31,,,bulunamadi,,2026-10-01T18:52:52.846790+00:00,,
Kahramanmaraş,Onikişubat,Tenzile Erdoğan Anaokulu,762413,Anaokulu,https://tenzileerdoganao.meb.k12.tr,,,https://tenzileerdoganao.meb.k12.tr/tema/harita.php,2026-08-31,,,bulunamadi,,2026-10-01T18:52:52.878938+00:00,,
Kahramanmaraş,Onikişubat,Ticaret ve Sanayi Odası Ticaret Mesleki ve Teknik Anadolu Lisesi,964621,Mesleki ve Teknik Anadolu Lisesi,https://tsomtal.meb.k12.tr,,,https://tsomtal.meb.k12.tr/tema/harita.php,2026-08-31,,,bulunamadi,,2026-10-01T18:52:52.982124+00:00,,
Kahramanmaraş,Onikişubat,Türk Telekom Ortaokulu,726892,Ortaokul,https://turktelekomoo.meb.k12.tr,,,https://turktelekomoo.meb.k12.tr/tema/harita.php,2026-08-31,1479,1479,bulundu,https://turktelekomoo.meb.k12.tr/,2026-10-01T18:52:53.031880+00:00,,Öğrenci Sayısı : 1479
Kahramanmaraş,Onikişubat,Türkan Özge Anaokulu,974459,Anaokulu,https://turkanozgeanaokulu.meb.k12.tr,,,https://turkanozgeanaokulu.meb.k12.tr/tema/harita.php,2026-08-31,,,bulunamadi,,2026-10-01T18:52:53.049036+00:00,,
Kahramanmaraş,Onikişubat,Vali Hilmi Tolun Ortaokulu,746413,Ortaokul,https://valihilmitolun.meb.k12.tr,,,https://valihilmitolun.meb.k12.tr/tema/harita.php,2026-08-31,481,481,bulundu,https://valihilmitolun.meb.k12.tr/,2026-10-01T18:52:53.177619+00:00,,Öğrenci Sayısı : 481
Kahramanmaraş,Onikişubat,Yeniyapan İlkokulu,734619,İlkokul,https://yeniyapanilkokulu46.meb.k12.tr,,,https://yeniyapanilkokulu46.meb.k12.tr/tema/harita.php,2026-08-31,16,16,bulundu,https://yeniyapanilkokulu46.meb.k12.tr/,2026-10-01T18:52:53.179453+00:00,,Öğrenci Sayısı: 16
Kahramanmaraş,Onikişubat,Yeşilkent Şehit Erdoğan Korkmaz İlkokulu,725503,İlkokul,https://yesilkentsekorkmazio.meb.k12.tr,,,https://yesilkentsekorkmazio.meb.k12.tr/tema/harita.php,2026-08-31,62,62,bulundu,https://yesilkentsekorkmazio.meb.k12.tr/,2026-10-01T18:52:53.180999+00:00,,Öğrenci Sayısı : 62
Kahramanmaraş,Onikişubat,Yunus Emre Ortaokulu,746410,Ortaokul,https://yunusemreortaokul46.meb.k12.tr,,,https://yunusemreortaokul46.meb.k12.tr/tema/harita.php,2026-08-31,3427,3427,bulundu,https://yunusemreortaokul46.meb.k12.tr/,2026-10-01T18:52:53.294261+00:00,,Öğrenci Sayısı 3427
Kahramanmaraş,Onikişubat,Yıldırım Bayazıt İlkokulu,758660,İlkokul,https://yildirimbayazit.meb.k12.tr,,,https://yildirimbayazit.meb.k12.tr/tema/harita.php,2026-08-31,1153,1153,bulundu,https://yildirimbayazit.meb.k12.tr/,2026-10-01T18:52:53.316659+00:00,,Öğrenci Sayısı : 1153
Kahramanmaraş,Onikişubat,Zekeriya Tanrıverdi İmam Hatip Ortaokulu,726916,İmam Hatip Ortaokulu,https://zekeriyatanriverdiiho.meb.k12.tr,,,https://zekeriyatanriverdiiho.meb.k12.tr/tema/harita.php,2026-08-31,1169,1169,bulundu,https://zekeriyatanriverdiiho.meb.k12.tr/,2026-10-01T18:52:53.428534+00:00,,Öğrenci Sayısı : 1169
Kahramanmaraş,Onikişubat,Zeki Karakız Ortaokulu,727064,Ortaokul,https://zekikarakizoo.meb.k12.tr,,,https://zekikarakizoo.meb.k12.tr/tema/harita.php,2026-08-31,729,729,bulundu,https://zekikarakizoo.meb.k12.tr/,2026-10-01T18:52:53.724512+00:00,,Öğrenci Sayısı : 729
Kahramanmaraş,Onikişubat,Zeytindere Ortaokulu,726846,Ortaokul,https://zeytindere46.meb.k12.tr,,,https://zeytindere46.meb.k12.tr/tema/harita.php,2026-08-31,85,85,bulundu,https://zeytindere46.meb.k12.tr/,2026-10-01T18:52:53.830556+00:00,,Öğrenci Sayısı 85
Kahramanmaraş,Onikişubat,Zeytindere İlkokulu,726847,İlkokul,https://zeytindere.meb.k12.tr,,,https://zeytindere.meb.k12.tr/tema/harita.php,2026-08-31,85,85,bulundu,https://zeytindere.meb.k12.tr/,2026-10-01T18:52:53.844979+00:00,,Öğrenci Sayısı : 85
Kahramanmaraş,Onikişubat,Çamlıbel Karaçalılık Köyü İlkokulu,738619,İlkokul,https://camlibelkaracalilikio.meb.k12.tr,,,https://camlibelkaracalilikio.meb.k12.tr/tema/harita.php,2026-08-31,8,8,bulundu,https://camlibelkaracalilikio.meb.k12.tr/,2026-10-01T18:52:54.139567+00:00,,Öğrenci Sayısı 8
Kahramanmaraş,Onikişubat,Çamlıbel Uğrak Şehit Cengiz Engizek İlkokulu,734475,İlkokul,https://camlibelsehitcengizengizekio.meb.k12.tr,,,https://camlibelsehitcengizengizekio.meb.k12.tr/tema/harita.php,2026-08-31,10,10,bulundu,https://camlibelsehitcengizengizekio.meb.k12.tr/,2026-10-01T18:52:54.156770+00:00,,Öğrenci Sayısı 10
Kahramanmaraş,Onikişubat,Çağlayan Çataloluk Ortaokulu,754240,Ortaokul,https://caglayancataloluk.meb.k12.tr,,,https://caglayancataloluk.meb.k12.tr/tema/harita.php,2026-08-31,76,76,bulundu,https://caglayancataloluk.meb.k12.tr/,2026-10-01T18:52:54.168859+00:00,,Öğrenci Sayısı : 76
Kahramanmaraş,Onikişubat,Çağlayan Çataloluk İlkokulu,754229,İlkokul,https://caglayancatalolukio.meb.k12.tr,,,https://caglayancatalolukio.meb.k12.tr/tema/harita.php,2026-08-31,101,101,bulundu,https://caglayancatalolukio.meb.k12.tr/,2026-10-01T18:52:54.296677+00:00,,Öğrenci Sayısı : 101
Kahramanmaraş,Onikişubat,Çağırgan Kikiler İlkokulu,734465,İlkokul,https://cagirgankikiler.meb.k12.tr,,,https://cagirgankikiler.meb.k12.tr/tema/harita.php,2026-08-31,20,20,bulundu,https://cagirgankikiler.meb.k12.tr/,2026-10-01T18:52:54.308503+00:00,,Öğrenci Sayısı 20
Kahramanmaraş,Onikişubat,Çağırgan İlkokulu,734464,İlkokul,https://cagirganilkokulu46.meb.k12.tr,,,https://cagirganilkokulu46.meb.k12.tr/tema/harita.php,2026-08-31,,,bulunamadi,,2026-10-01T18:52:54.325122+00:00,,
Kahramanmaraş,Onikişubat,Çevrepınar Ortaokulu,721545,Ortaokul,https://46cevrepinar.meb.k12.tr,,,https://46cevrepinar.meb.k12.tr/tema/harita.php,2026-08-31,42,42,bulundu,https://46cevrepinar.meb.k12.tr/,2026-10-01T18:52:54.382647+00:00,,Öğrenci Sayısı 42
Kahramanmaraş,Onikişubat,Çevrepınar İlkokulu,721542,İlkokul,https://cevrepinar46.meb.k12.tr,,,https://cevrepinar46.meb.k12.tr/tema/harita.php,2026-08-31,24,24,bulundu,https://cevrepinar46.meb.k12.tr/,2026-10-01T18:52:54.442164+00:00,,Öğrenci Sayısı 24
Kahramanmaraş,Onikişubat,Çiğdem Anaokulu,750298,Anaokulu,https://cigdemanaokulu46.meb.k12.tr,,,https://cigdemanaokulu46.meb.k12.tr/tema/harita.php,2026-08-31,256,256,bulundu,https://cigdemanaokulu46.meb.k12.tr/,2026-10-01T18:52:54.452142+00:00,,Öğrenci Sayısı: 256
Kahramanmaraş,Onikişubat,Çukurhisar Ortaokulu,725143,Ortaokul,https://cukurhisaroo46.meb.k12.tr,,,https://cukurhisaroo46.meb.k12.tr/tema/harita.php,2026-08-31,37,37,bulundu,https://cukurhisaroo46.meb.k12.tr/,2026-10-01T18:52:54.460283+00:00,,Öğrenci Sayısı : 37
Kahramanmaraş,Onikişubat,Çukurhisar İlkokulu,725142,İlkokul,https://cukurhisario46.meb.k12.tr,,,https://cukurhisario46.meb.k12.tr/tema/harita.php,2026-08-31,59,59,bulundu,https://cukurhisario46.meb.k12.tr/,2026-10-01T18:52:54.484078+00:00,,Öğrenci Sayısı : 59
Kahramanmaraş,Onikişubat,Çukurova Elektrik Anadolu Lisesi,184157,Anadolu Lisesi,https://ceal.meb.k12.tr,,,https://ceal.meb.k12.tr/tema/harita.php,2026-08-31,738,738,bulundu,https://ceal.meb.k12.tr/,2026-10-01T18:52:54.570796+00:00,,Öğrenci Sayısı : 738
Kahramanmaraş,Onikişubat,Ökkaş GÜMÜŞER Ortaokulu,760510,Ortaokul,https://okkasgumuserortaokulu.meb.k12.tr,,,https://okkasgumuserortaokulu.meb.k12.tr/tema/harita.php,2026-08-31,947,947,bulundu,https://okkasgumuserortaokulu.meb.k12.tr/,2026-10-01T18:52:54.575759+00:00,,Öğrenci Sayısı 947
Kahramanmaraş,Onikişubat,Ömer - Selver Doğan Ortaokulu,726589,Ortaokul,https://omerselverdoganortaokulu.meb.k12.tr,,,https://omerselverdoganortaokulu.meb.k12.tr/tema/harita.php,2026-08-31,71,71,bulundu,https://omerselverdoganortaokulu.meb.k12.tr/,2026-10-01T18:52:54.669157+00:00,,Öğrenci Sayısı 71
Kahramanmaraş,Onikişubat,Ömer Faruk Arıkan Ortaokulu,754350,Ortaokul,https://omerfarukarikan.meb.k12.tr,,,https://omerfarukarikan.meb.k12.tr/tema/harita.php,2026-08-31,1378,1378,bulundu,https://omerfarukarikan.meb.k12.tr/,2026-10-01T18:52:54.675694+00:00,,Öğrenci Sayısı : 1378
Kahramanmaraş,Onikişubat,Ömer-Selver Doğan İlkokulu,726591,İlkokul,https://omerselverdoganilkokulu.meb.k12.tr,,,https://omerselverdoganilkokulu.meb.k12.tr/tema/harita.php,2026-08-31,72,72,bulundu,https://omerselverdoganilkokulu.meb.k12.tr/,2026-10-01T18:52:54.746514+00:00,,Öğrenci Sayısı 72
Kahramanmaraş,Onikişubat,Önsen Yeşilyurt Ortaokulu,754337,Ortaokul,https://onsenyesilyurtortaokulu.meb.k12.tr,,,https://onsenyesilyurtortaokulu.meb.k12.tr/tema/harita.php,2026-08-31,146,146,bulundu,https://onsenyesilyurtortaokulu.meb.k12.tr/,2026-10-01T18:52:54.848291+00:00,,Öğrenci Sayısı : 146
Kahramanmaraş,Onikişubat,Önsen Yeşilyurt İlkokulu,754359,İlkokul,https://onsenyesilyurtilkokulu.meb.k12.tr,,,https://onsenyesilyurtilkokulu.meb.k12.tr/tema/harita.php,2026-08-31,170,170,bulundu,https://onsenyesilyurtilkokulu.meb.k12.tr/,2026-10-01T18:52:54.969587+00:00,,Öğrenci Sayısı : 170
Kahramanmaraş,Onikişubat,Önsen Şehit Ahmet Altun Çok Programlı Anadolu Lisesi,967822,Çok Programlı Anadolu Lisesi,https://onsencpl.meb.k12.tr,,,https://onsencpl.meb.k12.tr/tema/harita.php,2026-08-31,413,413,bulundu,https://onsencpl.meb.k12.tr/,2026-10-01T18:52:55.145564+00:00,,Öğrenci Sayısı : 413
Kahramanmaraş,Onikişubat,Önsen Şehit Ökkeş Korkmaz Ortaokulu,726871,Ortaokul,https://onsensehitokkeskorkmazortaokulu.meb.k12.tr,,,https://onsensehitokkeskorkmazortaokulu.meb.k12.tr/tema/harita.php,2026-08-31,575,575,bulundu,https://onsensehitokkeskorkmazortaokulu.meb.k12.tr/,2026-10-01T18:52:55.281738+00:00,,Öğrenci Sayısı : 575
Kahramanmaraş,Onikişubat,Önsen Şehit Ökkeş Korkmaz İlkokulu,726872,İlkokul,https://onsensehitokkeskorkmazilkokulu.meb.k12.tr,,,https://onsensehitokkeskorkmazilkokulu.meb.k12.tr/tema/harita.php,2026-08-31,675,675,bulundu,https://onsensehitokkeskorkmazilkokulu.meb.k12.tr/,2026-10-01T18:52:55.344968+00:00,,Öğrenci Sayısı 675
Kahramanmaraş,Onikişubat,Öşlü İlkokulu,734577,İlkokul,https://osluilkokulu.meb.k12.tr,,,https://osluilkokulu.meb.k12.tr/tema/harita.php,2026-08-31,5,5,bulundu,https://osluilkokulu.meb.k12.tr/tema/okulumuz_hakkinda.php,2026-10-01T18:52:55.397658+00:00,,Öğrenci : 5
Kahramanmaraş,Onikişubat,Üngüt Şehit Ahmet Unkun İlkokulu,768530,İlkokul,https://ungutilkokulu.meb.k12.tr,,,https://ungutilkokulu.meb.k12.tr/tema/harita.php,2026-08-31,474,474,bulundu,https://ungutilkokulu.meb.k12.tr/,2026-10-01T18:52:55.401019+00:00,,Öğrenci Sayısı: 474
Kahramanmaraş,Onikişubat,İbrahim Çalık Anadolu Lisesi,184133,Anadolu Lisesi,https://icl.meb.k12.tr,,,https://icl.meb.k12.tr/tema/harita.php,2026-08-31,629,629,bulundu,https://icl.meb.k12.tr/,2026-10-01T18:52:55.539582+00:00,,Öğrenci Sayısı : 629
Kahramanmaraş,Onikişubat,İklime Hatun Kız Anadolu İmam Hatip Lisesi,759598,Anadolu İmam Hatip Lisesi,https://iklimehatun.meb.k12.tr,,,https://iklimehatun.meb.k12.tr/tema/harita.php,2026-08-31,770,770,bulundu,https://iklimehatun.meb.k12.tr/,2026-10-01T18:52:55.594767+00:00,,Öğrenci Sayısı : 770
Kahramanmaraş,Onikişubat,İsmail Kurtul İlkokulu,726895,İlkokul,https://ismailkurtulilkokulu.meb.k12.tr,,,https://ismailkurtulilkokulu.meb.k12.tr/tema/harita.php,2026-08-31,1024,1024,bulundu,https://ismailkurtulilkokulu.meb.k12.tr/,2026-10-01T18:52:55.769150+00:00,,Öğrenci Sayısı : 1024
Kahramanmaraş,Onikişubat,İsmailli Göcek İlkokulu,754427,İlkokul,https://ismailligocek.meb.k12.tr,,,https://ismailligocek.meb.k12.tr/tema/harita.php,2026-08-31,21,21,bulundu,https://ismailligocek.meb.k12.tr/,2026-10-01T18:52:55.781056+00:00,,Öğrenci Sayısı : 21
Kahramanmaraş,Onikişubat,Şahinkayası Ortaokulu,726856,Ortaokul,https://sahinkayasioo.meb.k12.tr,,,https://sahinkayasioo.meb.k12.tr/tema/harita.php,2026-08-31,81,81,bulundu,https://sahinkayasioo.meb.k12.tr/,2026-10-01T18:52:55.843992+00:00,,Öğrenci Sayısı : 81
Kahramanmaraş,Onikişubat,Şahinkayası İlkokulu,726857,İlkokul,https://sahinkayasio.meb.k12.tr,,,https://sahinkayasio.meb.k12.tr/tema/harita.php,2026-08-31,84,84,bulundu,https://sahinkayasio.meb.k12.tr/,2026-10-01T18:52:55.913134+00:00,,Öğrenci Sayısı : 84
Kahramanmaraş,Onikişubat,Şehit Ahmet Akdal Ortaokulu,769294,Ortaokul,https://sehitahmetakdal.meb.k12.tr,,,https://sehitahmetakdal.meb.k12.tr/tema/harita.php,2026-08-31,757,757,bulundu,https://sehitahmetakdal.meb.k12.tr/,2026-10-01T18:52:55.951324+00:00,,Öğrenci Sayısı : 757
Kahramanmaraş,Onikişubat,Şehit Ahmet Gülbahar Ortaokulu,746440,Ortaokul,https://sehitahmetgulbaharoo.meb.k12.tr,,,https://sehitahmetgulbaharoo.meb.k12.tr/tema/harita.php,2026-08-31,1961,1961,bulundu,https://sehitahmetgulbaharoo.meb.k12.tr/,2026-10-01T18:52:56.026738+00:00,,Öğrenci Sayısı : 1961
Kahramanmaraş,Onikişubat,Şehit Akif Akçadağ Anadolu Lisesi,767354,Anadolu Lisesi,https://saaal.meb.k12.tr,,,https://saaal.meb.k12.tr/tema/harita.php,2026-08-31,751,751,bulundu,https://saaal.meb.k12.tr/,2026-10-01T18:52:56.489734+00:00,,Öğrenci Sayısı : 751
Kahramanmaraş,Onikişubat,Şehit Ali Rıza İşbilir Anadolu Lisesi,767331,Anadolu Lisesi,https://sarial.meb.k12.tr,,,https://sarial.meb.k12.tr/tema/harita.php,2026-08-31,835,835,bulundu,https://sarial.meb.k12.tr/,2026-10-01T18:52:56.574199+00:00,,Öğrenci Sayısı : 835
Kahramanmaraş,Onikişubat,Şehit Cemil Kaçmaz Anadolu Lisesi,768120,Anadolu Lisesi,https://sehitcemilkacmazanadolulisesi.meb.k12.tr,,,https://sehitcemilkacmazanadolulisesi.meb.k12.tr/tema/harita.php,2026-08-31,9,9,bulundu,https://sehitcemilkacmazanadolulisesi.meb.k12.tr/,2026-10-01T18:52:56.585689+00:00,,Öğrenci Sayısı : 9
Kahramanmaraş,Onikişubat,Şehit Erol Olçok Anadolu İmam Hatip Lisesi,762215,Anadolu İmam Hatip Lisesi,https://sehiterololcok.meb.k12.tr,,,https://sehiterololcok.meb.k12.tr/tema/harita.php,2026-08-31,300,300,bulundu,https://sehiterololcok.meb.k12.tr/,2026-10-01T18:52:56.601697+00:00,,Öğrenci Sayısı : 300
Kahramanmaraş,Onikişubat,Şehit Evliya İlkokulu,727079,İlkokul,https://sehitevliyailkokulu.meb.k12.tr,,,https://sehitevliyailkokulu.meb.k12.tr/tema/harita.php,2026-08-31,183,183,bulundu,https://sehitevliyailkokulu.meb.k12.tr/,2026-10-01T18:52:56.630842+00:00,,Öğrenci Sayısı : 183
Kahramanmaraş,Onikişubat,Şehit Fatih Gök İlkokulu,704714,İlkokul,https://sehitfatihgok.meb.k12.tr,,,https://sehitfatihgok.meb.k12.tr/tema/harita.php,2026-08-31,1392,1392,bulundu,https://sehitfatihgok.meb.k12.tr/,2026-10-01T18:52:56.689893+00:00,,Öğrenci Sayısı 1392
Kahramanmaraş,Onikişubat,Şehit Fatih Saylak Ortaokulu,726612,Ortaokul,https://sehitfatihsaylakoo.meb.k12.tr,,,https://sehitfatihsaylakoo.meb.k12.tr/tema/harita.php,2026-08-31,130,130,bulundu,https://sehitfatihsaylakoo.meb.k12.tr/,2026-10-01T18:52:56.691362+00:00,,Öğrenci Sayısı : 130
Kahramanmaraş,Onikişubat,Şehit Fatih Saylak İlkokulu,726614,İlkokul,https://fatihsaylakio.meb.k12.tr,,,https://fatihsaylakio.meb.k12.tr/tema/harita.php,2026-08-31,155,155,bulundu,https://fatihsaylakio.meb.k12.tr/,2026-10-01T18:52:56.823893+00:00,,Öğrenci Sayısı : 155
Kahramanmaraş,Onikişubat,Şehit Hüseyin Sarı Ortaokulu,754231,Ortaokul,https://sehithuseyinsari.meb.k12.tr,,,https://sehithuseyinsari.meb.k12.tr/tema/harita.php,2026-08-31,842,842,bulundu,https://sehithuseyinsari.meb.k12.tr/,2026-10-01T18:52:56.845310+00:00,,Öğrenci Sayısı : 842
Kahramanmaraş,Onikişubat,Şehit Mehmet Yavşan Çok Programlı Anadolu Lisesi,964057,Çok Programlı Anadolu Lisesi,https://sehitmehmetyavsancpal.meb.k12.tr,,,https://sehitmehmetyavsancpal.meb.k12.tr/tema/harita.php,2026-08-31,319,319,bulundu,https://sehitmehmetyavsancpal.meb.k12.tr/,2026-10-01T18:52:56.885795+00:00,,Öğrenci Sayısı : 319
Kahramanmaraş,Onikişubat,Şehit Osman Açıkgöz İmam Hatip Ortaokulu,761496,İmam Hatip Ortaokulu,https://sehitosmanacikgoziho.meb.k12.tr,,,https://sehitosmanacikgoziho.meb.k12.tr/tema/harita.php,2026-08-31,221,221,bulundu,https://sehitosmanacikgoziho.meb.k12.tr/,2026-10-01T18:52:57.326819+00:00,,Öğrenci Sayısı 221
Kahramanmaraş,Onikişubat,Şehit Serkan Yılmaz Anadolu Lisesi,767329,Anadolu Lisesi,https://serkanyilmazanadolulisesi.meb.k12.tr,,,https://serkanyilmazanadolulisesi.meb.k12.tr/tema/harita.php,2026-08-31,546,546,bulundu,https://serkanyilmazanadolulisesi.meb.k12.tr/,2026-10-01T18:52:57.363663+00:00,,Öğrenci Sayısı : 546
Kahramanmaraş,Onikişubat,Şehit Soner Enes Baykuş Ortaokulu,726620,Ortaokul,https://sehitsonerenesbaykusoo.meb.k12.tr,,,https://sehitsonerenesbaykusoo.meb.k12.tr/tema/harita.php,2026-08-31,327,327,bulundu,https://sehitsonerenesbaykusoo.meb.k12.tr/,2026-10-01T18:52:57.382136+00:00,,Öğrenci Sayısı 327
Kahramanmaraş,Onikişubat,Şehit Soner Enes Baykuş İlkokulu,726585,İlkokul,https://sehitsonerenesbaykusio.meb.k12.tr,,,https://sehitsonerenesbaykusio.meb.k12.tr/tema/harita.php,2026-08-31,379,379,bulundu,https://sehitsonerenesbaykusio.meb.k12.tr/,2026-10-01T18:52:57.664032+00:00,,Öğrenci Sayısı 379
Kahramanmaraş,Onikişubat,Şehit Tebernuş Özler Ortaokulu,767964,Ortaokul,https://sehittebernusozlerortaokulu.meb.k12.tr,,,https://sehittebernusozlerortaokulu.meb.k12.tr/tema/harita.php,2026-08-31,964,964,bulundu,https://sehittebernusozlerortaokulu.meb.k12.tr/,2026-10-01T18:52:57.711792+00:00,,Öğrenci Sayısı : 964
Kahramanmaraş,Onikişubat,Şehit Yusuf Çavuş İlkokulu,724896,İlkokul,https://sehityusufcavusilkokulu.meb.k12.tr,,,https://sehityusufcavusilkokulu.meb.k12.tr/tema/harita.php,2026-08-31,1033,1033,bulundu,https://sehityusufcavusilkokulu.meb.k12.tr/,2026-10-01T18:52:57.914435+00:00,,Öğrenci Sayısı : 1033
Kahramanmaraş,Onikişubat,Şehit Ömer Faruk Sayıl İlkokulu,767967,İlkokul,https://sehitomerfaruksayililkokulu.meb.k12.tr,,,https://sehitomerfaruksayililkokulu.meb.k12.tr/tema/harita.php,2026-08-31,1240,1240,bulundu,https://sehitomerfaruksayililkokulu.meb.k12.tr/,2026-10-01T18:52:57.929837+00:00,,Öğrenci Sayısı : 1240
Kahramanmaraş,Onikişubat,Şehit Ömer Halisdemir İlkokulu,762608,İlkokul,https://sehitomerhalisdemirio46.meb.k12.tr,,,https://sehitomerhalisdemirio46.meb.k12.tr/tema/harita.php,2026-08-31,419,419,bulundu,https://sehitomerhalisdemirio46.meb.k12.tr/,2026-10-01T18:52:57.959538+00:00,,Öğrenci Sayısı : 419
Kahramanmaraş,Onikişubat,Şehit İdari Ataşe Galip Özmen Mesleki ve Teknik Anadolu Lisesi,966454,Mesleki ve Teknik Anadolu Lisesi,https://galipozmen.meb.k12.tr,,,https://galipozmen.meb.k12.tr/tema/harita.php,2026-08-31,1031,1031,bulundu,https://galipozmen.meb.k12.tr/,2026-10-01T18:52:58.083069+00:00,,Öğrenci Sayısı : 1031
Kahramanmaraş,Onikişubat,Şehit İlhan Güleç Anadolu Lisesi,764981,Anadolu Lisesi,https://ilhangulecal.meb.k12.tr,,,https://ilhangulecal.meb.k12.tr/tema/harita.php,2026-08-31,912,912,bulundu,https://ilhangulecal.meb.k12.tr/,2026-10-01T18:52:58.084745+00:00,,Öğrenci Sayısı : 912
Kahramanmaraş,Onikişubat,Şehitler Ortaokulu,754190,Ortaokul,https://sehitlerortaokulu46.meb.k12.tr,,,https://sehitlerortaokulu46.meb.k12.tr/tema/harita.php,2026-08-31,428,428,bulundu,https://sehitlerortaokulu46.meb.k12.tr/,2026-10-01T18:52:58.092287+00:00,,Öğrenci Sayısı : 428
Kahramanmaraş,Onikişubat,Şehitler İlkokulu,754192,İlkokul,https://sehitlerilkokulu46.meb.k12.tr,,,https://sehitlerilkokulu46.meb.k12.tr/tema/harita.php,2026-08-31,333,333,bulundu,https://sehitlerilkokulu46.meb.k12.tr/,2026-10-01T18:52:58.165806+00:00,,Öğrenci Sayısı : 333
Kahramanmaraş,Onikişubat,Şevket Bulut Ortaokulu,724953,Ortaokul,https://sevketbulutoo.meb.k12.tr,,,https://sevketbulutoo.meb.k12.tr/tema/harita.php,2026-08-31,118,118,bulundu,https://sevketbulutoo.meb.k12.tr/,2026-10-01T18:52:58.168956+00:00,,Öğrenci Sayısı : 118
Kahramanmaraş,Onikişubat,Şevket Bulut İlkokulu,689715,İlkokul,https://sevketbulut.meb.k12.tr,,,https://sevketbulut.meb.k12.tr/tema/harita.php,2026-08-31,129,129,bulundu,https://sevketbulut.meb.k12.tr/,2026-10-01T18:52:58.229175+00:00,,Öğrenci Sayısı : 129
Kahramanmaraş,Onikişubat,Şirinler Anaokulu,750297,Anaokulu,https://sirinler.meb.k12.tr,,,https://sirinler.meb.k12.tr/tema/harita.php,2026-08-31,273,273,bulundu,https://sirinler.meb.k12.tr/,2026-10-01T18:52:58.280420+00:00,,Öğrenci Sayısı 273
Kahramanmaraş,Pazarcık,15 Temmuz Şehitleri İlkokulu,749281,İlkokul,https://pazarcik15temmuzsehitleriio.meb.k12.tr,,,https://pazarcik15temmuzsehitleriio.meb.k12.tr/tema/harita.php,2026-08-31,411,411,bulundu,https://pazarcik15temmuzsehitleriio.meb.k12.tr/,2026-10-01T18:52:58.303962+00:00,,Öğrenci Sayısı 411
Kahramanmaraş,Pazarcık,Alanya İlkokulu,735686,İlkokul,https://hurriyetio46.meb.k12.tr,,,https://hurriyetio46.meb.k12.tr/tema/harita.php,2026-08-31,38,38,bulundu,https://hurriyetio46.meb.k12.tr/,2026-10-01T18:52:58.315985+00:00,,Öğrenci Sayısı 38
Kahramanmaraş,Pazarcık,Atatürk İlkokulu,738600,İlkokul,https://pazarcikataturk.meb.k12.tr,,,https://pazarcikataturk.meb.k12.tr/tema/harita.php,2026-08-31,332,332,bulundu,https://pazarcikataturk.meb.k12.tr/tema/okulumuz_hakkinda.php,2026-10-01T18:52:58.378304+00:00,,Öğrenci : 332
Kahramanmaraş,Pazarcık,Atatürk İmam Hatip Ortaokulu,776400,İmam Hatip Ortaokulu,https://pazarcikataturkiho.meb.k12.tr,,,https://pazarcikataturkiho.meb.k12.tr/tema/harita.php,2026-08-31,211,211,bulundu,https://pazarcikataturkiho.meb.k12.tr/tema/okulumuz_hakkinda.php,2026-10-01T18:52:58.452941+00:00,,Öğrenci : 211
Kahramanmaraş,Pazarcık,Aşağı Mülk İlkokulu,735674,İlkokul,https://asagimulkilkokulu.meb.k12.tr,,,https://asagimulkilkokulu.meb.k12.tr/tema/harita.php,2026-08-31,40,40,bulundu,https://asagimulkilkokulu.meb.k12.tr/,2026-10-01T18:52:58.507821+00:00,,Öğrenci Sayısı: 40
Kahramanmaraş,Pazarcık,Beşiktaş Özel Eğitim Uygulama Okulu I. Kademe,777073,Özel Eğitim Kurumu,https://777073.meb.k12.tr,,,https://777073.meb.k12.tr/tema/harita.php,2026-08-31,0,0,bulundu,https://777073.meb.k12.tr/,2026-10-01T18:52:58.572337+00:00,,Öğrenci Sayısı : 0
Kahramanmaraş,Pazarcık,Beşçeşme Ortaokulu,731323,Ortaokul,https://bescesmeoo.meb.k12.tr,,,https://bescesmeoo.meb.k12.tr/tema/harita.php,2026-08-31,87,87,bulundu,https://bescesmeoo.meb.k12.tr/,2026-10-01T18:52:58.581147+00:00,,Öğrenci Sayısı : 87
Kahramanmaraş,Pazarcık,Beşçeşme İlkokulu,731321,İlkokul,https://bescesmeio.meb.k12.tr,,,https://bescesmeio.meb.k12.tr/tema/harita.php,2026-08-31,86,86,bulundu,https://bescesmeio.meb.k12.tr/,2026-10-01T18:52:58.775052+00:00,,Öğrenci Sayısı : 86
Kahramanmaraş,Pazarcık,Büyüknacar Gücük İlkokulu,735676,İlkokul,https://buyuknacargucuk.meb.k12.tr,,,https://buyuknacargucuk.meb.k12.tr/tema/harita.php,2026-08-31,9,9,bulundu,https://buyuknacargucuk.meb.k12.tr/,2026-10-01T18:52:58.897320+00:00,,Öğrenci Sayısı : 9
Kahramanmaraş,Pazarcık,Büyüknacar Ortaokulu,749285,Ortaokul,https://bnacarortaokulu.meb.k12.tr,,,https://bnacarortaokulu.meb.k12.tr/tema/harita.php,2026-08-31,64,64,bulundu,https://bnacarortaokulu.meb.k12.tr/,2026-10-01T18:52:58.924484+00:00,,Öğrenci Sayısı : 64
Kahramanmaraş,Pazarcık,Büyüknacar İlkokulu,742137,İlkokul,https://bnacarilkokulu.meb.k12.tr,,,https://bnacarilkokulu.meb.k12.tr/tema/harita.php,2026-08-31,40,40,bulundu,https://bnacarilkokulu.meb.k12.tr/,2026-10-01T18:52:58.947572+00:00,,Öğrenci Sayısı: 40
Kahramanmaraş,Pazarcık,Büyüknacar İmam Hatip Ortaokulu,776433,İmam Hatip Ortaokulu,https://776433.meb.k12.tr,,,https://776433.meb.k12.tr/tema/harita.php,2026-08-31,0,0,bulundu,https://776433.meb.k12.tr/,2026-10-01T18:52:58.988636+00:00,,Öğrenci Sayısı : 0
Kahramanmaraş,Pazarcık,Cengiz Topel İlkokulu,730890,İlkokul,https://pazarcikcengiztopelio.meb.k12.tr,,,https://pazarcikcengiztopelio.meb.k12.tr/tema/harita.php,2026-08-31,411,411,bulundu,https://pazarcikcengiztopelio.meb.k12.tr/tema/okulumuz_hakkinda.php,2026-10-01T18:52:59.004041+00:00,,Öğrenci : 411
Kahramanmaraş,Pazarcık,Cumhuriyet Ortaokulu,730897,Ortaokul,https://cumhuriyetoo.meb.k12.tr,,,https://cumhuriyetoo.meb.k12.tr/tema/harita.php,2026-08-31,374,374,bulundu,https://cumhuriyetoo.meb.k12.tr/,2026-10-01T18:52:59.134082+00:00,,Öğrenci Sayısı : 374
Kahramanmaraş,Pazarcık,Ehli Beyt Ortaokulu,774725,Ortaokul,https://774725.meb.k12.tr,,,https://774725.meb.k12.tr/tema/harita.php,2026-08-31,51,51,bulundu,https://774725.meb.k12.tr/,2026-10-01T18:52:59.200880+00:00,,Öğrenci Sayısı : 51
Kahramanmaraş,Pazarcık,Ehli Beyt İlkokulu,774724,İlkokul,https://774724.meb.k12.tr,,,https://774724.meb.k12.tr/tema/harita.php,2026-08-31,40,40,bulundu,https://774724.meb.k12.tr/,2026-10-01T18:52:59.485741+00:00,,Öğrenci Sayısı : 40
Kahramanmaraş,Pazarcık,Evri Osman Gazi Ortaokulu,731343,Ortaokul,https://evriosmangaziortaokulu.meb.k12.tr,,,https://evriosmangaziortaokulu.meb.k12.tr/tema/harita.php,2026-08-31,88,88,bulundu,https://evriosmangaziortaokulu.meb.k12.tr/,2026-10-01T18:52:59.501733+00:00,,Öğrenci Sayısı : 88
Kahramanmaraş,Pazarcık,Evri Osman Gazi İlkokulu,731341,İlkokul,https://evriosmangaziilkokulu.meb.k12.tr,,,https://evriosmangaziilkokulu.meb.k12.tr/tema/harita.php,2026-08-31,85,85,bulundu,https://evriosmangaziilkokulu.meb.k12.tr/,2026-10-01T18:52:59.504385+00:00,,Öğrenci Sayısı 85
Kahramanmaraş,Pazarcık,Evri Pınarbaşı Ortaokulu,731340,Ortaokul,https://evripinarbasiortaokulu.meb.k12.tr,,,https://evripinarbasiortaokulu.meb.k12.tr/tema/harita.php,2026-08-31,52,52,bulundu,https://evripinarbasiortaokulu.meb.k12.tr/,2026-10-01T18:52:59.581593+00:00,,Öğrenci Sayısı : 52
Kahramanmaraş,Pazarcık,Evri Pınarbaşı İlkokulu,401095,İlkokul,https://evripinarbasiilkokulu.meb.k12.tr,,,https://evripinarbasiilkokulu.meb.k12.tr/tema/harita.php,2026-08-31,57,57,bulundu,https://evripinarbasiilkokulu.meb.k12.tr/,2026-10-01T18:52:59.584282+00:00,,Öğrenci Sayısı : 57
Kahramanmaraş,Pazarcık,Eğrice Ortaokulu,731333,Ortaokul,https://pazarcikegriceortaokulu.meb.k12.tr,,,https://pazarcikegriceortaokulu.meb.k12.tr/tema/harita.php,2026-08-31,209,209,bulundu,https://pazarcikegriceortaokulu.meb.k12.tr/,2026-10-01T18:52:59.619092+00:00,,Öğrenci Sayısı 209
Kahramanmaraş,Pazarcık,Eğrice İlkokulu,731330,İlkokul,https://pazarcikegriceilkokulu.meb.k12.tr,,,https://pazarcikegriceilkokulu.meb.k12.tr/tema/harita.php,2026-08-31,149,149,bulundu,https://pazarcikegriceilkokulu.meb.k12.tr/,2026-10-01T18:53:00.059935+00:00,,Öğrenci Sayısı : 149
Kahramanmaraş,Pazarcık,Fatih İlkokulu,730889,İlkokul,https://pazarcikfatihilkokulu.meb.k12.tr,,,https://pazarcikfatihilkokulu.meb.k12.tr/tema/harita.php,2026-08-31,667,667,bulundu,https://pazarcikfatihilkokulu.meb.k12.tr/,2026-10-01T18:53:00.086502+00:00,,Öğrenci Sayısı : 667
Kahramanmaraş,Pazarcık,Gazi Ortaokulu,747296,Ortaokul,https://pazarcikgazioo.meb.k12.tr,,,https://pazarcikgazioo.meb.k12.tr/tema/harita.php,2026-08-31,211,211,bulundu,https://pazarcikgazioo.meb.k12.tr/,2026-10-01T18:53:00.183264+00:00,,Öğrenci Sayısı : 211
Kahramanmaraş,Pazarcık,Gazi İlkokulu,730877,İlkokul,https://pazarcikgaziilkokulu.meb.k12.tr,,,https://pazarcikgaziilkokulu.meb.k12.tr/tema/harita.php,2026-08-31,316,316,bulundu,https://pazarcikgaziilkokulu.meb.k12.tr/,2026-10-01T18:53:00.242734+00:00,,Öğrenci Sayısı 316
Kahramanmaraş,Pazarcık,Göynük İlkokulu,735685,İlkokul,https://gynkilkokulu.meb.k12.tr,,,https://gynkilkokulu.meb.k12.tr/tema/harita.php,2026-08-31,15,15,bulundu,https://gynkilkokulu.meb.k12.tr/,2026-10-01T18:53:00.291843+00:00,,Öğrenci Sayısı 15
Kahramanmaraş,Pazarcık,Hürriyet Payamlı İlkokulu,735687,İlkokul,https://hurriyetpayamli.meb.k12.tr,,,https://hurriyetpayamli.meb.k12.tr/tema/harita.php,2026-08-31,15,15,bulundu,https://hurriyetpayamli.meb.k12.tr/,2026-10-01T18:53:00.304675+00:00,,Öğrenci Sayısı: 15
Kahramanmaraş,Pazarcık,Karagöl Ortaokulu,731360,Ortaokul,https://karagol46.meb.k12.tr,,,https://karagol46.meb.k12.tr/tema/harita.php,2026-08-31,307,307,bulundu,https://karagol46.meb.k12.tr/,2026-10-01T18:53:00.394845+00:00,,Öğrenci Sayısı : 307
Kahramanmaraş,Pazarcık,Karagöl İlkokulu,731046,İlkokul,https://karagolilkokulu46.meb.k12.tr,,,https://karagolilkokulu46.meb.k12.tr/tema/harita.php,2026-08-31,197,197,bulundu,https://karagolilkokulu46.meb.k12.tr/,2026-10-01T18:53:00.576096+00:00,,Öğrenci Sayısı: 197
Kahramanmaraş,Pazarcık,Kipaş Çok Programlı Anadolu Lisesi,318839,Çok Programlı Anadolu Lisesi,https://kipascpl.meb.k12.tr,,,https://kipascpl.meb.k12.tr/tema/harita.php,2026-08-31,340,340,bulundu,https://kipascpl.meb.k12.tr/tema/okulumuz_hakkinda.php,2026-10-01T18:53:00.628973+00:00,,Öğrenci : 340
Kahramanmaraş,Pazarcık,Kuzkent İlkokulu,735696,İlkokul,https://kuzkentlkokulu.meb.k12.tr,,,https://kuzkentlkokulu.meb.k12.tr/tema/harita.php,2026-08-31,35,35,bulundu,https://kuzkentlkokulu.meb.k12.tr/,2026-10-01T18:53:00.734151+00:00,,Öğrenci Sayısı 35
Kahramanmaraş,Pazarcık,Mehmet Akif Ersoy Ortaokulu,730901,Ortaokul,https://pazarcikmehmetakifersoy.meb.k12.tr,,,https://pazarcikmehmetakifersoy.meb.k12.tr/tema/harita.php,2026-08-31,342,342,bulundu,https://pazarcikmehmetakifersoy.meb.k12.tr/,2026-10-01T18:53:00.773276+00:00,,Öğrenci Sayısı : 342
Kahramanmaraş,Pazarcık,Mezra İlkokulu,735699,İlkokul,https://pazarcikmezra.meb.k12.tr,,,https://pazarcikmezra.meb.k12.tr/tema/harita.php,2026-08-31,68,68,bulundu,https://pazarcikmezra.meb.k12.tr/,2026-10-01T18:53:00.840288+00:00,,Öğrenci Sayısı : 68
Kahramanmaraş,Pazarcık,Narlı 26 Ocak Ortaokulu,731337,Ortaokul,https://narli26ocakortaokulu.meb.k12.tr,,,https://narli26ocakortaokulu.meb.k12.tr/tema/harita.php,2026-08-31,185,185,bulundu,https://narli26ocakortaokulu.meb.k12.tr/,2026-10-01T18:53:01.024094+00:00,,Öğrenci Sayısı : 185
Kahramanmaraş,Pazarcık,Narlı 26 Ocak İlkokulu,731335,İlkokul,https://narli26ocakio.meb.k12.tr,,,https://narli26ocakio.meb.k12.tr/tema/harita.php,2026-08-31,,,bulunamadi,,2026-10-01T18:53:01.036167+00:00,,
Kahramanmaraş,Pazarcık,Pazarcık Ahi Evran Mesleki Eğitim Merkezi,777010,Mesleki Eğitim Merkezi,https://777010.meb.k12.tr,,,https://777010.meb.k12.tr/tema/harita.php,2026-08-31,,,bulunamadi,,2026-10-01T18:53:01.207002+00:00,,
Kahramanmaraş,Pazarcık,Pazarcık Aksu Mesleki ve Teknik Anadolu Lisesi,907144,Mesleki ve Teknik Anadolu Lisesi,https://pazarcikaksumtal.meb.k12.tr,,,https://pazarcikaksumtal.meb.k12.tr/tema/harita.php,2026-08-31,472,472,bulundu,https://pazarcikaksumtal.meb.k12.tr/,2026-10-01T18:53:01.249138+00:00,,Öğrenci Sayısı 472
Kahramanmaraş,Pazarcık,Pazarcık Anadolu Lisesi,323781,Anadolu Lisesi,https://pazarcikanadolulisesi.meb.k12.tr,,,https://pazarcikanadolulisesi.meb.k12.tr/tema/harita.php,2026-08-31,762,762,bulundu,https://pazarcikanadolulisesi.meb.k12.tr/,2026-10-01T18:53:01.295290+00:00,,Öğrenci Sayısı : 762
Kahramanmaraş,Pazarcık,Pazarcık Anadolu İmam Hatip Lisesi,373138,Anadolu İmam Hatip Lisesi,https://pazarcikimamhatiplisesi.meb.k12.tr,,,https://pazarcikimamhatiplisesi.meb.k12.tr/tema/harita.php,2026-08-31,153,153,bulundu,https://pazarcikimamhatiplisesi.meb.k12.tr/,2026-10-01T18:53:01.357473+00:00,,Öğrenci Sayısı : 153
Kahramanmaraş,Pazarcık,Pazarcık Anaokulu,963779,Anaokulu,https://panaokulu.meb.k12.tr,,,https://panaokulu.meb.k12.tr/tema/harita.php,2026-08-31,161,161,bulundu,https://panaokulu.meb.k12.tr/,2026-10-01T18:53:01.578943+00:00,,Öğrenci Sayısı: 161
Kahramanmaraş,Pazarcık,Pazarcık Atatürk Anadolu Lisesi,185138,Anadolu Lisesi,https://pazarcikaal.meb.k12.tr,,,https://pazarcikaal.meb.k12.tr/tema/harita.php,2026-08-31,446,446,bulundu,https://pazarcikaal.meb.k12.tr/,2026-10-01T18:53:01.600794+00:00,,Öğrenci Sayısı : 446
Kahramanmaraş,Pazarcık,Pazarcık Fen Lisesi,761442,Fen Lisesi,https://pazarcikfenlisesi.meb.k12.tr,,,https://pazarcikfenlisesi.meb.k12.tr/tema/harita.php,2026-08-31,311,311,bulundu,https://pazarcikfenlisesi.meb.k12.tr/,2026-10-01T18:53:01.621233+00:00,,Öğrenci Sayısı 311
Kahramanmaraş,Pazarcık,Pazarcık Gelişim Anaokulu,767958,Anaokulu,https://pazarcikgelisimanaokulu.meb.k12.tr,,,https://pazarcikgelisimanaokulu.meb.k12.tr/tema/harita.php,2026-08-31,116,116,bulundu,https://pazarcikgelisimanaokulu.meb.k12.tr/,2026-10-01T18:53:01.719755+00:00,,Öğrenci Sayısı: 116
Kahramanmaraş,Pazarcık,Pazarcık Halk Eğitimi Merkezi,185163,Halk Eğitimi Merkezi,https://pazarcikhalkegitim.meb.k12.tr,,,https://pazarcikhalkegitim.meb.k12.tr/tema/harita.php,2026-08-31,,,bulunamadi,,2026-10-01T18:53:01.928129+00:00,,
Kahramanmaraş,Pazarcık,Pazarcık Mesleki ve Teknik Anadolu Lisesi,963233,Mesleki ve Teknik Anadolu Lisesi,https://pazarcikmtal.meb.k12.tr,,,https://pazarcikmtal.meb.k12.tr/tema/harita.php,2026-08-31,195,195,bulundu,https://pazarcikmtal.meb.k12.tr/tema/okulumuz_hakkinda.php,2026-10-01T18:53:01.948685+00:00,,Öğrenci : 195
Kahramanmaraş,Pazarcık,Pazarcık İmam Hatip Ortaokulu,760768,İmam Hatip Ortaokulu,https://pazarcikiho.meb.k12.tr,,,https://pazarcikiho.meb.k12.tr/tema/harita.php,2026-08-31,75,75,bulundu,https://pazarcikiho.meb.k12.tr/,2026-10-01T18:53:01.971131+00:00,,Öğrenci Sayısı 75
Kahramanmaraş,Pazarcık,Pazarcık İstiklal Halil Arık Ortaokulu,730894,Ortaokul,https://pazarcikistiklal.meb.k12.tr,,,https://pazarcikistiklal.meb.k12.tr/tema/harita.php,2026-08-31,608,608,bulundu,https://pazarcikistiklal.meb.k12.tr/,2026-10-01T18:53:02.018822+00:00,,Öğrenci Sayısı : 608
Kahramanmaraş,Pazarcık,Sadakalar İlkokulu,735703,İlkokul,https://sadakalar.meb.k12.tr,,,https://sadakalar.meb.k12.tr/tema/harita.php,2026-08-31,20,20,bulundu,https://sadakalar.meb.k12.tr/,2026-10-01T18:53:02.077516+00:00,,Öğrenci Sayısı: 20
Kahramanmaraş,Pazarcık,Sakarkaya Ortaokulu,731369,Ortaokul,https://pazarciksakarkayaortaokulu.meb.k12.tr,,,https://pazarciksakarkayaortaokulu.meb.k12.tr/tema/harita.php,2026-08-31,86,86,bulundu,https://pazarciksakarkayaortaokulu.meb.k12.tr/,2026-10-01T18:53:02.132986+00:00,,Öğrenci Sayısı : 86
Kahramanmaraş,Pazarcık,Sakarkaya İlkokulu,731062,İlkokul,https://pazarciksakarkayailkokulu.meb.k12.tr,,,https://pazarciksakarkayailkokulu.meb.k12.tr/tema/harita.php,2026-08-31,85,85,bulundu,https://pazarciksakarkayailkokulu.meb.k12.tr/,2026-10-01T18:53:02.149828+00:00,,Öğrenci Sayısı : 85
Kahramanmaraş,Pazarcık,Sakarkaya İmam Hatip Ortaokulu,776230,İmam Hatip Ortaokulu,https://sakarkayaiho.meb.k12.tr,,,https://sakarkayaiho.meb.k12.tr/tema/harita.php,2026-08-31,0,0,bulundu,https://sakarkayaiho.meb.k12.tr/,2026-10-01T18:53:02.304000+00:00,,Öğrenci Sayısı : 0
Kahramanmaraş,Pazarcık,Salmanlı İlkokulu,735704,İlkokul,https://pazarciksalmanli.meb.k12.tr,,,https://pazarciksalmanli.meb.k12.tr/tema/harita.php,2026-08-31,19,19,bulundu,https://pazarciksalmanli.meb.k12.tr/,2026-10-01T18:53:02.365907+00:00,,Öğrenci Sayısı 19
Kahramanmaraş,Pazarcık,Sani Konukoğlu İlkokulu,730886,İlkokul,https://pazarciksanikonukogluio.meb.k12.tr,,,https://pazarciksanikonukogluio.meb.k12.tr/tema/harita.php,2026-08-31,278,278,bulundu,https://pazarciksanikonukogluio.meb.k12.tr/tema/okulumuz_hakkinda.php,2026-10-01T18:53:02.412732+00:00,,Öğrenci : 278
Kahramanmaraş,Pazarcık,Sarıl Ortaokulu,750464,Ortaokul,https://pazarciksariloo.meb.k12.tr,,,https://pazarciksariloo.meb.k12.tr/tema/harita.php,2026-08-31,92,92,bulundu,https://pazarciksariloo.meb.k12.tr/,2026-10-01T18:53:02.611080+00:00,,Öğrenci Sayısı : 92
Kahramanmaraş,Pazarcık,Sarıl İlkokulu,742158,İlkokul,https://pazarciksarilio.meb.k12.tr,,,https://pazarciksarilio.meb.k12.tr/tema/harita.php,2026-08-31,33,33,bulundu,https://pazarciksarilio.meb.k12.tr/,2026-10-01T18:53:02.654454+00:00,,Öğrenci Sayısı : 33
Kahramanmaraş,Pazarcık,Sultanlar İlkokulu,735705,İlkokul,https://sultanlarilkokulu.meb.k12.tr,,,https://sultanlarilkokulu.meb.k12.tr/tema/harita.php,2026-08-31,65,65,bulundu,https://sultanlarilkokulu.meb.k12.tr/,2026-10-01T18:53:02.688675+00:00,,Öğrenci Sayısı: 65
Kahramanmaraş,Pazarcık,Taşdemir İlkokulu,735709,İlkokul,https://tasdemirio.meb.k12.tr,,,https://tasdemirio.meb.k12.tr/tema/harita.php,2026-08-31,25,25,bulundu,https://tasdemirio.meb.k12.tr/,2026-10-01T18:53:02.709236+00:00,,Öğrenci Sayısı : 25
Kahramanmaraş,Pazarcık,Tetirlik Ortaokulu,731401,Ortaokul,https://tetirlikoo.meb.k12.tr,,,https://tetirlikoo.meb.k12.tr/tema/harita.php,2026-08-31,95,95,bulundu,https://tetirlikoo.meb.k12.tr/,2026-10-01T18:53:02.717132+00:00,,Öğrenci Sayısı 95
Kahramanmaraş,Pazarcık,Tetirlik İlkokulu,731399,İlkokul,https://tetirlikio.meb.k12.tr,,,https://tetirlikio.meb.k12.tr/tema/harita.php,2026-08-31,74,74,bulundu,https://tetirlikio.meb.k12.tr/,2026-10-01T18:53:03.068232+00:00,,Öğrenci Sayısı: 74
Kahramanmaraş,Pazarcık,UNICEF Ortaokulu,774594,Ortaokul,https://774594.meb.k12.tr,,,https://774594.meb.k12.tr/tema/harita.php,2026-08-31,90,90,bulundu,https://774594.meb.k12.tr/,2026-10-01T18:53:03.104557+00:00,,Öğrenci Sayısı : 90
Kahramanmaraş,Pazarcık,UNICEF İlkokulu,774593,İlkokul,https://774593.meb.k12.tr,,,https://774593.meb.k12.tr/tema/harita.php,2026-08-31,174,174,bulundu,https://774593.meb.k12.tr/,2026-10-01T18:53:03.342856+00:00,,Öğrenci Sayısı : 174
Kahramanmaraş,Pazarcık,Ufacıklı Ortaokulu,731353,Ortaokul,https://ufacikliortaokulu.meb.k12.tr,,,https://ufacikliortaokulu.meb.k12.tr/tema/harita.php,2026-08-31,268,268,bulundu,https://ufacikliortaokulu.meb.k12.tr/,2026-10-01T18:53:03.362502+00:00,,Öğrenci Sayısı : 268
Kahramanmaraş,Pazarcık,Ufacıklı İlkokulu,731352,İlkokul,https://ufacikliilkokulu.meb.k12.tr,,,https://ufacikliilkokulu.meb.k12.tr/tema/harita.php,2026-08-31,178,178,bulundu,https://ufacikliilkokulu.meb.k12.tr/,2026-10-01T18:53:03.372579+00:00,,Öğrenci Sayısı: 178
Kahramanmaraş,Pazarcık,Ulubahçe Şehit Ahmet Yumrutaş İlkokulu,735710,İlkokul,https://ulubahceio.meb.k12.tr,,,https://ulubahceio.meb.k12.tr/tema/harita.php,2026-08-31,54,54,bulundu,https://ulubahceio.meb.k12.tr/,2026-10-01T18:53:03.483772+00:00,,Öğrenci Sayısı: 54
Kahramanmaraş,Pazarcık,Yavuz Selim Ortaokulu,730883,Ortaokul,https://pazarcikyavuzselimortaokulu.meb.k12.tr,,,https://pazarcikyavuzselimortaokulu.meb.k12.tr/tema/harita.php,2026-08-31,408,408,bulundu,https://pazarcikyavuzselimortaokulu.meb.k12.tr/tema/okulumuz_hakkinda.php,2026-10-01T18:53:03.496080+00:00,,Öğrenci : 408
Kahramanmaraş,Pazarcık,Yukarı Höcüklü Elifler İlkokulu,735713,İlkokul,https://yhcklelifler.meb.k12.tr,,,https://yhcklelifler.meb.k12.tr/tema/harita.php,2026-08-31,20,20,bulundu,https://yhcklelifler.meb.k12.tr/,2026-10-01T18:53:03.516609+00:00,,Öğrenci Sayısı : 20
Kahramanmaraş,Pazarcık,Yukarıhöcüklü İlkokulu,735712,İlkokul,https://yukarihocuklu.meb.k12.tr,,,https://yukarihocuklu.meb.k12.tr/tema/harita.php,2026-08-31,34,34,bulundu,https://yukarihocuklu.meb.k12.tr/,2026-10-01T18:53:03.781134+00:00,,Öğrenci Sayısı 34
Kahramanmaraş,Pazarcık,Yukarımülk İlkokulu,735715,İlkokul,https://pazarckyukarmlk.meb.k12.tr,,,https://pazarckyukarmlk.meb.k12.tr/tema/harita.php,2026-08-31,29,29,bulundu,https://pazarckyukarmlk.meb.k12.tr/tema/okulumuz_hakkinda.php,2026-10-01T18:53:03.797652+00:00,,Öğrenci : 29
Kahramanmaraş,Pazarcık,Yumaklıcerit Ortaokulu,731403,Ortaokul,https://yumakliceritortaokulu.meb.k12.tr,,,https://yumakliceritortaokulu.meb.k12.tr/tema/harita.php,2026-08-31,218,218,bulundu,https://yumakliceritortaokulu.meb.k12.tr/,2026-10-01T18:53:03.808861+00:00,,Öğrenci Sayısı : 218
Kahramanmaraş,Pazarcık,Yumaklıcerit İlkokulu,731402,İlkokul,https://yumakliceritilkokulu.meb.k12.tr,,,https://yumakliceritilkokulu.meb.k12.tr/tema/harita.php,2026-08-31,198,198,bulundu,https://yumakliceritilkokulu.meb.k12.tr/,2026-10-01T18:53:03.973338+00:00,,Öğrenci Sayısı : 198
Kahramanmaraş,Pazarcık,Yunus Emre Ortaokulu,774719,Ortaokul,https://774719.meb.k12.tr,,,https://774719.meb.k12.tr/tema/harita.php,2026-08-31,192,192,bulundu,https://774719.meb.k12.tr/,2026-10-01T18:53:04.265274+00:00,,Öğrenci Sayısı : 192
Kahramanmaraş,Pazarcık,Yunus Emre İlkokulu,774718,İlkokul,https://774718.meb.k12.tr,,,https://774718.meb.k12.tr/tema/harita.php,2026-08-31,113,113,bulundu,https://774718.meb.k12.tr/,2026-10-01T18:53:04.297830+00:00,,Öğrenci Sayısı : 113
Kahramanmaraş,Pazarcık,Yılmaz-Yıldız Ertürk İlkokulu,735711,İlkokul,https://yilmaz-yildizerturkilkokulu.meb.k12.tr,,,https://yilmaz-yildizerturkilkokulu.meb.k12.tr/tema/harita.php,2026-08-31,61,61,bulundu,https://yilmaz-yildizerturkilkokulu.meb.k12.tr/,2026-10-01T18:53:04.305800+00:00,,Öğrenci Sayısı : 61
Kahramanmaraş,Pazarcık,Çimko Ortaokulu,731329,Ortaokul,https://cimkoortaokulu.meb.k12.tr,,,https://cimkoortaokulu.meb.k12.tr/tema/harita.php,2026-08-31,264,264,bulundu,https://cimkoortaokulu.meb.k12.tr/,2026-10-01T18:53:04.339755+00:00,,Öğrenci Sayısı 264
Kahramanmaraş,Pazarcık,Çimko İlkokulu,731328,İlkokul,https://cimkoilkokulu.meb.k12.tr,,,https://cimkoilkokulu.meb.k12.tr/tema/harita.php,2026-08-31,302,302,bulundu,https://cimkoilkokulu.meb.k12.tr/,2026-10-01T18:53:04.476866+00:00,,Öğrenci Sayısı: 302
Kahramanmaraş,Pazarcık,Çiğdemtepe Ortaokulu,731327,Ortaokul,https://cigdemtepe.meb.k12.tr,,,https://cigdemtepe.meb.k12.tr/tema/harita.php,2026-08-31,58,58,bulundu,https://cigdemtepe.meb.k12.tr/,2026-10-01T18:53:04.573062+00:00,,Öğrenci Sayısı : 58
Kahramanmaraş,Pazarcık,Çiğdemtepe İlkokulu,731326,İlkokul,https://cigdemtepei.meb.k12.tr,,,https://cigdemtepei.meb.k12.tr/tema/harita.php,2026-08-31,100,100,bulundu,https://cigdemtepei.meb.k12.tr/,2026-10-01T18:53:04.591337+00:00,,Öğrenci Sayısı : 100
Kahramanmaraş,Pazarcık,Çöçelli İlkokulu,735681,İlkokul,https://cocelli46.meb.k12.tr,,,https://cocelli46.meb.k12.tr/tema/harita.php,2026-08-31,31,31,bulundu,https://cocelli46.meb.k12.tr/tema/okulumuz_hakkinda.php,2026-10-01T18:53:04.596613+00:00,,Öğrenci : 31
Kahramanmaraş,Pazarcık,Şahintepe Beyleruşağı İlkokulu,735706,İlkokul,https://sahintepebeylerusagi.meb.k12.tr,,,https://sahintepebeylerusagi.meb.k12.tr/tema/harita.php,2026-08-31,23,23,bulundu,https://sahintepebeylerusagi.meb.k12.tr/,2026-10-01T18:53:04.612592+00:00,,Öğrenci Sayısı : 23
Kahramanmaraş,Pazarcık,Şallıuşağı İlkokulu,735708,İlkokul,https://salliusagi.meb.k12.tr,,,https://salliusagi.meb.k12.tr/tema/harita.php,2026-08-31,12,12,bulundu,https://salliusagi.meb.k12.tr/,2026-10-01T18:53:04.655236+00:00,,Öğrenci Sayısı : 12
Kahramanmaraş,Türkoğlu,Akçalı Şehit Piyade Üstçavuş Ahmet Tündü Ortaokulu,746409,Ortaokul,https://akcaliortaokulu.meb.k12.tr,,,https://akcaliortaokulu.meb.k12.tr/tema/harita.php,2026-08-31,,,bulunamadi,,2026-10-01T18:53:04.698078+00:00,,
Kahramanmaraş,Türkoğlu,Akçalı Şehit Piyade Üstçavuş Ahmet Tündü İlkokulu,731899,İlkokul,https://akcaliilkokulu.meb.k12.tr,,,https://akcaliilkokulu.meb.k12.tr/tema/harita.php,2026-08-31,66,66,bulundu,https://akcaliilkokulu.meb.k12.tr/tema/okulumuz_hakkinda.php,2026-10-01T18:53:04.705032+00:00,,Öğrenci : 66
Kahramanmaraş,Türkoğlu,Albayrak Ortaokulu,777076,Ortaokul,https://777076.meb.k12.tr,,,https://777076.meb.k12.tr/tema/harita.php,2026-08-31,265,265,bulundu,https://777076.meb.k12.tr/,2026-10-01T18:53:04.706091+00:00,,Öğrenci Sayısı : 265
Kahramanmaraş,Türkoğlu,Albayrak İlkokulu,777075,İlkokul,https://777075.meb.k12.tr,,,https://777075.meb.k12.tr/tema/harita.php,2026-08-31,,,bulunamadi,,2026-10-01T18:53:04.954121+00:00,,
Kahramanmaraş,Türkoğlu,Avşarlı Ortaokulu,731597,Ortaokul,https://avsarliortaokulu.meb.k12.tr,,,https://avsarliortaokulu.meb.k12.tr/tema/harita.php,2026-08-31,,,bulunamadi,,2026-10-01T18:53:04.994881+00:00,,
Kahramanmaraş,Türkoğlu,Avşarlı İlkokulu,731596,İlkokul,https://avsarliilkokulu.meb.k12.tr,,,https://avsarliilkokulu.meb.k12.tr/tema/harita.php,2026-08-31,64,64,bulundu,https://avsarliilkokulu.meb.k12.tr/,2026-10-01T18:53:05.121345+00:00,,Öğrenci Sayısı: 64
Kahramanmaraş,Türkoğlu,Aydınkavak İlkokulu,731432,İlkokul,https://aydnkavak.meb.k12.tr,,,https://aydnkavak.meb.k12.tr/tema/harita.php,2026-08-31,62,62,bulundu,https://aydnkavak.meb.k12.tr/,2026-10-01T18:53:05.209426+00:00,,Öğrenci Sayısı : 62
Kahramanmaraş,Türkoğlu,Balsuyu Mesleki ve Teknik Anadolu Lisesi,759206,Mesleki ve Teknik Anadolu Lisesi,https://balsuyumtal.meb.k12.tr,,,https://balsuyumtal.meb.k12.tr/tema/harita.php,2026-08-31,178,178,bulundu,https://balsuyumtal.meb.k12.tr/,2026-10-01T18:53:05.251805+00:00,,Öğrenci Sayısı : 178
Kahramanmaraş,Türkoğlu,Beyoğlu Cumhuriyet İlkokulu,731437,İlkokul,https://beyoglucumhuriyetio.meb.k12.tr,,,https://beyoglucumhuriyetio.meb.k12.tr/tema/harita.php,2026-08-31,35,35,bulundu,https://beyoglucumhuriyetio.meb.k12.tr/,2026-10-01T18:53:05.410581+00:00,,Öğrenci Sayısı: 35
Kahramanmaraş,Türkoğlu,Beyoğlu Karalar İlkokulu,742118,İlkokul,https://beyoglukaralario.meb.k12.tr,,,https://beyoglukaralario.meb.k12.tr/tema/harita.php,2026-08-31,23,23,bulundu,https://beyoglukaralario.meb.k12.tr/,2026-10-01T18:53:05.488036+00:00,,Öğrenci Sayısı: 23
Kahramanmaraş,Türkoğlu,Beyoğlu Kemalpaşa İlkokulu,588554,İlkokul,https://beyoglukemalpasa.meb.k12.tr,,,https://beyoglukemalpasa.meb.k12.tr/tema/harita.php,2026-08-31,90,90,bulundu,https://beyoglukemalpasa.meb.k12.tr/,2026-10-01T18:53:05.587095+00:00,,Öğrenci Sayısı : 90
Kahramanmaraş,Türkoğlu,Beyoğlu İlkokulu,343440,İlkokul,https://bio.meb.k12.tr,,,https://bio.meb.k12.tr/tema/harita.php,2026-08-31,364,364,bulundu,https://bio.meb.k12.tr/,2026-10-01T18:53:05.641034+00:00,,Öğrenci Sayısı : 364
Kahramanmaraş,Türkoğlu,Beyoğlu İmam Hatip Ortaokulu,749679,İmam Hatip Ortaokulu,https://beyogluiho.meb.k12.tr,,,https://beyogluiho.meb.k12.tr/tema/harita.php,2026-08-31,77,77,bulundu,https://beyogluiho.meb.k12.tr/,2026-10-01T18:53:05.655204+00:00,,Öğrenci Sayısı 77
Kahramanmaraş,Türkoğlu,Beyoğlu Şehit Abuzer Doğan Ortaokulu,757332,Ortaokul,https://beyoglusadoo.meb.k12.tr,,,https://beyoglusadoo.meb.k12.tr/tema/harita.php,2026-08-31,415,415,bulundu,https://beyoglusadoo.meb.k12.tr/,2026-10-01T18:53:05.662370+00:00,,Öğrenci Sayısı 415
Kahramanmaraş,Türkoğlu,Beyoğlu Şehit Abuzer Doğan İlkokulu,746419,İlkokul,https://beyoglusadi.meb.k12.tr,,,https://beyoglusadi.meb.k12.tr/tema/harita.php,2026-08-31,181,181,bulundu,https://beyoglusadi.meb.k12.tr/tema/okulumuz_hakkinda.php,2026-10-01T18:53:05.720441+00:00,,Öğrenci : 181
Kahramanmaraş,Türkoğlu,Büyükimalı Ortaokulu,731601,Ortaokul,https://buyukimaliortaokulu.meb.k12.tr,,,https://buyukimaliortaokulu.meb.k12.tr/tema/harita.php,2026-08-31,162,162,bulundu,https://buyukimaliortaokulu.meb.k12.tr/,2026-10-01T18:53:05.738297+00:00,,Öğrenci Sayısı 162
Kahramanmaraş,Türkoğlu,Büyükimalı İlkokulu,731599,İlkokul,https://bimali.meb.k12.tr,,,https://bimali.meb.k12.tr/tema/harita.php,2026-08-31,175,175,bulundu,https://bimali.meb.k12.tr/,2026-10-01T18:53:05.861010+00:00,,Öğrenci Sayısı : 175
Kahramanmaraş,Türkoğlu,Ceceli Ortaokulu,731603,Ortaokul,https://ceceliortaokulu.meb.k12.tr,,,https://ceceliortaokulu.meb.k12.tr/tema/harita.php,2026-08-31,121,121,bulundu,https://ceceliortaokulu.meb.k12.tr/,2026-10-01T18:53:05.896626+00:00,,Öğrenci Sayısı : 121
Kahramanmaraş,Türkoğlu,Ceceli İlkokulu,731602,İlkokul,https://ceceliilkokulu.meb.k12.tr,,,https://ceceliilkokulu.meb.k12.tr/tema/harita.php,2026-08-31,165,165,bulundu,https://ceceliilkokulu.meb.k12.tr/,2026-10-01T18:53:05.913287+00:00,,Öğrenci Sayısı : 165
Kahramanmaraş,Türkoğlu,Dedeler Ortaokulu,731607,Ortaokul,https://dedeleroo.meb.k12.tr,,,https://dedeleroo.meb.k12.tr/tema/harita.php,2026-08-31,55,55,bulundu,https://dedeleroo.meb.k12.tr/,2026-10-01T18:53:05.933837+00:00,,Öğrenci Sayısı: 55
Kahramanmaraş,Türkoğlu,Dedeler İlkokulu,731606,İlkokul,https://731606.meb.k12.tr,,,https://731606.meb.k12.tr/tema/harita.php,2026-08-31,,,bulunamadi,,2026-10-01T18:53:05.959999+00:00,,
Kahramanmaraş,Türkoğlu,Doluca Şehit Ali Can Ortaokulu,731610,Ortaokul,https://dolucasehitalicanoo.meb.k12.tr,,,https://dolucasehitalicanoo.meb.k12.tr/tema/harita.php,2026-08-31,,,bulunamadi,,2026-10-01T18:53:06.027858+00:00,,
Kahramanmaraş,Türkoğlu,Doluca Şehit Ali Can İlkokulu,731609,İlkokul,https://dolucasehitalicanio.meb.k12.tr,,,https://dolucasehitalicanio.meb.k12.tr/tema/harita.php,2026-08-31,281,281,bulundu,https://dolucasehitalicanio.meb.k12.tr/,2026-10-01T18:53:06.044916+00:00,,Öğrenci Sayısı 281
Kahramanmaraş,Türkoğlu,Ertuğrul Gazi İlkokulu,761691,İlkokul,https://ertugrulgazi46.meb.k12.tr,,,https://ertugrulgazi46.meb.k12.tr/tema/harita.php,2026-08-31,190,190,bulundu,https://ertugrulgazi46.meb.k12.tr/,2026-10-01T18:53:06.087416+00:00,,Öğrenci Sayısı : 190
Kahramanmaraş,Türkoğlu,Fatih İlkokulu,746428,İlkokul,https://turkoglufatihio.meb.k12.tr,,,https://turkoglufatihio.meb.k12.tr/tema/harita.php,2026-08-31,505,505,bulundu,https://turkoglufatihio.meb.k12.tr/,2026-10-01T18:53:06.400636+00:00,,Öğrenci Sayısı 505
Kahramanmaraş,Türkoğlu,Gaziosmanpaşa Ortaokulu,731612,Ortaokul,https://gaziosmanpasaortaokulu46.meb.k12.tr,,,https://gaziosmanpasaortaokulu46.meb.k12.tr/tema/harita.php,2026-08-31,223,223,bulundu,https://gaziosmanpasaortaokulu46.meb.k12.tr/,2026-10-01T18:53:06.412362+00:00,,Öğrenci Sayısı 223
Kahramanmaraş,Türkoğlu,Hacıbebek Ortaokulu,746427,Ortaokul,https://hacibebekortaokulu.meb.k12.tr,,,https://hacibebekortaokulu.meb.k12.tr/tema/harita.php,2026-08-31,33,33,bulundu,https://hacibebekortaokulu.meb.k12.tr/,2026-10-01T18:53:06.651874+00:00,,Öğrenci Sayısı : 33
Kahramanmaraş,Türkoğlu,Hacıbebek İlkokulu,588231,İlkokul,https://hacibebekilkokulu.meb.k12.tr,,,https://hacibebekilkokulu.meb.k12.tr/tema/harita.php,2026-08-31,39,39,bulundu,https://hacibebekilkokulu.meb.k12.tr/,2026-10-01T18:53:06.857168+00:00,,Öğrenci Sayısı : 39
Kahramanmaraş,Türkoğlu,Hopurlu Şehit Eyüp Geyik Ortaokulu,731615,Ortaokul,https://hopurlusehiteyupgeyikoo.meb.k12.tr,,,https://hopurlusehiteyupgeyikoo.meb.k12.tr/tema/harita.php,2026-08-31,170,170,bulundu,https://hopurlusehiteyupgeyikoo.meb.k12.tr/,2026-10-01T18:53:06.976273+00:00,,Öğrenci Sayısı : 170
Kahramanmaraş,Türkoğlu,Hopurlu Şehit Eyüp Geyik İlkokulu,731614,İlkokul,https://hopurlusehiteyupgeyikio.meb.k12.tr,,,https://hopurlusehiteyupgeyikio.meb.k12.tr/tema/harita.php,2026-08-31,141,141,bulundu,https://hopurlusehiteyupgeyikio.meb.k12.tr/,2026-10-01T18:53:07.027380+00:00,,Öğrenci Sayısı 141
Kahramanmaraş,Türkoğlu,Kadıoğlu Çiftliği Ortaokulu,746426,Ortaokul,https://kadiogluciftligioo.meb.k12.tr,,,https://kadiogluciftligioo.meb.k12.tr/tema/harita.php,2026-08-31,,,bulunamadi,,2026-10-01T18:53:07.055310+00:00,,
Kahramanmaraş,Türkoğlu,Kadıoğlu Çiftliği İlkokulu,731507,İlkokul,https://kadiogluciftligiio.meb.k12.tr,,,https://kadiogluciftligiio.meb.k12.tr/tema/harita.php,2026-08-31,171,171,bulundu,https://kadiogluciftligiio.meb.k12.tr/,2026-10-01T18:53:07.347212+00:00,,Öğrenci Sayısı : 171
Kahramanmaraş,Türkoğlu,Kaledibi İlkokulu,731450,İlkokul,https://731450.meb.k12.tr,,,https://731450.meb.k12.tr/tema/harita.php,2026-08-31,14,14,bulundu,https://731450.meb.k12.tr/,2026-10-01T18:53:07.367490+00:00,,Öğrenci Sayısı : 14
Kahramanmaraş,Türkoğlu,Kayı Boyu Ortaokulu,760414,Ortaokul,https://kayiboyuortaokulu.meb.k12.tr,,,https://kayiboyuortaokulu.meb.k12.tr/tema/harita.php,2026-08-31,619,619,bulundu,https://kayiboyuortaokulu.meb.k12.tr/,2026-10-01T18:53:07.407169+00:00,,Öğrenci Sayısı 619
Kahramanmaraş,Türkoğlu,Küçük İmalı Ortaokulu,731595,Ortaokul,https://kucukimaliortaokulu.meb.k12.tr,,,https://kucukimaliortaokulu.meb.k12.tr/tema/harita.php,2026-08-31,60,60,bulundu,https://kucukimaliortaokulu.meb.k12.tr/,2026-10-01T18:53:07.490009+00:00,,Öğrenci Sayısı 60
Kahramanmaraş,Türkoğlu,Küçük İmalı İlkokulu,731620,İlkokul,https://kucukimaliilkokulu.meb.k12.tr,,,https://kucukimaliilkokulu.meb.k12.tr/tema/harita.php,2026-08-31,,,bulunamadi,,2026-10-01T18:53:07.520264+00:00,,
Kahramanmaraş,Türkoğlu,Kılılı Anadolu Lisesi,765115,Anadolu Lisesi,https://kililianadolulisesi.meb.k12.tr,,,https://kililianadolulisesi.meb.k12.tr/tema/harita.php,2026-08-31,218,218,bulundu,https://kililianadolulisesi.meb.k12.tr/,2026-10-01T18:53:07.522143+00:00,,Öğrenci Sayısı 218
Kahramanmaraş,Türkoğlu,Kılılı Cumhuriyet Ortaokulu,731617,Ortaokul,https://kililicumhuriyet.meb.k12.tr,,,https://kililicumhuriyet.meb.k12.tr/tema/harita.php,2026-08-31,,,bulunamadi,,2026-10-01T18:53:07.564689+00:00,,
Kahramanmaraş,Türkoğlu,Kılılı Turan Hazinedaroğlu İlkokulu,400830,İlkokul,https://turanhazinedarogluilkokulu.meb.k12.tr,,,https://turanhazinedarogluilkokulu.meb.k12.tr/tema/harita.php,2026-08-31,156,156,bulundu,https://turanhazinedarogluilkokulu.meb.k12.tr/,2026-10-01T18:53:07.876818+00:00,,Öğrenci Sayısı 156
Kahramanmaraş,Türkoğlu,Kırmakaya Şehit Ali Evran Ortaokulu,765796,Ortaokul,https://kirmakayaortaokulu.meb.k12.tr,,,https://kirmakayaortaokulu.meb.k12.tr/tema/harita.php,2026-08-31,187,187,bulundu,https://kirmakayaortaokulu.meb.k12.tr/,2026-10-01T18:53:07.944802+00:00,,Öğrenci Sayısı 187
Kahramanmaraş,Türkoğlu,Kırmakaya Şehit Ali Evran İlkokulu,731463,İlkokul,https://turkoglukirmakayailkokulu.meb.k12.tr,,,https://turkoglukirmakayailkokulu.meb.k12.tr/tema/harita.php,2026-08-31,253,253,bulundu,https://turkoglukirmakayailkokulu.meb.k12.tr/,2026-10-01T18:53:07.956491+00:00,,Öğrenci Sayısı 253
Kahramanmaraş,Türkoğlu,Kızıleniş İlkokulu,731469,İlkokul,https://kizilenisilkokulu.meb.k12.tr,,,https://kizilenisilkokulu.meb.k12.tr/tema/harita.php,2026-08-31,67,67,bulundu,https://kizilenisilkokulu.meb.k12.tr/,2026-10-01T18:53:08.015971+00:00,,Öğrenci Sayısı: 67
Kahramanmaraş,Türkoğlu,MURAT ÇAKIROĞLU ORTAOKULU,760875,Ortaokul,https://muratcakirogluortaokulu.meb.k12.tr,,,https://muratcakirogluortaokulu.meb.k12.tr/tema/harita.php,2026-08-31,68,68,bulundu,https://muratcakirogluortaokulu.meb.k12.tr/,2026-10-01T18:53:08.026392+00:00,,Öğrenci Sayısı : 68
Kahramanmaraş,Türkoğlu,Minehüyük İlkokulu,731471,İlkokul,https://minehykilkokulu.meb.k12.tr,,,https://minehykilkokulu.meb.k12.tr/tema/harita.php,2026-08-31,31,31,bulundu,https://minehykilkokulu.meb.k12.tr/,2026-10-01T18:53:08.040670+00:00,,Öğrenci Sayısı 31
Kahramanmaraş,Türkoğlu,Murat Çakıroğlu İlkokulu,731472,İlkokul,https://muratcakirogluilkokulu.meb.k12.tr,,,https://muratcakirogluilkokulu.meb.k12.tr/tema/harita.php,2026-08-31,80,80,bulundu,https://muratcakirogluilkokulu.meb.k12.tr/,2026-10-01T18:53:08.098136+00:00,,Öğrenci Sayısı : 80
Kahramanmaraş,Türkoğlu,Nazlı Balduk İlkokulu,731618,İlkokul,https://nazlibaldukilkokulu.meb.k12.tr,,,https://nazlibaldukilkokulu.meb.k12.tr/tema/harita.php,2026-08-31,382,382,bulundu,https://nazlibaldukilkokulu.meb.k12.tr/,2026-10-01T18:53:08.126527+00:00,,Öğrenci Sayısı 382
Kahramanmaraş,Türkoğlu,Osman Gazi Anadolu İmam Hatip Lisesi,761229,Anadolu İmam Hatip Lisesi,https://turkogluosmangaziaihl.meb.k12.tr,,,https://turkogluosmangaziaihl.meb.k12.tr/tema/harita.php,2026-08-31,125,125,bulundu,https://turkogluosmangaziaihl.meb.k12.tr/tema/okulumuz_hakkinda.php,2026-10-01T18:53:08.154823+00:00,,Öğrenci : 125
Kahramanmaraş,Türkoğlu,Seyyid Battal Gazi İlkokulu,731611,İlkokul,https://seyyidbattalgaziio.meb.k12.tr,,,https://seyyidbattalgaziio.meb.k12.tr/tema/harita.php,2026-08-31,207,207,bulundu,https://seyyidbattalgaziio.meb.k12.tr/,2026-10-01T18:53:08.508675+00:00,,Öğrenci Sayısı: 207
Kahramanmaraş,Türkoğlu,Sultan Alparslan Ortaokulu,766552,Ortaokul,https://766552.meb.k12.tr,,,https://766552.meb.k12.tr/tema/harita.php,2026-08-31,188,188,bulundu,https://766552.meb.k12.tr/,2026-10-01T18:53:08.526975+00:00,,Öğrenci Sayısı : 188
Kahramanmaraş,Türkoğlu,Sultan Alparslan İlkokulu,760876,İlkokul,https://turkoglusultanalparslanio.meb.k12.tr,,,https://turkoglusultanalparslanio.meb.k12.tr/tema/harita.php,2026-08-31,273,273,bulundu,https://turkoglusultanalparslanio.meb.k12.tr/,2026-10-01T18:53:08.549767+00:00,,Öğrenci Sayısı : 273
Kahramanmaraş,Türkoğlu,Turgut Reis Çok Programlı Anadolu Lisesi,354519,Çok Programlı Anadolu Lisesi,https://turgutreiscpl.meb.k12.tr,,,https://turgutreiscpl.meb.k12.tr/tema/harita.php,2026-08-31,309,309,bulundu,https://turgutreiscpl.meb.k12.tr/,2026-10-01T18:53:08.678451+00:00,,Öğrenci Sayısı 309
Kahramanmaraş,Türkoğlu,Türkoğlu Adalet Mesleki Eğitim Merkezi,767997,Mesleki Eğitim Merkezi,https://turkogluadaletmem.meb.k12.tr,,,https://turkogluadaletmem.meb.k12.tr/tema/harita.php,2026-08-31,73,73,bulundu,https://turkogluadaletmem.meb.k12.tr/,2026-10-01T18:53:08.741543+00:00,,Öğrenci Sayısı : 73
Kahramanmaraş,Türkoğlu,Türkoğlu Adnan Menderes Anadolu Lisesi,768301,Anadolu Lisesi,https://turkogluadnanmenderesal.meb.k12.tr,,,https://turkogluadnanmenderesal.meb.k12.tr/tema/harita.php,2026-08-31,382,382,bulundu,https://turkogluadnanmenderesal.meb.k12.tr/,2026-10-01T18:53:08.808893+00:00,,Öğrenci Sayısı : 382
Kahramanmaraş,Türkoğlu,Türkoğlu Anadolu Lisesi,323732,Anadolu Lisesi,https://turkogluanadolulisesi.meb.k12.tr,,,https://turkogluanadolulisesi.meb.k12.tr/tema/harita.php,2026-08-31,355,355,bulundu,https://turkogluanadolulisesi.meb.k12.tr/,2026-10-01T18:53:08.931719+00:00,,Öğrenci Sayısı 355
Kahramanmaraş,Türkoğlu,Türkoğlu Anadolu İmam Hatip Lisesi,373151,Anadolu İmam Hatip Lisesi,https://turkogluimamhatip.meb.k12.tr,,,https://turkogluimamhatip.meb.k12.tr/tema/harita.php,2026-08-31,338,338,bulundu,https://turkogluimamhatip.meb.k12.tr/,2026-10-01T18:53:08.949455+00:00,,Öğrenci Sayısı : 338
Kahramanmaraş,Türkoğlu,Türkoğlu Atatürk İlkokulu,752977,İlkokul,https://turkogluataturk.meb.k12.tr,,,https://turkogluataturk.meb.k12.tr/tema/harita.php,2026-08-31,377,377,bulundu,https://turkogluataturk.meb.k12.tr/,2026-10-01T18:53:08.952493+00:00,,Öğrenci Sayısı 377
Kahramanmaraş,Türkoğlu,Türkoğlu Durdu Tansel İmam Hatip Ortaokulu,764356,İmam Hatip Ortaokulu,https://durdutanseliho.meb.k12.tr,,,https://durdutanseliho.meb.k12.tr/tema/harita.php,2026-08-31,295,295,bulundu,https://durdutanseliho.meb.k12.tr/,2026-10-01T18:53:09.123790+00:00,,Öğrenci Sayısı : 295
Kahramanmaraş,Türkoğlu,Türkoğlu Halk Eğitimi Merkezi,185271,Halk Eğitimi Merkezi,https://turkogluhem.meb.k12.tr,,,https://turkogluhem.meb.k12.tr/tema/harita.php,2026-08-31,,,bulunamadi,,2026-10-01T18:53:09.146654+00:00,,
Kahramanmaraş,Türkoğlu,Türkoğlu Lojistik Konteyner Kent Ortaokulu,774469,Ortaokul,https://774469.meb.k12.tr,,,https://774469.meb.k12.tr/tema/harita.php,2026-08-31,64,64,bulundu,https://774469.meb.k12.tr/,2026-10-01T18:53:09.196443+00:00,,Öğrenci Sayısı : 64
Kahramanmaraş,Türkoğlu,Türkoğlu Lojistik Konteyner Kent İlkokulu,774468,İlkokul,https://774468.meb.k12.tr,,,https://774468.meb.k12.tr/tema/harita.php,2026-08-31,187,187,bulundu,https://774468.meb.k12.tr/,2026-10-01T18:53:09.278050+00:00,,Öğrenci Sayısı : 187
Kahramanmaraş,Türkoğlu,Türkoğlu Mesleki Eğitim Merkezi,775007,Mesleki Eğitim Merkezi,https://775007.meb.k12.tr,,,https://775007.meb.k12.tr/tema/harita.php,2026-08-31,1062,1062,bulundu,https://775007.meb.k12.tr/,2026-10-01T18:53:09.300973+00:00,,Öğrenci Sayısı 1062
Kahramanmaraş,Türkoğlu,Türkoğlu Mesleki ve Teknik Anadolu Lisesi,751444,Mesleki ve Teknik Anadolu Lisesi,https://turkoglumtal.meb.k12.tr,,,https://turkoglumtal.meb.k12.tr/tema/harita.php,2026-08-31,,,bulunamadi,,2026-10-01T18:53:09.355134+00:00,,
Kahramanmaraş,Türkoğlu,Uzunsöğüt Ortaokulu,731913,Ortaokul,https://uzunsogutoo.meb.k12.tr,,,https://uzunsogutoo.meb.k12.tr/tema/harita.php,2026-08-31,,,bulunamadi,,2026-10-01T18:53:09.380562+00:00,,
Kahramanmaraş,Türkoğlu,Uzunsöğüt Şehit İbrahim Bağcı İlkokulu,731911,İlkokul,https://uzunsogutsehitibrahimbagciio.meb.k12.tr,,,https://uzunsogutsehitibrahimbagciio.meb.k12.tr/tema/harita.php,2026-08-31,127,127,bulundu,https://uzunsogutsehitibrahimbagciio.meb.k12.tr/,2026-10-01T18:53:09.439062+00:00,,Öğrenci Sayısı 127
Kahramanmaraş,Türkoğlu,Yavuz Selim Ortaokulu,731502,Ortaokul,https://turkogluyavuzselimoo.meb.k12.tr,,,https://turkogluyavuzselimoo.meb.k12.tr/tema/harita.php,2026-08-31,216,216,bulundu,https://turkogluyavuzselimoo.meb.k12.tr/,2026-10-01T18:53:09.452921+00:00,,Öğrenci Sayısı : 216
Kahramanmaraş,Türkoğlu,Yedi Güzel Adam Anadolu İmam Hatip Lisesi,764567,Anadolu İmam Hatip Lisesi,https://yegapihl.meb.k12.tr,,,https://yegapihl.meb.k12.tr/tema/harita.php,2026-08-31,592,592,bulundu,https://yegapihl.meb.k12.tr/,2026-10-01T18:53:09.617325+00:00,,Öğrenci Sayısı 592
Kahramanmaraş,Türkoğlu,Yenipınar İlkokulu,731476,İlkokul,https://yenipnar.meb.k12.tr,,,https://yenipnar.meb.k12.tr/tema/harita.php,2026-08-31,33,33,bulundu,https://yenipnar.meb.k12.tr/,2026-10-01T18:53:09.650137+00:00,,Öğrenci Sayısı : 33
Kahramanmaraş,Türkoğlu,Yeşilyöre Demirciler İlkokulu,731479,İlkokul,https://yesilyoredemirciler.meb.k12.tr,,,https://yesilyoredemirciler.meb.k12.tr/tema/harita.php,2026-08-31,26,26,bulundu,https://yesilyoredemirciler.meb.k12.tr/,2026-10-01T18:53:09.673836+00:00,,Öğrenci Sayısı: 26
Kahramanmaraş,Türkoğlu,Yeşilyöre Fakılar Şehit Erkan İmalı İlkokulu,731480,İlkokul,https://yesilyorefakilar.meb.k12.tr,,,https://yesilyorefakilar.meb.k12.tr/tema/harita.php,2026-08-31,70,70,bulundu,https://yesilyorefakilar.meb.k12.tr/,2026-10-01T18:53:09.708231+00:00,,Öğrenci Sayısı : 70
Kahramanmaraş,Türkoğlu,Yeşilyöre Karauşağı İlkokulu,731482,İlkokul,https://yesilyorekarausagi.meb.k12.tr,,,https://yesilyorekarausagi.meb.k12.tr/tema/harita.php,2026-08-31,50,50,bulundu,https://yesilyorekarausagi.meb.k12.tr/,2026-10-01T18:53:09.729141+00:00,,Öğrenci Sayısı : 50
Kahramanmaraş,Türkoğlu,Yeşilyöre Ortaokulu,731910,Ortaokul,https://yesilyoreortaokulu.meb.k12.tr,,,https://yesilyoreortaokulu.meb.k12.tr/tema/harita.php,2026-08-31,329,329,bulundu,https://yesilyoreortaokulu.meb.k12.tr/,2026-10-01T18:53:09.748031+00:00,,Öğrenci Sayısı : 329
Kahramanmaraş,Türkoğlu,Yeşilyöre Çok Programlı Anadolu Lisesi,378607,Çok Programlı Anadolu Lisesi,https://yesilyorecpal.meb.k12.tr,,,https://yesilyorecpal.meb.k12.tr/tema/harita.php,2026-08-31,327,327,bulundu,https://yesilyorecpal.meb.k12.tr/,2026-10-01T18:53:09.852148+00:00,,Öğrenci Sayısı 327
Kahramanmaraş,Türkoğlu,Yeşilyöre İlkokulu,731909,İlkokul,https://yesilyoreilkokulu.meb.k12.tr,,,https://yesilyoreilkokulu.meb.k12.tr/tema/harita.php,2026-08-31,114,114,bulundu,https://yesilyoreilkokulu.meb.k12.tr/,2026-10-01T18:53:10.075909+00:00,,Öğrenci Sayısı: 114
Kahramanmaraş,Türkoğlu,Yeşilyöre İmam Hatip Ortaokulu,749680,İmam Hatip Ortaokulu,https://yesilyoreiho.meb.k12.tr,,,https://yesilyoreiho.meb.k12.tr/tema/harita.php,2026-08-31,33,33,bulundu,https://yesilyoreiho.meb.k12.tr/,2026-10-01T18:53:10.149692+00:00,,Öğrenci Sayısı : 33
Kahramanmaraş,Türkoğlu,Yeşilyöre Şehit Ahmet Nar İlkokulu,731477,İlkokul,https://yesilyoresehitahmetnarilkokulu.meb.k12.tr,,,https://yesilyoresehitahmetnarilkokulu.meb.k12.tr/tema/harita.php,2026-08-31,74,74,bulundu,https://yesilyoresehitahmetnarilkokulu.meb.k12.tr/,2026-10-01T18:53:10.167513+00:00,,Öğrenci Sayısı : 74
Kahramanmaraş,Türkoğlu,Yolderesi Ortaokulu,731906,Ortaokul,https://yolderesiortaokulu.meb.k12.tr,,,https://yolderesiortaokulu.meb.k12.tr/tema/harita.php,2026-08-31,152,152,bulundu,https://yolderesiortaokulu.meb.k12.tr/,2026-10-01T18:53:10.233318+00:00,,Öğrenci Sayısı : 152
Kahramanmaraş,Türkoğlu,Yolderesi İlkokulu,731905,İlkokul,https://yolderesiilkokulu.meb.k12.tr,,,https://yolderesiilkokulu.meb.k12.tr/tema/harita.php,2026-08-31,98,98,bulundu,https://yolderesiilkokulu.meb.k12.tr/,2026-10-01T18:53:10.545763+00:00,,Öğrenci Sayısı 98
Kahramanmaraş,Türkoğlu,Yıldızkent Şehit Şeref Ortaokulu,731455,Ortaokul,https://sehitserefortaokulu.meb.k12.tr,,,https://sehitserefortaokulu.meb.k12.tr/tema/harita.php,2026-08-31,163,163,bulundu,https://sehitserefortaokulu.meb.k12.tr/,2026-10-01T18:53:10.555637+00:00,,Öğrenci Sayısı 163
Kahramanmaraş,Türkoğlu,Çakallı Hasanağa Ortaokulu,731605,Ortaokul,https://cakallihasanagaoo.meb.k12.tr,,,https://cakallihasanagaoo.meb.k12.tr/tema/harita.php,2026-08-31,123,123,bulundu,https://cakallihasanagaoo.meb.k12.tr/,2026-10-01T18:53:10.695373+00:00,,Öğrenci Sayısı 123
Kahramanmaraş,Türkoğlu,Çakallı Hasanağa İlkokulu,731604,İlkokul,https://cakallihasanagaio.meb.k12.tr,,,https://cakallihasanagaio.meb.k12.tr/tema/harita.php,2026-08-31,131,131,bulundu,https://cakallihasanagaio.meb.k12.tr/,2026-10-01T18:53:10.726503+00:00,,Öğrenci Sayısı : 131
Kahramanmaraş,Türkoğlu,Çobantepe Şehit Sezer ALTUN İlkokulu,731444,İlkokul,https://cobantepe.meb.k12.tr,,,https://cobantepe.meb.k12.tr/tema/harita.php,2026-08-31,8,8,bulundu,https://cobantepe.meb.k12.tr/,2026-10-01T18:53:10.889425+00:00,,Öğrenci Sayısı: 8
Kahramanmaraş,Türkoğlu,Önsen Hopuru Ortaokulu,731902,Ortaokul,https://onsenhopuruortaokulu.meb.k12.tr,,,https://onsenhopuruortaokulu.meb.k12.tr/tema/harita.php,2026-08-31,44,44,bulundu,https://onsenhopuruortaokulu.meb.k12.tr/,2026-10-01T18:53:10.897413+00:00,,Öğrenci Sayısı 44
Kahramanmaraş,Türkoğlu,Önsen Hopuru İlkokulu,731901,İlkokul,https://onsenhopuruilkokulu.meb.k12.tr,,,https://onsenhopuruilkokulu.meb.k12.tr/tema/harita.php,2026-08-31,51,51,bulundu,https://onsenhopuruilkokulu.meb.k12.tr/,2026-10-01T18:53:10.972615+00:00,,Öğrenci Sayısı: 51
Kahramanmaraş,Türkoğlu,Şehit Niyazi Ergüven Ortaokulu,763313,Ortaokul,https://sehitniyazierguvenoo.meb.k12.tr,,,https://sehitniyazierguvenoo.meb.k12.tr/tema/harita.php,2026-08-31,83,83,bulundu,https://sehitniyazierguvenoo.meb.k12.tr/,2026-10-01T18:53:11.137186+00:00,,Öğrenci Sayısı 83
Kahramanmaraş,Türkoğlu,Şehit Niyazi Ergüven İlkokulu,731510,İlkokul,https://sehitniyazierguvenio.meb.k12.tr,,,https://sehitniyazierguvenio.meb.k12.tr/tema/harita.php,2026-08-31,289,289,bulundu,https://sehitniyazierguvenio.meb.k12.tr/,2026-10-01T18:53:11.196453+00:00,,Öğrenci Sayısı: 289
Kahramanmaraş,Türkoğlu,Şehit Polis Ali Akçiçek Anaokulu,964974,Anaokulu,https://spaliakcicekanaokulu.meb.k12.tr,,,https://spaliakcicekanaokulu.meb.k12.tr/tema/harita.php,2026-08-31,197,197,bulundu,https://spaliakcicekanaokulu.meb.k12.tr/,2026-10-01T18:53:11.238675+00:00,,Öğrenci Sayısı 197
Kahramanmaraş,Türkoğlu,Şehitler Ortaokulu,747635,Ortaokul,https://turkoglusehitlerortaokulu.meb.k12.tr,,,https://turkoglusehitlerortaokulu.meb.k12.tr/tema/harita.php,2026-08-31,235,235,bulundu,https://turkoglusehitlerortaokulu.meb.k12.tr/,2026-10-01T18:53:11.284605+00:00,,Öğrenci Sayısı 235
Kahramanmaraş,Türkoğlu,Şehitler İlkokulu,731512,İlkokul,https://turkoglusehitlerilkokulu.meb.k12.tr,,,https://turkoglusehitlerilkokulu.meb.k12.tr/tema/harita.php,2026-08-31,155,155,bulundu,https://turkoglusehitlerilkokulu.meb.k12.tr/,2026-10-01T18:53:11.520781+00:00,,Öğrenci Sayısı : 155
Kahramanmaraş,Türkoğlu,Şekeroba Anaokulu,766789,Anaokulu,https://sekerobaanaokulu.meb.k12.tr,,,https://sekerobaanaokulu.meb.k12.tr/tema/harita.php,2026-08-31,161,161,bulundu,https://sekerobaanaokulu.meb.k12.tr/,2026-10-01T18:53:11.652844+00:00,,Öğrenci Sayısı 161
Kahramanmaraş,Türkoğlu,Şekeroba Fatih İlkokulu,731903,İlkokul,https://sekerobafatihilkokulu.meb.k12.tr,,,https://sekerobafatihilkokulu.meb.k12.tr/tema/harita.php,2026-08-31,219,219,bulundu,https://sekerobafatihilkokulu.meb.k12.tr/,2026-10-01T18:53:11.687660+00:00,,Öğrenci Sayısı : 219
Kahramanmaraş,Türkoğlu,Şekeroba Numuneevler İlkokulu,731518,İlkokul,https://snumuneevlerio.meb.k12.tr,,,https://snumuneevlerio.meb.k12.tr/tema/harita.php,2026-08-31,410,410,bulundu,https://snumuneevlerio.meb.k12.tr/,2026-10-01T18:53:11.730656+00:00,,Öğrenci Sayısı: 410
Kahramanmaraş,Türkoğlu,Şekeroba Yunus Emre Ortaokulu,731515,Ortaokul,https://sekerobayunusemreoo.meb.k12.tr,,,https://sekerobayunusemreoo.meb.k12.tr/tema/harita.php,2026-08-31,523,523,bulundu,https://sekerobayunusemreoo.meb.k12.tr/,2026-10-01T18:53:11.735081+00:00,,Öğrenci Sayısı : 523
Kahramanmaraş,Türkoğlu,Şekeroba İmam Hatip Ortaokulu,761460,İmam Hatip Ortaokulu,https://sekerobaiho.meb.k12.tr,,,https://sekerobaiho.meb.k12.tr/tema/harita.php,2026-08-31,53,53,bulundu,https://sekerobaiho.meb.k12.tr/,2026-10-01T18:53:11.810293+00:00,,Öğrenci Sayısı : 53
Kahramanmaraş,Çağlayancerit,Akdere İlkokulu,760879,İlkokul,https://caglayanceritakdereio.meb.k12.tr,,,https://caglayanceritakdereio.meb.k12.tr/tema/harita.php,2026-08-31,64,64,bulundu,https://caglayanceritakdereio.meb.k12.tr/,2026-10-01T18:53:11.817208+00:00,,Öğrenci Sayısı : 64
Kahramanmaraş,Çağlayancerit,Aksu Ortaokulu,759089,Ortaokul,https://aksuortaokulu46.meb.k12.tr,,,https://aksuortaokulu46.meb.k12.tr/tema/harita.php,2026-08-31,119,119,bulundu,https://aksuortaokulu46.meb.k12.tr/,2026-10-01T18:53:11.914827+00:00,,Öğrenci Sayısı : 119
Kahramanmaraş,Çağlayancerit,Aksu İlkokulu,727102,İlkokul,https://aksuilkokulu46.meb.k12.tr,,,https://aksuilkokulu46.meb.k12.tr/tema/harita.php,2026-08-31,80,80,bulundu,https://aksuilkokulu46.meb.k12.tr/,2026-10-01T18:53:11.984364+00:00,,Öğrenci Sayısı: 80
Kahramanmaraş,Çağlayancerit,Boylu İlkokulu,727109,İlkokul,https://boyluilkokul.meb.k12.tr,,,https://boyluilkokul.meb.k12.tr/tema/harita.php,2026-08-31,14,14,bulundu,https://boyluilkokul.meb.k12.tr/,2026-10-01T18:53:11.989905+00:00,,Öğrenci Sayısı : 14
Kahramanmaraş,Çağlayancerit,Bozlar Ortaokulu,727119,Ortaokul,https://bozlaroo.meb.k12.tr,,,https://bozlaroo.meb.k12.tr/tema/harita.php,2026-08-31,54,54,bulundu,https://bozlaroo.meb.k12.tr/,2026-10-01T18:53:12.062075+00:00,,Öğrenci Sayısı : 54
Kahramanmaraş,Çağlayancerit,Bozlar İlkokulu,727120,İlkokul,https://bozlarilkokulu.meb.k12.tr,,,https://bozlarilkokulu.meb.k12.tr/tema/harita.php,2026-08-31,40,40,bulundu,https://bozlarilkokulu.meb.k12.tr/,2026-10-01T18:53:12.206248+00:00,,Öğrenci Sayısı: 40
Kahramanmaraş,Çağlayancerit,Düzbağ Cumhuriyet İlkokulu,727105,İlkokul,https://duzbagcumhuriyetilko.meb.k12.tr,,,https://duzbagcumhuriyetilko.meb.k12.tr/tema/harita.php,2026-08-31,102,102,bulundu,https://duzbagcumhuriyetilko.meb.k12.tr/,2026-10-01T18:53:12.260573+00:00,,Öğrenci Sayısı 102
Kahramanmaraş,Çağlayancerit,Düzbağ Kasabası Yeşiloba Ortaokulu,550308,Ortaokul,https://yesilobao.meb.k12.tr,,,https://yesilobao.meb.k12.tr/tema/harita.php,2026-08-31,87,87,bulundu,https://yesilobao.meb.k12.tr/tema/okulumuz_hakkinda.php,2026-10-01T18:53:12.310287+00:00,,Öğrenci : 87
Kahramanmaraş,Çağlayancerit,Düzbağ Kasabası Yeşiloba İlkokulu,965778,İlkokul,https://yesilobai.meb.k12.tr,,,https://yesilobai.meb.k12.tr/tema/harita.php,2026-08-31,101,101,bulundu,https://yesilobai.meb.k12.tr/,2026-10-01T18:53:12.365782+00:00,,Öğrenci Sayısı: 101
Kahramanmaraş,Çağlayancerit,Düzbağ Ortaokulu,727106,Ortaokul,https://duzbagortaokulu.meb.k12.tr,,,https://duzbagortaokulu.meb.k12.tr/tema/harita.php,2026-08-31,97,97,bulundu,https://duzbagortaokulu.meb.k12.tr/,2026-10-01T18:53:12.487964+00:00,,Öğrenci Sayısı 97
Kahramanmaraş,Çağlayancerit,Fatih İlkokulu,727128,İlkokul,https://fatihilkokul.meb.k12.tr,,,https://fatihilkokul.meb.k12.tr/tema/harita.php,2026-08-31,236,236,bulundu,https://fatihilkokul.meb.k12.tr/tema/okulumuz_hakkinda.php,2026-10-01T18:53:12.699557+00:00,,Öğrenci : 236
Kahramanmaraş,Çağlayancerit,Helete Anadolu Lisesi,973968,Anadolu Lisesi,https://heleteal.meb.k12.tr,,,https://heleteal.meb.k12.tr/tema/harita.php,2026-08-31,101,101,bulundu,https://heleteal.meb.k12.tr/,2026-10-01T18:53:12.709334+00:00,,Öğrenci Sayısı 101
Kahramanmaraş,Çağlayancerit,Kaleköy İlkokulu,550740,İlkokul,https://kalekoy.meb.k12.tr,,,https://kalekoy.meb.k12.tr/tema/harita.php,2026-08-31,19,19,bulundu,https://kalekoy.meb.k12.tr/,2026-10-01T18:53:12.778066+00:00,,Öğrenci Sayısı: 19
Kahramanmaraş,Çağlayancerit,Küçükcerit Ortaokulu,727132,Ortaokul,https://kucukceritortaokulu.meb.k12.tr,,,https://kucukceritortaokulu.meb.k12.tr/tema/harita.php,2026-08-31,112,112,bulundu,https://kucukceritortaokulu.meb.k12.tr/,2026-10-01T18:53:12.803799+00:00,,Öğrenci Sayısı 112
Kahramanmaraş,Çağlayancerit,Küçükcerit İlkokulu,727131,İlkokul,https://kucukceritio.meb.k12.tr,,,https://kucukceritio.meb.k12.tr/tema/harita.php,2026-08-31,115,115,bulundu,https://kucukceritio.meb.k12.tr/,2026-10-01T18:53:12.815627+00:00,,Öğrenci Sayısı 115
Kahramanmaraş,Çağlayancerit,Oruçpınarı Ortaokulu,727146,Ortaokul,https://orucpinario.meb.k12.tr,,,https://orucpinario.meb.k12.tr/tema/harita.php,2026-08-31,33,33,bulundu,https://orucpinario.meb.k12.tr/,2026-10-01T18:53:12.868564+00:00,,Öğrenci Sayısı : 33
Kahramanmaraş,Çağlayancerit,Oruçpınarı İlkokulu,400459,İlkokul,https://orucpinari.meb.k12.tr,,,https://orucpinari.meb.k12.tr/tema/harita.php,2026-08-31,33,33,bulundu,https://orucpinari.meb.k12.tr/,2026-10-01T18:53:12.941512+00:00,,Öğrenci Sayısı : 33
Kahramanmaraş,Çağlayancerit,Soğukpınar Ortaokulu,727149,Ortaokul,https://sogukpinarortaokulu.meb.k12.tr,,,https://sogukpinarortaokulu.meb.k12.tr/tema/harita.php,2026-08-31,67,67,bulundu,https://sogukpinarortaokulu.meb.k12.tr/,2026-10-01T18:53:12.968064+00:00,,Öğrenci Sayısı 67
Kahramanmaraş,Çağlayancerit,Soğukpınar İlkokulu,727147,İlkokul,https://sogukpinarilkokulu.meb.k12.tr,,,https://sogukpinarilkokulu.meb.k12.tr/tema/harita.php,2026-08-31,31,31,bulundu,https://sogukpinarilkokulu.meb.k12.tr/,2026-10-01T18:53:13.007859+00:00,,Öğrenci Sayısı: 31
Kahramanmaraş,Çağlayancerit,Çağlayancerit 80. Yıl Çok Programlı Anadolu Lisesi,962082,Çok Programlı Anadolu Lisesi,https://caglayancerit80yilcpl.meb.k12.tr,,,https://caglayancerit80yilcpl.meb.k12.tr/tema/harita.php,2026-08-31,383,383,bulundu,https://caglayancerit80yilcpl.meb.k12.tr/,2026-10-01T18:53:13.020997+00:00,,Öğrenci Sayısı 383
Kahramanmaraş,Çağlayancerit,Çağlayancerit Anaokulu,973021,Anaokulu,https://caglayanceritanaokulu.meb.k12.tr,,,https://caglayanceritanaokulu.meb.k12.tr/tema/harita.php,2026-08-31,23,23,bulundu,https://caglayanceritanaokulu.meb.k12.tr/,2026-10-01T18:53:13.104498+00:00,,Öğrenci Sayısı 23
Kahramanmaraş,Çağlayancerit,Çağlayancerit Halk Eğitimi Merkezi,270182,Halk Eğitimi Merkezi,https://caglayancerithem.meb.k12.tr,,,https://caglayancerithem.meb.k12.tr/tema/harita.php,2026-08-31,,,bulunamadi,,2026-10-01T18:53:13.399836+00:00,,
Kahramanmaraş,Çağlayancerit,Çağlayancerit Mesleki Eğitim Merkezi,776979,Mesleki Eğitim Merkezi,https://caglayanceritmesem.meb.k12.tr,,,https://caglayanceritmesem.meb.k12.tr/tema/harita.php,2026-08-31,112,112,bulundu,https://caglayanceritmesem.meb.k12.tr/,2026-10-01T18:53:13.443849+00:00,,Öğrenci Sayısı : 112
Kahramanmaraş,Çağlayancerit,Çağlayancerit Ortaokulu,727123,Ortaokul,https://cagliyancerito.meb.k12.tr,,,https://cagliyancerito.meb.k12.tr/tema/harita.php,2026-08-31,422,422,bulundu,https://cagliyancerito.meb.k12.tr/,2026-10-01T18:53:13.513575+00:00,,Öğrenci Sayısı : 422
Kahramanmaraş,Çağlayancerit,Çağlayancerit Öğretmenevi ve Akşam Sanat Okulu,971314,Öğretmenevi,https://caglayanceritogretmenevi.meb.k12.tr,,,https://caglayanceritogretmenevi.meb.k12.tr/tema/harita.php,2026-08-31,,,bulunamadi,,2026-10-01T18:53:13.523958+00:00,,
Kahramanmaraş,Çağlayancerit,Çağlayancerit İlkokulu,321625,İlkokul,https://cagliyanceritio.meb.k12.tr,,,https://cagliyanceritio.meb.k12.tr/tema/harita.php,2026-08-31,367,367,bulundu,https://cagliyanceritio.meb.k12.tr/,2026-10-01T18:53:13.580299+00:00,,Öğrenci Sayısı 367
Kahramanmaraş,Çağlayancerit,Çağlayancerit İmam Hatip Ortaokulu,727163,İmam Hatip Ortaokulu,https://caglayanceritiho.meb.k12.tr,,,https://caglayanceritiho.meb.k12.tr/tema/harita.php,2026-08-31,163,163,bulundu,https://caglayanceritiho.meb.k12.tr/,2026-10-01T18:53:13.581085+00:00,,Öğrenci Sayısı 163
Kahramanmaraş,Çağlayancerit,İstiklal Ortaokulu,758852,Ortaokul,https://istiklalortaokulu46.meb.k12.tr,,,https://istiklalortaokulu46.meb.k12.tr/tema/harita.php,2026-08-31,132,132,bulundu,https://istiklalortaokulu46.meb.k12.tr/,2026-10-01T18:53:13.638354+00:00,,Öğrenci Sayısı 132
Kahramanmaraş,Çağlayancerit,İstiklal İlkokulu,744830,İlkokul,https://istiklali.meb.k12.tr,,,https://istiklali.meb.k12.tr/tema/harita.php,2026-08-31,89,89,bulundu,https://istiklali.meb.k12.tr/,2026-10-01T18:53:13.802439+00:00,,Öğrenci Sayısı: 89
Kahramanmaraş,Çağlayancerit,Şehit Fatih Güngör İlkokulu,550693,İlkokul,https://sehitfatihgungorio.meb.k12.tr,,,https://sehitfatihgungorio.meb.k12.tr/tema/harita.php,2026-08-31,21,21,bulundu,https://sehitfatihgungorio.meb.k12.tr/,2026-10-01T18:53:13.813176+00:00,,Öğrenci Sayısı: 21
Kahramanmaraş,Çağlıyancerit,Engizek Şehit Nurdoğan Zorgün İlkokulu,767010,İlkokul,https://engizeksehitnurdoganzorgunio.meb.k12.tr,,,https://engizeksehitnurdoganzorgunio.meb.k12.tr/tema/harita.php,2026-08-31,20,20,bulundu,https://engizeksehitnurdoganzorgunio.meb.k12.tr/,2026-10-01T18:53:14.166345+00:00,,Öğrenci Sayısı: 20
Kahramanmaraş,Çağlıyancerit,Şehit Orhan Sürmen Anadolu İmam Hatip Lisesi,767650,Anadolu İmam Hatip Lisesi,https://sehitorhansurmenaihl.meb.k12.tr,,,https://sehitorhansurmenaihl.meb.k12.tr/tema/harita.php,2026-08-31,150,150,bulundu,https://sehitorhansurmenaihl.meb.k12.tr/tema/okulumuz_hakkinda.php,2026-10-01T18:53:14.265357+00:00,,Öğrenci : 150
Karabük,Eflani,Atatürk İlkokulu,714063,İlkokul,https://eflaniataturkilkokulu.meb.k12.tr,,,https://eflaniataturkilkokulu.meb.k12.tr/tema/harita.php,2026-08-31,185,185,bulundu,https://eflaniataturkilkokulu.meb.k12.tr/,2026-10-01T18:53:14.398165+00:00,,Öğrenci Sayısı 185
Karabük,Eflani,Eflani Borsa İstanbul Çok Programlı Anadolu Lisesi,320117,Çok Programlı Anadolu Lisesi,https://eflanibistcpal.meb.k12.tr,,,https://eflanibistcpal.meb.k12.tr/tema/harita.php,2026-08-31,126,126,bulundu,https://eflanibistcpal.meb.k12.tr/,2026-10-01T18:53:14.408196+00:00,,Öğrenci Sayısı 126
Karabük,Eflani,Eflani Öğretmenevi ve Akşam Sanat Okulu Müdürlüğü,219569,Öğretmenevi,https://eflaniogretmenevi.meb.k12.tr,,,https://eflaniogretmenevi.meb.k12.tr/tema/harita.php,2026-08-31,,,bulunamadi,,2026-10-01T18:53:14.471698+00:00,,
Karabük,Eflani,Eflani Şehit Hasan Yılmaz Halk Eğitimi Merkezi,210688,Halk Eğitimi Merkezi,https://eflanihem.meb.k12.tr,,,https://eflanihem.meb.k12.tr/tema/harita.php,2026-08-31,,,bulunamadi,,2026-10-01T18:53:14.658512+00:00,,
Karabük,Eflani,Şehit Ali Şen Korkut Ortaokulu,714087,Ortaokul,https://sehitalisenkorkut.meb.k12.tr,,,https://sehitalisenkorkut.meb.k12.tr/tema/harita.php,2026-08-31,157,157,bulundu,https://sehitalisenkorkut.meb.k12.tr/,2026-10-01T18:53:14.718214+00:00,,Öğrenci Sayısı : 157
Karabük,Eflani,Şehit Barış Efe İmam Hatip Ortaokulu,722396,İmam Hatip Ortaokulu,https://eflanisehitbarisefeimamhatipoo.meb.k12.tr,,,https://eflanisehitbarisefeimamhatipoo.meb.k12.tr/tema/harita.php,2026-08-31,33,33,bulundu,https://eflanisehitbarisefeimamhatipoo.meb.k12.tr/,2026-10-01T18:53:14.734817+00:00,,Öğrenci Sayısı : 33
Karabük,Eskipazar,Eskipazar 60. Yıl Vali Nafiz Kayalı İlkokulu,714134,İlkokul,https://eskipazar60yil.meb.k12.tr,,,https://eskipazar60yil.meb.k12.tr/tema/harita.php,2026-08-31,303,303,bulundu,https://eskipazar60yil.meb.k12.tr/,2026-10-01T18:53:14.765179+00:00,,Öğrenci Sayısı : 303
Karabük,Eskipazar,Eskipazar Halk Eğitimi Merkezi,138079,Halk Eğitimi Merkezi,https://eskipazarhem.meb.k12.tr,,,https://eskipazarhem.meb.k12.tr/tema/harita.php,2026-08-31,,,bulunamadi,,2026-10-01T18:53:14.814781+00:00,,
Karabük,Eskipazar,Eskipazar Ortaokulu,714579,Ortaokul,https://eskipazarortaokulu.meb.k12.tr,,,https://eskipazarortaokulu.meb.k12.tr/tema/harita.php,2026-08-31,206,206,bulundu,https://eskipazarortaokulu.meb.k12.tr/,2026-10-01T18:53:15.169105+00:00,,Öğrenci Sayısı 206
Karabük,Eskipazar,Eskipazar Çok Programlı Anadolu Lisesi,374898,Çok Programlı Anadolu Lisesi,https://eskipazarcpl.meb.k12.tr,,,https://eskipazarcpl.meb.k12.tr/tema/harita.php,2026-08-31,96,96,bulundu,https://eskipazarcpl.meb.k12.tr/,2026-10-01T18:53:15.259349+00:00,,Öğrenci Sayısı 96
Karabük,Eskipazar,Mermer Ortaokulu,730953,Ortaokul,https://mermerortaokulu.meb.k12.tr,,,https://mermerortaokulu.meb.k12.tr/tema/harita.php,2026-08-31,55,55,bulundu,https://mermerortaokulu.meb.k12.tr/,2026-10-01T18:53:15.285867+00:00,,Öğrenci Sayısı 55
Karabük,Eskipazar,Seyhan Cengiz Turhan Anadolu Lisesi,964337,Anadolu Lisesi,https://epal.meb.k12.tr,,,https://epal.meb.k12.tr/tema/harita.php,2026-08-31,116,116,bulundu,https://epal.meb.k12.tr/,2026-10-01T18:53:15.335739+00:00,,Öğrenci Sayısı : 116
Karabük,Eskipazar,Üçevler Ortaokulu,719972,Ortaokul,https://ucevlerortaokulu.meb.k12.tr,,,https://ucevlerortaokulu.meb.k12.tr/tema/harita.php,2026-08-31,25,25,bulundu,https://ucevlerortaokulu.meb.k12.tr/,2026-10-01T18:53:15.455642+00:00,,Öğrenci Sayısı : 25
Karabük,Eskipazar,Şehit Ali Akbaş Anaokulu,970807,Anaokulu,https://sehitaliakbasanaokulu.meb.k12.tr,,,https://sehitaliakbasanaokulu.meb.k12.tr/tema/harita.php,2026-08-31,59,59,bulundu,https://sehitaliakbasanaokulu.meb.k12.tr/,2026-10-01T18:53:15.679131+00:00,,Öğrenci Sayısı : 59
Karabük,Eskipazar,Şehit Cafer Demirhan İmam Hatip Ortaokulu,747634,İmam Hatip Ortaokulu,https://eskipazarscdiho.meb.k12.tr,,,https://eskipazarscdiho.meb.k12.tr/tema/harita.php,2026-08-31,57,57,bulundu,https://eskipazarscdiho.meb.k12.tr/,2026-10-01T18:53:15.724174+00:00,,Öğrenci Sayısı 57
Karabük,Eskipazar,Şehit Faik Başkaya İlkokulu,977097,İlkokul,https://sehitfaikbaskayailkokulu.meb.k12.tr,,,https://sehitfaikbaskayailkokulu.meb.k12.tr/tema/harita.php,2026-08-31,29,29,bulundu,https://sehitfaikbaskayailkokulu.meb.k12.tr/,2026-10-01T18:53:15.768085+00:00,,Öğrenci Sayısı 29
Karabük,Eskipazar,Şehit İsa Eken İlkokulu,887867,İlkokul,https://sehitisaekenilkokulu.meb.k12.tr,,,https://sehitisaekenilkokulu.meb.k12.tr/tema/harita.php,2026-08-31,67,67,bulundu,https://sehitisaekenilkokulu.meb.k12.tr/,2026-10-01T18:53:15.789255+00:00,,Öğrenci Sayısı 67
Karabük,Merkez,100.YIL ANAOKULU,760599,Anaokulu,https://karabukyuzuncuyilanaokulu.meb.k12.tr,,,https://karabukyuzuncuyilanaokulu.meb.k12.tr/tema/harita.php,2026-08-31,74,74,bulundu,https://karabukyuzuncuyilanaokulu.meb.k12.tr/,2026-10-01T18:53:15.810015+00:00,,Öğrenci Sayısı: 74
Karabük,Merkez,75.Yıl Karabük Anadolu Lisesi,215775,Anadolu Lisesi,https://karabukanadolu.meb.k12.tr,,,https://karabukanadolu.meb.k12.tr/tema/harita.php,2026-08-31,549,549,bulundu,https://karabukanadolu.meb.k12.tr/,2026-10-01T18:53:15.814425+00:00,,Öğrenci Sayısı 549
Karabük,Merkez,Alparslan Gazi Anadolu Lisesi,811294,Anadolu Lisesi,https://alparslangazianadolu.meb.k12.tr,,,https://alparslangazianadolu.meb.k12.tr/tema/harita.php,2026-08-31,352,352,bulundu,https://alparslangazianadolu.meb.k12.tr/,2026-10-01T18:53:15.915694+00:00,,Öğrenci Sayısı 352
Karabük,Merkez,Anayasa İlkokulu,722217,İlkokul,https://anayasailkokulu.meb.k12.tr,,,https://anayasailkokulu.meb.k12.tr/tema/harita.php,2026-08-31,402,402,bulundu,https://anayasailkokulu.meb.k12.tr/,2026-10-01T18:53:16.185575+00:00,,Öğrenci Sayısı : 402
Karabük,Merkez,Aydınlıkevler İlkokulu,708241,İlkokul,https://aydinlikevlerilkokulu78.meb.k12.tr,,,https://aydinlikevlerilkokulu78.meb.k12.tr/tema/harita.php,2026-08-31,217,217,bulundu,https://aydinlikevlerilkokulu78.meb.k12.tr/,2026-10-01T18:53:16.210314+00:00,,Öğrenci Sayısı 217
Karabük,Merkez,Bahçelievler İlkokulu,770947,İlkokul,https://karabukbahcelievler.meb.k12.tr,,,https://karabukbahcelievler.meb.k12.tr/tema/harita.php,2026-08-31,325,325,bulundu,https://karabukbahcelievler.meb.k12.tr/,2026-10-01T18:53:16.279567+00:00,,Öğrenci Sayısı : 325
Karabük,Merkez,Bayram Demir Rehberlik ve Araştırma Merkezi,211214,Rehberlik ve Araştırma Merkezi,https://karabukram.meb.k12.tr,,,https://karabukram.meb.k12.tr/tema/harita.php,2026-08-31,,,bulunamadi,,2026-10-01T18:53:16.514623+00:00,,
Karabük,Merkez,Belen Ortaokulu,776646,Ortaokul,https://belenortaokulu.meb.k12.tr,,,https://belenortaokulu.meb.k12.tr/tema/harita.php,2026-08-31,123,123,bulundu,https://belenortaokulu.meb.k12.tr/,2026-10-01T18:53:16.862041+00:00,,Öğrenci Sayısı : 123
Karabük,Merkez,Belen İlkokulu,776644,İlkokul,https://belenilkokulu.meb.k12.tr,,,https://belenilkokulu.meb.k12.tr/tema/harita.php,2026-08-31,189,189,bulundu,https://belenilkokulu.meb.k12.tr/,2026-10-01T18:53:16.945725+00:00,,Öğrenci Sayısı : 189
Karabük,Merkez,Beşbinevler Ömer Lütfü Özaytaç İlkokulu,709075,İlkokul,https://ozaytac.meb.k12.tr,,,https://ozaytac.meb.k12.tr/tema/harita.php,2026-08-31,294,294,bulundu,https://ozaytac.meb.k12.tr/,2026-10-01T18:53:17.013888+00:00,,Öğrenci Sayısı 294
Karabük,Merkez,Beşbinevler İmam Hatip Ortaokulu,765560,İmam Hatip Ortaokulu,https://besbiniho.meb.k12.tr,,,https://besbiniho.meb.k12.tr/tema/harita.php,2026-08-31,61,61,bulundu,https://besbiniho.meb.k12.tr/tema/okulumuz_hakkinda.php,2026-10-01T18:53:17.016758+00:00,,Öğrenci : 61
Karabük,Merkez,Beşbinevler Şehit Cevdet Çay Ortaokulu,709119,Ortaokul,https://scevdetcay.meb.k12.tr,,,https://scevdetcay.meb.k12.tr/tema/harita.php,2026-08-31,262,262,bulundu,https://scevdetcay.meb.k12.tr/,2026-10-01T18:53:17.040121+00:00,,Öğrenci Sayısı : 262
Karabük,Merkez,Beşbinevler Şehit Hayati Kocakaya Anaokulu,963271,Anaokulu,https://besbinevlersehithayatikocakayaao.meb.k12.tr,,,https://besbinevlersehithayatikocakayaao.meb.k12.tr/tema/harita.php,2026-08-31,,,bulunamadi,,2026-10-01T18:53:17.052904+00:00,,
Karabük,Merkez,Cumayanı Yıldırım Beyazıt Ortaokulu,720124,Ortaokul,https://yildirimbeyazitortaokulu.meb.k12.tr,,,https://yildirimbeyazitortaokulu.meb.k12.tr/tema/harita.php,2026-08-31,140,140,bulundu,https://yildirimbeyazitortaokulu.meb.k12.tr/,2026-10-01T18:53:17.514417+00:00,,Öğrenci Sayısı 140
Karabük,Merkez,Cumayanı İlkokulu,720113,İlkokul,https://cumayanilkokulu.meb.k12.tr,,,https://cumayanilkokulu.meb.k12.tr/tema/harita.php,2026-08-31,328,328,bulundu,https://cumayanilkokulu.meb.k12.tr/,2026-10-01T18:53:17.611076+00:00,,Öğrenci Sayısı 328
Karabük,Merkez,Cumayanı İmam Hatip Ortaokulu,758672,İmam Hatip Ortaokulu,https://karciho.meb.k12.tr,,,https://karciho.meb.k12.tr/tema/harita.php,2026-08-31,148,148,bulundu,https://karciho.meb.k12.tr/,2026-10-01T18:53:18.731895+00:00,,Öğrenci Sayısı 148
Karabük,Merkez,Cumhuriyet Anadolu Lisesi,972903,Anadolu Lisesi,https://cumhuriyetanadolulisesi78.meb.k12.tr,,,https://cumhuriyetanadolulisesi78.meb.k12.tr/tema/harita.php,2026-08-31,364,364,bulundu,https://cumhuriyetanadolulisesi78.meb.k12.tr/,2026-10-01T18:53:18.773164+00:00,,Öğrenci Sayısı : 364
Karabük,Merkez,Cumhuriyet Ortaokulu,888087,Ortaokul,https://cumhuriyetoo78.meb.k12.tr,,,https://cumhuriyetoo78.meb.k12.tr/tema/harita.php,2026-08-31,61,61,bulundu,https://cumhuriyetoo78.meb.k12.tr/,2026-10-01T18:53:18.736786+00:00,,Öğrenci Sayısı : 61
Karabük,Merkez,Demir Çelik 50.Yıl İlkokulu,720132,İlkokul,https://karabukdemircelik50.meb.k12.tr,,,https://karabukdemircelik50.meb.k12.tr/tema/harita.php,2026-08-31,111,111,bulundu,https://karabukdemircelik50.meb.k12.tr/tema/okulumuz_hakkinda.php,2026-10-01T18:53:18.735791+00:00,,Öğrenci : 111
Karabük,Merkez,Demir Çelik Anadolu Lisesi,967676,Anadolu Lisesi,https://demirceliklisesi.meb.k12.tr,,,https://demirceliklisesi.meb.k12.tr/tema/harita.php,2026-08-31,259,259,bulundu,https://demirceliklisesi.meb.k12.tr/,2026-10-01T18:53:18.726893+00:00,,Öğrenci Sayısı : 259
Karabük,Merkez,Demir Çelik İlkokulu,887573,İlkokul,https://demircelikilkokulu.meb.k12.tr,,,https://demircelikilkokulu.meb.k12.tr/tema/harita.php,2026-08-31,302,302,bulundu,https://demircelikilkokulu.meb.k12.tr/,2026-10-01T18:53:18.730527+00:00,,Öğrenci Sayısı : 302
Karabük,Merkez,Esentepe Ortaokulu,720441,Ortaokul,https://karabukesentepeortaokulu.meb.k12.tr,,,https://karabukesentepeortaokulu.meb.k12.tr/tema/harita.php,2026-08-31,183,183,bulundu,https://karabukesentepeortaokulu.meb.k12.tr/,2026-10-01T18:53:18.734267+00:00,,Öğrenci Sayısı : 183
Karabük,Merkez,Fatih Sultan Mehmet Ortaokulu,720156,Ortaokul,https://fsmo.meb.k12.tr,,,https://fsmo.meb.k12.tr/tema/harita.php,2026-08-31,63,63,bulundu,https://fsmo.meb.k12.tr/,2026-10-01T18:53:18.778808+00:00,,Öğrenci Sayısı 63
Karabük,Merkez,Fatih İlkokulu,458090,İlkokul,https://fatih78.meb.k12.tr,,,https://fatih78.meb.k12.tr/tema/harita.php,2026-08-31,98,98,bulundu,https://fatih78.meb.k12.tr/,2026-10-01T18:53:18.768811+00:00,,Öğrenci Sayısı 98
Karabük,Merkez,Fazlı Yeşilyurt Ortaokulu,722342,Ortaokul,https://fazliyesilyurtortaokulu.meb.k12.tr,,,https://fazliyesilyurtortaokulu.meb.k12.tr/tema/harita.php,2026-08-31,135,135,bulundu,https://fazliyesilyurtortaokulu.meb.k12.tr/,2026-10-01T18:53:18.770793+00:00,,Öğrenci Sayısı 135
Karabük,Merkez,Fevzi Çakmak Anadolu Lisesi,211131,Anadolu Lisesi,https://karabukfcal.meb.k12.tr,,,https://karabukfcal.meb.k12.tr/tema/harita.php,2026-08-31,157,157,bulundu,https://karabukfcal.meb.k12.tr/,2026-10-01T18:53:18.738440+00:00,,Öğrenci Sayısı : 157
Karabük,Merkez,Fevzi Çakmak Ortaokulu,713574,Ortaokul,https://karabukfevzicakmakortaokulu.meb.k12.tr,,,https://karabukfevzicakmakortaokulu.meb.k12.tr/tema/harita.php,2026-08-31,67,67,bulundu,https://karabukfevzicakmakortaokulu.meb.k12.tr/tema/okulumuz_hakkinda.php,2026-10-01T18:53:18.728831+00:00,,Öğrenci : 67
Karabük,Merkez,Fevzi Çakmak İlkokulu,713528,İlkokul,https://karabukfci.meb.k12.tr,,,https://karabukfci.meb.k12.tr/tema/harita.php,2026-08-31,87,87,bulundu,https://karabukfci.meb.k12.tr/,2026-10-01T18:53:18.753455+00:00,,Öğrenci Sayısı 87
Karabük,Merkez,Gazi Mustafa Kemal İlkokulu,375640,İlkokul,https://gazi78.meb.k12.tr,,,https://gazi78.meb.k12.tr/tema/harita.php,2026-08-31,159,159,bulundu,https://gazi78.meb.k12.tr/,2026-10-01T18:53:18.745195+00:00,,Öğrenci Sayısı : 159
Karabük,Merkez,Hoca Ahmet Yesevi İmam Hatip Ortaokulu,762047,İmam Hatip Ortaokulu,https://karabukhocaahmetyeseviiho.meb.k12.tr,,,https://karabukhocaahmetyeseviiho.meb.k12.tr/tema/harita.php,2026-08-31,159,159,bulundu,https://karabukhocaahmetyeseviiho.meb.k12.tr/,2026-10-01T18:53:18.767847+00:00,,Öğrenci Sayısı : 159
Karabük,Merkez,KILAVUZLAR İLKOKULU,765445,İlkokul,https://kilavuzlarilkokulu.meb.k12.tr,,,https://kilavuzlarilkokulu.meb.k12.tr/tema/harita.php,2026-08-31,349,349,bulundu,https://kilavuzlarilkokulu.meb.k12.tr/,2026-10-01T18:53:18.743833+00:00,,Öğrenci Sayısı : 349
Karabük,Merkez,Kapullu Ertuğrulgazi Ortaokulu,720173,Ortaokul,https://kapulluertugrulgazi.meb.k12.tr,,,https://kapulluertugrulgazi.meb.k12.tr/tema/harita.php,2026-08-31,67,67,bulundu,https://kapulluertugrulgazi.meb.k12.tr/,2026-10-01T18:53:18.786584+00:00,,Öğrenci Sayısı : 67
Karabük,Merkez,Kapullu Vali Nafiz Kayalı İlkokulu,720165,İlkokul,https://kapulluilkokulu.meb.k12.tr,,,https://kapulluilkokulu.meb.k12.tr/tema/harita.php,2026-08-31,117,117,bulundu,https://kapulluilkokulu.meb.k12.tr/,2026-10-01T18:53:18.818129+00:00,,Öğrenci Sayısı : 117
Karabük,Merkez,Karabük Anadolu İmam Hatip Lisesi,211179,Anadolu İmam Hatip Lisesi,https://karabukaihl.meb.k12.tr,,,https://karabukaihl.meb.k12.tr/tema/harita.php,2026-08-31,332,332,bulundu,https://karabukaihl.meb.k12.tr/,2026-10-01T18:53:18.819052+00:00,,Öğrenci Sayısı : 332
Karabük,Merkez,Karabük Atatürk Ortaokulu,708863,Ortaokul,https://karabukataturkortaokulu.meb.k12.tr,,,https://karabukataturkortaokulu.meb.k12.tr/tema/harita.php,2026-08-31,531,531,bulundu,https://karabukataturkortaokulu.meb.k12.tr/tema/okulumuz_hakkinda.php,2026-10-01T18:53:19.228906+00:00,,Öğrenci : 531
Karabük,Merkez,Karabük Bahaddin Gazi İmam Hatip Ortaokulu,760598,İmam Hatip Ortaokulu,https://bahaddingaziiho.meb.k12.tr,,,https://bahaddingaziiho.meb.k12.tr/tema/harita.php,2026-08-31,144,144,bulundu,https://bahaddingaziiho.meb.k12.tr/,2026-10-01T18:53:19.230926+00:00,,Öğrenci Sayısı 144
Karabük,Merkez,Karabük Belediyesi Özel Eğitim Uygulama Okulu I. Kademe,747492,Özel Eğitim Kurumu,https://karabukbelediyesiozelegtuygokl.meb.k12.tr,,,https://karabukbelediyesiozelegtuygokl.meb.k12.tr/tema/harita.php,2026-08-31,17,17,bulundu,https://karabukbelediyesiozelegtuygokl.meb.k12.tr/,2026-10-01T18:53:19.256844+00:00,,Öğrenci Sayısı : 17
Karabük,Merkez,Karabük Belediyesi Özel Eğitim Uygulama Okulu II. Kademe,747554,Özel Eğitim Kurumu,https://karabukbelediyesiozelegtuygokl2.meb.k12.tr,,,https://karabukbelediyesiozelegtuygokl2.meb.k12.tr/tema/harita.php,2026-08-31,22,22,bulundu,https://karabukbelediyesiozelegtuygokl2.meb.k12.tr/,2026-10-01T18:53:19.262403+00:00,,Öğrenci Sayısı : 22
Karabük,Merkez,Karabük Belediyesi Özel Eğitim Uygulama Okulu III. Kademe,747821,Özel Eğitim Kurumu,https://karabukotizm3.meb.k12.tr,,,https://karabukotizm3.meb.k12.tr/tema/harita.php,2026-08-31,24,24,bulundu,https://karabukotizm3.meb.k12.tr/,2026-10-01T18:53:19.283409+00:00,,Öğrenci Sayısı 24
Karabük,Merkez,Karabük Bilim ve Sanat Merkezi,760639,Bilim ve Sanat Merkezi,https://karabukbilsem.meb.k12.tr,,,https://karabukbilsem.meb.k12.tr/tema/harita.php,2026-08-31,316,316,bulundu,https://karabukbilsem.meb.k12.tr/tema/okulumuz_hakkinda.php,2026-10-01T18:53:19.544366+00:00,,Öğrenci : 316
Karabük,Merkez,Karabük Halk Eğitimi Merkezi,211180,Halk Eğitimi Merkezi,https://karabukhem.meb.k12.tr,,,https://karabukhem.meb.k12.tr/tema/harita.php,2026-08-31,,,bulunamadi,,2026-10-01T18:53:19.953954+00:00,,
Karabük,Merkez,Karabük Mehmet Mescier Özel Eğitim Uygulama Okulu III. Kademe,333412,Özel Eğitim Kurumu,https://karabukiem.meb.k12.tr,,,https://karabukiem.meb.k12.tr/tema/harita.php,2026-08-31,41,41,bulundu,https://karabukiem.meb.k12.tr/,2026-10-01T18:53:20.001671+00:00,,Öğrenci Sayısı : 41
Karabük,Merkez,Karabük Mehmet Vergili Fen Lisesi,963908,Fen Lisesi,https://mehmetvergilifenlisesi.meb.k12.tr,,,https://mehmetvergilifenlisesi.meb.k12.tr/tema/harita.php,2026-08-31,364,364,bulundu,https://mehmetvergilifenlisesi.meb.k12.tr/,2026-10-01T18:53:20.721871+00:00,,Öğrenci Sayısı : 364
Karabük,Merkez,Karabük Mesleki Eğitim Merkezi,215285,Mesleki Eğitim Merkezi,https://karabukmesem.meb.k12.tr,,,https://karabukmesem.meb.k12.tr/tema/harita.php,2026-08-31,676,676,bulundu,https://karabukmesem.meb.k12.tr/,2026-10-01T18:53:20.785659+00:00,,Öğrenci Sayısı : 676
Karabük,Merkez,Karabük Mesleki ve Teknik Anadolu Lisesi,211143,Mesleki ve Teknik Anadolu Lisesi,https://karabukmtal.meb.k12.tr,,,https://karabukmtal.meb.k12.tr/tema/harita.php,2026-08-31,911,911,bulundu,https://karabukmtal.meb.k12.tr/,2026-10-01T18:53:20.923013+00:00,,Öğrenci Sayısı 911
Karabük,Merkez,Karabük Ortaokulu,720141,Ortaokul,https://karabukortaokulu.meb.k12.tr,,,https://karabukortaokulu.meb.k12.tr/tema/harita.php,2026-08-31,62,62,bulundu,https://karabukortaokulu.meb.k12.tr/tema/okulumuz_hakkinda.php,2026-10-01T18:53:20.974805+00:00,,Öğrenci : 62
Karabük,Merkez,Karabük Özel Eğitim Anaokulu,773963,Anaokulu,https://karabukozelegitimanaokulu.meb.k12.tr,,,https://karabukozelegitimanaokulu.meb.k12.tr/tema/harita.php,2026-08-31,17,17,bulundu,https://karabukozelegitimanaokulu.meb.k12.tr/,2026-10-01T18:53:20.988991+00:00,,Öğrenci Sayısı : 17
Karabük,Merkez,Karabük Öğretmenevi ve Akşam Sanat Okulu,971490,Öğretmenevi,https://karabukogretmenevi.meb.k12.tr,,,https://karabukogretmenevi.meb.k12.tr/tema/harita.php,2026-08-31,,,bulunamadi,,2026-10-01T18:53:21.069902+00:00,,
Karabük,Merkez,Kardemir Kız Anadolu İmam Hatip Lisesi,760220,Anadolu İmam Hatip Lisesi,https://kizanadoluihl78.meb.k12.tr,,,https://kizanadoluihl78.meb.k12.tr/tema/harita.php,2026-08-31,600,600,bulundu,https://kizanadoluihl78.meb.k12.tr/,2026-10-01T18:53:21.084496+00:00,,Öğrenci Sayısı : 600
Karabük,Merkez,Kartaltepe Ortaokulu,720611,Ortaokul,https://kartaltepeortaokulu.meb.k12.tr,,,https://kartaltepeortaokulu.meb.k12.tr/tema/harita.php,2026-08-31,57,57,bulundu,https://kartaltepeortaokulu.meb.k12.tr/tema/okulumuz_hakkinda.php,2026-10-01T18:53:21.118423+00:00,,Öğrenci : 57
Karabük,Merkez,Kartaltepe İlkokulu,720604,İlkokul,https://kartaltepeilkokulu.meb.k12.tr,,,https://kartaltepeilkokulu.meb.k12.tr/tema/harita.php,2026-08-31,79,79,bulundu,https://kartaltepeilkokulu.meb.k12.tr/tema/okulumuz_hakkinda.php,2026-10-01T18:53:21.125647+00:00,,Öğrenci : 79
Karabük,Merkez,Kayabaşı Ortaokulu,720617,Ortaokul,https://kayabasiortaokulu.meb.k12.tr,,,https://kayabasiortaokulu.meb.k12.tr/tema/harita.php,2026-08-31,118,118,bulundu,https://kayabasiortaokulu.meb.k12.tr/,2026-10-01T18:53:21.148592+00:00,,Öğrenci Sayısı 118
Karabük,Merkez,Kayabaşı İlkokulu,720631,İlkokul,https://kayabasiio.meb.k12.tr,,,https://kayabasiio.meb.k12.tr/tema/harita.php,2026-08-31,166,166,bulundu,https://kayabasiio.meb.k12.tr/,2026-10-01T18:53:21.208555+00:00,,Öğrenci Sayısı: 166
Karabük,Merkez,Kurtuluş İlkokulu,457694,İlkokul,https://kurtulusilkokul.meb.k12.tr,,,https://kurtulusilkokul.meb.k12.tr/tema/harita.php,2026-08-31,128,128,bulundu,https://kurtulusilkokul.meb.k12.tr/,2026-10-01T18:53:21.210099+00:00,,Öğrenci Sayısı : 128
Karabük,Merkez,Kurtuluş Şehit Murat Dilmaç İmam Hatip Ortaokulu,760597,İmam Hatip Ortaokulu,https://kurtulussehitmuratdilmaciho.meb.k12.tr,,,https://kurtulussehitmuratdilmaciho.meb.k12.tr/tema/harita.php,2026-08-31,50,50,bulundu,https://kurtulussehitmuratdilmaciho.meb.k12.tr/,2026-10-01T18:53:21.228697+00:00,,Öğrenci Sayısı 50
Karabük,Merkez,Kıymet ve Mustafa Yazıcı Anadolu Lisesi,965168,Anadolu Lisesi,https://kmyal.meb.k12.tr,,,https://kmyal.meb.k12.tr/tema/harita.php,2026-08-31,242,242,bulundu,https://kmyal.meb.k12.tr/,2026-10-01T18:53:21.329057+00:00,,Öğrenci Sayısı 242
Karabük,Merkez,LATİFE HANIM ANAOKULU,972255,Anaokulu,https://latifehanmanaokulu.meb.k12.tr,,,https://latifehanmanaokulu.meb.k12.tr/tema/harita.php,2026-08-31,41,41,bulundu,https://latifehanmanaokulu.meb.k12.tr/,2026-10-01T18:53:21.359920+00:00,,Öğrenci Sayısı 41
Karabük,Merkez,Mehmet Akif Ersoy Ortaokulu,714214,Ortaokul,https://mehmetakifersoy78.meb.k12.tr,,,https://mehmetakifersoy78.meb.k12.tr/tema/harita.php,2026-08-31,97,97,bulundu,https://mehmetakifersoy78.meb.k12.tr/,2026-10-01T18:53:21.396532+00:00,,Öğrenci Sayısı : 97
Karabük,Merkez,Mehmet Akif İlkokulu,713594,İlkokul,https://mehmetakifilkokulu78.meb.k12.tr,,,https://mehmetakifilkokulu78.meb.k12.tr/tema/harita.php,2026-08-31,107,107,bulundu,https://mehmetakifilkokulu78.meb.k12.tr/,2026-10-01T18:53:21.392279+00:00,,Öğrenci Sayısı 107
Karabük,Merkez,Melike Yeşilyurt Anaokulu,759992,Anaokulu,https://melikeyesilyurtanaokulu.meb.k12.tr,,,https://melikeyesilyurtanaokulu.meb.k12.tr/tema/harita.php,2026-08-31,148,148,bulundu,https://melikeyesilyurtanaokulu.meb.k12.tr/,2026-10-01T18:53:21.464007+00:00,,Öğrenci Sayısı: 148
Karabük,Merkez,Mevlana İmam Hatip Ortaokulu,750588,İmam Hatip Ortaokulu,https://mevlanaiho78.meb.k12.tr,,,https://mevlanaiho78.meb.k12.tr/tema/harita.php,2026-08-31,315,315,bulundu,https://mevlanaiho78.meb.k12.tr/,2026-10-01T18:53:21.496544+00:00,,Öğrenci Sayısı 315
Karabük,Merkez,Mimar Sinan Ortaokulu,713627,Ortaokul,https://mimarsinanoo.meb.k12.tr,,,https://mimarsinanoo.meb.k12.tr/tema/harita.php,2026-08-31,600,600,bulundu,https://mimarsinanoo.meb.k12.tr/,2026-10-01T18:53:21.514008+00:00,,Öğrenci Sayısı : 600
Karabük,Merkez,Namık Kemal İlkokulu,714027,İlkokul,https://namikkemal78.meb.k12.tr,,,https://namikkemal78.meb.k12.tr/tema/harita.php,2026-08-31,76,76,bulundu,https://namikkemal78.meb.k12.tr/,2026-10-01T18:53:21.518127+00:00,,Öğrenci Sayısı : 76
Karabük,Merkez,Necip Fazıl Kısakürek Ticaret Mesleki ve Teknik Anadolu Lisesi,211167,Mesleki ve Teknik Anadolu Lisesi,https://nfkmtal.meb.k12.tr,,,https://nfkmtal.meb.k12.tr/tema/harita.php,2026-08-31,298,298,bulundu,https://nfkmtal.meb.k12.tr/tema/okulumuz_hakkinda.php,2026-10-01T18:53:21.878169+00:00,,Öğrenci : 298
Karabük,Merkez,Nene Hatun Anaokulu,749890,Anaokulu,https://nenehatunanaokulu78.meb.k12.tr,,,https://nenehatunanaokulu78.meb.k12.tr/tema/harita.php,2026-08-31,124,124,bulundu,https://nenehatunanaokulu78.meb.k12.tr/,2026-10-01T18:53:21.882601+00:00,,Öğrenci Sayısı : 124
Karabük,Merkez,Osman Yeşilyurt Ortaokulu,257070,Ortaokul,https://osmanyesilyurtortaokulu.meb.k12.tr,,,https://osmanyesilyurtortaokulu.meb.k12.tr/tema/harita.php,2026-08-31,340,340,bulundu,https://osmanyesilyurtortaokulu.meb.k12.tr/,2026-10-01T18:53:21.884546+00:00,,Öğrenci Sayısı 340
Karabük,Merkez,Prof. Dr. Süheyl Ünver Mesleki ve Teknik Anadolu Lisesi,962346,Mesleki ve Teknik Anadolu Lisesi,https://karabukasml.meb.k12.tr,,,https://karabukasml.meb.k12.tr/tema/harita.php,2026-08-31,330,330,bulundu,https://karabukasml.meb.k12.tr/,2026-10-01T18:53:21.902451+00:00,,Öğrenci Sayısı : 330
Karabük,Merkez,Sevgibağı Özel Eğitim Anaokulu,766910,Anaokulu,https://766910.meb.k12.tr,,,https://766910.meb.k12.tr/tema/harita.php,2026-08-31,16,16,bulundu,https://766910.meb.k12.tr/,2026-10-01T18:53:22.022836+00:00,,Öğrenci Sayısı : 16
Karabük,Merkez,Soğuksu Ortaokulu,722365,Ortaokul,https://soguksuortaokulu.meb.k12.tr,,,https://soguksuortaokulu.meb.k12.tr/tema/harita.php,2026-08-31,92,92,bulundu,https://soguksuortaokulu.meb.k12.tr/,2026-10-01T18:53:22.030695+00:00,,Öğrenci Sayısı : 92
Karabük,Merkez,TOKİ Cevizkent Bahaddin Gazi Ortaokulu,720065,Ortaokul,https://tokicevizkentbahaddingazi.meb.k12.tr,,,https://tokicevizkentbahaddingazi.meb.k12.tr/tema/harita.php,2026-08-31,234,234,bulundu,https://tokicevizkentbahaddingazi.meb.k12.tr/,2026-10-01T18:53:22.106412+00:00,,Öğrenci Sayısı 234
Karabük,Merkez,TOKİ Cevizkent Bahaddin Gazi İlkokulu,720070,İlkokul,https://tokicevizkentbahaddingazii.meb.k12.tr,,,https://tokicevizkentbahaddingazii.meb.k12.tr/tema/harita.php,2026-08-31,238,238,bulundu,https://tokicevizkentbahaddingazii.meb.k12.tr/,2026-10-01T18:53:22.243833+00:00,,Öğrenci Sayısı : 238
Karabük,Merkez,Vakıfbank Zübeyde Hanım Anadolu Lisesi,964338,Anadolu Lisesi,https://karabukzal.meb.k12.tr,,,https://karabukzal.meb.k12.tr/tema/harita.php,2026-08-31,560,560,bulundu,https://karabukzal.meb.k12.tr/,2026-10-01T18:53:22.270422+00:00,,Öğrenci Sayısı : 560
Karabük,Merkez,Yahya Kemal Beyatlı Kız Mesleki ve Teknik Anadolu Lisesi,211155,Mesleki ve Teknik Anadolu Lisesi,https://karabukktml.meb.k12.tr,,,https://karabukktml.meb.k12.tr/tema/harita.php,2026-08-31,321,321,bulundu,https://karabukktml.meb.k12.tr/,2026-10-01T18:53:22.281775+00:00,,Öğrenci Sayısı : 321
Karabük,Merkez,Yavuz Sultan Selim Ortaokulu,720434,Ortaokul,https://yavuzssoo.meb.k12.tr,,,https://yavuzssoo.meb.k12.tr/tema/harita.php,2026-08-31,164,164,bulundu,https://yavuzssoo.meb.k12.tr/,2026-10-01T18:53:22.475353+00:00,,Öğrenci Sayısı 164
Karabük,Merkez,Yaşama Sevinci Özel Eğitim Meslek Okulu,241606,Özel Eğitim Kurumu,https://yasamasevincimeslekokulu.meb.k12.tr,,,https://yasamasevincimeslekokulu.meb.k12.tr/tema/harita.php,2026-08-31,48,48,bulundu,https://yasamasevincimeslekokulu.meb.k12.tr/tema/okulumuz_hakkinda.php,2026-10-01T18:53:22.593668+00:00,,Öğrenci : 48
Karabük,Merkez,Yaşama Sevinci Özel Eğitim Ortaokulu,746954,Ortaokul,https://yasamasevinci.meb.k12.tr,,,https://yasamasevinci.meb.k12.tr/tema/harita.php,2026-08-31,46,46,bulundu,https://yasamasevinci.meb.k12.tr/tema/okulumuz_hakkinda.php,2026-10-01T18:53:22.613881+00:00,,Öğrenci : 46
Karabük,Merkez,Yaşama Sevinci Özel Eğitim İlkokulu,746838,İlkokul,https://yasamsevinci.meb.k12.tr,,,https://yasamsevinci.meb.k12.tr/tema/harita.php,2026-08-31,24,24,bulundu,https://yasamsevinci.meb.k12.tr/tema/okulumuz_hakkinda.php,2026-10-01T18:53:22.662831+00:00,,Öğrenci : 24
Karabük,Merkez,Yunus Emre Ortaokulu,720049,Ortaokul,https://yunusemreortaokulu78.meb.k12.tr,,,https://yunusemreortaokulu78.meb.k12.tr/tema/harita.php,2026-08-31,104,104,bulundu,https://yunusemreortaokulu78.meb.k12.tr/,2026-10-01T18:53:22.704642+00:00,,Öğrenci Sayısı : 104
Karabük,Merkez,Yunus Emre İlkokulu,720056,İlkokul,https://yunusemreilkokulu78.meb.k12.tr,,,https://yunusemreilkokulu78.meb.k12.tr/tema/harita.php,2026-08-31,261,261,bulundu,https://yunusemreilkokulu78.meb.k12.tr/tema/okulumuz_hakkinda.php,2026-10-01T18:53:22.869750+00:00,,Öğrenci : 261
Karabük,Merkez,Çelik İş Ortaokulu,976831,Ortaokul,https://celikisortaokulu.meb.k12.tr,,,https://celikisortaokulu.meb.k12.tr/tema/harita.php,2026-08-31,145,145,bulundu,https://celikisortaokulu.meb.k12.tr/,2026-10-01T18:53:23.057516+00:00,,Öğrenci Sayısı 145
Karabük,Merkez,Öğlebeli Osmangazi Ortaokulu,720190,Ortaokul,https://osmangazi78.meb.k12.tr,,,https://osmangazi78.meb.k12.tr/tema/harita.php,2026-08-31,32,32,bulundu,https://osmangazi78.meb.k12.tr/,2026-10-01T18:53:23.058166+00:00,,Öğrenci Sayısı : 32
Karabük,Merkez,Öğlebeli Şehit Nazif Topsakal İlkokulu,720177,İlkokul,https://sehitnaziftopsakalio.meb.k12.tr,,,https://sehitnaziftopsakalio.meb.k12.tr/tema/harita.php,2026-08-31,38,38,bulundu,https://sehitnaziftopsakalio.meb.k12.tr/tema/okulumuz_hakkinda.php,2026-10-01T18:53:23.152608+00:00,,Öğrenci : 38
Karabük,Merkez,ŞERİFE BACI ANAOKULU,759993,Anaokulu,https://serifebacianaokulu78.meb.k12.tr,,,https://serifebacianaokulu78.meb.k12.tr/tema/harita.php,2026-08-31,146,146,bulundu,https://serifebacianaokulu78.meb.k12.tr/,2026-10-01T18:53:23.202585+00:00,,Öğrenci Sayısı 146
Karabük,Merkez,Şehit Adem Yavru İlkokulu,458207,İlkokul,https://sehitademyavru.meb.k12.tr,,,https://sehitademyavru.meb.k12.tr/tema/harita.php,2026-08-31,,,bulunamadi,,2026-10-01T18:53:24.375419+00:00,,
Karabük,Merkez,Şehit Alican Öztürk İmam Hatip Ortaokulu,758674,İmam Hatip Ortaokulu,https://sehitalicanozturkiho.meb.k12.tr,,,https://sehitalicanozturkiho.meb.k12.tr/tema/harita.php,2026-08-31,177,177,bulundu,https://sehitalicanozturkiho.meb.k12.tr/tema/okulumuz_hakkinda.php,2026-10-01T18:53:24.481035+00:00,,Öğrenci : 177
Karabük,Merkez,Şehit Mehmet Dinçel İlkokulu,253429,İlkokul,https://sehitmehmetdincelilkokulu.meb.k12.tr,,,https://sehitmehmetdincelilkokulu.meb.k12.tr/tema/harita.php,2026-08-31,696,696,bulundu,https://sehitmehmetdincelilkokulu.meb.k12.tr/,2026-10-01T18:53:24.504853+00:00,,Öğrenci Sayısı 696
Karabük,Merkez,Şehit Mehmet Esen Ortaokulu,722236,Ortaokul,https://smehmetesenortaokulu.meb.k12.tr,,,https://smehmetesenortaokulu.meb.k12.tr/tema/harita.php,2026-08-31,386,386,bulundu,https://smehmetesenortaokulu.meb.k12.tr/,2026-10-01T18:53:24.539110+00:00,,Öğrenci Sayısı 386
Karabük,Merkez,Şehit Metin Arslan İlkokulu,458315,İlkokul,https://karabuksehitmetinarslanilkokulu.meb.k12.tr,,,https://karabuksehitmetinarslanilkokulu.meb.k12.tr/tema/harita.php,2026-08-31,433,433,bulundu,https://karabuksehitmetinarslanilkokulu.meb.k12.tr/,2026-10-01T18:53:24.606001+00:00,,Öğrenci Sayısı : 433
Karabük,Merkez,Şehit Nurettin Seki İlkokulu,720427,İlkokul,https://snsilkokulu.meb.k12.tr,,,https://snsilkokulu.meb.k12.tr/tema/harita.php,2026-08-31,206,206,bulundu,https://snsilkokulu.meb.k12.tr/,2026-10-01T18:53:24.618202+00:00,,Öğrenci Sayısı 206
Karabük,Merkez,Şehit Umut Aytekin Ortaokulu,708729,Ortaokul,https://sehitumutaytekinortaokulu.meb.k12.tr,,,https://sehitumutaytekinortaokulu.meb.k12.tr/tema/harita.php,2026-08-31,312,312,bulundu,https://sehitumutaytekinortaokulu.meb.k12.tr/,2026-10-01T18:53:24.643719+00:00,,Öğrenci Sayısı : 312
Karabük,Merkez,Şehit Özcan Ören İlkokulu,765453,İlkokul,https://sehitozcanoren.meb.k12.tr,,,https://sehitozcanoren.meb.k12.tr/tema/harita.php,2026-08-31,215,215,bulundu,https://sehitozcanoren.meb.k12.tr/,2026-10-01T18:53:24.944998+00:00,,Öğrenci Sayısı : 215
Karabük,Merkez,Şehit Şendoğan Topçu İlkokulu,720451,İlkokul,https://sehitsendogantopcuilkokulu.meb.k12.tr,,,https://sehitsendogantopcuilkokulu.meb.k12.tr/tema/harita.php,2026-08-31,266,266,bulundu,https://sehitsendogantopcuilkokulu.meb.k12.tr/,2026-10-01T18:53:24.954119+00:00,,Öğrenci Sayısı 266
Karabük,Merkez,Şirinevler Şehit Ercan Hırçın İlkokulu,976703,İlkokul,https://sirinevlerilkokulu.meb.k12.tr,,,https://sirinevlerilkokulu.meb.k12.tr/tema/harita.php,2026-08-31,321,321,bulundu,https://sirinevlerilkokulu.meb.k12.tr/,2026-10-01T18:53:24.962356+00:00,,Öğrenci Sayısı 321
Karabük,Ovacık,Karabük Ovacık Erdal Aksu Halk Eğitimi Merkezi,138401,Halk Eğitimi Merkezi,https://erdalaksuhem.meb.k12.tr,,,https://erdalaksuhem.meb.k12.tr/tema/harita.php,2026-08-31,,,bulunamadi,,2026-10-01T18:53:24.963660+00:00,,
Karabük,Ovacık,Karabük Ovacık Spor Lisesi,966449,Spor Lisesi,https://ovaciksporlisesi.meb.k12.tr,,,https://ovaciksporlisesi.meb.k12.tr/tema/harita.php,2026-08-31,59,59,bulundu,https://ovaciksporlisesi.meb.k12.tr/,2026-10-01T18:53:24.984260+00:00,,Öğrenci Sayısı : 59
Karabük,Ovacık,Ovacık Ortaokulu,720022,Ortaokul,https://ovacikortaokulu.meb.k12.tr,,,https://ovacikortaokulu.meb.k12.tr/tema/harita.php,2026-08-31,48,48,bulundu,https://ovacikortaokulu.meb.k12.tr/,2026-10-01T18:53:25.092328+00:00,,Öğrenci Sayısı : 48
Karabük,Ovacık,Ovacık Şehit Mustafa Kızılkaya Çok Programlı Anadolu Lisesi,138391,Çok Programlı Anadolu Lisesi,https://ovaciksmkl.meb.k12.tr,,,https://ovaciksmkl.meb.k12.tr/tema/harita.php,2026-08-31,29,29,bulundu,https://ovaciksmkl.meb.k12.tr/,2026-10-01T18:53:25.142239+00:00,,Öğrenci Sayısı 29
Karabük,Ovacık,Şehit Cemalettin Karagözoğlu İlkokulu,720008,İlkokul,https://ovaciksckio.meb.k12.tr,,,https://ovaciksckio.meb.k12.tr/tema/harita.php,2026-08-31,32,32,bulundu,https://ovaciksckio.meb.k12.tr/,2026-10-01T18:53:25.177907+00:00,,Öğrenci Sayısı : 32
Karabük,Safranbolu,15 Temmuz Demokrasi Ortaokulu,763101,Ortaokul,https://15temmuzdemokrasioo.meb.k12.tr,,,https://15temmuzdemokrasioo.meb.k12.tr/tema/harita.php,2026-08-31,89,89,bulundu,https://15temmuzdemokrasioo.meb.k12.tr/,2026-10-01T18:53:25.184262+00:00,,Öğrenci Sayısı : 89
Karabük,Safranbolu,15 Temmuz Şehitleri Anadolu Lisesi,317738,Anadolu Lisesi,https://safranal.meb.k12.tr,,,https://safranal.meb.k12.tr/tema/harita.php,2026-08-31,409,409,bulundu,https://safranal.meb.k12.tr/,2026-10-01T18:53:25.273244+00:00,,Öğrenci Sayısı : 409
Karabük,Safranbolu,Abdurrahman Yerlikaya Kız Anadolu İmam Hatip Lisesi,761646,Anadolu İmam Hatip Lisesi,https://abdurrahmanyerlikayakizaihl.meb.k12.tr,,,https://abdurrahmanyerlikayakizaihl.meb.k12.tr/tema/harita.php,2026-08-31,232,232,bulundu,https://abdurrahmanyerlikayakizaihl.meb.k12.tr/,2026-10-01T18:53:25.312777+00:00,,Öğrenci Sayısı : 232
Karabük,Safranbolu,Ahi Evran Mesleki ve Teknik Anadolu Lisesi,211334,Mesleki ve Teknik Anadolu Lisesi,https://ahievran.meb.k12.tr,,,https://ahievran.meb.k12.tr/tema/harita.php,2026-08-31,,,bulunamadi,,2026-10-01T18:53:25.382155+00:00,,
Karabük,Safranbolu,Ali Baba Anaokulu,763102,Anaokulu,https://alibabaanaokulu.meb.k12.tr,,,https://alibabaanaokulu.meb.k12.tr/tema/harita.php,2026-08-31,201,201,bulundu,https://alibabaanaokulu.meb.k12.tr/,2026-10-01T18:53:25.394717+00:00,,Öğrenci Sayısı 201
Karabük,Safranbolu,Ali Baba İlkokulu,774552,İlkokul,https://alibabailkokulu.meb.k12.tr,,,https://alibabailkokulu.meb.k12.tr/tema/harita.php,2026-08-31,220,220,bulundu,https://alibabailkokulu.meb.k12.tr/,2026-10-01T18:53:25.403386+00:00,,Öğrenci Sayısı 220
Karabük,Safranbolu,Altın Safran İlkokulu,853473,İlkokul,https://altinsafran.meb.k12.tr,,,https://altinsafran.meb.k12.tr/tema/harita.php,2026-08-31,591,591,bulundu,https://altinsafran.meb.k12.tr/,2026-10-01T18:53:25.569440+00:00,,Öğrenci Sayısı 591
Karabük,Safranbolu,Bağlar Şehit Atilla Bodur İlkokulu,715011,İlkokul,https://safranbolubaglar.meb.k12.tr,,,https://safranbolubaglar.meb.k12.tr/tema/harita.php,2026-08-31,376,376,bulundu,https://safranbolubaglar.meb.k12.tr/,2026-10-01T18:53:25.695658+00:00,,Öğrenci Sayısı 376
Karabük,Safranbolu,Bostanbükü İlkokulu,719954,İlkokul,https://bostanbukuio.meb.k12.tr,,,https://bostanbukuio.meb.k12.tr/tema/harita.php,2026-08-31,105,105,bulundu,https://bostanbukuio.meb.k12.tr/,2026-10-01T18:53:25.701867+00:00,,Öğrenci Sayısı : 105
Karabük,Safranbolu,Bostanbükü Şehit Cevat Doğan Ortaokulu,719810,Ortaokul,https://bostanbukuoo.meb.k12.tr,,,https://bostanbukuoo.meb.k12.tr/tema/harita.php,2026-08-31,84,84,bulundu,https://bostanbukuoo.meb.k12.tr/,2026-10-01T18:53:25.794278+00:00,,Öğrenci Sayısı 84
Karabük,Safranbolu,Cemil Meriç Kız Mesleki ve Teknik Anadolu Lisesi,211346,Mesleki ve Teknik Anadolu Lisesi,https://safranboluktml.meb.k12.tr,,,https://safranboluktml.meb.k12.tr/tema/harita.php,2026-08-31,6,6,bulundu,https://safranboluktml.meb.k12.tr/,2026-10-01T18:53:25.846038+00:00,,Öğrenci Sayısı 6
Karabük,Safranbolu,Emek Ortaokulu,722714,Ortaokul,https://emekoo.meb.k12.tr,,,https://emekoo.meb.k12.tr/tema/harita.php,2026-08-31,783,783,bulundu,https://emekoo.meb.k12.tr/,2026-10-01T18:53:25.877400+00:00,,Öğrenci Sayısı 783
Karabük,Safranbolu,Evliya Çelebi Turizm Mesleki ve Teknik Anadolu Lisesi,967379,Mesleki ve Teknik Anadolu Lisesi,https://safranaotml.meb.k12.tr,,,https://safranaotml.meb.k12.tr/tema/harita.php,2026-08-31,345,345,bulundu,https://safranaotml.meb.k12.tr/,2026-10-01T18:53:25.894379+00:00,,Öğrenci Sayısı 345
Karabük,Safranbolu,Fatih Sultan Mehmet Fen Lisesi,966539,Fen Lisesi,https://safranbolufsmfl.meb.k12.tr,,,https://safranbolufsmfl.meb.k12.tr/tema/harita.php,2026-08-31,336,336,bulundu,https://safranbolufsmfl.meb.k12.tr/,2026-10-01T18:53:25.906435+00:00,,Öğrenci Sayısı : 336
Karabük,Safranbolu,Gümüş İlkokulu,719524,İlkokul,https://gumusilkokulu.meb.k12.tr,,,https://gumusilkokulu.meb.k12.tr/tema/harita.php,2026-08-31,74,74,bulundu,https://gumusilkokulu.meb.k12.tr/,2026-10-01T18:53:26.057796+00:00,,Öğrenci Sayısı 74
Karabük,Safranbolu,Harmanlar İlkokulu,715031,İlkokul,https://harmanlarilkokulu.meb.k12.tr,,,https://harmanlarilkokulu.meb.k12.tr/tema/harita.php,2026-08-31,243,243,bulundu,https://harmanlarilkokulu.meb.k12.tr/,2026-10-01T18:53:26.176551+00:00,,Öğrenci Sayısı: 243
Karabük,Safranbolu,Harmanlar Şehit Halil Gözlemeci Ortaokulu,730991,Ortaokul,https://harmanlarshg.meb.k12.tr,,,https://harmanlarshg.meb.k12.tr/tema/harita.php,2026-08-31,195,195,bulundu,https://harmanlarshg.meb.k12.tr/,2026-10-01T18:53:26.188751+00:00,,Öğrenci Sayısı 195
Karabük,Safranbolu,Hasan Gemici Özel Eğitim Uygulama Okulu I. Kademe,747119,Özel Eğitim Kurumu,https://hgemici.meb.k12.tr,,,https://hgemici.meb.k12.tr/tema/harita.php,2026-08-31,18,18,bulundu,https://hgemici.meb.k12.tr/,2026-10-01T18:53:26.259965+00:00,,Öğrenci Sayısı : 18
Karabük,Safranbolu,Hasan Gemici Özel Eğitim Uygulama Okulu II. Kademe,747357,Özel Eğitim Kurumu,https://hgemiciegitim.meb.k12.tr,,,https://hgemiciegitim.meb.k12.tr/tema/harita.php,2026-08-31,28,28,bulundu,https://hgemiciegitim.meb.k12.tr/,2026-10-01T18:53:26.273813+00:00,,Öğrenci Sayısı 28
Karabük,Safranbolu,Hasan Gemici Özel Eğitim Uygulama Okulu III. Kademe,748125,Özel Eğitim Kurumu,https://hgemiciegitimis.meb.k12.tr,,,https://hgemiciegitimis.meb.k12.tr/tema/harita.php,2026-08-31,289,289,bulundu,https://hgemiciegitimis.meb.k12.tr/,2026-10-01T18:53:26.296791+00:00,,Öğrenci Sayısı : 289
Karabük,Safranbolu,Kalealtı Ortaokulu,719684,Ortaokul,https://kalealtioo.meb.k12.tr,,,https://kalealtioo.meb.k12.tr/tema/harita.php,2026-08-31,45,45,bulundu,https://kalealtioo.meb.k12.tr/,2026-10-01T18:53:26.317483+00:00,,Öğrenci Sayısı : 45
Karabük,Safranbolu,Kalealtı Şehit Oğuz İnan İlkokulu,719690,İlkokul,https://kalealtisehitoguzinanilkokulu.meb.k12.tr,,,https://kalealtisehitoguzinanilkokulu.meb.k12.tr/tema/harita.php,2026-08-31,99,99,bulundu,https://kalealtisehitoguzinanilkokulu.meb.k12.tr/,2026-10-01T18:53:26.366064+00:00,,Öğrenci Sayısı : 99
Karabük,Safranbolu,Karabük Safranbolu Borsa İstanbul Güzel Sanatlar Lisesi,910049,Güzel Sanatlar Lisesi,https://safranboluborsaistanbulgsl.meb.k12.tr,,,https://safranboluborsaistanbulgsl.meb.k12.tr/tema/harita.php,2026-08-31,128,128,bulundu,https://safranboluborsaistanbulgsl.meb.k12.tr/,2026-10-01T18:53:26.381649+00:00,,Öğrenci Sayısı 128
Karabük,Safranbolu,Kirkille Ortaokulu,719668,Ortaokul,https://kirkilleoo.meb.k12.tr,,,https://kirkilleoo.meb.k12.tr/tema/harita.php,2026-08-31,49,49,bulundu,https://kirkilleoo.meb.k12.tr/,2026-10-01T18:53:26.427044+00:00,,Öğrenci Sayısı 49
Karabük,Safranbolu,Kirkille İlkokulu,719675,İlkokul,https://kirkilleio.meb.k12.tr,,,https://kirkilleio.meb.k12.tr/tema/harita.php,2026-08-31,73,73,bulundu,https://kirkilleio.meb.k12.tr/,2026-10-01T18:53:26.516805+00:00,,Öğrenci Sayısı 73
Karabük,Safranbolu,Misakı Milli Ortaokulu,719626,Ortaokul,https://safranbolumisakimillioo.meb.k12.tr,,,https://safranbolumisakimillioo.meb.k12.tr/tema/harita.php,2026-08-31,57,57,bulundu,https://safranbolumisakimillioo.meb.k12.tr/,2026-10-01T18:53:26.640977+00:00,,Öğrenci Sayısı 57
Karabük,Safranbolu,Misakı Milli İlkokulu,715057,İlkokul,https://misakimilliio.meb.k12.tr,,,https://misakimilliio.meb.k12.tr/tema/harita.php,2026-08-31,271,271,bulundu,https://misakimilliio.meb.k12.tr/,2026-10-01T18:53:26.685525+00:00,,Öğrenci Sayısı 271
Karabük,Safranbolu,Mustafa Antepoğlu İlkokulu,719614,İlkokul,https://antepogluio.meb.k12.tr,,,https://antepogluio.meb.k12.tr/tema/harita.php,2026-08-31,282,282,bulundu,https://antepogluio.meb.k12.tr/,2026-10-01T18:53:27.920796+00:00,,Öğrenci Sayısı 282
Karabük,Safranbolu,Ovacuma Ortaokulu,719535,Ortaokul,https://ovacumaoo.meb.k12.tr,,,https://ovacumaoo.meb.k12.tr/tema/harita.php,2026-08-31,43,43,bulundu,https://ovacumaoo.meb.k12.tr/,2026-10-01T18:53:28.019343+00:00,,Öğrenci Sayısı 43
Karabük,Safranbolu,Ovacuma Çok Programlı Anadolu Lisesi,955556,Çok Programlı Anadolu Lisesi,https://ovacumalisesi.meb.k12.tr,,,https://ovacumalisesi.meb.k12.tr/tema/harita.php,2026-08-31,8,8,bulundu,https://ovacumalisesi.meb.k12.tr/,2026-10-01T18:53:28.045132+00:00,,Öğrenci Sayısı 8
Karabük,Safranbolu,Ovacuma İlkokulu,731172,İlkokul,https://ovacumaio.meb.k12.tr,,,https://ovacumaio.meb.k12.tr/tema/harita.php,2026-08-31,33,33,bulundu,https://ovacumaio.meb.k12.tr/,2026-10-01T18:53:28.102232+00:00,,Öğrenci Sayısı 33
Karabük,Safranbolu,Prof. Dr. Sabri Ülgener Ticaret Mesleki ve Teknik Anadolu Lisesi,279325,Mesleki ve Teknik Anadolu Lisesi,https://sumtal.meb.k12.tr,,,https://sumtal.meb.k12.tr/tema/harita.php,2026-08-31,45,45,bulundu,https://sumtal.meb.k12.tr/,2026-10-01T18:53:28.131094+00:00,,Öğrenci Sayısı : 45
Karabük,Safranbolu,Safran Çiçeği Anaokulu,964516,Anaokulu,https://safrancicegianaokulu.meb.k12.tr,,,https://safrancicegianaokulu.meb.k12.tr/tema/harita.php,2026-08-31,208,208,bulundu,https://safrancicegianaokulu.meb.k12.tr/,2026-10-01T18:53:28.145919+00:00,,Öğrenci Sayısı 208
Karabük,Safranbolu,Safranbolu Atatürk Anadolu Lisesi,972905,Anadolu Lisesi,https://satal.meb.k12.tr,,,https://satal.meb.k12.tr/tema/harita.php,2026-08-31,408,408,bulundu,https://satal.meb.k12.tr/,2026-10-01T18:53:28.166924+00:00,,Öğrenci Sayısı : 408
Karabük,Safranbolu,Safranbolu Bilim ve Sanat Merkezi,770506,Bilim ve Sanat Merkezi,https://safranbolubilsem.meb.k12.tr,,,https://safranbolubilsem.meb.k12.tr/tema/harita.php,2026-08-31,74,74,bulundu,https://safranbolubilsem.meb.k12.tr/,2026-10-01T18:53:28.202607+00:00,,Öğrenci Sayısı 74
Karabük,Safranbolu,Safranbolu Halk Eğitimi Merkezi,211358,Halk Eğitimi Merkezi,https://safranboluhem.meb.k12.tr,,,https://safranboluhem.meb.k12.tr/tema/harita.php,2026-08-31,,,bulunamadi,,2026-10-01T18:53:28.245207+00:00,,
Karabük,Safranbolu,Safranbolu Kanuni Ortaokulu,719444,Ortaokul,https://safranbolukanunioo.meb.k12.tr,,,https://safranbolukanunioo.meb.k12.tr/tema/harita.php,2026-08-31,697,697,bulundu,https://safranbolukanunioo.meb.k12.tr/,2026-10-01T18:53:28.417780+00:00,,Öğrenci Sayısı 697
Karabük,Safranbolu,Safranbolu Mesleki ve Teknik Anadolu Lisesi,962344,Mesleki ve Teknik Anadolu Lisesi,https://safranbolusml.meb.k12.tr,,,https://safranbolusml.meb.k12.tr/tema/harita.php,2026-08-31,288,288,bulundu,https://safranbolusml.meb.k12.tr/,2026-10-01T18:53:28.441731+00:00,,Öğrenci Sayısı : 288
Karabük,Safranbolu,Safranbolu Sunal Tülbentçi Öğretmenevi ve Akşam Sanat Okulu Müdürlüğü,749927,Öğretmenevi,https://safranboluogretmenevi.meb.k12.tr,,,https://safranboluogretmenevi.meb.k12.tr/tema/harita.php,2026-08-31,,,bulunamadi,,2026-10-01T18:53:28.575661+00:00,,
Karabük,Safranbolu,Safranbolu Şehit Aybüke Yalçın Anaokulu,867677,Anaokulu,https://safranboluanaokulu.meb.k12.tr,,,https://safranboluanaokulu.meb.k12.tr/tema/harita.php,2026-08-31,144,144,bulundu,https://safranboluanaokulu.meb.k12.tr/,2026-10-01T18:53:28.597612+00:00,,Öğrenci Sayısı 144
Karabük,Safranbolu,Sultantepe İmam Hatip Ortaokulu,769367,İmam Hatip Ortaokulu,https://sultantepehafiziho.meb.k12.tr,,,https://sultantepehafiziho.meb.k12.tr/tema/harita.php,2026-08-31,72,72,bulundu,https://sultantepehafiziho.meb.k12.tr/,2026-10-01T18:53:28.606270+00:00,,Öğrenci Sayısı : 72
Karabük,Safranbolu,Vilayetler Birliği Ortaokulu,731175,Ortaokul,https://savibioo.meb.k12.tr,,,https://savibioo.meb.k12.tr/tema/harita.php,2026-08-31,212,212,bulundu,https://savibioo.meb.k12.tr/,2026-10-01T18:53:28.619253+00:00,,Öğrenci Sayısı 212
Karabük,Safranbolu,Yazıköy İlkokulu,719476,İlkokul,https://yazikoyilkokulu.meb.k12.tr,,,https://yazikoyilkokulu.meb.k12.tr/tema/harita.php,2026-08-31,126,126,bulundu,https://yazikoyilkokulu.meb.k12.tr/,2026-10-01T18:53:28.711799+00:00,,Öğrenci Sayısı: 126
Karabük,Safranbolu,Yazıköy Şehit Uzman Er Coşkun İşleyen Ortaokulu,719463,Ortaokul,https://yazikoyortaokulu.meb.k12.tr,,,https://yazikoyortaokulu.meb.k12.tr/tema/harita.php,2026-08-31,96,96,bulundu,https://yazikoyortaokulu.meb.k12.tr/,2026-10-01T18:53:28.758919+00:00,,Öğrenci Sayısı 96
Karabük,Safranbolu,Zati Ağar İlkokulu,715070,İlkokul,https://zatiagario.meb.k12.tr,,,https://zatiagario.meb.k12.tr/tema/harita.php,2026-08-31,273,273,bulundu,https://zatiagario.meb.k12.tr/,2026-10-01T18:53:28.765888+00:00,,Öğrenci Sayısı 273
Karabük,Safranbolu,Ünsal Tülbentçi Ortaokulu,719488,Ortaokul,https://unsaltulbentcioo.meb.k12.tr,,,https://unsaltulbentcioo.meb.k12.tr/tema/harita.php,2026-08-31,209,209,bulundu,https://unsaltulbentcioo.meb.k12.tr/,2026-10-01T18:53:28.801840+00:00,,Öğrenci Sayısı : 209
Karabük,Safranbolu,Ünsal Tülbentçi İlkokulu,719503,İlkokul,https://unsaltulbentciio.meb.k12.tr,,,https://unsaltulbentciio.meb.k12.tr/tema/harita.php,2026-08-31,290,290,bulundu,https://unsaltulbentciio.meb.k12.tr/,2026-10-01T18:53:28.836560+00:00,,Öğrenci Sayısı 290
Karabük,Safranbolu,Şehit Murat Akdemir Anadolu İmam Hatip Lisesi,762245,Anadolu İmam Hatip Lisesi,https://sehitmuratakdemiraihl.meb.k12.tr,,,https://sehitmuratakdemiraihl.meb.k12.tr/tema/harita.php,2026-08-31,675,675,bulundu,https://sehitmuratakdemiraihl.meb.k12.tr/,2026-10-01T18:53:28.850823+00:00,,Öğrenci Sayısı : 675
Karabük,Safranbolu,Şehit Mustafa Arık Ortaokulu,719516,Ortaokul,https://sehitmustafaarikoo.meb.k12.tr,,,https://sehitmustafaarikoo.meb.k12.tr/tema/harita.php,2026-08-31,58,58,bulundu,https://sehitmustafaarikoo.meb.k12.tr/,2026-10-01T18:53:28.905324+00:00,,Öğrenci Sayısı 58
Karabük,Safranbolu,Şehit Recep Çakıl İmam Hatip Ortaokulu,722425,İmam Hatip Ortaokulu,https://sehitrecepcakilimamhatiportaokul.meb.k12.tr,,,https://sehitrecepcakilimamhatiportaokul.meb.k12.tr/tema/harita.php,2026-08-31,182,182,bulundu,https://sehitrecepcakilimamhatiportaokul.meb.k12.tr/tema/okulumuz_hakkinda.php,2026-10-01T18:53:28.940812+00:00,,Öğrenci : 182
Karabük,Safranbolu,Şehit Ömer Bilal Akpınar Anadolu İmam Hatip Lisesi,269395,Anadolu İmam Hatip Lisesi,https://safranboluihl.meb.k12.tr,,,https://safranboluihl.meb.k12.tr/tema/harita.php,2026-08-31,220,220,bulundu,https://safranboluihl.meb.k12.tr/,2026-10-01T18:53:28.947810+00:00,,Öğrenci Sayısı 220
Karabük,Yenice,Hüsamettin-Fatime Ören Anaokulu,967835,Anaokulu,https://husamettin-fatimeorenanaokulu.meb.k12.tr,,,https://husamettin-fatimeorenanaokulu.meb.k12.tr/tema/harita.php,2026-08-31,145,145,bulundu,https://husamettin-fatimeorenanaokulu.meb.k12.tr/,2026-10-01T18:53:29.202131+00:00,,Öğrenci Sayısı 145
Karabük,Yenice,Kalaycılar Ortaokulu,719298,Ortaokul,https://kalaycilarortaokulu.meb.k12.tr,,,https://kalaycilarortaokulu.meb.k12.tr/tema/harita.php,2026-08-31,94,94,bulundu,https://kalaycilarortaokulu.meb.k12.tr/,2026-10-01T18:53:29.344097+00:00,,Öğrenci Sayısı : 94
Karabük,Yenice,Kalaycılar İlkokulu,719339,İlkokul,https://kalaycilarilkokulu.meb.k12.tr,,,https://kalaycilarilkokulu.meb.k12.tr/tema/harita.php,2026-08-31,103,103,bulundu,https://kalaycilarilkokulu.meb.k12.tr/,2026-10-01T18:53:29.355688+00:00,,Öğrenci Sayısı 103
Karabük,Yenice,Karabük Yenice Halk Eğitimi Merkezi,224797,Halk Eğitimi Merkezi,https://yenicehem.meb.k12.tr,,,https://yenicehem.meb.k12.tr/tema/harita.php,2026-08-31,,,bulunamadi,,2026-10-01T18:53:29.390004+00:00,,
Karabük,Yenice,Satuk Balıkısık Ortaokulu,719200,Ortaokul,https://satukortaokul.meb.k12.tr,,,https://satukortaokul.meb.k12.tr/tema/harita.php,2026-08-31,26,26,bulundu,https://satukortaokul.meb.k12.tr/,2026-10-01T18:53:29.431613+00:00,,Öğrenci Sayısı 26
Karabük,Yenice,Satuk Balıkısık İlkokulu,719220,İlkokul,https://satukilkokul.meb.k12.tr,,,https://satukilkokul.meb.k12.tr/tema/harita.php,2026-08-31,30,30,bulundu,https://satukilkokul.meb.k12.tr/,2026-10-01T18:53:29.433560+00:00,,Öğrenci Sayısı 30
Karabük,Yenice,Turgut Özal Ortaokulu,719248,Ortaokul,https://turgutozalortaokulu78.meb.k12.tr,,,https://turgutozalortaokulu78.meb.k12.tr/tema/harita.php,2026-08-31,44,44,bulundu,https://turgutozalortaokulu78.meb.k12.tr/,2026-10-01T18:53:29.472772+00:00,,Öğrenci Sayısı : 44
Karabük,Yenice,Yenice Anadolu Lisesi,964335,Anadolu Lisesi,https://yeniceanadolulisesi.meb.k12.tr,,,https://yeniceanadolulisesi.meb.k12.tr/tema/harita.php,2026-08-31,129,129,bulundu,https://yeniceanadolulisesi.meb.k12.tr/tema/okulumuz_hakkinda.php,2026-10-01T18:53:29.594163+00:00,,Öğrenci : 129
Karabük,Yenice,Yenice Çok Programlı Anadolu Lisesi,281597,Çok Programlı Anadolu Lisesi,https://yenicecpl78.meb.k12.tr,,,https://yenicecpl78.meb.k12.tr/tema/harita.php,2026-08-31,129,129,bulundu,https://yenicecpl78.meb.k12.tr/,2026-10-01T18:53:29.604632+00:00,,Öğrenci Sayısı 129
Karabük,Yenice,Yenice İmam Hatip Ortaokulu,752619,İmam Hatip Ortaokulu,https://yeniceimamhatipoo.meb.k12.tr,,,https://yeniceimamhatipoo.meb.k12.tr/tema/harita.php,2026-08-31,28,28,bulundu,https://yeniceimamhatipoo.meb.k12.tr/,2026-10-01T18:53:29.606222+00:00,,Öğrenci Sayısı : 28
Karabük,Yenice,Yortan Ortaokulu,719095,Ortaokul,https://yortanortaokulu.meb.k12.tr,,,https://yortanortaokulu.meb.k12.tr/tema/harita.php,2026-08-31,26,26,bulundu,https://yortanortaokulu.meb.k12.tr/tema/okulumuz_hakkinda.php,2026-10-01T18:53:29.668538+00:00,,Öğrenci : 26
Karabük,Yenice,Yortan Çok Programlı Anadolu Lisesi,281619,Çok Programlı Anadolu Lisesi,https://yortancpal.meb.k12.tr,,,https://yortancpal.meb.k12.tr/tema/harita.php,2026-08-31,69,69,bulundu,https://yortancpal.meb.k12.tr/,2026-10-01T18:53:29.828569+00:00,,Öğrenci Sayısı 69
Karabük,Yenice,Yortan İlkokulu,719129,İlkokul,https://yortanilkokulu.meb.k12.tr,,,https://yortanilkokulu.meb.k12.tr/tema/harita.php,2026-08-31,39,39,bulundu,https://yortanilkokulu.meb.k12.tr/,2026-10-01T18:53:29.870285+00:00,,Öğrenci Sayısı 39
Karabük,Yenice,Özal Mahallesi İlkokulu,719267,İlkokul,https://ozalmahallesiilkokulu.meb.k12.tr,,,https://ozalmahallesiilkokulu.meb.k12.tr/tema/harita.php,2026-08-31,52,52,bulundu,https://ozalmahallesiilkokulu.meb.k12.tr/,2026-10-01T18:53:29.989878+00:00,,Öğrenci Sayısı 52
Karabük,Yenice,Ülkü Ortaokulu,719143,Ortaokul,https://ulkuortaokulu78.meb.k12.tr,,,https://ulkuortaokulu78.meb.k12.tr/tema/harita.php,2026-08-31,207,207,bulundu,https://ulkuortaokulu78.meb.k12.tr/,2026-10-01T18:53:30.000117+00:00,,Öğrenci Sayısı 207
Karabük,Yenice,Ülkü İlkokulu,719153,İlkokul,https://ulkulkokulu78.meb.k12.tr,,,https://ulkulkokulu78.meb.k12.tr/tema/harita.php,2026-08-31,221,221,bulundu,https://ulkulkokulu78.meb.k12.tr/,2026-10-01T18:53:30.053489+00:00,,Öğrenci Sayısı 221
Karabük,Yenice,İsmetpaşa Ortaokulu,719352,Ortaokul,https://ismetpasaortaokulu78.meb.k12.tr,,,https://ismetpasaortaokulu78.meb.k12.tr/tema/harita.php,2026-08-31,65,65,bulundu,https://ismetpasaortaokulu78.meb.k12.tr/,2026-10-01T18:53:30.079875+00:00,,Öğrenci Sayısı : 65
Karabük,Yenice,İsmetpaşa İlkokulu,719392,İlkokul,https://ismetpasailkokulu78.meb.k12.tr,,,https://ismetpasailkokulu78.meb.k12.tr/tema/harita.php,2026-08-31,96,96,bulundu,https://ismetpasailkokulu78.meb.k12.tr/,2026-10-01T18:53:30.087807+00:00,,Öğrenci Sayısı 96
Karabük,Yenice,Şirinköy Ortaokulu,719175,Ortaokul,https://sirinkoyortaokulu.meb.k12.tr,,,https://sirinkoyortaokulu.meb.k12.tr/tema/harita.php,2026-08-31,33,33,bulundu,https://sirinkoyortaokulu.meb.k12.tr/,2026-10-01T18:53:30.129445+00:00,,Öğrenci Sayısı 33
Karabük,Yenice,Şirinköy İlkokulu,719189,İlkokul,https://sirinkoyilkokulu.meb.k12.tr,,,https://sirinkoyilkokulu.meb.k12.tr/tema/harita.php,2026-08-31,23,23,bulundu,https://sirinkoyilkokulu.meb.k12.tr/,2026-10-01T18:53:30.136214+00:00,,Öğrenci Sayısı: 23
Karaman,Ayrancı,Ayrancı Halk Eğitimi Merkezi,214363,Halk Eğitimi Merkezi,https://ayrancihem.meb.k12.tr,,,https://ayrancihem.meb.k12.tr/tema/harita.php,2026-08-31,,,bulunamadi,,2026-10-01T18:53:30.240006+00:00,,
Karaman,Ayrancı,Ayrancı Ortaokulu,748311,Ortaokul,https://ayranciortaokulu.meb.k12.tr,,,https://ayranciortaokulu.meb.k12.tr/tema/harita.php,2026-08-31,179,179,bulundu,https://ayranciortaokulu.meb.k12.tr/,2026-10-01T18:53:30.303580+00:00,,Öğrenci Sayısı : 179
Karaman,Ayrancı,Ayrancı Çok Programlı Anadolu Lisesi,320095,Çok Programlı Anadolu Lisesi,https://ayrancicpl.meb.k12.tr,,,https://ayrancicpl.meb.k12.tr/tema/harita.php,2026-08-31,97,97,bulundu,https://ayrancicpl.meb.k12.tr/,2026-10-01T18:53:30.507014+00:00,,Öğrenci Sayısı : 97
Karaman,Ayrancı,Kavaközü Ortaokulu,745183,Ortaokul,https://745183.meb.k12.tr,,,https://745183.meb.k12.tr/tema/harita.php,2026-08-31,36,36,bulundu,https://745183.meb.k12.tr/,2026-10-01T18:53:31.564485+00:00,,Öğrenci Sayısı 36
Karaman,Ayrancı,Kavaközü İlkokulu,745185,İlkokul,https://kavakozuokulu.meb.k12.tr,,,https://kavakozuokulu.meb.k12.tr/tema/harita.php,2026-08-31,16,16,bulundu,https://kavakozuokulu.meb.k12.tr/,2026-10-01T18:53:31.595798+00:00,,Öğrenci Sayısı: 16
Karaman,Ayrancı,Kayaönü İlkokulu,770987,İlkokul,https://ayrancikayaonu.meb.k12.tr,,,https://ayrancikayaonu.meb.k12.tr/tema/harita.php,2026-08-31,6,6,bulundu,https://ayrancikayaonu.meb.k12.tr/,2026-10-01T18:53:32.564981+00:00,,Öğrenci Sayısı: 6
Karaman,Ayrancı,Kıraman Ortaokulu,745196,Ortaokul,https://kiramanortaokulu.meb.k12.tr,,,https://kiramanortaokulu.meb.k12.tr/tema/harita.php,2026-08-31,54,54,bulundu,https://kiramanortaokulu.meb.k12.tr/,2026-10-01T18:53:32.598382+00:00,,Öğrenci Sayısı 54
Karaman,Ayrancı,Kıraman İlkokulu,745202,İlkokul,https://kiraman.meb.k12.tr,,,https://kiraman.meb.k12.tr/tema/harita.php,2026-08-31,51,51,bulundu,https://kiraman.meb.k12.tr/,2026-10-01T18:53:32.637787+00:00,,Öğrenci Sayısı 51
Karaman,Ayrancı,Yavuz Sultan Selim İlkokulu,750501,İlkokul,https://ayranciyssilkokulu.meb.k12.tr,,,https://ayranciyssilkokulu.meb.k12.tr/tema/harita.php,2026-08-31,184,184,bulundu,https://ayranciyssilkokulu.meb.k12.tr/,2026-10-01T18:53:32.649344+00:00,,Öğrenci Sayısı : 184
Karaman,Ayrancı,Yunus Emre Anaokulu,972381,Anaokulu,https://ayranciyunusemre.meb.k12.tr,,,https://ayranciyunusemre.meb.k12.tr/tema/harita.php,2026-08-31,60,60,bulundu,https://ayranciyunusemre.meb.k12.tr/,2026-10-01T18:53:32.701502+00:00,,Öğrenci Sayısı: 60
Karaman,Başyayla,Başyayla Halk Eğitimi Merkezi,348012,Halk Eğitimi Merkezi,https://basyaylahem.meb.k12.tr,,,https://basyaylahem.meb.k12.tr/tema/harita.php,2026-08-31,,,bulunamadi,,2026-10-01T18:53:32.711610+00:00,,
Karaman,Başyayla,Başyayla Tomurcuklar Anaokulu,967534,Anaokulu,https://tomurcuklaranaokulu.meb.k12.tr,,,https://tomurcuklaranaokulu.meb.k12.tr/tema/harita.php,2026-08-31,36,36,bulundu,https://tomurcuklaranaokulu.meb.k12.tr/,2026-10-01T18:53:32.777069+00:00,,Öğrenci Sayısı 36
Karaman,Başyayla,Başyayla Şehit Ali Rıza Yücel İlkokulu,718171,İlkokul,https://basyaylailkokulu.meb.k12.tr,,,https://basyaylailkokulu.meb.k12.tr/tema/harita.php,2026-08-31,109,109,bulundu,https://basyaylailkokulu.meb.k12.tr/,2026-10-01T18:53:32.782748+00:00,,Öğrenci Sayısı: 109
Karaman,Başyayla,Büyükkarapınar Şehit Nuri Başpınar İlkokulu,718555,İlkokul,https://buyukkarapinarilkokulu.meb.k12.tr,,,https://buyukkarapinarilkokulu.meb.k12.tr/tema/harita.php,2026-08-31,14,14,bulundu,https://buyukkarapinarilkokulu.meb.k12.tr/,2026-10-01T18:53:32.845999+00:00,,Öğrenci Sayısı 14
Karaman,Başyayla,Kışla İlkokulu,718623,İlkokul,https://kislailkokulu70.meb.k12.tr,,,https://kislailkokulu70.meb.k12.tr/tema/harita.php,2026-08-31,20,20,bulundu,https://kislailkokulu70.meb.k12.tr/,2026-10-01T18:53:33.091876+00:00,,Öğrenci Sayısı: 20
Karaman,Başyayla,Mehmet Akif Ersoy Çok Programlı Anadolu Lisesi,265204,Çok Programlı Anadolu Lisesi,https://basyaylamael.meb.k12.tr,,,https://basyaylamael.meb.k12.tr/tema/harita.php,2026-08-31,73,73,bulundu,https://basyaylamael.meb.k12.tr/,2026-10-01T18:53:33.418126+00:00,,Öğrenci Sayısı : 73
Karaman,Başyayla,Şehit Ali Göksu İmam Hatip Ortaokulu,746355,İmam Hatip Ortaokulu,https://basyaylaiho.meb.k12.tr,,,https://basyaylaiho.meb.k12.tr/tema/harita.php,2026-08-31,32,32,bulundu,https://basyaylaiho.meb.k12.tr/,2026-10-01T18:53:33.544449+00:00,,Öğrenci Sayısı 32
Karaman,Başyayla,Şehit Mustafa Ahmet Demir Ortaokulu,744956,Ortaokul,https://basyaylaortaokulu.meb.k12.tr,,,https://basyaylaortaokulu.meb.k12.tr/tema/harita.php,2026-08-31,80,80,bulundu,https://basyaylaortaokulu.meb.k12.tr/,2026-10-01T18:53:33.545663+00:00,,Öğrenci Sayısı 80
Karaman,Ermenek,Ardıçkaya Ortaokulu,744625,Ortaokul,https://ardickayaortaokulu.meb.k12.tr,,,https://ardickayaortaokulu.meb.k12.tr/tema/harita.php,2026-08-31,73,73,bulundu,https://ardickayaortaokulu.meb.k12.tr/tema/okulumuz_hakkinda.php,2026-10-01T18:53:33.573070+00:00,,Öğrenci : 73
Karaman,Ermenek,Ardıçkaya İlkokulu,744647,İlkokul,https://ardkayailkokulu.meb.k12.tr,,,https://ardkayailkokulu.meb.k12.tr/tema/harita.php,2026-08-31,89,89,bulundu,https://ardkayailkokulu.meb.k12.tr/,2026-10-01T18:53:33.600288+00:00,,Öğrenci Sayısı : 89
Karaman,Ermenek,Aşağıçağlar Ortaokulu,744675,Ortaokul,https://asagicaglaroo.meb.k12.tr,,,https://asagicaglaroo.meb.k12.tr/tema/harita.php,2026-08-31,47,47,bulundu,https://asagicaglaroo.meb.k12.tr/,2026-10-01T18:53:33.612070+00:00,,Öğrenci Sayısı : 47
Karaman,Ermenek,Aşağıçağlar İlkokulu,745213,İlkokul,https://asagicaglario.meb.k12.tr,,,https://asagicaglario.meb.k12.tr/tema/harita.php,2026-08-31,51,51,bulundu,https://asagicaglario.meb.k12.tr/,2026-10-01T18:53:33.615295+00:00,,Öğrenci Sayısı : 51
Karaman,Ermenek,Elmayurdu Şehit Kadir Hancı İlkokulu,765814,İlkokul,https://765814.meb.k12.tr,,,https://765814.meb.k12.tr/tema/harita.php,2026-08-31,20,20,bulundu,https://765814.meb.k12.tr/,2026-10-01T18:53:33.626210+00:00,,Öğrenci Sayısı: 20
Karaman,Ermenek,Ermenek Anadolu İmam Hatip Lisesi,176883,Anadolu İmam Hatip Lisesi,https://ermenekihl.meb.k12.tr,,,https://ermenekihl.meb.k12.tr/tema/harita.php,2026-08-31,90,90,bulundu,https://ermenekihl.meb.k12.tr/,2026-10-01T18:53:33.638807+00:00,,Öğrenci Sayısı 90
Karaman,Ermenek,Ermenek Anaokulu,972466,Anaokulu,https://ermenekanaokulu.meb.k12.tr,,,https://ermenekanaokulu.meb.k12.tr/tema/harita.php,2026-08-31,72,72,bulundu,https://ermenekanaokulu.meb.k12.tr/,2026-10-01T18:53:33.713628+00:00,,Öğrenci Sayısı: 72
Karaman,Ermenek,Ermenek Bilim ve Sanat Merkezi,769029,Bilim ve Sanat Merkezi,https://ermenekbilsem.meb.k12.tr,,,https://ermenekbilsem.meb.k12.tr/tema/harita.php,2026-08-31,54,54,bulundu,https://ermenekbilsem.meb.k12.tr/,2026-10-01T18:53:33.726243+00:00,,Öğrenci Sayısı : 54
Karaman,Ermenek,Ermenek Borsa İstanbul Anadolu Lisesi,758059,Anadolu Lisesi,https://erbial.meb.k12.tr,,,https://erbial.meb.k12.tr/tema/harita.php,2026-08-31,205,205,bulundu,https://erbial.meb.k12.tr/,2026-10-01T18:53:33.754132+00:00,,Öğrenci Sayısı 205
Karaman,Ermenek,Ermenek Halk Eğitimi Merkezi,176895,Halk Eğitimi Merkezi,https://ermenekhem.meb.k12.tr,,,https://ermenekhem.meb.k12.tr/tema/harita.php,2026-08-31,,,bulunamadi,,2026-10-01T18:53:33.918920+00:00,,
Karaman,Ermenek,Ermenek Hasan Kalan Anadolu Lisesi,964345,Anadolu Lisesi,https://ermenekhkal.meb.k12.tr,,,https://ermenekhkal.meb.k12.tr/tema/harita.php,2026-08-31,207,207,bulundu,https://ermenekhkal.meb.k12.tr/tema/okulumuz_hakkinda.php,2026-10-01T18:53:34.084326+00:00,,Öğrenci : 207
Karaman,Ermenek,Ermenek Mustafa Demirok Mesleki ve Teknik Anadolu Lisesi,905588,Mesleki ve Teknik Anadolu Lisesi,https://ermenekmetem.meb.k12.tr,,,https://ermenekmetem.meb.k12.tr/tema/harita.php,2026-08-31,387,387,bulundu,https://ermenekmetem.meb.k12.tr/,2026-10-01T18:53:34.378836+00:00,,Öğrenci Sayısı 387
Karaman,Ermenek,Ermenek Uysal-Hasan Kalan Fen Lisesi,974082,Fen Lisesi,https://ermenekfenlisesi.meb.k12.tr,,,https://ermenekfenlisesi.meb.k12.tr/tema/harita.php,2026-08-31,229,229,bulundu,https://ermenekfenlisesi.meb.k12.tr/,2026-10-01T18:53:34.482109+00:00,,Öğrenci Sayısı : 229
Karaman,Ermenek,Ermenek Özel Eğitim Anaokulu,773750,Anaokulu,https://773750.meb.k12.tr,,,https://773750.meb.k12.tr/tema/harita.php,2026-08-31,7,7,bulundu,https://773750.meb.k12.tr/,2026-10-01T18:53:34.595662+00:00,,Öğrenci Sayısı: 7
Karaman,Ermenek,Ermenek İmam Hatip Ortaokulu,741813,İmam Hatip Ortaokulu,https://ermenekiho.meb.k12.tr,,,https://ermenekiho.meb.k12.tr/tema/harita.php,2026-08-31,46,46,bulundu,https://ermenekiho.meb.k12.tr/,2026-10-01T18:53:34.629760+00:00,,Öğrenci Sayısı 46
Karaman,Ermenek,Fatma ve Nadir Haranioğlu Mesleki Eğitim Merkezi,776969,Mesleki Eğitim Merkezi,https://fnharanioglumesem.meb.k12.tr,,,https://fnharanioglumesem.meb.k12.tr/tema/harita.php,2026-08-31,212,212,bulundu,https://fnharanioglumesem.meb.k12.tr/,2026-10-01T18:53:34.707503+00:00,,Öğrenci Sayısı 212
Karaman,Ermenek,Fatma ve Nadir Haranioğlu Ticaret Mesleki ve Teknik Anadolu Lisesi,749364,Mesleki ve Teknik Anadolu Lisesi,https://haranioglumesem.meb.k12.tr,,,https://haranioglumesem.meb.k12.tr/tema/harita.php,2026-08-31,,,bulunamadi,,2026-10-01T18:53:34.728782+00:00,,
Karaman,Ermenek,Fikret Ünlü Yatılı Bölge Ortaokulu,817183,Ortaokul,https://fikretunluybo.meb.k12.tr,,,https://fikretunluybo.meb.k12.tr/tema/harita.php,2026-08-31,83,83,bulundu,https://fikretunluybo.meb.k12.tr/,2026-10-01T18:53:34.747795+00:00,,Öğrenci Sayısı : 83
Karaman,Ermenek,Fikriye ve Mehmet Çakır Mesleki ve Teknik Anadolu Lisesi,963262,Mesleki ve Teknik Anadolu Lisesi,https://ermeneksml.meb.k12.tr,,,https://ermeneksml.meb.k12.tr/tema/harita.php,2026-08-31,116,116,bulundu,https://ermeneksml.meb.k12.tr/,2026-10-01T18:53:34.789079+00:00,,Öğrenci Sayısı : 116
Karaman,Ermenek,Gökçekent Ortaokulu,744731,Ortaokul,https://gokcekentortaokulu.meb.k12.tr,,,https://gokcekentortaokulu.meb.k12.tr/tema/harita.php,2026-08-31,45,45,bulundu,https://gokcekentortaokulu.meb.k12.tr/,2026-10-01T18:53:34.812243+00:00,,Öğrenci Sayısı: 45
Karaman,Ermenek,Gökçekent İlkokulu,744749,İlkokul,https://gokcekentilkokulu.meb.k12.tr,,,https://gokcekentilkokulu.meb.k12.tr/tema/harita.php,2026-08-31,48,48,bulundu,https://gokcekentilkokulu.meb.k12.tr/,2026-10-01T18:53:34.862779+00:00,,Öğrenci Sayısı: 48
Karaman,Ermenek,Gülay-Azim Uyar Anadolu Lisesi,775335,Anadolu Lisesi,https://gulayazimuyaranadolulisesi.meb.k12.tr,,,https://gulayazimuyaranadolulisesi.meb.k12.tr/tema/harita.php,2026-08-31,74,74,bulundu,https://gulayazimuyaranadolulisesi.meb.k12.tr/tema/okulumuz_hakkinda.php,2026-10-01T18:53:34.905680+00:00,,Öğrenci : 74
Karaman,Ermenek,Güneyyurt Hurşit Akpınar İlkokulu,744877,İlkokul,https://guneyyurthursitakpinarilkokulu.meb.k12.tr,,,https://guneyyurthursitakpinarilkokulu.meb.k12.tr/tema/harita.php,2026-08-31,292,292,bulundu,https://guneyyurthursitakpinarilkokulu.meb.k12.tr/,2026-10-01T18:53:35.813869+00:00,,Öğrenci Sayısı : 292
Karaman,Ermenek,Güneyyurt İsmail Tanacı Anaokulu,772988,Anaokulu,https://guneyyurtismailtanacianaokulu.meb.k12.tr,,,https://guneyyurtismailtanacianaokulu.meb.k12.tr/tema/harita.php,2026-08-31,103,103,bulundu,https://guneyyurtismailtanacianaokulu.meb.k12.tr/,2026-10-01T18:53:35.839004+00:00,,Öğrenci Sayısı: 103
Karaman,Ermenek,Hatice ve Hakkı Polat Ortaokulu,744861,Ortaokul,https://haticevehakkipolatoo.meb.k12.tr,,,https://haticevehakkipolatoo.meb.k12.tr/tema/harita.php,2026-08-31,105,105,bulundu,https://haticevehakkipolatoo.meb.k12.tr/,2026-10-01T18:53:35.844570+00:00,,Öğrenci Sayısı 105
Karaman,Ermenek,Hatice ve Hakkı Polat İlkokulu,744873,İlkokul,https://haticevehakkipolatio.meb.k12.tr,,,https://haticevehakkipolatio.meb.k12.tr/tema/harita.php,2026-08-31,103,103,bulundu,https://haticevehakkipolatio.meb.k12.tr/,2026-10-01T18:53:35.924147+00:00,,Öğrenci Sayısı 103
Karaman,Ermenek,Katranlı İlkokulu,718000,İlkokul,https://katranliilkokulu.meb.k12.tr,,,https://katranliilkokulu.meb.k12.tr/tema/harita.php,2026-08-31,29,29,bulundu,https://katranliilkokulu.meb.k12.tr/,2026-10-01T18:53:36.049344+00:00,,Öğrenci Sayısı: 29
Karaman,Ermenek,Kazancı Ortaokulu,744887,Ortaokul,https://kazancortaokulu.meb.k12.tr,,,https://kazancortaokulu.meb.k12.tr/tema/harita.php,2026-08-31,68,68,bulundu,https://kazancortaokulu.meb.k12.tr/,2026-10-01T18:53:36.129265+00:00,,Öğrenci Sayısı : 68
Karaman,Ermenek,Kazancı Çok Programlı Anadolu Lisesi,751644,Çok Programlı Anadolu Lisesi,https://kazancicpl.meb.k12.tr,,,https://kazancicpl.meb.k12.tr/tema/harita.php,2026-08-31,39,39,bulundu,https://kazancicpl.meb.k12.tr/,2026-10-01T18:53:36.188900+00:00,,Öğrenci Sayısı : 39
Karaman,Ermenek,Kazancı İlkokulu,744897,İlkokul,https://kazancilkokulu.meb.k12.tr,,,https://kazancilkokulu.meb.k12.tr/tema/harita.php,2026-08-31,53,53,bulundu,https://kazancilkokulu.meb.k12.tr/,2026-10-01T18:53:36.214546+00:00,,Öğrenci Sayısı : 53
Karaman,Ermenek,Tepebaşı Ortaokulu,744922,Ortaokul,https://tepebasioo.meb.k12.tr,,,https://tepebasioo.meb.k12.tr/tema/harita.php,2026-08-31,56,56,bulundu,https://tepebasioo.meb.k12.tr/,2026-10-01T18:53:36.320575+00:00,,Öğrenci Sayısı : 56
Karaman,Ermenek,Tepebaşı İlkokulu,744925,İlkokul,https://tepebasiio.meb.k12.tr,,,https://tepebasiio.meb.k12.tr/tema/harita.php,2026-08-31,33,33,bulundu,https://tepebasiio.meb.k12.tr/,2026-10-01T18:53:36.339990+00:00,,Öğrenci Sayısı: 33
Karaman,Ermenek,Yukarıçağlar İlkokulu,770922,İlkokul,https://770922.meb.k12.tr,,,https://770922.meb.k12.tr/tema/harita.php,2026-08-31,31,31,bulundu,https://770922.meb.k12.tr/,2026-10-01T18:53:36.377087+00:00,,Öğrenci Sayısı 31
Karaman,Ermenek,Zehra Galip Sumra Atatürk İlkokulu,718332,İlkokul,https://zgsataturkio.meb.k12.tr,,,https://zgsataturkio.meb.k12.tr/tema/harita.php,2026-08-31,386,386,bulundu,https://zgsataturkio.meb.k12.tr/,2026-10-01T18:53:36.400584+00:00,,Öğrenci Sayısı: 386
Karaman,Ermenek,Çamlıca İlkokulu,604220,İlkokul,https://ermenekcamlica.meb.k12.tr,,,https://ermenekcamlica.meb.k12.tr/tema/harita.php,2026-08-31,,,bulunamadi,,2026-10-01T18:53:36.428978+00:00,,
Karaman,Ermenek,İncikzade Mustafa ve Emine Keleş Cumhuriyet Ortaokulu,718371,Ortaokul,https://ermenekcumhuriyetortaokulu.meb.k12.tr,,,https://ermenekcumhuriyetortaokulu.meb.k12.tr/tema/harita.php,2026-08-31,352,352,bulundu,https://ermenekcumhuriyetortaokulu.meb.k12.tr/,2026-10-01T18:53:36.456839+00:00,,Öğrenci Sayısı 352
Karaman,Ermenek,Şehit Danış Tunalıgil Ortaokulu,744907,Ortaokul,https://sehitdanistunaligilortaokulu.meb.k12.tr,,,https://sehitdanistunaligilortaokulu.meb.k12.tr/tema/harita.php,2026-08-31,228,228,bulundu,https://sehitdanistunaligilortaokulu.meb.k12.tr/,2026-10-01T18:53:36.474337+00:00,,Öğrenci Sayısı 228
Karaman,Ermenek,Şehit Danış Tunalıgil İlkokulu,744916,İlkokul,https://sehitdanistunaligililkokulu.meb.k12.tr,,,https://sehitdanistunaligililkokulu.meb.k12.tr/tema/harita.php,2026-08-31,215,215,bulundu,https://sehitdanistunaligililkokulu.meb.k12.tr/,2026-10-01T18:53:36.534158+00:00,,Öğrenci Sayısı 215
Karaman,Ermenek,Şehit Mehmet Kızılca Ortaokulu,744791,Ortaokul,https://guneyyurtortaokulu.meb.k12.tr,,,https://guneyyurtortaokulu.meb.k12.tr/tema/harita.php,2026-08-31,249,249,bulundu,https://guneyyurtortaokulu.meb.k12.tr/tema/okulumuz_hakkinda.php,2026-10-01T18:53:36.589842+00:00,,Öğrenci : 249
Karaman,Kazımkarabekir,Kazımkarabekir Halk Eğitimi Merkezi,230563,Halk Eğitimi Merkezi,https://kazimkarabekirhem.meb.k12.tr,,,https://kazimkarabekirhem.meb.k12.tr/tema/harita.php,2026-08-31,,,bulunamadi,,2026-10-01T18:53:36.621287+00:00,,
Karaman,Kazımkarabekir,Kazımkarabekir Ortaokulu,740688,Ortaokul,https://karamankazimkarabekiroo.meb.k12.tr,,,https://karamankazimkarabekiroo.meb.k12.tr/tema/harita.php,2026-08-31,183,183,bulundu,https://karamankazimkarabekiroo.meb.k12.tr/,2026-10-01T18:53:36.750796+00:00,,Öğrenci Sayısı 183
Karaman,Kazımkarabekir,Kazımkarabekir Çok Programlı Anadolu Lisesi,345941,Çok Programlı Anadolu Lisesi,https://kazimkarabekircpl.meb.k12.tr,,,https://kazimkarabekircpl.meb.k12.tr/tema/harita.php,2026-08-31,79,79,bulundu,https://kazimkarabekircpl.meb.k12.tr/,2026-10-01T18:53:36.753523+00:00,,Öğrenci Sayısı : 79
Karaman,Kazımkarabekir,Piri Reis İlkokulu,581899,İlkokul,https://pirireis70.meb.k12.tr,,,https://pirireis70.meb.k12.tr/tema/harita.php,2026-08-31,197,197,bulundu,https://pirireis70.meb.k12.tr/,2026-10-01T18:53:36.815923+00:00,,Öğrenci Sayısı 197
Karaman,Kazımkarabekir,İclal Karabekir Anaokulu,748990,Anaokulu,https://iclalkarabekiranaokulu.meb.k12.tr,,,https://iclalkarabekiranaokulu.meb.k12.tr/tema/harita.php,2026-08-31,67,67,bulundu,https://iclalkarabekiranaokulu.meb.k12.tr/,2026-10-01T18:53:36.858838+00:00,,Öğrenci Sayısı 67
Karaman,Merkez,100. Yıl Ortaokulu,745135,Ortaokul,https://yuzuncuyilortaokulu.meb.k12.tr,,,https://yuzuncuyilortaokulu.meb.k12.tr/tema/harita.php,2026-08-31,226,226,bulundu,https://yuzuncuyilortaokulu.meb.k12.tr/,2026-10-01T18:53:36.874820+00:00,,Öğrenci Sayısı : 226
Karaman,Merkez,15 Temmuz Şehit Muhammed Yalçın Kız Anadolu İmam Hatip Lisesi,751852,Anadolu İmam Hatip Lisesi,https://15tsmykaihl.meb.k12.tr,,,https://15tsmykaihl.meb.k12.tr/tema/harita.php,2026-08-31,434,434,bulundu,https://15tsmykaihl.meb.k12.tr/,2026-10-01T18:53:37.023427+00:00,,Öğrenci Sayısı : 434
Karaman,Merkez,19 Mayıs İlkokulu,582391,İlkokul,https://19mayiso.meb.k12.tr,,,https://19mayiso.meb.k12.tr/tema/harita.php,2026-08-31,320,320,bulundu,https://19mayiso.meb.k12.tr/,2026-10-01T18:53:37.055755+00:00,,Öğrenci Sayısı 320
Karaman,Merkez,85. Yıl Milli Egemenlik İlkokulu,745086,İlkokul,https://85yil.meb.k12.tr,,,https://85yil.meb.k12.tr/tema/harita.php,2026-08-31,246,246,bulundu,https://85yil.meb.k12.tr/,2026-10-01T18:53:37.056818+00:00,,Öğrenci Sayısı : 246
Karaman,Merkez,Abdullah Tayyar Anadolu Lisesi,967531,Anadolu Lisesi,https://abdullahtayyaral.meb.k12.tr,,,https://abdullahtayyaral.meb.k12.tr/tema/harita.php,2026-08-31,511,511,bulundu,https://abdullahtayyaral.meb.k12.tr/,2026-10-01T18:53:37.173665+00:00,,Öğrenci Sayısı : 511
Karaman,Merkez,Abdurrahim Karakoç İlkokulu,741060,İlkokul,https://abdurrahimkarakoc.meb.k12.tr,,,https://abdurrahimkarakoc.meb.k12.tr/tema/harita.php,2026-08-31,414,414,bulundu,https://abdurrahimkarakoc.meb.k12.tr/,2026-10-01T18:53:37.303119+00:00,,Öğrenci Sayısı: 414
Karaman,Merkez,Ahi Evran Ticaret Mesleki ve Teknik Anadolu Lisesi,347102,Mesleki ve Teknik Anadolu Lisesi,https://karamanahievran.meb.k12.tr,,,https://karamanahievran.meb.k12.tr/tema/harita.php,2026-08-31,248,248,bulundu,https://karamanahievran.meb.k12.tr/,2026-10-01T18:53:37.426670+00:00,,Öğrenci Sayısı 248
Karaman,Merkez,Akpınar İlkokulu,715503,İlkokul,https://akpinar70.meb.k12.tr,,,https://akpinar70.meb.k12.tr/tema/harita.php,2026-08-31,25,25,bulundu,https://akpinar70.meb.k12.tr/,2026-10-01T18:53:37.459748+00:00,,Öğrenci Sayısı 25
Karaman,Merkez,Akçaşehir Anadolu Lisesi,775306,Anadolu Lisesi,https://775306.meb.k12.tr,,,https://775306.meb.k12.tr/tema/harita.php,2026-08-31,42,42,bulundu,https://775306.meb.k12.tr/,2026-10-01T18:53:37.480942+00:00,,Öğrenci Sayısı : 42
Karaman,Merkez,Akçaşehir Ortaokulu,743962,Ortaokul,https://akcasehirortaokulu.meb.k12.tr,,,https://akcasehirortaokulu.meb.k12.tr/tema/harita.php,2026-08-31,79,79,bulundu,https://akcasehirortaokulu.meb.k12.tr/,2026-10-01T18:53:37.504237+00:00,,Öğrenci Sayısı : 79
Karaman,Merkez,Akçaşehir İlkokulu,740411,İlkokul,https://akcasehirilkokulu.meb.k12.tr,,,https://akcasehirilkokulu.meb.k12.tr/tema/harita.php,2026-08-31,98,98,bulundu,https://akcasehirilkokulu.meb.k12.tr/,2026-10-01T18:53:37.857206+00:00,,Öğrenci Sayısı 98
Karaman,Merkez,Alaçatı İlkokulu,715568,İlkokul,https://alacati.meb.k12.tr,,,https://alacati.meb.k12.tr/tema/harita.php,2026-08-31,23,23,bulundu,https://alacati.meb.k12.tr/,2026-10-01T18:53:38.079447+00:00,,Öğrenci Sayısı : 23
Karaman,Merkez,Alparslan Ortaokulu,750218,Ortaokul,https://karamanalparslanortaokulu.meb.k12.tr,,,https://karamanalparslanortaokulu.meb.k12.tr/tema/harita.php,2026-08-31,537,537,bulundu,https://karamanalparslanortaokulu.meb.k12.tr/,2026-10-01T18:53:38.118999+00:00,,Öğrenci Sayısı : 537
Karaman,Merkez,Anafartalar Ortaokulu,718492,Ortaokul,https://karamananafartalar.meb.k12.tr,,,https://karamananafartalar.meb.k12.tr/tema/harita.php,2026-08-31,459,459,bulundu,https://karamananafartalar.meb.k12.tr/,2026-10-01T18:53:38.167160+00:00,,Öğrenci Sayısı : 459
Karaman,Merkez,Atatürk İlkokulu,385200,İlkokul,https://karamanataturk.meb.k12.tr,,,https://karamanataturk.meb.k12.tr/tema/harita.php,2026-08-31,259,259,bulundu,https://karamanataturk.meb.k12.tr/,2026-10-01T18:53:38.170260+00:00,,Öğrenci Sayısı: 259
Karaman,Merkez,Bayır Ortaokulu,744655,Ortaokul,https://karamanbayir.meb.k12.tr,,,https://karamanbayir.meb.k12.tr/tema/harita.php,2026-08-31,30,30,bulundu,https://karamanbayir.meb.k12.tr/tema/okulumuz_hakkinda.php,2026-10-01T18:53:38.200999+00:00,,Öğrenci : 30
Karaman,Merkez,Bayır İlkokulu,744627,İlkokul,https://bayirilkokulu70.meb.k12.tr,,,https://bayirilkokulu70.meb.k12.tr/tema/harita.php,2026-08-31,25,25,bulundu,https://bayirilkokulu70.meb.k12.tr/,2026-10-01T18:53:38.242348+00:00,,Öğrenci Sayısı : 25
Karaman,Merkez,Başakşehir Şehit Hamza Çetin Anadolu Lisesi,972643,Anadolu Lisesi,https://basaksehirsehithamzacetin.meb.k12.tr,,,https://basaksehirsehithamzacetin.meb.k12.tr/tema/harita.php,2026-08-31,507,507,bulundu,https://basaksehirsehithamzacetin.meb.k12.tr/,2026-10-01T18:53:38.264411+00:00,,Öğrenci Sayısı : 507
Karaman,Merkez,Bekir Sıtkı Erdoğan Ortaokulu,744389,Ortaokul,https://bseortaokulu.meb.k12.tr,,,https://bseortaokulu.meb.k12.tr/tema/harita.php,2026-08-31,267,267,bulundu,https://bseortaokulu.meb.k12.tr/,2026-10-01T18:53:38.305793+00:00,,Öğrenci Sayısı : 267
Karaman,Merkez,Bifa Ortaokulu,582305,Ortaokul,https://bifaortaokulu.meb.k12.tr,,,https://bifaortaokulu.meb.k12.tr/tema/harita.php,2026-08-31,193,193,bulundu,https://bifaortaokulu.meb.k12.tr/,2026-10-01T18:53:38.335927+00:00,,Öğrenci Sayısı : 193
Karaman,Merkez,Boyalı İlkokulu,977018,İlkokul,https://boyaliiokaraman.meb.k12.tr,,,https://boyaliiokaraman.meb.k12.tr/tema/harita.php,2026-08-31,9,9,bulundu,https://boyaliiokaraman.meb.k12.tr/,2026-10-01T18:53:38.390691+00:00,,Öğrenci Sayısı 9
Karaman,Merkez,Boyalıtepe Ömer Dinçer İlkokulu,715765,İlkokul,https://boyalitepe.meb.k12.tr,,,https://boyalitepe.meb.k12.tr/tema/harita.php,2026-08-31,,,bulunamadi,,2026-10-01T18:53:38.434800+00:00,,
Karaman,Merkez,Bozkandak Ortaokulu,750500,Ortaokul,https://bozkandak.meb.k12.tr,,,https://bozkandak.meb.k12.tr/tema/harita.php,2026-08-31,58,58,bulundu,https://bozkandak.meb.k12.tr/,2026-10-01T18:53:39.321954+00:00,,Öğrenci Sayısı : 58
Karaman,Merkez,Bucakkışla Ortaokulu,750499,Ortaokul,https://bucakkislaortaokulu.meb.k12.tr,,,https://bucakkislaortaokulu.meb.k12.tr/tema/harita.php,2026-08-31,43,43,bulundu,https://bucakkislaortaokulu.meb.k12.tr/,2026-10-01T18:53:39.353324+00:00,,Öğrenci Sayısı : 43
Karaman,Merkez,Bucakkışla İlkokulu,887933,İlkokul,https://bucakkislailkokulu.meb.k12.tr,,,https://bucakkislailkokulu.meb.k12.tr/tema/harita.php,2026-08-31,58,58,bulundu,https://bucakkislailkokulu.meb.k12.tr/,2026-10-01T18:53:39.453239+00:00,,Öğrenci Sayısı : 58
Karaman,Merkez,BİFA Mesleki Eğitim Merkezi,776203,Mesleki Eğitim Merkezi,https://bifamesem.meb.k12.tr,,,https://bifamesem.meb.k12.tr/tema/harita.php,2026-08-31,1000,1000,bulundu,https://bifamesem.meb.k12.tr/,2026-10-01T18:53:39.599858+00:00,,Öğrenci Sayısı 1000
Karaman,Merkez,Cahit Zarifoğlu İmam Hatip Ortaokulu,752235,İmam Hatip Ortaokulu,https://cahitzarifogluiho.meb.k12.tr,,,https://cahitzarifogluiho.meb.k12.tr/tema/harita.php,2026-08-31,614,614,bulundu,https://cahitzarifogluiho.meb.k12.tr/,2026-10-01T18:53:39.860648+00:00,,Öğrenci Sayısı : 614
Karaman,Merkez,Cumhuriyet Nihat Arslan İlkokulu,718010,İlkokul,https://cumhuriyetnihatarslan.meb.k12.tr,,,https://cumhuriyetnihatarslan.meb.k12.tr/tema/harita.php,2026-08-31,362,362,bulundu,https://cumhuriyetnihatarslan.meb.k12.tr/,2026-10-01T18:53:39.905954+00:00,,Öğrenci Sayısı 362
Karaman,Merkez,Dede Korkut İlkokulu,744407,İlkokul,https://dedekorkutilkokulu.meb.k12.tr,,,https://dedekorkutilkokulu.meb.k12.tr/tema/harita.php,2026-08-31,338,338,bulundu,https://dedekorkutilkokulu.meb.k12.tr/,2026-10-01T18:53:39.968418+00:00,,Öğrenci Sayısı: 338
Karaman,Merkez,Dr. Faruk Sükan Ortaokulu,744259,Ortaokul,https://drfaruksukanortaokulu.meb.k12.tr,,,https://drfaruksukanortaokulu.meb.k12.tr/tema/harita.php,2026-08-31,54,54,bulundu,https://drfaruksukanortaokulu.meb.k12.tr/,2026-10-01T18:53:39.995422+00:00,,Öğrenci Sayısı 54
Karaman,Merkez,Dr. Faruk Sükan İlkokulu,744285,İlkokul,https://drfaruksukanilkokulu.meb.k12.tr,,,https://drfaruksukanilkokulu.meb.k12.tr/tema/harita.php,2026-08-31,55,55,bulundu,https://drfaruksukanilkokulu.meb.k12.tr/,2026-10-01T18:53:40.009585+00:00,,Öğrenci Sayısı: 55
Karaman,Merkez,Dr. Sadık Ahmet İlkokulu,718355,İlkokul,https://drsadikahmet70.meb.k12.tr,,,https://drsadikahmet70.meb.k12.tr/tema/harita.php,2026-08-31,341,341,bulundu,https://drsadikahmet70.meb.k12.tr/,2026-10-01T18:53:40.068199+00:00,,Öğrenci Sayısı : 341
Karaman,Merkez,Durmuş Ali Gülcan Ortaokulu,744296,Ortaokul,https://durmusaligulcanortaokulu.meb.k12.tr,,,https://durmusaligulcanortaokulu.meb.k12.tr/tema/harita.php,2026-08-31,53,53,bulundu,https://durmusaligulcanortaokulu.meb.k12.tr/,2026-10-01T18:53:40.083594+00:00,,Öğrenci Sayısı : 53
Karaman,Merkez,Durmuş Ali Gülcan İlkokulu,744303,İlkokul,https://durmusaligulcanilkokulu.meb.k12.tr,,,https://durmusaligulcanilkokulu.meb.k12.tr/tema/harita.php,2026-08-31,60,60,bulundu,https://durmusaligulcanilkokulu.meb.k12.tr/,2026-10-01T18:53:40.112177+00:00,,Öğrenci Sayısı : 60
Karaman,Merkez,Elmadağı İlkokulu,715982,İlkokul,https://elmadailkokulu.meb.k12.tr,,,https://elmadailkokulu.meb.k12.tr/tema/harita.php,2026-08-31,9,9,bulundu,https://elmadailkokulu.meb.k12.tr/,2026-10-01T18:53:40.171639+00:00,,Öğrenci Sayısı 9
Karaman,Merkez,Elmaşehir Anaokulu,774530,Anaokulu,https://774530.meb.k12.tr,,,https://774530.meb.k12.tr/tema/harita.php,2026-08-31,,,bulunamadi,,2026-10-01T18:53:40.263121+00:00,,
Karaman,Merkez,Esentepe Ortaokulu,744312,Ortaokul,https://esentepeokulu.meb.k12.tr,,,https://esentepeokulu.meb.k12.tr/tema/harita.php,2026-08-31,95,95,bulundu,https://esentepeokulu.meb.k12.tr/,2026-10-01T18:53:40.277820+00:00,,Öğrenci Sayısı 95
Karaman,Merkez,Esentepe İlkokulu,744322,İlkokul,https://esentepe-ilkokulu.meb.k12.tr,,,https://esentepe-ilkokulu.meb.k12.tr/tema/harita.php,2026-08-31,,,bulunamadi,,2026-10-01T18:53:40.298806+00:00,,
Karaman,Merkez,Eğilmez İlkokulu,853350,İlkokul,https://853350.meb.k12.tr,,,https://853350.meb.k12.tr/tema/harita.php,2026-08-31,,,bulunamadi,,2026-10-01T18:53:40.374545+00:00,,
Karaman,Merkez,Fatih Anadolu Lisesi,973836,Anadolu Lisesi,https://karamanfatih.meb.k12.tr,,,https://karamanfatih.meb.k12.tr/tema/harita.php,2026-08-31,189,189,bulundu,https://karamanfatih.meb.k12.tr/,2026-10-01T18:53:40.382149+00:00,,Öğrenci Sayısı 189
Karaman,Merkez,Fatih Eğitim Çalışanları Ortaokulu,965404,Ortaokul,https://fec.meb.k12.tr,,,https://fec.meb.k12.tr/tema/harita.php,2026-08-31,80,80,bulundu,https://fec.meb.k12.tr/,2026-10-01T18:53:40.572797+00:00,,Öğrenci Sayısı : 80
Karaman,Merkez,Fatih Eğitim Çalışanları İlkokulu,744351,İlkokul,https://fatihegitimio.meb.k12.tr,,,https://fatihegitimio.meb.k12.tr/tema/harita.php,2026-08-31,58,58,bulundu,https://fatihegitimio.meb.k12.tr/,2026-10-01T18:53:40.622075+00:00,,Öğrenci Sayısı : 58
Karaman,Merkez,Gazi Mustafa Kemal İlkokulu,737652,İlkokul,https://karamangaziio.meb.k12.tr,,,https://karamangaziio.meb.k12.tr/tema/harita.php,2026-08-31,463,463,bulundu,https://karamangaziio.meb.k12.tr/,2026-10-01T18:53:40.654917+00:00,,Öğrenci Sayısı 463
Karaman,Merkez,Gevher Hatun Anaokulu,751042,Anaokulu,https://gevherhatun.meb.k12.tr,,,https://gevherhatun.meb.k12.tr/tema/harita.php,2026-08-31,120,120,bulundu,https://gevherhatun.meb.k12.tr/,2026-10-01T18:53:40.660668+00:00,,Öğrenci Sayısı 120
Karaman,Merkez,Güldere İlkokulu,887482,İlkokul,https://gldereilkokulu.meb.k12.tr,,,https://gldereilkokulu.meb.k12.tr/tema/harita.php,2026-08-31,32,32,bulundu,https://gldereilkokulu.meb.k12.tr/,2026-10-01T18:53:40.665626+00:00,,Öğrenci Sayısı : 32
Karaman,Merkez,Gülkaya İlkokulu,716000,İlkokul,https://glkayailkokulu.meb.k12.tr,,,https://glkayailkokulu.meb.k12.tr/tema/harita.php,2026-08-31,47,47,bulundu,https://glkayailkokulu.meb.k12.tr/,2026-10-01T18:53:40.666473+00:00,,Öğrenci Sayısı : 47
Karaman,Merkez,Hakkı Teke Spor Lisesi,751954,Spor Lisesi,https://karamansporlisesi.meb.k12.tr,,,https://karamansporlisesi.meb.k12.tr/tema/harita.php,2026-08-31,201,201,bulundu,https://karamansporlisesi.meb.k12.tr/,2026-10-01T18:53:40.671403+00:00,,Öğrenci Sayısı 201
Karaman,Merkez,Hamza Anaç İlkokulu,718085,İlkokul,https://hamzaanacilkokulu.meb.k12.tr,,,https://hamzaanacilkokulu.meb.k12.tr/tema/harita.php,2026-08-31,221,221,bulundu,https://hamzaanacilkokulu.meb.k12.tr/,2026-10-01T18:53:40.708865+00:00,,Öğrenci Sayısı 221
Karaman,Merkez,Hatuniye Turizm Mesleki ve Teknik Anadolu Lisesi,967226,Mesleki ve Teknik Anadolu Lisesi,https://karamanaotml.meb.k12.tr,,,https://karamanaotml.meb.k12.tr/tema/harita.php,2026-08-31,258,258,bulundu,https://karamanaotml.meb.k12.tr/,2026-10-01T18:53:40.731860+00:00,,Öğrenci Sayısı 258
Karaman,Merkez,Hoca Ahmet Yesevi Ortaokulu,744863,Ortaokul,https://hocaahmetyeseviortaokulu.meb.k12.tr,,,https://hocaahmetyeseviortaokulu.meb.k12.tr/tema/harita.php,2026-08-31,74,74,bulundu,https://hocaahmetyeseviortaokulu.meb.k12.tr/,2026-10-01T18:53:41.047408+00:00,,Öğrenci Sayısı 74
Karaman,Merkez,Hoca Ahmet Yesevi İlkokulu,744851,İlkokul,https://karamanhocaahmetyeseviilkokulu.meb.k12.tr,,,https://karamanhocaahmetyeseviilkokulu.meb.k12.tr/tema/harita.php,2026-08-31,143,143,bulundu,https://karamanhocaahmetyeseviilkokulu.meb.k12.tr/,2026-10-01T18:53:41.074254+00:00,,Öğrenci Sayısı : 143
Karaman,Merkez,Kale İlkokulu,750498,İlkokul,https://kaleilkokulu.meb.k12.tr,,,https://kaleilkokulu.meb.k12.tr/tema/harita.php,2026-08-31,688,688,bulundu,https://kaleilkokulu.meb.k12.tr/,2026-10-01T18:53:41.130265+00:00,,Öğrenci Sayısı : 688
Karaman,Merkez,Karacaören İlkokulu,716088,İlkokul,https://716088.meb.k12.tr,,,https://716088.meb.k12.tr/tema/harita.php,2026-08-31,17,17,bulundu,https://716088.meb.k12.tr/,2026-10-01T18:53:41.170634+00:00,,Öğrenci Sayısı 17
Karaman,Merkez,Karaman Anadolu Lisesi,218397,Anadolu Lisesi,https://karamananadolu.meb.k12.tr,,,https://karamananadolu.meb.k12.tr/tema/harita.php,2026-08-31,539,539,bulundu,https://karamananadolu.meb.k12.tr/,2026-10-01T18:53:41.215380+00:00,,Öğrenci Sayısı 539
Karaman,Merkez,Karaman Anadolu İmam Hatip Lisesi,177504,Anadolu İmam Hatip Lisesi,https://karamanihl.meb.k12.tr,,,https://karamanihl.meb.k12.tr/tema/harita.php,2026-08-31,182,182,bulundu,https://karamanihl.meb.k12.tr/,2026-10-01T18:53:41.397794+00:00,,Öğrenci Sayısı : 182
Karaman,Merkez,Karaman Anaokulu,763358,Anaokulu,https://karamananaokulu.meb.k12.tr,,,https://karamananaokulu.meb.k12.tr/tema/harita.php,2026-08-31,116,116,bulundu,https://karamananaokulu.meb.k12.tr/,2026-10-01T18:53:41.580319+00:00,,Öğrenci Sayısı 116
Karaman,Merkez,Karaman Bifa Anadolu Lisesi,878973,Anadolu Lisesi,https://bifalisesi.meb.k12.tr,,,https://bifalisesi.meb.k12.tr/tema/harita.php,2026-08-31,,,bulunamadi,,2026-10-01T18:53:41.602039+00:00,,
Karaman,Merkez,Karaman Bilim ve Sanat Merkezi,761851,Bilim ve Sanat Merkezi,https://karamanbilsem.meb.k12.tr,,,https://karamanbilsem.meb.k12.tr/tema/harita.php,2026-08-31,355,355,bulundu,https://karamanbilsem.meb.k12.tr/tema/okulumuz_hakkinda.php,2026-10-01T18:53:41.623808+00:00,,Öğrenci : 355
Karaman,Merkez,Karaman Elmaşehir Özel Eğitim Uygulama Okulu I. Kademe,747120,Özel Eğitim Kurumu,https://karamanelmasehirozelegituyg1kdm.meb.k12.tr,,,https://karamanelmasehirozelegituyg1kdm.meb.k12.tr/tema/harita.php,2026-08-31,46,46,bulundu,https://karamanelmasehirozelegituyg1kdm.meb.k12.tr/,2026-10-01T18:53:41.695147+00:00,,Öğrenci Sayısı : 46
Karaman,Merkez,Karaman Güzel Sanatlar Lisesi,752016,Güzel Sanatlar Lisesi,https://karamangsl.meb.k12.tr,,,https://karamangsl.meb.k12.tr/tema/harita.php,2026-08-31,154,154,bulundu,https://karamangsl.meb.k12.tr/,2026-10-01T18:53:41.700492+00:00,,Öğrenci Sayısı 154
Karaman,Merkez,Karaman Hafız İmam Hatip Ortaokulu,763760,İmam Hatip Ortaokulu,https://karamanhafiziho.meb.k12.tr,,,https://karamanhafiziho.meb.k12.tr/tema/harita.php,2026-08-31,175,175,bulundu,https://karamanhafiziho.meb.k12.tr/,2026-10-01T18:53:41.712691+00:00,,Öğrenci Sayısı : 175
Karaman,Merkez,Karaman Halk Eğitimi Merkezi,177516,Halk Eğitimi Merkezi,https://karamanhem.meb.k12.tr,,,https://karamanhem.meb.k12.tr/tema/harita.php,2026-08-31,,,bulunamadi,,2026-10-01T18:53:41.754792+00:00,,
Karaman,Merkez,Karaman Lisesi,177457,Lise,https://karamanlisesi.meb.k12.tr,,,https://karamanlisesi.meb.k12.tr/tema/harita.php,2026-08-31,639,639,bulundu,https://karamanlisesi.meb.k12.tr/,2026-10-01T18:53:41.861545+00:00,,Öğrenci Sayısı : 639
Karaman,Merkez,Karaman Mesleki Eğitim Merkezi,215440,Mesleki Eğitim Merkezi,https://karamanmesem.meb.k12.tr,,,https://karamanmesem.meb.k12.tr/tema/harita.php,2026-08-31,914,914,bulundu,https://karamanmesem.meb.k12.tr/,2026-10-01T18:53:42.007269+00:00,,Öğrenci Sayısı 914
Karaman,Merkez,Karaman Mesleki ve Teknik Anadolu Lisesi,177470,Mesleki ve Teknik Anadolu Lisesi,https://karamaneml.meb.k12.tr,,,https://karamaneml.meb.k12.tr/tema/harita.php,2026-08-31,575,575,bulundu,https://karamaneml.meb.k12.tr/,2026-10-01T18:53:42.023552+00:00,,Öğrenci Sayısı 575
Karaman,Merkez,Karaman Necip Fazıl Kısakürek Sosyal Bilimler Lisesi,972285,Sosyal Bilimler Lisesi,https://karamansbl.meb.k12.tr,,,https://karamansbl.meb.k12.tr/tema/harita.php,2026-08-31,356,356,bulundu,https://karamansbl.meb.k12.tr/,2026-10-01T18:53:42.062199+00:00,,Öğrenci Sayısı 356
Karaman,Merkez,Karaman Rehberlik ve Araştırma Merkezi,228602,Rehberlik ve Araştırma Merkezi,https://karamanram.meb.k12.tr,,,https://karamanram.meb.k12.tr/tema/harita.php,2026-08-31,,,bulunamadi,,2026-10-01T18:53:42.077796+00:00,,
Karaman,Merkez,Karaman Özel Eğitim Anaokulu,763212,Anaokulu,https://karamanozelegtmanaokulu.meb.k12.tr,,,https://karamanozelegtmanaokulu.meb.k12.tr/tema/harita.php,2026-08-31,76,76,bulundu,https://karamanozelegtmanaokulu.meb.k12.tr/,2026-10-01T18:53:42.860351+00:00,,Öğrenci Sayısı : 76
Karaman,Merkez,Karaman Özel Eğitim Meslek Okulu,750257,Özel Eğitim Kurumu,https://karamanozelegitimmeslekokulu.meb.k12.tr,,,https://karamanozelegitimmeslekokulu.meb.k12.tr/tema/harita.php,2026-08-31,68,68,bulundu,https://karamanozelegitimmeslekokulu.meb.k12.tr/,2026-10-01T18:53:42.870057+00:00,,Öğrenci Sayısı 68
Karaman,Merkez,Karaman Özel Eğitim Uygulama Okulu II. Kademe,747344,Özel Eğitim Kurumu,https://karamanozelegitimuygulamaokulu.meb.k12.tr,,,https://karamanozelegitimuygulamaokulu.meb.k12.tr/tema/harita.php,2026-08-31,45,45,bulundu,https://karamanozelegitimuygulamaokulu.meb.k12.tr/,2026-10-01T18:53:42.970214+00:00,,Öğrenci Sayısı : 45
Karaman,Merkez,Karaman Özel Eğitim Uygulama Okulu III. Kademe,748121,Özel Eğitim Kurumu,https://748121.meb.k12.tr,,,https://748121.meb.k12.tr/tema/harita.php,2026-08-31,34,34,bulundu,https://748121.meb.k12.tr/,2026-10-01T18:53:43.274061+00:00,,Öğrenci Sayısı : 34