Muş,Merkez,Mehmet Akif Ersoy İmam Hatip Ortaokulu,763584,İmam Hatip Ortaokulu,https://musmehmetakifersoyiho.meb.k12.tr,,,https://musmehmetakifersoyiho.meb.k12.tr/tema/harita.php,2026-08-31,570,570,bulundu,https://musmehmetakifersoyiho.meb.k12.tr/tema/okulumuz_hakkinda.php,2026-10-01T19:09:05.172806+00:00,,Öğrenci : 570
Muş,Merkez,Mehmet Zafer ÇAĞLAYAN Ortaokulu,735876,Ortaokul,https://mehmetzafercaglayanortaokulu.meb.k12.tr,,,https://mehmetzafercaglayanortaokulu.meb.k12.tr/tema/harita.php,2026-08-31,577,577,bulundu,https://mehmetzafercaglayanortaokulu.meb.k12.tr/,2026-10-01T19:09:05.249216+00:00,,Öğrenci Sayısı : 577
Muş,Merkez,Mehmet Zafer ÇAĞLAYAN İlkokulu,735878,İlkokul,https://mehmetzafercaglayanilkokulu.meb.k12.tr,,,https://mehmetzafercaglayanilkokulu.meb.k12.tr/tema/harita.php,2026-08-31,380,380,bulundu,https://mehmetzafercaglayanilkokulu.meb.k12.tr/,2026-10-01T19:09:05.253327+00:00,,Öğrenci Sayısı: 380
Muş,Merkez,Mercimekkale İlkokulu,735887,İlkokul,https://mercimekkaleilkokulu.meb.k12.tr,,,https://mercimekkaleilkokulu.meb.k12.tr/tema/harita.php,2026-08-31,56,56,bulundu,https://mercimekkaleilkokulu.meb.k12.tr/,2026-10-01T19:09:05.269061+00:00,,Öğrenci Sayısı 56
Muş,Merkez,Merkez Karaağaçlı İlkokulu,743374,İlkokul,https://743374.meb.k12.tr,,,https://743374.meb.k12.tr/tema/harita.php,2026-08-31,32,32,bulundu,https://743374.meb.k12.tr/tema/okulumuz_hakkinda.php,2026-10-01T19:09:05.396277+00:00,,Öğrenci : 32
Muş,Merkez,Merkez Sungu Eğitimciler Çok Programlı Anadolu Lisesi,972065,Çok Programlı Anadolu Lisesi,https://sunguegitimcilercpal.meb.k12.tr,,,https://sunguegitimcilercpal.meb.k12.tr/tema/harita.php,2026-08-31,109,109,bulundu,https://sunguegitimcilercpal.meb.k12.tr/,2026-10-01T19:09:05.460820+00:00,,Öğrenci Sayısı : 109
Muş,Merkez,Merkez Yeşilova İmam Hatip Ortaokulu,748255,İmam Hatip Ortaokulu,https://merkezyesilovaiho.meb.k12.tr,,,https://merkezyesilovaiho.meb.k12.tr/tema/harita.php,2026-08-31,293,293,bulundu,https://merkezyesilovaiho.meb.k12.tr/,2026-10-01T19:09:05.536750+00:00,,Öğrenci Sayısı : 293
Muş,Merkez,Merkez İmam Hatip Ortaokulu,748706,İmam Hatip Ortaokulu,https://musmerkezimamhatip.meb.k12.tr,,,https://musmerkezimamhatip.meb.k12.tr/tema/harita.php,2026-08-31,212,212,bulundu,https://musmerkezimamhatip.meb.k12.tr/,2026-10-01T19:09:05.545942+00:00,,Öğrenci Sayısı 212
Muş,Merkez,Mescitli İlkokulu,740249,İlkokul,https://mus_merkez_mescitli.meb.k12.tr,,,https://mus_merkez_mescitli.meb.k12.tr/tema/harita.php,2026-08-31,,,bulunamadi,,2026-10-01T19:09:05.691651+00:00,,
Muş,Merkez,Mevlana İmam Hatip Ortaokulu,763562,İmam Hatip Ortaokulu,https://musmevlanaihoo.meb.k12.tr,,,https://musmevlanaihoo.meb.k12.tr/tema/harita.php,2026-08-31,711,711,bulundu,https://musmevlanaihoo.meb.k12.tr/,2026-10-01T19:09:05.717544+00:00,,Öğrenci Sayısı 711
Muş,Merkez,Meşecik İlkokulu,740291,İlkokul,https://mesecik.meb.k12.tr,,,https://mesecik.meb.k12.tr/tema/harita.php,2026-08-31,19,19,bulundu,https://mesecik.meb.k12.tr/,2026-10-01T19:09:05.786382+00:00,,Öğrenci Sayısı : 19
Muş,Merkez,Milli Eğitim Vakfı Fatih Ortaokulu,735885,Ortaokul,https://mevfatihortaokulu.meb.k12.tr,,,https://mevfatihortaokulu.meb.k12.tr/tema/harita.php,2026-08-31,951,951,bulundu,https://mevfatihortaokulu.meb.k12.tr/,2026-10-01T19:09:05.874893+00:00,,Öğrenci Sayısı 951
Muş,Merkez,Milli Eğitim Vakfı Fatih İlkokulu,735882,İlkokul,https://mevfatihilkokulu.meb.k12.tr,,,https://mevfatihilkokulu.meb.k12.tr/tema/harita.php,2026-08-31,1143,1143,bulundu,https://mevfatihilkokulu.meb.k12.tr/,2026-10-01T19:09:05.913051+00:00,,Öğrenci Sayısı 1143
Muş,Merkez,Muş Alparslan Üniversitesi Ortaokulu,760332,Ortaokul,https://musalparslanuniversitesiortaokul.meb.k12.tr,,,https://musalparslanuniversitesiortaokul.meb.k12.tr/tema/harita.php,2026-08-31,78,78,bulundu,https://musalparslanuniversitesiortaokul.meb.k12.tr/,2026-10-01T19:09:05.923025+00:00,,Öğrenci Sayısı : 78
Muş,Merkez,Muş Alparslan Üniversitesi İlkokulu,760333,İlkokul,https://musalparslanuniversitesiilkokulu.meb.k12.tr,,,https://musalparslanuniversitesiilkokulu.meb.k12.tr/tema/harita.php,2026-08-31,164,164,bulundu,https://musalparslanuniversitesiilkokulu.meb.k12.tr/,2026-10-01T19:09:05.926015+00:00,,Öğrenci Sayısı 164
Muş,Merkez,Muş Anadolu Lisesi,187627,Anadolu Lisesi,https://musanadolulisesi.meb.k12.tr,,,https://musanadolulisesi.meb.k12.tr/tema/harita.php,2026-08-31,558,558,bulundu,https://musanadolulisesi.meb.k12.tr/,2026-10-01T19:09:06.011323+00:00,,Öğrenci Sayısı : 558
Muş,Merkez,Muş Anadolu İmam Hatip Lisesi,187664,Anadolu İmam Hatip Lisesi,https://musihl.meb.k12.tr,,,https://musihl.meb.k12.tr/tema/harita.php,2026-08-31,423,423,bulundu,https://musihl.meb.k12.tr/,2026-10-01T19:09:06.081817+00:00,,Öğrenci Sayısı : 423
Muş,Merkez,Muş Bilim ve Sanat Merkezi,972072,Bilim ve Sanat Merkezi,https://musbilsem.meb.k12.tr,,,https://musbilsem.meb.k12.tr/tema/harita.php,2026-08-31,203,203,bulundu,https://musbilsem.meb.k12.tr/,2026-10-01T19:09:06.084073+00:00,,Öğrenci Sayısı : 203
Muş,Merkez,Muş Borsa İstanbul Anadolu Lisesi,964097,Anadolu Lisesi,https://musborsaistanbul.meb.k12.tr,,,https://musborsaistanbul.meb.k12.tr/tema/harita.php,2026-08-31,385,385,bulundu,https://musborsaistanbul.meb.k12.tr/,2026-10-01T19:09:06.231097+00:00,,Öğrenci Sayısı 385
Muş,Merkez,Muş Fen Lisesi,963919,Fen Lisesi,https://musfenlisesi.meb.k12.tr,,,https://musfenlisesi.meb.k12.tr/tema/harita.php,2026-08-31,478,478,bulundu,https://musfenlisesi.meb.k12.tr/tema/okulumuz_hakkinda.php,2026-10-01T19:09:06.297039+00:00,,Öğrenci : 478
Muş,Merkez,Muş Halk Eğitimi Merkezi,187676,Halk Eğitimi Merkezi,https://mushem.meb.k12.tr,,,https://mushem.meb.k12.tr/tema/harita.php,2026-08-31,,,bulunamadi,,2026-10-01T19:09:06.548578+00:00,,
Muş,Merkez,Muş Mesleki Eğitim Merkezi,327240,Mesleki Eğitim Merkezi,https://musmesem.meb.k12.tr,,,https://musmesem.meb.k12.tr/tema/harita.php,2026-08-31,384,384,bulundu,https://musmesem.meb.k12.tr/,2026-10-01T19:09:06.551430+00:00,,Öğrenci Sayısı : 384
Muş,Merkez,Muş Mesleki ve Teknik Anadolu Lisesi,966452,Mesleki ve Teknik Anadolu Lisesi,https://museml.meb.k12.tr,,,https://museml.meb.k12.tr/tema/harita.php,2026-08-31,906,906,bulundu,https://museml.meb.k12.tr/,2026-10-01T19:09:06.605959+00:00,,Öğrenci Sayısı 906
Muş,Merkez,Muş Rehberlik ve Araştırma Merkezi,225384,Rehberlik ve Araştırma Merkezi,https://musram.meb.k12.tr,,,https://musram.meb.k12.tr/tema/harita.php,2026-08-31,,,bulunamadi,,2026-10-01T19:09:06.621825+00:00,,
Muş,Merkez,Muş Rekabet Kurumu Mesleki ve Teknik Anadolu Lisesi,969774,Mesleki ve Teknik Anadolu Lisesi,https://rekabeteml.meb.k12.tr,,,https://rekabeteml.meb.k12.tr/tema/harita.php,2026-08-31,355,355,bulundu,https://rekabeteml.meb.k12.tr/,2026-10-01T19:09:07.032119+00:00,,Öğrenci Sayısı 355
Muş,Merkez,Muş Selcen Hatun Kız Mesleki ve Teknik Anadolu Lisesi,971914,Mesleki ve Teknik Anadolu Lisesi,https://selcenhatun.meb.k12.tr,,,https://selcenhatun.meb.k12.tr/tema/harita.php,2026-08-31,496,496,bulundu,https://selcenhatun.meb.k12.tr/,2026-10-01T19:09:07.071582+00:00,,Öğrenci Sayısı : 496
Muş,Merkez,Muş Spor Lisesi,751959,Spor Lisesi,https://mussporlisesi.meb.k12.tr,,,https://mussporlisesi.meb.k12.tr/tema/harita.php,2026-08-31,346,346,bulundu,https://mussporlisesi.meb.k12.tr/,2026-10-01T19:09:07.076660+00:00,,Öğrenci Sayısı 346
Muş,Merkez,Muş Türk Telekom Ortaokulu,735881,Ortaokul,https://musturktelekomoo.meb.k12.tr,,,https://musturktelekomoo.meb.k12.tr/tema/harita.php,2026-08-31,626,626,bulundu,https://musturktelekomoo.meb.k12.tr/,2026-10-01T19:09:07.103865+00:00,,Öğrenci Sayısı 626
Muş,Merkez,Muş Türk Telekom İlkokulu,735886,İlkokul,https://musturktelekomio.meb.k12.tr,,,https://musturktelekomio.meb.k12.tr/tema/harita.php,2026-08-31,833,833,bulundu,https://musturktelekomio.meb.k12.tr/,2026-10-01T19:09:07.118065+00:00,,Öğrenci Sayısı 833
Muş,Merkez,Muş Vilayetler Hizmet Birliği Anaokulu,972210,Anaokulu,https://musvhbanaokulu.meb.k12.tr,,,https://musvhbanaokulu.meb.k12.tr/tema/harita.php,2026-08-31,5,5,bulundu,https://musvhbanaokulu.meb.k12.tr/,2026-10-01T19:09:07.125631+00:00,,Öğrenci Sayısı: 5
Muş,Merkez,Muş Özel Eğitim Meslek Okulu,763347,Özel Eğitim Kurumu,https://musoemeslekiegitim.meb.k12.tr,,,https://musoemeslekiegitim.meb.k12.tr/tema/harita.php,2026-08-31,29,29,bulundu,https://musoemeslekiegitim.meb.k12.tr/,2026-10-01T19:09:07.190462+00:00,,Öğrenci Sayısı 29
Muş,Merkez,Muş Özel Eğitim Uygulama Okulu I. Kademe,747187,Özel Eğitim Kurumu,https://musozelegitimuygulama.meb.k12.tr,,,https://musozelegitimuygulama.meb.k12.tr/tema/harita.php,2026-08-31,66,66,bulundu,https://musozelegitimuygulama.meb.k12.tr/,2026-10-01T19:09:07.498614+00:00,,Öğrenci Sayısı : 66
Muş,Merkez,Muş Özel Eğitim Uygulama Okulu II. Kademe,747264,Özel Eğitim Kurumu,https://musozelegitimisuygulama2.meb.k12.tr,,,https://musozelegitimisuygulama2.meb.k12.tr/tema/harita.php,2026-08-31,31,31,bulundu,https://musozelegitimisuygulama2.meb.k12.tr/,2026-10-01T19:09:07.575884+00:00,,Öğrenci Sayısı 31
Muş,Merkez,Muş Öğretmenevi ve Akşam Sanat Okulu,971328,Öğretmenevi,https://musogretmenevi.meb.k12.tr,,,https://musogretmenevi.meb.k12.tr/tema/harita.php,2026-08-31,,,bulunamadi,,2026-10-01T19:09:07.691804+00:00,,
Muş,Merkez,Muş İlci İnşaat Kız Anadolu İmam Hatip Lisesi,752903,Anadolu İmam Hatip Lisesi,https://muskizimamhatiplisesi.meb.k12.tr,,,https://muskizimamhatiplisesi.meb.k12.tr/tema/harita.php,2026-08-31,430,430,bulundu,https://muskizimamhatiplisesi.meb.k12.tr/,2026-10-01T19:09:07.714303+00:00,,Öğrenci Sayısı : 430
Muş,Merkez,Nadaslık İlkokulu,740349,İlkokul,https://nadaslkilkokulu.meb.k12.tr,,,https://nadaslkilkokulu.meb.k12.tr/tema/harita.php,2026-08-31,42,42,bulundu,https://nadaslkilkokulu.meb.k12.tr/,2026-10-01T19:09:07.791070+00:00,,Öğrenci Sayısı: 42
Muş,Merkez,Namık Kemal Yatılı Bölge Ortaokulu,748261,Ortaokul,https://namikkemalybo.meb.k12.tr,,,https://namikkemalybo.meb.k12.tr/tema/harita.php,2026-08-31,380,380,bulundu,https://namikkemalybo.meb.k12.tr/,2026-10-01T19:09:07.806665+00:00,,Öğrenci Sayısı : 380
Muş,Merkez,Necip Fazıl Kısakürek Anadolu Lisesi,765216,Anadolu Lisesi,https://musnecipfazilkisakurekal.meb.k12.tr,,,https://musnecipfazilkisakurekal.meb.k12.tr/tema/harita.php,2026-08-31,423,423,bulundu,https://musnecipfazilkisakurekal.meb.k12.tr/,2026-10-01T19:09:07.843348+00:00,,Öğrenci Sayısı 423
Muş,Merkez,Nizamülmülk Kız Anadolu İmam Hatip Lisesi,763722,Anadolu İmam Hatip Lisesi,https://nizamulmulkkizanadoluimamhatipli.meb.k12.tr,,,https://nizamulmulkkizanadoluimamhatipli.meb.k12.tr/tema/harita.php,2026-08-31,555,555,bulundu,https://nizamulmulkkizanadoluimamhatipli.meb.k12.tr/,2026-10-01T19:09:07.934692+00:00,,Öğrenci Sayısı 555
Muş,Merkez,Nusret Sarman Turizm Mesleki ve Teknik Anadolu Lisesi,759338,Mesleki ve Teknik Anadolu Lisesi,https://musturizmotelcilik.meb.k12.tr,,,https://musturizmotelcilik.meb.k12.tr/tema/harita.php,2026-08-31,490,490,bulundu,https://musturizmotelcilik.meb.k12.tr/,2026-10-01T19:09:07.977162+00:00,,Öğrenci Sayısı 490
Muş,Merkez,Ortakent İlkokulu,977014,İlkokul,https://ortakentilkokulu.meb.k12.tr,,,https://ortakentilkokulu.meb.k12.tr/tema/harita.php,2026-08-31,136,136,bulundu,https://ortakentilkokulu.meb.k12.tr/,2026-10-01T19:09:08.128417+00:00,,Öğrenci Sayısı: 136
Muş,Merkez,Ortakent İmam Hatip Ortaokulu,764549,İmam Hatip Ortaokulu,https://ortakentmamhatiportaokulu.meb.k12.tr,,,https://ortakentmamhatiportaokulu.meb.k12.tr/tema/harita.php,2026-08-31,94,94,bulundu,https://ortakentmamhatiportaokulu.meb.k12.tr/,2026-10-01T19:09:08.139621+00:00,,Öğrenci Sayısı : 94
Muş,Merkez,Oymataş İlkokulu,740125,İlkokul,https://740125.meb.k12.tr,,,https://740125.meb.k12.tr/tema/harita.php,2026-08-31,21,21,bulundu,https://740125.meb.k12.tr/,2026-10-01T19:09:08.170527+00:00,,Öğrenci Sayısı 21
Muş,Merkez,PROF.DR.VAHİT ÖZMEN İLKOKULU,762533,İlkokul,https://vahitozmenio.meb.k12.tr,,,https://vahitozmenio.meb.k12.tr/tema/harita.php,2026-08-31,712,712,bulundu,https://vahitozmenio.meb.k12.tr/,2026-10-01T19:09:08.245420+00:00,,Öğrenci Sayısı 712
Muş,Merkez,Prof. Dr. Fuat Sezgin Anadolu Lisesi,767229,Anadolu Lisesi,https://musfuatsezginal.meb.k12.tr,,,https://musfuatsezginal.meb.k12.tr/tema/harita.php,2026-08-31,440,440,bulundu,https://musfuatsezginal.meb.k12.tr/,2026-10-01T19:09:08.310019+00:00,,Öğrenci Sayısı : 440
Muş,Merkez,Prof.Dr. VAHİT ÖZMEN Ortaokulu,753038,Ortaokul,https://vahitozmen.meb.k12.tr,,,https://vahitozmen.meb.k12.tr/tema/harita.php,2026-08-31,,,bulunamadi,,2026-10-01T19:09:08.494539+00:00,,
Muş,Merkez,SAVAŞÇILAR İLKOKULU,740418,İlkokul,https://savascilar.meb.k12.tr,,,https://savascilar.meb.k12.tr/tema/harita.php,2026-08-31,,,bulunamadi,,2026-10-01T19:09:08.545956+00:00,,
Muş,Merkez,SELÇUKLU İLKOKULU,735891,İlkokul,https://musselcukluilkokulu.meb.k12.tr,,,https://musselcukluilkokulu.meb.k12.tr/tema/harita.php,2026-08-31,,,bulunamadi,,2026-10-01T19:09:08.588174+00:00,,
Muş,Merkez,Sarıdal İlkokulu,742993,İlkokul,https://saridal.meb.k12.tr,,,https://saridal.meb.k12.tr/tema/harita.php,2026-08-31,24,24,bulundu,https://saridal.meb.k12.tr/,2026-10-01T19:09:08.793018+00:00,,Öğrenci Sayısı : 24
Muş,Merkez,Selahaddin Eyyubi Anadolu İmam Hatip Lisesi,759451,Anadolu İmam Hatip Lisesi,https://musselahaddineyyubi.meb.k12.tr,,,https://musselahaddineyyubi.meb.k12.tr/tema/harita.php,2026-08-31,339,339,bulundu,https://musselahaddineyyubi.meb.k12.tr/,2026-10-01T19:09:08.818403+00:00,,Öğrenci Sayısı : 339
Muş,Merkez,Selçuklu İmam Hatip Ortaokulu,735889,İmam Hatip Ortaokulu,https://musselcukluortaokulu.meb.k12.tr,,,https://musselcukluortaokulu.meb.k12.tr/tema/harita.php,2026-08-31,514,514,bulundu,https://musselcukluortaokulu.meb.k12.tr/,2026-10-01T19:09:08.948251+00:00,,Öğrenci Sayısı 514
Muş,Merkez,Serinova Ortaokulu,748258,Ortaokul,https://serinovayibo.meb.k12.tr,,,https://serinovayibo.meb.k12.tr/tema/harita.php,2026-08-31,251,251,bulundu,https://serinovayibo.meb.k12.tr/,2026-10-01T19:09:09.031947+00:00,,Öğrenci Sayısı : 251
Muş,Merkez,Serinova İlkokulu,751869,İlkokul,https://serinovaio.meb.k12.tr,,,https://serinovaio.meb.k12.tr/tema/harita.php,2026-08-31,199,199,bulundu,https://serinovaio.meb.k12.tr/,2026-10-01T19:09:09.063874+00:00,,Öğrenci Sayısı: 199
Muş,Merkez,Soğucak Ortaokulu,735899,Ortaokul,https://sogucakortaokulu.meb.k12.tr,,,https://sogucakortaokulu.meb.k12.tr/tema/harita.php,2026-08-31,106,106,bulundu,https://sogucakortaokulu.meb.k12.tr/,2026-10-01T19:09:09.213103+00:00,,Öğrenci Sayısı : 106
Muş,Merkez,Soğucak İlkokulu,735904,İlkokul,https://mussogucakilkokulu.meb.k12.tr,,,https://mussogucakilkokulu.meb.k12.tr/tema/harita.php,2026-08-31,127,127,bulundu,https://mussogucakilkokulu.meb.k12.tr/,2026-10-01T19:09:09.248260+00:00,,Öğrenci Sayısı 127
Muş,Merkez,Suboyu İlkokulu,740453,İlkokul,https://mussuboyu.meb.k12.tr,,,https://mussuboyu.meb.k12.tr/tema/harita.php,2026-08-31,20,20,bulundu,https://mussuboyu.meb.k12.tr/,2026-10-01T19:09:09.262467+00:00,,Öğrenci Sayısı 20
Muş,Merkez,Sudurağı İlkokulu,740475,İlkokul,https://suduragi.meb.k12.tr,,,https://suduragi.meb.k12.tr/tema/harita.php,2026-08-31,34,34,bulundu,https://suduragi.meb.k12.tr/,2026-10-01T19:09:09.285169+00:00,,Öğrenci Sayısı 34
Muş,Merkez,Suluca İlkokulu,740513,İlkokul,https://suluca.meb.k12.tr,,,https://suluca.meb.k12.tr/tema/harita.php,2026-08-31,31,31,bulundu,https://suluca.meb.k12.tr/tema/okulumuz_hakkinda.php,2026-10-01T19:09:09.342466+00:00,,Öğrenci : 31
Muş,Merkez,Sungu Cumhuriyet İlkokulu,775856,İlkokul,https://sungucumhuriyetilkokulu.meb.k12.tr,,,https://sungucumhuriyetilkokulu.meb.k12.tr/tema/harita.php,2026-08-31,63,63,bulundu,https://sungucumhuriyetilkokulu.meb.k12.tr/,2026-10-01T19:09:09.356585+00:00,,Öğrenci Sayısı : 63
Muş,Merkez,Sungu Cumhuriyet İmam Hatip Ortaokulu,763582,İmam Hatip Ortaokulu,https://sungucumhuriyetimamhatiportaokul.meb.k12.tr,,,https://sungucumhuriyetimamhatiportaokul.meb.k12.tr/tema/harita.php,2026-08-31,116,116,bulundu,https://sungucumhuriyetimamhatiportaokul.meb.k12.tr/,2026-10-01T19:09:09.644904+00:00,,Öğrenci Sayısı : 116
Muş,Merkez,Sungu Hürriyet İlkokulu,735936,İlkokul,https://shurriyetilk.meb.k12.tr,,,https://shurriyetilk.meb.k12.tr/tema/harita.php,2026-08-31,116,116,bulundu,https://shurriyetilk.meb.k12.tr/,2026-10-01T19:09:09.654502+00:00,,Öğrenci Sayısı 116
Muş,Merkez,Sungu Mehmet Akif Ersoy İlkokulu,746049,İlkokul,https://sungumehmetakif.meb.k12.tr,,,https://sungumehmetakif.meb.k12.tr/tema/harita.php,2026-08-31,234,234,bulundu,https://sungumehmetakif.meb.k12.tr/,2026-10-01T19:09:09.670849+00:00,,Öğrenci Sayısı: 234
Muş,Merkez,Sungu Mimar Sinan Ortaokulu,752877,Ortaokul,https://sungumimarsinan.meb.k12.tr,,,https://sungumimarsinan.meb.k12.tr/tema/harita.php,2026-08-31,163,163,bulundu,https://sungumimarsinan.meb.k12.tr/tema/okulumuz_hakkinda.php,2026-10-01T19:09:09.672909+00:00,,Öğrenci : 163
Muş,Merkez,Sungu Mimar Sinan İlkokulu,774916,İlkokul,https://sungumimarsinanilkokulu.meb.k12.tr,,,https://sungumimarsinanilkokulu.meb.k12.tr/tema/harita.php,2026-08-31,45,45,bulundu,https://sungumimarsinanilkokulu.meb.k12.tr/,2026-10-01T19:09:09.731194+00:00,,Öğrenci Sayısı : 45
Muş,Merkez,Sungu Vakıfbank Kız Yatılı Bölge Ortaokulu,748253,Ortaokul,https://sunguybo.meb.k12.tr,,,https://sunguybo.meb.k12.tr/tema/harita.php,2026-08-31,259,259,bulundu,https://sunguybo.meb.k12.tr/,2026-10-01T19:09:09.776622+00:00,,Öğrenci Sayısı : 259
Muş,Merkez,Sungu İlkokulu,775227,İlkokul,https://775227.meb.k12.tr,,,https://775227.meb.k12.tr/tema/harita.php,2026-08-31,124,124,bulundu,https://775227.meb.k12.tr/,2026-10-01T19:09:09.789566+00:00,,Öğrenci Sayısı 124
Muş,Merkez,Sungu İmam hatip Ortaokulu,762765,İmam Hatip Ortaokulu,https://sunguimamhatiportaokulu.meb.k12.tr,,,https://sunguimamhatiportaokulu.meb.k12.tr/tema/harita.php,2026-08-31,112,112,bulundu,https://sunguimamhatiportaokulu.meb.k12.tr/,2026-10-01T19:09:09.816227+00:00,,Öğrenci Sayısı : 112
Muş,Merkez,Suvaran Ortaokulu,748648,Ortaokul,https://suvaranortaokulu.meb.k12.tr,,,https://suvaranortaokulu.meb.k12.tr/tema/harita.php,2026-08-31,76,76,bulundu,https://suvaranortaokulu.meb.k12.tr/,2026-10-01T19:09:09.861540+00:00,,Öğrenci Sayısı : 76
Muş,Merkez,Suvaran İlkokulu,740529,İlkokul,https://suvaranilkokulu.meb.k12.tr,,,https://suvaranilkokulu.meb.k12.tr/tema/harita.php,2026-08-31,122,122,bulundu,https://suvaranilkokulu.meb.k12.tr/,2026-10-01T19:09:09.936090+00:00,,Öğrenci Sayısı : 122
Muş,Merkez,Süleyman Şah İlkokulu,767039,İlkokul,https://mussuleymansahilkokulu.meb.k12.tr,,,https://mussuleymansahilkokulu.meb.k12.tr/tema/harita.php,2026-08-31,527,527,bulundu,https://mussuleymansahilkokulu.meb.k12.tr/,2026-10-01T19:09:10.585484+00:00,,Öğrenci Sayısı: 527
Muş,Merkez,Sürügüden İlkokulu,740539,İlkokul,https://suruguden.meb.k12.tr,,,https://suruguden.meb.k12.tr/tema/harita.php,2026-08-31,80,80,bulundu,https://suruguden.meb.k12.tr/,2026-10-01T19:09:10.594212+00:00,,Öğrenci Sayısı: 80
Muş,Merkez,Sütlüce Ortaokulu,715664,Ortaokul,https://715664.meb.k12.tr,,,https://715664.meb.k12.tr/tema/harita.php,2026-08-31,36,36,bulundu,https://715664.meb.k12.tr/,2026-10-01T19:09:10.713471+00:00,,Öğrenci Sayısı 36
Muş,Merkez,Sütlüce İlkokulu,715675,İlkokul,https://715675.meb.k12.tr,,,https://715675.meb.k12.tr/tema/harita.php,2026-08-31,69,69,bulundu,https://715675.meb.k12.tr/,2026-10-01T19:09:10.723547+00:00,,Öğrenci Sayısı 69
Muş,Merkez,Tabanlı Ortaokulu,735927,Ortaokul,https://tabanliortaokulu.meb.k12.tr,,,https://tabanliortaokulu.meb.k12.tr/tema/harita.php,2026-08-31,,,bulunamadi,,2026-10-01T19:09:10.733059+00:00,,
Muş,Merkez,Tabanlı İlkokulu,735932,İlkokul,https://tabanliilkokulu.meb.k12.tr,,,https://tabanliilkokulu.meb.k12.tr/tema/harita.php,2026-08-31,63,63,bulundu,https://tabanliilkokulu.meb.k12.tr/,2026-10-01T19:09:10.771812+00:00,,Öğrenci Sayısı : 63
Muş,Merkez,Tandoğan Ortaokulu,735898,Ortaokul,https://mustandoganortaokulu.meb.k12.tr,,,https://mustandoganortaokulu.meb.k12.tr/tema/harita.php,2026-08-31,101,101,bulundu,https://mustandoganortaokulu.meb.k12.tr/,2026-10-01T19:09:10.817010+00:00,,Öğrenci Sayısı : 101
Muş,Merkez,Tandoğan Çay İlkokulu,764511,İlkokul,https://764511.meb.k12.tr,,,https://764511.meb.k12.tr/tema/harita.php,2026-08-31,72,72,bulundu,https://764511.meb.k12.tr/,2026-10-01T19:09:10.863342+00:00,,Öğrenci Sayısı : 72
Muş,Merkez,Tandoğan İlkokulu,735901,İlkokul,https://mustandogan.meb.k12.tr,,,https://mustandogan.meb.k12.tr/tema/harita.php,2026-08-31,81,81,bulundu,https://mustandogan.meb.k12.tr/,2026-10-01T19:09:10.885402+00:00,,Öğrenci Sayısı: 81
Muş,Merkez,Taşoluk İlkokulu,740638,İlkokul,https://mustasolukilkokulu.meb.k12.tr,,,https://mustasolukilkokulu.meb.k12.tr/tema/harita.php,2026-08-31,170,170,bulundu,https://mustasolukilkokulu.meb.k12.tr/,2026-10-01T19:09:10.937495+00:00,,Öğrenci Sayısı : 170
Muş,Merkez,Taşoluk İmam Hatip Ortaokulu,748686,İmam Hatip Ortaokulu,https://tasolukimamhatip.meb.k12.tr,,,https://tasolukimamhatip.meb.k12.tr/tema/harita.php,2026-08-31,,,bulunamadi,,2026-10-01T19:09:10.959272+00:00,,
Muş,Merkez,Tekyol Ortaokulu,735888,Ortaokul,https://tekyolortaokulu.meb.k12.tr,,,https://tekyolortaokulu.meb.k12.tr/tema/harita.php,2026-08-31,51,51,bulundu,https://tekyolortaokulu.meb.k12.tr/tema/okulumuz_hakkinda.php,2026-10-01T19:09:11.141936+00:00,,Öğrenci : 51
Muş,Merkez,Tekyol İlkokulu,735890,İlkokul,https://tekyolilkokulu.meb.k12.tr,,,https://tekyolilkokulu.meb.k12.tr/tema/harita.php,2026-08-31,58,58,bulundu,https://tekyolilkokulu.meb.k12.tr/tema/okulumuz_hakkinda.php,2026-10-01T19:09:11.147468+00:00,,Öğrenci : 58
Muş,Merkez,Toprakkale İlkokulu,740648,İlkokul,https://mustoprakkale.meb.k12.tr,,,https://mustoprakkale.meb.k12.tr/tema/harita.php,2026-08-31,71,71,bulundu,https://mustoprakkale.meb.k12.tr/tema/okulumuz_hakkinda.php,2026-10-01T19:09:11.411859+00:00,,Öğrenci : 71
Muş,Merkez,Türkiye Odalar ve Borsalar Birliği Sosyal Bilimler Lisesi,345414,Sosyal Bilimler Lisesi,https://mustobbsbl.meb.k12.tr,,,https://mustobbsbl.meb.k12.tr/tema/harita.php,2026-08-31,358,358,bulundu,https://mustobbsbl.meb.k12.tr/,2026-10-01T19:09:11.547083+00:00,,Öğrenci Sayısı : 358
Muş,Merkez,Tüten İlkokulu,742987,İlkokul,https://mustuten.meb.k12.tr,,,https://mustuten.meb.k12.tr/tema/harita.php,2026-08-31,19,19,bulundu,https://mustuten.meb.k12.tr/,2026-10-01T19:09:11.574412+00:00,,Öğrenci Sayısı: 19
Muş,Merkez,Ulukaya İlkokulu,774697,İlkokul,https://774697.meb.k12.tr,,,https://774697.meb.k12.tr/tema/harita.php,2026-08-31,0,0,bulundu,https://774697.meb.k12.tr/,2026-10-01T19:09:11.582327+00:00,,Öğrenci Sayısı : 0
Muş,Merkez,Vali Adil Yazar Ortaokulu,735856,Ortaokul,https://musvaliadilyazarortaokulu.meb.k12.tr,,,https://musvaliadilyazarortaokulu.meb.k12.tr/tema/harita.php,2026-08-31,1462,1462,bulundu,https://musvaliadilyazarortaokulu.meb.k12.tr/,2026-10-01T19:09:11.602701+00:00,,Öğrenci Sayısı : 1462
Muş,Merkez,Vali Adil Yazar İlkokulu,735861,İlkokul,https://musvaliadilyazarilkokulu.meb.k12.tr,,,https://musvaliadilyazarilkokulu.meb.k12.tr/tema/harita.php,2026-08-31,1605,1605,bulundu,https://musvaliadilyazarilkokulu.meb.k12.tr/,2026-10-01T19:09:11.666821+00:00,,Öğrenci Sayısı 1605
Muş,Merkez,YELALAN İLKOKULU,716263,İlkokul,https://yelalan.meb.k12.tr,,,https://yelalan.meb.k12.tr/tema/harita.php,2026-08-31,42,42,bulundu,https://yelalan.meb.k12.tr/,2026-10-01T19:09:11.705282+00:00,,Öğrenci Sayısı 42
Muş,Merkez,YEROLUK ORTAOKULU,716420,Ortaokul,https://yerolukortaokulu.meb.k12.tr,,,https://yerolukortaokulu.meb.k12.tr/tema/harita.php,2026-08-31,56,56,bulundu,https://yerolukortaokulu.meb.k12.tr/tema/okulumuz_hakkinda.php,2026-10-01T19:09:11.802250+00:00,,Öğrenci : 56
Muş,Merkez,YEŞİLCE ANAOKULU,970369,Anaokulu,https://yesilceanaokulu.meb.k12.tr,,,https://yesilceanaokulu.meb.k12.tr/tema/harita.php,2026-08-31,78,78,bulundu,https://yesilceanaokulu.meb.k12.tr/,2026-10-01T19:09:11.923632+00:00,,Öğrenci Sayısı: 78
Muş,Merkez,Yarpuzlu Ortaokulu,735848,Ortaokul,https://yarpuzluortaokulu.meb.k12.tr,,,https://yarpuzluortaokulu.meb.k12.tr/tema/harita.php,2026-08-31,77,77,bulundu,https://yarpuzluortaokulu.meb.k12.tr/tema/okulumuz_hakkinda.php,2026-10-01T19:09:11.944663+00:00,,Öğrenci : 77
Muş,Merkez,Yarpuzlu İlkokulu,735851,İlkokul,https://yarpuzluilkokulu.meb.k12.tr,,,https://yarpuzluilkokulu.meb.k12.tr/tema/harita.php,2026-08-31,114,114,bulundu,https://yarpuzluilkokulu.meb.k12.tr/,2026-10-01T19:09:11.948573+00:00,,Öğrenci Sayısı : 114
Muş,Merkez,Yavuz Selim Ortaokulu,772514,Ortaokul,https://yavuzselimortaokulu49.meb.k12.tr,,,https://yavuzselimortaokulu49.meb.k12.tr/tema/harita.php,2026-08-31,,,bulunamadi,,2026-10-01T19:09:12.072937+00:00,,
Muş,Merkez,Yavuz Selim İlkokulu,735841,İlkokul,https://musyavuzselimilkokulu.meb.k12.tr,,,https://musyavuzselimilkokulu.meb.k12.tr/tema/harita.php,2026-08-31,592,592,bulundu,https://musyavuzselimilkokulu.meb.k12.tr/tema/okulumuz_hakkinda.php,2026-10-01T19:09:12.079881+00:00,,Öğrenci : 592
Muş,Merkez,Yaygın Anadolu Lisesi,777046,Anadolu Lisesi,https://777046.meb.k12.tr,,,https://777046.meb.k12.tr/tema/harita.php,2026-08-31,21,21,bulundu,https://777046.meb.k12.tr/,2026-10-01T19:09:12.216695+00:00,,Öğrenci Sayısı : 21
Muş,Merkez,Yaygın Anadolu İmam Hatip Lisesi,763220,Anadolu İmam Hatip Lisesi,https://yayginanadoluimamhatiplisesi.meb.k12.tr,,,https://yayginanadoluimamhatiplisesi.meb.k12.tr/tema/harita.php,2026-08-31,185,185,bulundu,https://yayginanadoluimamhatiplisesi.meb.k12.tr/,2026-10-01T19:09:12.260841+00:00,,Öğrenci Sayısı 185
Muş,Merkez,Yaygın Ortaokulu,716436,Ortaokul,https://musyayginortaokulu.meb.k12.tr,,,https://musyayginortaokulu.meb.k12.tr/tema/harita.php,2026-08-31,214,214,bulundu,https://musyayginortaokulu.meb.k12.tr/,2026-10-01T19:09:12.376730+00:00,,Öğrenci Sayısı 214
Muş,Merkez,Yaygın Çok Programlı Anadolu Lisesi,970048,Çok Programlı Anadolu Lisesi,https://yaygincpal.meb.k12.tr,,,https://yaygincpal.meb.k12.tr/tema/harita.php,2026-08-31,67,67,bulundu,https://yaygincpal.meb.k12.tr/,2026-10-01T19:09:12.521604+00:00,,Öğrenci Sayısı : 67
Muş,Merkez,Yaygın İlkokulu,716429,İlkokul,https://musyayginilkokulu.meb.k12.tr,,,https://musyayginilkokulu.meb.k12.tr/tema/harita.php,2026-08-31,274,274,bulundu,https://musyayginilkokulu.meb.k12.tr/,2026-10-01T19:09:12.583239+00:00,,Öğrenci Sayısı: 274
Muş,Merkez,Yaygın İmam hatip ortaokulu,763099,İmam Hatip Ortaokulu,https://yayginimamhatiportaokulu.meb.k12.tr,,,https://yayginimamhatiportaokulu.meb.k12.tr/tema/harita.php,2026-08-31,229,229,bulundu,https://yayginimamhatiportaokulu.meb.k12.tr/,2026-10-01T19:09:12.614370+00:00,,Öğrenci Sayısı 229
Muş,Merkez,Yazla İlkokulu,746238,İlkokul,https://yazla.meb.k12.tr,,,https://yazla.meb.k12.tr/tema/harita.php,2026-08-31,45,45,bulundu,https://yazla.meb.k12.tr/,2026-10-01T19:09:12.631840+00:00,,Öğrenci Sayısı 45
Muş,Merkez,Yeroluk İlkokulu,716424,İlkokul,https://yerolukilkokulu.meb.k12.tr,,,https://yerolukilkokulu.meb.k12.tr/tema/harita.php,2026-08-31,94,94,bulundu,https://yerolukilkokulu.meb.k12.tr/tema/okulumuz_hakkinda.php,2026-10-01T19:09:12.695077+00:00,,Öğrenci : 94
Muş,Merkez,Yeşilce Ortaokulu,716129,Ortaokul,https://yesilceortaokulu.meb.k12.tr,,,https://yesilceortaokulu.meb.k12.tr/tema/harita.php,2026-08-31,,,bulunamadi,,2026-10-01T19:09:12.725675+00:00,,
Muş,Merkez,Yeşilce İlkokulu,716133,İlkokul,https://musyesilce.meb.k12.tr,,,https://musyesilce.meb.k12.tr/tema/harita.php,2026-08-31,130,130,bulundu,https://musyesilce.meb.k12.tr/,2026-10-01T19:09:13.145856+00:00,,Öğrenci Sayısı : 130
Muş,Merkez,Yeşilova İlkokulu,751868,İlkokul,https://musyesilovailkokulu.meb.k12.tr,,,https://musyesilovailkokulu.meb.k12.tr/tema/harita.php,2026-08-31,181,181,bulundu,https://musyesilovailkokulu.meb.k12.tr/,2026-10-01T19:09:13.207441+00:00,,Öğrenci Sayısı : 181
Muş,Merkez,Yoncalıöz Ortaokulu,716141,Ortaokul,https://yoncaliozortaokulu.meb.k12.tr,,,https://yoncaliozortaokulu.meb.k12.tr/tema/harita.php,2026-08-31,53,53,bulundu,https://yoncaliozortaokulu.meb.k12.tr/,2026-10-01T19:09:13.262345+00:00,,Öğrenci Sayısı 53
Muş,Merkez,Yoncalıöz İlkokulu,715956,İlkokul,https://yoncaliozilkokulu.meb.k12.tr,,,https://yoncaliozilkokulu.meb.k12.tr/tema/harita.php,2026-08-31,71,71,bulundu,https://yoncaliozilkokulu.meb.k12.tr/,2026-10-01T19:09:13.271809+00:00,,Öğrenci Sayısı 71
Muş,Merkez,Yukarısızma İlkokulu,853524,İlkokul,https://yukarisizma.meb.k12.tr,,,https://yukarisizma.meb.k12.tr/tema/harita.php,2026-08-31,38,38,bulundu,https://yukarisizma.meb.k12.tr/tema/okulumuz_hakkinda.php,2026-10-01T19:09:13.342539+00:00,,Öğrenci : 38
Muş,Merkez,Yücetepe Şehit Ekrem ÇAĞLAYAN İlkokulu,715773,İlkokul,https://yucetepeio.meb.k12.tr,,,https://yucetepeio.meb.k12.tr/tema/harita.php,2026-08-31,108,108,bulundu,https://yucetepeio.meb.k12.tr/,2026-10-01T19:09:13.425666+00:00,,Öğrenci Sayısı: 108
Muş,Merkez,Yücetepe Şehit Selahattin YILDIRIM Ortaokulu,715796,Ortaokul,https://yucetepesehitselahattinyildirmoo.meb.k12.tr,,,https://yucetepesehitselahattinyildirmoo.meb.k12.tr/tema/harita.php,2026-08-31,109,109,bulundu,https://yucetepesehitselahattinyildirmoo.meb.k12.tr/,2026-10-01T19:09:13.460051+00:00,,Öğrenci Sayısı 109
Muş,Merkez,Ziyaret İlkokulu,715626,İlkokul,https://ziyaretkoyuilkokulu.meb.k12.tr,,,https://ziyaretkoyuilkokulu.meb.k12.tr/tema/harita.php,2026-08-31,65,65,bulundu,https://ziyaretkoyuilkokulu.meb.k12.tr/,2026-10-01T19:09:13.624677+00:00,,Öğrenci Sayısı : 65
Muş,Merkez,Zübeyde Hanım Ortaokulu,766889,Ortaokul,https://muszubeydehanimortaokulu.meb.k12.tr,,,https://muszubeydehanimortaokulu.meb.k12.tr/tema/harita.php,2026-08-31,414,414,bulundu,https://muszubeydehanimortaokulu.meb.k12.tr/,2026-10-01T19:09:13.886770+00:00,,Öğrenci Sayısı : 414
Muş,Merkez,ZİYARET İMAM HATİP ORTAOKULU,762412,İmam Hatip Ortaokulu,https://ziyaretimamhatip.meb.k12.tr,,,https://ziyaretimamhatip.meb.k12.tr/tema/harita.php,2026-08-31,50,50,bulundu,https://ziyaretimamhatip.meb.k12.tr/,2026-10-01T19:09:14.091005+00:00,,Öğrenci Sayısı : 50
Muş,Merkez,Çatbaşı Ortaokulu,715856,Ortaokul,https://muscatbasiortaokulu.meb.k12.tr,,,https://muscatbasiortaokulu.meb.k12.tr/tema/harita.php,2026-08-31,63,63,bulundu,https://muscatbasiortaokulu.meb.k12.tr/tema/okulumuz_hakkinda.php,2026-10-01T19:09:14.262645+00:00,,Öğrenci : 63
Muş,Merkez,Çatbaşı İlkokulu,715868,İlkokul,https://catbasi.meb.k12.tr,,,https://catbasi.meb.k12.tr/tema/harita.php,2026-08-31,,,bulunamadi,,2026-10-01T19:09:14.282192+00:00,,
Muş,Merkez,Çengilli İlkokulu,743150,İlkokul,https://cengilli.meb.k12.tr,,,https://cengilli.meb.k12.tr/tema/harita.php,2026-08-31,,,bulunamadi,,2026-10-01T19:09:14.329584+00:00,,
Muş,Merkez,Çukurbağ İlkokulu,720846,İlkokul,https://cukurbagio720846.meb.k12.tr,,,https://cukurbagio720846.meb.k12.tr/tema/harita.php,2026-08-31,35,35,bulundu,https://cukurbagio720846.meb.k12.tr/,2026-10-01T19:09:14.422736+00:00,,Öğrenci Sayısı: 35
Muş,Merkez,Çöğürlü İlkokulu,720806,İlkokul,https://muscogurluio.meb.k12.tr,,,https://muscogurluio.meb.k12.tr/tema/harita.php,2026-08-31,123,123,bulundu,https://muscogurluio.meb.k12.tr/,2026-10-01T19:09:14.542030+00:00,,Öğrenci Sayısı : 123
Muş,Merkez,Çöğürlü İmam Hatip Ortaokulu,763567,İmam Hatip Ortaokulu,https://cogurluimamhatiportaokulu.meb.k12.tr,,,https://cogurluimamhatiportaokulu.meb.k12.tr/tema/harita.php,2026-08-31,151,151,bulundu,https://cogurluimamhatiportaokulu.meb.k12.tr/tema/okulumuz_hakkinda.php,2026-10-01T19:09:14.549378+00:00,,Öğrenci : 151
Muş,Merkez,ÇİÇEKLİ İLKOKULU,720687,İlkokul,https://cicekli.meb.k12.tr,,,https://cicekli.meb.k12.tr/tema/harita.php,2026-08-31,26,26,bulundu,https://cicekli.meb.k12.tr/,2026-10-01T19:09:14.557987+00:00,,Öğrenci Sayısı 26
Muş,Merkez,ÖZDİLEK İLKOKULU,740379,İlkokul,https://ozdilek.meb.k12.tr,,,https://ozdilek.meb.k12.tr/tema/harita.php,2026-08-31,58,58,bulundu,https://ozdilek.meb.k12.tr/,2026-10-01T19:09:14.578605+00:00,,Öğrenci Sayısı : 58
Muş,Merkez,ÜÇEVLER İLKOKULU,740681,İlkokul,https://ucevler.meb.k12.tr,,,https://ucevler.meb.k12.tr/tema/harita.php,2026-08-31,21,21,bulundu,https://ucevler.meb.k12.tr/,2026-10-01T19:09:14.754943+00:00,,Öğrenci Sayısı 21
Muş,Merkez,Üçdere Ortaokulu,758979,Ortaokul,https://ucdereortaokulu.meb.k12.tr,,,https://ucdereortaokulu.meb.k12.tr/tema/harita.php,2026-08-31,65,65,bulundu,https://ucdereortaokulu.meb.k12.tr/,2026-10-01T19:09:14.757417+00:00,,Öğrenci Sayısı : 65
Muş,Merkez,Üçdere İlkokulu,740672,İlkokul,https://740672.meb.k12.tr,,,https://740672.meb.k12.tr/tema/harita.php,2026-08-31,100,100,bulundu,https://740672.meb.k12.tr/,2026-10-01T19:09:14.758741+00:00,,Öğrenci Sayısı : 100
Muş,Merkez,Üçevler Yatılı Bölge Ortaokulu,775713,Ortaokul,https://775713.meb.k12.tr,,,https://775713.meb.k12.tr/tema/harita.php,2026-08-31,0,0,bulundu,https://775713.meb.k12.tr/,2026-10-01T19:09:15.107531+00:00,,Öğrenci Sayısı : 0
Muş,Merkez,Üçsırt İlkokulu,740695,İlkokul,https://ucsirt.meb.k12.tr,,,https://ucsirt.meb.k12.tr/tema/harita.php,2026-08-31,59,59,bulundu,https://ucsirt.meb.k12.tr/,2026-10-01T19:09:15.162995+00:00,,Öğrenci Sayısı 59
Muş,Merkez,İlyas Sami İlkokulu,735840,İlkokul,https://ilyassamiilkokulu.meb.k12.tr,,,https://ilyassamiilkokulu.meb.k12.tr/tema/harita.php,2026-08-31,558,558,bulundu,https://ilyassamiilkokulu.meb.k12.tr/,2026-10-01T19:09:15.211241+00:00,,Öğrenci Sayısı 558
Muş,Merkez,İlyas Sami İmam Hatip Ortaokulu,763565,İmam Hatip Ortaokulu,https://ilyassamiimamhatiportaokulu.meb.k12.tr,,,https://ilyassamiimamhatiportaokulu.meb.k12.tr/tema/harita.php,2026-08-31,471,471,bulundu,https://ilyassamiimamhatiportaokulu.meb.k12.tr/,2026-10-01T19:09:15.263640+00:00,,Öğrenci Sayısı : 471
Muş,Merkez,ŞENOVA İLKOKULU,735973,İlkokul,https://senovaioo.meb.k12.tr,,,https://senovaioo.meb.k12.tr/tema/harita.php,2026-08-31,82,82,bulundu,https://senovaioo.meb.k12.tr/,2026-10-01T19:09:15.305924+00:00,,Öğrenci Sayısı: 82
Muş,Merkez,Şehit Davut Karaçam Kız Anadolu İmam Hatip Lisesi,762219,Anadolu İmam Hatip Lisesi,https://sehitdavutkaracamkizaihl.meb.k12.tr,,,https://sehitdavutkaracamkizaihl.meb.k12.tr/tema/harita.php,2026-08-31,,,bulunamadi,,2026-10-01T19:09:15.387096+00:00,,
Muş,Merkez,Şehit Murat Yılmaz Kızılay Özel Eğitim Anaokulu,767802,Anaokulu,https://767802.meb.k12.tr,,,https://767802.meb.k12.tr/tema/harita.php,2026-08-31,18,18,bulundu,https://767802.meb.k12.tr/,2026-10-01T19:09:15.470854+00:00,,Öğrenci Sayısı: 18
Muş,Merkez,Şehit Türker GÜÇLÜTÜRK İlkokulu,774917,İlkokul,https://774917.meb.k12.tr,,,https://774917.meb.k12.tr/tema/harita.php,2026-08-31,440,440,bulundu,https://774917.meb.k12.tr/,2026-10-01T19:09:15.617741+00:00,,Öğrenci Sayısı : 440
Muş,Merkez,Şehit Yücel Kurtoğlu Güzel Sanatlar Lisesi,752032,Güzel Sanatlar Lisesi,https://mussehityucelkurtoglugsl.meb.k12.tr,,,https://mussehityucelkurtoglugsl.meb.k12.tr/tema/harita.php,2026-08-31,210,210,bulundu,https://mussehityucelkurtoglugsl.meb.k12.tr/,2026-10-01T19:09:15.622895+00:00,,Öğrenci Sayısı : 210
Muş,Merkez,Şehit İzzettin Polat Ortaokulu,740642,Ortaokul,https://sehitizzettinpolatortaokulu.meb.k12.tr,,,https://sehitizzettinpolatortaokulu.meb.k12.tr/tema/harita.php,2026-08-31,114,114,bulundu,https://sehitizzettinpolatortaokulu.meb.k12.tr/,2026-10-01T19:09:15.762747+00:00,,Öğrenci Sayısı : 114
Muş,Merkez,Şehit İzzettin Polat İlkokulu,740646,İlkokul,https://sehitizzettinpolatilkokulu.meb.k12.tr,,,https://sehitizzettinpolatilkokulu.meb.k12.tr/tema/harita.php,2026-08-31,203,203,bulundu,https://sehitizzettinpolatilkokulu.meb.k12.tr/,2026-10-01T19:09:15.772180+00:00,,Öğrenci Sayısı : 203
Muş,Merkez,Şeker Ortaokulu,735974,Ortaokul,https://mussekerortaokulu.meb.k12.tr,,,https://mussekerortaokulu.meb.k12.tr/tema/harita.php,2026-08-31,291,291,bulundu,https://mussekerortaokulu.meb.k12.tr/,2026-10-01T19:09:15.789476+00:00,,Öğrenci Sayısı : 291
Muş,Merkez,Şeker İlkokulu,735976,İlkokul,https://sekerilkokulu.meb.k12.tr,,,https://sekerilkokulu.meb.k12.tr/tema/harita.php,2026-08-31,141,141,bulundu,https://sekerilkokulu.meb.k12.tr/,2026-10-01T19:09:16.087953+00:00,,Öğrenci Sayısı 141
Muş,Merkez,Şenova Ortaokulu,735971,Ortaokul,https://senovaoo.meb.k12.tr,,,https://senovaoo.meb.k12.tr/tema/harita.php,2026-08-31,71,71,bulundu,https://senovaoo.meb.k12.tr/,2026-10-01T19:09:16.139940+00:00,,Öğrenci Sayısı 71
Muş,Varto,Akçatepe İlkokulu,736502,İlkokul,https://vartoakcatepeilkokulu.meb.k12.tr,,,https://vartoakcatepeilkokulu.meb.k12.tr/tema/harita.php,2026-08-31,23,23,bulundu,https://vartoakcatepeilkokulu.meb.k12.tr/,2026-10-01T19:09:16.198150+00:00,,Öğrenci Sayısı 23
Muş,Varto,Atatürk Ortaokulu,706771,Ortaokul,https://vartoataturk.meb.k12.tr,,,https://vartoataturk.meb.k12.tr/tema/harita.php,2026-08-31,374,374,bulundu,https://vartoataturk.meb.k12.tr/,2026-10-01T19:09:16.205107+00:00,,Öğrenci Sayısı : 374
Muş,Varto,Aşağı Hacıbey İlkokulu,736563,İlkokul,https://vartoahacibey.meb.k12.tr,,,https://vartoahacibey.meb.k12.tr/tema/harita.php,2026-08-31,30,30,bulundu,https://vartoahacibey.meb.k12.tr/,2026-10-01T19:09:16.275484+00:00,,Öğrenci Sayısı: 30
Muş,Varto,Aşağı Sırasöğütler İlkokulu,736321,İlkokul,https://vartoasirasogutlerio.meb.k12.tr,,,https://vartoasirasogutlerio.meb.k12.tr/tema/harita.php,2026-08-31,60,60,bulundu,https://vartoasirasogutlerio.meb.k12.tr/,2026-10-01T19:09:16.310510+00:00,,Öğrenci Sayısı: 60
Muş,Varto,Aşağı Sırasöğütler İmam Hatip Ortaokulu,763626,İmam Hatip Ortaokulu,https://aasrastleriho.meb.k12.tr,,,https://aasrastleriho.meb.k12.tr/tema/harita.php,2026-08-31,68,68,bulundu,https://aasrastleriho.meb.k12.tr/,2026-10-01T19:09:16.326367+00:00,,Öğrenci Sayısı 68
Muş,Varto,Bağiçi İlkokulu,736582,İlkokul,https://vartobagici.meb.k12.tr,,,https://vartobagici.meb.k12.tr/tema/harita.php,2026-08-31,24,24,bulundu,https://vartobagici.meb.k12.tr/,2026-10-01T19:09:16.729685+00:00,,Öğrenci Sayısı 24
Muş,Varto,Boyalı İlkokulu,736604,İlkokul,https://vartoboyali.meb.k12.tr,,,https://vartoboyali.meb.k12.tr/tema/harita.php,2026-08-31,17,17,bulundu,https://vartoboyali.meb.k12.tr/,2026-10-01T19:09:16.736981+00:00,,Öğrenci Sayısı 17
Muş,Varto,Boylu İlkokulu,706925,İlkokul,https://vartoboylu.meb.k12.tr,,,https://vartoboylu.meb.k12.tr/tema/harita.php,2026-08-31,13,13,bulundu,https://vartoboylu.meb.k12.tr/,2026-10-01T19:09:16.804252+00:00,,Öğrenci Sayısı 13
Muş,Varto,Buzlugöze İlkokulu,736618,İlkokul,https://buzlugzeilkokulu.meb.k12.tr,,,https://buzlugzeilkokulu.meb.k12.tr/tema/harita.php,2026-08-31,33,33,bulundu,https://buzlugzeilkokulu.meb.k12.tr/,2026-10-01T19:09:16.814936+00:00,,Öğrenci Sayısı 33
Muş,Varto,Cumhuriyet Ortaokulu,736345,Ortaokul,https://vartocumhuriyetortaokulu.meb.k12.tr,,,https://vartocumhuriyetortaokulu.meb.k12.tr/tema/harita.php,2026-08-31,162,162,bulundu,https://vartocumhuriyetortaokulu.meb.k12.tr/,2026-10-01T19:09:16.855477+00:00,,Öğrenci Sayısı : 162
Muş,Varto,Cumhuriyet İlkokulu,736348,İlkokul,https://vartocumhuriyetio.meb.k12.tr,,,https://vartocumhuriyetio.meb.k12.tr/tema/harita.php,2026-08-31,164,164,bulundu,https://vartocumhuriyetio.meb.k12.tr/tema/okulumuz_hakkinda.php,2026-10-01T19:09:16.857836+00:00,,Öğrenci : 164
Muş,Varto,Dallıöz İlkokulu,736671,İlkokul,https://vartodallioz.meb.k12.tr,,,https://vartodallioz.meb.k12.tr/tema/harita.php,2026-08-31,10,10,bulundu,https://vartodallioz.meb.k12.tr/,2026-10-01T19:09:16.930977+00:00,,Öğrenci Sayısı : 10
Muş,Varto,Değerli İlkokulu,736693,İlkokul,https://degerliilkokulu.meb.k12.tr,,,https://degerliilkokulu.meb.k12.tr/tema/harita.php,2026-08-31,23,23,bulundu,https://degerliilkokulu.meb.k12.tr/,2026-10-01T19:09:17.009379+00:00,,Öğrenci Sayısı 23
Muş,Varto,Dutözü İlkokulu,736730,İlkokul,https://vartodutozu.meb.k12.tr,,,https://vartodutozu.meb.k12.tr/tema/harita.php,2026-08-31,10,10,bulundu,https://vartodutozu.meb.k12.tr/,2026-10-01T19:09:17.013005+00:00,,Öğrenci Sayısı: 10
Muş,Varto,Erdoğan İlkokulu,736747,İlkokul,https://vartoerdoganilkokulu.meb.k12.tr,,,https://vartoerdoganilkokulu.meb.k12.tr/tema/harita.php,2026-08-31,11,11,bulundu,https://vartoerdoganilkokulu.meb.k12.tr/,2026-10-01T19:09:17.169505+00:00,,Öğrenci Sayısı: 11
Muş,Varto,Esenler İlkokulu,736772,İlkokul,https://vartoesenler.meb.k12.tr,,,https://vartoesenler.meb.k12.tr/tema/harita.php,2026-08-31,33,33,bulundu,https://vartoesenler.meb.k12.tr/,2026-10-01T19:09:17.627258+00:00,,Öğrenci Sayısı 33
Muş,Varto,Görgü İlkokulu,743600,İlkokul,https://vartogorguilkokulu.meb.k12.tr,,,https://vartogorguilkokulu.meb.k12.tr/tema/harita.php,2026-08-31,23,23,bulundu,https://vartogorguilkokulu.meb.k12.tr/,2026-10-01T19:09:17.700863+00:00,,Öğrenci Sayısı 23
Muş,Varto,Gümgüm İlkokulu,751862,İlkokul,https://gumgumilkokulu.meb.k12.tr,,,https://gumgumilkokulu.meb.k12.tr/tema/harita.php,2026-08-31,191,191,bulundu,https://gumgumilkokulu.meb.k12.tr/,2026-10-01T19:09:17.712847+00:00,,Öğrenci Sayısı: 191
Muş,Varto,Haksever İlkokulu,736835,İlkokul,https://hakseverio.meb.k12.tr,,,https://hakseverio.meb.k12.tr/tema/harita.php,2026-08-31,101,101,bulundu,https://hakseverio.meb.k12.tr/,2026-10-01T19:09:17.727650+00:00,,Öğrenci Sayısı : 101
Muş,Varto,Hamurpet İlkokulu,759292,İlkokul,https://759292.meb.k12.tr,,,https://759292.meb.k12.tr/tema/harita.php,2026-08-31,46,46,bulundu,https://759292.meb.k12.tr/,2026-10-01T19:09:17.772336+00:00,,Öğrenci Sayısı : 46
Muş,Varto,Hamurpet İmam Hatip Ortaokulu,763597,İmam Hatip Ortaokulu,https://hamurpetimamhatiportaokulu.meb.k12.tr,,,https://hamurpetimamhatiportaokulu.meb.k12.tr/tema/harita.php,2026-08-31,189,189,bulundu,https://hamurpetimamhatiportaokulu.meb.k12.tr/,2026-10-01T19:09:17.857575+00:00,,Öğrenci Sayısı 189
Muş,Varto,Hürriyet Ortaokulu,736879,Ortaokul,https://vartohurriyetortaokulu.meb.k12.tr,,,https://vartohurriyetortaokulu.meb.k12.tr/tema/harita.php,2026-08-31,103,103,bulundu,https://vartohurriyetortaokulu.meb.k12.tr/,2026-10-01T19:09:17.992828+00:00,,Öğrenci Sayısı : 103
Muş,Varto,Hürriyet İlkokulu,736883,İlkokul,https://vartohurriyetio.meb.k12.tr,,,https://vartohurriyetio.meb.k12.tr/tema/harita.php,2026-08-31,155,155,bulundu,https://vartohurriyetio.meb.k12.tr/,2026-10-01T19:09:18.005408+00:00,,Öğrenci Sayısı 155
Muş,Varto,Hüseyinoğlu İlkokulu,736878,İlkokul,https://vartohuseyinogluilkokulu.meb.k12.tr,,,https://vartohuseyinogluilkokulu.meb.k12.tr/tema/harita.php,2026-08-31,43,43,bulundu,https://vartohuseyinogluilkokulu.meb.k12.tr/,2026-10-01T19:09:18.065894+00:00,,Öğrenci Sayısı 43
Muş,Varto,Kalecik İlkokulu,736890,İlkokul,https://vartokalecik.meb.k12.tr,,,https://vartokalecik.meb.k12.tr/tema/harita.php,2026-08-31,8,8,bulundu,https://vartokalecik.meb.k12.tr/,2026-10-01T19:09:18.083258+00:00,,Öğrenci Sayısı 8
Muş,Varto,Karaköy İlkokulu,736914,İlkokul,https://karakyio.meb.k12.tr,,,https://karakyio.meb.k12.tr/tema/harita.php,2026-08-31,66,66,bulundu,https://karakyio.meb.k12.tr/,2026-10-01T19:09:18.156630+00:00,,Öğrenci Sayısı: 66
Muş,Varto,Karaköy İmam Hatip Ortaokulu,763598,İmam Hatip Ortaokulu,https://vartokarakyiho.meb.k12.tr,,,https://vartokarakyiho.meb.k12.tr/tema/harita.php,2026-08-31,100,100,bulundu,https://vartokarakyiho.meb.k12.tr/,2026-10-01T19:09:18.167300+00:00,,Öğrenci Sayısı : 100
Muş,Varto,Karameşe İlkokulu,736952,İlkokul,https://vartokarameseio.meb.k12.tr,,,https://vartokarameseio.meb.k12.tr/tema/harita.php,2026-08-31,79,79,bulundu,https://vartokarameseio.meb.k12.tr/,2026-10-01T19:09:18.178655+00:00,,Öğrenci Sayısı : 79
Muş,Varto,Karameşe İmam Hatip Ortaokulu,763677,İmam Hatip Ortaokulu,https://karameeimamhatipoo.meb.k12.tr,,,https://karameeimamhatipoo.meb.k12.tr/tema/harita.php,2026-08-31,85,85,bulundu,https://karameeimamhatipoo.meb.k12.tr/,2026-10-01T19:09:18.205600+00:00,,Öğrenci Sayısı : 85
Muş,Varto,Karapınar İlkokulu,743601,İlkokul,https://vartokarapinar.meb.k12.tr,,,https://vartokarapinar.meb.k12.tr/tema/harita.php,2026-08-31,22,22,bulundu,https://vartokarapinar.meb.k12.tr/,2026-10-01T19:09:18.210880+00:00,,Öğrenci Sayısı 22
Muş,Varto,Kayalık İlkokulu,736942,İlkokul,https://vartokayalik.meb.k12.tr,,,https://vartokayalik.meb.k12.tr/tema/harita.php,2026-08-31,38,38,bulundu,https://vartokayalik.meb.k12.tr/,2026-10-01T19:09:18.313074+00:00,,Öğrenci Sayısı: 38
Muş,Varto,Kayalıkale İlkokulu,736948,İlkokul,https://vartokayalikale.meb.k12.tr,,,https://vartokayalikale.meb.k12.tr/tema/harita.php,2026-08-31,31,31,bulundu,https://vartokayalikale.meb.k12.tr/,2026-10-01T19:09:18.640407+00:00,,Öğrenci Sayısı 31
Muş,Varto,Kaygıntaş İlkokulu,736953,İlkokul,https://vartokaygintasilkokulu.meb.k12.tr,,,https://vartokaygintasilkokulu.meb.k12.tr/tema/harita.php,2026-08-31,23,23,bulundu,https://vartokaygintasilkokulu.meb.k12.tr/,2026-10-01T19:09:18.751247+00:00,,Öğrenci Sayısı: 23
Muş,Varto,Kaynarca İlkokulu,736965,İlkokul,https://vartokaynarcaio.meb.k12.tr,,,https://vartokaynarcaio.meb.k12.tr/tema/harita.php,2026-08-31,70,70,bulundu,https://vartokaynarcaio.meb.k12.tr/,2026-10-01T19:09:18.778560+00:00,,Öğrenci Sayısı : 70
Muş,Varto,Kaynarca İmam Hatip Ortaokulu,763679,İmam Hatip Ortaokulu,https://vartokaynarcaiho.meb.k12.tr,,,https://vartokaynarcaiho.meb.k12.tr/tema/harita.php,2026-08-31,130,130,bulundu,https://vartokaynarcaiho.meb.k12.tr/,2026-10-01T19:09:18.818551+00:00,,Öğrenci Sayısı : 130
Muş,Varto,Kumlukıyı İlkokulu,736975,İlkokul,https://vartokumlukiyiio.meb.k12.tr,,,https://vartokumlukiyiio.meb.k12.tr/tema/harita.php,2026-08-31,14,14,bulundu,https://vartokumlukiyiio.meb.k12.tr/,2026-10-01T19:09:18.874601+00:00,,Öğrenci Sayısı 14
Muş,Varto,Leylek İlkokulu,736985,İlkokul,https://vartoleylek.meb.k12.tr,,,https://vartoleylek.meb.k12.tr/tema/harita.php,2026-08-31,87,87,bulundu,https://vartoleylek.meb.k12.tr/,2026-10-01T19:09:18.886747+00:00,,Öğrenci Sayısı : 87
Muş,Varto,Mehmet Akif Ersoy İlkokulu,736994,İlkokul,https://vartomakif.meb.k12.tr,,,https://vartomakif.meb.k12.tr/tema/harita.php,2026-08-31,147,147,bulundu,https://vartomakif.meb.k12.tr/,2026-10-01T19:09:18.935744+00:00,,Öğrenci Sayısı 147
Muş,Varto,Ocaklı İlkokulu,737000,İlkokul,https://vartoocakliilkokulu.meb.k12.tr,,,https://vartoocakliilkokulu.meb.k12.tr/tema/harita.php,2026-08-31,25,25,bulundu,https://vartoocakliilkokulu.meb.k12.tr/,2026-10-01T19:09:18.954345+00:00,,Öğrenci Sayısı: 25
Muş,Varto,Sanlıca İlkokulu,737041,İlkokul,https://vartosanlicailkokulu.meb.k12.tr,,,https://vartosanlicailkokulu.meb.k12.tr/tema/harita.php,2026-08-31,17,17,bulundu,https://vartosanlicailkokulu.meb.k12.tr/,2026-10-01T19:09:19.020337+00:00,,Öğrenci Sayısı : 17
Muş,Varto,Sazlıca İlkokulu,745864,İlkokul,https://vartosazlicaio.meb.k12.tr,,,https://vartosazlicaio.meb.k12.tr/tema/harita.php,2026-08-31,106,106,bulundu,https://vartosazlicaio.meb.k12.tr/,2026-10-01T19:09:19.104137+00:00,,Öğrenci Sayısı 106
Muş,Varto,Sazlıca İmam Hatip Ortaokulu,763680,İmam Hatip Ortaokulu,https://sazlcaimamhatiportaokulu.meb.k12.tr,,,https://sazlcaimamhatiportaokulu.meb.k12.tr/tema/harita.php,2026-08-31,84,84,bulundu,https://sazlcaimamhatiportaokulu.meb.k12.tr/,2026-10-01T19:09:19.181840+00:00,,Öğrenci Sayısı 84
Muş,Varto,Selçuklu İmam Hatip Ortaokulu,748700,İmam Hatip Ortaokulu,https://vartoselcukluiho.meb.k12.tr,,,https://vartoselcukluiho.meb.k12.tr/tema/harita.php,2026-08-31,201,201,bulundu,https://vartoselcukluiho.meb.k12.tr/,2026-10-01T19:09:19.290431+00:00,,Öğrenci Sayısı : 201
Muş,Varto,Taşdibek İlkokulu,771082,İlkokul,https://vartotasdibekilkokulu.meb.k12.tr,,,https://vartotasdibekilkokulu.meb.k12.tr/tema/harita.php,2026-08-31,14,14,bulundu,https://vartotasdibekilkokulu.meb.k12.tr/,2026-10-01T19:09:19.379279+00:00,,Öğrenci Sayısı 14
Muş,Varto,Taşlıyayla İlkokulu,749786,İlkokul,https://vartotasliyaylailkokulu.meb.k12.tr,,,https://vartotasliyaylailkokulu.meb.k12.tr/tema/harita.php,2026-08-31,14,14,bulundu,https://vartotasliyaylailkokulu.meb.k12.tr/,2026-10-01T19:09:19.406685+00:00,,Öğrenci Sayısı 14
Muş,Varto,Tepeköy 60. Yıl İlkokulu,737067,İlkokul,https://vartotepekoy.meb.k12.tr,,,https://vartotepekoy.meb.k12.tr/tema/harita.php,2026-08-31,53,53,bulundu,https://vartotepekoy.meb.k12.tr/,2026-10-01T19:09:19.488181+00:00,,Öğrenci Sayısı 53
Muş,Varto,Varto Anadolu İmam Hatip Lisesi,188011,Anadolu İmam Hatip Lisesi,https://vartoaihl.meb.k12.tr,,,https://vartoaihl.meb.k12.tr/tema/harita.php,2026-08-31,206,206,bulundu,https://vartoaihl.meb.k12.tr/tema/okulumuz_hakkinda.php,2026-10-01T19:09:19.490610+00:00,,Öğrenci : 206
Muş,Varto,Varto Anaokulu,886737,Anaokulu,https://vartoanaokulu.meb.k12.tr,,,https://vartoanaokulu.meb.k12.tr/tema/harita.php,2026-08-31,101,101,bulundu,https://vartoanaokulu.meb.k12.tr/,2026-10-01T19:09:19.524045+00:00,,Öğrenci Sayısı: 101
Muş,Varto,Varto Halk Eğitimi Merkezi,188023,Halk Eğitimi Merkezi,https://vartohem.meb.k12.tr,,,https://vartohem.meb.k12.tr/tema/harita.php,2026-08-31,,,bulunamadi,,2026-10-01T19:09:19.694193+00:00,,
Muş,Varto,Varto Mesleki ve Teknik Anadolu Lisesi,187999,Mesleki ve Teknik Anadolu Lisesi,https://vartomtal.meb.k12.tr,,,https://vartomtal.meb.k12.tr/tema/harita.php,2026-08-31,306,306,bulundu,https://vartomtal.meb.k12.tr/,2026-10-01T19:09:19.715934+00:00,,Öğrenci Sayısı : 306
Muş,Varto,Varto Çaylar Ortaokulu,747710,Ortaokul,https://caylarybo.meb.k12.tr,,,https://caylarybo.meb.k12.tr/tema/harita.php,2026-08-31,,,bulunamadi,,2026-10-01T19:09:19.807375+00:00,,
Muş,Varto,Varto Öğretmenevi ve Akşam Sanat Okulu,971330,Öğretmenevi,https://vartoogretmenevi.meb.k12.tr,,,https://vartoogretmenevi.meb.k12.tr/tema/harita.php,2026-08-31,,,bulunamadi,,2026-10-01T19:09:19.915064+00:00,,
Muş,Varto,Yatılı Bölge Ortaokulu,747526,Ortaokul,https://vartoybo.meb.k12.tr,,,https://vartoybo.meb.k12.tr/tema/harita.php,2026-08-31,378,378,bulundu,https://vartoybo.meb.k12.tr/,2026-10-01T19:09:19.966567+00:00,,Öğrenci Sayısı : 378
Muş,Varto,Yayla İlkokulu,737077,İlkokul,https://vartoyaylailkokulu.meb.k12.tr,,,https://vartoyaylailkokulu.meb.k12.tr/tema/harita.php,2026-08-31,12,12,bulundu,https://vartoyaylailkokulu.meb.k12.tr/,2026-10-01T19:09:20.046576+00:00,,Öğrenci Sayısı: 12
Muş,Varto,Yeşilpınar İlkokulu,798319,İlkokul,https://vartoyesilpinar.meb.k12.tr,,,https://vartoyesilpinar.meb.k12.tr/tema/harita.php,2026-08-31,30,30,bulundu,https://vartoyesilpinar.meb.k12.tr/,2026-10-01T19:09:20.321764+00:00,,Öğrenci Sayısı 30
Muş,Varto,Yukarı Alagöz İlkokulu,737101,İlkokul,https://737101.meb.k12.tr,,,https://737101.meb.k12.tr/tema/harita.php,2026-08-31,21,21,bulundu,https://737101.meb.k12.tr/,2026-10-01T19:09:20.468996+00:00,,Öğrenci Sayısı 21
Muş,Varto,Yurttutan İlkokulu,737117,İlkokul,https://vartoyurttutanilkokulu.meb.k12.tr,,,https://vartoyurttutanilkokulu.meb.k12.tr/tema/harita.php,2026-08-31,31,31,bulundu,https://vartoyurttutanilkokulu.meb.k12.tr/,2026-10-01T19:09:20.478659+00:00,,Öğrenci Sayısı : 31
Muş,Varto,Yılanlı İlkokulu,737096,İlkokul,https://vartoyilanli.meb.k12.tr,,,https://vartoyilanli.meb.k12.tr/tema/harita.php,2026-08-31,39,39,bulundu,https://vartoyilanli.meb.k12.tr/,2026-10-01T19:09:20.485444+00:00,,Öğrenci Sayısı 39
Muş,Varto,Çayçatı İlkokulu,736426,İlkokul,https://vartocaycatiio.meb.k12.tr,,,https://vartocaycatiio.meb.k12.tr/tema/harita.php,2026-08-31,85,85,bulundu,https://vartocaycatiio.meb.k12.tr/,2026-10-01T19:09:20.529259+00:00,,Öğrenci Sayısı : 85
Muş,Varto,Çayçatı İmam Hatip Ortaokulu,763623,İmam Hatip Ortaokulu,https://vartocaycatiiho.meb.k12.tr,,,https://vartocaycatiiho.meb.k12.tr/tema/harita.php,2026-08-31,75,75,bulundu,https://vartocaycatiiho.meb.k12.tr/,2026-10-01T19:09:20.666693+00:00,,Öğrenci Sayısı : 75
Muş,Varto,Çağlek İlkokulu,771083,İlkokul,https://771083.meb.k12.tr,,,https://771083.meb.k12.tr/tema/harita.php,2026-08-31,17,17,bulundu,https://771083.meb.k12.tr/,2026-10-01T19:09:20.673378+00:00,,Öğrenci Sayısı : 17
Muş,Varto,Ölçekli İlkokulu,737018,İlkokul,https://vartoolcekliilkokulu.meb.k12.tr,,,https://vartoolcekliilkokulu.meb.k12.tr/tema/harita.php,2026-08-31,52,52,bulundu,https://vartoolcekliilkokulu.meb.k12.tr/,2026-10-01T19:09:20.676256+00:00,,Öğrenci Sayısı: 52
Muş,Varto,Özkonak İlkokulu,737028,İlkokul,https://vartoozkonakilkokulu.meb.k12.tr,,,https://vartoozkonakilkokulu.meb.k12.tr/tema/harita.php,2026-08-31,24,24,bulundu,https://vartoozkonakilkokulu.meb.k12.tr/,2026-10-01T19:09:20.702093+00:00,,Öğrenci Sayısı 24
Muş,Varto,İlbey İlkokulu,736885,İlkokul,https://vartoilbey.meb.k12.tr,,,https://vartoilbey.meb.k12.tr/tema/harita.php,2026-08-31,37,37,bulundu,https://vartoilbey.meb.k12.tr/,2026-10-01T19:09:20.753062+00:00,,Öğrenci Sayısı : 37
Muş,Varto,Şehit Coşkun ÖZCAN İlkokulu,746280,İlkokul,https://sehitcoskunozcanilkokulu.meb.k12.tr,,,https://sehitcoskunozcanilkokulu.meb.k12.tr/tema/harita.php,2026-08-31,334,334,bulundu,https://sehitcoskunozcanilkokulu.meb.k12.tr/,2026-10-01T19:09:20.790685+00:00,,Öğrenci Sayısı 334
Muş,Varto,Şehit Serdar Akın Anadolu Lisesi,974901,Anadolu Lisesi,https://vartoal.meb.k12.tr,,,https://vartoal.meb.k12.tr/tema/harita.php,2026-08-31,435,435,bulundu,https://vartoal.meb.k12.tr/,2026-10-01T19:09:20.814860+00:00,,Öğrenci Sayısı : 435
Nevşehir,Acıgöl,15 Temmuz Mesleki ve Teknik Anadolu Lisesi,764982,Mesleki ve Teknik Anadolu Lisesi,https://acigol15temmuzmtal.meb.k12.tr,,,https://acigol15temmuzmtal.meb.k12.tr/tema/harita.php,2026-08-31,128,128,bulundu,https://acigol15temmuzmtal.meb.k12.tr/,2026-10-01T19:09:20.872626+00:00,,Öğrenci Sayısı : 128
Nevşehir,Acıgöl,Acıgöl 4 Temmuz Ortaokulu,710628,Ortaokul,https://4temmuzoo.meb.k12.tr,,,https://4temmuzoo.meb.k12.tr/tema/harita.php,2026-08-31,194,194,bulundu,https://4temmuzoo.meb.k12.tr/,2026-10-01T19:09:21.538654+00:00,,Öğrenci Sayısı 194
Nevşehir,Acıgöl,Acıgöl 4 Temmuz İlkokulu,706621,İlkokul,https://4temmuzio.meb.k12.tr,,,https://4temmuzio.meb.k12.tr/tema/harita.php,2026-08-31,170,170,bulundu,https://4temmuzio.meb.k12.tr/,2026-10-01T19:09:21.680011+00:00,,Öğrenci Sayısı 170
Nevşehir,Acıgöl,Acıgöl Anadolu İmam Hatip Lisesi,373175,Anadolu İmam Hatip Lisesi,https://acigolihl.meb.k12.tr,,,https://acigolihl.meb.k12.tr/tema/harita.php,2026-08-31,74,74,bulundu,https://acigolihl.meb.k12.tr/,2026-10-01T19:09:21.962128+00:00,,Öğrenci Sayısı : 74
Nevşehir,Acıgöl,Acıgöl Atatürk İlkokulu,702862,İlkokul,https://acigolataturkilkokulu.meb.k12.tr,,,https://acigolataturkilkokulu.meb.k12.tr/tema/harita.php,2026-08-31,107,107,bulundu,https://acigolataturkilkokulu.meb.k12.tr/,2026-10-01T19:09:22.018362+00:00,,Öğrenci Sayısı 107
Nevşehir,Acıgöl,Acıgöl Halk Eğitimi Merkezi,230347,Halk Eğitimi Merkezi,https://acigolhem.meb.k12.tr,,,https://acigolhem.meb.k12.tr/tema/harita.php,2026-08-31,,,bulunamadi,,2026-10-01T19:09:22.229952+00:00,,
Nevşehir,Acıgöl,Acıgöl Kız Mesleki ve Teknik Anadolu Lisesi,974033,Mesleki ve Teknik Anadolu Lisesi,https://acigolmtal.meb.k12.tr,,,https://acigolmtal.meb.k12.tr/tema/harita.php,2026-08-31,126,126,bulundu,https://acigolmtal.meb.k12.tr/,2026-10-01T19:09:22.279082+00:00,,Öğrenci Sayısı : 126
Nevşehir,Acıgöl,Acıgöl Şehit Latif Adıgüzel İmam Hatip Ortaokulu,749851,İmam Hatip Ortaokulu,https://acigolimamhatiportaokulu.meb.k12.tr,,,https://acigolimamhatiportaokulu.meb.k12.tr/tema/harita.php,2026-08-31,73,73,bulundu,https://acigolimamhatiportaokulu.meb.k12.tr/,2026-10-01T19:09:22.304208+00:00,,Öğrenci Sayısı : 73
Nevşehir,Acıgöl,Acıgöl Şehit İsa Çokyiğit Ortaokulu,702865,Ortaokul,https://acigolsehitisacokyigitortaokulu.meb.k12.tr,,,https://acigolsehitisacokyigitortaokulu.meb.k12.tr/tema/harita.php,2026-08-31,164,164,bulundu,https://acigolsehitisacokyigitortaokulu.meb.k12.tr/,2026-10-01T19:09:23.046410+00:00,,Öğrenci Sayısı : 164
Nevşehir,Acıgöl,Ağıllı Ortaokulu,710432,Ortaokul,https://agilliortaokulu.meb.k12.tr,,,https://agilliortaokulu.meb.k12.tr/tema/harita.php,2026-08-31,27,27,bulundu,https://agilliortaokulu.meb.k12.tr/,2026-10-01T19:09:23.048604+00:00,,Öğrenci Sayısı : 27
Nevşehir,Acıgöl,Ağıllı İlkokulu,710437,İlkokul,https://agilliilkokulu.meb.k12.tr,,,https://agilliilkokulu.meb.k12.tr/tema/harita.php,2026-08-31,31,31,bulundu,https://agilliilkokulu.meb.k12.tr/,2026-10-01T19:09:23.333900+00:00,,Öğrenci Sayısı: 31
Nevşehir,Acıgöl,Damat İbrahim Paşa Anadolu Lisesi,188202,Anadolu Lisesi,https://diplisesi.meb.k12.tr,,,https://diplisesi.meb.k12.tr/tema/harita.php,2026-08-31,149,149,bulundu,https://diplisesi.meb.k12.tr/,2026-10-01T19:09:23.071837+00:00,,Öğrenci Sayısı : 149
Nevşehir,Acıgöl,Karacaören Cumhuriyet Ortaokulu,710618,Ortaokul,https://karacaorencumhuriyetortaokulu.meb.k12.tr,,,https://karacaorencumhuriyetortaokulu.meb.k12.tr/tema/harita.php,2026-08-31,57,57,bulundu,https://karacaorencumhuriyetortaokulu.meb.k12.tr/,2026-10-01T19:09:23.062810+00:00,,Öğrenci Sayısı : 57
Nevşehir,Acıgöl,Karacaören Cumhuriyet İlkokulu,710624,İlkokul,https://karacaorencumhuriyetilkokulu.meb.k12.tr,,,https://karacaorencumhuriyetilkokulu.meb.k12.tr/tema/harita.php,2026-08-31,112,112,bulundu,https://karacaorencumhuriyetilkokulu.meb.k12.tr/,2026-10-01T19:09:23.058783+00:00,,Öğrenci Sayısı : 112
Nevşehir,Acıgöl,Karacaören Ortaokulu,710590,Ortaokul,https://acigolkaracaorenortaokulu.meb.k12.tr,,,https://acigolkaracaorenortaokulu.meb.k12.tr/tema/harita.php,2026-08-31,84,84,bulundu,https://acigolkaracaorenortaokulu.meb.k12.tr/,2026-10-01T19:09:23.057998+00:00,,Öğrenci Sayısı : 84
Nevşehir,Acıgöl,Karacaören Şehit Yunus Yılmaz İlkokulu,710595,İlkokul,https://acigolkaracaorenilkokulu.meb.k12.tr,,,https://acigolkaracaorenilkokulu.meb.k12.tr/tema/harita.php,2026-08-31,115,115,bulundu,https://acigolkaracaorenilkokulu.meb.k12.tr/,2026-10-01T19:09:23.048004+00:00,,Öğrenci Sayısı 115
Nevşehir,Acıgöl,Karapınar Esentepe İlkokulu,702872,İlkokul,https://karapinaresentepeilkokulu.meb.k12.tr,,,https://karapinaresentepeilkokulu.meb.k12.tr/tema/harita.php,2026-08-31,91,91,bulundu,https://karapinaresentepeilkokulu.meb.k12.tr/,2026-10-01T19:09:23.323348+00:00,,Öğrenci Sayısı: 91
Nevşehir,Acıgöl,Karapınar İlkokulu,717929,İlkokul,https://karapinarilkokulu.meb.k12.tr,,,https://karapinarilkokulu.meb.k12.tr/tema/harita.php,2026-08-31,166,166,bulundu,https://karapinarilkokulu.meb.k12.tr/,2026-10-01T19:09:23.082815+00:00,,Öğrenci Sayısı 166
Nevşehir,Acıgöl,Karapınar İmam Hatip Ortaokulu,746662,İmam Hatip Ortaokulu,https://karapinar-iho.meb.k12.tr,,,https://karapinar-iho.meb.k12.tr/tema/harita.php,2026-08-31,274,274,bulundu,https://karapinar-iho.meb.k12.tr/,2026-10-01T19:09:23.354817+00:00,,Öğrenci Sayısı : 274
Nevşehir,Acıgöl,Kozluca İlkokulu,702878,İlkokul,https://acigolkozlucailkokulu.meb.k12.tr,,,https://acigolkozlucailkokulu.meb.k12.tr/tema/harita.php,2026-08-31,9,9,bulundu,https://acigolkozlucailkokulu.meb.k12.tr/,2026-10-01T19:09:23.095781+00:00,,Öğrenci Sayısı: 9
Nevşehir,Acıgöl,Kurugöl 70.Yıl Ortaokulu,710720,Ortaokul,https://kurugol70yilortaokulu.meb.k12.tr,,,https://kurugol70yilortaokulu.meb.k12.tr/tema/harita.php,2026-08-31,40,40,bulundu,https://kurugol70yilortaokulu.meb.k12.tr/,2026-10-01T19:09:23.349050+00:00,,Öğrenci Sayısı : 40
Nevşehir,Acıgöl,Kurugöl 70.Yıl İlkokulu,710715,İlkokul,https://kurugol70yililkokulu.meb.k12.tr,,,https://kurugol70yililkokulu.meb.k12.tr/tema/harita.php,2026-08-31,54,54,bulundu,https://kurugol70yililkokulu.meb.k12.tr/,2026-10-01T19:09:23.375859+00:00,,Öğrenci Sayısı : 54
Nevşehir,Acıgöl,M.Zeki Hanoğlu İlkokulu,702870,İlkokul,https://mzhanoglu.meb.k12.tr,,,https://mzhanoglu.meb.k12.tr/tema/harita.php,2026-08-31,159,159,bulundu,https://mzhanoglu.meb.k12.tr/,2026-10-01T19:09:23.095080+00:00,,Öğrenci Sayısı 159
Nevşehir,Acıgöl,Nene Hatun Anaokulu,973698,Anaokulu,https://nenehatun50.meb.k12.tr,,,https://nenehatun50.meb.k12.tr/tema/harita.php,2026-08-31,114,114,bulundu,https://nenehatun50.meb.k12.tr/,2026-10-01T19:09:23.083858+00:00,,Öğrenci Sayısı: 114
Nevşehir,Acıgöl,Tatlarin Ortaokulu,710725,Ortaokul,https://tatlarinoo.meb.k12.tr,,,https://tatlarinoo.meb.k12.tr/tema/harita.php,2026-08-31,88,88,bulundu,https://tatlarinoo.meb.k12.tr/,2026-10-01T19:09:23.680189+00:00,,Öğrenci Sayısı 88
Nevşehir,Acıgöl,Tatlarin İmam Hatip Ortaokulu,758655,İmam Hatip Ortaokulu,https://tatlariniho.meb.k12.tr,,,https://tatlariniho.meb.k12.tr/tema/harita.php,2026-08-31,9,9,bulundu,https://tatlariniho.meb.k12.tr/,2026-10-01T19:09:23.745406+00:00,,Öğrenci Sayısı 9
Nevşehir,Acıgöl,Tatlarin Şehit Ahmet Tekdemir İlkokulu,710731,İlkokul,https://tatlarinilkokulu.meb.k12.tr,,,https://tatlarinilkokulu.meb.k12.tr/tema/harita.php,2026-08-31,101,101,bulundu,https://tatlarinilkokulu.meb.k12.tr/,2026-10-01T19:09:23.800655+00:00,,Öğrenci Sayısı : 101
Nevşehir,Acıgöl,Tepeköy Ortaokulu,710853,Ortaokul,https://tepekoyoo.meb.k12.tr,,,https://tepekoyoo.meb.k12.tr/tema/harita.php,2026-08-31,33,33,bulundu,https://tepekoyoo.meb.k12.tr/,2026-10-01T19:09:23.982358+00:00,,Öğrenci Sayısı : 33
Nevşehir,Acıgöl,Tepeköy İlkokulu,710859,İlkokul,https://tepekoyilkokulu.meb.k12.tr,,,https://tepekoyilkokulu.meb.k12.tr/tema/harita.php,2026-08-31,40,40,bulundu,https://tepekoyilkokulu.meb.k12.tr/,2026-10-01T19:09:24.242831+00:00,,Öğrenci Sayısı 40
Nevşehir,Acıgöl,Topaç Ortaokulu,710864,Ortaokul,https://topacortaokulu.meb.k12.tr,,,https://topacortaokulu.meb.k12.tr/tema/harita.php,2026-08-31,81,81,bulundu,https://topacortaokulu.meb.k12.tr/,2026-10-01T19:09:24.290876+00:00,,Öğrenci Sayısı 81
Nevşehir,Acıgöl,Topaç Şehit Bekir Şahin İlkokulu,710868,İlkokul,https://topacilkokulu.meb.k12.tr,,,https://topacilkokulu.meb.k12.tr/tema/harita.php,2026-08-31,103,103,bulundu,https://topacilkokulu.meb.k12.tr/,2026-10-01T19:09:24.337195+00:00,,Öğrenci Sayısı 103
Nevşehir,Acıgöl,İnallı Ortaokulu,710419,Ortaokul,https://inalliortaokulu.meb.k12.tr,,,https://inalliortaokulu.meb.k12.tr/tema/harita.php,2026-08-31,28,28,bulundu,https://inalliortaokulu.meb.k12.tr/,2026-10-01T19:09:24.425580+00:00,,Öğrenci Sayısı 28
Nevşehir,Acıgöl,İnallı İlkokulu,710255,İlkokul,https://inalliilkokulu.meb.k12.tr,,,https://inalliilkokulu.meb.k12.tr/tema/harita.php,2026-08-31,35,35,bulundu,https://inalliilkokulu.meb.k12.tr/,2026-10-01T19:09:24.700740+00:00,,Öğrenci Sayısı 35
Nevşehir,Avanos,Ahmet Ergün Ortaokulu,330277,Ortaokul,https://ahmetergun.meb.k12.tr,,,https://ahmetergun.meb.k12.tr/tema/harita.php,2026-08-31,245,245,bulundu,https://ahmetergun.meb.k12.tr/,2026-10-01T19:09:24.809877+00:00,,Öğrenci Sayısı 245
Nevşehir,Avanos,Akarca Ortaokulu,705839,Ortaokul,https://akarcaortaokulu.meb.k12.tr,,,https://akarcaortaokulu.meb.k12.tr/tema/harita.php,2026-08-31,38,38,bulundu,https://akarcaortaokulu.meb.k12.tr/,2026-10-01T19:09:24.837475+00:00,,Öğrenci Sayısı 38
Nevşehir,Avanos,Akarca İlkokulu,705791,İlkokul,https://avanosakarca.meb.k12.tr,,,https://avanosakarca.meb.k12.tr/tema/harita.php,2026-08-31,38,38,bulundu,https://avanosakarca.meb.k12.tr/,2026-10-01T19:09:24.857763+00:00,,Öğrenci Sayısı 38
Nevşehir,Avanos,Alaettin İlkokulu,705199,İlkokul,https://alaettinilkokulu.meb.k12.tr,,,https://alaettinilkokulu.meb.k12.tr/tema/harita.php,2026-08-31,113,113,bulundu,https://alaettinilkokulu.meb.k12.tr/,2026-10-01T19:09:24.862022+00:00,,Öğrenci Sayısı : 113
Nevşehir,Avanos,Avanos Anadolu Lisesi,964407,Anadolu Lisesi,https://avanosal.meb.k12.tr,,,https://avanosal.meb.k12.tr/tema/harita.php,2026-08-31,142,142,bulundu,https://avanosal.meb.k12.tr/,2026-10-01T19:09:25.016843+00:00,,Öğrenci Sayısı : 142
Nevşehir,Avanos,Avanos Anadolu İmam Hatip Lisesi,373187,Anadolu İmam Hatip Lisesi,https://avanosihl.meb.k12.tr,,,https://avanosihl.meb.k12.tr/tema/harita.php,2026-08-31,89,89,bulundu,https://avanosihl.meb.k12.tr/,2026-10-01T19:09:25.030332+00:00,,Öğrenci Sayısı : 89
Nevşehir,Avanos,Avanos Cumhuriyet İlkokulu,384649,İlkokul,https://avanoscumhuriyetilkokulu.meb.k12.tr,,,https://avanoscumhuriyetilkokulu.meb.k12.tr/tema/harita.php,2026-08-31,312,312,bulundu,https://avanoscumhuriyetilkokulu.meb.k12.tr/,2026-10-01T19:09:25.105823+00:00,,Öğrenci Sayısı: 312
Nevşehir,Avanos,Avanos Halk Eğitimi Merkezi,188550,Halk Eğitimi Merkezi,https://avanoshem.meb.k12.tr,,,https://avanoshem.meb.k12.tr/tema/harita.php,2026-08-31,,,bulunamadi,,2026-10-01T19:09:25.112202+00:00,,
Nevşehir,Avanos,Avanos Kızılırmak Mesleki ve Teknik Anadolu Lisesi,188537,Mesleki ve Teknik Anadolu Lisesi,https://avanoseml.meb.k12.tr,,,https://avanoseml.meb.k12.tr/tema/harita.php,2026-08-31,160,160,bulundu,https://avanoseml.meb.k12.tr/,2026-10-01T19:09:25.123030+00:00,,Öğrenci Sayısı : 160
Nevşehir,Avanos,Avanos Mehmet Akif Ersoy Ortaokulu,705181,Ortaokul,https://avanosmehmetakif.meb.k12.tr,,,https://avanosmehmetakif.meb.k12.tr/tema/harita.php,2026-08-31,213,213,bulundu,https://avanosmehmetakif.meb.k12.tr/,2026-10-01T19:09:25.198275+00:00,,Öğrenci Sayısı : 213
Nevşehir,Avanos,Avanos Öğretmenevi ve Akşam Sanat Okulu,963601,Öğretmenevi,https://avanosogretmenevi.meb.k12.tr,,,https://avanosogretmenevi.meb.k12.tr/tema/harita.php,2026-08-31,,,bulunamadi,,2026-10-01T19:09:25.274817+00:00,,
Nevşehir,Avanos,Avanos İmam Hatip Ortaokulu,705239,İmam Hatip Ortaokulu,https://avanosiho.meb.k12.tr,,,https://avanosiho.meb.k12.tr/tema/harita.php,2026-08-31,94,94,bulundu,https://avanosiho.meb.k12.tr/,2026-10-01T19:09:25.285386+00:00,,Öğrenci Sayısı : 94
Nevşehir,Avanos,Ayhanlar Ortaokulu,706867,Ortaokul,https://ayhanlaroo.meb.k12.tr,,,https://ayhanlaroo.meb.k12.tr/tema/harita.php,2026-08-31,54,54,bulundu,https://ayhanlaroo.meb.k12.tr/,2026-10-01T19:09:25.343171+00:00,,Öğrenci Sayısı : 54
Nevşehir,Avanos,Ayhanlar İlkokulu,706600,İlkokul,https://ayhanlario.meb.k12.tr,,,https://ayhanlario.meb.k12.tr/tema/harita.php,2026-08-31,81,81,bulundu,https://ayhanlario.meb.k12.tr/,2026-10-01T19:09:25.384119+00:00,,Öğrenci Sayısı : 81
Nevşehir,Avanos,Bahçelievler 100.Yıl İlkokulu,705228,İlkokul,https://avanos100yil.meb.k12.tr,,,https://avanos100yil.meb.k12.tr/tema/harita.php,2026-08-31,,,bulunamadi,,2026-10-01T19:09:25.472754+00:00,,
Nevşehir,Avanos,Bozca İlkokulu,702885,İlkokul,https://bozcailkokulu.meb.k12.tr,,,https://bozcailkokulu.meb.k12.tr/tema/harita.php,2026-08-31,23,23,bulundu,https://bozcailkokulu.meb.k12.tr/,2026-10-01T19:09:25.490886+00:00,,Öğrenci Sayısı 23
Nevşehir,Avanos,Göynük İlkokulu,706371,İlkokul,https://avanosgoynukio.meb.k12.tr,,,https://avanosgoynukio.meb.k12.tr/tema/harita.php,2026-08-31,27,27,bulundu,https://avanosgoynukio.meb.k12.tr/,2026-10-01T19:09:25.532293+00:00,,Öğrenci Sayısı : 27
Nevşehir,Avanos,Kalaba Atatürk İlkokulu,408085,İlkokul,https://kalabaataturk.meb.k12.tr,,,https://kalabaataturk.meb.k12.tr/tema/harita.php,2026-08-31,,,bulunamadi,,2026-10-01T19:09:25.547197+00:00,,
Nevşehir,Avanos,Kalaba Fatih Sultan Mehmet Anadolu Lisesi,751023,Anadolu Lisesi,https://751023.meb.k12.tr,,,https://751023.meb.k12.tr/tema/harita.php,2026-08-31,84,84,bulundu,https://751023.meb.k12.tr/tema/okulumuz_hakkinda.php,2026-10-01T19:09:25.584806+00:00,,Öğrenci : 84
Nevşehir,Avanos,Kalaba Kazım Karabekir Ortaokulu,702890,Ortaokul,https://kalabakazimkarabekir.meb.k12.tr,,,https://kalabakazimkarabekir.meb.k12.tr/tema/harita.php,2026-08-31,123,123,bulundu,https://kalabakazimkarabekir.meb.k12.tr/,2026-10-01T19:09:25.748965+00:00,,Öğrenci Sayısı 123
Nevşehir,Avanos,Kalaba Mehmet Akif Ersoy Ortaokulu,408886,Ortaokul,https://kalabamaersoy.meb.k12.tr,,,https://kalabamaersoy.meb.k12.tr/tema/harita.php,2026-08-31,96,96,bulundu,https://kalabamaersoy.meb.k12.tr/,2026-10-01T19:09:25.762350+00:00,,Öğrenci Sayısı : 96
Nevşehir,Avanos,Kalaba Meliha Hamdi Köroğlu İlkokulu,973046,İlkokul,https://melihahamdikorogluio.meb.k12.tr,,,https://melihahamdikorogluio.meb.k12.tr/tema/harita.php,2026-08-31,58,58,bulundu,https://melihahamdikorogluio.meb.k12.tr/,2026-10-01T19:09:25.788278+00:00,,Öğrenci Sayısı 58
Nevşehir,Avanos,Kalaba Yunus Emre İlkokulu,702897,İlkokul,https://kalabayunusemreio.meb.k12.tr,,,https://kalabayunusemreio.meb.k12.tr/tema/harita.php,2026-08-31,67,67,bulundu,https://kalabayunusemreio.meb.k12.tr/,2026-10-01T19:09:25.814681+00:00,,Öğrenci Sayısı 67
Nevşehir,Avanos,Kapadokya Anaokulu,973472,Anaokulu,https://kapadokyaanaokulu.meb.k12.tr,,,https://kapadokyaanaokulu.meb.k12.tr/tema/harita.php,2026-08-31,149,149,bulundu,https://kapadokyaanaokulu.meb.k12.tr/,2026-10-01T19:09:25.864821+00:00,,Öğrenci Sayısı: 149
Nevşehir,Avanos,Kız Mesleki ve Teknik Anadolu Lisesi,869113,Mesleki ve Teknik Anadolu Lisesi,https://avanosktml.meb.k12.tr,,,https://avanosktml.meb.k12.tr/tema/harita.php,2026-08-31,134,134,bulundu,https://avanosktml.meb.k12.tr/,2026-10-01T19:09:25.972480+00:00,,Öğrenci Sayısı 134
Nevşehir,Avanos,Mahmat Şehit Murat Koç Ortaokulu,705298,Ortaokul,https://mahmatsehitmuratkocortaokulu.meb.k12.tr,,,https://mahmatsehitmuratkocortaokulu.meb.k12.tr/tema/harita.php,2026-08-31,34,34,bulundu,https://mahmatsehitmuratkocortaokulu.meb.k12.tr/,2026-10-01T19:09:26.007005+00:00,,Öğrenci Sayısı 34
Nevşehir,Avanos,Mahmat Şehit Murat Koç İlkokulu,705302,İlkokul,https://mahmatsehitmuratkocilkokulu.meb.k12.tr,,,https://mahmatsehitmuratkocilkokulu.meb.k12.tr/tema/harita.php,2026-08-31,38,38,bulundu,https://mahmatsehitmuratkocilkokulu.meb.k12.tr/,2026-10-01T19:09:26.010747+00:00,,Öğrenci Sayısı 38
Nevşehir,Avanos,Nazife Mustafa Ergün İlkokulu,748650,İlkokul,https://nazifemustafaergnilkokulu.meb.k12.tr,,,https://nazifemustafaergnilkokulu.meb.k12.tr/tema/harita.php,2026-08-31,108,108,bulundu,https://nazifemustafaergnilkokulu.meb.k12.tr/,2026-10-01T19:09:26.180259+00:00,,Öğrenci Sayısı : 108
Nevşehir,Avanos,Paşalı Şehit Hasan Güven İlkokulu,705246,İlkokul,https://pasalisehithasanguvenilkokulu.meb.k12.tr,,,https://pasalisehithasanguvenilkokulu.meb.k12.tr/tema/harita.php,2026-08-31,22,22,bulundu,https://pasalisehithasanguvenilkokulu.meb.k12.tr/,2026-10-01T19:09:26.202816+00:00,,Öğrenci Sayısı : 22
Nevşehir,Avanos,Sarılar İlkokulu,706382,İlkokul,https://sarilarilkokulu.meb.k12.tr,,,https://sarilarilkokulu.meb.k12.tr/tema/harita.php,2026-08-31,14,14,bulundu,https://sarilarilkokulu.meb.k12.tr/,2026-10-01T19:09:26.234031+00:00,,Öğrenci Sayısı 14
Nevşehir,Avanos,Topaklı Ortaokulu,706821,Ortaokul,https://topakliortaokulu.meb.k12.tr,,,https://topakliortaokulu.meb.k12.tr/tema/harita.php,2026-08-31,37,37,bulundu,https://topakliortaokulu.meb.k12.tr/,2026-10-01T19:09:26.264909+00:00,,Öğrenci Sayısı : 37
Nevşehir,Avanos,Topaklı İlkokulu,408193,İlkokul,https://topakliilkokulu.meb.k12.tr,,,https://topakliilkokulu.meb.k12.tr/tema/harita.php,2026-08-31,39,39,bulundu,https://topakliilkokulu.meb.k12.tr/,2026-10-01T19:09:26.374193+00:00,,Öğrenci Sayısı 39
Nevşehir,Avanos,Türkeli Çok Programlı Anadolu Lisesi,325995,Çok Programlı Anadolu Lisesi,https://turkelicpal.meb.k12.tr,,,https://turkelicpal.meb.k12.tr/tema/harita.php,2026-08-31,90,90,bulundu,https://turkelicpal.meb.k12.tr/,2026-10-01T19:09:26.382667+00:00,,Öğrenci Sayısı 90
Nevşehir,Avanos,Türkeli Şehit Ömer Halisdemir İlkokulu,380806,İlkokul,https://calis.meb.k12.tr,,,https://calis.meb.k12.tr/tema/harita.php,2026-08-31,,,bulunamadi,,2026-10-01T19:09:26.403049+00:00,,
Nevşehir,Avanos,Çalış Ortaokulu,706852,Ortaokul,https://calisortaokul.meb.k12.tr,,,https://calisortaokul.meb.k12.tr/tema/harita.php,2026-08-31,,,bulunamadi,,2026-10-01T19:09:26.467233+00:00,,
Nevşehir,Avanos,Özkonak Cumhuriyet Ortaokulu,702902,Ortaokul,https://ozkonakcumhuriyetortaokulu.meb.k12.tr,,,https://ozkonakcumhuriyetortaokulu.meb.k12.tr/tema/harita.php,2026-08-31,144,144,bulundu,https://ozkonakcumhuriyetortaokulu.meb.k12.tr/,2026-10-01T19:09:26.470421+00:00,,Öğrenci Sayısı : 144
Nevşehir,Avanos,Özkonak Hacı Halil Türkkan Anadolu Lisesi,964060,Anadolu Lisesi,https://ozkonakhhtal.meb.k12.tr,,,https://ozkonakhhtal.meb.k12.tr/tema/harita.php,2026-08-31,100,100,bulundu,https://ozkonakhhtal.meb.k12.tr/,2026-10-01T19:09:26.540798+00:00,,Öğrenci Sayısı 100
Nevşehir,Avanos,Özkonak Mareşal Fevzi Çakmak İlkokulu,702905,İlkokul,https://ozkonakmaresalio.meb.k12.tr,,,https://ozkonakmaresalio.meb.k12.tr/tema/harita.php,2026-08-31,106,106,bulundu,https://ozkonakmaresalio.meb.k12.tr/,2026-10-01T19:09:26.606871+00:00,,Öğrenci Sayısı 106
Nevşehir,Avanos,ÜÇKUYU İLKOKULU,771341,İlkokul,https://771341.meb.k12.tr,,,https://771341.meb.k12.tr/tema/harita.php,2026-08-31,0,0,bulundu,https://771341.meb.k12.tr/,2026-10-01T19:09:26.620801+00:00,,Öğrenci Sayısı : 0
Nevşehir,Avanos,Şehit Demet Sezen İmam Hatip Ortaokulu,760359,İmam Hatip Ortaokulu,https://sehitdemetsezeniho.meb.k12.tr,,,https://sehitdemetsezeniho.meb.k12.tr/tema/harita.php,2026-08-31,43,43,bulundu,https://sehitdemetsezeniho.meb.k12.tr/tema/okulumuz_hakkinda.php,2026-10-01T19:09:27.077825+00:00,,Öğrenci : 43
Nevşehir,Avanos,Şehit Polis Halil Gün Ortaokulu,765679,Ortaokul,https://sehitpolishalilgunortaokulu.meb.k12.tr,,,https://sehitpolishalilgunortaokulu.meb.k12.tr/tema/harita.php,2026-08-31,213,213,bulundu,https://sehitpolishalilgunortaokulu.meb.k12.tr/,2026-10-01T19:09:27.091114+00:00,,Öğrenci Sayısı 213
Nevşehir,Avanos,Şehit Ömer Halisdemir İlkokulu,702886,İlkokul,https://cavusinio.meb.k12.tr,,,https://cavusinio.meb.k12.tr/tema/harita.php,2026-08-31,4,4,bulundu,https://cavusinio.meb.k12.tr/,2026-10-01T19:09:27.160496+00:00,,Öğrenci Sayısı: 4
Nevşehir,Derinkuyu,Derinkuyu 15 Temmuz Şehitleri İlkokulu,702942,İlkokul,https://derinkuyunamikkemalio.meb.k12.tr,,,https://derinkuyunamikkemalio.meb.k12.tr/tema/harita.php,2026-08-31,180,180,bulundu,https://derinkuyunamikkemalio.meb.k12.tr/,2026-10-01T19:09:27.183521+00:00,,Öğrenci Sayısı : 180
Nevşehir,Derinkuyu,Derinkuyu 24 Kasım İlkokulu,408599,İlkokul,https://derinkuyu24kasim.meb.k12.tr,,,https://derinkuyu24kasim.meb.k12.tr/tema/harita.php,2026-08-31,188,188,bulundu,https://derinkuyu24kasim.meb.k12.tr/,2026-10-01T19:09:27.189532+00:00,,Öğrenci Sayısı 188
Nevşehir,Derinkuyu,Derinkuyu Atatürk İlkokulu,408372,İlkokul,https://derinkuyuataturk.meb.k12.tr,,,https://derinkuyuataturk.meb.k12.tr/tema/harita.php,2026-08-31,153,153,bulundu,https://derinkuyuataturk.meb.k12.tr/,2026-10-01T19:09:27.321341+00:00,,Öğrenci Sayısı: 153
Nevşehir,Derinkuyu,Derinkuyu Cumhuriyet İlkokulu,408431,İlkokul,https://derinkuyucumhuriyet.meb.k12.tr,,,https://derinkuyucumhuriyet.meb.k12.tr/tema/harita.php,2026-08-31,282,282,bulundu,https://derinkuyucumhuriyet.meb.k12.tr/,2026-10-01T19:09:27.653943+00:00,,Öğrenci Sayısı : 282
Nevşehir,Derinkuyu,Derinkuyu Halk Eğitimi Merkezi,188608,Halk Eğitimi Merkezi,https://derinkuyuhem.meb.k12.tr,,,https://derinkuyuhem.meb.k12.tr/tema/harita.php,2026-08-31,,,bulunamadi,,2026-10-01T19:09:27.729673+00:00,,
Nevşehir,Derinkuyu,Derinkuyu Mehmet Akif Ersoy Ortaokulu,965118,Ortaokul,https://derinkuyumehmetakifersoy.meb.k12.tr,,,https://derinkuyumehmetakifersoy.meb.k12.tr/tema/harita.php,2026-08-31,205,205,bulundu,https://derinkuyumehmetakifersoy.meb.k12.tr/,2026-10-01T19:09:28.056177+00:00,,Öğrenci Sayısı : 205
Nevşehir,Derinkuyu,Derinkuyu Mehmet Ekmekci Anadolu Lisesi,970725,Anadolu Lisesi,https://derinkuyual.meb.k12.tr,,,https://derinkuyual.meb.k12.tr/tema/harita.php,2026-08-31,259,259,bulundu,https://derinkuyual.meb.k12.tr/,2026-10-01T19:09:28.068207+00:00,,Öğrenci Sayısı : 259
Nevşehir,Derinkuyu,Derinkuyu Zeliha Ekmekci Anadolu İmam Hatip Lisesi,373199,Anadolu İmam Hatip Lisesi,https://derinkuyuaihl.meb.k12.tr,,,https://derinkuyuaihl.meb.k12.tr/tema/harita.php,2026-08-31,219,219,bulundu,https://derinkuyuaihl.meb.k12.tr/,2026-10-01T19:09:28.101972+00:00,,Öğrenci Sayısı 219
Nevşehir,Derinkuyu,Derinkuyu İmam Hatip Ortaokulu,711821,İmam Hatip Ortaokulu,https://derinkuyuiho.meb.k12.tr,,,https://derinkuyuiho.meb.k12.tr/tema/harita.php,2026-08-31,60,60,bulundu,https://derinkuyuiho.meb.k12.tr/,2026-10-01T19:09:28.159614+00:00,,Öğrenci Sayısı : 60
Nevşehir,Derinkuyu,Derinkuyu Şehit Selçuk Karabakla Ortaokulu,881484,Ortaokul,https://derinkuyuselcukkarabaklaoo.meb.k12.tr,,,https://derinkuyuselcukkarabaklaoo.meb.k12.tr/tema/harita.php,2026-08-31,443,443,bulundu,https://derinkuyuselcukkarabaklaoo.meb.k12.tr/,2026-10-01T19:09:28.384131+00:00,,Öğrenci Sayısı 443
Nevşehir,Derinkuyu,Doğala İlkokulu,711764,İlkokul,https://dogalailkokulu.meb.k12.tr,,,https://dogalailkokulu.meb.k12.tr/tema/harita.php,2026-08-31,40,40,bulundu,https://dogalailkokulu.meb.k12.tr/,2026-10-01T19:09:28.578491+00:00,,Öğrenci Sayısı 40
Nevşehir,Derinkuyu,Doğala Şehit Turan Damgacı Ortaokulu,711762,Ortaokul,https://dogalaortaokulu.meb.k12.tr,,,https://dogalaortaokulu.meb.k12.tr/tema/harita.php,2026-08-31,36,36,bulundu,https://dogalaortaokulu.meb.k12.tr/tema/okulumuz_hakkinda.php,2026-10-01T19:09:28.607307+00:00,,Öğrenci : 36
Nevşehir,Derinkuyu,Fatih Ortaokulu,408705,Ortaokul,https://derinkuyufatihoo.meb.k12.tr,,,https://derinkuyufatihoo.meb.k12.tr/tema/harita.php,2026-08-31,138,138,bulundu,https://derinkuyufatihoo.meb.k12.tr/,2026-10-01T19:09:28.617267+00:00,,Öğrenci Sayısı 138
Nevşehir,Derinkuyu,Güneyce İlkokulu,702936,İlkokul,https://guneyce.meb.k12.tr,,,https://guneyce.meb.k12.tr/tema/harita.php,2026-08-31,13,13,bulundu,https://guneyce.meb.k12.tr/,2026-10-01T19:09:28.688059+00:00,,Öğrenci Sayısı 13
Nevşehir,Derinkuyu,Hakkı Atamulu Mesleki ve Teknik Anadolu Lisesi,386516,Mesleki ve Teknik Anadolu Lisesi,https://hatamulucpl.meb.k12.tr,,,https://hatamulucpl.meb.k12.tr/tema/harita.php,2026-08-31,136,136,bulundu,https://hatamulucpl.meb.k12.tr/,2026-10-01T19:09:28.743022+00:00,,Öğrenci Sayısı : 136
Nevşehir,Derinkuyu,Kuyulutatlar Erhan Karataş İmam Hatip Ortaokulu,758657,İmam Hatip Ortaokulu,https://erhankaratasiho.meb.k12.tr,,,https://erhankaratasiho.meb.k12.tr/tema/harita.php,2026-08-31,53,53,bulundu,https://erhankaratasiho.meb.k12.tr/,2026-10-01T19:09:28.799805+00:00,,Öğrenci Sayısı 53
Nevşehir,Derinkuyu,Kuyulutatlar Şehit Erhan Karataş İlkokulu,711770,İlkokul,https://kuyulutatlarilkokulu.meb.k12.tr,,,https://kuyulutatlarilkokulu.meb.k12.tr/tema/harita.php,2026-08-31,68,68,bulundu,https://kuyulutatlarilkokulu.meb.k12.tr/,2026-10-01T19:09:28.923264+00:00,,Öğrenci Sayısı 68
Nevşehir,Derinkuyu,Suvermez Ortaokulu,711826,Ortaokul,https://suvermezortaokulu.meb.k12.tr,,,https://suvermezortaokulu.meb.k12.tr/tema/harita.php,2026-08-31,74,74,bulundu,https://suvermezortaokulu.meb.k12.tr/,2026-10-01T19:09:29.027196+00:00,,Öğrenci Sayısı : 74
Nevşehir,Derinkuyu,Suvermez İlkokulu,711828,İlkokul,https://suvermezilkokulu.meb.k12.tr,,,https://suvermezilkokulu.meb.k12.tr/tema/harita.php,2026-08-31,103,103,bulundu,https://suvermezilkokulu.meb.k12.tr/,2026-10-01T19:09:29.067647+00:00,,Öğrenci Sayısı 103
Nevşehir,Derinkuyu,Til İlkokulu,711824,İlkokul,https://tililkokulu.meb.k12.tr,,,https://tililkokulu.meb.k12.tr/tema/harita.php,2026-08-31,41,41,bulundu,https://tililkokulu.meb.k12.tr/,2026-10-01T19:09:29.071070+00:00,,Öğrenci Sayısı 41
Nevşehir,Derinkuyu,YAZIHÜYÜK MUHSİN YAZICIOĞLU İLKOKULU,771269,İlkokul,https://771269.meb.k12.tr,,,https://771269.meb.k12.tr/tema/harita.php,2026-08-31,186,186,bulundu,https://771269.meb.k12.tr/,2026-10-01T19:09:29.094857+00:00,,Öğrenci Sayısı 186
Nevşehir,Derinkuyu,Yazıhüyük Gazi İlkokulu,711708,İlkokul,https://yazihuyukgaziio.meb.k12.tr,,,https://yazihuyukgaziio.meb.k12.tr/tema/harita.php,2026-08-31,207,207,bulundu,https://yazihuyukgaziio.meb.k12.tr/,2026-10-01T19:09:29.115238+00:00,,Öğrenci Sayısı 207
Nevşehir,Derinkuyu,Yazıhüyük Ortaokulu,711713,Ortaokul,https://yazihuyukortaokulu.meb.k12.tr,,,https://yazihuyukortaokulu.meb.k12.tr/tema/harita.php,2026-08-31,233,233,bulundu,https://yazihuyukortaokulu.meb.k12.tr/,2026-10-01T19:09:29.155330+00:00,,Öğrenci Sayısı : 233
Nevşehir,Derinkuyu,Çakıllı Şehit Kasım Poyraz İlkokulu,711677,İlkokul,https://cakilliilkokul.meb.k12.tr,,,https://cakilliilkokul.meb.k12.tr/tema/harita.php,2026-08-31,48,48,bulundu,https://cakilliilkokul.meb.k12.tr/,2026-10-01T19:09:29.191795+00:00,,Öğrenci Sayısı : 48
Nevşehir,Derinkuyu,Özlüce İlkokulu,711681,İlkokul,https://ozluceio.meb.k12.tr,,,https://ozluceio.meb.k12.tr/tema/harita.php,2026-08-31,31,31,bulundu,https://ozluceio.meb.k12.tr/,2026-10-01T19:09:29.322815+00:00,,Öğrenci Sayısı 31
Nevşehir,Derinkuyu,Özlüce İmam Hatip Ortaokulu,760343,İmam Hatip Ortaokulu,https://ozluceiho.meb.k12.tr,,,https://ozluceiho.meb.k12.tr/tema/harita.php,2026-08-31,31,31,bulundu,https://ozluceiho.meb.k12.tr/,2026-10-01T19:09:29.477838+00:00,,Öğrenci Sayısı 31
Nevşehir,Derinkuyu,Şehit Cihan ÇİFCİBAŞI Ortaokulu,408538,Ortaokul,https://sehitcihancifcibasioo.meb.k12.tr,,,https://sehitcihancifcibasioo.meb.k12.tr/tema/harita.php,2026-08-31,56,56,bulundu,https://sehitcihancifcibasioo.meb.k12.tr/tema/okulumuz_hakkinda.php,2026-10-01T19:09:29.502766+00:00,,Öğrenci : 56
Nevşehir,Derinkuyu,Şerife Bacı Anaokulu,974503,Anaokulu,https://derinkuyuserifebacianaokulu.meb.k12.tr,,,https://derinkuyuserifebacianaokulu.meb.k12.tr/tema/harita.php,2026-08-31,109,109,bulundu,https://derinkuyuserifebacianaokulu.meb.k12.tr/,2026-10-01T19:09:29.504631+00:00,,Öğrenci Sayısı: 109
Nevşehir,Gülşehir,100.Yıl Şehit Şahin Kaya Ortaokulu,709435,Ortaokul,https://gulsehir100yilortaokulu.meb.k12.tr,,,https://gulsehir100yilortaokulu.meb.k12.tr/tema/harita.php,2026-08-31,170,170,bulundu,https://gulsehir100yilortaokulu.meb.k12.tr/,2026-10-01T19:09:29.565458+00:00,,Öğrenci Sayısı : 170
Nevşehir,Gülşehir,15 Temmuz Şehitleri Anadolu İmam Hatip Lisesi,342578,Anadolu İmam Hatip Lisesi,https://gulsehir15temmuzsehitleriaihl.meb.k12.tr,,,https://gulsehir15temmuzsehitleriaihl.meb.k12.tr/tema/harita.php,2026-08-31,104,104,bulundu,https://gulsehir15temmuzsehitleriaihl.meb.k12.tr/tema/okulumuz_hakkinda.php,2026-10-01T19:09:29.570166+00:00,,Öğrenci : 104
Nevşehir,Gülşehir,Abuşağı Ortaokulu,710135,Ortaokul,https://abusagiortaokulu.meb.k12.tr,,,https://abusagiortaokulu.meb.k12.tr/tema/harita.php,2026-08-31,42,42,bulundu,https://abusagiortaokulu.meb.k12.tr/,2026-10-01T19:09:29.627980+00:00,,Öğrenci Sayısı : 42
Nevşehir,Gülşehir,Abuşağı İlkokulu,408813,İlkokul,https://abusagiilkokulu.meb.k12.tr,,,https://abusagiilkokulu.meb.k12.tr/tema/harita.php,2026-08-31,52,52,bulundu,https://abusagiilkokulu.meb.k12.tr/,2026-10-01T19:09:29.653915+00:00,,Öğrenci Sayısı : 52
Nevşehir,Gülşehir,Alparslan Ortaokulu,248897,Ortaokul,https://alparslan_ortaokulu.meb.k12.tr,,,https://alparslan_ortaokulu.meb.k12.tr/tema/harita.php,2026-08-31,,,bulunamadi,,2026-10-01T19:09:29.745580+00:00,,
Nevşehir,Gülşehir,Emmiler Ortaokulu,709849,Ortaokul,https://emmilerortaokulu.meb.k12.tr,,,https://emmilerortaokulu.meb.k12.tr/tema/harita.php,2026-08-31,30,30,bulundu,https://emmilerortaokulu.meb.k12.tr/,2026-10-01T19:09:29.859120+00:00,,Öğrenci Sayısı : 30
Nevşehir,Gülşehir,Emmiler İlkokulu,245138,İlkokul,https://emmiler_ilkokulu.meb.k12.tr,,,https://emmiler_ilkokulu.meb.k12.tr/tema/harita.php,2026-08-31,,,bulunamadi,,2026-10-01T19:09:29.876081+00:00,,
Nevşehir,Gülşehir,Gökçetoprak İlkokulu,702923,İlkokul,https://gokcetoprakio.meb.k12.tr,,,https://gokcetoprakio.meb.k12.tr/tema/harita.php,2026-08-31,25,25,bulundu,https://gokcetoprakio.meb.k12.tr/tema/okulumuz_hakkinda.php,2026-10-01T19:09:29.966181+00:00,,Öğrenci : 25
Nevşehir,Gülşehir,Gülşehir Atatürk İlkokulu,709516,İlkokul,https://gulsehirataturkio.meb.k12.tr,,,https://gulsehirataturkio.meb.k12.tr/tema/harita.php,2026-08-31,195,195,bulundu,https://gulsehirataturkio.meb.k12.tr/,2026-10-01T19:09:29.979994+00:00,,Öğrenci Sayısı 195
Nevşehir,Gülşehir,Gülşehir Ovaören Şehit Pilot Üsteğmen Yasin Boy Ortaokulu,710128,Ortaokul,https://ovaorenortaokulu.meb.k12.tr,,,https://ovaorenortaokulu.meb.k12.tr/tema/harita.php,2026-08-31,50,50,bulundu,https://ovaorenortaokulu.meb.k12.tr/,2026-10-01T19:09:30.017088+00:00,,Öğrenci Sayısı : 50
Nevşehir,Gülşehir,Gülşehir Tomurcuk Anaokulu,970877,Anaokulu,https://tomurcuk-anaokulu.meb.k12.tr,,,https://tomurcuk-anaokulu.meb.k12.tr/tema/harita.php,2026-08-31,181,181,bulundu,https://tomurcuk-anaokulu.meb.k12.tr/,2026-10-01T19:09:30.060622+00:00,,Öğrenci Sayısı 181
Nevşehir,Gülşehir,Gülşehir Öğretmenevi ve Akşam Sanat Okulu Müdürlüğü,764096,Öğretmenevi,https://gulsehirogretmenevi.meb.k12.tr,,,https://gulsehirogretmenevi.meb.k12.tr/tema/harita.php,2026-08-31,,,bulunamadi,,2026-10-01T19:09:30.128208+00:00,,
Nevşehir,Gülşehir,Gülşehir Şehit Ali Rıza Güneş Halk Eğitimi Merkezi,188728,Halk Eğitimi Merkezi,https://gulsehirhalkegitim.meb.k12.tr,,,https://gulsehirhalkegitim.meb.k12.tr/tema/harita.php,2026-08-31,,,bulunamadi,,2026-10-01T19:09:30.161355+00:00,,
Nevşehir,Gülşehir,Karacaşar Ortaokulu,710115,Ortaokul,https://karacasar-oo.meb.k12.tr,,,https://karacasar-oo.meb.k12.tr/tema/harita.php,2026-08-31,109,109,bulundu,https://karacasar-oo.meb.k12.tr/,2026-10-01T19:09:30.257356+00:00,,Öğrenci Sayısı : 109
Nevşehir,Gülşehir,Karacaşar İlkokulu,710119,İlkokul,https://karacasar-io.meb.k12.tr,,,https://karacasar-io.meb.k12.tr/tema/harita.php,2026-08-31,125,125,bulundu,https://karacasar-io.meb.k12.tr/,2026-10-01T19:09:30.319727+00:00,,Öğrenci Sayısı : 125
Nevşehir,Gülşehir,Karavezir İlkokulu,976441,İlkokul,https://karavezir.meb.k12.tr,,,https://karavezir.meb.k12.tr/tema/harita.php,2026-08-31,244,244,bulundu,https://karavezir.meb.k12.tr/,2026-10-01T19:09:30.360545+00:00,,Öğrenci Sayısı : 244
Nevşehir,Gülşehir,Kızılkaya İlkokulu,709727,İlkokul,https://kizilkaya50.meb.k12.tr,,,https://kizilkaya50.meb.k12.tr/tema/harita.php,2026-08-31,20,20,bulundu,https://kizilkaya50.meb.k12.tr/,2026-10-01T19:09:30.376973+00:00,,Öğrenci Sayısı: 20
Nevşehir,Gülşehir,Ovaören İlkokulu,245163,İlkokul,https://ovaorenilkokulu.meb.k12.tr,,,https://ovaorenilkokulu.meb.k12.tr/tema/harita.php,2026-08-31,37,37,bulundu,https://ovaorenilkokulu.meb.k12.tr/,2026-10-01T19:09:30.411809+00:00,,Öğrenci Sayısı: 37
Nevşehir,Gülşehir,Sevim Erdoğan Öz İlkokulu,887985,İlkokul,https://seo.meb.k12.tr,,,https://seo.meb.k12.tr/tema/harita.php,2026-08-31,192,192,bulundu,https://seo.meb.k12.tr/,2026-10-01T19:09:30.810088+00:00,,Öğrenci Sayısı 192
Nevşehir,Gülşehir,Terlemez Ortaokulu,709932,Ortaokul,https://terlemezortaokulu.meb.k12.tr,,,https://terlemezortaokulu.meb.k12.tr/tema/harita.php,2026-08-31,33,33,bulundu,https://terlemezortaokulu.meb.k12.tr/,2026-10-01T19:09:30.837607+00:00,,Öğrenci Sayısı 33
Nevşehir,Gülşehir,Terlemez İlkokulu,709939,İlkokul,https://terlemezio.meb.k12.tr,,,https://terlemezio.meb.k12.tr/tema/harita.php,2026-08-31,32,32,bulundu,https://terlemezio.meb.k12.tr/tema/okulumuz_hakkinda.php,2026-10-01T19:09:30.853296+00:00,,Öğrenci : 32
Nevşehir,Gülşehir,Tuzköy Ortaokulu,709858,Ortaokul,https://tuzkoyortaokulu.meb.k12.tr,,,https://tuzkoyortaokulu.meb.k12.tr/tema/harita.php,2026-08-31,44,44,bulundu,https://tuzkoyortaokulu.meb.k12.tr/,2026-10-01T19:09:31.268788+00:00,,Öğrenci Sayısı : 44
Nevşehir,Gülşehir,Tuzköy İlkokulu,709866,İlkokul,https://tuzkoyilkokulu.meb.k12.tr,,,https://tuzkoyilkokulu.meb.k12.tr/tema/harita.php,2026-08-31,27,27,bulundu,https://tuzkoyilkokulu.meb.k12.tr/,2026-10-01T19:09:31.274824+00:00,,Öğrenci Sayısı 27
Nevşehir,Gülşehir,Yakatarla İlkokulu,702933,İlkokul,https://yakatarla.meb.k12.tr,,,https://yakatarla.meb.k12.tr/tema/harita.php,2026-08-31,16,16,bulundu,https://yakatarla.meb.k12.tr/,2026-10-01T19:09:31.643024+00:00,,Öğrenci Sayısı: 16
Nevşehir,Gülşehir,Yeniyaylacık İlkokulu,702934,İlkokul,https://yeniyaylacik.meb.k12.tr,,,https://yeniyaylacik.meb.k12.tr/tema/harita.php,2026-08-31,13,13,bulundu,https://yeniyaylacik.meb.k12.tr/,2026-10-01T19:09:31.654520+00:00,,Öğrenci Sayısı: 13
Nevşehir,Gülşehir,Yeşilöz İlkokulu,702935,İlkokul,https://yesilozilkokulu.meb.k12.tr,,,https://yesilozilkokulu.meb.k12.tr/tema/harita.php,2026-08-31,37,37,bulundu,https://yesilozilkokulu.meb.k12.tr/,2026-10-01T19:09:32.038907+00:00,,Öğrenci Sayısı : 37
Nevşehir,Gülşehir,Şehit Hamide Sibel Çetinkaya Anadolu Lisesi,970727,Anadolu Lisesi,https://gulsehiranadolulisesi.meb.k12.tr,,,https://gulsehiranadolulisesi.meb.k12.tr/tema/harita.php,2026-08-31,259,259,bulundu,https://gulsehiranadolulisesi.meb.k12.tr/,2026-10-01T19:09:32.145966+00:00,,Öğrenci Sayısı : 259
Nevşehir,Gülşehir,Şehit Ömer Halisdemir Mesleki ve Teknik Anadolu Lisesi,302002,Mesleki ve Teknik Anadolu Lisesi,https://gulsehirsohmtal.meb.k12.tr,,,https://gulsehirsohmtal.meb.k12.tr/tema/harita.php,2026-08-31,219,219,bulundu,https://gulsehirsohmtal.meb.k12.tr/,2026-10-01T19:09:32.163855+00:00,,Öğrenci Sayısı : 219
Nevşehir,Hacıbektaş,HASANLAR İLKOKULU,771273,İlkokul,https://771273.meb.k12.tr,,,https://771273.meb.k12.tr/tema/harita.php,2026-08-31,0,0,bulundu,https://771273.meb.k12.tr/,2026-10-01T19:09:32.187818+00:00,,Öğrenci Sayısı : 0
Nevşehir,Hacıbektaş,Hacıbektaş Anadolu Lisesi,751025,Anadolu Lisesi,https://hacibektasanadolulisesi.meb.k12.tr,,,https://hacibektasanadolulisesi.meb.k12.tr/tema/harita.php,2026-08-31,87,87,bulundu,https://hacibektasanadolulisesi.meb.k12.tr/,2026-10-01T19:09:32.259606+00:00,,Öğrenci Sayısı : 87
Nevşehir,Hacıbektaş,Hacıbektaş Atatürk İlkokulu,702948,İlkokul,https://hacibektasataturkilkokulu.meb.k12.tr,,,https://hacibektasataturkilkokulu.meb.k12.tr/tema/harita.php,2026-08-31,229,229,bulundu,https://hacibektasataturkilkokulu.meb.k12.tr/,2026-10-01T19:09:32.272207+00:00,,Öğrenci Sayısı : 229
Nevşehir,Hacıbektaş,Hacıbektaş Cumhuriyet Ortaokulu,703256,Ortaokul,https://hacibektascumhuriyetoo.meb.k12.tr,,,https://hacibektascumhuriyetoo.meb.k12.tr/tema/harita.php,2026-08-31,83,83,bulundu,https://hacibektascumhuriyetoo.meb.k12.tr/,2026-10-01T19:09:32.308843+00:00,,Öğrenci Sayısı : 83
Nevşehir,Hacıbektaş,Hacıbektaş Halk Eğitimi Merkezi,188812,Halk Eğitimi Merkezi,https://hacibektashem.meb.k12.tr,,,https://hacibektashem.meb.k12.tr/tema/harita.php,2026-08-31,,,bulunamadi,,2026-10-01T19:09:32.487008+00:00,,
Nevşehir,Hacıbektaş,Hacıbektaş Mesleki ve Teknik Anadolu Lisesi,188800,Mesleki ve Teknik Anadolu Lisesi,https://hacibektaskml.meb.k12.tr,,,https://hacibektaskml.meb.k12.tr/tema/harita.php,2026-08-31,59,59,bulundu,https://hacibektaskml.meb.k12.tr/tema/okulumuz_hakkinda.php,2026-10-01T19:09:32.531475+00:00,,Öğrenci : 59
Nevşehir,Hacıbektaş,Hacıbektaş Sabancı Öğretmenevi ve Akşam Sanat Okulu,971333,Öğretmenevi,https://hacibektasogretmenevi.meb.k12.tr,,,https://hacibektasogretmenevi.meb.k12.tr/tema/harita.php,2026-08-31,,,bulunamadi,,2026-10-01T19:09:32.646845+00:00,,
Nevşehir,Hacıbektaş,Hacıbektaş Toki Yumurcak Anaokulu,972716,Anaokulu,https://hacibektastokiyumurcakanaokulu.meb.k12.tr,,,https://hacibektastokiyumurcakanaokulu.meb.k12.tr/tema/harita.php,2026-08-31,41,41,bulundu,https://hacibektastokiyumurcakanaokulu.meb.k12.tr/,2026-10-01T19:09:32.656919+00:00,,Öğrenci Sayısı 41
Nevşehir,Hacıbektaş,Hacıbektaşveli Ortaokulu,702949,Ortaokul,https://hbvo.meb.k12.tr,,,https://hbvo.meb.k12.tr/tema/harita.php,2026-08-31,131,131,bulundu,https://hbvo.meb.k12.tr/,2026-10-01T19:09:32.676133+00:00,,Öğrenci Sayısı : 131
Nevşehir,Hacıbektaş,Karaburna Ortaokulu,703404,Ortaokul,https://karaburnaortaokulu.meb.k12.tr,,,https://karaburnaortaokulu.meb.k12.tr/tema/harita.php,2026-08-31,53,53,bulundu,https://karaburnaortaokulu.meb.k12.tr/tema/okulumuz_hakkinda.php,2026-10-01T19:09:32.706807+00:00,,Öğrenci : 53
Nevşehir,Hacıbektaş,Karaburna İlkokulu,703407,İlkokul,https://karaburna.meb.k12.tr,,,https://karaburna.meb.k12.tr/tema/harita.php,2026-08-31,66,66,bulundu,https://karaburna.meb.k12.tr/,2026-10-01T19:09:32.732818+00:00,,Öğrenci Sayısı: 66
Nevşehir,Hacıbektaş,Kayaaltı İlkokulu,702947,İlkokul,https://kayaaltio.meb.k12.tr,,,https://kayaaltio.meb.k12.tr/tema/harita.php,2026-08-31,13,13,bulundu,https://kayaaltio.meb.k12.tr/,2026-10-01T19:09:32.787328+00:00,,Öğrenci Sayısı: 13
Nevşehir,Hacıbektaş,Kızılağıl Ortaokulu,703340,Ortaokul,https://kizilagilortaokulu.meb.k12.tr,,,https://kizilagilortaokulu.meb.k12.tr/tema/harita.php,2026-08-31,41,41,bulundu,https://kizilagilortaokulu.meb.k12.tr/,2026-10-01T19:09:32.795133+00:00,,Öğrenci Sayısı : 41
Nevşehir,Hacıbektaş,Kızılağıl İlkokulu,703270,İlkokul,https://kizilagililkokulu.meb.k12.tr,,,https://kizilagililkokulu.meb.k12.tr/tema/harita.php,2026-08-31,34,34,bulundu,https://kizilagililkokulu.meb.k12.tr/,2026-10-01T19:09:33.129863+00:00,,Öğrenci Sayısı: 34
Nevşehir,Kozaklı,75.Yıl Cumhuriyet Ortaokulu,704000,Ortaokul,https://704000.meb.k12.tr,,,https://704000.meb.k12.tr/tema/harita.php,2026-08-31,296,296,bulundu,https://704000.meb.k12.tr/,2026-10-01T19:09:33.225741+00:00,,Öğrenci Sayısı : 296
Nevşehir,Kozaklı,Akpınar İlkokulu,702950,İlkokul,https://akkpinarilkokulu.meb.k12.tr,,,https://akkpinarilkokulu.meb.k12.tr/tema/harita.php,2026-08-31,11,11,bulundu,https://akkpinarilkokulu.meb.k12.tr/,2026-10-01T19:09:33.237968+00:00,,Öğrenci Sayısı : 11
Nevşehir,Kozaklı,Kozaklı Anadolu Lisesi,964406,Anadolu Lisesi,https://kozaklianadolulisesi.meb.k12.tr,,,https://kozaklianadolulisesi.meb.k12.tr/tema/harita.php,2026-08-31,182,182,bulundu,https://kozaklianadolulisesi.meb.k12.tr/,2026-10-01T19:09:33.288803+00:00,,Öğrenci Sayısı 182
Nevşehir,Kozaklı,Kozaklı Atatürk Ortaokulu,704036,Ortaokul,https://704036.meb.k12.tr,,,https://704036.meb.k12.tr/tema/harita.php,2026-08-31,123,123,bulundu,https://704036.meb.k12.tr/,2026-10-01T19:09:33.355817+00:00,,Öğrenci Sayısı 123
Nevşehir,Kozaklı,Kozaklı Atatürk İlkokulu,704043,İlkokul,https://kozakliataturkilkokulu.meb.k12.tr,,,https://kozakliataturkilkokulu.meb.k12.tr/tema/harita.php,2026-08-31,112,112,bulundu,https://kozakliataturkilkokulu.meb.k12.tr/,2026-10-01T19:09:33.380458+00:00,,Öğrenci Sayısı 112
Nevşehir,Kozaklı,Kozaklı Mehmet Akif Ersoy Ortaokulu,355645,Ortaokul,https://kozaklimae.meb.k12.tr,,,https://kozaklimae.meb.k12.tr/tema/harita.php,2026-08-31,77,77,bulundu,https://kozaklimae.meb.k12.tr/,2026-10-01T19:09:33.395803+00:00,,Öğrenci Sayısı 77
Nevşehir,Kozaklı,Kozaklı Mehmet Akif Ersoy İlkokulu,704106,İlkokul,https://kozaklimaeilkokulu.meb.k12.tr,,,https://kozaklimaeilkokulu.meb.k12.tr/tema/harita.php,2026-08-31,139,139,bulundu,https://kozaklimaeilkokulu.meb.k12.tr/,2026-10-01T19:09:33.463778+00:00,,Öğrenci Sayısı : 139
Nevşehir,Kozaklı,Kozaklı Sevgi Anaokulu,973469,Anaokulu,https://sevgianaokulu50.meb.k12.tr,,,https://sevgianaokulu50.meb.k12.tr/tema/harita.php,2026-08-31,101,101,bulundu,https://sevgianaokulu50.meb.k12.tr/,2026-10-01T19:09:33.497316+00:00,,Öğrenci Sayısı : 101
Nevşehir,Kozaklı,Kozaklı Şehit Hakan Demirci Anadolu İmam Hatip Lisesi,188907,Anadolu İmam Hatip Lisesi,https://kozakliihl.meb.k12.tr,,,https://kozakliihl.meb.k12.tr/tema/harita.php,2026-08-31,56,56,bulundu,https://kozakliihl.meb.k12.tr/,2026-10-01T19:09:33.562089+00:00,,Öğrenci Sayısı : 56
Nevşehir,Kozaklı,Kozaklı Şehit Recep Şahin Halk Eğitimi Merkezi,188919,Halk Eğitimi Merkezi,https://kozaklihem.meb.k12.tr,,,https://kozaklihem.meb.k12.tr/tema/harita.php,2026-08-31,,,bulunamadi,,2026-10-01T19:09:33.645146+00:00,,
Nevşehir,Kozaklı,Kozaklı Şehit Şenol Coşkun İlkokulu,767670,İlkokul,https://767670.meb.k12.tr,,,https://767670.meb.k12.tr/tema/harita.php,2026-08-31,247,247,bulundu,https://767670.meb.k12.tr/,2026-10-01T19:09:33.647574+00:00,,Öğrenci Sayısı 247
Nevşehir,Kozaklı,Çayiçi Yunus Emre İlkokulu,703919,İlkokul,https://cayiciyunusemreilkokulu.meb.k12.tr,,,https://cayiciyunusemreilkokulu.meb.k12.tr/tema/harita.php,2026-08-31,29,29,bulundu,https://cayiciyunusemreilkokulu.meb.k12.tr/,2026-10-01T19:09:33.652156+00:00,,Öğrenci Sayısı : 29
Nevşehir,Kozaklı,Şehit Yılmaz Aydın Mesleki ve Teknik Anadolu Lisesi,764220,Mesleki ve Teknik Anadolu Lisesi,https://kozaklimtal.meb.k12.tr,,,https://kozaklimtal.meb.k12.tr/tema/harita.php,2026-08-31,85,85,bulundu,https://kozaklimtal.meb.k12.tr/,2026-10-01T19:09:33.835901+00:00,,Öğrenci Sayısı 85
Nevşehir,Merkez,100. Yıl Cumhuriyet İlkokulu,774855,İlkokul,https://100yilcumhuriyet.meb.k12.tr,,,https://100yilcumhuriyet.meb.k12.tr/tema/harita.php,2026-08-31,720,720,bulundu,https://100yilcumhuriyet.meb.k12.tr/,2026-10-01T19:09:33.892806+00:00,,Öğrenci Sayısı 720
Nevşehir,Merkez,100.Yıl Ülfet Başer İlkokulu,702423,İlkokul,https://100yilulfetbaserilkokulu.meb.k12.tr,,,https://100yilulfetbaserilkokulu.meb.k12.tr/tema/harita.php,2026-08-31,354,354,bulundu,https://100yilulfetbaserilkokulu.meb.k12.tr/,2026-10-01T19:09:33.924421+00:00,,Öğrenci Sayısı: 354
Nevşehir,Merkez,15 Temmuz Şehitleri Anadolu Lisesi,964408,Anadolu Lisesi,https://15temmuzsehitlerianadolulisesi.meb.k12.tr,,,https://15temmuzsehitlerianadolulisesi.meb.k12.tr/tema/harita.php,2026-08-31,637,637,bulundu,https://15temmuzsehitlerianadolulisesi.meb.k12.tr/,2026-10-01T19:09:34.037878+00:00,,Öğrenci Sayısı : 637
Nevşehir,Merkez,19 Mayıs İlkokulu,702400,İlkokul,https://nevsehir19mayis.meb.k12.tr,,,https://nevsehir19mayis.meb.k12.tr/tema/harita.php,2026-08-31,627,627,bulundu,https://nevsehir19mayis.meb.k12.tr/tema/okulumuz_hakkinda.php,2026-10-01T19:09:34.437348+00:00,,Öğrenci : 627
Nevşehir,Merkez,20 Temmuz İlkokulu,702420,İlkokul,https://20temmuzilkokulu.meb.k12.tr,,,https://20temmuzilkokulu.meb.k12.tr/tema/harita.php,2026-08-31,393,393,bulundu,https://20temmuzilkokulu.meb.k12.tr/,2026-10-01T19:09:34.448255+00:00,,Öğrenci Sayısı: 393
Nevşehir,Merkez,23 Nisan Anaokulu,815255,Anaokulu,https://nevsehir23nisananaokulu.meb.k12.tr,,,https://nevsehir23nisananaokulu.meb.k12.tr/tema/harita.php,2026-08-31,197,197,bulundu,https://nevsehir23nisananaokulu.meb.k12.tr/,2026-10-01T19:09:34.599183+00:00,,Öğrenci Sayısı: 197
Nevşehir,Merkez,23 Nisan Ortaokulu,702426,Ortaokul,https://nevsehir23nisan.meb.k12.tr,,,https://nevsehir23nisan.meb.k12.tr/tema/harita.php,2026-08-31,300,300,bulundu,https://nevsehir23nisan.meb.k12.tr/,2026-10-01T19:09:34.829231+00:00,,Öğrenci Sayısı : 300
Nevşehir,Merkez,30 Ağustos İlkokulu,702467,İlkokul,https://30agustosilkokulu50.meb.k12.tr,,,https://30agustosilkokulu50.meb.k12.tr/tema/harita.php,2026-08-31,535,535,bulundu,https://30agustosilkokulu50.meb.k12.tr/tema/okulumuz_hakkinda.php,2026-10-01T19:09:35.136077+00:00,,Öğrenci : 535
Nevşehir,Merkez,50. Yıl Anaokulu,959255,Anaokulu,https://nevsehir50yil.meb.k12.tr,,,https://nevsehir50yil.meb.k12.tr/tema/harita.php,2026-08-31,114,114,bulundu,https://nevsehir50yil.meb.k12.tr/,2026-10-01T19:09:35.192830+00:00,,Öğrenci Sayısı: 114
Nevşehir,Merkez,75.Yıl Ortaokulu,702634,Ortaokul,https://nevsehir75yilortaokulu.meb.k12.tr,,,https://nevsehir75yilortaokulu.meb.k12.tr/tema/harita.php,2026-08-31,539,539,bulundu,https://nevsehir75yilortaokulu.meb.k12.tr/,2026-10-01T19:09:35.591404+00:00,,Öğrenci Sayısı 539
Nevşehir,Merkez,75.Yıl İlkokulu,702404,İlkokul,https://nevsehir75yililkokulu.meb.k12.tr,,,https://nevsehir75yililkokulu.meb.k12.tr/tema/harita.php,2026-08-31,610,610,bulundu,https://nevsehir75yililkokulu.meb.k12.tr/,2026-10-01T19:09:35.797363+00:00,,Öğrenci Sayısı 610
Nevşehir,Merkez,Abdülhamit Han İlkokulu,702419,İlkokul,https://ornekevlerilkokulu.meb.k12.tr,,,https://ornekevlerilkokulu.meb.k12.tr/tema/harita.php,2026-08-31,353,353,bulundu,https://ornekevlerilkokulu.meb.k12.tr/,2026-10-01T19:09:35.937919+00:00,,Öğrenci Sayısı : 353
Nevşehir,Merkez,Alacaşar Şehit Cebrail Aksöz İlkokulu,974995,İlkokul,https://alacasarilkokulu.meb.k12.tr,,,https://alacasarilkokulu.meb.k12.tr/tema/harita.php,2026-08-31,50,50,bulundu,https://alacasarilkokulu.meb.k12.tr/,2026-10-01T19:09:35.940698+00:00,,Öğrenci Sayısı: 50
Nevşehir,Merkez,Alacaşar Şehit İdris Aksöz İmam Hatip Ortaokulu,758154,İmam Hatip Ortaokulu,https://alacasarimamhatiportaokulu.meb.k12.tr,,,https://alacasarimamhatiportaokulu.meb.k12.tr/tema/harita.php,2026-08-31,62,62,bulundu,https://alacasarimamhatiportaokulu.meb.k12.tr/,2026-10-01T19:09:35.965470+00:00,,Öğrenci Sayısı : 62
Nevşehir,Merkez,Balcın İlkokulu,702397,İlkokul,https://balcinilkokulu.meb.k12.tr,,,https://balcinilkokulu.meb.k12.tr/tema/harita.php,2026-08-31,19,19,bulundu,https://balcinilkokulu.meb.k12.tr/,2026-10-01T19:09:36.006753+00:00,,Öğrenci Sayısı 19
Nevşehir,Merkez,Boğaz Şehit Murat Ateş Ortaokulu,702670,Ortaokul,https://bogazsehitmuratatesortaokulu.meb.k12.tr,,,https://bogazsehitmuratatesortaokulu.meb.k12.tr/tema/harita.php,2026-08-31,59,59,bulundu,https://bogazsehitmuratatesortaokulu.meb.k12.tr/,2026-10-01T19:09:36.058847+00:00,,Öğrenci Sayısı : 59
Nevşehir,Merkez,Boğaz Şehit Sait Toktaş İlkokulu,702682,İlkokul,https://bogazilkokulu.meb.k12.tr,,,https://bogazilkokulu.meb.k12.tr/tema/harita.php,2026-08-31,102,102,bulundu,https://bogazilkokulu.meb.k12.tr/,2026-10-01T19:09:36.194268+00:00,,Öğrenci Sayısı : 102
Nevşehir,Merkez,Cevher Dudayev Anaokulu,757489,Anaokulu,https://cevherdudayevanaokulu.meb.k12.tr,,,https://cevherdudayevanaokulu.meb.k12.tr/tema/harita.php,2026-08-31,223,223,bulundu,https://cevherdudayevanaokulu.meb.k12.tr/,2026-10-01T19:09:36.212065+00:00,,Öğrenci Sayısı : 223
Nevşehir,Merkez,Damat İbrahim Paşa Ortaokulu,702406,Ortaokul,https://diportaokulu.meb.k12.tr,,,https://diportaokulu.meb.k12.tr/tema/harita.php,2026-08-31,476,476,bulundu,https://diportaokulu.meb.k12.tr/,2026-10-01T19:09:36.506899+00:00,,Öğrenci Sayısı : 476
Nevşehir,Merkez,Diriliş Kız Anadolu İmam Hatip Lisesi,763454,Anadolu İmam Hatip Lisesi,https://diriliskaihl.meb.k12.tr,,,https://diriliskaihl.meb.k12.tr/tema/harita.php,2026-08-31,436,436,bulundu,https://diriliskaihl.meb.k12.tr/,2026-10-01T19:09:36.542208+00:00,,Öğrenci Sayısı : 436
Nevşehir,Merkez,Ersular İlkokulu,702409,İlkokul,https://ersularilkokulu.meb.k12.tr,,,https://ersularilkokulu.meb.k12.tr/tema/harita.php,2026-08-31,362,362,bulundu,https://ersularilkokulu.meb.k12.tr/tema/okulumuz_hakkinda.php,2026-10-01T19:09:36.585085+00:00,,Öğrenci : 362
Nevşehir,Merkez,Gazi Ortaokulu,770585,Ortaokul,https://gaziortaokulunevsehir.meb.k12.tr,,,https://gaziortaokulunevsehir.meb.k12.tr/tema/harita.php,2026-08-31,514,514,bulundu,https://gaziortaokulunevsehir.meb.k12.tr/tema/okulumuz_hakkinda.php,2026-10-01T19:09:36.614682+00:00,,Öğrenci : 514
Nevşehir,Merkez,Gazi Osman Paşa Ortaokulu,757718,Ortaokul,https://gaziosmanpasaortaokulu.meb.k12.tr,,,https://gaziosmanpasaortaokulu.meb.k12.tr/tema/harita.php,2026-08-31,648,648,bulundu,https://gaziosmanpasaortaokulu.meb.k12.tr/,2026-10-01T19:09:36.692478+00:00,,Öğrenci Sayısı 648
Nevşehir,Merkez,Gazi Osman Paşa İmam Hatip Ortaokulu,763461,İmam Hatip Ortaokulu,https://nevsehirgopiho.meb.k12.tr,,,https://nevsehirgopiho.meb.k12.tr/tema/harita.php,2026-08-31,101,101,bulundu,https://nevsehirgopiho.meb.k12.tr/,2026-10-01T19:09:36.693553+00:00,,Öğrenci Sayısı 101
Nevşehir,Merkez,Göre Ortaokulu,702719,Ortaokul,https://goreortaokulu.meb.k12.tr,,,https://goreortaokulu.meb.k12.tr/tema/harita.php,2026-08-31,85,85,bulundu,https://goreortaokulu.meb.k12.tr/,2026-10-01T19:09:36.819852+00:00,,Öğrenci Sayısı : 85
Nevşehir,Merkez,Göre Şehit Emre Fıstıkeken İlkokulu,702445,İlkokul,https://goresehitemrefistikekenilkokulu.meb.k12.tr,,,https://goresehitemrefistikekenilkokulu.meb.k12.tr/tema/harita.php,2026-08-31,119,119,bulundu,https://goresehitemrefistikekenilkokulu.meb.k12.tr/,2026-10-01T19:09:37.203454+00:00,,Öğrenci Sayısı : 119
Nevşehir,Merkez,Göreme Ortaokulu,702740,Ortaokul,https://goremeoo.meb.k12.tr,,,https://goremeoo.meb.k12.tr/tema/harita.php,2026-08-31,63,63,bulundu,https://goremeoo.meb.k12.tr/,2026-10-01T19:09:37.210601+00:00,,Öğrenci Sayısı : 63
Nevşehir,Merkez,Göreme İlkokulu,702446,İlkokul,https://goremeio.meb.k12.tr,,,https://goremeio.meb.k12.tr/tema/harita.php,2026-08-31,107,107,bulundu,https://goremeio.meb.k12.tr/,2026-10-01T19:09:37.332464+00:00,,Öğrenci Sayısı : 107
Nevşehir,Merkez,Güvercinlik İlkokulu,702405,İlkokul,https://guvercinlikilkokulu50.meb.k12.tr,,,https://guvercinlikilkokulu50.meb.k12.tr/tema/harita.php,2026-08-31,,,bulunamadi,,2026-10-01T19:09:37.339085+00:00,,
Nevşehir,Merkez,Güzelyurt Turgut Akdevelioğlu İlkokulu,335555,İlkokul,https://turgutakdevelioglu.meb.k12.tr,,,https://turgutakdevelioglu.meb.k12.tr/tema/harita.php,2026-08-31,656,656,bulundu,https://turgutakdevelioglu.meb.k12.tr/,2026-10-01T19:09:37.435216+00:00,,Öğrenci Sayısı : 656
Nevşehir,Merkez,H. Rasim Uzer Özel Eğitim Meslek Okulu,747258,Özel Eğitim Kurumu,https://rasimuzerozelegitimmeslekokulu.meb.k12.tr,,,https://rasimuzerozelegitimmeslekokulu.meb.k12.tr/tema/harita.php,2026-08-31,64,64,bulundu,https://rasimuzerozelegitimmeslekokulu.meb.k12.tr/,2026-10-01T19:09:37.438979+00:00,,Öğrenci Sayısı : 64
Nevşehir,Merkez,H.Lütfi Pamukçu Ortaokulu,702422,Ortaokul,https://hlutfipamukcu.meb.k12.tr,,,https://hlutfipamukcu.meb.k12.tr/tema/harita.php,2026-08-31,889,889,bulundu,https://hlutfipamukcu.meb.k12.tr/,2026-10-01T19:09:37.539065+00:00,,Öğrenci Sayısı 889
Nevşehir,Merkez,Hacı Asım Atabilen İlkokulu,765656,İlkokul,https://hasmatabilen.meb.k12.tr,,,https://hasmatabilen.meb.k12.tr/tema/harita.php,2026-08-31,374,374,bulundu,https://hasmatabilen.meb.k12.tr/,2026-10-01T19:09:37.547749+00:00,,Öğrenci Sayısı 374
Nevşehir,Merkez,Hacı Makbule Avlanmaz İmam Hatip Ortaokulu,763771,İmam Hatip Ortaokulu,https://hacimakbuleavlanmaziho.meb.k12.tr,,,https://hacimakbuleavlanmaziho.meb.k12.tr/tema/harita.php,2026-08-31,185,185,bulundu,https://hacimakbuleavlanmaziho.meb.k12.tr/,2026-10-01T19:09:37.711244+00:00,,Öğrenci Sayısı 185
Nevşehir,Merkez,Hacı Mesut Çetin Anaokulu,768373,Anaokulu,https://hmesutcetinanaokulu.meb.k12.tr,,,https://hmesutcetinanaokulu.meb.k12.tr/tema/harita.php,2026-08-31,196,196,bulundu,https://hmesutcetinanaokulu.meb.k12.tr/,2026-10-01T19:09:37.775838+00:00,,Öğrenci Sayısı: 196
Nevşehir,Merkez,Hacı Mustafa- Türkan Öbekli İlkokulu,774483,İlkokul,https://774483.meb.k12.tr,,,https://774483.meb.k12.tr/tema/harita.php,2026-08-31,138,138,bulundu,https://774483.meb.k12.tr/,2026-10-01T19:09:37.834645+00:00,,Öğrenci Sayısı : 138
Nevşehir,Merkez,Hüseyin Avni İncekara Özel Eğitim Uygulama Okulu II. Kademe,747277,Özel Eğitim Kurumu,https://uygulama.meb.k12.tr,,,https://uygulama.meb.k12.tr/tema/harita.php,2026-08-31,31,31,bulundu,https://uygulama.meb.k12.tr/tema/okulumuz_hakkinda.php,2026-10-01T19:09:37.957581+00:00,,Öğrenci : 31
Nevşehir,Merkez,Kapadokya Turizm Mesleki ve Teknik Anadolu Lisesi,279171,Mesleki ve Teknik Anadolu Lisesi,https://nevsehirotml.meb.k12.tr,,,https://nevsehirotml.meb.k12.tr/tema/harita.php,2026-08-31,649,649,bulundu,https://nevsehirotml.meb.k12.tr/,2026-10-01T19:09:37.983009+00:00,,Öğrenci Sayısı : 649
Nevşehir,Merkez,Kapadokya Özel Eğitim Uygulama Okulu III. Kademe,748051,Özel Eğitim Kurumu,https://isuygulama.meb.k12.tr,,,https://isuygulama.meb.k12.tr/tema/harita.php,2026-08-31,34,34,bulundu,https://isuygulama.meb.k12.tr/,2026-10-01T19:09:37.991122+00:00,,Öğrenci Sayısı : 34
Nevşehir,Merkez,Kavak Ortaokulu,702789,Ortaokul,https://kavakortaokulu.meb.k12.tr,,,https://kavakortaokulu.meb.k12.tr/tema/harita.php,2026-08-31,167,167,bulundu,https://kavakortaokulu.meb.k12.tr/,2026-10-01T19:09:38.014395+00:00,,Öğrenci Sayısı : 167
Nevşehir,Merkez,Kaymaklı Anadolu Lisesi,877213,Anadolu Lisesi,https://kaymaklianadolulisesi.meb.k12.tr,,,https://kaymaklianadolulisesi.meb.k12.tr/tema/harita.php,2026-08-31,85,85,bulundu,https://kaymaklianadolulisesi.meb.k12.tr/,2026-10-01T19:09:38.067762+00:00,,Öğrenci Sayısı : 85
Nevşehir,Merkez,Kaymaklı Atatürk Ortaokulu,702455,Ortaokul,https://kaymakliataturk.meb.k12.tr,,,https://kaymakliataturk.meb.k12.tr/tema/harita.php,2026-08-31,283,283,bulundu,https://kaymakliataturk.meb.k12.tr/,2026-10-01T19:09:38.076475+00:00,,Öğrenci Sayısı 283
Nevşehir,Merkez,Kaymaklı İlkokulu,702452,İlkokul,https://kaymakliilkokulu.meb.k12.tr,,,https://kaymakliilkokulu.meb.k12.tr/tema/harita.php,2026-08-31,321,321,bulundu,https://kaymakliilkokulu.meb.k12.tr/,2026-10-01T19:09:38.177317+00:00,,Öğrenci Sayısı 321
Nevşehir,Merkez,Mahmut-Dudu Yazıcı Anadolu Lisesi,765150,Anadolu Lisesi,https://mahmutduduyazicianadolulisesi.meb.k12.tr,,,https://mahmutduduyazicianadolulisesi.meb.k12.tr/tema/harita.php,2026-08-31,581,581,bulundu,https://mahmutduduyazicianadolulisesi.meb.k12.tr/,2026-10-01T19:09:38.208033+00:00,,Öğrenci Sayısı : 581
Nevşehir,Merkez,Mehmet Akif Ersoy İmam Hatip Ortaokulu,766491,İmam Hatip Ortaokulu,https://mehmetakifersoyimamhatip.meb.k12.tr,,,https://mehmetakifersoyimamhatip.meb.k12.tr/tema/harita.php,2026-08-31,156,156,bulundu,https://mehmetakifersoyimamhatip.meb.k12.tr/,2026-10-01T19:09:38.211611+00:00,,Öğrenci Sayısı : 156
Nevşehir,Merkez,Mehmet Avlanmaz İmam Hatip Ortaokulu,702637,İmam Hatip Ortaokulu,https://mehmetavlanmaziho.meb.k12.tr,,,https://mehmetavlanmaziho.meb.k12.tr/tema/harita.php,2026-08-31,341,341,bulundu,https://mehmetavlanmaziho.meb.k12.tr/,2026-10-01T19:09:38.566270+00:00,,Öğrenci Sayısı 341
Nevşehir,Merkez,Mehmet Gülen Ortaokulu,702608,Ortaokul,https://mehmetgulenortaokulu.meb.k12.tr,,,https://mehmetgulenortaokulu.meb.k12.tr/tema/harita.php,2026-08-31,359,359,bulundu,https://mehmetgulenortaokulu.meb.k12.tr/,2026-10-01T19:09:38.598859+00:00,,Öğrenci Sayısı : 359
Nevşehir,Merkez,Mehmet Gülen İlkokulu,702434,İlkokul,https://mehmetgulenilkokulu.meb.k12.tr,,,https://mehmetgulenilkokulu.meb.k12.tr/tema/harita.php,2026-08-31,430,430,bulundu,https://mehmetgulenilkokulu.meb.k12.tr/,2026-10-01T19:09:38.698139+00:00,,Öğrenci Sayısı : 430
Nevşehir,Merkez,Mihriban Emin Günel Ortaokulu,702416,Ortaokul,https://mihriban.meb.k12.tr,,,https://mihriban.meb.k12.tr/tema/harita.php,2026-08-31,343,343,bulundu,https://mihriban.meb.k12.tr/tema/okulumuz_hakkinda.php,2026-10-01T19:09:38.775500+00:00,,Öğrenci : 343
Nevşehir,Merkez,Mustafa Çalışkan İlkokulu,702410,İlkokul,https://mustafacaliskan.meb.k12.tr,,,https://mustafacaliskan.meb.k12.tr/tema/harita.php,2026-08-31,447,447,bulundu,https://mustafacaliskan.meb.k12.tr/,2026-10-01T19:09:38.777397+00:00,,Öğrenci Sayısı 447
Nevşehir,Merkez,Nar Barbaros İlkokulu,702454,İlkokul,https://narbarbarosilkokulu.meb.k12.tr,,,https://narbarbarosilkokulu.meb.k12.tr/tema/harita.php,2026-08-31,195,195,bulundu,https://narbarbarosilkokulu.meb.k12.tr/,2026-10-01T19:09:38.932505+00:00,,Öğrenci Sayısı : 195
Nevşehir,Merkez,Nar Fikret Aktekin Ortaokulu,702457,Ortaokul,https://fikretaktekinortaokulu.meb.k12.tr,,,https://fikretaktekinortaokulu.meb.k12.tr/tema/harita.php,2026-08-31,79,79,bulundu,https://fikretaktekinortaokulu.meb.k12.tr/,2026-10-01T19:09:38.985472+00:00,,Öğrenci Sayısı : 79
Nevşehir,Merkez,Necip Fazıl Kısakürek İlkokulu,757717,İlkokul,https://necipfazilkisakurekilkokulu.meb.k12.tr,,,https://necipfazilkisakurekilkokulu.meb.k12.tr/tema/harita.php,2026-08-31,611,611,bulundu,https://necipfazilkisakurekilkokulu.meb.k12.tr/,2026-10-01T19:09:39.053837+00:00,,Öğrenci Sayısı 611
Nevşehir,Merkez,Nene Hatun Kız Mesleki ve Teknik Anadolu Lisesi,346922,Mesleki ve Teknik Anadolu Lisesi,https://nevsehirktml.meb.k12.tr,,,https://nevsehirktml.meb.k12.tr/tema/harita.php,2026-08-31,,,bulunamadi,,2026-10-01T19:09:39.120763+00:00,,
Nevşehir,Merkez,Nevşehir Ahi Evran Ticaret Mesleki ve Teknik Anadolu Lisesi,188263,Mesleki ve Teknik Anadolu Lisesi,https://nevatml.meb.k12.tr,,,https://nevatml.meb.k12.tr/tema/harita.php,2026-08-31,,,bulunamadi,,2026-10-01T19:09:39.141888+00:00,,
Nevşehir,Merkez,Nevşehir Anadolu Lisesi,188214,Anadolu Lisesi,https://nevsehiranadolu.meb.k12.tr,,,https://nevsehiranadolu.meb.k12.tr/tema/harita.php,2026-08-31,,,bulunamadi,,2026-10-01T19:09:39.471111+00:00,,
Nevşehir,Merkez,Nevşehir Anadolu İmam Hatip Lisesi,188299,Anadolu İmam Hatip Lisesi,https://nevsehiraihl.meb.k12.tr,,,https://nevsehiraihl.meb.k12.tr/tema/harita.php,2026-08-31,141,141,bulundu,https://nevsehiraihl.meb.k12.tr/,2026-10-01T19:09:39.602280+00:00,,Öğrenci Sayısı 141
Nevşehir,Merkez,Nevşehir Atatürk Ortaokulu,702621,Ortaokul,https://nevataturkortaokulu.meb.k12.tr,,,https://nevataturkortaokulu.meb.k12.tr/tema/harita.php,2026-08-31,288,288,bulundu,https://nevataturkortaokulu.meb.k12.tr/,2026-10-01T19:09:39.632309+00:00,,Öğrenci Sayısı 288
Nevşehir,Merkez,Nevşehir Atatürk İlkokulu,702435,İlkokul,https://nevataturkilkokulu.meb.k12.tr,,,https://nevataturkilkokulu.meb.k12.tr/tema/harita.php,2026-08-31,419,419,bulundu,https://nevataturkilkokulu.meb.k12.tr/tema/okulumuz_hakkinda.php,2026-10-01T19:09:39.669632+00:00,,Öğrenci : 419
Nevşehir,Merkez,Nevşehir Cemil Meriç Sosyal Bilimler Lisesi,188192,Sosyal Bilimler Lisesi,https://nevsehircemilmericsbl.meb.k12.tr,,,https://nevsehircemilmericsbl.meb.k12.tr/tema/harita.php,2026-08-31,344,344,bulundu,https://nevsehircemilmericsbl.meb.k12.tr/tema/okulumuz_hakkinda.php,2026-10-01T19:09:39.714983+00:00,,Öğrenci : 344
Nevşehir,Merkez,Nevşehir Cumhuriyet Ortaokulu,702578,Ortaokul,https://nevsehircumhuriyetortaokulu.meb.k12.tr,,,https://nevsehircumhuriyetortaokulu.meb.k12.tr/tema/harita.php,2026-08-31,204,204,bulundu,https://nevsehircumhuriyetortaokulu.meb.k12.tr/tema/okulumuz_hakkinda.php,2026-10-01T19:09:39.892463+00:00,,Öğrenci : 204
Nevşehir,Merkez,Nevşehir Cumhuriyet İlkokulu,702437,İlkokul,https://nevsehircumhuriyetilkokulu.meb.k12.tr,,,https://nevsehircumhuriyetilkokulu.meb.k12.tr/tema/harita.php,2026-08-31,212,212,bulundu,https://nevsehircumhuriyetilkokulu.meb.k12.tr/,2026-10-01T19:09:39.934339+00:00,,Öğrenci Sayısı : 212
Nevşehir,Merkez,Nevşehir Fevzi Dirikoç Fen Lisesi,326641,Fen Lisesi,https://nevsehirfenlisesi.meb.k12.tr,,,https://nevsehirfenlisesi.meb.k12.tr/tema/harita.php,2026-08-31,332,332,bulundu,https://nevsehirfenlisesi.meb.k12.tr/tema/okulumuz_hakkinda.php,2026-10-01T19:09:39.937625+00:00,,Öğrenci : 332
Nevşehir,Merkez,Nevşehir Hacıbektaş Veli Üniversitesi Kadın-Mehmet Dirikoç Anaokulu,757603,Anaokulu,https://nevsehiruniversiteanaokulu.meb.k12.tr,,,https://nevsehiruniversiteanaokulu.meb.k12.tr/tema/harita.php,2026-08-31,149,149,bulundu,https://nevsehiruniversiteanaokulu.meb.k12.tr/,2026-10-01T19:09:39.976187+00:00,,Öğrenci Sayısı : 149
Nevşehir,Merkez,Nevşehir Halil İncekara Bilim ve Sanat Merkezi,972071,Bilim ve Sanat Merkezi,https://nevsehirbilsem.meb.k12.tr,,,https://nevsehirbilsem.meb.k12.tr/tema/harita.php,2026-08-31,378,378,bulundu,https://nevsehirbilsem.meb.k12.tr/,2026-10-01T19:09:40.061358+00:00,,Öğrenci Sayısı : 378
Nevşehir,Merkez,Nevşehir Kavak 15 Temmuz Şehitleri İmam Hatip Ortaokulu,762679,İmam Hatip Ortaokulu,https://kavak15temmuzihoo.meb.k12.tr,,,https://kavak15temmuzihoo.meb.k12.tr/tema/harita.php,2026-08-31,33,33,bulundu,https://kavak15temmuzihoo.meb.k12.tr/,2026-10-01T19:09:40.070050+00:00,,Öğrenci Sayısı : 33
Nevşehir,Merkez,Nevşehir Lale Anaokulu,970650,Anaokulu,https://nevsehirlaleanaokulu.meb.k12.tr,,,https://nevsehirlaleanaokulu.meb.k12.tr/tema/harita.php,2026-08-31,106,106,bulundu,https://nevsehirlaleanaokulu.meb.k12.tr/,2026-10-01T19:09:40.190247+00:00,,Öğrenci Sayısı: 106
Nevşehir,Merkez,Nevşehir Lisesi,188180,Lise,https://nevsehirlisesi.meb.k12.tr,,,https://nevsehirlisesi.meb.k12.tr/tema/harita.php,2026-08-31,455,455,bulundu,https://nevsehirlisesi.meb.k12.tr/,2026-10-01T19:09:40.192962+00:00,,Öğrenci Sayısı : 455
Nevşehir,Merkez,Nevşehir Mesleki Eğitim Merkezi,277708,Mesleki Eğitim Merkezi,https://nevmem.meb.k12.tr,,,https://nevmem.meb.k12.tr/tema/harita.php,2026-08-31,722,722,bulundu,https://nevmem.meb.k12.tr/,2026-10-01T19:09:40.346218+00:00,,Öğrenci Sayısı : 722
Nevşehir,Merkez,Nevşehir Mesleki ve Teknik Anadolu Lisesi,188226,Mesleki ve Teknik Anadolu Lisesi,https://nevsehireml.meb.k12.tr,,,https://nevsehireml.meb.k12.tr/tema/harita.php,2026-08-31,1303,1303,bulundu,https://nevsehireml.meb.k12.tr/,2026-10-01T19:09:40.360189+00:00,,Öğrenci Sayısı : 1303
Nevşehir,Merkez,Nevşehir Spor Lisesi,775038,Spor Lisesi,https://nevsehirsporlisesi.meb.k12.tr,,,https://nevsehirsporlisesi.meb.k12.tr/tema/harita.php,2026-08-31,130,130,bulundu,https://nevsehirsporlisesi.meb.k12.tr/,2026-10-01T19:09:40.397945+00:00,,Öğrenci Sayısı : 130
Nevşehir,Merkez,Nevşehir Özel Eğitim Anaokulu,767416,Anaokulu,https://767416.meb.k12.tr,,,https://767416.meb.k12.tr/tema/harita.php,2026-08-31,27,27,bulundu,https://767416.meb.k12.tr/,2026-10-01T19:09:40.419340+00:00,,Öğrenci Sayısı: 27
Nevşehir,Merkez,Nevşehir Özel Eğitim Uygulama Okulu I. Kademe,747194,Özel Eğitim Kurumu,https://ozelegitim.meb.k12.tr,,,https://ozelegitim.meb.k12.tr/tema/harita.php,2026-08-31,33,33,bulundu,https://ozelegitim.meb.k12.tr/,2026-10-01T19:09:40.444608+00:00,,Öğrenci Sayısı : 33
Nevşehir,Merkez,Nevşehir Öğretmenevi ve Akşam Sanat Okulu,971331,Öğretmenevi,https://nevsehirogretmenevi.meb.k12.tr,,,https://nevsehirogretmenevi.meb.k12.tr/tema/harita.php,2026-08-31,,,bulunamadi,,2026-10-01T19:09:40.480375+00:00,,
Nevşehir,Merkez,Nevşehir İbn-i Sina Mesleki ve Teknik Anadolu Lisesi,962524,Mesleki ve Teknik Anadolu Lisesi,https://nevsehirasml.meb.k12.tr,,,https://nevsehirasml.meb.k12.tr/tema/harita.php,2026-08-31,336,336,bulundu,https://nevsehirasml.meb.k12.tr/,2026-10-01T19:09:40.496817+00:00,,Öğrenci Sayısı : 336
Nevşehir,Merkez,Nevşehir Şehit J. Onb. Muhammet Can Biçici Halk Eğitimi Merkezi,188309,Halk Eğitimi Merkezi,https://nevhem.meb.k12.tr,,,https://nevhem.meb.k12.tr/tema/harita.php,2026-08-31,,,bulunamadi,,2026-10-01T19:09:40.829024+00:00,,
Nevşehir,Merkez,Olcay Sağlam Rehberlik ve Araştırma Merkezi,188322,Rehberlik ve Araştırma Merkezi,https://nevsehirram.meb.k12.tr,,,https://nevsehirram.meb.k12.tr/tema/harita.php,2026-08-31,,,bulunamadi,,2026-10-01T19:09:40.856529+00:00,,
Nevşehir,Merkez,RAUF NAİL AKMAN ANAOKULU,772836,Anaokulu,https://raufnailakmanao.meb.k12.tr,,,https://raufnailakmanao.meb.k12.tr/tema/harita.php,2026-08-31,134,134,bulundu,https://raufnailakmanao.meb.k12.tr/,2026-10-01T19:09:41.160386+00:00,,Öğrenci Sayısı: 134
Nevşehir,Merkez,Rauf Nail Akman İlkokulu,188167,İlkokul,https://raufnailakman.meb.k12.tr,,,https://raufnailakman.meb.k12.tr/tema/harita.php,2026-08-31,355,355,bulundu,https://raufnailakman.meb.k12.tr/,2026-10-01T19:09:41.251987+00:00,,Öğrenci Sayısı : 355
Nevşehir,Merkez,Recep Tayyip Erdoğan Anadolu İmam Hatip Lisesi,763455,Anadolu İmam Hatip Lisesi,https://rteprojeihl.meb.k12.tr,,,https://rteprojeihl.meb.k12.tr/tema/harita.php,2026-08-31,644,644,bulundu,https://rteprojeihl.meb.k12.tr/,2026-10-01T19:09:41.325807+00:00,,Öğrenci Sayısı 644
Nevşehir,Merkez,Recep Tayyip Erdoğan İlkokulu,762574,İlkokul,https://receptayyiperdoganilkokulu.meb.k12.tr,,,https://receptayyiperdoganilkokulu.meb.k12.tr/tema/harita.php,2026-08-31,166,166,bulundu,https://receptayyiperdoganilkokulu.meb.k12.tr/,2026-10-01T19:09:41.359643+00:00,,Öğrenci Sayısı : 166
Nevşehir,Merkez,Sultan Alparslan Ortaokulu,774488,Ortaokul,https://774488.meb.k12.tr,,,https://774488.meb.k12.tr/tema/harita.php,2026-08-31,220,220,bulundu,https://774488.meb.k12.tr/,2026-10-01T19:09:41.374591+00:00,,Öğrenci Sayısı : 220
Nevşehir,Merkez,Sultan Alparslan İlkokulu,774485,İlkokul,https://774485.meb.k12.tr,,,https://774485.meb.k12.tr/tema/harita.php,2026-08-31,347,347,bulundu,https://774485.meb.k12.tr/,2026-10-01T19:09:41.452948+00:00,,Öğrenci Sayısı : 347
Nevşehir,Merkez,Sulusaray İlkokulu,965794,İlkokul,https://sulusarayilkokulu.meb.k12.tr,,,https://sulusarayilkokulu.meb.k12.tr/tema/harita.php,2026-08-31,110,110,bulundu,https://sulusarayilkokulu.meb.k12.tr/tema/okulumuz_hakkinda.php,2026-10-01T19:09:41.463327+00:00,,Öğrenci : 110
Nevşehir,Merkez,Sulusaray İmam Hatip Ortaokulu,749257,İmam Hatip Ortaokulu,https://sulusarayiho.meb.k12.tr,,,https://sulusarayiho.meb.k12.tr/tema/harita.php,2026-08-31,19,19,bulundu,https://sulusarayiho.meb.k12.tr/,2026-10-01T19:09:41.506781+00:00,,Öğrenci Sayısı: 19
Nevşehir,Merkez,Sulusaray Şehit Mehmet Korkmaz Ortaokulu,776377,Ortaokul,https://sehitmehmetkorkmazoo.meb.k12.tr,,,https://sehitmehmetkorkmazoo.meb.k12.tr/tema/harita.php,2026-08-31,38,38,bulundu,https://sehitmehmetkorkmazoo.meb.k12.tr/,2026-10-01T19:09:41.585919+00:00,,Öğrenci Sayısı : 38
Nevşehir,Merkez,Toki Gökkuşağı Anaokulu,974547,Anaokulu,https://tokigokkusagi.meb.k12.tr,,,https://tokigokkusagi.meb.k12.tr/tema/harita.php,2026-08-31,199,199,bulundu,https://tokigokkusagi.meb.k12.tr/,2026-10-01T19:09:41.593476+00:00,,Öğrenci Sayısı: 199
Nevşehir,Merkez,Uçhisar Anaokulu,775203,Anaokulu,https://775203.meb.k12.tr,,,https://775203.meb.k12.tr/tema/harita.php,2026-08-31,30,30,bulundu,https://775203.meb.k12.tr/,2026-10-01T19:09:41.636379+00:00,,Öğrenci Sayısı : 30
Nevşehir,Merkez,Uçhisar Haydar Çankaya Ortaokulu,702519,Ortaokul,https://uchisarhaydarcankayaortaokulu.meb.k12.tr,,,https://uchisarhaydarcankayaortaokulu.meb.k12.tr/tema/harita.php,2026-08-31,105,105,bulundu,https://uchisarhaydarcankayaortaokulu.meb.k12.tr/,2026-10-01T19:09:41.652985+00:00,,Öğrenci Sayısı : 105
Nevşehir,Merkez,Uçhisar Haydar Çankaya İlkokulu,217857,İlkokul,https://uchisarhaydarcankayailkokulu.meb.k12.tr,,,https://uchisarhaydarcankayailkokulu.meb.k12.tr/tema/harita.php,2026-08-31,143,143,bulundu,https://uchisarhaydarcankayailkokulu.meb.k12.tr/,2026-10-01T19:09:41.699990+00:00,,Öğrenci Sayısı : 143
Nevşehir,Merkez,Vilayetler Birliği Anaokulu,973686,Anaokulu,https://vhbanaokulu50.meb.k12.tr,,,https://vhbanaokulu50.meb.k12.tr/tema/harita.php,2026-08-31,170,170,bulundu,https://vhbanaokulu50.meb.k12.tr/,2026-10-01T19:09:41.966216+00:00,,Öğrenci Sayısı: 170
Nevşehir,Merkez,Yavuz Sultan Selim Han Ortaokulu,702402,Ortaokul,https://yavuzsultanselimhan.meb.k12.tr,,,https://yavuzsultanselimhan.meb.k12.tr/tema/harita.php,2026-08-31,610,610,bulundu,https://yavuzsultanselimhan.meb.k12.tr/tema/okulumuz_hakkinda.php,2026-10-01T19:09:42.071206+00:00,,Öğrenci : 610
Nevşehir,Merkez,Yunus Emre İlkokulu,702428,İlkokul,https://nevsehiryunusemreio.meb.k12.tr,,,https://nevsehiryunusemreio.meb.k12.tr/tema/harita.php,2026-08-31,,,bulunamadi,,2026-10-01T19:09:42.112914+00:00,,
Nevşehir,Merkez,Yunus Emre İmam Hatip Ortaokulu,702648,İmam Hatip Ortaokulu,https://nevsehiryunusemreiho.meb.k12.tr,,,https://nevsehiryunusemreiho.meb.k12.tr/tema/harita.php,2026-08-31,,,bulunamadi,,2026-10-01T19:09:42.376679+00:00,,
Nevşehir,Merkez,Çardak İlkokulu,702439,İlkokul,https://nevsehircardakilkokulu.meb.k12.tr,,,https://nevsehircardakilkokulu.meb.k12.tr/tema/harita.php,2026-08-31,148,148,bulundu,https://nevsehircardakilkokulu.meb.k12.tr/tema/okulumuz_hakkinda.php,2026-10-01T19:09:42.416138+00:00,,Öğrenci : 148
Nevşehir,Merkez,Çardak İmam Hatip Ortaokulu,751268,İmam Hatip Ortaokulu,https://nevsehircardakimamhatip.meb.k12.tr,,,https://nevsehircardakimamhatip.meb.k12.tr/tema/harita.php,2026-08-31,91,91,bulundu,https://nevsehircardakimamhatip.meb.k12.tr/,2026-10-01T19:09:42.548848+00:00,,Öğrenci Sayısı : 91
Nevşehir,Merkez,Çat 15 Temmuz Diriliş Ortaokulu,702701,Ortaokul,https://nevsehircatortaokulu.meb.k12.tr,,,https://nevsehircatortaokulu.meb.k12.tr/tema/harita.php,2026-08-31,79,79,bulundu,https://nevsehircatortaokulu.meb.k12.tr/,2026-10-01T19:09:42.562802+00:00,,Öğrenci Sayısı : 79
Nevşehir,Merkez,Çat İlkokulu,702441,İlkokul,https://catio.meb.k12.tr,,,https://catio.meb.k12.tr/tema/harita.php,2026-08-31,101,101,bulundu,https://catio.meb.k12.tr/,2026-10-01T19:09:42.642259+00:00,,Öğrenci Sayısı : 101
Nevşehir,Merkez,Çiftlik 100.Yıl Ortaokulu,702705,Ortaokul,https://ciftlik100yiloo.meb.k12.tr,,,https://ciftlik100yiloo.meb.k12.tr/tema/harita.php,2026-08-31,28,28,bulundu,https://ciftlik100yiloo.meb.k12.tr/,2026-10-01T19:09:42.972131+00:00,,Öğrenci Sayısı : 28
Nevşehir,Merkez,Çiftlik 100.Yıl İlkokulu,702443,İlkokul,https://ciftlik100yil.meb.k12.tr,,,https://ciftlik100yil.meb.k12.tr/tema/harita.php,2026-08-31,25,25,bulundu,https://ciftlik100yil.meb.k12.tr/,2026-10-01T19:09:43.005790+00:00,,Öğrenci Sayısı: 25
Nevşehir,Merkez,Özyayla İlkokulu,702819,İlkokul,https://ozyaylaio.meb.k12.tr,,,https://ozyaylaio.meb.k12.tr/tema/harita.php,2026-08-31,,,bulunamadi,,2026-10-01T19:09:43.195021+00:00,,
Nevşehir,Merkez,Özyayla Şehit Hüseyin İpek Ortaokulu,702822,Ortaokul,https://ozyaylaoo.meb.k12.tr,,,https://ozyaylaoo.meb.k12.tr/tema/harita.php,2026-08-31,,,bulunamadi,,2026-10-01T19:09:43.250650+00:00,,
Nevşehir,Merkez,Öğretmen Semiha Yıldırım Kızılay Anaokulu,774701,Anaokulu,https://774701.meb.k12.tr,,,https://774701.meb.k12.tr/tema/harita.php,2026-08-31,,,bulunamadi,,2026-10-01T19:09:43.283038+00:00,,
Nevşehir,Merkez,İcik Şehit Ali Türk Ortaokulu,702760,Ortaokul,https://nevsehiricikortaokulu.meb.k12.tr,,,https://nevsehiricikortaokulu.meb.k12.tr/tema/harita.php,2026-08-31,84,84,bulundu,https://nevsehiricikortaokulu.meb.k12.tr/,2026-10-01T19:09:43.433345+00:00,,Öğrenci Sayısı : 84
Nevşehir,Merkez,İcik Şehit Cevdet Şimşek  İlkokulu,702448,İlkokul,https://iciksehitcevdetsimsekilkokulu.meb.k12.tr,,,https://iciksehitcevdetsimsekilkokulu.meb.k12.tr/tema/harita.php,2026-08-31,129,129,bulundu,https://iciksehitcevdetsimsekilkokulu.meb.k12.tr/,2026-10-01T19:09:43.480642+00:00,,Öğrenci Sayısı 129
Nevşehir,Merkez,İncekaralar İlkokulu,702432,İlkokul,https://incekaralario.meb.k12.tr,,,https://incekaralario.meb.k12.tr/tema/harita.php,2026-08-31,339,339,bulundu,https://incekaralario.meb.k12.tr/,2026-10-01T19:09:43.552903+00:00,,Öğrenci Sayısı 339
Nevşehir,Merkez,İstiklal Ortaokulu,702463,Ortaokul,https://nevsehiristiklal.meb.k12.tr,,,https://nevsehiristiklal.meb.k12.tr/tema/harita.php,2026-08-31,314,314,bulundu,https://nevsehiristiklal.meb.k12.tr/,2026-10-01T19:09:43.676406+00:00,,Öğrenci Sayısı : 314
Nevşehir,Merkez,Şehit Demet Sezen Güzel Sanatlar Lisesi,762124,Güzel Sanatlar Lisesi,https://nevsehirguzelsanatlar.meb.k12.tr,,,https://nevsehirguzelsanatlar.meb.k12.tr/tema/harita.php,2026-08-31,172,172,bulundu,https://nevsehirguzelsanatlar.meb.k12.tr/,2026-10-01T19:09:43.709397+00:00,,Öğrenci Sayısı : 172
Nevşehir,Merkez,Şehit Demet Sezen Kız Anadolu İmam Hatip Lisesi,758206,Anadolu İmam Hatip Lisesi,https://nevsehirkizihl.meb.k12.tr,,,https://nevsehirkizihl.meb.k12.tr/tema/harita.php,2026-08-31,438,438,bulundu,https://nevsehirkizihl.meb.k12.tr/tema/okulumuz_hakkinda.php,2026-10-01T19:09:43.737725+00:00,,Öğrenci : 438
Nevşehir,Merkez,Şehit Furkan Demir Anadolu Lisesi,769498,Anadolu Lisesi,https://sehitfurkandemiranadolulisesi.meb.k12.tr,,,https://sehitfurkandemiranadolulisesi.meb.k12.tr/tema/harita.php,2026-08-31,152,152,bulundu,https://sehitfurkandemiranadolulisesi.meb.k12.tr/,2026-10-01T19:09:43.939085+00:00,,Öğrenci Sayısı : 152
Nevşehir,Merkez,Şehit Semih Turgut Ortaokulu,765608,Ortaokul,https://sehitsemihturgutortaokulu.meb.k12.tr,,,https://sehitsemihturgutortaokulu.meb.k12.tr/tema/harita.php,2026-08-31,825,825,bulundu,https://sehitsemihturgutortaokulu.meb.k12.tr/,2026-10-01T19:09:43.948233+00:00,,Öğrenci Sayısı 825
Nevşehir,Ürgüp,Ahmet Yiğitoğlu Turizm Mesleki ve Teknik Anadolu Lisesi,777233,Mesleki ve Teknik Anadolu Lisesi,https://ahmetyigitogluturizmmtal.meb.k12.tr,,,https://ahmetyigitogluturizmmtal.meb.k12.tr/tema/harita.php,2026-08-31,48,48,bulundu,https://ahmetyigitogluturizmmtal.meb.k12.tr/,2026-10-01T19:09:43.971928+00:00,,Öğrenci Sayısı : 48
Nevşehir,Ürgüp,Ali Baran Numanoğlu Ortaokulu,887584,Ortaokul,https://alibarannumanogluoo.meb.k12.tr,,,https://alibarannumanogluoo.meb.k12.tr/tema/harita.php,2026-08-31,426,426,bulundu,https://alibarannumanogluoo.meb.k12.tr/tema/okulumuz_hakkinda.php,2026-10-01T19:09:44.491669+00:00,,Öğrenci : 426
Nevşehir,Ürgüp,Ayhan Ertürk İlkokulu,711662,İlkokul,https://ayhanerturk.meb.k12.tr,,,https://ayhanerturk.meb.k12.tr/tema/harita.php,2026-08-31,461,461,bulundu,https://ayhanerturk.meb.k12.tr/tema/okulumuz_hakkinda.php,2026-10-01T19:09:44.528562+00:00,,Öğrenci : 461
Nevşehir,Ürgüp,Ayvalı İlkokulu,702957,İlkokul,https://urgupayvali.meb.k12.tr,,,https://urgupayvali.meb.k12.tr/tema/harita.php,2026-08-31,13,13,bulundu,https://urgupayvali.meb.k12.tr/,2026-10-01T19:09:44.770426+00:00,,Öğrenci Sayısı 13
Nevşehir,Ürgüp,Bahçeli İlkokulu,702956,İlkokul,https://bahceliio.meb.k12.tr,,,https://bahceliio.meb.k12.tr/tema/harita.php,2026-08-31,8,8,bulundu,https://bahceliio.meb.k12.tr/,2026-10-01T19:09:44.778677+00:00,,Öğrenci Sayısı : 8
Nevşehir,Ürgüp,Başdere Ortaokulu,432169,Ortaokul,https://basdereortaokulu.meb.k12.tr,,,https://basdereortaokulu.meb.k12.tr/tema/harita.php,2026-08-31,45,45,bulundu,https://basdereortaokulu.meb.k12.tr/,2026-10-01T19:09:44.937981+00:00,,Öğrenci Sayısı 45
Nevşehir,Ürgüp,Başdere İlkokulu,711653,İlkokul,https://basdereilkokulu.meb.k12.tr,,,https://basdereilkokulu.meb.k12.tr/tema/harita.php,2026-08-31,55,55,bulundu,https://basdereilkokulu.meb.k12.tr/,2026-10-01T19:09:44.949091+00:00,,Öğrenci Sayısı 55
Nevşehir,Ürgüp,Hacı Ahmet Toksöz Ortaokulu,711660,Ortaokul,https://hatoksoz.meb.k12.tr,,,https://hatoksoz.meb.k12.tr/tema/harita.php,2026-08-31,433,433,bulundu,https://hatoksoz.meb.k12.tr/tema/okulumuz_hakkinda.php,2026-10-01T19:09:44.967171+00:00,,Öğrenci : 433
Nevşehir,Ürgüp,Halil Ertuğral Anaokulu,766927,Anaokulu,https://halilertugral.meb.k12.tr,,,https://halilertugral.meb.k12.tr/tema/harita.php,2026-08-31,155,155,bulundu,https://halilertugral.meb.k12.tr/,2026-10-01T19:09:44.978814+00:00,,Öğrenci Sayısı 155
Nevşehir,Ürgüp,Hanife Memiş Aksoy İlkokulu,710903,İlkokul,https://hanifememisaksoy.meb.k12.tr,,,https://hanifememisaksoy.meb.k12.tr/tema/harita.php,2026-08-31,288,288,bulundu,https://hanifememisaksoy.meb.k12.tr/,2026-10-01T19:09:45.009821+00:00,,Öğrenci Sayısı 288
Nevşehir,Ürgüp,Hayri Mehmet Ürgüplü Anadolu Lisesi,964405,Anadolu Lisesi,https://urguphmual.meb.k12.tr,,,https://urguphmual.meb.k12.tr/tema/harita.php,2026-08-31,335,335,bulundu,https://urguphmual.meb.k12.tr/,2026-10-01T19:09:45.117807+00:00,,Öğrenci Sayısı 335
Nevşehir,Ürgüp,Kapadokya Alev Alatlı Gastronomi Mesleki ve Teknik Anadolu Lisesi,773069,Mesleki ve Teknik Anadolu Lisesi,https://gastronomi.meb.k12.tr,,,https://gastronomi.meb.k12.tr/tema/harita.php,2026-08-31,85,85,bulundu,https://gastronomi.meb.k12.tr/,2026-10-01T19:09:45.160169+00:00,,Öğrenci Sayısı 85
Nevşehir,Ürgüp,Mazı Ortaokulu,711648,Ortaokul,https://mazioo.meb.k12.tr,,,https://mazioo.meb.k12.tr/tema/harita.php,2026-08-31,50,50,bulundu,https://mazioo.meb.k12.tr/,2026-10-01T19:09:45.181417+00:00,,Öğrenci Sayısı 50
Nevşehir,Ürgüp,Mazı İlkokulu,711649,İlkokul,https://maziio.meb.k12.tr,,,https://maziio.meb.k12.tr/tema/harita.php,2026-08-31,56,56,bulundu,https://maziio.meb.k12.tr/,2026-10-01T19:09:45.199553+00:00,,Öğrenci Sayısı 56
Nevşehir,Ürgüp,Mehmet Diker Ortaokulu,887525,Ortaokul,https://mdikeroo.meb.k12.tr,,,https://mdikeroo.meb.k12.tr/tema/harita.php,2026-08-31,191,191,bulundu,https://mdikeroo.meb.k12.tr/,2026-10-01T19:09:45.230779+00:00,,Öğrenci Sayısı : 191
Nevşehir,Ürgüp,Mehmet Dinler İlkokulu,710911,İlkokul,https://mdinlerio.meb.k12.tr,,,https://mdinlerio.meb.k12.tr/tema/harita.php,2026-08-31,348,348,bulundu,https://mdinlerio.meb.k12.tr/,2026-10-01T19:09:45.232966+00:00,,Öğrenci Sayısı : 348
Nevşehir,Ürgüp,Mustafa-Veli Halıcı İmam Hatip Ortaokulu,757599,İmam Hatip Ortaokulu,https://mvelihaliciiho.meb.k12.tr,,,https://mvelihaliciiho.meb.k12.tr/tema/harita.php,2026-08-31,208,208,bulundu,https://mvelihaliciiho.meb.k12.tr/,2026-10-01T19:09:45.279995+00:00,,Öğrenci Sayısı : 208
Nevşehir,Ürgüp,Mustafapaşa Ortaokulu,711643,Ortaokul,https://urgupmustafapasa.meb.k12.tr,,,https://urgupmustafapasa.meb.k12.tr/tema/harita.php,2026-08-31,73,73,bulundu,https://urgupmustafapasa.meb.k12.tr/,2026-10-01T19:09:45.797767+00:00,,Öğrenci Sayısı 73
Nevşehir,Ürgüp,Mustafapaşa İlkokulu,711646,İlkokul,https://mustafapasailkokulu.meb.k12.tr,,,https://mustafapasailkokulu.meb.k12.tr/tema/harita.php,2026-08-31,50,50,bulundu,https://mustafapasailkokulu.meb.k12.tr/,2026-10-01T19:09:45.869494+00:00,,Öğrenci Sayısı : 50
Nevşehir,Ürgüp,Ortahisar Fatih Ortaokulu,711033,Ortaokul,https://ortahisar.meb.k12.tr,,,https://ortahisar.meb.k12.tr/tema/harita.php,2026-08-31,,,bulunamadi,,2026-10-01T19:09:45.899526+00:00,,
Nevşehir,Ürgüp,Ortahisar Galip Üstünada İlkokulu,711035,İlkokul,https://ortahisargalipustunada.meb.k12.tr,,,https://ortahisargalipustunada.meb.k12.tr/tema/harita.php,2026-08-31,,,bulunamadi,,2026-10-01T19:09:45.939274+00:00,,
Nevşehir,Ürgüp,Ortahisar İlkokulu,710975,İlkokul,https://ortahisarilkokulu.meb.k12.tr,,,https://ortahisarilkokulu.meb.k12.tr/tema/harita.php,2026-08-31,70,70,bulundu,https://ortahisarilkokulu.meb.k12.tr/,2026-10-01T19:09:45.940692+00:00,,Öğrenci Sayısı : 70
Nevşehir,Ürgüp,Sarıhıdır İlkokulu,702960,İlkokul,https://urgupsarihidirio.meb.k12.tr,,,https://urgupsarihidirio.meb.k12.tr/tema/harita.php,2026-08-31,19,19,bulundu,https://urgupsarihidirio.meb.k12.tr/,2026-10-01T19:09:45.980528+00:00,,Öğrenci Sayısı 19
Nevşehir,Ürgüp,Sofular İlkokulu,702961,İlkokul,https://urgupsofulario.meb.k12.tr,,,https://urgupsofulario.meb.k12.tr/tema/harita.php,2026-08-31,24,24,bulundu,https://urgupsofulario.meb.k12.tr/,2026-10-01T19:09:46.127939+00:00,,Öğrenci Sayısı: 24
Nevşehir,Ürgüp,Türkan Diker İlkokulu,768694,İlkokul,https://turkandiker.meb.k12.tr,,,https://turkandiker.meb.k12.tr/tema/harita.php,2026-08-31,185,185,bulundu,https://turkandiker.meb.k12.tr/,2026-10-01T19:09:46.181410+00:00,,Öğrenci Sayısı 185
Nevşehir,Ürgüp,Zübeyde Hanım Anaokulu,963896,Anaokulu,https://urgupzubeydehanim.meb.k12.tr,,,https://urgupzubeydehanim.meb.k12.tr/tema/harita.php,2026-08-31,136,136,bulundu,https://urgupzubeydehanim.meb.k12.tr/,2026-10-01T19:09:46.215789+00:00,,Öğrenci Sayısı : 136
Nevşehir,Ürgüp,Ürgup Kılıçarslan Mesleki ve Teknik Anadolu Lisesi,189028,Mesleki ve Teknik Anadolu Lisesi,https://urgupmeslek.meb.k12.tr,,,https://urgupmeslek.meb.k12.tr/tema/harita.php,2026-08-31,329,329,bulundu,https://urgupmeslek.meb.k12.tr/,2026-10-01T19:09:46.236014+00:00,,Öğrenci Sayısı 329
Nevşehir,Ürgüp,Ürgüp 15 Temmuz İlkokulu,762762,İlkokul,https://urgup15temmuzio.meb.k12.tr,,,https://urgup15temmuzio.meb.k12.tr/tema/harita.php,2026-08-31,189,189,bulundu,https://urgup15temmuzio.meb.k12.tr/,2026-10-01T19:09:46.783895+00:00,,Öğrenci Sayısı : 189
Nevşehir,Ürgüp,Ürgüp Anadolu İmam Hatip Lisesi,748839,Anadolu İmam Hatip Lisesi,https://urgupihl.meb.k12.tr,,,https://urgupihl.meb.k12.tr/tema/harita.php,2026-08-31,86,86,bulundu,https://urgupihl.meb.k12.tr/,2026-10-01T19:09:46.802797+00:00,,Öğrenci Sayısı 86
Nevşehir,Ürgüp,Ürgüp Atatürk Ortaokulu,710923,Ortaokul,https://urgupataturk.meb.k12.tr,,,https://urgupataturk.meb.k12.tr/tema/harita.php,2026-08-31,,,bulunamadi,,2026-10-01T19:09:46.901052+00:00,,
Nevşehir,Ürgüp,Ürgüp Ayşe Sağdıç Çok Programlı Anadolu Lisesi,290379,Çok Programlı Anadolu Lisesi,https://urgupaysesagdiccpal.meb.k12.tr,,,https://urgupaysesagdiccpal.meb.k12.tr/tema/harita.php,2026-08-31,,,bulunamadi,,2026-10-01T19:09:46.940387+00:00,,
Nevşehir,Ürgüp,Ürgüp Bilim ve Sanat Merkezi,768057,Bilim ve Sanat Merkezi,https://urgupbilsem.meb.k12.tr,,,https://urgupbilsem.meb.k12.tr/tema/harita.php,2026-08-31,49,49,bulundu,https://urgupbilsem.meb.k12.tr/tema/okulumuz_hakkinda.php,2026-10-01T19:09:46.951291+00:00,,Öğrenci : 49
Nevşehir,Ürgüp,Ürgüp Halk Eğitimi Merkezi,189041,Halk Eğitimi Merkezi,https://urguphem.meb.k12.tr,,,https://urguphem.meb.k12.tr/tema/harita.php,2026-08-31,,,bulunamadi,,2026-10-01T19:09:47.014577+00:00,,
Nevşehir,Ürgüp,Ürgüp Mesleki ve Teknik Anadolu Lisesi,751427,Mesleki ve Teknik Anadolu Lisesi,https://urgupasml.meb.k12.tr,,,https://urgupasml.meb.k12.tr/tema/harita.php,2026-08-31,220,220,bulundu,https://urgupasml.meb.k12.tr/,2026-10-01T19:09:47.021566+00:00,,Öğrenci Sayısı : 220
Nevşehir,Ürgüp,Ürgüp Tesan Fen Lisesi,964494,Fen Lisesi,https://urguptesanfenlisesi.meb.k12.tr,,,https://urguptesanfenlisesi.meb.k12.tr/tema/harita.php,2026-08-31,363,363,bulundu,https://urguptesanfenlisesi.meb.k12.tr/,2026-10-01T19:09:47.076145+00:00,,Öğrenci Sayısı 363
Nevşehir,Ürgüp,Ürgüp Öğretmenevi ve Akşam Sanat Okulu,963602,Öğretmenevi,https://urgupogretmenevi.meb.k12.tr,,,https://urgupogretmenevi.meb.k12.tr/tema/harita.php,2026-08-31,,,bulunamadi,,2026-10-01T19:09:47.175831+00:00,,
Nevşehir,Ürgüp,Ürgüp Şehit Polis Fevzi Başaran Ortaokulu,762968,Ortaokul,https://fevzibasaran.meb.k12.tr,,,https://fevzibasaran.meb.k12.tr/tema/harita.php,2026-08-31,75,75,bulundu,https://fevzibasaran.meb.k12.tr/,2026-10-01T19:09:47.263495+00:00,,Öğrenci Sayısı : 75
Nevşehir,Ürgüp,İbrahimpaşa İlkokulu,702958,İlkokul,https://ibrahimpasa.meb.k12.tr,,,https://ibrahimpasa.meb.k12.tr/tema/harita.php,2026-08-31,12,12,bulundu,https://ibrahimpasa.meb.k12.tr/,2026-10-01T19:09:47.265044+00:00,,Öğrenci Sayısı 12
Nevşehir,Ürgüp,Şahinefendi İlkokulu,702962,İlkokul,https://sahinefendi.meb.k12.tr,,,https://sahinefendi.meb.k12.tr/tema/harita.php,2026-08-31,15,15,bulundu,https://sahinefendi.meb.k12.tr/,2026-10-01T19:09:47.340843+00:00,,Öğrenci Sayısı: 15
Nevşehir,Ürgüp,Şehit Ali Kayaca İmam Hatip Ortaokulu,763686,İmam Hatip Ortaokulu,https://sehitalikayacaiho.meb.k12.tr,,,https://sehitalikayacaiho.meb.k12.tr/tema/harita.php,2026-08-31,56,56,bulundu,https://sehitalikayacaiho.meb.k12.tr/,2026-10-01T19:09:47.357751+00:00,,Öğrenci Sayısı 56
Niğde,Altunhisar,Altunhisar 75. Yıl Anadolu Lisesi,777213,Anadolu Lisesi,https://777213.meb.k12.tr,,,https://777213.meb.k12.tr/tema/harita.php,2026-08-31,132,132,bulundu,https://777213.meb.k12.tr/,2026-10-01T19:09:47.492650+00:00,,Öğrenci Sayısı : 132
Niğde,Altunhisar,Altunhisar 75.Yıl Çok Programlı Anadolu Lisesi,965990,Çok Programlı Anadolu Lisesi,https://altunhisar75yilcpal.meb.k12.tr,,,https://altunhisar75yilcpal.meb.k12.tr/tema/harita.php,2026-08-31,92,92,bulundu,https://altunhisar75yilcpal.meb.k12.tr/,2026-10-01T19:09:47.574059+00:00,,Öğrenci Sayısı 92
Niğde,Altunhisar,Altunhisar Anadolu İmam Hatip Lisesi,760210,Anadolu İmam Hatip Lisesi,https://altunhisaranadoluimamhatiplisesi.meb.k12.tr,,,https://altunhisaranadoluimamhatiplisesi.meb.k12.tr/tema/harita.php,2026-08-31,78,78,bulundu,https://altunhisaranadoluimamhatiplisesi.meb.k12.tr/,2026-10-01T19:09:47.593019+00:00,,Öğrenci Sayısı 78
Niğde,Altunhisar,Altunhisar Halk Eğitimi Merkezi,277757,Halk Eğitimi Merkezi,https://altunhisarhem.meb.k12.tr,,,https://altunhisarhem.meb.k12.tr/tema/harita.php,2026-08-31,,,bulunamadi,,2026-10-01T19:09:47.597344+00:00,,
Niğde,Altunhisar,Altunhisar Öğretmenevi ve Akşam Sanat Okulu,971339,Öğretmenevi,https://altunhisarogretmenevi.meb.k12.tr,,,https://altunhisarogretmenevi.meb.k12.tr/tema/harita.php,2026-08-31,,,bulunamadi,,2026-10-01T19:09:48.452503+00:00,,
Niğde,Altunhisar,Barbaros İlkokulu,709151,İlkokul,https://altunhisarbarbarosilkokulu.meb.k12.tr,,,https://altunhisarbarbarosilkokulu.meb.k12.tr/tema/harita.php,2026-08-31,82,82,bulundu,https://altunhisarbarbarosilkokulu.meb.k12.tr/,2026-10-01T19:09:48.470168+00:00,,Öğrenci Sayısı : 82
Niğde,Altunhisar,Karakapı Durmuş Balarban Ortaokulu,709211,Ortaokul,https://durmusbalarban.meb.k12.tr,,,https://durmusbalarban.meb.k12.tr/tema/harita.php,2026-08-31,65,65,bulundu,https://durmusbalarban.meb.k12.tr/,2026-10-01T19:09:48.551761+00:00,,Öğrenci Sayısı 65
Niğde,Altunhisar,Karakapı İlkokulu,709225,İlkokul,https://karakapiilkokulu.meb.k12.tr,,,https://karakapiilkokulu.meb.k12.tr/tema/harita.php,2026-08-31,202,202,bulundu,https://karakapiilkokulu.meb.k12.tr/,2026-10-01T19:09:48.570175+00:00,,Öğrenci Sayısı : 202
Niğde,Altunhisar,Karakapı İmam Hatip Ortaokulu,762687,İmam Hatip Ortaokulu,https://karakapiiho.meb.k12.tr,,,https://karakapiiho.meb.k12.tr/tema/harita.php,2026-08-31,69,69,bulundu,https://karakapiiho.meb.k12.tr/,2026-10-01T19:09:48.599279+00:00,,Öğrenci Sayısı 69
Niğde,Altunhisar,Keçikalesi Atatürk İlkokulu,709239,İlkokul,https://kecikalesiataturkilkokulu.meb.k12.tr,,,https://kecikalesiataturkilkokulu.meb.k12.tr/tema/harita.php,2026-08-31,79,79,bulundu,https://kecikalesiataturkilkokulu.meb.k12.tr/tema/okulumuz_hakkinda.php,2026-10-01T19:09:48.633894+00:00,,Öğrenci : 79
Niğde,Altunhisar,Keçikalesi Cumhuriyet Ortaokulu,709254,Ortaokul,https://kecikalesicumhuriyetortaokulu.meb.k12.tr,,,https://kecikalesicumhuriyetortaokulu.meb.k12.tr/tema/harita.php,2026-08-31,108,108,bulundu,https://kecikalesicumhuriyetortaokulu.meb.k12.tr/,2026-10-01T19:09:48.688602+00:00,,Öğrenci Sayısı : 108
Niğde,Altunhisar,Mustafa Necati Ortaokulu,709275,Ortaokul,https://mustafanecatiortaokulu.meb.k12.tr,,,https://mustafanecatiortaokulu.meb.k12.tr/tema/harita.php,2026-08-31,152,152,bulundu,https://mustafanecatiortaokulu.meb.k12.tr/,2026-10-01T19:09:48.734796+00:00,,Öğrenci Sayısı 152
Niğde,Altunhisar,Uluören Ortaokulu,714524,Ortaokul,https://uluorenortaokulu.meb.k12.tr,,,https://uluorenortaokulu.meb.k12.tr/tema/harita.php,2026-08-31,29,29,bulundu,https://uluorenortaokulu.meb.k12.tr/,2026-10-01T19:09:48.739654+00:00,,Öğrenci Sayısı 29
Niğde,Altunhisar,Uluören İlkokulu,712189,İlkokul,https://uluorenilkokulu.meb.k12.tr,,,https://uluorenilkokulu.meb.k12.tr/tema/harita.php,2026-08-31,31,31,bulundu,https://uluorenilkokulu.meb.k12.tr/,2026-10-01T19:09:48.941803+00:00,,Öğrenci Sayısı 31
Niğde,Altunhisar,Yakacık 80.Yıl Atatürk Ortaokulu,709313,Ortaokul,https://80yilataturk.meb.k12.tr,,,https://80yilataturk.meb.k12.tr/tema/harita.php,2026-08-31,59,59,bulundu,https://80yilataturk.meb.k12.tr/,2026-10-01T19:09:48.967782+00:00,,Öğrenci Sayısı 59
Niğde,Altunhisar,Yakacık Cumhuriyet İlkokulu,709299,İlkokul,https://yakacikcumhuriyet.meb.k12.tr,,,https://yakacikcumhuriyet.meb.k12.tr/tema/harita.php,2026-08-31,72,72,bulundu,https://yakacikcumhuriyet.meb.k12.tr/,2026-10-01T19:09:49.004796+00:00,,Öğrenci Sayısı 72
Niğde,Altunhisar,Yeşilyurt Hasan Yaldır İlkokulu,712193,İlkokul,https://hasanyaldirilkokulu.meb.k12.tr,,,https://hasanyaldirilkokulu.meb.k12.tr/tema/harita.php,2026-08-31,19,19,bulundu,https://hasanyaldirilkokulu.meb.k12.tr/tema/okulumuz_hakkinda.php,2026-10-01T19:09:49.533720+00:00,,Öğrenci : 19
Niğde,Altunhisar,Zübeyde Hanım Anaokulu,819779,Anaokulu,https://altunhisarzubeydehanim.meb.k12.tr,,,https://altunhisarzubeydehanim.meb.k12.tr/tema/harita.php,2026-08-31,53,53,bulundu,https://altunhisarzubeydehanim.meb.k12.tr/,2026-10-01T19:09:49.656693+00:00,,Öğrenci Sayısı: 53
Niğde,Altunhisar,İstiklal İlkokulu,709197,İlkokul,https://altunhisaristiklalilkokulu.meb.k12.tr,,,https://altunhisaristiklalilkokulu.meb.k12.tr/tema/harita.php,2026-08-31,88,88,bulundu,https://altunhisaristiklalilkokulu.meb.k12.tr/,2026-10-01T19:09:49.696203+00:00,,Öğrenci Sayısı 88
Niğde,Altunhisar,Şehit Polis Yusuf Diri İmam Hatip Ortaokulu,761265,İmam Hatip Ortaokulu,https://yusufdiriiho.meb.k12.tr,,,https://yusufdiriiho.meb.k12.tr/tema/harita.php,2026-08-31,47,47,bulundu,https://yusufdiriiho.meb.k12.tr/,2026-10-01T19:09:49.735255+00:00,,Öğrenci Sayısı 47
Niğde,Bor,29 Ekim İlkokulu,594439,İlkokul,https://bor29ekim.meb.k12.tr,,,https://bor29ekim.meb.k12.tr/tema/harita.php,2026-08-31,108,108,bulundu,https://bor29ekim.meb.k12.tr/,2026-10-01T19:09:49.738510+00:00,,Öğrenci Sayısı: 108
Niğde,Bor,75.Yıl Dr.Feriha Celal Cığız Anaokulu,750181,Anaokulu,https://cigizanaokulu.meb.k12.tr,,,https://cigizanaokulu.meb.k12.tr/tema/harita.php,2026-08-31,101,101,bulundu,https://cigizanaokulu.meb.k12.tr/,2026-10-01T19:09:49.803346+00:00,,Öğrenci Sayısı : 101
Niğde,Bor,Ahi Evran Mesleki Eğitim Merkezi,190437,Mesleki Eğitim Merkezi,https://bormesem.meb.k12.tr,,,https://bormesem.meb.k12.tr/tema/harita.php,2026-08-31,655,655,bulundu,https://bormesem.meb.k12.tr/,2026-10-01T19:09:49.824352+00:00,,Öğrenci Sayısı : 655
Niğde,Bor,Asım Eren Ortaokulu,712200,Ortaokul,https://asimeren.meb.k12.tr,,,https://asimeren.meb.k12.tr/tema/harita.php,2026-08-31,352,352,bulundu,https://asimeren.meb.k12.tr/,2026-10-01T19:09:49.981867+00:00,,Öğrenci Sayısı 352
Niğde,Bor,Atatürk Ortaokulu,712205,Ortaokul,https://borataturk.meb.k12.tr,,,https://borataturk.meb.k12.tr/tema/harita.php,2026-08-31,128,128,bulundu,https://borataturk.meb.k12.tr/,2026-10-01T19:09:50.455228+00:00,,Öğrenci Sayısı : 128
Niğde,Bor,Badak İlkokulu,712210,İlkokul,https://badakilkokulu.meb.k12.tr,,,https://badakilkokulu.meb.k12.tr/tema/harita.php,2026-08-31,24,24,bulundu,https://badakilkokulu.meb.k12.tr/,2026-10-01T19:09:50.507409+00:00,,Öğrenci Sayısı: 24
Niğde,Bor,Bahçeli Gazi Ortaokulu,715403,Ortaokul,https://bahceligaziortaokulu.meb.k12.tr,,,https://bahceligaziortaokulu.meb.k12.tr/tema/harita.php,2026-08-31,50,50,bulundu,https://bahceligaziortaokulu.meb.k12.tr/,2026-10-01T19:09:50.541944+00:00,,Öğrenci Sayısı : 50
Niğde,Bor,Bahçeli Gazi İlkokulu,712223,İlkokul,https://bahceligaziilkokulu.meb.k12.tr,,,https://bahceligaziilkokulu.meb.k12.tr/tema/harita.php,2026-08-31,63,63,bulundu,https://bahceligaziilkokulu.meb.k12.tr/,2026-10-01T19:09:50.804420+00:00,,Öğrenci Sayısı : 63
Niğde,Bor,Balcı 100. Yıl İlkokulu,712239,İlkokul,https://balci100yililkokulu.meb.k12.tr,,,https://balci100yililkokulu.meb.k12.tr/tema/harita.php,2026-08-31,26,26,bulundu,https://balci100yililkokulu.meb.k12.tr/,2026-10-01T19:09:50.834482+00:00,,Öğrenci Sayısı : 26
Niğde,Bor,Bayat Mediha Kemal Balçık İlkokulu,712243,İlkokul,https://bayat.meb.k12.tr,,,https://bayat.meb.k12.tr/tema/harita.php,2026-08-31,31,31,bulundu,https://bayat.meb.k12.tr/,2026-10-01T19:09:50.933733+00:00,,Öğrenci Sayısı : 31
Niğde,Bor,Bağdüz İlkokulu,712215,İlkokul,https://bagduz.meb.k12.tr,,,https://bagduz.meb.k12.tr/tema/harita.php,2026-08-31,17,17,bulundu,https://bagduz.meb.k12.tr/,2026-10-01T19:09:50.944285+00:00,,Öğrenci Sayısı : 17
Niğde,Bor,Bekir Sami Baran İlkokulu,712246,İlkokul,https://bsamibaran.meb.k12.tr,,,https://bsamibaran.meb.k12.tr/tema/harita.php,2026-08-31,155,155,bulundu,https://bsamibaran.meb.k12.tr/,2026-10-01T19:09:50.996857+00:00,,Öğrenci Sayısı 155
Niğde,Bor,Bor Akın Gönen Anadolu Lisesi,300529,Anadolu Lisesi,https://boranadolulisesi.meb.k12.tr,,,https://boranadolulisesi.meb.k12.tr/tema/harita.php,2026-08-31,229,229,bulundu,https://boranadolulisesi.meb.k12.tr/,2026-10-01T19:09:51.042084+00:00,,Öğrenci Sayısı 229
Niğde,Bor,Bor Atatürk Anadolu Lisesi,972375,Anadolu Lisesi,https://borataturkanadolulisesi.meb.k12.tr,,,https://borataturkanadolulisesi.meb.k12.tr/tema/harita.php,2026-08-31,376,376,bulundu,https://borataturkanadolulisesi.meb.k12.tr/,2026-10-01T19:09:51.075454+00:00,,Öğrenci Sayısı : 376
Niğde,Bor,Bor Bilim ve Sanat Merkezi,769116,Bilim ve Sanat Merkezi,https://borbilsem.meb.k12.tr,,,https://borbilsem.meb.k12.tr/tema/harita.php,2026-08-31,39,39,bulundu,https://borbilsem.meb.k12.tr/,2026-10-01T19:09:51.084470+00:00,,Öğrenci Sayısı : 39
Niğde,Bor,Bor Halk Eğitimi Merkezi,190425,Halk Eğitimi Merkezi,https://borhem.meb.k12.tr,,,https://borhem.meb.k12.tr/tema/harita.php,2026-08-31,,,bulunamadi,,2026-10-01T19:09:51.092498+00:00,,
Niğde,Bor,Bor Osman Çetin İmam Hatip Ortaokulu,715319,İmam Hatip Ortaokulu,https://boriho.meb.k12.tr,,,https://boriho.meb.k12.tr/tema/harita.php,2026-08-31,327,327,bulundu,https://boriho.meb.k12.tr/,2026-10-01T19:09:51.177893+00:00,,Öğrenci Sayısı 327
Niğde,Bor,Bor Ticaret Mesleki ve Teknik Anadolu Lisesi,190401,Mesleki ve Teknik Anadolu Lisesi,https://bortml.meb.k12.tr,,,https://bortml.meb.k12.tr/tema/harita.php,2026-08-31,142,142,bulundu,https://bortml.meb.k12.tr/,2026-10-01T19:09:51.182018+00:00,,Öğrenci Sayısı : 142
Niğde,Bor,Bor Öğretmenevi ve Akşam Sanat Okulu,971336,Öğretmenevi,https://borogretmeneviaso.meb.k12.tr,,,https://borogretmeneviaso.meb.k12.tr/tema/harita.php,2026-08-31,,,bulunamadi,,2026-10-01T19:09:51.215112+00:00,,
Niğde,Bor,Bor İrfan İlk Mesleki ve Teknik Anadolu Lisesi,190378,Mesleki ve Teknik Anadolu Lisesi,https://borirfanilk.meb.k12.tr,,,https://borirfanilk.meb.k12.tr/tema/harita.php,2026-08-31,271,271,bulundu,https://borirfanilk.meb.k12.tr/,2026-10-01T19:09:51.429860+00:00,,Öğrenci Sayısı : 271
Niğde,Bor,Bor Şehit Ramazan Konuş Fen Lisesi,973877,Fen Lisesi,https://borfenlisesi.meb.k12.tr,,,https://borfenlisesi.meb.k12.tr/tema/harita.php,2026-08-31,580,580,bulundu,https://borfenlisesi.meb.k12.tr/,2026-10-01T19:09:51.520311+00:00,,Öğrenci Sayısı 580
Niğde,Bor,Cumhuriyet Ortaokulu,715382,Ortaokul,https://borcumhuriyetortaokulu.meb.k12.tr,,,https://borcumhuriyetortaokulu.meb.k12.tr/tema/harita.php,2026-08-31,160,160,bulundu,https://borcumhuriyetortaokulu.meb.k12.tr/,2026-10-01T19:09:51.546690+00:00,,Öğrenci Sayısı : 160
Niğde,Bor,Cumhuriyet İlkokulu,712248,İlkokul,https://borcumhuriyetio.meb.k12.tr,,,https://borcumhuriyetio.meb.k12.tr/tema/harita.php,2026-08-31,128,128,bulundu,https://borcumhuriyetio.meb.k12.tr/,2026-10-01T19:09:51.557647+00:00,,Öğrenci Sayısı 128
Niğde,Bor,Dr. Servet Çetin İlkokulu,712261,İlkokul,https://drservetcetinilkokulu.meb.k12.tr,,,https://drservetcetinilkokulu.meb.k12.tr/tema/harita.php,2026-08-31,121,121,bulundu,https://drservetcetinilkokulu.meb.k12.tr/,2026-10-01T19:09:51.627913+00:00,,Öğrenci Sayısı : 121
Niğde,Bor,Fahri Kirt Ortaokulu,712260,Ortaokul,https://borfahrikirt.meb.k12.tr,,,https://borfahrikirt.meb.k12.tr/tema/harita.php,2026-08-31,578,578,bulundu,https://borfahrikirt.meb.k12.tr/,2026-10-01T19:09:51.671482+00:00,,Öğrenci Sayısı : 578
Niğde,Bor,Hacı Ali Sebat Çorum Ortaokulu,715372,Ortaokul,https://hacialisebatcorumo.meb.k12.tr,,,https://hacialisebatcorumo.meb.k12.tr/tema/harita.php,2026-08-31,69,69,bulundu,https://hacialisebatcorumo.meb.k12.tr/,2026-10-01T19:09:52.012354+00:00,,Öğrenci Sayısı : 69
Niğde,Bor,Hacı Ali Sebat Çorum İlkokulu,712268,İlkokul,https://hacialisebatcorumi.meb.k12.tr,,,https://hacialisebatcorumi.meb.k12.tr/tema/harita.php,2026-08-31,80,80,bulundu,https://hacialisebatcorumi.meb.k12.tr/,2026-10-01T19:09:52.340801+00:00,,Öğrenci Sayısı : 80
Niğde,Bor,Halaç İlkokulu,712270,İlkokul,https://halacilkokulu.meb.k12.tr,,,https://halacilkokulu.meb.k12.tr/tema/harita.php,2026-08-31,7,7,bulundu,https://halacilkokulu.meb.k12.tr/,2026-10-01T19:09:52.396078+00:00,,Öğrenci Sayısı 7
Niğde,Bor,KAYNARCA İLKOKULU,760366,İlkokul,https://kaynarcaio.meb.k12.tr,,,https://kaynarcaio.meb.k12.tr/tema/harita.php,2026-08-31,53,53,bulundu,https://kaynarcaio.meb.k12.tr/,2026-10-01T19:09:52.419492+00:00,,Öğrenci Sayısı: 53
Niğde,Bor,Kamil Alakuş Ortaokulu,715367,Ortaokul,https://kamilalakus.meb.k12.tr,,,https://kamilalakus.meb.k12.tr/tema/harita.php,2026-08-31,35,35,bulundu,https://kamilalakus.meb.k12.tr/,2026-10-01T19:09:52.422490+00:00,,Öğrenci Sayısı 35
Niğde,Bor,Kamil Alakuş İlkokulu,712276,İlkokul,https://kamilalakusilkokulu.meb.k12.tr,,,https://kamilalakusilkokulu.meb.k12.tr/tema/harita.php,2026-08-31,107,107,bulundu,https://kamilalakusilkokulu.meb.k12.tr/,2026-10-01T19:09:52.478334+00:00,,Öğrenci Sayısı 107
Niğde,Bor,Karanlıkdere Kılıçlar İlkokulu,712278,İlkokul,https://kiliclarilkokulu.meb.k12.tr,,,https://kiliclarilkokulu.meb.k12.tr/tema/harita.php,2026-08-31,21,21,bulundu,https://kiliclarilkokulu.meb.k12.tr/,2026-10-01T19:09:52.495693+00:00,,Öğrenci Sayısı 21
Niğde,Bor,Kavuklu İlkokulu,771282,İlkokul,https://771282.meb.k12.tr,,,https://771282.meb.k12.tr/tema/harita.php,2026-08-31,3,3,bulundu,https://771282.meb.k12.tr/,2026-10-01T19:09:52.626843+00:00,,Öğrenci Sayısı : 3
Niğde,Bor,Kayı Ayşe Aydoğan Ortaokulu,715358,Ortaokul,https://kayiayseaydogan.meb.k12.tr,,,https://kayiayseaydogan.meb.k12.tr/tema/harita.php,2026-08-31,61,61,bulundu,https://kayiayseaydogan.meb.k12.tr/tema/okulumuz_hakkinda.php,2026-10-01T19:09:52.863576+00:00,,Öğrenci : 61
Niğde,Bor,Kayı Ayşe Aydoğan İlkokulu,712279,İlkokul,https://borkayiilkokulu.meb.k12.tr,,,https://borkayiilkokulu.meb.k12.tr/tema/harita.php,2026-08-31,75,75,bulundu,https://borkayiilkokulu.meb.k12.tr/,2026-10-01T19:09:52.886456+00:00,,Öğrenci Sayısı : 75
Niğde,Bor,Kemerhisar Cumhuriyet İlkokulu,712281,İlkokul,https://kemerhisarcumhuriyetilkokulu.meb.k12.tr,,,https://kemerhisarcumhuriyetilkokulu.meb.k12.tr/tema/harita.php,2026-08-31,110,110,bulundu,https://kemerhisarcumhuriyetilkokulu.meb.k12.tr/,2026-10-01T19:09:53.047291+00:00,,Öğrenci Sayısı : 110
Niğde,Bor,Kemerhisar Şehit Nevzat Eren  Ortaokulu,712288,Ortaokul,https://sehitnevzaterenoo.meb.k12.tr,,,https://sehitnevzaterenoo.meb.k12.tr/tema/harita.php,2026-08-31,189,189,bulundu,https://sehitnevzaterenoo.meb.k12.tr/,2026-10-01T19:09:53.076574+00:00,,Öğrenci Sayısı : 189
Niğde,Bor,Kızılca Atatürk Ortaokulu,715354,Ortaokul,https://borkizilcaortaokulu.meb.k12.tr,,,https://borkizilcaortaokulu.meb.k12.tr/tema/harita.php,2026-08-31,58,58,bulundu,https://borkizilcaortaokulu.meb.k12.tr/,2026-10-01T19:09:53.213192+00:00,,Öğrenci Sayısı : 58
Niğde,Bor,Kızılca Atatürk İlkokulu,712299,İlkokul,https://kzlcaataturkilkokulu.meb.k12.tr,,,https://kzlcaataturkilkokulu.meb.k12.tr/tema/harita.php,2026-08-31,68,68,bulundu,https://kzlcaataturkilkokulu.meb.k12.tr/,2026-10-01T19:09:53.264811+00:00,,Öğrenci Sayısı : 68
Niğde,Bor,Mahmut Özenç Özel Eğitim Uygulama Okulu I. Kademe,763038,Özel Eğitim Kurumu,https://mahmutozenc1kademe.meb.k12.tr,,,https://mahmutozenc1kademe.meb.k12.tr/tema/harita.php,2026-08-31,27,27,bulundu,https://mahmutozenc1kademe.meb.k12.tr/,2026-10-01T19:09:53.329041+00:00,,Öğrenci Sayısı 27
Niğde,Bor,Mahmut Özenç Özel Eğitim Uygulama Okulu II. Kademe,763039,Özel Eğitim Kurumu,https://mahmutozenc2kademe.meb.k12.tr,,,https://mahmutozenc2kademe.meb.k12.tr/tema/harita.php,2026-08-31,27,27,bulundu,https://mahmutozenc2kademe.meb.k12.tr/,2026-10-01T19:09:53.387154+00:00,,Öğrenci Sayısı 27
Niğde,Bor,Mehmet Akif Ersoy Ortaokulu,712307,Ortaokul,https://bormehmetakifersoyortaokulu.meb.k12.tr,,,https://bormehmetakifersoyortaokulu.meb.k12.tr/tema/harita.php,2026-08-31,200,200,bulundu,https://bormehmetakifersoyortaokulu.meb.k12.tr/tema/okulumuz_hakkinda.php,2026-10-01T19:09:53.533336+00:00,,Öğrenci : 200
Niğde,Bor,Mehmet Güleç Ortaokulu,715344,Ortaokul,https://bormehmetgulec.meb.k12.tr,,,https://bormehmetgulec.meb.k12.tr/tema/harita.php,2026-08-31,537,537,bulundu,https://bormehmetgulec.meb.k12.tr/,2026-10-01T19:09:53.555451+00:00,,Öğrenci Sayısı : 537
Niğde,Bor,Mehmet Güleç İlkokulu,712312,İlkokul,https://mehmetgulec.meb.k12.tr,,,https://mehmetgulec.meb.k12.tr/tema/harita.php,2026-08-31,600,600,bulundu,https://mehmetgulec.meb.k12.tr/,2026-10-01T19:09:53.675192+00:00,,Öğrenci Sayısı : 600
Niğde,Bor,Mehmet Rasim Dede İlkokulu,712317,İlkokul,https://mehmet-rasimdede.meb.k12.tr,,,https://mehmet-rasimdede.meb.k12.tr/tema/harita.php,2026-08-31,246,246,bulundu,https://mehmet-rasimdede.meb.k12.tr/,2026-10-01T19:09:53.702267+00:00,,Öğrenci Sayısı : 246
Niğde,Bor,Menderes İlkokulu,714785,İlkokul,https://menderesilkokulu.meb.k12.tr,,,https://menderesilkokulu.meb.k12.tr/tema/harita.php,2026-08-31,294,294,bulundu,https://menderesilkokulu.meb.k12.tr/,2026-10-01T19:09:53.740134+00:00,,Öğrenci Sayısı: 294
Niğde,Bor,Obruk Mustafa ve Sebahat Ergin Ortaokulu,715341,Ortaokul,https://borobruk.meb.k12.tr,,,https://borobruk.meb.k12.tr/tema/harita.php,2026-08-31,54,54,bulundu,https://borobruk.meb.k12.tr/,2026-10-01T19:09:53.751947+00:00,,Öğrenci Sayısı : 54
Niğde,Bor,Obruk Mustafa ve Sebahat Ergin İlkokulu,712320,İlkokul,https://obrukio.meb.k12.tr,,,https://obrukio.meb.k12.tr/tema/harita.php,2026-08-31,76,76,bulundu,https://obrukio.meb.k12.tr/,2026-10-01T19:09:53.770645+00:00,,Öğrenci Sayısı: 76
Niğde,Bor,Onur Ekemen Ortaokulu,761195,Ortaokul,https://onurekemenortaokulu.meb.k12.tr,,,https://onurekemenortaokulu.meb.k12.tr/tema/harita.php,2026-08-31,75,75,bulundu,https://onurekemenortaokulu.meb.k12.tr/tema/okulumuz_hakkinda.php,2026-10-01T19:09:53.855607+00:00,,Öğrenci : 75
Niğde,Bor,Onur Ekemen İlkokulu,761194,İlkokul,https://onurekemenilkokulu.meb.k12.tr,,,https://onurekemenilkokulu.meb.k12.tr/tema/harita.php,2026-08-31,162,162,bulundu,https://onurekemenilkokulu.meb.k12.tr/,2026-10-01T19:09:53.975373+00:00,,Öğrenci Sayısı : 162
Niğde,Bor,Prof. Dr. Ali Yaramancı Çok Programlı Anadolu Lisesi,190342,Çok Programlı Anadolu Lisesi,https://aliyaramanci.meb.k12.tr,,,https://aliyaramanci.meb.k12.tr/tema/harita.php,2026-08-31,48,48,bulundu,https://aliyaramanci.meb.k12.tr/,2026-10-01T19:09:54.092170+00:00,,Öğrenci Sayısı : 48
Niğde,Bor,Sevim ve Abdullah Altundal Mesleki ve Teknik Anadolu Lisesi,962616,Mesleki ve Teknik Anadolu Lisesi,https://borsml.meb.k12.tr,,,https://borsml.meb.k12.tr/tema/harita.php,2026-08-31,247,247,bulundu,https://borsml.meb.k12.tr/,2026-10-01T19:09:54.243115+00:00,,Öğrenci Sayısı : 247
Niğde,Bor,Tepeköy Altınova İlkokulu,773353,İlkokul,https://773353.meb.k12.tr,,,https://773353.meb.k12.tr/tema/harita.php,2026-08-31,23,23,bulundu,https://773353.meb.k12.tr/,2026-10-01T19:09:54.291457+00:00,,Öğrenci Sayısı 23
Niğde,Bor,Tepeköy İlkokulu,712336,İlkokul,https://bortepekoyilkokulu.meb.k12.tr,,,https://bortepekoyilkokulu.meb.k12.tr/tema/harita.php,2026-08-31,9,9,bulundu,https://bortepekoyilkokulu.meb.k12.tr/,2026-10-01T19:09:54.311364+00:00,,Öğrenci Sayısı : 9
Niğde,Bor,Türkiye Odalar ve Borsalar Birliği Anaokulu,774152,Anaokulu,https://bortobbanaokulu.meb.k12.tr,,,https://bortobbanaokulu.meb.k12.tr/tema/harita.php,2026-08-31,99,99,bulundu,https://bortobbanaokulu.meb.k12.tr/,2026-10-01T19:09:54.315500+00:00,,Öğrenci Sayısı : 99
Niğde,Bor,Veli Bengü İlkokulu,712347,İlkokul,https://borvelibengu.meb.k12.tr,,,https://borvelibengu.meb.k12.tr/tema/harita.php,2026-08-31,313,313,bulundu,https://borvelibengu.meb.k12.tr/,2026-10-01T19:09:54.327455+00:00,,Öğrenci Sayısı: 313
Niğde,Bor,Yunus Emre Ortaokulu,746139,Ortaokul,https://boryunusemreortaokulu.meb.k12.tr,,,https://boryunusemreortaokulu.meb.k12.tr/tema/harita.php,2026-08-31,100,100,bulundu,https://boryunusemreortaokulu.meb.k12.tr/,2026-10-01T19:09:54.531050+00:00,,Öğrenci Sayısı 100
Niğde,Bor,Yunus Emre İlkokulu,712349,İlkokul,https://boryunusemreilkokulu.meb.k12.tr,,,https://boryunusemreilkokulu.meb.k12.tr/tema/harita.php,2026-08-31,93,93,bulundu,https://boryunusemreilkokulu.meb.k12.tr/tema/okulumuz_hakkinda.php,2026-10-01T19:09:54.551654+00:00,,Öğrenci : 93
Niğde,Bor,Zafer İlkokulu,712354,İlkokul,https://borzaferilkokulu.meb.k12.tr,,,https://borzaferilkokulu.meb.k12.tr/tema/harita.php,2026-08-31,,,bulunamadi,,2026-10-01T19:09:54.803041+00:00,,
Niğde,Bor,Çukurkuyu Dr. Fatma Erol İlkokulu,712253,İlkokul,https://cukurkuyudrfatmaerol.meb.k12.tr,,,https://cukurkuyudrfatmaerol.meb.k12.tr/tema/harita.php,2026-08-31,170,170,bulundu,https://cukurkuyudrfatmaerol.meb.k12.tr/,2026-10-01T19:09:54.803983+00:00,,Öğrenci Sayısı : 170
Niğde,Bor,Çukurkuyu Gözükara Ortaokulu,712257,Ortaokul,https://gozukaraortaokulu.meb.k12.tr,,,https://gozukaraortaokulu.meb.k12.tr/tema/harita.php,2026-08-31,118,118,bulundu,https://gozukaraortaokulu.meb.k12.tr/,2026-10-01T19:09:54.893748+00:00,,Öğrenci Sayısı 118
Niğde,Bor,Şehit Bora Çelik Anadolu Lisesi,967552,Anadolu Lisesi,https://bortokial.meb.k12.tr,,,https://bortokial.meb.k12.tr/tema/harita.php,2026-08-31,542,542,bulundu,https://bortokial.meb.k12.tr/,2026-10-01T19:09:54.927977+00:00,,Öğrenci Sayısı 542
Niğde,Bor,Şehit Cihangir Bekiş Anaokulu,973408,Anaokulu,https://sehitcihangirbekis.meb.k12.tr,,,https://sehitcihangirbekis.meb.k12.tr/tema/harita.php,2026-08-31,139,139,bulundu,https://sehitcihangirbekis.meb.k12.tr/,2026-10-01T19:09:54.930639+00:00,,Öğrenci Sayısı: 139
Niğde,Bor,Şehit Fehmi Altundaş Yatılı Bölge Ortaokulu,748264,Ortaokul,https://bor100yilybo.meb.k12.tr,,,https://bor100yilybo.meb.k12.tr/tema/harita.php,2026-08-31,101,101,bulundu,https://bor100yilybo.meb.k12.tr/,2026-10-01T19:09:54.963170+00:00,,Öğrenci Sayısı : 101
Niğde,Bor,Şehit Halil Akkoç Anaokulu,966669,Anaokulu,https://sehithalilakkocanaokulu.meb.k12.tr,,,https://sehithalilakkocanaokulu.meb.k12.tr/tema/harita.php,2026-08-31,106,106,bulundu,https://sehithalilakkocanaokulu.meb.k12.tr/,2026-10-01T19:09:55.099954+00:00,,Öğrenci Sayısı: 106
Niğde,Bor,Şehit Kemal Batur Spor Ortaokulu,777287,Ortaokul,https://sehitkemalbatursporortaokulu.meb.k12.tr,,,https://sehitkemalbatursporortaokulu.meb.k12.tr/tema/harita.php,2026-08-31,,,bulunamadi,,2026-10-01T19:09:55.184158+00:00,,
Niğde,Bor,Şehit Mehmet Dildari İlkokulu,712291,İlkokul,https://sehitmehmetdildarii.meb.k12.tr,,,https://sehitmehmetdildarii.meb.k12.tr/tema/harita.php,2026-08-31,153,153,bulundu,https://sehitmehmetdildarii.meb.k12.tr/,2026-10-01T19:09:55.318981+00:00,,Öğrenci Sayısı 153
Niğde,Bor,Şehit Nuri Pamir Anadolu Lisesi,190354,Anadolu Lisesi,https://snpal.meb.k12.tr,,,https://snpal.meb.k12.tr/tema/harita.php,2026-08-31,486,486,bulundu,https://snpal.meb.k12.tr/,2026-10-01T19:09:55.344589+00:00,,Öğrenci Sayısı 486
Niğde,Bor,Şehit Ramazan Konuş Ortaokulu,715332,Ortaokul,https://bsrko.meb.k12.tr,,,https://bsrko.meb.k12.tr/tema/harita.php,2026-08-31,243,243,bulundu,https://bsrko.meb.k12.tr/,2026-10-01T19:09:55.445540+00:00,,Öğrenci Sayısı : 243
Niğde,Bor,Şehit Ramazan Konuş İlkokulu,712340,İlkokul,https://sehitramazankonusilkokulu.meb.k12.tr,,,https://sehitramazankonusilkokulu.meb.k12.tr/tema/harita.php,2026-08-31,248,248,bulundu,https://sehitramazankonusilkokulu.meb.k12.tr/,2026-10-01T19:09:55.506147+00:00,,Öğrenci Sayısı : 248
Niğde,Bor,Şehit Ramazan Konuş İmam Hatip Ortaokulu,765185,İmam Hatip Ortaokulu,https://shtramazankonusiho.meb.k12.tr,,,https://shtramazankonusiho.meb.k12.tr/tema/harita.php,2026-08-31,40,40,bulundu,https://shtramazankonusiho.meb.k12.tr/,2026-10-01T19:09:55.590831+00:00,,Öğrenci Sayısı 40
Niğde,Bor,Şehit Ömer Halisdemir Anadolu İmam Hatip Lisesi,190413,Anadolu İmam Hatip Lisesi,https://borihl.meb.k12.tr,,,https://borihl.meb.k12.tr/tema/harita.php,2026-08-31,147,147,bulundu,https://borihl.meb.k12.tr/,2026-10-01T19:09:55.637004+00:00,,Öğrenci Sayısı : 147
Niğde,Bor,Şehit Ömer Halisdemir Tarım Mesleki ve Teknik Anadolu Lisesi,764702,Mesleki ve Teknik Anadolu Lisesi,https://borsehitomerhalisdemirmtal.meb.k12.tr,,,https://borsehitomerhalisdemirmtal.meb.k12.tr/tema/harita.php,2026-08-31,63,63,bulundu,https://borsehitomerhalisdemirmtal.meb.k12.tr/,2026-10-01T19:09:55.684426+00:00,,Öğrenci Sayısı 63
Niğde,Merkez,15 Temmuz Şehitleri Spor Lisesi,751960,Spor Lisesi,https://nigde15temmuzsehitlerispl.meb.k12.tr,,,https://nigde15temmuzsehitlerispl.meb.k12.tr/tema/harita.php,2026-08-31,265,265,bulundu,https://nigde15temmuzsehitlerispl.meb.k12.tr/,2026-10-01T19:09:55.768297+00:00,,Öğrenci Sayısı : 265
Niğde,Merkez,19 Mayıs Ortaokulu,712169,Ortaokul,https://nigde19mayisortaokulu.meb.k12.tr,,,https://nigde19mayisortaokulu.meb.k12.tr/tema/harita.php,2026-08-31,539,539,bulundu,https://nigde19mayisortaokulu.meb.k12.tr/,2026-10-01T19:09:55.830830+00:00,,Öğrenci Sayısı : 539
Niğde,Merkez,23 Nisan Havacılar Ortaokulu,720915,Ortaokul,https://23nisanhavacilarortaokulu.meb.k12.tr,,,https://23nisanhavacilarortaokulu.meb.k12.tr/tema/harita.php,2026-08-31,1190,1190,bulundu,https://23nisanhavacilarortaokulu.meb.k12.tr/,2026-10-01T19:09:55.914164+00:00,,Öğrenci Sayısı 1190
Niğde,Merkez,5 Şubat Ortaokulu,283116,Ortaokul,https://5subat.meb.k12.tr,,,https://5subat.meb.k12.tr/tema/harita.php,2026-08-31,833,833,bulundu,https://5subat.meb.k12.tr/tema/okulumuz_hakkinda.php,2026-10-01T19:09:56.034386+00:00,,Öğrenci : 833
Niğde,Merkez,75. Yıl Mehmet Göker Mesleki ve Teknik Anadolu Lisesi,962156,Mesleki ve Teknik Anadolu Lisesi,https://nigdeatml.meb.k12.tr,,,https://nigdeatml.meb.k12.tr/tema/harita.php,2026-08-31,166,166,bulundu,https://nigdeatml.meb.k12.tr/tema/okulumuz_hakkinda.php,2026-10-01T19:09:56.102754+00:00,,Öğrenci : 166
Niğde,Merkez,75.Yıl Mustafa Altuncu İlkokulu,712183,İlkokul,https://75yilmustafaaltuncu.meb.k12.tr,,,https://75yilmustafaaltuncu.meb.k12.tr/tema/harita.php,2026-08-31,348,348,bulundu,https://75yilmustafaaltuncu.meb.k12.tr/,2026-10-01T19:09:56.196283+00:00,,Öğrenci Sayısı 348
Niğde,Merkez,Abdulhamit Han Ortaokulu,721215,Ortaokul,https://nigdeabdulhamithanortaokulu.meb.k12.tr,,,https://nigdeabdulhamithanortaokulu.meb.k12.tr/tema/harita.php,2026-08-31,1539,1539,bulundu,https://nigdeabdulhamithanortaokulu.meb.k12.tr/tema/okulumuz_hakkinda.php,2026-10-01T19:09:56.235947+00:00,,Öğrenci : 1539
Niğde,Merkez,Aktaş Yenimahalle İlkokulu,708944,İlkokul,https://aktasyenimahio.meb.k12.tr,,,https://aktasyenimahio.meb.k12.tr/tema/harita.php,2026-08-31,48,48,bulundu,https://aktasyenimahio.meb.k12.tr/,2026-10-01T19:09:56.380164+00:00,,Öğrenci Sayısı : 48
Niğde,Merkez,Aktaş Şehit Yüksel Kabaca Ortaokulu,721502,Ortaokul,https://aktas51.meb.k12.tr,,,https://aktas51.meb.k12.tr/tema/harita.php,2026-08-31,85,85,bulundu,https://aktas51.meb.k12.tr/,2026-10-01T19:09:56.391165+00:00,,Öğrenci Sayısı 85
Niğde,Merkez,Aktaş Şehit Yüksel Kabaca İlkokulu,711596,İlkokul,https://aktassyki.meb.k12.tr,,,https://aktassyki.meb.k12.tr/tema/harita.php,2026-08-31,63,63,bulundu,https://aktassyki.meb.k12.tr/,2026-10-01T19:09:56.650511+00:00,,Öğrenci Sayısı : 63
Niğde,Merkez,Akşemseddin Bilim ve Sanat Merkezi,749119,Bilim ve Sanat Merkezi,https://nigdebilsem.meb.k12.tr,,,https://nigdebilsem.meb.k12.tr/tema/harita.php,2026-08-31,424,424,bulundu,https://nigdebilsem.meb.k12.tr/,2026-10-01T19:09:56.684831+00:00,,Öğrenci Sayısı : 424
Niğde,Merkez,Alay İlkokulu,709011,İlkokul,https://alayilkokulu.meb.k12.tr,,,https://alayilkokulu.meb.k12.tr/tema/harita.php,2026-08-31,218,218,bulundu,https://alayilkokulu.meb.k12.tr/,2026-10-01T19:09:56.761692+00:00,,Öğrenci Sayısı 218
Niğde,Merkez,Alay Şehit Oktay Önder Ortaokulu,709098,Ortaokul,https://alayso.meb.k12.tr,,,https://alayso.meb.k12.tr/tema/harita.php,2026-08-31,203,203,bulundu,https://alayso.meb.k12.tr/,2026-10-01T19:09:56.887227+00:00,,Öğrenci Sayısı : 203
Niğde,Merkez,Ali Ulvi Arıkan Ortaokulu,709131,Ortaokul,https://aliulviarikan.meb.k12.tr,,,https://aliulviarikan.meb.k12.tr/tema/harita.php,2026-08-31,183,183,bulundu,https://aliulviarikan.meb.k12.tr/tema/okulumuz_hakkinda.php,2026-10-01T19:09:56.918246+00:00,,Öğrenci : 183
Niğde,Merkez,Aliya İzzet Begoviç Ortaokulu,751830,Ortaokul,https://aliyaizzetbegovicoo.meb.k12.tr,,,https://aliyaizzetbegovicoo.meb.k12.tr/tema/harita.php,2026-08-31,141,141,bulundu,https://aliyaizzetbegovicoo.meb.k12.tr/,2026-10-01T19:09:56.924793+00:00,,Öğrenci Sayısı : 141
Niğde,Merkez,Aliya İzzet Begoviç İlkokulu,751832,İlkokul,https://aliyaizzetbegovicio.meb.k12.tr,,,https://aliyaizzetbegovicio.meb.k12.tr/tema/harita.php,2026-08-31,171,171,bulundu,https://aliyaizzetbegovicio.meb.k12.tr/,2026-10-01T19:09:56.988876+00:00,,Öğrenci Sayısı : 171
Niğde,Merkez,Alpaslan İlkokulu,711720,İlkokul,https://alpaslanilkokulu.meb.k12.tr,,,https://alpaslanilkokulu.meb.k12.tr/tema/harita.php,2026-08-31,205,205,bulundu,https://alpaslanilkokulu.meb.k12.tr/tema/okulumuz_hakkinda.php,2026-10-01T19:09:57.003791+00:00,,Öğrenci : 205
Niğde,Merkez,Anakucağı Anaokulu,965555,Anaokulu,https://nigdeanakucagianaokulu.meb.k12.tr,,,https://nigdeanakucagianaokulu.meb.k12.tr/tema/harita.php,2026-08-31,,100 | 108,celiskili,https://nigdeanakucagianaokulu.meb.k12.tr/tema/okulumuz_hakkinda.php,2026-10-01T19:09:57.058968+00:00,,100 Öğrenci | Öğrenci : 108
Niğde,Merkez,Asım ve Zeynep Ecemiş İlkokulu,709215,İlkokul,https://asimzeynep.meb.k12.tr,,,https://asimzeynep.meb.k12.tr/tema/harita.php,2026-08-31,917,917,bulundu,https://asimzeynep.meb.k12.tr/,2026-10-01T19:09:57.084980+00:00,,Öğrenci Sayısı 917
Niğde,Merkez,Atatürk Anadolu Lisesi,189376,Anadolu Lisesi,https://nigdeataturkanadolulisesi.meb.k12.tr,,,https://nigdeataturkanadolulisesi.meb.k12.tr/tema/harita.php,2026-08-31,,,bulunamadi,,2026-10-01T19:09:57.123159+00:00,,
Niğde,Merkez,Atatürk Eğitimciler Anaokulu,752633,Anaokulu,https://ataturkegitimciler.meb.k12.tr,,,https://ataturkegitimciler.meb.k12.tr/tema/harita.php,2026-08-31,152,152,bulundu,https://ataturkegitimciler.meb.k12.tr/,2026-10-01T19:09:57.135568+00:00,,Öğrenci Sayısı : 152
Niğde,Merkez,Atatürk Mesleki ve Teknik Anadolu Lisesi,962618,Mesleki ve Teknik Anadolu Lisesi,https://nigdeataturkmtal.meb.k12.tr,,,https://nigdeataturkmtal.meb.k12.tr/tema/harita.php,2026-08-31,335,335,bulundu,https://nigdeataturkmtal.meb.k12.tr/,2026-10-01T19:09:57.139666+00:00,,Öğrenci Sayısı 335
Niğde,Merkez,Atatürk Ortaokulu,853538,Ortaokul,https://nigdeataturkortaokulu.meb.k12.tr,,,https://nigdeataturkortaokulu.meb.k12.tr/tema/harita.php,2026-08-31,870,870,bulundu,https://nigdeataturkortaokulu.meb.k12.tr/,2026-10-01T19:09:57.176661+00:00,,Öğrenci Sayısı 870
Niğde,Merkez,Ağcaşar Hazim Arslanbay Ortaokulu,721528,Ortaokul,https://nigdeagcasarortaokulu.meb.k12.tr,,,https://nigdeagcasarortaokulu.meb.k12.tr/tema/harita.php,2026-08-31,171,171,bulundu,https://nigdeagcasarortaokulu.meb.k12.tr/,2026-10-01T19:09:57.193813+00:00,,Öğrenci Sayısı : 171
Niğde,Merkez,Ağcaşar Şehit Mustafa Memiş İlkokulu,708772,İlkokul,https://nigdeagcasarilkokulu.meb.k12.tr,,,https://nigdeagcasarilkokulu.meb.k12.tr/tema/harita.php,2026-08-31,194,194,bulundu,https://nigdeagcasarilkokulu.meb.k12.tr/,2026-10-01T19:09:57.562945+00:00,,Öğrenci Sayısı : 194
Niğde,Merkez,Aşlama Mukadder-Murat Bayatlı Ortaokulu,721467,Ortaokul,https://aslamaortaokulu.meb.k12.tr,,,https://aslamaortaokulu.meb.k12.tr/tema/harita.php,2026-08-31,38,38,bulundu,https://aslamaortaokulu.meb.k12.tr/,2026-10-01T19:09:57.594406+00:00,,Öğrenci Sayısı : 38
Niğde,Merkez,Aşlama Mukadder-Murat Bayatlı İlkokulu,711615,İlkokul,https://aslamammb.meb.k12.tr,,,https://aslamammb.meb.k12.tr/tema/harita.php,2026-08-31,42,42,bulundu,https://aslamammb.meb.k12.tr/,2026-10-01T19:09:57.716639+00:00,,Öğrenci Sayısı : 42
Niğde,Merkez,Bağlama Ortaokulu,711627,Ortaokul,https://baglamaortaokulu.meb.k12.tr,,,https://baglamaortaokulu.meb.k12.tr/tema/harita.php,2026-08-31,,,bulunamadi,,2026-10-01T19:09:57.747827+00:00,,
Niğde,Merkez,Bağlama Şehit Adnan Savaş İlkokulu,711630,İlkokul,https://baglamasasilk.meb.k12.tr,,,https://baglamasasilk.meb.k12.tr/tema/harita.php,2026-08-31,155,155,bulundu,https://baglamasasilk.meb.k12.tr/tema/okulumuz_hakkinda.php,2026-10-01T19:09:57.818723+00:00,,Öğrenci : 155
Niğde,Merkez,Behzat Ecemiş İlkokulu,711636,İlkokul,https://behzatecemisilkokulu.meb.k12.tr,,,https://behzatecemisilkokulu.meb.k12.tr/tema/harita.php,2026-08-31,,,bulunamadi,,2026-10-01T19:09:57.862669+00:00,,
Niğde,Merkez,Cemil Meriç Görme Engelliler Ortaokulu,748434,Ortaokul,https://nigdecemilmericortaokulu.meb.k12.tr,,,https://nigdecemilmericortaokulu.meb.k12.tr/tema/harita.php,2026-08-31,,,bulunamadi,,2026-10-01T19:09:57.876166+00:00,,
Niğde,Merkez,Cemil Meriç Görme Engelliler İlkokulu,748433,İlkokul,https://nigdecemilmericilkokulu.meb.k12.tr,,,https://nigdecemilmericilkokulu.meb.k12.tr/tema/harita.php,2026-08-31,,,bulunamadi,,2026-10-01T19:09:57.892673+00:00,,
Niğde,Merkez,Cumhuriyet Anadolu Lisesi,967713,Anadolu Lisesi,https://cumhuriyetanadolulisesi.meb.k12.tr,,,https://cumhuriyetanadolulisesi.meb.k12.tr/tema/harita.php,2026-08-31,,170 | 573,celiskili,https://cumhuriyetanadolulisesi.meb.k12.tr/tema/okulumuz_hakkinda.php,2026-10-01T19:09:57.989062+00:00,,170 öğrenci | Öğrenci : 573
Niğde,Merkez,Cumhuriyet Anaokulu,833322,Anaokulu,https://nigdecumhuriyetanaokulu.meb.k12.tr,,,https://nigdecumhuriyetanaokulu.meb.k12.tr/tema/harita.php,2026-08-31,69,69,bulundu,https://nigdecumhuriyetanaokulu.meb.k12.tr/,2026-10-01T19:09:58.013775+00:00,,Öğrenci Sayısı 69
Niğde,Merkez,Cumhuriyet İlkokulu,711642,İlkokul,https://nigdecumhuriyetim.meb.k12.tr,,,https://nigdecumhuriyetim.meb.k12.tr/tema/harita.php,2026-08-31,647,647,bulundu,https://nigdecumhuriyetim.meb.k12.tr/,2026-10-01T19:09:58.467545+00:00,,Öğrenci Sayısı : 647
Niğde,Merkez,Değirmenli Şehit Yalçın Aran Ortaokulu,711669,Ortaokul,https://nigdegirmenli.meb.k12.tr,,,https://nigdegirmenli.meb.k12.tr/tema/harita.php,2026-08-31,75,75,bulundu,https://nigdegirmenli.meb.k12.tr/tema/okulumuz_hakkinda.php,2026-10-01T19:09:58.480851+00:00,,Öğrenci : 75
Niğde,Merkez,Değirmenli Şehit Yalçın Aran İlkokulu,774478,İlkokul,https://dsyalcinaranilkokulu.meb.k12.tr,,,https://dsyalcinaranilkokulu.meb.k12.tr/tema/harita.php,2026-08-31,66,66,bulundu,https://dsyalcinaranilkokulu.meb.k12.tr/,2026-10-01T19:09:58.497799+00:00,,Öğrenci Sayısı : 66
Niğde,Merkez,Dikilitaş Şehit Erdal Çoban Ortaokulu,721409,Ortaokul,https://dikilitasortaokulu.meb.k12.tr,,,https://dikilitasortaokulu.meb.k12.tr/tema/harita.php,2026-08-31,40,40,bulundu,https://dikilitasortaokulu.meb.k12.tr/,2026-10-01T19:09:58.513207+00:00,,Öğrenci Sayısı 40
Niğde,Merkez,Dikilitaş Şehit Erdal Çoban İlkokulu,711673,İlkokul,https://dikilitasilkokulu.meb.k12.tr,,,https://dikilitasilkokulu.meb.k12.tr/tema/harita.php,2026-08-31,26,26,bulundu,https://dikilitasilkokulu.meb.k12.tr/,2026-10-01T19:09:58.589044+00:00,,Öğrenci Sayısı 26
Niğde,Merkez,Dr. Sadık Ahmet İlkokulu,711680,İlkokul,https://nigdedrsadikahmet.meb.k12.tr,,,https://nigdedrsadikahmet.meb.k12.tr/tema/harita.php,2026-08-31,240,240,bulundu,https://nigdedrsadikahmet.meb.k12.tr/,2026-10-01T19:09:58.614685+00:00,,Öğrenci Sayısı 240
Niğde,Merkez,Dumlupınar İlkokulu,339504,İlkokul,https://nigdedumlupinar.meb.k12.tr,,,https://nigdedumlupinar.meb.k12.tr/tema/harita.php,2026-08-31,181,181,bulundu,https://nigdedumlupinar.meb.k12.tr/tema/okulumuz_hakkinda.php,2026-10-01T19:09:58.648051+00:00,,Öğrenci : 181
Niğde,Merkez,Dündarlı 100. Yıl İlkokulu,711689,İlkokul,https://dundarli100yilio.meb.k12.tr,,,https://dundarli100yilio.meb.k12.tr/tema/harita.php,2026-08-31,53,53,bulundu,https://dundarli100yilio.meb.k12.tr/,2026-10-01T19:09:58.742809+00:00,,Öğrenci Sayısı: 53
Niğde,Merkez,Dündarlı 100.Yıl Ortaokulu,721399,Ortaokul,https://dundarliortaokulu.meb.k12.tr,,,https://dundarliortaokulu.meb.k12.tr/tema/harita.php,2026-08-31,85,85,bulundu,https://dundarliortaokulu.meb.k12.tr/,2026-10-01T19:09:58.759780+00:00,,Öğrenci Sayısı 85
Niğde,Merkez,Dündarlı Atatürk Ortaokulu,765600,Ortaokul,https://dundarliataturkortaokulu.meb.k12.tr,,,https://dundarliataturkortaokulu.meb.k12.tr/tema/harita.php,2026-08-31,38,38,bulundu,https://dundarliataturkortaokulu.meb.k12.tr/,2026-10-01T19:09:58.829760+00:00,,Öğrenci Sayısı 38
Niğde,Merkez,Dündarlı Atatürk İlkokulu,711684,İlkokul,https://dundarliataturkilkokulu.meb.k12.tr,,,https://dundarliataturkilkokulu.meb.k12.tr/tema/harita.php,2026-08-31,43,43,bulundu,https://dundarliataturkilkokulu.meb.k12.tr/,2026-10-01T19:09:59.022057+00:00,,Öğrenci Sayısı : 43
Niğde,Merkez,Edikli Atatürk İlkokulu,711694,İlkokul,https://edikliataturkilkokulu.meb.k12.tr,,,https://edikliataturkilkokulu.meb.k12.tr/tema/harita.php,2026-08-31,104,104,bulundu,https://edikliataturkilkokulu.meb.k12.tr/,2026-10-01T19:09:59.124943+00:00,,Öğrenci Sayısı: 104
Niğde,Merkez,Edikli Osman Gazi İlkokulu,711703,İlkokul,https://edikliosmangazi.meb.k12.tr,,,https://edikliosmangazi.meb.k12.tr/tema/harita.php,2026-08-31,106,106,bulundu,https://edikliosmangazi.meb.k12.tr/,2026-10-01T19:09:59.285850+00:00,,Öğrenci Sayısı 106
Niğde,Merkez,Edikli İmam Hatip Ortaokulu,749167,İmam Hatip Ortaokulu,https://edikliimamhatip.meb.k12.tr,,,https://edikliimamhatip.meb.k12.tr/tema/harita.php,2026-08-31,113,113,bulundu,https://edikliimamhatip.meb.k12.tr/tema/okulumuz_hakkinda.php,2026-10-01T19:09:59.313982+00:00,,Öğrenci : 113
Niğde,Merkez,Edikli Şehit Ayhan Arıkan İlkokulu,711700,İlkokul,https://arikanilkokul.meb.k12.tr,,,https://arikanilkokul.meb.k12.tr/tema/harita.php,2026-08-31,80,80,bulundu,https://arikanilkokul.meb.k12.tr/tema/okulumuz_hakkinda.php,2026-10-01T19:09:59.467096+00:00,,Öğrenci : 80
Niğde,Merkez,Edikli Şehit Enver Yaman Çok Programlı Anadolu Lisesi,189388,Çok Programlı Anadolu Lisesi,https://ediklicpl.meb.k12.tr,,,https://ediklicpl.meb.k12.tr/tema/harita.php,2026-08-31,82,82,bulundu,https://ediklicpl.meb.k12.tr/,2026-10-01T19:09:59.583416+00:00,,Öğrenci Sayısı 82
Niğde,Merkez,Edikli Şehit İhsan Yarımkulak Ortaokulu,721369,Ortaokul,https://sehitihsanyk.meb.k12.tr,,,https://sehitihsanyk.meb.k12.tr/tema/harita.php,2026-08-31,180,180,bulundu,https://sehitihsanyk.meb.k12.tr/,2026-10-01T19:09:59.636134+00:00,,Öğrenci Sayısı 180
Niğde,Merkez,Elmalı Ortaokulu,739261,Ortaokul,https://elmali-ortaokulu.meb.k12.tr,,,https://elmali-ortaokulu.meb.k12.tr/tema/harita.php,2026-08-31,26,26,bulundu,https://elmali-ortaokulu.meb.k12.tr/,2026-10-01T19:09:59.662317+00:00,,Öğrenci Sayısı 26
Niğde,Merkez,Elmalı İlkokulu,711724,İlkokul,https://elmalilkokulu.meb.k12.tr,,,https://elmalilkokulu.meb.k12.tr/tema/harita.php,2026-08-31,33,33,bulundu,https://elmalilkokulu.meb.k12.tr/,2026-10-01T19:09:59.721636+00:00,,Öğrenci Sayısı : 33
Niğde,Merkez,Elmalı-Çayırlı 80.Yıl Çok Programlı Anadolu Lisesi,955532,Çok Programlı Anadolu Lisesi,https://elmalicayirlicpl.meb.k12.tr,,,https://elmalicayirlicpl.meb.k12.tr/tema/harita.php,2026-08-31,74,74,bulundu,https://elmalicayirlicpl.meb.k12.tr/tema/okulumuz_hakkinda.php,2026-10-01T19:09:59.774044+00:00,,Öğrenci : 74
Niğde,Merkez,Emin-Emine Teoman Özel Eğitim Uygulama Okulu I. Kademe,747195,Özel Eğitim Kurumu,https://eminemineteomanbirincikademe.meb.k12.tr,,,https://eminemineteomanbirincikademe.meb.k12.tr/tema/harita.php,2026-08-31,74,74,bulundu,https://eminemineteomanbirincikademe.meb.k12.tr/,2026-10-01T19:09:59.916612+00:00,,Öğrenci Sayısı : 74
Niğde,Merkez,Emin-Emine Teoman Özel Eğitim Uygulama Okulu II. Kademe,747282,Özel Eğitim Kurumu,https://eminemineteomanikincikademe.meb.k12.tr,,,https://eminemineteomanikincikademe.meb.k12.tr/tema/harita.php,2026-08-31,,,bulunamadi,,2026-10-01T19:10:00.010186+00:00,,
Niğde,Merkez,Emine Çetintürk Anaokulu,973322,Anaokulu,https://nigdecetinturkanaokulu.meb.k12.tr,,,https://nigdecetinturkanaokulu.meb.k12.tr/tema/harita.php,2026-08-31,160,160,bulundu,https://nigdecetinturkanaokulu.meb.k12.tr/,2026-10-01T19:10:00.205115+00:00,,Öğrenci Sayısı 160
Niğde,Merkez,Faik Şahenk Mesleki ve Teknik Anadolu Lisesi,381059,Mesleki ve Teknik Anadolu Lisesi,https://nigdefsahenk.meb.k12.tr,,,https://nigdefsahenk.meb.k12.tr/tema/harita.php,2026-08-31,500,500,bulundu,https://nigdefsahenk.meb.k12.tr/,2026-10-01T19:10:00.245199+00:00,,Öğrenci Sayısı : 500
Niğde,Merkez,Fatih Anadolu Lisesi,972978,Anadolu Lisesi,https://nigdefatihanadolu.meb.k12.tr,,,https://nigdefatihanadolu.meb.k12.tr/tema/harita.php,2026-08-31,461,461,bulundu,https://nigdefatihanadolu.meb.k12.tr/,2026-10-01T19:10:00.338272+00:00,,Öğrenci Sayısı 461
Niğde,Merkez,Fatma ve Mehmet Karaca İmam Hatip Ortaokulu,769273,İmam Hatip Ortaokulu,https://fatmamehmetkaracahafiziho.meb.k12.tr,,,https://fatmamehmetkaracahafiziho.meb.k12.tr/tema/harita.php,2026-08-31,225,225,bulundu,https://fatmamehmetkaracahafiziho.meb.k12.tr/,2026-10-01T19:10:00.497063+00:00,,Öğrenci Sayısı 225
Niğde,Merkez,Fertek Özel Eğitim Meslek Okulu,750042,Özel Eğitim Kurumu,https://fertekozelegitimmem.meb.k12.tr,,,https://fertekozelegitimmem.meb.k12.tr/tema/harita.php,2026-08-31,69,69,bulundu,https://fertekozelegitimmem.meb.k12.tr/,2026-10-01T19:10:00.508694+00:00,,Öğrenci Sayısı 69
Niğde,Merkez,Fesleğen Eczacı Necla Filibeli İlkokulu,711731,İlkokul,https://feslegenilk.meb.k12.tr,,,https://feslegenilk.meb.k12.tr/tema/harita.php,2026-08-31,12,12,bulundu,https://feslegenilk.meb.k12.tr/,2026-10-01T19:10:00.550315+00:00,,Öğrenci Sayısı 12
Niğde,Merkez,Gazi Ortaokulu,721359,Ortaokul,https://nigdegaziortaokulu.meb.k12.tr,,,https://nigdegaziortaokulu.meb.k12.tr/tema/harita.php,2026-08-31,741,741,bulundu,https://nigdegaziortaokulu.meb.k12.tr/,2026-10-01T19:10:00.582278+00:00,,Öğrenci Sayısı : 741
Niğde,Merkez,Gösterli Ortaokulu,721352,Ortaokul,https://gosterliortaokulu.meb.k12.tr,,,https://gosterliortaokulu.meb.k12.tr/tema/harita.php,2026-08-31,37,37,bulundu,https://gosterliortaokulu.meb.k12.tr/,2026-10-01T19:10:00.715176+00:00,,Öğrenci Sayısı 37
Niğde,Merkez,Gösterli İlkokulu,711740,İlkokul,https://gosterliilkokulu.meb.k12.tr,,,https://gosterliilkokulu.meb.k12.tr/tema/harita.php,2026-08-31,49,49,bulundu,https://gosterliilkokulu.meb.k12.tr/,2026-10-01T19:10:00.782147+00:00,,Öğrenci Sayısı : 49
Niğde,Merkez,Güllüce İlkokulu,711745,İlkokul,https://gulluceilkokulu.meb.k12.tr,,,https://gulluceilkokulu.meb.k12.tr/tema/harita.php,2026-08-31,14,14,bulundu,https://gulluceilkokulu.meb.k12.tr/,2026-10-01T19:10:00.830830+00:00,,Öğrenci Sayısı 14
Niğde,Merkez,Gümüşler İlkokulu,711750,İlkokul,https://gumuslerilkokulu.meb.k12.tr,,,https://gumuslerilkokulu.meb.k12.tr/tema/harita.php,2026-08-31,122,122,bulundu,https://gumuslerilkokulu.meb.k12.tr/,2026-10-01T19:10:00.846796+00:00,,Öğrenci Sayısı 122
Niğde,Merkez,Gümüşler Şehit Nail Akdoğan Ortaokulu,721314,Ortaokul,https://gumuslersehitnailakdogan.meb.k12.tr,,,https://gumuslersehitnailakdogan.meb.k12.tr/tema/harita.php,2026-08-31,98,98,bulundu,https://gumuslersehitnailakdogan.meb.k12.tr/,2026-10-01T19:10:01.225562+00:00,,Öğrenci Sayısı : 98
Niğde,Merkez,Gümüştaş Madencilik A.Ş. Anaokulu,777371,Anaokulu,https://777371.meb.k12.tr,,,https://777371.meb.k12.tr/tema/harita.php,2026-08-31,158,158,bulundu,https://777371.meb.k12.tr/,2026-10-01T19:10:01.347087+00:00,,Öğrenci Sayısı : 158
Niğde,Merkez,Hacı Zekiye Arslan Anadolu Lisesi,972376,Anadolu Lisesi,https://hazal.meb.k12.tr,,,https://hazal.meb.k12.tr/tema/harita.php,2026-08-31,443,443,bulundu,https://hazal.meb.k12.tr/tema/okulumuz_hakkinda.php,2026-10-01T19:10:01.377105+00:00,,Öğrenci : 443
Niğde,Merkez,Hacıabdullah Şehit Doğan Demir Ortaokulu,711755,Ortaokul,https://sehitdogandemir.meb.k12.tr,,,https://sehitdogandemir.meb.k12.tr/tema/harita.php,2026-08-31,90,90,bulundu,https://sehitdogandemir.meb.k12.tr/,2026-10-01T19:10:01.449264+00:00,,Öğrenci Sayısı 90
Niğde,Merkez,Hacıabdullah Şehit Mustafa Avcı İlkokulu,711756,İlkokul,https://mustafaavci.meb.k12.tr,,,https://mustafaavci.meb.k12.tr/tema/harita.php,2026-08-31,,,bulunamadi,,2026-10-01T19:10:01.593447+00:00,,
Niğde,Merkez,Hacıbeyli İlkokulu,711761,İlkokul,https://hacibeyliilkokulu.meb.k12.tr,,,https://hacibeyliilkokulu.meb.k12.tr/tema/harita.php,2026-08-31,26,26,bulundu,https://hacibeyliilkokulu.meb.k12.tr/,2026-10-01T19:10:01.640885+00:00,,Öğrenci Sayısı 26
Niğde,Merkez,Halil Kitapçı Ortaokulu,767686,Ortaokul,https://halilkitapciortaokulu.meb.k12.tr,,,https://halilkitapciortaokulu.meb.k12.tr/tema/harita.php,2026-08-31,355,355,bulundu,https://halilkitapciortaokulu.meb.k12.tr/,2026-10-01T19:10:01.675312+00:00,,Öğrenci Sayısı : 355
Niğde,Merkez,Halil Kitapçı İlkokulu,767673,İlkokul,https://halilkitapci-ilkokulu.meb.k12.tr,,,https://halilkitapci-ilkokulu.meb.k12.tr/tema/harita.php,2026-08-31,473,473,bulundu,https://halilkitapci-ilkokulu.meb.k12.tr/,2026-10-01T19:10:01.714958+00:00,,Öğrenci Sayısı : 473
Niğde,Merkez,Hasaköy Şehit Cemal Özcan Ortaokulu,721278,Ortaokul,https://hasakoyortaokulu.meb.k12.tr,,,https://hasakoyortaokulu.meb.k12.tr/tema/harita.php,2026-08-31,29,29,bulundu,https://hasakoyortaokulu.meb.k12.tr/,2026-10-01T19:10:02.006159+00:00,,Öğrenci Sayısı 29
Niğde,Merkez,Hasaköy Şehit Cemal Özcan İlkokulu,711774,İlkokul,https://hasakoy.meb.k12.tr,,,https://hasakoy.meb.k12.tr/tema/harita.php,2026-08-31,38,38,bulundu,https://hasakoy.meb.k12.tr/,2026-10-01T19:10:02.061646+00:00,,Öğrenci Sayısı 38
Niğde,Merkez,Hayri Aruk Anaokulu,777315,Anaokulu,https://hayriarukanaokulu.meb.k12.tr,,,https://hayriarukanaokulu.meb.k12.tr/tema/harita.php,2026-08-31,134,134,bulundu,https://hayriarukanaokulu.meb.k12.tr/,2026-10-01T19:10:02.096029+00:00,,Öğrenci Sayısı : 134
Niğde,Merkez,Hazım Tepeyran İlkokulu,711797,İlkokul,https://hazimtepeyran.meb.k12.tr,,,https://hazimtepeyran.meb.k12.tr/tema/harita.php,2026-08-31,343,343,bulundu,https://hazimtepeyran.meb.k12.tr/,2026-10-01T19:10:02.174349+00:00,,Öğrenci Sayısı : 343
Niğde,Merkez,Himmetli İlkokulu,711806,İlkokul,https://himmetliilkokulu.meb.k12.tr,,,https://himmetliilkokulu.meb.k12.tr/tema/harita.php,2026-08-31,14,14,bulundu,https://himmetliilkokulu.meb.k12.tr/,2026-10-01T19:10:02.379207+00:00,,Öğrenci Sayısı : 14
Niğde,Merkez,Hüdavend Hatun Kız Mesleki ve Teknik Anadolu Lisesi,189435,Mesleki ve Teknik Anadolu Lisesi,https://hudavendhatunmtal.meb.k12.tr,,,https://hudavendhatunmtal.meb.k12.tr/tema/harita.php,2026-08-31,788,788,bulundu,https://hudavendhatunmtal.meb.k12.tr/,2026-10-01T19:10:02.477489+00:00,,Öğrenci Sayısı : 788
Niğde,Merkez,Hüyük İlkokulu,711812,İlkokul,https://huyukilkokulu.meb.k12.tr,,,https://huyukilkokulu.meb.k12.tr/tema/harita.php,2026-08-31,23,23,bulundu,https://huyukilkokulu.meb.k12.tr/,2026-10-01T19:10:02.679865+00:00,,Öğrenci Sayısı : 23
Niğde,Merkez,Kanuni Sultan Süleyman Ortaokulu,711849,Ortaokul,https://nigdekanuni.meb.k12.tr,,,https://nigdekanuni.meb.k12.tr/tema/harita.php,2026-08-31,572,572,bulundu,https://nigdekanuni.meb.k12.tr/,2026-10-01T19:10:02.718760+00:00,,Öğrenci Sayısı 572
Niğde,Merkez,Karaatlı Fatma Cuma Ali Yılmaz İmam Hatip Ortaokulu,760055,İmam Hatip Ortaokulu,https://fatmacumaaliyilmaziho.meb.k12.tr,,,https://fatmacumaaliyilmaziho.meb.k12.tr/tema/harita.php,2026-08-31,237,237,bulundu,https://fatmacumaaliyilmaziho.meb.k12.tr/,2026-10-01T19:10:02.861816+00:00,,Öğrenci Sayısı 237
Niğde,Merkez,Karaatlı Şehit Şahin Yılmaz İlkokulu,711867,İlkokul,https://karaatlisehitsahinyilmazio.meb.k12.tr,,,https://karaatlisehitsahinyilmazio.meb.k12.tr/tema/harita.php,2026-08-31,261,261,bulundu,https://karaatlisehitsahinyilmazio.meb.k12.tr/,2026-10-01T19:10:02.893657+00:00,,Öğrenci Sayısı : 261
Niğde,Merkez,Kayırlı Hacı Merdan Kaplan İlkokulu,711897,İlkokul,https://kayirli.meb.k12.tr,,,https://kayirli.meb.k12.tr/tema/harita.php,2026-08-31,51,51,bulundu,https://kayirli.meb.k12.tr/,2026-10-01T19:10:02.920458+00:00,,Öğrenci Sayısı: 51
Niğde,Merkez,Kayırlı Ortaokulu,711895,Ortaokul,https://kayirliortaokulu.meb.k12.tr,,,https://kayirliortaokulu.meb.k12.tr/tema/harita.php,2026-08-31,41,41,bulundu,https://kayirliortaokulu.meb.k12.tr/,2026-10-01T19:10:02.978655+00:00,,Öğrenci Sayısı : 41
Niğde,Merkez,Kemal Aydoğan İlkokulu,711900,İlkokul,https://kemalaydoganilkokulu.meb.k12.tr,,,https://kemalaydoganilkokulu.meb.k12.tr/tema/harita.php,2026-08-31,1380,1380,bulundu,https://kemalaydoganilkokulu.meb.k12.tr/,2026-10-01T19:10:03.055407+00:00,,Öğrenci Sayısı : 1380
Niğde,Merkez,Kemal Çetintürk İlkokulu,711907,İlkokul,https://kemalcetinturk.meb.k12.tr,,,https://kemalcetinturk.meb.k12.tr/tema/harita.php,2026-08-31,552,552,bulundu,https://kemalcetinturk.meb.k12.tr/,2026-10-01T19:10:03.097762+00:00,,Öğrenci Sayısı 552
Niğde,Merkez,Kiledere İlkokulu,765602,İlkokul,https://nigdekiledereilkokulu.meb.k12.tr,,,https://nigdekiledereilkokulu.meb.k12.tr/tema/harita.php,2026-08-31,80,80,bulundu,https://nigdekiledereilkokulu.meb.k12.tr/,2026-10-01T19:10:03.194038+00:00,,Öğrenci Sayısı : 80
Niğde,Merkez,Kiledere İmam Hatip Ortaokulu,760053,İmam Hatip Ortaokulu,https://kiledereimamhatip.meb.k12.tr,,,https://kiledereimamhatip.meb.k12.tr/tema/harita.php,2026-08-31,273,273,bulundu,https://kiledereimamhatip.meb.k12.tr/tema/okulumuz_hakkinda.php,2026-10-01T19:10:03.446659+00:00,,Öğrenci : 273
Niğde,Merkez,Kiledere Şehit Bülent Tunçbilek Ortaokulu,721180,Ortaokul,https://bulenttuncbilekortaokulu.meb.k12.tr,,,https://bulenttuncbilekortaokulu.meb.k12.tr/tema/harita.php,2026-08-31,154,154,bulundu,https://bulenttuncbilekortaokulu.meb.k12.tr/,2026-10-01T19:10:03.470409+00:00,,Öğrenci Sayısı : 154
Niğde,Merkez,Kiledere Şehit Bülent Tunçbilek İlkokulu,711916,İlkokul,https://bulenttuncbilekilkokulu.meb.k12.tr,,,https://bulenttuncbilekilkokulu.meb.k12.tr/tema/harita.php,2026-08-31,172,172,bulundu,https://bulenttuncbilekilkokulu.meb.k12.tr/tema/okulumuz_hakkinda.php,2026-10-01T19:10:03.513349+00:00,,Öğrenci : 172
Niğde,Merkez,Kiledere Şehit Emrah Eryılmaz İlkokulu,711934,İlkokul,https://kiledereemraheryilmazilkokulu.meb.k12.tr,,,https://kiledereemraheryilmazilkokulu.meb.k12.tr/tema/harita.php,2026-08-31,305,305,bulundu,https://kiledereemraheryilmazilkokulu.meb.k12.tr/,2026-10-01T19:10:03.525808+00:00,,Öğrenci Sayısı 305
Niğde,Merkez,Konaklı Ortaokulu,721150,Ortaokul,https://nigdekonakliorta.meb.k12.tr,,,https://nigdekonakliorta.meb.k12.tr/tema/harita.php,2026-08-31,149,149,bulundu,https://nigdekonakliorta.meb.k12.tr/tema/okulumuz_hakkinda.php,2026-10-01T19:10:03.554952+00:00,,Öğrenci : 149
Niğde,Merkez,Konaklı İlkokulu,711940,İlkokul,https://nigdekonakliilk.meb.k12.tr,,,https://nigdekonakliilk.meb.k12.tr/tema/harita.php,2026-08-31,141,141,bulundu,https://nigdekonakliilk.meb.k12.tr/,2026-10-01T19:10:03.653137+00:00,,Öğrenci Sayısı : 141
Niğde,Merkez,Koyunlu Namık Kemal İlkokulu,266126,İlkokul,https://koyunlunamikkemalilkokulu.meb.k12.tr,,,https://koyunlunamikkemalilkokulu.meb.k12.tr/tema/harita.php,2026-08-31,15,15,bulundu,https://koyunlunamikkemalilkokulu.meb.k12.tr/,2026-10-01T19:10:03.856626+00:00,,Öğrenci Sayısı : 15
Niğde,Merkez,Kömürcü Nevzat Hatın Karataş Ortaokulu,763217,Ortaokul,https://komurcunhkortaokulu.meb.k12.tr,,,https://komurcunhkortaokulu.meb.k12.tr/tema/harita.php,2026-08-31,40,40,bulundu,https://komurcunhkortaokulu.meb.k12.tr/,2026-10-01T19:10:03.868772+00:00,,Öğrenci Sayısı 40
Niğde,Merkez,Kömürcü Nevzat Hatın Karataş İlkokulu,763218,İlkokul,https://763218.meb.k12.tr,,,https://763218.meb.k12.tr/tema/harita.php,2026-08-31,51,51,bulundu,https://763218.meb.k12.tr/,2026-10-01T19:10:03.943248+00:00,,Öğrenci Sayısı 51
Niğde,Merkez,Kömürcü Çanakkale Şehitleri Ortaokulu,721129,Ortaokul,https://nigdekomurcucsortaokulu.meb.k12.tr,,,https://nigdekomurcucsortaokulu.meb.k12.tr/tema/harita.php,2026-08-31,150,150,bulundu,https://nigdekomurcucsortaokulu.meb.k12.tr/tema/okulumuz_hakkinda.php,2026-10-01T19:10:03.977994+00:00,,Öğrenci : 150
Niğde,Merkez,Kömürcü Çanakkale Şehitleri İlkokulu,711946,İlkokul,https://canakkalesehitleriilkokulu.meb.k12.tr,,,https://canakkalesehitleriilkokulu.meb.k12.tr/tema/harita.php,2026-08-31,200,200,bulundu,https://canakkalesehitleriilkokulu.meb.k12.tr/,2026-10-01T19:10:04.067168+00:00,,Öğrenci Sayısı : 200
Niğde,Merkez,Mehmet Akif Turizm Mesleki ve Teknik Anadolu Lisesi,967551,Mesleki ve Teknik Anadolu Lisesi,https://nigdemehmetakifturizmmtal.meb.k12.tr,,,https://nigdemehmetakifturizmmtal.meb.k12.tr/tema/harita.php,2026-08-31,184,184,bulundu,https://nigdemehmetakifturizmmtal.meb.k12.tr/,2026-10-01T19:10:04.083480+00:00,,Öğrenci Sayısı : 184
Niğde,Merkez,Mehmet ve Emet Aydoğan İlkokulu,711951,İlkokul,https://mehmetemet.meb.k12.tr,,,https://mehmetemet.meb.k12.tr/tema/harita.php,2026-08-31,718,718,bulundu,https://mehmetemet.meb.k12.tr/,2026-10-01T19:10:04.121833+00:00,,Öğrenci Sayısı 718
Niğde,Merkez,Melikşah İmam Hatip Ortaokulu,763523,İmam Hatip Ortaokulu,https://nigdemeliksahiho.meb.k12.tr,,,https://nigdemeliksahiho.meb.k12.tr/tema/harita.php,2026-08-31,52,52,bulundu,https://nigdemeliksahiho.meb.k12.tr/tema/okulumuz_hakkinda.php,2026-10-01T19:10:04.261358+00:00,,Öğrenci : 52
Niğde,Merkez,Memnune-Türker Altuncu İlkokulu,711954,İlkokul,https://nigdememnuneturker.meb.k12.tr,,,https://nigdememnuneturker.meb.k12.tr/tema/harita.php,2026-08-31,549,549,bulundu,https://nigdememnuneturker.meb.k12.tr/,2026-10-01T19:10:04.268583+00:00,,Öğrenci Sayısı 549
Niğde,Merkez,Mevlana Ortaokulu,721344,Ortaokul,https://nigdemevlanaortaokulu.meb.k12.tr,,,https://nigdemevlanaortaokulu.meb.k12.tr/tema/harita.php,2026-08-31,450,450,bulundu,https://nigdemevlanaortaokulu.meb.k12.tr/,2026-10-01T19:10:04.309781+00:00,,Öğrenci Sayısı 450
Niğde,Merkez,Mimar Sinan Ticaret Mesleki ve Teknik Anadolu Lisesi,189447,Mesleki ve Teknik Anadolu Lisesi,https://nigdetml.meb.k12.tr,,,https://nigdetml.meb.k12.tr/tema/harita.php,2026-08-31,565,565,bulundu,https://nigdetml.meb.k12.tr/,2026-10-01T19:10:04.379637+00:00,,Öğrenci Sayısı 565
Niğde,Merkez,Muhsin Yazıcıoğlu İmam Hatip Ortaokulu,764592,İmam Hatip Ortaokulu,https://nigdemuhsinyaziciogluiho.meb.k12.tr,,,https://nigdemuhsinyaziciogluiho.meb.k12.tr/tema/harita.php,2026-08-31,297,297,bulundu,https://nigdemuhsinyaziciogluiho.meb.k12.tr/,2026-10-01T19:10:04.408242+00:00,,Öğrenci Sayısı : 297
Niğde,Merkez,Murtaza ve Naile Uyanık Ortaokulu,721119,Ortaokul,https://mnuyaniko.meb.k12.tr,,,https://mnuyaniko.meb.k12.tr/tema/harita.php,2026-08-31,188,188,bulundu,https://mnuyaniko.meb.k12.tr/tema/okulumuz_hakkinda.php,2026-10-01T19:10:04.541394+00:00,,Öğrenci : 188
Niğde,Merkez,Murtaza ve Naile Uyanık İlkokulu,976625,İlkokul,https://mnuyaniki.meb.k12.tr,,,https://mnuyaniki.meb.k12.tr/tema/harita.php,2026-08-31,199,199,bulundu,https://mnuyaniki.meb.k12.tr/,2026-10-01T19:10:04.592037+00:00,,Öğrenci Sayısı: 199
Niğde,Merkez,Nasreddin Hoca Anaokulu,750182,Anaokulu,https://nasreddinhoca51.meb.k12.tr,,,https://nasreddinhoca51.meb.k12.tr/tema/harita.php,2026-08-31,316,316,bulundu,https://nasreddinhoca51.meb.k12.tr/,2026-10-01T19:10:04.998882+00:00,,Öğrenci Sayısı : 316
Niğde,Merkez,Necip Fazıl Kısakürek İlkokulu,712176,İlkokul,https://necipfazilkisakurekio.meb.k12.tr,,,https://necipfazilkisakurekio.meb.k12.tr/tema/harita.php,2026-08-31,704,704,bulundu,https://necipfazilkisakurekio.meb.k12.tr/,2026-10-01T19:10:05.022307+00:00,,Öğrenci Sayısı : 704
Niğde,Merkez,Necmettin Erbakan Kız Anadolu İmam Hatip Lisesi,761115,Anadolu İmam Hatip Lisesi,https://nkahl.meb.k12.tr,,,https://nkahl.meb.k12.tr/tema/harita.php,2026-08-31,560,560,bulundu,https://nkahl.meb.k12.tr/,2026-10-01T19:10:05.063660+00:00,,Öğrenci Sayısı : 560
Niğde,Merkez,Nezihe ve Tahsin Kitapçı İlkokulu,711981,İlkokul,https://ntkitapci.meb.k12.tr,,,https://ntkitapci.meb.k12.tr/tema/harita.php,2026-08-31,701,701,bulundu,https://ntkitapci.meb.k12.tr/,2026-10-01T19:10:05.103815+00:00,,Öğrenci Sayısı 701
Niğde,Merkez,Niğde Fen Lisesi,322822,Fen Lisesi,https://nigdefenlisesi.meb.k12.tr,,,https://nigdefenlisesi.meb.k12.tr/tema/harita.php,2026-08-31,612,612,bulundu,https://nigdefenlisesi.meb.k12.tr/,2026-10-01T19:10:05.157897+00:00,,Öğrenci Sayısı : 612
Niğde,Merkez,Niğde Güzel Sanatlar Lisesi,321890,Güzel Sanatlar Lisesi,https://nigdeguzelsanatlar.meb.k12.tr,,,https://nigdeguzelsanatlar.meb.k12.tr/tema/harita.php,2026-08-31,212,212,bulundu,https://nigdeguzelsanatlar.meb.k12.tr/,2026-10-01T19:10:05.191349+00:00,,Öğrenci Sayısı 212
Niğde,Merkez,Niğde Halk Eğitimi Merkezi,189460,Halk Eğitimi Merkezi,https://nigdehem.meb.k12.tr,,,https://nigdehem.meb.k12.tr/tema/harita.php,2026-08-31,,,bulunamadi,,2026-10-01T19:10:05.226810+00:00,,
Niğde,Merkez,Niğde Mesleki Eğitim Merkezi,189472,Mesleki Eğitim Merkezi,https://nigdemem.meb.k12.tr,,,https://nigdemem.meb.k12.tr/tema/harita.php,2026-08-31,1965,1965,bulundu,https://nigdemem.meb.k12.tr/,2026-10-01T19:10:05.252177+00:00,,Öğrenci Sayısı : 1965
Niğde,Merkez,Niğde Müzik Ortaokulu,777314,Ortaokul,https://777314.meb.k12.tr,,,https://777314.meb.k12.tr/tema/harita.php,2026-08-31,0,0,bulundu,https://777314.meb.k12.tr/,2026-10-01T19:10:05.820865+00:00,,Öğrenci Sayısı : 0
Niğde,Merkez,Niğde Müzik İlkokulu,777313,İlkokul,https://777313.meb.k12.tr,,,https://777313.meb.k12.tr/tema/harita.php,2026-08-31,0,0,bulundu,https://777313.meb.k12.tr/,2026-10-01T19:10:06.007461+00:00,,Öğrenci Sayısı : 0
Niğde,Merkez,Niğde Rehberlik ve Araştırma Merkezi,189506,Rehberlik ve Araştırma Merkezi,https://nigderam.meb.k12.tr,,,https://nigderam.meb.k12.tr/tema/harita.php,2026-08-31,,,bulunamadi,,2026-10-01T19:10:06.034463+00:00,,
Niğde,Merkez,Niğde Yunus Emre Anadolu Lisesi,263815,Anadolu Lisesi,https://nigdeaol.meb.k12.tr,,,https://nigdeaol.meb.k12.tr/tema/harita.php,2026-08-31,598,598,bulundu,https://nigdeaol.meb.k12.tr/,2026-10-01T19:10:06.128828+00:00,,Öğrenci Sayısı : 598
Niğde,Merkez,Niğde Özel Eğitim Anaokulu,773337,Anaokulu,https://nigdeozelegitimanaokulu.meb.k12.tr,,,https://nigdeozelegitimanaokulu.meb.k12.tr/tema/harita.php,2026-08-31,19,19,bulundu,https://nigdeozelegitimanaokulu.meb.k12.tr/,2026-10-01T19:10:06.134479+00:00,,Öğrenci Sayısı: 19
Niğde,Merkez,Niğde Özel Eğitim Uygulama Okulu II. Kademe,775679,Özel Eğitim Kurumu,https://nigdeozelegitimuygulama2kd.meb.k12.tr,,,https://nigdeozelegitimuygulama2kd.meb.k12.tr/tema/harita.php,2026-08-31,21,21,bulundu,https://nigdeozelegitimuygulama2kd.meb.k12.tr/,2026-10-01T19:10:06.155188+00:00,,Öğrenci Sayısı : 21
Niğde,Merkez,Niğde Özel Eğitim Uygulama Okulu III. Kademe,748044,Özel Eğitim Kurumu,https://nigdeozelegitimuygulamaokulu.meb.k12.tr,,,https://nigdeozelegitimuygulamaokulu.meb.k12.tr/tema/harita.php,2026-08-31,83,83,bulundu,https://nigdeozelegitimuygulamaokulu.meb.k12.tr/,2026-10-01T19:10:06.382889+00:00,,Öğrenci Sayısı 83
Niğde,Merkez,Niğde Öğretmenevi ve Akşam Sanat Okulu,971335,Öğretmenevi,https://nigdeogretmenevi.meb.k12.tr,,,https://nigdeogretmenevi.meb.k12.tr/tema/harita.php,2026-08-31,,,bulunamadi,,2026-10-01T19:10:06.640736+00:00,,
Niğde,Merkez,Niğde İmam Hatip Ortaokulu,709252,İmam Hatip Ortaokulu,https://nigdeiho.meb.k12.tr,,,https://nigdeiho.meb.k12.tr/tema/harita.php,2026-08-31,300,300,bulundu,https://nigdeiho.meb.k12.tr/tema/okulumuz_hakkinda.php,2026-10-01T19:10:06.647325+00:00,,Öğrenci : 300
Niğde,Merkez,Niğde Şehit Abit TÜBER Mesleki Eğitim Merkezi,768225,Mesleki Eğitim Merkezi,https://768225.meb.k12.tr,,,https://768225.meb.k12.tr/tema/harita.php,2026-08-31,21,21,bulundu,https://768225.meb.k12.tr/,2026-10-01T19:10:06.664762+00:00,,Öğrenci Sayısı : 21
Niğde,Merkez,Niğde Şehit Fatih Özdemir İmam Hatip Ortaokulu,762099,İmam Hatip Ortaokulu,https://fiho.meb.k12.tr,,,https://fiho.meb.k12.tr/tema/harita.php,2026-08-31,358,358,bulundu,https://fiho.meb.k12.tr/,2026-10-01T19:10:06.753354+00:00,,Öğrenci Sayısı 358
Niğde,Merkez,Orhanlı Orhangazi Şehit Halis Sayın İlkokulu,888100,İlkokul,https://orhanliorhangazi.meb.k12.tr,,,https://orhanliorhangazi.meb.k12.tr/tema/harita.php,2026-08-31,115,115,bulundu,https://orhanliorhangazi.meb.k12.tr/,2026-10-01T19:10:06.776262+00:00,,Öğrenci Sayısı 115
Niğde,Merkez,Orhanlı Şehit Cuma Kaya Ortaokulu,711989,Ortaokul,https://sehitcumakaya.meb.k12.tr,,,https://sehitcumakaya.meb.k12.tr/tema/harita.php,2026-08-31,152,152,bulundu,https://sehitcumakaya.meb.k12.tr/,2026-10-01T19:10:06.842908+00:00,,Öğrenci Sayısı 152
Niğde,Merkez,Ovacık Şehit Bayram Aksoy Ortaokulu,721054,Ortaokul,https://ovaciksbaksoyo.meb.k12.tr,,,https://ovaciksbaksoyo.meb.k12.tr/tema/harita.php,2026-08-31,36,36,bulundu,https://ovaciksbaksoyo.meb.k12.tr/,2026-10-01T19:10:06.858203+00:00,,Öğrenci Sayısı 36
Niğde,Merkez,Ovacık Şehit Bayram Aksoy İlkokulu,712087,İlkokul,https://ovaciksbaksoyi.meb.k12.tr,,,https://ovaciksbaksoyi.meb.k12.tr/tema/harita.php,2026-08-31,43,43,bulundu,https://ovaciksbaksoyi.meb.k12.tr/,2026-10-01T19:10:06.886510+00:00,,Öğrenci Sayısı 43
Niğde,Merkez,Papatya Anaokulu,974568,Anaokulu,https://nigdeppty.meb.k12.tr,,,https://nigdeppty.meb.k12.tr/tema/harita.php,2026-08-31,90,90,bulundu,https://nigdeppty.meb.k12.tr/,2026-10-01T19:10:07.000364+00:00,,Öğrenci Sayısı 90
Niğde,Merkez,Pınarcık Mustafa Şahin İlkokulu,712090,İlkokul,https://nigdepinarcik.meb.k12.tr,,,https://nigdepinarcik.meb.k12.tr/tema/harita.php,2026-08-31,33,33,bulundu,https://nigdepinarcik.meb.k12.tr/,2026-10-01T19:10:07.243564+00:00,,Öğrenci Sayısı 33
Niğde,Merkez,Recep Tayyip Erdoğan Anadolu İmam Hatip Lisesi,189459,Anadolu İmam Hatip Lisesi,https://nigdeihl.meb.k12.tr,,,https://nigdeihl.meb.k12.tr/tema/harita.php,2026-08-31,262,262,bulundu,https://nigdeihl.meb.k12.tr/,2026-10-01T19:10:07.398216+00:00,,Öğrenci Sayısı : 262
Niğde,Merkez,Remide Yılmaz Atabek Anadolu Lisesi,972977,Anadolu Lisesi,https://atabekanadolulisesi.meb.k12.tr,,,https://atabekanadolulisesi.meb.k12.tr/tema/harita.php,2026-08-31,381,381,bulundu,https://atabekanadolulisesi.meb.k12.tr/,2026-10-01T19:10:07.587533+00:00,,Öğrenci Sayısı : 381
Niğde,Merkez,Sakarya Ortaokulu,767023,Ortaokul,https://nigdesakaryaortaokulu.meb.k12.tr,,,https://nigdesakaryaortaokulu.meb.k12.tr/tema/harita.php,2026-08-31,379,379,bulundu,https://nigdesakaryaortaokulu.meb.k12.tr/,2026-10-01T19:10:07.590464+00:00,,Öğrenci Sayısı 379
Niğde,Merkez,Sakarya İlkokulu,767028,İlkokul,https://nigdesakaryailkokulu.meb.k12.tr,,,https://nigdesakaryailkokulu.meb.k12.tr/tema/harita.php,2026-08-31,362,362,bulundu,https://nigdesakaryailkokulu.meb.k12.tr/,2026-10-01T19:10:07.608144+00:00,,Öğrenci Sayısı 362
Niğde,Merkez,Sayde ve Mahmut Tek Anaokulu,970055,Anaokulu,https://saydevemahmuttek.meb.k12.tr,,,https://saydevemahmuttek.meb.k12.tr/tema/harita.php,2026-08-31,171,171,bulundu,https://saydevemahmuttek.meb.k12.tr/,2026-10-01T19:10:07.759451+00:00,,Öğrenci Sayısı 171
Niğde,Merkez,Sazlıca Ertuğrul Gazi İlkokulu,757284,İlkokul,https://sazlicaertugrulgaziilkokulu.meb.k12.tr,,,https://sazlicaertugrulgaziilkokulu.meb.k12.tr/tema/harita.php,2026-08-31,55,55,bulundu,https://sazlicaertugrulgaziilkokulu.meb.k12.tr/,2026-10-01T19:10:07.800029+00:00,,Öğrenci Sayısı : 55
Niğde,Merkez,Sazlıca Ertuğrul Gazi İmam Hatip Ortaokulu,764372,İmam Hatip Ortaokulu,https://sazlicaertugrulgaziiho.meb.k12.tr,,,https://sazlicaertugrulgaziiho.meb.k12.tr/tema/harita.php,2026-08-31,100,100,bulundu,https://sazlicaertugrulgaziiho.meb.k12.tr/,2026-10-01T19:10:07.801871+00:00,,Öğrenci Sayısı : 100
Niğde,Merkez,Sazlıca Ortaokulu,720928,Ortaokul,https://sazlicaortaokulu.meb.k12.tr,,,https://sazlicaortaokulu.meb.k12.tr/tema/harita.php,2026-08-31,136,136,bulundu,https://sazlicaortaokulu.meb.k12.tr/,2026-10-01T19:10:07.834458+00:00,,Öğrenci Sayısı 136
Niğde,Merkez,Sazlıca İlkokulu,712098,İlkokul,https://sazlicailkokulu.meb.k12.tr,,,https://sazlicailkokulu.meb.k12.tr/tema/harita.php,2026-08-31,164,164,bulundu,https://sazlicailkokulu.meb.k12.tr/,2026-10-01T19:10:08.024877+00:00,,Öğrenci Sayısı 164
Niğde,Merkez,Selçuk İlkokulu,712102,İlkokul,https://nigdeselcukio.meb.k12.tr,,,https://nigdeselcukio.meb.k12.tr/tema/harita.php,2026-08-31,678,678,bulundu,https://nigdeselcukio.meb.k12.tr/tema/okulumuz_hakkinda.php,2026-10-01T19:10:08.193097+00:00,,Öğrenci : 678
Niğde,Merkez,Süleyman Fethi Ortaokulu,767056,Ortaokul,https://suleymanfethiortaokulu.meb.k12.tr,,,https://suleymanfethiortaokulu.meb.k12.tr/tema/harita.php,2026-08-31,586,586,bulundu,https://suleymanfethiortaokulu.meb.k12.tr/,2026-10-01T19:10:08.212492+00:00,,Öğrenci Sayısı 586
Niğde,Merkez,Süleyman Fethi İlkokulu,767049,İlkokul,https://suleymanfethiilkokulu.meb.k12.tr,,,https://suleymanfethiilkokulu.meb.k12.tr/tema/harita.php,2026-08-31,424,424,bulundu,https://suleymanfethiilkokulu.meb.k12.tr/,2026-10-01T19:10:08.287532+00:00,,Öğrenci Sayısı 424
Niğde,Merkez,Tepeköy İlkokulu,712106,İlkokul,https://nigdetepekoyilkokulu.meb.k12.tr,,,https://nigdetepekoyilkokulu.meb.k12.tr/tema/harita.php,2026-08-31,12,12,bulundu,https://nigdetepekoyilkokulu.meb.k12.tr/,2026-10-01T19:10:08.304482+00:00,,Öğrenci Sayısı : 12
Niğde,Merkez,Tırhan İlkokulu,770607,İlkokul,https://770607.meb.k12.tr,,,https://770607.meb.k12.tr/tema/harita.php,2026-08-31,0,0,bulundu,https://770607.meb.k12.tr/,2026-10-01T19:10:08.559353+00:00,,Öğrenci Sayısı : 0
Niğde,Merkez,Uluağaç Şehit Faruk Eren İlkokulu,708438,İlkokul,https://uluagacio.meb.k12.tr,,,https://uluagacio.meb.k12.tr/tema/harita.php,2026-08-31,12,12,bulundu,https://uluagacio.meb.k12.tr/,2026-10-01T19:10:08.902057+00:00,,Öğrenci Sayısı: 12
Niğde,Merkez,Yavuz Sultan Selim Anadolu Lisesi,964404,Anadolu Lisesi,https://yavuzsultanselimal.meb.k12.tr,,,https://yavuzsultanselimal.meb.k12.tr/tema/harita.php,2026-08-31,836,836,bulundu,https://yavuzsultanselimal.meb.k12.tr/,2026-10-01T19:10:08.915082+00:00,,Öğrenci Sayısı : 836
Niğde,Merkez,Yeşilgölcük 75. Yıl Türkan Yüksel İlkokulu,712127,İlkokul,https://yesilgolcukturkanyuksel.meb.k12.tr,,,https://yesilgolcukturkanyuksel.meb.k12.tr/tema/harita.php,2026-08-31,201,201,bulundu,https://yesilgolcukturkanyuksel.meb.k12.tr/,2026-10-01T19:10:08.916765+00:00,,Öğrenci Sayısı : 201
Niğde,Merkez,Yeşilgölcük Anadolu İmam Hatip Lisesi,768812,Anadolu İmam Hatip Lisesi,https://yesilgolcukaihl.meb.k12.tr,,,https://yesilgolcukaihl.meb.k12.tr/tema/harita.php,2026-08-31,277,277,bulundu,https://yesilgolcukaihl.meb.k12.tr/,2026-10-01T19:10:08.932255+00:00,,Öğrenci Sayısı : 277
Niğde,Merkez,Yeşilgölcük Cumhuriyet Ortaokulu,774477,Ortaokul,https://774477.meb.k12.tr,,,https://774477.meb.k12.tr/tema/harita.php,2026-08-31,112,112,bulundu,https://774477.meb.k12.tr/,2026-10-01T19:10:09.024797+00:00,,Öğrenci Sayısı : 112
Niğde,Merkez,Yeşilgölcük Cumhuriyet İlkokulu,868276,İlkokul,https://yesilgolcukcumhuriyet.meb.k12.tr,,,https://yesilgolcukcumhuriyet.meb.k12.tr/tema/harita.php,2026-08-31,159,159,bulundu,https://yesilgolcukcumhuriyet.meb.k12.tr/tema/okulumuz_hakkinda.php,2026-10-01T19:10:09.343241+00:00,,Öğrenci : 159
Niğde,Merkez,Yeşilgölcük Yenimahalle İlkokulu,715246,İlkokul,https://yesilgolcukyenimahalle.meb.k12.tr,,,https://yesilgolcukyenimahalle.meb.k12.tr/tema/harita.php,2026-08-31,108,108,bulundu,https://yesilgolcukyenimahalle.meb.k12.tr/,2026-10-01T19:10:09.368170+00:00,,Öğrenci Sayısı 108
Niğde,Merkez,Yeşilgölcük Şehit Osman Turgut Ortaokulu,712120,Ortaokul,https://golcukosmanturgut.meb.k12.tr,,,https://golcukosmanturgut.meb.k12.tr/tema/harita.php,2026-08-31,160,160,bulundu,https://golcukosmanturgut.meb.k12.tr/,2026-10-01T19:10:09.406320+00:00,,Öğrenci Sayısı 160
Niğde,Merkez,Yeşilgölcük Şehit Recep Tektaş Çok Programlı Anadolu Lisesi,965992,Çok Programlı Anadolu Lisesi,https://golcuklisesi.meb.k12.tr,,,https://golcuklisesi.meb.k12.tr/tema/harita.php,2026-08-31,128,128,bulundu,https://golcuklisesi.meb.k12.tr/,2026-10-01T19:10:09.420627+00:00,,Öğrenci Sayısı 128
Niğde,Merkez,Yıldıztepe Hacıabdullah Şehit Mehmet Kayahan Çok Programlı Anadolu Lisesi,971769,Çok Programlı Anadolu Lisesi,https://smkcpl.meb.k12.tr,,,https://smkcpl.meb.k12.tr/tema/harita.php,2026-08-31,76,76,bulundu,https://smkcpl.meb.k12.tr/,2026-10-01T19:10:09.481122+00:00,,Öğrenci Sayısı : 76
Niğde,Merkez,Yıldıztepe Zeynep Erden Ortaokulu,712148,Ortaokul,https://zeyneperdenoo.meb.k12.tr,,,https://zeyneperdenoo.meb.k12.tr/tema/harita.php,2026-08-31,115,115,bulundu,https://zeyneperdenoo.meb.k12.tr/,2026-10-01T19:10:09.492845+00:00,,Öğrenci Sayısı 115
Niğde,Merkez,Yıldıztepe Şehit Ahmet Saltık İlkokulu,712143,İlkokul,https://ahmetsaltik.meb.k12.tr,,,https://ahmetsaltik.meb.k12.tr/tema/harita.php,2026-08-31,116,116,bulundu,https://ahmetsaltik.meb.k12.tr/,2026-10-01T19:10:09.763042+00:00,,Öğrenci Sayısı : 116
Niğde,Merkez,Zahide Sefer İlkokulu,712152,İlkokul,https://zahideseferilkokulu.meb.k12.tr,,,https://zahideseferilkokulu.meb.k12.tr/tema/harita.php,2026-08-31,673,673,bulundu,https://zahideseferilkokulu.meb.k12.tr/,2026-10-01T19:10:09.872852+00:00,,Öğrenci Sayısı 673
Niğde,Merkez,Çarıklı Mehmet Babar İlkokulu,711647,İlkokul,https://mehmetbabarilkokulu.meb.k12.tr,,,https://mehmetbabarilkokulu.meb.k12.tr/tema/harita.php,2026-08-31,19,19,bulundu,https://mehmetbabarilkokulu.meb.k12.tr/,2026-10-01T19:10:10.050194+00:00,,Öğrenci Sayısı: 19
Niğde,Merkez,Çavdarlı Şehit Erdal Ünlü Ortaokulu,721435,Ortaokul,https://cavdarli.meb.k12.tr,,,https://cavdarli.meb.k12.tr/tema/harita.php,2026-08-31,69,69,bulundu,https://cavdarli.meb.k12.tr/,2026-10-01T19:10:10.076653+00:00,,Öğrenci Sayısı 69
Niğde,Merkez,Çavdarlı Şehit Erdal Ünlü İlkokulu,711656,İlkokul,https://cavdarliilk.meb.k12.tr,,,https://cavdarliilk.meb.k12.tr/tema/harita.php,2026-08-31,51,51,bulundu,https://cavdarliilk.meb.k12.tr/,2026-10-01T19:10:10.144906+00:00,,Öğrenci Sayısı : 51
Niğde,Merkez,Çayırlı Şehit Ayhan Karagöz İlkokulu,711659,İlkokul,https://nigdecayirliilkokulu.meb.k12.tr,,,https://nigdecayirliilkokulu.meb.k12.tr/tema/harita.php,2026-08-31,74,74,bulundu,https://nigdecayirliilkokulu.meb.k12.tr/,2026-10-01T19:10:10.148354+00:00,,Öğrenci Sayısı 74
Niğde,Merkez,Çayırlı Şehit Ayhan Karagöz İmam Hatip Ortaokulu,760041,İmam Hatip Ortaokulu,https://cayirliiho.meb.k12.tr,,,https://cayirliiho.meb.k12.tr/tema/harita.php,2026-08-31,75,75,bulundu,https://cayirliiho.meb.k12.tr/,2026-10-01T19:10:10.344269+00:00,,Öğrenci Sayısı 75
Niğde,Merkez,Özenç Kardeşler Anaokulu,769400,Anaokulu,https://ozenckardesleranaokulu.meb.k12.tr,,,https://ozenckardesleranaokulu.meb.k12.tr/tema/harita.php,2026-08-31,135,135,bulundu,https://ozenckardesleranaokulu.meb.k12.tr/,2026-10-01T19:10:10.352090+00:00,,Öğrenci Sayısı : 135
Niğde,Merkez,İlhanlı Ortaokulu,771211,Ortaokul,https://ilhanliortaokulu.meb.k12.tr,,,https://ilhanliortaokulu.meb.k12.tr/tema/harita.php,2026-08-31,488,488,bulundu,https://ilhanliortaokulu.meb.k12.tr/,2026-10-01T19:10:10.399552+00:00,,Öğrenci Sayısı : 488
Niğde,Merkez,İnci Yavuz Kadıoğlu Anaokulu,963973,Anaokulu,https://inciyavuzkadioglu.meb.k12.tr,,,https://inciyavuzkadioglu.meb.k12.tr/tema/harita.php,2026-08-31,102,102,bulundu,https://inciyavuzkadioglu.meb.k12.tr/,2026-10-01T19:10:10.409583+00:00,,Öğrenci Sayısı 102
Niğde,Merkez,İçmeli Şehit Davut Yıldız İlkokulu,711819,İlkokul,https://icmeliio.meb.k12.tr,,,https://icmeliio.meb.k12.tr/tema/harita.php,2026-08-31,12,12,bulundu,https://icmeliio.meb.k12.tr/,2026-10-01T19:10:10.444102+00:00,,Öğrenci Sayısı 12
Niğde,Merkez,Şahnur Yaprak Anaokulu,772250,Anaokulu,https://sahnuryaprakanaokulu.meb.k12.tr,,,https://sahnuryaprakanaokulu.meb.k12.tr/tema/harita.php,2026-08-31,147,147,bulundu,https://sahnuryaprakanaokulu.meb.k12.tr/tema/okulumuz_hakkinda.php,2026-10-01T19:10:10.504139+00:00,,Öğrenci : 147
Niğde,Merkez,Şehit Efe Osman Apaydın Anadolu Lisesi,189411,Anadolu Lisesi,https://shteoapaydin.meb.k12.tr,,,https://shteoapaydin.meb.k12.tr/tema/harita.php,2026-08-31,538,538,bulundu,https://shteoapaydin.meb.k12.tr/,2026-10-01T19:10:10.595464+00:00,,Öğrenci Sayısı : 538
Niğde,Merkez,Şehit Eren Bülbül Anaokulu,769275,Anaokulu,https://sehiterenbulbulanaokulu51.meb.k12.tr,,,https://sehiterenbulbulanaokulu51.meb.k12.tr/tema/harita.php,2026-08-31,195,195,bulundu,https://sehiterenbulbulanaokulu51.meb.k12.tr/,2026-10-01T19:10:10.606589+00:00,,Öğrenci Sayısı : 195
Niğde,Merkez,Şehit Fazıl Doğruöz Mesleki ve Teknik Anadolu Lisesi,189423,Mesleki ve Teknik Anadolu Lisesi,https://sfdmtal.meb.k12.tr,,,https://sfdmtal.meb.k12.tr/tema/harita.php,2026-08-31,,,bulunamadi,,2026-10-01T19:10:10.749994+00:00,,
Niğde,Merkez,Şehit Gökhan Altınalana Ortaokulu,757282,Ortaokul,https://sehitgokhanaltinalana.meb.k12.tr,,,https://sehitgokhanaltinalana.meb.k12.tr/tema/harita.php,2026-08-31,216,216,bulundu,https://sehitgokhanaltinalana.meb.k12.tr/tema/okulumuz_hakkinda.php,2026-10-01T19:10:10.876463+00:00,,Öğrenci : 216
Niğde,Merkez,Şehit Kemal Tosun Anadolu İmam Hatip Lisesi,763613,Anadolu İmam Hatip Lisesi,https://sehitkemaltosunaihl.meb.k12.tr,,,https://sehitkemaltosunaihl.meb.k12.tr/tema/harita.php,2026-08-31,,,bulunamadi,,2026-10-01T19:10:10.894758+00:00,,
Niğde,Merkez,Şehit Okan Acar Ortaokulu,768702,Ortaokul,https://sehitokanacarortaokulu.meb.k12.tr,,,https://sehitokanacarortaokulu.meb.k12.tr/tema/harita.php,2026-08-31,344,344,bulundu,https://sehitokanacarortaokulu.meb.k12.tr/tema/okulumuz_hakkinda.php,2026-10-01T19:10:10.946853+00:00,,Öğrenci : 344
Niğde,Merkez,Şehit Okan Acar İlkokulu,768661,İlkokul,https://sehitokanacarilkokulu.meb.k12.tr,,,https://sehitokanacarilkokulu.meb.k12.tr/tema/harita.php,2026-08-31,,,bulunamadi,,2026-10-01T19:10:11.130188+00:00,,
Niğde,Merkez,Şehit Serdal Güneş İmam Hatip Ortaokulu,771212,İmam Hatip Ortaokulu,https://sehitserdalgunesiho.meb.k12.tr,,,https://sehitserdalgunesiho.meb.k12.tr/tema/harita.php,2026-08-31,,,bulunamadi,,2026-10-01T19:10:11.330916+00:00,,
Niğde,Merkez,Şehit Varol Tosun Ortaokulu,761865,Ortaokul,https://sehitvaroltosunortaokulu.meb.k12.tr,,,https://sehitvaroltosunortaokulu.meb.k12.tr/tema/harita.php,2026-08-31,989,989,bulundu,https://sehitvaroltosunortaokulu.meb.k12.tr/,2026-10-01T19:10:11.363126+00:00,,Öğrenci Sayısı : 989
Niğde,Merkez,Şehit Varol Tosun İlkokulu,761866,İlkokul,https://shvaroltosun.meb.k12.tr,,,https://shvaroltosun.meb.k12.tr/tema/harita.php,2026-08-31,,,bulunamadi,,2026-10-01T19:10:11.420333+00:00,,
Niğde,Merkez,Şehit Yakup Avşar Anadolu Lisesi,766186,Anadolu Lisesi,https://yakupavsaral.meb.k12.tr,,,https://yakupavsaral.meb.k12.tr/tema/harita.php,2026-08-31,741,741,bulundu,https://yakupavsaral.meb.k12.tr/,2026-10-01T19:10:11.424101+00:00,,Öğrenci Sayısı : 741
Niğde,Ulukışla,Beyağıl İlkokulu,712557,İlkokul,https://beyagililkokulu.meb.k12.tr,,,https://beyagililkokulu.meb.k12.tr/tema/harita.php,2026-08-31,,,bulunamadi,,2026-10-01T19:10:11.493331+00:00,,
Niğde,Ulukışla,Darboğaz Şehit Ümit Yaşar Ulupınar İlkokulu,712563,İlkokul,https://darbogazio.meb.k12.tr,,,https://darbogazio.meb.k12.tr/tema/harita.php,2026-08-31,42,42,bulundu,https://darbogazio.meb.k12.tr/,2026-10-01T19:10:11.498460+00:00,,Öğrenci Sayısı : 42
Niğde,Ulukışla,Hasangazi Ortaokulu,715718,Ortaokul,https://hasangaziortaokulu.meb.k12.tr,,,https://hasangaziortaokulu.meb.k12.tr/tema/harita.php,2026-08-31,55,55,bulundu,https://hasangaziortaokulu.meb.k12.tr/,2026-10-01T19:10:11.525835+00:00,,Öğrenci Sayısı 55
Niğde,Ulukışla,Hasangazi İlkokulu,712578,İlkokul,https://hasangaziilkokulu.meb.k12.tr,,,https://hasangaziilkokulu.meb.k12.tr/tema/harita.php,2026-08-31,24,24,bulundu,https://hasangaziilkokulu.meb.k12.tr/,2026-10-01T19:10:11.549634+00:00,,Öğrenci Sayısı 24
Niğde,Ulukışla,Horoz Şehit Mehmet Sezgin İlkokulu,712579,İlkokul,https://horozsehitmehmetsezginilkokulu.meb.k12.tr,,,https://horozsehitmehmetsezginilkokulu.meb.k12.tr/tema/harita.php,2026-08-31,25,25,bulundu,https://horozsehitmehmetsezginilkokulu.meb.k12.tr/,2026-10-01T19:10:11.586383+00:00,,Öğrenci Sayısı: 25
Niğde,Ulukışla,Hüsniye İlkokulu,712583,İlkokul,https://husniyeilkokulu.meb.k12.tr,,,https://husniyeilkokulu.meb.k12.tr/tema/harita.php,2026-08-31,67,67,bulundu,https://husniyeilkokulu.meb.k12.tr/,2026-10-01T19:10:11.830057+00:00,,Öğrenci Sayısı: 67
Niğde,Ulukışla,Kemalpaşa İlkokulu,754536,İlkokul,https://ulukislakemalpasailkokulu.meb.k12.tr,,,https://ulukislakemalpasailkokulu.meb.k12.tr/tema/harita.php,2026-08-31,205,205,bulundu,https://ulukislakemalpasailkokulu.meb.k12.tr/,2026-10-01T19:10:11.858680+00:00,,Öğrenci Sayısı 205
Niğde,Ulukışla,Kurtuluş Ortaokulu,746663,Ortaokul,https://kurtulus-ortaokulu.meb.k12.tr,,,https://kurtulus-ortaokulu.meb.k12.tr/tema/harita.php,2026-08-31,187,187,bulundu,https://kurtulus-ortaokulu.meb.k12.tr/,2026-10-01T19:10:11.925199+00:00,,Öğrenci Sayısı 187
Niğde,Ulukışla,Kılan Ortaokulu,739889,Ortaokul,https://kilanortaokulu.meb.k12.tr,,,https://kilanortaokulu.meb.k12.tr/tema/harita.php,2026-08-31,51,51,bulundu,https://kilanortaokulu.meb.k12.tr/,2026-10-01T19:10:11.980895+00:00,,Öğrenci Sayısı : 51
Niğde,Ulukışla,Kılan İlkokulu,887853,İlkokul,https://kilanilkokulu.meb.k12.tr,,,https://kilanilkokulu.meb.k12.tr/tema/harita.php,2026-08-31,88,88,bulundu,https://kilanilkokulu.meb.k12.tr/,2026-10-01T19:10:12.001660+00:00,,Öğrenci Sayısı 88
Niğde,Ulukışla,Mustafa Küçükavşar Yatılı Bölge Ortaokulu,747755,Ortaokul,https://mustafakucukavsarybo.meb.k12.tr,,,https://mustafakucukavsarybo.meb.k12.tr/tema/harita.php,2026-08-31,178,178,bulundu,https://mustafakucukavsarybo.meb.k12.tr/,2026-10-01T19:10:12.045893+00:00,,Öğrenci Sayısı : 178
Niğde,Ulukışla,Ulukışla Anadolu İmam Hatip Lisesi,760212,Anadolu İmam Hatip Lisesi,https://ulukislaihl.meb.k12.tr,,,https://ulukislaihl.meb.k12.tr/tema/harita.php,2026-08-31,35,35,bulundu,https://ulukislaihl.meb.k12.tr/,2026-10-01T19:10:12.091819+00:00,,Öğrenci Sayısı : 35
Niğde,Ulukışla,Ulukışla Halk Eğitimi Merkezi,190785,Halk Eğitimi Merkezi,https://ulukislahem.meb.k12.tr,,,https://ulukislahem.meb.k12.tr/tema/harita.php,2026-08-31,,,bulunamadi,,2026-10-01T19:10:12.226547+00:00,,
Niğde,Ulukışla,Ulukışla Öğretmenevi ve Akşam Sanat Okulu,971338,Öğretmenevi,https://ulukislaogretmenevi.meb.k12.tr,,,https://ulukislaogretmenevi.meb.k12.tr/tema/harita.php,2026-08-31,,,bulunamadi,,2026-10-01T19:10:12.333484+00:00,,
Niğde,Ulukışla,Ulukışla Şehit Güngör Uğur Anaokulu,752645,Anaokulu,https://ulukislasehitgungoruguranaokulu.meb.k12.tr,,,https://ulukislasehitgungoruguranaokulu.meb.k12.tr/tema/harita.php,2026-08-31,92,92,bulundu,https://ulukislasehitgungoruguranaokulu.meb.k12.tr/,2026-10-01T19:10:12.363600+00:00,,Öğrenci Sayısı: 92
Niğde,Ulukışla,Ulukışla Şehit Hüseyin Arısoy Mesleki ve Teknik Anadolu Lisesi,190761,Mesleki ve Teknik Anadolu Lisesi,https://ulukislaeml.meb.k12.tr,,,https://ulukislaeml.meb.k12.tr/tema/harita.php,2026-08-31,135,135,bulundu,https://ulukislaeml.meb.k12.tr/,2026-10-01T19:10:12.534178+00:00,,Öğrenci Sayısı 135
Niğde,Ulukışla,Ulukışla Şehit Osman Gündüz Anadolu Lisesi,972757,Anadolu Lisesi,https://usogal.meb.k12.tr,,,https://usogal.meb.k12.tr/tema/harita.php,2026-08-31,98,98,bulundu,https://usogal.meb.k12.tr/tema/okulumuz_hakkinda.php,2026-10-01T19:10:12.595112+00:00,,Öğrenci : 98
Niğde,Ulukışla,Yeniyıldız İlkokulu,712609,İlkokul,https://yeniyildizio.meb.k12.tr,,,https://yeniyildizio.meb.k12.tr/tema/harita.php,2026-08-31,48,48,bulundu,https://yeniyildizio.meb.k12.tr/,2026-10-01T19:10:12.697027+00:00,,Öğrenci Sayısı: 48
Niğde,Ulukışla,Çiftehan Anadolu Lisesi,774793,Anadolu Lisesi,https://ciftehananadolulisesi.meb.k12.tr,,,https://ciftehananadolulisesi.meb.k12.tr/tema/harita.php,2026-08-31,27,27,bulundu,https://ciftehananadolulisesi.meb.k12.tr/tema/okulumuz_hakkinda.php,2026-10-01T19:10:12.717687+00:00,,Öğrenci : 27
Niğde,Ulukışla,Çiftehan İlkokulu,712560,İlkokul,https://ciftehanilkokulu.meb.k12.tr,,,https://ciftehanilkokulu.meb.k12.tr/tema/harita.php,2026-08-31,63,63,bulundu,https://ciftehanilkokulu.meb.k12.tr/,2026-10-01T19:10:12.744103+00:00,,Öğrenci Sayısı: 63
Niğde,Ulukışla,Çiftehan Şehit Mustafa Kemal Öz  Ortaokulu,715742,Ortaokul,https://ciftehanortaokulu.meb.k12.tr,,,https://ciftehanortaokulu.meb.k12.tr/tema/harita.php,2026-08-31,33,33,bulundu,https://ciftehanortaokulu.meb.k12.tr/,2026-10-01T19:10:12.862287+00:00,,Öğrenci Sayısı 33
Niğde,Ulukışla,İnkılap İlkokulu,712586,İlkokul,https://ulukislainkilapilkokulu.meb.k12.tr,,,https://ulukislainkilapilkokulu.meb.k12.tr/tema/harita.php,2026-08-31,127,127,bulundu,https://ulukislainkilapilkokulu.meb.k12.tr/,2026-10-01T19:10:12.881016+00:00,,Öğrenci Sayısı 127
Niğde,Ulukışla,Şeyhömerli İlkokulu,712606,İlkokul,https://seyhomerliilkokulu.meb.k12.tr,,,https://seyhomerliilkokulu.meb.k12.tr/tema/harita.php,2026-08-31,8,8,bulundu,https://seyhomerliilkokulu.meb.k12.tr/,2026-10-01T19:10:12.971620+00:00,,Öğrenci Sayısı : 8
Niğde,Çamardı,Atatürk Ortaokulu,718440,Ortaokul,https://camardiataturkortaokulu.meb.k12.tr,,,https://camardiataturkortaokulu.meb.k12.tr/tema/harita.php,2026-08-31,151,151,bulundu,https://camardiataturkortaokulu.meb.k12.tr/,2026-10-01T19:10:13.027596+00:00,,Öğrenci Sayısı : 151
Niğde,Çamardı,Bademdere Şehit Nuri Dayan Ortaokulu,718407,Ortaokul,https://bademdereortaokulu.meb.k12.tr,,,https://bademdereortaokulu.meb.k12.tr/tema/harita.php,2026-08-31,34,34,bulundu,https://bademdereortaokulu.meb.k12.tr/,2026-10-01T19:10:13.171469+00:00,,Öğrenci Sayısı : 34
Niğde,Çamardı,Bademdere Şehit Nuri Dayan İlkokulu,712455,İlkokul,https://bademdereilkokulu.meb.k12.tr,,,https://bademdereilkokulu.meb.k12.tr/tema/harita.php,2026-08-31,25,25,bulundu,https://bademdereilkokulu.meb.k12.tr/,2026-10-01T19:10:13.183250+00:00,,Öğrenci Sayısı: 25
Niğde,Çamardı,Beyaz Kışlakçı İlkokulu,712468,İlkokul,https://beyazklak.meb.k12.tr,,,https://beyazklak.meb.k12.tr/tema/harita.php,2026-08-31,15,15,bulundu,https://beyazklak.meb.k12.tr/,2026-10-01T19:10:13.225616+00:00,,Öğrenci Sayısı 15
Niğde,Çamardı,Burç Köyü Şehit Berat Sağırkaya İlkokulu,712472,İlkokul,https://burcilkokulu.meb.k12.tr,,,https://burcilkokulu.meb.k12.tr/tema/harita.php,2026-08-31,59,59,bulundu,https://burcilkokulu.meb.k12.tr/,2026-10-01T19:10:13.469083+00:00,,Öğrenci Sayısı: 59
Niğde,Çamardı,Burç Ortaokulu,718390,Ortaokul,https://burcortaokulu.meb.k12.tr,,,https://burcortaokulu.meb.k12.tr/tema/harita.php,2026-08-31,,,bulunamadi,,2026-10-01T19:10:13.548744+00:00,,
Niğde,Çamardı,Celaller Şehit Halil Gelen İlkokulu,712479,İlkokul,https://celallerio.meb.k12.tr,,,https://celallerio.meb.k12.tr/tema/harita.php,2026-08-31,19,19,bulundu,https://celallerio.meb.k12.tr/,2026-10-01T19:10:13.626004+00:00,,Öğrenci Sayısı : 19
Niğde,Çamardı,Demirkazık İlkokulu,712495,İlkokul,https://demirkazikilkokulu.meb.k12.tr,,,https://demirkazikilkokulu.meb.k12.tr/tema/harita.php,2026-08-31,20,20,bulundu,https://demirkazikilkokulu.meb.k12.tr/,2026-10-01T19:10:13.676645+00:00,,Öğrenci Sayısı: 20
Niğde,Çamardı,Elekgölü İlkokulu,712498,İlkokul,https://elekgoluilkokulu.meb.k12.tr,,,https://elekgoluilkokulu.meb.k12.tr/tema/harita.php,2026-08-31,16,16,bulundu,https://elekgoluilkokulu.meb.k12.tr/,2026-10-01T19:10:13.825123+00:00,,Öğrenci Sayısı : 16
Niğde,Çamardı,Elma Çiçeği Anaokulu,972217,Anaokulu,https://elmacicegi.meb.k12.tr,,,https://elmacicegi.meb.k12.tr/tema/harita.php,2026-08-31,15,15,bulundu,https://elmacicegi.meb.k12.tr/,2026-10-01T19:10:13.879264+00:00,,Öğrenci Sayısı: 15
Niğde,Çamardı,Eynelli İlkokulu,712501,İlkokul,https://eynelliilkokulu.meb.k12.tr,,,https://eynelliilkokulu.meb.k12.tr/tema/harita.php,2026-08-31,31,31,bulundu,https://eynelliilkokulu.meb.k12.tr/,2026-10-01T19:10:13.927778+00:00,,Öğrenci Sayısı: 31
Niğde,Çamardı,Mahmatlı İlkokulu,712513,İlkokul,https://mahmatliilkokulu.meb.k12.tr,,,https://mahmatliilkokulu.meb.k12.tr/tema/harita.php,2026-08-31,14,14,bulundu,https://mahmatliilkokulu.meb.k12.tr/,2026-10-01T19:10:13.998421+00:00,,Öğrenci Sayısı : 14
Niğde,Çamardı,Mehmet Akif Ersoy Yatılı Bölge Ortaokulu,965796,Ortaokul,https://makifersoyybo.meb.k12.tr,,,https://makifersoyybo.meb.k12.tr/tema/harita.php,2026-08-31,103,103,bulundu,https://makifersoyybo.meb.k12.tr/,2026-10-01T19:10:14.059045+00:00,,Öğrenci Sayısı 103
Niğde,Çamardı,Nazmiye Pınar İlkokulu,712516,İlkokul,https://camardinazmiyepinarilkokulu.meb.k12.tr,,,https://camardinazmiyepinarilkokulu.meb.k12.tr/tema/harita.php,2026-08-31,250,250,bulundu,https://camardinazmiyepinarilkokulu.meb.k12.tr/,2026-10-01T19:10:14.104368+00:00,,Öğrenci Sayısı : 250
Niğde,Çamardı,Sulucaova Şehit Bayram Kızıltan İlkokulu,770606,İlkokul,https://770606.meb.k12.tr,,,https://770606.meb.k12.tr/tema/harita.php,2026-08-31,,,bulunamadi,,2026-10-01T19:10:14.144633+00:00,,
Niğde,Çamardı,Yelatan Yavuz Sultan Selim Ortaokulu,718629,Ortaokul,https://yelatanortaokulu.meb.k12.tr,,,https://yelatanortaokulu.meb.k12.tr/tema/harita.php,2026-08-31,,,bulunamadi,,2026-10-01T19:10:14.161742+00:00,,
Niğde,Çamardı,Yelatan Yavuz Sultan Selim İlkokulu,712542,İlkokul,https://yelatanilkokulu.meb.k12.tr,,,https://yelatanilkokulu.meb.k12.tr/tema/harita.php,2026-08-31,61,61,bulundu,https://yelatanilkokulu.meb.k12.tr/tema/okulumuz_hakkinda.php,2026-10-01T19:10:14.273733+00:00,,Öğrenci : 61
Niğde,Çamardı,Çamardı 75.Yıl Şehit Üsteğmen Murat Erdem Çok Programlı Anadolu Lisesi,814561,Çok Programlı Anadolu Lisesi,https://camardicpl.meb.k12.tr,,,https://camardicpl.meb.k12.tr/tema/harita.php,2026-08-31,139,139,bulundu,https://camardicpl.meb.k12.tr/,2026-10-01T19:10:14.311863+00:00,,Öğrenci Sayısı : 139
Niğde,Çamardı,Çamardı Halk Eğitimi Merkezi,190521,Halk Eğitimi Merkezi,https://camardihem.meb.k12.tr,,,https://camardihem.meb.k12.tr/tema/harita.php,2026-08-31,,,bulunamadi,,2026-10-01T19:10:14.318692+00:00,,
Niğde,Çamardı,Çamardı Öğretmenevi ve Akşam Sanat Okulu,971337,Öğretmenevi,https://camardiogretmenevi.meb.k12.tr,,,https://camardiogretmenevi.meb.k12.tr/tema/harita.php,2026-08-31,,,bulunamadi,,2026-10-01T19:10:14.343811+00:00,,
Niğde,Çamardı,Çamardı İmam Hatip Ortaokulu,764478,İmam Hatip Ortaokulu,https://camardiimamhatip.meb.k12.tr,,,https://camardiimamhatip.meb.k12.tr/tema/harita.php,2026-08-31,60,60,bulundu,https://camardiimamhatip.meb.k12.tr/,2026-10-01T19:10:14.572469+00:00,,Öğrenci Sayısı : 60
Niğde,Çamardı,Çamardı Şehit Muttalip Soylu Anadolu İmam Hatip Lisesi,190508,Anadolu İmam Hatip Lisesi,https://camardiihl.meb.k12.tr,,,https://camardiihl.meb.k12.tr/tema/harita.php,2026-08-31,110,110,bulundu,https://camardiihl.meb.k12.tr/,2026-10-01T19:10:14.629334+00:00,,Öğrenci Sayısı : 110
Niğde,Çamardı,Çukurbağ İlkokulu,712488,İlkokul,https://cukurbagilkokulu.meb.k12.tr,,,https://cukurbagilkokulu.meb.k12.tr/tema/harita.php,2026-08-31,27,27,bulundu,https://cukurbagilkokulu.meb.k12.tr/,2026-10-01T19:10:14.873400+00:00,,Öğrenci Sayısı: 27
Niğde,Çamardı,Üskül Yeniköy İlkokulu,712538,İlkokul,https://uskulilkogretim.meb.k12.tr,,,https://uskulilkogretim.meb.k12.tr/tema/harita.php,2026-08-31,22,22,bulundu,https://uskulilkogretim.meb.k12.tr/,2026-10-01T19:10:14.902681+00:00,,Öğrenci Sayısı: 22
Niğde,Çiftlik,Asmasız İlkokulu,712615,İlkokul,https://ciftlikasmasizio.meb.k12.tr,,,https://ciftlikasmasizio.meb.k12.tr/tema/harita.php,2026-08-31,11,11,bulundu,https://ciftlikasmasizio.meb.k12.tr/,2026-10-01T19:10:14.925142+00:00,,Öğrenci Sayısı 11
Niğde,Çiftlik,Azatlı Küllüce Ortaokulu,746659,Ortaokul,https://ak-ort.meb.k12.tr,,,https://ak-ort.meb.k12.tr/tema/harita.php,2026-08-31,179,179,bulundu,https://ak-ort.meb.k12.tr/tema/okulumuz_hakkinda.php,2026-10-01T19:10:15.033860+00:00,,Öğrenci : 179
Niğde,Çiftlik,Azatlı İsa Yüksel Ortaokulu,712618,Ortaokul,https://azatliisayukselortaokulu.meb.k12.tr,,,https://azatliisayukselortaokulu.meb.k12.tr/tema/harita.php,2026-08-31,96,96,bulundu,https://azatliisayukselortaokulu.meb.k12.tr/tema/okulumuz_hakkinda.php,2026-10-01T19:10:15.088423+00:00,,Öğrenci : 96
Niğde,Çiftlik,Azatlı Şehit Salim Erten İlkokulu,712628,İlkokul,https://azatlisalimerten.meb.k12.tr,,,https://azatlisalimerten.meb.k12.tr/tema/harita.php,2026-08-31,127,127,bulundu,https://azatlisalimerten.meb.k12.tr/,2026-10-01T19:10:15.151894+00:00,,Öğrenci Sayısı 127
Niğde,Çiftlik,Azatlı Şehit Yasin Tekin İlkokulu,712623,İlkokul,https://ak-ilk.meb.k12.tr,,,https://ak-ilk.meb.k12.tr/tema/harita.php,2026-08-31,183,183,bulundu,https://ak-ilk.meb.k12.tr/tema/okulumuz_hakkinda.php,2026-10-01T19:10:15.176576+00:00,,Öğrenci : 183
Niğde,Çiftlik,Bozköy Ahmet Nazmi Filibeli İlkokulu,712631,İlkokul,https://banfilibeli.meb.k12.tr,,,https://banfilibeli.meb.k12.tr/tema/harita.php,2026-08-31,,,bulunamadi,,2026-10-01T19:10:15.232782+00:00,,
Niğde,Çiftlik,Bozköy Mehmet Akif İlkokulu,712638,İlkokul,https://bozkoymakif.meb.k12.tr,,,https://bozkoymakif.meb.k12.tr/tema/harita.php,2026-08-31,30,30,bulundu,https://bozkoymakif.meb.k12.tr/tema/okulumuz_hakkinda.php,2026-10-01T19:10:15.393894+00:00,,Öğrenci : 30
Niğde,Çiftlik,Bozköy İmam Hatip Ortaokulu,760047,İmam Hatip Ortaokulu,https://bozkoyiho.meb.k12.tr,,,https://bozkoyiho.meb.k12.tr/tema/harita.php,2026-08-31,99,99,bulundu,https://bozkoyiho.meb.k12.tr/,2026-10-01T19:10:15.506059+00:00,,Öğrenci Sayısı 99
Niğde,Çiftlik,Bozköy Şehit Erol Öncel Ortaokulu,712635,Ortaokul,https://bozkoyortaokulu.meb.k12.tr,,,https://bozkoyortaokulu.meb.k12.tr/tema/harita.php,2026-08-31,184,184,bulundu,https://bozkoyortaokulu.meb.k12.tr/,2026-10-01T19:10:15.628435+00:00,,Öğrenci Sayısı : 184
Niğde,Çiftlik,Bozköy Şehit Erol Öncel İlkokulu,750043,İlkokul,https://bozkoyilkokulu.meb.k12.tr,,,https://bozkoyilkokulu.meb.k12.tr/tema/harita.php,2026-08-31,182,182,bulundu,https://bozkoyilkokulu.meb.k12.tr/,2026-10-01T19:10:15.642532+00:00,,Öğrenci Sayısı : 182
Niğde,Çiftlik,Divarlı Ahmet Yesevi Ortaokulu,757285,Ortaokul,https://divarliahmetyesevioo.meb.k12.tr,,,https://divarliahmetyesevioo.meb.k12.tr/tema/harita.php,2026-08-31,285,285,bulundu,https://divarliahmetyesevioo.meb.k12.tr/,2026-10-01T19:10:15.817571+00:00,,Öğrenci Sayısı 285
Niğde,Çiftlik,Divarlı Ahmet Yesevi İmam Hatip Ortaokulu,764463,İmam Hatip Ortaokulu,https://divarliiho.meb.k12.tr,,,https://divarliiho.meb.k12.tr/tema/harita.php,2026-08-31,98,98,bulundu,https://divarliiho.meb.k12.tr/,2026-10-01T19:10:15.830928+00:00,,Öğrenci Sayısı 98
Niğde,Çiftlik,Divarlı Şehit Caner Erden İlkokulu,712648,İlkokul,https://divarliio.meb.k12.tr,,,https://divarliio.meb.k12.tr/tema/harita.php,2026-08-31,296,296,bulundu,https://divarliio.meb.k12.tr/,2026-10-01T19:10:15.900986+00:00,,Öğrenci Sayısı : 296
Niğde,Çiftlik,Divarlı Şehit İlhan Çankaya İlkokulu,712650,İlkokul,https://divarliilhancankayailkokulu.meb.k12.tr,,,https://divarliilhancankayailkokulu.meb.k12.tr/tema/harita.php,2026-08-31,198,198,bulundu,https://divarliilhancankayailkokulu.meb.k12.tr/tema/okulumuz_hakkinda.php,2026-10-01T19:10:15.932306+00:00,,Öğrenci : 198
Niğde,Çiftlik,Kitreli 100.Yıl Fatih Ortaokulu,717597,Ortaokul,https://kitrelioo.meb.k12.tr,,,https://kitrelioo.meb.k12.tr/tema/harita.php,2026-08-31,33,33,bulundu,https://kitrelioo.meb.k12.tr/tema/okulumuz_hakkinda.php,2026-10-01T19:10:16.362645+00:00,,Öğrenci : 33
Niğde,Çiftlik,Kitreli İlkokulu,712654,İlkokul,https://kitreliilkokulu.meb.k12.tr,,,https://kitreliilkokulu.meb.k12.tr/tema/harita.php,2026-08-31,37,37,bulundu,https://kitreliilkokulu.meb.k12.tr/,2026-10-01T19:10:16.444003+00:00,,Öğrenci Sayısı 37
Niğde,Çiftlik,Kula Ortaokulu,717587,Ortaokul,https://kulaortaokulu.meb.k12.tr,,,https://kulaortaokulu.meb.k12.tr/tema/harita.php,2026-08-31,81,81,bulundu,https://kulaortaokulu.meb.k12.tr/,2026-10-01T19:10:16.584191+00:00,,Öğrenci Sayısı : 81
Niğde,Çiftlik,Kula İlkokulu,712658,İlkokul,https://kulailkokulu.meb.k12.tr,,,https://kulailkokulu.meb.k12.tr/tema/harita.php,2026-08-31,196,196,bulundu,https://kulailkokulu.meb.k12.tr/,2026-10-01T19:10:16.737255+00:00,,Öğrenci Sayısı 196
Niğde,Çiftlik,Kula İmam Hatip Ortaokulu,764462,İmam Hatip Ortaokulu,https://kulaiho.meb.k12.tr,,,https://kulaiho.meb.k12.tr/tema/harita.php,2026-08-31,66,66,bulundu,https://kulaiho.meb.k12.tr/,2026-10-01T19:10:16.909329+00:00,,Öğrenci Sayısı : 66
Niğde,Çiftlik,Mahmutlu İlkokulu,712659,İlkokul,https://mahmutluilkokulu.meb.k12.tr,,,https://mahmutluilkokulu.meb.k12.tr/tema/harita.php,2026-08-31,54,54,bulundu,https://mahmutluilkokulu.meb.k12.tr/,2026-10-01T19:10:17.261667+00:00,,Öğrenci Sayısı: 54
Niğde,Çiftlik,Mavi Balon Anaokulu,971803,Anaokulu,https://mavibalon.meb.k12.tr,,,https://mavibalon.meb.k12.tr/tema/harita.php,2026-08-31,59,59,bulundu,https://mavibalon.meb.k12.tr/,2026-10-01T19:10:17.416446+00:00,,Öğrenci Sayısı: 59
Niğde,Çiftlik,Murtaza Aynur Filibeli Ortaokulu,717577,Ortaokul,https://murtazaafoo.meb.k12.tr,,,https://murtazaafoo.meb.k12.tr/tema/harita.php,2026-08-31,39,39,bulundu,https://murtazaafoo.meb.k12.tr/,2026-10-01T19:10:17.441671+00:00,,Öğrenci Sayısı : 39
Niğde,Çiftlik,Murtaza Aynur Filibeli İlkokulu,712662,İlkokul,https://murtazaafio.meb.k12.tr,,,https://murtazaafio.meb.k12.tr/tema/harita.php,2026-08-31,55,55,bulundu,https://murtazaafio.meb.k12.tr/,2026-10-01T19:10:17.449487+00:00,,Öğrenci Sayısı : 55
Niğde,Çiftlik,Mustafa Kemal Ortaokulu,712666,Ortaokul,https://mustafakemalortaokulu.meb.k12.tr,,,https://mustafakemalortaokulu.meb.k12.tr/tema/harita.php,2026-08-31,282,282,bulundu,https://mustafakemalortaokulu.meb.k12.tr/,2026-10-01T19:10:17.685444+00:00,,Öğrenci Sayısı 282
Niğde,Çiftlik,Ovalıbağ Hasan Süleyman Filibeli Ortaokulu,717549,Ortaokul,https://ovalibagortaokulu.meb.k12.tr,,,https://ovalibagortaokulu.meb.k12.tr/tema/harita.php,2026-08-31,40,40,bulundu,https://ovalibagortaokulu.meb.k12.tr/,2026-10-01T19:10:17.765842+00:00,,Öğrenci Sayısı : 40
Niğde,Çiftlik,Ovalıbağ Hasan Süleyman Filibeli İlkokulu,712669,İlkokul,https://ovalibagilkokulu.meb.k12.tr,,,https://ovalibagilkokulu.meb.k12.tr/tema/harita.php,2026-08-31,79,79,bulundu,https://ovalibagilkokulu.meb.k12.tr/,2026-10-01T19:10:17.785978+00:00,,Öğrenci Sayısı : 79
Niğde,Çiftlik,Sultanpınar Ortaokulu,717543,Ortaokul,https://sultanpinarortaokulu.meb.k12.tr,,,https://sultanpinarortaokulu.meb.k12.tr/tema/harita.php,2026-08-31,30,30,bulundu,https://sultanpinarortaokulu.meb.k12.tr/,2026-10-01T19:10:17.803053+00:00,,Öğrenci Sayısı 30
Niğde,Çiftlik,Sultanpınar Şehit Mustafa Şahin İlkokulu,712675,İlkokul,https://sultanpinarsehitmustafasahinilko.meb.k12.tr,,,https://sultanpinarsehitmustafasahinilko.meb.k12.tr/tema/harita.php,2026-08-31,43,43,bulundu,https://sultanpinarsehitmustafasahinilko.meb.k12.tr/,2026-10-01T19:10:17.818180+00:00,,Öğrenci Sayısı 43
Niğde,Çiftlik,Çardak Ortaokulu,746661,Ortaokul,https://ciftlikcardakortaokulu.meb.k12.tr,,,https://ciftlikcardakortaokulu.meb.k12.tr/tema/harita.php,2026-08-31,100,100,bulundu,https://ciftlikcardakortaokulu.meb.k12.tr/,2026-10-01T19:10:17.848391+00:00,,Öğrenci Sayısı 100
Niğde,Çiftlik,Çardak İlkokulu,712639,İlkokul,https://cardakilkokulu.meb.k12.tr,,,https://cardakilkokulu.meb.k12.tr/tema/harita.php,2026-08-31,68,68,bulundu,https://cardakilkokulu.meb.k12.tr/tema/okulumuz_hakkinda.php,2026-10-01T19:10:17.890904+00:00,,Öğrenci : 68
Niğde,Çiftlik,Çiftlik Anadolu İmam Hatip Lisesi,760211,Anadolu İmam Hatip Lisesi,https://ciftlikaihl.meb.k12.tr,,,https://ciftlikaihl.meb.k12.tr/tema/harita.php,2026-08-31,56,56,bulundu,https://ciftlikaihl.meb.k12.tr/,2026-10-01T19:10:17.986598+00:00,,Öğrenci Sayısı : 56
Niğde,Çiftlik,Çiftlik Halk Eğitimi Merkezi,308334,Halk Eğitimi Merkezi,https://ciftlikhem.meb.k12.tr,,,https://ciftlikhem.meb.k12.tr/tema/harita.php,2026-08-31,,,bulunamadi,,2026-10-01T19:10:17.993095+00:00,,
Niğde,Çiftlik,Çiftlik Çok Programlı Anadolu Lisesi,965997,Çok Programlı Anadolu Lisesi,https://ciftlikcpal.meb.k12.tr,,,https://ciftlikcpal.meb.k12.tr/tema/harita.php,2026-08-31,260,260,bulundu,https://ciftlikcpal.meb.k12.tr/,2026-10-01T19:10:18.114816+00:00,,Öğrenci Sayısı : 260
Niğde,Çiftlik,Çiftlik Öğretmenevi ve Akşam Sanat Okulu,971340,Öğretmenevi,https://ciftlikaso.meb.k12.tr,,,https://ciftlikaso.meb.k12.tr/tema/harita.php,2026-08-31,,,bulunamadi,,2026-10-01T19:10:18.326521+00:00,,
Niğde,Çiftlik,Çiftlik İmam Hatip Ortaokulu,712643,İmam Hatip Ortaokulu,https://ciftlikiho.meb.k12.tr,,,https://ciftlikiho.meb.k12.tr/tema/harita.php,2026-08-31,63,63,bulundu,https://ciftlikiho.meb.k12.tr/,2026-10-01T19:10:18.353416+00:00,,Öğrenci Sayısı : 63
Niğde,Çiftlik,Çiftlik Şehit Nurettin Tekin Anadolu Lisesi,972758,Anadolu Lisesi,https://sehitnurettintekinal.meb.k12.tr,,,https://sehitnurettintekinal.meb.k12.tr/tema/harita.php,2026-08-31,187,187,bulundu,https://sehitnurettintekinal.meb.k12.tr/,2026-10-01T19:10:18.418235+00:00,,Öğrenci Sayısı 187
Niğde,Çiftlik,Çınarlı İlkokulu,712640,İlkokul,https://cinarliilkokulu.meb.k12.tr,,,https://cinarliilkokulu.meb.k12.tr/tema/harita.php,2026-08-31,34,34,bulundu,https://cinarliilkokulu.meb.k12.tr/,2026-10-01T19:10:18.571913+00:00,,Öğrenci Sayısı: 34
Niğde,Çiftlik,Şehit Şakir Tekin İlkokulu,712646,İlkokul,https://ssakirtekin.meb.k12.tr,,,https://ssakirtekin.meb.k12.tr/tema/harita.php,2026-08-31,310,310,bulundu,https://ssakirtekin.meb.k12.tr/,2026-10-01T19:10:18.600182+00:00,,Öğrenci Sayısı: 310
Niğde,Çiftlik,Şeyhler Şehit Hamza Baykan Ortaokulu,717533,Ortaokul,https://sehithamzabaykanortaokulu.meb.k12.tr,,,https://sehithamzabaykanortaokulu.meb.k12.tr/tema/harita.php,2026-08-31,81,81,bulundu,https://sehithamzabaykanortaokulu.meb.k12.tr/,2026-10-01T19:10:18.708354+00:00,,Öğrenci Sayısı : 81
Niğde,Çiftlik,Şeyhler Şehit Hamza Baykan İlkokulu,712678,İlkokul,https://sehithamzabaykanio.meb.k12.tr,,,https://sehithamzabaykanio.meb.k12.tr/tema/harita.php,2026-08-31,106,106,bulundu,https://sehithamzabaykanio.meb.k12.tr/,2026-10-01T19:10:18.801931+00:00,,Öğrenci Sayısı: 106
Ordu,Akkuş,100. Yıl Kurtboğaz Mustafa Efiloğlu İlkokulu,743266,İlkokul,https://akkus100yililkokulu.meb.k12.tr,,,https://akkus100yililkokulu.meb.k12.tr/tema/harita.php,2026-08-31,45,45,bulundu,https://akkus100yililkokulu.meb.k12.tr/,2026-10-01T19:10:18.870177+00:00,,Öğrenci Sayısı 45
Ordu,Akkuş,Ahmet Cürebal Mesleki Eğitim Merkezi,770475,Mesleki Eğitim Merkezi,https://770475.meb.k12.tr,,,https://770475.meb.k12.tr/tema/harita.php,2026-08-31,105,105,bulundu,https://770475.meb.k12.tr/,2026-10-01T19:10:18.903162+00:00,,Öğrenci Sayısı 105
Ordu,Akkuş,Akkuş Akpınar Anadolu Lisesi,775932,Anadolu Lisesi,https://775932.meb.k12.tr,,,https://775932.meb.k12.tr/tema/harita.php,2026-08-31,83,83,bulundu,https://775932.meb.k12.tr/,2026-10-01T19:10:19.013975+00:00,,Öğrenci Sayısı 83
Ordu,Akkuş,Akkuş Anadolu Lisesi,191276,Anadolu Lisesi,https://akkusanadolulisesi.meb.k12.tr,,,https://akkusanadolulisesi.meb.k12.tr/tema/harita.php,2026-08-31,152,152,bulundu,https://akkusanadolulisesi.meb.k12.tr/,2026-10-01T19:10:19.049537+00:00,,Öğrenci Sayısı 152
Ordu,Akkuş,Akkuş Anadolu İmam Hatip Lisesi,191311,Anadolu İmam Hatip Lisesi,https://akkusihl.meb.k12.tr,,,https://akkusihl.meb.k12.tr/tema/harita.php,2026-08-31,112,112,bulundu,https://akkusihl.meb.k12.tr/,2026-10-01T19:10:19.066604+00:00,,Öğrenci Sayısı : 112
Ordu,Akkuş,Akkuş Anaokulu,970168,Anaokulu,https://akkusanaokulu.meb.k12.tr,,,https://akkusanaokulu.meb.k12.tr/tema/harita.php,2026-08-31,55,55,bulundu,https://akkusanaokulu.meb.k12.tr/,2026-10-01T19:10:19.180443+00:00,,Öğrenci Sayısı: 55
Ordu,Akkuş,Akkuş Bilim ve Sanat Merkezi,769169,Bilim ve Sanat Merkezi,https://769169.meb.k12.tr,,,https://769169.meb.k12.tr/tema/harita.php,2026-08-31,2,2,bulundu,https://769169.meb.k12.tr/,2026-10-01T19:10:19.222979+00:00,,Öğrenci Sayısı : 2
Ordu,Akkuş,Akkuş Borsa İstanbul Yatılı Bölge Ortaokulu,747966,Ortaokul,https://akkusimkbybo.meb.k12.tr,,,https://akkusimkbybo.meb.k12.tr/tema/harita.php,2026-08-31,76,76,bulundu,https://akkusimkbybo.meb.k12.tr/,2026-10-01T19:10:19.243868+00:00,,Öğrenci Sayısı : 76
Ordu,Akkuş,Akkuş Öğretmenevi ve Akşam Sanat Okulu,971342,Öğretmenevi,https://akkusogretmenevi.meb.k12.tr,,,https://akkusogretmenevi.meb.k12.tr/tema/harita.php,2026-08-31,,,bulunamadi,,2026-10-01T19:10:19.324453+00:00,,
Ordu,Akkuş,Akkuş İhsan Duman Halk Eğitimi Merkezi,191323,Halk Eğitimi Merkezi,https://akkushem.meb.k12.tr,,,https://akkushem.meb.k12.tr/tema/harita.php,2026-08-31,,,bulunamadi,,2026-10-01T19:10:19.501824+00:00,,
Ordu,Akkuş,Akpınar Şehit Fatih Güney Ortaokulu,748269,Ortaokul,https://akpinarsehitfatihguneyortaokulu.meb.k12.tr,,,https://akpinarsehitfatihguneyortaokulu.meb.k12.tr/tema/harita.php,2026-08-31,118,118,bulundu,https://akpinarsehitfatihguneyortaokulu.meb.k12.tr/,2026-10-01T19:10:19.664216+00:00,,Öğrenci Sayısı 118
Ordu,Akkuş,Cumhuriyet Ortaokulu,743298,Ortaokul,https://akkusfatihortaokulu.meb.k12.tr,,,https://akkusfatihortaokulu.meb.k12.tr/tema/harita.php,2026-08-31,179,179,bulundu,https://akkusfatihortaokulu.meb.k12.tr/,2026-10-01T19:10:19.682083+00:00,,Öğrenci Sayısı 179
Ordu,Akkuş,Cumhuriyet İlkokulu,743296,İlkokul,https://akkuscumhuriyetilkokulu.meb.k12.tr,,,https://akkuscumhuriyetilkokulu.meb.k12.tr/tema/harita.php,2026-08-31,226,226,bulundu,https://akkuscumhuriyetilkokulu.meb.k12.tr/,2026-10-01T19:10:19.708135+00:00,,Öğrenci Sayısı 226
Ordu,Akkuş,Damyeri Ortaokulu,739487,Ortaokul,https://akkusdamyeriortaokulu.meb.k12.tr,,,https://akkusdamyeriortaokulu.meb.k12.tr/tema/harita.php,2026-08-31,47,47,bulundu,https://akkusdamyeriortaokulu.meb.k12.tr/,2026-10-01T19:10:19.812405+00:00,,Öğrenci Sayısı : 47
Ordu,Akkuş,Damyeri İlkokulu,739488,İlkokul,https://akkusdamyeriilkokulu.meb.k12.tr,,,https://akkusdamyeriilkokulu.meb.k12.tr/tema/harita.php,2026-08-31,75,75,bulundu,https://akkusdamyeriilkokulu.meb.k12.tr/,2026-10-01T19:10:19.823382+00:00,,Öğrenci Sayısı : 75
Ordu,Akkuş,Kargı Ferhat Akbulat Ortaokulu,739479,Ortaokul,https://kargiferhatakbulatortaokulu.meb.k12.tr,,,https://kargiferhatakbulatortaokulu.meb.k12.tr/tema/harita.php,2026-08-31,46,46,bulundu,https://kargiferhatakbulatortaokulu.meb.k12.tr/,2026-10-01T19:10:19.982585+00:00,,Öğrenci Sayısı 46
Ordu,Akkuş,Kargı Ferhat Akbulat İlkokulu,739481,İlkokul,https://kargiferhatakbulatilkokulu.meb.k12.tr,,,https://kargiferhatakbulatilkokulu.meb.k12.tr/tema/harita.php,2026-08-31,48,48,bulundu,https://kargiferhatakbulatilkokulu.meb.k12.tr/,2026-10-01T19:10:20.113670+00:00,,Öğrenci Sayısı 48
Ordu,Akkuş,Kızılelma İlkokulu,739497,İlkokul,https://kizilelmailkokul.meb.k12.tr,,,https://kizilelmailkokul.meb.k12.tr/tema/harita.php,2026-08-31,13,13,bulundu,https://kizilelmailkokul.meb.k12.tr/,2026-10-01T19:10:20.145543+00:00,,Öğrenci Sayısı: 13
Ordu,Akkuş,Salman Anadolu Lisesi,775305,Anadolu Lisesi,https://775305.meb.k12.tr,,,https://775305.meb.k12.tr/tema/harita.php,2026-08-31,96,96,bulundu,https://775305.meb.k12.tr/,2026-10-01T19:10:20.162279+00:00,,Öğrenci Sayısı 96
Ordu,Akkuş,Salman Ortaokulu,739476,Ortaokul,https://salmanortaokulu.meb.k12.tr,,,https://salmanortaokulu.meb.k12.tr/tema/harita.php,2026-08-31,104,104,bulundu,https://salmanortaokulu.meb.k12.tr/,2026-10-01T19:10:20.195805+00:00,,Öğrenci Sayısı : 104
Ordu,Akkuş,Salman İlkokulu,739478,İlkokul,https://salmanilkokulu.meb.k12.tr,,,https://salmanilkokulu.meb.k12.tr/tema/harita.php,2026-08-31,103,103,bulundu,https://salmanilkokulu.meb.k12.tr/,2026-10-01T19:10:20.351363+00:00,,Öğrenci Sayısı : 103
Ordu,Akkuş,Yeşilgüneycik Şehit Erol Kırtıl İlkokulu,743126,İlkokul,https://yeilgneycikehiterolkrtlilkokulu.meb.k12.tr,,,https://yeilgneycikehiterolkrtlilkokulu.meb.k12.tr/tema/harita.php,2026-08-31,15,15,bulundu,https://yeilgneycikehiterolkrtlilkokulu.meb.k12.tr/,2026-10-01T19:10:20.479992+00:00,,Öğrenci Sayısı : 15
Ordu,Akkuş,Çayıralan-Yazıkıyısı Şehit Ali Köse İlkokulu,739471,İlkokul,https://ayralanyazkysilkokulu.meb.k12.tr,,,https://ayralanyazkysilkokulu.meb.k12.tr/tema/harita.php,2026-08-31,28,28,bulundu,https://ayralanyazkysilkokulu.meb.k12.tr/,2026-10-01T19:10:20.573942+00:00,,Öğrenci Sayısı 28
Ordu,Akkuş,Çayıralan-Yazıkıyısı Şehit Kemal Bide Ortaokulu,739470,Ortaokul,https://cayiralanyazikiyisiortaokulu.meb.k12.tr,,,https://cayiralanyazikiyisiortaokulu.meb.k12.tr/tema/harita.php,2026-08-31,42,42,bulundu,https://cayiralanyazikiyisiortaokulu.meb.k12.tr/,2026-10-01T19:10:20.844283+00:00,,Öğrenci Sayısı 42
Ordu,Akkuş,Ömer Çam İlkokulu,752852,İlkokul,https://akkusomercam.meb.k12.tr,,,https://akkusomercam.meb.k12.tr/tema/harita.php,2026-08-31,105,105,bulundu,https://akkusomercam.meb.k12.tr/,2026-10-01T19:10:20.930666+00:00,,Öğrenci Sayısı 105
Ordu,Akkuş,Şehit Yunus Kaymak Meslekî ve Teknik Anadolu Lisesi,775592,Mesleki ve Teknik Anadolu Lisesi,https://775592.meb.k12.tr,,,https://775592.meb.k12.tr/tema/harita.php,2026-08-31,2,2,bulundu,https://775592.meb.k12.tr/tema/okulumuz_hakkinda.php,2026-10-01T19:10:20.948108+00:00,,Öğrenci : 2
Ordu,Altınordu,15 Temmuz İlkokulu,744581,İlkokul,https://ordu15temmuzilkokulu.meb.k12.tr,,,https://ordu15temmuzilkokulu.meb.k12.tr/tema/harita.php,2026-08-31,657,657,bulundu,https://ordu15temmuzilkokulu.meb.k12.tr/tema/okulumuz_hakkinda.php,2026-10-01T19:10:21.022325+00:00,,Öğrenci : 657
Ordu,Altınordu,19 Eylül Ortaokulu,744598,Ortaokul,https://19eylul.meb.k12.tr,,,https://19eylul.meb.k12.tr/tema/harita.php,2026-08-31,357,357,bulundu,https://19eylul.meb.k12.tr/,2026-10-01T19:10:21.045298+00:00,,Öğrenci Sayısı 357
Ordu,Altınordu,75. Yıl Cumhuriyet Ortaokulu,739590,Ortaokul,https://ordu75yilortaokulu.meb.k12.tr,,,https://ordu75yilortaokulu.meb.k12.tr/tema/harita.php,2026-08-31,307,307,bulundu,https://ordu75yilortaokulu.meb.k12.tr/tema/okulumuz_hakkinda.php,2026-10-01T19:10:21.131637+00:00,,Öğrenci : 307
Ordu,Altınordu,75. Yıl Cumhuriyet İlkokulu,397202,İlkokul,https://ordu75yilcumhuriyetio.meb.k12.tr,,,https://ordu75yilcumhuriyetio.meb.k12.tr/tema/harita.php,2026-08-31,301,301,bulundu,https://ordu75yilcumhuriyetio.meb.k12.tr/tema/okulumuz_hakkinda.php,2026-10-01T19:10:21.183228+00:00,,Öğrenci : 301
Ordu,Altınordu,Adil Karlıbel Özel Eğitim Meslek Okulu,290989,Özel Eğitim Kurumu,https://adilkarlibel.meb.k12.tr,,,https://adilkarlibel.meb.k12.tr/tema/harita.php,2026-08-31,59,59,bulundu,https://adilkarlibel.meb.k12.tr/tema/okulumuz_hakkinda.php,2026-10-01T19:10:21.312335+00:00,,Öğrenci : 59
Ordu,Altınordu,Adil Karlıbel Özel Eğitim Ortaokulu,755066,Ortaokul,https://adilkarlibelozelegitimortaokulu.meb.k12.tr,,,https://adilkarlibelozelegitimortaokulu.meb.k12.tr/tema/harita.php,2026-08-31,38,38,bulundu,https://adilkarlibelozelegitimortaokulu.meb.k12.tr/,2026-10-01T19:10:21.339202+00:00,,Öğrenci Sayısı : 38
Ordu,Altınordu,Adil Karlıbel Özel Eğitim İlkokulu,754942,İlkokul,https://adilkarlibelozelegitimilkokulu.meb.k12.tr,,,https://adilkarlibelozelegitimilkokulu.meb.k12.tr/tema/harita.php,2026-08-31,18,18,bulundu,https://adilkarlibelozelegitimilkokulu.meb.k12.tr/,2026-10-01T19:10:21.461246+00:00,,Öğrenci Sayısı : 18
Ordu,Altınordu,Akyazı Çamsan İlkokulu,708474,İlkokul,https://akyazicamsanilkokulu.meb.k12.tr,,,https://akyazicamsanilkokulu.meb.k12.tr/tema/harita.php,2026-08-31,267,267,bulundu,https://akyazicamsanilkokulu.meb.k12.tr/,2026-10-01T19:10:21.480837+00:00,,Öğrenci Sayısı 267
Ordu,Altınordu,Akyazı İmam Hatip Ortaokulu,761574,İmam Hatip Ortaokulu,https://akyaziimamhatipoo.meb.k12.tr,,,https://akyaziimamhatipoo.meb.k12.tr/tema/harita.php,2026-08-31,117,117,bulundu,https://akyaziimamhatipoo.meb.k12.tr/,2026-10-01T19:10:21.510981+00:00,,Öğrenci Sayısı 117
Ordu,Altınordu,Altınfındık İlkokulu,887754,İlkokul,https://altinfindik.meb.k12.tr,,,https://altinfindik.meb.k12.tr/tema/harita.php,2026-08-31,820,820,bulundu,https://altinfindik.meb.k12.tr/,2026-10-01T19:10:21.629312+00:00,,Öğrenci Sayısı : 820
Ordu,Altınordu,Altınordu Başöğretmen Anadolu Lisesi,964403,Anadolu Lisesi,https://ordubasogretmenal.meb.k12.tr,,,https://ordubasogretmenal.meb.k12.tr/tema/harita.php,2026-08-31,817,817,bulundu,https://ordubasogretmenal.meb.k12.tr/,2026-10-01T19:10:21.637769+00:00,,Öğrenci Sayısı 817
Ordu,Altınordu,Altınordu Halk Eğitimi Merkezi,191181,Halk Eğitimi Merkezi,https://altinorduhem.meb.k12.tr,,,https://altinorduhem.meb.k12.tr/tema/harita.php,2026-08-31,,,bulunamadi,,2026-10-01T19:10:21.646557+00:00,,
Ordu,Altınordu,Altınordu Kız Anadolu İmam Hatip Lisesi,759982,Anadolu İmam Hatip Lisesi,https://altinordukizaihl.meb.k12.tr,,,https://altinordukizaihl.meb.k12.tr/tema/harita.php,2026-08-31,307,307,bulundu,https://altinordukizaihl.meb.k12.tr/,2026-10-01T19:10:21.907799+00:00,,Öğrenci Sayısı : 307
Ordu,Altınordu,Altınordu Mesleki Eğitim Merkezi,252091,Mesleki Eğitim Merkezi,https://ordumesem.meb.k12.tr,,,https://ordumesem.meb.k12.tr/tema/harita.php,2026-08-31,2122,2122,bulundu,https://ordumesem.meb.k12.tr/tema/okulumuz_hakkinda.php,2026-10-01T19:10:22.030380+00:00,,Öğrenci : 2122
Ordu,Altınordu,Altınordu Ortaokulu,766201,Ortaokul,https://altinorduortaokulu.meb.k12.tr,,,https://altinorduortaokulu.meb.k12.tr/tema/harita.php,2026-08-31,674,674,bulundu,https://altinorduortaokulu.meb.k12.tr/,2026-10-01T19:10:22.200576+00:00,,Öğrenci Sayısı 674
Ordu,Altınordu,Altınordu Rehberlik ve Araştırma Merkezi,191203,Rehberlik ve Araştırma Merkezi,https://altinorduram.meb.k12.tr,,,https://altinorduram.meb.k12.tr/tema/harita.php,2026-08-31,,,bulunamadi,,2026-10-01T19:10:22.243730+00:00,,
Ordu,Altınordu,Altınordu Özel Eğitim Uygulama Okulu I. Kademe,747197,Özel Eğitim Kurumu,https://altinorduoeuo1k.meb.k12.tr,,,https://altinorduoeuo1k.meb.k12.tr/tema/harita.php,2026-08-31,35,35,bulundu,https://altinorduoeuo1k.meb.k12.tr/,2026-10-01T19:10:22.315176+00:00,,Öğrenci Sayısı: 35
Ordu,Altınordu,Altınordu Özel Eğitim Uygulama Okulu II. Kademe,748040,Özel Eğitim Kurumu,https://altinorduoeuo2k.meb.k12.tr,,,https://altinorduoeuo2k.meb.k12.tr/tema/harita.php,2026-08-31,23,23,bulundu,https://altinorduoeuo2k.meb.k12.tr/tema/okulumuz_hakkinda.php,2026-10-01T19:10:22.328039+00:00,,Öğrenci : 23
Ordu,Altınordu,Altınordu Özel Eğitim Uygulama Okulu III. Kademe,747339,Özel Eğitim Kurumu,https://altinorduoeuo3k.meb.k12.tr,,,https://altinorduoeuo3k.meb.k12.tr/tema/harita.php,2026-08-31,32,32,bulundu,https://altinorduoeuo3k.meb.k12.tr/,2026-10-01T19:10:22.334080+00:00,,Öğrenci Sayısı 32
Ordu,Altınordu,Altınordu İlkokulu,764016,İlkokul,https://altinorduilkokulu.meb.k12.tr,,,https://altinorduilkokulu.meb.k12.tr/tema/harita.php,2026-08-31,746,746,bulundu,https://altinorduilkokulu.meb.k12.tr/,2026-10-01T19:10:22.750163+00:00,,Öğrenci Sayısı : 746
Ordu,Altınordu,Altınordu İmam Hatip Ortaokulu,749068,İmam Hatip Ortaokulu,https://altinorduiho.meb.k12.tr,,,https://altinorduiho.meb.k12.tr/tema/harita.php,2026-08-31,305,305,bulundu,https://altinorduiho.meb.k12.tr/,2026-10-01T19:10:22.921407+00:00,,Öğrenci Sayısı : 305
Ordu,Altınordu,Atatürk Anadolu Lisesi,967554,Anadolu Lisesi,https://orduataturkanadolulisesi.meb.k12.tr,,,https://orduataturkanadolulisesi.meb.k12.tr/tema/harita.php,2026-08-31,550,550,bulundu,https://orduataturkanadolulisesi.meb.k12.tr/,2026-10-01T19:10:23.007809+00:00,,Öğrenci Sayısı 550
Ordu,Altınordu,Atatürk Mesleki ve Teknik Anadolu Lisesi,963245,Mesleki ve Teknik Anadolu Lisesi,https://orduataturkasml.meb.k12.tr,,,https://orduataturkasml.meb.k12.tr/tema/harita.php,2026-08-31,744,744,bulundu,https://orduataturkasml.meb.k12.tr/,2026-10-01T19:10:23.009060+00:00,,Öğrenci Sayısı 744
Ordu,Altınordu,Atatürk Ortaokulu,887599,Ortaokul,https://orduataturk.meb.k12.tr,,,https://orduataturk.meb.k12.tr/tema/harita.php,2026-08-31,641,641,bulundu,https://orduataturk.meb.k12.tr/tema/okulumuz_hakkinda.php,2026-10-01T19:10:23.211943+00:00,,Öğrenci : 641
Ordu,Altınordu,Bayadı Ortaokulu,739589,Ortaokul,https://bayadiortaokulu.meb.k12.tr,,,https://bayadiortaokulu.meb.k12.tr/tema/harita.php,2026-08-31,46,46,bulundu,https://bayadiortaokulu.meb.k12.tr/,2026-10-01T19:10:23.224279+00:00,,Öğrenci Sayısı 46
Ordu,Altınordu,Bayadı İlkokulu,753800,İlkokul,https://bayadiilkokulu.meb.k12.tr,,,https://bayadiilkokulu.meb.k12.tr/tema/harita.php,2026-08-31,66,66,bulundu,https://bayadiilkokulu.meb.k12.tr/,2026-10-01T19:10:23.517330+00:00,,Öğrenci Sayısı 66
Ordu,Altınordu,Başöğretmen Ortaokulu,709023,Ortaokul,https://basogretmenoordu.meb.k12.tr,,,https://basogretmenoordu.meb.k12.tr/tema/harita.php,2026-08-31,712,712,bulundu,https://basogretmenoordu.meb.k12.tr/,2026-10-01T19:10:23.591879+00:00,,Öğrenci Sayısı : 712
Ordu,Altınordu,Başöğretmen İlkokulu,709026,İlkokul,https://basogretmeniordu.meb.k12.tr,,,https://basogretmeniordu.meb.k12.tr/tema/harita.php,2026-08-31,808,808,bulundu,https://basogretmeniordu.meb.k12.tr/,2026-10-01T19:10:23.633923+00:00,,Öğrenci Sayısı: 808
Ordu,Altınordu,Boztepe Kız Mesleki ve Teknik Anadolu Lisesi,191144,Mesleki ve Teknik Anadolu Lisesi,https://ordukml.meb.k12.tr,,,https://ordukml.meb.k12.tr/tema/harita.php,2026-08-31,626,626,bulundu,https://ordukml.meb.k12.tr/,2026-10-01T19:10:23.748257+00:00,,Öğrenci Sayısı 626
Ordu,Altınordu,Büyükşehir Belediyesi Ordu Anadolu İmam Hatip Lisesi,191168,Anadolu İmam Hatip Lisesi,https://orduihl.meb.k12.tr,,,https://orduihl.meb.k12.tr/tema/harita.php,2026-08-31,1120,1120,bulundu,https://orduihl.meb.k12.tr/,2026-10-01T19:10:23.807694+00:00,,Öğrenci Sayısı : 1120
Ordu,Altınordu,Cumhuriyet Anadolu Lisesi,868969,Anadolu Lisesi,https://ocal.meb.k12.tr,,,https://ocal.meb.k12.tr/tema/harita.php,2026-08-31,1007,1007,bulundu,https://ocal.meb.k12.tr/tema/okulumuz_hakkinda.php,2026-10-01T19:10:24.044478+00:00,,Öğrenci : 1007
Ordu,Altınordu,Cumhuriyet Ortaokulu,739579,Ortaokul,https://altinorducumhuriyetortaokulu.meb.k12.tr,,,https://altinorducumhuriyetortaokulu.meb.k12.tr/tema/harita.php,2026-08-31,22,22,bulundu,https://altinorducumhuriyetortaokulu.meb.k12.tr/,2026-10-01T19:10:24.120860+00:00,,Öğrenci Sayısı : 22
Ordu,Altınordu,Derya Yeşim Altaş Anaokulu,776918,Anaokulu,https://deryayesimaltasanaokulu.meb.k12.tr,,,https://deryayesimaltasanaokulu.meb.k12.tr/tema/harita.php,2026-08-31,,,bulunamadi,,2026-10-01T19:10:24.350826+00:00,,
Ordu,Altınordu,Dr. M. Hilmi Güler Bilim ve Sanat Merkezi,887826,Bilim ve Sanat Merkezi,https://ordubilsem.meb.k12.tr,,,https://ordubilsem.meb.k12.tr/tema/harita.php,2026-08-31,642,642,bulundu,https://ordubilsem.meb.k12.tr/,2026-10-01T19:10:24.559413+00:00,,Öğrenci Sayısı : 642
Ordu,Altınordu,Durugöl Şehit Bayram Gümüş İlkokulu,739644,İlkokul,https://durugolilkokulu.meb.k12.tr,,,https://durugolilkokulu.meb.k12.tr/tema/harita.php,2026-08-31,1104,1104,bulundu,https://durugolilkokulu.meb.k12.tr/,2026-10-01T19:10:24.605224+00:00,,Öğrenci Sayısı : 1104
Ordu,Altınordu,Durugöl Şehit Burçin Damcı Ortaokulu,739638,Ortaokul,https://durugolortaokulu.meb.k12.tr,,,https://durugolortaokulu.meb.k12.tr/tema/harita.php,2026-08-31,1160,1160,bulundu,https://durugolortaokulu.meb.k12.tr/tema/okulumuz_hakkinda.php,2026-10-01T19:10:24.614831+00:00,,Öğrenci : 1160
Ordu,Altınordu,Eskipazar İlkokulu,763215,İlkokul,https://eskipazarilkokulu.meb.k12.tr,,,https://eskipazarilkokulu.meb.k12.tr/tema/harita.php,2026-08-31,375,375,bulundu,https://eskipazarilkokulu.meb.k12.tr/,2026-10-01T19:10:24.619427+00:00,,Öğrenci Sayısı : 375
Ordu,Altınordu,Eskipazar İmam Hatip Ortaokulu,763214,İmam Hatip Ortaokulu,https://eskipazariho.meb.k12.tr,,,https://eskipazariho.meb.k12.tr/tema/harita.php,2026-08-31,63,63,bulundu,https://eskipazariho.meb.k12.tr/,2026-10-01T19:10:24.733469+00:00,,Öğrenci Sayısı : 63
Ordu,Altınordu,Eyüplü Şehit Sezar Aydın Ortaokulu,739571,Ortaokul,https://eyuplusehitsezaraydinortaokulu.meb.k12.tr,,,https://eyuplusehitsezaraydinortaokulu.meb.k12.tr/tema/harita.php,2026-08-31,66,66,bulundu,https://eyuplusehitsezaraydinortaokulu.meb.k12.tr/,2026-10-01T19:10:24.826897+00:00,,Öğrenci Sayısı : 66
Ordu,Altınordu,Eyüplü Şehit Sezar Aydın İlkokulu,739573,İlkokul,https://eyuplusehitsezaraydinilkokulu.meb.k12.tr,,,https://eyuplusehitsezaraydinilkokulu.meb.k12.tr/tema/harita.php,2026-08-31,62,62,bulundu,https://eyuplusehitsezaraydinilkokulu.meb.k12.tr/,2026-10-01T19:10:24.840089+00:00,,Öğrenci Sayısı : 62
Ordu,Altınordu,Eğitimciler Anaokulu,966505,Anaokulu,https://egitimcileranaokulu.meb.k12.tr,,,https://egitimcileranaokulu.meb.k12.tr/tema/harita.php,2026-08-31,115,115,bulundu,https://egitimcileranaokulu.meb.k12.tr/,2026-10-01T19:10:24.852685+00:00,,Öğrenci Sayısı: 115
Ordu,Altınordu,Faruk Furtun Anaokulu,752657,Anaokulu,https://farukfurtunanaokulu.meb.k12.tr,,,https://farukfurtunanaokulu.meb.k12.tr/tema/harita.php,2026-08-31,322,322,bulundu,https://farukfurtunanaokulu.meb.k12.tr/,2026-10-01T19:10:24.871950+00:00,,Öğrenci Sayısı 322
Ordu,Altınordu,Fatih Anadolu Lisesi,967563,Anadolu Lisesi,https://ordufatihanadolulisesi.meb.k12.tr,,,https://ordufatihanadolulisesi.meb.k12.tr/tema/harita.php,2026-08-31,,,bulunamadi,,2026-10-01T19:10:25.059203+00:00,,
Ordu,Altınordu,Fatih İmam Hatip Ortaokulu,757460,İmam Hatip Ortaokulu,https://altinordufatihiho.meb.k12.tr,,,https://altinordufatihiho.meb.k12.tr/tema/harita.php,2026-08-31,121,121,bulundu,https://altinordufatihiho.meb.k12.tr/,2026-10-01T19:10:25.067136+00:00,,Öğrenci Sayısı : 121
Ordu,Altınordu,Fatma Mağden Ortaokulu,739632,Ortaokul,https://fatmamagdenortaokulu.meb.k12.tr,,,https://fatmamagdenortaokulu.meb.k12.tr/tema/harita.php,2026-08-31,153,153,bulundu,https://fatmamagdenortaokulu.meb.k12.tr/,2026-10-01T19:10:25.096287+00:00,,Öğrenci Sayısı 153
Ordu,Altınordu,Fatma Mağden İlkokulu,739636,İlkokul,https://fatmamagdenilkokulu.meb.k12.tr,,,https://fatmamagdenilkokulu.meb.k12.tr/tema/harita.php,2026-08-31,222,222,bulundu,https://fatmamagdenilkokulu.meb.k12.tr/,2026-10-01T19:10:25.146537+00:00,,Öğrenci Sayısı 222
Ordu,Altınordu,Gazi Ortaokulu,739627,Ortaokul,https://ordugaziortaokulu.meb.k12.tr,,,https://ordugaziortaokulu.meb.k12.tr/tema/harita.php,2026-08-31,173,173,bulundu,https://ordugaziortaokulu.meb.k12.tr/,2026-10-01T19:10:25.461866+00:00,,Öğrenci Sayısı 173
Ordu,Altınordu,Gazi İlkokulu,739629,İlkokul,https://ordugaziilkokulu.meb.k12.tr,,,https://ordugaziilkokulu.meb.k12.tr/tema/harita.php,2026-08-31,153,153,bulundu,https://ordugaziilkokulu.meb.k12.tr/,2026-10-01T19:10:25.463977+00:00,,Öğrenci Sayısı 153
Ordu,Altınordu,Gerce Şehit Bülent Demirkaya İlkokulu,739568,İlkokul,https://gerceilkokulu.meb.k12.tr,,,https://gerceilkokulu.meb.k12.tr/tema/harita.php,2026-08-31,19,19,bulundu,https://gerceilkokulu.meb.k12.tr/,2026-10-01T19:10:25.642000+00:00,,Öğrenci Sayısı : 19
Ordu,Altınordu,Gökömer İlkokulu,754628,İlkokul,https://gokomerilkokulu.meb.k12.tr,,,https://gokomerilkokulu.meb.k12.tr/tema/harita.php,2026-08-31,14,14,bulundu,https://gokomerilkokulu.meb.k12.tr/,2026-10-01T19:10:25.702467+00:00,,Öğrenci Sayısı: 14
Ordu,Altınordu,Güzelordu Meliha-Lütfü Türkmen İlkokulu,976601,İlkokul,https://guzelordu.meb.k12.tr,,,https://guzelordu.meb.k12.tr/tema/harita.php,2026-08-31,678,678,bulundu,https://guzelordu.meb.k12.tr/,2026-10-01T19:10:25.853852+00:00,,Öğrenci Sayısı : 678
Ordu,Altınordu,Haki Yener İlkokulu,739626,İlkokul,https://hakiyenerilkokulu.meb.k12.tr,,,https://hakiyenerilkokulu.meb.k12.tr/tema/harita.php,2026-08-31,727,727,bulundu,https://hakiyenerilkokulu.meb.k12.tr/,2026-10-01T19:10:25.936803+00:00,,Öğrenci Sayısı 727
Ordu,Altınordu,Hamdullah Suphi Tanrıöver Ortaokulu,706865,Ortaokul,https://hamdullah.meb.k12.tr,,,https://hamdullah.meb.k12.tr/tema/harita.php,2026-08-31,1087,1087,bulundu,https://hamdullah.meb.k12.tr/,2026-10-01T19:10:26.099295+00:00,,Öğrenci Sayısı 1087
Ordu,Altınordu,Hicabi Çelebi Ortaokulu,744619,Ortaokul,https://orduhicabicelebiortaokulu.meb.k12.tr,,,https://orduhicabicelebiortaokulu.meb.k12.tr/tema/harita.php,2026-08-31,538,538,bulundu,https://orduhicabicelebiortaokulu.meb.k12.tr/,2026-10-01T19:10:26.196562+00:00,,Öğrenci Sayısı 538
Ordu,Altınordu,Hükümet Konağı Anaokulu,775392,Anaokulu,https://hukumetkonagianaokulu.meb.k12.tr,,,https://hukumetkonagianaokulu.meb.k12.tr/tema/harita.php,2026-08-31,76,76,bulundu,https://hukumetkonagianaokulu.meb.k12.tr/,2026-10-01T19:10:26.245348+00:00,,Öğrenci Sayısı 76
Ordu,Altınordu,Karacaömer Ortaokulu,739560,Ortaokul,https://karacaomerortaokulu.meb.k12.tr,,,https://karacaomerortaokulu.meb.k12.tr/tema/harita.php,2026-08-31,84,84,bulundu,https://karacaomerortaokulu.meb.k12.tr/,2026-10-01T19:10:26.293807+00:00,,Öğrenci Sayısı 84
Ordu,Altınordu,Karacaömer İlkokulu,739561,İlkokul,https://karacaomerilkokulu.meb.k12.tr,,,https://karacaomerilkokulu.meb.k12.tr/tema/harita.php,2026-08-31,,,bulunamadi,,2026-10-01T19:10:26.302377+00:00,,
Ordu,Altınordu,Karşıyaka Vilayetler Hizmet Birliği Anaokulu,973657,Anaokulu,https://karsiyakavhbanaokulu.meb.k12.tr,,,https://karsiyakavhbanaokulu.meb.k12.tr/tema/harita.php,2026-08-31,150,150,bulundu,https://karsiyakavhbanaokulu.meb.k12.tr/tema/okulumuz_hakkinda.php,2026-10-01T19:10:26.341641+00:00,,Öğrenci : 150
Ordu,Altınordu,Karşıyaka Şehit Bilgin Çelenk Ortaokulu,739623,Ortaokul,https://ordukarsiyakaortaokulu.meb.k12.tr,,,https://ordukarsiyakaortaokulu.meb.k12.tr/tema/harita.php,2026-08-31,,,bulunamadi,,2026-10-01T19:10:26.370516+00:00,,
Ordu,Altınordu,Kayabaşı Ortaokulu,739555,Ortaokul,https://kayabasiortaokulu52.meb.k12.tr,,,https://kayabasiortaokulu52.meb.k12.tr/tema/harita.php,2026-08-31,,,bulunamadi,,2026-10-01T19:10:26.609928+00:00,,
Ordu,Altınordu,Kayabaşı İlkokulu,739558,İlkokul,https://kayabasiilkokulu52.meb.k12.tr,,,https://kayabasiilkokulu52.meb.k12.tr/tema/harita.php,2026-08-31,109,109,bulundu,https://kayabasiilkokulu52.meb.k12.tr/,2026-10-01T19:10:26.814872+00:00,,Öğrenci Sayısı : 109
Ordu,Altınordu,Kökenli Ortaokulu,739501,Ortaokul,https://kokenliortaokulu.meb.k12.tr,,,https://kokenliortaokulu.meb.k12.tr/tema/harita.php,2026-08-31,66,66,bulundu,https://kokenliortaokulu.meb.k12.tr/tema/okulumuz_hakkinda.php,2026-10-01T19:10:26.948719+00:00,,Öğrenci : 66
Ordu,Altınordu,Kökenli İlkokulu,739503,İlkokul,https://kokenliilkokulu.meb.k12.tr,,,https://kokenliilkokulu.meb.k12.tr/tema/harita.php,2026-08-31,109,109,bulundu,https://kokenliilkokulu.meb.k12.tr/,2026-10-01T19:10:26.982381+00:00,,Öğrenci Sayısı : 109
Ordu,Altınordu,Mehmet Akif Ersoy Ortaokulu,739620,Ortaokul,https://ordumae.meb.k12.tr,,,https://ordumae.meb.k12.tr/tema/harita.php,2026-08-31,512,512,bulundu,https://ordumae.meb.k12.tr/,2026-10-01T19:10:26.986843+00:00,,Öğrenci Sayısı : 512
Ordu,Altınordu,Mehmet Akif İnan Ortaokulu,753724,Ortaokul,https://altinordumaiortaokulu.meb.k12.tr,,,https://altinordumaiortaokulu.meb.k12.tr/tema/harita.php,2026-08-31,480,480,bulundu,https://altinordumaiortaokulu.meb.k12.tr/,2026-10-01T19:10:27.005512+00:00,,Öğrenci Sayısı : 480
Ordu,Altınordu,Mehmet Akif İnan İlkokulu,754601,İlkokul,https://altinordumaiilkokulu.meb.k12.tr,,,https://altinordumaiilkokulu.meb.k12.tr/tema/harita.php,2026-08-31,,,bulunamadi,,2026-10-01T19:10:27.107912+00:00,,
Ordu,Altınordu,Merkez Ortaokulu,739613,Ortaokul,https://ordumerkezortaokulu.meb.k12.tr,,,https://ordumerkezortaokulu.meb.k12.tr/tema/harita.php,2026-08-31,584,584,bulundu,https://ordumerkezortaokulu.meb.k12.tr/,2026-10-01T19:10:27.132823+00:00,,Öğrenci Sayısı : 584
Ordu,Altınordu,Millî İrade Ortaokulu,739625,Ortaokul,https://milliiradeortaokulu.meb.k12.tr,,,https://milliiradeortaokulu.meb.k12.tr/tema/harita.php,2026-08-31,,,bulunamadi,,2026-10-01T19:10:27.156291+00:00,,
Ordu,Altınordu,Mimar Oktay Uğurel Özel Eğitim Uygulama Okulu I. Kademe,760869,Özel Eğitim Kurumu,https://orduotizm.meb.k12.tr,,,https://orduotizm.meb.k12.tr/tema/harita.php,2026-08-31,22,22,bulundu,https://orduotizm.meb.k12.tr/tema/okulumuz_hakkinda.php,2026-10-01T19:10:27.173004+00:00,,Öğrenci : 22
Ordu,Altınordu,Mimar Oktay Uğurel Özel Eğitim Uygulama Okulu II. Kademe,760870,Özel Eğitim Kurumu,https://orduotizm2kademe.meb.k12.tr,,,https://orduotizm2kademe.meb.k12.tr/tema/harita.php,2026-08-31,17,17,bulundu,https://orduotizm2kademe.meb.k12.tr/tema/okulumuz_hakkinda.php,2026-10-01T19:10:27.185084+00:00,,Öğrenci : 17
Ordu,Altınordu,Mimar Oktay Uğurel Özel Eğitim Uygulama Okulu III. Kademe,760871,Özel Eğitim Kurumu,https://orduotizm3kademe.meb.k12.tr,,,https://orduotizm3kademe.meb.k12.tr/tema/harita.php,2026-08-31,9,9,bulundu,https://orduotizm3kademe.meb.k12.tr/tema/okulumuz_hakkinda.php,2026-10-01T19:10:27.343828+00:00,,Öğrenci : 9
Ordu,Altınordu,Nuriye Halit Çebi Özel Eğitim Meslek Lisesi,876339,Mesleki ve Teknik Anadolu Lisesi,https://orduozelegitim.meb.k12.tr,,,https://orduozelegitim.meb.k12.tr/tema/harita.php,2026-08-31,35,35,bulundu,https://orduozelegitim.meb.k12.tr/tema/okulumuz_hakkinda.php,2026-10-01T19:10:27.356790+00:00,,Öğrenci : 35
Ordu,Altınordu,Ordu Anadolu Lisesi,191120,Anadolu Lisesi,https://orduanadolu.meb.k12.tr,,,https://orduanadolu.meb.k12.tr/tema/harita.php,2026-08-31,764,764,bulundu,https://orduanadolu.meb.k12.tr/tema/okulumuz_hakkinda.php,2026-10-01T19:10:27.414103+00:00,,Öğrenci : 764
Ordu,Altınordu,Ordu Fen Lisesi,341250,Fen Lisesi,https://ordufen.meb.k12.tr,,,https://ordufen.meb.k12.tr/tema/harita.php,2026-08-31,599,599,bulundu,https://ordufen.meb.k12.tr/,2026-10-01T19:10:27.454943+00:00,,Öğrenci Sayısı 599
Ordu,Altınordu,Ordu Lisesi,191097,Lise,https://ordulisesi.meb.k12.tr,,,https://ordulisesi.meb.k12.tr/tema/harita.php,2026-08-31,579,579,bulundu,https://ordulisesi.meb.k12.tr/,2026-10-01T19:10:27.551030+00:00,,Öğrenci Sayısı 579
Ordu,Altınordu,Ordu Muhsin Yazıcıoğlu Spor Lisesi,769167,Spor Lisesi,https://ordusporlisesi.meb.k12.tr,,,https://ordusporlisesi.meb.k12.tr/tema/harita.php,2026-08-31,339,339,bulundu,https://ordusporlisesi.meb.k12.tr/,2026-10-01T19:10:27.599275+00:00,,Öğrenci Sayısı : 339
Ordu,Altınordu,Ordu Olgunlaşma Enstitüsü,774336,Olgunlaşma Enstitüsü,https://orduolgunlasma.meb.k12.tr,,,https://orduolgunlasma.meb.k12.tr/tema/harita.php,2026-08-31,,,bulunamadi,,2026-10-01T19:10:27.643176+00:00,,
Ordu,Altınordu,Ordu Türkiye Odalar ve Borsalar Birliği Mesleki ve Teknik Anadolu Lisesi,191132,Mesleki ve Teknik Anadolu Lisesi,https://ordutobbmtal.meb.k12.tr,,,https://ordutobbmtal.meb.k12.tr/tema/harita.php,2026-08-31,1342,1342,bulundu,https://ordutobbmtal.meb.k12.tr/,2026-10-01T19:10:27.767808+00:00,,Öğrenci Sayısı 1342
Ordu,Altınordu,Ordu Üniversitesi Düriye Çetinceviz Anaokulu,766859,Anaokulu,https://oduduriyecetincevizanaokulu.meb.k12.tr,,,https://oduduriyecetincevizanaokulu.meb.k12.tr/tema/harita.php,2026-08-31,165,165,bulundu,https://oduduriyecetincevizanaokulu.meb.k12.tr/,2026-10-01T19:10:27.810302+00:00,,Öğrenci Sayısı 165
Ordu,Altınordu,Penbe-İzzet Şahin Güzel Sanatlar Lisesi,320453,Güzel Sanatlar Lisesi,https://ordugsl.meb.k12.tr,,,https://ordugsl.meb.k12.tr/tema/harita.php,2026-08-31,187,187,bulundu,https://ordugsl.meb.k12.tr/,2026-10-01T19:10:27.934361+00:00,,Öğrenci Sayısı 187
Ordu,Altınordu,Saraycık Ortaokulu,753712,Ortaokul,https://ordusaraycikoo.meb.k12.tr,,,https://ordusaraycikoo.meb.k12.tr/tema/harita.php,2026-08-31,38,38,bulundu,https://ordusaraycikoo.meb.k12.tr/,2026-10-01T19:10:28.004369+00:00,,Öğrenci Sayısı 38
Ordu,Altınordu,Saraycık İlkokulu,753957,İlkokul,https://ordusaraycikio.meb.k12.tr,,,https://ordusaraycikio.meb.k12.tr/tema/harita.php,2026-08-31,37,37,bulundu,https://ordusaraycikio.meb.k12.tr/tema/okulumuz_hakkinda.php,2026-10-01T19:10:28.015682+00:00,,Öğrenci : 37
Ordu,Altınordu,Vakıfbank İlkokulu,739607,İlkokul,https://vkfbnkilkokulu.meb.k12.tr,,,https://vkfbnkilkokulu.meb.k12.tr/tema/harita.php,2026-08-31,664,664,bulundu,https://vkfbnkilkokulu.meb.k12.tr/tema/okulumuz_hakkinda.php,2026-10-01T19:10:28.028195+00:00,,Öğrenci : 664
Ordu,Altınordu,Vilayetler Hizmet Birliği Adil Karlıbel İlkokulu,213979,İlkokul,https://adilkarlibelilkokulu.meb.k12.tr,,,https://adilkarlibelilkokulu.meb.k12.tr/tema/harita.php,2026-08-31,377,377,bulundu,https://adilkarlibelilkokulu.meb.k12.tr/,2026-10-01T19:10:28.075493+00:00,,Öğrenci Sayısı : 377
Ordu,Altınordu,Yalçın Çelebi Anaokulu,819826,Anaokulu,https://orduyalcincelebianaokulu.meb.k12.tr,,,https://orduyalcincelebianaokulu.meb.k12.tr/tema/harita.php,2026-08-31,178,178,bulundu,https://orduyalcincelebianaokulu.meb.k12.tr/,2026-10-01T19:10:28.098444+00:00,,Öğrenci Sayısı 178
Ordu,Altınordu,Yağızlı Şehit Zafer Gülseren Ortaokulu,753700,Ortaokul,https://yagizliortaokulu.meb.k12.tr,,,https://yagizliortaokulu.meb.k12.tr/tema/harita.php,2026-08-31,34,34,bulundu,https://yagizliortaokulu.meb.k12.tr/,2026-10-01T19:10:28.406658+00:00,,Öğrenci Sayısı 34
Ordu,Altınordu,Yağızlı Şehit Zafer Gülseren İlkokulu,753835,İlkokul,https://yagizliilkokulu.meb.k12.tr,,,https://yagizliilkokulu.meb.k12.tr/tema/harita.php,2026-08-31,36,36,bulundu,https://yagizliilkokulu.meb.k12.tr/,2026-10-01T19:10:28.484899+00:00,,Öğrenci Sayısı : 36
Ordu,Altınordu,Yeşilyurt Ahmet Karlıbel Ortaokulu,739601,Ortaokul,https://yesilyurtakarlibelortaokulu.meb.k12.tr,,,https://yesilyurtakarlibelortaokulu.meb.k12.tr/tema/harita.php,2026-08-31,129,129,bulundu,https://yesilyurtakarlibelortaokulu.meb.k12.tr/,2026-10-01T19:10:28.489035+00:00,,Öğrenci Sayısı : 129
Ordu,Altınordu,Yeşilyurt Ahmet Karlıbel İlkokulu,739602,İlkokul,https://yesilyurtakarlibelilkokulu.meb.k12.tr,,,https://yesilyurtakarlibelilkokulu.meb.k12.tr/tema/harita.php,2026-08-31,185,185,bulundu,https://yesilyurtakarlibelilkokulu.meb.k12.tr/,2026-10-01T19:10:28.876531+00:00,,Öğrenci Sayısı 185
Ordu,Altınordu,Yunus Emre İmam Hatip Ortaokulu,759862,İmam Hatip Ortaokulu,https://yunusemreihortaokulu.meb.k12.tr,,,https://yunusemreihortaokulu.meb.k12.tr/tema/harita.php,2026-08-31,130,130,bulundu,https://yunusemreihortaokulu.meb.k12.tr/,2026-10-01T19:10:29.206939+00:00,,Öğrenci Sayısı : 130
Ordu,Altınordu,Yüksel-Rüstem Öztürk Anaokulu,766742,Anaokulu,https://yukselrustemozturkanaokulu.meb.k12.tr,,,https://yukselrustemozturkanaokulu.meb.k12.tr/tema/harita.php,2026-08-31,150,150,bulundu,https://yukselrustemozturkanaokulu.meb.k12.tr/tema/okulumuz_hakkinda.php,2026-10-01T19:10:29.266969+00:00,,Öğrenci : 150
Ordu,Altınordu,YİKOB Özel Eğitim Anaokulu,767337,Anaokulu,https://yikobozelegitimanaokulu.meb.k12.tr,,,https://yikobozelegitimanaokulu.meb.k12.tr/tema/harita.php,2026-08-31,34,34,bulundu,https://yikobozelegitimanaokulu.meb.k12.tr/,2026-10-01T19:10:29.318817+00:00,,Öğrenci Sayısı 34
Ordu,Altınordu,Zuver Kaya Ticaret Mesleki ve Teknik Anadolu Lisesi,215917,Mesleki ve Teknik Anadolu Lisesi,https://ordutml.meb.k12.tr,,,https://ordutml.meb.k12.tr/tema/harita.php,2026-08-31,744,744,bulundu,https://ordutml.meb.k12.tr/,2026-10-01T19:10:29.323894+00:00,,Öğrenci Sayısı 744
Ordu,Altınordu,Öceli Hüsamettin Çabuk Ortaokulu,739546,Ortaokul,https://ocelihcabukortaokulu.meb.k12.tr,,,https://ocelihcabukortaokulu.meb.k12.tr/tema/harita.php,2026-08-31,69,69,bulundu,https://ocelihcabukortaokulu.meb.k12.tr/,2026-10-01T19:10:29.332088+00:00,,Öğrenci Sayısı : 69
Ordu,Altınordu,Öceli Hüsamettin Çabuk ilkokulu,739547,İlkokul,https://ocelihcabukilkokulu.meb.k12.tr,,,https://ocelihcabukilkokulu.meb.k12.tr/tema/harita.php,2026-08-31,,,bulunamadi,,2026-10-01T19:10:29.339531+00:00,,
Ordu,Altınordu,İsmetpaşa İlkokulu,397167,İlkokul,https://orduismetpasaio.meb.k12.tr,,,https://orduismetpasaio.meb.k12.tr/tema/harita.php,2026-08-31,93,93,bulundu,https://orduismetpasaio.meb.k12.tr/,2026-10-01T19:10:29.364693+00:00,,Öğrenci Sayısı: 93
Ordu,Altınordu,Şahincili İlkokulu,739610,İlkokul,https://sahinciliilkokulu.meb.k12.tr,,,https://sahinciliilkokulu.meb.k12.tr/tema/harita.php,2026-08-31,312,312,bulundu,https://sahinciliilkokulu.meb.k12.tr/,2026-10-01T19:10:29.467794+00:00,,Öğrenci Sayısı : 312