Bitlis,Merkez,Yalnızçamlar Ortaokulu,775590,Ortaokul,https://yalnizcamlarortaokulu.meb.k12.tr,,,https://yalnizcamlarortaokulu.meb.k12.tr/tema/harita.php,2026-08-31,176,176,bulundu,https://yalnizcamlarortaokulu.meb.k12.tr/,2026-10-01T18:35:45.478902+00:00,,Öğrenci Sayısı 176
Bitlis,Merkez,Yalnızçamlar İlkokulu,775589,İlkokul,https://yalnizcamlarilkokulu.meb.k12.tr,,,https://yalnizcamlarilkokulu.meb.k12.tr/tema/harita.php,2026-08-31,254,254,bulundu,https://yalnizcamlarilkokulu.meb.k12.tr/tema/okulumuz_hakkinda.php,2026-10-01T18:35:45.522054+00:00,,Öğrenci : 254
Bitlis,Merkez,Yaygın Köyü İlkokulu,700470,İlkokul,https://700470.meb.k12.tr,,,https://700470.meb.k12.tr/tema/harita.php,2026-08-31,21,21,bulundu,https://700470.meb.k12.tr/,2026-10-01T18:35:45.538592+00:00,,Öğrenci Sayısı 21
Bitlis,Merkez,Yeşilsırt Köyü İlkokulu,701181,İlkokul,https://yesilsirt.meb.k12.tr,,,https://yesilsirt.meb.k12.tr/tema/harita.php,2026-08-31,13,13,bulundu,https://yesilsirt.meb.k12.tr/,2026-10-01T18:35:45.850600+00:00,,Öğrenci Sayısı : 13
Bitlis,Merkez,Yolalan Beldesi Kale Mahallesi İlkokulu,700892,İlkokul,https://yolalankaleilkokulu.meb.k12.tr,,,https://yolalankaleilkokulu.meb.k12.tr/tema/harita.php,2026-08-31,21,21,bulundu,https://yolalankaleilkokulu.meb.k12.tr/,2026-10-01T18:35:45.865005+00:00,,Öğrenci Sayısı 21
Bitlis,Merkez,Yolalan Köyü Çınarbaşı Mezrası İlkokulu,701030,İlkokul,https://cnarbas.meb.k12.tr,,,https://cnarbas.meb.k12.tr/tema/harita.php,2026-08-31,25,25,bulundu,https://cnarbas.meb.k12.tr/,2026-10-01T18:35:45.911965+00:00,,Öğrenci Sayısı: 25
Bitlis,Merkez,Yolalan Köyü İlkokulu,700015,İlkokul,https://700015.meb.k12.tr,,,https://700015.meb.k12.tr/tema/harita.php,2026-08-31,28,28,bulundu,https://700015.meb.k12.tr/,2026-10-01T18:35:45.962250+00:00,,Öğrenci Sayısı: 28
Bitlis,Merkez,Yolalan Yeni Mahalle İlkokulu,749750,İlkokul,https://yolalanyenimahalle.meb.k12.tr,,,https://yolalanyenimahalle.meb.k12.tr/tema/harita.php,2026-08-31,37,37,bulundu,https://yolalanyenimahalle.meb.k12.tr/,2026-10-01T18:35:46.002037+00:00,,Öğrenci Sayısı 37
Bitlis,Merkez,Yolalan İmam Hatip Ortaokulu,772182,İmam Hatip Ortaokulu,https://772182.meb.k12.tr,,,https://772182.meb.k12.tr/tema/harita.php,2026-08-31,100,100,bulundu,https://772182.meb.k12.tr/tema/okulumuz_hakkinda.php,2026-10-01T18:35:46.380439+00:00,,Öğrenci : 100
Bitlis,Merkez,Yolalan Şeh.Jan.Üst Çavuş Kaan Şen Yatılı Bölge Ortaokulu,861884,Ortaokul,https://yolalanybo.meb.k12.tr,,,https://yolalanybo.meb.k12.tr/tema/harita.php,2026-08-31,140,140,bulundu,https://yolalanybo.meb.k12.tr/tema/okulumuz_hakkinda.php,2026-10-01T18:35:46.394609+00:00,,Öğrenci : 140
Bitlis,Merkez,Yolcular Köyü Samanlı Mezrası İlkokulu,701072,İlkokul,https://701072.meb.k12.tr,,,https://701072.meb.k12.tr/tema/harita.php,2026-08-31,14,14,bulundu,https://701072.meb.k12.tr/,2026-10-01T18:35:46.435106+00:00,,Öğrenci Sayısı : 14
Bitlis,Merkez,Yolcular Köyü Ören Mezrası İlkokulu,770713,İlkokul,https://770713.meb.k12.tr,,,https://770713.meb.k12.tr/tema/harita.php,2026-08-31,0,0,bulundu,https://770713.meb.k12.tr/,2026-10-01T18:35:46.456983+00:00,,Öğrenci Sayısı : 0
Bitlis,Merkez,Yolcular Köyü İlkokulu,700023,İlkokul,https://700023.meb.k12.tr,,,https://700023.meb.k12.tr/tema/harita.php,2026-08-31,,,bulunamadi,,2026-10-01T18:35:46.499017+00:00,,
Bitlis,Merkez,Yolyazı Köyü İlkokulu,701031,İlkokul,https://yolyazikoyu.meb.k12.tr,,,https://yolyazikoyu.meb.k12.tr/tema/harita.php,2026-08-31,21,21,bulundu,https://yolyazikoyu.meb.k12.tr/,2026-10-01T18:35:46.870392+00:00,,Öğrenci Sayısı: 21
Bitlis,Merkez,Yukarı Başhan Köyü İlkokulu,749751,İlkokul,https://yukaribashankoyuilkokulu.meb.k12.tr,,,https://yukaribashankoyuilkokulu.meb.k12.tr/tema/harita.php,2026-08-31,18,18,bulundu,https://yukaribashankoyuilkokulu.meb.k12.tr/,2026-10-01T18:35:46.877690+00:00,,Öğrenci Sayısı: 18
Bitlis,Merkez,Yukarıkaraboy Köyü İlkokulu,700453,İlkokul,https://700453.meb.k12.tr,,,https://700453.meb.k12.tr/tema/harita.php,2026-08-31,10,10,bulundu,https://700453.meb.k12.tr/,2026-10-01T18:35:47.007006+00:00,,Öğrenci Sayısı : 10
Bitlis,Merkez,Yumurtatepe Köyü İlkokulu,975455,İlkokul,https://975455.meb.k12.tr,,,https://975455.meb.k12.tr/tema/harita.php,2026-08-31,27,27,bulundu,https://975455.meb.k12.tr/,2026-10-01T18:35:47.013533+00:00,,Öğrenci Sayısı: 27
Bitlis,Merkez,Yükseliş Ortaokulu,739562,Ortaokul,https://yukselisortaokulu.meb.k12.tr,,,https://yukselisortaokulu.meb.k12.tr/tema/harita.php,2026-08-31,101,101,bulundu,https://yukselisortaokulu.meb.k12.tr/,2026-10-01T18:35:47.039426+00:00,,Öğrenci Sayısı : 101
Bitlis,Merkez,Yükseliş İlkokulu,739564,İlkokul,https://yukselisilkokulu.meb.k12.tr,,,https://yukselisilkokulu.meb.k12.tr/tema/harita.php,2026-08-31,100,100,bulundu,https://yukselisilkokulu.meb.k12.tr/,2026-10-01T18:35:47.112119+00:00,,Öğrenci Sayısı 100
Bitlis,Merkez,Ziya Eren Güzel Sanatlar Lisesi,761450,Güzel Sanatlar Lisesi,https://bitlisgsl.meb.k12.tr,,,https://bitlisgsl.meb.k12.tr/tema/harita.php,2026-08-31,,,bulunamadi,,2026-10-01T18:35:47.241760+00:00,,
Bitlis,Merkez,Ziya Eren Spor Lisesi,967751,Spor Lisesi,https://bitlisziyaerensporlisesi.meb.k12.tr,,,https://bitlisziyaerensporlisesi.meb.k12.tr/tema/harita.php,2026-08-31,189,189,bulundu,https://bitlisziyaerensporlisesi.meb.k12.tr/,2026-10-01T18:35:47.371751+00:00,,Öğrenci Sayısı : 189
Bitlis,Merkez,Zübeyde Hanım Kız Mesleki ve Teknik Anadolu Lisesi,131854,Mesleki ve Teknik Anadolu Lisesi,https://bitliszhmtal.meb.k12.tr,,,https://bitliszhmtal.meb.k12.tr/tema/harita.php,2026-08-31,268,268,bulundu,https://bitliszhmtal.meb.k12.tr/tema/okulumuz_hakkinda.php,2026-10-01T18:35:47.405649+00:00,,Öğrenci : 268
Bitlis,Merkez,Zübeyde Hanım İlkokulu,888065,İlkokul,https://zubeydehanimilkokulum.meb.k12.tr,,,https://zubeydehanimilkokulum.meb.k12.tr/tema/harita.php,2026-08-31,476,476,bulundu,https://zubeydehanimilkokulum.meb.k12.tr/,2026-10-01T18:35:47.482560+00:00,,Öğrenci Sayısı 476
Bitlis,Merkez,Çalıdüzü Köyü Yavuzlar Mezrası İlkokulu,701177,İlkokul,https://701177.meb.k12.tr,,,https://701177.meb.k12.tr/tema/harita.php,2026-08-31,11,11,bulundu,https://701177.meb.k12.tr/,2026-10-01T18:35:47.815178+00:00,,Öğrenci Sayısı : 11
Bitlis,Merkez,Çeltikli Şehit Nadir İpek İlkokulu,700488,İlkokul,https://700488.meb.k12.tr,,,https://700488.meb.k12.tr/tema/harita.php,2026-08-31,41,41,bulundu,https://700488.meb.k12.tr/,2026-10-01T18:35:47.831882+00:00,,Öğrenci Sayısı : 41
Bitlis,Merkez,Üçkardeş Köyü Nadir Ertan Uygun İlkokulu,700849,İlkokul,https://uckardeskoyu.meb.k12.tr,,,https://uckardeskoyu.meb.k12.tr/tema/harita.php,2026-08-31,53,53,bulundu,https://uckardeskoyu.meb.k12.tr/,2026-10-01T18:35:47.842807+00:00,,Öğrenci Sayısı: 53
Bitlis,Merkez,İdris-i Bitlis İlkokulu,714044,İlkokul,https://idrisibitlisio.meb.k12.tr,,,https://idrisibitlisio.meb.k12.tr/tema/harita.php,2026-08-31,116,116,bulundu,https://idrisibitlisio.meb.k12.tr/,2026-10-01T18:35:47.875479+00:00,,Öğrenci Sayısı 116
Bitlis,Merkez,İhlasiye Anadolu İmam Hatip Lisesi,760906,Anadolu İmam Hatip Lisesi,https://bitlisihlasiyeaihl.meb.k12.tr,,,https://bitlisihlasiyeaihl.meb.k12.tr/tema/harita.php,2026-08-31,127,127,bulundu,https://bitlisihlasiyeaihl.meb.k12.tr/,2026-10-01T18:35:48.036797+00:00,,Öğrenci Sayısı : 127
Bitlis,Merkez,İÇGEÇİT KÖYÜ İLKOKULU,700810,İlkokul,https://igeitkoyilkokulu.meb.k12.tr,,,https://igeitkoyilkokulu.meb.k12.tr/tema/harita.php,2026-08-31,18,18,bulundu,https://igeitkoyilkokulu.meb.k12.tr/,2026-10-01T18:35:48.044309+00:00,,Öğrenci Sayısı: 18
Bitlis,Merkez,İçmeli Köyü İlkokulu,700928,İlkokul,https://700928.meb.k12.tr,,,https://700928.meb.k12.tr/tema/harita.php,2026-08-31,18,18,bulundu,https://700928.meb.k12.tr/,2026-10-01T18:35:48.052935+00:00,,Öğrenci Sayısı : 18
Bitlis,Merkez,Şehit Alpaslan KURT İlkokulu,715150,İlkokul,https://sehitalpaslankurtilkokulu.meb.k12.tr,,,https://sehitalpaslankurtilkokulu.meb.k12.tr/tema/harita.php,2026-08-31,159,159,bulundu,https://sehitalpaslankurtilkokulu.meb.k12.tr/,2026-10-01T18:35:48.055907+00:00,,Öğrenci Sayısı 159
Bitlis,Merkez,Şehit Hüsamettin Kandemir Ortaokulu,713830,Ortaokul,https://sehithusamettinkandemirortaokulu.meb.k12.tr,,,https://sehithusamettinkandemirortaokulu.meb.k12.tr/tema/harita.php,2026-08-31,278,278,bulundu,https://sehithusamettinkandemirortaokulu.meb.k12.tr/,2026-10-01T18:35:48.394051+00:00,,Öğrenci Sayısı : 278
Bitlis,Merkez,Şehit Mahir AYABAK Ortaokulu,761988,Ortaokul,https://sehitmahirayabakortaokulu.meb.k12.tr,,,https://sehitmahirayabakortaokulu.meb.k12.tr/tema/harita.php,2026-08-31,369,369,bulundu,https://sehitmahirayabakortaokulu.meb.k12.tr/,2026-10-01T18:35:48.452208+00:00,,Öğrenci Sayısı 369
Bitlis,Merkez,Şehit Mahir AYABAK İlkokulu,761987,İlkokul,https://sehitmahirayabakilkokulu.meb.k12.tr,,,https://sehitmahirayabakilkokulu.meb.k12.tr/tema/harita.php,2026-08-31,395,395,bulundu,https://sehitmahirayabakilkokulu.meb.k12.tr/,2026-10-01T18:35:48.692504+00:00,,Öğrenci Sayısı : 395
Bitlis,Merkez,Şehit Mahir AYABAK İmam Hatip Ortaokulu,764322,İmam Hatip Ortaokulu,https://smaiho.meb.k12.tr,,,https://smaiho.meb.k12.tr/tema/harita.php,2026-08-31,263,263,bulundu,https://smaiho.meb.k12.tr/,2026-10-01T18:35:48.844005+00:00,,Öğrenci Sayısı 263
Bitlis,Merkez,Şehit Mahir Ayabak Anaokulu,769408,Anaokulu,https://769408.meb.k12.tr,,,https://769408.meb.k12.tr/tema/harita.php,2026-08-31,190,190,bulundu,https://769408.meb.k12.tr/,2026-10-01T18:35:48.881877+00:00,,Öğrenci Sayısı: 190
Bitlis,Merkez,Şehit Tahsin Barutçu Anadolu Lisesi,751750,Anadolu Lisesi,https://stahsinbarutcual.meb.k12.tr,,,https://stahsinbarutcual.meb.k12.tr/tema/harita.php,2026-08-31,466,466,bulundu,https://stahsinbarutcual.meb.k12.tr/,2026-10-01T18:35:48.883395+00:00,,Öğrenci Sayısı : 466
Bitlis,Merkez,Şehit Öğretmen Ergin Komut İlkokulu,713832,İlkokul,https://sehitogretmenerginkomutilkokulu.meb.k12.tr,,,https://sehitogretmenerginkomutilkokulu.meb.k12.tr/tema/harita.php,2026-08-31,225,225,bulundu,https://sehitogretmenerginkomutilkokulu.meb.k12.tr/,2026-10-01T18:35:48.947278+00:00,,Öğrenci Sayısı : 225
Bitlis,Merkez,Şems-i Bitlis İlkokulu,304204,İlkokul,https://semsibitlis.meb.k12.tr,,,https://semsibitlis.meb.k12.tr/tema/harita.php,2026-08-31,170,170,bulundu,https://semsibitlis.meb.k12.tr/,2026-10-01T18:35:48.961113+00:00,,Öğrenci Sayısı 170
Bitlis,Merkez,Şükri Bitlisi Ortaokulu,714573,Ortaokul,https://sukribitlisiortaokulu.meb.k12.tr,,,https://sukribitlisiortaokulu.meb.k12.tr/tema/harita.php,2026-08-31,94,94,bulundu,https://sukribitlisiortaokulu.meb.k12.tr/,2026-10-01T18:35:48.989865+00:00,,Öğrenci Sayısı 94
Bitlis,Mutki,Akpınar Köyü İlkokulu,760807,İlkokul,https://akpnarkyilkokulu.meb.k12.tr,,,https://akpnarkyilkokulu.meb.k12.tr/tema/harita.php,2026-08-31,32,32,bulundu,https://akpnarkyilkokulu.meb.k12.tr/,2026-10-01T18:35:49.063155+00:00,,Öğrenci Sayısı: 32
Bitlis,Mutki,Akçaağaç Mezrası İlkokulu,706316,İlkokul,https://akcaagac.meb.k12.tr,,,https://akcaagac.meb.k12.tr/tema/harita.php,2026-08-31,37,37,bulundu,https://akcaagac.meb.k12.tr/,2026-10-01T18:35:49.080022+00:00,,Öğrenci Sayısı 37
Bitlis,Mutki,Akıncı Köyü İlkokulu,706341,İlkokul,https://akinciilkokulu13.meb.k12.tr,,,https://akinciilkokulu13.meb.k12.tr/tema/harita.php,2026-08-31,16,16,bulundu,https://akinciilkokulu13.meb.k12.tr/,2026-10-01T18:35:49.110681+00:00,,Öğrenci Sayısı : 16
Bitlis,Mutki,Alkoyun Köyü Hopir Mezrası İlkokulu,763181,İlkokul,https://alkynhopir.meb.k12.tr,,,https://alkynhopir.meb.k12.tr/tema/harita.php,2026-08-31,13,13,bulundu,https://alkynhopir.meb.k12.tr/,2026-10-01T18:35:49.115569+00:00,,Öğrenci Sayısı : 13
Bitlis,Mutki,Alkoyun Köyü İlkokulu,706360,İlkokul,https://alkoyunkyilkokulu.meb.k12.tr,,,https://alkoyunkyilkokulu.meb.k12.tr/tema/harita.php,2026-08-31,21,21,bulundu,https://alkoyunkyilkokulu.meb.k12.tr/,2026-10-01T18:35:49.204819+00:00,,Öğrenci Sayısı: 21
Bitlis,Mutki,Alıcık Köyü İlkokulu,706350,İlkokul,https://706350.meb.k12.tr,,,https://706350.meb.k12.tr/tema/harita.php,2026-08-31,16,16,bulundu,https://706350.meb.k12.tr/,2026-10-01T18:35:49.215376+00:00,,Öğrenci Sayısı 16
Bitlis,Mutki,Arpalıseki Köyü Yüksekova Mezrası İlkokulu,750204,İlkokul,https://750204.meb.k12.tr,,,https://750204.meb.k12.tr/tema/harita.php,2026-08-31,13,13,bulundu,https://750204.meb.k12.tr/,2026-10-01T18:35:49.333066+00:00,,Öğrenci Sayısı : 13
Bitlis,Mutki,Arpalıseki Köyü Çimenli Mezrası İlkokulu,706378,İlkokul,https://706378.meb.k12.tr,,,https://706378.meb.k12.tr/tema/harita.php,2026-08-31,9,9,bulundu,https://706378.meb.k12.tr/,2026-10-01T18:35:49.339129+00:00,,Öğrenci Sayısı : 9
Bitlis,Mutki,Arpalıseki Köyü İlkokulu,706368,İlkokul,https://arpalisekiilkokulu.meb.k12.tr,,,https://arpalisekiilkokulu.meb.k12.tr/tema/harita.php,2026-08-31,43,43,bulundu,https://arpalisekiilkokulu.meb.k12.tr/,2026-10-01T18:35:49.567856+00:00,,Öğrenci Sayısı: 43
Bitlis,Mutki,Atatürk Ortaokulu,717282,Ortaokul,https://mutkiataturkorta.meb.k12.tr,,,https://mutkiataturkorta.meb.k12.tr/tema/harita.php,2026-08-31,120,120,bulundu,https://mutkiataturkorta.meb.k12.tr/,2026-10-01T18:35:49.628883+00:00,,Öğrenci Sayısı : 120
Bitlis,Mutki,Atatürk İlkokulu,717257,İlkokul,https://mutkiataturkilkokulu.meb.k12.tr,,,https://mutkiataturkilkokulu.meb.k12.tr/tema/harita.php,2026-08-31,164,164,bulundu,https://mutkiataturkilkokulu.meb.k12.tr/,2026-10-01T18:35:49.709992+00:00,,Öğrenci Sayısı : 164
Bitlis,Mutki,Açıkalan Köyü İmam Hatip Ortaokulu,763851,İmam Hatip Ortaokulu,https://acikalaniho.meb.k12.tr,,,https://acikalaniho.meb.k12.tr/tema/harita.php,2026-08-31,44,44,bulundu,https://acikalaniho.meb.k12.tr/,2026-10-01T18:35:49.739547+00:00,,Öğrenci Sayısı 44
Bitlis,Mutki,Açıkalan İlkokulu,716912,İlkokul,https://acikalanilkokulu.meb.k12.tr,,,https://acikalanilkokulu.meb.k12.tr/tema/harita.php,2026-08-31,50,50,bulundu,https://acikalanilkokulu.meb.k12.tr/,2026-10-01T18:35:49.811665+00:00,,Öğrenci Sayısı 50
Bitlis,Mutki,Ballı Köyü İlkokulu,706413,İlkokul,https://706413.meb.k12.tr,,,https://706413.meb.k12.tr/tema/harita.php,2026-08-31,57,57,bulundu,https://706413.meb.k12.tr/,2026-10-01T18:35:49.853257+00:00,,Öğrenci Sayısı: 57
Bitlis,Mutki,Bağarası Köyü Cevizli Mezrası İlkokulu,748637,İlkokul,https://bagarasicevizli.meb.k12.tr,,,https://bagarasicevizli.meb.k12.tr/tema/harita.php,2026-08-31,14,14,bulundu,https://bagarasicevizli.meb.k12.tr/,2026-10-01T18:35:50.036654+00:00,,Öğrenci Sayısı 14
Bitlis,Mutki,Bağarası Köyü Yalçınkaya Mezrası İlkokulu,760863,İlkokul,https://yalcinkayailk.meb.k12.tr,,,https://yalcinkayailk.meb.k12.tr/tema/harita.php,2026-08-31,9,9,bulundu,https://yalcinkayailk.meb.k12.tr/,2026-10-01T18:35:50.111907+00:00,,Öğrenci Sayısı: 9
Bitlis,Mutki,Bağarası İlkokulu,706403,İlkokul,https://bagarasiilkokulu.meb.k12.tr,,,https://bagarasiilkokulu.meb.k12.tr/tema/harita.php,2026-08-31,18,18,bulundu,https://bagarasiilkokulu.meb.k12.tr/,2026-10-01T18:35:50.189267+00:00,,Öğrenci Sayısı : 18
Bitlis,Mutki,Beşevler Köyü İlkokulu,706419,İlkokul,https://besevlerkoyuilkokulu.meb.k12.tr,,,https://besevlerkoyuilkokulu.meb.k12.tr/tema/harita.php,2026-08-31,21,21,bulundu,https://besevlerkoyuilkokulu.meb.k12.tr/tema/okulumuz_hakkinda.php,2026-10-01T18:35:50.191046+00:00,,Öğrenci : 21
Bitlis,Mutki,Bozburun Köyü İlkokulu,769412,İlkokul,https://bozburunilk.meb.k12.tr,,,https://bozburunilk.meb.k12.tr/tema/harita.php,2026-08-31,13,13,bulundu,https://bozburunilk.meb.k12.tr/,2026-10-01T18:35:50.196214+00:00,,Öğrenci Sayısı: 13
Bitlis,Mutki,Bozburun Köyü Şehit Cahit Çelik Ortaokulu,769415,Ortaokul,https://bozburunort.meb.k12.tr,,,https://bozburunort.meb.k12.tr/tema/harita.php,2026-08-31,99,99,bulundu,https://bozburunort.meb.k12.tr/,2026-10-01T18:35:50.278007+00:00,,Öğrenci Sayısı 99
Bitlis,Mutki,Boğazönü Ortaokulu,716937,Ortaokul,https://bogazonuortaokulu.meb.k12.tr,,,https://bogazonuortaokulu.meb.k12.tr/tema/harita.php,2026-08-31,86,86,bulundu,https://bogazonuortaokulu.meb.k12.tr/,2026-10-01T18:35:50.530555+00:00,,Öğrenci Sayısı : 86
Bitlis,Mutki,Boğazönü İlkokulu,716939,İlkokul,https://bogazonuilkokulu.meb.k12.tr,,,https://bogazonuilkokulu.meb.k12.tr/tema/harita.php,2026-08-31,114,114,bulundu,https://bogazonuilkokulu.meb.k12.tr/,2026-10-01T18:35:50.665413+00:00,,Öğrenci Sayısı 114
Bitlis,Mutki,Dağarcık Köyü İlkokulu,706540,İlkokul,https://dagarckio.meb.k12.tr,,,https://dagarckio.meb.k12.tr/tema/harita.php,2026-08-31,12,12,bulundu,https://dagarckio.meb.k12.tr/,2026-10-01T18:35:50.744779+00:00,,Öğrenci Sayısı: 12
Bitlis,Mutki,Dağlık Köyü İlkokulu,706546,İlkokul,https://daglikkoyuilkokulu.meb.k12.tr,,,https://daglikkoyuilkokulu.meb.k12.tr/tema/harita.php,2026-08-31,55,55,bulundu,https://daglikkoyuilkokulu.meb.k12.tr/,2026-10-01T18:35:50.820947+00:00,,Öğrenci Sayısı 55
Bitlis,Mutki,Dağlık Köyü İmam Hatip Ortaokulu,763956,İmam Hatip Ortaokulu,https://daglikimamhatiportaokulu.meb.k12.tr,,,https://daglikimamhatiportaokulu.meb.k12.tr/tema/harita.php,2026-08-31,35,35,bulundu,https://daglikimamhatiportaokulu.meb.k12.tr/,2026-10-01T18:35:50.829277+00:00,,Öğrenci Sayısı 35
Bitlis,Mutki,Dereyolu Köyü Şehit Rifat Uslu İlkokulu,717072,İlkokul,https://dereyoluilkokulu.meb.k12.tr,,,https://dereyoluilkokulu.meb.k12.tr/tema/harita.php,2026-08-31,47,47,bulundu,https://dereyoluilkokulu.meb.k12.tr/,2026-10-01T18:35:50.867805+00:00,,Öğrenci Sayısı: 47
Bitlis,Mutki,Dereyolu Köyü Şehit Şentürk Uslu İmam Hatip Ortaokulu,763957,İmam Hatip Ortaokulu,https://dereyoluiho.meb.k12.tr,,,https://dereyoluiho.meb.k12.tr/tema/harita.php,2026-08-31,39,39,bulundu,https://dereyoluiho.meb.k12.tr/,2026-10-01T18:35:50.906219+00:00,,Öğrenci Sayısı : 39
Bitlis,Mutki,ERLER İLKOKULU,753051,İlkokul,https://erlerkoyuilkokulu.meb.k12.tr,,,https://erlerkoyuilkokulu.meb.k12.tr/tema/harita.php,2026-08-31,92,92,bulundu,https://erlerkoyuilkokulu.meb.k12.tr/,2026-10-01T18:35:50.968500+00:00,,Öğrenci Sayısı: 92
Bitlis,Mutki,Ekizler Köyü Ortaokulu,717038,Ortaokul,https://ekizlerkyortaokulu.meb.k12.tr,,,https://ekizlerkyortaokulu.meb.k12.tr/tema/harita.php,2026-08-31,66,66,bulundu,https://ekizlerkyortaokulu.meb.k12.tr/,2026-10-01T18:35:51.014771+00:00,,Öğrenci Sayısı : 66
Bitlis,Mutki,Ekizler Köyü İlkokulu,717039,İlkokul,https://ekizlerilkokulu.meb.k12.tr,,,https://ekizlerilkokulu.meb.k12.tr/tema/harita.php,2026-08-31,96,96,bulundu,https://ekizlerilkokulu.meb.k12.tr/,2026-10-01T18:35:51.149392+00:00,,Öğrenci Sayısı 96
Bitlis,Mutki,Erler Yatılı Bölge Ortaokulu,748181,Ortaokul,https://erlerybo.meb.k12.tr,,,https://erlerybo.meb.k12.tr/tema/harita.php,2026-08-31,176,176,bulundu,https://erlerybo.meb.k12.tr/,2026-10-01T18:35:51.195671+00:00,,Öğrenci Sayısı 176
Bitlis,Mutki,Esenyurt Mezrası İlkokulu,706591,İlkokul,https://esenyurtmezrasilkokulu.meb.k12.tr,,,https://esenyurtmezrasilkokulu.meb.k12.tr/tema/harita.php,2026-08-31,32,32,bulundu,https://esenyurtmezrasilkokulu.meb.k12.tr/,2026-10-01T18:35:51.389825+00:00,,Öğrenci Sayısı: 32
Bitlis,Mutki,Geyikpınar Köyü Ortaokulu,759268,Ortaokul,https://geyikpinarortaokulu.meb.k12.tr,,,https://geyikpinarortaokulu.meb.k12.tr/tema/harita.php,2026-08-31,42,42,bulundu,https://geyikpinarortaokulu.meb.k12.tr/tema/okulumuz_hakkinda.php,2026-10-01T18:35:51.551802+00:00,,Öğrenci : 42
Bitlis,Mutki,Geyikpınar Köyü İlkokulu,887799,İlkokul,https://geyikpinarilkokulu.meb.k12.tr,,,https://geyikpinarilkokulu.meb.k12.tr/tema/harita.php,2026-08-31,15,15,bulundu,https://geyikpinarilkokulu.meb.k12.tr/,2026-10-01T18:35:51.711301+00:00,,Öğrenci Sayısı : 15
Bitlis,Mutki,Göztepe Köyü Abakay Mezrası İlkokulu,759529,İlkokul,https://goztepeabakayilk.meb.k12.tr,,,https://goztepeabakayilk.meb.k12.tr/tema/harita.php,2026-08-31,10,10,bulundu,https://goztepeabakayilk.meb.k12.tr/,2026-10-01T18:35:51.714487+00:00,,Öğrenci Sayısı : 10
Bitlis,Mutki,Göztepe Köyü Cevizli Mezrası İlkokulu,768773,İlkokul,https://goztepecvliilk.meb.k12.tr,,,https://goztepecvliilk.meb.k12.tr/tema/harita.php,2026-08-31,0,0,bulundu,https://goztepecvliilk.meb.k12.tr/,2026-10-01T18:35:51.723975+00:00,,Öğrenci Sayısı : 0
Bitlis,Mutki,Göztepe Köyü İlkokulu,706631,İlkokul,https://goztepekoyuilkokulu.meb.k12.tr,,,https://goztepekoyuilkokulu.meb.k12.tr/tema/harita.php,2026-08-31,45,45,bulundu,https://goztepekoyuilkokulu.meb.k12.tr/,2026-10-01T18:35:51.754848+00:00,,Öğrenci Sayısı : 45
Bitlis,Mutki,Gümüşkanat Köyü İlkokulu,749774,İlkokul,https://gumuskanatilk.meb.k12.tr,,,https://gumuskanatilk.meb.k12.tr/tema/harita.php,2026-08-31,8,8,bulundu,https://gumuskanatilk.meb.k12.tr/,2026-10-01T18:35:51.756216+00:00,,Öğrenci Sayısı : 8
Bitlis,Mutki,Güvenli Mezrası İlkokulu,706637,İlkokul,https://gvnliilk.meb.k12.tr,,,https://gvnliilk.meb.k12.tr/tema/harita.php,2026-08-31,19,19,bulundu,https://gvnliilk.meb.k12.tr/,2026-10-01T18:35:51.784570+00:00,,Öğrenci Sayısı: 19
Bitlis,Mutki,Havarik Köyü İlkokulu,706641,İlkokul,https://havarikilkokulu.meb.k12.tr,,,https://havarikilkokulu.meb.k12.tr/tema/harita.php,2026-08-31,21,21,bulundu,https://havarikilkokulu.meb.k12.tr/,2026-10-01T18:35:51.829274+00:00,,Öğrenci Sayısı: 21
Bitlis,Mutki,Kapaklı İlkokulu,706650,İlkokul,https://kapakliikokulu.meb.k12.tr,,,https://kapakliikokulu.meb.k12.tr/tema/harita.php,2026-08-31,18,18,bulundu,https://kapakliikokulu.meb.k12.tr/,2026-10-01T18:35:51.860028+00:00,,Öğrenci Sayısı : 18
Bitlis,Mutki,Karabudak Köyü İlkokulu,977080,İlkokul,https://karabudakilkokulu.meb.k12.tr,,,https://karabudakilkokulu.meb.k12.tr/tema/harita.php,2026-08-31,26,26,bulundu,https://karabudakilkokulu.meb.k12.tr/,2026-10-01T18:35:51.863043+00:00,,Öğrenci Sayısı 26
Bitlis,Mutki,Kavakbaşı Anadolu Lisesi,767190,Anadolu Lisesi,https://kavakbasianadolulisesi.meb.k12.tr,,,https://kavakbasianadolulisesi.meb.k12.tr/tema/harita.php,2026-08-31,166,166,bulundu,https://kavakbasianadolulisesi.meb.k12.tr/tema/okulumuz_hakkinda.php,2026-10-01T18:35:51.868983+00:00,,Öğrenci : 166
Bitlis,Mutki,Kavakbaşı Anaokulu,974628,Anaokulu,https://kavakbasianaokulu.meb.k12.tr,,,https://kavakbasianaokulu.meb.k12.tr/tema/harita.php,2026-08-31,38,38,bulundu,https://kavakbasianaokulu.meb.k12.tr/,2026-10-01T18:35:52.326662+00:00,,Öğrenci Sayısı: 38
Bitlis,Mutki,Kavakbaşı Ozanlı İlkokulu,759615,İlkokul,https://ozanliilkokulu.meb.k12.tr,,,https://ozanliilkokulu.meb.k12.tr/tema/harita.php,2026-08-31,15,15,bulundu,https://ozanliilkokulu.meb.k12.tr/,2026-10-01T18:35:52.367307+00:00,,Öğrenci Sayısı 15
Bitlis,Mutki,Kavakbaşı Yatılı Bölge Ortaokulu,748160,Ortaokul,https://kavakbasiybo.meb.k12.tr,,,https://kavakbasiybo.meb.k12.tr/tema/harita.php,2026-08-31,225,225,bulundu,https://kavakbasiybo.meb.k12.tr/,2026-10-01T18:35:52.427113+00:00,,Öğrenci Sayısı : 225
Bitlis,Mutki,Kavakbaşı İlkokulu,749775,İlkokul,https://kavakbasiilkokul.meb.k12.tr,,,https://kavakbasiilkokul.meb.k12.tr/tema/harita.php,2026-08-31,97,97,bulundu,https://kavakbasiilkokul.meb.k12.tr/,2026-10-01T18:35:52.654584+00:00,,Öğrenci Sayısı : 97
Bitlis,Mutki,Kayabaşı Köyü İlkokulu,976528,İlkokul,https://mutkikayabasi.meb.k12.tr,,,https://mutkikayabasi.meb.k12.tr/tema/harita.php,2026-08-31,58,58,bulundu,https://mutkikayabasi.meb.k12.tr/,2026-10-01T18:35:52.752771+00:00,,Öğrenci Sayısı 58
Bitlis,Mutki,Kayabaşı Köyü İmam Hatip Ortaokulu,765452,İmam Hatip Ortaokulu,https://kayabasiimamhatiportaokulu.meb.k12.tr,,,https://kayabasiimamhatiportaokulu.meb.k12.tr/tema/harita.php,2026-08-31,51,51,bulundu,https://kayabasiimamhatiportaokulu.meb.k12.tr/,2026-10-01T18:35:52.707701+00:00,,Öğrenci Sayısı 51
Bitlis,Mutki,Kayran Köyü Köprübaşı Mezrası İlkokulu,706701,İlkokul,https://koprubasi.meb.k12.tr,,,https://koprubasi.meb.k12.tr/tema/harita.php,2026-08-31,8,8,bulundu,https://koprubasi.meb.k12.tr/,2026-10-01T18:35:52.715162+00:00,,Öğrenci Sayısı: 8
Bitlis,Mutki,Kayran İlkokulu,706693,İlkokul,https://kayran.meb.k12.tr,,,https://kayran.meb.k12.tr/tema/harita.php,2026-08-31,16,16,bulundu,https://kayran.meb.k12.tr/,2026-10-01T18:35:52.719498+00:00,,Öğrenci Sayısı 16
Bitlis,Mutki,Kaşak İlkokulu,706668,İlkokul,https://kasakilkokulu.meb.k12.tr,,,https://kasakilkokulu.meb.k12.tr/tema/harita.php,2026-08-31,16,16,bulundu,https://kasakilkokulu.meb.k12.tr/,2026-10-01T18:35:52.817720+00:00,,Öğrenci Sayısı: 16
Bitlis,Mutki,Kaşıklı Köyü İlkokulu,768811,İlkokul,https://kaskliilk.meb.k12.tr,,,https://kaskliilk.meb.k12.tr/tema/harita.php,2026-08-31,19,19,bulundu,https://kaskliilk.meb.k12.tr/,2026-10-01T18:35:52.851242+00:00,,Öğrenci Sayısı : 19
Bitlis,Mutki,Kocainiş Köyü Onbaşı Mezrası İlkokulu,767773,İlkokul,https://kocainisonbasiilkokulu.meb.k12.tr,,,https://kocainisonbasiilkokulu.meb.k12.tr/tema/harita.php,2026-08-31,30,30,bulundu,https://kocainisonbasiilkokulu.meb.k12.tr/,2026-10-01T18:35:52.875438+00:00,,Öğrenci Sayısı 30
Bitlis,Mutki,Kocainiş Köyü İlkokulu,706704,İlkokul,https://kocainisortaokulu.meb.k12.tr,,,https://kocainisortaokulu.meb.k12.tr/tema/harita.php,2026-08-31,40,40,bulundu,https://kocainisortaokulu.meb.k12.tr/,2026-10-01T18:35:53.090818+00:00,,Öğrenci Sayısı 40
Bitlis,Mutki,Kovanlı Köyü İlkokulu,976458,İlkokul,https://kovanlikoyuilkokulu.meb.k12.tr,,,https://kovanlikoyuilkokulu.meb.k12.tr/tema/harita.php,2026-08-31,26,26,bulundu,https://kovanlikoyuilkokulu.meb.k12.tr/,2026-10-01T18:35:53.172802+00:00,,Öğrenci Sayısı: 26
Bitlis,Mutki,Koyunlu Köyü İmam Hatip Ortaokulu,763849,İmam Hatip Ortaokulu,https://koyunluimamhatiportaokulu.meb.k12.tr,,,https://koyunluimamhatiportaokulu.meb.k12.tr/tema/harita.php,2026-08-31,53,53,bulundu,https://koyunluimamhatiportaokulu.meb.k12.tr/,2026-10-01T18:35:53.182605+00:00,,Öğrenci Sayısı : 53
Bitlis,Mutki,Koyunlu Şehit Piyade Er Yener Barış İlkokulu,887823,İlkokul,https://koyunluilkokul.meb.k12.tr,,,https://koyunluilkokul.meb.k12.tr/tema/harita.php,2026-08-31,81,81,bulundu,https://koyunluilkokul.meb.k12.tr/,2026-10-01T18:35:53.316463+00:00,,Öğrenci Sayısı : 81
Bitlis,Mutki,Kuşdili Köyü İlkokulu,976610,İlkokul,https://kusdiliilkokulu.meb.k12.tr,,,https://kusdiliilkokulu.meb.k12.tr/tema/harita.php,2026-08-31,43,43,bulundu,https://kusdiliilkokulu.meb.k12.tr/,2026-10-01T18:35:53.671874+00:00,,Öğrenci Sayısı : 43
Bitlis,Mutki,Küllüce Köyü Ortaokulu,750308,Ortaokul,https://kulluceortaokulu.meb.k12.tr,,,https://kulluceortaokulu.meb.k12.tr/tema/harita.php,2026-08-31,138,138,bulundu,https://kulluceortaokulu.meb.k12.tr/,2026-10-01T18:35:53.691473+00:00,,Öğrenci Sayısı : 138
Bitlis,Mutki,Küllüce Köyü İlkokulu,706729,İlkokul,https://kullucekoyu.meb.k12.tr,,,https://kullucekoyu.meb.k12.tr/tema/harita.php,2026-08-31,176,176,bulundu,https://kullucekoyu.meb.k12.tr/,2026-10-01T18:35:53.706006+00:00,,Öğrenci Sayısı: 176
Bitlis,Mutki,Meydan Köyü İlkokulu,706737,İlkokul,https://706737.meb.k12.tr,,,https://706737.meb.k12.tr/tema/harita.php,2026-08-31,26,26,bulundu,https://706737.meb.k12.tr/,2026-10-01T18:35:53.739204+00:00,,Öğrenci Sayısı: 26
Bitlis,Mutki,Mutki Anadolu Lisesi,132142,Anadolu Lisesi,https://mutkianadolulisesi.meb.k12.tr,,,https://mutkianadolulisesi.meb.k12.tr/tema/harita.php,2026-08-31,240,240,bulundu,https://mutkianadolulisesi.meb.k12.tr/,2026-10-01T18:35:53.847789+00:00,,Öğrenci Sayısı : 240
Bitlis,Mutki,Mutki Anadolu İmam Hatip Lisesi,974774,Anadolu İmam Hatip Lisesi,https://mutkiaihl.meb.k12.tr,,,https://mutkiaihl.meb.k12.tr/tema/harita.php,2026-08-31,223,223,bulundu,https://mutkiaihl.meb.k12.tr/,2026-10-01T18:35:53.966466+00:00,,Öğrenci Sayısı 223
Bitlis,Mutki,Mutki Anaokulu,963684,Anaokulu,https://mutkianaokulu.meb.k12.tr,,,https://mutkianaokulu.meb.k12.tr/tema/harita.php,2026-08-31,83,83,bulundu,https://mutkianaokulu.meb.k12.tr/,2026-10-01T18:35:53.968097+00:00,,Öğrenci Sayısı: 83
Bitlis,Mutki,Mutki Halk Eğitimi Merkezi,132154,Halk Eğitimi Merkezi,https://mutkihem.meb.k12.tr,,,https://mutkihem.meb.k12.tr/tema/harita.php,2026-08-31,,,bulunamadi,,2026-10-01T18:35:53.976112+00:00,,
Bitlis,Mutki,Mutki Kız Mesleki ve Teknik Anadolu Lisesi,971916,Mesleki ve Teknik Anadolu Lisesi,https://mutkimeslekiteknikanadolulisesi.meb.k12.tr,,,https://mutkimeslekiteknikanadolulisesi.meb.k12.tr/tema/harita.php,2026-08-31,110,110,bulundu,https://mutkimeslekiteknikanadolulisesi.meb.k12.tr/,2026-10-01T18:35:53.995324+00:00,,Öğrenci Sayısı : 110
Bitlis,Mutki,Mutki Meydan Ortaokulu,766807,Ortaokul,https://mutkimeydanortao.meb.k12.tr,,,https://mutkimeydanortao.meb.k12.tr/tema/harita.php,2026-08-31,75,75,bulundu,https://mutkimeydanortao.meb.k12.tr/,2026-10-01T18:35:54.068659+00:00,,Öğrenci Sayısı 75
Bitlis,Mutki,Mutki Öğretmenevi ve Akşam Sanat Okulu,974976,Öğretmenevi,https://mutkiogretmenevi.meb.k12.tr,,,https://mutkiogretmenevi.meb.k12.tr/tema/harita.php,2026-08-31,,,bulunamadi,,2026-10-01T18:35:54.071159+00:00,,
Bitlis,Mutki,Mutki Şehit Celattin Uyanık İmam Hatip Ortaokulu,761745,İmam Hatip Ortaokulu,https://mutkiimamhatiportaokulu.meb.k12.tr,,,https://mutkiimamhatiportaokulu.meb.k12.tr/tema/harita.php,2026-08-31,52,52,bulundu,https://mutkiimamhatiportaokulu.meb.k12.tr/,2026-10-01T18:35:54.181478+00:00,,Öğrenci Sayısı 52
Bitlis,Mutki,OLUKLU KÖYÜ YEŞİLCE MEZRASI İLKOKULU,757520,İlkokul,https://olklyesilceilk.meb.k12.tr,,,https://olklyesilceilk.meb.k12.tr/tema/harita.php,2026-08-31,12,12,bulundu,https://olklyesilceilk.meb.k12.tr/,2026-10-01T18:35:54.243840+00:00,,Öğrenci Sayısı: 12
Bitlis,Mutki,Oluklu Köyü İlkokulu,706744,İlkokul,https://olklilk.meb.k12.tr,,,https://olklilk.meb.k12.tr/tema/harita.php,2026-08-31,12,12,bulundu,https://olklilk.meb.k12.tr/,2026-10-01T18:35:54.387653+00:00,,Öğrenci Sayısı: 12
Bitlis,Mutki,Salman Köyü Ortaokulu,759467,Ortaokul,https://salmanorta.meb.k12.tr,,,https://salmanorta.meb.k12.tr/tema/harita.php,2026-08-31,44,44,bulundu,https://salmanorta.meb.k12.tr/,2026-10-01T18:35:54.462376+00:00,,Öğrenci Sayısı 44
Bitlis,Mutki,Salman Köyü İlkokulu,706762,İlkokul,https://salmanilkokul.meb.k12.tr,,,https://salmanilkokul.meb.k12.tr/tema/harita.php,2026-08-31,50,50,bulundu,https://salmanilkokul.meb.k12.tr/,2026-10-01T18:35:54.472433+00:00,,Öğrenci Sayısı : 50
Bitlis,Mutki,Sarıçiçek Köyü İlkokulu,769572,İlkokul,https://saricicekilkokulu.meb.k12.tr,,,https://saricicekilkokulu.meb.k12.tr/tema/harita.php,2026-08-31,0,0,bulundu,https://saricicekilkokulu.meb.k12.tr/,2026-10-01T18:35:54.478693+00:00,,Öğrenci Sayısı : 0
Bitlis,Mutki,Sekiliyazı İlkokulu,706775,İlkokul,https://sekiliyaziilkokulu.meb.k12.tr,,,https://sekiliyaziilkokulu.meb.k12.tr/tema/harita.php,2026-08-31,21,21,bulundu,https://sekiliyaziilkokulu.meb.k12.tr/,2026-10-01T18:35:54.527467+00:00,,Öğrenci Sayısı: 21
Bitlis,Mutki,Serince Köyü  İlkokulu,706468,İlkokul,https://serincemezrasilkokulu.meb.k12.tr,,,https://serincemezrasilkokulu.meb.k12.tr/tema/harita.php,2026-08-31,12,12,bulundu,https://serincemezrasilkokulu.meb.k12.tr/,2026-10-01T18:35:54.630063+00:00,,Öğrenci Sayısı 12
Bitlis,Mutki,Taşboğaz Köyü İlkokulu,706782,İlkokul,https://tasbogazkyio.meb.k12.tr,,,https://tasbogazkyio.meb.k12.tr/tema/harita.php,2026-08-31,7,7,bulundu,https://tasbogazkyio.meb.k12.tr/,2026-10-01T18:35:54.678999+00:00,,Öğrenci Sayısı 7
Bitlis,Mutki,Taşyol İlkokulu,706787,İlkokul,https://tasyolilk.meb.k12.tr,,,https://tasyolilk.meb.k12.tr/tema/harita.php,2026-08-31,18,18,bulundu,https://tasyolilk.meb.k12.tr/,2026-10-01T18:35:54.780825+00:00,,Öğrenci Sayısı : 18
Bitlis,Mutki,Tolgalı İlkokulu,706796,İlkokul,https://tolgaliilk.meb.k12.tr,,,https://tolgaliilk.meb.k12.tr/tema/harita.php,2026-08-31,9,9,bulundu,https://tolgaliilk.meb.k12.tr/,2026-10-01T18:35:54.784042+00:00,,Öğrenci Sayısı : 9
Bitlis,Mutki,Ulaş Köyü İlkokulu,706813,İlkokul,https://706813.meb.k12.tr,,,https://706813.meb.k12.tr/tema/harita.php,2026-08-31,54,54,bulundu,https://706813.meb.k12.tr/,2026-10-01T18:35:54.812280+00:00,,Öğrenci Sayısı 54
Bitlis,Mutki,Uran Köyü Şehit Piyade Er Bayram Kardaş İmam Hatip Ortaokulu,763952,İmam Hatip Ortaokulu,https://uransehitbayramkardasimamhatipoo.meb.k12.tr,,,https://uransehitbayramkardasimamhatipoo.meb.k12.tr/tema/harita.php,2026-08-31,57,57,bulundu,https://uransehitbayramkardasimamhatipoo.meb.k12.tr/,2026-10-01T18:35:54.963835+00:00,,Öğrenci Sayısı : 57
Bitlis,Mutki,Uran Şehit Piyade Er Bayram KARDAŞ İlkokulu,717126,İlkokul,https://uransehiterbayramkardasilkokulu.meb.k12.tr,,,https://uransehiterbayramkardasilkokulu.meb.k12.tr/tema/harita.php,2026-08-31,67,67,bulundu,https://uransehiterbayramkardasilkokulu.meb.k12.tr/,2026-10-01T18:35:55.111669+00:00,,Öğrenci Sayısı : 67
Bitlis,Mutki,Uğur Köyü İlkokulu,706804,İlkokul,https://ugurkoyu.meb.k12.tr,,,https://ugurkoyu.meb.k12.tr/tema/harita.php,2026-08-31,22,22,bulundu,https://ugurkoyu.meb.k12.tr/,2026-10-01T18:35:55.128113+00:00,,Öğrenci Sayısı: 22
Bitlis,Mutki,Yalıntaş Köyü Zorova Mezrası İlkokulu,706837,İlkokul,https://zorovamezrasilkokulu.meb.k12.tr,,,https://zorovamezrasilkokulu.meb.k12.tr/tema/harita.php,2026-08-31,28,28,bulundu,https://zorovamezrasilkokulu.meb.k12.tr/,2026-10-01T18:35:55.216836+00:00,,Öğrenci Sayısı 28
Bitlis,Mutki,Yalıntaş Köyü İlkokulu,706827,İlkokul,https://yalntas_13.meb.k12.tr,,,https://yalntas_13.meb.k12.tr/tema/harita.php,2026-08-31,,,bulunamadi,,2026-10-01T18:35:55.255840+00:00,,
Bitlis,Mutki,Yalıntaş Köyü İmam Hatip Ortaokulu,763959,İmam Hatip Ortaokulu,https://yalintasimamhatipoo.meb.k12.tr,,,https://yalintasimamhatipoo.meb.k12.tr/tema/harita.php,2026-08-31,49,49,bulundu,https://yalintasimamhatipoo.meb.k12.tr/,2026-10-01T18:35:55.432653+00:00,,Öğrenci Sayısı: 49
Bitlis,Mutki,Yanıkçakır Köyü İmam Hatip Ortaokulu,763954,İmam Hatip Ortaokulu,https://yankakrimamhatiportaokulu.meb.k12.tr,,,https://yankakrimamhatiportaokulu.meb.k12.tr/tema/harita.php,2026-08-31,84,84,bulundu,https://yankakrimamhatiportaokulu.meb.k12.tr/,2026-10-01T18:35:55.483880+00:00,,Öğrenci Sayısı 84
Bitlis,Mutki,Yanıkçakır İlkokulu,706845,İlkokul,https://yanikcakir.meb.k12.tr,,,https://yanikcakir.meb.k12.tr/tema/harita.php,2026-08-31,39,39,bulundu,https://yanikcakir.meb.k12.tr/,2026-10-01T18:35:55.576641+00:00,,Öğrenci Sayısı: 39
Bitlis,Mutki,Yatılı Bölge Ortaokulu,748397,Ortaokul,https://mutkiybo.meb.k12.tr,,,https://mutkiybo.meb.k12.tr/tema/harita.php,2026-08-31,212,212,bulundu,https://mutkiybo.meb.k12.tr/,2026-10-01T18:35:55.597580+00:00,,Öğrenci Sayısı : 212
Bitlis,Mutki,Yazıcık İlkokulu,706857,İlkokul,https://yazck13.meb.k12.tr,,,https://yazck13.meb.k12.tr/tema/harita.php,2026-08-31,24,24,bulundu,https://yazck13.meb.k12.tr/,2026-10-01T18:35:55.605215+00:00,,Öğrenci Sayısı 24
Bitlis,Mutki,Yenidoğan Köyü Ortaokulu,766806,Ortaokul,https://yenidogankoyuortaokulu.meb.k12.tr,,,https://yenidogankoyuortaokulu.meb.k12.tr/tema/harita.php,2026-08-31,64,64,bulundu,https://yenidogankoyuortaokulu.meb.k12.tr/,2026-10-01T18:35:55.671858+00:00,,Öğrenci Sayısı: 64
Bitlis,Mutki,Yenidoğan Köyü İlkokulu,706869,İlkokul,https://yenidogankoyuilkokulu.meb.k12.tr,,,https://yenidogankoyuilkokulu.meb.k12.tr/tema/harita.php,2026-08-31,37,37,bulundu,https://yenidogankoyuilkokulu.meb.k12.tr/,2026-10-01T18:35:55.879769+00:00,,Öğrenci Sayısı: 37
Bitlis,Mutki,Yuvalıdam Köyü İmam hatip Ortaokulu,763958,İmam Hatip Ortaokulu,https://yuvalidamiho.meb.k12.tr,,,https://yuvalidamiho.meb.k12.tr/tema/harita.php,2026-08-31,68,68,bulundu,https://yuvalidamiho.meb.k12.tr/,2026-10-01T18:35:55.894081+00:00,,Öğrenci Sayısı 68
Bitlis,Mutki,Yuvalıdam İlkokulu,717183,İlkokul,https://yuvalidamilkokulu.meb.k12.tr,,,https://yuvalidamilkokulu.meb.k12.tr/tema/harita.php,2026-08-31,81,81,bulundu,https://yuvalidamilkokulu.meb.k12.tr/,2026-10-01T18:35:55.903310+00:00,,Öğrenci Sayısı 81
Bitlis,Mutki,Zeydan İlkokulu,706930,İlkokul,https://zeydanilkokulu.meb.k12.tr,,,https://zeydanilkokulu.meb.k12.tr/tema/harita.php,2026-08-31,6,6,bulundu,https://zeydanilkokulu.meb.k12.tr/,2026-10-01T18:35:56.029521+00:00,,Öğrenci Sayısı: 6
Bitlis,Mutki,ikizler Köyü Balkaya Mezrası İlkokulu,753042,İlkokul,https://753042.meb.k12.tr,,,https://753042.meb.k12.tr/tema/harita.php,2026-08-31,25,25,bulundu,https://753042.meb.k12.tr/,2026-10-01T18:35:56.071205+00:00,,Öğrenci Sayısı: 25
Bitlis,Mutki,Çatalerik Köyü İlkokulu,706472,İlkokul,https://catalerikilkokulu.meb.k12.tr,,,https://catalerikilkokulu.meb.k12.tr/tema/harita.php,2026-08-31,,,bulunamadi,,2026-10-01T18:35:56.088820+00:00,,
Bitlis,Mutki,Çatalsöğüt Köyü İlkokulu,706481,İlkokul,https://catalsogutio.meb.k12.tr,,,https://catalsogutio.meb.k12.tr/tema/harita.php,2026-08-31,,,bulunamadi,,2026-10-01T18:35:56.092890+00:00,,
Bitlis,Mutki,Çayırlı Köyü İlkokulu,706490,İlkokul,https://706490.meb.k12.tr,,,https://706490.meb.k12.tr/tema/harita.php,2026-08-31,,,bulunamadi,,2026-10-01T18:35:56.109932+00:00,,
Bitlis,Mutki,Çitliyol Köyü İlkokulu,706526,İlkokul,https://citliyolio.meb.k12.tr,,,https://citliyolio.meb.k12.tr/tema/harita.php,2026-08-31,,,bulunamadi,,2026-10-01T18:35:56.151252+00:00,,
Bitlis,Mutki,Çitliyol Köyü İmam Hatip Ortaokulu,763955,İmam Hatip Ortaokulu,https://citliyoliho.meb.k12.tr,,,https://citliyoliho.meb.k12.tr/tema/harita.php,2026-08-31,28,28,bulundu,https://citliyoliho.meb.k12.tr/,2026-10-01T18:35:56.189750+00:00,,Öğrenci Sayısı 28
Bitlis,Mutki,Çiğdemalan İlkokulu,706516,İlkokul,https://cigdemalan.meb.k12.tr,,,https://cigdemalan.meb.k12.tr/tema/harita.php,2026-08-31,60,60,bulundu,https://cigdemalan.meb.k12.tr/tema/okulumuz_hakkinda.php,2026-10-01T18:35:56.298026+00:00,,Öğrenci : 60
Bitlis,Mutki,Çukurca Mezrası İlkokulu,706530,İlkokul,https://cukurcamezrasiilkokulu.meb.k12.tr,,,https://cukurcamezrasiilkokulu.meb.k12.tr/tema/harita.php,2026-08-31,21,21,bulundu,https://cukurcamezrasiilkokulu.meb.k12.tr/,2026-10-01T18:35:56.300234+00:00,,Öğrenci Sayısı : 21
Bitlis,Mutki,Çığır Köyü Ocaklı Mezrası İlkokulu,706501,İlkokul,https://cigirocakliilk.meb.k12.tr,,,https://cigirocakliilk.meb.k12.tr/tema/harita.php,2026-08-31,39,39,bulundu,https://cigirocakliilk.meb.k12.tr/,2026-10-01T18:35:56.393938+00:00,,Öğrenci Sayısı: 39
Bitlis,Mutki,Çığır Köyü Şehit Ahmet Tuncel İmam Hatip Ortaokulu,763860,İmam Hatip Ortaokulu,https://cigirkysehitahmettunceliho.meb.k12.tr,,,https://cigirkysehitahmettunceliho.meb.k12.tr/tema/harita.php,2026-08-31,135,135,bulundu,https://cigirkysehitahmettunceliho.meb.k12.tr/,2026-10-01T18:35:56.679826+00:00,,Öğrenci Sayısı 135
Bitlis,Mutki,Çığır İlkokulu,716961,İlkokul,https://cigirilkokulu.meb.k12.tr,,,https://cigirilkokulu.meb.k12.tr/tema/harita.php,2026-08-31,197,197,bulundu,https://cigirilkokulu.meb.k12.tr/,2026-10-01T18:35:56.789132+00:00,,Öğrenci Sayısı: 197
Bitlis,Mutki,Ölçülü Mezrası İlkokulu,853286,İlkokul,https://olculumezrasiilkokulu.meb.k12.tr,,,https://olculumezrasiilkokulu.meb.k12.tr/tema/harita.php,2026-08-31,16,16,bulundu,https://olculumezrasiilkokulu.meb.k12.tr/,2026-10-01T18:35:56.847546+00:00,,Öğrenci Sayısı: 16
Bitlis,Mutki,Özen Köyü İlkokulu,706755,İlkokul,https://ozenilkokulu13.meb.k12.tr,,,https://ozenilkokulu13.meb.k12.tr/tema/harita.php,2026-08-31,23,23,bulundu,https://ozenilkokulu13.meb.k12.tr/,2026-10-01T18:35:56.894673+00:00,,Öğrenci Sayısı: 23
Bitlis,Mutki,Üçadım Köyü İlkokulu,706819,İlkokul,https://ucadimilkokulu.meb.k12.tr,,,https://ucadimilkokulu.meb.k12.tr/tema/harita.php,2026-08-31,11,11,bulundu,https://ucadimilkokulu.meb.k12.tr/,2026-10-01T18:35:57.070190+00:00,,Öğrenci Sayısı 11
Bitlis,Mutki,İkizler Cumhuriyet Yatılı Bölge Ortaokulu,748370,Ortaokul,https://ikizlercumhuriyetybo.meb.k12.tr,,,https://ikizlercumhuriyetybo.meb.k12.tr/tema/harita.php,2026-08-31,206,206,bulundu,https://ikizlercumhuriyetybo.meb.k12.tr/,2026-10-01T18:35:57.131123+00:00,,Öğrenci Sayısı : 206
Bitlis,Mutki,İkizler Köyü İlkokulu,706646,İlkokul,https://ikizlerkoyuilkokulu.meb.k12.tr,,,https://ikizlerkoyuilkokulu.meb.k12.tr/tema/harita.php,2026-08-31,44,44,bulundu,https://ikizlerkoyuilkokulu.meb.k12.tr/,2026-10-01T18:35:57.219015+00:00,,Öğrenci Sayısı : 44
Bitlis,Mutki,Şehit Mehmet Emin Sözügüzel Ortaokulu,750570,Ortaokul,https://kocainiskoyuortaokulu.meb.k12.tr,,,https://kocainiskoyuortaokulu.meb.k12.tr/tema/harita.php,2026-08-31,61,61,bulundu,https://kocainiskoyuortaokulu.meb.k12.tr/,2026-10-01T18:35:57.245544+00:00,,Öğrenci Sayısı 61
Bitlis,Tatvan,100. Yıl Cumhuriyet Anaokulu,774782,Anaokulu,https://774782.meb.k12.tr,,,https://774782.meb.k12.tr/tema/harita.php,2026-08-31,203,203,bulundu,https://774782.meb.k12.tr/,2026-10-01T18:35:57.274697+00:00,,Öğrenci Sayısı: 203
Bitlis,Tatvan,15 Temmuz Şehitler Anaokulu,774785,Anaokulu,https://774785.meb.k12.tr,,,https://774785.meb.k12.tr/tema/harita.php,2026-08-31,180,180,bulundu,https://774785.meb.k12.tr/,2026-10-01T18:35:57.547423+00:00,,Öğrenci Sayısı: 180
Bitlis,Tatvan,15 Temmuz Şehitler Ortaokulu,767996,Ortaokul,https://767996.meb.k12.tr,,,https://767996.meb.k12.tr/tema/harita.php,2026-08-31,342,342,bulundu,https://767996.meb.k12.tr/,2026-10-01T18:35:57.657744+00:00,,Öğrenci Sayısı : 342
Bitlis,Tatvan,75.Yıl İMKB Jnd.Çav.Sedat Köroğlu Yatılı Bölge Ortaokulu,747844,Ortaokul,https://yelkenliybo.meb.k12.tr,,,https://yelkenliybo.meb.k12.tr/tema/harita.php,2026-08-31,142,142,bulundu,https://yelkenliybo.meb.k12.tr/,2026-10-01T18:35:57.735841+00:00,,Öğrenci Sayısı : 142
Bitlis,Tatvan,Ahmet Mücteba Albayrak Ortaokulu,720148,Ortaokul,https://tatvanahmetmuctebaalbayrak.meb.k12.tr,,,https://tatvanahmetmuctebaalbayrak.meb.k12.tr/tema/harita.php,2026-08-31,61,61,bulundu,https://tatvanahmetmuctebaalbayrak.meb.k12.tr/,2026-10-01T18:35:57.743290+00:00,,Öğrenci Sayısı 61
Bitlis,Tatvan,Ahmet Mücteba Albayrak İlkokulu,720139,İlkokul,https://ahmetmuctebaalbayrakilkokulu.meb.k12.tr,,,https://ahmetmuctebaalbayrakilkokulu.meb.k12.tr/tema/harita.php,2026-08-31,109,109,bulundu,https://ahmetmuctebaalbayrakilkokulu.meb.k12.tr/,2026-10-01T18:35:57.760297+00:00,,Öğrenci Sayısı 109
Bitlis,Tatvan,Alacabük Ortaokulu,720489,Ortaokul,https://tatvanalacabukoo.meb.k12.tr,,,https://tatvanalacabukoo.meb.k12.tr/tema/harita.php,2026-08-31,55,55,bulundu,https://tatvanalacabukoo.meb.k12.tr/,2026-10-01T18:35:57.785804+00:00,,Öğrenci Sayısı : 55
Bitlis,Tatvan,Alacabük İlkokulu,720474,İlkokul,https://tatvanalacabukio.meb.k12.tr,,,https://tatvanalacabukio.meb.k12.tr/tema/harita.php,2026-08-31,42,42,bulundu,https://tatvanalacabukio.meb.k12.tr/tema/okulumuz_hakkinda.php,2026-10-01T18:35:57.825823+00:00,,Öğrenci : 42
Bitlis,Tatvan,Atatürk Anadolu Lisesi,767262,Anadolu Lisesi,https://767262.meb.k12.tr,,,https://767262.meb.k12.tr/tema/harita.php,2026-08-31,513,513,bulundu,https://767262.meb.k12.tr/,2026-10-01T18:35:57.922283+00:00,,Öğrenci Sayısı : 513
Bitlis,Tatvan,Bahçelievler Anaokulu,764180,Anaokulu,https://bahcelievlerao.meb.k12.tr,,,https://bahcelievlerao.meb.k12.tr/tema/harita.php,2026-08-31,44,44,bulundu,https://bahcelievlerao.meb.k12.tr/,2026-10-01T18:35:57.929069+00:00,,Öğrenci Sayısı: 44
Bitlis,Tatvan,Bahçelievler Ortaokulu,721317,Ortaokul,https://tatvanbahcelievlerortaokulu.meb.k12.tr,,,https://tatvanbahcelievlerortaokulu.meb.k12.tr/tema/harita.php,2026-08-31,,,bulunamadi,,2026-10-01T18:35:57.950600+00:00,,
Bitlis,Tatvan,Bahçelievler İlkokulu,720708,İlkokul,https://bahcelievlertatvan.meb.k12.tr,,,https://bahcelievlertatvan.meb.k12.tr/tema/harita.php,2026-08-31,,,bulunamadi,,2026-10-01T18:35:58.391643+00:00,,
Bitlis,Tatvan,Benekli Köyü Ortaokulu,719871,Ortaokul,https://benekliortaokulu.meb.k12.tr,,,https://benekliortaokulu.meb.k12.tr/tema/harita.php,2026-08-31,,,bulunamadi,,2026-10-01T18:35:58.404737+00:00,,
Bitlis,Tatvan,Benekli Köyü İlkokulu,719876,İlkokul,https://benekliilkokulu.meb.k12.tr,,,https://benekliilkokulu.meb.k12.tr/tema/harita.php,2026-08-31,,,bulunamadi,,2026-10-01T18:35:58.406795+00:00,,
Bitlis,Tatvan,Beştaş Mezrası İlkokulu,708115,İlkokul,https://bestasilkokulu.meb.k12.tr,,,https://bestasilkokulu.meb.k12.tr/tema/harita.php,2026-08-31,,,bulunamadi,,2026-10-01T18:35:58.408856+00:00,,
Bitlis,Tatvan,Cumhuriyet Ortaokulu,720808,Ortaokul,https://tatvancumhuriyetoo.meb.k12.tr,,,https://tatvancumhuriyetoo.meb.k12.tr/tema/harita.php,2026-08-31,,,bulunamadi,,2026-10-01T18:35:58.454243+00:00,,
Bitlis,Tatvan,Cumhuriyet İlkokulu,720812,İlkokul,https://tatvancumhuriyetilko.meb.k12.tr,,,https://tatvancumhuriyetilko.meb.k12.tr/tema/harita.php,2026-08-31,393,393,bulundu,https://tatvancumhuriyetilko.meb.k12.tr/,2026-10-01T18:35:58.638799+00:00,,Öğrenci Sayısı: 393
Bitlis,Tatvan,Dalda Köyü İlkokulu,719752,İlkokul,https://719752.meb.k12.tr,,,https://719752.meb.k12.tr/tema/harita.php,2026-08-31,29,29,bulundu,https://719752.meb.k12.tr/,2026-10-01T18:35:58.764098+00:00,,Öğrenci Sayısı 29
Bitlis,Tatvan,Dumlupınar Ortaokulu,720675,Ortaokul,https://tatvandumlupinarortaokulu.meb.k12.tr,,,https://tatvandumlupinarortaokulu.meb.k12.tr/tema/harita.php,2026-08-31,181,181,bulundu,https://tatvandumlupinarortaokulu.meb.k12.tr/,2026-10-01T18:35:58.764825+00:00,,Öğrenci Sayısı 181
Bitlis,Tatvan,Dumlupınar İlkokulu,720677,İlkokul,https://tatvandumlupinarilkokulu.meb.k12.tr,,,https://tatvandumlupinarilkokulu.meb.k12.tr/tema/harita.php,2026-08-31,414,414,bulundu,https://tatvandumlupinarilkokulu.meb.k12.tr/,2026-10-01T18:35:58.821219+00:00,,Öğrenci Sayısı : 414
Bitlis,Tatvan,Eğritaş Köyü Mesut Peker İlkokulu,887843,İlkokul,https://887843.meb.k12.tr,,,https://887843.meb.k12.tr/tema/harita.php,2026-08-31,12,12,bulundu,https://887843.meb.k12.tr/,2026-10-01T18:35:58.843330+00:00,,Öğrenci Sayısı : 12
Bitlis,Tatvan,Faki Teyran Anaokulu,759895,Anaokulu,https://fakiteyrananaokulu.meb.k12.tr,,,https://fakiteyrananaokulu.meb.k12.tr/tema/harita.php,2026-08-31,113,113,bulundu,https://fakiteyrananaokulu.meb.k12.tr/,2026-10-01T18:35:58.861672+00:00,,Öğrenci Sayısı: 113
Bitlis,Tatvan,Fatih Anaokulu,972105,Anaokulu,https://tatvanfatihanaokulu.meb.k12.tr,,,https://tatvanfatihanaokulu.meb.k12.tr/tema/harita.php,2026-08-31,55,55,bulundu,https://tatvanfatihanaokulu.meb.k12.tr/,2026-10-01T18:35:58.866429+00:00,,Öğrenci Sayısı: 55
Bitlis,Tatvan,Fatih Ortaokulu,721329,Ortaokul,https://tatvanfatihortaokulu.meb.k12.tr,,,https://tatvanfatihortaokulu.meb.k12.tr/tema/harita.php,2026-08-31,245,245,bulundu,https://tatvanfatihortaokulu.meb.k12.tr/,2026-10-01T18:35:58.874379+00:00,,Öğrenci Sayısı 245
Bitlis,Tatvan,Fatih İlkokulu,721291,İlkokul,https://tatvanfatihilkokulu.meb.k12.tr,,,https://tatvanfatihilkokulu.meb.k12.tr/tema/harita.php,2026-08-31,348,348,bulundu,https://tatvanfatihilkokulu.meb.k12.tr/,2026-10-01T18:35:59.063586+00:00,,Öğrenci Sayısı 348
Bitlis,Tatvan,Göllü Köyü Ortaokulu,719884,Ortaokul,https://tatvangollukoyuortaokulu.meb.k12.tr,,,https://tatvangollukoyuortaokulu.meb.k12.tr/tema/harita.php,2026-08-31,41,41,bulundu,https://tatvangollukoyuortaokulu.meb.k12.tr/,2026-10-01T18:35:59.096843+00:00,,Öğrenci Sayısı : 41
Bitlis,Tatvan,Göllü Köyü İlkokulu,719897,İlkokul,https://tatvangolluilkokulu.meb.k12.tr,,,https://tatvangolluilkokulu.meb.k12.tr/tema/harita.php,2026-08-31,32,32,bulundu,https://tatvangolluilkokulu.meb.k12.tr/,2026-10-01T18:35:59.125797+00:00,,Öğrenci Sayısı : 32
Bitlis,Tatvan,Güntepe Köyü Ahmed-i Hani İlkokulu,760127,İlkokul,https://guntepekoyuahmedihaniilkokulu.meb.k12.tr,,,https://guntepekoyuahmedihaniilkokulu.meb.k12.tr/tema/harita.php,2026-08-31,153,153,bulundu,https://guntepekoyuahmedihaniilkokulu.meb.k12.tr/,2026-10-01T18:35:59.188605+00:00,,Öğrenci Sayısı : 153
Bitlis,Tatvan,Güntepe İmam Hatip Ortaokulu,776856,İmam Hatip Ortaokulu,https://776856.meb.k12.tr,,,https://776856.meb.k12.tr/tema/harita.php,2026-08-31,75,75,bulundu,https://776856.meb.k12.tr/,2026-10-01T18:35:59.234801+00:00,,Öğrenci Sayısı : 75
Bitlis,Tatvan,Harmanlı Köyü İlkokulu,770716,İlkokul,https://770716.meb.k12.tr,,,https://770716.meb.k12.tr/tema/harita.php,2026-08-31,0,0,bulundu,https://770716.meb.k12.tr/,2026-10-01T18:35:59.286769+00:00,,Öğrenci Sayısı : 0
Bitlis,Tatvan,Hidayet İlkokulu,768701,İlkokul,https://hidayetilkokulu.meb.k12.tr,,,https://hidayetilkokulu.meb.k12.tr/tema/harita.php,2026-08-31,585,585,bulundu,https://hidayetilkokulu.meb.k12.tr/,2026-10-01T18:35:59.341823+00:00,,Öğrenci Sayısı 585
Bitlis,Tatvan,Hüseyin Çelik Anadolu Lisesi,972753,Anadolu Lisesi,https://hseyincelikanadolulisesi.meb.k12.tr,,,https://hseyincelikanadolulisesi.meb.k12.tr/tema/harita.php,2026-08-31,910,910,bulundu,https://hseyincelikanadolulisesi.meb.k12.tr/,2026-10-01T18:35:59.447580+00:00,,Öğrenci Sayısı 910
Bitlis,Tatvan,Hüsnü M. Özyeğin Vakfı-Deniz Süren Ortaokulu,738459,Ortaokul,https://husnuozyeginortaokulu.meb.k12.tr,,,https://husnuozyeginortaokulu.meb.k12.tr/tema/harita.php,2026-08-31,97,97,bulundu,https://husnuozyeginortaokulu.meb.k12.tr/,2026-10-01T18:35:59.734941+00:00,,Öğrenci Sayısı 97
Bitlis,Tatvan,Karataş Ortaokulu,775825,Ortaokul,https://tatvankaratasortaokulu.meb.k12.tr,,,https://tatvankaratasortaokulu.meb.k12.tr/tema/harita.php,2026-08-31,383,383,bulundu,https://tatvankaratasortaokulu.meb.k12.tr/,2026-10-01T18:35:59.873701+00:00,,Öğrenci Sayısı : 383
Bitlis,Tatvan,Karataş İlkokulu,775826,İlkokul,https://tatvankaratasilkokulu.meb.k12.tr,,,https://tatvankaratasilkokulu.meb.k12.tr/tema/harita.php,2026-08-31,122,122,bulundu,https://tatvankaratasilkokulu.meb.k12.tr/,2026-10-01T18:35:59.914877+00:00,,Öğrenci Sayısı: 122
Bitlis,Tatvan,Karşıyaka Ortaokulu,721310,Ortaokul,https://tatvankarsiyakaort.meb.k12.tr,,,https://tatvankarsiyakaort.meb.k12.tr/tema/harita.php,2026-08-31,240,240,bulundu,https://tatvankarsiyakaort.meb.k12.tr/,2026-10-01T18:35:59.917372+00:00,,Öğrenci Sayısı : 240
Bitlis,Tatvan,Karşıyaka İlkokulu,737832,İlkokul,https://tatvankarsiyakailkokulu.meb.k12.tr,,,https://tatvankarsiyakailkokulu.meb.k12.tr/tema/harita.php,2026-08-31,195,195,bulundu,https://tatvankarsiyakailkokulu.meb.k12.tr/,2026-10-01T18:35:59.982348+00:00,,Öğrenci Sayısı: 195
Bitlis,Tatvan,Koyunpınar İlkokulu,708356,İlkokul,https://708356.meb.k12.tr,,,https://708356.meb.k12.tr/tema/harita.php,2026-08-31,14,14,bulundu,https://708356.meb.k12.tr/,2026-10-01T18:36:00.012954+00:00,,Öğrenci Sayısı : 14
Bitlis,Tatvan,Kuruyaka  Köyü İlkokulu,770715,İlkokul,https://770715.meb.k12.tr,,,https://770715.meb.k12.tr/tema/harita.php,2026-08-31,,,bulunamadi,,2026-10-01T18:36:00.070926+00:00,,
Bitlis,Tatvan,Köprücük Köyü İlkokulu,770784,İlkokul,https://770784.meb.k12.tr,,,https://770784.meb.k12.tr/tema/harita.php,2026-08-31,7,7,bulundu,https://770784.meb.k12.tr/,2026-10-01T18:36:00.108009+00:00,,Öğrenci Sayısı : 7
Bitlis,Tatvan,Kırkbulak Şehitler Ortaokulu,719456,Ortaokul,https://40bulak.meb.k12.tr,,,https://40bulak.meb.k12.tr/tema/harita.php,2026-08-31,51,51,bulundu,https://40bulak.meb.k12.tr/,2026-10-01T18:36:00.182925+00:00,,Öğrenci Sayısı : 51
Bitlis,Tatvan,Kırkbulak Şehitler İlkokulu,719468,İlkokul,https://40bulakilkokulu.meb.k12.tr,,,https://40bulakilkokulu.meb.k12.tr/tema/harita.php,2026-08-31,52,52,bulundu,https://40bulakilkokulu.meb.k12.tr/,2026-10-01T18:36:00.202590+00:00,,Öğrenci Sayısı : 52
Bitlis,Tatvan,Kıyıdüzü Köyü Ortaokulu,719909,Ortaokul,https://kiyiduzuortaokulu.meb.k12.tr,,,https://kiyiduzuortaokulu.meb.k12.tr/tema/harita.php,2026-08-31,94,94,bulundu,https://kiyiduzuortaokulu.meb.k12.tr/,2026-10-01T18:36:00.296639+00:00,,Öğrenci Sayısı : 94
Bitlis,Tatvan,Kıyıdüzü Köyü İlkokulu,662098,İlkokul,https://kiyiduzu.meb.k12.tr,,,https://kiyiduzu.meb.k12.tr/tema/harita.php,2026-08-31,131,131,bulundu,https://kiyiduzu.meb.k12.tr/,2026-10-01T18:36:00.429838+00:00,,Öğrenci Sayısı: 131
Bitlis,Tatvan,Mehmet Akif Ersoy Ortaokulu,720435,Ortaokul,https://tatvanmehmetakifersoyortaokulu.meb.k12.tr,,,https://tatvanmehmetakifersoyortaokulu.meb.k12.tr/tema/harita.php,2026-08-31,218,218,bulundu,https://tatvanmehmetakifersoyortaokulu.meb.k12.tr/,2026-10-01T18:36:00.459159+00:00,,Öğrenci Sayısı : 218
Bitlis,Tatvan,Mehmet Akif Ersoy İlkokulu,720443,İlkokul,https://mehmetakifersoyilkokulu13.meb.k12.tr,,,https://mehmetakifersoyilkokulu13.meb.k12.tr/tema/harita.php,2026-08-31,299,299,bulundu,https://mehmetakifersoyilkokulu13.meb.k12.tr/,2026-10-01T18:36:00.581736+00:00,,Öğrenci Sayısı 299
Bitlis,Tatvan,Mehmet Zeki Peker İlkokulu,708245,İlkokul,https://mehmetzekipekerilkokulu.meb.k12.tr,,,https://mehmetzekipekerilkokulu.meb.k12.tr/tema/harita.php,2026-08-31,39,39,bulundu,https://mehmetzekipekerilkokulu.meb.k12.tr/,2026-10-01T18:36:00.715802+00:00,,Öğrenci Sayısı : 39
Bitlis,Tatvan,Mehmetçik İlkokulu,738460,İlkokul,https://mehmetciktatvan.meb.k12.tr,,,https://mehmetciktatvan.meb.k12.tr/tema/harita.php,2026-08-31,717,717,bulundu,https://mehmetciktatvan.meb.k12.tr/,2026-10-01T18:36:00.985888+00:00,,Öğrenci Sayısı: 717
Bitlis,Tatvan,Mevlana İlkokulu,766514,İlkokul,https://tatvanmevlanailkokulu.meb.k12.tr,,,https://tatvanmevlanailkokulu.meb.k12.tr/tema/harita.php,2026-08-31,78,78,bulundu,https://tatvanmevlanailkokulu.meb.k12.tr/,2026-10-01T18:36:01.052500+00:00,,Öğrenci Sayısı 78
Bitlis,Tatvan,Milli Hakimiyet İlkokulu,721038,İlkokul,https://tatvanmillihakimiyet.meb.k12.tr,,,https://tatvanmillihakimiyet.meb.k12.tr/tema/harita.php,2026-08-31,188,188,bulundu,https://tatvanmillihakimiyet.meb.k12.tr/,2026-10-01T18:36:01.080219+00:00,,Öğrenci Sayısı 188
Bitlis,Tatvan,Saadettin AKA Ortaokulu,720452,Ortaokul,https://tatvansaadettinakaortaokulu.meb.k12.tr,,,https://tatvansaadettinakaortaokulu.meb.k12.tr/tema/harita.php,2026-08-31,654,654,bulundu,https://tatvansaadettinakaortaokulu.meb.k12.tr/,2026-10-01T18:36:01.085789+00:00,,Öğrenci Sayısı 654
Bitlis,Tatvan,Sadullah Gencer Sosyal Bilimler Lisesi,969768,Sosyal Bilimler Lisesi,https://sadullahgencersosyalbilimler.meb.k12.tr,,,https://sadullahgencersosyalbilimler.meb.k12.tr/tema/harita.php,2026-08-31,203,203,bulundu,https://sadullahgencersosyalbilimler.meb.k12.tr/,2026-10-01T18:36:01.156383+00:00,,Öğrenci Sayısı : 203
Bitlis,Tatvan,Sahil Anaokulu,760790,Anaokulu,https://tatvansahilanaokulu.meb.k12.tr,,,https://tatvansahilanaokulu.meb.k12.tr/tema/harita.php,2026-08-31,146,146,bulundu,https://tatvansahilanaokulu.meb.k12.tr/,2026-10-01T18:36:01.168695+00:00,,Öğrenci Sayısı: 146
Bitlis,Tatvan,Said-i Nursi Anaokulu,774784,Anaokulu,https://774784.meb.k12.tr,,,https://774784.meb.k12.tr/tema/harita.php,2026-08-31,47,47,bulundu,https://774784.meb.k12.tr/,2026-10-01T18:36:01.343659+00:00,,Öğrenci Sayısı: 47
Bitlis,Tatvan,Said-i Nursi Ortaokulu,763848,Ortaokul,https://tatvansaidinursiortaokulu.meb.k12.tr,,,https://tatvansaidinursiortaokulu.meb.k12.tr/tema/harita.php,2026-08-31,60,60,bulundu,https://tatvansaidinursiortaokulu.meb.k12.tr/,2026-10-01T18:36:01.384557+00:00,,Öğrenci Sayısı : 60
Bitlis,Tatvan,Said-i Nursi İlkokulu,759708,İlkokul,https://tatvansaidinursi.meb.k12.tr,,,https://tatvansaidinursi.meb.k12.tr/tema/harita.php,2026-08-31,87,87,bulundu,https://tatvansaidinursi.meb.k12.tr/,2026-10-01T18:36:01.417974+00:00,,Öğrenci Sayısı : 87
Bitlis,Tatvan,Selahaddin Eyyubi Ortaokulu,720917,Ortaokul,https://selahaddineyyubi.meb.k12.tr,,,https://selahaddineyyubi.meb.k12.tr/tema/harita.php,2026-08-31,1085,1085,bulundu,https://selahaddineyyubi.meb.k12.tr/,2026-10-01T18:36:01.437741+00:00,,Öğrenci Sayısı 1085
Bitlis,Tatvan,Selahaddin Eyyubi İlkokulu,764443,İlkokul,https://tatvanselahaddineyyubilkokulu.meb.k12.tr,,,https://tatvanselahaddineyyubilkokulu.meb.k12.tr/tema/harita.php,2026-08-31,198,198,bulundu,https://tatvanselahaddineyyubilkokulu.meb.k12.tr/,2026-10-01T18:36:01.474100+00:00,,Öğrenci Sayısı : 198
Bitlis,Tatvan,Suffe İlkokulu,759781,İlkokul,https://tatvansuffeilkokulu.meb.k12.tr,,,https://tatvansuffeilkokulu.meb.k12.tr/tema/harita.php,2026-08-31,141,141,bulundu,https://tatvansuffeilkokulu.meb.k12.tr/,2026-10-01T18:36:01.555877+00:00,,Öğrenci Sayısı : 141
Bitlis,Tatvan,Sultan Alparslan İmam Hatip Ortaokulu,764577,İmam Hatip Ortaokulu,https://tatvaniho.meb.k12.tr,,,https://tatvaniho.meb.k12.tr/tema/harita.php,2026-08-31,541,541,bulundu,https://tatvaniho.meb.k12.tr/,2026-10-01T18:36:01.567231+00:00,,Öğrenci Sayısı : 541
Bitlis,Tatvan,TOKİ Prof. Dr. Fuat Sezgin Anadolu Lisesi,750220,Anadolu Lisesi,https://fuatsezginanadolulisesi.meb.k12.tr,,,https://fuatsezginanadolulisesi.meb.k12.tr/tema/harita.php,2026-08-31,487,487,bulundu,https://fuatsezginanadolulisesi.meb.k12.tr/,2026-10-01T18:36:01.616045+00:00,,Öğrenci Sayısı 487
Bitlis,Tatvan,Tatvan Anadolu Lisesi,218265,Anadolu Lisesi,https://tatvananadolulisesi.meb.k12.tr,,,https://tatvananadolulisesi.meb.k12.tr/tema/harita.php,2026-08-31,476,476,bulundu,https://tatvananadolulisesi.meb.k12.tr/,2026-10-01T18:36:01.679829+00:00,,Öğrenci Sayısı : 476
Bitlis,Tatvan,Tatvan Anaokulu,875251,Anaokulu,https://tatvananaokulu.meb.k12.tr,,,https://tatvananaokulu.meb.k12.tr/tema/harita.php,2026-08-31,54,54,bulundu,https://tatvananaokulu.meb.k12.tr/,2026-10-01T18:36:01.682522+00:00,,Öğrenci Sayısı: 54
Bitlis,Tatvan,Tatvan Atatürk Mesleki ve Teknik Anadolu Lisesi,132201,Mesleki ve Teknik Anadolu Lisesi,https://tatvanataturkmtal.meb.k12.tr,,,https://tatvanataturkmtal.meb.k12.tr/tema/harita.php,2026-08-31,368,368,bulundu,https://tatvanataturkmtal.meb.k12.tr/,2026-10-01T18:36:02.006622+00:00,,Öğrenci Sayısı : 368
Bitlis,Tatvan,Tatvan Bilim ve Sanat Merkezi,767373,Bilim ve Sanat Merkezi,https://tatvanbilsem.meb.k12.tr,,,https://tatvanbilsem.meb.k12.tr/tema/harita.php,2026-08-31,126,126,bulundu,https://tatvanbilsem.meb.k12.tr/tema/okulumuz_hakkinda.php,2026-10-01T18:36:02.064509+00:00,,Öğrenci : 126
Bitlis,Tatvan,Tatvan Cumhuriyet Anaokulu,965096,Anaokulu,https://tatvancumhuriyetanaokulu.meb.k12.tr,,,https://tatvancumhuriyetanaokulu.meb.k12.tr/tema/harita.php,2026-08-31,123,123,bulundu,https://tatvancumhuriyetanaokulu.meb.k12.tr/tema/okulumuz_hakkinda.php,2026-10-01T18:36:02.200301+00:00,,Öğrenci : 123
Bitlis,Tatvan,Tatvan Fen Lisesi,967462,Fen Lisesi,https://tatvanfenlisesi.meb.k12.tr,,,https://tatvanfenlisesi.meb.k12.tr/tema/harita.php,2026-08-31,352,352,bulundu,https://tatvanfenlisesi.meb.k12.tr/,2026-10-01T18:36:02.219431+00:00,,Öğrenci Sayısı : 352
Bitlis,Tatvan,Tatvan Halk Eğitimi Merkezi,132225,Halk Eğitimi Merkezi,https://tatvanhem.meb.k12.tr,,,https://tatvanhem.meb.k12.tr/tema/harita.php,2026-08-31,,,bulunamadi,,2026-10-01T18:36:02.263045+00:00,,
Bitlis,Tatvan,Tatvan Kültür Ortaokulu,775510,Ortaokul,https://775510.meb.k12.tr,,,https://775510.meb.k12.tr/tema/harita.php,2026-08-31,317,317,bulundu,https://775510.meb.k12.tr/tema/okulumuz_hakkinda.php,2026-10-01T18:36:02.301687+00:00,,Öğrenci : 317
Bitlis,Tatvan,Tatvan Kültür İlkokulu,775509,İlkokul,https://775509.meb.k12.tr,,,https://775509.meb.k12.tr/tema/harita.php,2026-08-31,456,456,bulundu,https://775509.meb.k12.tr/,2026-10-01T18:36:02.318477+00:00,,Öğrenci Sayısı : 456
Bitlis,Tatvan,Tatvan Küçüksu Köyü Vali Uğur BORAN Ortaokulu,719919,Ortaokul,https://tatvankucuksu.meb.k12.tr,,,https://tatvankucuksu.meb.k12.tr/tema/harita.php,2026-08-31,73,73,bulundu,https://tatvankucuksu.meb.k12.tr/,2026-10-01T18:36:02.374880+00:00,,Öğrenci Sayısı : 73
Bitlis,Tatvan,Tatvan Küçüksu Köyü Vali Uğur BORAN İlkokulu,719433,İlkokul,https://719433.meb.k12.tr,,,https://719433.meb.k12.tr/tema/harita.php,2026-08-31,102,102,bulundu,https://719433.meb.k12.tr/,2026-10-01T18:36:02.494521+00:00,,Öğrenci Sayısı : 102
Bitlis,Tatvan,Tatvan Kız Anadolu İmam Hatip Lisesi,765347,Anadolu İmam Hatip Lisesi,https://tatvankizaihl.meb.k12.tr,,,https://tatvankizaihl.meb.k12.tr/tema/harita.php,2026-08-31,510,510,bulundu,https://tatvankizaihl.meb.k12.tr/,2026-10-01T18:36:02.546545+00:00,,Öğrenci Sayısı 510
Bitlis,Tatvan,Tatvan Mesleki Eğitim Merkezi,764460,Mesleki Eğitim Merkezi,https://tatvanmesem.meb.k12.tr,,,https://tatvanmesem.meb.k12.tr/tema/harita.php,2026-08-31,754,754,bulundu,https://tatvanmesem.meb.k12.tr/,2026-10-01T18:36:02.641906+00:00,,Öğrenci Sayısı 754
Bitlis,Tatvan,Tatvan Mesleki ve Teknik Anadolu Lisesi,965564,Mesleki ve Teknik Anadolu Lisesi,https://tatvanmtal.meb.k12.tr,,,https://tatvanmtal.meb.k12.tr/tema/harita.php,2026-08-31,547,547,bulundu,https://tatvanmtal.meb.k12.tr/,2026-10-01T18:36:02.709116+00:00,,Öğrenci Sayısı 547
Bitlis,Tatvan,Tatvan Prof. Dr. Necmettin Erbakan İmam Hatip Ortaokulu,764159,İmam Hatip Ortaokulu,https://tatvannecmettinerbakaniho.meb.k12.tr,,,https://tatvannecmettinerbakaniho.meb.k12.tr/tema/harita.php,2026-08-31,122,122,bulundu,https://tatvannecmettinerbakaniho.meb.k12.tr/,2026-10-01T18:36:02.735762+00:00,,Öğrenci Sayısı : 122
Bitlis,Tatvan,Tatvan Rehberlik ve Araştırma Merkezi,963761,Rehberlik ve Araştırma Merkezi,https://tatvanram.meb.k12.tr,,,https://tatvanram.meb.k12.tr/tema/harita.php,2026-08-31,,,bulunamadi,,2026-10-01T18:36:02.772387+00:00,,
Bitlis,Tatvan,Tatvan Sarıkum Köyü Hayrettin Sancar Ortaokulu,759605,Ortaokul,https://sarikumhayrettinsancarortaokulu.meb.k12.tr,,,https://sarikumhayrettinsancarortaokulu.meb.k12.tr/tema/harita.php,2026-08-31,68,68,bulundu,https://sarikumhayrettinsancarortaokulu.meb.k12.tr/,2026-10-01T18:36:02.801984+00:00,,Öğrenci Sayısı : 68
Bitlis,Tatvan,Tatvan Sarıkum Köyü Hayrettin Sancar İlkokulu,759606,İlkokul,https://sarikumhayrettinsancarilkokulu.meb.k12.tr,,,https://sarikumhayrettinsancarilkokulu.meb.k12.tr/tema/harita.php,2026-08-31,84,84,bulundu,https://sarikumhayrettinsancarilkokulu.meb.k12.tr/,2026-10-01T18:36:02.974661+00:00,,Öğrenci Sayısı 84
Bitlis,Tatvan,Tatvan Sarıkum Köyü Ortaokulu,719442,Ortaokul,https://tatvansarikumortaokulu.meb.k12.tr,,,https://tatvansarikumortaokulu.meb.k12.tr/tema/harita.php,2026-08-31,93,93,bulundu,https://tatvansarikumortaokulu.meb.k12.tr/,2026-10-01T18:36:03.198930+00:00,,Öğrenci Sayısı : 93
Bitlis,Tatvan,Tatvan Sarıkum Köyü İlkokulu,719449,İlkokul,https://tatvansarikumilkokulu.meb.k12.tr,,,https://tatvansarikumilkokulu.meb.k12.tr/tema/harita.php,2026-08-31,132,132,bulundu,https://tatvansarikumilkokulu.meb.k12.tr/,2026-10-01T18:36:03.210425+00:00,,Öğrenci Sayısı 132
Bitlis,Tatvan,Tatvan Seydi Ali Reis Denizcilik Mesleki ve Teknik Anadolu Lisesi,970356,Mesleki ve Teknik Anadolu Lisesi,https://seydialireis.meb.k12.tr,,,https://seydialireis.meb.k12.tr/tema/harita.php,2026-08-31,356,356,bulundu,https://seydialireis.meb.k12.tr/,2026-10-01T18:36:03.545859+00:00,,Öğrenci Sayısı 356
Bitlis,Tatvan,Tatvan Valide Sultan Kız Mesleki ve Teknik Anadolu Lisesi,132213,Mesleki ve Teknik Anadolu Lisesi,https://tatvanvalidesultanmtal.meb.k12.tr,,,https://tatvanvalidesultanmtal.meb.k12.tr/tema/harita.php,2026-08-31,236,236,bulundu,https://tatvanvalidesultanmtal.meb.k12.tr/,2026-10-01T18:36:03.606299+00:00,,Öğrenci Sayısı : 236
Bitlis,Tatvan,Tatvan Van Gölü Ortaokulu,720501,Ortaokul,https://vangoluortaokulu.meb.k12.tr,,,https://vangoluortaokulu.meb.k12.tr/tema/harita.php,2026-08-31,336,336,bulundu,https://vangoluortaokulu.meb.k12.tr/,2026-10-01T18:36:03.616140+00:00,,Öğrenci Sayısı : 336
Bitlis,Tatvan,Tatvan Van Gölü İlkokulu,720518,İlkokul,https://vangoluilkokulu.meb.k12.tr,,,https://vangoluilkokulu.meb.k12.tr/tema/harita.php,2026-08-31,347,347,bulundu,https://vangoluilkokulu.meb.k12.tr/,2026-10-01T18:36:03.660002+00:00,,Öğrenci Sayısı: 347
Bitlis,Tatvan,Tatvan Özel Eğitim Anaokulu,773423,Anaokulu,https://773423.meb.k12.tr,,,https://773423.meb.k12.tr/tema/harita.php,2026-08-31,38,38,bulundu,https://773423.meb.k12.tr/,2026-10-01T18:36:03.704372+00:00,,Öğrenci Sayısı: 38
Bitlis,Tatvan,Tatvan Özel Eğitim Uygulama Okulu I. Kademe,750351,Özel Eğitim Kurumu,https://750351.meb.k12.tr,,,https://750351.meb.k12.tr/tema/harita.php,2026-08-31,36,36,bulundu,https://750351.meb.k12.tr/,2026-10-01T18:36:03.768304+00:00,,Öğrenci Sayısı 36
Bitlis,Tatvan,Tatvan Özel Eğitim Uygulama Okulu II. Kademe,750352,Özel Eğitim Kurumu,https://tatvanuygulamaokulu.meb.k12.tr,,,https://tatvanuygulamaokulu.meb.k12.tr/tema/harita.php,2026-08-31,43,43,bulundu,https://tatvanuygulamaokulu.meb.k12.tr/,2026-10-01T18:36:03.776280+00:00,,Öğrenci Sayısı 43
Bitlis,Tatvan,Tatvan Özel Eğitim Uygulama Okulu III. Kademe,767259,Özel Eğitim Kurumu,https://767259.meb.k12.tr,,,https://767259.meb.k12.tr/tema/harita.php,2026-08-31,78,78,bulundu,https://767259.meb.k12.tr/,2026-10-01T18:36:03.834696+00:00,,Öğrenci Sayısı : 78
Bitlis,Tatvan,Tatvan Öğretmenevi ve Akşam Sanat Okulu,971074,Öğretmenevi,https://tatvanogretmenevi.meb.k12.tr,,,https://tatvanogretmenevi.meb.k12.tr/tema/harita.php,2026-08-31,,,bulunamadi,,2026-10-01T18:36:04.207594+00:00,,
Bitlis,Tatvan,Tatvan İMKB Ortaokulu,720945,Ortaokul,https://tatvanimkbortaokulu.meb.k12.tr,,,https://tatvanimkbortaokulu.meb.k12.tr/tema/harita.php,2026-08-31,253,253,bulundu,https://tatvanimkbortaokulu.meb.k12.tr/,2026-10-01T18:36:04.222664+00:00,,Öğrenci Sayısı : 253
Bitlis,Tatvan,Tatvan İMKB İlkokulu,738335,İlkokul,https://tatvanimkbilkokulu.meb.k12.tr,,,https://tatvanimkbilkokulu.meb.k12.tr/tema/harita.php,2026-08-31,357,357,bulundu,https://tatvanimkbilkokulu.meb.k12.tr/tema/okulumuz_hakkinda.php,2026-10-01T18:36:04.293941+00:00,,Öğrenci : 357
Bitlis,Tatvan,Tatvan Şehit Mehmet Ali Kılıç Anadolu İmam Hatip Lisesi,372934,Anadolu İmam Hatip Lisesi,https://tatvansmakihl.meb.k12.tr,,,https://tatvansmakihl.meb.k12.tr/tema/harita.php,2026-08-31,291,291,bulundu,https://tatvansmakihl.meb.k12.tr/,2026-10-01T18:36:04.645434+00:00,,Öğrenci Sayısı : 291
Bitlis,Tatvan,Tatvan Şehit Ömer Halisdemir İmam Hatip Ortaokulu,758931,İmam Hatip Ortaokulu,https://tatvansohalisdemir-iho.meb.k12.tr,,,https://tatvansohalisdemir-iho.meb.k12.tr/tema/harita.php,2026-08-31,167,167,bulundu,https://tatvansohalisdemir-iho.meb.k12.tr/,2026-10-01T18:36:04.740438+00:00,,Öğrenci Sayısı : 167
Bitlis,Tatvan,Tuğ Ortaokulu,720897,Ortaokul,https://tugortaokulu.meb.k12.tr,,,https://tugortaokulu.meb.k12.tr/tema/harita.php,2026-08-31,1210,1210,bulundu,https://tugortaokulu.meb.k12.tr/,2026-10-01T18:36:04.751074+00:00,,Öğrenci Sayısı : 1210
Bitlis,Tatvan,Türkiye Odalar ve Borsalar Birliği (TOBB) Nene Hatun Mesleki ve Teknik Anadolu Lisesi,767469,Mesleki ve Teknik Anadolu Lisesi,https://tatvannenehatunmtal.meb.k12.tr,,,https://tatvannenehatunmtal.meb.k12.tr/tema/harita.php,2026-08-31,563,563,bulundu,https://tatvannenehatunmtal.meb.k12.tr/,2026-10-01T18:36:04.763107+00:00,,Öğrenci Sayısı : 563
Bitlis,Tatvan,Türkiye Yüzyılı İMKB Ortaokulu,748396,Ortaokul,https://turkiyeyuzyiliimkbo.meb.k12.tr,,,https://turkiyeyuzyiliimkbo.meb.k12.tr/tema/harita.php,2026-08-31,143,143,bulundu,https://turkiyeyuzyiliimkbo.meb.k12.tr/tema/okulumuz_hakkinda.php,2026-10-01T18:36:04.788912+00:00,,Öğrenci : 143
Bitlis,Tatvan,Uluer İlkokulu,721052,İlkokul,https://tatvanuluerilkokulu.meb.k12.tr,,,https://tatvanuluerilkokulu.meb.k12.tr/tema/harita.php,2026-08-31,888,888,bulundu,https://tatvanuluerilkokulu.meb.k12.tr/,2026-10-01T18:36:04.865123+00:00,,Öğrenci Sayısı : 888
Bitlis,Tatvan,Vakıfbank İlkokulu,738423,İlkokul,https://tatvanvakifbankilkokulu.meb.k12.tr,,,https://tatvanvakifbankilkokulu.meb.k12.tr/tema/harita.php,2026-08-31,582,582,bulundu,https://tatvanvakifbankilkokulu.meb.k12.tr/,2026-10-01T18:36:04.903854+00:00,,Öğrenci Sayısı: 582
Bitlis,Tatvan,Yavuz Sultan Selim Ortaokulu,766127,Ortaokul,https://tatvanyavuzsultanselimoo.meb.k12.tr,,,https://tatvanyavuzsultanselimoo.meb.k12.tr/tema/harita.php,2026-08-31,253,253,bulundu,https://tatvanyavuzsultanselimoo.meb.k12.tr/,2026-10-01T18:36:04.972417+00:00,,Öğrenci Sayısı : 253
Bitlis,Tatvan,Yelkenli İlkokulu,708459,İlkokul,https://yelkenli.meb.k12.tr,,,https://yelkenli.meb.k12.tr/tema/harita.php,2026-08-31,58,58,bulundu,https://yelkenli.meb.k12.tr/,2026-10-01T18:36:04.973747+00:00,,Öğrenci Sayısı : 58
Bitlis,Tatvan,Yoncabaşı Ortaokulu,708915,Ortaokul,https://yoncabasiortaokulu.meb.k12.tr,,,https://yoncabasiortaokulu.meb.k12.tr/tema/harita.php,2026-08-31,78,78,bulundu,https://yoncabasiortaokulu.meb.k12.tr/,2026-10-01T18:36:05.043234+00:00,,Öğrenci Sayısı : 78
Bitlis,Tatvan,Yoncabaşı İlkokulu,746799,İlkokul,https://yoncabasiilkokulu.meb.k12.tr,,,https://yoncabasiilkokulu.meb.k12.tr/tema/harita.php,2026-08-31,84,84,bulundu,https://yoncabasiilkokulu.meb.k12.tr/,2026-10-01T18:36:05.076835+00:00,,Öğrenci Sayısı : 84
Bitlis,Tatvan,Yumurtatepe İlkokulu,887470,İlkokul,https://yumurtatepeilkokulu.meb.k12.tr,,,https://yumurtatepeilkokulu.meb.k12.tr/tema/harita.php,2026-08-31,31,31,bulundu,https://yumurtatepeilkokulu.meb.k12.tr/,2026-10-01T18:36:05.145042+00:00,,Öğrenci Sayısı : 31
Bitlis,Tatvan,Yunus Emre Anaokulu,764185,Anaokulu,https://tatvanyunusemreanaokulu.meb.k12.tr,,,https://tatvanyunusemreanaokulu.meb.k12.tr/tema/harita.php,2026-08-31,151,151,bulundu,https://tatvanyunusemreanaokulu.meb.k12.tr/,2026-10-01T18:36:05.351629+00:00,,Öğrenci Sayısı 151
Bitlis,Tatvan,Zeki Ergezen İlkokulu,721084,İlkokul,https://zekiergezenioo.meb.k12.tr,,,https://zekiergezenioo.meb.k12.tr/tema/harita.php,2026-08-31,132,132,bulundu,https://zekiergezenioo.meb.k12.tr/,2026-10-01T18:36:05.366748+00:00,,Öğrenci Sayısı : 132
Bitlis,Tatvan,Çalıdüzü İlkokulu,976494,İlkokul,https://976494.meb.k12.tr,,,https://976494.meb.k12.tr/tema/harita.php,2026-08-31,25,25,bulundu,https://976494.meb.k12.tr/,2026-10-01T18:36:05.694054+00:00,,Öğrenci Sayısı : 25
Bitlis,Tatvan,Çanakdüzü Köyü Ortaokulu,719475,Ortaokul,https://tatvancanakduzuortaokulu.meb.k12.tr,,,https://tatvancanakduzuortaokulu.meb.k12.tr/tema/harita.php,2026-08-31,43,43,bulundu,https://tatvancanakduzuortaokulu.meb.k12.tr/,2026-10-01T18:36:05.728325+00:00,,Öğrenci Sayısı : 43
Bitlis,Tatvan,Çanakdüzü Köyü İlkokulu,719427,İlkokul,https://719427.meb.k12.tr,,,https://719427.meb.k12.tr/tema/harita.php,2026-08-31,52,52,bulundu,https://719427.meb.k12.tr/,2026-10-01T18:36:05.861789+00:00,,Öğrenci Sayısı : 52
Bitlis,Tatvan,Çağlayan Ortaokulu,720741,Ortaokul,https://tatvancaglayanortaokulu.meb.k12.tr,,,https://tatvancaglayanortaokulu.meb.k12.tr/tema/harita.php,2026-08-31,30,30,bulundu,https://tatvancaglayanortaokulu.meb.k12.tr/,2026-10-01T18:36:05.996814+00:00,,Öğrenci Sayısı 30
Bitlis,Tatvan,Çağlayan İlkokulu,720747,İlkokul,https://tatvancaglayanilkokulu.meb.k12.tr,,,https://tatvancaglayanilkokulu.meb.k12.tr/tema/harita.php,2026-08-31,46,46,bulundu,https://tatvancaglayanilkokulu.meb.k12.tr/,2026-10-01T18:36:05.998801+00:00,,Öğrenci Sayısı 46
Bitlis,Tatvan,Çekmece Ortaokulu,708782,Ortaokul,https://708782.meb.k12.tr,,,https://708782.meb.k12.tr/tema/harita.php,2026-08-31,25,25,bulundu,https://708782.meb.k12.tr/tema/okulumuz_hakkinda.php,2026-10-01T18:36:06.090178+00:00,,Öğrenci : 25
Bitlis,Tatvan,Çekmece İlkokulu,708788,İlkokul,https://708788.meb.k12.tr,,,https://708788.meb.k12.tr/tema/harita.php,2026-08-31,33,33,bulundu,https://708788.meb.k12.tr/tema/okulumuz_hakkinda.php,2026-10-01T18:36:06.168066+00:00,,Öğrenci : 33
Bitlis,Tatvan,Örenlik İlkokulu,708389,İlkokul,https://orenlik.meb.k12.tr,,,https://orenlik.meb.k12.tr/tema/harita.php,2026-08-31,24,24,bulundu,https://orenlik.meb.k12.tr/,2026-10-01T18:36:06.233879+00:00,,Öğrenci Sayısı: 24
Bitlis,Tatvan,İbn-i Sina Anaokulu,769025,Anaokulu,https://tatvanibnisinaanaokulu.meb.k12.tr,,,https://tatvanibnisinaanaokulu.meb.k12.tr/tema/harita.php,2026-08-31,78,78,bulundu,https://tatvanibnisinaanaokulu.meb.k12.tr/,2026-10-01T18:36:06.279821+00:00,,Öğrenci Sayısı: 78
Bitlis,Tatvan,İlk Adım Anaokulu,966751,Anaokulu,https://ilkadimanaokulu13.meb.k12.tr,,,https://ilkadimanaokulu13.meb.k12.tr/tema/harita.php,2026-08-31,3,3,bulundu,https://ilkadimanaokulu13.meb.k12.tr/,2026-10-01T18:36:06.341996+00:00,,Öğrenci Sayısı: 3
Bitlis,Tatvan,İstasyon İlkokulu,720459,İlkokul,https://tatvanistasyonilkokulu.meb.k12.tr,,,https://tatvanistasyonilkokulu.meb.k12.tr/tema/harita.php,2026-08-31,609,609,bulundu,https://tatvanistasyonilkokulu.meb.k12.tr/,2026-10-01T18:36:06.471543+00:00,,Öğrenci Sayısı: 609
Bitlis,Tatvan,Şehit Öğr.Bayram Yasemin Tekin İlkokulu,738450,İlkokul,https://sehitogretmen.meb.k12.tr,,,https://sehitogretmen.meb.k12.tr/tema/harita.php,2026-08-31,499,499,bulundu,https://sehitogretmen.meb.k12.tr/,2026-10-01T18:36:06.604786+00:00,,Öğrenci Sayısı : 499
Bolu,Dörtdivan,Dörtdivan Anaokulu,766032,Anaokulu,https://dortdivananaokulu.meb.k12.tr,,,https://dortdivananaokulu.meb.k12.tr/tema/harita.php,2026-08-31,44,44,bulundu,https://dortdivananaokulu.meb.k12.tr/,2026-10-01T18:36:06.816996+00:00,,Öğrenci Sayısı: 44
Bolu,Dörtdivan,Dörtdivan Cumhuriyet İlkokulu,313682,İlkokul,https://dortdivancio.meb.k12.tr,,,https://dortdivancio.meb.k12.tr/tema/harita.php,2026-08-31,44,44,bulundu,https://dortdivancio.meb.k12.tr/,2026-10-01T18:36:06.823978+00:00,,Öğrenci Sayısı : 44
Bolu,Dörtdivan,Dörtdivan Halk Eğitimi Merkezi,278104,Halk Eğitimi Merkezi,https://dortdivanhem.meb.k12.tr,,,https://dortdivanhem.meb.k12.tr/tema/harita.php,2026-08-31,,,bulunamadi,,2026-10-01T18:36:06.941474+00:00,,
Bolu,Dörtdivan,Dörtdivan Çok Programlı Anadolu Lisesi,386541,Çok Programlı Anadolu Lisesi,https://dortdivancpal.meb.k12.tr,,,https://dortdivancpal.meb.k12.tr/tema/harita.php,2026-08-31,50,50,bulundu,https://dortdivancpal.meb.k12.tr/,2026-10-01T18:36:06.954745+00:00,,Öğrenci Sayısı : 50
Bolu,Dörtdivan,Dörtdivan Öğretmenevi ve Akşam Sanat Okulu,971078,Öğretmenevi,https://dortdivanogretmenevi.meb.k12.tr,,,https://dortdivanogretmenevi.meb.k12.tr/tema/harita.php,2026-08-31,,,bulunamadi,,2026-10-01T18:36:07.035921+00:00,,
Bolu,Dörtdivan,Yunus Emre İmam Hatip Ortaokulu,721186,İmam Hatip Ortaokulu,https://yunusemreimamhatip.meb.k12.tr,,,https://yunusemreimamhatip.meb.k12.tr/tema/harita.php,2026-08-31,56,56,bulundu,https://yunusemreimamhatip.meb.k12.tr/,2026-10-01T18:36:07.234797+00:00,,Öğrenci Sayısı 56
Bolu,Dörtdivan,Çavuşlar İlkokulu,879655,İlkokul,https://cavuslar.meb.k12.tr,,,https://cavuslar.meb.k12.tr/tema/harita.php,2026-08-31,100,100,bulundu,https://cavuslar.meb.k12.tr/,2026-10-01T18:36:07.275371+00:00,,Öğrenci Sayısı : 100
Bolu,Dörtdivan,Şehit Orhan Yalçın Ortaokulu,525889,Ortaokul,https://sehitorhanyalcinortaokulu.meb.k12.tr,,,https://sehitorhanyalcinortaokulu.meb.k12.tr/tema/harita.php,2026-08-31,47,47,bulundu,https://sehitorhanyalcinortaokulu.meb.k12.tr/,2026-10-01T18:36:07.288022+00:00,,Öğrenci Sayısı : 47
Bolu,Gerede,Bahçelievler İlkokulu,759240,İlkokul,https://geredebahcelievlerio.meb.k12.tr,,,https://geredebahcelievlerio.meb.k12.tr/tema/harita.php,2026-08-31,149,149,bulundu,https://geredebahcelievlerio.meb.k12.tr/,2026-10-01T18:36:07.523076+00:00,,Öğrenci Sayısı: 149
Bolu,Gerede,Esentepe Ortaokulu,703072,Ortaokul,https://esentepeortaokulu14.meb.k12.tr,,,https://esentepeortaokulu14.meb.k12.tr/tema/harita.php,2026-08-31,364,364,bulundu,https://esentepeortaokulu14.meb.k12.tr/,2026-10-01T18:36:07.567110+00:00,,Öğrenci Sayısı : 364
Bolu,Gerede,Fatma SeyitMehmet Eren Anaokulu,749637,Anaokulu,https://geredefsmeanaokulu.meb.k12.tr,,,https://geredefsmeanaokulu.meb.k12.tr/tema/harita.php,2026-08-31,,,bulunamadi,,2026-10-01T18:36:07.600474+00:00,,
Bolu,Gerede,Gerede 100. Yıl İlkokulu,527205,İlkokul,https://gerede100yililkokulu.meb.k12.tr,,,https://gerede100yililkokulu.meb.k12.tr/tema/harita.php,2026-08-31,116,116,bulundu,https://gerede100yililkokulu.meb.k12.tr/,2026-10-01T18:36:07.686390+00:00,,Öğrenci Sayısı : 116
Bolu,Gerede,Gerede 100. Yıl İmam Hatip Ortaokulu,762060,İmam Hatip Ortaokulu,https://gerede100yilimamhatiportaokulu.meb.k12.tr,,,https://gerede100yilimamhatiportaokulu.meb.k12.tr/tema/harita.php,2026-08-31,80,80,bulundu,https://gerede100yilimamhatiportaokulu.meb.k12.tr/,2026-10-01T18:36:07.760697+00:00,,Öğrenci Sayısı : 80
Bolu,Gerede,Gerede Anadolu Lisesi,132943,Anadolu Lisesi,https://geredeanadolulisesi.meb.k12.tr,,,https://geredeanadolulisesi.meb.k12.tr/tema/harita.php,2026-08-31,147,147,bulundu,https://geredeanadolulisesi.meb.k12.tr/,2026-10-01T18:36:07.792525+00:00,,Öğrenci Sayısı 147
Bolu,Gerede,Gerede Anadolu İmam Hatip Lisesi,133003,Anadolu İmam Hatip Lisesi,https://geredeihl.meb.k12.tr,,,https://geredeihl.meb.k12.tr/tema/harita.php,2026-08-31,103,103,bulundu,https://geredeihl.meb.k12.tr/,2026-10-01T18:36:07.835451+00:00,,Öğrenci Sayısı : 103
Bolu,Gerede,Gerede Aşçılık Turizm Mesleki ve Teknik Anadolu Lisesi,973356,Mesleki ve Teknik Anadolu Lisesi,https://esentepeascilik.meb.k12.tr,,,https://esentepeascilik.meb.k12.tr/tema/harita.php,2026-08-31,181,181,bulundu,https://esentepeascilik.meb.k12.tr/tema/okulumuz_hakkinda.php,2026-10-01T18:36:07.850056+00:00,,Öğrenci : 181
Bolu,Gerede,Gerede Bilim ve Sanat Merkezi,769331,Bilim ve Sanat Merkezi,https://geredebilimvesanatmerkezi.meb.k12.tr,,,https://geredebilimvesanatmerkezi.meb.k12.tr/tema/harita.php,2026-08-31,21,21,bulundu,https://geredebilimvesanatmerkezi.meb.k12.tr/,2026-10-01T18:36:07.891322+00:00,,Öğrenci Sayısı : 21
Bolu,Gerede,Gerede Eyüp Özdemir İmam Hatip Ortaokulu,770909,İmam Hatip Ortaokulu,https://770909.meb.k12.tr,,,https://770909.meb.k12.tr/tema/harita.php,2026-08-31,0,0,bulundu,https://770909.meb.k12.tr/,2026-10-01T18:36:07.997831+00:00,,Öğrenci Sayısı : 0
Bolu,Gerede,Gerede Fen Lisesi,759721,Fen Lisesi,https://geredefenlisesi.meb.k12.tr,,,https://geredefenlisesi.meb.k12.tr/tema/harita.php,2026-08-31,303,303,bulundu,https://geredefenlisesi.meb.k12.tr/,2026-10-01T18:36:08.093174+00:00,,Öğrenci Sayısı 303
Bolu,Gerede,Gerede Habibullah Üstün Kız Anadolu İmam Hatip Lisesi,763854,Anadolu İmam Hatip Lisesi,https://habibullahustunkizihl.meb.k12.tr,,,https://habibullahustunkizihl.meb.k12.tr/tema/harita.php,2026-08-31,173,173,bulundu,https://habibullahustunkizihl.meb.k12.tr/,2026-10-01T18:36:08.131356+00:00,,Öğrenci Sayısı 173
Bolu,Gerede,Gerede Hacı Sadık Öztosun Anadolu Lisesi,324786,Anadolu Lisesi,https://geredehsoal.meb.k12.tr,,,https://geredehsoal.meb.k12.tr/tema/harita.php,2026-08-31,250,250,bulundu,https://geredehsoal.meb.k12.tr/,2026-10-01T18:36:08.146952+00:00,,Öğrenci Sayısı 250
Bolu,Gerede,Gerede Halk Eğitimi Merkezi,133015,Halk Eğitimi Merkezi,https://geredehalkegitim.meb.k12.tr,,,https://geredehalkegitim.meb.k12.tr/tema/harita.php,2026-08-31,,,bulunamadi,,2026-10-01T18:36:08.670479+00:00,,
Bolu,Gerede,Gerede Mesleki Eğitim Merkezi,133027,Mesleki Eğitim Merkezi,https://geredemem.meb.k12.tr,,,https://geredemem.meb.k12.tr/tema/harita.php,2026-08-31,291,291,bulundu,https://geredemem.meb.k12.tr/,2026-10-01T18:36:08.706498+00:00,,Öğrenci Sayısı 291
Bolu,Gerede,Gerede Mesleki ve Teknik Anadolu Lisesi,132967,Mesleki ve Teknik Anadolu Lisesi,https://geredemtal.meb.k12.tr,,,https://geredemtal.meb.k12.tr/tema/harita.php,2026-08-31,117,117,bulundu,https://geredemtal.meb.k12.tr/,2026-10-01T18:36:08.718387+00:00,,Öğrenci Sayısı : 117
Bolu,Gerede,Gerede Ortaokulu,703070,Ortaokul,https://geredeortaokulu.meb.k12.tr,,,https://geredeortaokulu.meb.k12.tr/tema/harita.php,2026-08-31,202,202,bulundu,https://geredeortaokulu.meb.k12.tr/,2026-10-01T18:36:08.732490+00:00,,Öğrenci Sayısı 202
Bolu,Gerede,Gerede Seyit Mithat Dayıoğlu İmam Hatip Ortaokulu,762008,İmam Hatip Ortaokulu,https://smdayiogluihoo.meb.k12.tr,,,https://smdayiogluihoo.meb.k12.tr/tema/harita.php,2026-08-31,60,60,bulundu,https://smdayiogluihoo.meb.k12.tr/,2026-10-01T18:36:08.847573+00:00,,Öğrenci Sayısı : 60
Bolu,Gerede,Göynükören İlkokulu,527134,İlkokul,https://geredegoynukoren.meb.k12.tr,,,https://geredegoynukoren.meb.k12.tr/tema/harita.php,2026-08-31,31,31,bulundu,https://geredegoynukoren.meb.k12.tr/,2026-10-01T18:36:08.883496+00:00,,Öğrenci Sayısı: 31
Bolu,Gerede,Halil Nom İlkokulu,702977,İlkokul,https://halilnomilkokulu.meb.k12.tr,,,https://halilnomilkokulu.meb.k12.tr/tema/harita.php,2026-08-31,266,266,bulundu,https://halilnomilkokulu.meb.k12.tr/,2026-10-01T18:36:08.936827+00:00,,Öğrenci Sayısı : 266
Bolu,Gerede,Mehmet Zeliha Güzelce İlkokulu,702984,İlkokul,https://mzguzelce.meb.k12.tr,,,https://mzguzelce.meb.k12.tr/tema/harita.php,2026-08-31,430,430,bulundu,https://mzguzelce.meb.k12.tr/,2026-10-01T18:36:09.019870+00:00,,Öğrenci Sayısı: 430
Bolu,Gerede,Mustafa Çevikoğlu ve Halil Çevikoğlu İlkokulu,702993,İlkokul,https://cevikogluilkokulu.meb.k12.tr,,,https://cevikogluilkokulu.meb.k12.tr/tema/harita.php,2026-08-31,420,420,bulundu,https://cevikogluilkokulu.meb.k12.tr/,2026-10-01T18:36:09.203639+00:00,,Öğrenci Sayısı : 420
Bolu,Gerede,Nimet Meto Kız Mesleki ve Teknik Anadolu Lisesi,132979,Mesleki ve Teknik Anadolu Lisesi,https://nimetmetomtal.meb.k12.tr,,,https://nimetmetomtal.meb.k12.tr/tema/harita.php,2026-08-31,93,93,bulundu,https://nimetmetomtal.meb.k12.tr/,2026-10-01T18:36:09.328820+00:00,,Öğrenci Sayısı : 93
Bolu,Gerede,Seviller Ortaokulu,703071,Ortaokul,https://sevillerortaokulu.meb.k12.tr,,,https://sevillerortaokulu.meb.k12.tr/tema/harita.php,2026-08-31,313,313,bulundu,https://sevillerortaokulu.meb.k12.tr/,2026-10-01T18:36:09.445171+00:00,,Öğrenci Sayısı : 313
Bolu,Gerede,Seyit Mithat Dayıoğlu Ortaokulu,703074,Ortaokul,https://smdayiogluoo.meb.k12.tr,,,https://smdayiogluoo.meb.k12.tr/tema/harita.php,2026-08-31,98,98,bulundu,https://smdayiogluoo.meb.k12.tr/,2026-10-01T18:36:09.495620+00:00,,Öğrenci Sayısı : 98
Bolu,Gerede,Seyit Mithat Dayıoğlu İlkokulu,702994,İlkokul,https://smdayiogluio.meb.k12.tr,,,https://smdayiogluio.meb.k12.tr/tema/harita.php,2026-08-31,187,187,bulundu,https://smdayiogluio.meb.k12.tr/,2026-10-01T18:36:09.497113+00:00,,Öğrenci Sayısı : 187
Bolu,Gerede,Türkiye Odalar ve Borsalar Birliği Ortaokulu,775721,Ortaokul,https://geredetobbortaokulu.meb.k12.tr,,,https://geredetobbortaokulu.meb.k12.tr/tema/harita.php,2026-08-31,119,119,bulundu,https://geredetobbortaokulu.meb.k12.tr/,2026-10-01T18:36:09.587659+00:00,,Öğrenci Sayısı : 119
Bolu,Gerede,Yenimahalle Ortaokulu,703069,Ortaokul,https://geredeymo.meb.k12.tr,,,https://geredeymo.meb.k12.tr/tema/harita.php,2026-08-31,211,211,bulundu,https://geredeymo.meb.k12.tr/,2026-10-01T18:36:09.654728+00:00,,Öğrenci Sayısı : 211
Bolu,Gerede,Yenimahalle İlkokulu,702970,İlkokul,https://geredeymi.meb.k12.tr,,,https://geredeymi.meb.k12.tr/tema/harita.php,2026-08-31,200,200,bulundu,https://geredeymi.meb.k12.tr/,2026-10-01T18:36:09.818033+00:00,,Öğrenci Sayısı: 200
Bolu,Gerede,Zübeyde Hanım Anaokulu,966509,Anaokulu,https://geredeanaokulu.meb.k12.tr,,,https://geredeanaokulu.meb.k12.tr/tema/harita.php,2026-08-31,110,110,bulundu,https://geredeanaokulu.meb.k12.tr/,2026-10-01T18:36:09.898318+00:00,,Öğrenci Sayısı: 110
Bolu,Gerede,İbrahim Hilmi Koçbeyoğlu Mesleki ve Teknik Anadolu Lisesi,962360,Mesleki ve Teknik Anadolu Lisesi,https://ihksml.meb.k12.tr,,,https://ihksml.meb.k12.tr/tema/harita.php,2026-08-31,172,172,bulundu,https://ihksml.meb.k12.tr/,2026-10-01T18:36:09.911316+00:00,,Öğrenci Sayısı 172
Bolu,Gerede,Şehit İlhan Sezer İmam Hatip Ortaokulu,763892,İmam Hatip Ortaokulu,https://sehitilhansezerimamhatiportaokul.meb.k12.tr,,,https://sehitilhansezerimamhatiportaokul.meb.k12.tr/tema/harita.php,2026-08-31,92,92,bulundu,https://sehitilhansezerimamhatiportaokul.meb.k12.tr/,2026-10-01T18:36:09.929297+00:00,,Öğrenci Sayısı 92
Bolu,Göynük,Akşemsettin Anadolu İmam Hatip Lisesi,133064,Anadolu İmam Hatip Lisesi,https://akimam.meb.k12.tr,,,https://akimam.meb.k12.tr/tema/harita.php,2026-08-31,53,53,bulundu,https://akimam.meb.k12.tr/tema/okulumuz_hakkinda.php,2026-10-01T18:36:09.952024+00:00,,Öğrenci : 53
Bolu,Göynük,Ali Ericek Ortaokulu,703030,Ortaokul,https://aliericekoo.meb.k12.tr,,,https://aliericekoo.meb.k12.tr/tema/harita.php,2026-08-31,82,82,bulundu,https://aliericekoo.meb.k12.tr/,2026-10-01T18:36:09.953189+00:00,,Öğrenci Sayısı 82
Bolu,Göynük,Ali Ericek İlkokulu,527600,İlkokul,https://aliericekio.meb.k12.tr,,,https://aliericekio.meb.k12.tr/tema/harita.php,2026-08-31,100,100,bulundu,https://aliericekio.meb.k12.tr/,2026-10-01T18:36:10.181696+00:00,,Öğrenci Sayısı: 100
Bolu,Göynük,Ekinciler Ortaokulu,703082,Ortaokul,https://ekincilerortaokulu.meb.k12.tr,,,https://ekincilerortaokulu.meb.k12.tr/tema/harita.php,2026-08-31,32,32,bulundu,https://ekincilerortaokulu.meb.k12.tr/,2026-10-01T18:36:10.184233+00:00,,Öğrenci Sayısı 32
Bolu,Göynük,Ekinciler İlkokulu,703033,İlkokul,https://ekincilerilkokul.meb.k12.tr,,,https://ekincilerilkokul.meb.k12.tr/tema/harita.php,2026-08-31,40,40,bulundu,https://ekincilerilkokul.meb.k12.tr/,2026-10-01T18:36:10.186061+00:00,,Öğrenci Sayısı: 40
Bolu,Göynük,Göynük Ali Ericek İlkokulu,703031,İlkokul,https://goynukaliericekilkokulu.meb.k12.tr,,,https://goynukaliericekilkokulu.meb.k12.tr/tema/harita.php,2026-08-31,315,315,bulundu,https://goynukaliericekilkokulu.meb.k12.tr/tema/okulumuz_hakkinda.php,2026-10-01T18:36:10.217087+00:00,,Öğrenci : 315
Bolu,Göynük,Göynük Halk Eğitimi Merkezi,133076,Halk Eğitimi Merkezi,https://goynukhalkegitim.meb.k12.tr,,,https://goynukhalkegitim.meb.k12.tr/tema/harita.php,2026-08-31,,,bulunamadi,,2026-10-01T18:36:10.250146+00:00,,
Bolu,Göynük,Göynük Ortaokulu,703080,Ortaokul,https://bolugoynukortaokulu.meb.k12.tr,,,https://bolugoynukortaokulu.meb.k12.tr/tema/harita.php,2026-08-31,294,294,bulundu,https://bolugoynukortaokulu.meb.k12.tr/,2026-10-01T18:36:10.268151+00:00,,Öğrenci Sayısı 294
Bolu,Göynük,Göynük Öğretmenevi ve Akşam Sanat Okulu,750339,Öğretmenevi,https://goynukogretmenevi.meb.k12.tr,,,https://goynukogretmenevi.meb.k12.tr/tema/harita.php,2026-08-31,,,bulunamadi,,2026-10-01T18:36:10.336212+00:00,,
Bolu,Göynük,Göynük İmam Hatip Ortaokulu,764105,İmam Hatip Ortaokulu,https://bolugoynukimamhatiportaokulu.meb.k12.tr,,,https://bolugoynukimamhatiportaokulu.meb.k12.tr/tema/harita.php,2026-08-31,,,bulunamadi,,2026-10-01T18:36:10.461702+00:00,,
Bolu,Göynük,Kuyupınar Ovaboyu Ortaokulu,703084,Ortaokul,https://ovaboyuortaokulu.meb.k12.tr,,,https://ovaboyuortaokulu.meb.k12.tr/tema/harita.php,2026-08-31,,,bulunamadi,,2026-10-01T18:36:10.622941+00:00,,
Bolu,Göynük,Kuyupınar Ovaboyu İlkokulu,256662,İlkokul,https://ovaboyu.meb.k12.tr,,,https://ovaboyu.meb.k12.tr/tema/harita.php,2026-08-31,52,52,bulundu,https://ovaboyu.meb.k12.tr/,2026-10-01T18:36:10.653630+00:00,,Öğrenci Sayısı : 52
Bolu,Göynük,Nejla Türk Ortaokulu,722391,Ortaokul,https://nejlaturkoo.meb.k12.tr,,,https://nejlaturkoo.meb.k12.tr/tema/harita.php,2026-08-31,,,bulunamadi,,2026-10-01T18:36:10.670839+00:00,,
Bolu,Göynük,Nejla Türk İlkokulu,527362,İlkokul,https://nejlaturkio.meb.k12.tr,,,https://nejlaturkio.meb.k12.tr/tema/harita.php,2026-08-31,47,47,bulundu,https://nejlaturkio.meb.k12.tr/,2026-10-01T18:36:10.686962+00:00,,Öğrenci Sayısı 47
Bolu,Göynük,Orhan Çalış Çok Programlı Anadolu Lisesi,362656,Çok Programlı Anadolu Lisesi,https://orhancaliscpl.meb.k12.tr,,,https://orhancaliscpl.meb.k12.tr/tema/harita.php,2026-08-31,,,bulunamadi,,2026-10-01T18:36:10.770020+00:00,,
Bolu,Göynük,Zeynep Hatun Anaokulu,774707,Anaokulu,https://goynukzeynephatunanaokulu.meb.k12.tr,,,https://goynukzeynephatunanaokulu.meb.k12.tr/tema/harita.php,2026-08-31,115,115,bulundu,https://goynukzeynephatunanaokulu.meb.k12.tr/,2026-10-01T18:36:10.981795+00:00,,Öğrenci Sayısı: 115
Bolu,Göynük,Şehit Ziya Sarpkaya Ortaokulu,721225,Ortaokul,https://sehitziyasarpkayaoo.meb.k12.tr,,,https://sehitziyasarpkayaoo.meb.k12.tr/tema/harita.php,2026-08-31,12,12,bulundu,https://sehitziyasarpkayaoo.meb.k12.tr/,2026-10-01T18:36:11.081835+00:00,,Öğrenci Sayısı : 12
Bolu,Göynük,Şehit Ziya Sarpkaya İlkokulu,703035,İlkokul,https://sehitziyasarpkayaio.meb.k12.tr,,,https://sehitziyasarpkayaio.meb.k12.tr/tema/harita.php,2026-08-31,38,38,bulundu,https://sehitziyasarpkayaio.meb.k12.tr/,2026-10-01T18:36:11.165729+00:00,,Öğrenci Sayısı : 38
Bolu,Kıbrıscık,Kıbrıscık Halk Eğitimi Merkezi,133123,Halk Eğitimi Merkezi,https://kibriscikhem.meb.k12.tr,,,https://kibriscikhem.meb.k12.tr/tema/harita.php,2026-08-31,,,bulunamadi,,2026-10-01T18:36:11.184085+00:00,,
Bolu,Kıbrıscık,Kıbrıscık Ortaokulu,747667,Ortaokul,https://kibriscikortaokulu.meb.k12.tr,,,https://kibriscikortaokulu.meb.k12.tr/tema/harita.php,2026-08-31,40,40,bulundu,https://kibriscikortaokulu.meb.k12.tr/,2026-10-01T18:36:11.248502+00:00,,Öğrenci Sayısı : 40
Bolu,Kıbrıscık,Şehit Süleyman Tombak İlkokulu,752195,İlkokul,https://sehitsuleymantombakilkokulu.meb.k12.tr,,,https://sehitsuleymantombakilkokulu.meb.k12.tr/tema/harita.php,2026-08-31,36,36,bulundu,https://sehitsuleymantombakilkokulu.meb.k12.tr/,2026-10-01T18:36:11.255311+00:00,,Öğrenci Sayısı: 36
Bolu,Kıbrıscık,Şehit Yıldırım Oflaz Çok Programlı Anadolu Lisesi,325037,Çok Programlı Anadolu Lisesi,https://kibrisciksehityildirimoflazcpal.meb.k12.tr,,,https://kibrisciksehityildirimoflazcpal.meb.k12.tr/tema/harita.php,2026-08-31,,,bulunamadi,,2026-10-01T18:36:11.338950+00:00,,
Bolu,Mengen,Aşcılar Turizm Mesleki ve Teknik Anadolu Lisesi,133184,Mesleki ve Teknik Anadolu Lisesi,https://ascilikokulu.meb.k12.tr,,,https://ascilikokulu.meb.k12.tr/tema/harita.php,2026-08-31,457,457,bulundu,https://ascilikokulu.meb.k12.tr/,2026-10-01T18:36:11.380283+00:00,,Öğrenci Sayısı 457
Bolu,Mengen,Gentaş Ahmet Kahraman Çok Programlı Anadolu Lisesi,381537,Çok Programlı Anadolu Lisesi,https://mengencpl.meb.k12.tr,,,https://mengencpl.meb.k12.tr/tema/harita.php,2026-08-31,86,86,bulundu,https://mengencpl.meb.k12.tr/tema/okulumuz_hakkinda.php,2026-10-01T18:36:11.399238+00:00,,Öğrenci : 86
Bolu,Mengen,Gökcesu Ortaokulu,703038,Ortaokul,https://gokcesuo.meb.k12.tr,,,https://gokcesuo.meb.k12.tr/tema/harita.php,2026-08-31,81,81,bulundu,https://gokcesuo.meb.k12.tr/,2026-10-01T18:36:11.462620+00:00,,Öğrenci Sayısı 81
Bolu,Mengen,Gökçesu İmam Hatip Ortaokulu,761001,İmam Hatip Ortaokulu,https://gokcesuiho.meb.k12.tr,,,https://gokcesuiho.meb.k12.tr/tema/harita.php,2026-08-31,11,11,bulundu,https://gokcesuiho.meb.k12.tr/,2026-10-01T18:36:11.505201+00:00,,Öğrenci Sayısı 11
Bolu,Mengen,Gökçesu Şehit Aydın Çetin İlkokulu,702963,İlkokul,https://gokcesu.meb.k12.tr,,,https://gokcesu.meb.k12.tr/tema/harita.php,2026-08-31,119,119,bulundu,https://gokcesu.meb.k12.tr/,2026-10-01T18:36:11.520264+00:00,,Öğrenci Sayısı : 119
Bolu,Mengen,Mengen Anadolu İmam Hatip Lisesi,133196,Anadolu İmam Hatip Lisesi,https://mengenihl.meb.k12.tr,,,https://mengenihl.meb.k12.tr/tema/harita.php,2026-08-31,,,bulunamadi,,2026-10-01T18:36:11.583387+00:00,,
Bolu,Mengen,Mengen Anaokulu,966914,Anaokulu,https://mengenanaokulu.meb.k12.tr,,,https://mengenanaokulu.meb.k12.tr/tema/harita.php,2026-08-31,41,41,bulundu,https://mengenanaokulu.meb.k12.tr/,2026-10-01T18:36:11.762144+00:00,,Öğrenci Sayısı: 41
Bolu,Mengen,Mengen Atatürk Ortaokulu,701959,Ortaokul,https://mengenataturkoo.meb.k12.tr,,,https://mengenataturkoo.meb.k12.tr/tema/harita.php,2026-08-31,138,138,bulundu,https://mengenataturkoo.meb.k12.tr/,2026-10-01T18:36:12.070425+00:00,,Öğrenci Sayısı 138
Bolu,Mengen,Mengen Cumhuriyet İlkokulu,701942,İlkokul,https://mengencumhuriyetilkokulu.meb.k12.tr,,,https://mengencumhuriyetilkokulu.meb.k12.tr/tema/harita.php,2026-08-31,161,161,bulundu,https://mengencumhuriyetilkokulu.meb.k12.tr/tema/okulumuz_hakkinda.php,2026-10-01T18:36:12.227260+00:00,,Öğrenci : 161
Bolu,Mengen,Mengen Halk Eğitimi Merkezi,133206,Halk Eğitimi Merkezi,https://hemmengen.meb.k12.tr,,,https://hemmengen.meb.k12.tr/tema/harita.php,2026-08-31,,,bulunamadi,,2026-10-01T18:36:12.249366+00:00,,
Bolu,Mengen,Mengen Mesleki Eğitim Merkezi,766977,Mesleki Eğitim Merkezi,https://mengenmeslekiegitim.meb.k12.tr,,,https://mengenmeslekiegitim.meb.k12.tr/tema/harita.php,2026-08-31,24,24,bulundu,https://mengenmeslekiegitim.meb.k12.tr/tema/okulumuz_hakkinda.php,2026-10-01T18:36:12.354360+00:00,,Öğrenci : 24
Bolu,Mengen,Mengen Ortaokulu,703087,Ortaokul,https://mengenortaokulu.meb.k12.tr,,,https://mengenortaokulu.meb.k12.tr/tema/harita.php,2026-08-31,106,106,bulundu,https://mengenortaokulu.meb.k12.tr/,2026-10-01T18:36:12.441823+00:00,,Öğrenci Sayısı 106
Bolu,Mengen,Opet Mengen Pazarköy Cezmi Bilgin Aşçılık Mesleki ve Teknik Anadolu Lisesi,772118,Mesleki ve Teknik Anadolu Lisesi,https://772118.meb.k12.tr,,,https://772118.meb.k12.tr/tema/harita.php,2026-08-31,61,61,bulundu,https://772118.meb.k12.tr/,2026-10-01T18:36:12.476125+00:00,,Öğrenci Sayısı : 61
Bolu,Mengen,Şehit Hasan Durmuşoğlu İlkokulu,702965,İlkokul,https://sehithasandurmusogluilkokulu.meb.k12.tr,,,https://sehithasandurmusogluilkokulu.meb.k12.tr/tema/harita.php,2026-08-31,122,122,bulundu,https://sehithasandurmusogluilkokulu.meb.k12.tr/,2026-10-01T18:36:12.554802+00:00,,Öğrenci Sayısı 122
Bolu,Merkez,100. Yıl Ortaokulu,703042,Ortaokul,https://boluyuzuncuyil.meb.k12.tr,,,https://boluyuzuncuyil.meb.k12.tr/tema/harita.php,2026-08-31,851,851,bulundu,https://boluyuzuncuyil.meb.k12.tr/,2026-10-01T18:36:12.658155+00:00,,Öğrenci Sayısı : 851
Bolu,Merkez,100. Yıl İlkokulu,703003,İlkokul,https://bolu100yililkokulu.meb.k12.tr,,,https://bolu100yililkokulu.meb.k12.tr/tema/harita.php,2026-08-31,,,bulunamadi,,2026-10-01T18:36:12.672939+00:00,,
Bolu,Merkez,50 Yıl İzzet Baysal Ortaokulu,703051,Ortaokul,https://50yilizzetbaysalortaokulu.meb.k12.tr,,,https://50yilizzetbaysalortaokulu.meb.k12.tr/tema/harita.php,2026-08-31,1576,1576,bulundu,https://50yilizzetbaysalortaokulu.meb.k12.tr/,2026-10-01T18:36:12.827236+00:00,,Öğrenci Sayısı 1576
Bolu,Merkez,50.Yıl İzzet Baysal İlkokulu,703001,İlkokul,https://50yililkokulu.meb.k12.tr,,,https://50yililkokulu.meb.k12.tr/tema/harita.php,2026-08-31,1065,1065,bulundu,https://50yililkokulu.meb.k12.tr/,2026-10-01T18:36:12.962853+00:00,,Öğrenci Sayısı : 1065
Bolu,Merkez,60.Yıl İlkokulu,702998,İlkokul,https://bolu60yilio.meb.k12.tr,,,https://bolu60yilio.meb.k12.tr/tema/harita.php,2026-08-31,,,bulunamadi,,2026-10-01T18:36:13.000473+00:00,,
Bolu,Merkez,Abant İlkokulu,701980,İlkokul,https://abantilkokulu.meb.k12.tr,,,https://abantilkokulu.meb.k12.tr/tema/harita.php,2026-08-31,261,261,bulundu,https://abantilkokulu.meb.k12.tr/,2026-10-01T18:36:13.027050+00:00,,Öğrenci Sayısı : 261
Bolu,Merkez,Aktaş Anaokulu,973330,Anaokulu,https://aktasao.meb.k12.tr,,,https://aktasao.meb.k12.tr/tema/harita.php,2026-08-31,83,83,bulundu,https://aktasao.meb.k12.tr/tema/okulumuz_hakkinda.php,2026-10-01T18:36:13.135869+00:00,,Öğrenci : 83
Bolu,Merkez,Akşemseddin İmam Hatip Ortaokulu,761722,İmam Hatip Ortaokulu,https://aksemseddinhfziho.meb.k12.tr,,,https://aksemseddinhfziho.meb.k12.tr/tema/harita.php,2026-08-31,332,332,bulundu,https://aksemseddinhfziho.meb.k12.tr/,2026-10-01T18:36:13.144862+00:00,,Öğrenci Sayısı 332
Bolu,Merkez,Alıçören Ortaokulu,975200,Ortaokul,https://alicorenortaokulu.meb.k12.tr,,,https://alicorenortaokulu.meb.k12.tr/tema/harita.php,2026-08-31,169,169,bulundu,https://alicorenortaokulu.meb.k12.tr/,2026-10-01T18:36:13.230751+00:00,,Öğrenci Sayısı 169
Bolu,Merkez,Ankara Altındağ Belediyesi Kız Anadolu İmam Hatip Lisesi,385236,Anadolu İmam Hatip Lisesi,https://altindagkizaihl.meb.k12.tr,,,https://altindagkizaihl.meb.k12.tr/tema/harita.php,2026-08-31,303,303,bulundu,https://altindagkizaihl.meb.k12.tr/,2026-10-01T18:36:13.564067+00:00,,Öğrenci Sayısı : 303
Bolu,Merkez,Atatürk Ortaokulu,703044,Ortaokul,https://boluataturk.meb.k12.tr,,,https://boluataturk.meb.k12.tr/tema/harita.php,2026-08-31,532,532,bulundu,https://boluataturk.meb.k12.tr/,2026-10-01T18:36:13.600235+00:00,,Öğrenci Sayısı 532
Bolu,Merkez,Atatürk İlkokulu,132286,İlkokul,https://boluataturkio.meb.k12.tr,,,https://boluataturkio.meb.k12.tr/tema/harita.php,2026-08-31,306,306,bulundu,https://boluataturkio.meb.k12.tr/,2026-10-01T18:36:13.852527+00:00,,Öğrenci Sayısı : 306
Bolu,Merkez,Behiye Baysal Ortaokulu,703050,Ortaokul,https://behiyebaysalortaokulu.meb.k12.tr,,,https://behiyebaysalortaokulu.meb.k12.tr/tema/harita.php,2026-08-31,138,138,bulundu,https://behiyebaysalortaokulu.meb.k12.tr/,2026-10-01T18:36:13.877567+00:00,,Öğrenci Sayısı : 138
Bolu,Merkez,Behiye Baysal İlkokulu,334920,İlkokul,https://behiyebaysalilkokulu.meb.k12.tr,,,https://behiyebaysalilkokulu.meb.k12.tr/tema/harita.php,2026-08-31,385,385,bulundu,https://behiyebaysalilkokulu.meb.k12.tr/,2026-10-01T18:36:13.924949+00:00,,Öğrenci Sayısı : 385
Bolu,Merkez,Bolu 15 Temmuz Şehitler İmam Hatip Ortaokulu,762094,İmam Hatip Ortaokulu,https://bolu15temmuzsehitleriho.meb.k12.tr,,,https://bolu15temmuzsehitleriho.meb.k12.tr/tema/harita.php,2026-08-31,260,260,bulundu,https://bolu15temmuzsehitleriho.meb.k12.tr/,2026-10-01T18:36:14.049130+00:00,,Öğrenci Sayısı 260
Bolu,Merkez,Bolu Anadolu Lisesi,972806,Anadolu Lisesi,https://boluanadolulisesi.meb.k12.tr,,,https://boluanadolulisesi.meb.k12.tr/tema/harita.php,2026-08-31,545,545,bulundu,https://boluanadolulisesi.meb.k12.tr/,2026-10-01T18:36:14.132079+00:00,,Öğrenci Sayısı 545
Bolu,Merkez,Bolu Anadolu İmam Hatip Lisesi,132382,Anadolu İmam Hatip Lisesi,https://boluanadoluihl.meb.k12.tr,,,https://boluanadoluihl.meb.k12.tr/tema/harita.php,2026-08-31,496,496,bulundu,https://boluanadoluihl.meb.k12.tr/tema/okulumuz_hakkinda.php,2026-10-01T18:36:14.251386+00:00,,Öğrenci : 496
Bolu,Merkez,Bolu Anaokulu,757630,Anaokulu,https://boluanaokulu.meb.k12.tr,,,https://boluanaokulu.meb.k12.tr/tema/harita.php,2026-08-31,209,209,bulundu,https://boluanaokulu.meb.k12.tr/,2026-10-01T18:36:14.580825+00:00,,Öğrenci Sayısı 209
Bolu,Merkez,Bolu Atatürk Anadolu Lisesi,964268,Anadolu Lisesi,https://baal14.meb.k12.tr,,,https://baal14.meb.k12.tr/tema/harita.php,2026-08-31,555,555,bulundu,https://baal14.meb.k12.tr/,2026-10-01T18:36:14.590336+00:00,,Öğrenci Sayısı : 555
Bolu,Merkez,Bolu Bağışçılar Vakfı Anaokulu,974240,Anaokulu,https://bagiscilaranaokulu.meb.k12.tr,,,https://bagiscilaranaokulu.meb.k12.tr/tema/harita.php,2026-08-31,59,59,bulundu,https://bagiscilaranaokulu.meb.k12.tr/,2026-10-01T18:36:14.656685+00:00,,Öğrenci Sayısı 59
Bolu,Merkez,Bolu Bilim ve Sanat Merkezi,760046,Bilim ve Sanat Merkezi,https://bolubilsem.meb.k12.tr,,,https://bolubilsem.meb.k12.tr/tema/harita.php,2026-08-31,415,415,bulundu,https://bolubilsem.meb.k12.tr/tema/okulumuz_hakkinda.php,2026-10-01T18:36:14.659976+00:00,,Öğrenci : 415
Bolu,Merkez,Bolu Fen Lisesi,814955,Fen Lisesi,https://bolufenlisesi.meb.k12.tr,,,https://bolufenlisesi.meb.k12.tr/tema/harita.php,2026-08-31,486,486,bulundu,https://bolufenlisesi.meb.k12.tr/,2026-10-01T18:36:14.791737+00:00,,Öğrenci Sayısı : 486
Bolu,Merkez,Bolu Güzel Sanatlar Lisesi,270826,Güzel Sanatlar Lisesi,https://boluagsl.meb.k12.tr,,,https://boluagsl.meb.k12.tr/tema/harita.php,2026-08-31,148,148,bulundu,https://boluagsl.meb.k12.tr/,2026-10-01T18:36:14.850371+00:00,,Öğrenci Sayısı 148
Bolu,Merkez,Bolu Kız Anadolu İmam Hatip Lisesi,763917,Anadolu İmam Hatip Lisesi,https://bolukizaihl.meb.k12.tr,,,https://bolukizaihl.meb.k12.tr/tema/harita.php,2026-08-31,91,91,bulundu,https://bolukizaihl.meb.k12.tr/,2026-10-01T18:36:14.876256+00:00,,Öğrenci Sayısı : 91
Bolu,Merkez,Bolu Organize Sanayi Bölgesi Mesleki ve Teknik Anadolu Lisesi,769532,Mesleki ve Teknik Anadolu Lisesi,https://boluosbmtal.meb.k12.tr,,,https://boluosbmtal.meb.k12.tr/tema/harita.php,2026-08-31,135,135,bulundu,https://boluosbmtal.meb.k12.tr/tema/okulumuz_hakkinda.php,2026-10-01T18:36:14.947936+00:00,,Öğrenci : 135
Bolu,Merkez,Bolu Rehberlik ve Araştırma Merkezi,132416,Rehberlik ve Araştırma Merkezi,https://ram.meb.k12.tr,,,https://ram.meb.k12.tr/tema/harita.php,2026-08-31,,,bulunamadi,,2026-10-01T18:36:14.962090+00:00,,
Bolu,Merkez,Bolu Solmaz-Ahmet Baysal Öğretmenevi ve Akşam Sanat Okulu,971076,Öğretmenevi,https://boluogretmenevi.meb.k12.tr,,,https://boluogretmenevi.meb.k12.tr/tema/harita.php,2026-08-31,,,bulunamadi,,2026-10-01T18:36:15.016612+00:00,,
Bolu,Merkez,Bolu Sosyal Bilimler Lisesi,244013,Sosyal Bilimler Lisesi,https://bolusbl.meb.k12.tr,,,https://bolusbl.meb.k12.tr/tema/harita.php,2026-08-31,341,341,bulundu,https://bolusbl.meb.k12.tr/,2026-10-01T18:36:15.091996+00:00,,Öğrenci Sayısı : 341
Bolu,Merkez,Bolu Spor Lisesi,758280,Spor Lisesi,https://bolusporlisesi.meb.k12.tr,,,https://bolusporlisesi.meb.k12.tr/tema/harita.php,2026-08-31,208,208,bulundu,https://bolusporlisesi.meb.k12.tr/,2026-10-01T18:36:15.128116+00:00,,Öğrenci Sayısı : 208
Bolu,Merkez,Bolu Ticaret Mesleki ve Teknik Anadolu Lisesi,132369,Mesleki ve Teknik Anadolu Lisesi,https://bolumtal.meb.k12.tr,,,https://bolumtal.meb.k12.tr/tema/harita.php,2026-08-31,,,bulunamadi,,2026-10-01T18:36:15.129105+00:00,,
Bolu,Merkez,Bolu Türkiye Odalar ve Borsalar Birliği Zübeyde Hanım Kız Mesleki ve Teknik Anadolu Lisesi,132357,Mesleki ve Teknik Anadolu Lisesi,https://bolu.meb.k12.tr,,,https://bolu.meb.k12.tr/tema/harita.php,2026-08-31,683,683,bulundu,https://bolu.meb.k12.tr/,2026-10-01T18:36:15.606393+00:00,,Öğrenci Sayısı 683
Bolu,Merkez,Bolu İmam Hatip Ortaokulu,760063,İmam Hatip Ortaokulu,https://boluimamhatiportaokulu.meb.k12.tr,,,https://boluimamhatiportaokulu.meb.k12.tr/tema/harita.php,2026-08-31,206,206,bulundu,https://boluimamhatiportaokulu.meb.k12.tr/tema/okulumuz_hakkinda.php,2026-10-01T18:36:15.632348+00:00,,Öğrenci : 206
Bolu,Merkez,Bolu İzzet Baysal Halk Eğitimi Merkezi,132394,Halk Eğitimi Merkezi,https://boluhem.meb.k12.tr,,,https://boluhem.meb.k12.tr/tema/harita.php,2026-08-31,,,bulunamadi,,2026-10-01T18:36:15.892364+00:00,,
Bolu,Merkez,Büyük Berk Özel Eğitim Meslek Okulu,749763,Özel Eğitim Kurumu,https://buyukberkozelegitimmeslekokulu.meb.k12.tr,,,https://buyukberkozelegitimmeslekokulu.meb.k12.tr/tema/harita.php,2026-08-31,69,69,bulundu,https://buyukberkozelegitimmeslekokulu.meb.k12.tr/,2026-10-01T18:36:15.943487+00:00,,Öğrenci Sayısı : 69
Bolu,Merkez,Canip Baysal Anadolu Lisesi,974835,Anadolu Lisesi,https://canipbaysalanadolulisesi.meb.k12.tr,,,https://canipbaysalanadolulisesi.meb.k12.tr/tema/harita.php,2026-08-31,406,406,bulundu,https://canipbaysalanadolulisesi.meb.k12.tr/,2026-10-01T18:36:15.985863+00:00,,Öğrenci Sayısı : 406
Bolu,Merkez,Canip Baysal Ortaokulu,703041,Ortaokul,https://canipbaysalortaokulu.meb.k12.tr,,,https://canipbaysalortaokulu.meb.k12.tr/tema/harita.php,2026-08-31,591,591,bulundu,https://canipbaysalortaokulu.meb.k12.tr/,2026-10-01T18:36:15.989648+00:00,,Öğrenci Sayısı : 591
Bolu,Merkez,Canip Baysal İlkokulu,703002,İlkokul,https://canipbaysalilkokulu.meb.k12.tr,,,https://canipbaysalilkokulu.meb.k12.tr/tema/harita.php,2026-08-31,650,650,bulundu,https://canipbaysalilkokulu.meb.k12.tr/,2026-10-01T18:36:16.001136+00:00,,Öğrenci Sayısı : 650
Bolu,Merkez,Cumhuriyet İlkokulu,703009,İlkokul,https://merkezcumhuriyetilkokulu.meb.k12.tr,,,https://merkezcumhuriyetilkokulu.meb.k12.tr/tema/harita.php,2026-08-31,320,320,bulundu,https://merkezcumhuriyetilkokulu.meb.k12.tr/,2026-10-01T18:36:16.060066+00:00,,Öğrenci Sayısı : 320
Bolu,Merkez,Dağkent Kıroğlu Eğitim ve Sağlık Vakfı Ortaokulu,703046,Ortaokul,https://dagkentkirogluortaokulu.meb.k12.tr,,,https://dagkentkirogluortaokulu.meb.k12.tr/tema/harita.php,2026-08-31,101,101,bulundu,https://dagkentkirogluortaokulu.meb.k12.tr/,2026-10-01T18:36:16.406000+00:00,,Öğrenci Sayısı 101
Bolu,Merkez,Dağkent Kıroğlu Eğitim ve Sağlık Vakfı İlkokulu,965663,İlkokul,https://dagkentkirogluilkokulu.meb.k12.tr,,,https://dagkentkirogluilkokulu.meb.k12.tr/tema/harita.php,2026-08-31,121,121,bulundu,https://dagkentkirogluilkokulu.meb.k12.tr/,2026-10-01T18:36:16.660524+00:00,,Öğrenci Sayısı 121
Bolu,Merkez,Dodurga Abdi Sin Ortaokulu,703055,Ortaokul,https://dodurgaabdisinortaokulu.meb.k12.tr,,,https://dodurgaabdisinortaokulu.meb.k12.tr/tema/harita.php,2026-08-31,38,38,bulundu,https://dodurgaabdisinortaokulu.meb.k12.tr/,2026-10-01T18:36:16.672326+00:00,,Öğrenci Sayısı : 38
Bolu,Merkez,Dodurga Abdi Sın İlkokulu,703007,İlkokul,https://dodurgaabdisinilkokulu.meb.k12.tr,,,https://dodurgaabdisinilkokulu.meb.k12.tr/tema/harita.php,2026-08-31,59,59,bulundu,https://dodurgaabdisinilkokulu.meb.k12.tr/,2026-10-01T18:36:16.687090+00:00,,Öğrenci Sayısı 59
Bolu,Merkez,Doğancı Ayşe - Yılmaz Becikoğlu Ortaokulu,703063,Ortaokul,https://doganciaybortaokulu.meb.k12.tr,,,https://doganciaybortaokulu.meb.k12.tr/tema/harita.php,2026-08-31,58,58,bulundu,https://doganciaybortaokulu.meb.k12.tr/,2026-10-01T18:36:16.743687+00:00,,Öğrenci Sayısı 58
Bolu,Merkez,Doğancı Ayşe-Yılmaz Becikoğlu İlkokulu,703016,İlkokul,https://doganciaybilkokulu.meb.k12.tr,,,https://doganciaybilkokulu.meb.k12.tr/tema/harita.php,2026-08-31,54,54,bulundu,https://doganciaybilkokulu.meb.k12.tr/,2026-10-01T18:36:17.029285+00:00,,Öğrenci Sayısı: 54
Bolu,Merkez,Emine Mehmet Baysal Anadolu Lisesi,324164,Anadolu Lisesi,https://embal.meb.k12.tr,,,https://embal.meb.k12.tr/tema/harita.php,2026-08-31,503,503,bulundu,https://embal.meb.k12.tr/,2026-10-01T18:36:17.073114+00:00,,Öğrenci Sayısı 503
Bolu,Merkez,Emine Mehmet Baysal Özel Eğitim Anaokulu,773329,Anaokulu,https://773329.meb.k12.tr,,,https://773329.meb.k12.tr/tema/harita.php,2026-08-31,15,15,bulundu,https://773329.meb.k12.tr/,2026-10-01T18:36:17.160841+00:00,,Öğrenci Sayısı: 15
Bolu,Merkez,Emine Mehmet Baysal Özel Eğitim Uygulama Merkezi II. Kademe,747414,Özel Eğitim Kurumu,https://eminemehmetbaysal2.meb.k12.tr,,,https://eminemehmetbaysal2.meb.k12.tr/tema/harita.php,2026-08-31,53,53,bulundu,https://eminemehmetbaysal2.meb.k12.tr/,2026-10-01T18:36:17.171680+00:00,,Öğrenci Sayısı 53
Bolu,Merkez,Emine Mehmet Baysal Özel Eğitim Uygulama Okulu I. Kademe,362369,Özel Eğitim Kurumu,https://eminemehmetbaysal1.meb.k12.tr,,,https://eminemehmetbaysal1.meb.k12.tr/tema/harita.php,2026-08-31,67,67,bulundu,https://eminemehmetbaysal1.meb.k12.tr/tema/okulumuz_hakkinda.php,2026-10-01T18:36:17.198292+00:00,,Öğrenci : 67
Bolu,Merkez,Gazipaşa Ortaokulu,703045,Ortaokul,https://gazipasaortaokulu.meb.k12.tr,,,https://gazipasaortaokulu.meb.k12.tr/tema/harita.php,2026-08-31,593,593,bulundu,https://gazipasaortaokulu.meb.k12.tr/,2026-10-01T18:36:17.246812+00:00,,Öğrenci Sayısı : 593
Bolu,Merkez,Gazipaşa İlkokulu,703004,İlkokul,https://gazipasailkokulu.meb.k12.tr,,,https://gazipasailkokulu.meb.k12.tr/tema/harita.php,2026-08-31,563,563,bulundu,https://gazipasailkokulu.meb.k12.tr/,2026-10-01T18:36:17.346511+00:00,,Öğrenci Sayısı 563
Bolu,Merkez,Gölyüzü İzzet Baysal Anadolu Lisesi,962362,Anadolu Lisesi,https://gibal.meb.k12.tr,,,https://gibal.meb.k12.tr/tema/harita.php,2026-08-31,497,497,bulundu,https://gibal.meb.k12.tr/,2026-10-01T18:36:17.487722+00:00,,Öğrenci Sayısı 497
Bolu,Merkez,Gülçiçek Hatun Anaokulu,766093,Anaokulu,https://gulcicekhatunanaokulu.meb.k12.tr,,,https://gulcicekhatunanaokulu.meb.k12.tr/tema/harita.php,2026-08-31,142,142,bulundu,https://gulcicekhatunanaokulu.meb.k12.tr/,2026-10-01T18:36:17.518398+00:00,,Öğrenci Sayısı: 142
Bolu,Merkez,Hacı Bayram Veli İmam Hatip Ortaokulu,752577,İmam Hatip Ortaokulu,https://hacibayramveliiho.meb.k12.tr,,,https://hacibayramveliiho.meb.k12.tr/tema/harita.php,2026-08-31,231,231,bulundu,https://hacibayramveliiho.meb.k12.tr/,2026-10-01T18:36:17.635732+00:00,,Öğrenci Sayısı : 231
Bolu,Merkez,Halime Hatun Özel Eğitim Anaokulu,767432,Anaokulu,https://boluhalimehatun.meb.k12.tr,,,https://boluhalimehatun.meb.k12.tr/tema/harita.php,2026-08-31,38,38,bulundu,https://boluhalimehatun.meb.k12.tr/,2026-10-01T18:36:17.714697+00:00,,Öğrenci Sayısı: 38
Bolu,Merkez,Kadriyeana Anaokulu,760947,Anaokulu,https://kadriyeana.meb.k12.tr,,,https://kadriyeana.meb.k12.tr/tema/harita.php,2026-08-31,211,211,bulundu,https://kadriyeana.meb.k12.tr/,2026-10-01T18:36:17.734280+00:00,,Öğrenci Sayısı: 211
Bolu,Merkez,Kanuni Anadolu Lisesi,767225,Anadolu Lisesi,https://bolukanunianadolu.meb.k12.tr,,,https://bolukanunianadolu.meb.k12.tr/tema/harita.php,2026-08-31,545,545,bulundu,https://bolukanunianadolu.meb.k12.tr/,2026-10-01T18:36:18.196514+00:00,,Öğrenci Sayısı 545
Bolu,Merkez,Karacasu Ortaokulu,703052,Ortaokul,https://karacasuortaokulu.meb.k12.tr,,,https://karacasuortaokulu.meb.k12.tr/tema/harita.php,2026-08-31,143,143,bulundu,https://karacasuortaokulu.meb.k12.tr/,2026-10-01T18:36:18.278098+00:00,,Öğrenci Sayısı 143
Bolu,Merkez,Karacasu İlkokulu,703017,İlkokul,https://karacasuilkokulu.meb.k12.tr,,,https://karacasuilkokulu.meb.k12.tr/tema/harita.php,2026-08-31,190,190,bulundu,https://karacasuilkokulu.meb.k12.tr/,2026-10-01T18:36:18.319921+00:00,,Öğrenci Sayısı 190
Bolu,Merkez,Karakoy TOKİ Ortaokulu,703047,Ortaokul,https://karakoytokio.meb.k12.tr,,,https://karakoytokio.meb.k12.tr/tema/harita.php,2026-08-31,118,118,bulundu,https://karakoytokio.meb.k12.tr/,2026-10-01T18:36:18.330991+00:00,,Öğrenci Sayısı 118
Bolu,Merkez,Karaköy TOKİ İlkokulu,702997,İlkokul,https://karakoytokii.meb.k12.tr,,,https://karakoytokii.meb.k12.tr/tema/harita.php,2026-08-31,168,168,bulundu,https://karakoytokii.meb.k12.tr/,2026-10-01T18:36:18.363816+00:00,,Öğrenci Sayısı 168
Bolu,Merkez,Koç İlkokulu,794669,İlkokul,https://bolukocilkokulu.meb.k12.tr,,,https://bolukocilkokulu.meb.k12.tr/tema/harita.php,2026-08-31,432,432,bulundu,https://bolukocilkokulu.meb.k12.tr/,2026-10-01T18:36:18.375820+00:00,,Öğrenci Sayısı 432
Bolu,Merkez,Köroğlu Ortaokulu,703065,Ortaokul,https://bolukorogluortaokulu.meb.k12.tr,,,https://bolukorogluortaokulu.meb.k12.tr/tema/harita.php,2026-08-31,271,271,bulundu,https://bolukorogluortaokulu.meb.k12.tr/,2026-10-01T18:36:18.440911+00:00,,Öğrenci Sayısı : 271
Bolu,Merkez,Köroğlu İlkokulu,703019,İlkokul,https://bolukorogluilkokulu.meb.k12.tr,,,https://bolukorogluilkokulu.meb.k12.tr/tema/harita.php,2026-08-31,431,431,bulundu,https://bolukorogluilkokulu.meb.k12.tr/,2026-10-01T18:36:18.595402+00:00,,Öğrenci Sayısı : 431
Bolu,Merkez,Kültür İlkokulu,703005,İlkokul,https://bolukulturi.meb.k12.tr,,,https://bolukulturi.meb.k12.tr/tema/harita.php,2026-08-31,807,807,bulundu,https://bolukulturi.meb.k12.tr/,2026-10-01T18:36:18.634975+00:00,,Öğrenci Sayısı 807
Bolu,Merkez,Kındıra İlkokulu,975212,İlkokul,https://975212.meb.k12.tr,,,https://975212.meb.k12.tr/tema/harita.php,2026-08-31,10,10,bulundu,https://975212.meb.k12.tr/tema/okulumuz_hakkinda.php,2026-10-01T18:36:18.703481+00:00,,Öğrenci : 10
Bolu,Merkez,Latife Hanım Anaokulu,970448,Anaokulu,https://bolulatifehanimao.meb.k12.tr,,,https://bolulatifehanimao.meb.k12.tr/tema/harita.php,2026-08-31,184,184,bulundu,https://bolulatifehanimao.meb.k12.tr/,2026-10-01T18:36:18.715268+00:00,,Öğrenci Sayısı 184
Bolu,Merkez,Mebrure - İlhan Bağışgil Anaokulu,970446,Anaokulu,https://bolumiba.meb.k12.tr,,,https://bolumiba.meb.k12.tr/tema/harita.php,2026-08-31,261,261,bulundu,https://bolumiba.meb.k12.tr/,2026-10-01T18:36:18.801866+00:00,,Öğrenci Sayısı 261
Bolu,Merkez,Mehmet Akif Ersoy İlkokulu,703013,İlkokul,https://bolumehmetakifersoyio.meb.k12.tr,,,https://bolumehmetakifersoyio.meb.k12.tr/tema/harita.php,2026-08-31,1199,1199,bulundu,https://bolumehmetakifersoyio.meb.k12.tr/,2026-10-01T18:36:18.804479+00:00,,Öğrenci Sayısı : 1199
Bolu,Merkez,Meryem Hatun Hafız İmam Hatip Ortaokulu,775209,İmam Hatip Ortaokulu,https://bolumeryemhatunhafiziho.meb.k12.tr,,,https://bolumeryemhatunhafiziho.meb.k12.tr/tema/harita.php,2026-08-31,58,58,bulundu,https://bolumeryemhatunhafiziho.meb.k12.tr/,2026-10-01T18:36:19.204695+00:00,,Öğrenci Sayısı : 58
Bolu,Merkez,Mevlâna Ortaokulu,703064,Ortaokul,https://bolumevlanaortaokulu.meb.k12.tr,,,https://bolumevlanaortaokulu.meb.k12.tr/tema/harita.php,2026-08-31,184,184,bulundu,https://bolumevlanaortaokulu.meb.k12.tr/,2026-10-01T18:36:19.356450+00:00,,Öğrenci Sayısı : 184
Bolu,Merkez,Mevlâna İlkokulu,703018,İlkokul,https://bolumevlanailkokulu.meb.k12.tr,,,https://bolumevlanailkokulu.meb.k12.tr/tema/harita.php,2026-08-31,250,250,bulundu,https://bolumevlanailkokulu.meb.k12.tr/,2026-10-01T18:36:19.432413+00:00,,Öğrenci Sayısı : 250
Bolu,Merkez,Milli Egemenlik Ortaokulu,703056,Ortaokul,https://bolumilliegemenlikoo.meb.k12.tr,,,https://bolumilliegemenlikoo.meb.k12.tr/tema/harita.php,2026-08-31,224,224,bulundu,https://bolumilliegemenlikoo.meb.k12.tr/,2026-10-01T18:36:19.484646+00:00,,Öğrenci Sayısı 224
Bolu,Merkez,Milli Egemenlik İlkokulu,528272,İlkokul,https://bolumilliegemenlik.meb.k12.tr,,,https://bolumilliegemenlik.meb.k12.tr/tema/harita.php,2026-08-31,210,210,bulundu,https://bolumilliegemenlik.meb.k12.tr/,2026-10-01T18:36:19.521819+00:00,,Öğrenci Sayısı : 210
Bolu,Merkez,Mimar İzzet Baysal Mesleki ve Teknik Anadolu Lisesi,132333,Mesleki ve Teknik Anadolu Lisesi,https://mimarizzetbaysalmtal.meb.k12.tr,,,https://mimarizzetbaysalmtal.meb.k12.tr/tema/harita.php,2026-08-31,487,487,bulundu,https://mimarizzetbaysalmtal.meb.k12.tr/tema/okulumuz_hakkinda.php,2026-10-01T18:36:19.545407+00:00,,Öğrenci : 487
Bolu,Merkez,Mustafa Çizmecioğlu Anadolu Lisesi,972708,Anadolu Lisesi,https://cizmecioglual.meb.k12.tr,,,https://cizmecioglual.meb.k12.tr/tema/harita.php,2026-08-31,564,564,bulundu,https://cizmecioglual.meb.k12.tr/tema/okulumuz_hakkinda.php,2026-10-01T18:36:19.549040+00:00,,Öğrenci : 564
Bolu,Merkez,Orhan Gazi Ortaokulu,703062,Ortaokul,https://boluorhangaziortaokulu.meb.k12.tr,,,https://boluorhangaziortaokulu.meb.k12.tr/tema/harita.php,2026-08-31,1176,1176,bulundu,https://boluorhangaziortaokulu.meb.k12.tr/,2026-10-01T18:36:19.656659+00:00,,Öğrenci Sayısı 1176
Bolu,Merkez,Paşaköy İlkokulu,703021,İlkokul,https://pasakoyilkokulu.meb.k12.tr,,,https://pasakoyilkokulu.meb.k12.tr/tema/harita.php,2026-08-31,377,377,bulundu,https://pasakoyilkokulu.meb.k12.tr/,2026-10-01T18:36:19.663553+00:00,,Öğrenci Sayısı 377
Bolu,Merkez,Refikaana Anaokulu,760508,Anaokulu,https://refikaanaanaokulu.meb.k12.tr,,,https://refikaanaanaokulu.meb.k12.tr/tema/harita.php,2026-08-31,172,172,bulundu,https://refikaanaanaokulu.meb.k12.tr/,2026-10-01T18:36:20.009881+00:00,,Öğrenci Sayısı 172
Bolu,Merkez,Sakarya Ortaokulu,703040,Ortaokul,https://bolusakaryaortaokulu.meb.k12.tr,,,https://bolusakaryaortaokulu.meb.k12.tr/tema/harita.php,2026-08-31,610,610,bulundu,https://bolusakaryaortaokulu.meb.k12.tr/,2026-10-01T18:36:20.119444+00:00,,Öğrenci Sayısı : 610
Bolu,Merkez,Sakarya İlkokulu,703010,İlkokul,https://bolusakaryailkokulu.meb.k12.tr,,,https://bolusakaryailkokulu.meb.k12.tr/tema/harita.php,2026-08-31,420,420,bulundu,https://bolusakaryailkokulu.meb.k12.tr/tema/okulumuz_hakkinda.php,2026-10-01T18:36:20.141288+00:00,,Öğrenci : 420
Bolu,Merkez,Sarıcalar Özel Eğitim Uygulama Okulu III. Kademe,749741,Özel Eğitim Kurumu,https://saricalarozelegitim.meb.k12.tr,,,https://saricalarozelegitim.meb.k12.tr/tema/harita.php,2026-08-31,37,37,bulundu,https://saricalarozelegitim.meb.k12.tr/,2026-10-01T18:36:20.149793+00:00,,Öğrenci Sayısı 37
Bolu,Merkez,Solmaz Ve Ahmet Baysal Emineana Anaokulu,759466,Anaokulu,https://bolusabea.meb.k12.tr,,,https://bolusabea.meb.k12.tr/tema/harita.php,2026-08-31,112,112,bulundu,https://bolusabea.meb.k12.tr/,2026-10-01T18:36:20.225849+00:00,,Öğrenci Sayısı: 112
Bolu,Merkez,Solmazana Anaokulu,769162,Anaokulu,https://solmazanaanaokulu.meb.k12.tr,,,https://solmazanaanaokulu.meb.k12.tr/tema/harita.php,2026-08-31,117,117,bulundu,https://solmazanaanaokulu.meb.k12.tr/,2026-10-01T18:36:20.261700+00:00,,Öğrenci Sayısı 117
Bolu,Merkez,Turgut Özal Anadolu Lisesi,766554,Anadolu Lisesi,https://boluturgutozal.meb.k12.tr,,,https://boluturgutozal.meb.k12.tr/tema/harita.php,2026-08-31,537,537,bulundu,https://boluturgutozal.meb.k12.tr/tema/okulumuz_hakkinda.php,2026-10-01T18:36:20.310849+00:00,,Öğrenci : 537
Bolu,Merkez,Vali Mehmet Ali Türker Anaokulu,869282,Anaokulu,https://bolumata.meb.k12.tr,,,https://bolumata.meb.k12.tr/tema/harita.php,2026-08-31,219,219,bulundu,https://bolumata.meb.k12.tr/,2026-10-01T18:36:20.314996+00:00,,Öğrenci Sayısı 219
Bolu,Merkez,Vilayetler Hizmet Birliği Anaokulu,751919,Anaokulu,https://boluvilayetlerhizmetbirligi.meb.k12.tr,,,https://boluvilayetlerhizmetbirligi.meb.k12.tr/tema/harita.php,2026-08-31,100,100,bulundu,https://boluvilayetlerhizmetbirligi.meb.k12.tr/,2026-10-01T18:36:20.407751+00:00,,Öğrenci Sayısı: 100
Bolu,Merkez,Yedigöller Anaokulu,775742,Anaokulu,https://775742.meb.k12.tr,,,https://775742.meb.k12.tr/tema/harita.php,2026-08-31,61,61,bulundu,https://775742.meb.k12.tr/,2026-10-01T18:36:20.444738+00:00,,Öğrenci Sayısı 61
Bolu,Merkez,Yukarısoku Ortaokulu,703067,Ortaokul,https://yukarisokuoo.meb.k12.tr,,,https://yukarisokuoo.meb.k12.tr/tema/harita.php,2026-08-31,164,164,bulundu,https://yukarisokuoo.meb.k12.tr/,2026-10-01T18:36:20.493340+00:00,,Öğrenci Sayısı 164
Bolu,Merkez,Yukarısoku İlkokulu,703020,İlkokul,https://yukarisokuio.meb.k12.tr,,,https://yukarisokuio.meb.k12.tr/tema/harita.php,2026-08-31,149,149,bulundu,https://yukarisokuio.meb.k12.tr/,2026-10-01T18:36:20.579342+00:00,,Öğrenci Sayısı 149
Bolu,Merkez,Yunus Emre Ortaokulu,703060,Ortaokul,https://yunusemreortao.meb.k12.tr,,,https://yunusemreortao.meb.k12.tr/tema/harita.php,2026-08-31,393,393,bulundu,https://yunusemreortao.meb.k12.tr/,2026-10-01T18:36:20.635850+00:00,,Öğrenci Sayısı 393
Bolu,Merkez,Yunus Emre İlkokulu,703014,İlkokul,https://boluyunusemreilko.meb.k12.tr,,,https://boluyunusemreilko.meb.k12.tr/tema/harita.php,2026-08-31,568,568,bulundu,https://boluyunusemreilko.meb.k12.tr/,2026-10-01T18:36:20.810784+00:00,,Öğrenci Sayısı : 568
Bolu,Merkez,Yıldırım Bayezıt İlkokulu,702996,İlkokul,https://yildirimbayezitio.meb.k12.tr,,,https://yildirimbayezitio.meb.k12.tr/tema/harita.php,2026-08-31,201,201,bulundu,https://yildirimbayezitio.meb.k12.tr/,2026-10-01T18:36:21.001536+00:00,,Öğrenci Sayısı 201
Bolu,Merkez,Çaygökpınar İlkokulu,975208,İlkokul,https://caygokpinar.meb.k12.tr,,,https://caygokpinar.meb.k12.tr/tema/harita.php,2026-08-31,24,24,bulundu,https://caygokpinar.meb.k12.tr/,2026-10-01T18:36:21.005014+00:00,,Öğrenci Sayısı: 24
Bolu,Merkez,Çimento Çaydurt İlkokulu,975206,İlkokul,https://cimentocaydurt.meb.k12.tr,,,https://cimentocaydurt.meb.k12.tr/tema/harita.php,2026-08-31,158,158,bulundu,https://cimentocaydurt.meb.k12.tr/tema/okulumuz_hakkinda.php,2026-10-01T18:36:21.165814+00:00,,Öğrenci : 158
Bolu,Merkez,Çobankaya Şehit Murat Paçal İlkokulu,363434,İlkokul,https://cobankayailkokulu.meb.k12.tr,,,https://cobankayailkokulu.meb.k12.tr/tema/harita.php,2026-08-31,34,34,bulundu,https://cobankayailkokulu.meb.k12.tr/tema/okulumuz_hakkinda.php,2026-10-01T18:36:21.239810+00:00,,Öğrenci : 34
Bolu,Merkez,İnkılap İlkokulu,703008,İlkokul,https://inkilapio.meb.k12.tr,,,https://inkilapio.meb.k12.tr/tema/harita.php,2026-08-31,129,129,bulundu,https://inkilapio.meb.k12.tr/,2026-10-01T18:36:21.332005+00:00,,Öğrenci Sayısı : 129
Bolu,Merkez,İzzet Baysal Abant Turizm Mesleki ve Teknik Anadolu Lisesi,132370,Mesleki ve Teknik Anadolu Lisesi,https://boluotml.meb.k12.tr,,,https://boluotml.meb.k12.tr/tema/harita.php,2026-08-31,337,337,bulundu,https://boluotml.meb.k12.tr/,2026-10-01T18:36:21.390069+00:00,,Öğrenci Sayısı : 337
Bolu,Merkez,İzzet Baysal Anadolu Lisesi,223444,Anadolu Lisesi,https://ibal.meb.k12.tr,,,https://ibal.meb.k12.tr/tema/harita.php,2026-08-31,592,592,bulundu,https://ibal.meb.k12.tr/,2026-10-01T18:36:21.492454+00:00,,Öğrenci Sayısı 592
Bolu,Merkez,İzzet Baysal Anaokulu,751676,Anaokulu,https://izzetbaysalao.meb.k12.tr,,,https://izzetbaysalao.meb.k12.tr/tema/harita.php,2026-08-31,66,66,bulundu,https://izzetbaysalao.meb.k12.tr/,2026-10-01T18:36:21.743298+00:00,,Öğrenci Sayısı: 66
Bolu,Merkez,İzzet Baysal Mesleki Eğitim Merkezi,132404,Mesleki Eğitim Merkezi,https://izzetbaysalmem.meb.k12.tr,,,https://izzetbaysalmem.meb.k12.tr/tema/harita.php,2026-08-31,1028,1028,bulundu,https://izzetbaysalmem.meb.k12.tr/tema/okulumuz_hakkinda.php,2026-10-01T18:36:21.906055+00:00,,Öğrenci : 1028
Bolu,Merkez,İzzet Baysal Mesleki ve Teknik Anadolu Lisesi,132345,Mesleki ve Teknik Anadolu Lisesi,https://izzetbaysaleml.meb.k12.tr,,,https://izzetbaysaleml.meb.k12.tr/tema/harita.php,2026-08-31,925,925,bulundu,https://izzetbaysaleml.meb.k12.tr/,2026-10-01T18:36:21.974135+00:00,,Öğrenci Sayısı 925
Bolu,Merkez,İzzet Baysal Ortaokulu,765361,Ortaokul,https://izzetbaysalortaokulu.meb.k12.tr,,,https://izzetbaysalortaokulu.meb.k12.tr/tema/harita.php,2026-08-31,772,772,bulundu,https://izzetbaysalortaokulu.meb.k12.tr/,2026-10-01T18:36:22.004862+00:00,,Öğrenci Sayısı 772
Bolu,Merkez,Şehit Nihat İlgen Ortaokulu,703057,Ortaokul,https://sehitnihatilgenortaokulu.meb.k12.tr,,,https://sehitnihatilgenortaokulu.meb.k12.tr/tema/harita.php,2026-08-31,217,217,bulundu,https://sehitnihatilgenortaokulu.meb.k12.tr/,2026-10-01T18:36:22.065818+00:00,,Öğrenci Sayısı 217
Bolu,Merkez,Şehit Ozan Özen Ortaokulu,703043,Ortaokul,https://bolusehitozanozeno.meb.k12.tr,,,https://bolusehitozanozeno.meb.k12.tr/tema/harita.php,2026-08-31,711,711,bulundu,https://bolusehitozanozeno.meb.k12.tr/,2026-10-01T18:36:22.077837+00:00,,Öğrenci Sayısı : 711
Bolu,Merkez,Şerife Bacı Anaokulu,766929,Anaokulu,https://766929.meb.k12.tr,,,https://766929.meb.k12.tr/tema/harita.php,2026-08-31,150,150,bulundu,https://766929.meb.k12.tr/,2026-10-01T18:36:22.081392+00:00,,Öğrenci Sayısı: 150
Bolu,Mudurnu,Abdurrahim Tırsi İmam Hatip Ortaokulu,733701,İmam Hatip Ortaokulu,https://abdurrahimtirsiiho.meb.k12.tr,,,https://abdurrahimtirsiiho.meb.k12.tr/tema/harita.php,2026-08-31,63,63,bulundu,https://abdurrahimtirsiiho.meb.k12.tr/,2026-10-01T18:36:22.186079+00:00,,Öğrenci Sayısı 63
Bolu,Mudurnu,Dumlupınar İlkokulu,746038,İlkokul,https://mudurnudumlupinarilkokulu.meb.k12.tr,,,https://mudurnudumlupinarilkokulu.meb.k12.tr/tema/harita.php,2026-08-31,361,361,bulundu,https://mudurnudumlupinarilkokulu.meb.k12.tr/,2026-10-01T18:36:22.208672+00:00,,Öğrenci Sayısı : 361
Bolu,Mudurnu,Hacımusalar Ortaokulu,703076,Ortaokul,https://hacimusalarortaokulu.meb.k12.tr,,,https://hacimusalarortaokulu.meb.k12.tr/tema/harita.php,2026-08-31,34,34,bulundu,https://hacimusalarortaokulu.meb.k12.tr/,2026-10-01T18:36:22.397863+00:00,,Öğrenci Sayısı 34
Bolu,Mudurnu,Hacımusalar İlkokulu,703026,İlkokul,https://hacimusalarilkokulu.meb.k12.tr,,,https://hacimusalarilkokulu.meb.k12.tr/tema/harita.php,2026-08-31,42,42,bulundu,https://hacimusalarilkokulu.meb.k12.tr/,2026-10-01T18:36:22.439114+00:00,,Öğrenci Sayısı 42
Bolu,Mudurnu,Mudurnu Anadolu İmam hatip Lisesi,761068,Anadolu İmam Hatip Lisesi,https://mudurnuanadoluihl.meb.k12.tr,,,https://mudurnuanadoluihl.meb.k12.tr/tema/harita.php,2026-08-31,113,113,bulundu,https://mudurnuanadoluihl.meb.k12.tr/,2026-10-01T18:36:22.462036+00:00,,Öğrenci Sayısı 113
Bolu,Mudurnu,Mudurnu Halk Eğitimi Merkezi,133280,Halk Eğitimi Merkezi,https://mudurnuhem.meb.k12.tr,,,https://mudurnuhem.meb.k12.tr/tema/harita.php,2026-08-31,,,bulunamadi,,2026-10-01T18:36:22.467069+00:00,,
Bolu,Mudurnu,Mudurnu Ortaokulu,747965,Ortaokul,https://mudurnuortaokulu.meb.k12.tr,,,https://mudurnuortaokulu.meb.k12.tr/tema/harita.php,2026-08-31,318,318,bulundu,https://mudurnuortaokulu.meb.k12.tr/,2026-10-01T18:36:22.468779+00:00,,Öğrenci Sayısı 318
Bolu,Mudurnu,Mudurnu Çok Programlı Anadolu Lisesi,133255,Çok Programlı Anadolu Lisesi,https://mudurnucpl.meb.k12.tr,,,https://mudurnucpl.meb.k12.tr/tema/harita.php,2026-08-31,130,130,bulundu,https://mudurnucpl.meb.k12.tr/,2026-10-01T18:36:22.530071+00:00,,Öğrenci Sayısı 130
Bolu,Mudurnu,Nilüfer Hatun Anaokulu,970447,Anaokulu,https://mudurnuniluferhatunanaokulu.meb.k12.tr,,,https://mudurnuniluferhatunanaokulu.meb.k12.tr/tema/harita.php,2026-08-31,93,93,bulundu,https://mudurnuniluferhatunanaokulu.meb.k12.tr/,2026-10-01T18:36:22.530898+00:00,,Öğrenci Sayısı: 93
Bolu,Mudurnu,TAŞKESTİ İMAM HATİP ORTAOKULU,760593,İmam Hatip Ortaokulu,https://taskestiimamhatiportaokulu.meb.k12.tr,,,https://taskestiimamhatiportaokulu.meb.k12.tr/tema/harita.php,2026-08-31,49,49,bulundu,https://taskestiimamhatiportaokulu.meb.k12.tr/,2026-10-01T18:36:22.540431+00:00,,Öğrenci Sayısı : 49
Bolu,Mudurnu,Taşkesti Ortaokulu,703077,Ortaokul,https://taskestiortaokulu.meb.k12.tr,,,https://taskestiortaokulu.meb.k12.tr/tema/harita.php,2026-08-31,122,122,bulundu,https://taskestiortaokulu.meb.k12.tr/,2026-10-01T18:36:22.602154+00:00,,Öğrenci Sayısı : 122
Bolu,Mudurnu,Taşkesti Çok Programlı Anadolu Lisesi,323349,Çok Programlı Anadolu Lisesi,https://taskesticpl.meb.k12.tr,,,https://taskesticpl.meb.k12.tr/tema/harita.php,2026-08-31,38,38,bulundu,https://taskesticpl.meb.k12.tr/,2026-10-01T18:36:23.098181+00:00,,Öğrenci Sayısı : 38
Bolu,Mudurnu,Taşkesti İlkokulu,703027,İlkokul,https://taskestiilkokulu.meb.k12.tr,,,https://taskestiilkokulu.meb.k12.tr/tema/harita.php,2026-08-31,205,205,bulundu,https://taskestiilkokulu.meb.k12.tr/,2026-10-01T18:36:23.105270+00:00,,Öğrenci Sayısı : 205
Bolu,Mudurnu,Yazılar Ortaokulu,703078,Ortaokul,https://yazilarortaokulu.meb.k12.tr,,,https://yazilarortaokulu.meb.k12.tr/tema/harita.php,2026-08-31,71,71,bulundu,https://yazilarortaokulu.meb.k12.tr/,2026-10-01T18:36:23.188484+00:00,,Öğrenci Sayısı 71
Bolu,Mudurnu,Yazılar İlkokulu,703028,İlkokul,https://yazilarilkokulu.meb.k12.tr,,,https://yazilarilkokulu.meb.k12.tr/tema/harita.php,2026-08-31,85,85,bulundu,https://yazilarilkokulu.meb.k12.tr/,2026-10-01T18:36:23.241818+00:00,,Öğrenci Sayısı : 85
Bolu,Mudurnu,Çamyurdu İlkokulu,703025,İlkokul,https://703025.meb.k12.tr,,,https://703025.meb.k12.tr/tema/harita.php,2026-08-31,11,11,bulundu,https://703025.meb.k12.tr/,2026-10-01T18:36:23.439813+00:00,,Öğrenci Sayısı: 11
Bolu,Seben,Seben Atatürk İlkokulu,975086,İlkokul,https://sebenataturkilkokulu.meb.k12.tr,,,https://sebenataturkilkokulu.meb.k12.tr/tema/harita.php,2026-08-31,91,91,bulundu,https://sebenataturkilkokulu.meb.k12.tr/,2026-10-01T18:36:23.792313+00:00,,Öğrenci Sayısı 91
Bolu,Seben,Seben Halk Eğitimi Merkezi,133314,Halk Eğitimi Merkezi,https://sebenhem.meb.k12.tr,,,https://sebenhem.meb.k12.tr/tema/harita.php,2026-08-31,,,bulunamadi,,2026-10-01T18:36:23.794550+00:00,,
Bolu,Seben,Seben Ortaokulu,975085,Ortaokul,https://sebenortaokulu.meb.k12.tr,,,https://sebenortaokulu.meb.k12.tr/tema/harita.php,2026-08-31,93,93,bulundu,https://sebenortaokulu.meb.k12.tr/,2026-10-01T18:36:23.874099+00:00,,Öğrenci Sayısı : 93
Bolu,Seben,Şehit Kaymakam Muhammet Fatih Safitürk Çok Programlı Anadolu Lisesi,133302,Çok Programlı Anadolu Lisesi,https://sehitkaymakammfs.meb.k12.tr,,,https://sehitkaymakammfs.meb.k12.tr/tema/harita.php,2026-08-31,28,28,bulundu,https://sehitkaymakammfs.meb.k12.tr/,2026-10-01T18:36:23.919084+00:00,,Öğrenci Sayısı : 28
Bolu,Yeniçağa,Mehmet Çelik Ortaokulu,703089,Ortaokul,https://mehmetcelikortaokulu.meb.k12.tr,,,https://mehmetcelikortaokulu.meb.k12.tr/tema/harita.php,2026-08-31,169,169,bulundu,https://mehmetcelikortaokulu.meb.k12.tr/,2026-10-01T18:36:23.960000+00:00,,Öğrenci Sayısı : 169
Bolu,Yeniçağa,Mehmet Çelik İlkokulu,975084,İlkokul,https://mehmetcelikilkokulu.meb.k12.tr,,,https://mehmetcelikilkokulu.meb.k12.tr/tema/harita.php,2026-08-31,118,118,bulundu,https://mehmetcelikilkokulu.meb.k12.tr/,2026-10-01T18:36:24.019935+00:00,,Öğrenci Sayısı : 118
Bolu,Yeniçağa,Yaşar Çelik Çok Programlı Anadolu Lisesi,341872,Çok Programlı Anadolu Lisesi,https://yasarcelikcpal.meb.k12.tr,,,https://yasarcelikcpal.meb.k12.tr/tema/harita.php,2026-08-31,39,39,bulundu,https://yasarcelikcpal.meb.k12.tr/tema/okulumuz_hakkinda.php,2026-10-01T18:36:24.267801+00:00,,Öğrenci : 39
Bolu,Yeniçağa,Yaşar Çelik İlkokulu,975082,İlkokul,https://yasarcelikilkokulu.meb.k12.tr,,,https://yasarcelikilkokulu.meb.k12.tr/tema/harita.php,2026-08-31,88,88,bulundu,https://yasarcelikilkokulu.meb.k12.tr/,2026-10-01T18:36:24.269154+00:00,,Öğrenci Sayısı 88
Bolu,Yeniçağa,Yeniçağa Aşçılar Mesleki ve Teknik Anadolu Lisesi,970119,Mesleki ve Teknik Anadolu Lisesi,https://yenicagaascilik.meb.k12.tr,,,https://yenicagaascilik.meb.k12.tr/tema/harita.php,2026-08-31,177,177,bulundu,https://yenicagaascilik.meb.k12.tr/,2026-10-01T18:36:24.354386+00:00,,Öğrenci Sayısı : 177
Bolu,Yeniçağa,Yeniçağa Borsa İstanbul İmam Hatip Ortaokulu,703095,İmam Hatip Ortaokulu,https://yenicagabistiho.meb.k12.tr,,,https://yenicagabistiho.meb.k12.tr/tema/harita.php,2026-08-31,72,72,bulundu,https://yenicagabistiho.meb.k12.tr/,2026-10-01T18:36:24.459240+00:00,,Öğrenci Sayısı : 72
Bolu,Yeniçağa,Yeniçağa Halk Eğitimi Merkezi,270312,Halk Eğitimi Merkezi,https://yenicagahem.meb.k12.tr,,,https://yenicagahem.meb.k12.tr/tema/harita.php,2026-08-31,,,bulunamadi,,2026-10-01T18:36:24.463192+00:00,,
Bolu,Yeniçağa,Yeniçağa Mesleki Eğitim Merkezi,236189,Mesleki Eğitim Merkezi,https://yenicagamesem.meb.k12.tr,,,https://yenicagamesem.meb.k12.tr/tema/harita.php,2026-08-31,40,40,bulundu,https://yenicagamesem.meb.k12.tr/,2026-10-01T18:36:24.495261+00:00,,Öğrenci Sayısı 40
Bolu,Yeniçağa,Yeniçağa Nene Hatun Anaokulu,966699,Anaokulu,https://ynenehatunanaokulu.meb.k12.tr,,,https://ynenehatunanaokulu.meb.k12.tr/tema/harita.php,2026-08-31,21,21,bulundu,https://ynenehatunanaokulu.meb.k12.tr/,2026-10-01T18:36:24.559881+00:00,,Öğrenci Sayısı: 21
Bolu,Yeniçağa,Yeniçağa Öğretmenevi ve Akşam Sanat Okulu,971079,Öğretmenevi,https://yenicagaogretmenevi.meb.k12.tr,,,https://yenicagaogretmenevi.meb.k12.tr/tema/harita.php,2026-08-31,,,bulunamadi,,2026-10-01T18:36:24.591570+00:00,,
Burdur,Altınyayla,Altınyayla Anaokulu,966978,Anaokulu,https://altinyaylaanaokulu.meb.k12.tr,,,https://altinyaylaanaokulu.meb.k12.tr/tema/harita.php,2026-08-31,40,40,bulundu,https://altinyaylaanaokulu.meb.k12.tr/,2026-10-01T18:36:24.634800+00:00,,Öğrenci Sayısı: 40
Burdur,Altınyayla,Atatürk İlkokulu,887679,İlkokul,https://dirmilataturkilkokulu.meb.k12.tr,,,https://dirmilataturkilkokulu.meb.k12.tr/tema/harita.php,2026-08-31,121,121,bulundu,https://dirmilataturkilkokulu.meb.k12.tr/,2026-10-01T18:36:24.648643+00:00,,Öğrenci Sayısı : 121
Burdur,Altınyayla,Burdur Altınyayla Halk Eğitimi Merkezi,254638,Halk Eğitimi Merkezi,https://altinyaylahem.meb.k12.tr,,,https://altinyaylahem.meb.k12.tr/tema/harita.php,2026-08-31,,,bulunamadi,,2026-10-01T18:36:24.861524+00:00,,
Burdur,Altınyayla,Dirmil Ortaokulu,388204,Ortaokul,https://dirmilortaokulu.meb.k12.tr,,,https://dirmilortaokulu.meb.k12.tr/tema/harita.php,2026-08-31,220,220,bulundu,https://dirmilortaokulu.meb.k12.tr/,2026-10-01T18:36:24.934081+00:00,,Öğrenci Sayısı : 220
Burdur,Altınyayla,Dirmil İmam Hatip Ortaokulu,751985,İmam Hatip Ortaokulu,https://dirmiliho.meb.k12.tr,,,https://dirmiliho.meb.k12.tr/tema/harita.php,2026-08-31,30,30,bulundu,https://dirmiliho.meb.k12.tr/,2026-10-01T18:36:24.944043+00:00,,Öğrenci Sayısı : 30
Burdur,Altınyayla,Kızılyaka İlkokulu,887775,İlkokul,https://kzlyaka15.meb.k12.tr,,,https://kzlyaka15.meb.k12.tr/tema/harita.php,2026-08-31,28,28,bulundu,https://kzlyaka15.meb.k12.tr/,2026-10-01T18:36:25.003783+00:00,,Öğrenci Sayısı 28
Burdur,Altınyayla,Çatak Çörten İlkokulu,714548,İlkokul,https://catakcortenio.meb.k12.tr,,,https://catakcortenio.meb.k12.tr/tema/harita.php,2026-08-31,62,62,bulundu,https://catakcortenio.meb.k12.tr/,2026-10-01T18:36:25.015040+00:00,,Öğrenci Sayısı : 62
Burdur,Altınyayla,Şehit Kadir Eraslan Anadolu Lisesi,774726,Anadolu Lisesi,https://774726.meb.k12.tr,,,https://774726.meb.k12.tr/tema/harita.php,2026-08-31,66,66,bulundu,https://774726.meb.k12.tr/,2026-10-01T18:36:25.049232+00:00,,Öğrenci Sayısı : 66
Burdur,Ağlasun,50. Yıl İlkokulu,703916,İlkokul,https://aglasun50yililkokulu.meb.k12.tr,,,https://aglasun50yililkokulu.meb.k12.tr/tema/harita.php,2026-08-31,67,67,bulundu,https://aglasun50yililkokulu.meb.k12.tr/,2026-10-01T18:36:25.082473+00:00,,Öğrenci Sayısı : 67
Burdur,Ağlasun,Ağlasun Anadolu İmam Hatip Lisesi,758794,Anadolu İmam Hatip Lisesi,https://aglasunihl.meb.k12.tr,,,https://aglasunihl.meb.k12.tr/tema/harita.php,2026-08-31,32,32,bulundu,https://aglasunihl.meb.k12.tr/,2026-10-01T18:36:25.119332+00:00,,Öğrenci Sayısı 32
Burdur,Ağlasun,Ağlasun Atatürk Anaokulu,966481,Anaokulu,https://atacocuklari.meb.k12.tr,,,https://atacocuklari.meb.k12.tr/tema/harita.php,2026-08-31,43,43,bulundu,https://atacocuklari.meb.k12.tr/,2026-10-01T18:36:25.163629+00:00,,Öğrenci Sayısı 43
Burdur,Ağlasun,Ağlasun Halk Eğitimi Merkezi,133686,Halk Eğitimi Merkezi,https://aglasunhem.meb.k12.tr,,,https://aglasunhem.meb.k12.tr/tema/harita.php,2026-08-31,,,bulunamadi,,2026-10-01T18:36:25.184785+00:00,,
Burdur,Ağlasun,Mamak Ortaokulu,720184,Ortaokul,https://mamakortaokulu15.meb.k12.tr,,,https://mamakortaokulu15.meb.k12.tr/tema/harita.php,2026-08-31,28,28,bulundu,https://mamakortaokulu15.meb.k12.tr/,2026-10-01T18:36:25.187328+00:00,,Öğrenci Sayısı 28
Burdur,Ağlasun,Mamak Şehit Mithat Akça İlkokulu,737844,İlkokul,https://mamakilkokulu15.meb.k12.tr,,,https://mamakilkokulu15.meb.k12.tr/tema/harita.php,2026-08-31,53,53,bulundu,https://mamakilkokulu15.meb.k12.tr/,2026-10-01T18:36:25.364793+00:00,,Öğrenci Sayısı 53
Burdur,Ağlasun,Mehmet Akif Ersoy İlkokulu,703476,İlkokul,https://makif15.meb.k12.tr,,,https://makif15.meb.k12.tr/tema/harita.php,2026-08-31,,,bulunamadi,,2026-10-01T18:36:25.392148+00:00,,
Burdur,Ağlasun,Yeşilbaşköy Ortaokulu,720485,Ortaokul,https://yesilbaskoyortaokulu.meb.k12.tr,,,https://yesilbaskoyortaokulu.meb.k12.tr/tema/harita.php,2026-08-31,,,bulunamadi,,2026-10-01T18:36:25.732068+00:00,,
Burdur,Ağlasun,Yeşilbaşköy İlkokulu,721136,İlkokul,https://yesilbaskoyilkokulu.meb.k12.tr,,,https://yesilbaskoyilkokulu.meb.k12.tr/tema/harita.php,2026-08-31,63,63,bulundu,https://yesilbaskoyilkokulu.meb.k12.tr/,2026-10-01T18:36:25.877406+00:00,,Öğrenci Sayısı : 63
Burdur,Ağlasun,Yunus Emre Ortaokulu,703494,Ortaokul,https://yemre15.meb.k12.tr,,,https://yemre15.meb.k12.tr/tema/harita.php,2026-08-31,140,140,bulundu,https://yemre15.meb.k12.tr/,2026-10-01T18:36:25.904808+00:00,,Öğrenci Sayısı 140
Burdur,Ağlasun,Şehit Bayram Yeşil Çok Programlı Anadolu Lisesi,751378,Çok Programlı Anadolu Lisesi,https://sehitbayramyesilcplisesi.meb.k12.tr,,,https://sehitbayramyesilcplisesi.meb.k12.tr/tema/harita.php,2026-08-31,,,bulunamadi,,2026-10-01T18:36:25.953804+00:00,,
Burdur,Bucak,15 Temmuz Şehitler Ortaokulu,762883,Ortaokul,https://bucak15temmuzsehitlerortaokulu.meb.k12.tr,,,https://bucak15temmuzsehitlerortaokulu.meb.k12.tr/tema/harita.php,2026-08-31,127,127,bulundu,https://bucak15temmuzsehitlerortaokulu.meb.k12.tr/,2026-10-01T18:36:26.009797+00:00,,Öğrenci Sayısı : 127
Burdur,Bucak,15 Temmuz Şehitler İlkokulu,768979,İlkokul,https://bucak15temmuzsehitlerilkokulu.meb.k12.tr,,,https://bucak15temmuzsehitlerilkokulu.meb.k12.tr/tema/harita.php,2026-08-31,350,350,bulundu,https://bucak15temmuzsehitlerilkokulu.meb.k12.tr/tema/okulumuz_hakkinda.php,2026-10-01T18:36:26.157977+00:00,,Öğrenci : 350
Burdur,Bucak,75. Yıl İlkokulu,718693,İlkokul,https://bucak75io.meb.k12.tr,,,https://bucak75io.meb.k12.tr/tema/harita.php,2026-08-31,193,193,bulundu,https://bucak75io.meb.k12.tr/,2026-10-01T18:36:26.169686+00:00,,Öğrenci Sayısı 193
Burdur,Bucak,Adnan Menderes Ortaokulu,749173,Ortaokul,https://bucakadnanmenderesoo.meb.k12.tr,,,https://bucakadnanmenderesoo.meb.k12.tr/tema/harita.php,2026-08-31,155,155,bulundu,https://bucakadnanmenderesoo.meb.k12.tr/,2026-10-01T18:36:26.225445+00:00,,Öğrenci Sayısı 155
Burdur,Bucak,Adnan Menderes İlkokulu,737317,İlkokul,https://bucakadnanmenderesio.meb.k12.tr,,,https://bucakadnanmenderesio.meb.k12.tr/tema/harita.php,2026-08-31,205,205,bulundu,https://bucakadnanmenderesio.meb.k12.tr/,2026-10-01T18:36:26.227398+00:00,,Öğrenci Sayısı 205
Burdur,Bucak,Akdeniz Mesleki ve Teknik Anadolu Lisesi,962902,Mesleki ve Teknik Anadolu Lisesi,https://akdenizmtal.meb.k12.tr,,,https://akdenizmtal.meb.k12.tr/tema/harita.php,2026-08-31,353,353,bulundu,https://akdenizmtal.meb.k12.tr/tema/okulumuz_hakkinda.php,2026-10-01T18:36:26.249793+00:00,,Öğrenci : 353
Burdur,Bucak,Atatürk İlkokulu,715945,İlkokul,https://bucakata.meb.k12.tr,,,https://bucakata.meb.k12.tr/tema/harita.php,2026-08-31,740,740,bulundu,https://bucakata.meb.k12.tr/,2026-10-01T18:36:26.375459+00:00,,Öğrenci Sayısı : 740
Burdur,Bucak,Ayşe Sak Ortaokulu,724334,Ortaokul,https://aysesak.meb.k12.tr,,,https://aysesak.meb.k12.tr/tema/harita.php,2026-08-31,800,800,bulundu,https://aysesak.meb.k12.tr/,2026-10-01T18:36:26.602385+00:00,,Öğrenci Sayısı 800
Burdur,Bucak,Barbaros Ortaokulu,723060,Ortaokul,https://bucakbarbaros.meb.k12.tr,,,https://bucakbarbaros.meb.k12.tr/tema/harita.php,2026-08-31,,,bulunamadi,,2026-10-01T18:36:26.654912+00:00,,
Burdur,Bucak,Barbaros İmam Hatip Ortaokulu,761890,İmam Hatip Ortaokulu,https://bucakbarbarosimamhatiportaokulu.meb.k12.tr,,,https://bucakbarbarosimamhatiportaokulu.meb.k12.tr/tema/harita.php,2026-08-31,36,36,bulundu,https://bucakbarbarosimamhatiportaokulu.meb.k12.tr/,2026-10-01T18:36:26.662373+00:00,,Öğrenci Sayısı : 36
Burdur,Bucak,Boğazköy Ruhi Mutlu İlkokulu,853454,İlkokul,https://ruhimutlu.meb.k12.tr,,,https://ruhimutlu.meb.k12.tr/tema/harita.php,2026-08-31,,,bulunamadi,,2026-10-01T18:36:26.747106+00:00,,
Burdur,Bucak,Boğazköy Veysel Mutlu Ortaokulu,724329,Ortaokul,https://veyselmutlu.meb.k12.tr,,,https://veyselmutlu.meb.k12.tr/tema/harita.php,2026-08-31,41,41,bulundu,https://veyselmutlu.meb.k12.tr/,2026-10-01T18:36:27.136327+00:00,,Öğrenci Sayısı 41
Burdur,Bucak,Bucak Abdurrahman Taş Rehberlik ve Araştırma Merkezi,774861,Rehberlik ve Araştırma Merkezi,https://bucakabdurrahmantasram.meb.k12.tr,,,https://bucakabdurrahmantasram.meb.k12.tr/tema/harita.php,2026-08-31,,,bulunamadi,,2026-10-01T18:36:27.137192+00:00,,
Burdur,Bucak,Bucak Adem Tolunay Fen Lisesi,323960,Fen Lisesi,https://atfl.meb.k12.tr,,,https://atfl.meb.k12.tr/tema/harita.php,2026-08-31,359,359,bulundu,https://atfl.meb.k12.tr/,2026-10-01T18:36:27.436046+00:00,,Öğrenci Sayısı 359
Burdur,Bucak,Bucak Ahmet Kadriye Öztürk Öğretmenevi ve Akşam Sanat Okulu,250271,Öğretmenevi,https://bucakogretmenevi.meb.k12.tr,,,https://bucakogretmenevi.meb.k12.tr/tema/harita.php,2026-08-31,,,bulunamadi,,2026-10-01T18:36:27.447684+00:00,,
Burdur,Bucak,Bucak Anadolu Lisesi,300302,Anadolu Lisesi,https://bucakanadolulisesi.meb.k12.tr,,,https://bucakanadolulisesi.meb.k12.tr/tema/harita.php,2026-08-31,449,449,bulundu,https://bucakanadolulisesi.meb.k12.tr/,2026-10-01T18:36:27.467429+00:00,,Öğrenci Sayısı 449
Burdur,Bucak,Bucak Anaokulu,773093,Anaokulu,https://773093.meb.k12.tr,,,https://773093.meb.k12.tr/tema/harita.php,2026-08-31,0,0,bulundu,https://773093.meb.k12.tr/,2026-10-01T18:36:27.561066+00:00,,Öğrenci Sayısı : 0
Burdur,Bucak,Bucak Halk Eğitimi Merkezi,133828,Halk Eğitimi Merkezi,https://bucakhem.meb.k12.tr,,,https://bucakhem.meb.k12.tr/tema/harita.php,2026-08-31,,,bulunamadi,,2026-10-01T18:36:27.746541+00:00,,
Burdur,Bucak,Bucak Mesleki Eğitim Merkezi,215297,Mesleki Eğitim Merkezi,https://bucakmesem.meb.k12.tr,,,https://bucakmesem.meb.k12.tr/tema/harita.php,2026-08-31,809,809,bulundu,https://bucakmesem.meb.k12.tr/,2026-10-01T18:36:27.755654+00:00,,Öğrenci Sayısı : 809
Burdur,Bucak,Bucak Organize Sanayi Mesleki ve Teknik Anadolu Lisesi,133782,Mesleki ve Teknik Anadolu Lisesi,https://bucakosbmtal.meb.k12.tr,,,https://bucakosbmtal.meb.k12.tr/tema/harita.php,2026-08-31,318,318,bulundu,https://bucakosbmtal.meb.k12.tr/,2026-10-01T18:36:27.933201+00:00,,Öğrenci Sayısı : 318
Burdur,Bucak,Bucak Şehit Akif Altay Özel Eğitim Uygulama Okulu I. Kademe,763505,Özel Eğitim Kurumu,https://sehitakifaltayuygulamamerkezi.meb.k12.tr,,,https://sehitakifaltayuygulamamerkezi.meb.k12.tr/tema/harita.php,2026-08-31,32,32,bulundu,https://sehitakifaltayuygulamamerkezi.meb.k12.tr/,2026-10-01T18:36:27.951659+00:00,,Öğrenci Sayısı 32
Burdur,Bucak,Bucak Şehit Akif Altay Özel Eğitim Uygulama Okulu II. Kademe,763506,Özel Eğitim Kurumu,https://763506.meb.k12.tr,,,https://763506.meb.k12.tr/tema/harita.php,2026-08-31,30,30,bulundu,https://763506.meb.k12.tr/,2026-10-01T18:36:27.992956+00:00,,Öğrenci Sayısı : 30
Burdur,Bucak,Bucak Şehit Akif Altay Özel Eğitim Uygulama Okulu III. Kademe,768323,Özel Eğitim Kurumu,https://sehitakifaltayuygulamaokulu3.meb.k12.tr,,,https://sehitakifaltayuygulamaokulu3.meb.k12.tr/tema/harita.php,2026-08-31,,,bulunamadi,,2026-10-01T18:36:28.056738+00:00,,
Burdur,Bucak,Bucak Şehit Ayfer Gök Anadolu Lisesi,972807,Anadolu Lisesi,https://bucaksehitayfergokanadolulisesi.meb.k12.tr,,,https://bucaksehitayfergokanadolulisesi.meb.k12.tr/tema/harita.php,2026-08-31,,,bulunamadi,,2026-10-01T18:36:28.124774+00:00,,
Burdur,Bucak,Bucak Şehit Ayfer Gök Bilim ve Sanat Merkezi,769175,Bilim ve Sanat Merkezi,https://bucakbilsem.meb.k12.tr,,,https://bucakbilsem.meb.k12.tr/tema/harita.php,2026-08-31,182,182,bulundu,https://bucakbilsem.meb.k12.tr/,2026-10-01T18:36:28.227916+00:00,,Öğrenci Sayısı : 182
Burdur,Bucak,Bucak Şehit Muhittin Talha Çalışkan Anadolu İmam Hatip Lisesi,133816,Anadolu İmam Hatip Lisesi,https://bucakanadoluihl.meb.k12.tr,,,https://bucakanadoluihl.meb.k12.tr/tema/harita.php,2026-08-31,700,700,bulundu,https://bucakanadoluihl.meb.k12.tr/,2026-10-01T18:36:28.331072+00:00,,Öğrenci Sayısı : 700
Burdur,Bucak,Cumhuriyet İlkokulu,976879,İlkokul,https://bucakcumhuriyetio.meb.k12.tr,,,https://bucakcumhuriyetio.meb.k12.tr/tema/harita.php,2026-08-31,312,312,bulundu,https://bucakcumhuriyetio.meb.k12.tr/,2026-10-01T18:36:28.397598+00:00,,Öğrenci Sayısı : 312
Burdur,Bucak,Elsazı Yenice Ortaokulu,723954,Ortaokul,https://elsaziyeniceoo.meb.k12.tr,,,https://elsaziyeniceoo.meb.k12.tr/tema/harita.php,2026-08-31,35,35,bulundu,https://elsaziyeniceoo.meb.k12.tr/,2026-10-01T18:36:28.434865+00:00,,Öğrenci Sayısı : 35
Burdur,Bucak,Elsazı Yenice İlkokulu,718587,İlkokul,https://elsaziyeniceio.meb.k12.tr,,,https://elsaziyeniceio.meb.k12.tr/tema/harita.php,2026-08-31,37,37,bulundu,https://elsaziyeniceio.meb.k12.tr/,2026-10-01T18:36:28.475542+00:00,,Öğrenci Sayısı : 37
Burdur,Bucak,Ertuğrul Gazi Ortaokulu,724331,Ortaokul,https://bucakertugrulgazi.meb.k12.tr,,,https://bucakertugrulgazi.meb.k12.tr/tema/harita.php,2026-08-31,631,631,bulundu,https://bucakertugrulgazi.meb.k12.tr/,2026-10-01T18:36:28.528622+00:00,,Öğrenci Sayısı : 631
Burdur,Bucak,Fatih Sultan Mehmet İlkokulu,737362,İlkokul,https://bucakfatihsultanmehmetilkokulu.meb.k12.tr,,,https://bucakfatihsultanmehmetilkokulu.meb.k12.tr/tema/harita.php,2026-08-31,651,651,bulundu,https://bucakfatihsultanmehmetilkokulu.meb.k12.tr/,2026-10-01T18:36:28.584384+00:00,,Öğrenci Sayısı 651
Burdur,Bucak,Gündoğdu Ortaokulu,723136,Ortaokul,https://gundogduortaokulu.meb.k12.tr,,,https://gundogduortaokulu.meb.k12.tr/tema/harita.php,2026-08-31,46,46,bulundu,https://gundogduortaokulu.meb.k12.tr/tema/okulumuz_hakkinda.php,2026-10-01T18:36:28.595886+00:00,,Öğrenci : 46
Burdur,Bucak,Gündoğdu İlkokulu,718672,İlkokul,https://bucakgundogduio.meb.k12.tr,,,https://bucakgundogduio.meb.k12.tr/tema/harita.php,2026-08-31,51,51,bulundu,https://bucakgundogduio.meb.k12.tr/,2026-10-01T18:36:28.744683+00:00,,Öğrenci Sayısı 51
Burdur,Bucak,Hüseyin Türker Ortaokulu,749015,Ortaokul,https://huseyinturkerortaokulu.meb.k12.tr,,,https://huseyinturkerortaokulu.meb.k12.tr/tema/harita.php,2026-08-31,635,635,bulundu,https://huseyinturkerortaokulu.meb.k12.tr/,2026-10-01T18:36:28.871204+00:00,,Öğrenci Sayısı : 635
Burdur,Bucak,Karacaören Ümmü Yaman Ortaokulu,723936,Ortaokul,https://karacaorenummuyamanoo.meb.k12.tr,,,https://karacaorenummuyamanoo.meb.k12.tr/tema/harita.php,2026-08-31,38,38,bulundu,https://karacaorenummuyamanoo.meb.k12.tr/,2026-10-01T18:36:29.207205+00:00,,Öğrenci Sayısı 38
Burdur,Bucak,Karacaören Ümmü Yaman İlkokulu,717721,İlkokul,https://karacaorenummuyamanio.meb.k12.tr,,,https://karacaorenummuyamanio.meb.k12.tr/tema/harita.php,2026-08-31,46,46,bulundu,https://karacaorenummuyamanio.meb.k12.tr/,2026-10-01T18:36:29.314223+00:00,,Öğrenci Sayısı 46
Burdur,Bucak,Karapınar Ortaokulu,723121,Ortaokul,https://bucakkarapinarortaokulu.meb.k12.tr,,,https://bucakkarapinarortaokulu.meb.k12.tr/tema/harita.php,2026-08-31,43,43,bulundu,https://bucakkarapinarortaokulu.meb.k12.tr/,2026-10-01T18:36:29.358548+00:00,,Öğrenci Sayısı 43
Burdur,Bucak,Karapınar İlkokulu,718650,İlkokul,https://bucakkarapinarilkokulu.meb.k12.tr,,,https://bucakkarapinarilkokulu.meb.k12.tr/tema/harita.php,2026-08-31,56,56,bulundu,https://bucakkarapinarilkokulu.meb.k12.tr/,2026-10-01T18:36:29.453037+00:00,,Öğrenci Sayısı 56
Burdur,Bucak,Kocaaliler Ortaokulu,724366,Ortaokul,https://kocaalileroo.meb.k12.tr,,,https://kocaalileroo.meb.k12.tr/tema/harita.php,2026-08-31,104,104,bulundu,https://kocaalileroo.meb.k12.tr/,2026-10-01T18:36:29.495370+00:00,,Öğrenci Sayısı : 104
Burdur,Bucak,Kocaaliler İlkokulu,718829,İlkokul,https://kocaalilerio.meb.k12.tr,,,https://kocaalilerio.meb.k12.tr/tema/harita.php,2026-08-31,105,105,bulundu,https://kocaalilerio.meb.k12.tr/,2026-10-01T18:36:29.528513+00:00,,Öğrenci Sayısı : 105
Burdur,Bucak,Kuşbaba Ortaokulu,723945,Ortaokul,https://kusbabaortaokulu.meb.k12.tr,,,https://kusbabaortaokulu.meb.k12.tr/tema/harita.php,2026-08-31,75,75,bulundu,https://kusbabaortaokulu.meb.k12.tr/,2026-10-01T18:36:29.535530+00:00,,Öğrenci Sayısı : 75
Burdur,Bucak,Kuşbaba İlkokulu,395107,İlkokul,https://kusbabailkokulu.meb.k12.tr,,,https://kusbabailkokulu.meb.k12.tr/tema/harita.php,2026-08-31,65,65,bulundu,https://kusbabailkokulu.meb.k12.tr/tema/okulumuz_hakkinda.php,2026-10-01T18:36:29.598146+00:00,,Öğrenci : 65
Burdur,Bucak,Kızılkaya Hacı İbrahim Çelik Anadolu Lisesi,751379,Anadolu Lisesi,https://kizilkayahical.meb.k12.tr,,,https://kizilkayahical.meb.k12.tr/tema/harita.php,2026-08-31,55,55,bulundu,https://kizilkayahical.meb.k12.tr/,2026-10-01T18:36:29.739636+00:00,,Öğrenci Sayısı 55
Burdur,Bucak,Kızılkaya Ortaokulu,723928,Ortaokul,https://kizilkayaoo.meb.k12.tr,,,https://kizilkayaoo.meb.k12.tr/tema/harita.php,2026-08-31,83,83,bulundu,https://kizilkayaoo.meb.k12.tr/,2026-10-01T18:36:29.784326+00:00,,Öğrenci Sayısı : 83
Burdur,Bucak,Kızılkaya İlkokulu,718851,İlkokul,https://bucakkizilkayailkokulu.meb.k12.tr,,,https://bucakkizilkayailkokulu.meb.k12.tr/tema/harita.php,2026-08-31,99,99,bulundu,https://bucakkizilkayailkokulu.meb.k12.tr/,2026-10-01T18:36:29.801887+00:00,,Öğrenci Sayısı : 99
Burdur,Bucak,Mehmet Akif Ersoy İlkokulu,374455,İlkokul,https://bucakmakif.meb.k12.tr,,,https://bucakmakif.meb.k12.tr/tema/harita.php,2026-08-31,616,616,bulundu,https://bucakmakif.meb.k12.tr/,2026-10-01T18:36:30.022359+00:00,,Öğrenci Sayısı 616
Burdur,Bucak,Mehmet Cadıl Anadolu Lisesi,962592,Anadolu Lisesi,https://mcadilal.meb.k12.tr,,,https://mcadilal.meb.k12.tr/tema/harita.php,2026-08-31,383,383,bulundu,https://mcadilal.meb.k12.tr/,2026-10-01T18:36:30.131876+00:00,,Öğrenci Sayısı : 383
Burdur,Bucak,Necati Topay Ticaret Mesleki ve Teknik Anadolu Lisesi,133804,Mesleki ve Teknik Anadolu Lisesi,https://necatitopaymtal.meb.k12.tr,,,https://necatitopaymtal.meb.k12.tr/tema/harita.php,2026-08-31,177,177,bulundu,https://necatitopaymtal.meb.k12.tr/tema/okulumuz_hakkinda.php,2026-10-01T18:36:30.196079+00:00,,Öğrenci : 177
Burdur,Bucak,Oğuzhan Kız Mesleki ve Teknik Anadolu Lisesi,823798,Mesleki ve Teknik Anadolu Lisesi,https://bucakomtal.meb.k12.tr,,,https://bucakomtal.meb.k12.tr/tema/harita.php,2026-08-31,414,414,bulundu,https://bucakomtal.meb.k12.tr/,2026-10-01T18:36:30.209616+00:00,,Öğrenci Sayısı 414
Burdur,Bucak,Oğuzhan Ortaokulu,723104,Ortaokul,https://oguzhanortaokulu.meb.k12.tr,,,https://oguzhanortaokulu.meb.k12.tr/tema/harita.php,2026-08-31,266,266,bulundu,https://oguzhanortaokulu.meb.k12.tr/,2026-10-01T18:36:30.362834+00:00,,Öğrenci Sayısı : 266
Burdur,Bucak,Oğuzhan İlkokulu,718408,İlkokul,https://bucakoguzhanio.meb.k12.tr,,,https://bucakoguzhanio.meb.k12.tr/tema/harita.php,2026-08-31,208,208,bulundu,https://bucakoguzhanio.meb.k12.tr/,2026-10-01T18:36:30.609566+00:00,,Öğrenci Sayısı 208
Burdur,Bucak,Susuz Ortaokulu,723919,Ortaokul,https://susuzoo.meb.k12.tr,,,https://susuzoo.meb.k12.tr/tema/harita.php,2026-08-31,42,42,bulundu,https://susuzoo.meb.k12.tr/,2026-10-01T18:36:30.654452+00:00,,Öğrenci Sayısı : 42
Burdur,Bucak,Susuz İlkokulu,718777,İlkokul,https://susuzio.meb.k12.tr,,,https://susuzio.meb.k12.tr/tema/harita.php,2026-08-31,43,43,bulundu,https://susuzio.meb.k12.tr/tema/okulumuz_hakkinda.php,2026-10-01T18:36:30.661314+00:00,,Öğrenci : 43
Burdur,Bucak,TOBB ANAOKULU,775483,Anaokulu,https://775483.meb.k12.tr,,,https://775483.meb.k12.tr/tema/harita.php,2026-08-31,197,197,bulundu,https://775483.meb.k12.tr/,2026-10-01T18:36:31.085998+00:00,,Öğrenci Sayısı: 197
Burdur,Bucak,Taşyayla Afetevler İlkokulu,717519,İlkokul,https://tasyaylaafetevlerilkokulu.meb.k12.tr,,,https://tasyaylaafetevlerilkokulu.meb.k12.tr/tema/harita.php,2026-08-31,22,22,bulundu,https://tasyaylaafetevlerilkokulu.meb.k12.tr/,2026-10-01T18:36:31.107364+00:00,,Öğrenci Sayısı : 22
Burdur,Bucak,Toki Ortaokulu,749016,Ortaokul,https://bucaktokiortaokulu.meb.k12.tr,,,https://bucaktokiortaokulu.meb.k12.tr/tema/harita.php,2026-08-31,72,72,bulundu,https://bucaktokiortaokulu.meb.k12.tr/,2026-10-01T18:36:31.203619+00:00,,Öğrenci Sayısı 72
Burdur,Bucak,Toki İlkokulu,718721,İlkokul,https://bucaktokiilkokulu.meb.k12.tr,,,https://bucaktokiilkokulu.meb.k12.tr/tema/harita.php,2026-08-31,103,103,bulundu,https://bucaktokiilkokulu.meb.k12.tr/,2026-10-01T18:36:31.278859+00:00,,Öğrenci Sayısı : 103
Burdur,Bucak,Vilayetler Hizmet Birliği Anaokulu,974329,Anaokulu,https://bucakvhbanaokulu.meb.k12.tr,,,https://bucakvhbanaokulu.meb.k12.tr/tema/harita.php,2026-08-31,169,169,bulundu,https://bucakvhbanaokulu.meb.k12.tr/,2026-10-01T18:36:31.492762+00:00,,Öğrenci Sayısı 169
Burdur,Bucak,Zübeyde Hanım Anaokulu,814308,Anaokulu,https://bucakzubeydehanimanaokulu.meb.k12.tr,,,https://bucakzubeydehanimanaokulu.meb.k12.tr/tema/harita.php,2026-08-31,142,142,bulundu,https://bucakzubeydehanimanaokulu.meb.k12.tr/,2026-10-01T18:36:31.531717+00:00,,Öğrenci Sayısı 142
Burdur,Bucak,Çamlıca İlkokulu,768206,İlkokul,https://camlicailkokulu15.meb.k12.tr,,,https://camlicailkokulu15.meb.k12.tr/tema/harita.php,2026-08-31,95,95,bulundu,https://camlicailkokulu15.meb.k12.tr/,2026-10-01T18:36:31.565521+00:00,,Öğrenci Sayısı : 95
Burdur,Bucak,Çamlık Hacıbağ Ortaokulu,760308,Ortaokul,https://camlikhacibag.meb.k12.tr,,,https://camlikhacibag.meb.k12.tr/tema/harita.php,2026-08-31,41,41,bulundu,https://camlikhacibag.meb.k12.tr/,2026-10-01T18:36:31.606913+00:00,,Öğrenci Sayısı : 41
Burdur,Bucak,Çamlık Kavaklı İlkokulu,887521,İlkokul,https://887521.meb.k12.tr,,,https://887521.meb.k12.tr/tema/harita.php,2026-08-31,53,53,bulundu,https://887521.meb.k12.tr/,2026-10-01T18:36:31.659732+00:00,,Öğrenci Sayısı 53
Burdur,Gölhisar,Adnan Menderes İlkokulu,713639,İlkokul,https://golhisaradnanmenderes.meb.k12.tr,,,https://golhisaradnanmenderes.meb.k12.tr/tema/harita.php,2026-08-31,422,422,bulundu,https://golhisaradnanmenderes.meb.k12.tr/,2026-10-01T18:36:32.095539+00:00,,Öğrenci Sayısı 422
Burdur,Gölhisar,Aliya İzzetbegoviç Mesleki ve Teknik Anadolu Lisesi,907036,Mesleki ve Teknik Anadolu Lisesi,https://aliya-mtal.meb.k12.tr,,,https://aliya-mtal.meb.k12.tr/tema/harita.php,2026-08-31,124,124,bulundu,https://aliya-mtal.meb.k12.tr/tema/okulumuz_hakkinda.php,2026-10-01T18:36:32.108579+00:00,,Öğrenci : 124
Burdur,Gölhisar,Atatürk Ortaokulu,739258,Ortaokul,https://golhisarataturkoo.meb.k12.tr,,,https://golhisarataturkoo.meb.k12.tr/tema/harita.php,2026-08-31,356,356,bulundu,https://golhisarataturkoo.meb.k12.tr/,2026-10-01T18:36:32.168941+00:00,,Öğrenci Sayısı : 356
Burdur,Gölhisar,Atatürk İlkokulu,888093,İlkokul,https://golhisarataturkio.meb.k12.tr,,,https://golhisarataturkio.meb.k12.tr/tema/harita.php,2026-08-31,323,323,bulundu,https://golhisarataturkio.meb.k12.tr/,2026-10-01T18:36:32.175797+00:00,,Öğrenci Sayısı : 323
Burdur,Gölhisar,Cumhuriyet Ortaokulu,713838,Ortaokul,https://golhisarcumhuriyetoo.meb.k12.tr,,,https://golhisarcumhuriyetoo.meb.k12.tr/tema/harita.php,2026-08-31,228,228,bulundu,https://golhisarcumhuriyetoo.meb.k12.tr/,2026-10-01T18:36:32.178495+00:00,,Öğrenci Sayısı : 228
Burdur,Gölhisar,Gölhisar Anadolu İmam Hatip Lisesi,134008,Anadolu İmam Hatip Lisesi,https://golhisarihl.meb.k12.tr,,,https://golhisarihl.meb.k12.tr/tema/harita.php,2026-08-31,170,170,bulundu,https://golhisarihl.meb.k12.tr/,2026-10-01T18:36:32.406230+00:00,,Öğrenci Sayısı : 170
Burdur,Gölhisar,Gölhisar Anaokulu,972651,Anaokulu,https://golhisaranaokulu.meb.k12.tr,,,https://golhisaranaokulu.meb.k12.tr/tema/harita.php,2026-08-31,130,130,bulundu,https://golhisaranaokulu.meb.k12.tr/,2026-10-01T18:36:32.489096+00:00,,Öğrenci Sayısı 130
Burdur,Gölhisar,Gölhisar Fen Lisesi,760029,Fen Lisesi,https://gfl.meb.k12.tr,,,https://gfl.meb.k12.tr/tema/harita.php,2026-08-31,218,218,bulundu,https://gfl.meb.k12.tr/,2026-10-01T18:36:32.505551+00:00,,Öğrenci Sayısı : 218
Burdur,Gölhisar,Gölhisar Halk Eğitimi Merkezi,134021,Halk Eğitimi Merkezi,https://golhisarhem.meb.k12.tr,,,https://golhisarhem.meb.k12.tr/tema/harita.php,2026-08-31,,,bulunamadi,,2026-10-01T18:36:32.514443+00:00,,
Burdur,Gölhisar,Gölhisar Mehmet Akif Ersoy Anadolu Lisesi,133961,Anadolu Lisesi,https://golhisarmaeanadolu.meb.k12.tr,,,https://golhisarmaeanadolu.meb.k12.tr/tema/harita.php,2026-08-31,373,373,bulundu,https://golhisarmaeanadolu.meb.k12.tr/,2026-10-01T18:36:32.553583+00:00,,Öğrenci Sayısı 373
Burdur,Gölhisar,Gölhisar Mesleki Eğitim Merkezi,777360,Mesleki Eğitim Merkezi,https://777360.meb.k12.tr,,,https://777360.meb.k12.tr/tema/harita.php,2026-08-31,0,0,bulundu,https://777360.meb.k12.tr/,2026-10-01T18:36:32.580327+00:00,,Öğrenci Sayısı : 0
Burdur,Gölhisar,Gölhisar Mesleki ve Teknik Anadolu Lisesi,962900,Mesleki ve Teknik Anadolu Lisesi,https://golhisarmtal.meb.k12.tr,,,https://golhisarmtal.meb.k12.tr/tema/harita.php,2026-08-31,92,92,bulundu,https://golhisarmtal.meb.k12.tr/tema/okulumuz_hakkinda.php,2026-10-01T18:36:32.608442+00:00,,Öğrenci : 92
Burdur,Gölhisar,Gölhisar Rehberlik ve Araştırma Merkezi,774069,Rehberlik ve Araştırma Merkezi,https://golhisarram.meb.k12.tr,,,https://golhisarram.meb.k12.tr/tema/harita.php,2026-08-31,,,bulunamadi,,2026-10-01T18:36:32.657058+00:00,,
Burdur,Gölhisar,Gölhisar Özel Eğitim Meslek Okulu,764383,Özel Eğitim Kurumu,https://golhisarozelmesem.meb.k12.tr,,,https://golhisarozelmesem.meb.k12.tr/tema/harita.php,2026-08-31,15,15,bulundu,https://golhisarozelmesem.meb.k12.tr/tema/okulumuz_hakkinda.php,2026-10-01T18:36:32.659348+00:00,,Öğrenci : 15
Burdur,Gölhisar,Havva Kadir Ural Ortaokulu,721231,Ortaokul,https://havvakadiruralortaokulu.meb.k12.tr,,,https://havvakadiruralortaokulu.meb.k12.tr/tema/harita.php,2026-08-31,97,97,bulundu,https://havvakadiruralortaokulu.meb.k12.tr/,2026-10-01T18:36:32.761611+00:00,,Öğrenci Sayısı : 97
Burdur,Gölhisar,Konak Ortaokulu,721250,Ortaokul,https://konakortaokul.meb.k12.tr,,,https://konakortaokul.meb.k12.tr/tema/harita.php,2026-08-31,76,76,bulundu,https://konakortaokul.meb.k12.tr/,2026-10-01T18:36:32.880113+00:00,,Öğrenci Sayısı : 76
Burdur,Gölhisar,Konak Şehit Mehmet Ali Özer İlkokulu,887641,İlkokul,https://konakilkokulum.meb.k12.tr,,,https://konakilkokulum.meb.k12.tr/tema/harita.php,2026-08-31,101,101,bulundu,https://konakilkokulum.meb.k12.tr/,2026-10-01T18:36:32.886891+00:00,,Öğrenci Sayısı 101
Burdur,Gölhisar,Merkez Ortaokulu,721064,Ortaokul,https://merkezoo.meb.k12.tr,,,https://merkezoo.meb.k12.tr/tema/harita.php,2026-08-31,287,287,bulundu,https://merkezoo.meb.k12.tr/,2026-10-01T18:36:32.943795+00:00,,Öğrenci Sayısı : 287
Burdur,Gölhisar,Merkez İlkokulu,714014,İlkokul,https://merkezio.meb.k12.tr,,,https://merkezio.meb.k12.tr/tema/harita.php,2026-08-31,197,197,bulundu,https://merkezio.meb.k12.tr/,2026-10-01T18:36:33.115729+00:00,,Öğrenci Sayısı : 197
Burdur,Gölhisar,Mimar Sinan İlkokulu,713850,İlkokul,https://golhisarmimarsinan.meb.k12.tr,,,https://golhisarmimarsinan.meb.k12.tr/tema/harita.php,2026-08-31,68,68,bulundu,https://golhisarmimarsinan.meb.k12.tr/,2026-10-01T18:36:33.128422+00:00,,Öğrenci Sayısı : 68
Burdur,Gölhisar,Prof. Dr. Sevgi Kurtulmuş Bilim ve Sanat Merkezi,774457,Bilim ve Sanat Merkezi,https://golhisarbilsem.meb.k12.tr,,,https://golhisarbilsem.meb.k12.tr/tema/harita.php,2026-08-31,51,51,bulundu,https://golhisarbilsem.meb.k12.tr/,2026-10-01T18:36:33.252437+00:00,,Öğrenci Sayısı : 51
Burdur,Gölhisar,Yeşildere Ortaokulu,721376,Ortaokul,https://golhisaryesildereortaokulu.meb.k12.tr,,,https://golhisaryesildereortaokulu.meb.k12.tr/tema/harita.php,2026-08-31,46,46,bulundu,https://golhisaryesildereortaokulu.meb.k12.tr/,2026-10-01T18:36:33.272011+00:00,,Öğrenci Sayısı 46
Burdur,Gölhisar,Yeşildere İlkokulu,977079,İlkokul,https://golhisaryesildereilkokulu.meb.k12.tr,,,https://golhisaryesildereilkokulu.meb.k12.tr/tema/harita.php,2026-08-31,32,32,bulundu,https://golhisaryesildereilkokulu.meb.k12.tr/,2026-10-01T18:36:33.296364+00:00,,Öğrenci Sayısı 32
Burdur,Gölhisar,Yusufça İlkokulu,714040,İlkokul,https://yusufcailk.meb.k12.tr,,,https://yusufcailk.meb.k12.tr/tema/harita.php,2026-08-31,119,119,bulundu,https://yusufcailk.meb.k12.tr/,2026-10-01T18:36:33.360937+00:00,,Öğrenci Sayısı 119
Burdur,Gölhisar,Zübeyde Hanım Anaokulu,867199,Anaokulu,https://golhisarzubeydehanim.meb.k12.tr,,,https://golhisarzubeydehanim.meb.k12.tr/tema/harita.php,2026-08-31,161,161,bulundu,https://golhisarzubeydehanim.meb.k12.tr/,2026-10-01T18:36:33.414996+00:00,,Öğrenci Sayısı 161
Burdur,Gölhisar,Şehit Himmet Özbilgin İmam Hatip Ortaokulu,721598,İmam Hatip Ortaokulu,https://golhisariho.meb.k12.tr,,,https://golhisariho.meb.k12.tr/tema/harita.php,2026-08-31,99,99,bulundu,https://golhisariho.meb.k12.tr/,2026-10-01T18:36:33.464829+00:00,,Öğrenci Sayısı : 99
Burdur,Karamanlı,ATATÜRK İLKOKULU,718577,İlkokul,https://karamanliataturkilkokulu.meb.k12.tr,,,https://karamanliataturkilkokulu.meb.k12.tr/tema/harita.php,2026-08-31,193,193,bulundu,https://karamanliataturkilkokulu.meb.k12.tr/,2026-10-01T18:36:33.480185+00:00,,Öğrenci Sayısı: 193
Burdur,Karamanlı,Cumhuriyet Ortaokulu,719964,Ortaokul,https://karamanlicumhuriyet.meb.k12.tr,,,https://karamanlicumhuriyet.meb.k12.tr/tema/harita.php,2026-08-31,297,297,bulundu,https://karamanlicumhuriyet.meb.k12.tr/,2026-10-01T18:36:33.854828+00:00,,Öğrenci Sayısı 297
Burdur,Karamanlı,Gazi Ortaokulu,719852,Ortaokul,https://karamanligazi.meb.k12.tr,,,https://karamanligazi.meb.k12.tr/tema/harita.php,2026-08-31,106,106,bulundu,https://karamanligazi.meb.k12.tr/,2026-10-01T18:36:33.864856+00:00,,Öğrenci Sayısı 106
Burdur,Karamanlı,Hakan Sevim Fen Lisesi,972387,Fen Lisesi,https://hakansevimfenlisesi.meb.k12.tr,,,https://hakansevimfenlisesi.meb.k12.tr/tema/harita.php,2026-08-31,203,203,bulundu,https://hakansevimfenlisesi.meb.k12.tr/,2026-10-01T18:36:33.882064+00:00,,Öğrenci Sayısı : 203
Burdur,Karamanlı,Karamanlı Anadolu Lisesi,326820,Anadolu Lisesi,https://karamanlilisesi.meb.k12.tr,,,https://karamanlilisesi.meb.k12.tr/tema/harita.php,2026-08-31,100,100,bulundu,https://karamanlilisesi.meb.k12.tr/,2026-10-01T18:36:33.960822+00:00,,Öğrenci Sayısı 100
Burdur,Karamanlı,Karamanlı Anaokulu,966480,Anaokulu,https://karamanlianaokulu.meb.k12.tr,,,https://karamanlianaokulu.meb.k12.tr/tema/harita.php,2026-08-31,74,74,bulundu,https://karamanlianaokulu.meb.k12.tr/,2026-10-01T18:36:34.389655+00:00,,Öğrenci Sayısı: 74
Burdur,Karamanlı,Karamanlı Halk Eğitimi Merkezi,134045,Halk Eğitimi Merkezi,https://karamanlihem.meb.k12.tr,,,https://karamanlihem.meb.k12.tr/tema/harita.php,2026-08-31,,,bulunamadi,,2026-10-01T18:36:34.744484+00:00,,
Burdur,Karamanlı,Karamanlı Mesleki Eğitim Merkezi,776847,Mesleki Eğitim Merkezi,https://776847.meb.k12.tr,,,https://776847.meb.k12.tr/tema/harita.php,2026-08-31,141,141,bulundu,https://776847.meb.k12.tr/,2026-10-01T18:36:34.774285+00:00,,Öğrenci Sayısı : 141
Burdur,Karamanlı,Karamanlı Mesleki ve Teknik Anadolu Lisesi,907048,Mesleki ve Teknik Anadolu Lisesi,https://karamanlimtal.meb.k12.tr,,,https://karamanlimtal.meb.k12.tr/tema/harita.php,2026-08-31,114,114,bulundu,https://karamanlimtal.meb.k12.tr/,2026-10-01T18:36:34.805041+00:00,,Öğrenci Sayısı : 114
Burdur,Karamanlı,Karamanlı İmam Hatip Ortaokulu,752610,İmam Hatip Ortaokulu,https://karamanlimamhatip.meb.k12.tr,,,https://karamanlimamhatip.meb.k12.tr/tema/harita.php,2026-08-31,30,30,bulundu,https://karamanlimamhatip.meb.k12.tr/,2026-10-01T18:36:34.866627+00:00,,Öğrenci Sayısı : 30
Burdur,Karamanlı,NİMET GÜVENER İLKOKULU,718855,İlkokul,https://nimetguvener.meb.k12.tr,,,https://nimetguvener.meb.k12.tr/tema/harita.php,2026-08-31,198,198,bulundu,https://nimetguvener.meb.k12.tr/,2026-10-01T18:36:34.874621+00:00,,Öğrenci Sayısı : 198
Burdur,Kemer,Burdur Kemer Halk Eğitimi Merkezi,347988,Halk Eğitimi Merkezi,https://burdurkemerhem.meb.k12.tr,,,https://burdurkemerhem.meb.k12.tr/tema/harita.php,2026-08-31,,,bulunamadi,,2026-10-01T18:36:34.877363+00:00,,
Burdur,Kemer,KEMER İLKOKULU,713707,İlkokul,https://kemerilkokulu15.meb.k12.tr,,,https://kemerilkokulu15.meb.k12.tr/tema/harita.php,2026-08-31,82,82,bulundu,https://kemerilkokulu15.meb.k12.tr/,2026-10-01T18:36:35.044429+00:00,,Öğrenci Sayısı 82
Burdur,Kemer,Kemer Anaokulu,764580,Anaokulu,https://kemeranaokulu.meb.k12.tr,,,https://kemeranaokulu.meb.k12.tr/tema/harita.php,2026-08-31,52,52,bulundu,https://kemeranaokulu.meb.k12.tr/,2026-10-01T18:36:35.054978+00:00,,Öğrenci Sayısı 52
Burdur,Kemer,Kemer Ortaokulu,719159,Ortaokul,https://kemerortaokulu15.meb.k12.tr,,,https://kemerortaokulu15.meb.k12.tr/tema/harita.php,2026-08-31,56,56,bulundu,https://kemerortaokulu15.meb.k12.tr/,2026-10-01T18:36:35.271357+00:00,,Öğrenci Sayısı : 56
Burdur,Kemer,Kemer Çok Programlı Anadolu Lisesi,751381,Çok Programlı Anadolu Lisesi,https://burdurkemercpl.meb.k12.tr,,,https://burdurkemercpl.meb.k12.tr/tema/harita.php,2026-08-31,21,21,bulundu,https://burdurkemercpl.meb.k12.tr/tema/okulumuz_hakkinda.php,2026-10-01T18:36:35.273113+00:00,,Öğrenci : 21
Burdur,Kemer,Kemer İmam Hatip Ortaokulu,762668,İmam Hatip Ortaokulu,https://kemerimamhatip15.meb.k12.tr,,,https://kemerimamhatip15.meb.k12.tr/tema/harita.php,2026-08-31,6,6,bulundu,https://kemerimamhatip15.meb.k12.tr/,2026-10-01T18:36:35.288778+00:00,,Öğrenci Sayısı : 6
Burdur,Merkez,15 Temmuz Şehitler Anadolu Lisesi,133530,Anadolu Lisesi,https://15temmuzsehitlerburdur.meb.k12.tr,,,https://15temmuzsehitlerburdur.meb.k12.tr/tema/harita.php,2026-08-31,261,261,bulundu,https://15temmuzsehitlerburdur.meb.k12.tr/,2026-10-01T18:36:35.362488+00:00,,Öğrenci Sayısı : 261
Burdur,Merkez,75.Yıl Cumhuriyet Anaokulu,761702,Anaokulu,https://75yilanaokul.meb.k12.tr,,,https://75yilanaokul.meb.k12.tr/tema/harita.php,2026-08-31,173,173,bulundu,https://75yilanaokul.meb.k12.tr/,2026-10-01T18:36:35.752034+00:00,,Öğrenci Sayısı 173
Burdur,Merkez,Abdi Özeren İmam Hatip Ortaokulu,976475,İmam Hatip Ortaokulu,https://abdiozereniho.meb.k12.tr,,,https://abdiozereniho.meb.k12.tr/tema/harita.php,2026-08-31,371,371,bulundu,https://abdiozereniho.meb.k12.tr/tema/okulumuz_hakkinda.php,2026-10-01T18:36:35.859677+00:00,,Öğrenci : 371
Burdur,Merkez,Adile Önal Anaokulu,759644,Anaokulu,https://adileonalanaokulu.meb.k12.tr,,,https://adileonalanaokulu.meb.k12.tr/tema/harita.php,2026-08-31,144,144,bulundu,https://adileonalanaokulu.meb.k12.tr/,2026-10-01T18:36:35.907135+00:00,,Öğrenci Sayısı 144
Burdur,Merkez,Alpaslan Ali Can Bilim ve Sanat Merkezi,964894,Bilim ve Sanat Merkezi,https://burdurbilsem.meb.k12.tr,,,https://burdurbilsem.meb.k12.tr/tema/harita.php,2026-08-31,221,221,bulundu,https://burdurbilsem.meb.k12.tr/,2026-10-01T18:36:35.927826+00:00,,Öğrenci Sayısı 221
Burdur,Merkez,Altın Terim Solmaz İlkokulu,975139,İlkokul,https://altinterimsolmazilkokulu.meb.k12.tr,,,https://altinterimsolmazilkokulu.meb.k12.tr/tema/harita.php,2026-08-31,321,321,bulundu,https://altinterimsolmazilkokulu.meb.k12.tr/,2026-10-01T18:36:36.013970+00:00,,Öğrenci Sayısı : 321
Burdur,Merkez,Askeriye Ortaokulu,716658,Ortaokul,https://askeriyeortaokulu.meb.k12.tr,,,https://askeriyeortaokulu.meb.k12.tr/tema/harita.php,2026-08-31,50,50,bulundu,https://askeriyeortaokulu.meb.k12.tr/,2026-10-01T18:36:36.088191+00:00,,Öğrenci Sayısı : 50
Burdur,Merkez,Aziziye Şehit Orhan Ayan İlkokulu,738198,İlkokul,https://aziziyesehitorhanayanilkokulu.meb.k12.tr,,,https://aziziyesehitorhanayanilkokulu.meb.k12.tr/tema/harita.php,2026-08-31,26,26,bulundu,https://aziziyesehitorhanayanilkokulu.meb.k12.tr/,2026-10-01T18:36:36.182961+00:00,,Öğrenci Sayısı 26
Burdur,Merkez,Bahçelievler Şehit Sıdkı Kara İlkokulu,701460,İlkokul,https://bahcelievlerio.meb.k12.tr,,,https://bahcelievlerio.meb.k12.tr/tema/harita.php,2026-08-31,795,795,bulundu,https://bahcelievlerio.meb.k12.tr/,2026-10-01T18:36:36.200644+00:00,,Öğrenci Sayısı : 795
Burdur,Merkez,Bağlar Anaokulu,775993,Anaokulu,https://burdurbaglaranaokulu.meb.k12.tr,,,https://burdurbaglaranaokulu.meb.k12.tr/tema/harita.php,2026-08-31,72,72,bulundu,https://burdurbaglaranaokulu.meb.k12.tr/,2026-10-01T18:36:36.388823+00:00,,Öğrenci Sayısı : 72
Burdur,Merkez,Burdur Adalet Meslekî Eğitim Merkezi,772660,Mesleki Eğitim Merkezi,https://burduradaletmesem.meb.k12.tr,,,https://burduradaletmesem.meb.k12.tr/tema/harita.php,2026-08-31,49,49,bulundu,https://burduradaletmesem.meb.k12.tr/,2026-10-01T18:36:36.417831+00:00,,Öğrenci Sayısı : 49
Burdur,Merkez,Burdur Anadolu İmam Hatip Lisesi,133578,Anadolu İmam Hatip Lisesi,https://burdurihl.meb.k12.tr,,,https://burdurihl.meb.k12.tr/tema/harita.php,2026-08-31,303,303,bulundu,https://burdurihl.meb.k12.tr/tema/okulumuz_hakkinda.php,2026-10-01T18:36:36.501690+00:00,,Öğrenci : 303
Burdur,Merkez,Burdur Güzel Sanatlar Lisesi,974102,Güzel Sanatlar Lisesi,https://burdurgsl.meb.k12.tr,,,https://burdurgsl.meb.k12.tr/tema/harita.php,2026-08-31,100,100,bulundu,https://burdurgsl.meb.k12.tr/,2026-10-01T18:36:36.534872+00:00,,Öğrenci Sayısı : 100
Burdur,Merkez,Burdur Lisesi,750768,Lise,https://burdurlisesi.meb.k12.tr,,,https://burdurlisesi.meb.k12.tr/tema/harita.php,2026-08-31,254,254,bulundu,https://burdurlisesi.meb.k12.tr/,2026-10-01T18:36:36.558526+00:00,,Öğrenci Sayısı : 254
Burdur,Merkez,Burdur Mehmet Akif Ersoy Halk Eğitimi Merkezi,133591,Halk Eğitimi Merkezi,https://burdurhem.meb.k12.tr,,,https://burdurhem.meb.k12.tr/tema/harita.php,2026-08-31,,,bulunamadi,,2026-10-01T18:36:36.695879+00:00,,
Burdur,Merkez,Burdur Merkez Mehmet Akif Ersoy Öğretmenevi ve Akşam Sanat Okulu Müdürlüğü,971080,Öğretmenevi,https://burdurogretmenevi.meb.k12.tr,,,https://burdurogretmenevi.meb.k12.tr/tema/harita.php,2026-08-31,,,bulunamadi,,2026-10-01T18:36:36.783534+00:00,,
Burdur,Merkez,Burdur Mesleki Eğitim Merkezi,133601,Mesleki Eğitim Merkezi,https://burdurmesem.meb.k12.tr,,,https://burdurmesem.meb.k12.tr/tema/harita.php,2026-08-31,842,842,bulundu,https://burdurmesem.meb.k12.tr/,2026-10-01T18:36:36.842984+00:00,,Öğrenci Sayısı 842
Burdur,Merkez,Burdur Mesleki ve Teknik Anadolu Lisesi,133542,Mesleki ve Teknik Anadolu Lisesi,https://burdureml.meb.k12.tr,,,https://burdureml.meb.k12.tr/tema/harita.php,2026-08-31,657,657,bulundu,https://burdureml.meb.k12.tr/,2026-10-01T18:36:36.847626+00:00,,Öğrenci Sayısı 657
Burdur,Merkez,Burdur Rehberlik ve Araştırma Merkezi,133613,Rehberlik ve Araştırma Merkezi,https://burdurram.meb.k12.tr,,,https://burdurram.meb.k12.tr/tema/harita.php,2026-08-31,,,bulunamadi,,2026-10-01T18:36:36.926533+00:00,,
Burdur,Merkez,Burdur Spor Lisesi,751942,Spor Lisesi,https://burdursprl.meb.k12.tr,,,https://burdursprl.meb.k12.tr/tema/harita.php,2026-08-31,,,bulunamadi,,2026-10-01T18:36:37.288811+00:00,,
Burdur,Merkez,Burdur USO Anadolu Lisesi,964267,Anadolu Lisesi,https://usoanadolulisesi.meb.k12.tr,,,https://usoanadolulisesi.meb.k12.tr/tema/harita.php,2026-08-31,382,382,bulundu,https://usoanadolulisesi.meb.k12.tr/,2026-10-01T18:36:37.312127+00:00,,Öğrenci Sayısı : 382
Burdur,Merkez,Burdur Özel Eğitim Ortaokulu,746886,Ortaokul,https://burdurozelegitimorta.meb.k12.tr,,,https://burdurozelegitimorta.meb.k12.tr/tema/harita.php,2026-08-31,32,32,bulundu,https://burdurozelegitimorta.meb.k12.tr/,2026-10-01T18:36:37.425405+00:00,,Öğrenci Sayısı 32
Burdur,Merkez,Burdur Özel Eğitim Uygulama Okulu I. Kademe,747056,Özel Eğitim Kurumu,https://burduregitimuygulama1k.meb.k12.tr,,,https://burduregitimuygulama1k.meb.k12.tr/tema/harita.php,2026-08-31,40,40,bulundu,https://burduregitimuygulama1k.meb.k12.tr/,2026-10-01T18:36:37.453311+00:00,,Öğrenci Sayısı : 40
Burdur,Merkez,Burdur Özel Eğitim Uygulama Okulu II. Kademe,747413,Özel Eğitim Kurumu,https://burduregitimuygulama2k.meb.k12.tr,,,https://burduregitimuygulama2k.meb.k12.tr/tema/harita.php,2026-08-31,20,20,bulundu,https://burduregitimuygulama2k.meb.k12.tr/,2026-10-01T18:36:37.462554+00:00,,Öğrenci Sayısı : 20
Burdur,Merkez,Burdur Özel Eğitim Uygulama Okulu III. Kademe,747996,Özel Eğitim Kurumu,https://burduregitimuygulama3k.meb.k12.tr,,,https://burduregitimuygulama3k.meb.k12.tr/tema/harita.php,2026-08-31,28,28,bulundu,https://burduregitimuygulama3k.meb.k12.tr/,2026-10-01T18:36:37.513120+00:00,,Öğrenci Sayısı : 28
Burdur,Merkez,Burdur Özel Eğitim İlkokulu,746787,İlkokul,https://burdurozelegitimilk.meb.k12.tr,,,https://burdurozelegitimilk.meb.k12.tr/tema/harita.php,2026-08-31,28,28,bulundu,https://burdurozelegitimilk.meb.k12.tr/,2026-10-01T18:36:37.866294+00:00,,Öğrenci Sayısı 28
Burdur,Merkez,Burdur Şehit Hakan Aktürk Özel Eğitim Meslek Okulu,747707,Özel Eğitim Kurumu,https://sehithakanakturkmesem.meb.k12.tr,,,https://sehithakanakturkmesem.meb.k12.tr/tema/harita.php,2026-08-31,43,43,bulundu,https://sehithakanakturkmesem.meb.k12.tr/,2026-10-01T18:36:37.983622+00:00,,Öğrenci Sayısı 43
Burdur,Merkez,Büğdüz Ortaokulu,722935,Ortaokul,https://bugduzortaokulu.meb.k12.tr,,,https://bugduzortaokulu.meb.k12.tr/tema/harita.php,2026-08-31,69,69,bulundu,https://bugduzortaokulu.meb.k12.tr/,2026-10-01T18:36:38.030515+00:00,,Öğrenci Sayısı 69
Burdur,Merkez,Büğdüz İmam Hatip Ortaokulu,762435,İmam Hatip Ortaokulu,https://bugduzimamhatiportaokulu.meb.k12.tr,,,https://bugduzimamhatiportaokulu.meb.k12.tr/tema/harita.php,2026-08-31,34,34,bulundu,https://bugduzimamhatiportaokulu.meb.k12.tr/,2026-10-01T18:36:38.040690+00:00,,Öğrenci Sayısı 34
Burdur,Merkez,Cumhuriyet Anadolu Lisesi,972808,Anadolu Lisesi,https://cumhuriyetanadolu.meb.k12.tr,,,https://cumhuriyetanadolu.meb.k12.tr/tema/harita.php,2026-08-31,367,367,bulundu,https://cumhuriyetanadolu.meb.k12.tr/,2026-10-01T18:36:38.051822+00:00,,Öğrenci Sayısı : 367
Burdur,Merkez,Cumhuriyet İlkokulu,385440,İlkokul,https://burdurcumhuriyet.meb.k12.tr,,,https://burdurcumhuriyet.meb.k12.tr/tema/harita.php,2026-08-31,223,223,bulundu,https://burdurcumhuriyet.meb.k12.tr/,2026-10-01T18:36:38.122780+00:00,,Öğrenci Sayısı: 223
Burdur,Merkez,Düğer Şehit Polis Mustafa Kılıç Ortaokulu,723161,Ortaokul,https://sehitpolismustafakilicortaokulu.meb.k12.tr,,,https://sehitpolismustafakilicortaokulu.meb.k12.tr/tema/harita.php,2026-08-31,69,69,bulundu,https://sehitpolismustafakilicortaokulu.meb.k12.tr/,2026-10-01T18:36:38.337217+00:00,,Öğrenci Sayısı 69
Burdur,Merkez,Emekevler Şehit Rıza Çevik Mesleki ve Teknik Anadolu Lisesi,869101,Mesleki ve Teknik Anadolu Lisesi,https://emekevlermtal.meb.k12.tr,,,https://emekevlermtal.meb.k12.tr/tema/harita.php,2026-08-31,459,459,bulundu,https://emekevlermtal.meb.k12.tr/tema/okulumuz_hakkinda.php,2026-10-01T18:36:38.380019+00:00,,Öğrenci : 459
Burdur,Merkez,Ercan Akın Fen Lisesi,972195,Fen Lisesi,https://ercanakinfenlisesi.meb.k12.tr,,,https://ercanakinfenlisesi.meb.k12.tr/tema/harita.php,2026-08-31,451,451,bulundu,https://ercanakinfenlisesi.meb.k12.tr/,2026-10-01T18:36:38.437189+00:00,,Öğrenci Sayısı : 451
Burdur,Merkez,Gazi İlkokulu,762448,İlkokul,https://burdurgaziilkokulu.meb.k12.tr,,,https://burdurgaziilkokulu.meb.k12.tr/tema/harita.php,2026-08-31,257,257,bulundu,https://burdurgaziilkokulu.meb.k12.tr/,2026-10-01T18:36:38.644565+00:00,,Öğrenci Sayısı : 257
Burdur,Merkez,Gökçebağ Ortaokulu,716039,Ortaokul,https://gokcebagortaokulu.meb.k12.tr,,,https://gokcebagortaokulu.meb.k12.tr/tema/harita.php,2026-08-31,56,56,bulundu,https://gokcebagortaokulu.meb.k12.tr/,2026-10-01T18:36:38.726012+00:00,,Öğrenci Sayısı : 56
Burdur,Merkez,Gökçebağ İlkokulu,879388,İlkokul,https://gokcebagilkokulu.meb.k12.tr,,,https://gokcebagilkokulu.meb.k12.tr/tema/harita.php,2026-08-31,80,80,bulundu,https://gokcebagilkokulu.meb.k12.tr/,2026-10-01T18:36:38.760947+00:00,,Öğrenci Sayısı : 80
Burdur,Merkez,Halıcılar Ortaokulu,716278,Ortaokul,https://halicilarortaokulu.meb.k12.tr,,,https://halicilarortaokulu.meb.k12.tr/tema/harita.php,2026-08-31,176,176,bulundu,https://halicilarortaokulu.meb.k12.tr/,2026-10-01T18:36:38.816580+00:00,,Öğrenci Sayısı 176
Burdur,Merkez,Hüsnü Bayer Ortaokulu,702587,Ortaokul,https://husnubayerortaokulu.meb.k12.tr,,,https://husnubayerortaokulu.meb.k12.tr/tema/harita.php,2026-08-31,,,bulunamadi,,2026-10-01T18:36:38.964697+00:00,,
Burdur,Merkez,Kayaaltı İlkokulu,724424,İlkokul,https://burdurkayaaltiilkokulu.meb.k12.tr,,,https://burdurkayaaltiilkokulu.meb.k12.tr/tema/harita.php,2026-08-31,46,46,bulundu,https://burdurkayaaltiilkokulu.meb.k12.tr/,2026-10-01T18:36:38.978848+00:00,,Öğrenci Sayısı : 46
Burdur,Merkez,Kayış Ortaokulu,724460,Ortaokul,https://kayisortaokulu.meb.k12.tr,,,https://kayisortaokulu.meb.k12.tr/tema/harita.php,2026-08-31,73,73,bulundu,https://kayisortaokulu.meb.k12.tr/,2026-10-01T18:36:38.983002+00:00,,Öğrenci Sayısı : 73
Burdur,Merkez,Kayış İlkokulu,737963,İlkokul,https://kayisilkokulu.meb.k12.tr,,,https://kayisilkokulu.meb.k12.tr/tema/harita.php,2026-08-31,84,84,bulundu,https://kayisilkokulu.meb.k12.tr/,2026-10-01T18:36:39.289831+00:00,,Öğrenci Sayısı : 84
Burdur,Merkez,Kayışzade Hafız Osman Ortaokulu,751157,Ortaokul,https://kayiszadehafizosmanortaokulu.meb.k12.tr,,,https://kayiszadehafizosmanortaokulu.meb.k12.tr/tema/harita.php,2026-08-31,212,212,bulundu,https://kayiszadehafizosmanortaokulu.meb.k12.tr/,2026-10-01T18:36:39.291508+00:00,,Öğrenci Sayısı : 212
Burdur,Merkez,Kemal Solmaz Ortaokulu,702602,Ortaokul,https://kemalsolmaz.meb.k12.tr,,,https://kemalsolmaz.meb.k12.tr/tema/harita.php,2026-08-31,152,152,bulundu,https://kemalsolmaz.meb.k12.tr/tema/okulumuz_hakkinda.php,2026-10-01T18:36:39.358270+00:00,,Öğrenci : 152
Burdur,Merkez,Kozluca Ortaokulu,717674,Ortaokul,https://kozlucaortaokulu.meb.k12.tr,,,https://kozlucaortaokulu.meb.k12.tr/tema/harita.php,2026-08-31,68,68,bulundu,https://kozlucaortaokulu.meb.k12.tr/,2026-10-01T18:36:39.674571+00:00,,Öğrenci Sayısı : 68
Burdur,Merkez,Kozluca İlkokulu,887897,İlkokul,https://kozlucailkokul.meb.k12.tr,,,https://kozlucailkokul.meb.k12.tr/tema/harita.php,2026-08-31,82,82,bulundu,https://kozlucailkokul.meb.k12.tr/,2026-10-01T18:36:39.722875+00:00,,Öğrenci Sayısı 82
Burdur,Merkez,Kışla İlkokulu,707611,İlkokul,https://kislailkokulu.meb.k12.tr,,,https://kislailkokulu.meb.k12.tr/tema/harita.php,2026-08-31,57,57,bulundu,https://kislailkokulu.meb.k12.tr/,2026-10-01T18:36:39.765038+00:00,,Öğrenci Sayısı : 57
Burdur,Merkez,Kışla Şehit Mehmet Dönder Ortaokulu,702650,Ortaokul,https://kislasehitmdonder.meb.k12.tr,,,https://kislasehitmdonder.meb.k12.tr/tema/harita.php,2026-08-31,56,56,bulundu,https://kislasehitmdonder.meb.k12.tr/,2026-10-01T18:36:39.782509+00:00,,Öğrenci Sayısı : 56
Burdur,Merkez,Mehmet Akif Ersoy Üniversitesi Anaokulu,970183,Anaokulu,https://makuanaokulu.meb.k12.tr,,,https://makuanaokulu.meb.k12.tr/tema/harita.php,2026-08-31,65,65,bulundu,https://makuanaokulu.meb.k12.tr/,2026-10-01T18:36:39.845500+00:00,,Öğrenci Sayısı : 65
Burdur,Merkez,Mehmet Akif Ersoy İlkokulu,702599,İlkokul,https://burdurmehmetakifilkokulu.meb.k12.tr,,,https://burdurmehmetakifilkokulu.meb.k12.tr/tema/harita.php,2026-08-31,250,250,bulundu,https://burdurmehmetakifilkokulu.meb.k12.tr/,2026-10-01T18:36:39.890263+00:00,,Öğrenci Sayısı : 250
Burdur,Merkez,Mehmet Uzal Sosyal Bilimler Lisesi,972768,Sosyal Bilimler Lisesi,https://mehmetuzalsbl.meb.k12.tr,,,https://mehmetuzalsbl.meb.k12.tr/tema/harita.php,2026-08-31,231,231,bulundu,https://mehmetuzalsbl.meb.k12.tr/,2026-10-01T18:36:39.895961+00:00,,Öğrenci Sayısı 231
Burdur,Merkez,Mehmet Yıldızlı İlkokulu,702575,İlkokul,https://mehmetyildizliilkokulu.meb.k12.tr,,,https://mehmetyildizliilkokulu.meb.k12.tr/tema/harita.php,2026-08-31,575,575,bulundu,https://mehmetyildizliilkokulu.meb.k12.tr/,2026-10-01T18:36:39.910765+00:00,,Öğrenci Sayısı 575
Burdur,Merkez,Mehmetçik Anaokulu,775984,Anaokulu,https://775984.meb.k12.tr,,,https://775984.meb.k12.tr/tema/harita.php,2026-08-31,107,107,bulundu,https://775984.meb.k12.tr/,2026-10-01T18:36:39.991090+00:00,,Öğrenci Sayısı : 107
Burdur,Merkez,Nene Hatun Anaokulu,752387,Anaokulu,https://nenehatunanaokulu15.meb.k12.tr,,,https://nenehatunanaokulu15.meb.k12.tr/tema/harita.php,2026-08-31,149,149,bulundu,https://nenehatunanaokulu15.meb.k12.tr/,2026-10-01T18:36:40.076433+00:00,,Öğrenci Sayısı : 149
Burdur,Merkez,Nuriye Mehmet Nuri Velicangil İlkokulu,702583,İlkokul,https://velicangililkokulu.meb.k12.tr,,,https://velicangililkokulu.meb.k12.tr/tema/harita.php,2026-08-31,,,bulunamadi,,2026-10-01T18:36:40.324764+00:00,,
Burdur,Merkez,Recep Tayyip Erdoğan Anadolu İmam Hatip Lisesi,767167,Anadolu İmam Hatip Lisesi,https://rteburdur.meb.k12.tr,,,https://rteburdur.meb.k12.tr/tema/harita.php,2026-08-31,497,497,bulundu,https://rteburdur.meb.k12.tr/tema/okulumuz_hakkinda.php,2026-10-01T18:36:40.385335+00:00,,Öğrenci : 497
Burdur,Merkez,Sakarya İlkokulu,977016,İlkokul,https://burdursakaryailkokulu.meb.k12.tr,,,https://burdursakaryailkokulu.meb.k12.tr/tema/harita.php,2026-08-31,,,bulunamadi,,2026-10-01T18:36:40.408925+00:00,,
Burdur,Merkez,Suna Uzal Ortaokulu,383644,Ortaokul,https://sunauzal.meb.k12.tr,,,https://sunauzal.meb.k12.tr/tema/harita.php,2026-08-31,737,737,bulundu,https://sunauzal.meb.k12.tr/,2026-10-01T18:36:40.484802+00:00,,Öğrenci Sayısı : 737
Burdur,Merkez,Taşkapı Ortaokulu,717583,Ortaokul,https://taskapioo.meb.k12.tr,,,https://taskapioo.meb.k12.tr/tema/harita.php,2026-08-31,89,89,bulundu,https://taskapioo.meb.k12.tr/,2026-10-01T18:36:40.518665+00:00,,Öğrenci Sayısı : 89
Burdur,Merkez,Taşkapı Şehit Mükerrem Varol İlkokulu,717466,İlkokul,https://smvaroli.meb.k12.tr,,,https://smvaroli.meb.k12.tr/tema/harita.php,2026-08-31,38,38,bulundu,https://smvaroli.meb.k12.tr/,2026-10-01T18:36:40.686138+00:00,,Öğrenci Sayısı: 38
Burdur,Merkez,Toki Yahya Kemal Beyatlı İlkokulu,702610,İlkokul,https://tokiykbilkokulu.meb.k12.tr,,,https://tokiykbilkokulu.meb.k12.tr/tema/harita.php,2026-08-31,704,704,bulundu,https://tokiykbilkokulu.meb.k12.tr/,2026-10-01T18:36:40.700568+00:00,,Öğrenci Sayısı 704
Burdur,Merkez,Türk Hava Kurumu Ortaokulu,702596,Ortaokul,https://thkortaokulu.meb.k12.tr,,,https://thkortaokulu.meb.k12.tr/tema/harita.php,2026-08-31,249,249,bulundu,https://thkortaokulu.meb.k12.tr/,2026-10-01T18:36:40.766014+00:00,,Öğrenci Sayısı : 249
Burdur,Merkez,Türkiye Odalar ve Borsalar Birliği Anadolu Lisesi,241165,Anadolu Lisesi,https://burdurtobbanadolulisesi.meb.k12.tr,,,https://burdurtobbanadolulisesi.meb.k12.tr/tema/harita.php,2026-08-31,320,320,bulundu,https://burdurtobbanadolulisesi.meb.k12.tr/,2026-10-01T18:36:40.801929+00:00,,Öğrenci Sayısı : 320
Burdur,Merkez,Türkiye Odalar ve Borsalar Birliği Ortaokulu,702573,Ortaokul,https://tobbortaokulu.meb.k12.tr,,,https://tobbortaokulu.meb.k12.tr/tema/harita.php,2026-08-31,659,659,bulundu,https://tobbortaokulu.meb.k12.tr/,2026-10-01T18:36:40.904437+00:00,,Öğrenci Sayısı : 659
Burdur,Merkez,Türkiye Yardım Sevenler Derneği Ortaokulu,702663,Ortaokul,https://tysdortaokulu.meb.k12.tr,,,https://tysdortaokulu.meb.k12.tr/tema/harita.php,2026-08-31,45,45,bulundu,https://tysdortaokulu.meb.k12.tr/,2026-10-01T18:36:41.027069+00:00,,Öğrenci Sayısı : 45
Burdur,Merkez,Türkiye Yardım Sevenler Derneği İlkokulu,743573,İlkokul,https://tysdilkokulu.meb.k12.tr,,,https://tysdilkokulu.meb.k12.tr/tema/harita.php,2026-08-31,74,74,bulundu,https://tysdilkokulu.meb.k12.tr/,2026-10-01T18:36:41.121627+00:00,,Öğrenci Sayısı : 74
Burdur,Merkez,Uso İlkokulu,702603,İlkokul,https://usoilkokulu.meb.k12.tr,,,https://usoilkokulu.meb.k12.tr/tema/harita.php,2026-08-31,444,444,bulundu,https://usoilkokulu.meb.k12.tr/,2026-10-01T18:36:41.226835+00:00,,Öğrenci Sayısı: 444
Burdur,Merkez,Vali Dr.Süleyman Oğuz İlkokulu,702593,İlkokul,https://validrsoguzio.meb.k12.tr,,,https://validrsoguzio.meb.k12.tr/tema/harita.php,2026-08-31,247,247,bulundu,https://validrsoguzio.meb.k12.tr/,2026-10-01T18:36:41.333057+00:00,,Öğrenci Sayısı : 247
Burdur,Merkez,Vefik Kitapçıgil İlkokulu,887852,İlkokul,https://vefikkitapcigililkokulu.meb.k12.tr,,,https://vefikkitapcigililkokulu.meb.k12.tr/tema/harita.php,2026-08-31,102,102,bulundu,https://vefikkitapcigililkokulu.meb.k12.tr/,2026-10-01T18:36:41.413299+00:00,,Öğrenci Sayısı 102
Burdur,Merkez,Yassıgüme İlkokulu,702629,İlkokul,https://yassigumeio.meb.k12.tr,,,https://yassigumeio.meb.k12.tr/tema/harita.php,2026-08-31,93,93,bulundu,https://yassigumeio.meb.k12.tr/,2026-10-01T18:36:41.581834+00:00,,Öğrenci Sayısı : 93
Burdur,Merkez,Yazıköy Ortaokulu,717784,Ortaokul,https://burduryazikoyortaokulu.meb.k12.tr,,,https://burduryazikoyortaokulu.meb.k12.tr/tema/harita.php,2026-08-31,79,79,bulundu,https://burduryazikoyortaokulu.meb.k12.tr/,2026-10-01T18:36:41.615783+00:00,,Öğrenci Sayısı 79
Burdur,Merkez,Yazıköy İlkokulu,887506,İlkokul,https://burduryazikoyilkokulu.meb.k12.tr,,,https://burduryazikoyilkokulu.meb.k12.tr/tema/harita.php,2026-08-31,,,bulunamadi,,2026-10-01T18:36:41.624140+00:00,,
Burdur,Merkez,Yıldız Güral Kızılay Anaokulu,767792,Anaokulu,https://767792.meb.k12.tr,,,https://767792.meb.k12.tr/tema/harita.php,2026-08-31,103,103,bulundu,https://767792.meb.k12.tr/,2026-10-01T18:36:41.625741+00:00,,Öğrenci Sayısı 103
Burdur,Merkez,Çatağıl İlkokulu,702622,İlkokul,https://burdurcatagililkokulu.meb.k12.tr,,,https://burdurcatagililkokulu.meb.k12.tr/tema/harita.php,2026-08-31,,,bulunamadi,,2026-10-01T18:36:41.672899+00:00,,
Burdur,Merkez,Çine İlkokulu,702625,İlkokul,https://cineilkokulu.meb.k12.tr,,,https://cineilkokulu.meb.k12.tr/tema/harita.php,2026-08-31,,,bulunamadi,,2026-10-01T18:36:41.746685+00:00,,
Burdur,Merkez,Ömer Naci Bozkurt İlkokulu,722772,İlkokul,https://omernacibozkurt.meb.k12.tr,,,https://omernacibozkurt.meb.k12.tr/tema/harita.php,2026-08-31,150,150,bulundu,https://omernacibozkurt.meb.k12.tr/,2026-10-01T18:36:41.750894+00:00,,Öğrenci Sayısı 150
Burdur,Merkez,Özboyacı İlkokulu,702581,İlkokul,https://ozboyaci.meb.k12.tr,,,https://ozboyaci.meb.k12.tr/tema/harita.php,2026-08-31,628,628,bulundu,https://ozboyaci.meb.k12.tr/,2026-10-01T18:36:42.015670+00:00,,Öğrenci Sayısı 628
Burdur,Merkez,İbn-i Sina Mesleki ve Teknik Anadolu Lisesi,966519,Mesleki ve Teknik Anadolu Lisesi,https://burdursml.meb.k12.tr,,,https://burdursml.meb.k12.tr/tema/harita.php,2026-08-31,354,354,bulundu,https://burdursml.meb.k12.tr/,2026-10-01T18:36:42.220018+00:00,,Öğrenci Sayısı : 354
Burdur,Merkez,İstiklal Ortaokulu,702585,Ortaokul,https://burduristiklaloo.meb.k12.tr,,,https://burduristiklaloo.meb.k12.tr/tema/harita.php,2026-08-31,139,139,bulundu,https://burduristiklaloo.meb.k12.tr/,2026-10-01T18:36:42.224393+00:00,,Öğrenci Sayısı 139
Burdur,Merkez,Şehit Akif Altay Ortaokulu,702579,Ortaokul,https://sehitakifaltay.meb.k12.tr,,,https://sehitakifaltay.meb.k12.tr/tema/harita.php,2026-08-31,728,728,bulundu,https://sehitakifaltay.meb.k12.tr/,2026-10-01T18:36:42.300499+00:00,,Öğrenci Sayısı : 728
Burdur,Merkez,Şehit Hazım Bey İlkokulu,716547,İlkokul,https://askeriyesehithazimbeyilkokulu.meb.k12.tr,,,https://askeriyesehithazimbeyilkokulu.meb.k12.tr/tema/harita.php,2026-08-31,68,68,bulundu,https://askeriyesehithazimbeyilkokulu.meb.k12.tr/,2026-10-01T18:36:42.304372+00:00,,Öğrenci Sayısı : 68
Burdur,Merkez,Şehit Hikmet Zengin İmam Hatip Ortaokulu,761838,İmam Hatip Ortaokulu,https://burduriho.meb.k12.tr,,,https://burduriho.meb.k12.tr/tema/harita.php,2026-08-31,65,65,bulundu,https://burduriho.meb.k12.tr/,2026-10-01T18:36:42.310970+00:00,,Öğrenci Sayısı 65
Burdur,Merkez,Şeker Ortaokulu,702577,Ortaokul,https://sekerortaokulu15.meb.k12.tr,,,https://sekerortaokulu15.meb.k12.tr/tema/harita.php,2026-08-31,555,555,bulundu,https://sekerortaokulu15.meb.k12.tr/,2026-10-01T18:36:42.342607+00:00,,Öğrenci Sayısı : 555
Burdur,Merkez,Şirinevler Anaokulu,964500,Anaokulu,https://sirinevleranaokulu15.meb.k12.tr,,,https://sirinevleranaokulu15.meb.k12.tr/tema/harita.php,2026-08-31,117,117,bulundu,https://sirinevleranaokulu15.meb.k12.tr/,2026-10-01T18:36:42.345557+00:00,,Öğrenci Sayısı : 117
Burdur,Tefenni,Atatürk Ortaokulu,714197,Ortaokul,https://tefenniataturk.meb.k12.tr,,,https://tefenniataturk.meb.k12.tr/tema/harita.php,2026-08-31,300,300,bulundu,https://tefenniataturk.meb.k12.tr/,2026-10-01T18:36:42.420914+00:00,,Öğrenci Sayısı 300
Burdur,Tefenni,Barutlusu Şehit Ömer Kızılkaya Mesleki ve Teknik Anadolu Lisesi,962904,Mesleki ve Teknik Anadolu Lisesi,https://barutlusu.meb.k12.tr,,,https://barutlusu.meb.k12.tr/tema/harita.php,2026-08-31,166,166,bulundu,https://barutlusu.meb.k12.tr/,2026-10-01T18:36:42.490175+00:00,,Öğrenci Sayısı 166
Burdur,Tefenni,Bayramlar İlkokulu,977043,İlkokul,https://bayramlarilkokulu.meb.k12.tr,,,https://bayramlarilkokulu.meb.k12.tr/tema/harita.php,2026-08-31,21,21,bulundu,https://bayramlarilkokulu.meb.k12.tr/,2026-10-01T18:36:42.584963+00:00,,Öğrenci Sayısı 21
Burdur,Tefenni,Namık Kemal İlkokulu,853199,İlkokul,https://tefenninamikkemalilkokulu.meb.k12.tr,,,https://tefenninamikkemalilkokulu.meb.k12.tr/tema/harita.php,2026-08-31,376,376,bulundu,https://tefenninamikkemalilkokulu.meb.k12.tr/,2026-10-01T18:36:42.650423+00:00,,Öğrenci Sayısı 376
Burdur,Tefenni,Tefenni Anadolu İmam Hatip Lisesi,134141,Anadolu İmam Hatip Lisesi,https://tefenniaihl.meb.k12.tr,,,https://tefenniaihl.meb.k12.tr/tema/harita.php,2026-08-31,68,68,bulundu,https://tefenniaihl.meb.k12.tr/,2026-10-01T18:36:42.683014+00:00,,Öğrenci Sayısı 68
Burdur,Tefenni,Tefenni Halk Eğitimi Merkezi,134153,Halk Eğitimi Merkezi,https://tefennihem.meb.k12.tr,,,https://tefennihem.meb.k12.tr/tema/harita.php,2026-08-31,,,bulunamadi,,2026-10-01T18:36:42.718434+00:00,,
Burdur,Tefenni,İbrahim Kafesoğlu Anadolu Lisesi,134116,Anadolu Lisesi,https://ibrahimkafesoglulisesi.meb.k12.tr,,,https://ibrahimkafesoglulisesi.meb.k12.tr/tema/harita.php,2026-08-31,67,67,bulundu,https://ibrahimkafesoglulisesi.meb.k12.tr/tema/okulumuz_hakkinda.php,2026-10-01T18:36:42.742357+00:00,,Öğrenci : 67
Burdur,Tefenni,Şehit Teğmen Ayfer Gök Anaokulu,868120,Anaokulu,https://sehittegmenayfergokanaokulu.meb.k12.tr,,,https://sehittegmenayfergokanaokulu.meb.k12.tr/tema/harita.php,2026-08-31,,,bulunamadi,,2026-10-01T18:36:43.151981+00:00,,
Burdur,Yeşilova,100.Yıl ilkokulu,716023,İlkokul,https://100yilyesilova.meb.k12.tr,,,https://100yilyesilova.meb.k12.tr/tema/harita.php,2026-08-31,105,105,bulundu,https://100yilyesilova.meb.k12.tr/,2026-10-01T18:36:43.225654+00:00,,Öğrenci Sayısı: 105
Burdur,Yeşilova,Akçaköy Ortaokulu,720965,Ortaokul,https://akcakoyortaokulu.meb.k12.tr,,,https://akcakoyortaokulu.meb.k12.tr/tema/harita.php,2026-08-31,40,40,bulundu,https://akcakoyortaokulu.meb.k12.tr/,2026-10-01T18:36:43.237008+00:00,,Öğrenci Sayısı : 40
Burdur,Yeşilova,Dereköy İlkokulu,738306,İlkokul,https://yesilovaderekoyilkokulu.meb.k12.tr,,,https://yesilovaderekoyilkokulu.meb.k12.tr/tema/harita.php,2026-08-31,37,37,bulundu,https://yesilovaderekoyilkokulu.meb.k12.tr/,2026-10-01T18:36:43.258529+00:00,,Öğrenci Sayısı: 37
Burdur,Yeşilova,Hürriyet İlkokulu,715872,İlkokul,https://yesilovahurriyet.meb.k12.tr,,,https://yesilovahurriyet.meb.k12.tr/tema/harita.php,2026-08-31,229,229,bulundu,https://yesilovahurriyet.meb.k12.tr/,2026-10-01T18:36:43.357582+00:00,,Öğrenci Sayısı: 229
Burdur,Yeşilova,Merkez Ortaokulu,879412,Ortaokul,https://yesilovamerkezoo.meb.k12.tr,,,https://yesilovamerkezoo.meb.k12.tr/tema/harita.php,2026-08-31,302,302,bulundu,https://yesilovamerkezoo.meb.k12.tr/tema/okulumuz_hakkinda.php,2026-10-01T18:36:43.407574+00:00,,Öğrenci : 302
Burdur,Yeşilova,Yarışlı ilkokulu,716217,İlkokul,https://yarisliilkokulu.meb.k12.tr,,,https://yarisliilkokulu.meb.k12.tr/tema/harita.php,2026-08-31,,,bulunamadi,,2026-10-01T18:36:43.412146+00:00,,
Burdur,Yeşilova,Yeşilova Anadolu İmam Hatip Lisesi,768726,Anadolu İmam Hatip Lisesi,https://yesilovaanadoluimamhatiplisesi.meb.k12.tr,,,https://yesilovaanadoluimamhatiplisesi.meb.k12.tr/tema/harita.php,2026-08-31,,,bulunamadi,,2026-10-01T18:36:43.530114+00:00,,
Burdur,Yeşilova,Yeşilova Anaokulu,885242,Anaokulu,https://yesilovaanaokulu.meb.k12.tr,,,https://yesilovaanaokulu.meb.k12.tr/tema/harita.php,2026-08-31,59,59,bulundu,https://yesilovaanaokulu.meb.k12.tr/tema/okulumuz_hakkinda.php,2026-10-01T18:36:43.559810+00:00,,Öğrenci : 59
Burdur,Yeşilova,Yeşilova Halk Eğitimi Merkezi,134248,Halk Eğitimi Merkezi,https://yesilovahem.meb.k12.tr,,,https://yesilovahem.meb.k12.tr/tema/harita.php,2026-08-31,,,bulunamadi,,2026-10-01T18:36:43.631621+00:00,,
Burdur,Yeşilova,Yeşilova Çok Programlı Anadolu Lisesi,326569,Çok Programlı Anadolu Lisesi,https://yesilovacpl.meb.k12.tr,,,https://yesilovacpl.meb.k12.tr/tema/harita.php,2026-08-31,89,89,bulundu,https://yesilovacpl.meb.k12.tr/,2026-10-01T18:36:43.703902+00:00,,Öğrenci Sayısı 89
Burdur,Çavdır,Bayır İlkokulu,738299,İlkokul,https://bayirilkokul.meb.k12.tr,,,https://bayirilkokul.meb.k12.tr/tema/harita.php,2026-08-31,87,87,bulundu,https://bayirilkokul.meb.k12.tr/,2026-10-01T18:36:43.715359+00:00,,Öğrenci Sayısı: 87
Burdur,Çavdır,Bayır Şehit Halil Çelik Ortaokulu,722269,Ortaokul,https://sehithalilcelik.meb.k12.tr,,,https://sehithalilcelik.meb.k12.tr/tema/harita.php,2026-08-31,90,90,bulundu,https://sehithalilcelik.meb.k12.tr/,2026-10-01T18:36:43.749761+00:00,,Öğrenci Sayısı : 90
Burdur,Çavdır,Kozağaç Ortaokulu,722232,Ortaokul,https://cavdrkozagacortaokulu.meb.k12.tr,,,https://cavdrkozagacortaokulu.meb.k12.tr/tema/harita.php,2026-08-31,57,57,bulundu,https://cavdrkozagacortaokulu.meb.k12.tr/tema/okulumuz_hakkinda.php,2026-10-01T18:36:43.760690+00:00,,Öğrenci : 57
Burdur,Çavdır,Kozağaç İlkokulu,738174,İlkokul,https://cavdrkozagacilkokulu.meb.k12.tr,,,https://cavdrkozagacilkokulu.meb.k12.tr/tema/harita.php,2026-08-31,78,78,bulundu,https://cavdrkozagacilkokulu.meb.k12.tr/,2026-10-01T18:36:43.822807+00:00,,Öğrenci Sayısı: 78
Burdur,Çavdır,SÖĞÜT İLKOKULU,722256,İlkokul,https://sogutilkokulu.meb.k12.tr,,,https://sogutilkokulu.meb.k12.tr/tema/harita.php,2026-08-31,195,195,bulundu,https://sogutilkokulu.meb.k12.tr/,2026-10-01T18:36:43.897649+00:00,,Öğrenci Sayısı : 195
Burdur,Çavdır,Söğüt Anadolu Lisesi,762811,Anadolu Lisesi,https://sogutal.meb.k12.tr,,,https://sogutal.meb.k12.tr/tema/harita.php,2026-08-31,40,40,bulundu,https://sogutal.meb.k12.tr/tema/okulumuz_hakkinda.php,2026-10-01T18:36:44.058096+00:00,,Öğrenci : 40
Burdur,Çavdır,Söğüt Anaokulu,772597,Anaokulu,https://sogutanaokulu.meb.k12.tr,,,https://sogutanaokulu.meb.k12.tr/tema/harita.php,2026-08-31,70,70,bulundu,https://sogutanaokulu.meb.k12.tr/,2026-10-01T18:36:44.251020+00:00,,Öğrenci Sayısı: 70
Burdur,Çavdır,Söğüt Ortaokulu,977071,Ortaokul,https://sogutortaokulu.meb.k12.tr,,,https://sogutortaokulu.meb.k12.tr/tema/harita.php,2026-08-31,178,178,bulundu,https://sogutortaokulu.meb.k12.tr/,2026-10-01T18:36:44.341037+00:00,,Öğrenci Sayısı : 178
Burdur,Çavdır,ÇAVDIR TOKİ ORTAOKULU,714270,Ortaokul,https://cavdirtokioo.meb.k12.tr,,,https://cavdirtokioo.meb.k12.tr/tema/harita.php,2026-08-31,105,105,bulundu,https://cavdirtokioo.meb.k12.tr/,2026-10-01T18:36:44.429026+00:00,,Öğrenci Sayısı 105
Burdur,Çavdır,ÇAVDIR İLKOKULU,714229,İlkokul,https://cavdirilkokulu.meb.k12.tr,,,https://cavdirilkokulu.meb.k12.tr/tema/harita.php,2026-08-31,152,152,bulundu,https://cavdirilkokulu.meb.k12.tr/,2026-10-01T18:36:44.435439+00:00,,Öğrenci Sayısı 152
Burdur,Çavdır,Çavdır Ali Nuri Sayın Halk Eğitimi Merkezi,254626,Halk Eğitimi Merkezi,https://cavdirhem.meb.k12.tr,,,https://cavdirhem.meb.k12.tr/tema/harita.php,2026-08-31,,,bulunamadi,,2026-10-01T18:36:44.609717+00:00,,
Burdur,Çavdır,Çavdır Anadolu Lisesi,750764,Anadolu Lisesi,https://cavdiranadolulisesi.meb.k12.tr,,,https://cavdiranadolulisesi.meb.k12.tr/tema/harita.php,2026-08-31,142,142,bulundu,https://cavdiranadolulisesi.meb.k12.tr/,2026-10-01T18:36:44.740813+00:00,,Öğrenci Sayısı : 142
Burdur,Çavdır,Çavdır Anaokulu,964499,Anaokulu,https://cavdiranaokulu.meb.k12.tr,,,https://cavdiranaokulu.meb.k12.tr/tema/harita.php,2026-08-31,66,66,bulundu,https://cavdiranaokulu.meb.k12.tr/,2026-10-01T18:36:44.883382+00:00,,Öğrenci Sayısı: 66
Burdur,Çavdır,Çavdır Mesleki ve Teknik Anadolu Lisesi,302134,Mesleki ve Teknik Anadolu Lisesi,https://cavdirmtal.meb.k12.tr,,,https://cavdirmtal.meb.k12.tr/tema/harita.php,2026-08-31,64,64,bulundu,https://cavdirmtal.meb.k12.tr/,2026-10-01T18:36:45.152953+00:00,,Öğrenci Sayısı : 64
Burdur,Çavdır,Çavdır Ortaokulu,760254,Ortaokul,https://cavdirortaokulu.meb.k12.tr,,,https://cavdirortaokulu.meb.k12.tr/tema/harita.php,2026-08-31,178,178,bulundu,https://cavdirortaokulu.meb.k12.tr/,2026-10-01T18:36:45.244325+00:00,,Öğrenci Sayısı 178
Burdur,Çavdır,Çavdır Söğüt İmam Hatip Ortaokulu,761840,İmam Hatip Ortaokulu,https://sogutimamhatiportaokulu.meb.k12.tr,,,https://sogutimamhatiportaokulu.meb.k12.tr/tema/harita.php,2026-08-31,27,27,bulundu,https://sogutimamhatiportaokulu.meb.k12.tr/,2026-10-01T18:36:45.289626+00:00,,Öğrenci Sayısı : 27
Burdur,Çavdır,Çavdır Toki İlkokulu,760253,İlkokul,https://cavdirtokiio.meb.k12.tr,,,https://cavdirtokiio.meb.k12.tr/tema/harita.php,2026-08-31,94,94,bulundu,https://cavdirtokiio.meb.k12.tr/,2026-10-01T18:36:45.305757+00:00,,Öğrenci Sayısı 94
Burdur,Çavdır,Çavdır İmam Hatip Ortaokulu,751805,İmam Hatip Ortaokulu,https://cavdiriho.meb.k12.tr,,,https://cavdiriho.meb.k12.tr/tema/harita.php,2026-08-31,8,8,bulundu,https://cavdiriho.meb.k12.tr/,2026-10-01T18:36:45.376667+00:00,,Öğrenci Sayısı 8
Burdur,Çeltikçi,75.Yıl Çeltikçi Ortaokulu,737457,Ortaokul,https://celtikcio.meb.k12.tr,,,https://celtikcio.meb.k12.tr/tema/harita.php,2026-08-31,125,125,bulundu,https://celtikcio.meb.k12.tr/tema/okulumuz_hakkinda.php,2026-10-01T18:36:45.397985+00:00,,Öğrenci : 125
Burdur,Çeltikçi,Bağsaray Ortaokulu,720739,Ortaokul,https://bagsaray.meb.k12.tr,,,https://bagsaray.meb.k12.tr/tema/harita.php,2026-08-31,32,32,bulundu,https://bagsaray.meb.k12.tr/,2026-10-01T18:36:45.814753+00:00,,Öğrenci Sayısı 32
Burdur,Çeltikçi,Bağsaray Ünal Gürhan Ekiz İlkokulu,720594,İlkokul,https://buge.meb.k12.tr,,,https://buge.meb.k12.tr/tema/harita.php,2026-08-31,54,54,bulundu,https://buge.meb.k12.tr/,2026-10-01T18:36:45.835753+00:00,,Öğrenci Sayısı 54
Burdur,Çeltikçi,Yunus Emre İlkokulu,720791,İlkokul,https://yei.meb.k12.tr,,,https://yei.meb.k12.tr/tema/harita.php,2026-08-31,135,135,bulundu,https://yei.meb.k12.tr/,2026-10-01T18:36:45.948722+00:00,,Öğrenci Sayısı 135
Burdur,Çeltikçi,Çeltikçi Halk Eğitimi Merkezi,254651,Halk Eğitimi Merkezi,https://celtikcihem.meb.k12.tr,,,https://celtikcihem.meb.k12.tr/tema/harita.php,2026-08-31,,,bulunamadi,,2026-10-01T18:36:45.952795+00:00,,
Burdur,Çeltikçi,Çeltikçi Şehit Ali Yıldırım Anadolu Lisesi,767360,Anadolu Lisesi,https://celtikcisayal.meb.k12.tr,,,https://celtikcisayal.meb.k12.tr/tema/harita.php,2026-08-31,58,58,bulundu,https://celtikcisayal.meb.k12.tr/,2026-10-01T18:36:46.018802+00:00,,Öğrenci Sayısı : 58
Burdur,Çeltikçi,Şehit Hüseyin Mertoğlu İmam Hatip Ortaokulu,761839,İmam Hatip Ortaokulu,https://celtikciiho15.meb.k12.tr,,,https://celtikciiho15.meb.k12.tr/tema/harita.php,2026-08-31,11,11,bulundu,https://celtikciiho15.meb.k12.tr/,2026-10-01T18:36:46.127014+00:00,,Öğrenci Sayısı : 11
Bursa,Büyükorhan,Aktaş İlkokulu,715814,İlkokul,https://aktas16.meb.k12.tr,,,https://aktas16.meb.k12.tr/tema/harita.php,2026-08-31,13,13,bulundu,https://aktas16.meb.k12.tr/,2026-10-01T18:36:46.289578+00:00,,Öğrenci Sayısı 13
Bursa,Büyükorhan,Atatürk İlkokulu,715491,İlkokul,https://ataturkio16.meb.k12.tr,,,https://ataturkio16.meb.k12.tr/tema/harita.php,2026-08-31,200,200,bulundu,https://ataturkio16.meb.k12.tr/,2026-10-01T18:36:46.326412+00:00,,Öğrenci Sayısı : 200
Bursa,Büyükorhan,Büyükorhan Halk Eğitimi Merkezi,216362,Halk Eğitimi Merkezi,https://buyukorhanhem.meb.k12.tr,,,https://buyukorhanhem.meb.k12.tr/tema/harita.php,2026-08-31,,,bulunamadi,,2026-10-01T18:36:46.445745+00:00,,
Bursa,Büyükorhan,Kınık Ortaokulu,722359,Ortaokul,https://kinikoo16.meb.k12.tr,,,https://kinikoo16.meb.k12.tr/tema/harita.php,2026-08-31,33,33,bulundu,https://kinikoo16.meb.k12.tr/,2026-10-01T18:36:46.457888+00:00,,Öğrenci Sayısı 33
Bursa,Büyükorhan,Kınık İlkokulu,853541,İlkokul,https://kinikio16.meb.k12.tr,,,https://kinikio16.meb.k12.tr/tema/harita.php,2026-08-31,21,21,bulundu,https://kinikio16.meb.k12.tr/,2026-10-01T18:36:46.477958+00:00,,Öğrenci Sayısı: 21
Bursa,Büyükorhan,Şehit Halis Keskin Çok Programlı Anadolu Lisesi,345845,Çok Programlı Anadolu Lisesi,https://buyukorhancpl.meb.k12.tr,,,https://buyukorhancpl.meb.k12.tr/tema/harita.php,2026-08-31,128,128,bulundu,https://buyukorhancpl.meb.k12.tr/,2026-10-01T18:36:46.788350+00:00,,Öğrenci Sayısı 128
Bursa,Büyükorhan,Şehit Ramazan Aktay İlkokulu,715986,İlkokul,https://sehitramazanaktayio.meb.k12.tr,,,https://sehitramazanaktayio.meb.k12.tr/tema/harita.php,2026-08-31,30,30,bulundu,https://sehitramazanaktayio.meb.k12.tr/,2026-10-01T18:36:46.953076+00:00,,Öğrenci Sayısı: 30
Bursa,Büyükorhan,Şehit Zeki Uğur Ortaokulu,715759,Ortaokul,https://sehitzekiugurortaokulu.meb.k12.tr,,,https://sehitzekiugurortaokulu.meb.k12.tr/tema/harita.php,2026-08-31,150,150,bulundu,https://sehitzekiugurortaokulu.meb.k12.tr/,2026-10-01T18:36:47.073144+00:00,,Öğrenci Sayısı 150
Bursa,Büyükorhan,Şehit İsa Özkan Anadolu İmam Hatip Lisesi,767534,Anadolu İmam Hatip Lisesi,https://sehitisaozkanaihl.meb.k12.tr,,,https://sehitisaozkanaihl.meb.k12.tr/tema/harita.php,2026-08-31,77,77,bulundu,https://sehitisaozkanaihl.meb.k12.tr/,2026-10-01T18:36:47.081417+00:00,,Öğrenci Sayısı : 77
Bursa,Büyükşehir,Osmangazi Öğretmenevi ve Akşam Sanat Okulu,776552,Öğretmenevi,https://bursaogretmenevi.meb.k12.tr,,,https://bursaogretmenevi.meb.k12.tr/tema/harita.php,2026-08-31,,,bulunamadi,,2026-10-01T18:36:47.119311+00:00,,
Bursa,Gemlik,100.Yıl İlkokulu,716298,İlkokul,https://100ylgemlikilk.meb.k12.tr,,,https://100ylgemlikilk.meb.k12.tr/tema/harita.php,2026-08-31,132,132,bulundu,https://100ylgemlikilk.meb.k12.tr/,2026-10-01T18:36:47.154288+00:00,,Öğrenci Sayısı : 132
Bursa,Gemlik,11 Eylül İlkokulu,430673,İlkokul,https://gemlik11eylulilkokulu.meb.k12.tr,,,https://gemlik11eylulilkokulu.meb.k12.tr/tema/harita.php,2026-08-31,1117,1117,bulundu,https://gemlik11eylulilkokulu.meb.k12.tr/,2026-10-01T18:36:47.259739+00:00,,Öğrenci Sayısı 1117
Bursa,Gemlik,Ali Kütahya Ortaokulu,716766,Ortaokul,https://alikutahyaortaokulu.meb.k12.tr,,,https://alikutahyaortaokulu.meb.k12.tr/tema/harita.php,2026-08-31,197,197,bulundu,https://alikutahyaortaokulu.meb.k12.tr/,2026-10-01T18:36:47.279795+00:00,,Öğrenci Sayısı 197
Bursa,Gemlik,Ali Kütahya İlkokulu,715897,İlkokul,https://alikutahyailkokulu.meb.k12.tr,,,https://alikutahyailkokulu.meb.k12.tr/tema/harita.php,2026-08-31,238,238,bulundu,https://alikutahyailkokulu.meb.k12.tr/,2026-10-01T18:36:47.282144+00:00,,Öğrenci Sayısı: 238
Bursa,Gemlik,Ali Kütahya İmam Hatip Ortaokulu,761345,İmam Hatip Ortaokulu,https://alikutahyaimamhatiportaokulu.meb.k12.tr,,,https://alikutahyaimamhatiportaokulu.meb.k12.tr/tema/harita.php,2026-08-31,10,10,bulundu,https://alikutahyaimamhatiportaokulu.meb.k12.tr/,2026-10-01T18:36:47.403186+00:00,,Öğrenci Sayısı 10
Bursa,Gemlik,Ali Kütük Ortaokulu,724238,Ortaokul,https://alikutukortaokulu.meb.k12.tr,,,https://alikutukortaokulu.meb.k12.tr/tema/harita.php,2026-08-31,783,783,bulundu,https://alikutukortaokulu.meb.k12.tr/,2026-10-01T18:36:47.454249+00:00,,Öğrenci Sayısı 783
Bursa,Gemlik,Atatepe Ticaret Mesleki ve Teknik Anadolu Lisesi,135109,Mesleki ve Teknik Anadolu Lisesi,https://atatepeticaretmtal.meb.k12.tr,,,https://atatepeticaretmtal.meb.k12.tr/tema/harita.php,2026-08-31,710,710,bulundu,https://atatepeticaretmtal.meb.k12.tr/tema/okulumuz_hakkinda.php,2026-10-01T18:36:47.658322+00:00,,Öğrenci : 710
Bursa,Gemlik,Atatürk İlkokulu,700111,İlkokul,https://gemlikataturkilkokulu.meb.k12.tr,,,https://gemlikataturkilkokulu.meb.k12.tr/tema/harita.php,2026-08-31,294,294,bulundu,https://gemlikataturkilkokulu.meb.k12.tr/,2026-10-01T18:36:47.681206+00:00,,Öğrenci Sayısı : 294
Bursa,Gemlik,Ayşe Ziver Karataş İlkokulu,716194,İlkokul,https://ayseziver.meb.k12.tr,,,https://ayseziver.meb.k12.tr/tema/harita.php,2026-08-31,606,606,bulundu,https://ayseziver.meb.k12.tr/,2026-10-01T18:36:47.780376+00:00,,Öğrenci Sayısı: 606
Bursa,Gemlik,Borusan İlkokulu,715802,İlkokul,https://gemlikborusanilkokulu.meb.k12.tr,,,https://gemlikborusanilkokulu.meb.k12.tr/tema/harita.php,2026-08-31,499,499,bulundu,https://gemlikborusanilkokulu.meb.k12.tr/,2026-10-01T18:36:48.014427+00:00,,Öğrenci Sayısı: 499
Bursa,Gemlik,Celal Bayar Anadolu Lisesi,264475,Anadolu Lisesi,https://gcbal.meb.k12.tr,,,https://gcbal.meb.k12.tr/tema/harita.php,2026-08-31,561,561,bulundu,https://gcbal.meb.k12.tr/,2026-10-01T18:36:48.174745+00:00,,Öğrenci Sayısı : 561
Bursa,Gemlik,Cihatlı Özel Eğitim Uygulama Okulu I. Kademe,765948,Özel Eğitim Kurumu,https://cihatliozelegtuyg1-2-3.meb.k12.tr,,,https://cihatliozelegtuyg1-2-3.meb.k12.tr/tema/harita.php,2026-08-31,13,13,bulundu,https://cihatliozelegtuyg1-2-3.meb.k12.tr/,2026-10-01T18:36:48.302812+00:00,,Öğrenci Sayısı : 13
Bursa,Gemlik,Cihatlı Özel Eğitim Uygulama Okulu II. Kademe,765949,Özel Eğitim Kurumu,https://cihatliozelegitim2.meb.k12.tr,,,https://cihatliozelegitim2.meb.k12.tr/tema/harita.php,2026-08-31,32,32,bulundu,https://cihatliozelegitim2.meb.k12.tr/,2026-10-01T18:36:48.365407+00:00,,Öğrenci Sayısı : 32
Bursa,Gemlik,Cihatlı Özel Eğitim Uygulama Okulu III. Kademe,765950,Özel Eğitim Kurumu,https://cihatliozelegitimuygiii.meb.k12.tr,,,https://cihatliozelegitimuygiii.meb.k12.tr/tema/harita.php,2026-08-31,43,43,bulundu,https://cihatliozelegitimuygiii.meb.k12.tr/,2026-10-01T18:36:48.397491+00:00,,Öğrenci Sayısı : 43
Bursa,Gemlik,Cumhuriyet İlkokulu,853566,İlkokul,https://gemlikcumhuriyetilkokulu.meb.k12.tr,,,https://gemlikcumhuriyetilkokulu.meb.k12.tr/tema/harita.php,2026-08-31,786,786,bulundu,https://gemlikcumhuriyetilkokulu.meb.k12.tr/,2026-10-01T18:36:48.431384+00:00,,Öğrenci Sayısı 786
Bursa,Gemlik,Engürücük Ortaokulu,716831,Ortaokul,https://engrckortaokulu.meb.k12.tr,,,https://engrckortaokulu.meb.k12.tr/tema/harita.php,2026-08-31,95,95,bulundu,https://engrckortaokulu.meb.k12.tr/,2026-10-01T18:36:48.473079+00:00,,Öğrenci Sayısı : 95
Bursa,Gemlik,Gemlik Anadolu İmam Hatip Lisesi,135110,Anadolu İmam Hatip Lisesi,https://gemlikanadoluihl.meb.k12.tr,,,https://gemlikanadoluihl.meb.k12.tr/tema/harita.php,2026-08-31,527,527,bulundu,https://gemlikanadoluihl.meb.k12.tr/,2026-10-01T18:36:48.710646+00:00,,Öğrenci Sayısı : 527
Bursa,Gemlik,Gemlik Anaokulu,777054,Anaokulu,https://gemlikanaokulu.meb.k12.tr,,,https://gemlikanaokulu.meb.k12.tr/tema/harita.php,2026-08-31,250,250,bulundu,https://gemlikanaokulu.meb.k12.tr/,2026-10-01T18:36:48.802811+00:00,,Öğrenci Sayısı: 250
Bursa,Gemlik,Gemlik Bilim ve Sanat Merkezi,768938,Bilim ve Sanat Merkezi,https://gemlikbilsem.meb.k12.tr,,,https://gemlikbilsem.meb.k12.tr/tema/harita.php,2026-08-31,126,126,bulundu,https://gemlikbilsem.meb.k12.tr/,2026-10-01T18:36:48.874086+00:00,,Öğrenci Sayısı : 126
Bursa,Gemlik,Gemlik Daniş Ekim Öğretmenevi ve Akşam Sanat Okulu Müdürlüğü,751464,Öğretmenevi,https://gemlikdanisekimogretmenevi.meb.k12.tr,,,https://gemlikdanisekimogretmenevi.meb.k12.tr/tema/harita.php,2026-08-31,,,bulunamadi,,2026-10-01T18:36:48.886252+00:00,,
Bursa,Gemlik,Gemlik Fen Lisesi,774024,Fen Lisesi,https://gemlikfenlisesi.meb.k12.tr,,,https://gemlikfenlisesi.meb.k12.tr/tema/harita.php,2026-08-31,231,231,bulundu,https://gemlikfenlisesi.meb.k12.tr/,2026-10-01T18:36:48.991131+00:00,,Öğrenci Sayısı : 231
Bursa,Gemlik,Gemlik Halk Eğitimi Merkezi,135122,Halk Eğitimi Merkezi,https://gemlikhem.meb.k12.tr,,,https://gemlikhem.meb.k12.tr/tema/harita.php,2026-08-31,,,bulunamadi,,2026-10-01T18:36:49.076146+00:00,,
Bursa,Gemlik,Gemlik Hisar Anadolu Lisesi,974050,Anadolu Lisesi,https://hisaranadolulisesi.meb.k12.tr,,,https://hisaranadolulisesi.meb.k12.tr/tema/harita.php,2026-08-31,480,480,bulundu,https://hisaranadolulisesi.meb.k12.tr/,2026-10-01T18:36:49.231498+00:00,,Öğrenci Sayısı : 480
Bursa,Gemlik,Gemlik Mesleki Eğitim Merkezi,333078,Mesleki Eğitim Merkezi,https://gemlikmeslekiegitim.meb.k12.tr,,,https://gemlikmeslekiegitim.meb.k12.tr/tema/harita.php,2026-08-31,195,195,bulundu,https://gemlikmeslekiegitim.meb.k12.tr/,2026-10-01T18:36:49.318105+00:00,,Öğrenci Sayısı 195
Bursa,Gemlik,Gemlik Mesleki ve Teknik Anadolu Lisesi,135087,Mesleki ve Teknik Anadolu Lisesi,https://gemlikmtal.meb.k12.tr,,,https://gemlikmtal.meb.k12.tr/tema/harita.php,2026-08-31,988,988,bulundu,https://gemlikmtal.meb.k12.tr/,2026-10-01T18:36:49.396469+00:00,,Öğrenci Sayısı : 988
Bursa,Gemlik,Gemlik Rehberlik ve Araştırma Merkezi,967793,Rehberlik ve Araştırma Merkezi,https://gemlikram.meb.k12.tr,,,https://gemlikram.meb.k12.tr/tema/harita.php,2026-08-31,,,bulunamadi,,2026-10-01T18:36:49.532850+00:00,,
Bursa,Gemlik,Gemlik Toki Ortaokulu,777329,Ortaokul,https://777329.meb.k12.tr,,,https://777329.meb.k12.tr/tema/harita.php,2026-08-31,0,0,bulundu,https://777329.meb.k12.tr/,2026-10-01T18:36:49.537056+00:00,,Öğrenci Sayısı : 0
Bursa,Gemlik,Gemlik Toki İlkokulu,777399,İlkokul,https://777399.meb.k12.tr,,,https://777399.meb.k12.tr/tema/harita.php,2026-08-31,0,0,bulundu,https://777399.meb.k12.tr/,2026-10-01T18:36:49.553999+00:00,,Öğrenci Sayısı : 0
Bursa,Gemlik,Gemlik Türkiye Odalar ve Borsalar Birliği Anaokulu,775544,Anaokulu,https://gemliktobbanaokulu.meb.k12.tr,,,https://gemliktobbanaokulu.meb.k12.tr/tema/harita.php,2026-08-31,211,211,bulundu,https://gemliktobbanaokulu.meb.k12.tr/,2026-10-01T18:36:49.638097+00:00,,Öğrenci Sayısı: 211
Bursa,Gemlik,Gemport Gemlik Anadolu Lisesi,135075,Anadolu Lisesi,https://ggal.meb.k12.tr,,,https://ggal.meb.k12.tr/tema/harita.php,2026-08-31,379,379,bulundu,https://ggal.meb.k12.tr/,2026-10-01T18:36:49.648462+00:00,,Öğrenci Sayısı 379
Bursa,Gemlik,Halitpaşa İmam Hatip Ortaokulu,761347,İmam Hatip Ortaokulu,https://halitpasaiho.meb.k12.tr,,,https://halitpasaiho.meb.k12.tr/tema/harita.php,2026-08-31,487,487,bulundu,https://halitpasaiho.meb.k12.tr/,2026-10-01T18:36:49.660793+00:00,,Öğrenci Sayısı : 487
Bursa,Gemlik,Koza Kız Mesleki ve Teknik Anadolu Lisesi,135099,Mesleki ve Teknik Anadolu Lisesi,https://kozamtal.meb.k12.tr,,,https://kozamtal.meb.k12.tr/tema/harita.php,2026-08-31,643,643,bulundu,https://kozamtal.meb.k12.tr/,2026-10-01T18:36:49.791534+00:00,,Öğrenci Sayısı : 643
Bursa,Gemlik,Koza Özel Eğitim Anaokulu,773503,Anaokulu,https://773503.meb.k12.tr,,,https://773503.meb.k12.tr/tema/harita.php,2026-08-31,0,0,bulundu,https://773503.meb.k12.tr/,2026-10-01T18:36:49.862494+00:00,,Öğrenci Sayısı : 0
Bursa,Gemlik,Kurşunlu Nursel Çağlar Ortaokulu,716768,Ortaokul,https://gemlikkursunluortaokulu.meb.k12.tr,,,https://gemlikkursunluortaokulu.meb.k12.tr/tema/harita.php,2026-08-31,54,54,bulundu,https://gemlikkursunluortaokulu.meb.k12.tr/,2026-10-01T18:36:49.898390+00:00,,Öğrenci Sayısı : 54
Bursa,Gemlik,Kurşunlu Nursel Çağlar İlkokulu,396664,İlkokul,https://gemliknurselcaglarilkokulu.meb.k12.tr,,,https://gemliknurselcaglarilkokulu.meb.k12.tr/tema/harita.php,2026-08-31,92,92,bulundu,https://gemliknurselcaglarilkokulu.meb.k12.tr/,2026-10-01T18:36:49.919568+00:00,,Öğrenci Sayısı: 92
Bursa,Gemlik,Lale Kemal Kılıç Ortaokulu,396735,Ortaokul,https://lalekemalkilic.meb.k12.tr,,,https://lalekemalkilic.meb.k12.tr/tema/harita.php,2026-08-31,869,869,bulundu,https://lalekemalkilic.meb.k12.tr/tema/okulumuz_hakkinda.php,2026-10-01T18:36:50.053193+00:00,,Öğrenci : 869
Bursa,Gemlik,Mehmet Akif Ersoy İlkokulu,715519,İlkokul,https://gemlikmehmetakifersoyilkokulu.meb.k12.tr,,,https://gemlikmehmetakifersoyilkokulu.meb.k12.tr/tema/harita.php,2026-08-31,649,649,bulundu,https://gemlikmehmetakifersoyilkokulu.meb.k12.tr/,2026-10-01T18:36:50.346785+00:00,,Öğrenci Sayısı: 649
Bursa,Gemlik,Roda Anadolu İmam Hatip Lisesi,752276,Anadolu İmam Hatip Lisesi,https://gemlikrodaihl.meb.k12.tr,,,https://gemlikrodaihl.meb.k12.tr/tema/harita.php,2026-08-31,654,654,bulundu,https://gemlikrodaihl.meb.k12.tr/tema/okulumuz_hakkinda.php,2026-10-01T18:36:50.663384+00:00,,Öğrenci : 654
Bursa,Gemlik,TSO Gazi İmam Hatip Ortaokulu,766494,İmam Hatip Ortaokulu,https://tsogaziiho.meb.k12.tr,,,https://tsogaziiho.meb.k12.tr/tema/harita.php,2026-08-31,78,78,bulundu,https://tsogaziiho.meb.k12.tr/,2026-10-01T18:36:50.730139+00:00,,Öğrenci Sayısı 78
Bursa,Gemlik,Umurbey Abdullah Fehmi Ortaokulu,716694,Ortaokul,https://umurbeyabdullahfehmiortaokulu.meb.k12.tr,,,https://umurbeyabdullahfehmiortaokulu.meb.k12.tr/tema/harita.php,2026-08-31,100,100,bulundu,https://umurbeyabdullahfehmiortaokulu.meb.k12.tr/,2026-10-01T18:36:50.732220+00:00,,Öğrenci Sayısı 100
Bursa,Gemlik,Umurbey Abdullah Fehmi İlkokulu,715601,İlkokul,https://umurbeyabdullahfehmiilkokulu.meb.k12.tr,,,https://umurbeyabdullahfehmiilkokulu.meb.k12.tr/tema/harita.php,2026-08-31,131,131,bulundu,https://umurbeyabdullahfehmiilkokulu.meb.k12.tr/,2026-10-01T18:36:50.782578+00:00,,Öğrenci Sayısı : 131
Bursa,Gemlik,Umurbey Celal Bayar Mesleki ve Teknik Anadolu Lisesi,962896,Mesleki ve Teknik Anadolu Lisesi,https://gemlikasml.meb.k12.tr,,,https://gemlikasml.meb.k12.tr/tema/harita.php,2026-08-31,344,344,bulundu,https://gemlikasml.meb.k12.tr/,2026-10-01T18:36:50.839928+00:00,,Öğrenci Sayısı 344
Bursa,Gemlik,Zübeyde Hanım Anaokulu,818032,Anaokulu,https://gemlikzubeydehanimanaokulu.meb.k12.tr,,,https://gemlikzubeydehanimanaokulu.meb.k12.tr/tema/harita.php,2026-08-31,93,93,bulundu,https://gemlikzubeydehanimanaokulu.meb.k12.tr/,2026-10-01T18:36:50.902112+00:00,,Öğrenci Sayısı 93
Bursa,Gemlik,Zübeyde Hanım Özel Eğitim Anaokulu,773504,Anaokulu,https://zubeydehanimozelegitimanaokulu.meb.k12.tr,,,https://zubeydehanimozelegitimanaokulu.meb.k12.tr/tema/harita.php,2026-08-31,12,12,bulundu,https://zubeydehanimozelegitimanaokulu.meb.k12.tr/,2026-10-01T18:36:50.903332+00:00,,Öğrenci Sayısı : 12
Bursa,Gemlik,Özdilek Cevdet Aynur Mayruk Kız Anadolu İmam Hatip Lisesi,760607,Anadolu İmam Hatip Lisesi,https://gemlikozdilekaihl.meb.k12.tr,,,https://gemlikozdilekaihl.meb.k12.tr/tema/harita.php,2026-08-31,362,362,bulundu,https://gemlikozdilekaihl.meb.k12.tr/tema/okulumuz_hakkinda.php,2026-10-01T18:36:51.031021+00:00,,Öğrenci : 362
Bursa,Gemlik,Şehit Cem Üner İlkokulu,716085,İlkokul,https://sehitcemunerilkokulu.meb.k12.tr,,,https://sehitcemunerilkokulu.meb.k12.tr/tema/harita.php,2026-08-31,101,101,bulundu,https://sehitcemunerilkokulu.meb.k12.tr/tema/okulumuz_hakkinda.php,2026-10-01T18:36:51.060398+00:00,,Öğrenci : 101
Bursa,Gemlik,Şehit Cemal İlkokulu,716243,İlkokul,https://gemliksehitcemal.meb.k12.tr,,,https://gemliksehitcemal.meb.k12.tr/tema/harita.php,2026-08-31,261,261,bulundu,https://gemliksehitcemal.meb.k12.tr/tema/okulumuz_hakkinda.php,2026-10-01T18:36:51.147420+00:00,,Öğrenci : 261
Bursa,Gemlik,Şehit Esat Akbaba Ortaokulu,724261,Ortaokul,https://sehitesatakbaba.meb.k12.tr,,,https://sehitesatakbaba.meb.k12.tr/tema/harita.php,2026-08-31,607,607,bulundu,https://sehitesatakbaba.meb.k12.tr/tema/okulumuz_hakkinda.php,2026-10-01T18:36:51.408938+00:00,,Öğrenci : 607
Bursa,Gemlik,Şehit Gökhan Aydınlı Ortaokulu,716752,Ortaokul,https://sehitgokhanaydinliortaokulu.meb.k12.tr,,,https://sehitgokhanaydinliortaokulu.meb.k12.tr/tema/harita.php,2026-08-31,310,310,bulundu,https://sehitgokhanaydinliortaokulu.meb.k12.tr/,2026-10-01T18:36:51.436231+00:00,,Öğrenci Sayısı 310
Bursa,Gemlik,Şehit Mehmet Güngör Ortaokulu,716673,Ortaokul,https://sehitmehmetgungorortaokulu.meb.k12.tr,,,https://sehitmehmetgungorortaokulu.meb.k12.tr/tema/harita.php,2026-08-31,626,626,bulundu,https://sehitmehmetgungorortaokulu.meb.k12.tr/,2026-10-01T18:36:51.926456+00:00,,Öğrenci Sayısı : 626
Bursa,Gemlik,Şehit Mehmet Güngör İlkokulu,716415,İlkokul,https://sehitmehmetgungorilkokulu.meb.k12.tr,,,https://sehitmehmetgungorilkokulu.meb.k12.tr/tema/harita.php,2026-08-31,1021,1021,bulundu,https://sehitmehmetgungorilkokulu.meb.k12.tr/,2026-10-01T18:36:51.929420+00:00,,Öğrenci Sayısı : 1021
Bursa,Gemlik,Şehit Mehmet Koray Pınar Ortaokulu,715629,Ortaokul,https://sehitmehmetkoraypinarortaokulu.meb.k12.tr,,,https://sehitmehmetkoraypinarortaokulu.meb.k12.tr/tema/harita.php,2026-08-31,780,780,bulundu,https://sehitmehmetkoraypinarortaokulu.meb.k12.tr/,2026-10-01T18:36:51.934340+00:00,,Öğrenci Sayısı : 780
Bursa,Gemlik,Şehit Öğretmen Etem Yaşar İlkokulu,977073,İlkokul,https://sehitetemyasarilkokulu.meb.k12.tr,,,https://sehitetemyasarilkokulu.meb.k12.tr/tema/harita.php,2026-08-31,602,602,bulundu,https://sehitetemyasarilkokulu.meb.k12.tr/,2026-10-01T18:36:52.107348+00:00,,Öğrenci Sayısı 602
Bursa,Gemlik,Şükrü Şenol Ortaokulu,715750,Ortaokul,https://sukrusenolortaokulu.meb.k12.tr,,,https://sukrusenolortaokulu.meb.k12.tr/tema/harita.php,2026-08-31,321,321,bulundu,https://sukrusenolortaokulu.meb.k12.tr/tema/okulumuz_hakkinda.php,2026-10-01T18:36:52.199323+00:00,,Öğrenci : 321
Bursa,Gürsu,80.Yıl Cumhuriyet İmam Hatip Ortaokulu,761360,İmam Hatip Ortaokulu,https://80yilimamhatip.meb.k12.tr,,,https://80yilimamhatip.meb.k12.tr/tema/harita.php,2026-08-31,1340,1340,bulundu,https://80yilimamhatip.meb.k12.tr/,2026-10-01T18:36:52.215963+00:00,,Öğrenci Sayısı 1340
Bursa,Gürsu,Adaköy Ateş Sarıbal Ortaokulu,715752,Ortaokul,https://adakoyatessaribalortaokulu.meb.k12.tr,,,https://adakoyatessaribalortaokulu.meb.k12.tr/tema/harita.php,2026-08-31,109,109,bulundu,https://adakoyatessaribalortaokulu.meb.k12.tr/,2026-10-01T18:36:52.308869+00:00,,Öğrenci Sayısı 109
Bursa,Gürsu,Adaköy Ateş Sarıbal İlkokulu,715215,İlkokul,https://adakoyatessaribalilkokulu.meb.k12.tr,,,https://adakoyatessaribalilkokulu.meb.k12.tr/tema/harita.php,2026-08-31,128,128,bulundu,https://adakoyatessaribalilkokulu.meb.k12.tr/,2026-10-01T18:36:52.623194+00:00,,Öğrenci Sayısı 128
Bursa,Gürsu,Ali Firdevs Lizor İlkokulu,715434,İlkokul,https://alifirdevslizorilkokulu.meb.k12.tr,,,https://alifirdevslizorilkokulu.meb.k12.tr/tema/harita.php,2026-08-31,1047,1047,bulundu,https://alifirdevslizorilkokulu.meb.k12.tr/,2026-10-01T18:36:52.722878+00:00,,Öğrenci Sayısı : 1047
Bursa,Gürsu,Atatürk İlkokulu,879517,İlkokul,https://gursuataturkilkokulu.meb.k12.tr,,,https://gursuataturkilkokulu.meb.k12.tr/tema/harita.php,2026-08-31,1708,1708,bulundu,https://gursuataturkilkokulu.meb.k12.tr/,2026-10-01T18:36:52.738503+00:00,,Öğrenci Sayısı : 1708
Bursa,Gürsu,Gürsu Anadolu İmam Hatip Lisesi,751329,Anadolu İmam Hatip Lisesi,https://gursuimamhatiplisesi.meb.k12.tr,,,https://gursuimamhatiplisesi.meb.k12.tr/tema/harita.php,2026-08-31,471,471,bulundu,https://gursuimamhatiplisesi.meb.k12.tr/,2026-10-01T18:36:52.747809+00:00,,Öğrenci Sayısı : 471
Bursa,Gürsu,Gürsu Anaokulu,863464,Anaokulu,https://gursuanaokulu.meb.k12.tr,,,https://gursuanaokulu.meb.k12.tr/tema/harita.php,2026-08-31,125,125,bulundu,https://gursuanaokulu.meb.k12.tr/,2026-10-01T18:36:52.821120+00:00,,Öğrenci Sayısı 125
Bursa,Gürsu,Gürsu Atatürk Anaokulu,771129,Anaokulu,https://gursuataturkanaokulu.meb.k12.tr,,,https://gursuataturkanaokulu.meb.k12.tr/tema/harita.php,2026-08-31,,,bulunamadi,,2026-10-01T18:36:52.985577+00:00,,
Bursa,Gürsu,Gürsu Bilim ve Sanat Merkezi,768930,Bilim ve Sanat Merkezi,https://gursubilsem.meb.k12.tr,,,https://gursubilsem.meb.k12.tr/tema/harita.php,2026-08-31,54,54,bulundu,https://gursubilsem.meb.k12.tr/,2026-10-01T18:36:53.246137+00:00,,Öğrenci Sayısı : 54
Bursa,Gürsu,Gürsu Borsa İstanbul Anadolu Lisesi,964265,Anadolu Lisesi,https://imkbgursuanadolulisesi.meb.k12.tr,,,https://imkbgursuanadolulisesi.meb.k12.tr/tema/harita.php,2026-08-31,796,796,bulundu,https://imkbgursuanadolulisesi.meb.k12.tr/,2026-10-01T18:36:53.361244+00:00,,Öğrenci Sayısı 796
Bursa,Gürsu,Gürsu Borsa İstanbul İmam Hatip Ortaokulu,750416,İmam Hatip Ortaokulu,https://gborsaistanbulimamhatiportaokulu.meb.k12.tr,,,https://gborsaistanbulimamhatiportaokulu.meb.k12.tr/tema/harita.php,2026-08-31,927,927,bulundu,https://gborsaistanbulimamhatiportaokulu.meb.k12.tr/,2026-10-01T18:36:53.445311+00:00,,Öğrenci Sayısı 927
Bursa,Gürsu,Gürsu Fazıl Hüsnü Dağlarca Anadolu Lisesi,765002,Anadolu Lisesi,https://fhusnudaglarcaal.meb.k12.tr,,,https://fhusnudaglarcaal.meb.k12.tr/tema/harita.php,2026-08-31,461,461,bulundu,https://fhusnudaglarcaal.meb.k12.tr/,2026-10-01T18:36:53.446149+00:00,,Öğrenci Sayısı : 461
Bursa,Gürsu,Gürsu Halime Hatun Anaokulu,765397,Anaokulu,https://gursuhalimehatunanaokulu.meb.k12.tr,,,https://gursuhalimehatunanaokulu.meb.k12.tr/tema/harita.php,2026-08-31,177,177,bulundu,https://gursuhalimehatunanaokulu.meb.k12.tr/,2026-10-01T18:36:53.454029+00:00,,Öğrenci Sayısı: 177
Bursa,Gürsu,Gürsu Halk Eğitimi Merkezi,308454,Halk Eğitimi Merkezi,https://gursuhem.meb.k12.tr,,,https://gursuhem.meb.k12.tr/tema/harita.php,2026-08-31,,,bulunamadi,,2026-10-01T18:36:53.455925+00:00,,
Bursa,Gürsu,Gürsu Recep Tayyip Erdoğan Ortaokulu,767677,Ortaokul,https://gursureceptayyiperdogan.meb.k12.tr,,,https://gursureceptayyiperdogan.meb.k12.tr/tema/harita.php,2026-08-31,1037,1037,bulundu,https://gursureceptayyiperdogan.meb.k12.tr/,2026-10-01T18:36:53.457823+00:00,,Öğrenci Sayısı : 1037
Bursa,Gürsu,Gürsu Rehberlik ve Araştırma Merkezi,768934,Rehberlik ve Araştırma Merkezi,https://gursuram.meb.k12.tr,,,https://gursuram.meb.k12.tr/tema/harita.php,2026-08-31,,,bulunamadi,,2026-10-01T18:36:53.522072+00:00,,
Bursa,Gürsu,Gürsu TOKİ Ortaokulu,751274,Ortaokul,https://tokiortaokulu.meb.k12.tr,,,https://tokiortaokulu.meb.k12.tr/tema/harita.php,2026-08-31,365,365,bulundu,https://tokiortaokulu.meb.k12.tr/,2026-10-01T18:36:53.554842+00:00,,Öğrenci Sayısı 365
Bursa,Gürsu,Gürsu TOKİ İlkokulu,751273,İlkokul,https://gursutokiilkokulu.meb.k12.tr,,,https://gursutokiilkokulu.meb.k12.tr/tema/harita.php,2026-08-31,329,329,bulundu,https://gursutokiilkokulu.meb.k12.tr/,2026-10-01T18:36:53.633144+00:00,,Öğrenci Sayısı 329
Bursa,Gürsu,Hacı Huriye Tinç Ortaokulu,715492,Ortaokul,https://hacihuriyetincortaokulu.meb.k12.tr,,,https://hacihuriyetincortaokulu.meb.k12.tr/tema/harita.php,2026-08-31,1182,1182,bulundu,https://hacihuriyetincortaokulu.meb.k12.tr/,2026-10-01T18:36:53.657043+00:00,,Öğrenci Sayısı : 1182
Bursa,Gürsu,Hacı Huriye Tinç İlkokulu,715359,İlkokul,https://hacihuriyetincilkokulu.meb.k12.tr,,,https://hacihuriyetincilkokulu.meb.k12.tr/tema/harita.php,2026-08-31,975,975,bulundu,https://hacihuriyetincilkokulu.meb.k12.tr/,2026-10-01T18:36:53.702485+00:00,,Öğrenci Sayısı 975
Bursa,Gürsu,Hamdi Çalış Ortaokulu,724226,Ortaokul,https://hamdicalisorta.meb.k12.tr,,,https://hamdicalisorta.meb.k12.tr/tema/harita.php,2026-08-31,1048,1048,bulundu,https://hamdicalisorta.meb.k12.tr/,2026-10-01T18:36:53.752112+00:00,,Öğrenci Sayısı : 1048
Bursa,Gürsu,Karahıdır İlkokulu,714323,İlkokul,https://gursukarahidir.meb.k12.tr,,,https://gursukarahidir.meb.k12.tr/tema/harita.php,2026-08-31,53,53,bulundu,https://gursukarahidir.meb.k12.tr/,2026-10-01T18:36:53.783868+00:00,,Öğrenci Sayısı 53
Bursa,Gürsu,Kazıklı İlkokulu,853349,İlkokul,https://gursukazikli.meb.k12.tr,,,https://gursukazikli.meb.k12.tr/tema/harita.php,2026-08-31,31,31,bulundu,https://gursukazikli.meb.k12.tr/,2026-10-01T18:36:53.959020+00:00,,Öğrenci Sayısı: 31
Bursa,Gürsu,Kumlukalan Özel Eğitim Okulu I. Kademe,775348,Özel Eğitim Kurumu,https://775348.meb.k12.tr,,,https://775348.meb.k12.tr/tema/harita.php,2026-08-31,45,45,bulundu,https://775348.meb.k12.tr/,2026-10-01T18:36:53.962253+00:00,,Öğrenci Sayısı : 45
Bursa,Gürsu,Kumlukalan Özel Eğitim Okulu II. Kademe,775350,Özel Eğitim Kurumu,https://775350.meb.k12.tr,,,https://775350.meb.k12.tr/tema/harita.php,2026-08-31,35,35,bulundu,https://775350.meb.k12.tr/,2026-10-01T18:36:54.100940+00:00,,Öğrenci Sayısı : 35
Bursa,Gürsu,Latif Dörtçelik Ticaret Mesleki ve Teknik Anadolu Lisesi,965469,Mesleki ve Teknik Anadolu Lisesi,https://latifdortceliktml.meb.k12.tr,,,https://latifdortceliktml.meb.k12.tr/tema/harita.php,2026-08-31,736,736,bulundu,https://latifdortceliktml.meb.k12.tr/,2026-10-01T18:36:54.402145+00:00,,Öğrenci Sayısı 736
Bursa,Gürsu,Lokman Hekim Mesleki ve Teknik Anadolu Lisesi,962894,Mesleki ve Teknik Anadolu Lisesi,https://gursulokmanhekimmtal.meb.k12.tr,,,https://gursulokmanhekimmtal.meb.k12.tr/tema/harita.php,2026-08-31,876,876,bulundu,https://gursulokmanhekimmtal.meb.k12.tr/,2026-10-01T18:36:54.463839+00:00,,Öğrenci Sayısı 876
Bursa,Gürsu,Mehmet Akif Ersoy İlkokulu,976775,İlkokul,https://gursumehmetakifersoyilkokulu.meb.k12.tr,,,https://gursumehmetakifersoyilkokulu.meb.k12.tr/tema/harita.php,2026-08-31,983,983,bulundu,https://gursumehmetakifersoyilkokulu.meb.k12.tr/,2026-10-01T18:36:54.510049+00:00,,Öğrenci Sayısı : 983
Bursa,Gürsu,Selcen Hatun Anaokulu,971891,Anaokulu,https://gursuselcenhatunanaokulu.meb.k12.tr,,,https://gursuselcenhatunanaokulu.meb.k12.tr/tema/harita.php,2026-08-31,201,201,bulundu,https://gursuselcenhatunanaokulu.meb.k12.tr/,2026-10-01T18:36:54.534270+00:00,,Öğrenci Sayısı 201
Bursa,Gürsu,Ticaret ve Sanayi Odası Gürsu Mesleki ve Teknik Anadolu Lisesi,959434,Mesleki ve Teknik Anadolu Lisesi,https://tsogursumtal.meb.k12.tr,,,https://tsogursumtal.meb.k12.tr/tema/harita.php,2026-08-31,915,915,bulundu,https://tsogursumtal.meb.k12.tr/,2026-10-01T18:36:54.639208+00:00,,Öğrenci Sayısı : 915
Bursa,Gürsu,Yenidoğan Anaokulu,774473,Anaokulu,https://yenidogananaokulu.meb.k12.tr,,,https://yenidogananaokulu.meb.k12.tr/tema/harita.php,2026-08-31,91,91,bulundu,https://yenidogananaokulu.meb.k12.tr/,2026-10-01T18:36:54.951080+00:00,,Öğrenci Sayısı: 91
Bursa,Gürsu,Yüksel Bodur İlkokulu,853352,İlkokul,https://isabeyyukselbodurio.meb.k12.tr,,,https://isabeyyukselbodurio.meb.k12.tr/tema/harita.php,2026-08-31,1478,1478,bulundu,https://isabeyyukselbodurio.meb.k12.tr/,2026-10-01T18:36:54.974920+00:00,,Öğrenci Sayısı 1478
Bursa,Gürsu,Yıldız Anadolu Lisesi,966104,Anadolu Lisesi,https://yildizanadolulisesi.meb.k12.tr,,,https://yildizanadolulisesi.meb.k12.tr/tema/harita.php,2026-08-31,477,477,bulundu,https://yildizanadolulisesi.meb.k12.tr/tema/okulumuz_hakkinda.php,2026-10-01T18:36:55.039836+00:00,,Öğrenci : 477
Bursa,Gürsu,Zafer Ortaokulu,715411,Ortaokul,https://gursuzafer.meb.k12.tr,,,https://gursuzafer.meb.k12.tr/tema/harita.php,2026-08-31,1036,1036,bulundu,https://gursuzafer.meb.k12.tr/,2026-10-01T18:36:55.094831+00:00,,Öğrenci Sayısı : 1036
Bursa,Gürsu,Zuhal (Dörtçelik) Şenipek Mesleki ve Teknik Anadolu Lisesi,965444,Mesleki ve Teknik Anadolu Lisesi,https://zdortcelikseml.meb.k12.tr,,,https://zdortcelikseml.meb.k12.tr/tema/harita.php,2026-08-31,982,982,bulundu,https://zdortcelikseml.meb.k12.tr/,2026-10-01T18:36:55.323080+00:00,,Öğrenci Sayısı : 982
Bursa,Gürsu,İğdir İlkokulu,714277,İlkokul,https://igdirkoyu.meb.k12.tr,,,https://igdirkoyu.meb.k12.tr/tema/harita.php,2026-08-31,34,34,bulundu,https://igdirkoyu.meb.k12.tr/,2026-10-01T18:36:55.489451+00:00,,Öğrenci Sayısı: 34
Bursa,Gürsu,Şehit Sefa Uzun İlkokulu,766772,İlkokul,https://766772.meb.k12.tr,,,https://766772.meb.k12.tr/tema/harita.php,2026-08-31,1213,1213,bulundu,https://766772.meb.k12.tr/,2026-10-01T18:36:55.509315+00:00,,Öğrenci Sayısı : 1213
Bursa,Harmancık,Gülözü İlkokulu,714117,İlkokul,https://glz.meb.k12.tr,,,https://glz.meb.k12.tr/tema/harita.php,2026-08-31,10,10,bulundu,https://glz.meb.k12.tr/,2026-10-01T18:36:55.529886+00:00,,Öğrenci Sayısı 10
Bursa,Harmancık,Harmancık Halk Eğitimi Merkezi,224773,Halk Eğitimi Merkezi,https://harmancikhem.meb.k12.tr,,,https://harmancikhem.meb.k12.tr/tema/harita.php,2026-08-31,,,bulunamadi,,2026-10-01T18:36:55.820541+00:00,,
Bursa,Harmancık,Harmancık Ortaokulu,724196,Ortaokul,https://harmancikoo.meb.k12.tr,,,https://harmancikoo.meb.k12.tr/tema/harita.php,2026-08-31,125,125,bulundu,https://harmancikoo.meb.k12.tr/,2026-10-01T18:36:55.852251+00:00,,Öğrenci Sayısı : 125
Bursa,Harmancık,Harmancık İmam Hatip Ortaokulu,751877,İmam Hatip Ortaokulu,https://harmancikimamhatiportaokulu.meb.k12.tr,,,https://harmancikimamhatiportaokulu.meb.k12.tr/tema/harita.php,2026-08-31,50,50,bulundu,https://harmancikimamhatiportaokulu.meb.k12.tr/,2026-10-01T18:36:55.861896+00:00,,Öğrenci Sayısı : 50
Bursa,Harmancık,Şehit Adil Kınık İlkokulu,714295,İlkokul,https://sehitadilkinikilkokulu.meb.k12.tr,,,https://sehitadilkinikilkokulu.meb.k12.tr/tema/harita.php,2026-08-31,166,166,bulundu,https://sehitadilkinikilkokulu.meb.k12.tr/,2026-10-01T18:36:55.865902+00:00,,Öğrenci Sayısı : 166
Bursa,Harmancık,Şehit Emre Sevinç Çok Programlı Anadolu Lisesi,321708,Çok Programlı Anadolu Lisesi,https://sehitemresevinccpal.meb.k12.tr,,,https://sehitemresevinccpal.meb.k12.tr/tema/harita.php,2026-08-31,149,149,bulundu,https://sehitemresevinccpal.meb.k12.tr/tema/okulumuz_hakkinda.php,2026-10-01T18:36:55.894066+00:00,,Öğrenci : 149
Bursa,Karacabey,14 Eylül Ortaokulu,715551,Ortaokul,https://14eylulortaokulu.meb.k12.tr,,,https://14eylulortaokulu.meb.k12.tr/tema/harita.php,2026-08-31,448,448,bulundu,https://14eylulortaokulu.meb.k12.tr/,2026-10-01T18:36:56.043454+00:00,,Öğrenci Sayısı 448
Bursa,Karacabey,Adnan Menderes Ortaokulu,765828,Ortaokul,https://karacabeyadnanmenderes.meb.k12.tr,,,https://karacabeyadnanmenderes.meb.k12.tr/tema/harita.php,2026-08-31,673,673,bulundu,https://karacabeyadnanmenderes.meb.k12.tr/,2026-10-01T18:36:56.054906+00:00,,Öğrenci Sayısı : 673
Bursa,Karacabey,Atatürk İlkokulu,976692,İlkokul,https://karacabeyataio.meb.k12.tr,,,https://karacabeyataio.meb.k12.tr/tema/harita.php,2026-08-31,710,710,bulundu,https://karacabeyataio.meb.k12.tr/,2026-10-01T18:36:56.080340+00:00,,Öğrenci Sayısı 710
Bursa,Karacabey,Beylik Ortaokulu,715166,Ortaokul,https://beylikortaokulu.meb.k12.tr,,,https://beylikortaokulu.meb.k12.tr/tema/harita.php,2026-08-31,30,30,bulundu,https://beylikortaokulu.meb.k12.tr/,2026-10-01T18:36:56.084900+00:00,,Öğrenci Sayısı : 30
Bursa,Karacabey,Beylik İlkokulu,313861,İlkokul,https://beylikilkokulu.meb.k12.tr,,,https://beylikilkokulu.meb.k12.tr/tema/harita.php,2026-08-31,25,25,bulundu,https://beylikilkokulu.meb.k12.tr/,2026-10-01T18:36:56.090685+00:00,,Öğrenci Sayısı: 25
Bursa,Karacabey,Borsa İstanbul Mesleki ve Teknik Anadolu Lisesi,966208,Mesleki ve Teknik Anadolu Lisesi,https://karacabeybist.meb.k12.tr,,,https://karacabeybist.meb.k12.tr/tema/harita.php,2026-08-31,601,601,bulundu,https://karacabeybist.meb.k12.tr/,2026-10-01T18:36:56.095772+00:00,,Öğrenci Sayısı : 601
Bursa,Karacabey,Cahide Kırlağaç Anaokulu,749589,Anaokulu,https://cahidekirlagac.meb.k12.tr,,,https://cahidekirlagac.meb.k12.tr/tema/harita.php,2026-08-31,177,177,bulundu,https://cahidekirlagac.meb.k12.tr/,2026-10-01T18:36:56.101680+00:00,,Öğrenci Sayısı 177
Bursa,Karacabey,Dayı Karacabey Anadolu Lisesi,135457,Anadolu Lisesi,https://dayikaracabey.meb.k12.tr,,,https://dayikaracabey.meb.k12.tr/tema/harita.php,2026-08-31,,,bulunamadi,,2026-10-01T18:36:56.337844+00:00,,
Bursa,Karacabey,Dağkadı Ortaokulu,724469,Ortaokul,https://dagkadiortaokulu.meb.k12.tr,,,https://dagkadiortaokulu.meb.k12.tr/tema/harita.php,2026-08-31,57,57,bulundu,https://dagkadiortaokulu.meb.k12.tr/,2026-10-01T18:36:56.439845+00:00,,Öğrenci Sayısı 57
Bursa,Karacabey,Dağkadı İlkokulu,724454,İlkokul,https://dagkadiilkokulu.meb.k12.tr,,,https://dagkadiilkokulu.meb.k12.tr/tema/harita.php,2026-08-31,61,61,bulundu,https://dagkadiilkokulu.meb.k12.tr/,2026-10-01T18:36:56.510294+00:00,,Öğrenci Sayısı 61
Bursa,Karacabey,Farabi Mesleki ve Teknik Anadolu Lisesi,751766,Mesleki ve Teknik Anadolu Lisesi,https://karacabeyfarabi.meb.k12.tr,,,https://karacabeyfarabi.meb.k12.tr/tema/harita.php,2026-08-31,346,346,bulundu,https://karacabeyfarabi.meb.k12.tr/tema/okulumuz_hakkinda.php,2026-10-01T18:36:56.584110+00:00,,Öğrenci : 346
Bursa,Karacabey,Hacı Ahmediye Onur İlkokulu,713863,İlkokul,https://haciahmediyeonurilkokulu.meb.k12.tr,,,https://haciahmediyeonurilkokulu.meb.k12.tr/tema/harita.php,2026-08-31,448,448,bulundu,https://haciahmediyeonurilkokulu.meb.k12.tr/,2026-10-01T18:36:56.685745+00:00,,Öğrenci Sayısı : 448
Bursa,Karacabey,Karacabey Anadolu Lisesi,265336,Anadolu Lisesi,https://karal.meb.k12.tr,,,https://karal.meb.k12.tr/tema/harita.php,2026-08-31,447,447,bulundu,https://karal.meb.k12.tr/,2026-10-01T18:36:56.741191+00:00,,Öğrenci Sayısı : 447
Bursa,Karacabey,Karacabey Anadolu İmam Hatip Lisesi,135482,Anadolu İmam Hatip Lisesi,https://karacabeyihl.meb.k12.tr,,,https://karacabeyihl.meb.k12.tr/tema/harita.php,2026-08-31,75,75,bulundu,https://karacabeyihl.meb.k12.tr/,2026-10-01T18:36:56.747511+00:00,,Öğrenci Sayısı : 75
Bursa,Karacabey,Karacabey Belediyesi Anaokulu,766512,Anaokulu,https://karacabeybelediyesianaokulu.meb.k12.tr,,,https://karacabeybelediyesianaokulu.meb.k12.tr/tema/harita.php,2026-08-31,109,109,bulundu,https://karacabeybelediyesianaokulu.meb.k12.tr/,2026-10-01T18:36:56.768523+00:00,,Öğrenci Sayısı: 109
Bursa,Karacabey,Karacabey Bilim ve Sanat Merkezi,769373,Bilim ve Sanat Merkezi,https://karacabeybilsem.meb.k12.tr,,,https://karacabeybilsem.meb.k12.tr/tema/harita.php,2026-08-31,35,35,bulundu,https://karacabeybilsem.meb.k12.tr/,2026-10-01T18:36:56.999249+00:00,,Öğrenci Sayısı : 35
Bursa,Karacabey,Karacabey Ertuğrul Gazi İmam Hatip Ortaokulu,761244,İmam Hatip Ortaokulu,https://karacabeyertugrulgazi.meb.k12.tr,,,https://karacabeyertugrulgazi.meb.k12.tr/tema/harita.php,2026-08-31,224,224,bulundu,https://karacabeyertugrulgazi.meb.k12.tr/,2026-10-01T18:36:57.029682+00:00,,Öğrenci Sayısı : 224
Bursa,Karacabey,Karacabey Halk Eğitimi Merkezi,135494,Halk Eğitimi Merkezi,https://karacabeyhem.meb.k12.tr,,,https://karacabeyhem.meb.k12.tr/tema/harita.php,2026-08-31,,,bulunamadi,,2026-10-01T18:36:57.146409+00:00,,
Bursa,Karacabey,Karacabey Mesleki ve Teknik Anadolu Lisesi,135469,Mesleki ve Teknik Anadolu Lisesi,https://karacabeyeml.meb.k12.tr,,,https://karacabeyeml.meb.k12.tr/tema/harita.php,2026-08-31,656,656,bulundu,https://karacabeyeml.meb.k12.tr/,2026-10-01T18:36:57.209306+00:00,,Öğrenci Sayısı 656
Bursa,Karacabey,Karacabey Ortaokulu,715735,Ortaokul,https://karacabeyortaokulu.meb.k12.tr,,,https://karacabeyortaokulu.meb.k12.tr/tema/harita.php,2026-08-31,,,bulunamadi,,2026-10-01T18:36:57.210803+00:00,,
Bursa,Karacabey,Karacabey Rehberlik ve Araştırma Merkezi,763305,Rehberlik ve Araştırma Merkezi,https://karacabeyram.meb.k12.tr,,,https://karacabeyram.meb.k12.tr/tema/harita.php,2026-08-31,,,bulunamadi,,2026-10-01T18:36:57.213947+00:00,,
Bursa,Karacabey,Karacabey Ticaret Borsası Cumhuriyet İlkokulu,976444,İlkokul,https://ktbcumhuriyet.meb.k12.tr,,,https://ktbcumhuriyet.meb.k12.tr/tema/harita.php,2026-08-31,934,934,bulundu,https://ktbcumhuriyet.meb.k12.tr/,2026-10-01T18:36:57.261060+00:00,,Öğrenci Sayısı : 934
Bursa,Karacabey,Karacabey Ticaret Borsası Harmanlı Tarım Mesleki ve Teknik Anadolu Lisesi,765129,Mesleki ve Teknik Anadolu Lisesi,https://ktbharmanli.meb.k12.tr,,,https://ktbharmanli.meb.k12.tr/tema/harita.php,2026-08-31,,,bulunamadi,,2026-10-01T18:36:57.398675+00:00,,
Bursa,Karacabey,Karacabey Ticaret ve Sanayi Odası Mesleki Eğitim Merkezi,135504,Mesleki Eğitim Merkezi,https://karacabeymesem.meb.k12.tr,,,https://karacabeymesem.meb.k12.tr/tema/harita.php,2026-08-31,614,614,bulundu,https://karacabeymesem.meb.k12.tr/,2026-10-01T18:36:57.462592+00:00,,Öğrenci Sayısı : 614
Bursa,Karacabey,Karacabey Ulviye Matlı Fen Lisesi,750300,Fen Lisesi,https://karacabeyfenlisesi.meb.k12.tr,,,https://karacabeyfenlisesi.meb.k12.tr/tema/harita.php,2026-08-31,316,316,bulundu,https://karacabeyfenlisesi.meb.k12.tr/,2026-10-01T18:36:57.483756+00:00,,Öğrenci Sayısı 316
Bursa,Karacabey,Karacabey Özel Eğitim Meslek Okulu,767630,Özel Eğitim Kurumu,https://karacabeyozelegitimmo.meb.k12.tr,,,https://karacabeyozelegitimmo.meb.k12.tr/tema/harita.php,2026-08-31,,,bulunamadi,,2026-10-01T18:36:57.537272+00:00,,
Bursa,Karacabey,Karacabey Öğretmenevi ve Akşam Sanat Okulu,971084,Öğretmenevi,https://karacabeyogretmenevi.meb.k12.tr,,,https://karacabeyogretmenevi.meb.k12.tr/tema/harita.php,2026-08-31,,,bulunamadi,,2026-10-01T18:36:57.597566+00:00,,
Bursa,Karacabey,Karacabey İmam Hatip Ortaokulu,763302,İmam Hatip Ortaokulu,https://karacabeyiho.meb.k12.tr,,,https://karacabeyiho.meb.k12.tr/tema/harita.php,2026-08-31,65,65,bulundu,https://karacabeyiho.meb.k12.tr/,2026-10-01T18:36:57.671606+00:00,,Öğrenci Sayısı 65
Bursa,Karacabey,Karakoca Ortaokulu,716721,Ortaokul,https://karakocaortaokulu.meb.k12.tr,,,https://karakocaortaokulu.meb.k12.tr/tema/harita.php,2026-08-31,39,39,bulundu,https://karakocaortaokulu.meb.k12.tr/,2026-10-01T18:36:57.950268+00:00,,Öğrenci Sayısı 39
Bursa,Karacabey,Karakoca İlkokulu,715680,İlkokul,https://karakocailkokulu.meb.k12.tr,,,https://karakocailkokulu.meb.k12.tr/tema/harita.php,2026-08-31,12,12,bulundu,https://karakocailkokulu.meb.k12.tr/,2026-10-01T18:36:57.988918+00:00,,Öğrenci Sayısı : 12
Bursa,Karacabey,Keşlik Ortaokulu,714240,Ortaokul,https://keslikortaokulu.meb.k12.tr,,,https://keslikortaokulu.meb.k12.tr/tema/harita.php,2026-08-31,38,38,bulundu,https://keslikortaokulu.meb.k12.tr/,2026-10-01T18:36:58.024448+00:00,,Öğrenci Sayısı 38
Bursa,Karacabey,Keşlik İlkokulu,714169,İlkokul,https://keslikilkokulu.meb.k12.tr,,,https://keslikilkokulu.meb.k12.tr/tema/harita.php,2026-08-31,42,42,bulundu,https://keslikilkokulu.meb.k12.tr/,2026-10-01T18:36:58.069947+00:00,,Öğrenci Sayısı 42
Bursa,Karacabey,Kurşunlu İlkokulu,705494,İlkokul,https://karacabeykursunluilkokulu.meb.k12.tr,,,https://karacabeykursunluilkokulu.meb.k12.tr/tema/harita.php,2026-08-31,45,45,bulundu,https://karacabeykursunluilkokulu.meb.k12.tr/,2026-10-01T18:36:58.091471+00:00,,Öğrenci Sayısı : 45
Bursa,Karacabey,Muhsin Yazıcıoğlu Ortaokulu,767413,Ortaokul,https://muhsinyaziciogluoo.meb.k12.tr,,,https://muhsinyaziciogluoo.meb.k12.tr/tema/harita.php,2026-08-31,465,465,bulundu,https://muhsinyaziciogluoo.meb.k12.tr/,2026-10-01T18:36:58.126250+00:00,,Öğrenci Sayısı : 465
Bursa,Karacabey,Muhsin Özdamar Ortaokulu,716779,Ortaokul,https://karacabeymuhsinozdamarort.meb.k12.tr,,,https://karacabeymuhsinozdamarort.meb.k12.tr/tema/harita.php,2026-08-31,246,246,bulundu,https://karacabeymuhsinozdamarort.meb.k12.tr/,2026-10-01T18:36:58.136782+00:00,,Öğrenci Sayısı : 246
Bursa,Karacabey,Murat Hüdavendigar İlkokulu,764289,İlkokul,https://karacabeymurathudavendigario.meb.k12.tr,,,https://karacabeymurathudavendigario.meb.k12.tr/tema/harita.php,2026-08-31,324,324,bulundu,https://karacabeymurathudavendigario.meb.k12.tr/,2026-10-01T18:36:58.550467+00:00,,Öğrenci Sayısı : 324
Bursa,Karacabey,Sadık Yılmaz Ticaret Mesleki ve Teknik Anadolu Lisesi,735871,Mesleki ve Teknik Anadolu Lisesi,https://sadikyilmaztml.meb.k12.tr,,,https://sadikyilmaztml.meb.k12.tr/tema/harita.php,2026-08-31,451,451,bulundu,https://sadikyilmaztml.meb.k12.tr/tema/okulumuz_hakkinda.php,2026-10-01T18:36:58.604460+00:00,,Öğrenci : 451
Bursa,Karacabey,Sarıbey Serkan Argın Ortaokulu,715813,Ortaokul,https://ssaortaokulu.meb.k12.tr,,,https://ssaortaokulu.meb.k12.tr/tema/harita.php,2026-08-31,57,57,bulundu,https://ssaortaokulu.meb.k12.tr/tema/okulumuz_hakkinda.php,2026-10-01T18:36:59.001375+00:00,,Öğrenci : 57
Bursa,Karacabey,Sarıbey Serkan Argın İlkokulu,879391,İlkokul,https://ssailkokulu.meb.k12.tr,,,https://ssailkokulu.meb.k12.tr/tema/harita.php,2026-08-31,88,88,bulundu,https://ssailkokulu.meb.k12.tr/,2026-10-01T18:36:59.075950+00:00,,Öğrenci Sayısı : 88
Bursa,Karacabey,Seyran Ortaokulu,717832,Ortaokul,https://seyranortaokulu.meb.k12.tr,,,https://seyranortaokulu.meb.k12.tr/tema/harita.php,2026-08-31,40,40,bulundu,https://seyranortaokulu.meb.k12.tr/,2026-10-01T18:36:59.097938+00:00,,Öğrenci Sayısı 40
Bursa,Karacabey,Seyran İlkokulu,853499,İlkokul,https://seyranilkokulu.meb.k12.tr,,,https://seyranilkokulu.meb.k12.tr/tema/harita.php,2026-08-31,,,bulunamadi,,2026-10-01T18:36:59.140869+00:00,,
Bursa,Karacabey,Subaşı İlkokulu,766158,İlkokul,https://kbeysubasi.meb.k12.tr,,,https://kbeysubasi.meb.k12.tr/tema/harita.php,2026-08-31,16,16,bulundu,https://kbeysubasi.meb.k12.tr/,2026-10-01T18:36:59.188694+00:00,,Öğrenci Sayısı: 16
Bursa,Karacabey,Sultaniye Ortaokulu,714010,Ortaokul,https://sultaniyeoo.meb.k12.tr,,,https://sultaniyeoo.meb.k12.tr/tema/harita.php,2026-08-31,64,64,bulundu,https://sultaniyeoo.meb.k12.tr/,2026-10-01T18:36:59.249243+00:00,,Öğrenci Sayısı 64
Bursa,Karacabey,Sultaniye İlkokulu,713941,İlkokul,https://sultaniyeio.meb.k12.tr,,,https://sultaniyeio.meb.k12.tr/tema/harita.php,2026-08-31,62,62,bulundu,https://sultaniyeio.meb.k12.tr/,2026-10-01T18:36:59.303993+00:00,,Öğrenci Sayısı 62
Bursa,Karacabey,TOKİ Şehit Yzb. Erhan Kındır İlkokulu,724559,İlkokul,https://tokierhankndr.meb.k12.tr,,,https://tokierhankndr.meb.k12.tr/tema/harita.php,2026-08-31,436,436,bulundu,https://tokierhankndr.meb.k12.tr/,2026-10-01T18:36:59.305799+00:00,,Öğrenci Sayısı 436
Bursa,Karacabey,Ulubatlıhasan İlkokulu,714377,İlkokul,https://ulubatlihasanilkokulukaracabey.meb.k12.tr,,,https://ulubatlihasanilkokulukaracabey.meb.k12.tr/tema/harita.php,2026-08-31,348,348,bulundu,https://ulubatlihasanilkokulukaracabey.meb.k12.tr/,2026-10-01T18:36:59.371799+00:00,,Öğrenci Sayısı 348
Bursa,Karacabey,Ömer Matlı İlkokulu,821991,İlkokul,https://omermatli.meb.k12.tr,,,https://omermatli.meb.k12.tr/tema/harita.php,2026-08-31,725,725,bulundu,https://omermatli.meb.k12.tr/,2026-10-01T18:36:59.467748+00:00,,Öğrenci Sayısı : 725
Bursa,Karacabey,Öztusan İlkokulu,715496,İlkokul,https://oztusanilkokulu.meb.k12.tr,,,https://oztusanilkokulu.meb.k12.tr/tema/harita.php,2026-08-31,33,33,bulundu,https://oztusanilkokulu.meb.k12.tr/,2026-10-01T18:36:59.485888+00:00,,Öğrenci Sayısı 33
Bursa,Karacabey,İstiklal Ortaokulu,713915,Ortaokul,https://istiklalortaokulu.meb.k12.tr,,,https://istiklalortaokulu.meb.k12.tr/tema/harita.php,2026-08-31,467,467,bulundu,https://istiklalortaokulu.meb.k12.tr/,2026-10-01T18:36:59.537300+00:00,,Öğrenci Sayısı 467
Bursa,Karacabey,Şehit Bahadır Tayfur İlkokulu,716132,İlkokul,https://sbtayfurio.meb.k12.tr,,,https://sbtayfurio.meb.k12.tr/tema/harita.php,2026-08-31,579,579,bulundu,https://sbtayfurio.meb.k12.tr/,2026-10-01T18:36:59.586052+00:00,,Öğrenci Sayısı 579
Bursa,Karacabey,Şehit Bilal Kanat Ortaokulu,716871,Ortaokul,https://sehitbilalkanatortaokulu.meb.k12.tr,,,https://sehitbilalkanatortaokulu.meb.k12.tr/tema/harita.php,2026-08-31,33,33,bulundu,https://sehitbilalkanatortaokulu.meb.k12.tr/,2026-10-01T18:36:59.645160+00:00,,Öğrenci Sayısı 33
Bursa,Karacabey,Şehit Bilal Kanat İlkokulu,887878,İlkokul,https://sehitbilalkanatilkokulu.meb.k12.tr,,,https://sehitbilalkanatilkokulu.meb.k12.tr/tema/harita.php,2026-08-31,41,41,bulundu,https://sehitbilalkanatilkokulu.meb.k12.tr/,2026-10-01T18:36:59.618179+00:00,,Öğrenci Sayısı : 41
Bursa,Karacabey,Şehit Jandarma Uzman Çavuş Cemil Turan Ortaokulu,716757,Ortaokul,https://sehitcemilturanoo.meb.k12.tr,,,https://sehitcemilturanoo.meb.k12.tr/tema/harita.php,2026-08-31,99,99,bulundu,https://sehitcemilturanoo.meb.k12.tr/,2026-10-01T18:36:59.634351+00:00,,Öğrenci Sayısı 99
Bursa,Karacabey,Şehit Jandarma Uzman Çavuş Cemil Turan İlkokulu,715788,İlkokul,https://sehitcemilturanio.meb.k12.tr,,,https://sehitcemilturanio.meb.k12.tr/tema/harita.php,2026-08-31,54,54,bulundu,https://sehitcemilturanio.meb.k12.tr/,2026-10-01T18:36:59.887014+00:00,,Öğrenci Sayısı : 54
Bursa,Karacabey,Şehit Serkan Şahin Ortaokulu,713958,Ortaokul,https://serkansahin.meb.k12.tr,,,https://serkansahin.meb.k12.tr/tema/harita.php,2026-08-31,379,379,bulundu,https://serkansahin.meb.k12.tr/,2026-10-01T18:36:59.957013+00:00,,Öğrenci Sayısı 379
Bursa,Karacabey,Şehit Yüzbaşı Atilla Savaş Acarca Ortaokulu,716691,Ortaokul,https://atillaacarca.meb.k12.tr,,,https://atillaacarca.meb.k12.tr/tema/harita.php,2026-08-31,345,345,bulundu,https://atillaacarca.meb.k12.tr/,2026-10-01T18:37:00.054941+00:00,,Öğrenci Sayısı : 345
Bursa,Karacabey,Şehit Özcan Özsoy Kız Anadolu İmam Hatip Lisesi,763109,Anadolu İmam Hatip Lisesi,https://shtozcanozsoykizaihl.meb.k12.tr,,,https://shtozcanozsoykizaihl.meb.k12.tr/tema/harita.php,2026-08-31,306,306,bulundu,https://shtozcanozsoykizaihl.meb.k12.tr/,2026-10-01T18:37:00.056770+00:00,,Öğrenci Sayısı 306
Bursa,Keles,Barakli İlkokulu,713513,İlkokul,https://barakliio.meb.k12.tr,,,https://barakliio.meb.k12.tr/tema/harita.php,2026-08-31,50,50,bulundu,https://barakliio.meb.k12.tr/,2026-10-01T18:37:00.192389+00:00,,Öğrenci Sayısı: 50
Bursa,Keles,Davut Zeki Akpınar Ortaokulu,748369,Ortaokul,https://davutzeki.meb.k12.tr,,,https://davutzeki.meb.k12.tr/tema/harita.php,2026-08-31,171,171,bulundu,https://davutzeki.meb.k12.tr/,2026-10-01T18:37:00.219801+00:00,,Öğrenci Sayısı : 171
Bursa,Keles,Gelemiç İlkokulu,705463,İlkokul,https://gelemic.meb.k12.tr,,,https://gelemic.meb.k12.tr/tema/harita.php,2026-08-31,17,17,bulundu,https://gelemic.meb.k12.tr/,2026-10-01T18:37:00.313183+00:00,,Öğrenci Sayısı: 17
Bursa,Keles,I.Murat İlkokulu,390021,İlkokul,https://birincimurat.meb.k12.tr,,,https://birincimurat.meb.k12.tr/tema/harita.php,2026-08-31,183,183,bulundu,https://birincimurat.meb.k12.tr/,2026-10-01T18:37:00.401084+00:00,,Öğrenci Sayısı: 183
Bursa,Keles,Keles Anadolu İmam Hatip Lisesi,135577,Anadolu İmam Hatip Lisesi,https://kelesihl.meb.k12.tr,,,https://kelesihl.meb.k12.tr/tema/harita.php,2026-08-31,31,31,bulundu,https://kelesihl.meb.k12.tr/,2026-10-01T18:37:00.578932+00:00,,Öğrenci Sayısı 31
Bursa,Keles,Keles Anaokulu,970085,Anaokulu,https://kelesanaokulu.meb.k12.tr,,,https://kelesanaokulu.meb.k12.tr/tema/harita.php,2026-08-31,49,49,bulundu,https://kelesanaokulu.meb.k12.tr/,2026-10-01T18:37:00.694026+00:00,,Öğrenci Sayısı 49
Bursa,Keles,Keles Halk Eğitimi Merkezi,135589,Halk Eğitimi Merkezi,https://keleshem.meb.k12.tr,,,https://keleshem.meb.k12.tr/tema/harita.php,2026-08-31,,,bulunamadi,,2026-10-01T18:37:00.727661+00:00,,
Bursa,Keles,Keles Çok Programlı Anadolu Lisesi,325049,Çok Programlı Anadolu Lisesi,https://kelescpl.meb.k12.tr,,,https://kelescpl.meb.k12.tr/tema/harita.php,2026-08-31,166,166,bulundu,https://kelescpl.meb.k12.tr/,2026-10-01T18:37:00.871878+00:00,,Öğrenci Sayısı : 166
Bursa,Keles,Keles İmam Hatip Ortaokulu,763195,İmam Hatip Ortaokulu,https://kelesiho.meb.k12.tr,,,https://kelesiho.meb.k12.tr/tema/harita.php,2026-08-31,65,65,bulundu,https://kelesiho.meb.k12.tr/,2026-10-01T18:37:00.920412+00:00,,Öğrenci Sayısı : 65
Bursa,Keles,Kıranışıklar Ortaokulu,713773,Ortaokul,https://kiranisiklarortaokulu.meb.k12.tr,,,https://kiranisiklarortaokulu.meb.k12.tr/tema/harita.php,2026-08-31,22,22,bulundu,https://kiranisiklarortaokulu.meb.k12.tr/,2026-10-01T18:37:00.923292+00:00,,Öğrenci Sayısı : 22
Bursa,Keles,Kıranışıklar İlkokulu,713720,İlkokul,https://kiranisiklarilkokulu.meb.k12.tr,,,https://kiranisiklarilkokulu.meb.k12.tr/tema/harita.php,2026-08-31,25,25,bulundu,https://kiranisiklarilkokulu.meb.k12.tr/,2026-10-01T18:37:00.993836+00:00,,Öğrenci Sayısı : 25
Bursa,Keles,Sorgun İlkokulu,705457,İlkokul,https://sorgunilkokulu.meb.k12.tr,,,https://sorgunilkokulu.meb.k12.tr/tema/harita.php,2026-08-31,,,bulunamadi,,2026-10-01T18:37:01.020275+00:00,,
Bursa,Kestel,Atatürk İlkokulu,377496,İlkokul,https://kestelataturk.meb.k12.tr,,,https://kestelataturk.meb.k12.tr/tema/harita.php,2026-08-31,906,906,bulundu,https://kestelataturk.meb.k12.tr/,2026-10-01T18:37:01.208065+00:00,,Öğrenci Sayısı : 906
Bursa,Kestel,Babasultan Ortaokulu,710473,Ortaokul,https://bsmco.meb.k12.tr,,,https://bsmco.meb.k12.tr/tema/harita.php,2026-08-31,45,45,bulundu,https://bsmco.meb.k12.tr/,2026-10-01T18:37:01.271320+00:00,,Öğrenci Sayısı 45
Bursa,Kestel,Babasultan İlkokulu,710390,İlkokul,https://bsmci.meb.k12.tr,,,https://bsmci.meb.k12.tr/tema/harita.php,2026-08-31,76,76,bulundu,https://bsmci.meb.k12.tr/,2026-10-01T18:37:01.427860+00:00,,Öğrenci Sayısı: 76
Bursa,Kestel,Barakfakih Ortaokulu,710293,Ortaokul,https://barakfakihortaokulu.meb.k12.tr,,,https://barakfakihortaokulu.meb.k12.tr/tema/harita.php,2026-08-31,97,97,bulundu,https://barakfakihortaokulu.meb.k12.tr/,2026-10-01T18:37:01.676906+00:00,,Öğrenci Sayısı 97
Bursa,Kestel,Barakfakih Özel Eğitim Uygulama Okulu III. Kademe,771339,Özel Eğitim Kurumu,https://barakfakihozelegitim.meb.k12.tr,,,https://barakfakihozelegitim.meb.k12.tr/tema/harita.php,2026-08-31,22,22,bulundu,https://barakfakihozelegitim.meb.k12.tr/,2026-10-01T18:37:01.699770+00:00,,Öğrenci Sayısı : 22
Bursa,Kestel,Barakfakih İlkokulu,710262,İlkokul,https://barakfakihilkokulu.meb.k12.tr,,,https://barakfakihilkokulu.meb.k12.tr/tema/harita.php,2026-08-31,120,120,bulundu,https://barakfakihilkokulu.meb.k12.tr/,2026-10-01T18:37:01.755924+00:00,,Öğrenci Sayısı 120
Bursa,Kestel,Bursa Kestel Musa Amca Öğretmenevi Akşam Sanat Okulu,971089,Öğretmenevi,https://musaamcaogretmenevi.meb.k12.tr,,,https://musaamcaogretmenevi.meb.k12.tr/tema/harita.php,2026-08-31,,,bulunamadi,,2026-10-01T18:37:01.802317+00:00,,
Bursa,Kestel,Bursa Çimento Mesleki ve Teknik Anadolu Lisesi,250807,Mesleki ve Teknik Anadolu Lisesi,https://bcfeml.meb.k12.tr,,,https://bcfeml.meb.k12.tr/tema/harita.php,2026-08-31,1063,1063,bulundu,https://bcfeml.meb.k12.tr/tema/okulumuz_hakkinda.php,2026-10-01T18:37:01.805459+00:00,,Öğrenci : 1063
Bursa,Kestel,Cumhuriyet İlkokulu,975305,İlkokul,https://kestelcumhuriyetilkokulu.meb.k12.tr,,,https://kestelcumhuriyetilkokulu.meb.k12.tr/tema/harita.php,2026-08-31,623,623,bulundu,https://kestelcumhuriyetilkokulu.meb.k12.tr/,2026-10-01T18:37:01.821228+00:00,,Öğrenci Sayısı : 623
Bursa,Kestel,Derekızık İlkokulu,705452,İlkokul,https://derekizikilkokulu.meb.k12.tr,,,https://derekizikilkokulu.meb.k12.tr/tema/harita.php,2026-08-31,15,15,bulundu,https://derekizikilkokulu.meb.k12.tr/,2026-10-01T18:37:01.825685+00:00,,Öğrenci Sayısı: 15
Bursa,Kestel,Erdoğan Ortaokulu,710613,Ortaokul,https://kestelerdoganoo.meb.k12.tr,,,https://kestelerdoganoo.meb.k12.tr/tema/harita.php,2026-08-31,74,74,bulundu,https://kestelerdoganoo.meb.k12.tr/,2026-10-01T18:37:02.065254+00:00,,Öğrenci Sayısı : 74
Bursa,Kestel,Erdoğan İlkokulu,431115,İlkokul,https://kestelerdoganio.meb.k12.tr,,,https://kestelerdoganio.meb.k12.tr/tema/harita.php,2026-08-31,69,69,bulundu,https://kestelerdoganio.meb.k12.tr/,2026-10-01T18:37:02.789095+00:00,,Öğrenci Sayısı : 69
Bursa,Kestel,Gölcük İlkokulu,705453,İlkokul,https://705453.meb.k12.tr,,,https://705453.meb.k12.tr/tema/harita.php,2026-08-31,22,22,bulundu,https://705453.meb.k12.tr/,2026-10-01T18:37:02.841669+00:00,,Öğrenci Sayısı : 22
Bursa,Kestel,Hasan Coşkun Anadolu Lisesi,325324,Anadolu Lisesi,https://hasancoskunanadolulisesi.meb.k12.tr,,,https://hasancoskunanadolulisesi.meb.k12.tr/tema/harita.php,2026-08-31,,136 | 515,celiskili,https://hasancoskunanadolulisesi.meb.k12.tr/tema/okulumuz_hakkinda.php,2026-10-01T18:37:02.847464+00:00,,136 öğrenci | Öğrenci : 515
Bursa,Kestel,KESTEL BEŞEVLER ORTAOKULU,765612,Ortaokul,https://kestelbesevlerortaokulu.meb.k12.tr,,,https://kestelbesevlerortaokulu.meb.k12.tr/tema/harita.php,2026-08-31,796,796,bulundu,https://kestelbesevlerortaokulu.meb.k12.tr/,2026-10-01T18:37:02.853788+00:00,,Öğrenci Sayısı : 796
Bursa,Kestel,Kestel Anaokulu,970579,Anaokulu,https://kestelanaokulu.meb.k12.tr,,,https://kestelanaokulu.meb.k12.tr/tema/harita.php,2026-08-31,132,132,bulundu,https://kestelanaokulu.meb.k12.tr/,2026-10-01T18:37:02.937805+00:00,,Öğrenci Sayısı: 132
Bursa,Kestel,Kestel Belediyesi Esentepe İlkokulu,710771,İlkokul,https://kestelesentepe.meb.k12.tr,,,https://kestelesentepe.meb.k12.tr/tema/harita.php,2026-08-31,465,465,bulundu,https://kestelesentepe.meb.k12.tr/,2026-10-01T18:37:03.045293+00:00,,Öğrenci Sayısı : 465
Bursa,Kestel,Kestel Bilim ve Sanat Merkezi,768931,Bilim ve Sanat Merkezi,https://kestelbilsem.meb.k12.tr,,,https://kestelbilsem.meb.k12.tr/tema/harita.php,2026-08-31,65,65,bulundu,https://kestelbilsem.meb.k12.tr/,2026-10-01T18:37:03.047667+00:00,,Öğrenci Sayısı 65
Bursa,Kestel,Kestel Halk Eğitimi Merkezi,348048,Halk Eğitimi Merkezi,https://kestelhem.meb.k12.tr,,,https://kestelhem.meb.k12.tr/tema/harita.php,2026-08-31,,,bulunamadi,,2026-10-01T18:37:03.222787+00:00,,
Bursa,Kestel,Kestel Hasan Aslanoba Anadolu Lisesi,714607,Anadolu Lisesi,https://hasanaslanobaal.meb.k12.tr,,,https://hasanaslanobaal.meb.k12.tr/tema/harita.php,2026-08-31,815,815,bulundu,https://hasanaslanobaal.meb.k12.tr/,2026-10-01T18:37:03.237673+00:00,,Öğrenci Sayısı : 815
Bursa,Kestel,Kestel Kız Anadolu İmam Hatip Lisesi,760610,Anadolu İmam Hatip Lisesi,https://kestelkizanadoluihl.meb.k12.tr,,,https://kestelkizanadoluihl.meb.k12.tr/tema/harita.php,2026-08-31,640,640,bulundu,https://kestelkizanadoluihl.meb.k12.tr/,2026-10-01T18:37:03.253953+00:00,,Öğrenci Sayısı : 640
Bursa,Kestel,Kestel Mehmet Akif Ersoy İlkokulu,765611,İlkokul,https://kmaeilkokulu.meb.k12.tr,,,https://kmaeilkokulu.meb.k12.tr/tema/harita.php,2026-08-31,620,620,bulundu,https://kmaeilkokulu.meb.k12.tr/,2026-10-01T18:37:03.290751+00:00,,Öğrenci Sayısı 620
Bursa,Kestel,Kestel Nuri Erbak Anaokulu,774489,Anaokulu,https://nurierbakanaokulu.meb.k12.tr,,,https://nurierbakanaokulu.meb.k12.tr/tema/harita.php,2026-08-31,229,229,bulundu,https://nurierbakanaokulu.meb.k12.tr/,2026-10-01T18:37:03.296041+00:00,,Öğrenci Sayısı 229
Bursa,Kestel,Kestel Rehberlik ve Araştırma Merkezi,767403,Rehberlik ve Araştırma Merkezi,https://kestelram.meb.k12.tr,,,https://kestelram.meb.k12.tr/tema/harita.php,2026-08-31,,,bulunamadi,,2026-10-01T18:37:03.353178+00:00,,
Bursa,Kestel,Kestel Yunus Emre İlkokulu,767899,İlkokul,https://kyemreilkokulu.meb.k12.tr,,,https://kyemreilkokulu.meb.k12.tr/tema/harita.php,2026-08-31,326,326,bulundu,https://kyemreilkokulu.meb.k12.tr/,2026-10-01T18:37:03.366750+00:00,,Öğrenci Sayısı: 326
Bursa,Kestel,Musa Amca İlkokulu,975321,İlkokul,https://musaamcailkokulu.meb.k12.tr,,,https://musaamcailkokulu.meb.k12.tr/tema/harita.php,2026-08-31,595,595,bulundu,https://musaamcailkokulu.meb.k12.tr/,2026-10-01T18:37:03.565949+00:00,,Öğrenci Sayısı : 595
Bursa,Kestel,Mustafa Tunalı İmam Hatip Ortaokulu,763988,İmam Hatip Ortaokulu,https://mustafatunaliho.meb.k12.tr,,,https://mustafatunaliho.meb.k12.tr/tema/harita.php,2026-08-31,381,381,bulundu,https://mustafatunaliho.meb.k12.tr/,2026-10-01T18:37:03.701055+00:00,,Öğrenci Sayısı 381
Bursa,Kestel,Narlıdere Özel Eğitim Uygulama Okulu I. Kademe,763995,Özel Eğitim Kurumu,https://narlidereozelegitim.meb.k12.tr,,,https://narlidereozelegitim.meb.k12.tr/tema/harita.php,2026-08-31,5,5,bulundu,https://narlidereozelegitim.meb.k12.tr/,2026-10-01T18:37:03.735147+00:00,,Öğrenci Sayısı 5
Bursa,Kestel,Narlıdere Özel Eğitim Uygulama Okulu II. Kademe,763996,Özel Eğitim Kurumu,https://narlidereozelegitimuygulamamerk.meb.k12.tr,,,https://narlidereozelegitimuygulamamerk.meb.k12.tr/tema/harita.php,2026-08-31,8,8,bulundu,https://narlidereozelegitimuygulamamerk.meb.k12.tr/,2026-10-01T18:37:03.757793+00:00,,Öğrenci Sayısı 8
Bursa,Kestel,Toplu Konutlar Ortaokulu,710592,Ortaokul,https://toplukonutlar.meb.k12.tr,,,https://toplukonutlar.meb.k12.tr/tema/harita.php,2026-08-31,1039,1039,bulundu,https://toplukonutlar.meb.k12.tr/,2026-10-01T18:37:03.853524+00:00,,Öğrenci Sayısı 1039
Bursa,Kestel,Uludağ Anadolu İmam Hatip Lisesi,768153,Anadolu İmam Hatip Lisesi,https://uludagaihl.meb.k12.tr,,,https://uludagaihl.meb.k12.tr/tema/harita.php,2026-08-31,572,572,bulundu,https://uludagaihl.meb.k12.tr/,2026-10-01T18:37:03.971917+00:00,,Öğrenci Sayısı 572
Bursa,Kestel,Vani Mehmet Anadolu İmam Hatip Lisesi,760608,Anadolu İmam Hatip Lisesi,https://vanimehmetanadoluihl.meb.k12.tr,,,https://vanimehmetanadoluihl.meb.k12.tr/tema/harita.php,2026-08-31,585,585,bulundu,https://vanimehmetanadoluihl.meb.k12.tr/,2026-10-01T18:37:03.984732+00:00,,Öğrenci Sayısı : 585
Bursa,Kestel,Yenimahalle İlkokulu,340746,İlkokul,https://kestelyenimahalle.meb.k12.tr,,,https://kestelyenimahalle.meb.k12.tr/tema/harita.php,2026-08-31,779,779,bulundu,https://kestelyenimahalle.meb.k12.tr/,2026-10-01T18:37:04.005284+00:00,,Öğrenci Sayısı 779
Bursa,Kestel,Çataltepe Ortaokulu,724112,Ortaokul,https://kestelcataltepeortaokulu.meb.k12.tr,,,https://kestelcataltepeortaokulu.meb.k12.tr/tema/harita.php,2026-08-31,56,56,bulundu,https://kestelcataltepeortaokulu.meb.k12.tr/tema/okulumuz_hakkinda.php,2026-10-01T18:37:04.092800+00:00,,Öğrenci : 56
Bursa,Kestel,Çataltepe İlkokulu,977055,İlkokul,https://catatepeilkokulu.meb.k12.tr,,,https://catatepeilkokulu.meb.k12.tr/tema/harita.php,2026-08-31,74,74,bulundu,https://catatepeilkokulu.meb.k12.tr/,2026-10-01T18:37:04.119809+00:00,,Öğrenci Sayısı : 74
Bursa,Kestel,Ümitalan İlkokulu,710319,İlkokul,https://710319.meb.k12.tr,,,https://710319.meb.k12.tr/tema/harita.php,2026-08-31,19,19,bulundu,https://710319.meb.k12.tr/,2026-10-01T18:37:04.228776+00:00,,Öğrenci Sayısı 19
Bursa,Kestel,Şehit Emre Karaaslan Kız Mesleki ve Teknik Anadolu Lisesi,971666,Mesleki ve Teknik Anadolu Lisesi,https://sehitemrekaraaslanmtal.meb.k12.tr,,,https://sehitemrekaraaslanmtal.meb.k12.tr/tema/harita.php,2026-08-31,935,935,bulundu,https://sehitemrekaraaslanmtal.meb.k12.tr/,2026-10-01T18:37:04.474300+00:00,,Öğrenci Sayısı 935
Bursa,Kestel,Şehit Mustafa Kurt Ortaokulu,975330,Ortaokul,https://sehitmustafakurtortaokulu.meb.k12.tr,,,https://sehitmustafakurtortaokulu.meb.k12.tr/tema/harita.php,2026-08-31,771,771,bulundu,https://sehitmustafakurtortaokulu.meb.k12.tr/,2026-10-01T18:37:04.539437+00:00,,Öğrenci Sayısı 771
Bursa,Kestel,Şehit Polis İsmail Özbek Ortaokulu,710819,Ortaokul,https://ismailozbekortaokulu.meb.k12.tr,,,https://ismailozbekortaokulu.meb.k12.tr/tema/harita.php,2026-08-31,530,530,bulundu,https://ismailozbekortaokulu.meb.k12.tr/,2026-10-01T18:37:04.569037+00:00,,Öğrenci Sayısı : 530
Bursa,Mudanya,12 Eylül İlkokulu,704933,İlkokul,https://mudanya12eylulilkokulu.meb.k12.tr,,,https://mudanya12eylulilkokulu.meb.k12.tr/tema/harita.php,2026-08-31,457,457,bulundu,https://mudanya12eylulilkokulu.meb.k12.tr/,2026-10-01T18:37:04.589020+00:00,,Öğrenci Sayısı : 457
Bursa,Mudanya,Ahmet Rüştü Anadolu Lisesi,135624,Anadolu Lisesi,https://maral.meb.k12.tr,,,https://maral.meb.k12.tr/tema/harita.php,2026-08-31,637,637,bulundu,https://maral.meb.k12.tr/,2026-10-01T18:37:04.771999+00:00,,Öğrenci Sayısı : 637
Bursa,Mudanya,Akköy İlkokulu,704848,İlkokul,https://akkoymudanya.meb.k12.tr,,,https://akkoymudanya.meb.k12.tr/tema/harita.php,2026-08-31,14,14,bulundu,https://akkoymudanya.meb.k12.tr/,2026-10-01T18:37:04.890609+00:00,,Öğrenci Sayısı : 14
Bursa,Mudanya,Atatürk Ortaokulu,705354,Ortaokul,https://mudanyaataturkortaokulu.meb.k12.tr,,,https://mudanyaataturkortaokulu.meb.k12.tr/tema/harita.php,2026-08-31,877,877,bulundu,https://mudanyaataturkortaokulu.meb.k12.tr/,2026-10-01T18:37:04.929767+00:00,,Öğrenci Sayısı : 877
Bursa,Mudanya,Cafer Yener İlkokulu,952456,İlkokul,https://caferyener.meb.k12.tr,,,https://caferyener.meb.k12.tr/tema/harita.php,2026-08-31,604,604,bulundu,https://caferyener.meb.k12.tr/,2026-10-01T18:37:05.386643+00:00,,Öğrenci Sayısı : 604
Bursa,Mudanya,Dereköy Ortaokulu,710397,Ortaokul,https://mudanyaderekoyortaokulu.meb.k12.tr,,,https://mudanyaderekoyortaokulu.meb.k12.tr/tema/harita.php,2026-08-31,42,42,bulundu,https://mudanyaderekoyortaokulu.meb.k12.tr/,2026-10-01T18:37:05.415930+00:00,,Öğrenci Sayısı 42
Bursa,Mudanya,Dereköy İlkokulu,377663,İlkokul,https://mudanyaderekoy.meb.k12.tr,,,https://mudanyaderekoy.meb.k12.tr/tema/harita.php,2026-08-31,58,58,bulundu,https://mudanyaderekoy.meb.k12.tr/,2026-10-01T18:37:05.454950+00:00,,Öğrenci Sayısı : 58
Bursa,Mudanya,Eren Sözal Ortaokulu,725657,Ortaokul,https://erensozalortaokulu.meb.k12.tr,,,https://erensozalortaokulu.meb.k12.tr/tema/harita.php,2026-08-31,65,65,bulundu,https://erensozalortaokulu.meb.k12.tr/,2026-10-01T18:37:05.478743+00:00,,Öğrenci Sayısı 65
Bursa,Mudanya,Esence Süleyman Avcı Ortaokulu,710541,Ortaokul,https://esencesuleymanavciortaokulu.meb.k12.tr,,,https://esencesuleymanavciortaokulu.meb.k12.tr/tema/harita.php,2026-08-31,41,41,bulundu,https://esencesuleymanavciortaokulu.meb.k12.tr/,2026-10-01T18:37:05.492655+00:00,,Öğrenci Sayısı 41
Bursa,Mudanya,Esence Süleyman Avcı İlkokulu,710505,İlkokul,https://esencesuleymanavciilkokulu.meb.k12.tr,,,https://esencesuleymanavciilkokulu.meb.k12.tr/tema/harita.php,2026-08-31,50,50,bulundu,https://esencesuleymanavciilkokulu.meb.k12.tr/,2026-10-01T18:37:05.502986+00:00,,Öğrenci Sayısı : 50
Bursa,Mudanya,Güzelyalı Anaokulu,885732,Anaokulu,https://mudanyaguzelyalianaokulu.meb.k12.tr,,,https://mudanyaguzelyalianaokulu.meb.k12.tr/tema/harita.php,2026-08-31,235,235,bulundu,https://mudanyaguzelyalianaokulu.meb.k12.tr/,2026-10-01T18:37:05.511047+00:00,,Öğrenci Sayısı : 235
Bursa,Mudanya,Güzelyalı İlkokulu,763271,İlkokul,https://mudanyaguzelyaliilkokulu.meb.k12.tr,,,https://mudanyaguzelyaliilkokulu.meb.k12.tr/tema/harita.php,2026-08-31,449,449,bulundu,https://mudanyaguzelyaliilkokulu.meb.k12.tr/,2026-10-01T18:37:05.618793+00:00,,Öğrenci Sayısı 449
Bursa,Mudanya,Hasköy Ortaokulu,725671,Ortaokul,https://mudanyahaskoyortaokulu.meb.k12.tr,,,https://mudanyahaskoyortaokulu.meb.k12.tr/tema/harita.php,2026-08-31,109,109,bulundu,https://mudanyahaskoyortaokulu.meb.k12.tr/,2026-10-01T18:37:06.021791+00:00,,Öğrenci Sayısı 109
Bursa,Mudanya,Hasköy İlkokulu,361950,İlkokul,https://mudanyahaskoyilkokulu.meb.k12.tr,,,https://mudanyahaskoyilkokulu.meb.k12.tr/tema/harita.php,2026-08-31,117,117,bulundu,https://mudanyahaskoyilkokulu.meb.k12.tr/,2026-10-01T18:37:06.435975+00:00,,Öğrenci Sayısı: 117
Bursa,Mudanya,Hatice-İsmail Hakkı Kayan Ortaokulu,710257,Ortaokul,https://haticeismailhakkikayanortaokulu.meb.k12.tr,,,https://haticeismailhakkikayanortaokulu.meb.k12.tr/tema/harita.php,2026-08-31,659,659,bulundu,https://haticeismailhakkikayanortaokulu.meb.k12.tr/,2026-10-01T18:37:06.451347+00:00,,Öğrenci Sayısı : 659
Bursa,Mudanya,M.Zeki Yazıcı Ortaokulu,710476,Ortaokul,https://mehmetzekiyaziciortaokulu.meb.k12.tr,,,https://mehmetzekiyaziciortaokulu.meb.k12.tr/tema/harita.php,2026-08-31,96,96,bulundu,https://mehmetzekiyaziciortaokulu.meb.k12.tr/,2026-10-01T18:37:06.724451+00:00,,Öğrenci Sayısı : 96
Bursa,Mudanya,M.Zeki Yazıcı İlkokulu,431392,İlkokul,https://mehmetzekiyaziciilkokulu.meb.k12.tr,,,https://mehmetzekiyaziciilkokulu.meb.k12.tr/tema/harita.php,2026-08-31,152,152,bulundu,https://mehmetzekiyaziciilkokulu.meb.k12.tr/,2026-10-01T18:37:06.771040+00:00,,Öğrenci Sayısı : 152
Bursa,Mudanya,Mudanya Anadolu İmam Hatip Lisesi,135648,Anadolu İmam Hatip Lisesi,https://maihl.meb.k12.tr,,,https://maihl.meb.k12.tr/tema/harita.php,2026-08-31,302,302,bulundu,https://maihl.meb.k12.tr/,2026-10-01T18:37:06.817521+00:00,,Öğrenci Sayısı 302
Bursa,Mudanya,Mudanya Dörtçelik Mesleki ve Teknik Anadolu Lisesi,907061,Mesleki ve Teknik Anadolu Lisesi,https://mudanyadortcelik.meb.k12.tr,,,https://mudanyadortcelik.meb.k12.tr/tema/harita.php,2026-08-31,809,809,bulundu,https://mudanyadortcelik.meb.k12.tr/,2026-10-01T18:37:06.911114+00:00,,Öğrenci Sayısı : 809
Bursa,Mudanya,Mudanya Güzelyalı Anadolu Lisesi,767315,Anadolu Lisesi,https://guzelyalianadolulisesi.meb.k12.tr,,,https://guzelyalianadolulisesi.meb.k12.tr/tema/harita.php,2026-08-31,576,576,bulundu,https://guzelyalianadolulisesi.meb.k12.tr/,2026-10-01T18:37:06.913517+00:00,,Öğrenci Sayısı 576
Bursa,Mudanya,Mudanya Güzelyalı İmam Hatip Ortaokulu,766424,İmam Hatip Ortaokulu,https://guzelyaliimamhatip.meb.k12.tr,,,https://guzelyaliimamhatip.meb.k12.tr/tema/harita.php,2026-08-31,100,100,bulundu,https://guzelyaliimamhatip.meb.k12.tr/,2026-10-01T18:37:06.935903+00:00,,Öğrenci Sayısı 100
Bursa,Mudanya,Mudanya Halitpaşa Ortaokulu,768721,Ortaokul,https://mudanyahalitpasa.meb.k12.tr,,,https://mudanyahalitpasa.meb.k12.tr/tema/harita.php,2026-08-31,655,655,bulundu,https://mudanyahalitpasa.meb.k12.tr/,2026-10-01T18:37:07.046905+00:00,,Öğrenci Sayısı : 655
Bursa,Mudanya,Mudanya Halk Eğitimi Merkezi,135661,Halk Eğitimi Merkezi,https://mudanyahem.meb.k12.tr,,,https://mudanyahem.meb.k12.tr/tema/harita.php,2026-08-31,,,bulunamadi,,2026-10-01T18:37:07.172095+00:00,,
Bursa,Mudanya,Mudanya Rehberlik ve Araştırma Merkezi,769438,Rehberlik ve Araştırma Merkezi,https://mudanyaram.meb.k12.tr,,,https://mudanyaram.meb.k12.tr/tema/harita.php,2026-08-31,,,bulunamadi,,2026-10-01T18:37:07.205750+00:00,,
Bursa,Mudanya,Mudanya Sami Evkuran Anadolu Lisesi,317763,Anadolu Lisesi,https://samievkuranal.meb.k12.tr,,,https://samievkuranal.meb.k12.tr/tema/harita.php,2026-08-31,512,512,bulundu,https://samievkuranal.meb.k12.tr/,2026-10-01T18:37:07.281903+00:00,,Öğrenci Sayısı : 512
Bursa,Mudanya,Mudanya Turizm Mesleki ve Teknik Anadolu Lisesi,751191,Mesleki ve Teknik Anadolu Lisesi,https://mudanyamtal.meb.k12.tr,,,https://mudanyamtal.meb.k12.tr/tema/harita.php,2026-08-31,479,479,bulundu,https://mudanyamtal.meb.k12.tr/tema/okulumuz_hakkinda.php,2026-10-01T18:37:07.287668+00:00,,Öğrenci : 479
Bursa,Mudanya,Mudanya Öğretmenevi ve Akşam Sanat Okulu Müdürlüğü,753005,Öğretmenevi,https://mudanyaogretmenevi.meb.k12.tr,,,https://mudanyaogretmenevi.meb.k12.tr/tema/harita.php,2026-08-31,,,bulunamadi,,2026-10-01T18:37:07.309762+00:00,,
Bursa,Mudanya,Mudanya İmam Hatip Ortaokulu,757773,İmam Hatip Ortaokulu,https://miho.meb.k12.tr,,,https://miho.meb.k12.tr/tema/harita.php,2026-08-31,190,190,bulundu,https://miho.meb.k12.tr/,2026-10-01T18:37:07.317600+00:00,,Öğrenci Sayısı : 190
Bursa,Mudanya,Mürsel Mesleki ve Teknik Anadolu Lisesi,748780,Mesleki ve Teknik Anadolu Lisesi,https://murselmtal.meb.k12.tr,,,https://murselmtal.meb.k12.tr/tema/harita.php,2026-08-31,519,519,bulundu,https://murselmtal.meb.k12.tr/,2026-10-01T18:37:07.324919+00:00,,Öğrenci Sayısı : 519
Bursa,Mudanya,Mütareke İlkokulu,710776,İlkokul,https://mutarekeilkokulu.meb.k12.tr,,,https://mutarekeilkokulu.meb.k12.tr/tema/harita.php,2026-08-31,543,543,bulundu,https://mutarekeilkokulu.meb.k12.tr/,2026-10-01T18:37:07.342118+00:00,,Öğrenci Sayısı : 543
Bursa,Mudanya,Necla Orhan Ortaokulu,710580,Ortaokul,https://neclaorhanortaokulu.meb.k12.tr,,,https://neclaorhanortaokulu.meb.k12.tr/tema/harita.php,2026-08-31,140,140,bulundu,https://neclaorhanortaokulu.meb.k12.tr/,2026-10-01T18:37:07.499811+00:00,,Öğrenci Sayısı 140
Bursa,Mudanya,Necla Orhan İlkokulu,887492,İlkokul,https://neclaorhan.meb.k12.tr,,,https://neclaorhan.meb.k12.tr/tema/harita.php,2026-08-31,217,217,bulundu,https://neclaorhan.meb.k12.tr/,2026-10-01T18:37:07.556232+00:00,,Öğrenci Sayısı : 217
Bursa,Mudanya,Turhan Tayan Anadolu Lisesi,970494,Anadolu Lisesi,https://ttal.meb.k12.tr,,,https://ttal.meb.k12.tr/tema/harita.php,2026-08-31,595,595,bulundu,https://ttal.meb.k12.tr/,2026-10-01T18:37:07.589402+00:00,,Öğrenci Sayısı 595
Bursa,Mudanya,Zeytinbağı İlkokulu,710274,İlkokul,https://zeytinbagiilkokul.meb.k12.tr,,,https://zeytinbagiilkokul.meb.k12.tr/tema/harita.php,2026-08-31,63,63,bulundu,https://zeytinbagiilkokul.meb.k12.tr/,2026-10-01T18:37:07.763410+00:00,,Öğrenci Sayısı : 63
Bursa,Mudanya,Çayönü Ortaokulu,710712,Ortaokul,https://cayonuorta.meb.k12.tr,,,https://cayonuorta.meb.k12.tr/tema/harita.php,2026-08-31,44,44,bulundu,https://cayonuorta.meb.k12.tr/,2026-10-01T18:37:08.016837+00:00,,Öğrenci Sayısı 44
Bursa,Mudanya,Çayönü İlkokulu,710684,İlkokul,https://cayonuilk.meb.k12.tr,,,https://cayonuilk.meb.k12.tr/tema/harita.php,2026-08-31,47,47,bulundu,https://cayonuilk.meb.k12.tr/,2026-10-01T18:37:08.156596+00:00,,Öğrenci Sayısı: 47
Bursa,Mudanya,Çepni İlkokulu,704673,İlkokul,https://mudanyacepniilkokulu.meb.k12.tr,,,https://mudanyacepniilkokulu.meb.k12.tr/tema/harita.php,2026-08-31,22,22,bulundu,https://mudanyacepniilkokulu.meb.k12.tr/,2026-10-01T18:37:08.165391+00:00,,Öğrenci Sayısı 22
Bursa,Mudanya,Ülkü Köyü Ortaokulu,285414,Ortaokul,https://ulkukoyu.meb.k12.tr,,,https://ulkukoyu.meb.k12.tr/tema/harita.php,2026-08-31,110,110,bulundu,https://ulkukoyu.meb.k12.tr/tema/okulumuz_hakkinda.php,2026-10-01T18:37:08.270189+00:00,,Öğrenci : 110
Bursa,Mudanya,Ülkü Köyü İlkokulu,704361,İlkokul,https://ulkukoyuio.meb.k12.tr,,,https://ulkukoyuio.meb.k12.tr/tema/harita.php,2026-08-31,88,88,bulundu,https://ulkukoyuio.meb.k12.tr/,2026-10-01T18:37:08.272520+00:00,,Öğrenci Sayısı 88
Bursa,Mudanya,İkbal-Betül Ali İhsan Çilingiroğlu Ortaokulu,724173,Ortaokul,https://cilingirogluortaokulu.meb.k12.tr,,,https://cilingirogluortaokulu.meb.k12.tr/tema/harita.php,2026-08-31,776,776,bulundu,https://cilingirogluortaokulu.meb.k12.tr/,2026-10-01T18:37:08.284860+00:00,,Öğrenci Sayısı : 776
Bursa,Mudanya,Şehit Cüneyt Bursa Kız Anadolu İmam Hatip Lisesi,762163,Anadolu İmam Hatip Lisesi,https://scbkaihl.meb.k12.tr,,,https://scbkaihl.meb.k12.tr/tema/harita.php,2026-08-31,121,121,bulundu,https://scbkaihl.meb.k12.tr/,2026-10-01T18:37:08.296462+00:00,,Öğrenci Sayısı 121
Bursa,Mudanya,Şehit Tunahan Yavuz İlkokulu,774982,İlkokul,https://774982.meb.k12.tr,,,https://774982.meb.k12.tr/tema/harita.php,2026-08-31,315,315,bulundu,https://774982.meb.k12.tr/,2026-10-01T18:37:08.447960+00:00,,Öğrenci Sayısı : 315
Bursa,Mudanya,Şükrü Çavuş Sait Eroğlu İlkokulu,704888,İlkokul,https://sukrucavussaiterogluilkokulu.meb.k12.tr,,,https://sukrucavussaiterogluilkokulu.meb.k12.tr/tema/harita.php,2026-08-31,822,822,bulundu,https://sukrucavussaiterogluilkokulu.meb.k12.tr/,2026-10-01T18:37:08.793535+00:00,,Öğrenci Sayısı : 822
Bursa,Mustafakemalpaşa,14 Eylül İlkokulu,709142,İlkokul,https://mkp14eylulio.meb.k12.tr,,,https://mkp14eylulio.meb.k12.tr/tema/harita.php,2026-08-31,,,bulunamadi,,2026-10-01T18:37:08.827855+00:00,,
Bursa,Mustafakemalpaşa,Adaköy İlkokulu,709067,İlkokul,https://mkpadakoyilkokulu.meb.k12.tr,,,https://mkpadakoyilkokulu.meb.k12.tr/tema/harita.php,2026-08-31,11,11,bulundu,https://mkpadakoyilkokulu.meb.k12.tr/,2026-10-01T18:37:08.889021+00:00,,Öğrenci Sayısı: 11
Bursa,Mustafakemalpaşa,Akşemsettin Mesleki ve Teknik Anadolu Lisesi,962888,Mesleki ve Teknik Anadolu Lisesi,https://mkpaksmtal.meb.k12.tr,,,https://mkpaksmtal.meb.k12.tr/tema/harita.php,2026-08-31,303,303,bulundu,https://mkpaksmtal.meb.k12.tr/,2026-10-01T18:37:08.903462+00:00,,Öğrenci Sayısı 303
Bursa,Mustafakemalpaşa,Alpağut İlkokulu,430840,İlkokul,https://mkpalpagutilkokulu.meb.k12.tr,,,https://mkpalpagutilkokulu.meb.k12.tr/tema/harita.php,2026-08-31,39,39,bulundu,https://mkpalpagutilkokulu.meb.k12.tr/,2026-10-01T18:37:08.917975+00:00,,Öğrenci Sayısı : 39
Bursa,Mustafakemalpaşa,Atatürk Ortaokulu,708833,Ortaokul,https://mkpataturkortaokulu.meb.k12.tr,,,https://mkpataturkortaokulu.meb.k12.tr/tema/harita.php,2026-08-31,754,754,bulundu,https://mkpataturkortaokulu.meb.k12.tr/,2026-10-01T18:37:09.226047+00:00,,Öğrenci Sayısı 754
Bursa,Mustafakemalpaşa,Balibey İlkokulu,888007,İlkokul,https://balibey16.meb.k12.tr,,,https://balibey16.meb.k12.tr/tema/harita.php,2026-08-31,279,279,bulundu,https://balibey16.meb.k12.tr/,2026-10-01T18:37:09.257894+00:00,,Öğrenci Sayısı 279
Bursa,Mustafakemalpaşa,Cahit Zarifoğlu İlkokulu,768711,İlkokul,https://cahitzarifoglumkpasa.meb.k12.tr,,,https://cahitzarifoglumkpasa.meb.k12.tr/tema/harita.php,2026-08-31,969,969,bulundu,https://cahitzarifoglumkpasa.meb.k12.tr/,2026-10-01T18:37:09.477916+00:00,,Öğrenci Sayısı 969
Bursa,Mustafakemalpaşa,Demireli Ortaokulu,710066,Ortaokul,https://demireliortaokulu.meb.k12.tr,,,https://demireliortaokulu.meb.k12.tr/tema/harita.php,2026-08-31,39,39,bulundu,https://demireliortaokulu.meb.k12.tr/,2026-10-01T18:37:09.535404+00:00,,Öğrenci Sayısı : 39
Bursa,Mustafakemalpaşa,Demireli İlkokulu,710039,İlkokul,https://demireliilkokulu.meb.k12.tr,,,https://demireliilkokulu.meb.k12.tr/tema/harita.php,2026-08-31,76,76,bulundu,https://demireliilkokulu.meb.k12.tr/,2026-10-01T18:37:09.589426+00:00,,Öğrenci Sayısı: 76