Elazığ,Kovancılar,Kovancılar Tuna Anadolu Lisesi,767486,Anadolu Lisesi,https://kovancilartunaal.meb.k12.tr,,,https://kovancilartunaal.meb.k12.tr/tema/harita.php,2026-08-31,410,410,bulundu,https://kovancilartunaal.meb.k12.tr/,2026-10-01T18:42:39.684415+00:00,,Öğrenci Sayısı : 410
Elazığ,Kovancılar,Kovancılar Öğretmenevi ve Akşam Sanat Okulu.,971127,Öğretmenevi,https://kovancilarogretmenevi.meb.k12.tr,,,https://kovancilarogretmenevi.meb.k12.tr/tema/harita.php,2026-08-31,,,bulunamadi,,2026-10-01T18:42:39.719193+00:00,,
Elazığ,Kovancılar,Kovancılar İlkokulu,546027,İlkokul,https://kovancilarilkokulu.meb.k12.tr,,,https://kovancilarilkokulu.meb.k12.tr/tema/harita.php,2026-08-31,539,539,bulundu,https://kovancilarilkokulu.meb.k12.tr/,2026-10-01T18:42:39.809082+00:00,,Öğrenci Sayısı : 539
Elazığ,Kovancılar,Kovancılar İmam Hatip Ortaokulu,764374,İmam Hatip Ortaokulu,https://kovancilariho.meb.k12.tr,,,https://kovancilariho.meb.k12.tr/tema/harita.php,2026-08-31,71,71,bulundu,https://kovancilariho.meb.k12.tr/,2026-10-01T18:42:39.894622+00:00,,Öğrenci Sayısı 71
Elazığ,Kovancılar,Kuşçu İlkokulu,729321,İlkokul,https://kuscuio.meb.k12.tr,,,https://kuscuio.meb.k12.tr/tema/harita.php,2026-08-31,12,12,bulundu,https://kuscuio.meb.k12.tr/,2026-10-01T18:42:39.918200+00:00,,Öğrenci Sayısı : 12
Elazığ,Kovancılar,Mimar Sinan Ortaokulu,774622,Ortaokul,https://774622.meb.k12.tr,,,https://774622.meb.k12.tr/tema/harita.php,2026-08-31,82,82,bulundu,https://774622.meb.k12.tr/,2026-10-01T18:42:39.960001+00:00,,Öğrenci Sayısı 82
Elazığ,Kovancılar,Mimar Sinan İlkokulu,721975,İlkokul,https://kovancilarmimarsinanio.meb.k12.tr,,,https://kovancilarmimarsinanio.meb.k12.tr/tema/harita.php,2026-08-31,160,160,bulundu,https://kovancilarmimarsinanio.meb.k12.tr/,2026-10-01T18:42:40.419542+00:00,,Öğrenci Sayısı 160
Elazığ,Kovancılar,Muratbağı İlkokulu,729337,İlkokul,https://muratbagiioo.meb.k12.tr,,,https://muratbagiioo.meb.k12.tr/tema/harita.php,2026-08-31,16,16,bulundu,https://muratbagiioo.meb.k12.tr/tema/okulumuz_hakkinda.php,2026-10-01T18:42:40.435201+00:00,,Öğrenci : 16
Elazığ,Kovancılar,Okçular Ortaokulu,729371,Ortaokul,https://okcularoo.meb.k12.tr,,,https://okcularoo.meb.k12.tr/tema/harita.php,2026-08-31,58,58,bulundu,https://okcularoo.meb.k12.tr/,2026-10-01T18:42:40.458539+00:00,,Öğrenci Sayısı : 58
Elazığ,Kovancılar,Okçular İlkokulu,729362,İlkokul,https://okculario.meb.k12.tr,,,https://okculario.meb.k12.tr/tema/harita.php,2026-08-31,73,73,bulundu,https://okculario.meb.k12.tr/,2026-10-01T18:42:40.487767+00:00,,Öğrenci Sayısı 73
Elazığ,Kovancılar,TOKİ Şehit Üsteğmen Emre Ercan Ortaokulu,722208,Ortaokul,https://tokiseeoo.meb.k12.tr,,,https://tokiseeoo.meb.k12.tr/tema/harita.php,2026-08-31,173,173,bulundu,https://tokiseeoo.meb.k12.tr/,2026-10-01T18:42:40.517802+00:00,,Öğrenci Sayısı : 173
Elazığ,Kovancılar,TOKİ Şehit Üsteğmen Emre Ercan İlkokulu,722167,İlkokul,https://tokisehitemreercanilkokulu.meb.k12.tr,,,https://tokisehitemreercanilkokulu.meb.k12.tr/tema/harita.php,2026-08-31,201,201,bulundu,https://tokisehitemreercanilkokulu.meb.k12.tr/,2026-10-01T18:42:40.530838+00:00,,Öğrenci Sayısı : 201
Elazığ,Kovancılar,Tepebağ İlkokulu,771523,İlkokul,https://771523.meb.k12.tr,,,https://771523.meb.k12.tr/tema/harita.php,2026-08-31,25,25,bulundu,https://771523.meb.k12.tr/,2026-10-01T18:42:40.638002+00:00,,Öğrenci Sayısı : 25
Elazığ,Kovancılar,Yarımca Ferrokrom Ortaokulu,729459,Ortaokul,https://yarimcaferrokromorta.meb.k12.tr,,,https://yarimcaferrokromorta.meb.k12.tr/tema/harita.php,2026-08-31,54,54,bulundu,https://yarimcaferrokromorta.meb.k12.tr/,2026-10-01T18:42:40.792941+00:00,,Öğrenci Sayısı 54
Elazığ,Kovancılar,Yarımca Ferrokrom İlkokulu,729448,İlkokul,https://yarimcaferrokromilkokulu.meb.k12.tr,,,https://yarimcaferrokromilkokulu.meb.k12.tr/tema/harita.php,2026-08-31,82,82,bulundu,https://yarimcaferrokromilkokulu.meb.k12.tr/,2026-10-01T18:42:40.856100+00:00,,Öğrenci Sayısı 82
Elazığ,Kovancılar,Yazıbaşı Ortaokulu,759038,Ortaokul,https://yazibasioo.meb.k12.tr,,,https://yazibasioo.meb.k12.tr/tema/harita.php,2026-08-31,89,89,bulundu,https://yazibasioo.meb.k12.tr/,2026-10-01T18:42:40.868604+00:00,,Öğrenci Sayısı 89
Elazığ,Kovancılar,Yazıbaşı İlkokulu,729512,İlkokul,https://yazibasilkokulu.meb.k12.tr,,,https://yazibasilkokulu.meb.k12.tr/tema/harita.php,2026-08-31,128,128,bulundu,https://yazibasilkokulu.meb.k12.tr/,2026-10-01T18:42:40.941883+00:00,,Öğrenci Sayısı : 128
Elazığ,Kovancılar,Yoncalı Bayır İlkokulu,771525,İlkokul,https://771525.meb.k12.tr,,,https://771525.meb.k12.tr/tema/harita.php,2026-08-31,0,0,bulundu,https://771525.meb.k12.tr/,2026-10-01T18:42:40.992132+00:00,,Öğrenci Sayısı : 0
Elazığ,Kovancılar,İsmet Paşa Ortaokulu,721835,Ortaokul,https://ismetpasaortaokul23.meb.k12.tr,,,https://ismetpasaortaokul23.meb.k12.tr/tema/harita.php,2026-08-31,93,93,bulundu,https://ismetpasaortaokul23.meb.k12.tr/,2026-10-01T18:42:41.009210+00:00,,Öğrenci Sayısı : 93
Elazığ,Kovancılar,İsmet Paşa İlkokulu,721793,İlkokul,https://ismetpasa23.meb.k12.tr,,,https://ismetpasa23.meb.k12.tr/tema/harita.php,2026-08-31,119,119,bulundu,https://ismetpasa23.meb.k12.tr/,2026-10-01T18:42:41.035346+00:00,,Öğrenci Sayısı: 119
Elazığ,Kovancılar,Şehit Erhan Çalışkan İmam Hatip Ortaokulu,765576,İmam Hatip Ortaokulu,https://sehiterhancaliskan.meb.k12.tr,,,https://sehiterhancaliskan.meb.k12.tr/tema/harita.php,2026-08-31,35,35,bulundu,https://sehiterhancaliskan.meb.k12.tr/,2026-10-01T18:42:41.286268+00:00,,Öğrenci Sayısı 35
Elazığ,Kovancılar,Şehit Mehmet Kaya Çelik Ortaokulu,721730,Ortaokul,https://sehitmehmetkayacelikoo.meb.k12.tr,,,https://sehitmehmetkayacelikoo.meb.k12.tr/tema/harita.php,2026-08-31,,,bulunamadi,,2026-10-01T18:42:41.489182+00:00,,
Elazığ,Kovancılar,Şehit Muhammed Ata Kıratlı Mesleki ve Teknik Anadolu Lisesi,767308,Mesleki ve Teknik Anadolu Lisesi,https://atakiratlimetal.meb.k12.tr,,,https://atakiratlimetal.meb.k12.tr/tema/harita.php,2026-08-31,340,340,bulundu,https://atakiratlimetal.meb.k12.tr/,2026-10-01T18:42:41.506325+00:00,,Öğrenci Sayısı : 340
Elazığ,Kovancılar,Şehit Raşit Ercan Ortaokulu,729488,Ortaokul,https://sehitrasitercanortaokulu.meb.k12.tr,,,https://sehitrasitercanortaokulu.meb.k12.tr/tema/harita.php,2026-08-31,92,92,bulundu,https://sehitrasitercanortaokulu.meb.k12.tr/,2026-10-01T18:42:41.532572+00:00,,Öğrenci Sayısı : 92
Elazığ,Kovancılar,Şehit Raşit Ercan İlkokulu,540102,İlkokul,https://sehitrasitercan.meb.k12.tr,,,https://sehitrasitercan.meb.k12.tr/tema/harita.php,2026-08-31,70,70,bulundu,https://sehitrasitercan.meb.k12.tr/,2026-10-01T18:42:41.540492+00:00,,Öğrenci Sayısı : 70
Elazığ,Kovancılar,Şehit Tabib Teğmen Yüksel Demir Ortaokulu,722091,Ortaokul,https://styukseldemiroo.meb.k12.tr,,,https://styukseldemiroo.meb.k12.tr/tema/harita.php,2026-08-31,169,169,bulundu,https://styukseldemiroo.meb.k12.tr/,2026-10-01T18:42:41.637456+00:00,,Öğrenci Sayısı : 169
Elazığ,Kovancılar,Şehit Tabip Teğmen Yüksel Demir İlkokulu,951056,İlkokul,https://sttyukseldemir.meb.k12.tr,,,https://sttyukseldemir.meb.k12.tr/tema/harita.php,2026-08-31,261,261,bulundu,https://sttyukseldemir.meb.k12.tr/tema/okulumuz_hakkinda.php,2026-10-01T18:42:41.726724+00:00,,Öğrenci : 261
Elazığ,Maden,Asım Sürücü Ortaokulu,747764,Ortaokul,https://asimsurucu.meb.k12.tr,,,https://asimsurucu.meb.k12.tr/tema/harita.php,2026-08-31,61,61,bulundu,https://asimsurucu.meb.k12.tr/,2026-10-01T18:42:41.755422+00:00,,Öğrenci Sayısı 61
Elazığ,Maden,Atatürk Ortaokulu,729252,Ortaokul,https://madenataturkoo.meb.k12.tr,,,https://madenataturkoo.meb.k12.tr/tema/harita.php,2026-08-31,66,66,bulundu,https://madenataturkoo.meb.k12.tr/,2026-10-01T18:42:41.868739+00:00,,Öğrenci Sayısı 66
Elazığ,Maden,Atatürk İlkokulu,729222,İlkokul,https://madenataturkio.meb.k12.tr,,,https://madenataturkio.meb.k12.tr/tema/harita.php,2026-08-31,46,46,bulundu,https://madenataturkio.meb.k12.tr/,2026-10-01T18:42:42.111752+00:00,,Öğrenci Sayısı: 46
Elazığ,Maden,Fatih Mehmet İlkokulu,546529,İlkokul,https://madenfatihmehmetilkokulu.meb.k12.tr,,,https://madenfatihmehmetilkokulu.meb.k12.tr/tema/harita.php,2026-08-31,73,73,bulundu,https://madenfatihmehmetilkokulu.meb.k12.tr/,2026-10-01T18:42:42.184741+00:00,,Öğrenci Sayısı: 73
Elazığ,Maden,Hazar Ortaokulu,729361,Ortaokul,https://hazarortaokulu.meb.k12.tr,,,https://hazarortaokulu.meb.k12.tr/tema/harita.php,2026-08-31,49,49,bulundu,https://hazarortaokulu.meb.k12.tr/,2026-10-01T18:42:42.203528+00:00,,Öğrenci Sayısı 49
Elazığ,Maden,Hazar İlkokulu,729296,İlkokul,https://hazarilkokulu.meb.k12.tr,,,https://hazarilkokulu.meb.k12.tr/tema/harita.php,2026-08-31,52,52,bulundu,https://hazarilkokulu.meb.k12.tr/,2026-10-01T18:42:42.373527+00:00,,Öğrenci Sayısı: 52
Elazığ,Maden,Maden Anaokulu,966143,Anaokulu,https://madenanaokulu.meb.k12.tr,,,https://madenanaokulu.meb.k12.tr/tema/harita.php,2026-08-31,39,39,bulundu,https://madenanaokulu.meb.k12.tr/,2026-10-01T18:42:42.480317+00:00,,Öğrenci Sayısı: 39
Elazığ,Maden,Maden Halk Eğitimi Merkezi,145113,Halk Eğitimi Merkezi,https://madenhalkegitimmerkezi.meb.k12.tr,,,https://madenhalkegitimmerkezi.meb.k12.tr/tema/harita.php,2026-08-31,,,bulunamadi,,2026-10-01T18:42:42.551871+00:00,,
Elazığ,Maden,Maden Çok Programlı Anadolu Lisesi,765331,Çok Programlı Anadolu Lisesi,https://madencpal.meb.k12.tr,,,https://madencpal.meb.k12.tr/tema/harita.php,2026-08-31,91,91,bulundu,https://madencpal.meb.k12.tr/,2026-10-01T18:42:42.590674+00:00,,Öğrenci Sayısı : 91
Elazığ,Maden,Vali Aydın Arslan Ortaokulu,729473,Ortaokul,https://madenvaliaydinarslanortaokulu.meb.k12.tr,,,https://madenvaliaydinarslanortaokulu.meb.k12.tr/tema/harita.php,2026-08-31,64,64,bulundu,https://madenvaliaydinarslanortaokulu.meb.k12.tr/,2026-10-01T18:42:42.645419+00:00,,Öğrenci Sayısı 64
Elazığ,Maden,İffet Nusret Gülser İlkokulu,729382,İlkokul,https://iffetnusretgulserio.meb.k12.tr,,,https://iffetnusretgulserio.meb.k12.tr/tema/harita.php,2026-08-31,67,67,bulundu,https://iffetnusretgulserio.meb.k12.tr/,2026-10-01T18:42:42.672590+00:00,,Öğrenci Sayısı : 67
Elazığ,Merkez,100. Yıl Mesleki ve Teknik Anadolu Lisesi,144622,Mesleki ve Teknik Anadolu Lisesi,https://yyeml.meb.k12.tr,,,https://yyeml.meb.k12.tr/tema/harita.php,2026-08-31,442,442,bulundu,https://yyeml.meb.k12.tr/tema/okulumuz_hakkinda.php,2026-10-01T18:42:43.071095+00:00,,Öğrenci : 442
Elazığ,Merkez,100. Yıl Çaydaçıra Ortaokulu,774759,Ortaokul,https://100yilcaydaciraortaokulu.meb.k12.tr,,,https://100yilcaydaciraortaokulu.meb.k12.tr/tema/harita.php,2026-08-31,1395,1395,bulundu,https://100yilcaydaciraortaokulu.meb.k12.tr/,2026-10-01T18:42:43.087314+00:00,,Öğrenci Sayısı : 1395
Elazığ,Merkez,17 Kasım İlkokulu,716958,İlkokul,https://17kasimilkokulu.meb.k12.tr,,,https://17kasimilkokulu.meb.k12.tr/tema/harita.php,2026-08-31,355,355,bulundu,https://17kasimilkokulu.meb.k12.tr/,2026-10-01T18:42:43.157841+00:00,,Öğrenci Sayısı 355
Elazığ,Merkez,Abdullah Hakan Tangülü Özel Eğitim Meslek Okulu,747242,Özel Eğitim Kurumu,https://747242.meb.k12.tr,,,https://747242.meb.k12.tr/tema/harita.php,2026-08-31,97,97,bulundu,https://747242.meb.k12.tr/,2026-10-01T18:42:43.255775+00:00,,Öğrenci Sayısı 97
Elazığ,Merkez,Ahmet Kabaklı Fen Lisesi,318325,Fen Lisesi,https://ahmetkabaklifl.meb.k12.tr,,,https://ahmetkabaklifl.meb.k12.tr/tema/harita.php,2026-08-31,554,554,bulundu,https://ahmetkabaklifl.meb.k12.tr/,2026-10-01T18:42:43.262352+00:00,,Öğrenci Sayısı : 554
Elazığ,Merkez,Aksaray Anaokulu,974665,Anaokulu,https://aksarayanaokulu.meb.k12.tr,,,https://aksarayanaokulu.meb.k12.tr/tema/harita.php,2026-08-31,1,1,bulundu,https://aksarayanaokulu.meb.k12.tr/,2026-10-01T18:42:43.283783+00:00,,Öğrenci Sayısı : 1
Elazığ,Merkez,Akçakiraz Ortaokulu,717655,Ortaokul,https://akcakirazoo.meb.k12.tr,,,https://akcakirazoo.meb.k12.tr/tema/harita.php,2026-08-31,52,52,bulundu,https://akcakirazoo.meb.k12.tr/,2026-10-01T18:42:43.321448+00:00,,Öğrenci Sayısı 52
Elazığ,Merkez,Akçakiraz Yüzbaşı Ortaokulu,717747,Ortaokul,https://akcakirazyuzbasiortaokulu.meb.k12.tr,,,https://akcakirazyuzbasiortaokulu.meb.k12.tr/tema/harita.php,2026-08-31,60,60,bulundu,https://akcakirazyuzbasiortaokulu.meb.k12.tr/,2026-10-01T18:42:43.343151+00:00,,Öğrenci Sayısı 60
Elazığ,Merkez,Akçakiraz Yüzbaşı İlkokulu,717713,İlkokul,https://akcakirazyuzbasiilkokulu.meb.k12.tr,,,https://akcakirazyuzbasiilkokulu.meb.k12.tr/tema/harita.php,2026-08-31,97,97,bulundu,https://akcakirazyuzbasiilkokulu.meb.k12.tr/,2026-10-01T18:42:43.460789+00:00,,Öğrenci Sayısı : 97
Elazığ,Merkez,Akçakiraz İlkokulu,717617,İlkokul,https://akcakirazio.meb.k12.tr,,,https://akcakirazio.meb.k12.tr/tema/harita.php,2026-08-31,152,152,bulundu,https://akcakirazio.meb.k12.tr/,2026-10-01T18:42:43.508839+00:00,,Öğrenci Sayısı 152
Elazığ,Merkez,Ali Kuşçu Bilim ve Sanat Merkezi,769442,Bilim ve Sanat Merkezi,https://alikuscubilsem.meb.k12.tr,,,https://alikuscubilsem.meb.k12.tr/tema/harita.php,2026-08-31,183,183,bulundu,https://alikuscubilsem.meb.k12.tr/,2026-10-01T18:42:43.517881+00:00,,Öğrenci Sayısı : 183
Elazığ,Merkez,Altınçevre İlkokulu,717795,İlkokul,https://altincevreilkokulu.meb.k12.tr,,,https://altincevreilkokulu.meb.k12.tr/tema/harita.php,2026-08-31,191,191,bulundu,https://altincevreilkokulu.meb.k12.tr/,2026-10-01T18:42:43.577447+00:00,,Öğrenci Sayısı 191
Elazığ,Merkez,Ankara Ortaokulu,335173,Ortaokul,https://ankaraortaokulu23.meb.k12.tr,,,https://ankaraortaokulu23.meb.k12.tr/tema/harita.php,2026-08-31,353,353,bulundu,https://ankaraortaokulu23.meb.k12.tr/,2026-10-01T18:42:44.089176+00:00,,Öğrenci Sayısı : 353
Elazığ,Merkez,Arif Nihat Asya Ortaokulu,717532,Ortaokul,https://elazigarifnihatasya.meb.k12.tr,,,https://elazigarifnihatasya.meb.k12.tr/tema/harita.php,2026-08-31,438,438,bulundu,https://elazigarifnihatasya.meb.k12.tr/,2026-10-01T18:42:44.136983+00:00,,Öğrenci Sayısı 438
Elazığ,Merkez,Atatürk Anadolu Lisesi,972286,Anadolu Lisesi,https://elazigataturkanadolu.meb.k12.tr,,,https://elazigataturkanadolu.meb.k12.tr/tema/harita.php,2026-08-31,654,654,bulundu,https://elazigataturkanadolu.meb.k12.tr/tema/okulumuz_hakkinda.php,2026-10-01T18:42:44.148003+00:00,,Öğrenci : 654
Elazığ,Merkez,Atatürk Anaokulu,751880,Anaokulu,https://ataturkanaokulu.meb.k12.tr,,,https://ataturkanaokulu.meb.k12.tr/tema/harita.php,2026-08-31,151,151,bulundu,https://ataturkanaokulu.meb.k12.tr/,2026-10-01T18:42:44.216928+00:00,,Öğrenci Sayısı 151
Elazığ,Merkez,Atatürk İlkokulu,713590,İlkokul,https://elazigataturkilkokulu.meb.k12.tr,,,https://elazigataturkilkokulu.meb.k12.tr/tema/harita.php,2026-08-31,399,399,bulundu,https://elazigataturkilkokulu.meb.k12.tr/tema/okulumuz_hakkinda.php,2026-10-01T18:42:44.220782+00:00,,Öğrenci : 399
Elazığ,Merkez,Ataşehir Anaokulu,775368,Anaokulu,https://775368.meb.k12.tr,,,https://775368.meb.k12.tr/tema/harita.php,2026-08-31,253,253,bulundu,https://775368.meb.k12.tr/,2026-10-01T18:42:44.376387+00:00,,Öğrenci Sayısı : 253
Elazığ,Merkez,Avukat Rasim Küçükel Ortaokulu,717835,Ortaokul,https://avukatrasimkucukelortaokulu.meb.k12.tr,,,https://avukatrasimkucukelortaokulu.meb.k12.tr/tema/harita.php,2026-08-31,197,197,bulundu,https://avukatrasimkucukelortaokulu.meb.k12.tr/tema/okulumuz_hakkinda.php,2026-10-01T18:42:44.401260+00:00,,Öğrenci : 197
Elazığ,Merkez,Avukat İbrahim Gök İlkokulu,977087,İlkokul,https://avukatibrahimgokilkokulu.meb.k12.tr,,,https://avukatibrahimgokilkokulu.meb.k12.tr/tema/harita.php,2026-08-31,223,223,bulundu,https://avukatibrahimgokilkokulu.meb.k12.tr/,2026-10-01T18:42:44.445998+00:00,,Öğrenci Sayısı 223
Elazığ,Merkez,Aziz Gül Ortaokulu,717391,Ortaokul,https://azizgul.meb.k12.tr,,,https://azizgul.meb.k12.tr/tema/harita.php,2026-08-31,858,858,bulundu,https://azizgul.meb.k12.tr/,2026-10-01T18:42:44.471972+00:00,,Öğrenci Sayısı 858
Elazığ,Merkez,Bahçekapı İlkokulu,547403,İlkokul,https://bahcekapiilkokulu.meb.k12.tr,,,https://bahcekapiilkokulu.meb.k12.tr/tema/harita.php,2026-08-31,,,bulunamadi,,2026-10-01T18:42:44.546165+00:00,,
Elazığ,Merkez,Bahçelievler İlkokulu,767426,İlkokul,https://bahcelievlerilkokulu.meb.k12.tr,,,https://bahcelievlerilkokulu.meb.k12.tr/tema/harita.php,2026-08-31,441,441,bulundu,https://bahcelievlerilkokulu.meb.k12.tr/,2026-10-01T18:42:44.575496+00:00,,Öğrenci Sayısı : 441
Elazığ,Merkez,Balakgazi Anadolu Lisesi,280937,Anadolu Lisesi,https://balakgazianadolulisesi.meb.k12.tr,,,https://balakgazianadolulisesi.meb.k12.tr/tema/harita.php,2026-08-31,820,820,bulundu,https://balakgazianadolulisesi.meb.k12.tr/,2026-10-01T18:42:44.613203+00:00,,Öğrenci Sayısı 820
Elazığ,Merkez,Balakgazi Anaokulu,909501,Anaokulu,https://balakgazianaokulu.meb.k12.tr,,,https://balakgazianaokulu.meb.k12.tr/tema/harita.php,2026-08-31,105,105,bulundu,https://balakgazianaokulu.meb.k12.tr/,2026-10-01T18:42:44.659289+00:00,,Öğrenci Sayısı: 105
Elazığ,Merkez,Balakgazi Ortaokulu,719047,Ortaokul,https://balakgaziortaokulu.meb.k12.tr,,,https://balakgaziortaokulu.meb.k12.tr/tema/harita.php,2026-08-31,138,138,bulundu,https://balakgaziortaokulu.meb.k12.tr/,2026-10-01T18:42:44.882724+00:00,,Öğrenci Sayısı 138
Elazığ,Merkez,Barbaros Hayrettin Paşa Ortaokulu,747788,Ortaokul,https://elazigbarbaroshp.meb.k12.tr,,,https://elazigbarbaroshp.meb.k12.tr/tema/harita.php,2026-08-31,405,405,bulundu,https://elazigbarbaroshp.meb.k12.tr/,2026-10-01T18:42:44.985945+00:00,,Öğrenci Sayısı 405
Elazığ,Merkez,Barış Pınarı Anaokulu,766931,Anaokulu,https://barispinarianaokulu.meb.k12.tr,,,https://barispinarianaokulu.meb.k12.tr/tema/harita.php,2026-08-31,378,378,bulundu,https://barispinarianaokulu.meb.k12.tr/,2026-10-01T18:42:45.049960+00:00,,Öğrenci Sayısı : 378
Elazığ,Merkez,Cemal Gürsel İlkokulu,547070,İlkokul,https://cemalgursel.meb.k12.tr,,,https://cemalgursel.meb.k12.tr/tema/harita.php,2026-08-31,313,313,bulundu,https://cemalgursel.meb.k12.tr/,2026-10-01T18:42:45.096859+00:00,,Öğrenci Sayısı 313
Elazığ,Merkez,Cemil Meriç Fen Lisesi,973757,Fen Lisesi,https://cemilmericfenlisesi.meb.k12.tr,,,https://cemilmericfenlisesi.meb.k12.tr/tema/harita.php,2026-08-31,458,458,bulundu,https://cemilmericfenlisesi.meb.k12.tr/,2026-10-01T18:42:45.115835+00:00,,Öğrenci Sayısı 458
Elazığ,Merkez,Cumhuriyet Kız Anadolu İmam Hatip Lisesi,967710,Anadolu İmam Hatip Lisesi,https://elazigcumhuriyetkaihl.meb.k12.tr,,,https://elazigcumhuriyetkaihl.meb.k12.tr/tema/harita.php,2026-08-31,571,571,bulundu,https://elazigcumhuriyetkaihl.meb.k12.tr/tema/okulumuz_hakkinda.php,2026-10-01T18:42:45.182092+00:00,,Öğrenci : 571
Elazığ,Merkez,Cumhuriyet Ortaokulu,715117,Ortaokul,https://elazigcumhuriyetortaokulu.meb.k12.tr,,,https://elazigcumhuriyetortaokulu.meb.k12.tr/tema/harita.php,2026-08-31,1007,1007,bulundu,https://elazigcumhuriyetortaokulu.meb.k12.tr/,2026-10-01T18:42:45.191829+00:00,,Öğrenci Sayısı : 1007
Elazığ,Merkez,Cumhuriyet İlkokulu,758255,İlkokul,https://elazigcumhuriyetilkokulu.meb.k12.tr,,,https://elazigcumhuriyetilkokulu.meb.k12.tr/tema/harita.php,2026-08-31,539,539,bulundu,https://elazigcumhuriyetilkokulu.meb.k12.tr/,2026-10-01T18:42:45.250364+00:00,,Öğrenci Sayısı 539
Elazığ,Merkez,Doğukent Anaokulu,973961,Anaokulu,https://dogukentanaokulu.meb.k12.tr,,,https://dogukentanaokulu.meb.k12.tr/tema/harita.php,2026-08-31,156,156,bulundu,https://dogukentanaokulu.meb.k12.tr/,2026-10-01T18:42:45.450774+00:00,,Öğrenci Sayısı 156
Elazığ,Merkez,Doğukent Ortaokulu,717339,Ortaokul,https://dogukentortaokulu.meb.k12.tr,,,https://dogukentortaokulu.meb.k12.tr/tema/harita.php,2026-08-31,1127,1127,bulundu,https://dogukentortaokulu.meb.k12.tr/,2026-10-01T18:42:45.618024+00:00,,Öğrenci Sayısı : 1127
Elazığ,Merkez,Dr. Kadir Gökalp Anaokulu,966597,Anaokulu,https://drkadirgokalpanaokulu.meb.k12.tr,,,https://drkadirgokalpanaokulu.meb.k12.tr/tema/harita.php,2026-08-31,64,64,bulundu,https://drkadirgokalpanaokulu.meb.k12.tr/,2026-10-01T18:42:45.619464+00:00,,Öğrenci Sayısı : 64
Elazığ,Merkez,Dumlupınar İlkokulu,717091,İlkokul,https://dumlupinarilko23.meb.k12.tr,,,https://dumlupinarilko23.meb.k12.tr/tema/harita.php,2026-08-31,497,497,bulundu,https://dumlupinarilko23.meb.k12.tr/,2026-10-01T18:42:45.790160+00:00,,Öğrenci Sayısı : 497
Elazığ,Merkez,Elazığ Adalet Meslekî Eğitim Merkezi,768705,Mesleki Eğitim Merkezi,https://elazigadaletmem.meb.k12.tr,,,https://elazigadaletmem.meb.k12.tr/tema/harita.php,2026-08-31,31,31,bulundu,https://elazigadaletmem.meb.k12.tr/,2026-10-01T18:42:45.816811+00:00,,Öğrenci Sayısı : 31
Elazığ,Merkez,Elazığ Ahmet Yesevi Sosyal Bilimler Lisesi,972424,Sosyal Bilimler Lisesi,https://ahmetyesevisbl.meb.k12.tr,,,https://ahmetyesevisbl.meb.k12.tr/tema/harita.php,2026-08-31,224,224,bulundu,https://ahmetyesevisbl.meb.k12.tr/tema/okulumuz_hakkinda.php,2026-10-01T18:42:45.903584+00:00,,Öğrenci : 224
Elazığ,Merkez,Elazığ Anadolu Lisesi,144609,Anadolu Lisesi,https://elaziganadolulisesi.meb.k12.tr,,,https://elaziganadolulisesi.meb.k12.tr/tema/harita.php,2026-08-31,469,469,bulundu,https://elaziganadolulisesi.meb.k12.tr/,2026-10-01T18:42:46.035118+00:00,,Öğrenci Sayısı : 469
Elazığ,Merkez,Elazığ Anadolu İmam Hatip Lisesi,144671,Anadolu İmam Hatip Lisesi,https://elazigihl.meb.k12.tr,,,https://elazigihl.meb.k12.tr/tema/harita.php,2026-08-31,481,481,bulundu,https://elazigihl.meb.k12.tr/,2026-10-01T18:42:46.827648+00:00,,Öğrenci Sayısı 481
Elazığ,Merkez,Elazığ Anaokulu,970200,Anaokulu,https://elaziganaokulu.meb.k12.tr,,,https://elaziganaokulu.meb.k12.tr/tema/harita.php,2026-08-31,143,143,bulundu,https://elaziganaokulu.meb.k12.tr/,2026-10-01T18:42:46.841394+00:00,,Öğrenci Sayısı: 143
Elazığ,Merkez,Elazığ Belediyesi Anaokulu,970865,Anaokulu,https://elazigbelediyesianaokulu.meb.k12.tr,,,https://elazigbelediyesianaokulu.meb.k12.tr/tema/harita.php,2026-08-31,170,170,bulundu,https://elazigbelediyesianaokulu.meb.k12.tr/,2026-10-01T18:42:46.889037+00:00,,Öğrenci Sayısı : 170
Elazığ,Merkez,Elazığ Bilim ve Sanat Merkezi,966170,Bilim ve Sanat Merkezi,https://elbilsem.meb.k12.tr,,,https://elbilsem.meb.k12.tr/tema/harita.php,2026-08-31,494,494,bulundu,https://elbilsem.meb.k12.tr/tema/okulumuz_hakkinda.php,2026-10-01T18:42:46.919478+00:00,,Öğrenci : 494
Elazığ,Merkez,Elazığ Hafız İmam Hatip Ortaokulu,768239,İmam Hatip Ortaokulu,https://elazighafiziho.meb.k12.tr,,,https://elazighafiziho.meb.k12.tr/tema/harita.php,2026-08-31,171,171,bulundu,https://elazighafiziho.meb.k12.tr/,2026-10-01T18:42:46.925293+00:00,,Öğrenci Sayısı 171
Elazığ,Merkez,Elazığ Halk Eğitimi Merkezi,144683,Halk Eğitimi Merkezi,https://elazighem.meb.k12.tr,,,https://elazighem.meb.k12.tr/tema/harita.php,2026-08-31,,,bulunamadi,,2026-10-01T18:42:47.165063+00:00,,
Elazığ,Merkez,Elazığ Kaya Karakaya Güzel Sanatlar Lisesi,751998,Güzel Sanatlar Lisesi,https://kkgslisesi.meb.k12.tr,,,https://kkgslisesi.meb.k12.tr/tema/harita.php,2026-08-31,166,166,bulundu,https://kkgslisesi.meb.k12.tr/,2026-10-01T18:42:47.335511+00:00,,Öğrenci Sayısı : 166
Elazığ,Merkez,Elazığ Lisesi,973782,Lise,https://elaziglisesi.meb.k12.tr,,,https://elaziglisesi.meb.k12.tr/tema/harita.php,2026-08-31,452,452,bulundu,https://elaziglisesi.meb.k12.tr/,2026-10-01T18:42:47.362886+00:00,,Öğrenci Sayısı 452
Elazığ,Merkez,Elazığ Mesleki Eğitim Merkezi,232084,Mesleki Eğitim Merkezi,https://elazigmem.meb.k12.tr,,,https://elazigmem.meb.k12.tr/tema/harita.php,2026-08-31,1963,1963,bulundu,https://elazigmem.meb.k12.tr/,2026-10-01T18:42:47.414027+00:00,,Öğrenci Sayısı : 1963
Elazığ,Merkez,Elazığ Mesleki ve Teknik Anadolu Lisesi,144634,Mesleki ve Teknik Anadolu Lisesi,https://elazigmtal.meb.k12.tr,,,https://elazigmtal.meb.k12.tr/tema/harita.php,2026-08-31,1016,1016,bulundu,https://elazigmtal.meb.k12.tr/,2026-10-01T18:42:47.538092+00:00,,Öğrenci Sayısı : 1016
Elazığ,Merkez,Elazığ Rehberlik ve Araştırma Merkezi,144705,Rehberlik ve Araştırma Merkezi,https://elazigram.meb.k12.tr,,,https://elazigram.meb.k12.tr/tema/harita.php,2026-08-31,,,bulunamadi,,2026-10-01T18:42:47.555744+00:00,,
Elazığ,Merkez,Elazığ Özel Eğitim Meslek Lisesi,973077,Mesleki ve Teknik Anadolu Lisesi,https://elazigoeml.meb.k12.tr,,,https://elazigoeml.meb.k12.tr/tema/harita.php,2026-08-31,6,6,bulundu,https://elazigoeml.meb.k12.tr/,2026-10-01T18:42:47.601005+00:00,,Öğrenci Sayısı 6
Elazığ,Merkez,Elazığ Özel Eğitim Uygulama Okulu I. Kademe,747071,Özel Eğitim Kurumu,https://elazigegitimuygulamaokulu.meb.k12.tr,,,https://elazigegitimuygulamaokulu.meb.k12.tr/tema/harita.php,2026-08-31,20,20,bulundu,https://elazigegitimuygulamaokulu.meb.k12.tr/,2026-10-01T18:42:47.751271+00:00,,Öğrenci Sayısı 20
Elazığ,Merkez,Elazığ Özel Eğitim Uygulama Okulu II. Kademe,747396,Özel Eğitim Kurumu,https://elazigozelegitimuygulama2kademe.meb.k12.tr,,,https://elazigozelegitimuygulama2kademe.meb.k12.tr/tema/harita.php,2026-08-31,54,54,bulundu,https://elazigozelegitimuygulama2kademe.meb.k12.tr/,2026-10-01T18:42:47.795797+00:00,,Öğrenci Sayısı 54
Elazığ,Merkez,Elazığ Özel Eğitim Uygulama Okulu III. Kademe,748056,Özel Eğitim Kurumu,https://elazigozelegitimuygulama3kademe.meb.k12.tr,,,https://elazigozelegitimuygulama3kademe.meb.k12.tr/tema/harita.php,2026-08-31,51,51,bulundu,https://elazigozelegitimuygulama3kademe.meb.k12.tr/,2026-10-01T18:42:47.797847+00:00,,Öğrenci Sayısı 51
Elazığ,Merkez,Elazığ Öğretmenevi ve Akşam Sanat Okulu,971126,Öğretmenevi,https://elazigogretmenevi.meb.k12.tr,,,https://elazigogretmenevi.meb.k12.tr/tema/harita.php,2026-08-31,,,bulunamadi,,2026-10-01T18:42:47.831059+00:00,,
Elazığ,Merkez,Elazığ İlkokulu,775654,İlkokul,https://elazigilkokulu.meb.k12.tr,,,https://elazigilkokulu.meb.k12.tr/tema/harita.php,2026-08-31,311,311,bulundu,https://elazigilkokulu.meb.k12.tr/,2026-10-01T18:42:47.882287+00:00,,Öğrenci Sayısı 311
Elazığ,Merkez,Ertuğrul Gazi Ortaokulu,718724,Ortaokul,https://ertugrulgaziortaokulu23.meb.k12.tr,,,https://ertugrulgaziortaokulu23.meb.k12.tr/tema/harita.php,2026-08-31,71,71,bulundu,https://ertugrulgaziortaokulu23.meb.k12.tr/,2026-10-01T18:42:47.959026+00:00,,Öğrenci Sayısı : 71
Elazığ,Merkez,Ertuğrul Gazi İlkokulu,718664,İlkokul,https://ertugrulgaziilkokulu23.meb.k12.tr,,,https://ertugrulgaziilkokulu23.meb.k12.tr/tema/harita.php,2026-08-31,41,41,bulundu,https://ertugrulgaziilkokulu23.meb.k12.tr/,2026-10-01T18:42:47.981387+00:00,,Öğrenci Sayısı: 41
Elazığ,Merkez,Esentepe İlkokulu,713404,İlkokul,https://esentepe23.meb.k12.tr,,,https://esentepe23.meb.k12.tr/tema/harita.php,2026-08-31,105,105,bulundu,https://esentepe23.meb.k12.tr/,2026-10-01T18:42:48.031607+00:00,,Öğrenci Sayısı 105
Elazığ,Merkez,Esra-Zafer-Eşref Yıldırım Ortaokulu,976813,Ortaokul,https://esrazaferesrefyildirim.meb.k12.tr,,,https://esrazaferesrefyildirim.meb.k12.tr/tema/harita.php,2026-08-31,576,576,bulundu,https://esrazaferesrefyildirim.meb.k12.tr/,2026-10-01T18:42:48.112318+00:00,,Öğrenci Sayısı 576
Elazığ,Merkez,Fatih Anadolu Lisesi,972836,Anadolu Lisesi,https://elazigfatihanadolulisesi.meb.k12.tr,,,https://elazigfatihanadolulisesi.meb.k12.tr/tema/harita.php,2026-08-31,635,635,bulundu,https://elazigfatihanadolulisesi.meb.k12.tr/,2026-10-01T18:42:48.240720+00:00,,Öğrenci Sayısı : 635
Elazığ,Merkez,Fatih Mehmet İlkokulu,547189,İlkokul,https://fatihmehmet.meb.k12.tr,,,https://fatihmehmet.meb.k12.tr/tema/harita.php,2026-08-31,277,277,bulundu,https://fatihmehmet.meb.k12.tr/,2026-10-01T18:42:48.297673+00:00,,Öğrenci Sayısı : 277
Elazığ,Merkez,Fatih İmam Hatip Ortaokulu,717785,İmam Hatip Ortaokulu,https://fatihimamhatiportaokulu.meb.k12.tr,,,https://fatihimamhatiportaokulu.meb.k12.tr/tema/harita.php,2026-08-31,307,307,bulundu,https://fatihimamhatiportaokulu.meb.k12.tr/,2026-10-01T18:42:48.665036+00:00,,Öğrenci Sayısı 307
Elazığ,Merkez,Fevzi Çakmak İlkokulu,547177,İlkokul,https://fevzicakmak23.meb.k12.tr,,,https://fevzicakmak23.meb.k12.tr/tema/harita.php,2026-08-31,317,317,bulundu,https://fevzicakmak23.meb.k12.tr/,2026-10-01T18:42:48.670388+00:00,,Öğrenci Sayısı : 317
Elazığ,Merkez,Fırat Anadolu Lisesi,974000,Anadolu Lisesi,https://firatanadolulisesi.meb.k12.tr,,,https://firatanadolulisesi.meb.k12.tr/tema/harita.php,2026-08-31,628,628,bulundu,https://firatanadolulisesi.meb.k12.tr/,2026-10-01T18:42:48.700782+00:00,,Öğrenci Sayısı 628
Elazığ,Merkez,Fırat Anaokulu,864469,Anaokulu,https://firatanaokulu.meb.k12.tr,,,https://firatanaokulu.meb.k12.tr/tema/harita.php,2026-08-31,146,146,bulundu,https://firatanaokulu.meb.k12.tr/,2026-10-01T18:42:48.739049+00:00,,Öğrenci Sayısı: 146
Elazığ,Merkez,Gazi Anadolu Lisesi,322200,Anadolu Lisesi,https://egl.meb.k12.tr,,,https://egl.meb.k12.tr/tema/harita.php,2026-08-31,404,404,bulundu,https://egl.meb.k12.tr/tema/okulumuz_hakkinda.php,2026-10-01T18:42:48.825424+00:00,,Öğrenci : 404
Elazığ,Merkez,Gazi Kamil Ayhan Ortaokulu,713748,Ortaokul,https://gazikamilayhanortaokulu.meb.k12.tr,,,https://gazikamilayhanortaokulu.meb.k12.tr/tema/harita.php,2026-08-31,853,853,bulundu,https://gazikamilayhanortaokulu.meb.k12.tr/,2026-10-01T18:42:48.907531+00:00,,Öğrenci Sayısı 853
Elazığ,Merkez,Gazi Mesleki ve Teknik Anadolu Lisesi,144610,Mesleki ve Teknik Anadolu Lisesi,https://gazimtal.meb.k12.tr,,,https://gazimtal.meb.k12.tr/tema/harita.php,2026-08-31,,,bulunamadi,,2026-10-01T18:42:49.011390+00:00,,
Elazığ,Merkez,Gazi Ortaokulu,547153,Ortaokul,https://elaziggaziortaokulu.meb.k12.tr,,,https://elaziggaziortaokulu.meb.k12.tr/tema/harita.php,2026-08-31,1068,1068,bulundu,https://elaziggaziortaokulu.meb.k12.tr/,2026-10-01T18:42:49.040274+00:00,,Öğrenci Sayısı : 1068
Elazığ,Merkez,Genç Osman İşitme Engelliler Ortaokulu,746928,Ortaokul,https://gencosmanisitmeortaokulu.meb.k12.tr,,,https://gencosmanisitmeortaokulu.meb.k12.tr/tema/harita.php,2026-08-31,10,10,bulundu,https://gencosmanisitmeortaokulu.meb.k12.tr/,2026-10-01T18:42:49.214613+00:00,,Öğrenci Sayısı : 10
Elazığ,Merkez,Genç Osman İşitme Engelliler İlkokulu,746738,İlkokul,https://gencosmanisitmeilkokulu.meb.k12.tr,,,https://gencosmanisitmeilkokulu.meb.k12.tr/tema/harita.php,2026-08-31,12,12,bulundu,https://gencosmanisitmeilkokulu.meb.k12.tr/,2026-10-01T18:42:49.271817+00:00,,Öğrenci Sayısı: 12
Elazığ,Merkez,Gönül Kazancı Ticaret Mesleki ve Teknik Anadolu Lisesi,745691,Mesleki ve Teknik Anadolu Lisesi,https://gonulkazanci.meb.k12.tr,,,https://gonulkazanci.meb.k12.tr/tema/harita.php,2026-08-31,373,373,bulundu,https://gonulkazanci.meb.k12.tr/,2026-10-01T18:42:49.276324+00:00,,Öğrenci Sayısı : 373
Elazığ,Merkez,Gönül İhsan Tangülü İlkokulu,715447,İlkokul,https://gonulihsantanguluilkokulu.meb.k12.tr,,,https://gonulihsantanguluilkokulu.meb.k12.tr/tema/harita.php,2026-08-31,,,bulunamadi,,2026-10-01T18:42:49.345108+00:00,,
Elazığ,Merkez,Güneykent Anaokulu,775367,Anaokulu,https://775367.meb.k12.tr,,,https://775367.meb.k12.tr/tema/harita.php,2026-08-31,132,132,bulundu,https://775367.meb.k12.tr/,2026-10-01T18:42:49.463490+00:00,,Öğrenci Sayısı: 132
Elazığ,Merkez,Güneykent İlkokulu,773915,İlkokul,https://guneykentio.meb.k12.tr,,,https://guneykentio.meb.k12.tr/tema/harita.php,2026-08-31,826,826,bulundu,https://guneykentio.meb.k12.tr/,2026-10-01T18:42:49.538292+00:00,,Öğrenci Sayısı : 826
Elazığ,Merkez,Güzelyalı İlkokulu,714018,İlkokul,https://guzelyalio.meb.k12.tr,,,https://guzelyalio.meb.k12.tr/tema/harita.php,2026-08-31,5,5,bulundu,https://guzelyalio.meb.k12.tr/,2026-10-01T18:42:49.542391+00:00,,Öğrenci Sayısı 5
Elazığ,Merkez,Hacı Hulusi Yahyagil Anadolu İmam Hatip Lisesi,758283,Anadolu İmam Hatip Lisesi,https://hhyahyagilaihl.meb.k12.tr,,,https://hhyahyagilaihl.meb.k12.tr/tema/harita.php,2026-08-31,,,bulunamadi,,2026-10-01T18:42:49.826588+00:00,,
Elazığ,Merkez,Halit Hoca İmam Hatip Ortaokulu,758259,İmam Hatip Ortaokulu,https://halithocaimamhatip.meb.k12.tr,,,https://halithocaimamhatip.meb.k12.tr/tema/harita.php,2026-08-31,203,203,bulundu,https://halithocaimamhatip.meb.k12.tr/,2026-10-01T18:42:49.833843+00:00,,Öğrenci Sayısı : 203
Elazığ,Merkez,Hankendi Ortaokulu,718922,Ortaokul,https://hankendioo.meb.k12.tr,,,https://hankendioo.meb.k12.tr/tema/harita.php,2026-08-31,115,115,bulundu,https://hankendioo.meb.k12.tr/,2026-10-01T18:42:49.891071+00:00,,Öğrenci Sayısı : 115
Elazığ,Merkez,Harput Anadolu Lisesi,758293,Anadolu Lisesi,https://harputanadolulisesi.meb.k12.tr,,,https://harputanadolulisesi.meb.k12.tr/tema/harita.php,2026-08-31,728,728,bulundu,https://harputanadolulisesi.meb.k12.tr/,2026-10-01T18:42:49.966373+00:00,,Öğrenci Sayısı 728
Elazığ,Merkez,Harput Anaokulu,963951,Anaokulu,https://harputanaokulu.meb.k12.tr,,,https://harputanaokulu.meb.k12.tr/tema/harita.php,2026-08-31,119,119,bulundu,https://harputanaokulu.meb.k12.tr/,2026-10-01T18:42:49.999772+00:00,,Öğrenci Sayısı 119
Elazığ,Merkez,Harput Ekrem Uzel Ortaokulu,717127,Ortaokul,https://harputekremuzelortaokulu.meb.k12.tr,,,https://harputekremuzelortaokulu.meb.k12.tr/tema/harita.php,2026-08-31,43,43,bulundu,https://harputekremuzelortaokulu.meb.k12.tr/,2026-10-01T18:42:50.063395+00:00,,Öğrenci Sayısı : 43
Elazığ,Merkez,Harput Ekrem Uzel İlkokulu,717084,İlkokul,https://harputekremuzelilkokulu.meb.k12.tr,,,https://harputekremuzelilkokulu.meb.k12.tr/tema/harita.php,2026-08-31,45,45,bulundu,https://harputekremuzelilkokulu.meb.k12.tr/,2026-10-01T18:42:50.082395+00:00,,Öğrenci Sayısı : 45
Elazığ,Merkez,Hazar Anadolu Lisesi,974850,Anadolu Lisesi,https://hazaranadolulisesi.meb.k12.tr,,,https://hazaranadolulisesi.meb.k12.tr/tema/harita.php,2026-08-31,355,355,bulundu,https://hazaranadolulisesi.meb.k12.tr/,2026-10-01T18:42:50.088161+00:00,,Öğrenci Sayısı 355
Elazığ,Merkez,Hazar Baba Anaokulu,777379,Anaokulu,https://777379.meb.k12.tr,,,https://777379.meb.k12.tr/tema/harita.php,2026-08-31,117,117,bulundu,https://777379.meb.k12.tr/,2026-10-01T18:42:50.298049+00:00,,Öğrenci Sayısı: 117
Elazığ,Merkez,Hidayet PARLA Anaokulu,885720,Anaokulu,https://hidayetparlaanaokulu.meb.k12.tr,,,https://hidayetparlaanaokulu.meb.k12.tr/tema/harita.php,2026-08-31,182,182,bulundu,https://hidayetparlaanaokulu.meb.k12.tr/,2026-10-01T18:42:50.360694+00:00,,Öğrenci Sayısı : 182
Elazığ,Merkez,Hilalkent İlkokulu,714902,İlkokul,https://hilalkentilkokulu.meb.k12.tr,,,https://hilalkentilkokulu.meb.k12.tr/tema/harita.php,2026-08-31,613,613,bulundu,https://hilalkentilkokulu.meb.k12.tr/,2026-10-01T18:42:50.369106+00:00,,Öğrenci Sayısı : 613
Elazığ,Merkez,Hıdır Sever Anadolu Lisesi,973783,Anadolu Lisesi,https://hseveralis.meb.k12.tr,,,https://hseveralis.meb.k12.tr/tema/harita.php,2026-08-31,576,576,bulundu,https://hseveralis.meb.k12.tr/,2026-10-01T18:42:50.442328+00:00,,Öğrenci Sayısı : 576
Elazığ,Merkez,KAMPÜS MİNİK DÜŞLER ANAOKULU,774403,Anaokulu,https://kampusminikdusleranaokulu.meb.k12.tr,,,https://kampusminikdusleranaokulu.meb.k12.tr/tema/harita.php,2026-08-31,44,44,bulundu,https://kampusminikdusleranaokulu.meb.k12.tr/,2026-10-01T18:42:50.582184+00:00,,Öğrenci Sayısı: 44
Elazığ,Merkez,Kanuni Sultan Süleyman Ortaokulu,546936,Ortaokul,https://elazigkanuni.meb.k12.tr,,,https://elazigkanuni.meb.k12.tr/tema/harita.php,2026-08-31,442,442,bulundu,https://elazigkanuni.meb.k12.tr/,2026-10-01T18:42:50.709143+00:00,,Öğrenci Sayısı : 442
Elazığ,Merkez,Kardelen Anaokulu,774324,Anaokulu,https://774324.meb.k12.tr,,,https://774324.meb.k12.tr/tema/harita.php,2026-08-31,115,115,bulundu,https://774324.meb.k12.tr/,2026-10-01T18:42:51.036987+00:00,,Öğrenci Sayısı: 115
Elazığ,Merkez,Karşıyaka Ortaokulu,717465,Ortaokul,https://elazigkarsiyakaortaokulu.meb.k12.tr,,,https://elazigkarsiyakaortaokulu.meb.k12.tr/tema/harita.php,2026-08-31,134,134,bulundu,https://elazigkarsiyakaortaokulu.meb.k12.tr/,2026-10-01T18:42:51.081210+00:00,,Öğrenci Sayısı 134
Elazığ,Merkez,Kaya Karakaya Anadolu Lisesi,966344,Anadolu Lisesi,https://kayakarakayaanadolu.meb.k12.tr,,,https://kayakarakayaanadolu.meb.k12.tr/tema/harita.php,2026-08-31,547,547,bulundu,https://kayakarakayaanadolu.meb.k12.tr/,2026-10-01T18:42:51.104825+00:00,,Öğrenci Sayısı 547
Elazığ,Merkez,Kaya Karakaya Fen Lisesi,811855,Fen Lisesi,https://karakayafenlisesi.meb.k12.tr,,,https://karakayafenlisesi.meb.k12.tr/tema/harita.php,2026-08-31,459,459,bulundu,https://karakayafenlisesi.meb.k12.tr/,2026-10-01T18:42:51.108554+00:00,,Öğrenci Sayısı : 459
Elazığ,Merkez,Kaya Karakaya Ortaokulu,713738,Ortaokul,https://kko.meb.k12.tr,,,https://kko.meb.k12.tr/tema/harita.php,2026-08-31,503,503,bulundu,https://kko.meb.k12.tr/,2026-10-01T18:42:51.247814+00:00,,Öğrenci Sayısı : 503
Elazığ,Merkez,Kaya Karakaya Spor Lisesi,963738,Spor Lisesi,https://kksporlisesi.meb.k12.tr,,,https://kksporlisesi.meb.k12.tr/tema/harita.php,2026-08-31,187,187,bulundu,https://kksporlisesi.meb.k12.tr/,2026-10-01T18:42:51.251626+00:00,,Öğrenci Sayısı : 187
Elazığ,Merkez,Kazım Karabekir İlkokulu,713713,İlkokul,https://elazigkkarabekir.meb.k12.tr,,,https://elazigkkarabekir.meb.k12.tr/tema/harita.php,2026-08-31,,,bulunamadi,,2026-10-01T18:42:51.270472+00:00,,
Elazığ,Merkez,Koruk Ortaokulu,719089,Ortaokul,https://korukortaokulu.meb.k12.tr,,,https://korukortaokulu.meb.k12.tr/tema/harita.php,2026-08-31,54,54,bulundu,https://korukortaokulu.meb.k12.tr/,2026-10-01T18:42:51.367894+00:00,,Öğrenci Sayısı 54
Elazığ,Merkez,Koruk İlkokulu,144526,İlkokul,https://korukilkokulu.meb.k12.tr,,,https://korukilkokulu.meb.k12.tr/tema/harita.php,2026-08-31,44,44,bulundu,https://korukilkokulu.meb.k12.tr/,2026-10-01T18:42:51.423133+00:00,,Öğrenci Sayısı : 44
Elazığ,Merkez,Koç İlkokulu,813315,İlkokul,https://elazigkocokulu.meb.k12.tr,,,https://elazigkocokulu.meb.k12.tr/tema/harita.php,2026-08-31,1274,1274,bulundu,https://elazigkocokulu.meb.k12.tr/,2026-10-01T18:42:51.505103+00:00,,Öğrenci Sayısı : 1274
Elazığ,Merkez,Kuyulu Ortaokulu,718806,Ortaokul,https://elazigkuyuluortaokulu.meb.k12.tr,,,https://elazigkuyuluortaokulu.meb.k12.tr/tema/harita.php,2026-08-31,126,126,bulundu,https://elazigkuyuluortaokulu.meb.k12.tr/,2026-10-01T18:42:51.536470+00:00,,Öğrenci Sayısı : 126
Elazığ,Merkez,Kuşhane Kom İlkokulu,853320,İlkokul,https://853320.meb.k12.tr,,,https://853320.meb.k12.tr/tema/harita.php,2026-08-31,26,26,bulundu,https://853320.meb.k12.tr/,2026-10-01T18:42:51.564796+00:00,,Öğrenci Sayısı 26
Elazığ,Merkez,Kuşhane İlkokulu,766828,İlkokul,https://kushaneilkokulu.meb.k12.tr,,,https://kushaneilkokulu.meb.k12.tr/tema/harita.php,2026-08-31,10,10,bulundu,https://kushaneilkokulu.meb.k12.tr/,2026-10-01T18:42:51.677341+00:00,,Öğrenci Sayısı : 10
Elazığ,Merkez,Küçük Adımlar Anaokulu,970864,Anaokulu,https://kucukadimlaranaokulu.meb.k12.tr,,,https://kucukadimlaranaokulu.meb.k12.tr/tema/harita.php,2026-08-31,86,86,bulundu,https://kucukadimlaranaokulu.meb.k12.tr/,2026-10-01T18:42:51.789909+00:00,,Öğrenci Sayısı 86
Elazığ,Merkez,Kıbrıs Şehitleri İlkokulu,976899,İlkokul,https://ksio23.meb.k12.tr,,,https://ksio23.meb.k12.tr/tema/harita.php,2026-08-31,989,989,bulundu,https://ksio23.meb.k12.tr/,2026-10-01T18:42:51.983287+00:00,,Öğrenci Sayısı 989
Elazığ,Merkez,LİMAK Ortaokulu,768948,Ortaokul,https://limakortaokulu.meb.k12.tr,,,https://limakortaokulu.meb.k12.tr/tema/harita.php,2026-08-31,472,472,bulundu,https://limakortaokulu.meb.k12.tr/,2026-10-01T18:42:52.022300+00:00,,Öğrenci Sayısı : 472
Elazığ,Merkez,MEHMET ALTUN ANAOKULU,776224,Anaokulu,https://776224.meb.k12.tr,,,https://776224.meb.k12.tr/tema/harita.php,2026-08-31,78,78,bulundu,https://776224.meb.k12.tr/,2026-10-01T18:42:52.111932+00:00,,Öğrenci Sayısı : 78
Elazığ,Merkez,Mehmet Akif Ersoy Anadolu Lisesi,974851,Anadolu Lisesi,https://elmakifanadolulisesi.meb.k12.tr,,,https://elmakifanadolulisesi.meb.k12.tr/tema/harita.php,2026-08-31,629,629,bulundu,https://elmakifanadolulisesi.meb.k12.tr/tema/okulumuz_hakkinda.php,2026-10-01T18:42:52.127658+00:00,,Öğrenci : 629
Elazığ,Merkez,Mehmet Akif Ersoy İlkokulu,713429,İlkokul,https://makifersoy23.meb.k12.tr,,,https://makifersoy23.meb.k12.tr/tema/harita.php,2026-08-31,230,230,bulundu,https://makifersoy23.meb.k12.tr/,2026-10-01T18:42:52.195520+00:00,,Öğrenci Sayısı : 230
Elazığ,Merkez,Mehmet Koloğlu Anadolu Lisesi,964237,Anadolu Lisesi,https://kologluanadolulisesi.meb.k12.tr,,,https://kologluanadolulisesi.meb.k12.tr/tema/harita.php,2026-08-31,,,bulunamadi,,2026-10-01T18:42:52.223888+00:00,,
Elazığ,Merkez,Mehmet Mihri Akıncı Ortaokulu,713365,Ortaokul,https://mehmetmihriakinci.meb.k12.tr,,,https://mehmetmihriakinci.meb.k12.tr/tema/harita.php,2026-08-31,,,bulunamadi,,2026-10-01T18:42:52.261990+00:00,,
Elazığ,Merkez,Mehmet Zeki İlkokulu,547273,İlkokul,https://mehmetzeki.meb.k12.tr,,,https://mehmetzeki.meb.k12.tr/tema/harita.php,2026-08-31,602,602,bulundu,https://mehmetzeki.meb.k12.tr/,2026-10-01T18:42:52.266660+00:00,,Öğrenci Sayısı : 602
Elazığ,Merkez,Mehmet ve İfakat Gülaçtı İlkokulu,713767,İlkokul,https://gulacti.meb.k12.tr,,,https://gulacti.meb.k12.tr/tema/harita.php,2026-08-31,322,322,bulundu,https://gulacti.meb.k12.tr/,2026-10-01T18:42:52.298649+00:00,,Öğrenci Sayısı : 322
Elazığ,Merkez,Metin Doğan Ortaokulu,718605,Ortaokul,https://718605.meb.k12.tr,,,https://718605.meb.k12.tr/tema/harita.php,2026-08-31,,,bulunamadi,,2026-10-01T18:42:52.403644+00:00,,
Elazığ,Merkez,Metin Doğan İlkokulu,718573,İlkokul,https://718573.meb.k12.tr,,,https://718573.meb.k12.tr/tema/harita.php,2026-08-31,21,21,bulundu,https://718573.meb.k12.tr/,2026-10-01T18:42:52.597068+00:00,,Öğrenci Sayısı : 21
Elazığ,Merkez,Metin Koloğlu Mesleki ve Teknik Anadolu Lisesi,962358,Mesleki ve Teknik Anadolu Lisesi,https://metinkologlumtal.meb.k12.tr,,,https://metinkologlumtal.meb.k12.tr/tema/harita.php,2026-08-31,600,600,bulundu,https://metinkologlumtal.meb.k12.tr/,2026-10-01T18:42:52.657271+00:00,,Öğrenci Sayısı : 600
Elazığ,Merkez,Mezre Ortaokulu,713469,Ortaokul,https://mezre.meb.k12.tr,,,https://mezre.meb.k12.tr/tema/harita.php,2026-08-31,855,855,bulundu,https://mezre.meb.k12.tr/,2026-10-01T18:42:52.677956+00:00,,Öğrenci Sayısı : 855
Elazığ,Merkez,Mollakendi İlkokulu,718007,İlkokul,https://mollakendiilkokulu.meb.k12.tr,,,https://mollakendiilkokulu.meb.k12.tr/tema/harita.php,2026-08-31,104,104,bulundu,https://mollakendiilkokulu.meb.k12.tr/,2026-10-01T18:42:52.767506+00:00,,Öğrenci Sayısı 104
Elazığ,Merkez,Muratçık İlkokulu,771513,İlkokul,https://muratcikio.meb.k12.tr,,,https://muratcikio.meb.k12.tr/tema/harita.php,2026-08-31,26,26,bulundu,https://muratcikio.meb.k12.tr/,2026-10-01T18:42:52.769799+00:00,,Öğrenci Sayısı 26
Elazığ,Merkez,Mustafa Kemal Ortaokulu,976682,Ortaokul,https://elazigmustafakemalortaokulu.meb.k12.tr,,,https://elazigmustafakemalortaokulu.meb.k12.tr/tema/harita.php,2026-08-31,931,931,bulundu,https://elazigmustafakemalortaokulu.meb.k12.tr/,2026-10-01T18:42:52.950566+00:00,,Öğrenci Sayısı : 931
Elazığ,Merkez,Nahit Ergene Ortaokulu,717525,Ortaokul,https://nahitergene.meb.k12.tr,,,https://nahitergene.meb.k12.tr/tema/harita.php,2026-08-31,998,998,bulundu,https://nahitergene.meb.k12.tr/,2026-10-01T18:42:53.076693+00:00,,Öğrenci Sayısı : 998
Elazığ,Merkez,Nahit Ergene İlkokulu,717484,İlkokul,https://nahitergeneio.meb.k12.tr,,,https://nahitergeneio.meb.k12.tr/tema/harita.php,2026-08-31,905,905,bulundu,https://nahitergeneio.meb.k12.tr/,2026-10-01T18:42:53.115069+00:00,,Öğrenci Sayısı : 905
Elazığ,Merkez,Naide Karakaya İlkokulu,749275,İlkokul,https://naidekarakayailkokulu.meb.k12.tr,,,https://naidekarakayailkokulu.meb.k12.tr/tema/harita.php,2026-08-31,,,bulunamadi,,2026-10-01T18:42:53.388649+00:00,,
Elazığ,Merkez,Namık Kemal İlkokulu,547297,İlkokul,https://elazignamikkemal.meb.k12.tr,,,https://elazignamikkemal.meb.k12.tr/tema/harita.php,2026-08-31,702,702,bulundu,https://elazignamikkemal.meb.k12.tr/,2026-10-01T18:42:53.538790+00:00,,Öğrenci Sayısı: 702
Elazığ,Merkez,Necip Fazıl Kısakürek Anadolu Lisesi,967282,Anadolu Lisesi,https://elazignfk.meb.k12.tr,,,https://elazignfk.meb.k12.tr/tema/harita.php,2026-08-31,972,972,bulundu,https://elazignfk.meb.k12.tr/,2026-10-01T18:42:53.548969+00:00,,Öğrenci Sayısı : 972
Elazığ,Merkez,Necip Güngör KISAPARMAK Ticaret Mesleki ve Teknik Anadolu Lisesi,969902,Mesleki ve Teknik Anadolu Lisesi,https://necipgungorkisaparmakmtal.meb.k12.tr,,,https://necipgungorkisaparmakmtal.meb.k12.tr/tema/harita.php,2026-08-31,283,283,bulundu,https://necipgungorkisaparmakmtal.meb.k12.tr/,2026-10-01T18:42:53.598017+00:00,,Öğrenci Sayısı : 283
Elazığ,Merkez,Nene Hatun Anaokulu,972566,Anaokulu,https://elazignenehatunanaokulu.meb.k12.tr,,,https://elazignenehatunanaokulu.meb.k12.tr/tema/harita.php,2026-08-31,161,161,bulundu,https://elazignenehatunanaokulu.meb.k12.tr/,2026-10-01T18:42:53.676659+00:00,,Öğrenci Sayısı: 161
Elazığ,Merkez,Salim Hazardağlı İlkokulu,976932,İlkokul,https://salimhazardagliilkokulu.meb.k12.tr,,,https://salimhazardagliilkokulu.meb.k12.tr/tema/harita.php,2026-08-31,419,419,bulundu,https://salimhazardagliilkokulu.meb.k12.tr/,2026-10-01T18:42:53.686280+00:00,,Öğrenci Sayısı : 419
Elazığ,Merkez,Sanayi Anaokulu,973996,Anaokulu,https://sanayianaokulu.meb.k12.tr,,,https://sanayianaokulu.meb.k12.tr/tema/harita.php,2026-08-31,114,114,bulundu,https://sanayianaokulu.meb.k12.tr/,2026-10-01T18:42:53.783675+00:00,,Öğrenci Sayısı : 114
Elazığ,Merkez,Seyda Molla Bahri İmam Hatip Ortaokulu,758809,İmam Hatip Ortaokulu,https://seydamollabahri.meb.k12.tr,,,https://seydamollabahri.meb.k12.tr/tema/harita.php,2026-08-31,564,564,bulundu,https://seydamollabahri.meb.k12.tr/,2026-10-01T18:42:53.813048+00:00,,Öğrenci Sayısı 564
Elazığ,Merkez,Sezai Karakoç Anadolu Lisesi,769158,Anadolu Lisesi,https://elazigsezaikarakocal.meb.k12.tr,,,https://elazigsezaikarakocal.meb.k12.tr/tema/harita.php,2026-08-31,527,527,bulundu,https://elazigsezaikarakocal.meb.k12.tr/,2026-10-01T18:42:53.873891+00:00,,Öğrenci Sayısı 527
Elazığ,Merkez,Sezai Karakoç Özel Eğitim Anaokulu,767780,Anaokulu,https://sezaikarakocanaokulu.meb.k12.tr,,,https://sezaikarakocanaokulu.meb.k12.tr/tema/harita.php,2026-08-31,18,18,bulundu,https://sezaikarakocanaokulu.meb.k12.tr/,2026-10-01T18:42:53.922772+00:00,,Öğrenci Sayısı: 18
Elazığ,Merkez,Sürsürü  Anaokulu,773498,Anaokulu,https://773498.meb.k12.tr,,,https://773498.meb.k12.tr/tema/harita.php,2026-08-31,255,255,bulundu,https://773498.meb.k12.tr/tema/okulumuz_hakkinda.php,2026-10-01T18:42:54.072749+00:00,,Öğrenci : 255
Elazığ,Merkez,TOKİ Fırat Ortaokulu,716872,Ortaokul,https://elazigtokifiratortaokulu.meb.k12.tr,,,https://elazigtokifiratortaokulu.meb.k12.tr/tema/harita.php,2026-08-31,,,bulunamadi,,2026-10-01T18:42:54.100265+00:00,,
Elazığ,Merkez,TOKİ Fırat İlkokulu,716855,İlkokul,https://elazigtokifiratilkokulu.meb.k12.tr,,,https://elazigtokifiratilkokulu.meb.k12.tr/tema/harita.php,2026-08-31,856,856,bulundu,https://elazigtokifiratilkokulu.meb.k12.tr/tema/okulumuz_hakkinda.php,2026-10-01T18:42:54.205410+00:00,,Öğrenci : 856
Elazığ,Merkez,TOKİ Yemişlik İlkokulu,772703,İlkokul,https://tokiyemislikio.meb.k12.tr,,,https://tokiyemislikio.meb.k12.tr/tema/harita.php,2026-08-31,650,650,bulundu,https://tokiyemislikio.meb.k12.tr/,2026-10-01T18:42:54.403718+00:00,,Öğrenci Sayısı : 650
Elazığ,Merkez,TOKİ Şehit Arif Güneş Çok Programlı Anadolu Lisesi,971533,Çok Programlı Anadolu Lisesi,https://yazikonak.meb.k12.tr,,,https://yazikonak.meb.k12.tr/tema/harita.php,2026-08-31,240,240,bulundu,https://yazikonak.meb.k12.tr/,2026-10-01T18:42:54.453957+00:00,,Öğrenci Sayısı : 240
Elazığ,Merkez,Tadım İlkokulu,976999,İlkokul,https://tadimilkokulu.meb.k12.tr,,,https://tadimilkokulu.meb.k12.tr/tema/harita.php,2026-08-31,31,31,bulundu,https://tadimilkokulu.meb.k12.tr/,2026-10-01T18:42:54.601249+00:00,,Öğrenci Sayısı : 31
Elazığ,Merkez,Tevfik Yaramanoğlu İlkokulu,715173,İlkokul,https://tevfikyaramanogluilkokulu.meb.k12.tr,,,https://tevfikyaramanogluilkokulu.meb.k12.tr/tema/harita.php,2026-08-31,193,193,bulundu,https://tevfikyaramanogluilkokulu.meb.k12.tr/,2026-10-01T18:42:54.643346+00:00,,Öğrenci Sayısı 193
Elazığ,Merkez,Ulukent Anaokulu,759334,Anaokulu,https://ulukentanaokulu.meb.k12.tr,,,https://ulukentanaokulu.meb.k12.tr/tema/harita.php,2026-08-31,130,130,bulundu,https://ulukentanaokulu.meb.k12.tr/,2026-10-01T18:42:54.650408+00:00,,Öğrenci Sayısı: 130
Elazığ,Merkez,Uzuntarla Ortaokulu,718306,Ortaokul,https://uzuntarlaortaokulu.meb.k12.tr,,,https://uzuntarlaortaokulu.meb.k12.tr/tema/harita.php,2026-08-31,87,87,bulundu,https://uzuntarlaortaokulu.meb.k12.tr/tema/okulumuz_hakkinda.php,2026-10-01T18:42:54.677812+00:00,,Öğrenci : 87
Elazığ,Merkez,Uzuntarla İlkokulu,718263,İlkokul,https://uzuntarlailkokulu.meb.k12.tr,,,https://uzuntarlailkokulu.meb.k12.tr/tema/harita.php,2026-08-31,90,90,bulundu,https://uzuntarlailkokulu.meb.k12.tr/tema/okulumuz_hakkinda.php,2026-10-01T18:42:54.729586+00:00,,Öğrenci : 90
Elazığ,Merkez,Vali M.Lütfullah Bilgin İlkokulu,766156,İlkokul,https://elazigvlb.meb.k12.tr,,,https://elazigvlb.meb.k12.tr/tema/harita.php,2026-08-31,698,698,bulundu,https://elazigvlb.meb.k12.tr/,2026-10-01T18:42:54.759431+00:00,,Öğrenci Sayısı: 698
Elazığ,Merkez,Vali Muharrem Göktayoğlu Anadolu Lisesi,974853,Anadolu Lisesi,https://vmgal.meb.k12.tr,,,https://vmgal.meb.k12.tr/tema/harita.php,2026-08-31,182,182,bulundu,https://vmgal.meb.k12.tr/,2026-10-01T18:42:54.854169+00:00,,Öğrenci Sayısı 182
Elazığ,Merkez,Vali Tevfik Gür Ortaokulu,976471,Ortaokul,https://valitevfikgurortaokulu.meb.k12.tr,,,https://valitevfikgurortaokulu.meb.k12.tr/tema/harita.php,2026-08-31,472,472,bulundu,https://valitevfikgurortaokulu.meb.k12.tr/,2026-10-01T18:42:54.883607+00:00,,Öğrenci Sayısı : 472
Elazığ,Merkez,YURTBAŞI AKMEZRA İLKOKULU,714522,İlkokul,https://yurtbasiakmezra.meb.k12.tr,,,https://yurtbasiakmezra.meb.k12.tr/tema/harita.php,2026-08-31,3,3,bulundu,https://yurtbasiakmezra.meb.k12.tr/,2026-10-01T18:42:54.912054+00:00,,Öğrenci Sayısı : 3
Elazığ,Merkez,Yahya Kemal Beyatlı Anadolu Lisesi,758215,Anadolu Lisesi,https://elazigyahyakemalbeyatli.meb.k12.tr,,,https://elazigyahyakemalbeyatli.meb.k12.tr/tema/harita.php,2026-08-31,416,416,bulundu,https://elazigyahyakemalbeyatli.meb.k12.tr/,2026-10-01T18:42:55.043511+00:00,,Öğrenci Sayısı : 416
Elazığ,Merkez,Yakup Şevki Paşa İlkokulu,713655,İlkokul,https://yakupsevkipasailkokulu.meb.k12.tr,,,https://yakupsevkipasailkokulu.meb.k12.tr/tema/harita.php,2026-08-31,258,258,bulundu,https://yakupsevkipasailkokulu.meb.k12.tr/,2026-10-01T18:42:55.046178+00:00,,Öğrenci Sayısı 258
Elazığ,Merkez,Yazıkonak Anaokulu,967278,Anaokulu,https://yazikonakanaokulu.meb.k12.tr,,,https://yazikonakanaokulu.meb.k12.tr/tema/harita.php,2026-08-31,108,108,bulundu,https://yazikonakanaokulu.meb.k12.tr/,2026-10-01T18:42:55.052789+00:00,,Öğrenci Sayısı: 108
Elazığ,Merkez,Yedigöze İlkokulu,976617,İlkokul,https://yedigze.meb.k12.tr,,,https://yedigze.meb.k12.tr/tema/harita.php,2026-08-31,32,32,bulundu,https://yedigze.meb.k12.tr/,2026-10-01T18:42:55.057904+00:00,,Öğrenci Sayısı: 32
Elazığ,Merkez,Yemişlik Anaokulu,775817,Anaokulu,https://775817.meb.k12.tr,,,https://775817.meb.k12.tr/tema/harita.php,2026-08-31,121,121,bulundu,https://775817.meb.k12.tr/,2026-10-01T18:42:55.113766+00:00,,Öğrenci Sayısı: 121
Elazığ,Merkez,Yenice İlkokulu,976448,İlkokul,https://elazigyenice.meb.k12.tr,,,https://elazigyenice.meb.k12.tr/tema/harita.php,2026-08-31,51,51,bulundu,https://elazigyenice.meb.k12.tr/,2026-10-01T18:42:55.296347+00:00,,Öğrenci Sayısı : 51
Elazığ,Merkez,Yunus Emre İlkokulu,717387,İlkokul,https://yunusemre23.meb.k12.tr,,,https://yunusemre23.meb.k12.tr/tema/harita.php,2026-08-31,250,250,bulundu,https://yunusemre23.meb.k12.tr/,2026-10-01T18:42:55.438633+00:00,,Öğrenci Sayısı : 250
Elazığ,Merkez,Yurtbaşı Gurbetmezrası İlkokulu,771515,İlkokul,https://771515.meb.k12.tr,,,https://771515.meb.k12.tr/tema/harita.php,2026-08-31,3,3,bulundu,https://771515.meb.k12.tr/,2026-10-01T18:42:55.620280+00:00,,Öğrenci Sayısı 3
Elazığ,Merkez,Yusuf Saniye Soylu Anaokulu,973226,Anaokulu,https://yusufsaniyesoyluanaokulu.meb.k12.tr,,,https://yusufsaniyesoyluanaokulu.meb.k12.tr/tema/harita.php,2026-08-31,141,141,bulundu,https://yusufsaniyesoyluanaokulu.meb.k12.tr/,2026-10-01T18:42:55.632505+00:00,,Öğrenci Sayısı 141
Elazığ,Merkez,Yücel İlkokulu,546721,İlkokul,https://elazigyucelilkokulu.meb.k12.tr,,,https://elazigyucelilkokulu.meb.k12.tr/tema/harita.php,2026-08-31,705,705,bulundu,https://elazigyucelilkokulu.meb.k12.tr/,2026-10-01T18:42:55.728620+00:00,,Öğrenci Sayısı : 705
Elazığ,Merkez,Yünlüce Ortaokulu,718522,Ortaokul,https://yunluce.meb.k12.tr,,,https://yunluce.meb.k12.tr/tema/harita.php,2026-08-31,78,78,bulundu,https://yunluce.meb.k12.tr/,2026-10-01T18:42:55.826372+00:00,,Öğrenci Sayısı : 78
Elazığ,Merkez,Yünlüce İlkokulu,718496,İlkokul,https://yunluceilkokulu.meb.k12.tr,,,https://yunluceilkokulu.meb.k12.tr/tema/harita.php,2026-08-31,106,106,bulundu,https://yunluceilkokulu.meb.k12.tr/,2026-10-01T18:42:55.963614+00:00,,Öğrenci Sayısı : 106
Elazığ,Merkez,Yılangeçiren İlkokulu,714407,İlkokul,https://714407.meb.k12.tr,,,https://714407.meb.k12.tr/tema/harita.php,2026-08-31,17,17,bulundu,https://714407.meb.k12.tr/,2026-10-01T18:42:56.033046+00:00,,Öğrenci Sayısı : 17
Elazığ,Merkez,Yıldızbağları Anaokulu,972580,Anaokulu,https://yildizbaglarianaokulu.meb.k12.tr,,,https://yildizbaglarianaokulu.meb.k12.tr/tema/harita.php,2026-08-31,5,5,bulundu,https://yildizbaglarianaokulu.meb.k12.tr/,2026-10-01T18:42:56.061178+00:00,,Öğrenci Sayısı 5
Elazığ,Merkez,Zeycan Yıldırım Mesleki Eğitim Merkezi,777136,Mesleki Eğitim Merkezi,https://zeycanyildirimmesem.meb.k12.tr,,,https://zeycanyildirimmesem.meb.k12.tr/tema/harita.php,2026-08-31,5,5,bulundu,https://zeycanyildirimmesem.meb.k12.tr/,2026-10-01T18:42:56.086374+00:00,,Öğrenci Sayısı : 5
Elazığ,Merkez,Zeycan Yıldırım Mesleki ve Teknik Anadolu Lisesi,761467,Mesleki ve Teknik Anadolu Lisesi,https://zeycanmtal.meb.k12.tr,,,https://zeycanmtal.meb.k12.tr/tema/harita.php,2026-08-31,,,bulunamadi,,2026-10-01T18:42:56.321312+00:00,,
Elazığ,Merkez,Ziver İmam Hatip Ortaokulu,719103,İmam Hatip Ortaokulu,https://ziverimamhatiportaokulu.meb.k12.tr,,,https://ziverimamhatiportaokulu.meb.k12.tr/tema/harita.php,2026-08-31,119,119,bulundu,https://ziverimamhatiportaokulu.meb.k12.tr/,2026-10-01T18:42:56.332010+00:00,,Öğrenci Sayısı : 119
Elazığ,Merkez,Ziya Gökalp Ortaokulu,716942,Ortaokul,https://ziyagokalp.meb.k12.tr,,,https://ziyagokalp.meb.k12.tr/tema/harita.php,2026-08-31,161,161,bulundu,https://ziyagokalp.meb.k12.tr/,2026-10-01T18:42:56.377864+00:00,,Öğrenci Sayısı : 161
Elazığ,Merkez,Ziya Gökalp İlkokulu,716925,İlkokul,https://ezgi.meb.k12.tr,,,https://ezgi.meb.k12.tr/tema/harita.php,2026-08-31,180,180,bulundu,https://ezgi.meb.k12.tr/,2026-10-01T18:42:56.405094+00:00,,Öğrenci Sayısı : 180
Elazığ,Merkez,ÇABA İlkokulu,887996,İlkokul,https://cabailkokulu.meb.k12.tr,,,https://cabailkokulu.meb.k12.tr/tema/harita.php,2026-08-31,614,614,bulundu,https://cabailkokulu.meb.k12.tr/,2026-10-01T18:42:56.518925+00:00,,Öğrenci Sayısı 614
Elazığ,Merkez,ÇATALÇEŞME ANAOKULU,776234,Anaokulu,https://776234.meb.k12.tr,,,https://776234.meb.k12.tr/tema/harita.php,2026-08-31,140,140,bulundu,https://776234.meb.k12.tr/tema/okulumuz_hakkinda.php,2026-10-01T18:42:56.596016+00:00,,Öğrenci : 140
Elazığ,Merkez,Çatalçeşme İlkokulu,769195,İlkokul,https://catalcesmeilkokulu.meb.k12.tr,,,https://catalcesmeilkokulu.meb.k12.tr/tema/harita.php,2026-08-31,568,568,bulundu,https://catalcesmeilkokulu.meb.k12.tr/,2026-10-01T18:42:56.627603+00:00,,Öğrenci Sayısı: 568
Elazığ,Merkez,Çaydaçıra Anaokulu,752934,Anaokulu,https://caydaciraanaokulu.meb.k12.tr,,,https://caydaciraanaokulu.meb.k12.tr/tema/harita.php,2026-08-31,139,139,bulundu,https://caydaciraanaokulu.meb.k12.tr/,2026-10-01T18:42:56.940053+00:00,,Öğrenci Sayısı: 139
Elazığ,Merkez,Çubukbey Anadolu Lisesi,964238,Anadolu Lisesi,https://cubukbey.meb.k12.tr,,,https://cubukbey.meb.k12.tr/tema/harita.php,2026-08-31,439,439,bulundu,https://cubukbey.meb.k12.tr/,2026-10-01T18:42:57.095286+00:00,,Öğrenci Sayısı : 439
Elazığ,Merkez,Örençay Doktorevleri İlkokulu,714207,İlkokul,https://doktorevleriilkokulu.meb.k12.tr,,,https://doktorevleriilkokulu.meb.k12.tr/tema/harita.php,2026-08-31,28,28,bulundu,https://doktorevleriilkokulu.meb.k12.tr/,2026-10-01T18:42:57.224170+00:00,,Öğrenci Sayısı 28
Elazığ,Merkez,Öğretmen Sıdıka Avar Kız Mesleki ve Teknik Anadolu Lisesi,216470,Mesleki ve Teknik Anadolu Lisesi,https://sidikaavarkml.meb.k12.tr,,,https://sidikaavarkml.meb.k12.tr/tema/harita.php,2026-08-31,761,761,bulundu,https://sidikaavarkml.meb.k12.tr/tema/okulumuz_hakkinda.php,2026-10-01T18:42:57.263953+00:00,,Öğrenci : 761
Elazığ,Merkez,İbn-i Sina Ortaokulu,717957,Ortaokul,https://ibnisina-ortaokulu.meb.k12.tr,,,https://ibnisina-ortaokulu.meb.k12.tr/tema/harita.php,2026-08-31,186,186,bulundu,https://ibnisina-ortaokulu.meb.k12.tr/,2026-10-01T18:42:57.283869+00:00,,Öğrenci Sayısı 186
Elazığ,Merkez,İbn-i Sina İlkokulu,547008,İlkokul,https://ibn-isinailkokulu.meb.k12.tr,,,https://ibn-isinailkokulu.meb.k12.tr/tema/harita.php,2026-08-31,250,250,bulundu,https://ibn-isinailkokulu.meb.k12.tr/,2026-10-01T18:42:57.311724+00:00,,Öğrenci Sayısı 250
Elazığ,Merkez,İbrahim Taşel Ortaokulu,713487,Ortaokul,https://ibrahimtaselortaokulu.meb.k12.tr,,,https://ibrahimtaselortaokulu.meb.k12.tr/tema/harita.php,2026-08-31,633,633,bulundu,https://ibrahimtaselortaokulu.meb.k12.tr/,2026-10-01T18:42:57.333238+00:00,,Öğrenci Sayısı : 633
Elazığ,Merkez,İhsan Tangülü Ortaokulu,707560,Ortaokul,https://ihsantanguluortaokulu.meb.k12.tr,,,https://ihsantanguluortaokulu.meb.k12.tr/tema/harita.php,2026-08-31,1088,1088,bulundu,https://ihsantanguluortaokulu.meb.k12.tr/,2026-10-01T18:42:57.339660+00:00,,Öğrenci Sayısı : 1088
Elazığ,Merkez,İmam Efendi Kız Anadolu İmam Hatip Lisesi,745696,Anadolu İmam Hatip Lisesi,https://imamefendikizanadoluihl.meb.k12.tr,,,https://imamefendikizanadoluihl.meb.k12.tr/tema/harita.php,2026-08-31,373,373,bulundu,https://imamefendikizanadoluihl.meb.k12.tr/,2026-10-01T18:42:57.405436+00:00,,Öğrenci Sayısı : 373
Elazığ,Merkez,İsmet Paşa İlkokulu,547320,İlkokul,https://elzismetpasa.meb.k12.tr,,,https://elzismetpasa.meb.k12.tr/tema/harita.php,2026-08-31,716,716,bulundu,https://elzismetpasa.meb.k12.tr/,2026-10-01T18:42:57.443925+00:00,,Öğrenci Sayısı : 716
Elazığ,Merkez,İstiklal Ortaokulu,717222,Ortaokul,https://istiklalortaokul.meb.k12.tr,,,https://istiklalortaokul.meb.k12.tr/tema/harita.php,2026-08-31,323,323,bulundu,https://istiklalortaokul.meb.k12.tr/,2026-10-01T18:42:57.492102+00:00,,Öğrenci Sayısı : 323
Elazığ,Merkez,İyiliğe Uçanlar Anaokulu,768330,Anaokulu,https://768330.meb.k12.tr,,,https://768330.meb.k12.tr/tema/harita.php,2026-08-31,83,83,bulundu,https://768330.meb.k12.tr/,2026-10-01T18:42:57.613132+00:00,,Öğrenci Sayısı: 83
Elazığ,Merkez,İçme Ortaokulu,718131,Ortaokul,https://icmeortaokulu.meb.k12.tr,,,https://icmeortaokulu.meb.k12.tr/tema/harita.php,2026-08-31,52,52,bulundu,https://icmeortaokulu.meb.k12.tr/,2026-10-01T18:42:57.705409+00:00,,Öğrenci Sayısı 52
Elazığ,Merkez,İçme İlkokulu,718095,İlkokul,https://elazigicmeilkokulu.meb.k12.tr,,,https://elazigicmeilkokulu.meb.k12.tr/tema/harita.php,2026-08-31,62,62,bulundu,https://elazigicmeilkokulu.meb.k12.tr/,2026-10-01T18:42:57.781787+00:00,,Öğrenci Sayısı : 62
Elazığ,Merkez,Şahinkaya Ortaokulu,745667,Ortaokul,https://sahinkayaortaokulu.meb.k12.tr,,,https://sahinkayaortaokulu.meb.k12.tr/tema/harita.php,2026-08-31,80,80,bulundu,https://sahinkayaortaokulu.meb.k12.tr/tema/okulumuz_hakkinda.php,2026-10-01T18:42:57.945828+00:00,,Öğrenci : 80
Elazığ,Merkez,Şahinkaya İlkokulu,718766,İlkokul,https://sahinkayailkokulu.meb.k12.tr,,,https://sahinkayailkokulu.meb.k12.tr/tema/harita.php,2026-08-31,71,71,bulundu,https://sahinkayailkokulu.meb.k12.tr/tema/okulumuz_hakkinda.php,2026-10-01T18:42:58.169546+00:00,,Öğrenci : 71
Elazığ,Merkez,Şahsuvar Ortaokulu,718906,Ortaokul,https://sahsuvarortaokulu.meb.k12.tr,,,https://sahsuvarortaokulu.meb.k12.tr/tema/harita.php,2026-08-31,36,36,bulundu,https://sahsuvarortaokulu.meb.k12.tr/,2026-10-01T18:42:58.393970+00:00,,Öğrenci Sayısı : 36
Elazığ,Merkez,Şahsuvar İlkokulu,718863,İlkokul,https://sahsuvarilkokulu.meb.k12.tr,,,https://sahsuvarilkokulu.meb.k12.tr/tema/harita.php,2026-08-31,23,23,bulundu,https://sahsuvarilkokulu.meb.k12.tr/,2026-10-01T18:42:58.429858+00:00,,Öğrenci Sayısı : 23
Elazığ,Merkez,Şair Hayri İlkokulu,546686,İlkokul,https://sairhayri.meb.k12.tr,,,https://sairhayri.meb.k12.tr/tema/harita.php,2026-08-31,524,524,bulundu,https://sairhayri.meb.k12.tr/,2026-10-01T18:42:58.505947+00:00,,Öğrenci Sayısı : 524
Elazığ,Merkez,Şehit Ahmet Küçüktağ İlkokulu,701364,İlkokul,https://sehitahmetkucuktagilkokulu.meb.k12.tr,,,https://sehitahmetkucuktagilkokulu.meb.k12.tr/tema/harita.php,2026-08-31,295,295,bulundu,https://sehitahmetkucuktagilkokulu.meb.k12.tr/,2026-10-01T18:42:58.529697+00:00,,Öğrenci Sayısı 295
Elazığ,Merkez,Şehit Aytaç Kaya Ortaokulu,773997,Ortaokul,https://sehitaytackaya.meb.k12.tr,,,https://sehitaytackaya.meb.k12.tr/tema/harita.php,2026-08-31,620,620,bulundu,https://sehitaytackaya.meb.k12.tr/,2026-10-01T18:42:58.551423+00:00,,Öğrenci Sayısı 620
Elazığ,Merkez,Şehit Bayram-Nurgül Aladağ İlkokulu,765615,İlkokul,https://shtbayramnurgulaladagilkokulu.meb.k12.tr,,,https://shtbayramnurgulaladagilkokulu.meb.k12.tr/tema/harita.php,2026-08-31,,,bulunamadi,,2026-10-01T18:42:58.586209+00:00,,
Elazığ,Merkez,Şehit Burhan Gatfar Ortaokulu,763986,Ortaokul,https://bg.meb.k12.tr,,,https://bg.meb.k12.tr/tema/harita.php,2026-08-31,948,948,bulundu,https://bg.meb.k12.tr/,2026-10-01T18:42:58.597496+00:00,,Öğrenci Sayısı : 948
Elazığ,Merkez,Şehit Bünyamin Torğut İlkokulu,718971,İlkokul,https://sehitbunyamintorgutilkokulu.meb.k12.tr,,,https://sehitbunyamintorgutilkokulu.meb.k12.tr/tema/harita.php,2026-08-31,706,706,bulundu,https://sehitbunyamintorgutilkokulu.meb.k12.tr/tema/okulumuz_hakkinda.php,2026-10-01T18:42:58.618027+00:00,,Öğrenci : 706
Elazığ,Merkez,Şehit Canbert Tatar İlkokulu,311372,İlkokul,https://sehitcanberttatar.meb.k12.tr,,,https://sehitcanberttatar.meb.k12.tr/tema/harita.php,2026-08-31,714,714,bulundu,https://sehitcanberttatar.meb.k12.tr/,2026-10-01T18:42:58.698835+00:00,,Öğrenci Sayısı : 714
Elazığ,Merkez,Şehit Cengiz Darbaş Anaokulu,970863,Anaokulu,https://shtcengizdarbasanaokulu.meb.k12.tr,,,https://shtcengizdarbasanaokulu.meb.k12.tr/tema/harita.php,2026-08-31,33,33,bulundu,https://shtcengizdarbasanaokulu.meb.k12.tr/,2026-10-01T18:42:58.774655+00:00,,Öğrenci Sayısı 33
Elazığ,Merkez,Şehit Cihat Şahin Ortaokulu,769196,Ortaokul,https://769196.meb.k12.tr,,,https://769196.meb.k12.tr/tema/harita.php,2026-08-31,500,500,bulundu,https://769196.meb.k12.tr/,2026-10-01T18:42:58.811683+00:00,,Öğrenci Sayısı : 500
Elazığ,Merkez,Şehit Coşkun Özcan Ortaokulu,718452,Ortaokul,https://sehitcoskunozcan.meb.k12.tr,,,https://sehitcoskunozcan.meb.k12.tr/tema/harita.php,2026-08-31,274,274,bulundu,https://sehitcoskunozcan.meb.k12.tr/,2026-10-01T18:42:59.059647+00:00,,Öğrenci Sayısı 274
Elazığ,Merkez,Şehit Cuma Dağ Ortaokulu,758257,Ortaokul,https://cumadag.meb.k12.tr,,,https://cumadag.meb.k12.tr/tema/harita.php,2026-08-31,556,556,bulundu,https://cumadag.meb.k12.tr/tema/okulumuz_hakkinda.php,2026-10-01T18:42:59.196133+00:00,,Öğrenci : 556
Elazığ,Merkez,Şehit Cüneyit Bankur İmam Hatip Ortaokulu,765623,İmam Hatip Ortaokulu,https://shtcuneytbankur.meb.k12.tr,,,https://shtcuneytbankur.meb.k12.tr/tema/harita.php,2026-08-31,120,120,bulundu,https://shtcuneytbankur.meb.k12.tr/,2026-10-01T18:42:59.207835+00:00,,Öğrenci Sayısı 120
Elazığ,Merkez,Şehit Emrah Horoz İmam Hatip Ortaokulu,765624,İmam Hatip Ortaokulu,https://sehitemrahhoroziho.meb.k12.tr,,,https://sehitemrahhoroziho.meb.k12.tr/tema/harita.php,2026-08-31,22,22,bulundu,https://sehitemrahhoroziho.meb.k12.tr/tema/okulumuz_hakkinda.php,2026-10-01T18:42:59.277466+00:00,,Öğrenci : 22
Elazığ,Merkez,Şehit Eyyüp Oğuz Anadolu İmam Hatip Lisesi,762170,Anadolu İmam Hatip Lisesi,https://sehiteyupoguzfenihl.meb.k12.tr,,,https://sehiteyupoguzfenihl.meb.k12.tr/tema/harita.php,2026-08-31,567,567,bulundu,https://sehiteyupoguzfenihl.meb.k12.tr/,2026-10-01T18:42:59.346285+00:00,,Öğrenci Sayısı : 567
Elazığ,Merkez,Şehit Eyüp Emre Kan İlkokulu,718876,İlkokul,https://sehiteyupemrekanilkokulu.meb.k12.tr,,,https://sehiteyupemrekanilkokulu.meb.k12.tr/tema/harita.php,2026-08-31,,,bulunamadi,,2026-10-01T18:42:59.493828+00:00,,
Elazığ,Merkez,Şehit Faruk Barut Çok Programlı Anadolu Lisesi,144575,Çok Programlı Anadolu Lisesi,https://sehitfarukbarut.meb.k12.tr,,,https://sehitfarukbarut.meb.k12.tr/tema/harita.php,2026-08-31,104,104,bulundu,https://sehitfarukbarut.meb.k12.tr/tema/okulumuz_hakkinda.php,2026-10-01T18:42:59.537930+00:00,,Öğrenci : 104
Elazığ,Merkez,Şehit Faruk Demir İlkokulu,766504,İlkokul,https://sehitfarukdemirilkokulu.meb.k12.tr,,,https://sehitfarukdemirilkokulu.meb.k12.tr/tema/harita.php,2026-08-31,659,659,bulundu,https://sehitfarukdemirilkokulu.meb.k12.tr/,2026-10-01T18:42:59.563866+00:00,,Öğrenci Sayısı: 659
Elazığ,Merkez,Şehit Fatih Ercan İmam Hatip Ortaokulu,764018,İmam Hatip Ortaokulu,https://sehitfatihercanimamhatipoo.meb.k12.tr,,,https://sehitfatihercanimamhatipoo.meb.k12.tr/tema/harita.php,2026-08-31,38,38,bulundu,https://sehitfatihercanimamhatipoo.meb.k12.tr/,2026-10-01T18:42:59.617974+00:00,,Öğrenci Sayısı : 38
Elazığ,Merkez,Şehit Fethi Murat İlkokulu,853264,İlkokul,https://shtfethimuratilkokulu.meb.k12.tr,,,https://shtfethimuratilkokulu.meb.k12.tr/tema/harita.php,2026-08-31,643,643,bulundu,https://shtfethimuratilkokulu.meb.k12.tr/,2026-10-01T18:42:59.658933+00:00,,Öğrenci Sayısı : 643
Elazığ,Merkez,Şehit Fethi Sekin Kızılay Anaokulu,766629,Anaokulu,https://766629.meb.k12.tr,,,https://766629.meb.k12.tr/tema/harita.php,2026-08-31,99,99,bulundu,https://766629.meb.k12.tr/,2026-10-01T18:42:59.730913+00:00,,Öğrenci Sayısı: 99
Elazığ,Merkez,Şehit Fevzi Gürsu Ortaokulu,715625,Ortaokul,https://sehitfevzigursuortaokulu.meb.k12.tr,,,https://sehitfevzigursuortaokulu.meb.k12.tr/tema/harita.php,2026-08-31,633,633,bulundu,https://sehitfevzigursuortaokulu.meb.k12.tr/,2026-10-01T18:43:00.110362+00:00,,Öğrenci Sayısı 633
Elazığ,Merkez,Şehit Fevzi Katar İmam Hatip Ortaokulu,764100,İmam Hatip Ortaokulu,https://sehitfevzikatariho.meb.k12.tr,,,https://sehitfevzikatariho.meb.k12.tr/tema/harita.php,2026-08-31,73,73,bulundu,https://sehitfevzikatariho.meb.k12.tr/,2026-10-01T18:43:00.148554+00:00,,Öğrenci Sayısı : 73
Elazığ,Merkez,Şehit Hasan Halit Küçük Ortaokulu,766505,Ortaokul,https://sehithasanhalitkucukortaokulu.meb.k12.tr,,,https://sehithasanhalitkucukortaokulu.meb.k12.tr/tema/harita.php,2026-08-31,611,611,bulundu,https://sehithasanhalitkucukortaokulu.meb.k12.tr/tema/okulumuz_hakkinda.php,2026-10-01T18:43:00.158148+00:00,,Öğrenci : 611
Elazığ,Merkez,Şehit Hüseyin Göral İmam Hatip Ortaokulu,762098,İmam Hatip Ortaokulu,https://sehithuseyingoraliho.meb.k12.tr,,,https://sehithuseyingoraliho.meb.k12.tr/tema/harita.php,2026-08-31,175,175,bulundu,https://sehithuseyingoraliho.meb.k12.tr/,2026-10-01T18:43:00.214004+00:00,,Öğrenci Sayısı : 175
Elazığ,Merkez,Şehit Kemal Aslan İlkokulu,775051,İlkokul,https://775051.meb.k12.tr,,,https://775051.meb.k12.tr/tema/harita.php,2026-08-31,914,914,bulundu,https://775051.meb.k12.tr/,2026-10-01T18:43:00.243420+00:00,,Öğrenci Sayısı : 914
Elazığ,Merkez,Şehit Korgeneral Hulusi Sayın Ticaret Mesleki ve Teknik Anadolu Lisesi,144658,Mesleki ve Teknik Anadolu Lisesi,https://shtkorgeneralhulusisayinmtal.meb.k12.tr,,,https://shtkorgeneralhulusisayinmtal.meb.k12.tr/tema/harita.php,2026-08-31,559,559,bulundu,https://shtkorgeneralhulusisayinmtal.meb.k12.tr/,2026-10-01T18:43:00.656840+00:00,,Öğrenci Sayısı 559
Elazığ,Merkez,Şehit Korgeneral Osman Erbaş Anadolu Lisesi,774030,Anadolu Lisesi,https://elazigosmanerbas.meb.k12.tr,,,https://elazigosmanerbas.meb.k12.tr/tema/harita.php,2026-08-31,562,562,bulundu,https://elazigosmanerbas.meb.k12.tr/,2026-10-01T18:43:00.773777+00:00,,Öğrenci Sayısı : 562
Elazığ,Merkez,Şehit Mehmet Akpınar İlkokulu,706672,İlkokul,https://sehitmehmetakpinarilkokulu.meb.k12.tr,,,https://sehitmehmetakpinarilkokulu.meb.k12.tr/tema/harita.php,2026-08-31,390,390,bulundu,https://sehitmehmetakpinarilkokulu.meb.k12.tr/,2026-10-01T18:43:00.796204+00:00,,Öğrenci Sayısı 390
Elazığ,Merkez,Şehit Mehmet Öter Turizm Mesleki ve Teknik Anadolu Lisesi,972900,Mesleki ve Teknik Anadolu Lisesi,https://turizm.meb.k12.tr,,,https://turizm.meb.k12.tr/tema/harita.php,2026-08-31,323,323,bulundu,https://turizm.meb.k12.tr/,2026-10-01T18:43:00.904835+00:00,,Öğrenci Sayısı 323
Elazığ,Merkez,Şehit Metin Koza Anaokulu,818140,Anaokulu,https://elazsehitmetinkozaanaokulu.meb.k12.tr,,,https://elazsehitmetinkozaanaokulu.meb.k12.tr/tema/harita.php,2026-08-31,147,147,bulundu,https://elazsehitmetinkozaanaokulu.meb.k12.tr/,2026-10-01T18:43:00.938892+00:00,,Öğrenci Sayısı 147
Elazığ,Merkez,Şehit Musa Yılmaz İlkokulu,764198,İlkokul,https://sehitmusayilmazio.meb.k12.tr,,,https://sehitmusayilmazio.meb.k12.tr/tema/harita.php,2026-08-31,980,980,bulundu,https://sehitmusayilmazio.meb.k12.tr/,2026-10-01T18:43:00.994450+00:00,,Öğrenci Sayısı : 980
Elazığ,Merkez,Şehit Mustafa Yıldırım Ortaokulu,717033,Ortaokul,https://sehitmustafayildirimoo.meb.k12.tr,,,https://sehitmustafayildirimoo.meb.k12.tr/tema/harita.php,2026-08-31,80,80,bulundu,https://sehitmustafayildirimoo.meb.k12.tr/,2026-10-01T18:43:00.996688+00:00,,Öğrenci Sayısı : 80
Elazığ,Merkez,Şehit Mustafa Yıldırım İlkokulu,717003,İlkokul,https://sehitmustafayildirimio.meb.k12.tr,,,https://sehitmustafayildirimio.meb.k12.tr/tema/harita.php,2026-08-31,101,101,bulundu,https://sehitmustafayildirimio.meb.k12.tr/,2026-10-01T18:43:01.046187+00:00,,Öğrenci Sayısı : 101
Elazığ,Merkez,Şehit Nadir Ozan Ortaokulu,713673,Ortaokul,https://sehitnadirozanortaokulu.meb.k12.tr,,,https://sehitnadirozanortaokulu.meb.k12.tr/tema/harita.php,2026-08-31,301,301,bulundu,https://sehitnadirozanortaokulu.meb.k12.tr/,2026-10-01T18:43:01.161967+00:00,,Öğrenci Sayısı : 301
Elazığ,Merkez,Şehit Nadir İpek Ortaokulu,716984,Ortaokul,https://sehitnadiripekortaokulu.meb.k12.tr,,,https://sehitnadiripekortaokulu.meb.k12.tr/tema/harita.php,2026-08-31,338,338,bulundu,https://sehitnadiripekortaokulu.meb.k12.tr/,2026-10-01T18:43:01.203242+00:00,,Öğrenci Sayısı : 338
Elazığ,Merkez,Şehit Oktay Bulun Anadolu Lisesi,972835,Anadolu Lisesi,https://sehitoktaybulunanadolulisesi.meb.k12.tr,,,https://sehitoktaybulunanadolulisesi.meb.k12.tr/tema/harita.php,2026-08-31,629,629,bulundu,https://sehitoktaybulunanadolulisesi.meb.k12.tr/,2026-10-01T18:43:01.204597+00:00,,Öğrenci Sayısı 629
Elazığ,Merkez,Şehit Piyade Binbaşı Zafer Kılıç Anadolu İmam Hatip Lisesi,749309,Anadolu İmam Hatip Lisesi,https://zaferkilicihl.meb.k12.tr,,,https://zaferkilicihl.meb.k12.tr/tema/harita.php,2026-08-31,268,268,bulundu,https://zaferkilicihl.meb.k12.tr/,2026-10-01T18:43:01.250799+00:00,,Öğrenci Sayısı 268
Elazığ,Merkez,Şehit Piyade Binbaşı Zafer Kılıç İlkokulu,717641,İlkokul,https://zki.meb.k12.tr,,,https://zki.meb.k12.tr/tema/harita.php,2026-08-31,327,327,bulundu,https://zki.meb.k12.tr/,2026-10-01T18:43:01.320909+00:00,,Öğrenci Sayısı: 327
Elazığ,Merkez,Şehit Ragip Soylu Coşkun Ortaokulu,772702,Ortaokul,https://772702.meb.k12.tr,,,https://772702.meb.k12.tr/tema/harita.php,2026-08-31,629,629,bulundu,https://772702.meb.k12.tr/,2026-10-01T18:43:01.377036+00:00,,Öğrenci Sayısı : 629
Elazığ,Merkez,Şehit Sefer Alan Anadolu Lisesi,775029,Anadolu Lisesi,https://775029.meb.k12.tr,,,https://775029.meb.k12.tr/tema/harita.php,2026-08-31,627,627,bulundu,https://775029.meb.k12.tr/tema/okulumuz_hakkinda.php,2026-10-01T18:43:01.562986+00:00,,Öğrenci : 627
Elazığ,Merkez,Şehit Sezer Aydemir İmam Hatip Ortaokulu,752623,İmam Hatip Ortaokulu,https://sehitsezeraydemiriho.meb.k12.tr,,,https://sehitsezeraydemiriho.meb.k12.tr/tema/harita.php,2026-08-31,73,73,bulundu,https://sehitsezeraydemiriho.meb.k12.tr/,2026-10-01T18:43:01.860518+00:00,,Öğrenci Sayısı 73
Elazığ,Merkez,Şehit Süleyman Budak Ortaokulu,714995,Ortaokul,https://suleymanbudakortaokulu.meb.k12.tr,,,https://suleymanbudakortaokulu.meb.k12.tr/tema/harita.php,2026-08-31,771,771,bulundu,https://suleymanbudakortaokulu.meb.k12.tr/,2026-10-01T18:43:01.867850+00:00,,Öğrenci Sayısı : 771
Elazığ,Merkez,Şehit Vedat Kılınçarslan İlkokulu,311384,İlkokul,https://sehitvedatkilincarslan.meb.k12.tr,,,https://sehitvedatkilincarslan.meb.k12.tr/tema/harita.php,2026-08-31,302,302,bulundu,https://sehitvedatkilincarslan.meb.k12.tr/,2026-10-01T18:43:01.900028+00:00,,Öğrenci Sayısı : 302
Elazığ,Merkez,Şehit Yakup Kılınç Ortaokulu,718045,Ortaokul,https://sehityakupkilinc.meb.k12.tr,,,https://sehityakupkilinc.meb.k12.tr/tema/harita.php,2026-08-31,98,98,bulundu,https://sehityakupkilinc.meb.k12.tr/,2026-10-01T18:43:01.920658+00:00,,Öğrenci Sayısı 98
Elazığ,Merkez,Şehit Ömer Sönmez İlkokulu,713730,İlkokul,https://sehitomersonmez.meb.k12.tr,,,https://sehitomersonmez.meb.k12.tr/tema/harita.php,2026-08-31,888,888,bulundu,https://sehitomersonmez.meb.k12.tr/,2026-10-01T18:43:02.116812+00:00,,Öğrenci Sayısı : 888
Elazığ,Merkez,Şehit Önder Pınar Ortaokulu,717134,Ortaokul,https://sehitonderpinar.meb.k12.tr,,,https://sehitonderpinar.meb.k12.tr/tema/harita.php,2026-08-31,378,378,bulundu,https://sehitonderpinar.meb.k12.tr/tema/okulumuz_hakkinda.php,2026-10-01T18:43:02.152361+00:00,,Öğrenci : 378
Elazığ,Merkez,Şehit Öğretmen Rüstem Şen Ortaokulu,717256,Ortaokul,https://shtogretmenrustemsenoo.meb.k12.tr,,,https://shtogretmenrustemsenoo.meb.k12.tr/tema/harita.php,2026-08-31,65,65,bulundu,https://shtogretmenrustemsenoo.meb.k12.tr/tema/okulumuz_hakkinda.php,2026-10-01T18:43:02.177903+00:00,,Öğrenci : 65
Elazığ,Merkez,Şehit Öğretmen Rüstem Şen İlkokulu,547212,İlkokul,https://shtogretmenrustemsenio.meb.k12.tr,,,https://shtogretmenrustemsenio.meb.k12.tr/tema/harita.php,2026-08-31,148,148,bulundu,https://shtogretmenrustemsenio.meb.k12.tr/,2026-10-01T18:43:02.204228+00:00,,Öğrenci Sayısı : 148
Elazığ,Merkez,Şeker İlkokulu,718002,İlkokul,https://sekerilkokulu23.meb.k12.tr,,,https://sekerilkokulu23.meb.k12.tr/tema/harita.php,2026-08-31,284,284,bulundu,https://sekerilkokulu23.meb.k12.tr/,2026-10-01T18:43:02.376891+00:00,,Öğrenci Sayısı : 284
Elazığ,Palu,Ali Rıza Septioğlu Yatılı Bölge Ortaokulu,747751,Ortaokul,https://paluybo.meb.k12.tr,,,https://paluybo.meb.k12.tr/tema/harita.php,2026-08-31,225,225,bulundu,https://paluybo.meb.k12.tr/,2026-10-01T18:43:02.404951+00:00,,Öğrenci Sayısı 225
Elazığ,Palu,Altınölçek İlkokulu,726868,İlkokul,https://altinolcek.meb.k12.tr,,,https://altinolcek.meb.k12.tr/tema/harita.php,2026-08-31,5,5,bulundu,https://altinolcek.meb.k12.tr/,2026-10-01T18:43:02.462118+00:00,,Öğrenci Sayısı: 5
Elazığ,Palu,Andılar İlkokulu,726883,İlkokul,https://andilarilkokulu.meb.k12.tr,,,https://andilarilkokulu.meb.k12.tr/tema/harita.php,2026-08-31,5,5,bulundu,https://andilarilkokulu.meb.k12.tr/,2026-10-01T18:43:02.597846+00:00,,Öğrenci Sayısı 5
Elazığ,Palu,Atatürk Ortaokulu,726888,Ortaokul,https://palu-ataturk.meb.k12.tr,,,https://palu-ataturk.meb.k12.tr/tema/harita.php,2026-08-31,235,235,bulundu,https://palu-ataturk.meb.k12.tr/tema/okulumuz_hakkinda.php,2026-10-01T18:43:02.748118+00:00,,Öğrenci : 235
Elazığ,Palu,Baltaşı Ortaokulu,726904,Ortaokul,https://baltasiortaokulu.meb.k12.tr,,,https://baltasiortaokulu.meb.k12.tr/tema/harita.php,2026-08-31,55,55,bulundu,https://baltasiortaokulu.meb.k12.tr/tema/okulumuz_hakkinda.php,2026-10-01T18:43:02.824047+00:00,,Öğrenci : 55
Elazığ,Palu,Baltaşı İlkokulu,726902,İlkokul,https://baltasiilkokulu.meb.k12.tr,,,https://baltasiilkokulu.meb.k12.tr/tema/harita.php,2026-08-31,43,43,bulundu,https://baltasiilkokulu.meb.k12.tr/,2026-10-01T18:43:02.860486+00:00,,Öğrenci Sayısı: 43
Elazığ,Palu,Beyhan İlkokulu,726923,İlkokul,https://beyhanilkokulu.meb.k12.tr,,,https://beyhanilkokulu.meb.k12.tr/tema/harita.php,2026-08-31,55,55,bulundu,https://beyhanilkokulu.meb.k12.tr/,2026-10-01T18:43:02.889308+00:00,,Öğrenci Sayısı 55
Elazığ,Palu,Büyükçaltı İlkokulu,726943,İlkokul,https://buyukcaltiilkokulu.meb.k12.tr,,,https://buyukcaltiilkokulu.meb.k12.tr/tema/harita.php,2026-08-31,6,6,bulundu,https://buyukcaltiilkokulu.meb.k12.tr/,2026-10-01T18:43:03.101300+00:00,,Öğrenci Sayısı: 6
Elazığ,Palu,Güllüce İlkokulu,726948,İlkokul,https://palugulluceilkokulu.meb.k12.tr,,,https://palugulluceilkokulu.meb.k12.tr/tema/harita.php,2026-08-31,11,11,bulundu,https://palugulluceilkokulu.meb.k12.tr/tema/okulumuz_hakkinda.php,2026-10-01T18:43:03.221824+00:00,,Öğrenci : 11
Elazığ,Palu,Karasalkım Ortaokulu,750194,Ortaokul,https://karasalkimortaokulu.meb.k12.tr,,,https://karasalkimortaokulu.meb.k12.tr/tema/harita.php,2026-08-31,26,26,bulundu,https://karasalkimortaokulu.meb.k12.tr/,2026-10-01T18:43:03.298024+00:00,,Öğrenci Sayısı : 26
Elazığ,Palu,Karasalkım İlkokulu,738132,İlkokul,https://karasalkim.meb.k12.tr,,,https://karasalkim.meb.k12.tr/tema/harita.php,2026-08-31,28,28,bulundu,https://karasalkim.meb.k12.tr/,2026-10-01T18:43:03.392824+00:00,,Öğrenci Sayısı: 28
Elazığ,Palu,Köklüce İlkokulu,727007,İlkokul,https://palukokluceilkokulu.meb.k12.tr,,,https://palukokluceilkokulu.meb.k12.tr/tema/harita.php,2026-08-31,14,14,bulundu,https://palukokluceilkokulu.meb.k12.tr/,2026-10-01T18:43:03.533549+00:00,,Öğrenci Sayısı: 14
Elazığ,Palu,Mehmet Vehbi Bilgin İlkokulu,765719,İlkokul,https://vehbibilginilkokulu.meb.k12.tr,,,https://vehbibilginilkokulu.meb.k12.tr/tema/harita.php,2026-08-31,372,372,bulundu,https://vehbibilginilkokulu.meb.k12.tr/,2026-10-01T18:43:03.540695+00:00,,Öğrenci Sayısı : 372
Elazığ,Palu,Murat İlkokulu,726908,İlkokul,https://palumuratilkokulu.meb.k12.tr,,,https://palumuratilkokulu.meb.k12.tr/tema/harita.php,2026-08-31,85,85,bulundu,https://palumuratilkokulu.meb.k12.tr/,2026-10-01T18:43:03.576840+00:00,,Öğrenci Sayısı : 85
Elazığ,Palu,Palu Anadolu Lisesi,145198,Anadolu Lisesi,https://paluanadolulisesi.meb.k12.tr,,,https://paluanadolulisesi.meb.k12.tr/tema/harita.php,2026-08-31,153,153,bulundu,https://paluanadolulisesi.meb.k12.tr/,2026-10-01T18:43:03.611935+00:00,,Öğrenci Sayısı 153
Elazığ,Palu,Palu Anadolu İmam Hatip Lisesi,974775,Anadolu İmam Hatip Lisesi,https://paluanadoluihl.meb.k12.tr,,,https://paluanadoluihl.meb.k12.tr/tema/harita.php,2026-08-31,63,63,bulundu,https://paluanadoluihl.meb.k12.tr/,2026-10-01T18:43:03.886210+00:00,,Öğrenci Sayısı : 63
Elazığ,Palu,Palu Anaokulu,974569,Anaokulu,https://paluanaokulu.meb.k12.tr,,,https://paluanaokulu.meb.k12.tr/tema/harita.php,2026-08-31,12,12,bulundu,https://paluanaokulu.meb.k12.tr/,2026-10-01T18:43:03.982422+00:00,,Öğrenci Sayısı: 12
Elazığ,Palu,Palu Cimşidbey Mesleki ve Teknik Anadolu Lisesi,905194,Mesleki ve Teknik Anadolu Lisesi,https://cimsidbeymtal.meb.k12.tr,,,https://cimsidbeymtal.meb.k12.tr/tema/harita.php,2026-08-31,127,127,bulundu,https://cimsidbeymtal.meb.k12.tr/,2026-10-01T18:43:03.985552+00:00,,Öğrenci Sayısı : 127
Elazığ,Palu,Palu Halk Eğitimi Merkezi,145233,Halk Eğitimi Merkezi,https://paluhem.meb.k12.tr,,,https://paluhem.meb.k12.tr/tema/harita.php,2026-08-31,,,bulunamadi,,2026-10-01T18:43:04.073299+00:00,,
Elazığ,Palu,Palu Kız Mesleki ve Teknik Anadolu Lisesi,966657,Mesleki ve Teknik Anadolu Lisesi,https://palumtal.meb.k12.tr,,,https://palumtal.meb.k12.tr/tema/harita.php,2026-08-31,116,116,bulundu,https://palumtal.meb.k12.tr/,2026-10-01T18:43:04.185426+00:00,,Öğrenci Sayısı : 116
Elazığ,Palu,Palu Ortaokulu,726915,Ortaokul,https://paluortaokulu.meb.k12.tr,,,https://paluortaokulu.meb.k12.tr/tema/harita.php,2026-08-31,233,233,bulundu,https://paluortaokulu.meb.k12.tr/,2026-10-01T18:43:04.194411+00:00,,Öğrenci Sayısı : 233
Elazığ,Palu,Palu İlkokulu,726913,İlkokul,https://paluilkokulu.meb.k12.tr,,,https://paluilkokulu.meb.k12.tr/tema/harita.php,2026-08-31,299,299,bulundu,https://paluilkokulu.meb.k12.tr/,2026-10-01T18:43:04.367617+00:00,,Öğrenci Sayısı 299
Elazığ,Palu,Tarhana İlkokulu,727018,İlkokul,https://palutarhanailkokulu.meb.k12.tr,,,https://palutarhanailkokulu.meb.k12.tr/tema/harita.php,2026-08-31,8,8,bulundu,https://palutarhanailkokulu.meb.k12.tr/tema/okulumuz_hakkinda.php,2026-10-01T18:43:04.421919+00:00,,Öğrenci : 8
Elazığ,Palu,Yavuz Selim İlkokulu,389570,İlkokul,https://paluyavuzselim.meb.k12.tr,,,https://paluyavuzselim.meb.k12.tr/tema/harita.php,2026-08-31,127,127,bulundu,https://paluyavuzselim.meb.k12.tr/,2026-10-01T18:43:04.527440+00:00,,Öğrenci Sayısı : 127
Elazığ,Palu,İzmir Ortaokulu,726959,Ortaokul,https://izmirortaokulu.meb.k12.tr,,,https://izmirortaokulu.meb.k12.tr/tema/harita.php,2026-08-31,47,47,bulundu,https://izmirortaokulu.meb.k12.tr/,2026-10-01T18:43:04.549236+00:00,,Öğrenci Sayısı : 47
Elazığ,Palu,İzmir İlkokulu,726952,İlkokul,https://izmirilkokulu.meb.k12.tr,,,https://izmirilkokulu.meb.k12.tr/tema/harita.php,2026-08-31,37,37,bulundu,https://izmirilkokulu.meb.k12.tr/,2026-10-01T18:43:04.608042+00:00,,Öğrenci Sayısı 37
Elazığ,Palu,Şehit Aydın Yılmaz Ortaokulu,726928,Ortaokul,https://beyhansehitaydinyilmaz.meb.k12.tr,,,https://beyhansehitaydinyilmaz.meb.k12.tr/tema/harita.php,2026-08-31,35,35,bulundu,https://beyhansehitaydinyilmaz.meb.k12.tr/,2026-10-01T18:43:04.714172+00:00,,Öğrenci Sayısı 35
Elazığ,Sivrice,Ali Rıza Talay Çok Programlı Anadolu Lisesi,751516,Çok Programlı Anadolu Lisesi,https://sivricealirizatalaycpal.meb.k12.tr,,,https://sivricealirizatalaycpal.meb.k12.tr/tema/harita.php,2026-08-31,68,68,bulundu,https://sivricealirizatalaycpal.meb.k12.tr/,2026-10-01T18:43:04.933474+00:00,,Öğrenci Sayısı : 68
Elazığ,Sivrice,Atatürk İlkokulu,726758,İlkokul,https://sivriceataturkilkokulu.meb.k12.tr,,,https://sivriceataturkilkokulu.meb.k12.tr/tema/harita.php,2026-08-31,104,104,bulundu,https://sivriceataturkilkokulu.meb.k12.tr/,2026-10-01T18:43:04.944964+00:00,,Öğrenci Sayısı : 104
Elazığ,Sivrice,Cumhuriyet Ortaokulu,748187,Ortaokul,https://sivricecumhuriyetortaokulu.meb.k12.tr,,,https://sivricecumhuriyetortaokulu.meb.k12.tr/tema/harita.php,2026-08-31,88,88,bulundu,https://sivricecumhuriyetortaokulu.meb.k12.tr/tema/okulumuz_hakkinda.php,2026-10-01T18:43:05.024970+00:00,,Öğrenci : 88
Elazığ,Sivrice,Sivrice 75. Yıl Borsa İstanbul İlkokulu,844990,İlkokul,https://sivriceborsaistanbulilkokulu.meb.k12.tr,,,https://sivriceborsaistanbulilkokulu.meb.k12.tr/tema/harita.php,2026-08-31,86,86,bulundu,https://sivriceborsaistanbulilkokulu.meb.k12.tr/,2026-10-01T18:43:05.045029+00:00,,Öğrenci Sayısı : 86
Elazığ,Sivrice,Sivrice Halk Eğitimi Merkezi,145269,Halk Eğitimi Merkezi,https://sivricehem.meb.k12.tr,,,https://sivricehem.meb.k12.tr/tema/harita.php,2026-08-31,,,bulunamadi,,2026-10-01T18:43:05.051553+00:00,,
Elazığ,Sivrice,Sivrice Öğretmenevi ve Akşam Sanat Okulu,749910,Öğretmenevi,https://sivriceogretmenevi.meb.k12.tr,,,https://sivriceogretmenevi.meb.k12.tr/tema/harita.php,2026-08-31,,,bulunamadi,,2026-10-01T18:43:05.064061+00:00,,
Elazığ,Sivrice,Sivrice İmam Hatip Ortaokulu,726793,İmam Hatip Ortaokulu,https://sivriceihoo.meb.k12.tr,,,https://sivriceihoo.meb.k12.tr/tema/harita.php,2026-08-31,71,71,bulundu,https://sivriceihoo.meb.k12.tr/,2026-10-01T18:43:05.096933+00:00,,Öğrenci Sayısı 71
Erzincan,Kemah,Aziz ve Mehmet Torun İlkokulu,712311,İlkokul,https://azizvemehmettorun.meb.k12.tr,,,https://azizvemehmettorun.meb.k12.tr/tema/harita.php,2026-08-31,95,95,bulundu,https://azizvemehmettorun.meb.k12.tr/,2026-10-01T18:43:05.238251+00:00,,Öğrenci Sayısı 95
Erzincan,Kemah,Hacı Kamer Torun Anaokulu,757551,Anaokulu,https://hacikamertorunanaokulu.meb.k12.tr,,,https://hacikamertorunanaokulu.meb.k12.tr/tema/harita.php,2026-08-31,,,bulunamadi,,2026-10-01T18:43:05.344521+00:00,,
Erzincan,Kemah,Kemah Halk Eğitimi Merkezi,145880,Halk Eğitimi Merkezi,https://kemahhem.meb.k12.tr,,,https://kemahhem.meb.k12.tr/tema/harita.php,2026-08-31,,,bulunamadi,,2026-10-01T18:43:05.398498+00:00,,
Erzincan,Kemah,Kemah Sultan Melik Çok Programlı Anadolu Lisesi,749239,Çok Programlı Anadolu Lisesi,https://kemahsultanmelikcpal.meb.k12.tr,,,https://kemahsultanmelikcpal.meb.k12.tr/tema/harita.php,2026-08-31,67,67,bulundu,https://kemahsultanmelikcpal.meb.k12.tr/,2026-10-01T18:43:05.516768+00:00,,Öğrenci Sayısı 67
Erzincan,Kemah,Kemah Öğretmenevi ve Akşam Sanat Okulu,971137,Öğretmenevi,https://kemahogretmeneviaso.meb.k12.tr,,,https://kemahogretmeneviaso.meb.k12.tr/tema/harita.php,2026-08-31,,,bulunamadi,,2026-10-01T18:43:05.565499+00:00,,
Erzincan,Kemah,Kemah İmam Hatip Ortaokulu,733379,İmam Hatip Ortaokulu,https://kemahimamhatip.meb.k12.tr,,,https://kemahimamhatip.meb.k12.tr/tema/harita.php,2026-08-31,58,58,bulundu,https://kemahimamhatip.meb.k12.tr/,2026-10-01T18:43:05.580444+00:00,,Öğrenci Sayısı 58
Erzincan,Kemah,Kerer İlkokulu,712378,İlkokul,https://kemahkerer.meb.k12.tr,,,https://kemahkerer.meb.k12.tr/tema/harita.php,2026-08-31,15,15,bulundu,https://kemahkerer.meb.k12.tr/,2026-10-01T18:43:05.789821+00:00,,Öğrenci Sayısı 15
Erzincan,Kemah,Necatibey Ortaokulu,733174,Ortaokul,https://kemahnecatibey.meb.k12.tr,,,https://kemahnecatibey.meb.k12.tr/tema/harita.php,2026-08-31,66,66,bulundu,https://kemahnecatibey.meb.k12.tr/,2026-10-01T18:43:05.837847+00:00,,Öğrenci Sayısı 66
Erzincan,Kemaliye,Eğin İstiklal Ortaokulu,733155,Ortaokul,https://eginistiklal.meb.k12.tr,,,https://eginistiklal.meb.k12.tr/tema/harita.php,2026-08-31,,,bulunamadi,,2026-10-01T18:43:05.996139+00:00,,
Erzincan,Kemaliye,Hacı Ali Akın Çok Programlı Anadolu Lisesi,145914,Çok Programlı Anadolu Lisesi,https://hacialiakinlisesi.meb.k12.tr,,,https://hacialiakinlisesi.meb.k12.tr/tema/harita.php,2026-08-31,48,48,bulundu,https://hacialiakinlisesi.meb.k12.tr/,2026-10-01T18:43:06.091125+00:00,,Öğrenci Sayısı 48
Erzincan,Kemaliye,Kemaliye Nimet Talu Halk Eğitimi Merkezi,145926,Halk Eğitimi Merkezi,https://kemaliyehem.meb.k12.tr,,,https://kemaliyehem.meb.k12.tr/tema/harita.php,2026-08-31,,,bulunamadi,,2026-10-01T18:43:06.112022+00:00,,
Erzincan,Kemaliye,Kemaliye Öğretmenevi ve Akşam Sanat Okulu,971138,Öğretmenevi,https://kemaliyeogretmenevi.meb.k12.tr,,,https://kemaliyeogretmenevi.meb.k12.tr/tema/harita.php,2026-08-31,,,bulunamadi,,2026-10-01T18:43:06.142314+00:00,,
Erzincan,Kemaliye,Topkapı Ortaokulu,733156,Ortaokul,https://733156.meb.k12.tr,,,https://733156.meb.k12.tr/tema/harita.php,2026-08-31,26,26,bulundu,https://733156.meb.k12.tr/,2026-10-01T18:43:06.156625+00:00,,Öğrenci Sayısı 26
Erzincan,Kemaliye,Topkapı İlkokulu,733152,İlkokul,https://733152.meb.k12.tr,,,https://733152.meb.k12.tr/tema/harita.php,2026-08-31,30,30,bulundu,https://733152.meb.k12.tr/,2026-10-01T18:43:06.350028+00:00,,Öğrenci Sayısı 30
Erzincan,Kemaliye,İbrahim Gürdamar Anaokulu,757552,Anaokulu,https://ibrahimgurdamaranaokulu.meb.k12.tr,,,https://ibrahimgurdamaranaokulu.meb.k12.tr/tema/harita.php,2026-08-31,52,52,bulundu,https://ibrahimgurdamaranaokulu.meb.k12.tr/,2026-10-01T18:43:06.422755+00:00,,Öğrenci Sayısı 52
Erzincan,Kemaliye,İbrahim Gürdamar İlkokulu,733151,İlkokul,https://ibrahimgurdamarilkokulu.meb.k12.tr,,,https://ibrahimgurdamarilkokulu.meb.k12.tr/tema/harita.php,2026-08-31,78,78,bulundu,https://ibrahimgurdamarilkokulu.meb.k12.tr/,2026-10-01T18:43:06.446092+00:00,,Öğrenci Sayısı: 78
Erzincan,Merkez,13 Şubat İlkokulu,569242,İlkokul,https://13subat.meb.k12.tr,,,https://13subat.meb.k12.tr/tema/harita.php,2026-08-31,127,127,bulundu,https://13subat.meb.k12.tr/,2026-10-01T18:43:06.508107+00:00,,Öğrenci Sayısı : 127
Erzincan,Merkez,15 Temmuz Şehitleri Anadolu İmam Hatip Lisesi,764818,Anadolu İmam Hatip Lisesi,https://erzincanprojeimamhatip.meb.k12.tr,,,https://erzincanprojeimamhatip.meb.k12.tr/tema/harita.php,2026-08-31,219,219,bulundu,https://erzincanprojeimamhatip.meb.k12.tr/,2026-10-01T18:43:06.511594+00:00,,Öğrenci Sayısı 219
Erzincan,Merkez,75. Yıl Anaokulu,764020,Anaokulu,https://75yilanaokulu.meb.k12.tr,,,https://75yilanaokulu.meb.k12.tr/tema/harita.php,2026-08-31,108,108,bulundu,https://75yilanaokulu.meb.k12.tr/,2026-10-01T18:43:06.732332+00:00,,Öğrenci Sayısı: 108
Erzincan,Merkez,Akyazı İlkokulu,732792,İlkokul,https://akyaziio.meb.k12.tr,,,https://akyaziio.meb.k12.tr/tema/harita.php,2026-08-31,130,130,bulundu,https://akyaziio.meb.k12.tr/,2026-10-01T18:43:06.828293+00:00,,Öğrenci Sayısı 130
Erzincan,Merkez,Akyazı Şehit Er Mesut Koyun Ortaokulu,733112,Ortaokul,https://akyazioo.meb.k12.tr,,,https://akyazioo.meb.k12.tr/tema/harita.php,2026-08-31,202,202,bulundu,https://akyazioo.meb.k12.tr/,2026-10-01T18:43:06.850871+00:00,,Öğrenci Sayısı : 202
Erzincan,Merkez,Akşemseddin İlkokulu,705842,İlkokul,https://aksemseddin.meb.k12.tr,,,https://aksemseddin.meb.k12.tr/tema/harita.php,2026-08-31,221,221,bulundu,https://aksemseddin.meb.k12.tr/,2026-10-01T18:43:06.872037+00:00,,Öğrenci Sayısı 221
Erzincan,Merkez,Atatürk Mesleki ve Teknik Anadolu Lisesi,145507,Mesleki ve Teknik Anadolu Lisesi,https://erzincanataturkmtal.meb.k12.tr,,,https://erzincanataturkmtal.meb.k12.tr/tema/harita.php,2026-08-31,223,223,bulundu,https://erzincanataturkmtal.meb.k12.tr/,2026-10-01T18:43:07.058816+00:00,,Öğrenci Sayısı : 223
Erzincan,Merkez,Bahçelievler Anaokulu,892361,Anaokulu,https://erzincanbahcelievleranaokulu.meb.k12.tr,,,https://erzincanbahcelievleranaokulu.meb.k12.tr/tema/harita.php,2026-08-31,,,bulunamadi,,2026-10-01T18:43:07.130929+00:00,,
Erzincan,Merkez,Bahçelievler İlkokulu,881699,İlkokul,https://bahcelievler24.meb.k12.tr,,,https://bahcelievler24.meb.k12.tr/tema/harita.php,2026-08-31,464,464,bulundu,https://bahcelievler24.meb.k12.tr/,2026-10-01T18:43:07.447499+00:00,,Öğrenci Sayısı 464
Erzincan,Merkez,Başpınar İlkokulu,711987,İlkokul,https://baspinar24.meb.k12.tr,,,https://baspinar24.meb.k12.tr/tema/harita.php,2026-08-31,36,36,bulundu,https://baspinar24.meb.k12.tr/,2026-10-01T18:43:07.596399+00:00,,Öğrenci Sayısı 36
Erzincan,Merkez,Bedriye ve Sami Karakaya Anaokulu,775702,Anaokulu,https://bedriyevesamikarakayaanaokulu.meb.k12.tr,,,https://bedriyevesamikarakayaanaokulu.meb.k12.tr/tema/harita.php,2026-08-31,125,125,bulundu,https://bedriyevesamikarakayaanaokulu.meb.k12.tr/,2026-10-01T18:43:07.617484+00:00,,Öğrenci Sayısı: 125
Erzincan,Merkez,Beşsaray Ortaokulu,733136,Ortaokul,https://bessarayortaokulu.meb.k12.tr,,,https://bessarayortaokulu.meb.k12.tr/tema/harita.php,2026-08-31,19,19,bulundu,https://bessarayortaokulu.meb.k12.tr/,2026-10-01T18:43:07.649362+00:00,,Öğrenci Sayısı 19
Erzincan,Merkez,Beşsaray İlkokulu,733135,İlkokul,https://bessarayilkokulu.meb.k12.tr,,,https://bessarayilkokulu.meb.k12.tr/tema/harita.php,2026-08-31,18,18,bulundu,https://bessarayilkokulu.meb.k12.tr/,2026-10-01T18:43:07.697909+00:00,,Öğrenci Sayısı 18
Erzincan,Merkez,BÜYÜK ÇAKIRMAN İLKOKULU,749590,İlkokul,https://buyukcakirman.meb.k12.tr,,,https://buyukcakirman.meb.k12.tr/tema/harita.php,2026-08-31,15,15,bulundu,https://buyukcakirman.meb.k12.tr/,2026-10-01T18:43:07.714057+00:00,,Öğrenci Sayısı 15
Erzincan,Merkez,Cumhuriyet Ortaokulu,705942,Ortaokul,https://erzincancumhuriyet.meb.k12.tr,,,https://erzincancumhuriyet.meb.k12.tr/tema/harita.php,2026-08-31,508,508,bulundu,https://erzincancumhuriyet.meb.k12.tr/,2026-10-01T18:43:07.722613+00:00,,Öğrenci Sayısı : 508
Erzincan,Merkez,Demirkent Atatürk İlkokulu,568991,İlkokul,https://demirkentataturk.meb.k12.tr,,,https://demirkentataturk.meb.k12.tr/tema/harita.php,2026-08-31,244,244,bulundu,https://demirkentataturk.meb.k12.tr/,2026-10-01T18:43:07.838249+00:00,,Öğrenci Sayısı 244
Erzincan,Merkez,Demirkent TOKİ Ortaokulu,733104,Ortaokul,https://demirkenttokioo.meb.k12.tr,,,https://demirkenttokioo.meb.k12.tr/tema/harita.php,2026-08-31,439,439,bulundu,https://demirkenttokioo.meb.k12.tr/,2026-10-01T18:43:08.003510+00:00,,Öğrenci Sayısı : 439
Erzincan,Merkez,Demirkent TOKİ İlkokulu,973745,İlkokul,https://demirkenttokiio.meb.k12.tr,,,https://demirkenttokiio.meb.k12.tr/tema/harita.php,2026-08-31,500,500,bulundu,https://demirkenttokiio.meb.k12.tr/,2026-10-01T18:43:08.020379+00:00,,Öğrenci Sayısı 500
Erzincan,Merkez,Demirkent Terzibaba İmam Hatip Ortaokulu,748730,İmam Hatip Ortaokulu,https://terzibabaiho.meb.k12.tr,,,https://terzibabaiho.meb.k12.tr/tema/harita.php,2026-08-31,,,bulunamadi,,2026-10-01T18:43:08.150056+00:00,,
Erzincan,Merkez,Değirmen Köy İlkokulu,733124,İlkokul,https://degirmenkoyilkokul.meb.k12.tr,,,https://degirmenkoyilkokul.meb.k12.tr/tema/harita.php,2026-08-31,5,5,bulundu,https://degirmenkoyilkokul.meb.k12.tr/,2026-10-01T18:43:08.249637+00:00,,Öğrenci Sayısı: 5
Erzincan,Merkez,Dr.Cahit Ziya Ulukök İlkokulu,733126,İlkokul,https://cziyaulukok24.meb.k12.tr,,,https://cziyaulukok24.meb.k12.tr/tema/harita.php,2026-08-31,104,104,bulundu,https://cziyaulukok24.meb.k12.tr/,2026-10-01T18:43:08.506252+00:00,,Öğrenci Sayısı 104
Erzincan,Merkez,Elaattin Elmas Anadolu İmam Hatip Lisesi,145568,Anadolu İmam Hatip Lisesi,https://elaattinelmasaihl.meb.k12.tr,,,https://elaattinelmasaihl.meb.k12.tr/tema/harita.php,2026-08-31,578,578,bulundu,https://elaattinelmasaihl.meb.k12.tr/,2026-10-01T18:43:08.651410+00:00,,Öğrenci Sayısı : 578
Erzincan,Merkez,Emine Şerife Hanım Anaokulu,766908,Anaokulu,https://emineserifeao.meb.k12.tr,,,https://emineserifeao.meb.k12.tr/tema/harita.php,2026-08-31,121,121,bulundu,https://emineserifeao.meb.k12.tr/,2026-10-01T18:43:08.732507+00:00,,Öğrenci Sayısı 121
Erzincan,Merkez,Ertuğrulgazi Anadolu Lisesi,964235,Anadolu Lisesi,https://egal.meb.k12.tr,,,https://egal.meb.k12.tr/tema/harita.php,2026-08-31,271,271,bulundu,https://egal.meb.k12.tr/,2026-10-01T18:43:08.824884+00:00,,Öğrenci Sayısı 271
Erzincan,Merkez,Erzincan Adalet Anaokulu,774840,Anaokulu,https://774840.meb.k12.tr,,,https://774840.meb.k12.tr/tema/harita.php,2026-08-31,50,50,bulundu,https://774840.meb.k12.tr/tema/okulumuz_hakkinda.php,2026-10-01T18:43:08.834564+00:00,,Öğrenci : 50
Erzincan,Merkez,Erzincan Anadolu Lisesi,145519,Anadolu Lisesi,https://erzincanal.meb.k12.tr,,,https://erzincanal.meb.k12.tr/tema/harita.php,2026-08-31,547,547,bulundu,https://erzincanal.meb.k12.tr/tema/okulumuz_hakkinda.php,2026-10-01T18:43:08.874070+00:00,,Öğrenci : 547
Erzincan,Merkez,Erzincan Anaokulu,751892,Anaokulu,https://erzincananaokulu.meb.k12.tr,,,https://erzincananaokulu.meb.k12.tr/tema/harita.php,2026-08-31,156,156,bulundu,https://erzincananaokulu.meb.k12.tr/,2026-10-01T18:43:08.900697+00:00,,Öğrenci Sayısı: 156
Erzincan,Merkez,Erzincan Belediyesi Anaokulu,765727,Anaokulu,https://erzincanbelanaokulu.meb.k12.tr,,,https://erzincanbelanaokulu.meb.k12.tr/tema/harita.php,2026-08-31,,,bulunamadi,,2026-10-01T18:43:09.299101+00:00,,
Erzincan,Merkez,Erzincan Bilim ve Sanat Merkezi,970264,Bilim ve Sanat Merkezi,https://erzincanbilsem.meb.k12.tr,,,https://erzincanbilsem.meb.k12.tr/tema/harita.php,2026-08-31,273,273,bulundu,https://erzincanbilsem.meb.k12.tr/tema/okulumuz_hakkinda.php,2026-10-01T18:43:09.383084+00:00,,Öğrenci : 273
Erzincan,Merkez,Erzincan Binali Yıldırım Üniversitesi Öğretmen Sibel Çakır Anaokulu,768161,Anaokulu,https://768161.meb.k12.tr,,,https://768161.meb.k12.tr/tema/harita.php,2026-08-31,73,73,bulundu,https://768161.meb.k12.tr/,2026-10-01T18:43:09.386000+00:00,,Öğrenci Sayısı: 73
Erzincan,Merkez,Erzincan Fen Lisesi,317381,Fen Lisesi,https://erzincanfenlisesi.meb.k12.tr,,,https://erzincanfenlisesi.meb.k12.tr/tema/harita.php,2026-08-31,363,363,bulundu,https://erzincanfenlisesi.meb.k12.tr/,2026-10-01T18:43:09.409809+00:00,,Öğrenci Sayısı : 363
Erzincan,Merkez,Erzincan Güzel Sanatlar Lisesi,752000,Güzel Sanatlar Lisesi,https://egsl.meb.k12.tr,,,https://egsl.meb.k12.tr/tema/harita.php,2026-08-31,102,102,bulundu,https://egsl.meb.k12.tr/,2026-10-01T18:43:09.467792+00:00,,Öğrenci Sayısı : 102
Erzincan,Merkez,Erzincan Halk Eğitimi Merkezi,145581,Halk Eğitimi Merkezi,https://erzincanhem.meb.k12.tr,,,https://erzincanhem.meb.k12.tr/tema/harita.php,2026-08-31,,,bulunamadi,,2026-10-01T18:43:09.487291+00:00,,
Erzincan,Merkez,Erzincan Lisesi,972837,Lise,https://erzincanlisesi.meb.k12.tr,,,https://erzincanlisesi.meb.k12.tr/tema/harita.php,2026-08-31,485,485,bulundu,https://erzincanlisesi.meb.k12.tr/tema/okulumuz_hakkinda.php,2026-10-01T18:43:09.509011+00:00,,Öğrenci : 485
Erzincan,Merkez,Erzincan Merkez Özel Eğitim Anaokulu,767825,Anaokulu,https://767825.meb.k12.tr,,,https://767825.meb.k12.tr/tema/harita.php,2026-08-31,27,27,bulundu,https://767825.meb.k12.tr/,2026-10-01T18:43:09.573648+00:00,,Öğrenci Sayısı: 27
Erzincan,Merkez,Erzincan Mesleki Eğitim Merkezi,306945,Mesleki Eğitim Merkezi,https://erzincanmesem.meb.k12.tr,,,https://erzincanmesem.meb.k12.tr/tema/harita.php,2026-08-31,253,253,bulundu,https://erzincanmesem.meb.k12.tr/tema/okulumuz_hakkinda.php,2026-10-01T18:43:09.724270+00:00,,Öğrenci : 253
Erzincan,Merkez,Erzincan Mesleki ve Teknik Anadolu Lisesi,145520,Mesleki ve Teknik Anadolu Lisesi,https://erzincaneml.meb.k12.tr,,,https://erzincaneml.meb.k12.tr/tema/harita.php,2026-08-31,920,920,bulundu,https://erzincaneml.meb.k12.tr/,2026-10-01T18:43:09.789657+00:00,,Öğrenci Sayısı 920
Erzincan,Merkez,Erzincan Milli Egemenlik Anadolu Lisesi,964410,Anadolu Lisesi,https://erzincanmeal.meb.k12.tr,,,https://erzincanmeal.meb.k12.tr/tema/harita.php,2026-08-31,408,408,bulundu,https://erzincanmeal.meb.k12.tr/tema/okulumuz_hakkinda.php,2026-10-01T18:43:09.857862+00:00,,Öğrenci : 408
Erzincan,Merkez,Erzincan Organize Sanayi Bölgesi Mesleki Eğitim Merkezi,769393,Mesleki Eğitim Merkezi,https://erzincanosbmeslekiegitimmerkezi.meb.k12.tr,,,https://erzincanosbmeslekiegitimmerkezi.meb.k12.tr/tema/harita.php,2026-08-31,1,1,bulundu,https://erzincanosbmeslekiegitimmerkezi.meb.k12.tr/,2026-10-01T18:43:09.931083+00:00,,Öğrenci Sayısı : 1
Erzincan,Merkez,Erzincan Ortaokulu,733109,Ortaokul,https://erzincanortaokulu.meb.k12.tr,,,https://erzincanortaokulu.meb.k12.tr/tema/harita.php,2026-08-31,490,490,bulundu,https://erzincanortaokulu.meb.k12.tr/,2026-10-01T18:43:09.994765+00:00,,Öğrenci Sayısı : 490
Erzincan,Merkez,Erzincan Rehberlik ve Araştırma Merkezi,145603,Rehberlik ve Araştırma Merkezi,https://erzincanram.meb.k12.tr,,,https://erzincanram.meb.k12.tr/tema/harita.php,2026-08-31,,,bulunamadi,,2026-10-01T18:43:10.406050+00:00,,
Erzincan,Merkez,Erzincan Sosyal Bilimler Lisesi,240280,Sosyal Bilimler Lisesi,https://erzincansbl.meb.k12.tr,,,https://erzincansbl.meb.k12.tr/tema/harita.php,2026-08-31,,,bulunamadi,,2026-10-01T18:43:10.489807+00:00,,
Erzincan,Merkez,Erzincan Spor Lisesi,751945,Spor Lisesi,https://erzspor.meb.k12.tr,,,https://erzspor.meb.k12.tr/tema/harita.php,2026-08-31,213,213,bulundu,https://erzspor.meb.k12.tr/,2026-10-01T18:43:10.586135+00:00,,Öğrenci Sayısı : 213
Erzincan,Merkez,Erzincan Özel Eğitim Uygulama Okulu I. Kademe,750076,Özel Eğitim Kurumu,https://erzincanocem.meb.k12.tr,,,https://erzincanocem.meb.k12.tr/tema/harita.php,2026-08-31,23,23,bulundu,https://erzincanocem.meb.k12.tr/,2026-10-01T18:43:10.666869+00:00,,Öğrenci Sayısı : 23
Erzincan,Merkez,Erzincan Özel Eğitim Uygulama Okulu II. Kademe,776860,Özel Eğitim Kurumu,https://776860.meb.k12.tr,,,https://776860.meb.k12.tr/tema/harita.php,2026-08-31,24,24,bulundu,https://776860.meb.k12.tr/,2026-10-01T18:43:11.050975+00:00,,Öğrenci Sayısı : 24
Erzincan,Merkez,Erzincan Öğretmenevi ve Akşam Sanat Okulu,145640,Öğretmenevi,https://erzincanogretmenevi.meb.k12.tr,,,https://erzincanogretmenevi.meb.k12.tr/tema/harita.php,2026-08-31,,,bulunamadi,,2026-10-01T18:43:11.090131+00:00,,
Erzincan,Merkez,Fatih Mesleki ve Teknik Anadolu Lisesi,145532,Mesleki ve Teknik Anadolu Lisesi,https://fatem.meb.k12.tr,,,https://fatem.meb.k12.tr/tema/harita.php,2026-08-31,508,508,bulundu,https://fatem.meb.k12.tr/tema/okulumuz_hakkinda.php,2026-10-01T18:43:11.126944+00:00,,Öğrenci : 508
Erzincan,Merkez,Fatih İlkokulu,569087,İlkokul,https://fatihilkokuluerzincan.meb.k12.tr,,,https://fatihilkokuluerzincan.meb.k12.tr/tema/harita.php,2026-08-31,135,135,bulundu,https://fatihilkokuluerzincan.meb.k12.tr/,2026-10-01T18:43:11.139429+00:00,,Öğrenci Sayısı : 135
Erzincan,Merkez,Fevzi Efendi İlkokulu,706139,İlkokul,https://fevziefendi.meb.k12.tr,,,https://fevziefendi.meb.k12.tr/tema/harita.php,2026-08-31,218,218,bulundu,https://fevziefendi.meb.k12.tr/,2026-10-01T18:43:11.164794+00:00,,Öğrenci Sayısı: 218
Erzincan,Merkez,Gazi İlkokulu,706248,İlkokul,https://gazi24.meb.k12.tr,,,https://gazi24.meb.k12.tr/tema/harita.php,2026-08-31,363,363,bulundu,https://gazi24.meb.k12.tr/,2026-10-01T18:43:11.178802+00:00,,Öğrenci Sayısı 363
Erzincan,Merkez,General Cihat Akyol Ortaokulu,772526,Ortaokul,https://generalcihatakyolortaokulu.meb.k12.tr,,,https://generalcihatakyolortaokulu.meb.k12.tr/tema/harita.php,2026-08-31,97,97,bulundu,https://generalcihatakyolortaokulu.meb.k12.tr/,2026-10-01T18:43:11.266898+00:00,,Öğrenci Sayısı 97
Erzincan,Merkez,General Cihat Akyol İlkokulu,708227,İlkokul,https://generalcihatakyol.meb.k12.tr,,,https://generalcihatakyol.meb.k12.tr/tema/harita.php,2026-08-31,105,105,bulundu,https://generalcihatakyol.meb.k12.tr/,2026-10-01T18:43:11.286401+00:00,,Öğrenci Sayısı 105
Erzincan,Merkez,Göktürk İlkokulu,239659,İlkokul,https://gokturk.meb.k12.tr,,,https://gokturk.meb.k12.tr/tema/harita.php,2026-08-31,239,239,bulundu,https://gokturk.meb.k12.tr/,2026-10-01T18:43:11.308464+00:00,,Öğrenci Sayısı : 239
Erzincan,Merkez,Gül-Celal Toraman Tarım Mesleki ve Teknik Anadolu Lisesi,965055,Mesleki ve Teknik Anadolu Lisesi,https://gulcelaltoramanmtal.meb.k12.tr,,,https://gulcelaltoramanmtal.meb.k12.tr/tema/harita.php,2026-08-31,311,311,bulundu,https://gulcelaltoramanmtal.meb.k12.tr/,2026-10-01T18:43:11.351505+00:00,,Öğrenci Sayısı : 311
Erzincan,Merkez,Günebakan İlkokulu,569482,İlkokul,https://gunebakan24.meb.k12.tr,,,https://gunebakan24.meb.k12.tr/tema/harita.php,2026-08-31,55,55,bulundu,https://gunebakan24.meb.k12.tr/,2026-10-01T18:43:11.373809+00:00,,Öğrenci Sayısı 55
Erzincan,Merkez,Hacı Ali Akın Kız Mesleki ve Teknik Anadolu Lisesi,145544,Mesleki ve Teknik Anadolu Lisesi,https://kizmesleklisesi.meb.k12.tr,,,https://kizmesleklisesi.meb.k12.tr/tema/harita.php,2026-08-31,247,247,bulundu,https://kizmesleklisesi.meb.k12.tr/,2026-10-01T18:43:11.692127+00:00,,Öğrenci Sayısı 247
Erzincan,Merkez,Hacı Kamer Torun Özel Eğitim Anaokulu,773592,Anaokulu,https://773592.meb.k12.tr,,,https://773592.meb.k12.tr/tema/harita.php,2026-08-31,23,23,bulundu,https://773592.meb.k12.tr/,2026-10-01T18:43:11.756313+00:00,,Öğrenci Sayısı: 23
Erzincan,Merkez,Halitpaşa Anaokulu,748067,Anaokulu,https://halitpaaanaokulu.meb.k12.tr,,,https://halitpaaanaokulu.meb.k12.tr/tema/harita.php,2026-08-31,109,109,bulundu,https://halitpaaanaokulu.meb.k12.tr/,2026-10-01T18:43:11.811001+00:00,,Öğrenci Sayısı: 109
Erzincan,Merkez,Hancıçiftliği İlkokulu,712025,İlkokul,https://hanciciftligi.meb.k12.tr,,,https://hanciciftligi.meb.k12.tr/tema/harita.php,2026-08-31,6,6,bulundu,https://hanciciftligi.meb.k12.tr/,2026-10-01T18:43:11.876218+00:00,,Öğrenci Sayısı 6
Erzincan,Merkez,Haymeana Anaokulu,966661,Anaokulu,https://haymeana.meb.k12.tr,,,https://haymeana.meb.k12.tr/tema/harita.php,2026-08-31,135,135,bulundu,https://haymeana.meb.k12.tr/,2026-10-01T18:43:11.920481+00:00,,Öğrenci Sayısı: 135
Erzincan,Merkez,Hayrettin Paşa İlkokulu,569171,İlkokul,https://hayrettinpasa.meb.k12.tr,,,https://hayrettinpasa.meb.k12.tr/tema/harita.php,2026-08-31,371,371,bulundu,https://hayrettinpasa.meb.k12.tr/,2026-10-01T18:43:12.025390+00:00,,Öğrenci Sayısı 371
Erzincan,Merkez,Hezarfen Ahmet Çelebi Mesleki ve Teknik Anadolu Lisesi,973902,Mesleki ve Teknik Anadolu Lisesi,https://hezarfen24.meb.k12.tr,,,https://hezarfen24.meb.k12.tr/tema/harita.php,2026-08-31,204,204,bulundu,https://hezarfen24.meb.k12.tr/,2026-10-01T18:43:12.096099+00:00,,Öğrenci Sayısı 204
Erzincan,Merkez,Hoca Ahmet Yesevi İmam Hatip Ortaokulu,733380,İmam Hatip Ortaokulu,https://erzincaniho.meb.k12.tr,,,https://erzincaniho.meb.k12.tr/tema/harita.php,2026-08-31,367,367,bulundu,https://erzincaniho.meb.k12.tr/,2026-10-01T18:43:12.111270+00:00,,Öğrenci Sayısı 367
Erzincan,Merkez,Hürriyet Turizm Mesleki ve Teknik Anadolu Lisesi,344707,Mesleki ve Teknik Anadolu Lisesi,https://erzincanhmtal.meb.k12.tr,,,https://erzincanhmtal.meb.k12.tr/tema/harita.php,2026-08-31,351,351,bulundu,https://erzincanhmtal.meb.k12.tr/,2026-10-01T18:43:12.211337+00:00,,Öğrenci Sayısı : 351
Erzincan,Merkez,KARDELEN ANAOKULU,759686,Anaokulu,https://kardelen.meb.k12.tr,,,https://kardelen.meb.k12.tr/tema/harita.php,2026-08-31,109,109,bulundu,https://kardelen.meb.k12.tr/tema/okulumuz_hakkinda.php,2026-10-01T18:43:12.367966+00:00,,Öğrenci : 109
Erzincan,Merkez,Karadiğin İlkokulu,712032,İlkokul,https://karadigin24.meb.k12.tr,,,https://karadigin24.meb.k12.tr/tema/harita.php,2026-08-31,14,14,bulundu,https://karadigin24.meb.k12.tr/tema/okulumuz_hakkinda.php,2026-10-01T18:43:12.378842+00:00,,Öğrenci : 14
Erzincan,Merkez,Kavakyolu Anaokulu,760737,Anaokulu,https://kavakyoluanaokulu.meb.k12.tr,,,https://kavakyoluanaokulu.meb.k12.tr/tema/harita.php,2026-08-31,151,151,bulundu,https://kavakyoluanaokulu.meb.k12.tr/tema/okulumuz_hakkinda.php,2026-10-01T18:43:12.538351+00:00,,Öğrenci : 151
Erzincan,Merkez,Kavakyolu Necip Fazıl Kısakürek Anaokulu,770667,Anaokulu,https://770667.meb.k12.tr,,,https://770667.meb.k12.tr/tema/harita.php,2026-08-31,24,24,bulundu,https://770667.meb.k12.tr/,2026-10-01T18:43:12.805866+00:00,,Öğrenci Sayısı: 24
Erzincan,Merkez,Kavakyolu Orgeneral Selahattin Demircioğlu Ortaokulu,733476,Ortaokul,https://selahattindemirciogluoo.meb.k12.tr,,,https://selahattindemirciogluoo.meb.k12.tr/tema/harita.php,2026-08-31,278,278,bulundu,https://selahattindemirciogluoo.meb.k12.tr/,2026-10-01T18:43:12.935363+00:00,,Öğrenci Sayısı : 278
Erzincan,Merkez,Kavakyolu Şehit Salih Ay İlkokulu,733128,İlkokul,https://kavakyolusehitsalihayilkokulu.meb.k12.tr,,,https://kavakyolusehitsalihayilkokulu.meb.k12.tr/tema/harita.php,2026-08-31,267,267,bulundu,https://kavakyolusehitsalihayilkokulu.meb.k12.tr/,2026-10-01T18:43:12.946735+00:00,,Öğrenci Sayısı 267
Erzincan,Merkez,Mama Hatun Anaokulu,966662,Anaokulu,https://mamahatunanaokulu.meb.k12.tr,,,https://mamahatunanaokulu.meb.k12.tr/tema/harita.php,2026-08-31,160,160,bulundu,https://mamahatunanaokulu.meb.k12.tr/,2026-10-01T18:43:13.061938+00:00,,Öğrenci Sayısı: 160
Erzincan,Merkez,Mehmet Akif Ersoy İlkokulu,706547,İlkokul,https://mehmetakifersoy24.meb.k12.tr,,,https://mehmetakifersoy24.meb.k12.tr/tema/harita.php,2026-08-31,257,257,bulundu,https://mehmetakifersoy24.meb.k12.tr/,2026-10-01T18:43:13.110536+00:00,,Öğrenci Sayısı 257
Erzincan,Merkez,Mehmetçik Ortaokulu,569205,Ortaokul,https://mehmetcik24.meb.k12.tr,,,https://mehmetcik24.meb.k12.tr/tema/harita.php,2026-08-31,730,730,bulundu,https://mehmetcik24.meb.k12.tr/,2026-10-01T18:43:13.149816+00:00,,Öğrenci Sayısı 730
Erzincan,Merkez,Melikşah İlkokulu,707240,İlkokul,https://meliksahilkokulu.meb.k12.tr,,,https://meliksahilkokulu.meb.k12.tr/tema/harita.php,2026-08-31,573,573,bulundu,https://meliksahilkokulu.meb.k12.tr/,2026-10-01T18:43:13.193724+00:00,,Öğrenci Sayısı 573
Erzincan,Merkez,Meysun Ana Anaokulu,964446,Anaokulu,https://meysunana.meb.k12.tr,,,https://meysunana.meb.k12.tr/tema/harita.php,2026-08-31,160,160,bulundu,https://meysunana.meb.k12.tr/,2026-10-01T18:43:13.257888+00:00,,Öğrenci Sayısı: 160
Erzincan,Merkez,Milli İrade Özel Eğitim Uygulama Okulu I. Kademe,747073,Özel Eğitim Kurumu,https://milliirade1.meb.k12.tr,,,https://milliirade1.meb.k12.tr/tema/harita.php,2026-08-31,14,14,bulundu,https://milliirade1.meb.k12.tr/,2026-10-01T18:43:13.328852+00:00,,Öğrenci Sayısı 14
Erzincan,Merkez,Milli İrade Özel Eğitim Uygulama Okulu II. Kademe,747394,Özel Eğitim Kurumu,https://milliirade2.meb.k12.tr,,,https://milliirade2.meb.k12.tr/tema/harita.php,2026-08-31,18,18,bulundu,https://milliirade2.meb.k12.tr/,2026-10-01T18:43:14.037788+00:00,,Öğrenci Sayısı 18
Erzincan,Merkez,Milli İrade Özel Eğitim Uygulama Okulu III. Kademe,748057,Özel Eğitim Kurumu,https://milliirade3.meb.k12.tr,,,https://milliirade3.meb.k12.tr/tema/harita.php,2026-08-31,50,50,bulundu,https://milliirade3.meb.k12.tr/,2026-10-01T18:43:14.063814+00:00,,Öğrenci Sayısı 50
Erzincan,Merkez,Mimar Sinan Anaokulu,973083,Anaokulu,https://erzincanmimarsinananaokulu.meb.k12.tr,,,https://erzincanmimarsinananaokulu.meb.k12.tr/tema/harita.php,2026-08-31,,,bulunamadi,,2026-10-01T18:43:14.134650+00:00,,
Erzincan,Merkez,Mollaköy Ortaokulu,733546,Ortaokul,https://mollakoyortaokulu.meb.k12.tr,,,https://mollakoyortaokulu.meb.k12.tr/tema/harita.php,2026-08-31,,,bulunamadi,,2026-10-01T18:43:14.165386+00:00,,
Erzincan,Merkez,Mollaköy İlkokulu,775235,İlkokul,https://775235.meb.k12.tr,,,https://775235.meb.k12.tr/tema/harita.php,2026-08-31,43,43,bulundu,https://775235.meb.k12.tr/,2026-10-01T18:43:14.203933+00:00,,Öğrenci Sayısı : 43
Erzincan,Merkez,Munzur Ortaokulu,733102,Ortaokul,https://munzurortaokulu.meb.k12.tr,,,https://munzurortaokulu.meb.k12.tr/tema/harita.php,2026-08-31,253,253,bulundu,https://munzurortaokulu.meb.k12.tr/,2026-10-01T18:43:14.275224+00:00,,Öğrenci Sayısı 253
Erzincan,Merkez,Munzur İlkokulu,973082,İlkokul,https://munzurilkokulu.meb.k12.tr,,,https://munzurilkokulu.meb.k12.tr/tema/harita.php,2026-08-31,348,348,bulundu,https://munzurilkokulu.meb.k12.tr/,2026-10-01T18:43:14.312976+00:00,,Öğrenci Sayısı 348
Erzincan,Merkez,Mustafa Doğan Anadolu Lisesi,317165,Anadolu Lisesi,https://mustafadogan.meb.k12.tr,,,https://mustafadogan.meb.k12.tr/tema/harita.php,2026-08-31,544,544,bulundu,https://mustafadogan.meb.k12.tr/,2026-10-01T18:43:14.344419+00:00,,Öğrenci Sayısı : 544
Erzincan,Merkez,Mustafa Kemal Anaokulu,967242,Anaokulu,https://mustafakemalanaokulu.meb.k12.tr,,,https://mustafakemalanaokulu.meb.k12.tr/tema/harita.php,2026-08-31,135,135,bulundu,https://mustafakemalanaokulu.meb.k12.tr/,2026-10-01T18:43:14.369227+00:00,,Öğrenci Sayısı 135
Erzincan,Merkez,Mustafa Kemal Atatürk Mesleki ve Teknik Anadolu Lisesi,962926,Mesleki ve Teknik Anadolu Lisesi,https://erzincanasml.meb.k12.tr,,,https://erzincanasml.meb.k12.tr/tema/harita.php,2026-08-31,202,202,bulundu,https://erzincanasml.meb.k12.tr/,2026-10-01T18:43:14.759622+00:00,,Öğrenci Sayısı : 202
Erzincan,Merkez,Osmangazi İlkokulu,976686,İlkokul,https://osmangazilkokulu.meb.k12.tr,,,https://osmangazilkokulu.meb.k12.tr/tema/harita.php,2026-08-31,216,216,bulundu,https://osmangazilkokulu.meb.k12.tr/,2026-10-01T18:43:14.767483+00:00,,Öğrenci Sayısı 216
Erzincan,Merkez,Piri Sami Hafız İmam Hatip Ortaokulu,775307,İmam Hatip Ortaokulu,https://775307.meb.k12.tr,,,https://775307.meb.k12.tr/tema/harita.php,2026-08-31,156,156,bulundu,https://775307.meb.k12.tr/,2026-10-01T18:43:14.782807+00:00,,Öğrenci Sayısı : 156
Erzincan,Merkez,Salih Erkan İlkokulu,707652,İlkokul,https://saliherkan.meb.k12.tr,,,https://saliherkan.meb.k12.tr/tema/harita.php,2026-08-31,160,160,bulundu,https://saliherkan.meb.k12.tr/,2026-10-01T18:43:14.825284+00:00,,Öğrenci Sayısı : 160
Erzincan,Merkez,Sümer Özel Eğitim Meslek Okulu,747243,Özel Eğitim Kurumu,https://sumerozelegitim.meb.k12.tr,,,https://sumerozelegitim.meb.k12.tr/tema/harita.php,2026-08-31,35,35,bulundu,https://sumerozelegitim.meb.k12.tr/,2026-10-01T18:43:14.838779+00:00,,Öğrenci Sayısı 35
Erzincan,Merkez,TOBB Binali Yıldırım Kız Anadolu İmam Hatip Lisesi,751845,Anadolu İmam Hatip Lisesi,https://binaliyildirimkizihl.meb.k12.tr,,,https://binaliyildirimkizihl.meb.k12.tr/tema/harita.php,2026-08-31,347,347,bulundu,https://binaliyildirimkizihl.meb.k12.tr/tema/okulumuz_hakkinda.php,2026-10-01T18:43:14.900369+00:00,,Öğrenci : 347
Erzincan,Merkez,Türk Telekom Binali Yıldırım Ortaokulu,707750,Ortaokul,https://ttbyo.meb.k12.tr,,,https://ttbyo.meb.k12.tr/tema/harita.php,2026-08-31,268,268,bulundu,https://ttbyo.meb.k12.tr/,2026-10-01T18:43:14.923205+00:00,,Öğrenci Sayısı : 268
Erzincan,Merkez,Ulalar 75.Yıl Bayrak Ortaokulu,818139,Ortaokul,https://ulalarbayrakortaokulu.meb.k12.tr,,,https://ulalarbayrakortaokulu.meb.k12.tr/tema/harita.php,2026-08-31,139,139,bulundu,https://ulalarbayrakortaokulu.meb.k12.tr/tema/okulumuz_hakkinda.php,2026-10-01T18:43:14.953809+00:00,,Öğrenci : 139
Erzincan,Merkez,Ulalar 75.Yıl Bayrak İlkokulu,733133,İlkokul,https://ulalarbayrakilkokulu.meb.k12.tr,,,https://ulalarbayrakilkokulu.meb.k12.tr/tema/harita.php,2026-08-31,199,199,bulundu,https://ulalarbayrakilkokulu.meb.k12.tr/,2026-10-01T18:43:14.971572+00:00,,Öğrenci Sayısı 199
Erzincan,Merkez,Ulalar Anadolu Lisesi,317307,Anadolu Lisesi,https://ulalaranadolulisesi.meb.k12.tr,,,https://ulalaranadolulisesi.meb.k12.tr/tema/harita.php,2026-08-31,205,205,bulundu,https://ulalaranadolulisesi.meb.k12.tr/,2026-10-01T18:43:15.072130+00:00,,Öğrenci Sayısı : 205
Erzincan,Merkez,Ulalar Ortaokulu,145448,Ortaokul,https://ulalarortaokulu.meb.k12.tr,,,https://ulalarortaokulu.meb.k12.tr/tema/harita.php,2026-08-31,91,91,bulundu,https://ulalarortaokulu.meb.k12.tr/tema/okulumuz_hakkinda.php,2026-10-01T18:43:15.081690+00:00,,Öğrenci : 91
Erzincan,Merkez,Ulalar Sancak İlkokulu,569590,İlkokul,https://ulalarsancak.meb.k12.tr,,,https://ulalarsancak.meb.k12.tr/tema/harita.php,2026-08-31,80,80,bulundu,https://ulalarsancak.meb.k12.tr/,2026-10-01T18:43:15.322454+00:00,,Öğrenci Sayısı : 80
Erzincan,Merkez,Vali Metin İlyas Aksoy Ortaokulu,268640,Ortaokul,https://valimetinilyasaksoy.meb.k12.tr,,,https://valimetinilyasaksoy.meb.k12.tr/tema/harita.php,2026-08-31,448,448,bulundu,https://valimetinilyasaksoy.meb.k12.tr/,2026-10-01T18:43:15.475683+00:00,,Öğrenci Sayısı 448
Erzincan,Merkez,Vali Recep Yazıcıoğlu İlkokulu,361986,İlkokul,https://valirecep24.meb.k12.tr,,,https://valirecep24.meb.k12.tr/tema/harita.php,2026-08-31,368,368,bulundu,https://valirecep24.meb.k12.tr/,2026-10-01T18:43:15.482287+00:00,,Öğrenci Sayısı 368
Erzincan,Merkez,Yalnızbağ Ortaokulu,318421,Ortaokul,https://yalnizbag.meb.k12.tr,,,https://yalnizbag.meb.k12.tr/tema/harita.php,2026-08-31,63,63,bulundu,https://yalnizbag.meb.k12.tr/,2026-10-01T18:43:15.552033+00:00,,Öğrenci Sayısı 63
Erzincan,Merkez,Yalnızbağ İbni-Sina İlkokulu,783242,İlkokul,https://erzincanibnisina.meb.k12.tr,,,https://erzincanibnisina.meb.k12.tr/tema/harita.php,2026-08-31,114,114,bulundu,https://erzincanibnisina.meb.k12.tr/,2026-10-01T18:43:15.566022+00:00,,Öğrenci Sayısı : 114
Erzincan,Merkez,Yalınca Ortaokulu,568846,Ortaokul,https://yalinca.meb.k12.tr,,,https://yalinca.meb.k12.tr/tema/harita.php,2026-08-31,45,45,bulundu,https://yalinca.meb.k12.tr/,2026-10-01T18:43:15.610606+00:00,,Öğrenci Sayısı 45
Erzincan,Merkez,Yavuz Selim Anaokulu,759165,Anaokulu,https://yselimanaokulu.meb.k12.tr,,,https://yselimanaokulu.meb.k12.tr/tema/harita.php,2026-08-31,184,184,bulundu,https://yselimanaokulu.meb.k12.tr/,2026-10-01T18:43:15.922178+00:00,,Öğrenci Sayısı: 184
Erzincan,Merkez,Yavuz Selim İlkokulu,706534,İlkokul,https://erzyavuzselimio.meb.k12.tr,,,https://erzyavuzselimio.meb.k12.tr/tema/harita.php,2026-08-31,493,493,bulundu,https://erzyavuzselimio.meb.k12.tr/,2026-10-01T18:43:15.939370+00:00,,Öğrenci Sayısı 493
Erzincan,Merkez,Yaylabaşı Ortaokulu,733138,Ortaokul,https://yaylabasiortaokulu.meb.k12.tr,,,https://yaylabasiortaokulu.meb.k12.tr/tema/harita.php,2026-08-31,87,87,bulundu,https://yaylabasiortaokulu.meb.k12.tr/tema/okulumuz_hakkinda.php,2026-10-01T18:43:15.978166+00:00,,Öğrenci : 87
Erzincan,Merkez,Yaylabaşı İlkokulu,733137,İlkokul,https://yaylabasiilkokulu.meb.k12.tr,,,https://yaylabasiilkokulu.meb.k12.tr/tema/harita.php,2026-08-31,72,72,bulundu,https://yaylabasiilkokulu.meb.k12.tr/,2026-10-01T18:43:16.049865+00:00,,Öğrenci Sayısı : 72
Erzincan,Merkez,Yunus Emre Ortaokulu,707834,Ortaokul,https://yunusemre24.meb.k12.tr,,,https://yunusemre24.meb.k12.tr/tema/harita.php,2026-08-31,456,456,bulundu,https://yunusemre24.meb.k12.tr/,2026-10-01T18:43:16.104808+00:00,,Öğrenci Sayısı 456
Erzincan,Merkez,Zeynep Mustafa Han İlkokulu,732886,İlkokul,https://zeynepmustafahan.meb.k12.tr,,,https://zeynepmustafahan.meb.k12.tr/tema/harita.php,2026-08-31,364,364,bulundu,https://zeynepmustafahan.meb.k12.tr/,2026-10-01T18:43:16.168516+00:00,,Öğrenci Sayısı : 364
Erzincan,Merkez,Ziya Gökalp İlkokulu,853323,İlkokul,https://ziyagokalp24.meb.k12.tr,,,https://ziyagokalp24.meb.k12.tr/tema/harita.php,2026-08-31,580,580,bulundu,https://ziyagokalp24.meb.k12.tr/tema/okulumuz_hakkinda.php,2026-10-01T18:43:16.198575+00:00,,Öğrenci : 580
Erzincan,Merkez,Zişan Celep Anaokulu,772442,Anaokulu,https://zisancelep.meb.k12.tr,,,https://zisancelep.meb.k12.tr/tema/harita.php,2026-08-31,58,58,bulundu,https://zisancelep.meb.k12.tr/,2026-10-01T18:43:16.204595+00:00,,Öğrenci Sayısı: 58
Erzincan,Merkez,Zübeyde Hanım Anaokulu,875550,Anaokulu,https://zbanaokulu24.meb.k12.tr,,,https://zbanaokulu24.meb.k12.tr/tema/harita.php,2026-08-31,161,161,bulundu,https://zbanaokulu24.meb.k12.tr/,2026-10-01T18:43:16.332206+00:00,,Öğrenci Sayısı 161
Erzincan,Merkez,Çağlayan Anadolu Lisesi,775153,Anadolu Lisesi,https://erzincancaglayanal.meb.k12.tr,,,https://erzincancaglayanal.meb.k12.tr/tema/harita.php,2026-08-31,51,51,bulundu,https://erzincancaglayanal.meb.k12.tr/,2026-10-01T18:43:16.601178+00:00,,Öğrenci Sayısı 51
Erzincan,Merkez,Çağlayan İlkokulu,708035,İlkokul,https://caglayan24.meb.k12.tr,,,https://caglayan24.meb.k12.tr/tema/harita.php,2026-08-31,62,62,bulundu,https://caglayan24.meb.k12.tr/,2026-10-01T18:43:16.614883+00:00,,Öğrenci Sayısı: 62
Erzincan,Merkez,Çukurkuyu Fatih İlkokulu,568978,İlkokul,https://cukurkuyufatihilkokulu.meb.k12.tr,,,https://cukurkuyufatihilkokulu.meb.k12.tr/tema/harita.php,2026-08-31,140,140,bulundu,https://cukurkuyufatihilkokulu.meb.k12.tr/,2026-10-01T18:43:16.632638+00:00,,Öğrenci Sayısı 140
Erzincan,Merkez,Çukurkuyu Fatih İmam Hatip Ortaokulu,761887,İmam Hatip Ortaokulu,https://cukurkuyufatihimamhatip.meb.k12.tr,,,https://cukurkuyufatihimamhatip.meb.k12.tr/tema/harita.php,2026-08-31,112,112,bulundu,https://cukurkuyufatihimamhatip.meb.k12.tr/,2026-10-01T18:43:16.698457+00:00,,Öğrenci Sayısı 112
Erzincan,Merkez,Çukurkuyu Ortaokulu,733107,Ortaokul,https://cukurkuyuortaokulu.meb.k12.tr,,,https://cukurkuyuortaokulu.meb.k12.tr/tema/harita.php,2026-08-31,68,68,bulundu,https://cukurkuyuortaokulu.meb.k12.tr/,2026-10-01T18:43:16.755167+00:00,,Öğrenci Sayısı : 68
Erzincan,Merkez,Çukurkuyu İlkokulu,733123,İlkokul,https://cukurkuyuilkokulu.meb.k12.tr,,,https://cukurkuyuilkokulu.meb.k12.tr/tema/harita.php,2026-08-31,55,55,bulundu,https://cukurkuyuilkokulu.meb.k12.tr/,2026-10-01T18:43:16.813084+00:00,,Öğrenci Sayısı : 55
Erzincan,Merkez,İMKB Müşir Zeki Paşa Ortaokulu,706491,Ortaokul,https://musirzekipasa.meb.k12.tr,,,https://musirzekipasa.meb.k12.tr/tema/harita.php,2026-08-31,727,727,bulundu,https://musirzekipasa.meb.k12.tr/,2026-10-01T18:43:17.086168+00:00,,Öğrenci Sayısı 727
Erzincan,Merkez,İl Milli Eğitim Müdürlüğü,145627,Milli Eğitim Müdürlüğü,https://145627.meb.k12.tr,,,https://145627.meb.k12.tr/tema/harita.php,2026-08-31,0,0,bulundu,https://145627.meb.k12.tr/,2026-10-01T18:43:17.088782+00:00,,Öğrenci Sayısı : 0
Erzincan,Merkez,İnönü İlkokulu,390606,İlkokul,https://inonu.meb.k12.tr,,,https://inonu.meb.k12.tr/tema/harita.php,2026-08-31,98,98,bulundu,https://inonu.meb.k12.tr/,2026-10-01T18:43:17.151071+00:00,,Öğrenci Sayısı : 98
Erzincan,Merkez,İpekyolu Ticaret Mesleki ve Teknik Anadolu Lisesi,145556,Mesleki ve Teknik Anadolu Lisesi,https://erzincanipekyolu.meb.k12.tr,,,https://erzincanipekyolu.meb.k12.tr/tema/harita.php,2026-08-31,480,480,bulundu,https://erzincanipekyolu.meb.k12.tr/,2026-10-01T18:43:17.198046+00:00,,Öğrenci Sayısı 480
Erzincan,Merkez,İzzetpaşa Ortaokulu,733114,Ortaokul,https://izzetpasaortaokulu.meb.k12.tr,,,https://izzetpasaortaokulu.meb.k12.tr/tema/harita.php,2026-08-31,178,178,bulundu,https://izzetpasaortaokulu.meb.k12.tr/tema/okulumuz_hakkinda.php,2026-10-01T18:43:17.285058+00:00,,Öğrenci : 178
Erzincan,Merkez,Şehit Ahmet Aytekin Ortaokulu,569158,Ortaokul,https://sehitahmetaytekin.meb.k12.tr,,,https://sehitahmetaytekin.meb.k12.tr/tema/harita.php,2026-08-31,214,214,bulundu,https://sehitahmetaytekin.meb.k12.tr/,2026-10-01T18:43:17.685845+00:00,,Öğrenci Sayısı : 214
Erzincan,Merkez,Şehit Astsubay Tamer Meriç Ortaokulu,707604,Ortaokul,https://satamermeric.meb.k12.tr,,,https://satamermeric.meb.k12.tr/tema/harita.php,2026-08-31,140,140,bulundu,https://satamermeric.meb.k12.tr/,2026-10-01T18:43:17.687559+00:00,,Öğrenci Sayısı : 140
Erzincan,Merkez,Şehit Astsubay Uğur Fetih Özdemir Ortaokulu,733113,Ortaokul,https://sehitugurfetihozdemir.meb.k12.tr,,,https://sehitugurfetihozdemir.meb.k12.tr/tema/harita.php,2026-08-31,432,432,bulundu,https://sehitugurfetihozdemir.meb.k12.tr/,2026-10-01T18:43:17.803812+00:00,,Öğrenci Sayısı 432
Erzincan,Merkez,Şehit Cengiz Topel Mithatpaşa Ortaokulu,708341,Ortaokul,https://sctmthatpasaortaokulu.meb.k12.tr,,,https://sctmthatpasaortaokulu.meb.k12.tr/tema/harita.php,2026-08-31,79,79,bulundu,https://sctmthatpasaortaokulu.meb.k12.tr/,2026-10-01T18:43:17.838140+00:00,,Öğrenci Sayısı : 79
Erzincan,Merkez,Şehit Cengiz Topel Mithatpaşa İlkokulu,749594,İlkokul,https://sctmthatpasailkokulu.meb.k12.tr,,,https://sctmthatpasailkokulu.meb.k12.tr/tema/harita.php,2026-08-31,99,99,bulundu,https://sctmthatpasailkokulu.meb.k12.tr/,2026-10-01T18:43:17.887813+00:00,,Öğrenci Sayısı : 99
Erzincan,Merkez,Şehit Er Süleyman Aydın Ortaokulu,705994,Ortaokul,https://sehitersuleymanaydinoo.meb.k12.tr,,,https://sehitersuleymanaydinoo.meb.k12.tr/tema/harita.php,2026-08-31,191,191,bulundu,https://sehitersuleymanaydinoo.meb.k12.tr/,2026-10-01T18:43:18.010389+00:00,,Öğrenci Sayısı : 191
Erzincan,Merkez,Şehit Jandarma Er Fatih Çaybaşı Ortaokulu,733110,Ortaokul,https://erzincansumer.meb.k12.tr,,,https://erzincansumer.meb.k12.tr/tema/harita.php,2026-08-31,579,579,bulundu,https://erzincansumer.meb.k12.tr/tema/okulumuz_hakkinda.php,2026-10-01T18:43:18.017232+00:00,,Öğrenci : 579
Erzincan,Merkez,Şehit Jandarma Komando Er Göksel Özdemir Ortaokulu,733103,Ortaokul,https://gokselozdemirort.meb.k12.tr,,,https://gokselozdemirort.meb.k12.tr/tema/harita.php,2026-08-31,74,74,bulundu,https://gokselozdemirort.meb.k12.tr/,2026-10-01T18:43:18.027854+00:00,,Öğrenci Sayısı : 74
Erzincan,Merkez,Şehit Jandarma Uzman Çavuş Fırat Kılıç İlkokulu,887752,İlkokul,https://firatkilic.meb.k12.tr,,,https://firatkilic.meb.k12.tr/tema/harita.php,2026-08-31,644,644,bulundu,https://firatkilic.meb.k12.tr/,2026-10-01T18:43:18.064379+00:00,,Öğrenci Sayısı : 644
Erzincan,Merkez,Şehit Nazmi Ermurat İlkokulu,569470,İlkokul,https://sehitnazmiermurat.meb.k12.tr,,,https://sehitnazmiermurat.meb.k12.tr/tema/harita.php,2026-08-31,304,304,bulundu,https://sehitnazmiermurat.meb.k12.tr/,2026-10-01T18:43:18.214835+00:00,,Öğrenci Sayısı 304
Erzincan,Merkez,Şehit Pilot Teğmen Serkan Sağır İlkokulu,976624,İlkokul,https://sehitpilotserkansagirio.meb.k12.tr,,,https://sehitpilotserkansagirio.meb.k12.tr/tema/harita.php,2026-08-31,221,221,bulundu,https://sehitpilotserkansagirio.meb.k12.tr/,2026-10-01T18:43:18.217344+00:00,,Öğrenci Sayısı 221
Erzincan,Merkez,Şehit Piyade Uzman Çavuş Selim Topal Kızılay Anaokulu,764615,Anaokulu,https://764615.meb.k12.tr,,,https://764615.meb.k12.tr/tema/harita.php,2026-08-31,158,158,bulundu,https://764615.meb.k12.tr/,2026-10-01T18:43:18.398642+00:00,,Öğrenci Sayısı : 158
Erzincan,Merkez,Şehit Polis Kenan Ardıç İlkokulu,732843,İlkokul,https://sehitpoliskenanardicilkokulu.meb.k12.tr,,,https://sehitpoliskenanardicilkokulu.meb.k12.tr/tema/harita.php,2026-08-31,372,372,bulundu,https://sehitpoliskenanardicilkokulu.meb.k12.tr/,2026-10-01T18:43:18.536343+00:00,,Öğrenci Sayısı : 372
Erzincan,Merkez,Şehit Polis Salih Zengin Ortaokulu,706380,Ortaokul,https://salihzenginortaokulu.meb.k12.tr,,,https://salihzenginortaokulu.meb.k12.tr/tema/harita.php,2026-08-31,360,360,bulundu,https://salihzenginortaokulu.meb.k12.tr/,2026-10-01T18:43:18.642520+00:00,,Öğrenci Sayısı : 360
Erzincan,Merkez,Şemseddin Uçar İmam Hatip Ortaokulu,767655,İmam Hatip Ortaokulu,https://semseddinucarihoo.meb.k12.tr,,,https://semseddinucarihoo.meb.k12.tr/tema/harita.php,2026-08-31,203,203,bulundu,https://semseddinucarihoo.meb.k12.tr/,2026-10-01T18:43:18.774527+00:00,,Öğrenci Sayısı 203
Erzincan,Otlukbeli,Fatih Ortaokulu,733175,Ortaokul,https://otlukbelifatihortaokulu.meb.k12.tr,,,https://otlukbelifatihortaokulu.meb.k12.tr/tema/harita.php,2026-08-31,48,48,bulundu,https://otlukbelifatihortaokulu.meb.k12.tr/,2026-10-01T18:43:18.785176+00:00,,Öğrenci Sayısı 48
Erzincan,Otlukbeli,OTLUKBELİ İMAM HATİP ORTAOKULU,761629,İmam Hatip Ortaokulu,https://otlukbeliiho.meb.k12.tr,,,https://otlukbeliiho.meb.k12.tr/tema/harita.php,2026-08-31,26,26,bulundu,https://otlukbeliiho.meb.k12.tr/,2026-10-01T18:43:18.805216+00:00,,Öğrenci Sayısı 26
Erzincan,Otlukbeli,Otlukbeli Anadolu Lisesi,775152,Anadolu Lisesi,https://otlukbelial.meb.k12.tr,,,https://otlukbelial.meb.k12.tr/tema/harita.php,2026-08-31,53,53,bulundu,https://otlukbelial.meb.k12.tr/,2026-10-01T18:43:18.815295+00:00,,Öğrenci Sayısı 53
Erzincan,Otlukbeli,Otlukbeli Halk Eğitimi Merkezi,290558,Halk Eğitimi Merkezi,https://otlukbelihem.meb.k12.tr,,,https://otlukbelihem.meb.k12.tr/tema/harita.php,2026-08-31,85,85,bulundu,https://otlukbelihem.meb.k12.tr/,2026-10-01T18:43:19.090830+00:00,,Öğrenci Sayısı: 85
Erzincan,Otlukbeli,Otlukbeli Zafer İlkokulu,746824,İlkokul,https://otlukbelizafer.meb.k12.tr,,,https://otlukbelizafer.meb.k12.tr/tema/harita.php,2026-08-31,54,54,bulundu,https://otlukbelizafer.meb.k12.tr/,2026-10-01T18:43:19.093813+00:00,,Öğrenci Sayısı 54
Erzincan,Otlukbeli,Otlukbeli Şehit Jandarma Er Emsal Altundal Öğretmen Evi ve Akşam Sanat Okulu Müdürlüğü,971142,Öğretmenevi,https://otlukbeliogretmenevi.meb.k12.tr,,,https://otlukbeliogretmenevi.meb.k12.tr/tema/harita.php,2026-08-31,,,bulunamadi,,2026-10-01T18:43:19.255872+00:00,,
Erzincan,Otlukbeli,Şehit Jandarma Komando Onbaşı Ünal Eroğlu Anaokulu,759474,Anaokulu,https://humahatunanaokulu.meb.k12.tr,,,https://humahatunanaokulu.meb.k12.tr/tema/harita.php,2026-08-31,36,36,bulundu,https://humahatunanaokulu.meb.k12.tr/,2026-10-01T18:43:19.407124+00:00,,Öğrenci Sayısı: 36
Erzincan,Refahiye,Gürsel ve Nezahat Çeçen İlkokulu,304432,İlkokul,https://gurselio.meb.k12.tr,,,https://gurselio.meb.k12.tr/tema/harita.php,2026-08-31,199,199,bulundu,https://gurselio.meb.k12.tr/,2026-10-01T18:43:19.452834+00:00,,Öğrenci Sayısı: 199
Erzincan,Refahiye,Nezahat Çeçen Ortaokulu,733149,Ortaokul,https://nezahatcecen.meb.k12.tr,,,https://nezahatcecen.meb.k12.tr/tema/harita.php,2026-08-31,173,173,bulundu,https://nezahatcecen.meb.k12.tr/,2026-10-01T18:43:19.577197+00:00,,Öğrenci Sayısı 173
Erzincan,Refahiye,Refahiye Anadolu Lisesi,967345,Anadolu Lisesi,https://refahiyeanadolulisesi.meb.k12.tr,,,https://refahiyeanadolulisesi.meb.k12.tr/tema/harita.php,2026-08-31,99,99,bulundu,https://refahiyeanadolulisesi.meb.k12.tr/,2026-10-01T18:43:19.593792+00:00,,Öğrenci Sayısı 99
Erzincan,Refahiye,Refahiye Anadolu İmam Hatip Lisesi,761708,Anadolu İmam Hatip Lisesi,https://refahiyeaihl.meb.k12.tr,,,https://refahiyeaihl.meb.k12.tr/tema/harita.php,2026-08-31,107,107,bulundu,https://refahiyeaihl.meb.k12.tr/,2026-10-01T18:43:19.600093+00:00,,Öğrenci Sayısı 107
Erzincan,Refahiye,Refahiye Anaokulu,891928,Anaokulu,https://refahiyeanaokulu.meb.k12.tr,,,https://refahiyeanaokulu.meb.k12.tr/tema/harita.php,2026-08-31,,,bulunamadi,,2026-10-01T18:43:19.813617+00:00,,
Erzincan,Refahiye,Refahiye Fen Lisesi,758501,Fen Lisesi,https://refahiyefenlisesi.meb.k12.tr,,,https://refahiyefenlisesi.meb.k12.tr/tema/harita.php,2026-08-31,,,bulunamadi,,2026-10-01T18:43:19.894540+00:00,,
Erzincan,Refahiye,Refahiye Halk Eğitimi Merkezi,145999,Halk Eğitimi Merkezi,https://refahiyehem.meb.k12.tr,,,https://refahiyehem.meb.k12.tr/tema/harita.php,2026-08-31,,,bulunamadi,,2026-10-01T18:43:19.904509+00:00,,
Erzincan,Refahiye,Refahiye Mesleki ve Teknik Anadolu Lisesi,270672,Mesleki ve Teknik Anadolu Lisesi,https://refahiyemtal.meb.k12.tr,,,https://refahiyemtal.meb.k12.tr/tema/harita.php,2026-08-31,57,57,bulundu,https://refahiyemtal.meb.k12.tr/,2026-10-01T18:43:19.909543+00:00,,Öğrenci Sayısı : 57
Erzincan,Refahiye,Refahiye Öğretmenevi ve Akşam Sanat Okulu,749894,Öğretmenevi,https://refahiyeogretmenevi.meb.k12.tr,,,https://refahiyeogretmenevi.meb.k12.tr/tema/harita.php,2026-08-31,,,bulunamadi,,2026-10-01T18:43:19.925519+00:00,,
Erzincan,Refahiye,Refahiye İlkokulu,752149,İlkokul,https://refahiyeilkokulu.meb.k12.tr,,,https://refahiyeilkokulu.meb.k12.tr/tema/harita.php,2026-08-31,110,110,bulundu,https://refahiyeilkokulu.meb.k12.tr/,2026-10-01T18:43:19.937303+00:00,,Öğrenci Sayısı 110
Erzincan,Refahiye,Öğretmen Aysel Altun Anaokulu,767646,Anaokulu,https://ogretmenayselaltunanaokulu.meb.k12.tr,,,https://ogretmenayselaltunanaokulu.meb.k12.tr/tema/harita.php,2026-08-31,145,145,bulundu,https://ogretmenayselaltunanaokulu.meb.k12.tr/,2026-10-01T18:43:20.296618+00:00,,Öğrenci Sayısı: 145
Erzincan,Refahiye,Şehit Karaoğlanoğlu Yatılı Bölge Ortaokulu,747168,Ortaokul,https://skrefahiyeybo.meb.k12.tr,,,https://skrefahiyeybo.meb.k12.tr/tema/harita.php,2026-08-31,,,bulunamadi,,2026-10-01T18:43:20.301000+00:00,,
Erzincan,Tercan,Ahmet Yesevi Ortaokulu,712645,Ortaokul,https://tercanyesevi.meb.k12.tr,,,https://tercanyesevi.meb.k12.tr/tema/harita.php,2026-08-31,75,75,bulundu,https://tercanyesevi.meb.k12.tr/,2026-10-01T18:43:20.325827+00:00,,Öğrenci Sayısı : 75
Erzincan,Tercan,Altunkent Ömer Gültekin Ortaokulu,733697,Ortaokul,https://omergultekinortaokulu.meb.k12.tr,,,https://omergultekinortaokulu.meb.k12.tr/tema/harita.php,2026-08-31,42,42,bulundu,https://omergultekinortaokulu.meb.k12.tr/,2026-10-01T18:43:20.370487+00:00,,Öğrenci Sayısı 42
Erzincan,Tercan,Altunkent Ömer Gültekin İlkokulu,384662,İlkokul,https://omergultekin.meb.k12.tr,,,https://omergultekin.meb.k12.tr/tema/harita.php,2026-08-31,45,45,bulundu,https://omergultekin.meb.k12.tr/,2026-10-01T18:43:20.388268+00:00,,Öğrenci Sayısı 45
Erzincan,Tercan,Atatürk İlkokulu,729005,İlkokul,https://tercanataturkilkokulu.meb.k12.tr,,,https://tercanataturkilkokulu.meb.k12.tr/tema/harita.php,2026-08-31,83,83,bulundu,https://tercanataturkilkokulu.meb.k12.tr/,2026-10-01T18:43:20.516185+00:00,,Öğrenci Sayısı : 83
Erzincan,Tercan,Başbudak İlkokulu,715818,İlkokul,https://basbudakilkokulu.meb.k12.tr,,,https://basbudakilkokulu.meb.k12.tr/tema/harita.php,2026-08-31,8,8,bulundu,https://basbudakilkokulu.meb.k12.tr/,2026-10-01T18:43:21.158954+00:00,,Öğrenci Sayısı: 8
Erzincan,Tercan,Fahriye Gültekin Anadolu Lisesi,775151,Anadolu Lisesi,https://775151.meb.k12.tr,,,https://775151.meb.k12.tr/tema/harita.php,2026-08-31,23,23,bulundu,https://775151.meb.k12.tr/,2026-10-01T18:43:21.240783+00:00,,Öğrenci Sayısı : 23
Erzincan,Tercan,Gözeler İlkokulu,712647,İlkokul,https://gozeler.meb.k12.tr,,,https://gozeler.meb.k12.tr/tema/harita.php,2026-08-31,47,47,bulundu,https://gozeler.meb.k12.tr/,2026-10-01T18:43:21.272461+00:00,,Öğrenci Sayısı: 47
Erzincan,Tercan,Kalecik İlkokulu,712671,İlkokul,https://kaleciklkokulu.meb.k12.tr,,,https://kaleciklkokulu.meb.k12.tr/tema/harita.php,2026-08-31,,,bulunamadi,,2026-10-01T18:43:21.276906+00:00,,
Erzincan,Tercan,Kökpınar Ortaokulu,718892,Ortaokul,https://kokpinarortaokulu.meb.k12.tr,,,https://kokpinarortaokulu.meb.k12.tr/tema/harita.php,2026-08-31,56,56,bulundu,https://kokpinarortaokulu.meb.k12.tr/tema/okulumuz_hakkinda.php,2026-10-01T18:43:21.304599+00:00,,Öğrenci : 56
Erzincan,Tercan,Kökpınar İlkokulu,715936,İlkokul,https://kokpinarilkokulu.meb.k12.tr,,,https://kokpinarilkokulu.meb.k12.tr/tema/harita.php,2026-08-31,13,13,bulundu,https://kokpinarilkokulu.meb.k12.tr/,2026-10-01T18:43:21.344899+00:00,,Öğrenci Sayısı: 13
Erzincan,Tercan,Mamahatun 17 Şubat Ortaokulu,714894,Ortaokul,https://mamahatun17subatortaokulu.meb.k12.tr,,,https://mamahatun17subatortaokulu.meb.k12.tr/tema/harita.php,2026-08-31,221,221,bulundu,https://mamahatun17subatortaokulu.meb.k12.tr/,2026-10-01T18:43:21.357817+00:00,,Öğrenci Sayısı : 221
Erzincan,Tercan,Mamahatun 17 Şubat İlkokulu,746229,İlkokul,https://mamahatun17subatilkokulu.meb.k12.tr,,,https://mamahatun17subatilkokulu.meb.k12.tr/tema/harita.php,2026-08-31,132,132,bulundu,https://mamahatun17subatilkokulu.meb.k12.tr/,2026-10-01T18:43:21.397788+00:00,,Öğrenci Sayısı : 132
Erzincan,Tercan,Mehmet Kutsi Beğdeş İlkokulu,729011,İlkokul,https://mehmetkutsibegdesilkokulu.meb.k12.tr,,,https://mehmetkutsibegdesilkokulu.meb.k12.tr/tema/harita.php,2026-08-31,110,110,bulundu,https://mehmetkutsibegdesilkokulu.meb.k12.tr/,2026-10-01T18:43:21.435050+00:00,,Öğrenci Sayısı 110
Erzincan,Tercan,Mercan İlkokulu,712649,İlkokul,https://mercanilkokulu.meb.k12.tr,,,https://mercanilkokulu.meb.k12.tr/tema/harita.php,2026-08-31,98,98,bulundu,https://mercanilkokulu.meb.k12.tr/,2026-10-01T18:43:21.445346+00:00,,Öğrenci Sayısı 98
Erzincan,Tercan,Oğulveren İlkokulu,712679,İlkokul,https://712679.meb.k12.tr,,,https://712679.meb.k12.tr/tema/harita.php,2026-08-31,0,0,bulundu,https://712679.meb.k12.tr/,2026-10-01T18:43:21.497247+00:00,,Öğrenci Sayısı : 0
Erzincan,Tercan,Tercan Anadolu Lisesi,965945,Anadolu Lisesi,https://tercananadolulisesi.meb.k12.tr,,,https://tercananadolulisesi.meb.k12.tr/tema/harita.php,2026-08-31,111,111,bulundu,https://tercananadolulisesi.meb.k12.tr/,2026-10-01T18:43:21.780507+00:00,,Öğrenci Sayısı : 111
Erzincan,Tercan,Tercan Anaokulu,881842,Anaokulu,https://tercananaokulu.meb.k12.tr,,,https://tercananaokulu.meb.k12.tr/tema/harita.php,2026-08-31,61,61,bulundu,https://tercananaokulu.meb.k12.tr/,2026-10-01T18:43:21.789214+00:00,,Öğrenci Sayısı: 61
Erzincan,Tercan,Tercan Halk Eğitimi Merkezi,146096,Halk Eğitimi Merkezi,https://tercanhem.meb.k12.tr,,,https://tercanhem.meb.k12.tr/tema/harita.php,2026-08-31,,,bulunamadi,,2026-10-01T18:43:21.797682+00:00,,
Erzincan,Tercan,Tercan Mercan Çok Programlı Anadolu Lisesi,146072,Çok Programlı Anadolu Lisesi,https://mercanlisesi.meb.k12.tr,,,https://mercanlisesi.meb.k12.tr/tema/harita.php,2026-08-31,,,bulunamadi,,2026-10-01T18:43:21.813012+00:00,,
Erzincan,Tercan,Tercan Mesleki ve Teknik Anadolu Lisesi,146084,Mesleki ve Teknik Anadolu Lisesi,https://tercaneml.meb.k12.tr,,,https://tercaneml.meb.k12.tr/tema/harita.php,2026-08-31,139,139,bulundu,https://tercaneml.meb.k12.tr/,2026-10-01T18:43:22.070173+00:00,,Öğrenci Sayısı 139
Erzincan,Tercan,Tercan Yatılı Bölge Ortaokulu,146059,Ortaokul,https://tercanyibo.meb.k12.tr,,,https://tercanyibo.meb.k12.tr/tema/harita.php,2026-08-31,34,34,bulundu,https://tercanyibo.meb.k12.tr/,2026-10-01T18:43:22.098115+00:00,,Öğrenci Sayısı : 34
Erzincan,Tercan,Tercan Öğretmenevi ve Akşam Sanat Okulu,971139,Öğretmenevi,https://971139.meb.k12.tr,,,https://971139.meb.k12.tr/tema/harita.php,2026-08-31,,,bulunamadi,,2026-10-01T18:43:22.106996+00:00,,
Erzincan,Tercan,Tercan Şehit Piyade Er Resul Bayraci İmam Hatip Ortaokulu,729045,İmam Hatip Ortaokulu,https://tercanimamhatiportaokulu.meb.k12.tr,,,https://tercanimamhatiportaokulu.meb.k12.tr/tema/harita.php,2026-08-31,85,85,bulundu,https://tercanimamhatiportaokulu.meb.k12.tr/,2026-10-01T18:43:22.112337+00:00,,Öğrenci Sayısı 85
Erzincan,Tercan,Çadırkaya Anadolu Lisesi,775150,Anadolu Lisesi,https://775150.meb.k12.tr,,,https://775150.meb.k12.tr/tema/harita.php,2026-08-31,49,49,bulundu,https://775150.meb.k12.tr/,2026-10-01T18:43:22.126124+00:00,,Öğrenci Sayısı 49
Erzincan,Tercan,Çadırkaya İmam Hatip Ortaokulu,768668,İmam Hatip Ortaokulu,https://cadirkayaiho.meb.k12.tr,,,https://cadirkayaiho.meb.k12.tr/tema/harita.php,2026-08-31,65,65,bulundu,https://cadirkayaiho.meb.k12.tr/tema/okulumuz_hakkinda.php,2026-10-01T18:43:22.202313+00:00,,Öğrenci : 65
Erzincan,Tercan,Çadırkaya Şehit Jandarma Binbaşı Ümit Çelik Ortaokulu,733165,Ortaokul,https://cadirkayaortaokulu.meb.k12.tr,,,https://cadirkayaortaokulu.meb.k12.tr/tema/harita.php,2026-08-31,72,72,bulundu,https://cadirkayaortaokulu.meb.k12.tr/,2026-10-01T18:43:22.290318+00:00,,Öğrenci Sayısı 72
Erzincan,Tercan,Çadırkaya Şehit Jandarma Binbaşı Ümit Çelik İlkokulu,733510,İlkokul,https://cadirkayailkokulu.meb.k12.tr,,,https://cadirkayailkokulu.meb.k12.tr/tema/harita.php,2026-08-31,129,129,bulundu,https://cadirkayailkokulu.meb.k12.tr/,2026-10-01T18:43:22.329695+00:00,,Öğrenci Sayısı: 129
Erzincan,Tercan,Şehit Recep Gündüz Anadolu İmam Hatip Lisesi,759979,Anadolu İmam Hatip Lisesi,https://sehitrecepgunduzanadoluihl.meb.k12.tr,,,https://sehitrecepgunduzanadoluihl.meb.k12.tr/tema/harita.php,2026-08-31,50,50,bulundu,https://sehitrecepgunduzanadoluihl.meb.k12.tr/,2026-10-01T18:43:22.354782+00:00,,Öğrenci Sayısı : 50
Erzincan,Çayırlı,29 Ekim İlkokulu,712559,İlkokul,https://29ekimilkokulu.meb.k12.tr,,,https://29ekimilkokulu.meb.k12.tr/tema/harita.php,2026-08-31,211,211,bulundu,https://29ekimilkokulu.meb.k12.tr/,2026-10-01T18:43:22.554461+00:00,,Öğrenci Sayısı: 211
Erzincan,Çayırlı,Balıklı İlkokulu,733157,İlkokul,https://balikliilkokulu.meb.k12.tr,,,https://balikliilkokulu.meb.k12.tr/tema/harita.php,2026-08-31,,,bulunamadi,,2026-10-01T18:43:22.643728+00:00,,
Erzincan,Çayırlı,Erzincan Çayırlı Davut Sulari Halk Eğitimi Merkezi,145760,Halk Eğitimi Merkezi,https://cayirlihem.meb.k12.tr,,,https://cayirlihem.meb.k12.tr/tema/harita.php,2026-08-31,,,bulunamadi,,2026-10-01T18:43:22.651485+00:00,,
Erzincan,Çayırlı,Harmantepe İlkokulu,716045,İlkokul,https://cayirliharmantepeilkokulu.meb.k12.tr,,,https://cayirliharmantepeilkokulu.meb.k12.tr/tema/harita.php,2026-08-31,11,11,bulundu,https://cayirliharmantepeilkokulu.meb.k12.tr/,2026-10-01T18:43:22.872056+00:00,,Öğrenci Sayısı 11
Erzincan,Çayırlı,Verimli Ortaokulu,733167,Ortaokul,https://cayirliverimliortaokulu.meb.k12.tr,,,https://cayirliverimliortaokulu.meb.k12.tr/tema/harita.php,2026-08-31,49,49,bulundu,https://cayirliverimliortaokulu.meb.k12.tr/,2026-10-01T18:43:22.884159+00:00,,Öğrenci Sayısı 49
Erzincan,Çayırlı,Verimli İlkokulu,733162,İlkokul,https://cayirli-verimli-ilkokulu.meb.k12.tr,,,https://cayirli-verimli-ilkokulu.meb.k12.tr/tema/harita.php,2026-08-31,53,53,bulundu,https://cayirli-verimli-ilkokulu.meb.k12.tr/,2026-10-01T18:43:22.909427+00:00,,Öğrenci Sayısı: 53
Erzincan,Çayırlı,Vilayetler Birliği Semiha Yıldırım Anaokulu,750114,Anaokulu,https://semihayildirimanaokulu.meb.k12.tr,,,https://semihayildirimanaokulu.meb.k12.tr/tema/harita.php,2026-08-31,87,87,bulundu,https://semihayildirimanaokulu.meb.k12.tr/,2026-10-01T18:43:23.026287+00:00,,Öğrenci Sayısı: 87
Erzincan,Çayırlı,Yazıkaya İlkokulu,733163,İlkokul,https://yazikayailkokulu.meb.k12.tr,,,https://yazikayailkokulu.meb.k12.tr/tema/harita.php,2026-08-31,28,28,bulundu,https://yazikayailkokulu.meb.k12.tr/,2026-10-01T18:43:23.042571+00:00,,Öğrenci Sayısı: 28
Erzincan,Çayırlı,Yazıkaya İmam Hatip Ortaokulu,763909,İmam Hatip Ortaokulu,https://yazikayaimamhatip.meb.k12.tr,,,https://yazikayaimamhatip.meb.k12.tr/tema/harita.php,2026-08-31,50,50,bulundu,https://yazikayaimamhatip.meb.k12.tr/,2026-10-01T18:43:23.069618+00:00,,Öğrenci Sayısı 50
Erzincan,Çayırlı,Ziya Gökalp Ortaokulu,712569,Ortaokul,https://cayirliziyagokalp.meb.k12.tr,,,https://cayirliziyagokalp.meb.k12.tr/tema/harita.php,2026-08-31,128,128,bulundu,https://cayirliziyagokalp.meb.k12.tr/,2026-10-01T18:43:23.315725+00:00,,Öğrenci Sayısı 128
Erzincan,Çayırlı,Çaykent Ortaokulu,733164,Ortaokul,https://ortacaykent.meb.k12.tr,,,https://ortacaykent.meb.k12.tr/tema/harita.php,2026-08-31,38,38,bulundu,https://ortacaykent.meb.k12.tr/,2026-10-01T18:43:23.321160+00:00,,Öğrenci Sayısı : 38
Erzincan,Çayırlı,Çaykent İlkokulu,733161,İlkokul,https://caykentilkokulu.meb.k12.tr,,,https://caykentilkokulu.meb.k12.tr/tema/harita.php,2026-08-31,48,48,bulundu,https://caykentilkokulu.meb.k12.tr/,2026-10-01T18:43:23.420999+00:00,,Öğrenci Sayısı : 48
Erzincan,Çayırlı,Çayırlı Anadolu Lisesi,775244,Anadolu Lisesi,https://cayirlianadolu.meb.k12.tr,,,https://cayirlianadolu.meb.k12.tr/tema/harita.php,2026-08-31,,,bulunamadi,,2026-10-01T18:43:23.476393+00:00,,
Erzincan,Çayırlı,Çayırlı Mesleki ve Teknik Anadolu Lisesi,962952,Mesleki ve Teknik Anadolu Lisesi,https://cayirlimtal.meb.k12.tr,,,https://cayirlimtal.meb.k12.tr/tema/harita.php,2026-08-31,112,112,bulundu,https://cayirlimtal.meb.k12.tr/,2026-10-01T18:43:23.861211+00:00,,Öğrenci Sayısı 112
Erzincan,Çayırlı,Çayırlı Öğretmenevi ve Akşam Sanat Okulu,971135,Öğretmenevi,https://cayirliogretmeneviaso.meb.k12.tr,,,https://cayirliogretmeneviaso.meb.k12.tr/tema/harita.php,2026-08-31,,,bulunamadi,,2026-10-01T18:43:23.989016+00:00,,
Erzincan,Çayırlı,Çayırlı İmam Hatip Ortaokulu,748575,İmam Hatip Ortaokulu,https://cayirliimamhatip.meb.k12.tr,,,https://cayirliimamhatip.meb.k12.tr/tema/harita.php,2026-08-31,69,69,bulundu,https://cayirliimamhatip.meb.k12.tr/,2026-10-01T18:43:23.999722+00:00,,Öğrenci Sayısı 69
Erzincan,Üzümlü,Altınbaşak Şehit Murat Bayram İlkokulu,866539,İlkokul,https://sehitmuratbayram.meb.k12.tr,,,https://sehitmuratbayram.meb.k12.tr/tema/harita.php,2026-08-31,53,53,bulundu,https://sehitmuratbayram.meb.k12.tr/,2026-10-01T18:43:24.009047+00:00,,Öğrenci Sayısı: 53
Erzincan,Üzümlü,Bayırbağ Ortaokulu,733140,Ortaokul,https://bayirbagortaokulu.meb.k12.tr,,,https://bayirbagortaokulu.meb.k12.tr/tema/harita.php,2026-08-31,94,94,bulundu,https://bayirbagortaokulu.meb.k12.tr/,2026-10-01T18:43:24.083869+00:00,,Öğrenci Sayısı : 94
Erzincan,Üzümlü,Bayırbağ İlkokulu,733139,İlkokul,https://bayirbagilkokulu.meb.k12.tr,,,https://bayirbagilkokulu.meb.k12.tr/tema/harita.php,2026-08-31,78,78,bulundu,https://bayirbagilkokulu.meb.k12.tr/,2026-10-01T18:43:24.091930+00:00,,Öğrenci Sayısı : 78
Erzincan,Üzümlü,Gökbayrak İlkokulu,862387,İlkokul,https://gokbayraki.meb.k12.tr,,,https://gokbayraki.meb.k12.tr/tema/harita.php,2026-08-31,12,12,bulundu,https://gokbayraki.meb.k12.tr/,2026-10-01T18:43:24.824843+00:00,,Öğrenci Sayısı : 12
Erzincan,Üzümlü,Karakaya Gökbayrak Ortaokulu,733147,Ortaokul,https://gokbayrakortaokulu.meb.k12.tr,,,https://gokbayrakortaokulu.meb.k12.tr/tema/harita.php,2026-08-31,25,25,bulundu,https://gokbayrakortaokulu.meb.k12.tr/,2026-10-01T18:43:24.877522+00:00,,Öğrenci Sayısı 25
Erzincan,Üzümlü,Kız Mesleki ve Teknik Anadolu Lisesi,973950,Mesleki ve Teknik Anadolu Lisesi,https://uzumlukizmtal.meb.k12.tr,,,https://uzumlukizmtal.meb.k12.tr/tema/harita.php,2026-08-31,86,86,bulundu,https://uzumlukizmtal.meb.k12.tr/,2026-10-01T18:43:24.889054+00:00,,Öğrenci Sayısı : 86
Erzincan,Üzümlü,Nusret Yılmaz İlkokulu,581373,İlkokul,https://nusretyilmaz.meb.k12.tr,,,https://nusretyilmaz.meb.k12.tr/tema/harita.php,2026-08-31,141,141,bulundu,https://nusretyilmaz.meb.k12.tr/,2026-10-01T18:43:24.944953+00:00,,Öğrenci Sayısı: 141
Erzincan,Üzümlü,Üzümlü Anadolu Lisesi,972467,Anadolu Lisesi,https://uzumluanadolu.meb.k12.tr,,,https://uzumluanadolu.meb.k12.tr/tema/harita.php,2026-08-31,120,120,bulundu,https://uzumluanadolu.meb.k12.tr/,2026-10-01T18:43:24.960814+00:00,,Öğrenci Sayısı 120
Erzincan,Üzümlü,Üzümlü Anaokulu,966265,Anaokulu,https://anaokul.meb.k12.tr,,,https://anaokul.meb.k12.tr/tema/harita.php,2026-08-31,88,88,bulundu,https://anaokul.meb.k12.tr/,2026-10-01T18:43:25.194689+00:00,,Öğrenci Sayısı 88
Erzincan,Üzümlü,Üzümlü Fatih İlkokulu,733480,İlkokul,https://uzumlufatihilkokulu.meb.k12.tr,,,https://uzumlufatihilkokulu.meb.k12.tr/tema/harita.php,2026-08-31,178,178,bulundu,https://uzumlufatihilkokulu.meb.k12.tr/,2026-10-01T18:43:25.397721+00:00,,Öğrenci Sayısı : 178
Erzincan,Üzümlü,Üzümlü Geyikli Şehit Polis Hakan Can Ortaokulu,733143,Ortaokul,https://geyikliortaokul.meb.k12.tr,,,https://geyikliortaokul.meb.k12.tr/tema/harita.php,2026-08-31,98,98,bulundu,https://geyikliortaokul.meb.k12.tr/,2026-10-01T18:43:25.500651+00:00,,Öğrenci Sayısı 98
Erzincan,Üzümlü,Üzümlü Geyikli Şehit Polis Hakan Can İlkokulu,733141,İlkokul,https://geyikliilkokul.meb.k12.tr,,,https://geyikliilkokul.meb.k12.tr/tema/harita.php,2026-08-31,70,70,bulundu,https://geyikliilkokul.meb.k12.tr/,2026-10-01T18:43:25.548797+00:00,,Öğrenci Sayısı: 70
Erzincan,Üzümlü,Üzümlü Halk Eğitimi Merkezi,229237,Halk Eğitimi Merkezi,https://uzumluhem.meb.k12.tr,,,https://uzumluhem.meb.k12.tr/tema/harita.php,2026-08-31,,,bulunamadi,,2026-10-01T18:43:25.588227+00:00,,
Erzincan,Üzümlü,Üzümlü Ortaokulu,712108,Ortaokul,https://uzumluortaokul.meb.k12.tr,,,https://uzumluortaokul.meb.k12.tr/tema/harita.php,2026-08-31,,,bulunamadi,,2026-10-01T18:43:25.659198+00:00,,
Erzincan,Üzümlü,Üzümlü Öğretmenevi ve Akşam Sanat Okulu,971141,Öğretmenevi,https://971141.meb.k12.tr,,,https://971141.meb.k12.tr/tema/harita.php,2026-08-31,,,bulunamadi,,2026-10-01T18:43:25.666544+00:00,,
Erzincan,Üzümlü,Üzümlü İmam Hatip Ortaokulu,733481,İmam Hatip Ortaokulu,https://uzumluimamhatiportaokulu.meb.k12.tr,,,https://uzumluimamhatiportaokulu.meb.k12.tr/tema/harita.php,2026-08-31,91,91,bulundu,https://uzumluimamhatiportaokulu.meb.k12.tr/,2026-10-01T18:43:25.704792+00:00,,Öğrenci Sayısı : 91
Erzincan,Üzümlü,Şehit Adem Akpınar Anadolu İmam Hatip Lisesi,767495,Anadolu İmam Hatip Lisesi,https://sehitademakpinaraihl.meb.k12.tr,,,https://sehitademakpinaraihl.meb.k12.tr/tema/harita.php,2026-08-31,35,35,bulundu,https://sehitademakpinaraihl.meb.k12.tr/,2026-10-01T18:43:25.745048+00:00,,Öğrenci Sayısı : 35
Erzincan,Üzümlü,Şehit Fatih Devravut İlkokulu,712103,İlkokul,https://uzumlusfd.meb.k12.tr,,,https://uzumlusfd.meb.k12.tr/tema/harita.php,2026-08-31,159,159,bulundu,https://uzumlusfd.meb.k12.tr/,2026-10-01T18:43:25.755027+00:00,,Öğrenci Sayısı : 159
Erzincan,Üzümlü,Şehit Murat Bayram Ortaokulu,733146,Ortaokul,https://sehitmuratbayram_ortaokulu.meb.k12.tr,,,https://sehitmuratbayram_ortaokulu.meb.k12.tr/tema/harita.php,2026-08-31,,,bulunamadi,,2026-10-01T18:43:25.811602+00:00,,
Erzincan,İliç,23 Nisan İlkokulu,712463,İlkokul,https://ilic23nisanilkokulu.meb.k12.tr,,,https://ilic23nisanilkokulu.meb.k12.tr/tema/harita.php,2026-08-31,293,293,bulundu,https://ilic23nisanilkokulu.meb.k12.tr/,2026-10-01T18:43:25.845504+00:00,,Öğrenci Sayısı 293
Erzincan,İliç,Anagold Madencilik Ortaokulu,733171,Ortaokul,https://anagoldortaokulu.meb.k12.tr,,,https://anagoldortaokulu.meb.k12.tr/tema/harita.php,2026-08-31,253,253,bulundu,https://anagoldortaokulu.meb.k12.tr/,2026-10-01T18:43:25.856401+00:00,,Öğrenci Sayısı 253
Erzincan,İliç,Elmacık İlkokulu,712539,İlkokul,https://ilicelmacikilkokulu.meb.k12.tr,,,https://ilicelmacikilkokulu.meb.k12.tr/tema/harita.php,2026-08-31,38,38,bulundu,https://ilicelmacikilkokulu.meb.k12.tr/tema/okulumuz_hakkinda.php,2026-10-01T18:43:25.917043+00:00,,Öğrenci : 38
Erzincan,İliç,Mehmet Şemsettin Günaltay İlkokulu,767654,İlkokul,https://767654.meb.k12.tr,,,https://767654.meb.k12.tr/tema/harita.php,2026-08-31,182,182,bulundu,https://767654.meb.k12.tr/,2026-10-01T18:43:26.000953+00:00,,Öğrenci Sayısı : 182
Erzincan,İliç,İliç Anaokulu,749708,Anaokulu,https://ilicanaokulu.meb.k12.tr,,,https://ilicanaokulu.meb.k12.tr/tema/harita.php,2026-08-31,85,85,bulundu,https://ilicanaokulu.meb.k12.tr/,2026-10-01T18:43:26.136497+00:00,,Öğrenci Sayısı: 85
Erzincan,İliç,İliç Halk Eğitimi Merkezi,145806,Halk Eğitimi Merkezi,https://ilichem.meb.k12.tr,,,https://ilichem.meb.k12.tr/tema/harita.php,2026-08-31,,,bulunamadi,,2026-10-01T18:43:26.296804+00:00,,
Erzincan,İliç,İliç Seyda Fırat Çok Programlı Anadolu Lisesi,145796,Çok Programlı Anadolu Lisesi,https://seydafiratlisesi.meb.k12.tr,,,https://seydafiratlisesi.meb.k12.tr/tema/harita.php,2026-08-31,210,210,bulundu,https://seydafiratlisesi.meb.k12.tr/,2026-10-01T18:43:26.310735+00:00,,Öğrenci Sayısı : 210
Erzincan,İliç,İliç Öğretmenevi ve Akşam Sanat Okulu,971136,Öğretmenevi,https://971136.meb.k12.tr,,,https://971136.meb.k12.tr/tema/harita.php,2026-08-31,,,bulunamadi,,2026-10-01T18:43:26.338028+00:00,,
Erzincan,İliç,İliç İbrahim Çeçen İmam Hatip Ortaokulu,748641,İmam Hatip Ortaokulu,https://imamhatiportaokulu.meb.k12.tr,,,https://imamhatiportaokulu.meb.k12.tr/tema/harita.php,2026-08-31,136,136,bulundu,https://imamhatiportaokulu.meb.k12.tr/,2026-10-01T18:43:26.410382+00:00,,Öğrenci Sayısı 136
Erzurum,Aziziye,19 Mayıs Ortaokulu,705174,Ortaokul,https://19mayisaziziye.meb.k12.tr,,,https://19mayisaziziye.meb.k12.tr/tema/harita.php,2026-08-31,642,642,bulundu,https://19mayisaziziye.meb.k12.tr/,2026-10-01T18:43:26.426964+00:00,,Öğrenci Sayısı 642
Erzurum,Aziziye,23 Nisan Ortaokulu,705353,Ortaokul,https://aziziye23nisanortaokulu.meb.k12.tr,,,https://aziziye23nisanortaokulu.meb.k12.tr/tema/harita.php,2026-08-31,545,545,bulundu,https://aziziye23nisanortaokulu.meb.k12.tr/,2026-10-01T18:43:26.459625+00:00,,Öğrenci Sayısı : 545
Erzurum,Aziziye,23 Nisan İlkokulu,748739,İlkokul,https://aziziye23nisanilkokulu.meb.k12.tr,,,https://aziziye23nisanilkokulu.meb.k12.tr/tema/harita.php,2026-08-31,713,713,bulundu,https://aziziye23nisanilkokulu.meb.k12.tr/tema/okulumuz_hakkinda.php,2026-10-01T18:43:26.486868+00:00,,Öğrenci : 713
Erzurum,Aziziye,Adaçay İlkokulu,704830,İlkokul,https://aziziyeadacayilkokulu.meb.k12.tr,,,https://aziziyeadacayilkokulu.meb.k12.tr/tema/harita.php,2026-08-31,3,3,bulundu,https://aziziyeadacayilkokulu.meb.k12.tr/,2026-10-01T18:43:26.574845+00:00,,Öğrenci Sayısı: 3
Erzurum,Aziziye,Adnan Menderes Anadolu Lisesi,969418,Anadolu Lisesi,https://erzadnanmenderes.meb.k12.tr,,,https://erzadnanmenderes.meb.k12.tr/tema/harita.php,2026-08-31,316,316,bulundu,https://erzadnanmenderes.meb.k12.tr/,2026-10-01T18:43:26.604996+00:00,,Öğrenci Sayısı : 316
Erzurum,Aziziye,Akdağ İlkokulu,771638,İlkokul,https://aziziyeakdagilkokulu.meb.k12.tr,,,https://aziziyeakdagilkokulu.meb.k12.tr/tema/harita.php,2026-08-31,,,bulunamadi,,2026-10-01T18:43:26.609825+00:00,,
Erzurum,Aziziye,Alaca Yunus Emre Yücelik İlkokulu,705016,İlkokul,https://alacayeyio.meb.k12.tr,,,https://alacayeyio.meb.k12.tr/tema/harita.php,2026-08-31,1,1,bulundu,https://alacayeyio.meb.k12.tr/,2026-10-01T18:43:26.649811+00:00,,Öğrenci Sayısı 1
Erzurum,Aziziye,Anakuzusu Anaokulu,971858,Anaokulu,https://anakuzusuanaokulu.meb.k12.tr,,,https://anakuzusuanaokulu.meb.k12.tr/tema/harita.php,2026-08-31,,,bulunamadi,,2026-10-01T18:43:26.751389+00:00,,
Erzurum,Aziziye,Atatürk Ortaokulu,705364,Ortaokul,https://aziziyeataturkortaokulu.meb.k12.tr,,,https://aziziyeataturkortaokulu.meb.k12.tr/tema/harita.php,2026-08-31,168,168,bulundu,https://aziziyeataturkortaokulu.meb.k12.tr/,2026-10-01T18:43:26.965597+00:00,,Öğrenci Sayısı : 168
Erzurum,Aziziye,Aziziye Anadolu İmam Hatip Lisesi,974964,Anadolu İmam Hatip Lisesi,https://aziziyeaihl.meb.k12.tr,,,https://aziziyeaihl.meb.k12.tr/tema/harita.php,2026-08-31,550,550,bulundu,https://aziziyeaihl.meb.k12.tr/,2026-10-01T18:43:27.025177+00:00,,Öğrenci Sayısı : 550
Erzurum,Aziziye,Aziziye Anaokulu,757590,Anaokulu,https://aziziyeanaokulu.meb.k12.tr,,,https://aziziyeanaokulu.meb.k12.tr/tema/harita.php,2026-08-31,,,bulunamadi,,2026-10-01T18:43:27.044249+00:00,,
Erzurum,Aziziye,Aziziye Dadaşkent Ortaokulu,765765,Ortaokul,https://dadaskentortaokulu.meb.k12.tr,,,https://dadaskentortaokulu.meb.k12.tr/tema/harita.php,2026-08-31,855,855,bulundu,https://dadaskentortaokulu.meb.k12.tr/tema/okulumuz_hakkinda.php,2026-10-01T18:43:27.049538+00:00,,Öğrenci : 855
Erzurum,Aziziye,Aziziye Halk Eğitimi Merkezi,270468,Halk Eğitimi Merkezi,https://aziziyehem.meb.k12.tr,,,https://aziziyehem.meb.k12.tr/tema/harita.php,2026-08-31,,,bulunamadi,,2026-10-01T18:43:27.098167+00:00,,
Erzurum,Aziziye,Aziziye Karçiçeği Anaokulu,766866,Anaokulu,https://aziziyekarcicegi.meb.k12.tr,,,https://aziziyekarcicegi.meb.k12.tr/tema/harita.php,2026-08-31,237,237,bulundu,https://aziziyekarcicegi.meb.k12.tr/,2026-10-01T18:43:27.185344+00:00,,Öğrenci Sayısı 237
Erzurum,Aziziye,Aziziye Maarif Yüzyılı İlkokulu,777207,İlkokul,https://777207.meb.k12.tr,,,https://777207.meb.k12.tr/tema/harita.php,2026-08-31,0,0,bulundu,https://777207.meb.k12.tr/,2026-10-01T18:43:27.511630+00:00,,Öğrenci Sayısı : 0
Erzurum,Aziziye,Aziziye Taşpınar Necmi Çakıcı ve Muhlis Koçal İlkokulu,704592,İlkokul,https://taspinarilko.meb.k12.tr,,,https://taspinarilko.meb.k12.tr/tema/harita.php,2026-08-31,20,20,bulundu,https://taspinarilko.meb.k12.tr/,2026-10-01T18:43:27.553009+00:00,,Öğrenci Sayısı 20
Erzurum,Aziziye,Aziziye Yavuz Selim Tarım Mesleki ve Teknik Anadolu Lisesi,768482,Mesleki ve Teknik Anadolu Lisesi,https://aysmtal.meb.k12.tr,,,https://aysmtal.meb.k12.tr/tema/harita.php,2026-08-31,317,317,bulundu,https://aysmtal.meb.k12.tr/,2026-10-01T18:43:27.563028+00:00,,Öğrenci Sayısı : 317
Erzurum,Aziziye,Aşağı Canören İstanbul Erzurumlular Vakfı İlkokulu,490548,İlkokul,https://canorenilkokulu.meb.k12.tr,,,https://canorenilkokulu.meb.k12.tr/tema/harita.php,2026-08-31,21,21,bulundu,https://canorenilkokulu.meb.k12.tr/,2026-10-01T18:43:27.590030+00:00,,Öğrenci Sayısı : 21
Erzurum,Aziziye,Başçakmak Ortaokulu,736162,Ortaokul,https://bascakmakortaokulu.meb.k12.tr,,,https://bascakmakortaokulu.meb.k12.tr/tema/harita.php,2026-08-31,24,24,bulundu,https://bascakmakortaokulu.meb.k12.tr/,2026-10-01T18:43:27.619108+00:00,,Öğrenci Sayısı : 24
Erzurum,Aziziye,Başçakmak İlkokulu,490561,İlkokul,https://bascakmak.meb.k12.tr,,,https://bascakmak.meb.k12.tr/tema/harita.php,2026-08-31,46,46,bulundu,https://bascakmak.meb.k12.tr/,2026-10-01T18:43:28.427897+00:00,,Öğrenci Sayısı : 46
Erzurum,Aziziye,Beypınarı İlkokulu,705388,İlkokul,https://aziziyebeypinariilkokulu.meb.k12.tr,,,https://aziziyebeypinariilkokulu.meb.k12.tr/tema/harita.php,2026-08-31,23,23,bulundu,https://aziziyebeypinariilkokulu.meb.k12.tr/,2026-10-01T18:43:28.478294+00:00,,Öğrenci Sayısı: 23
Erzurum,Aziziye,Demirgeçit İlkokulu,771213,İlkokul,https://demirgecitilkokulu.meb.k12.tr,,,https://demirgecitilkokulu.meb.k12.tr/tema/harita.php,2026-08-31,5,5,bulundu,https://demirgecitilkokulu.meb.k12.tr/,2026-10-01T18:43:28.556984+00:00,,Öğrenci Sayısı: 5
Erzurum,Aziziye,Emel Çatal Anadolu Lisesi,973697,Anadolu Lisesi,https://emelcatal.meb.k12.tr,,,https://emelcatal.meb.k12.tr/tema/harita.php,2026-08-31,517,517,bulundu,https://emelcatal.meb.k12.tr/,2026-10-01T18:43:28.598296+00:00,,Öğrenci Sayısı : 517
Erzurum,Aziziye,Emrecık İlkokulu,705402,İlkokul,https://emrecikilkokulu.meb.k12.tr,,,https://emrecikilkokulu.meb.k12.tr/tema/harita.php,2026-08-31,10,10,bulundu,https://emrecikilkokulu.meb.k12.tr/,2026-10-01T18:43:28.732951+00:00,,Öğrenci Sayısı 10
Erzurum,Aziziye,Erol Güngör İmam Hatip Ortaokulu,758694,İmam Hatip Ortaokulu,https://erolgungorimamhatiportaokulu.meb.k12.tr,,,https://erolgungorimamhatiportaokulu.meb.k12.tr/tema/harita.php,2026-08-31,248,248,bulundu,https://erolgungorimamhatiportaokulu.meb.k12.tr/,2026-10-01T18:43:28.927320+00:00,,Öğrenci Sayısı : 248
Erzurum,Aziziye,Ertuğrulgazi İlkokulu,705345,İlkokul,https://ertugrulgazii.meb.k12.tr,,,https://ertugrulgazii.meb.k12.tr/tema/harita.php,2026-08-31,586,586,bulundu,https://ertugrulgazii.meb.k12.tr/,2026-10-01T18:43:29.034242+00:00,,Öğrenci Sayısı: 586
Erzurum,Aziziye,Erzurum 1. OSB Meslekî Eğitim Merkezi,768737,Mesleki Eğitim Merkezi,https://erzosbmesem.meb.k12.tr,,,https://erzosbmesem.meb.k12.tr/tema/harita.php,2026-08-31,522,522,bulundu,https://erzosbmesem.meb.k12.tr/,2026-10-01T18:43:29.060495+00:00,,Öğrenci Sayısı 522
Erzurum,Aziziye,Erzurum Eğitim ve Uygulama Merkezi,776170,Özel Eğitim Kurumu,https://776170.meb.k12.tr,,,https://776170.meb.k12.tr/tema/harita.php,2026-08-31,0,0,bulundu,https://776170.meb.k12.tr/tema/okulumuz_hakkinda.php,2026-10-01T18:43:29.079566+00:00,,Öğrenci : 0
Erzurum,Aziziye,Erzurum Hizmetiçi Eğitim Enstitüsü ve Akşam Sanat Okulu,970445,Hizmet İçi Eğitim Enstitüsü,https://erzurumhizmeticieeveaso.meb.k12.tr,,,https://erzurumhizmeticieeveaso.meb.k12.tr/tema/harita.php,2026-08-31,,,bulunamadi,,2026-10-01T18:43:29.129612+00:00,,
Erzurum,Aziziye,Eskipolat İlkokulu,704196,İlkokul,https://eskipolatilkokulu.meb.k12.tr,,,https://eskipolatilkokulu.meb.k12.tr/tema/harita.php,2026-08-31,31,31,bulundu,https://eskipolatilkokulu.meb.k12.tr/,2026-10-01T18:43:29.148360+00:00,,Öğrenci Sayısı: 31
Erzurum,Aziziye,Eskipolat Şehit Mustafa Mutlu Ortaokulu,704262,Ortaokul,https://eskipolatortaokulu.meb.k12.tr,,,https://eskipolatortaokulu.meb.k12.tr/tema/harita.php,2026-08-31,56,56,bulundu,https://eskipolatortaokulu.meb.k12.tr/,2026-10-01T18:43:29.190380+00:00,,Öğrenci Sayısı : 56
Erzurum,Aziziye,Farabi İlkokulu,767848,İlkokul,https://aziziyefarabiilkokulu.meb.k12.tr,,,https://aziziyefarabiilkokulu.meb.k12.tr/tema/harita.php,2026-08-31,273,273,bulundu,https://aziziyefarabiilkokulu.meb.k12.tr/,2026-10-01T18:43:29.486450+00:00,,Öğrenci Sayısı 273
Erzurum,Aziziye,Fatih Ortaokulu,747188,Ortaokul,https://aziziyefatihortaokulu.meb.k12.tr,,,https://aziziyefatihortaokulu.meb.k12.tr/tema/harita.php,2026-08-31,282,282,bulundu,https://aziziyefatihortaokulu.meb.k12.tr/,2026-10-01T18:43:29.519845+00:00,,Öğrenci Sayısı : 282
Erzurum,Aziziye,Fatih Sultan Mehmet İmam Hatip Ortaokulu,718206,İmam Hatip Ortaokulu,https://fsmimamhatip.meb.k12.tr,,,https://fsmimamhatip.meb.k12.tr/tema/harita.php,2026-08-31,209,209,bulundu,https://fsmimamhatip.meb.k12.tr/,2026-10-01T18:43:29.550186+00:00,,Öğrenci Sayısı : 209
Erzurum,Aziziye,Fatih İlkokulu,705368,İlkokul,https://aziziyefatihilkokulu.meb.k12.tr,,,https://aziziyefatihilkokulu.meb.k12.tr/tema/harita.php,2026-08-31,260,260,bulundu,https://aziziyefatihilkokulu.meb.k12.tr/tema/okulumuz_hakkinda.php,2026-10-01T18:43:29.671940+00:00,,Öğrenci : 260
Erzurum,Aziziye,Güllüce İlkokulu,771647,İlkokul,https://aziziyegulluceilkokulu.meb.k12.tr,,,https://aziziyegulluceilkokulu.meb.k12.tr/tema/harita.php,2026-08-31,5,5,bulundu,https://aziziyegulluceilkokulu.meb.k12.tr/,2026-10-01T18:43:29.767014+00:00,,Öğrenci Sayısı : 5
Erzurum,Aziziye,Ilıca Anaokulu,766743,Anaokulu,https://anaokuluilica.meb.k12.tr,,,https://anaokuluilica.meb.k12.tr/tema/harita.php,2026-08-31,49,49,bulundu,https://anaokuluilica.meb.k12.tr/,2026-10-01T18:43:29.828588+00:00,,Öğrenci Sayısı: 49
Erzurum,Aziziye,Ilıca Borsa İstanbul Yavuz Selim Sosyal Bilimler Lisesi,364236,Sosyal Bilimler Lisesi,https://yavuzselimsosyalbilimlerlisesi.meb.k12.tr,,,https://yavuzselimsosyalbilimlerlisesi.meb.k12.tr/tema/harita.php,2026-08-31,362,362,bulundu,https://yavuzselimsosyalbilimlerlisesi.meb.k12.tr/,2026-10-01T18:43:29.854802+00:00,,Öğrenci Sayısı : 362
Erzurum,Aziziye,Ilıca Toprakkale Ziyaettin Özatalay Ortaokulu,704428,Ortaokul,https://toprakkalem.meb.k12.tr,,,https://toprakkalem.meb.k12.tr/tema/harita.php,2026-08-31,57,57,bulundu,https://toprakkalem.meb.k12.tr/,2026-10-01T18:43:30.043168+00:00,,Öğrenci Sayısı : 57
Erzurum,Aziziye,Ilıca Toprakkale Ziyaettin Özatalay İlkokulu,704289,İlkokul,https://toprakkalemm.meb.k12.tr,,,https://toprakkalemm.meb.k12.tr/tema/harita.php,2026-08-31,38,38,bulundu,https://toprakkalemm.meb.k12.tr/,2026-10-01T18:43:30.162496+00:00,,Öğrenci Sayısı: 38
Erzurum,Aziziye,Ilıca Çok Programlı Anadolu Lisesi,765223,Çok Programlı Anadolu Lisesi,https://aziziyeilicacpal.meb.k12.tr,,,https://aziziyeilicacpal.meb.k12.tr/tema/harita.php,2026-08-31,175,175,bulundu,https://aziziyeilicacpal.meb.k12.tr/,2026-10-01T18:43:30.208819+00:00,,Öğrenci Sayısı 175
Erzurum,Aziziye,Kahramanlar İlkokulu,705409,İlkokul,https://kahramanlarilkokulu.meb.k12.tr,,,https://kahramanlarilkokulu.meb.k12.tr/tema/harita.php,2026-08-31,20,20,bulundu,https://kahramanlarilkokulu.meb.k12.tr/,2026-10-01T18:43:30.229162+00:00,,Öğrenci Sayısı: 20
Erzurum,Aziziye,Kumluyazı İlkokulu,705420,İlkokul,https://kumluyaziilkokulu.meb.k12.tr,,,https://kumluyaziilkokulu.meb.k12.tr/tema/harita.php,2026-08-31,23,23,bulundu,https://kumluyaziilkokulu.meb.k12.tr/,2026-10-01T18:43:30.314851+00:00,,Öğrenci Sayısı 23
Erzurum,Aziziye,Nene Hatun Anaokulu,969999,Anaokulu,https://erzurumnenehatun.meb.k12.tr,,,https://erzurumnenehatun.meb.k12.tr/tema/harita.php,2026-08-31,,,bulunamadi,,2026-10-01T18:43:30.390445+00:00,,
Erzurum,Aziziye,Ocak İlkokulu,705423,İlkokul,https://ocakilkokulu.meb.k12.tr,,,https://ocakilkokulu.meb.k12.tr/tema/harita.php,2026-08-31,4,4,bulundu,https://ocakilkokulu.meb.k12.tr/,2026-10-01T18:43:30.464810+00:00,,Öğrenci Sayısı: 4
Erzurum,Aziziye,Paşayurdu Yeni Mahalle İlkokulu,705428,İlkokul,https://pasayurduyenimahalleilkokulu.meb.k12.tr,,,https://pasayurduyenimahalleilkokulu.meb.k12.tr/tema/harita.php,2026-08-31,2,2,bulundu,https://pasayurduyenimahalleilkokulu.meb.k12.tr/,2026-10-01T18:43:30.718971+00:00,,Öğrenci Sayısı 2
Erzurum,Aziziye,Rasim Önalan İlkokulu,705380,İlkokul,https://rasimonalanilkokulu.meb.k12.tr,,,https://rasimonalanilkokulu.meb.k12.tr/tema/harita.php,2026-08-31,22,22,bulundu,https://rasimonalanilkokulu.meb.k12.tr/,2026-10-01T18:43:30.727923+00:00,,Öğrenci Sayısı 22
Erzurum,Aziziye,Reşit Karabacak Spor Lisesi,749934,Spor Lisesi,https://erzurumsporlisesi.meb.k12.tr,,,https://erzurumsporlisesi.meb.k12.tr/tema/harita.php,2026-08-31,325,325,bulundu,https://erzurumsporlisesi.meb.k12.tr/,2026-10-01T18:43:30.812979+00:00,,Öğrenci Sayısı 325
Erzurum,Aziziye,Rizekent İlkokulu,705434,İlkokul,https://rizekentilkokulu.meb.k12.tr,,,https://rizekentilkokulu.meb.k12.tr/tema/harita.php,2026-08-31,3,3,bulundu,https://rizekentilkokulu.meb.k12.tr/,2026-10-01T18:43:30.823635+00:00,,Öğrenci Sayısı: 3
Erzurum,Aziziye,Sultan Abdulhamid Raylı Sistemler Teknolojisi Mesleki ve Teknik Anadolu Lisesi,764792,Mesleki ve Teknik Anadolu Lisesi,https://raylisistemlermtal.meb.k12.tr,,,https://raylisistemlermtal.meb.k12.tr/tema/harita.php,2026-08-31,291,291,bulundu,https://raylisistemlermtal.meb.k12.tr/,2026-10-01T18:43:30.865075+00:00,,Öğrenci Sayısı : 291
Erzurum,Aziziye,Söğütlü Ortaokulu,704718,Ortaokul,https://sogutluortaokuluerzurum.meb.k12.tr,,,https://sogutluortaokuluerzurum.meb.k12.tr/tema/harita.php,2026-08-31,35,35,bulundu,https://sogutluortaokuluerzurum.meb.k12.tr/,2026-10-01T18:43:30.885825+00:00,,Öğrenci Sayısı : 35
Erzurum,Aziziye,Söğütlü İlkokulu,704720,İlkokul,https://sogutluilkokuluerzurum.meb.k12.tr,,,https://sogutluilkokuluerzurum.meb.k12.tr/tema/harita.php,2026-08-31,68,68,bulundu,https://sogutluilkokuluerzurum.meb.k12.tr/,2026-10-01T18:43:31.095994+00:00,,Öğrenci Sayısı: 68
Erzurum,Aziziye,Taşpınar Necmi Çakıcı ve Muhlis Koçal Ortaokulu,768640,Ortaokul,https://taspinaroo.meb.k12.tr,,,https://taspinaroo.meb.k12.tr/tema/harita.php,2026-08-31,25,25,bulundu,https://taspinaroo.meb.k12.tr/,2026-10-01T18:43:31.177296+00:00,,Öğrenci Sayısı 25
Erzurum,Aziziye,Tebrizcik Saim-Melahat Ovacık İlkokulu,705440,İlkokul,https://tebrizcikilkokulu.meb.k12.tr,,,https://tebrizcikilkokulu.meb.k12.tr/tema/harita.php,2026-08-31,6,6,bulundu,https://tebrizcikilkokulu.meb.k12.tr/,2026-10-01T18:43:31.306089+00:00,,Öğrenci Sayısı : 6
Erzurum,Aziziye,Toki Şehit Jandarma Er İbrahim Aşıkoğlu İlkokulu,705372,İlkokul,https://aziziyetoki.meb.k12.tr,,,https://aziziyetoki.meb.k12.tr/tema/harita.php,2026-08-31,108,108,bulundu,https://aziziyetoki.meb.k12.tr/,2026-10-01T18:43:31.333282+00:00,,Öğrenci Sayısı : 108
Erzurum,Aziziye,Tınazlı İlkokulu,705443,İlkokul,https://tinazliilkokulu.meb.k12.tr,,,https://tinazliilkokulu.meb.k12.tr/tema/harita.php,2026-08-31,3,3,bulundu,https://tinazliilkokulu.meb.k12.tr/,2026-10-01T18:43:31.484815+00:00,,Öğrenci Sayısı: 3
Erzurum,Aziziye,Vali Vefik Kitapçıgil İlkokulu,703896,İlkokul,https://valivefik.meb.k12.tr,,,https://valivefik.meb.k12.tr/tema/harita.php,2026-08-31,834,834,bulundu,https://valivefik.meb.k12.tr/,2026-10-01T18:43:31.969566+00:00,,Öğrenci Sayısı 834
Erzurum,Aziziye,Yarımca İlkokulu,705445,İlkokul,https://aziziyeyarimcailkokulu.meb.k12.tr,,,https://aziziyeyarimcailkokulu.meb.k12.tr/tema/harita.php,2026-08-31,10,10,bulundu,https://aziziyeyarimcailkokulu.meb.k12.tr/,2026-10-01T18:43:31.993599+00:00,,Öğrenci Sayısı: 10
Erzurum,Aziziye,Yoncalık İlkokulu,705448,İlkokul,https://aziziyeyoncalik.meb.k12.tr,,,https://aziziyeyoncalik.meb.k12.tr/tema/harita.php,2026-08-31,33,33,bulundu,https://aziziyeyoncalik.meb.k12.tr/,2026-10-01T18:43:32.127284+00:00,,Öğrenci Sayısı : 33
Erzurum,Aziziye,Zübeyde Hanım Ortaokulu,748632,Ortaokul,https://zubeydehanimioo.meb.k12.tr,,,https://zubeydehanimioo.meb.k12.tr/tema/harita.php,2026-08-31,456,456,bulundu,https://zubeydehanimioo.meb.k12.tr/,2026-10-01T18:43:32.147169+00:00,,Öğrenci Sayısı : 456
Erzurum,Aziziye,Zübeyde Hanım İlkokulu,705288,İlkokul,https://aziziyezubeydehanimilkokulu.meb.k12.tr,,,https://aziziyezubeydehanimilkokulu.meb.k12.tr/tema/harita.php,2026-08-31,663,663,bulundu,https://aziziyezubeydehanimilkokulu.meb.k12.tr/,2026-10-01T18:43:32.232836+00:00,,Öğrenci Sayısı : 663
Erzurum,Aziziye,Çiğdemli İlkokulu,705396,İlkokul,https://cigdemlilkokulu.meb.k12.tr,,,https://cigdemlilkokulu.meb.k12.tr/tema/harita.php,2026-08-31,17,17,bulundu,https://cigdemlilkokulu.meb.k12.tr/,2026-10-01T18:43:32.310604+00:00,,Öğrenci Sayısı : 17
Erzurum,Aziziye,Ömertepe İlkokulu,705424,İlkokul,https://omertepeilkokulu.meb.k12.tr,,,https://omertepeilkokulu.meb.k12.tr/tema/harita.php,2026-08-31,3,3,bulundu,https://omertepeilkokulu.meb.k12.tr/,2026-10-01T18:43:32.457810+00:00,,Öğrenci Sayısı 3
Erzurum,Aziziye,Şehit Birol İli Bilim ve Sanat Merkezi,769402,Bilim ve Sanat Merkezi,https://aziziyebilsem.meb.k12.tr,,,https://aziziyebilsem.meb.k12.tr/tema/harita.php,2026-08-31,98,98,bulundu,https://aziziyebilsem.meb.k12.tr/,2026-10-01T18:43:32.502053+00:00,,Öğrenci Sayısı 98
Erzurum,Aziziye,Şeker İlkokulu,490607,İlkokul,https://aziziyeseker.meb.k12.tr,,,https://aziziyeseker.meb.k12.tr/tema/harita.php,2026-08-31,158,158,bulundu,https://aziziyeseker.meb.k12.tr/,2026-10-01T18:43:32.619153+00:00,,Öğrenci Sayısı : 158
Erzurum,Aşkale,3 Mart İlkokulu,716867,İlkokul,https://3martilkokulu.meb.k12.tr,,,https://3martilkokulu.meb.k12.tr/tema/harita.php,2026-08-31,66,66,bulundu,https://3martilkokulu.meb.k12.tr/,2026-10-01T18:43:32.650735+00:00,,Öğrenci Sayısı 66
Erzurum,Aşkale,Abdalcık İlkokulu,703224,İlkokul,https://abdalcikilkokulu.meb.k12.tr,,,https://abdalcikilkokulu.meb.k12.tr/tema/harita.php,2026-08-31,26,26,bulundu,https://abdalcikilkokulu.meb.k12.tr/,2026-10-01T18:43:32.742993+00:00,,Öğrenci Sayısı: 26
Erzurum,Aşkale,Atatürk Borsa İstanbul Yatılı Bölge Ortaokulu,749788,Ortaokul,https://ataturkbistybo.meb.k12.tr,,,https://ataturkbistybo.meb.k12.tr/tema/harita.php,2026-08-31,186,186,bulundu,https://ataturkbistybo.meb.k12.tr/,2026-10-01T18:43:32.814348+00:00,,Öğrenci Sayısı 186
Erzurum,Aşkale,Aşkale Anadolu İmam Hatip Lisesi,752277,Anadolu İmam Hatip Lisesi,https://askaleihl.meb.k12.tr,,,https://askaleihl.meb.k12.tr/tema/harita.php,2026-08-31,232,232,bulundu,https://askaleihl.meb.k12.tr/,2026-10-01T18:43:32.894474+00:00,,Öğrenci Sayısı : 232
Erzurum,Aşkale,Aşkale Anaokulu,765809,Anaokulu,https://askaleanaokulu.meb.k12.tr,,,https://askaleanaokulu.meb.k12.tr/tema/harita.php,2026-08-31,65,65,bulundu,https://askaleanaokulu.meb.k12.tr/,2026-10-01T18:43:32.906519+00:00,,Öğrenci Sayısı 65
Erzurum,Aşkale,Aşkale Borsa İstanbul Anadolu Lisesi,324044,Anadolu Lisesi,https://askaleborsaistanbulanadolulisesi.meb.k12.tr,,,https://askaleborsaistanbulanadolulisesi.meb.k12.tr/tema/harita.php,2026-08-31,252,252,bulundu,https://askaleborsaistanbulanadolulisesi.meb.k12.tr/tema/okulumuz_hakkinda.php,2026-10-01T18:43:33.007852+00:00,,Öğrenci : 252
Erzurum,Aşkale,Aşkale Gültekin Zegerek Anaokulu,966125,Anaokulu,https://agzegerekanaokulu.meb.k12.tr,,,https://agzegerekanaokulu.meb.k12.tr/tema/harita.php,2026-08-31,70,70,bulundu,https://agzegerekanaokulu.meb.k12.tr/,2026-10-01T18:43:33.125838+00:00,,Öğrenci Sayısı: 70
Erzurum,Aşkale,Aşkale Halk Eğitimi Merkezi,146574,Halk Eğitimi Merkezi,https://askalehem.meb.k12.tr,,,https://askalehem.meb.k12.tr/tema/harita.php,2026-08-31,,,bulunamadi,,2026-10-01T18:43:33.167416+00:00,,
Erzurum,Aşkale,Aşkale Mesleki ve Teknik Anadolu Lisesi,965570,Mesleki ve Teknik Anadolu Lisesi,https://askalemtal.meb.k12.tr,,,https://askalemtal.meb.k12.tr/tema/harita.php,2026-08-31,207,207,bulundu,https://askalemtal.meb.k12.tr/,2026-10-01T18:43:33.171832+00:00,,Öğrenci Sayısı 207
Erzurum,Aşkale,Aşkale Nenehatun Kız Mesleki ve Teknik Anadolu Lisesi,971799,Mesleki ve Teknik Anadolu Lisesi,https://askalenenehatun.meb.k12.tr,,,https://askalenenehatun.meb.k12.tr/tema/harita.php,2026-08-31,106,106,bulundu,https://askalenenehatun.meb.k12.tr/,2026-10-01T18:43:33.250442+00:00,,Öğrenci Sayısı 106
Erzurum,Aşkale,Aşkale Öğretmenevi ve Akşam Sanat Okulu,971155,Öğretmenevi,https://askaleogretmenevi.meb.k12.tr,,,https://askaleogretmenevi.meb.k12.tr/tema/harita.php,2026-08-31,,,bulunamadi,,2026-10-01T18:43:33.266121+00:00,,
Erzurum,Aşkale,Büyükgeçit İlkokulu,716935,İlkokul,https://buyukgecitilkokulu.meb.k12.tr,,,https://buyukgecitilkokulu.meb.k12.tr/tema/harita.php,2026-08-31,6,6,bulundu,https://buyukgecitilkokulu.meb.k12.tr/,2026-10-01T18:43:33.422168+00:00,,Öğrenci Sayısı: 6
Erzurum,Aşkale,Cumhuriyet İlkokulu,703466,İlkokul,https://cumhuriyetaskale.meb.k12.tr,,,https://cumhuriyetaskale.meb.k12.tr/tema/harita.php,2026-08-31,74,74,bulundu,https://cumhuriyetaskale.meb.k12.tr/,2026-10-01T18:43:33.572853+00:00,,Öğrenci Sayısı : 74
Erzurum,Aşkale,Dereköy Ortaokulu,717095,Ortaokul,https://askalederekoyortaokulu.meb.k12.tr,,,https://askalederekoyortaokulu.meb.k12.tr/tema/harita.php,2026-08-31,30,30,bulundu,https://askalederekoyortaokulu.meb.k12.tr/,2026-10-01T18:43:33.587571+00:00,,Öğrenci Sayısı 30
Erzurum,Aşkale,Dereköy İlkokulu,717105,İlkokul,https://askalederekoyilkokulu.meb.k12.tr,,,https://askalederekoyilkokulu.meb.k12.tr/tema/harita.php,2026-08-31,59,59,bulundu,https://askalederekoyilkokulu.meb.k12.tr/,2026-10-01T18:43:33.634137+00:00,,Öğrenci Sayısı 59
Erzurum,Aşkale,Esentepe İlkokulu,771753,İlkokul,https://771753.meb.k12.tr,,,https://771753.meb.k12.tr/tema/harita.php,2026-08-31,5,5,bulundu,https://771753.meb.k12.tr/,2026-10-01T18:43:33.667875+00:00,,Öğrenci Sayısı: 5
Erzurum,Aşkale,Gökçebük İlkokulu,717147,İlkokul,https://gokcebukio.meb.k12.tr,,,https://gokcebukio.meb.k12.tr/tema/harita.php,2026-08-31,32,32,bulundu,https://gokcebukio.meb.k12.tr/,2026-10-01T18:43:33.690935+00:00,,Öğrenci Sayısı 32
Erzurum,Aşkale,Gölören İlkokulu,703328,İlkokul,https://merkezglrenilkokulu.meb.k12.tr,,,https://merkezglrenilkokulu.meb.k12.tr/tema/harita.php,2026-08-31,5,5,bulundu,https://merkezglrenilkokulu.meb.k12.tr/,2026-10-01T18:43:33.801687+00:00,,Öğrenci Sayısı: 5
Erzurum,Aşkale,Güllüdere Ortaokulu,717242,Ortaokul,https://glldereortaokulu.meb.k12.tr,,,https://glldereortaokulu.meb.k12.tr/tema/harita.php,2026-08-31,23,23,bulundu,https://glldereortaokulu.meb.k12.tr/tema/okulumuz_hakkinda.php,2026-10-01T18:43:33.812539+00:00,,Öğrenci : 23
Erzurum,Aşkale,Güllüdere İlkokulu,717251,İlkokul,https://glldereilkokulu.meb.k12.tr,,,https://glldereilkokulu.meb.k12.tr/tema/harita.php,2026-08-31,36,36,bulundu,https://glldereilkokulu.meb.k12.tr/,2026-10-01T18:43:33.832637+00:00,,Öğrenci Sayısı : 36
Erzurum,Aşkale,Hakkı Pınar Ortaokulu,716909,Ortaokul,https://hakkipinarortaokulu.meb.k12.tr,,,https://hakkipinarortaokulu.meb.k12.tr/tema/harita.php,2026-08-31,135,135,bulundu,https://hakkipinarortaokulu.meb.k12.tr/,2026-10-01T18:43:34.084582+00:00,,Öğrenci Sayısı: 135
Erzurum,Aşkale,Hakkı Pınar İlkokulu,716895,İlkokul,https://hakkipinarilkokulu.meb.k12.tr,,,https://hakkipinarilkokulu.meb.k12.tr/tema/harita.php,2026-08-31,192,192,bulundu,https://hakkipinarilkokulu.meb.k12.tr/,2026-10-01T18:43:34.108819+00:00,,Öğrenci Sayısı: 192
Erzurum,Aşkale,Haydarhacı İlkokulu,771750,İlkokul,https://771750.meb.k12.tr,,,https://771750.meb.k12.tr/tema/harita.php,2026-08-31,4,4,bulundu,https://771750.meb.k12.tr/,2026-10-01T18:43:34.140528+00:00,,Öğrenci Sayısı 4
Erzurum,Aşkale,Kandilli Borsa İstanbul Anadolu Lisesi,146550,Anadolu Lisesi,https://askalekandillilisesi.meb.k12.tr,,,https://askalekandillilisesi.meb.k12.tr/tema/harita.php,2026-08-31,49,49,bulundu,https://askalekandillilisesi.meb.k12.tr/,2026-10-01T18:43:34.203532+00:00,,Öğrenci Sayısı 49
Erzurum,Aşkale,Kandilli Güvenç Ortaokulu,748196,Ortaokul,https://kandilliguvencortaokulu.meb.k12.tr,,,https://kandilliguvencortaokulu.meb.k12.tr/tema/harita.php,2026-08-31,23,23,bulundu,https://kandilliguvencortaokulu.meb.k12.tr/tema/okulumuz_hakkinda.php,2026-10-01T18:43:34.445988+00:00,,Öğrenci : 23
Erzurum,Aşkale,Kandilli Güvenç İlkokulu,751224,İlkokul,https://kandilliguvencilkokulu.meb.k12.tr,,,https://kandilliguvencilkokulu.meb.k12.tr/tema/harita.php,2026-08-31,27,27,bulundu,https://kandilliguvencilkokulu.meb.k12.tr/,2026-10-01T18:43:34.491326+00:00,,Öğrenci Sayısı 27
Erzurum,Aşkale,Karafatma Ortaokulu,716979,Ortaokul,https://karafatmaoo.meb.k12.tr,,,https://karafatmaoo.meb.k12.tr/tema/harita.php,2026-08-31,34,34,bulundu,https://karafatmaoo.meb.k12.tr/,2026-10-01T18:43:34.501614+00:00,,Öğrenci Sayısı 34
Erzurum,Aşkale,Karafatma İlkokulu,717000,İlkokul,https://karafatmailkokulu.meb.k12.tr,,,https://karafatmailkokulu.meb.k12.tr/tema/harita.php,2026-08-31,17,17,bulundu,https://karafatmailkokulu.meb.k12.tr/,2026-10-01T18:43:34.681388+00:00,,Öğrenci Sayısı : 17
Erzurum,Aşkale,Kavurmaçukuru Yıldız Ünal Soyata Ortaokulu,760788,Ortaokul,https://kavurmacukuruortaokulu.meb.k12.tr,,,https://kavurmacukuruortaokulu.meb.k12.tr/tema/harita.php,2026-08-31,23,23,bulundu,https://kavurmacukuruortaokulu.meb.k12.tr/,2026-10-01T18:43:34.792967+00:00,,Öğrenci Sayısı 23
Erzurum,Aşkale,Kavurmaçukuru Yıldız Ünal Soyata İlkokulu,717303,İlkokul,https://kavurmacukuruilkokulu.meb.k12.tr,,,https://kavurmacukuruilkokulu.meb.k12.tr/tema/harita.php,2026-08-31,29,29,bulundu,https://kavurmacukuruilkokulu.meb.k12.tr/,2026-10-01T18:43:34.900829+00:00,,Öğrenci Sayısı : 29
Erzurum,Aşkale,Koçak ortaokulu,716836,Ortaokul,https://kocak-ortaokulu.meb.k12.tr,,,https://kocak-ortaokulu.meb.k12.tr/tema/harita.php,2026-08-31,158,158,bulundu,https://kocak-ortaokulu.meb.k12.tr/,2026-10-01T18:43:34.984271+00:00,,Öğrenci Sayısı : 158
Erzurum,Aşkale,Koçak İlkokulu,716844,İlkokul,https://kocakilkokulu.meb.k12.tr,,,https://kocakilkokulu.meb.k12.tr/tema/harita.php,2026-08-31,184,184,bulundu,https://kocakilkokulu.meb.k12.tr/,2026-10-01T18:43:35.155094+00:00,,Öğrenci Sayısı 184
Erzurum,Aşkale,Koşapınar İlkokulu,771643,İlkokul,https://771643.meb.k12.tr,,,https://771643.meb.k12.tr/tema/harita.php,2026-08-31,2,2,bulundu,https://771643.meb.k12.tr/,2026-10-01T18:43:35.246363+00:00,,Öğrenci Sayısı : 2
Erzurum,Aşkale,Küçükgeçit Mehmet Acarcan İlkokulu,703382,İlkokul,https://kucukgecitilkokulu.meb.k12.tr,,,https://kucukgecitilkokulu.meb.k12.tr/tema/harita.php,2026-08-31,10,10,bulundu,https://kucukgecitilkokulu.meb.k12.tr/,2026-10-01T18:43:35.288035+00:00,,Öğrenci Sayısı: 10
Erzurum,Aşkale,Merdiven Ortaokulu,717454,Ortaokul,https://askalemerdivenortaokulu.meb.k12.tr,,,https://askalemerdivenortaokulu.meb.k12.tr/tema/harita.php,2026-08-31,27,27,bulundu,https://askalemerdivenortaokulu.meb.k12.tr/,2026-10-01T18:43:35.288927+00:00,,Öğrenci Sayısı 27
Erzurum,Aşkale,Merdiven İlkokulu,483897,İlkokul,https://askalemerdiven.meb.k12.tr,,,https://askalemerdiven.meb.k12.tr/tema/harita.php,2026-08-31,21,21,bulundu,https://askalemerdiven.meb.k12.tr/,2026-10-01T18:43:35.306269+00:00,,Öğrenci Sayısı 21
Erzurum,Aşkale,Ortabahçe Ortaokulu,717534,Ortaokul,https://ortabahceortaokulu.meb.k12.tr,,,https://ortabahceortaokulu.meb.k12.tr/tema/harita.php,2026-08-31,15,15,bulundu,https://ortabahceortaokulu.meb.k12.tr/,2026-10-01T18:43:35.311404+00:00,,Öğrenci Sayısı 15
Erzurum,Aşkale,Ortabahçe İlkokulu,717538,İlkokul,https://ortabahceilkokulu.meb.k12.tr,,,https://ortabahceilkokulu.meb.k12.tr/tema/harita.php,2026-08-31,21,21,bulundu,https://ortabahceilkokulu.meb.k12.tr/,2026-10-01T18:43:35.360494+00:00,,Öğrenci Sayısı 21
Erzurum,Aşkale,Ovacık İlkokulu,703604,İlkokul,https://askaleovacikilkokulu.meb.k12.tr,,,https://askaleovacikilkokulu.meb.k12.tr/tema/harita.php,2026-08-31,11,11,bulundu,https://askaleovacikilkokulu.meb.k12.tr/,2026-10-01T18:43:35.438814+00:00,,Öğrenci Sayısı: 11
Erzurum,Aşkale,Sarıbaba İlkokulu,703401,İlkokul,https://saribabailkokulu.meb.k12.tr,,,https://saribabailkokulu.meb.k12.tr/tema/harita.php,2026-08-31,8,8,bulundu,https://saribabailkokulu.meb.k12.tr/,2026-10-01T18:43:35.481201+00:00,,Öğrenci Sayısı : 8
Erzurum,Aşkale,Tepsicik Sabri Artam Vakfı İlkokulu,775728,İlkokul,https://775728.meb.k12.tr,,,https://775728.meb.k12.tr/tema/harita.php,2026-08-31,0,0,bulundu,https://775728.meb.k12.tr/,2026-10-01T18:43:35.493187+00:00,,Öğrenci Sayısı : 0
Erzurum,Aşkale,Topalçavuş Ortaokulu,717620,Ortaokul,https://topalcavusortaokulu.meb.k12.tr,,,https://topalcavusortaokulu.meb.k12.tr/tema/harita.php,2026-08-31,11,11,bulundu,https://topalcavusortaokulu.meb.k12.tr/,2026-10-01T18:43:35.637316+00:00,,Öğrenci Sayısı 11
Erzurum,Aşkale,Topalçavuş İlkokulu,717624,İlkokul,https://topalcavusilkokulu.meb.k12.tr,,,https://topalcavusilkokulu.meb.k12.tr/tema/harita.php,2026-08-31,12,12,bulundu,https://topalcavusilkokulu.meb.k12.tr/,2026-10-01T18:43:35.648125+00:00,,Öğrenci Sayısı : 12
Erzurum,Aşkale,Turaç Korkmaz Kardeşler Ortaokulu,717676,Ortaokul,https://turacortaokulu.meb.k12.tr,,,https://turacortaokulu.meb.k12.tr/tema/harita.php,2026-08-31,24,24,bulundu,https://turacortaokulu.meb.k12.tr/,2026-10-01T18:43:35.682623+00:00,,Öğrenci Sayısı 24
Erzurum,Aşkale,Turaç Korkmaz Kardeşler İlkokulu,717680,İlkokul,https://turacilkokulu.meb.k12.tr,,,https://turacilkokulu.meb.k12.tr/tema/harita.php,2026-08-31,27,27,bulundu,https://turacilkokulu.meb.k12.tr/,2026-10-01T18:43:35.835069+00:00,,Öğrenci Sayısı: 27
Erzurum,Aşkale,Yaylımlı İlkokulu,717719,İlkokul,https://yaylimliilkokulu.meb.k12.tr,,,https://yaylimliilkokulu.meb.k12.tr/tema/harita.php,2026-08-31,10,10,bulundu,https://yaylimliilkokulu.meb.k12.tr/,2026-10-01T18:43:36.048099+00:00,,Öğrenci Sayısı: 10
Erzurum,Aşkale,Yeniköy Ortaokulu,717740,Ortaokul,https://askaleyenikoyortaokulu.meb.k12.tr,,,https://askaleyenikoyortaokulu.meb.k12.tr/tema/harita.php,2026-08-31,,,bulunamadi,,2026-10-01T18:43:36.128852+00:00,,
Erzurum,Aşkale,Yeniköy İlkokulu,853469,İlkokul,https://askaleyenikoyilkokulu.meb.k12.tr,,,https://askaleyenikoyilkokulu.meb.k12.tr/tema/harita.php,2026-08-31,35,35,bulundu,https://askaleyenikoyilkokulu.meb.k12.tr/,2026-10-01T18:43:36.146821+00:00,,Öğrenci Sayısı : 35
Erzurum,Aşkale,Yumruveren İlkokulu,771642,İlkokul,https://771642.meb.k12.tr,,,https://771642.meb.k12.tr/tema/harita.php,2026-08-31,6,6,bulundu,https://771642.meb.k12.tr/,2026-10-01T18:43:36.425432+00:00,,Öğrenci Sayısı: 6
Erzurum,Aşkale,Çiftlik Ortaokulu,722297,Ortaokul,https://askaleciftlikortaokulu.meb.k12.tr,,,https://askaleciftlikortaokulu.meb.k12.tr/tema/harita.php,2026-08-31,9,9,bulundu,https://askaleciftlikortaokulu.meb.k12.tr/,2026-10-01T18:43:36.431185+00:00,,Öğrenci Sayısı : 9
Erzurum,Aşkale,Çiftlik İlkokulu,722318,İlkokul,https://askaleciftlikilkokulu.meb.k12.tr,,,https://askaleciftlikilkokulu.meb.k12.tr/tema/harita.php,2026-08-31,24,24,bulundu,https://askaleciftlikilkokulu.meb.k12.tr/,2026-10-01T18:43:36.460024+00:00,,Öğrenci Sayısı 24
Erzurum,Aşkale,İbrahim Polat Ortaokulu,716802,Ortaokul,https://ibrahimpolatortaokulu.meb.k12.tr,,,https://ibrahimpolatortaokulu.meb.k12.tr/tema/harita.php,2026-08-31,169,169,bulundu,https://ibrahimpolatortaokulu.meb.k12.tr/,2026-10-01T18:43:36.497324+00:00,,Öğrenci Sayısı 169
Erzurum,Aşkale,İbrahim Polat İlkokulu,716796,İlkokul,https://ibrahimpolatilkokulu.meb.k12.tr,,,https://ibrahimpolatilkokulu.meb.k12.tr/tema/harita.php,2026-08-31,182,182,bulundu,https://ibrahimpolatilkokulu.meb.k12.tr/,2026-10-01T18:43:36.520189+00:00,,Öğrenci Sayısı 182
Erzurum,Aşkale,İnkılap Ortaokulu,716815,Ortaokul,https://inkilaportaokulu.meb.k12.tr,,,https://inkilaportaokulu.meb.k12.tr/tema/harita.php,2026-08-31,282,282,bulundu,https://inkilaportaokulu.meb.k12.tr/,2026-10-01T18:43:36.650843+00:00,,Öğrenci Sayısı 282
Erzurum,Aşkale,İnkılap İlkokulu,716814,İlkokul,https://askaleinkilapilkokulu.meb.k12.tr,,,https://askaleinkilapilkokulu.meb.k12.tr/tema/harita.php,2026-08-31,,,bulunamadi,,2026-10-01T18:43:36.778123+00:00,,
Erzurum,Aşkale,Şehit Sedat Atalay İmam Hatip Ortaokulu,765075,İmam Hatip Ortaokulu,https://sehitsedatatalayiho.meb.k12.tr,,,https://sehitsedatatalayiho.meb.k12.tr/tema/harita.php,2026-08-31,88,88,bulundu,https://sehitsedatatalayiho.meb.k12.tr/,2026-10-01T18:43:36.927140+00:00,,Öğrenci Sayısı 88
Erzurum,Büyükşehir,Erzurum Öğretmenevi ve Akşam Sanat Okulu,972221,Öğretmenevi,https://erzurumogretmenevi.meb.k12.tr,,,https://erzurumogretmenevi.meb.k12.tr/tema/harita.php,2026-08-31,,,bulunamadi,,2026-10-01T18:43:36.936668+00:00,,
Erzurum,Horasan,Ahmet Yesevi Anaokulu,966121,Anaokulu,https://ahmetyesevianaokulu.meb.k12.tr,,,https://ahmetyesevianaokulu.meb.k12.tr/tema/harita.php,2026-08-31,101,101,bulundu,https://ahmetyesevianaokulu.meb.k12.tr/,2026-10-01T18:43:36.948417+00:00,,Öğrenci Sayısı: 101
Erzurum,Horasan,Akçataş Köyü İlkokulu,704369,İlkokul,https://akcatasilkokulu.meb.k12.tr,,,https://akcatasilkokulu.meb.k12.tr/tema/harita.php,2026-08-31,14,14,bulundu,https://akcatasilkokulu.meb.k12.tr/,2026-10-01T18:43:36.998822+00:00,,Öğrenci Sayısı 14
Erzurum,Horasan,Akçatoprak İlkokulu,704444,İlkokul,https://akcatoprakilkokulu.meb.k12.tr,,,https://akcatoprakilkokulu.meb.k12.tr/tema/harita.php,2026-08-31,9,9,bulundu,https://akcatoprakilkokulu.meb.k12.tr/,2026-10-01T18:43:37.003556+00:00,,Öğrenci Sayısı 9
Erzurum,Horasan,Alagöz Ortaokulu,707068,Ortaokul,https://horasanalagozortaokulu.meb.k12.tr,,,https://horasanalagozortaokulu.meb.k12.tr/tema/harita.php,2026-08-31,65,65,bulundu,https://horasanalagozortaokulu.meb.k12.tr/,2026-10-01T18:43:37.048000+00:00,,Öğrenci Sayısı 65
Erzurum,Horasan,Alagöz İlkokulu,707027,İlkokul,https://horasanalagozilkokulu.meb.k12.tr,,,https://horasanalagozilkokulu.meb.k12.tr/tema/harita.php,2026-08-31,62,62,bulundu,https://horasanalagozilkokulu.meb.k12.tr/,2026-10-01T18:43:37.086123+00:00,,Öğrenci Sayısı: 62
Erzurum,Horasan,Ali Çeyrek Ortaokulu,707172,Ortaokul,https://aliceyrekortaokulu.meb.k12.tr,,,https://aliceyrekortaokulu.meb.k12.tr/tema/harita.php,2026-08-31,31,31,bulundu,https://aliceyrekortaokulu.meb.k12.tr/,2026-10-01T18:43:37.103763+00:00,,Öğrenci Sayısı : 31
Erzurum,Horasan,Ali Çeyrek İlkokulu,707126,İlkokul,https://aliceyrekilkokulu.meb.k12.tr,,,https://aliceyrekilkokulu.meb.k12.tr/tema/harita.php,2026-08-31,29,29,bulundu,https://aliceyrekilkokulu.meb.k12.tr/,2026-10-01T18:43:37.198149+00:00,,Öğrenci Sayısı: 29
Erzurum,Horasan,Ardı Köyü Ortaokulu,707256,Ortaokul,https://ardiortaokulu.meb.k12.tr,,,https://ardiortaokulu.meb.k12.tr/tema/harita.php,2026-08-31,33,33,bulundu,https://ardiortaokulu.meb.k12.tr/,2026-10-01T18:43:37.258571+00:00,,Öğrenci Sayısı: 33
Erzurum,Horasan,Ardı Köyü İlkokulu,707218,İlkokul,https://ardiilkokulu.meb.k12.tr,,,https://ardiilkokulu.meb.k12.tr/tema/harita.php,2026-08-31,3,3,bulundu,https://ardiilkokulu.meb.k12.tr/,2026-10-01T18:43:37.267230+00:00,,Öğrenci Sayısı: 3
Erzurum,Horasan,Arpaçayır Ortaokulu,707348,Ortaokul,https://horasanarpacayirortaokulu.meb.k12.tr,,,https://horasanarpacayirortaokulu.meb.k12.tr/tema/harita.php,2026-08-31,39,39,bulundu,https://horasanarpacayirortaokulu.meb.k12.tr/tema/okulumuz_hakkinda.php,2026-10-01T18:43:37.337301+00:00,,Öğrenci : 39
Erzurum,Horasan,Arpaçayır İlkokulu,707311,İlkokul,https://horasanarpacayirilkokulu.meb.k12.tr,,,https://horasanarpacayirilkokulu.meb.k12.tr/tema/harita.php,2026-08-31,32,32,bulundu,https://horasanarpacayirilkokulu.meb.k12.tr/,2026-10-01T18:43:37.532965+00:00,,Öğrenci Sayısı 32
Erzurum,Horasan,Atatürk Ortaokulu,706275,Ortaokul,https://horasanataturkortaokulu.meb.k12.tr,,,https://horasanataturkortaokulu.meb.k12.tr/tema/harita.php,2026-08-31,53,53,bulundu,https://horasanataturkortaokulu.meb.k12.tr/,2026-10-01T18:43:37.630460+00:00,,Öğrenci Sayısı 53
Erzurum,Horasan,Atatürk İlkokulu,706251,İlkokul,https://horasanataturkilkokulu.meb.k12.tr,,,https://horasanataturkilkokulu.meb.k12.tr/tema/harita.php,2026-08-31,,,bulunamadi,,2026-10-01T18:43:37.652531+00:00,,
Erzurum,Horasan,Azap-Nafiz Şahsuvaroğlu İlkokulu,740345,İlkokul,https://azapilkokulu.meb.k12.tr,,,https://azapilkokulu.meb.k12.tr/tema/harita.php,2026-08-31,22,22,bulundu,https://azapilkokulu.meb.k12.tr/,2026-10-01T18:43:37.707080+00:00,,Öğrenci Sayısı 22
Erzurum,Horasan,Ağıllı Ortaokulu,706960,Ortaokul,https://agilli_ortaokulu_horasan.meb.k12.tr,,,https://agilli_ortaokulu_horasan.meb.k12.tr/tema/harita.php,2026-08-31,,,bulunamadi,,2026-10-01T18:43:38.146900+00:00,,
Erzurum,Horasan,Ağıllı İlkokulu,706926,İlkokul,https://agilli_ilkokulu_horasan.meb.k12.tr,,,https://agilli_ilkokulu_horasan.meb.k12.tr/tema/harita.php,2026-08-31,,,bulunamadi,,2026-10-01T18:43:38.212001+00:00,,
Erzurum,Horasan,Aşağı Aktaş Yukarı Aktaş Mahallesi İlkokulu,704634,İlkokul,https://yukariaktasilkokulu.meb.k12.tr,,,https://yukariaktasilkokulu.meb.k12.tr/tema/harita.php,2026-08-31,9,9,bulundu,https://yukariaktasilkokulu.meb.k12.tr/,2026-10-01T18:43:38.247664+00:00,,Öğrenci Sayısı 9
Erzurum,Horasan,Aşağı Aktaş İlkokulu,774537,İlkokul,https://horasanasagiaktasilkokulu.meb.k12.tr,,,https://horasanasagiaktasilkokulu.meb.k12.tr/tema/harita.php,2026-08-31,7,7,bulundu,https://horasanasagiaktasilkokulu.meb.k12.tr/,2026-10-01T18:43:38.251860+00:00,,Öğrenci Sayısı: 7
Erzurum,Horasan,Aşağı Tahirhoca İlkokulu,740334,İlkokul,https://atahirhocailkokulu.meb.k12.tr,,,https://atahirhocailkokulu.meb.k12.tr/tema/harita.php,2026-08-31,10,10,bulundu,https://atahirhocailkokulu.meb.k12.tr/,2026-10-01T18:43:38.266923+00:00,,Öğrenci Sayısı: 10
Erzurum,Horasan,Aşağı Çamlıkale Köyü İlkokulu,707390,İlkokul,https://acamlikaleilkokulu.meb.k12.tr,,,https://acamlikaleilkokulu.meb.k12.tr/tema/harita.php,2026-08-31,28,28,bulundu,https://acamlikaleilkokulu.meb.k12.tr/,2026-10-01T18:43:38.369010+00:00,,Öğrenci Sayısı 28
Erzurum,Horasan,Bulgurlu Ortaokulu,707580,Ortaokul,https://bulgurluoo.meb.k12.tr,,,https://bulgurluoo.meb.k12.tr/tema/harita.php,2026-08-31,53,53,bulundu,https://bulgurluoo.meb.k12.tr/,2026-10-01T18:43:38.515750+00:00,,Öğrenci Sayısı : 53
Erzurum,Horasan,Bulgurlu İlkokulu,419057,İlkokul,https://bulgurluio.meb.k12.tr,,,https://bulgurluio.meb.k12.tr/tema/harita.php,2026-08-31,,,bulunamadi,,2026-10-01T18:43:38.521264+00:00,,
Erzurum,Horasan,Dalbaşı İlkokulu,705539,İlkokul,https://dalbasiilkokulu.meb.k12.tr,,,https://dalbasiilkokulu.meb.k12.tr/tema/harita.php,2026-08-31,16,16,bulundu,https://dalbasiilkokulu.meb.k12.tr/,2026-10-01T18:43:38.536218+00:00,,Öğrenci Sayısı 16
Erzurum,Horasan,Değirmenler İlkokulu,705553,İlkokul,https://degirmenlerilkokulu.meb.k12.tr,,,https://degirmenlerilkokulu.meb.k12.tr/tema/harita.php,2026-08-31,10,10,bulundu,https://degirmenlerilkokulu.meb.k12.tr/,2026-10-01T18:43:38.753602+00:00,,Öğrenci Sayısı 10
Erzurum,Horasan,Dikili İlkokulu,774766,İlkokul,https://horasandikiliilkokulu.meb.k12.tr,,,https://horasandikiliilkokulu.meb.k12.tr/tema/harita.php,2026-08-31,7,7,bulundu,https://horasandikiliilkokulu.meb.k12.tr/,2026-10-01T18:43:38.903386+00:00,,Öğrenci Sayısı : 7
Erzurum,Horasan,Dönertaş İlkokulu,705579,İlkokul,https://donertasilkokulu.meb.k12.tr,,,https://donertasilkokulu.meb.k12.tr/tema/harita.php,2026-08-31,5,5,bulundu,https://donertasilkokulu.meb.k12.tr/,2026-10-01T18:43:38.949692+00:00,,Öğrenci Sayısı 5
Erzurum,Horasan,Esentepe Anaokulu,974581,Anaokulu,https://horasanesentepeanaokulu.meb.k12.tr,,,https://horasanesentepeanaokulu.meb.k12.tr/tema/harita.php,2026-08-31,96,96,bulundu,https://horasanesentepeanaokulu.meb.k12.tr/,2026-10-01T18:43:39.072501+00:00,,Öğrenci Sayısı 96
Erzurum,Horasan,Esentepe İlkokulu,770823,İlkokul,https://horasanesentepeilkokulu.meb.k12.tr,,,https://horasanesentepeilkokulu.meb.k12.tr/tema/harita.php,2026-08-31,68,68,bulundu,https://horasanesentepeilkokulu.meb.k12.tr/,2026-10-01T18:43:39.130454+00:00,,Öğrenci Sayısı 68
Erzurum,Horasan,Fatih Ortaokulu,706359,Ortaokul,https://horasanfatihortaokulu.meb.k12.tr,,,https://horasanfatihortaokulu.meb.k12.tr/tema/harita.php,2026-08-31,266,266,bulundu,https://horasanfatihortaokulu.meb.k12.tr/,2026-10-01T18:43:39.168932+00:00,,Öğrenci Sayısı 266
Erzurum,Horasan,Fatih İlkokulu,706326,İlkokul,https://horasanfatihilkokulu.meb.k12.tr,,,https://horasanfatihilkokulu.meb.k12.tr/tema/harita.php,2026-08-31,345,345,bulundu,https://horasanfatihilkokulu.meb.k12.tr/,2026-10-01T18:43:39.196885+00:00,,Öğrenci Sayısı 345
Erzurum,Horasan,Fehmi Bilge Ortaokulu,706433,Ortaokul,https://fehmibilgeortaokulu.meb.k12.tr,,,https://fehmibilgeortaokulu.meb.k12.tr/tema/harita.php,2026-08-31,113,113,bulundu,https://fehmibilgeortaokulu.meb.k12.tr/,2026-10-01T18:43:39.206535+00:00,,Öğrenci Sayısı : 113
Erzurum,Horasan,Fehmi Bilge İlkokulu,706407,İlkokul,https://fehmibilgeilkokulu.meb.k12.tr,,,https://fehmibilgeilkokulu.meb.k12.tr/tema/harita.php,2026-08-31,113,113,bulundu,https://fehmibilgeilkokulu.meb.k12.tr/,2026-10-01T18:43:39.215411+00:00,,Öğrenci Sayısı 113
Erzurum,Horasan,Gerek İlkokulu,707748,İlkokul,https://gerekilkokulu.meb.k12.tr,,,https://gerekilkokulu.meb.k12.tr/tema/harita.php,2026-08-31,19,19,bulundu,https://gerekilkokulu.meb.k12.tr/,2026-10-01T18:43:39.245919+00:00,,Öğrenci Sayısı: 19
Erzurum,Horasan,Gündeğer İlkokulu,705588,İlkokul,https://gundegerilkokulu.meb.k12.tr,,,https://gundegerilkokulu.meb.k12.tr/tema/harita.php,2026-08-31,14,14,bulundu,https://gundegerilkokulu.meb.k12.tr/,2026-10-01T18:43:39.312019+00:00,,Öğrenci Sayısı 14
Erzurum,Horasan,Güzelyayla İlkokulu,705597,İlkokul,https://guzelyaylailkokulu.meb.k12.tr,,,https://guzelyaylailkokulu.meb.k12.tr/tema/harita.php,2026-08-31,18,18,bulundu,https://guzelyaylailkokulu.meb.k12.tr/,2026-10-01T18:43:39.316461+00:00,,Öğrenci Sayısı 18
Erzurum,Horasan,Hacıahmet Ortaokulu,774137,Ortaokul,https://774137.meb.k12.tr,,,https://774137.meb.k12.tr/tema/harita.php,2026-08-31,63,63,bulundu,https://774137.meb.k12.tr/,2026-10-01T18:43:39.438694+00:00,,Öğrenci Sayısı : 63
Erzurum,Horasan,Hacıahmet İlkokulu,705609,İlkokul,https://haciahmetilkokulu.meb.k12.tr,,,https://haciahmetilkokulu.meb.k12.tr/tema/harita.php,2026-08-31,9,9,bulundu,https://haciahmetilkokulu.meb.k12.tr/,2026-10-01T18:43:39.509567+00:00,,Öğrenci Sayısı : 9
Erzurum,Horasan,Hacıhalil Ortaokulu,707882,Ortaokul,https://hacihalilortaokulu25.meb.k12.tr,,,https://hacihalilortaokulu25.meb.k12.tr/tema/harita.php,2026-08-31,34,34,bulundu,https://hacihalilortaokulu25.meb.k12.tr/,2026-10-01T18:43:39.537910+00:00,,Öğrenci Sayısı : 34
Erzurum,Horasan,Hacıhalil İlkokulu,707855,İlkokul,https://hacihalililkokulu25.meb.k12.tr,,,https://hacihalililkokulu25.meb.k12.tr/tema/harita.php,2026-08-31,,,bulunamadi,,2026-10-01T18:43:39.605322+00:00,,
Erzurum,Horasan,Harçlı İlkokulu,705613,İlkokul,https://harcliilkokulu.meb.k12.tr,,,https://harcliilkokulu.meb.k12.tr/tema/harita.php,2026-08-31,11,11,bulundu,https://harcliilkokulu.meb.k12.tr/,2026-10-01T18:43:39.618954+00:00,,Öğrenci Sayısı: 11
Erzurum,Horasan,Hasanbey İlkokulu,774736,İlkokul,https://horasanhasanbeyilkokulu.meb.k12.tr,,,https://horasanhasanbeyilkokulu.meb.k12.tr/tema/harita.php,2026-08-31,7,7,bulundu,https://horasanhasanbeyilkokulu.meb.k12.tr/,2026-10-01T18:43:39.724507+00:00,,Öğrenci Sayısı : 7
Erzurum,Horasan,Horasan Anadolu Lisesi,954156,Anadolu Lisesi,https://horasananadolu.meb.k12.tr,,,https://horasananadolu.meb.k12.tr/tema/harita.php,2026-08-31,302,302,bulundu,https://horasananadolu.meb.k12.tr/,2026-10-01T18:43:39.883771+00:00,,Öğrenci Sayısı 302
Erzurum,Horasan,Horasan Anadolu İmam Hatip Lisesi,974261,Anadolu İmam Hatip Lisesi,https://horasanimamhatip.meb.k12.tr,,,https://horasanimamhatip.meb.k12.tr/tema/harita.php,2026-08-31,,,bulunamadi,,2026-10-01T18:43:39.921833+00:00,,
Erzurum,Horasan,Horasan Fen Lisesi,773839,Fen Lisesi,https://horasanfenlisesi.meb.k12.tr,,,https://horasanfenlisesi.meb.k12.tr/tema/harita.php,2026-08-31,220,220,bulundu,https://horasanfenlisesi.meb.k12.tr/,2026-10-01T18:43:40.011190+00:00,,Öğrenci Sayısı : 220
Erzurum,Horasan,Horasan Halk Eğitimi Merkezi,146873,Halk Eğitimi Merkezi,https://horasanhem.meb.k12.tr,,,https://horasanhem.meb.k12.tr/tema/harita.php,2026-08-31,,,bulunamadi,,2026-10-01T18:43:40.051910+00:00,,
Erzurum,Horasan,Horasan Kız Mesleki ve Teknik Anadolu Lisesi,972491,Mesleki ve Teknik Anadolu Lisesi,https://horasanmtal.meb.k12.tr,,,https://horasanmtal.meb.k12.tr/tema/harita.php,2026-08-31,185,185,bulundu,https://horasanmtal.meb.k12.tr/,2026-10-01T18:43:40.128197+00:00,,Öğrenci Sayısı 185
Erzurum,Horasan,Horasan Öğretmenevi ve Akşam Sanat Okulu,971143,Öğretmenevi,https://horasanogretmenevi.meb.k12.tr,,,https://horasanogretmenevi.meb.k12.tr/tema/harita.php,2026-08-31,,,bulunamadi,,2026-10-01T18:43:40.169849+00:00,,
Erzurum,Horasan,Hızardere İlkokulu,776731,İlkokul,https://horasanhizardereilkokulu.meb.k12.tr,,,https://horasanhizardereilkokulu.meb.k12.tr/tema/harita.php,2026-08-31,,,bulunamadi,,2026-10-01T18:43:40.318680+00:00,,
Erzurum,Horasan,Hızırilyas Okçular Mahallesi İlkokulu,705644,İlkokul,https://hokcularilkokulu.meb.k12.tr,,,https://hokcularilkokulu.meb.k12.tr/tema/harita.php,2026-08-31,6,6,bulundu,https://hokcularilkokulu.meb.k12.tr/,2026-10-01T18:43:40.452875+00:00,,Öğrenci Sayısı : 6
Erzurum,Horasan,Kadıcelal İlkokulu,705681,İlkokul,https://kadicelalilkokulu.meb.k12.tr,,,https://kadicelalilkokulu.meb.k12.tr/tema/harita.php,2026-08-31,21,21,bulundu,https://kadicelalilkokulu.meb.k12.tr/,2026-10-01T18:43:40.462465+00:00,,Öğrenci Sayısı: 21
Erzurum,Horasan,Kalender İlkokulu,705697,İlkokul,https://kalenderlkokulu.meb.k12.tr,,,https://kalenderlkokulu.meb.k12.tr/tema/harita.php,2026-08-31,8,8,bulundu,https://kalenderlkokulu.meb.k12.tr/,2026-10-01T18:43:40.492966+00:00,,Öğrenci Sayısı: 8
Erzurum,Horasan,Karacaören İlkokulu,771237,İlkokul,https://horasankaracaorenilkokulu.meb.k12.tr,,,https://horasankaracaorenilkokulu.meb.k12.tr/tema/harita.php,2026-08-31,2,2,bulundu,https://horasankaracaorenilkokulu.meb.k12.tr/,2026-10-01T18:43:40.568212+00:00,,Öğrenci Sayısı 2
Erzurum,Horasan,Karapınar İlkokulu,705715,İlkokul,https://horasankarapinarilkokulu.meb.k12.tr,,,https://horasankarapinarilkokulu.meb.k12.tr/tema/harita.php,2026-08-31,18,18,bulundu,https://horasankarapinarilkokulu.meb.k12.tr/,2026-10-01T18:43:40.575922+00:00,,Öğrenci Sayısı 18
Erzurum,Horasan,Kaynarca İlkokulu,705725,İlkokul,https://horasankaynarcailkokulu.meb.k12.tr,,,https://horasankaynarcailkokulu.meb.k12.tr/tema/harita.php,2026-08-31,22,22,bulundu,https://horasankaynarcailkokulu.meb.k12.tr/,2026-10-01T18:43:40.600522+00:00,,Öğrenci Sayısı : 22
Erzurum,Horasan,Kazım Karabekir Ortaokulu,706578,Ortaokul,https://kazimkarabekirortaokulu25.meb.k12.tr,,,https://kazimkarabekirortaokulu25.meb.k12.tr/tema/harita.php,2026-08-31,57,57,bulundu,https://kazimkarabekirortaokulu25.meb.k12.tr/,2026-10-01T18:43:40.636087+00:00,,Öğrenci Sayısı : 57
Erzurum,Horasan,Kazım Karabekir İlkokulu,706550,İlkokul,https://kazimkarabekirilkokulu25.meb.k12.tr,,,https://kazimkarabekirilkokulu25.meb.k12.tr/tema/harita.php,2026-08-31,79,79,bulundu,https://kazimkarabekirilkokulu25.meb.k12.tr/,2026-10-01T18:43:40.657529+00:00,,Öğrenci Sayısı : 79
Erzurum,Horasan,Kemaleddin Horasani İlkokulu,752408,İlkokul,https://khorasani.meb.k12.tr,,,https://khorasani.meb.k12.tr/tema/harita.php,2026-08-31,119,119,bulundu,https://khorasani.meb.k12.tr/,2026-10-01T18:43:40.681024+00:00,,Öğrenci Sayısı 119
Erzurum,Horasan,Kemerli Ortaokulu,707972,Ortaokul,https://kemerliortaokulu.meb.k12.tr,,,https://kemerliortaokulu.meb.k12.tr/tema/harita.php,2026-08-31,25,25,bulundu,https://kemerliortaokulu.meb.k12.tr/,2026-10-01T18:43:40.837790+00:00,,Öğrenci Sayısı : 25
Erzurum,Horasan,Kemerli İlkokulu,707944,İlkokul,https://kemerliilkokulu.meb.k12.tr,,,https://kemerliilkokulu.meb.k12.tr/tema/harita.php,2026-08-31,26,26,bulundu,https://kemerliilkokulu.meb.k12.tr/,2026-10-01T18:43:40.852968+00:00,,Öğrenci Sayısı: 26
Erzurum,Horasan,Kepenek İlkokulu,705733,İlkokul,https://kepenekilkokulu.meb.k12.tr,,,https://kepenekilkokulu.meb.k12.tr/tema/harita.php,2026-08-31,12,12,bulundu,https://kepenekilkokulu.meb.k12.tr/,2026-10-01T18:43:40.953311+00:00,,Öğrenci Sayısı 12
Erzurum,Horasan,Kurtuluş Ortaokulu,706629,Ortaokul,https://horasankurtulusoo.meb.k12.tr,,,https://horasankurtulusoo.meb.k12.tr/tema/harita.php,2026-08-31,73,73,bulundu,https://horasankurtulusoo.meb.k12.tr/,2026-10-01T18:43:41.115932+00:00,,Öğrenci Sayısı 73
Erzurum,Horasan,Kurtuluş İlkokulu,706612,İlkokul,https://horasankurtulusio.meb.k12.tr,,,https://horasankurtulusio.meb.k12.tr/tema/harita.php,2026-08-31,99,99,bulundu,https://horasankurtulusio.meb.k12.tr/,2026-10-01T18:43:41.225030+00:00,,Öğrenci Sayısı: 99
Erzurum,Horasan,Kurtuluş İmam Hatip Ortaokulu,718481,İmam Hatip Ortaokulu,https://kurtulusimamhatiportaokulu.meb.k12.tr,,,https://kurtulusimamhatiportaokulu.meb.k12.tr/tema/harita.php,2026-08-31,213,213,bulundu,https://kurtulusimamhatiportaokulu.meb.k12.tr/,2026-10-01T18:43:41.363043+00:00,,Öğrenci Sayısı : 213
Erzurum,Horasan,Küçükkonak İlkokulu,705771,İlkokul,https://kucukkonakilkokulu.meb.k12.tr,,,https://kucukkonakilkokulu.meb.k12.tr/tema/harita.php,2026-08-31,28,28,bulundu,https://kucukkonakilkokulu.meb.k12.tr/,2026-10-01T18:43:41.714088+00:00,,Öğrenci Sayısı 28
Erzurum,Horasan,Kırkdikme İlkokulu,705751,İlkokul,https://kirkdikmeilkokulu.meb.k12.tr,,,https://kirkdikmeilkokulu.meb.k12.tr/tema/harita.php,2026-08-31,12,12,bulundu,https://kirkdikmeilkokulu.meb.k12.tr/,2026-10-01T18:43:41.773947+00:00,,Öğrenci Sayısı : 12
Erzurum,Horasan,Kırkgözeler Ortaokulu,736875,Ortaokul,https://kirkgozelerortaokulu.meb.k12.tr,,,https://kirkgozelerortaokulu.meb.k12.tr/tema/harita.php,2026-08-31,49,49,bulundu,https://kirkgozelerortaokulu.meb.k12.tr/,2026-10-01T18:43:41.784283+00:00,,Öğrenci Sayısı 49
Erzurum,Horasan,Kırkgözeler İlkokulu,977038,İlkokul,https://kirkgozelerilkokulu.meb.k12.tr,,,https://kirkgozelerilkokulu.meb.k12.tr/tema/harita.php,2026-08-31,68,68,bulundu,https://kirkgozelerilkokulu.meb.k12.tr/,2026-10-01T18:43:41.808794+00:00,,Öğrenci Sayısı 68
Erzurum,Horasan,Kırklar Ortaokulu,736884,Ortaokul,https://kirklarortaokulu.meb.k12.tr,,,https://kirklarortaokulu.meb.k12.tr/tema/harita.php,2026-08-31,19,19,bulundu,https://kirklarortaokulu.meb.k12.tr/,2026-10-01T18:43:41.863875+00:00,,Öğrenci Sayısı : 19
Erzurum,Horasan,Kırklar İlkokulu,887554,İlkokul,https://kirklarilkokulu.meb.k12.tr,,,https://kirklarilkokulu.meb.k12.tr/tema/harita.php,2026-08-31,35,35,bulundu,https://kirklarilkokulu.meb.k12.tr/,2026-10-01T18:43:42.051667+00:00,,Öğrenci Sayısı: 35
Erzurum,Horasan,Kırık İlkokulu,705743,İlkokul,https://horasankirikilkokulu.meb.k12.tr,,,https://horasankirikilkokulu.meb.k12.tr/tema/harita.php,2026-08-31,3,3,bulundu,https://horasankirikilkokulu.meb.k12.tr/,2026-10-01T18:43:42.066373+00:00,,Öğrenci Sayısı: 3
Erzurum,Horasan,Kızlarkale İlkokulu,705759,İlkokul,https://kizlarkaleilkokulu.meb.k12.tr,,,https://kizlarkaleilkokulu.meb.k12.tr/tema/harita.php,2026-08-31,8,8,bulundu,https://kizlarkaleilkokulu.meb.k12.tr/,2026-10-01T18:43:42.067273+00:00,,Öğrenci Sayısı: 8
Erzurum,Horasan,Mollaahmet Ortaokulu,721251,Ortaokul,https://mollahmetortaokulu.meb.k12.tr,,,https://mollahmetortaokulu.meb.k12.tr/tema/harita.php,2026-08-31,18,18,bulundu,https://mollahmetortaokulu.meb.k12.tr/,2026-10-01T18:43:42.276616+00:00,,Öğrenci Sayısı 18
Erzurum,Horasan,Mollaahmet İlkokulu,721199,İlkokul,https://mollaahmetilkokulu.meb.k12.tr,,,https://mollaahmetilkokulu.meb.k12.tr/tema/harita.php,2026-08-31,16,16,bulundu,https://mollaahmetilkokulu.meb.k12.tr/,2026-10-01T18:43:42.298465+00:00,,Öğrenci Sayısı 16
Erzurum,Horasan,Muratbağı Ortaokulu,708571,Ortaokul,https://muratbagiortaokulu.meb.k12.tr,,,https://muratbagiortaokulu.meb.k12.tr/tema/harita.php,2026-08-31,30,30,bulundu,https://muratbagiortaokulu.meb.k12.tr/,2026-10-01T18:43:42.317801+00:00,,Öğrenci Sayısı 30
Erzurum,Horasan,Muratbağı İlkokulu,708497,İlkokul,https://muratbagiilkokulu.meb.k12.tr,,,https://muratbagiilkokulu.meb.k12.tr/tema/harita.php,2026-08-31,25,25,bulundu,https://muratbagiilkokulu.meb.k12.tr/,2026-10-01T18:43:42.426819+00:00,,Öğrenci Sayısı 25
Erzurum,Horasan,Mümtaz Turhan Ortaokulu,706696,Ortaokul,https://mumtazturhanortaokulu.meb.k12.tr,,,https://mumtazturhanortaokulu.meb.k12.tr/tema/harita.php,2026-08-31,,,bulunamadi,,2026-10-01T18:43:42.642449+00:00,,
Erzurum,Horasan,Mümtaz Turhan İlkokulu,706667,İlkokul,https://mumtazturhanilkokulu.meb.k12.tr,,,https://mumtazturhanilkokulu.meb.k12.tr/tema/harita.php,2026-08-31,463,463,bulundu,https://mumtazturhanilkokulu.meb.k12.tr/,2026-10-01T18:43:42.670167+00:00,,Öğrenci Sayısı: 463
Erzurum,Horasan,Pınarlı İlkokulu,705796,İlkokul,https://pinarliilkokulu.meb.k12.tr,,,https://pinarliilkokulu.meb.k12.tr/tema/harita.php,2026-08-31,5,5,bulundu,https://pinarliilkokulu.meb.k12.tr/,2026-10-01T18:43:42.730595+00:00,,Öğrenci Sayısı 5
Erzurum,Horasan,Pıralı Akkeran Mahallesi İlkokulu,705804,İlkokul,https://pakkeranilkokulu.meb.k12.tr,,,https://pakkeranilkokulu.meb.k12.tr/tema/harita.php,2026-08-31,27,27,bulundu,https://pakkeranilkokulu.meb.k12.tr/,2026-10-01T18:43:42.759055+00:00,,Öğrenci Sayısı: 27
Erzurum,Horasan,Rabia Orakçı Ortaokulu,708849,Ortaokul,https://rabiaorakciortaokulu.meb.k12.tr,,,https://rabiaorakciortaokulu.meb.k12.tr/tema/harita.php,2026-08-31,20,20,bulundu,https://rabiaorakciortaokulu.meb.k12.tr/,2026-10-01T18:43:42.765885+00:00,,Öğrenci Sayısı : 20
Erzurum,Horasan,Sekman İlkokulu,705867,İlkokul,https://sekmanilkokulu.meb.k12.tr,,,https://sekmanilkokulu.meb.k12.tr/tema/harita.php,2026-08-31,7,7,bulundu,https://sekmanilkokulu.meb.k12.tr/,2026-10-01T18:43:42.804031+00:00,,Öğrenci Sayısı 7
Erzurum,Horasan,Sultan Alparslan Anadolu Lisesi,765972,Anadolu Lisesi,https://salparslanal.meb.k12.tr,,,https://salparslanal.meb.k12.tr/tema/harita.php,2026-08-31,305,305,bulundu,https://salparslanal.meb.k12.tr/,2026-10-01T18:43:42.819282+00:00,,Öğrenci Sayısı : 305
Erzurum,Horasan,Tavşancık İlkokulu,705877,İlkokul,https://tavsancikilkokulu.meb.k12.tr,,,https://tavsancikilkokulu.meb.k12.tr/tema/harita.php,2026-08-31,4,4,bulundu,https://tavsancikilkokulu.meb.k12.tr/,2026-10-01T18:43:42.850681+00:00,,Öğrenci Sayısı: 4
Erzurum,Horasan,Teknecik İlkokulu,705903,İlkokul,https://teknecikilkokulu.meb.k12.tr,,,https://teknecikilkokulu.meb.k12.tr/tema/harita.php,2026-08-31,,,bulunamadi,,2026-10-01T18:43:42.896280+00:00,,
Erzurum,Horasan,Vehbi Orakçı İlkokulu,708807,İlkokul,https://vehbiorakciilkokulu.meb.k12.tr,,,https://vehbiorakciilkokulu.meb.k12.tr/tema/harita.php,2026-08-31,30,30,bulundu,https://vehbiorakciilkokulu.meb.k12.tr/,2026-10-01T18:43:42.940799+00:00,,Öğrenci Sayısı: 30
Erzurum,Horasan,Velibaba Ortaokulu,708682,Ortaokul,https://velibabaortaokul.meb.k12.tr,,,https://velibabaortaokul.meb.k12.tr/tema/harita.php,2026-08-31,20,20,bulundu,https://velibabaortaokul.meb.k12.tr/,2026-10-01T18:43:43.225532+00:00,,Öğrenci Sayısı: 20
Erzurum,Horasan,Velibaba İlkokulu,708660,İlkokul,https://velibabailkokul.meb.k12.tr,,,https://velibabailkokul.meb.k12.tr/tema/harita.php,2026-08-31,13,13,bulundu,https://velibabailkokul.meb.k12.tr/,2026-10-01T18:43:43.256729+00:00,,Öğrenci Sayısı: 13
Erzurum,Horasan,Yarboğaz Ortaokulu,708760,Ortaokul,https://yarbogazortaokulu.meb.k12.tr,,,https://yarbogazortaokulu.meb.k12.tr/tema/harita.php,2026-08-31,20,20,bulundu,https://yarbogazortaokulu.meb.k12.tr/,2026-10-01T18:43:43.299062+00:00,,Öğrenci Sayısı : 20
Erzurum,Horasan,Yarboğaz İlkokulu,708726,İlkokul,https://yarbogazilkokulu.meb.k12.tr,,,https://yarbogazilkokulu.meb.k12.tr/tema/harita.php,2026-08-31,34,34,bulundu,https://yarbogazilkokulu.meb.k12.tr/,2026-10-01T18:43:43.320803+00:00,,Öğrenci Sayısı : 34
Erzurum,Horasan,Yatılı Bölge Ortaokulu,747171,Ortaokul,https://horasanybo.meb.k12.tr,,,https://horasanybo.meb.k12.tr/tema/harita.php,2026-08-31,222,222,bulundu,https://horasanybo.meb.k12.tr/,2026-10-01T18:43:43.410384+00:00,,Öğrenci Sayısı 222
Erzurum,Horasan,Yaylacık Ortaokulu,737079,Ortaokul,https://yaylackortaokulu.meb.k12.tr,,,https://yaylackortaokulu.meb.k12.tr/tema/harita.php,2026-08-31,21,21,bulundu,https://yaylackortaokulu.meb.k12.tr/,2026-10-01T18:43:43.675006+00:00,,Öğrenci Sayısı : 21
Erzurum,Horasan,Yaylacık İlkokulu,738455,İlkokul,https://yaylackilkokulu.meb.k12.tr,,,https://yaylackilkokulu.meb.k12.tr/tema/harita.php,2026-08-31,3,3,bulundu,https://yaylackilkokulu.meb.k12.tr/,2026-10-01T18:43:43.790180+00:00,,Öğrenci Sayısı 3
Erzurum,Horasan,Yazılıtaş İlkokulu,705947,İlkokul,https://yazilitasilkokulu.meb.k12.tr,,,https://yazilitasilkokulu.meb.k12.tr/tema/harita.php,2026-08-31,10,10,bulundu,https://yazilitasilkokulu.meb.k12.tr/,2026-10-01T18:43:43.803843+00:00,,Öğrenci Sayısı: 10
Erzurum,Horasan,Yeşildere İlkokulu,705961,İlkokul,https://horasanyesildereilkokulu.meb.k12.tr,,,https://horasanyesildereilkokulu.meb.k12.tr/tema/harita.php,2026-08-31,,,bulunamadi,,2026-10-01T18:43:43.823220+00:00,,
Erzurum,Horasan,Yeşilöz İlkokulu,705976,İlkokul,https://horasanyesilozilkokulu.meb.k12.tr,,,https://horasanyesilozilkokulu.meb.k12.tr/tema/harita.php,2026-08-31,2,2,bulundu,https://horasanyesilozilkokulu.meb.k12.tr/,2026-10-01T18:43:43.827336+00:00,,Öğrenci Sayısı: 2
Erzurum,Horasan,Yukarı Bademözü İlkokulu,706055,İlkokul,https://yukaribademozuilkokulu.meb.k12.tr,,,https://yukaribademozuilkokulu.meb.k12.tr/tema/harita.php,2026-08-31,17,17,bulundu,https://yukaribademozuilkokulu.meb.k12.tr/,2026-10-01T18:43:43.867888+00:00,,Öğrenci Sayısı 17
Erzurum,Horasan,Yukarı Eğertaş Mahallesi İlkokulu,706067,İlkokul,https://yegertasilkokulu.meb.k12.tr,,,https://yegertasilkokulu.meb.k12.tr/tema/harita.php,2026-08-31,,,bulunamadi,,2026-10-01T18:43:43.897030+00:00,,
Erzurum,Horasan,Yukarı Horum İlkokulu,771441,İlkokul,https://horasanyukarihorum.meb.k12.tr,,,https://horasanyukarihorum.meb.k12.tr/tema/harita.php,2026-08-31,8,8,bulundu,https://horasanyukarihorum.meb.k12.tr/,2026-10-01T18:43:44.034563+00:00,,Öğrenci Sayısı: 8
Erzurum,Horasan,Yukarı Tahirhoca İlkokulu,706086,İlkokul,https://ytahirhocailkokulu.meb.k12.tr,,,https://ytahirhocailkokulu.meb.k12.tr/tema/harita.php,2026-08-31,2,2,bulundu,https://ytahirhocailkokulu.meb.k12.tr/,2026-10-01T18:43:44.043807+00:00,,Öğrenci Sayısı: 2
Erzurum,Horasan,Yörükatlı Ortaokulu,721100,Ortaokul,https://yorukatlortaokulu.meb.k12.tr,,,https://yorukatlortaokulu.meb.k12.tr/tema/harita.php,2026-08-31,25,25,bulundu,https://yorukatlortaokulu.meb.k12.tr/,2026-10-01T18:43:44.129014+00:00,,Öğrenci Sayısı : 25
Erzurum,Horasan,Yörükatlı İlkokulu,721023,İlkokul,https://yrkatlilkokulu.meb.k12.tr,,,https://yrkatlilkokulu.meb.k12.tr/tema/harita.php,2026-08-31,29,29,bulundu,https://yrkatlilkokulu.meb.k12.tr/,2026-10-01T18:43:44.158808+00:00,,Öğrenci Sayısı : 29
Erzurum,Horasan,Yüzören İlkokulu,706101,İlkokul,https://yuzorenilkokulu.meb.k12.tr,,,https://yuzorenilkokulu.meb.k12.tr/tema/harita.php,2026-08-31,24,24,bulundu,https://yuzorenilkokulu.meb.k12.tr/,2026-10-01T18:43:44.208796+00:00,,Öğrenci Sayısı: 24
Erzurum,Horasan,Yıldıran İlkokulu,706038,İlkokul,https://yildiranilkokulu.meb.k12.tr,,,https://yildiranilkokulu.meb.k12.tr/tema/harita.php,2026-08-31,19,19,bulundu,https://yildiranilkokulu.meb.k12.tr/,2026-10-01T18:43:44.319290+00:00,,Öğrenci Sayısı : 19
Erzurum,Horasan,Çiftlik İlkokulu,705536,İlkokul,https://horasanciftlikilkokulu.meb.k12.tr,,,https://horasanciftlikilkokulu.meb.k12.tr/tema/harita.php,2026-08-31,15,15,bulundu,https://horasanciftlikilkokulu.meb.k12.tr/,2026-10-01T18:43:44.340586+00:00,,Öğrenci Sayısı: 15
Erzurum,Horasan,İncesu İlkokulu,705676,İlkokul,https://horasanincesuilkokulu.meb.k12.tr,,,https://horasanincesuilkokulu.meb.k12.tr/tema/harita.php,2026-08-31,22,22,bulundu,https://horasanincesuilkokulu.meb.k12.tr/,2026-10-01T18:43:44.371996+00:00,,Öğrenci Sayısı 22
Erzurum,Horasan,İnkılap Ortaokulu,706521,Ortaokul,https://horasaninklaportaokulu.meb.k12.tr,,,https://horasaninklaportaokulu.meb.k12.tr/tema/harita.php,2026-08-31,579,579,bulundu,https://horasaninklaportaokulu.meb.k12.tr/,2026-10-01T18:43:44.746204+00:00,,Öğrenci Sayısı 579
Erzurum,Horasan,İnkılap İlkokulu,706499,İlkokul,https://horasaninklapilkokulu.meb.k12.tr,,,https://horasaninklapilkokulu.meb.k12.tr/tema/harita.php,2026-08-31,594,594,bulundu,https://horasaninklapilkokulu.meb.k12.tr/,2026-10-01T18:43:44.774668+00:00,,Öğrenci Sayısı 594
Erzurum,Horasan,İnkılap İmam Hatip Ortaokulu,762992,İmam Hatip Ortaokulu,https://horasaninklapimamhatiportaokulu.meb.k12.tr,,,https://horasaninklapimamhatiportaokulu.meb.k12.tr/tema/harita.php,2026-08-31,67,67,bulundu,https://horasaninklapimamhatiportaokulu.meb.k12.tr/,2026-10-01T18:43:44.848043+00:00,,Öğrenci Sayısı 67
Erzurum,Horasan,İğdeli İlkokulu,705666,İlkokul,https://igdeliilkokulu.meb.k12.tr,,,https://igdeliilkokulu.meb.k12.tr/tema/harita.php,2026-08-31,9,9,bulundu,https://igdeliilkokulu.meb.k12.tr/,2026-10-01T18:43:44.854388+00:00,,Öğrenci Sayısı: 9
Erzurum,Horasan,Şehit Binbaşı Lütfü Ceylan Ortaokulu,765783,Ortaokul,https://sehitbinbasilutfuceylanoo.meb.k12.tr,,,https://sehitbinbasilutfuceylanoo.meb.k12.tr/tema/harita.php,2026-08-31,186,186,bulundu,https://sehitbinbasilutfuceylanoo.meb.k12.tr/,2026-10-01T18:43:44.889498+00:00,,Öğrenci Sayısı : 186
Erzurum,Horasan,Şehit Binbaşı Lütfü Ceylan İlkokulu,765782,İlkokul,https://sehitbinbasilutfuceylanio.meb.k12.tr,,,https://sehitbinbasilutfuceylanio.meb.k12.tr/tema/harita.php,2026-08-31,101,101,bulundu,https://sehitbinbasilutfuceylanio.meb.k12.tr/,2026-10-01T18:43:45.296088+00:00,,Öğrenci Sayısı : 101
Erzurum,Horasan,Şehit Mehmet Gök Mesleki ve Teknik Anadolu Lisesi,751432,Mesleki ve Teknik Anadolu Lisesi,https://sehitmehmetgokmtal.meb.k12.tr,,,https://sehitmehmetgokmtal.meb.k12.tr/tema/harita.php,2026-08-31,282,282,bulundu,https://sehitmehmetgokmtal.meb.k12.tr/,2026-10-01T18:43:45.402387+00:00,,Öğrenci Sayısı : 282
Erzurum,Horasan,Şehit Tevhid Akkan Ortaokulu,759332,Ortaokul,https://kukurtluortaokulu.meb.k12.tr,,,https://kukurtluortaokulu.meb.k12.tr/tema/harita.php,2026-08-31,22,22,bulundu,https://kukurtluortaokulu.meb.k12.tr/,2026-10-01T18:43:45.467878+00:00,,Öğrenci Sayısı 22
Erzurum,Horasan,Şehit Tevhid Akkan İlkokulu,705782,İlkokul,https://sehittevhidakkanilkokulu.meb.k12.tr,,,https://sehittevhidakkanilkokulu.meb.k12.tr/tema/harita.php,2026-08-31,24,24,bulundu,https://sehittevhidakkanilkokulu.meb.k12.tr/,2026-10-01T18:43:45.470040+00:00,,Öğrenci Sayısı: 24
Erzurum,Horasan,Şehit Uğur Gülmez Mesleki ve Teknik Anadolu Lisesi,905204,Mesleki ve Teknik Anadolu Lisesi,https://sehitugurgulmezmtal.meb.k12.tr,,,https://sehitugurgulmezmtal.meb.k12.tr/tema/harita.php,2026-08-31,473,473,bulundu,https://sehitugurgulmezmtal.meb.k12.tr/,2026-10-01T18:43:45.475372+00:00,,Öğrenci Sayısı : 473
Erzurum,Horasan,Şeyhyusuf Ortaokulu,708593,Ortaokul,https://seyhyusufortaokulu.meb.k12.tr,,,https://seyhyusufortaokulu.meb.k12.tr/tema/harita.php,2026-08-31,16,16,bulundu,https://seyhyusufortaokulu.meb.k12.tr/,2026-10-01T18:43:45.501237+00:00,,Öğrenci Sayısı : 16
Erzurum,Horasan,Şeyhyusuf İlkokulu,708559,İlkokul,https://seyhyusufilkokulu.meb.k12.tr,,,https://seyhyusufilkokulu.meb.k12.tr/tema/harita.php,2026-08-31,32,32,bulundu,https://seyhyusufilkokulu.meb.k12.tr/,2026-10-01T18:43:45.593348+00:00,,Öğrenci Sayısı : 32
Erzurum,Hınıs,14 Mart Ortaokulu,703973,Ortaokul,https://hinis14martortaokulu.meb.k12.tr,,,https://hinis14martortaokulu.meb.k12.tr/tema/harita.php,2026-08-31,144,144,bulundu,https://hinis14martortaokulu.meb.k12.tr/,2026-10-01T18:43:45.833581+00:00,,Öğrenci Sayısı : 144
Erzurum,Hınıs,15 Temmuz Ortaokulu,764811,Ortaokul,https://hinis15temmuzortaokulu.meb.k12.tr,,,https://hinis15temmuzortaokulu.meb.k12.tr/tema/harita.php,2026-08-31,113,113,bulundu,https://hinis15temmuzortaokulu.meb.k12.tr/,2026-10-01T18:43:45.847171+00:00,,Öğrenci Sayısı : 113
Erzurum,Hınıs,15 Temmuz İlkokulu,764810,İlkokul,https://hinis15temmuzilkokulu.meb.k12.tr,,,https://hinis15temmuzilkokulu.meb.k12.tr/tema/harita.php,2026-08-31,72,72,bulundu,https://hinis15temmuzilkokulu.meb.k12.tr/,2026-10-01T18:43:45.971363+00:00,,Öğrenci Sayısı: 72
Erzurum,Hınıs,Acar İlkokulu,703855,İlkokul,https://hinisacarilkokulu.meb.k12.tr,,,https://hinisacarilkokulu.meb.k12.tr/tema/harita.php,2026-08-31,15,15,bulundu,https://hinisacarilkokulu.meb.k12.tr/,2026-10-01T18:43:45.990494+00:00,,Öğrenci Sayısı: 15
Erzurum,Hınıs,Akbayır İlkokulu,760848,İlkokul,https://hinisakbayirilkokulu.meb.k12.tr,,,https://hinisakbayirilkokulu.meb.k12.tr/tema/harita.php,2026-08-31,10,10,bulundu,https://hinisakbayirilkokulu.meb.k12.tr/,2026-10-01T18:43:46.342286+00:00,,Öğrenci Sayısı 10
Erzurum,Hınıs,Akçamelik İlkokulu,771867,İlkokul,https://hinisakcamelikilkokulu.meb.k12.tr,,,https://hinisakcamelikilkokulu.meb.k12.tr/tema/harita.php,2026-08-31,10,10,bulundu,https://hinisakcamelikilkokulu.meb.k12.tr/,2026-10-01T18:43:46.348026+00:00,,Öğrenci Sayısı: 10
Erzurum,Hınıs,Akören İlkokulu,704081,İlkokul,https://hinisakorenilkokulu.meb.k12.tr,,,https://hinisakorenilkokulu.meb.k12.tr/tema/harita.php,2026-08-31,20,20,bulundu,https://hinisakorenilkokulu.meb.k12.tr/,2026-10-01T18:43:46.371945+00:00,,Öğrenci Sayısı: 20
Erzurum,Hınıs,Alaca İlkokulu,704012,İlkokul,https://hinisalacailkokulu.meb.k12.tr,,,https://hinisalacailkokulu.meb.k12.tr/tema/harita.php,2026-08-31,9,9,bulundu,https://hinisalacailkokulu.meb.k12.tr/,2026-10-01T18:43:46.393312+00:00,,Öğrenci Sayısı: 9
Erzurum,Hınıs,Alagöz İlkokulu,704014,İlkokul,https://hinisalagozilkokulu.meb.k12.tr,,,https://hinisalagozilkokulu.meb.k12.tr/tema/harita.php,2026-08-31,6,6,bulundu,https://hinisalagozilkokulu.meb.k12.tr/,2026-10-01T18:43:46.434128+00:00,,Öğrenci Sayısı: 6
Erzurum,Hınıs,Altınpınar İlkokulu,768804,İlkokul,https://hinisaltinpinarilkokulu.meb.k12.tr,,,https://hinisaltinpinarilkokulu.meb.k12.tr/tema/harita.php,2026-08-31,5,5,bulundu,https://hinisaltinpinarilkokulu.meb.k12.tr/,2026-10-01T18:43:46.483002+00:00,,Öğrenci Sayısı : 5
Erzurum,Hınıs,Atatürk İlkokulu,703910,İlkokul,https://hinisataturkilkokulu.meb.k12.tr,,,https://hinisataturkilkokulu.meb.k12.tr/tema/harita.php,2026-08-31,188,188,bulundu,https://hinisataturkilkokulu.meb.k12.tr/,2026-10-01T18:43:46.611090+00:00,,Öğrenci Sayısı 188
Erzurum,Hınıs,Avcılar İlkokulu,771959,İlkokul,https://hinisavcilarilkokulu.meb.k12.tr,,,https://hinisavcilarilkokulu.meb.k12.tr/tema/harita.php,2026-08-31,4,4,bulundu,https://hinisavcilarilkokulu.meb.k12.tr/tema/okulumuz_hakkinda.php,2026-10-01T18:43:46.630847+00:00,,Öğrenci : 4
Erzurum,Hınıs,Aşağı Demirci İlkokulu,764480,İlkokul,https://hinisasagidemirciilkokulu.meb.k12.tr,,,https://hinisasagidemirciilkokulu.meb.k12.tr/tema/harita.php,2026-08-31,8,8,bulundu,https://hinisasagidemirciilkokulu.meb.k12.tr/,2026-10-01T18:43:46.689624+00:00,,Öğrenci Sayısı: 8
Erzurum,Hınıs,Aşağıkayabaşı İlkokulu,775941,İlkokul,https://hinisasagikayabasiilkokulu.meb.k12.tr,,,https://hinisasagikayabasiilkokulu.meb.k12.tr/tema/harita.php,2026-08-31,117,117,bulundu,https://hinisasagikayabasiilkokulu.meb.k12.tr/,2026-10-01T18:43:46.695224+00:00,,Öğrenci Sayısı : 117
Erzurum,Hınıs,Bayır İlkokulu,764361,İlkokul,https://hinisbayirilkokulu.meb.k12.tr,,,https://hinisbayirilkokulu.meb.k12.tr/tema/harita.php,2026-08-31,6,6,bulundu,https://hinisbayirilkokulu.meb.k12.tr/,2026-10-01T18:43:46.773027+00:00,,Öğrenci Sayısı 6
Erzurum,Hınıs,Bellitaş Ortaokulu,713382,Ortaokul,https://hinisbellitasortaokulu.meb.k12.tr,,,https://hinisbellitasortaokulu.meb.k12.tr/tema/harita.php,2026-08-31,87,87,bulundu,https://hinisbellitasortaokulu.meb.k12.tr/,2026-10-01T18:43:46.937874+00:00,,Öğrenci Sayısı 87
Erzurum,Hınıs,Bellitaş İlkokulu,705332,İlkokul,https://bellitasilkokulu.meb.k12.tr,,,https://bellitasilkokulu.meb.k12.tr/tema/harita.php,2026-08-31,,,bulunamadi,,2026-10-01T18:43:46.949012+00:00,,
Erzurum,Hınıs,Borsa İstanbul 75.Yıl Yatılı Bölge Ortaokulu,747170,Ortaokul,https://hinisybo.meb.k12.tr,,,https://hinisybo.meb.k12.tr/tema/harita.php,2026-08-31,194,194,bulundu,https://hinisybo.meb.k12.tr/,2026-10-01T18:43:46.973226+00:00,,Öğrenci Sayısı : 194
Erzurum,Hınıs,Burhan İlkokulu,713755,İlkokul,https://hinisburhanilkokulu.meb.k12.tr,,,https://hinisburhanilkokulu.meb.k12.tr/tema/harita.php,2026-08-31,16,16,bulundu,https://hinisburhanilkokulu.meb.k12.tr/,2026-10-01T18:43:47.132574+00:00,,Öğrenci Sayısı: 16
Erzurum,Hınıs,Cumhuriyet İlkokulu,703935,İlkokul,https://hiniscumhuriyetilkokulu.meb.k12.tr,,,https://hiniscumhuriyetilkokulu.meb.k12.tr/tema/harita.php,2026-08-31,215,215,bulundu,https://hiniscumhuriyetilkokulu.meb.k12.tr/,2026-10-01T18:43:47.138966+00:00,,Öğrenci Sayısı : 215
Erzurum,Hınıs,Dağçayırı İlkokulu,704087,İlkokul,https://hinisdagcayiriilkokulu.meb.k12.tr,,,https://hinisdagcayiriilkokulu.meb.k12.tr/tema/harita.php,2026-08-31,19,19,bulundu,https://hinisdagcayiriilkokulu.meb.k12.tr/,2026-10-01T18:43:47.177804+00:00,,Öğrenci Sayısı: 19
Erzurum,Hınıs,Dikili İlkokulu,771942,İlkokul,https://hinisdikiliilkokulu.meb.k12.tr,,,https://hinisdikiliilkokulu.meb.k12.tr/tema/harita.php,2026-08-31,3,3,bulundu,https://hinisdikiliilkokulu.meb.k12.tr/,2026-10-01T18:43:47.186954+00:00,,Öğrenci Sayısı 3
Erzurum,Hınıs,Elmadalı İlkokulu,704225,İlkokul,https://hiniselmadaliilkokulu.meb.k12.tr,,,https://hiniselmadaliilkokulu.meb.k12.tr/tema/harita.php,2026-08-31,7,7,bulundu,https://hiniselmadaliilkokulu.meb.k12.tr/,2026-10-01T18:43:47.243874+00:00,,Öğrenci Sayısı: 7
Erzurum,Hınıs,Erence Ortaokulu,713462,Ortaokul,https://hiniserenceortaokulu.meb.k12.tr,,,https://hiniserenceortaokulu.meb.k12.tr/tema/harita.php,2026-08-31,42,42,bulundu,https://hiniserenceortaokulu.meb.k12.tr/,2026-10-01T18:43:47.502224+00:00,,Öğrenci Sayısı 42
Erzurum,Hınıs,Erence İlkokulu,713455,İlkokul,https://hiniserenceilkokulu.meb.k12.tr,,,https://hiniserenceilkokulu.meb.k12.tr/tema/harita.php,2026-08-31,55,55,bulundu,https://hiniserenceilkokulu.meb.k12.tr/,2026-10-01T18:43:47.535804+00:00,,Öğrenci Sayısı 55
Erzurum,Hınıs,Göller Ortaokulu,713512,Ortaokul,https://hinisgollerortaokulu.meb.k12.tr,,,https://hinisgollerortaokulu.meb.k12.tr/tema/harita.php,2026-08-31,34,34,bulundu,https://hinisgollerortaokulu.meb.k12.tr/,2026-10-01T18:43:47.615863+00:00,,Öğrenci Sayısı 34
Erzurum,Hınıs,Göller İlkokulu,713510,İlkokul,https://hinisgollerilkokulu.meb.k12.tr,,,https://hinisgollerilkokulu.meb.k12.tr/tema/harita.php,2026-08-31,36,36,bulundu,https://hinisgollerilkokulu.meb.k12.tr/,2026-10-01T18:43:47.696909+00:00,,Öğrenci Sayısı: 36
Erzurum,Hınıs,Gürçayır İlkokulu,704251,İlkokul,https://hinisgurcayirilkokulu.meb.k12.tr,,,https://hinisgurcayirilkokulu.meb.k12.tr/tema/harita.php,2026-08-31,30,30,bulundu,https://hinisgurcayirilkokulu.meb.k12.tr/,2026-10-01T18:43:47.725517+00:00,,Öğrenci Sayısı: 30
Erzurum,Hınıs,Halil Çavuş Ortaokulu,713676,Ortaokul,https://hinishalilcavusortaokulu.meb.k12.tr,,,https://hinishalilcavusortaokulu.meb.k12.tr/tema/harita.php,2026-08-31,71,71,bulundu,https://hinishalilcavusortaokulu.meb.k12.tr/,2026-10-01T18:43:47.730131+00:00,,Öğrenci Sayısı : 71
Erzurum,Hınıs,Halil Çavuş İlkokulu,713670,İlkokul,https://hinishalilcavusilkokulu.meb.k12.tr,,,https://hinishalilcavusilkokulu.meb.k12.tr/tema/harita.php,2026-08-31,80,80,bulundu,https://hinishalilcavusilkokulu.meb.k12.tr/,2026-10-01T18:43:47.931079+00:00,,Öğrenci Sayısı : 80
Erzurum,Hınıs,Hayran İlkokulu,771961,İlkokul,https://hinishayranilkokulu.meb.k12.tr,,,https://hinishayranilkokulu.meb.k12.tr/tema/harita.php,2026-08-31,5,5,bulundu,https://hinishayranilkokulu.meb.k12.tr/,2026-10-01T18:43:48.044501+00:00,,Öğrenci Sayısı : 5
Erzurum,Hınıs,Hınıs Anadolu Lisesi,955867,Anadolu Lisesi,https://hinisanadolulisesi.meb.k12.tr,,,https://hinisanadolulisesi.meb.k12.tr/tema/harita.php,2026-08-31,385,385,bulundu,https://hinisanadolulisesi.meb.k12.tr/,2026-10-01T18:43:48.048029+00:00,,Öğrenci Sayısı 385
Erzurum,Hınıs,Hınıs Anadolu İmam Hatip Lisesi,146765,Anadolu İmam Hatip Lisesi,https://hinisanadoluihl.meb.k12.tr,,,https://hinisanadoluihl.meb.k12.tr/tema/harita.php,2026-08-31,206,206,bulundu,https://hinisanadoluihl.meb.k12.tr/,2026-10-01T18:43:48.122495+00:00,,Öğrenci Sayısı : 206
Erzurum,Hınıs,Hınıs Anaokulu,892659,Anaokulu,https://hinisanaokulu.meb.k12.tr,,,https://hinisanaokulu.meb.k12.tr/tema/harita.php,2026-08-31,51,51,bulundu,https://hinisanaokulu.meb.k12.tr/,2026-10-01T18:43:48.165741+00:00,,Öğrenci Sayısı: 51
Erzurum,Hınıs,Hınıs Erdoğan Eren Fen Lisesi,773883,Fen Lisesi,https://hiniserdoganerenfenlisesi.meb.k12.tr,,,https://hiniserdoganerenfenlisesi.meb.k12.tr/tema/harita.php,2026-08-31,249,249,bulundu,https://hiniserdoganerenfenlisesi.meb.k12.tr/,2026-10-01T18:43:48.532383+00:00,,Öğrenci Sayısı : 249
Erzurum,Hınıs,Hınıs Halk Eğitimi Merkezi,146777,Halk Eğitimi Merkezi,https://hinishem.meb.k12.tr,,,https://hinishem.meb.k12.tr/tema/harita.php,2026-08-31,,,bulunamadi,,2026-10-01T18:43:48.589963+00:00,,
Erzurum,Hınıs,Hınıs Mesleki ve Teknik Anadolu Lisesi,146741,Mesleki ve Teknik Anadolu Lisesi,https://hinismtal.meb.k12.tr,,,https://hinismtal.meb.k12.tr/tema/harita.php,2026-08-31,271,271,bulundu,https://hinismtal.meb.k12.tr/,2026-10-01T18:43:48.622729+00:00,,Öğrenci Sayısı 271
Erzurum,Hınıs,Hınıs Nenehatun Kız Mesleki ve Teknik Anadolu Lisesi,301978,Mesleki ve Teknik Anadolu Lisesi,https://hinisnenehatunmtal.meb.k12.tr,,,https://hinisnenehatunmtal.meb.k12.tr/tema/harita.php,2026-08-31,136,136,bulundu,https://hinisnenehatunmtal.meb.k12.tr/,2026-10-01T18:43:48.632284+00:00,,Öğrenci Sayısı 136
Erzurum,Hınıs,Hınıs Rehberlik ve Araştırma Merkezi,776978,Rehberlik ve Araştırma Merkezi,https://hinisram.meb.k12.tr,,,https://hinisram.meb.k12.tr/tema/harita.php,2026-08-31,,,bulunamadi,,2026-10-01T18:43:48.642590+00:00,,
Erzurum,Hınıs,Hınıs Yelpiz Erzurum Merkez Öğretmenevi Ortaokulu,713826,Öğretmenevi,https://hinisyelpizortaokulu.meb.k12.tr,,,https://hinisyelpizortaokulu.meb.k12.tr/tema/harita.php,2026-08-31,99,99,bulundu,https://hinisyelpizortaokulu.meb.k12.tr/,2026-10-01T18:43:48.712149+00:00,,Öğrenci Sayısı 99
Erzurum,Hınıs,Hınıs Yelpiz Erzurum Merkez Öğretmenevi İlkokulu,713822,Öğretmenevi,https://hinisyelpizilkokulu.meb.k12.tr,,,https://hinisyelpizilkokulu.meb.k12.tr/tema/harita.php,2026-08-31,37,37,bulundu,https://hinisyelpizilkokulu.meb.k12.tr/,2026-10-01T18:43:48.833662+00:00,,Öğrenci Sayısı: 37
Erzurum,Hınıs,Hınıs Çok Programlı Anadolu Lisesi,321745,Çok Programlı Anadolu Lisesi,https://hiniscpl.meb.k12.tr,,,https://hiniscpl.meb.k12.tr/tema/harita.php,2026-08-31,39,39,bulundu,https://hiniscpl.meb.k12.tr/tema/okulumuz_hakkinda.php,2026-10-01T18:43:49.117876+00:00,,Öğrenci : 39
Erzurum,Hınıs,Hınıs Öğretmenevi ve Akşam Sanat Okulu,971157,Öğretmenevi,https://hinisogretmeneviaso.meb.k12.tr,,,https://hinisogretmeneviaso.meb.k12.tr/tema/harita.php,2026-08-31,,,bulunamadi,,2026-10-01T18:43:49.201825+00:00,,
Erzurum,Hınıs,Hınıs İlkokulu,752803,İlkokul,https://hinisilkokulu.meb.k12.tr,,,https://hinisilkokulu.meb.k12.tr/tema/harita.php,2026-08-31,64,64,bulundu,https://hinisilkokulu.meb.k12.tr/tema/okulumuz_hakkinda.php,2026-10-01T18:43:49.297811+00:00,,Öğrenci : 64
Erzurum,Hınıs,Hınıs İmam Hatip Ortaokulu,762652,İmam Hatip Ortaokulu,https://hinisiho.meb.k12.tr,,,https://hinisiho.meb.k12.tr/tema/harita.php,2026-08-31,143,143,bulundu,https://hinisiho.meb.k12.tr/,2026-10-01T18:43:49.354194+00:00,,Öğrenci Sayısı : 143
Erzurum,Hınıs,Ketenci İlkokulu,768735,İlkokul,https://hinisketenciilkokulu.meb.k12.tr,,,https://hinisketenciilkokulu.meb.k12.tr/tema/harita.php,2026-08-31,7,7,bulundu,https://hinisketenciilkokulu.meb.k12.tr/,2026-10-01T18:43:49.459220+00:00,,Öğrenci Sayısı: 7
Erzurum,Hınıs,Kongur Özge Kılıç İlkokulu,704347,İlkokul,https://hiniskongurozgekilicilkokulu.meb.k12.tr,,,https://hiniskongurozgekilicilkokulu.meb.k12.tr/tema/harita.php,2026-08-31,27,27,bulundu,https://hiniskongurozgekilicilkokulu.meb.k12.tr/,2026-10-01T18:43:49.473344+00:00,,Öğrenci Sayısı 27
Erzurum,Hınıs,Köprübaşı Mahallesi İlkokulu,704826,İlkokul,https://hiniskoprubasimahilkokulu.meb.k12.tr,,,https://hiniskoprubasimahilkokulu.meb.k12.tr/tema/harita.php,2026-08-31,13,13,bulundu,https://hiniskoprubasimahilkokulu.meb.k12.tr/,2026-10-01T18:43:49.474270+00:00,,Öğrenci Sayısı: 13
Erzurum,Hınıs,Kızılahmet Ortaokulu,776812,Ortaokul,https://hiniskizilahmetortaokulu.meb.k12.tr,,,https://hiniskizilahmetortaokulu.meb.k12.tr/tema/harita.php,2026-08-31,46,46,bulundu,https://hiniskizilahmetortaokulu.meb.k12.tr/,2026-10-01T18:43:49.614969+00:00,,Öğrenci Sayısı 46
Erzurum,Hınıs,Kızılahmet İlkokulu,776783,İlkokul,https://hiniskizilahmetilkokulu.meb.k12.tr,,,https://hiniskizilahmetilkokulu.meb.k12.tr/tema/harita.php,2026-08-31,35,35,bulundu,https://hiniskizilahmetilkokulu.meb.k12.tr/,2026-10-01T18:43:49.644806+00:00,,Öğrenci Sayısı 35
Erzurum,Hınıs,Mehmet Akif Ersoy Ortaokulu,703955,Ortaokul,https://hinismehmetakifersoyortaokulu.meb.k12.tr,,,https://hinismehmetakifersoyortaokulu.meb.k12.tr/tema/harita.php,2026-08-31,138,138,bulundu,https://hinismehmetakifersoyortaokulu.meb.k12.tr/,2026-10-01T18:43:49.685804+00:00,,Öğrenci Sayısı : 138
Erzurum,Hınıs,Meydan İlkokulu,768736,İlkokul,https://hinismeydanilkokulu.meb.k12.tr,,,https://hinismeydanilkokulu.meb.k12.tr/tema/harita.php,2026-08-31,5,5,bulundu,https://hinismeydanilkokulu.meb.k12.tr/,2026-10-01T18:43:49.737923+00:00,,Öğrenci Sayısı : 5
Erzurum,Hınıs,Mezra İlkokulu,771943,İlkokul,https://hinismezrailkokulu.meb.k12.tr,,,https://hinismezrailkokulu.meb.k12.tr/tema/harita.php,2026-08-31,7,7,bulundu,https://hinismezrailkokulu.meb.k12.tr/,2026-10-01T18:43:49.756677+00:00,,Öğrenci Sayısı: 7
Erzurum,Hınıs,Mollacelil İlkokulu,704426,İlkokul,https://hinismollacelililkokulu.meb.k12.tr,,,https://hinismollacelililkokulu.meb.k12.tr/tema/harita.php,2026-08-31,16,16,bulundu,https://hinismollacelililkokulu.meb.k12.tr/,2026-10-01T18:43:49.961186+00:00,,Öğrenci Sayısı 16
Erzurum,Hınıs,Ovakozlu Ortaokulu,736093,Ortaokul,https://hinisovakozluortaokulu.meb.k12.tr,,,https://hinisovakozluortaokulu.meb.k12.tr/tema/harita.php,2026-08-31,75,75,bulundu,https://hinisovakozluortaokulu.meb.k12.tr/,2026-10-01T18:43:50.062189+00:00,,Öğrenci Sayısı 75
Erzurum,Hınıs,Ovakozlu İlkokulu,713734,İlkokul,https://hinisovakozluilkokulu.meb.k12.tr,,,https://hinisovakozluilkokulu.meb.k12.tr/tema/harita.php,2026-08-31,103,103,bulundu,https://hinisovakozluilkokulu.meb.k12.tr/,2026-10-01T18:43:50.120837+00:00,,Öğrenci Sayısı 103
Erzurum,Hınıs,Ovaçevirme İlkokulu,704482,İlkokul,https://hinisovacevirmeilkokulu.meb.k12.tr,,,https://hinisovacevirmeilkokulu.meb.k12.tr/tema/harita.php,2026-08-31,18,18,bulundu,https://hinisovacevirmeilkokulu.meb.k12.tr/,2026-10-01T18:43:50.199697+00:00,,Öğrenci Sayısı: 18
Erzurum,Hınıs,Parmaksız Ortaokulu,776814,Ortaokul,https://hinisparmaksizortaokulu.meb.k12.tr,,,https://hinisparmaksizortaokulu.meb.k12.tr/tema/harita.php,2026-08-31,90,90,bulundu,https://hinisparmaksizortaokulu.meb.k12.tr/,2026-10-01T18:43:50.202700+00:00,,Öğrenci Sayısı : 90
Erzurum,Hınıs,Parmaksız İlkokulu,776806,İlkokul,https://hinisparmaksizilkokulu.meb.k12.tr,,,https://hinisparmaksizilkokulu.meb.k12.tr/tema/harita.php,2026-08-31,56,56,bulundu,https://hinisparmaksizilkokulu.meb.k12.tr/,2026-10-01T18:43:50.293654+00:00,,Öğrenci Sayısı : 56
Erzurum,Hınıs,Sarılı Mahallesi İlkokulu,704844,İlkokul,https://hinissarilimalilkokulu.meb.k12.tr,,,https://hinissarilimalilkokulu.meb.k12.tr/tema/harita.php,2026-08-31,17,17,bulundu,https://hinissarilimalilkokulu.meb.k12.tr/,2026-10-01T18:43:50.332544+00:00,,Öğrenci Sayısı 17
Erzurum,Hınıs,Suvaran İlkokulu,771958,İlkokul,https://hinissuvaranilkokulu.meb.k12.tr,,,https://hinissuvaranilkokulu.meb.k12.tr/tema/harita.php,2026-08-31,2,2,bulundu,https://hinissuvaranilkokulu.meb.k12.tr/,2026-10-01T18:43:50.348317+00:00,,Öğrenci Sayısı 2
Erzurum,Hınıs,Söğütlü Ortaokulu,713873,Ortaokul,https://hinissogutluortaokulu.meb.k12.tr,,,https://hinissogutluortaokulu.meb.k12.tr/tema/harita.php,2026-08-31,106,106,bulundu,https://hinissogutluortaokulu.meb.k12.tr/,2026-10-01T18:43:50.578522+00:00,,Öğrenci Sayısı 106
Erzurum,Hınıs,Söğütlü İlkokulu,713868,İlkokul,https://hinissogutluilkokulu.meb.k12.tr,,,https://hinissogutluilkokulu.meb.k12.tr/tema/harita.php,2026-08-31,79,79,bulundu,https://hinissogutluilkokulu.meb.k12.tr/,2026-10-01T18:43:50.793294+00:00,,Öğrenci Sayısı : 79
Erzurum,Hınıs,Sıldız İlkokulu,771949,İlkokul,https://hinissildizilkokulu.meb.k12.tr,,,https://hinissildizilkokulu.meb.k12.tr/tema/harita.php,2026-08-31,3,3,bulundu,https://hinissildizilkokulu.meb.k12.tr/,2026-10-01T18:43:50.799220+00:00,,Öğrenci Sayısı : 3
Erzurum,Hınıs,Tapu İlkokulu,704590,İlkokul,https://hinistapuilkokulu.meb.k12.tr,,,https://hinistapuilkokulu.meb.k12.tr/tema/harita.php,2026-08-31,12,12,bulundu,https://hinistapuilkokulu.meb.k12.tr/,2026-10-01T18:43:50.888854+00:00,,Öğrenci Sayısı : 12
Erzurum,Hınıs,Tipideresi İlkokulu,704690,İlkokul,https://hinistipideresiilkokulu.meb.k12.tr,,,https://hinistipideresiilkokulu.meb.k12.tr/tema/harita.php,2026-08-31,17,17,bulundu,https://hinistipideresiilkokulu.meb.k12.tr/,2026-10-01T18:43:50.890945+00:00,,Öğrenci Sayısı 17
Erzurum,Hınıs,Toprakkale İlkokulu,704708,İlkokul,https://hinistoprakkaleilkokulu.meb.k12.tr,,,https://hinistoprakkaleilkokulu.meb.k12.tr/tema/harita.php,2026-08-31,3,3,bulundu,https://hinistoprakkaleilkokulu.meb.k12.tr/,2026-10-01T18:43:50.903013+00:00,,Öğrenci Sayısı: 3
Erzurum,Hınıs,Uyanık İlkokulu,772228,İlkokul,https://hinisuyanikilkokulu.meb.k12.tr,,,https://hinisuyanikilkokulu.meb.k12.tr/tema/harita.php,2026-08-31,4,4,bulundu,https://hinisuyanikilkokulu.meb.k12.tr/,2026-10-01T18:43:50.987434+00:00,,Öğrenci Sayısı: 4
Erzurum,Hınıs,Yaylakonak İlkokulu,704738,İlkokul,https://hinisyaylakonakilkokulu.meb.k12.tr,,,https://hinisyaylakonakilkokulu.meb.k12.tr/tema/harita.php,2026-08-31,13,13,bulundu,https://hinisyaylakonakilkokulu.meb.k12.tr/,2026-10-01T18:43:51.244898+00:00,,Öğrenci Sayısı 13
Erzurum,Hınıs,Yeniköy Ortaokulu,713789,Ortaokul,https://hinisyenikoyortaokulu.meb.k12.tr,,,https://hinisyenikoyortaokulu.meb.k12.tr/tema/harita.php,2026-08-31,91,91,bulundu,https://hinisyenikoyortaokulu.meb.k12.tr/,2026-10-01T18:43:51.270433+00:00,,Öğrenci Sayısı 91
Erzurum,Hınıs,Yeniköy İlkokulu,713784,İlkokul,https://hinisyenikoyilkokulu.meb.k12.tr,,,https://hinisyenikoyilkokulu.meb.k12.tr/tema/harita.php,2026-08-31,38,38,bulundu,https://hinisyenikoyilkokulu.meb.k12.tr/,2026-10-01T18:43:51.273552+00:00,,Öğrenci Sayısı 38
Erzurum,Hınıs,Yeşilyazı İlkokulu,704770,İlkokul,https://hinisyesilyaziilkokulu.meb.k12.tr,,,https://hinisyesilyaziilkokulu.meb.k12.tr/tema/harita.php,2026-08-31,12,12,bulundu,https://hinisyesilyaziilkokulu.meb.k12.tr/,2026-10-01T18:43:51.475073+00:00,,Öğrenci Sayısı 12
Erzurum,Hınıs,Yolüstü İlkokulu,713953,İlkokul,https://hinisyolustuillkokulu.meb.k12.tr,,,https://hinisyolustuillkokulu.meb.k12.tr/tema/harita.php,2026-08-31,24,24,bulundu,https://hinisyolustuillkokulu.meb.k12.tr/,2026-10-01T18:43:51.478354+00:00,,Öğrenci Sayısı : 24
Erzurum,Hınıs,Yukarı Demirci İlkokulu,764495,İlkokul,https://hinisyukaridemirciilkokulu.meb.k12.tr,,,https://hinisyukaridemirciilkokulu.meb.k12.tr/tema/harita.php,2026-08-31,18,18,bulundu,https://hinisyukaridemirciilkokulu.meb.k12.tr/,2026-10-01T18:43:51.632666+00:00,,Öğrenci Sayısı 18
Erzurum,Hınıs,Yukarı Parmaksız İlkokulu,704750,İlkokul,https://hinisyukariparmaksizilkokulu.meb.k12.tr,,,https://hinisyukariparmaksizilkokulu.meb.k12.tr/tema/harita.php,2026-08-31,31,31,bulundu,https://hinisyukariparmaksizilkokulu.meb.k12.tr/,2026-10-01T18:43:51.635662+00:00,,Öğrenci Sayısı: 31
Erzurum,Hınıs,Çakmak İlkokulu,704048,İlkokul,https://hiniscakmakilkokulu.meb.k12.tr,,,https://hiniscakmakilkokulu.meb.k12.tr/tema/harita.php,2026-08-31,28,28,bulundu,https://hiniscakmakilkokulu.meb.k12.tr/,2026-10-01T18:43:51.655410+00:00,,Öğrenci Sayısı: 28
Erzurum,Hınıs,Çamurlu İlkokulu,749973,İlkokul,https://hiniscamurluilkokulu.meb.k12.tr,,,https://hiniscamurluilkokulu.meb.k12.tr/tema/harita.php,2026-08-31,7,7,bulundu,https://hiniscamurluilkokulu.meb.k12.tr/,2026-10-01T18:43:51.687908+00:00,,Öğrenci Sayısı: 7
Erzurum,Hınıs,Çilligöl İlkokulu,704064,İlkokul,https://hiniscilligolilkokulu.meb.k12.tr,,,https://hiniscilligolilkokulu.meb.k12.tr/tema/harita.php,2026-08-31,28,28,bulundu,https://hiniscilligolilkokulu.meb.k12.tr/,2026-10-01T18:43:51.744693+00:00,,Öğrenci Sayısı: 28
Erzurum,Hınıs,İsmail İlkokulu,704261,İlkokul,https://hinisismaililkokulu.meb.k12.tr,,,https://hinisismaililkokulu.meb.k12.tr/tema/harita.php,2026-08-31,17,17,bulundu,https://hinisismaililkokulu.meb.k12.tr/,2026-10-01T18:43:51.828116+00:00,,Öğrenci Sayısı: 17
Erzurum,Hınıs,Şahabettin İlkokulu,704548,İlkokul,https://hinissahabettinilkokulu.meb.k12.tr,,,https://hinissahabettinilkokulu.meb.k12.tr/tema/harita.php,2026-08-31,24,24,bulundu,https://hinissahabettinilkokulu.meb.k12.tr/,2026-10-01T18:43:52.043051+00:00,,Öğrenci Sayısı: 24
Erzurum,Hınıs,Şalgam İlkokulu,767857,İlkokul,https://hinissalgamilkokulu.meb.k12.tr,,,https://hinissalgamilkokulu.meb.k12.tr/tema/harita.php,2026-08-31,6,6,bulundu,https://hinissalgamilkokulu.meb.k12.tr/,2026-10-01T18:43:52.018798+00:00,,Öğrenci Sayısı 6
Erzurum,Hınıs,Şehit Ahmet Akdağ Ortaokulu,704949,Ortaokul,https://hinissehitahmetakdagortaokulu.meb.k12.tr,,,https://hinissehitahmetakdagortaokulu.meb.k12.tr/tema/harita.php,2026-08-31,153,153,bulundu,https://hinissehitahmetakdagortaokulu.meb.k12.tr/,2026-10-01T18:43:52.081265+00:00,,Öğrenci Sayısı : 153
Erzurum,Hınıs,Şehit Ahmet Akdağ İlkokulu,704927,İlkokul,https://hinissehitahmetakdagilkokulu.meb.k12.tr,,,https://hinissehitahmetakdagilkokulu.meb.k12.tr/tema/harita.php,2026-08-31,105,105,bulundu,https://hinissehitahmetakdagilkokulu.meb.k12.tr/,2026-10-01T18:43:52.137925+00:00,,Öğrenci Sayısı : 105
Erzurum,Hınıs,Şehit Şeref Küçükyıldız İlkokulu,764812,İlkokul,https://sehitserefkucukyildizilkokulu.meb.k12.tr,,,https://sehitserefkucukyildizilkokulu.meb.k12.tr/tema/harita.php,2026-08-31,13,13,bulundu,https://sehitserefkucukyildizilkokulu.meb.k12.tr/,2026-10-01T18:43:52.171055+00:00,,Öğrenci Sayısı: 13
Erzurum,Karayazı,Abdurrahman Dargut İlkokulu,705507,İlkokul,https://abdurrahmandargutilkokulu.meb.k12.tr,,,https://abdurrahmandargutilkokulu.meb.k12.tr/tema/harita.php,2026-08-31,14,14,bulundu,https://abdurrahmandargutilkokulu.meb.k12.tr/,2026-10-01T18:43:52.178362+00:00,,Öğrenci Sayısı 14
Erzurum,Karayazı,Abdurrahman İlkokulu,705515,İlkokul,https://abdurrahmanio.meb.k12.tr,,,https://abdurrahmanio.meb.k12.tr/tema/harita.php,2026-08-31,3,3,bulundu,https://abdurrahmanio.meb.k12.tr/,2026-10-01T18:43:52.299810+00:00,,Öğrenci Sayısı: 3
Erzurum,Karayazı,Adnan Menderes Ortaokulu,757335,Ortaokul,https://adnanmenderesortaokulu.meb.k12.tr,,,https://adnanmenderesortaokulu.meb.k12.tr/tema/harita.php,2026-08-31,31,31,bulundu,https://adnanmenderesortaokulu.meb.k12.tr/,2026-10-01T18:43:52.343098+00:00,,Öğrenci Sayısı 31
Erzurum,Karayazı,Akarsu Dırbaz İlkokulu,771938,İlkokul,https://771938.meb.k12.tr,,,https://771938.meb.k12.tr/tema/harita.php,2026-08-31,7,7,bulundu,https://771938.meb.k12.tr/,2026-10-01T18:43:52.380819+00:00,,Öğrenci Sayısı : 7
Erzurum,Karayazı,Akarsu İlkokulu,705522,İlkokul,https://akarsuilkokulu25.meb.k12.tr,,,https://akarsuilkokulu25.meb.k12.tr/tema/harita.php,2026-08-31,8,8,bulundu,https://akarsuilkokulu25.meb.k12.tr/,2026-10-01T18:43:52.439022+00:00,,Öğrenci Sayısı: 8
Erzurum,Karayazı,Alemdağ İlkokulu,705528,İlkokul,https://705528.meb.k12.tr,,,https://705528.meb.k12.tr/tema/harita.php,2026-08-31,28,28,bulundu,https://705528.meb.k12.tr/,2026-10-01T18:43:52.736570+00:00,,Öğrenci Sayısı : 28
Erzurum,Karayazı,Alikülek İlkokulu,705530,İlkokul,https://alikulekilkokulu.meb.k12.tr,,,https://alikulekilkokulu.meb.k12.tr/tema/harita.php,2026-08-31,21,21,bulundu,https://alikulekilkokulu.meb.k12.tr/,2026-10-01T18:43:52.970178+00:00,,Öğrenci Sayısı : 21
Erzurum,Karayazı,Anıtlı Ortaokulu,706416,Ortaokul,https://anitliortaokulu25.meb.k12.tr,,,https://anitliortaokulu25.meb.k12.tr/tema/harita.php,2026-08-31,,,bulunamadi,,2026-10-01T18:43:52.997499+00:00,,
Erzurum,Karayazı,Anıtlı İlkokulu,706426,İlkokul,https://anitliilkokulu25.meb.k12.tr,,,https://anitliilkokulu25.meb.k12.tr/tema/harita.php,2026-08-31,25,25,bulundu,https://anitliilkokulu25.meb.k12.tr/,2026-10-01T18:43:53.021804+00:00,,Öğrenci Sayısı: 25
Erzurum,Karayazı,Anıtlı İmam Hatip Ortaokulu,768617,İmam Hatip Ortaokulu,https://768617.meb.k12.tr,,,https://768617.meb.k12.tr/tema/harita.php,2026-08-31,41,41,bulundu,https://768617.meb.k12.tr/,2026-10-01T18:43:53.033991+00:00,,Öğrenci Sayısı : 41
Erzurum,Karayazı,Atatürk Ortaokulu,707655,Ortaokul,https://ataturkortaokulu25.meb.k12.tr,,,https://ataturkortaokulu25.meb.k12.tr/tema/harita.php,2026-08-31,89,89,bulundu,https://ataturkortaokulu25.meb.k12.tr/,2026-10-01T18:43:53.082052+00:00,,Öğrenci Sayısı 89
Erzurum,Karayazı,Atatürk İlkokulu,707645,İlkokul,https://ataturkilkokulu25.meb.k12.tr,,,https://ataturkilkokulu25.meb.k12.tr/tema/harita.php,2026-08-31,112,112,bulundu,https://ataturkilkokulu25.meb.k12.tr/,2026-10-01T18:43:53.115815+00:00,,Öğrenci Sayısı 112
Erzurum,Karayazı,Aydınsu İlkokulu,492535,İlkokul,https://aydinsuilkokulu.meb.k12.tr,,,https://aydinsuilkokulu.meb.k12.tr/tema/harita.php,2026-08-31,29,29,bulundu,https://aydinsuilkokulu.meb.k12.tr/,2026-10-01T18:43:53.222467+00:00,,Öğrenci Sayısı 29
Erzurum,Karayazı,Ağaçlı İsa Arman Ortaokulu,706362,Ortaokul,https://agacli25ortaokulu.meb.k12.tr,,,https://agacli25ortaokulu.meb.k12.tr/tema/harita.php,2026-08-31,46,46,bulundu,https://agacli25ortaokulu.meb.k12.tr/,2026-10-01T18:43:53.277390+00:00,,Öğrenci Sayısı 46
Erzurum,Karayazı,Ağaçlı İsa Arman İlkokulu,492344,İlkokul,https://agacli25ilkokulu.meb.k12.tr,,,https://agacli25ilkokulu.meb.k12.tr/tema/harita.php,2026-08-31,28,28,bulundu,https://agacli25ilkokulu.meb.k12.tr/,2026-10-01T18:43:53.306245+00:00,,Öğrenci Sayısı: 28
Erzurum,Karayazı,Aşağı Söylemez Hanik İlkokulu,772620,İlkokul,https://772620.meb.k12.tr,,,https://772620.meb.k12.tr/tema/harita.php,2026-08-31,7,7,bulundu,https://772620.meb.k12.tr/,2026-10-01T18:43:53.497414+00:00,,Öğrenci Sayısı 7
Erzurum,Karayazı,Aşağı Söylemez Ortaokulu,706464,Ortaokul,https://asagisoylemez.meb.k12.tr,,,https://asagisoylemez.meb.k12.tr/tema/harita.php,2026-08-31,55,55,bulundu,https://asagisoylemez.meb.k12.tr/,2026-10-01T18:43:53.912633+00:00,,Öğrenci Sayısı 55
Erzurum,Karayazı,Aşağı Söylemez İlkokulu,706438,İlkokul,https://asoylemezio.meb.k12.tr,,,https://asoylemezio.meb.k12.tr/tema/harita.php,2026-08-31,59,59,bulundu,https://asoylemezio.meb.k12.tr/,2026-10-01T18:43:54.034361+00:00,,Öğrenci Sayısı : 59
Erzurum,Karayazı,Aşağı İncesu Ortaokulu,483226,Ortaokul,https://asagiincesuortaokulu.meb.k12.tr,,,https://asagiincesuortaokulu.meb.k12.tr/tema/harita.php,2026-08-31,38,38,bulundu,https://asagiincesuortaokulu.meb.k12.tr/,2026-10-01T18:43:54.039115+00:00,,Öğrenci Sayısı 38
Erzurum,Karayazı,Aşağı İncesu İlkokulu,706676,İlkokul,https://asagiincesuilkokulu25.meb.k12.tr,,,https://asagiincesuilkokulu25.meb.k12.tr/tema/harita.php,2026-08-31,32,32,bulundu,https://asagiincesuilkokulu25.meb.k12.tr/,2026-10-01T18:43:54.048450+00:00,,Öğrenci Sayısı 32
Erzurum,Karayazı,Bayraktar İlkokulu,707773,İlkokul,https://bayraktarilkokulu25.meb.k12.tr,,,https://bayraktarilkokulu25.meb.k12.tr/tema/harita.php,2026-08-31,80,80,bulundu,https://bayraktarilkokulu25.meb.k12.tr/,2026-10-01T18:43:54.069661+00:00,,Öğrenci Sayısı : 80
Erzurum,Karayazı,Bayraktar İmam Hatip Ortaokulu,767712,İmam Hatip Ortaokulu,https://bayraktariho.meb.k12.tr,,,https://bayraktariho.meb.k12.tr/tema/harita.php,2026-08-31,92,92,bulundu,https://bayraktariho.meb.k12.tr/,2026-10-01T18:43:54.071234+00:00,,Öğrenci Sayısı : 92
Erzurum,Karayazı,Bezirhane İlkokulu,763097,İlkokul,https://bezirhaneilkokulu25.meb.k12.tr,,,https://bezirhaneilkokulu25.meb.k12.tr/tema/harita.php,2026-08-31,7,7,bulundu,https://bezirhaneilkokulu25.meb.k12.tr/,2026-10-01T18:43:54.112488+00:00,,Öğrenci Sayısı: 7
Erzurum,Karayazı,Cihanbeyli İlkokulu,705541,İlkokul,https://cihanbeyliilkokulu25.meb.k12.tr,,,https://cihanbeyliilkokulu25.meb.k12.tr/tema/harita.php,2026-08-31,24,24,bulundu,https://cihanbeyliilkokulu25.meb.k12.tr/,2026-10-01T18:43:54.116566+00:00,,Öğrenci Sayısı : 24
Erzurum,Karayazı,Değirmenkaya Ortaokulu,492356,Ortaokul,https://degirmenkayaortaokulu.meb.k12.tr,,,https://degirmenkayaortaokulu.meb.k12.tr/tema/harita.php,2026-08-31,160,160,bulundu,https://degirmenkayaortaokulu.meb.k12.tr/,2026-10-01T18:43:54.175477+00:00,,Öğrenci Sayısı 160
Erzurum,Karayazı,Değirmenkaya İlkokulu,853237,İlkokul,https://erzurumdegirmenkayailkokulu.meb.k12.tr,,,https://erzurumdegirmenkayailkokulu.meb.k12.tr/tema/harita.php,2026-08-31,151,151,bulundu,https://erzurumdegirmenkayailkokulu.meb.k12.tr/,2026-10-01T18:43:54.427311+00:00,,Öğrenci Sayısı: 151
Erzurum,Karayazı,Dörtpınar İlkokulu,705564,İlkokul,https://dortpinarilkokulu.meb.k12.tr,,,https://dortpinarilkokulu.meb.k12.tr/tema/harita.php,2026-08-31,22,22,bulundu,https://dortpinarilkokulu.meb.k12.tr/,2026-10-01T18:43:54.434821+00:00,,Öğrenci Sayısı 22
Erzurum,Karayazı,Dündar İlkokulu,772619,İlkokul,https://772619.meb.k12.tr,,,https://772619.meb.k12.tr/tema/harita.php,2026-08-31,14,14,bulundu,https://772619.meb.k12.tr/,2026-10-01T18:43:54.456625+00:00,,Öğrenci Sayısı : 14
Erzurum,Karayazı,Elmaağaç İlkokulu,483155,İlkokul,https://melmaagac.meb.k12.tr,,,https://melmaagac.meb.k12.tr/tema/harita.php,2026-08-31,7,7,bulundu,https://melmaagac.meb.k12.tr/tema/okulumuz_hakkinda.php,2026-10-01T18:43:54.571463+00:00,,Öğrenci : 7
Erzurum,Karayazı,Elmalı Duruca İlkokulu,492596,İlkokul,https://eduruca.meb.k12.tr,,,https://eduruca.meb.k12.tr/tema/harita.php,2026-08-31,20,20,bulundu,https://eduruca.meb.k12.tr/,2026-10-01T18:43:54.594080+00:00,,Öğrenci Sayısı: 20
Erzurum,Karayazı,Geventepe İlkokulu,705581,İlkokul,https://geventepeilkokulu25.meb.k12.tr,,,https://geventepeilkokulu25.meb.k12.tr/tema/harita.php,2026-08-31,9,9,bulundu,https://geventepeilkokulu25.meb.k12.tr/,2026-10-01T18:43:54.615648+00:00,,Öğrenci Sayısı: 9
Erzurum,Karayazı,Göksu Duruca İlkokulu,705593,İlkokul,https://goksudurucailkokulu25.meb.k12.tr,,,https://goksudurucailkokulu25.meb.k12.tr/tema/harita.php,2026-08-31,11,11,bulundu,https://goksudurucailkokulu25.meb.k12.tr/,2026-10-01T18:43:54.669691+00:00,,Öğrenci Sayısı: 11
Erzurum,Karayazı,Göksu Ortaokulu,706604,Ortaokul,https://goksuortaokulu25.meb.k12.tr,,,https://goksuortaokulu25.meb.k12.tr/tema/harita.php,2026-08-31,52,52,bulundu,https://goksuortaokulu25.meb.k12.tr/tema/okulumuz_hakkinda.php,2026-10-01T18:43:54.739805+00:00,,Öğrenci : 52
Erzurum,Karayazı,Göksu İlkokulu,706608,İlkokul,https://gksuilkokulu25.meb.k12.tr,,,https://gksuilkokulu25.meb.k12.tr/tema/harita.php,2026-08-31,39,39,bulundu,https://gksuilkokulu25.meb.k12.tr/tema/okulumuz_hakkinda.php,2026-10-01T18:43:54.999665+00:00,,Öğrenci : 39
Erzurum,Karayazı,Göktepe İlkokulu,705602,İlkokul,https://kyalarilkokulu.meb.k12.tr,,,https://kyalarilkokulu.meb.k12.tr/tema/harita.php,2026-08-31,12,12,bulundu,https://kyalarilkokulu.meb.k12.tr/,2026-10-01T18:43:55.020432+00:00,,Öğrenci Sayısı : 12
Erzurum,Karayazı,Güllü İlkokulu,705607,İlkokul,https://gll.meb.k12.tr,,,https://gll.meb.k12.tr/tema/harita.php,2026-08-31,,,bulunamadi,,2026-10-01T18:43:55.338682+00:00,,
Erzurum,Karayazı,Gültepe İlkokulu,705611,İlkokul,https://gultepeilkokulu25.meb.k12.tr,,,https://gultepeilkokulu25.meb.k12.tr/tema/harita.php,2026-08-31,37,37,bulundu,https://gultepeilkokulu25.meb.k12.tr/,2026-10-01T18:43:55.344197+00:00,,Öğrenci Sayısı : 37
Erzurum,Karayazı,Hacıbayram İlkokulu,705620,İlkokul,https://hacibayramilkokulu.meb.k12.tr,,,https://hacibayramilkokulu.meb.k12.tr/tema/harita.php,2026-08-31,19,19,bulundu,https://hacibayramilkokulu.meb.k12.tr/,2026-10-01T18:43:55.385802+00:00,,Öğrenci Sayısı : 19
Erzurum,Karayazı,Hasanova Altıntaht İlkokulu,705628,İlkokul,https://hasanovaaltintahtilkokulu25.meb.k12.tr,,,https://hasanovaaltintahtilkokulu25.meb.k12.tr/tema/harita.php,2026-08-31,15,15,bulundu,https://hasanovaaltintahtilkokulu25.meb.k12.tr/,2026-10-01T18:43:55.461670+00:00,,Öğrenci Sayısı : 15
Erzurum,Karayazı,Hasanova İlkokulu,771962,İlkokul,https://771962.meb.k12.tr,,,https://771962.meb.k12.tr/tema/harita.php,2026-08-31,6,6,bulundu,https://771962.meb.k12.tr/,2026-10-01T18:43:55.463565+00:00,,Öğrenci Sayısı : 6
Erzurum,Karayazı,Kapanlı İlkokulu,705637,İlkokul,https://kapanliilkokulu25.meb.k12.tr,,,https://kapanliilkokulu25.meb.k12.tr/tema/harita.php,2026-08-31,8,8,bulundu,https://kapanliilkokulu25.meb.k12.tr/,2026-10-01T18:43:55.481145+00:00,,Öğrenci Sayısı: 8
Erzurum,Karayazı,Karaağıl Ortaokulu,483179,Ortaokul,https://karaagil.meb.k12.tr,,,https://karaagil.meb.k12.tr/tema/harita.php,2026-08-31,,,bulunamadi,,2026-10-01T18:43:55.497251+00:00,,
Erzurum,Karayazı,Karaağıl İlkokulu,706976,İlkokul,https://karaagililkokulu25.meb.k12.tr,,,https://karaagililkokulu25.meb.k12.tr/tema/harita.php,2026-08-31,65,65,bulundu,https://karaagililkokulu25.meb.k12.tr/,2026-10-01T18:43:55.548076+00:00,,Öğrenci Sayısı: 65
Erzurum,Karayazı,Karabey İlkokulu,764450,İlkokul,https://karabeyilkokulu25.meb.k12.tr,,,https://karabeyilkokulu25.meb.k12.tr/tema/harita.php,2026-08-31,6,6,bulundu,https://karabeyilkokulu25.meb.k12.tr/,2026-10-01T18:43:55.569982+00:00,,Öğrenci Sayısı 6
Erzurum,Karayazı,Karakale Eldik İlkokulu,766617,İlkokul,https://karakaleeldikilkokulu25.meb.k12.tr,,,https://karakaleeldikilkokulu25.meb.k12.tr/tema/harita.php,2026-08-31,8,8,bulundu,https://karakaleeldikilkokulu25.meb.k12.tr/,2026-10-01T18:43:55.583684+00:00,,Öğrenci Sayısı : 8
Erzurum,Karayazı,Karakaya Dilediz İlkokulu,766085,İlkokul,https://karakayadiledizilkokulu25.meb.k12.tr,,,https://karakayadiledizilkokulu25.meb.k12.tr/tema/harita.php,2026-08-31,3,3,bulundu,https://karakayadiledizilkokulu25.meb.k12.tr/,2026-10-01T18:43:55.595996+00:00,,Öğrenci Sayısı: 3
Erzurum,Karayazı,Karakaya İlkokulu,705679,İlkokul,https://karakayaio.meb.k12.tr,,,https://karakayaio.meb.k12.tr/tema/harita.php,2026-08-31,,,bulunamadi,,2026-10-01T18:43:55.597953+00:00,,
Erzurum,Karayazı,Karasu Ortaokulu,707051,Ortaokul,https://karayazikarasuortaokulu.meb.k12.tr,,,https://karayazikarasuortaokulu.meb.k12.tr/tema/harita.php,2026-08-31,19,19,bulundu,https://karayazikarasuortaokulu.meb.k12.tr/tema/okulumuz_hakkinda.php,2026-10-01T18:43:55.601861+00:00,,Öğrenci : 19
Erzurum,Karayazı,Karasu İlkokulu,707021,İlkokul,https://karayazikarasuilkokulu.meb.k12.tr,,,https://karayazikarasuilkokulu.meb.k12.tr/tema/harita.php,2026-08-31,,,bulunamadi,,2026-10-01T18:43:55.687569+00:00,,
Erzurum,Karayazı,Karayazı Anadolu Lisesi,147041,Anadolu Lisesi,https://karayazianadolulisesi.meb.k12.tr,,,https://karayazianadolulisesi.meb.k12.tr/tema/harita.php,2026-08-31,268,268,bulundu,https://karayazianadolulisesi.meb.k12.tr/,2026-10-01T18:43:55.936246+00:00,,Öğrenci Sayısı 268
Erzurum,Karayazı,Karayazı Anadolu İmam Hatip Lisesi,761427,Anadolu İmam Hatip Lisesi,https://karayazianadoluihl.meb.k12.tr,,,https://karayazianadoluihl.meb.k12.tr/tema/harita.php,2026-08-31,113,113,bulundu,https://karayazianadoluihl.meb.k12.tr/,2026-10-01T18:43:55.945970+00:00,,Öğrenci Sayısı : 113
Erzurum,Karayazı,Karayazı Halk Eğitimi Merkezi,147053,Halk Eğitimi Merkezi,https://karayazihem.meb.k12.tr,,,https://karayazihem.meb.k12.tr/tema/harita.php,2026-08-31,,,bulunamadi,,2026-10-01T18:43:56.028700+00:00,,
Erzurum,Karayazı,Karayazı Kız Anadolu İmam Hatip Lisesi,974111,Anadolu İmam Hatip Lisesi,https://karayazikizaihl.meb.k12.tr,,,https://karayazikizaihl.meb.k12.tr/tema/harita.php,2026-08-31,72,72,bulundu,https://karayazikizaihl.meb.k12.tr/,2026-10-01T18:43:56.075797+00:00,,Öğrenci Sayısı : 72
Erzurum,Karayazı,Karayazı Öğretmenevi ve Akşam Sanat Okulu,971145,Öğretmenevi,https://karayaziogretmenevi.meb.k12.tr,,,https://karayaziogretmenevi.meb.k12.tr/tema/harita.php,2026-08-31,,,bulunamadi,,2026-10-01T18:43:56.187617+00:00,,
Erzurum,Karayazı,Karayazı Şehit Onbaşı Ahmet Şükrü Karataş YBO,747174,Yatılı Bölge Ortaokulu,https://karyibo.meb.k12.tr,,,https://karyibo.meb.k12.tr/tema/harita.php,2026-08-31,268,268,bulundu,https://karyibo.meb.k12.tr/,2026-10-01T18:43:56.658003+00:00,,Öğrenci Sayısı : 268
Erzurum,Karayazı,Karçiçeği Anaokulu,974059,Anaokulu,https://karayazikarcicegi.meb.k12.tr,,,https://karayazikarcicegi.meb.k12.tr/tema/harita.php,2026-08-31,86,86,bulundu,https://karayazikarcicegi.meb.k12.tr/,2026-10-01T18:43:56.658738+00:00,,Öğrenci Sayısı: 86
Erzurum,Karayazı,Karşıyaka İlkokulu,705693,İlkokul,https://705693.meb.k12.tr,,,https://705693.meb.k12.tr/tema/harita.php,2026-08-31,,,bulunamadi,,2026-10-01T18:43:56.678074+00:00,,
Erzurum,Karayazı,Kayalar İlkokulu,705699,İlkokul,https://kayalarilkokulu25.meb.k12.tr,,,https://kayalarilkokulu25.meb.k12.tr/tema/harita.php,2026-08-31,,,bulunamadi,,2026-10-01T18:43:56.713530+00:00,,
Erzurum,Karayazı,Kazbel İlkokulu,705705,İlkokul,https://kazbelilkokulu.meb.k12.tr,,,https://kazbelilkokulu.meb.k12.tr/tema/harita.php,2026-08-31,27,27,bulundu,https://kazbelilkokulu.meb.k12.tr/,2026-10-01T18:43:56.751925+00:00,,Öğrenci Sayısı: 27
Erzurum,Karayazı,Kurupınar İlkokulu,705778,İlkokul,https://kurupnarilkokulu.meb.k12.tr,,,https://kurupnarilkokulu.meb.k12.tr/tema/harita.php,2026-08-31,6,6,bulundu,https://kurupnarilkokulu.meb.k12.tr/,2026-10-01T18:43:56.788408+00:00,,Öğrenci Sayısı : 6
Erzurum,Karayazı,Kösehasan İlkokulu,705764,İlkokul,https://kosehasan.meb.k12.tr,,,https://kosehasan.meb.k12.tr/tema/harita.php,2026-08-31,9,9,bulundu,https://kosehasan.meb.k12.tr/,2026-10-01T18:43:56.816311+00:00,,Öğrenci Sayısı: 9
Erzurum,Karayazı,Köyceğiz Ortaokulu,706723,Ortaokul,https://koycegizortaokulu25.meb.k12.tr,,,https://koycegizortaokulu25.meb.k12.tr/tema/harita.php,2026-08-31,82,82,bulundu,https://koycegizortaokulu25.meb.k12.tr/,2026-10-01T18:43:56.877102+00:00,,Öğrenci Sayısı 82
Erzurum,Karayazı,Köyceğiz İlkokulu,706725,İlkokul,https://koycegizilkokulu25.meb.k12.tr,,,https://koycegizilkokulu25.meb.k12.tr/tema/harita.php,2026-08-31,82,82,bulundu,https://koycegizilkokulu25.meb.k12.tr/,2026-10-01T18:43:56.886904+00:00,,Öğrenci Sayısı: 82
Erzurum,Karayazı,Kırgındere İlkokulu,705721,İlkokul,https://kirgindereilkokulu.meb.k12.tr,,,https://kirgindereilkokulu.meb.k12.tr/tema/harita.php,2026-08-31,17,17,bulundu,https://kirgindereilkokulu.meb.k12.tr/,2026-10-01T18:43:56.952757+00:00,,Öğrenci Sayısı: 17
Erzurum,Karayazı,Mehmet Akif Ersoy Ortaokulu,737201,Ortaokul,https://mehmetakifersoyortaokulu25.meb.k12.tr,,,https://mehmetakifersoyortaokulu25.meb.k12.tr/tema/harita.php,2026-08-31,86,86,bulundu,https://mehmetakifersoyortaokulu25.meb.k12.tr/,2026-10-01T18:43:57.448362+00:00,,Öğrenci Sayısı : 86
Erzurum,Karayazı,Mehmet Akif Ersoy İlkokulu,491123,İlkokul,https://mehmetakifersoyilkokulu25.meb.k12.tr,,,https://mehmetakifersoyilkokulu25.meb.k12.tr/tema/harita.php,2026-08-31,101,101,bulundu,https://mehmetakifersoyilkokulu25.meb.k12.tr/,2026-10-01T18:43:57.583146+00:00,,Öğrenci Sayısı : 101
Erzurum,Karayazı,Mollaosman Ortaokulu,707222,Ortaokul,https://mollaosmanoo.meb.k12.tr,,,https://mollaosmanoo.meb.k12.tr/tema/harita.php,2026-08-31,75,75,bulundu,https://mollaosmanoo.meb.k12.tr/,2026-10-01T18:43:57.592672+00:00,,Öğrenci Sayısı 75
Erzurum,Karayazı,Mollaosman İlkokulu,707231,İlkokul,https://mollaosmanilkokulu25.meb.k12.tr,,,https://mollaosmanilkokulu25.meb.k12.tr/tema/harita.php,2026-08-31,28,28,bulundu,https://mollaosmanilkokulu25.meb.k12.tr/,2026-10-01T18:43:57.732232+00:00,,Öğrenci Sayısı: 28
Erzurum,Karayazı,Muratlı İlkokulu,705806,İlkokul,https://muratliilkokulu25.meb.k12.tr,,,https://muratliilkokulu25.meb.k12.tr/tema/harita.php,2026-08-31,,,bulunamadi,,2026-10-01T18:43:57.788165+00:00,,
Erzurum,Karayazı,Payveren İlkokulu,705816,İlkokul,https://payverenilkokulu.meb.k12.tr,,,https://payverenilkokulu.meb.k12.tr/tema/harita.php,2026-08-31,36,36,bulundu,https://payverenilkokulu.meb.k12.tr/,2026-10-01T18:43:57.808744+00:00,,Öğrenci Sayısı: 36
Erzurum,Karayazı,Sakır İlkokulu,705826,İlkokul,https://sakirilkokulu25.meb.k12.tr,,,https://sakirilkokulu25.meb.k12.tr/tema/harita.php,2026-08-31,13,13,bulundu,https://sakirilkokulu25.meb.k12.tr/,2026-10-01T18:43:57.861733+00:00,,Öğrenci Sayısı: 13
Erzurum,Karayazı,Salyamaç Ortaokulu,706634,Ortaokul,https://salyamacortaokulu25.meb.k12.tr,,,https://salyamacortaokulu25.meb.k12.tr/tema/harita.php,2026-08-31,65,65,bulundu,https://salyamacortaokulu25.meb.k12.tr/,2026-10-01T18:43:57.888069+00:00,,Öğrenci Sayısı : 65
Erzurum,Karayazı,Salyamaç Yukarı İncesu İlkokulu,705883,İlkokul,https://salyamacyukariincesuilkokulu25.meb.k12.tr,,,https://salyamacyukariincesuilkokulu25.meb.k12.tr/tema/harita.php,2026-08-31,10,10,bulundu,https://salyamacyukariincesuilkokulu25.meb.k12.tr/,2026-10-01T18:43:57.985769+00:00,,Öğrenci Sayısı : 10
Erzurum,Karayazı,Salyamaç İlkokulu,706618,İlkokul,https://salyamacilkokulu.meb.k12.tr,,,https://salyamacilkokulu.meb.k12.tr/tema/harita.php,2026-08-31,64,64,bulundu,https://salyamacilkokulu.meb.k12.tr/,2026-10-01T18:43:58.108736+00:00,,Öğrenci Sayısı : 64
Erzurum,Karayazı,Sancaktar İlkokulu,771924,İlkokul,https://771924.meb.k12.tr,,,https://771924.meb.k12.tr/tema/harita.php,2026-08-31,9,9,bulundu,https://771924.meb.k12.tr/,2026-10-01T18:43:58.128065+00:00,,Öğrenci Sayısı : 9
Erzurum,Karayazı,Selenli Ortaokulu,492488,Ortaokul,https://selenliortaokulu.meb.k12.tr,,,https://selenliortaokulu.meb.k12.tr/tema/harita.php,2026-08-31,64,64,bulundu,https://selenliortaokulu.meb.k12.tr/,2026-10-01T18:43:58.153517+00:00,,Öğrenci Sayısı: 64
Erzurum,Karayazı,Selenli İlkokulu,707842,İlkokul,https://selenliilkokulu.meb.k12.tr,,,https://selenliilkokulu.meb.k12.tr/tema/harita.php,2026-08-31,29,29,bulundu,https://selenliilkokulu.meb.k12.tr/,2026-10-01T18:43:58.218932+00:00,,Öğrenci Sayısı: 29
Erzurum,Karayazı,Sukonak İlkokulu,492476,İlkokul,https://sukonak.meb.k12.tr,,,https://sukonak.meb.k12.tr/tema/harita.php,2026-08-31,28,28,bulundu,https://sukonak.meb.k12.tr/,2026-10-01T18:43:58.266011+00:00,,Öğrenci Sayısı: 28
Erzurum,Karayazı,Sulutaş İlkokulu,706088,İlkokul,https://sulutailkokulu.meb.k12.tr,,,https://sulutailkokulu.meb.k12.tr/tema/harita.php,2026-08-31,5,5,bulundu,https://sulutailkokulu.meb.k12.tr/,2026-10-01T18:43:58.276283+00:00,,Öğrenci Sayısı: 5
Erzurum,Karayazı,Tosunlu Ortaokulu,710971,Ortaokul,https://tosunluortaokulu25.meb.k12.tr,,,https://tosunluortaokulu25.meb.k12.tr/tema/harita.php,2026-08-31,47,47,bulundu,https://tosunluortaokulu25.meb.k12.tr/tema/okulumuz_hakkinda.php,2026-10-01T18:43:58.428281+00:00,,Öğrenci : 47
Erzurum,Karayazı,Tosunlu İlkokulu,707313,İlkokul,https://tosunluilkokulu25.meb.k12.tr,,,https://tosunluilkokulu25.meb.k12.tr/tema/harita.php,2026-08-31,49,49,bulundu,https://tosunluilkokulu25.meb.k12.tr/,2026-10-01T18:43:58.679073+00:00,,Öğrenci Sayısı: 49
Erzurum,Karayazı,Turnagöl Güllüçimen İlkokulu,888011,İlkokul,https://turnagolgullucimenilkokulu.meb.k12.tr,,,https://turnagolgullucimenilkokulu.meb.k12.tr/tema/harita.php,2026-08-31,15,15,bulundu,https://turnagolgullucimenilkokulu.meb.k12.tr/,2026-10-01T18:43:58.712367+00:00,,Öğrenci Sayısı : 15
Erzurum,Karayazı,Turnagöl Ortaokulu,707912,Ortaokul,https://turnagolortaokulu.meb.k12.tr,,,https://turnagolortaokulu.meb.k12.tr/tema/harita.php,2026-08-31,43,43,bulundu,https://turnagolortaokulu.meb.k12.tr/,2026-10-01T18:43:58.927174+00:00,,Öğrenci Sayısı : 43
Erzurum,Karayazı,Turnagöl İlkokulu,707904,İlkokul,https://turnagolilkokulu.meb.k12.tr,,,https://turnagolilkokulu.meb.k12.tr/tema/harita.php,2026-08-31,33,33,bulundu,https://turnagolilkokulu.meb.k12.tr/,2026-10-01T18:43:58.997501+00:00,,Öğrenci Sayısı: 33
Erzurum,Karayazı,Turnagöl İmam Hatip Ortaokulu,768635,İmam Hatip Ortaokulu,https://768635.meb.k12.tr,,,https://768635.meb.k12.tr/tema/harita.php,2026-08-31,35,35,bulundu,https://768635.meb.k12.tr/,2026-10-01T18:43:59.008872+00:00,,Öğrenci Sayısı 35
Erzurum,Karayazı,Ulucanlar Ortaokulu,492883,Ortaokul,https://ulucanlarortaokulu25.meb.k12.tr,,,https://ulucanlarortaokulu25.meb.k12.tr/tema/harita.php,2026-08-31,100,100,bulundu,https://ulucanlarortaokulu25.meb.k12.tr/,2026-10-01T18:43:59.041462+00:00,,Öğrenci Sayısı 100
Erzurum,Karayazı,Ulucanlar İlkokulu,707383,İlkokul,https://ulucanlarilkokulu25.meb.k12.tr,,,https://ulucanlarilkokulu25.meb.k12.tr/tema/harita.php,2026-08-31,87,87,bulundu,https://ulucanlarilkokulu25.meb.k12.tr/,2026-10-01T18:43:59.066810+00:00,,Öğrenci Sayısı 87
Erzurum,Karayazı,Yahya İlkokulu,706191,İlkokul,https://yahyailkokulu25.meb.k12.tr,,,https://yahyailkokulu25.meb.k12.tr/tema/harita.php,2026-08-31,12,12,bulundu,https://yahyailkokulu25.meb.k12.tr/,2026-10-01T18:43:59.118918+00:00,,Öğrenci Sayısı: 12
Erzurum,Karayazı,Yalındal Narlıdere İlkokulu,750609,İlkokul,https://ynarlidere.meb.k12.tr,,,https://ynarlidere.meb.k12.tr/tema/harita.php,2026-08-31,9,9,bulundu,https://ynarlidere.meb.k12.tr/,2026-10-01T18:43:59.130826+00:00,,Öğrenci Sayısı 9
Erzurum,Karayazı,Yalındal İlkokulu,771936,İlkokul,https://771936.meb.k12.tr,,,https://771936.meb.k12.tr/tema/harita.php,2026-08-31,3,3,bulundu,https://771936.meb.k12.tr/,2026-10-01T18:43:59.161232+00:00,,Öğrenci Sayısı : 3
Erzurum,Karayazı,Yeniköy İlkokulu,966253,İlkokul,https://yenikoy25.meb.k12.tr,,,https://yenikoy25.meb.k12.tr/tema/harita.php,2026-08-31,5,5,bulundu,https://yenikoy25.meb.k12.tr/,2026-10-01T18:43:59.312777+00:00,,Öğrenci Sayısı : 5
Erzurum,Karayazı,Yeşilova İlkokulu,705832,İlkokul,https://yesilovailkokulu25.meb.k12.tr,,,https://yesilovailkokulu25.meb.k12.tr/tema/harita.php,2026-08-31,14,14,bulundu,https://yesilovailkokulu25.meb.k12.tr/,2026-10-01T18:43:59.320218+00:00,,Öğrenci Sayısı: 14
Erzurum,Karayazı,Yeşilyurt İlkokulu,705912,İlkokul,https://yesilyurtilkokulu25.meb.k12.tr,,,https://yesilyurtilkokulu25.meb.k12.tr/tema/harita.php,2026-08-31,10,10,bulundu,https://yesilyurtilkokulu25.meb.k12.tr/,2026-10-01T18:43:59.345540+00:00,,Öğrenci Sayısı : 10
Erzurum,Karayazı,Yiğityolu Ortaokulu,707515,Ortaokul,https://yigityoluortaokulu.meb.k12.tr,,,https://yigityoluortaokulu.meb.k12.tr/tema/harita.php,2026-08-31,73,73,bulundu,https://yigityoluortaokulu.meb.k12.tr/,2026-10-01T18:43:59.372849+00:00,,Öğrenci Sayısı : 73
Erzurum,Karayazı,Yiğityolu İlkokulu,707519,İlkokul,https://yigityoluilkokulu.meb.k12.tr,,,https://yigityoluilkokulu.meb.k12.tr/tema/harita.php,2026-08-31,41,41,bulundu,https://yigityoluilkokulu.meb.k12.tr/,2026-10-01T18:43:59.447377+00:00,,Öğrenci Sayısı: 41
Erzurum,Karayazı,Yolgören Ortaokulu,707598,Ortaokul,https://yolgorenortaokulu.meb.k12.tr,,,https://yolgorenortaokulu.meb.k12.tr/tema/harita.php,2026-08-31,55,55,bulundu,https://yolgorenortaokulu.meb.k12.tr/,2026-10-01T18:43:59.577065+00:00,,Öğrenci Sayısı : 55
Erzurum,Karayazı,Yolgören İlkokulu,707594,İlkokul,https://yolgorenilkokulu25.meb.k12.tr,,,https://yolgorenilkokulu25.meb.k12.tr/tema/harita.php,2026-08-31,25,25,bulundu,https://yolgorenilkokulu25.meb.k12.tr/,2026-10-01T18:43:59.701925+00:00,,Öğrenci Sayısı: 25
Erzurum,Karayazı,Yucelik İlkokulu,706122,İlkokul,https://yucelikilkokulu.meb.k12.tr,,,https://yucelikilkokulu.meb.k12.tr/tema/harita.php,2026-08-31,,,bulunamadi,,2026-10-01T18:43:59.800419+00:00,,
Erzurum,Karayazı,Yukarı Sini İlkokulu,706156,İlkokul,https://yukarisiniilkokulu.meb.k12.tr,,,https://yukarisiniilkokulu.meb.k12.tr/tema/harita.php,2026-08-31,5,5,bulundu,https://yukarisiniilkokulu.meb.k12.tr/,2026-10-01T18:44:00.201388+00:00,,Öğrenci Sayısı: 5
Erzurum,Karayazı,Yukarı Söylemez İlkokulu,771937,İlkokul,https://771937.meb.k12.tr,,,https://771937.meb.k12.tr/tema/harita.php,2026-08-31,7,7,bulundu,https://771937.meb.k12.tr/,2026-10-01T18:44:00.268523+00:00,,Öğrenci Sayısı : 7
Erzurum,Karayazı,Yukarı Çıkılgan İlkokulu,771935,İlkokul,https://771935.meb.k12.tr,,,https://771935.meb.k12.tr/tema/harita.php,2026-08-31,5,5,bulundu,https://771935.meb.k12.tr/,2026-10-01T18:44:00.346886+00:00,,Öğrenci Sayısı : 5
Erzurum,Karayazı,Yücelik Güzeldere İlkokulu,492751,İlkokul,https://yguzeldere.meb.k12.tr,,,https://yguzeldere.meb.k12.tr/tema/harita.php,2026-08-31,23,23,bulundu,https://yguzeldere.meb.k12.tr/,2026-10-01T18:44:00.349307+00:00,,Öğrenci Sayısı 23
Erzurum,Karayazı,Çakmaközü İlkokulu,706569,İlkokul,https://cakmakozuilkokulu25.meb.k12.tr,,,https://cakmakozuilkokulu25.meb.k12.tr/tema/harita.php,2026-08-31,18,18,bulundu,https://cakmakozuilkokulu25.meb.k12.tr/,2026-10-01T18:44:00.383194+00:00,,Öğrenci Sayısı : 18
Erzurum,Karayazı,Çaltılı İlkokulu,492332,İlkokul,https://caltiliio.meb.k12.tr,,,https://caltiliio.meb.k12.tr/tema/harita.php,2026-08-31,14,14,bulundu,https://caltiliio.meb.k12.tr/,2026-10-01T18:44:00.421002+00:00,,Öğrenci Sayısı 14
Erzurum,Karayazı,Çalışkanlar İlkokulu,767102,İlkokul,https://caliskanlarilkokulu25.meb.k12.tr,,,https://caliskanlarilkokulu25.meb.k12.tr/tema/harita.php,2026-08-31,4,4,bulundu,https://caliskanlarilkokulu25.meb.k12.tr/,2026-10-01T18:44:00.501034+00:00,,Öğrenci Sayısı: 4
Erzurum,Karayazı,Çatalören Ortaokulu,706754,Ortaokul,https://catalorenortaokulu.meb.k12.tr,,,https://catalorenortaokulu.meb.k12.tr/tema/harita.php,2026-08-31,,,bulunamadi,,2026-10-01T18:44:00.524461+00:00,,
Erzurum,Karayazı,Çatalören İlkokulu,706735,İlkokul,https://catalorenilkokulu25.meb.k12.tr,,,https://catalorenilkokulu25.meb.k12.tr/tema/harita.php,2026-08-31,51,51,bulundu,https://catalorenilkokulu25.meb.k12.tr/,2026-10-01T18:44:00.547117+00:00,,Öğrenci Sayısı : 51
Erzurum,Karayazı,Çatalören İmam Hatip Ortaokulu,768634,İmam Hatip Ortaokulu,https://catalorenimamatiportaokulu.meb.k12.tr,,,https://catalorenimamatiportaokulu.meb.k12.tr/tema/harita.php,2026-08-31,46,46,bulundu,https://catalorenimamatiportaokulu.meb.k12.tr/,2026-10-01T18:44:00.581296+00:00,,Öğrenci Sayısı : 46
Erzurum,Karayazı,Çavuş Güllü İlkokulu,771931,İlkokul,https://771931.meb.k12.tr,,,https://771931.meb.k12.tr/tema/harita.php,2026-08-31,6,6,bulundu,https://771931.meb.k12.tr/,2026-10-01T18:44:00.604795+00:00,,Öğrenci Sayısı 6
Erzurum,Karayazı,Çavuş İlkokulu,706768,İlkokul,https://cavusilkokulu25.meb.k12.tr,,,https://cavusilkokulu25.meb.k12.tr/tema/harita.php,2026-08-31,92,92,bulundu,https://cavusilkokulu25.meb.k12.tr/,2026-10-01T18:44:01.046058+00:00,,Öğrenci Sayısı: 92
Erzurum,Karayazı,Çavuş İmam Hatip Ortaokulu,762951,İmam Hatip Ortaokulu,https://cavusiho.meb.k12.tr,,,https://cavusiho.meb.k12.tr/tema/harita.php,2026-08-31,73,73,bulundu,https://cavusiho.meb.k12.tr/,2026-10-01T18:44:01.132147+00:00,,Öğrenci Sayısı 73
Erzurum,Karayazı,Çayırbeyli Ortaokulu,706505,Ortaokul,https://cayirbeyliortaokulu.meb.k12.tr,,,https://cayirbeyliortaokulu.meb.k12.tr/tema/harita.php,2026-08-31,,,bulunamadi,,2026-10-01T18:44:01.208051+00:00,,
Erzurum,Karayazı,Çayırbeyli İlkokulu,706509,İlkokul,https://706509.meb.k12.tr,,,https://706509.meb.k12.tr/tema/harita.php,2026-08-31,43,43,bulundu,https://706509.meb.k12.tr/,2026-10-01T18:44:01.249526+00:00,,Öğrenci Sayısı : 43
Erzurum,Karayazı,Çayırbeyli İmam Hatip Ortaokulu,768636,İmam Hatip Ortaokulu,https://768636.meb.k12.tr,,,https://768636.meb.k12.tr/tema/harita.php,2026-08-31,76,76,bulundu,https://768636.meb.k12.tr/,2026-10-01T18:44:01.379873+00:00,,Öğrenci Sayısı : 76
Erzurum,Karayazı,Çelikli Ortaokulu,492572,Ortaokul,https://celikliortaokulu.meb.k12.tr,,,https://celikliortaokulu.meb.k12.tr/tema/harita.php,2026-08-31,46,46,bulundu,https://celikliortaokulu.meb.k12.tr/,2026-10-01T18:44:01.495658+00:00,,Öğrenci Sayısı : 46
Erzurum,Karayazı,Çelikli İlkokulu,706833,İlkokul,https://celikliilkokulu25.meb.k12.tr,,,https://celikliilkokulu25.meb.k12.tr/tema/harita.php,2026-08-31,75,75,bulundu,https://celikliilkokulu25.meb.k12.tr/,2026-10-01T18:44:01.523582+00:00,,Öğrenci Sayısı : 75
Erzurum,Karayazı,Çepi İlkokulu,705557,İlkokul,https://cepiilkokulu.meb.k12.tr,,,https://cepiilkokulu.meb.k12.tr/tema/harita.php,2026-08-31,17,17,bulundu,https://cepiilkokulu.meb.k12.tr/,2026-10-01T18:44:01.528055+00:00,,Öğrenci Sayısı: 17
Erzurum,Karayazı,Çıkılgan İlkokulu,705563,İlkokul,https://705563.meb.k12.tr,,,https://705563.meb.k12.tr/tema/harita.php,2026-08-31,6,6,bulundu,https://705563.meb.k12.tr/,2026-10-01T18:44:01.536820+00:00,,Öğrenci Sayısı 6
Erzurum,Karayazı,Üzengili Ortaokulu,735961,Ortaokul,https://uzengiliortaokulu.meb.k12.tr,,,https://uzengiliortaokulu.meb.k12.tr/tema/harita.php,2026-08-31,45,45,bulundu,https://uzengiliortaokulu.meb.k12.tr/,2026-10-01T18:44:01.571566+00:00,,Öğrenci Sayısı: 45
Erzurum,Karayazı,Üzengili İlkokulu,707437,İlkokul,https://uzengiliilkokulu25.meb.k12.tr,,,https://uzengiliilkokulu25.meb.k12.tr/tema/harita.php,2026-08-31,58,58,bulundu,https://uzengiliilkokulu25.meb.k12.tr/,2026-10-01T18:44:01.710467+00:00,,Öğrenci Sayısı : 58
Erzurum,Karayazı,Şehit Abdurrahman Arslan Çok Programlı Anadolu Lisesi,767115,Çok Programlı Anadolu Lisesi,https://karayazicpal.meb.k12.tr,,,https://karayazicpal.meb.k12.tr/tema/harita.php,2026-08-31,309,309,bulundu,https://karayazicpal.meb.k12.tr/,2026-10-01T18:44:01.789456+00:00,,Öğrenci Sayısı : 309
Erzurum,Karaçoban,Abdurrahmangazi İmam Hatip Ortaokulu,758702,İmam Hatip Ortaokulu,https://758702.meb.k12.tr,,,https://758702.meb.k12.tr/tema/harita.php,2026-08-31,,,bulunamadi,,2026-10-01T18:44:01.837870+00:00,,
Erzurum,Karaçoban,Ahmedi Hani İmam Hatip Ortaokulu,758703,İmam Hatip Ortaokulu,https://ahimortaokulu.meb.k12.tr,,,https://ahimortaokulu.meb.k12.tr/tema/harita.php,2026-08-31,21,21,bulundu,https://ahimortaokulu.meb.k12.tr/,2026-10-01T18:44:01.849649+00:00,,Öğrenci Sayısı 21
Erzurum,Karaçoban,Bağlar İlkokulu,765781,İlkokul,https://karacobanbaglarilkokulu.meb.k12.tr,,,https://karacobanbaglarilkokulu.meb.k12.tr/tema/harita.php,2026-08-31,37,37,bulundu,https://karacobanbaglarilkokulu.meb.k12.tr/,2026-10-01T18:44:01.862733+00:00,,Öğrenci Sayısı: 37