Ankara,Etimesgut,Etimesgut Eryaman Şehit Hüseyin Kalkan Halk Eğitimi Merkezi,967220,Halk Eğitimi Merkezi,https://eryamanhem.meb.k12.tr,,,https://eryamanhem.meb.k12.tr/tema/harita.php,2026-08-31,,,bulunamadi,,2026-10-01T18:24:28.141553+00:00,,
Ankara,Etimesgut,Etimesgut Halk Eğitimi Merkezi,234681,Halk Eğitimi Merkezi,https://etimesguthem.meb.k12.tr,,,https://etimesguthem.meb.k12.tr/tema/harita.php,2026-08-31,,,bulunamadi,,2026-10-01T18:24:28.174978+00:00,,
Ankara,Etimesgut,Etimesgut Necip Fazıl Kısakürek Ortaokulu,734347,Ortaokul,https://nfko.meb.k12.tr,,,https://nfko.meb.k12.tr/tema/harita.php,2026-08-31,830,830,bulundu,https://nfko.meb.k12.tr/,2026-10-01T18:24:28.206751+00:00,,Öğrenci Sayısı 830
Ankara,Etimesgut,Etimesgut Rehberlik ve Araştırma Merkezi,752944,Rehberlik ve Araştırma Merkezi,https://etiram.meb.k12.tr,,,https://etiram.meb.k12.tr/tema/harita.php,2026-08-31,,,bulunamadi,,2026-10-01T18:24:28.259457+00:00,,
Ankara,Etimesgut,Etimesgut Özel Eğitim Meslek Okulu,749603,Özel Eğitim Kurumu,https://etimesgutozelegitimmeslekokulu.meb.k12.tr,,,https://etimesgutozelegitimmeslekokulu.meb.k12.tr/tema/harita.php,2026-08-31,95,95,bulundu,https://etimesgutozelegitimmeslekokulu.meb.k12.tr/,2026-10-01T18:24:28.302907+00:00,,Öğrenci Sayısı : 95
Ankara,Etimesgut,Etimesgut Özel Eğitim Uygulama Okulu I. Kademe,776798,Özel Eğitim Kurumu,https://776798.meb.k12.tr,,,https://776798.meb.k12.tr/tema/harita.php,2026-08-31,15,15,bulundu,https://776798.meb.k12.tr/,2026-10-01T18:24:28.307767+00:00,,Öğrenci Sayısı 15
Ankara,Etimesgut,Etimesgut Özel Eğitim Uygulama Okulu II. Kademe,776834,Özel Eğitim Kurumu,https://776834.meb.k12.tr,,,https://776834.meb.k12.tr/tema/harita.php,2026-08-31,35,35,bulundu,https://776834.meb.k12.tr/tema/okulumuz_hakkinda.php,2026-10-01T18:24:28.417590+00:00,,Öğrenci : 35
Ankara,Etimesgut,Etimesgut Özel Eğitim Uygulama Okulu III. Kademe,776835,Özel Eğitim Kurumu,https://776835.meb.k12.tr,,,https://776835.meb.k12.tr/tema/harita.php,2026-08-31,,,bulunamadi,,2026-10-01T18:24:28.540023+00:00,,
Ankara,Etimesgut,Etimesgut Şehit Kaymakam Muhammed Fatih Safitürk Anadolu İmam Hatip Lisesi,971854,Anadolu İmam Hatip Lisesi,https://etimesgutmfsafiturkaihl.meb.k12.tr,,,https://etimesgutmfsafiturkaihl.meb.k12.tr/tema/harita.php,2026-08-31,343,343,bulundu,https://etimesgutmfsafiturkaihl.meb.k12.tr/,2026-10-01T18:24:28.557400+00:00,,Öğrenci Sayısı : 343
Ankara,Etimesgut,Etimesgut Şehit Salih Helvacı Ticaret Mesleki ve Teknik Anadolu Lisesi,621819,Mesleki ve Teknik Anadolu Lisesi,https://salihhelvacimtal.meb.k12.tr,,,https://salihhelvacimtal.meb.k12.tr/tema/harita.php,2026-08-31,700,700,bulundu,https://salihhelvacimtal.meb.k12.tr/,2026-10-01T18:24:28.647934+00:00,,Öğrenci Sayısı 700
Ankara,Etimesgut,Faruk Nafiz Çamlıbel Anadolu Lisesi,972543,Anadolu Lisesi,https://fnc.meb.k12.tr,,,https://fnc.meb.k12.tr/tema/harita.php,2026-08-31,686,686,bulundu,https://fnc.meb.k12.tr/,2026-10-01T18:24:28.650097+00:00,,Öğrenci Sayısı : 686
Ankara,Etimesgut,Fatin Rüştü Zorlu İlkokulu,749795,İlkokul,https://frzilkokulu.meb.k12.tr,,,https://frzilkokulu.meb.k12.tr/tema/harita.php,2026-08-31,682,682,bulundu,https://frzilkokulu.meb.k12.tr/,2026-10-01T18:24:28.743173+00:00,,Öğrenci Sayısı : 682
Ankara,Etimesgut,Fatma Bacı Anaokulu,710446,Anaokulu,https://fatmabacianaokulu.meb.k12.tr,,,https://fatmabacianaokulu.meb.k12.tr/tema/harita.php,2026-08-31,162,162,bulundu,https://fatmabacianaokulu.meb.k12.tr/,2026-10-01T18:24:28.754194+00:00,,Öğrenci Sayısı 162
Ankara,Etimesgut,Fatma-Hacı Hüseyin Akgül Kız Mesleki ve Teknik Anadolu Lisesi,340555,Mesleki ve Teknik Anadolu Lisesi,https://eakml.meb.k12.tr,,,https://eakml.meb.k12.tr/tema/harita.php,2026-08-31,,,bulunamadi,,2026-10-01T18:24:28.792524+00:00,,
Ankara,Etimesgut,Gelincik Anaokulu,751519,Anaokulu,https://eryamangelincikanaokulu.meb.k12.tr,,,https://eryamangelincikanaokulu.meb.k12.tr/tema/harita.php,2026-08-31,,,bulunamadi,,2026-10-01T18:24:28.797271+00:00,,
Ankara,Etimesgut,Göksu İlkokulu,777288,İlkokul,https://goksuio.meb.k12.tr,,,https://goksuio.meb.k12.tr/tema/harita.php,2026-08-31,,,bulunamadi,,2026-10-01T18:24:28.827726+00:00,,
Ankara,Etimesgut,Güvercinlik Jandarma Lojmanları Anaokulu,750355,Anaokulu,https://guvercinlikanaokulu.meb.k12.tr,,,https://guvercinlikanaokulu.meb.k12.tr/tema/harita.php,2026-08-31,,,bulunamadi,,2026-10-01T18:24:28.844967+00:00,,
Ankara,Etimesgut,Güvercinlik Şehit Hasan Gülhan Mesleki ve Teknik Anadolu Lisesi,823211,Mesleki ve Teknik Anadolu Lisesi,https://guvercinlikteml.meb.k12.tr,,,https://guvercinlikteml.meb.k12.tr/tema/harita.php,2026-08-31,1229,1229,bulundu,https://guvercinlikteml.meb.k12.tr/,2026-10-01T18:24:29.235277+00:00,,Öğrenci Sayısı 1229
Ankara,Etimesgut,Hafize Özal Ortaokulu,709110,Ortaokul,https://hafizeozalortaokulu.meb.k12.tr,,,https://hafizeozalortaokulu.meb.k12.tr/tema/harita.php,2026-08-31,487,487,bulundu,https://hafizeozalortaokulu.meb.k12.tr/,2026-10-01T18:24:29.319110+00:00,,Öğrenci Sayısı 487
Ankara,Etimesgut,Halil İnalcık Anadolu Lisesi,767600,Anadolu Lisesi,https://halilinalciketimesgut.meb.k12.tr,,,https://halilinalciketimesgut.meb.k12.tr/tema/harita.php,2026-08-31,1026,1026,bulundu,https://halilinalciketimesgut.meb.k12.tr/,2026-10-01T18:24:29.682809+00:00,,Öğrenci Sayısı : 1026
Ankara,Etimesgut,Hasan Ali Yücel Ortaokulu,709125,Ortaokul,https://eryamanhasanaliyucelortaokulu.meb.k12.tr,,,https://eryamanhasanaliyucelortaokulu.meb.k12.tr/tema/harita.php,2026-08-31,837,837,bulundu,https://eryamanhasanaliyucelortaokulu.meb.k12.tr/,2026-10-01T18:24:29.727856+00:00,,Öğrenci Sayısı : 837
Ankara,Etimesgut,Hasan Polatkan Ortaokulu,749534,Ortaokul,https://hasanpolatkanoo.meb.k12.tr,,,https://hasanpolatkanoo.meb.k12.tr/tema/harita.php,2026-08-31,415,415,bulundu,https://hasanpolatkanoo.meb.k12.tr/,2026-10-01T18:24:29.737819+00:00,,Öğrenci Sayısı : 415
Ankara,Etimesgut,Hasan-Şükran Saruhan Ortaokulu,976484,Ortaokul,https://hssoo.meb.k12.tr,,,https://hssoo.meb.k12.tr/tema/harita.php,2026-08-31,1372,1372,bulundu,https://hssoo.meb.k12.tr/tema/okulumuz_hakkinda.php,2026-10-01T18:24:29.810395+00:00,,Öğrenci : 1372
Ankara,Etimesgut,Hüma Hatun Anaokulu,767982,Anaokulu,https://etimesguthumahatunanaokulu.meb.k12.tr,,,https://etimesguthumahatunanaokulu.meb.k12.tr/tema/harita.php,2026-08-31,154,154,bulundu,https://etimesguthumahatunanaokulu.meb.k12.tr/,2026-10-01T18:24:30.278985+00:00,,Öğrenci Sayısı 154
Ankara,Etimesgut,II. Abdülhamid Han Ortaokulu,709040,Ortaokul,https://abdulhamidhanoo.meb.k12.tr,,,https://abdulhamidhanoo.meb.k12.tr/tema/harita.php,2026-08-31,1146,1146,bulundu,https://abdulhamidhanoo.meb.k12.tr/,2026-10-01T18:24:30.300444+00:00,,Öğrenci Sayısı 1146
Ankara,Etimesgut,Kadri Suyabakan İlkokulu,710415,İlkokul,https://kadrisuyabakanilkokulu.meb.k12.tr,,,https://kadrisuyabakanilkokulu.meb.k12.tr/tema/harita.php,2026-08-31,446,446,bulundu,https://kadrisuyabakanilkokulu.meb.k12.tr/,2026-10-01T18:24:30.344989+00:00,,Öğrenci Sayısı : 446
Ankara,Etimesgut,Kır Çiçekleri Anaokulu,777084,Anaokulu,https://etimesgut-kirciceklerianaokulu.meb.k12.tr,,,https://etimesgut-kirciceklerianaokulu.meb.k12.tr/tema/harita.php,2026-08-31,28,28,bulundu,https://etimesgut-kirciceklerianaokulu.meb.k12.tr/,2026-10-01T18:24:30.362957+00:00,,Öğrenci Sayısı: 28
Ankara,Etimesgut,Layika Akbilek İlkokulu,710423,İlkokul,https://layikaakbilekilkokulu.meb.k12.tr,,,https://layikaakbilekilkokulu.meb.k12.tr/tema/harita.php,2026-08-31,675,675,bulundu,https://layikaakbilekilkokulu.meb.k12.tr/,2026-10-01T18:24:30.398795+00:00,,Öğrenci Sayısı : 675
Ankara,Etimesgut,Mahir Başer İlkokulu,853471,İlkokul,https://mahirbaserilkokulu.meb.k12.tr,,,https://mahirbaserilkokulu.meb.k12.tr/tema/harita.php,2026-08-31,619,619,bulundu,https://mahirbaserilkokulu.meb.k12.tr/tema/okulumuz_hakkinda.php,2026-10-01T18:24:30.526634+00:00,,Öğrenci : 619
Ankara,Etimesgut,Mehmetçik Anadolu Lisesi,974810,Anadolu Lisesi,https://etimesgutmehmetcikanadolulisesi.meb.k12.tr,,,https://etimesgutmehmetcikanadolulisesi.meb.k12.tr/tema/harita.php,2026-08-31,1048,1048,bulundu,https://etimesgutmehmetcikanadolulisesi.meb.k12.tr/,2026-10-01T18:24:30.555067+00:00,,Öğrenci Sayısı 1048
Ankara,Etimesgut,Mehmetçik Anaokulu,751485,Anaokulu,https://etimesgutmehmetcikanaokulu.meb.k12.tr,,,https://etimesgutmehmetcikanaokulu.meb.k12.tr/tema/harita.php,2026-08-31,211,211,bulundu,https://etimesgutmehmetcikanaokulu.meb.k12.tr/,2026-10-01T18:24:30.737203+00:00,,Öğrenci Sayısı 211
Ankara,Etimesgut,Melekler Özel Eğitim Uygulama Okulu III. Kademe,747984,Özel Eğitim Kurumu,https://meleklerozelegitim.meb.k12.tr,,,https://meleklerozelegitim.meb.k12.tr/tema/harita.php,2026-08-31,56,56,bulundu,https://meleklerozelegitim.meb.k12.tr/,2026-10-01T18:24:30.767798+00:00,,Öğrenci Sayısı : 56
Ankara,Etimesgut,Mine Anaokulu,751473,Anaokulu,https://etimesgutmineanaokulu.meb.k12.tr,,,https://etimesgutmineanaokulu.meb.k12.tr/tema/harita.php,2026-08-31,107,107,bulundu,https://etimesgutmineanaokulu.meb.k12.tr/,2026-10-01T18:24:30.900459+00:00,,Öğrenci Sayısı 107
Ankara,Etimesgut,Mustafa Kemal Mesleki ve Teknik Anadolu Lisesi,962830,Mesleki ve Teknik Anadolu Lisesi,https://mustafakemalsml.meb.k12.tr,,,https://mustafakemalsml.meb.k12.tr/tema/harita.php,2026-08-31,771,771,bulundu,https://mustafakemalsml.meb.k12.tr/,2026-10-01T18:24:30.903974+00:00,,Öğrenci Sayısı 771
Ankara,Etimesgut,Nasreddin Hoca İlkokulu,810085,İlkokul,https://nasreddinhoca.meb.k12.tr,,,https://nasreddinhoca.meb.k12.tr/tema/harita.php,2026-08-31,591,591,bulundu,https://nasreddinhoca.meb.k12.tr/tema/okulumuz_hakkinda.php,2026-10-01T18:24:31.352410+00:00,,Öğrenci : 591
Ankara,Etimesgut,Nene Hatun Kız Anadolu İmam Hatip Lisesi,759453,Anadolu İmam Hatip Lisesi,https://nenehatunkizaihl.meb.k12.tr,,,https://nenehatunkizaihl.meb.k12.tr/tema/harita.php,2026-08-31,673,673,bulundu,https://nenehatunkizaihl.meb.k12.tr/,2026-10-01T18:24:31.375146+00:00,,Öğrenci Sayısı : 673
Ankara,Etimesgut,Nimet-Bahri Kutluözen Ortaokulu,709160,Ortaokul,https://nbkortaokulu.meb.k12.tr,,,https://nbkortaokulu.meb.k12.tr/tema/harita.php,2026-08-31,700,700,bulundu,https://nbkortaokulu.meb.k12.tr/,2026-10-01T18:24:31.429000+00:00,,Öğrenci Sayısı : 700
Ankara,Etimesgut,Pir Sultan Abdal Ortaokulu,733758,Ortaokul,https://pirsultanabdalortaokulu.meb.k12.tr,,,https://pirsultanabdalortaokulu.meb.k12.tr/tema/harita.php,2026-08-31,283,283,bulundu,https://pirsultanabdalortaokulu.meb.k12.tr/,2026-10-01T18:24:31.465918+00:00,,Öğrenci Sayısı : 283
Ankara,Etimesgut,Pir Sultan Abdal İlkokulu,733735,İlkokul,https://pirsultanabdalilkokulu.meb.k12.tr,,,https://pirsultanabdalilkokulu.meb.k12.tr/tema/harita.php,2026-08-31,322,322,bulundu,https://pirsultanabdalilkokulu.meb.k12.tr/,2026-10-01T18:24:31.503402+00:00,,Öğrenci Sayısı : 322
Ankara,Etimesgut,Ruhiye Hilmi Atlıoğlu İlkokulu,709182,İlkokul,https://ruhiyehilmiatliogluilkokulu.meb.k12.tr,,,https://ruhiyehilmiatliogluilkokulu.meb.k12.tr/tema/harita.php,2026-08-31,734,734,bulundu,https://ruhiyehilmiatliogluilkokulu.meb.k12.tr/tema/okulumuz_hakkinda.php,2026-10-01T18:24:31.526862+00:00,,Öğrenci : 734
Ankara,Etimesgut,Sakarya Ortaokulu,253059,Ortaokul,https://etimesgutsakaryaortaokulu.meb.k12.tr,,,https://etimesgutsakaryaortaokulu.meb.k12.tr/tema/harita.php,2026-08-31,963,963,bulundu,https://etimesgutsakaryaortaokulu.meb.k12.tr/,2026-10-01T18:24:31.567795+00:00,,Öğrenci Sayısı 963
Ankara,Etimesgut,Samime Talat İlkokulu,887519,İlkokul,https://samimetalatilkokulu.meb.k12.tr,,,https://samimetalatilkokulu.meb.k12.tr/tema/harita.php,2026-08-31,308,308,bulundu,https://samimetalatilkokulu.meb.k12.tr/,2026-10-01T18:24:31.693849+00:00,,Öğrenci Sayısı : 308
Ankara,Etimesgut,Samiye Naim Eğitim Vakfı Ortaokulu,725719,Ortaokul,https://samiyenaimortaokulu.meb.k12.tr,,,https://samiyenaimortaokulu.meb.k12.tr/tema/harita.php,2026-08-31,558,558,bulundu,https://samiyenaimortaokulu.meb.k12.tr/,2026-10-01T18:24:31.876762+00:00,,Öğrenci Sayısı 558
Ankara,Etimesgut,Satı Kadın Mesleki ve Teknik Anadolu Lisesi,745611,Mesleki ve Teknik Anadolu Lisesi,https://satikadinktml.meb.k12.tr,,,https://satikadinktml.meb.k12.tr/tema/harita.php,2026-08-31,603,603,bulundu,https://satikadinktml.meb.k12.tr/,2026-10-01T18:24:31.914084+00:00,,Öğrenci Sayısı 603
Ankara,Etimesgut,Seyit Onbaşı İlkokulu,710687,İlkokul,https://seyitonbasiilkokulu.meb.k12.tr,,,https://seyitonbasiilkokulu.meb.k12.tr/tema/harita.php,2026-08-31,308,308,bulundu,https://seyitonbasiilkokulu.meb.k12.tr/,2026-10-01T18:24:31.924045+00:00,,Öğrenci Sayısı : 308
Ankara,Etimesgut,Sezai Karakoç Anadolu Lisesi,757657,Anadolu Lisesi,https://sezaikarakoc.meb.k12.tr,,,https://sezaikarakoc.meb.k12.tr/tema/harita.php,2026-08-31,461,461,bulundu,https://sezaikarakoc.meb.k12.tr/,2026-10-01T18:24:31.987630+00:00,,Öğrenci Sayısı : 461
Ankara,Etimesgut,TOKİ Göksu Anaokulu,967467,Anaokulu,https://tokigoksuanaokulu.meb.k12.tr,,,https://tokigoksuanaokulu.meb.k12.tr/tema/harita.php,2026-08-31,191,191,bulundu,https://tokigoksuanaokulu.meb.k12.tr/,2026-10-01T18:24:32.004488+00:00,,Öğrenci Sayısı: 191
Ankara,Etimesgut,Türkkonut Anaokulu,970027,Anaokulu,https://turkkonutanaokulu.meb.k12.tr,,,https://turkkonutanaokulu.meb.k12.tr/tema/harita.php,2026-08-31,175,175,bulundu,https://turkkonutanaokulu.meb.k12.tr/,2026-10-01T18:24:32.032430+00:00,,Öğrenci Sayısı 175
Ankara,Etimesgut,Türkkonut Emel Önal İlkokulu,969994,İlkokul,https://emelonal.meb.k12.tr,,,https://emelonal.meb.k12.tr/tema/harita.php,2026-08-31,1139,1139,bulundu,https://emelonal.meb.k12.tr/,2026-10-01T18:24:32.065463+00:00,,Öğrenci Sayısı : 1139
Ankara,Etimesgut,Türkkonut İlkokulu,969995,İlkokul,https://eryamanturkkonut.meb.k12.tr,,,https://eryamanturkkonut.meb.k12.tr/tema/harita.php,2026-08-31,870,870,bulundu,https://eryamanturkkonut.meb.k12.tr/,2026-10-01T18:24:32.445945+00:00,,Öğrenci Sayısı : 870
Ankara,Etimesgut,Ufuk Arslan Anadolu Lisesi,972479,Anadolu Lisesi,https://ufukarslananadolulisesi.meb.k12.tr,,,https://ufukarslananadolulisesi.meb.k12.tr/tema/harita.php,2026-08-31,1302,1302,bulundu,https://ufukarslananadolulisesi.meb.k12.tr/,2026-10-01T18:24:32.539129+00:00,,Öğrenci Sayısı 1302
Ankara,Etimesgut,Yasemin Anaokulu,967389,Anaokulu,https://yasminanaokulu.meb.k12.tr,,,https://yasminanaokulu.meb.k12.tr/tema/harita.php,2026-08-31,99,99,bulundu,https://yasminanaokulu.meb.k12.tr/,2026-10-01T18:24:32.551899+00:00,,Öğrenci Sayısı: 99
Ankara,Etimesgut,Zekiye Güdüllüoğlu İlkokulu,887467,İlkokul,https://zgi.meb.k12.tr,,,https://zgi.meb.k12.tr/tema/harita.php,2026-08-31,1119,1119,bulundu,https://zgi.meb.k12.tr/,2026-10-01T18:24:32.614424+00:00,,Öğrenci Sayısı 1119
Ankara,Etimesgut,Çanakkale Şehitleri Ortaokulu,759810,Ortaokul,https://canakkalesehitlerioo.meb.k12.tr,,,https://canakkalesehitlerioo.meb.k12.tr/tema/harita.php,2026-08-31,921,921,bulundu,https://canakkalesehitlerioo.meb.k12.tr/,2026-10-01T18:24:32.638396+00:00,,Öğrenci Sayısı : 921
Ankara,Etimesgut,Çağla Anaokulu,775688,Anaokulu,https://cagla.meb.k12.tr,,,https://cagla.meb.k12.tr/tema/harita.php,2026-08-31,140,140,bulundu,https://cagla.meb.k12.tr/,2026-10-01T18:24:32.654383+00:00,,Öğrenci Sayısı : 140
Ankara,Etimesgut,Özkan Erdek Mesleki Eğitim Merkezi,270397,Mesleki Eğitim Merkezi,https://ozkanerdekmem.meb.k12.tr,,,https://ozkanerdekmem.meb.k12.tr/tema/harita.php,2026-08-31,1720,1720,bulundu,https://ozkanerdekmem.meb.k12.tr/,2026-10-01T18:24:32.816284+00:00,,Öğrenci Sayısı : 1720
Ankara,Etimesgut,Özkent Akbilek Fen Lisesi,760153,Fen Lisesi,https://ozkentakbilekfenlisesi.meb.k12.tr,,,https://ozkentakbilekfenlisesi.meb.k12.tr/tema/harita.php,2026-08-31,497,497,bulundu,https://ozkentakbilekfenlisesi.meb.k12.tr/,2026-10-01T18:24:32.948849+00:00,,Öğrenci Sayısı 497
Ankara,Etimesgut,Ülkü Ahmet Durusoy Ortaokulu,752336,Ortaokul,https://ulkuahmetdurusoyortaokulu.meb.k12.tr,,,https://ulkuahmetdurusoyortaokulu.meb.k12.tr/tema/harita.php,2026-08-31,781,781,bulundu,https://ulkuahmetdurusoyortaokulu.meb.k12.tr/,2026-10-01T18:24:33.364174+00:00,,Öğrenci Sayısı : 781
Ankara,Etimesgut,İlhan Gerim İlkokulu,976852,İlkokul,https://ilhangerimilkokulu.meb.k12.tr,,,https://ilhangerimilkokulu.meb.k12.tr/tema/harita.php,2026-08-31,194,194,bulundu,https://ilhangerimilkokulu.meb.k12.tr/,2026-10-01T18:24:33.442059+00:00,,Öğrenci Sayısı: 194
Ankara,Etimesgut,ŞEHİT MEHMET AKİF SANCAR İLKOKULU,710409,İlkokul,https://sehitmehmetakifsancar.meb.k12.tr,,,https://sehitmehmetakifsancar.meb.k12.tr/tema/harita.php,2026-08-31,447,447,bulundu,https://sehitmehmetakifsancar.meb.k12.tr/,2026-10-01T18:24:33.456774+00:00,,Öğrenci Sayısı : 447
Ankara,Etimesgut,Şair Zihni Ortaokulu,750738,Ortaokul,https://sairzihniortaokulu.meb.k12.tr,,,https://sairzihniortaokulu.meb.k12.tr/tema/harita.php,2026-08-31,834,834,bulundu,https://sairzihniortaokulu.meb.k12.tr/,2026-10-01T18:24:33.499456+00:00,,Öğrenci Sayısı : 834
Ankara,Etimesgut,Şehit Adil Erdoğan Ortaokulu,748902,Ortaokul,https://sehitadilerdoganortaokulu.meb.k12.tr,,,https://sehitadilerdoganortaokulu.meb.k12.tr/tema/harita.php,2026-08-31,943,943,bulundu,https://sehitadilerdoganortaokulu.meb.k12.tr/,2026-10-01T18:24:33.549199+00:00,,Öğrenci Sayısı 943
Ankara,Etimesgut,Şehit Akif Kapaklı Anaokulu,851665,Anaokulu,https://acelyanaokulu.meb.k12.tr,,,https://acelyanaokulu.meb.k12.tr/tema/harita.php,2026-08-31,153,153,bulundu,https://acelyanaokulu.meb.k12.tr/,2026-10-01T18:24:33.599136+00:00,,Öğrenci Sayısı: 153
Ankara,Etimesgut,Şehit Aytekin Kuru Anadolu Lisesi,970965,Anadolu Lisesi,https://sehitaytekinkurual.meb.k12.tr,,,https://sehitaytekinkurual.meb.k12.tr/tema/harita.php,2026-08-31,689,689,bulundu,https://sehitaytekinkurual.meb.k12.tr/,2026-10-01T18:24:33.999855+00:00,,Öğrenci Sayısı : 689
Ankara,Etimesgut,Şehit Ender Alper İlkokulu,767985,İlkokul,https://sehitenderalperilkokulu.meb.k12.tr,,,https://sehitenderalperilkokulu.meb.k12.tr/tema/harita.php,2026-08-31,557,557,bulundu,https://sehitenderalperilkokulu.meb.k12.tr/,2026-10-01T18:24:34.037941+00:00,,Öğrenci Sayısı : 557
Ankara,Etimesgut,Şehit Erdem Ertan Ortaokulu,710646,Ortaokul,https://sehiterdemertanortaokulu.meb.k12.tr,,,https://sehiterdemertanortaokulu.meb.k12.tr/tema/harita.php,2026-08-31,1004,1004,bulundu,https://sehiterdemertanortaokulu.meb.k12.tr/,2026-10-01T18:24:34.078275+00:00,,Öğrenci Sayısı 1004
Ankara,Etimesgut,Şehit Erdem Ertan İmam Hatip Ortaokulu,750739,İmam Hatip Ortaokulu,https://sehiterdemertaniho.meb.k12.tr,,,https://sehiterdemertaniho.meb.k12.tr/tema/harita.php,2026-08-31,69,69,bulundu,https://sehiterdemertaniho.meb.k12.tr/,2026-10-01T18:24:34.103306+00:00,,Öğrenci Sayısı : 69
Ankara,Etimesgut,Şehit Erhan Ar İlkokulu,750135,İlkokul,https://sehiterhanarilkokulu.meb.k12.tr,,,https://sehiterhanarilkokulu.meb.k12.tr/tema/harita.php,2026-08-31,944,944,bulundu,https://sehiterhanarilkokulu.meb.k12.tr/,2026-10-01T18:24:34.108964+00:00,,Öğrenci Sayısı 944
Ankara,Etimesgut,Şehit Erkan Tümer İlkokulu,725726,İlkokul,https://sehiterkantumerilkokulu.meb.k12.tr,,,https://sehiterkantumerilkokulu.meb.k12.tr/tema/harita.php,2026-08-31,755,755,bulundu,https://sehiterkantumerilkokulu.meb.k12.tr/,2026-10-01T18:24:34.142826+00:00,,Öğrenci Sayısı 755
Ankara,Etimesgut,Şehit Eyyüp Oğuz Anaokulu,965153,Anaokulu,https://eryamantokianaokulu.meb.k12.tr,,,https://eryamantokianaokulu.meb.k12.tr/tema/harita.php,2026-08-31,106,106,bulundu,https://eryamantokianaokulu.meb.k12.tr/,2026-10-01T18:24:34.270483+00:00,,Öğrenci Sayısı 106
Ankara,Etimesgut,Şehit Ferhat Koç İlkokulu,710436,İlkokul,https://sehitferhatkocilkokulu.meb.k12.tr,,,https://sehitferhatkocilkokulu.meb.k12.tr/tema/harita.php,2026-08-31,815,815,bulundu,https://sehitferhatkocilkokulu.meb.k12.tr/,2026-10-01T18:24:34.302027+00:00,,Öğrenci Sayısı 815
Ankara,Etimesgut,Şehit Güner Altınok İlkokulu,768026,İlkokul,https://sehitguneraltinokilkokulu.meb.k12.tr,,,https://sehitguneraltinokilkokulu.meb.k12.tr/tema/harita.php,2026-08-31,964,964,bulundu,https://sehitguneraltinokilkokulu.meb.k12.tr/,2026-10-01T18:24:34.431016+00:00,,Öğrenci Sayısı 964
Ankara,Etimesgut,Şehit Hakan Toydemir İlkokulu,768087,İlkokul,https://sehithakantoydemirilkokulu.meb.k12.tr,,,https://sehithakantoydemirilkokulu.meb.k12.tr/tema/harita.php,2026-08-31,843,843,bulundu,https://sehithakantoydemirilkokulu.meb.k12.tr/,2026-10-01T18:24:34.504414+00:00,,Öğrenci Sayısı : 843
Ankara,Etimesgut,Şehit Halil Hamuryen Ortaokulu,710699,Ortaokul,https://sehithalilhamuryenortaokulu.meb.k12.tr,,,https://sehithalilhamuryenortaokulu.meb.k12.tr/tema/harita.php,2026-08-31,321,321,bulundu,https://sehithalilhamuryenortaokulu.meb.k12.tr/,2026-10-01T18:24:34.527627+00:00,,Öğrenci Sayısı : 321
Ankara,Etimesgut,Şehit Hamza Yıldırım Ortaokulu,709216,Ortaokul,https://hamzayildirim.meb.k12.tr,,,https://hamzayildirim.meb.k12.tr/tema/harita.php,2026-08-31,960,960,bulundu,https://hamzayildirim.meb.k12.tr/,2026-10-01T18:24:34.574121+00:00,,Öğrenci Sayısı : 960
Ankara,Etimesgut,Şehit Hilmi Özer İlkokulu,768436,İlkokul,https://sehithilmiozerilkokulu.meb.k12.tr,,,https://sehithilmiozerilkokulu.meb.k12.tr/tema/harita.php,2026-08-31,409,409,bulundu,https://sehithilmiozerilkokulu.meb.k12.tr/,2026-10-01T18:24:34.640325+00:00,,Öğrenci Sayısı 409
Ankara,Etimesgut,Şehit Kara Pilot Üsteğmen Tahsin Barutçu Ticaret Mesleki ve Teknik Anadolu Lisesi,750321,Mesleki ve Teknik Anadolu Lisesi,https://tahsinbarutcumtal.meb.k12.tr,,,https://tahsinbarutcumtal.meb.k12.tr/tema/harita.php,2026-08-31,432,432,bulundu,https://tahsinbarutcumtal.meb.k12.tr/,2026-10-01T18:24:34.707914+00:00,,Öğrenci Sayısı 432
Ankara,Etimesgut,Şehit Lütfi Gülşen Anaokulu,751520,Anaokulu,https://sehitlutfigulsenanaokulu.meb.k12.tr,,,https://sehitlutfigulsenanaokulu.meb.k12.tr/tema/harita.php,2026-08-31,125,125,bulundu,https://sehitlutfigulsenanaokulu.meb.k12.tr/,2026-10-01T18:24:34.727399+00:00,,Öğrenci Sayısı 125
Ankara,Etimesgut,Şehit Mehmet Zengin Ortaokulu,768398,Ortaokul,https://sehitmehmetzenginoo.meb.k12.tr,,,https://sehitmehmetzenginoo.meb.k12.tr/tema/harita.php,2026-08-31,1166,1166,bulundu,https://sehitmehmetzenginoo.meb.k12.tr/,2026-10-01T18:24:34.822056+00:00,,Öğrenci Sayısı 1166
Ankara,Etimesgut,Şehit Mehmet Çetin İlkokulu,710387,İlkokul,https://sehitmehmetcetinilkokulu.meb.k12.tr,,,https://sehitmehmetcetinilkokulu.meb.k12.tr/tema/harita.php,2026-08-31,667,667,bulundu,https://sehitmehmetcetinilkokulu.meb.k12.tr/,2026-10-01T18:24:35.093814+00:00,,Öğrenci Sayısı 667
Ankara,Etimesgut,Şehit Muhammed Yalçın Anaokulu,967468,Anaokulu,https://tokipapatyaanaokulu.meb.k12.tr,,,https://tokipapatyaanaokulu.meb.k12.tr/tema/harita.php,2026-08-31,94,94,bulundu,https://tokipapatyaanaokulu.meb.k12.tr/,2026-10-01T18:24:35.118167+00:00,,Öğrenci Sayısı 94
Ankara,Etimesgut,Şehit Muhammed İsmail Kaya İlkokulu,767986,İlkokul,https://muhammedismailkayaio.meb.k12.tr,,,https://muhammedismailkayaio.meb.k12.tr/tema/harita.php,2026-08-31,926,926,bulundu,https://muhammedismailkayaio.meb.k12.tr/,2026-10-01T18:24:35.188199+00:00,,Öğrenci Sayısı 926
Ankara,Etimesgut,Şehit Murat Bek İlkokulu,725725,İlkokul,https://muratbekio.meb.k12.tr,,,https://muratbekio.meb.k12.tr/tema/harita.php,2026-08-31,719,719,bulundu,https://muratbekio.meb.k12.tr/tema/okulumuz_hakkinda.php,2026-10-01T18:24:35.256093+00:00,,Öğrenci : 719
Ankara,Etimesgut,Şehit Mustafa Duman İlkokulu,768642,İlkokul,https://sehitmustafadumanilkokulu.meb.k12.tr,,,https://sehitmustafadumanilkokulu.meb.k12.tr/tema/harita.php,2026-08-31,985,985,bulundu,https://sehitmustafadumanilkokulu.meb.k12.tr/,2026-10-01T18:24:35.324819+00:00,,Öğrenci Sayısı : 985
Ankara,Etimesgut,Şehit Mustafa Solak Anaokulu,966293,Anaokulu,https://etimesgutgulanaokulu.meb.k12.tr,,,https://etimesgutgulanaokulu.meb.k12.tr/tema/harita.php,2026-08-31,101,101,bulundu,https://etimesgutgulanaokulu.meb.k12.tr/,2026-10-01T18:24:35.400013+00:00,,Öğrenci Sayısı 101
Ankara,Etimesgut,Şehit Mutlu Can Kılıç Ortaokulu,734354,Ortaokul,https://sehitmutlucankilicortaokulu.meb.k12.tr,,,https://sehitmutlucankilicortaokulu.meb.k12.tr/tema/harita.php,2026-08-31,809,809,bulundu,https://sehitmutlucankilicortaokulu.meb.k12.tr/,2026-10-01T18:24:35.407238+00:00,,Öğrenci Sayısı 809
Ankara,Etimesgut,Şehit Necdet Alıcı Ortaokulu,768099,Ortaokul,https://sehitnecdetaliciortaokulu.meb.k12.tr,,,https://sehitnecdetaliciortaokulu.meb.k12.tr/tema/harita.php,2026-08-31,1015,1015,bulundu,https://sehitnecdetaliciortaokulu.meb.k12.tr/,2026-10-01T18:24:35.456560+00:00,,Öğrenci Sayısı : 1015
Ankara,Etimesgut,Şehit Oğuzhan Yaşar Anadolu Lisesi,964415,Anadolu Lisesi,https://sehitoguzhanyasaranadolulisesi.meb.k12.tr,,,https://sehitoguzhanyasaranadolulisesi.meb.k12.tr/tema/harita.php,2026-08-31,566,566,bulundu,https://sehitoguzhanyasaranadolulisesi.meb.k12.tr/,2026-10-01T18:24:35.521053+00:00,,Öğrenci Sayısı : 566
Ankara,Etimesgut,Şehit Serdar Albayrak Anadolu Lisesi,775137,Anadolu Lisesi,https://ssalbayrakal.meb.k12.tr,,,https://ssalbayrakal.meb.k12.tr/tema/harita.php,2026-08-31,916,916,bulundu,https://ssalbayrakal.meb.k12.tr/,2026-10-01T18:24:35.557525+00:00,,Öğrenci Sayısı 916
Ankara,Etimesgut,Şehit Seçkin Çil Anaokulu,762308,Anaokulu,https://sehitseckincilanaokulu.meb.k12.tr,,,https://sehitseckincilanaokulu.meb.k12.tr/tema/harita.php,2026-08-31,185,185,bulundu,https://sehitseckincilanaokulu.meb.k12.tr/,2026-10-01T18:24:35.660021+00:00,,Öğrenci Sayısı : 185
Ankara,Etimesgut,Şehit Tevhit Akkan Anaokulu,970026,Anaokulu,https://sehittevhitakkananaokulu.meb.k12.tr,,,https://sehittevhitakkananaokulu.meb.k12.tr/tema/harita.php,2026-08-31,166,166,bulundu,https://sehittevhitakkananaokulu.meb.k12.tr/,2026-10-01T18:24:35.814816+00:00,,Öğrenci Sayısı: 166
Ankara,Etimesgut,Şehit Tufan Kansuva İlkokulu,768964,İlkokul,https://sehittufankansuvaio.meb.k12.tr,,,https://sehittufankansuvaio.meb.k12.tr/tema/harita.php,2026-08-31,613,613,bulundu,https://sehittufankansuvaio.meb.k12.tr/,2026-10-01T18:24:35.941816+00:00,,Öğrenci Sayısı 613
Ankara,Etimesgut,Şehit Turgay Topsakaloğlu İlkokulu,767897,İlkokul,https://767897.meb.k12.tr,,,https://767897.meb.k12.tr/tema/harita.php,2026-08-31,733,733,bulundu,https://767897.meb.k12.tr/,2026-10-01T18:24:35.969678+00:00,,Öğrenci Sayısı : 733
Ankara,Etimesgut,Şehit Velit Bekdaş Anadolu Lisesi,300912,Anadolu Lisesi,https://sehitvelitbekdasanadolu.meb.k12.tr,,,https://sehitvelitbekdasanadolu.meb.k12.tr/tema/harita.php,2026-08-31,1040,1040,bulundu,https://sehitvelitbekdasanadolu.meb.k12.tr/,2026-10-01T18:24:36.111478+00:00,,Öğrenci Sayısı : 1040
Ankara,Etimesgut,Şehit Volkan Külekci İlkokulu,768385,İlkokul,https://sehitvolkankulekciilkokulu.meb.k12.tr,,,https://sehitvolkankulekciilkokulu.meb.k12.tr/tema/harita.php,2026-08-31,408,408,bulundu,https://sehitvolkankulekciilkokulu.meb.k12.tr/,2026-10-01T18:24:36.147402+00:00,,Öğrenci Sayısı 408
Ankara,Etimesgut,Şehit Yahya Acar Ortaokulu,768397,Ortaokul,https://sehityahyaacar.meb.k12.tr,,,https://sehityahyaacar.meb.k12.tr/tema/harita.php,2026-08-31,581,581,bulundu,https://sehityahyaacar.meb.k12.tr/,2026-10-01T18:24:36.388958+00:00,,Öğrenci Sayısı 581
Ankara,Etimesgut,Şehit Yakup Kozan İmam Hatip Ortaokulu,710634,İmam Hatip Ortaokulu,https://sehityakupkozaniho.meb.k12.tr,,,https://sehityakupkozaniho.meb.k12.tr/tema/harita.php,2026-08-31,571,571,bulundu,https://sehityakupkozaniho.meb.k12.tr/,2026-10-01T18:24:36.395983+00:00,,Öğrenci Sayısı : 571
Ankara,Etimesgut,Şehit Yasin Kendircioğlu Ortaokulu,768396,Ortaokul,https://sehityasinkendirciogluortaokulu.meb.k12.tr,,,https://sehityasinkendirciogluortaokulu.meb.k12.tr/tema/harita.php,2026-08-31,815,815,bulundu,https://sehityasinkendirciogluortaokulu.meb.k12.tr/,2026-10-01T18:24:36.464416+00:00,,Öğrenci Sayısı : 815
Ankara,Etimesgut,Şehit Yılmaz Güneş Ortaokulu,768644,Ortaokul,https://sehityilmazgunesortaokulu.meb.k12.tr,,,https://sehityilmazgunesortaokulu.meb.k12.tr/tema/harita.php,2026-08-31,792,792,bulundu,https://sehityilmazgunesortaokulu.meb.k12.tr/,2026-10-01T18:24:36.493412+00:00,,Öğrenci Sayısı : 792
Ankara,Etimesgut,Şehit Ömer Halisdemir Anadolu Lisesi,964302,Anadolu Lisesi,https://sehitomerhalisdemiranadolulisesi.meb.k12.tr,,,https://sehitomerhalisdemiranadolulisesi.meb.k12.tr/tema/harita.php,2026-08-31,542,542,bulundu,https://sehitomerhalisdemiranadolulisesi.meb.k12.tr/,2026-10-01T18:24:36.503285+00:00,,Öğrenci Sayısı 542
Ankara,Etimesgut,Şehit Öğretmen Dilay Turan Ortaokulu,749796,Ortaokul,https://sehitogretmendilayturan.meb.k12.tr,,,https://sehitogretmendilayturan.meb.k12.tr/tema/harita.php,2026-08-31,513,513,bulundu,https://sehitogretmendilayturan.meb.k12.tr/,2026-10-01T18:24:36.555206+00:00,,Öğrenci Sayısı : 513
Ankara,Etimesgut,Şehit Ünal Olgun Bilim ve Sanat Merkezi,769357,Bilim ve Sanat Merkezi,https://sehitunalolgunbilsem.meb.k12.tr,,,https://sehitunalolgunbilsem.meb.k12.tr/tema/harita.php,2026-08-31,436,436,bulundu,https://sehitunalolgunbilsem.meb.k12.tr/,2026-10-01T18:24:36.827819+00:00,,Öğrenci Sayısı 436
Ankara,Etimesgut,Şehit İzzet Özkan İlkokulu,710402,İlkokul,https://sehitizzetozkanio.meb.k12.tr,,,https://sehitizzetozkanio.meb.k12.tr/tema/harita.php,2026-08-31,600,600,bulundu,https://sehitizzetozkanio.meb.k12.tr/,2026-10-01T18:24:36.887653+00:00,,Öğrenci Sayısı : 600
Ankara,Etimesgut,Şeyhşamil İlkokulu,887673,İlkokul,https://ei.meb.k12.tr,,,https://ei.meb.k12.tr/tema/harita.php,2026-08-31,816,816,bulundu,https://ei.meb.k12.tr/,2026-10-01T18:24:37.106697+00:00,,Öğrenci Sayısı: 816
Ankara,Evren,Eti Holding Ortaokulu,977089,Ortaokul,https://etiholdingortaokulu.meb.k12.tr,,,https://etiholdingortaokulu.meb.k12.tr/tema/harita.php,2026-08-31,64,64,bulundu,https://etiholdingortaokulu.meb.k12.tr/,2026-10-01T18:24:37.218121+00:00,,Öğrenci Sayısı 64
Ankara,Evren,Evren Halk Eğitimi Merkezi,308478,Halk Eğitimi Merkezi,https://evrenhem.meb.k12.tr,,,https://evrenhem.meb.k12.tr/tema/harita.php,2026-08-31,,,bulunamadi,,2026-10-01T18:24:37.264667+00:00,,
Ankara,Evren,Evren Çok Programlı Anadolu Lisesi,745602,Çok Programlı Anadolu Lisesi,https://evrencpl.meb.k12.tr,,,https://evrencpl.meb.k12.tr/tema/harita.php,2026-08-31,22,22,bulundu,https://evrencpl.meb.k12.tr/,2026-10-01T18:24:37.298551+00:00,,Öğrenci Sayısı 22
Ankara,Evren,Evren İlkokulu,709056,İlkokul,https://evrenilkokulu.meb.k12.tr,,,https://evrenilkokulu.meb.k12.tr/tema/harita.php,2026-08-31,134,134,bulundu,https://evrenilkokulu.meb.k12.tr/,2026-10-01T18:24:37.302072+00:00,,Öğrenci Sayısı 134
Ankara,Gölbaşı,100. Yıl Cumhuriyet Anaokulu,775075,Anaokulu,https://775075.meb.k12.tr,,,https://775075.meb.k12.tr/tema/harita.php,2026-08-31,218,218,bulundu,https://775075.meb.k12.tr/,2026-10-01T18:24:37.324227+00:00,,Öğrenci Sayısı: 218
Ankara,Gölbaşı,Adem-Bilhan Uysal Anaokulu,772132,Anaokulu,https://adembilhanuysalanaokulu.meb.k12.tr,,,https://adembilhanuysalanaokulu.meb.k12.tr/tema/harita.php,2026-08-31,,,bulunamadi,,2026-10-01T18:24:37.348998+00:00,,
Ankara,Gölbaşı,Adem-Bilhan Uysal Ortaokulu,725672,Ortaokul,https://adembilhanuysalortaokulu.meb.k12.tr,,,https://adembilhanuysalortaokulu.meb.k12.tr/tema/harita.php,2026-08-31,482,482,bulundu,https://adembilhanuysalortaokulu.meb.k12.tr/,2026-10-01T18:24:37.373035+00:00,,Öğrenci Sayısı 482
Ankara,Gölbaşı,Adem-Bilhan Uysal İlkokulu,725708,İlkokul,https://adembilhanuysalilkokulu.meb.k12.tr,,,https://adembilhanuysalilkokulu.meb.k12.tr/tema/harita.php,2026-08-31,718,718,bulundu,https://adembilhanuysalilkokulu.meb.k12.tr/,2026-10-01T18:24:37.562236+00:00,,Öğrenci Sayısı : 718
Ankara,Gölbaşı,Ahmet Alper Dinçer Anadolu Lisesi,973787,Anadolu Lisesi,https://aadal.meb.k12.tr,,,https://aadal.meb.k12.tr/tema/harita.php,2026-08-31,515,515,bulundu,https://aadal.meb.k12.tr/,2026-10-01T18:24:37.572832+00:00,,Öğrenci Sayısı 515
Ankara,Gölbaşı,Ali Güder İlkokulu,774680,İlkokul,https://774680.meb.k12.tr,,,https://774680.meb.k12.tr/tema/harita.php,2026-08-31,56,56,bulundu,https://774680.meb.k12.tr/,2026-10-01T18:24:37.600844+00:00,,Öğrenci Sayısı : 56
Ankara,Gölbaşı,Ankara Gölbaşı Halk Eğitimi Merkezi,120331,Halk Eğitimi Merkezi,https://golbasihalkegitim.meb.k12.tr,,,https://golbasihalkegitim.meb.k12.tr/tema/harita.php,2026-08-31,,,bulunamadi,,2026-10-01T18:24:37.685465+00:00,,
Ankara,Gölbaşı,Ankara Üniversitesi Gölbaşı Anaokulu,760939,Anaokulu,https://ankarauniversitesigolbasianaokul.meb.k12.tr,,,https://ankarauniversitesigolbasianaokul.meb.k12.tr/tema/harita.php,2026-08-31,116,116,bulundu,https://ankarauniversitesigolbasianaokul.meb.k12.tr/,2026-10-01T18:24:37.814865+00:00,,Öğrenci Sayısı : 116
Ankara,Gölbaşı,Atatürk İlkokulu,701169,İlkokul,https://ata.meb.k12.tr,,,https://ata.meb.k12.tr/tema/harita.php,2026-08-31,794,794,bulundu,https://ata.meb.k12.tr/,2026-10-01T18:24:37.983059+00:00,,Öğrenci Sayısı 794
Ankara,Gölbaşı,Ayşe Özbağı Ortaokulu,725669,Ortaokul,https://ayseozbagiortaokulu.meb.k12.tr,,,https://ayseozbagiortaokulu.meb.k12.tr/tema/harita.php,2026-08-31,259,259,bulundu,https://ayseozbagiortaokulu.meb.k12.tr/tema/okulumuz_hakkinda.php,2026-10-01T18:24:38.011084+00:00,,Öğrenci : 259
Ankara,Gölbaşı,Ayşe Özbağı İlkokulu,725707,İlkokul,https://ayseozbagiilkokulu.meb.k12.tr,,,https://ayseozbagiilkokulu.meb.k12.tr/tema/harita.php,2026-08-31,309,309,bulundu,https://ayseozbagiilkokulu.meb.k12.tr/,2026-10-01T18:24:38.017375+00:00,,Öğrenci Sayısı : 309
Ankara,Gölbaşı,Ayşe-Yakup Eskitoros Ortaokulu,725633,Ortaokul,https://ayseyakupeskitorosortaokulu.meb.k12.tr,,,https://ayseyakupeskitorosortaokulu.meb.k12.tr/tema/harita.php,2026-08-31,187,187,bulundu,https://ayseyakupeskitorosortaokulu.meb.k12.tr/,2026-10-01T18:24:38.034680+00:00,,Öğrenci Sayısı : 187
Ankara,Gölbaşı,Ayşe-Yakup Eskitoros İlkokulu,702462,İlkokul,https://ayseyakupeskitorosilkokulu.meb.k12.tr,,,https://ayseyakupeskitorosilkokulu.meb.k12.tr/tema/harita.php,2026-08-31,214,214,bulundu,https://ayseyakupeskitorosilkokulu.meb.k12.tr/,2026-10-01T18:24:38.092412+00:00,,Öğrenci Sayısı : 214
Ankara,Gölbaşı,Baldudak Ortaokulu,725667,Ortaokul,https://baldudakortaokulu.meb.k12.tr,,,https://baldudakortaokulu.meb.k12.tr/tema/harita.php,2026-08-31,765,765,bulundu,https://baldudakortaokulu.meb.k12.tr/,2026-10-01T18:24:38.116822+00:00,,Öğrenci Sayısı : 765
Ankara,Gölbaşı,Ballıkpınar İlkokulu,768813,İlkokul,https://768813.meb.k12.tr,,,https://768813.meb.k12.tr/tema/harita.php,2026-08-31,0,0,bulundu,https://768813.meb.k12.tr/,2026-10-01T18:24:38.200840+00:00,,Öğrenci Sayısı : 0
Ankara,Gölbaşı,Bezirhane Ortaokulu,725636,Ortaokul,https://bezirhaneortaokulu.meb.k12.tr,,,https://bezirhaneortaokulu.meb.k12.tr/tema/harita.php,2026-08-31,40,40,bulundu,https://bezirhaneortaokulu.meb.k12.tr/tema/okulumuz_hakkinda.php,2026-10-01T18:24:52.774507+00:00,,Öğrenci : 40
Ankara,Gölbaşı,Bezirhane Şehit Eyüp Ensar Ulaş İlkokulu,725681,İlkokul,https://bezirhaneilkokulu.meb.k12.tr,,,https://bezirhaneilkokulu.meb.k12.tr/tema/harita.php,2026-08-31,42,42,bulundu,https://bezirhaneilkokulu.meb.k12.tr/tema/okulumuz_hakkinda.php,2026-10-01T18:24:52.775849+00:00,,Öğrenci : 42
Ankara,Gölbaşı,Cemil Yıldırım Bilim ve Sanat Merkezi,768973,Bilim ve Sanat Merkezi,https://cybilsem.meb.k12.tr,,,https://cybilsem.meb.k12.tr/tema/harita.php,2026-08-31,327,327,bulundu,https://cybilsem.meb.k12.tr/,2026-10-01T18:24:38.363820+00:00,,Öğrenci Sayısı 327
Ankara,Gölbaşı,Cemil Yıldırım Ortaokulu,734361,Ortaokul,https://cemilyildirimokulu.meb.k12.tr,,,https://cemilyildirimokulu.meb.k12.tr/tema/harita.php,2026-08-31,469,469,bulundu,https://cemilyildirimokulu.meb.k12.tr/,2026-10-01T18:24:38.395276+00:00,,Öğrenci Sayısı 469
Ankara,Gölbaşı,Dr. Şerafettin Tombuloğlu Anadolu Lisesi,120306,Anadolu Lisesi,https://serafettintombuloglu.meb.k12.tr,,,https://serafettintombuloglu.meb.k12.tr/tema/harita.php,2026-08-31,336,336,bulundu,https://serafettintombuloglu.meb.k12.tr/,2026-10-01T18:24:38.448345+00:00,,Öğrenci Sayısı : 336
Ankara,Gölbaşı,Dr.Ahmet-Filiz Göğüş Ortaokulu,725665,Ortaokul,https://drahmet-filizgogusort.meb.k12.tr,,,https://drahmet-filizgogusort.meb.k12.tr/tema/harita.php,2026-08-31,52,52,bulundu,https://drahmet-filizgogusort.meb.k12.tr/,2026-10-01T18:24:38.604966+00:00,,Öğrenci Sayısı : 52
Ankara,Gölbaşı,Dr.Ahmet-Filiz Göğüş İlkokulu,725700,İlkokul,https://drahmet-filizgogusilk.meb.k12.tr,,,https://drahmet-filizgogusilk.meb.k12.tr/tema/harita.php,2026-08-31,88,88,bulundu,https://drahmet-filizgogusilk.meb.k12.tr/,2026-10-01T18:24:38.982521+00:00,,Öğrenci Sayısı : 88
Ankara,Gölbaşı,Emirler İlkokulu,766864,İlkokul,https://766864.meb.k12.tr,,,https://766864.meb.k12.tr/tema/harita.php,2026-08-31,7,7,bulundu,https://766864.meb.k12.tr/,2026-10-01T18:24:39.035503+00:00,,Öğrenci Sayısı : 7
Ankara,Gölbaşı,Enver Bektaş İlkokulu,382281,İlkokul,https://enverbektasilkokulu.meb.k12.tr,,,https://enverbektasilkokulu.meb.k12.tr/tema/harita.php,2026-08-31,53,53,bulundu,https://enverbektasilkokulu.meb.k12.tr/,2026-10-01T18:24:39.074040+00:00,,Öğrenci Sayısı 53
Ankara,Gölbaşı,Erdem Beyazıt Anadolu Lisesi,972474,Anadolu Lisesi,https://erdembeyazital.meb.k12.tr,,,https://erdembeyazital.meb.k12.tr/tema/harita.php,2026-08-31,1007,1007,bulundu,https://erdembeyazital.meb.k12.tr/,2026-10-01T18:24:39.148927+00:00,,Öğrenci Sayısı : 1007
Ankara,Gölbaşı,Gökçehöyük Ortaokulu,725663,Ortaokul,https://gokcehoyukoo.meb.k12.tr,,,https://gokcehoyukoo.meb.k12.tr/tema/harita.php,2026-08-31,77,77,bulundu,https://gokcehoyukoo.meb.k12.tr/,2026-10-01T18:24:39.277687+00:00,,Öğrenci Sayısı 77
Ankara,Gölbaşı,Gökçehöyük İlkokulu,725699,İlkokul,https://gokcehoyukio.meb.k12.tr,,,https://gokcehoyukio.meb.k12.tr/tema/harita.php,2026-08-31,66,66,bulundu,https://gokcehoyukio.meb.k12.tr/,2026-10-01T18:24:39.258795+00:00,,Öğrenci Sayısı 66
Ankara,Gölbaşı,Gölbaşı Anadolu Lisesi,300936,Anadolu Lisesi,https://gal.meb.k12.tr,,,https://gal.meb.k12.tr/tema/harita.php,2026-08-31,610,610,bulundu,https://gal.meb.k12.tr/,2026-10-01T18:24:39.279814+00:00,,Öğrenci Sayısı 610
Ankara,Gölbaşı,Gölbaşı Gevher Nesibe Mesleki ve Teknik Anadolu Lisesi,962844,Mesleki ve Teknik Anadolu Lisesi,https://gasml.meb.k12.tr,,,https://gasml.meb.k12.tr/tema/harita.php,2026-08-31,239,239,bulundu,https://gasml.meb.k12.tr/,2026-10-01T18:24:39.443968+00:00,,Öğrenci Sayısı : 239
Ankara,Gölbaşı,Gölbaşı Mesleki Eğitim Merkezi,270564,Mesleki Eğitim Merkezi,https://golbasimesem.meb.k12.tr,,,https://golbasimesem.meb.k12.tr/tema/harita.php,2026-08-31,690,690,bulundu,https://golbasimesem.meb.k12.tr/,2026-10-01T18:24:39.495478+00:00,,Öğrenci Sayısı : 690
Ankara,Gölbaşı,Gölbaşı Mesleki ve Teknik Anadolu Lisesi,950122,Mesleki ve Teknik Anadolu Lisesi,https://golbasimtal.meb.k12.tr,,,https://golbasimtal.meb.k12.tr/tema/harita.php,2026-08-31,781,781,bulundu,https://golbasimtal.meb.k12.tr/,2026-10-01T18:24:39.567652+00:00,,Öğrenci Sayısı : 781
Ankara,Gölbaşı,Gölbaşı Rehberlik ve Araştırma Merkezi,880251,Rehberlik ve Araştırma Merkezi,https://golbasiram.meb.k12.tr,,,https://golbasiram.meb.k12.tr/tema/harita.php,2026-08-31,,,bulunamadi,,2026-10-01T18:24:52.776926+00:00,,
Ankara,Gölbaşı,Gölbaşı Zübeyde Hanım Kız Mesleki ve Teknik Anadolu Lisesi,823965,Mesleki ve Teknik Anadolu Lisesi,https://golbasikml.meb.k12.tr,,,https://golbasikml.meb.k12.tr/tema/harita.php,2026-08-31,596,596,bulundu,https://golbasikml.meb.k12.tr/,2026-10-01T18:24:39.681155+00:00,,Öğrenci Sayısı : 596
Ankara,Gölbaşı,Gölbaşı Özel Eğitim Uygulama Okulu I. Kademe,747030,Özel Eğitim Kurumu,https://golbasioeum1kademe.meb.k12.tr,,,https://golbasioeum1kademe.meb.k12.tr/tema/harita.php,2026-08-31,11,11,bulundu,https://golbasioeum1kademe.meb.k12.tr/,2026-10-01T18:24:39.750316+00:00,,Öğrenci Sayısı : 11
Ankara,Gölbaşı,Gölbaşı Özel Eğitim Uygulama Okulu II. Kademe,747433,Özel Eğitim Kurumu,https://golbasioeum.meb.k12.tr,,,https://golbasioeum.meb.k12.tr/tema/harita.php,2026-08-31,19,19,bulundu,https://golbasioeum.meb.k12.tr/,2026-10-01T18:24:39.787730+00:00,,Öğrenci Sayısı : 19
Ankara,Gölbaşı,Gölbaşı Özel Eğitim Uygulama Okulu III. Kademe,747995,Özel Eğitim Kurumu,https://golbasioeium.meb.k12.tr,,,https://golbasioeium.meb.k12.tr/tema/harita.php,2026-08-31,25,25,bulundu,https://golbasioeium.meb.k12.tr/,2026-10-01T18:24:39.831863+00:00,,Öğrenci Sayısı : 25
Ankara,Gölbaşı,Gölbaşı Öğretmenevi ve Akşam Sanat Okulu,971025,Öğretmenevi,https://gol.meb.k12.tr,,,https://gol.meb.k12.tr/tema/harita.php,2026-08-31,,,bulunamadi,,2026-10-01T18:24:52.778673+00:00,,
Ankara,Gölbaşı,Gölbaşı İlkokulu,977034,İlkokul,https://ankaragolbasiilkokulu.meb.k12.tr,,,https://ankaragolbasiilkokulu.meb.k12.tr/tema/harita.php,2026-08-31,531,531,bulundu,https://ankaragolbasiilkokulu.meb.k12.tr/,2026-10-01T18:24:40.123378+00:00,,Öğrenci Sayısı : 531
Ankara,Gölbaşı,Gölbaşı Şehit Ömer Halisdemir Ortaokulu,725648,Ortaokul,https://inceksoho.meb.k12.tr,,,https://inceksoho.meb.k12.tr/tema/harita.php,2026-08-31,136,136,bulundu,https://inceksoho.meb.k12.tr/,2026-10-01T18:24:40.477089+00:00,,Öğrenci Sayısı : 136
Ankara,Gölbaşı,Gölbaşı Şehit Ömer Halisdemir İlkokulu,725690,İlkokul,https://inceksohi.meb.k12.tr,,,https://inceksohi.meb.k12.tr/tema/harita.php,2026-08-31,170,170,bulundu,https://inceksohi.meb.k12.tr/,2026-10-01T18:24:52.779842+00:00,,Öğrenci Sayısı : 170
Ankara,Gölbaşı,Gündüz Alp İlkokulu,734355,İlkokul,https://gunduzalpilkokulu.meb.k12.tr,,,https://gunduzalpilkokulu.meb.k12.tr/tema/harita.php,2026-08-31,542,542,bulundu,https://gunduzalpilkokulu.meb.k12.tr/,2026-10-01T18:24:52.787882+00:00,,Öğrenci Sayısı : 542
Ankara,Gölbaşı,Hacı Hasan İlkokulu,709259,İlkokul,https://golbasihacihasanilkokulu.meb.k12.tr,,,https://golbasihacihasanilkokulu.meb.k12.tr/tema/harita.php,2026-08-31,6,6,bulundu,https://golbasihacihasanilkokulu.meb.k12.tr/,2026-10-01T18:24:40.500939+00:00,,Öğrenci Sayısı: 6
Ankara,Gölbaşı,Hacılar Ortaokulu,736027,Ortaokul,https://golbasihacilarortaokulu.meb.k12.tr,,,https://golbasihacilarortaokulu.meb.k12.tr/tema/harita.php,2026-08-31,56,56,bulundu,https://golbasihacilarortaokulu.meb.k12.tr/,2026-10-01T18:24:52.788805+00:00,,Öğrenci Sayısı 56
Ankara,Gölbaşı,Hacılar İlkokulu,736029,İlkokul,https://hacilarilkokulu.meb.k12.tr,,,https://hacilarilkokulu.meb.k12.tr/tema/harita.php,2026-08-31,85,85,bulundu,https://hacilarilkokulu.meb.k12.tr/,2026-10-01T18:24:52.793863+00:00,,Öğrenci Sayısı 85
Ankara,Gölbaşı,Hakan Ülger Ortaokulu,748426,Ortaokul,https://hakanulgerortaokulu.meb.k12.tr,,,https://hakanulgerortaokulu.meb.k12.tr/tema/harita.php,2026-08-31,29,29,bulundu,https://hakanulgerortaokulu.meb.k12.tr/,2026-10-01T18:24:52.798906+00:00,,Öğrenci Sayısı : 29
Ankara,Gölbaşı,Hakan Ülger İlkokulu,725698,İlkokul,https://hakanulgerilkokulu.meb.k12.tr,,,https://hakanulgerilkokulu.meb.k12.tr/tema/harita.php,2026-08-31,35,35,bulundu,https://hakanulgerilkokulu.meb.k12.tr/,2026-10-01T18:24:52.804862+00:00,,Öğrenci Sayısı 35
Ankara,Gölbaşı,Halise Arslan Özel Eğitim Anaokulu,766952,Anaokulu,https://766952.meb.k12.tr,,,https://766952.meb.k12.tr/tema/harita.php,2026-08-31,17,17,bulundu,https://766952.meb.k12.tr/,2026-10-01T18:24:52.809862+00:00,,Öğrenci Sayısı : 17
Ankara,Gölbaşı,Halise Arslan Özel Eğitim Meslek Okulu,771185,Lise,https://771185.meb.k12.tr,,,https://771185.meb.k12.tr/tema/harita.php,2026-08-31,23,23,bulundu,https://771185.meb.k12.tr/,2026-10-01T18:24:52.815865+00:00,,Öğrenci Sayısı : 23
Ankara,Gölbaşı,Halise Arslan Özel Eğitim Ortaokulu,766969,Lise,https://766969.meb.k12.tr,,,https://766969.meb.k12.tr/tema/harita.php,2026-08-31,47,47,bulundu,https://766969.meb.k12.tr/,2026-10-01T18:24:52.822898+00:00,,Öğrenci Sayısı : 47
Ankara,Gölbaşı,Halise Arslan Özel Eğitim İlkokulu,766968,Lise,https://766968.meb.k12.tr,,,https://766968.meb.k12.tr/tema/harita.php,2026-08-31,52,52,bulundu,https://766968.meb.k12.tr/,2026-10-01T18:24:52.829905+00:00,,Öğrenci Sayısı : 52
Ankara,Gölbaşı,Karaali Tarım Mesleki ve Teknik Anadolu Lisesi,767584,Mesleki ve Teknik Anadolu Lisesi,https://karaalimtal.meb.k12.tr,,,https://karaalimtal.meb.k12.tr/tema/harita.php,2026-08-31,30,30,bulundu,https://karaalimtal.meb.k12.tr/,2026-10-01T18:24:52.840949+00:00,,Öğrenci Sayısı : 30
Ankara,Gölbaşı,Karagedık Ercan Ortaokulu,734332,Ortaokul,https://karagedikercanortaokulu.meb.k12.tr,,,https://karagedikercanortaokulu.meb.k12.tr/tema/harita.php,2026-08-31,128,128,bulundu,https://karagedikercanortaokulu.meb.k12.tr/,2026-10-01T18:24:52.849861+00:00,,Öğrenci Sayısı 128
Ankara,Gölbaşı,Mehmet Akif Ersoy Anadolu İmam Hatip Lisesi,760617,Anadolu İmam Hatip Lisesi,https://golbasimehmetakifersoyaihl.meb.k12.tr,,,https://golbasimehmetakifersoyaihl.meb.k12.tr/tema/harita.php,2026-08-31,491,491,bulundu,https://golbasimehmetakifersoyaihl.meb.k12.tr/,2026-10-01T18:24:52.858872+00:00,,Öğrenci Sayısı : 491
Ankara,Gölbaşı,Mogan Turizm Mesleki ve Teknik Anadolu Lisesi,970900,Mesleki ve Teknik Anadolu Lisesi,https://mogan.meb.k12.tr,,,https://mogan.meb.k12.tr/tema/harita.php,2026-08-31,314,314,bulundu,https://mogan.meb.k12.tr/tema/okulumuz_hakkinda.php,2026-10-01T18:24:52.867902+00:00,,Öğrenci : 314
Ankara,Gölbaşı,Necip Fazıl Kısakürek Ticaret Mesleki ve Teknik Anadolu Lisesi,974575,Mesleki ve Teknik Anadolu Lisesi,https://golbasitml.meb.k12.tr,,,https://golbasitml.meb.k12.tr/tema/harita.php,2026-08-31,247,247,bulundu,https://golbasitml.meb.k12.tr/,2026-10-01T18:24:52.877867+00:00,,Öğrenci Sayısı : 247
Ankara,Gölbaşı,Oyaca Anadolu Lisesi,970042,Anadolu Lisesi,https://oyacacpl.meb.k12.tr,,,https://oyacacpl.meb.k12.tr/tema/harita.php,2026-08-31,50,50,bulundu,https://oyacacpl.meb.k12.tr/,2026-10-01T18:24:52.886865+00:00,,Öğrenci Sayısı 50
Ankara,Gölbaşı,Sevgi Çiçeği İlkokulu,966315,İlkokul,https://sevgicicegi.meb.k12.tr,,,https://sevgicicegi.meb.k12.tr/tema/harita.php,2026-08-31,965,965,bulundu,https://sevgicicegi.meb.k12.tr/,2026-10-01T18:24:52.919030+00:00,,Öğrenci Sayısı 965
Ankara,Gölbaşı,T.E.K. Ortaokulu,725638,Ortaokul,https://tekortaokulu.meb.k12.tr,,,https://tekortaokulu.meb.k12.tr/tema/harita.php,2026-08-31,569,569,bulundu,https://tekortaokulu.meb.k12.tr/,2026-10-01T18:24:52.924861+00:00,,Öğrenci Sayısı : 569
Ankara,Gölbaşı,T.E.K. İlkokulu,725684,İlkokul,https://tekilkokulu.meb.k12.tr,,,https://tekilkokulu.meb.k12.tr/tema/harita.php,2026-08-31,629,629,bulundu,https://tekilkokulu.meb.k12.tr/,2026-10-01T18:24:52.978863+00:00,,Öğrenci Sayısı 629
Ankara,Gölbaşı,TOKİ Şehit Hakan Can Anaokulu,973900,Anaokulu,https://golbasitokianaokulu.meb.k12.tr,,,https://golbasitokianaokulu.meb.k12.tr/tema/harita.php,2026-08-31,190,190,bulundu,https://golbasitokianaokulu.meb.k12.tr/,2026-10-01T18:24:52.994867+00:00,,Öğrenci Sayısı: 190
Ankara,Gölbaşı,Topaklı İlkokulu,709327,İlkokul,https://709327.meb.k12.tr,,,https://709327.meb.k12.tr/tema/harita.php,2026-08-31,26,26,bulundu,https://709327.meb.k12.tr/,2026-10-01T18:24:53.014875+00:00,,Öğrenci Sayısı 26
Ankara,Gölbaşı,Uluslararası Millî İrade Kız Anadolu İmam Hatip Lisesi,762331,Anadolu İmam Hatip Lisesi,https://milliiradeuluslararasikaihl.meb.k12.tr,,,https://milliiradeuluslararasikaihl.meb.k12.tr/tema/harita.php,2026-08-31,316,316,bulundu,https://milliiradeuluslararasikaihl.meb.k12.tr/,2026-10-01T18:24:53.020860+00:00,,Öğrenci Sayısı 316
Ankara,Gölbaşı,Yurtbeyi İlkokulu,887953,İlkokul,https://yurtbeyiio.meb.k12.tr,,,https://yurtbeyiio.meb.k12.tr/tema/harita.php,2026-08-31,30,30,bulundu,https://yurtbeyiio.meb.k12.tr/,2026-10-01T18:24:53.036874+00:00,,Öğrenci Sayısı : 30
Ankara,Gölbaşı,Zehra Gökçe Anaokulu,764618,Anaokulu,https://764618.meb.k12.tr,,,https://764618.meb.k12.tr/tema/harita.php,2026-08-31,79,79,bulundu,https://764618.meb.k12.tr/tema/okulumuz_hakkinda.php,2026-10-01T18:24:53.048864+00:00,,Öğrenci : 79
Ankara,Gölbaşı,Zekiye Emin Kanıpek Anaokulu,974295,Anaokulu,https://zekiyeeminkanipekao.meb.k12.tr,,,https://zekiyeeminkanipekao.meb.k12.tr/tema/harita.php,2026-08-31,112,112,bulundu,https://zekiyeeminkanipekao.meb.k12.tr/,2026-10-01T18:24:53.064866+00:00,,Öğrenci Sayısı: 112
Ankara,Gölbaşı,İhsan Köksal İlkokulu,725697,İlkokul,https://ihsankoksalilkokulu.meb.k12.tr,,,https://ihsankoksalilkokulu.meb.k12.tr/tema/harita.php,2026-08-31,63,63,bulundu,https://ihsankoksalilkokulu.meb.k12.tr/,2026-10-01T18:24:53.080870+00:00,,Öğrenci Sayısı 63
Ankara,Gölbaşı,İncek T.E.K. Ortaokulu,725654,Ortaokul,https://incektekortaokulu.meb.k12.tr,,,https://incektekortaokulu.meb.k12.tr/tema/harita.php,2026-08-31,76,76,bulundu,https://incektekortaokulu.meb.k12.tr/,2026-10-01T18:24:53.094905+00:00,,Öğrenci Sayısı 76
Ankara,Gölbaşı,İncek T.E.K. İlkokulu,725693,İlkokul,https://incektekilkokulu.meb.k12.tr,,,https://incektekilkokulu.meb.k12.tr/tema/harita.php,2026-08-31,124,124,bulundu,https://incektekilkokulu.meb.k12.tr/,2026-10-01T18:24:53.113157+00:00,,Öğrenci Sayısı 124
Ankara,Gölbaşı,İnönü Ortaokulu,725653,Ortaokul,https://golbasiinonuortaokulu.meb.k12.tr,,,https://golbasiinonuortaokulu.meb.k12.tr/tema/harita.php,2026-08-31,880,880,bulundu,https://golbasiinonuortaokulu.meb.k12.tr/,2026-10-01T18:24:54.486221+00:00,,Öğrenci Sayısı 880
Ankara,Gölbaşı,Şahin Sevin İlkokulu,887555,İlkokul,https://sahinsevin.meb.k12.tr,,,https://sahinsevin.meb.k12.tr/tema/harita.php,2026-08-31,573,573,bulundu,https://sahinsevin.meb.k12.tr/,2026-10-01T18:24:54.512685+00:00,,Öğrenci Sayısı : 573
Ankara,Gölbaşı,Şehit Bülent Göçer Ortaokulu,725643,Ortaokul,https://sbulentgocerortaokulu.meb.k12.tr,,,https://sbulentgocerortaokulu.meb.k12.tr/tema/harita.php,2026-08-31,930,930,bulundu,https://sbulentgocerortaokulu.meb.k12.tr/,2026-10-01T18:24:54.530535+00:00,,Öğrenci Sayısı : 930
Ankara,Gölbaşı,Şehit Bülent Göçer İlkokulu,725687,İlkokul,https://sbulentgocerilkokulu.meb.k12.tr,,,https://sbulentgocerilkokulu.meb.k12.tr/tema/harita.php,2026-08-31,857,857,bulundu,https://sbulentgocerilkokulu.meb.k12.tr/,2026-10-01T18:24:54.592621+00:00,,Öğrenci Sayısı : 857
Ankara,Gölbaşı,Şehit Halim Şahin Ortaokulu,725655,Ortaokul,https://sehithalimsahinortaokulu.meb.k12.tr,,,https://sehithalimsahinortaokulu.meb.k12.tr/tema/harita.php,2026-08-31,44,44,bulundu,https://sehithalimsahinortaokulu.meb.k12.tr/,2026-10-01T18:24:54.677196+00:00,,Öğrenci Sayısı : 44
Ankara,Gölbaşı,Şehit Komando Onbaşı Mükremin Başaran Ortaokulu,725641,Ortaokul,https://mukreminbasaranoo.meb.k12.tr,,,https://mukreminbasaranoo.meb.k12.tr/tema/harita.php,2026-08-31,114,114,bulundu,https://mukreminbasaranoo.meb.k12.tr/,2026-10-01T18:24:54.693276+00:00,,Öğrenci Sayısı 114
Ankara,Gölbaşı,Şehit Komando Onbaşı Mükremin Başaran İlkokulu,725686,İlkokul,https://mukreminbasaranio.meb.k12.tr,,,https://mukreminbasaranio.meb.k12.tr/tema/harita.php,2026-08-31,114,114,bulundu,https://mukreminbasaranio.meb.k12.tr/,2026-10-01T18:24:54.699472+00:00,,Öğrenci Sayısı 114
Ankara,Gölbaşı,Şehit Meriç Alemdar Ortaokulu,762698,Ortaokul,https://sehitmericalemdarortaokulu.meb.k12.tr,,,https://sehitmericalemdarortaokulu.meb.k12.tr/tema/harita.php,2026-08-31,409,409,bulundu,https://sehitmericalemdarortaokulu.meb.k12.tr/,2026-10-01T18:24:54.714868+00:00,,Öğrenci Sayısı : 409
Ankara,Gölbaşı,Şehit Mustafa Tecimen İmam Hatip Ortaokulu,734300,İmam Hatip Ortaokulu,https://golbasisehitmustafatecimeniho.meb.k12.tr,,,https://golbasisehitmustafatecimeniho.meb.k12.tr/tema/harita.php,2026-08-31,63,63,bulundu,https://golbasisehitmustafatecimeniho.meb.k12.tr/tema/okulumuz_hakkinda.php,2026-10-01T18:24:54.768531+00:00,,Öğrenci : 63
Ankara,Gölbaşı,Şehit Sebahattin Koçak Kız Anadolu İmam Hatip Lisesi,372814,Anadolu İmam Hatip Lisesi,https://golbasisskkizanadoluihl.meb.k12.tr,,,https://golbasisskkizanadoluihl.meb.k12.tr/tema/harita.php,2026-08-31,876,876,bulundu,https://golbasisskkizanadoluihl.meb.k12.tr/,2026-10-01T18:24:54.972828+00:00,,Öğrenci Sayısı : 876
Ankara,Güdül,Atatürk İlkokulu,710482,İlkokul,https://ataturkilkokulugudul.meb.k12.tr,,,https://ataturkilkokulugudul.meb.k12.tr/tema/harita.php,2026-08-31,109,109,bulundu,https://ataturkilkokulugudul.meb.k12.tr/,2026-10-01T18:24:54.979539+00:00,,Öğrenci Sayısı : 109
Ankara,Güdül,Cağa Ortaokulu,120402,Ortaokul,https://cagaortaokulu.meb.k12.tr,,,https://cagaortaokulu.meb.k12.tr/tema/harita.php,2026-08-31,37,37,bulundu,https://cagaortaokulu.meb.k12.tr/,2026-10-01T18:24:54.986200+00:00,,Öğrenci Sayısı: 37
Ankara,Güdül,Güdül Anaokulu,772736,Anaokulu,https://772736.meb.k12.tr,,,https://772736.meb.k12.tr/tema/harita.php,2026-08-31,54,54,bulundu,https://772736.meb.k12.tr/,2026-10-01T18:24:54.991047+00:00,,Öğrenci Sayısı: 54
Ankara,Güdül,Güdül Halk Eğitimi Merkezi,120426,Halk Eğitimi Merkezi,https://gudulhalkegitim.meb.k12.tr,,,https://gudulhalkegitim.meb.k12.tr/tema/harita.php,2026-08-31,,,bulunamadi,,2026-10-01T18:24:54.996843+00:00,,
Ankara,Güdül,Güdül Ortaokulu,709255,Ortaokul,https://gudulortaokulu.meb.k12.tr,,,https://gudulortaokulu.meb.k12.tr/tema/harita.php,2026-08-31,63,63,bulundu,https://gudulortaokulu.meb.k12.tr/,2026-10-01T18:24:55.013110+00:00,,Öğrenci Sayısı : 63
Ankara,Güdül,Güdül Safiye Akdede Çok Programlı Anadolu Lisesi,280207,Çok Programlı Anadolu Lisesi,https://gudulcpl.meb.k12.tr,,,https://gudulcpl.meb.k12.tr/tema/harita.php,2026-08-31,120,120,bulundu,https://gudulcpl.meb.k12.tr/,2026-10-01T18:24:55.018330+00:00,,Öğrenci Sayısı : 120
Ankara,Güdül,Güdül İmam Hatip Ortaokulu,758652,İmam Hatip Ortaokulu,https://gudulimamhatiportaokulu.meb.k12.tr,,,https://gudulimamhatiportaokulu.meb.k12.tr/tema/harita.php,2026-08-31,44,44,bulundu,https://gudulimamhatiportaokulu.meb.k12.tr/,2026-10-01T18:24:55.021562+00:00,,Öğrenci Sayısı : 44
Ankara,Güdül,Güneyce İlkokulu,725751,İlkokul,https://guneyceilkokulu.meb.k12.tr,,,https://guneyceilkokulu.meb.k12.tr/tema/harita.php,2026-08-31,61,61,bulundu,https://guneyceilkokulu.meb.k12.tr/,2026-10-01T18:24:55.055478+00:00,,Öğrenci Sayısı: 61
Ankara,Güdül,Hasan Hüseyin Akdede Fen Lisesi,966495,Fen Lisesi,https://hhafl.meb.k12.tr,,,https://hhafl.meb.k12.tr/tema/harita.php,2026-08-31,183,183,bulundu,https://hhafl.meb.k12.tr/,2026-10-01T18:24:55.086251+00:00,,Öğrenci Sayısı : 183
Ankara,Haymana,12 Eylül İlkokulu,120510,İlkokul,https://onikieylulioo.meb.k12.tr,,,https://onikieylulioo.meb.k12.tr/tema/harita.php,2026-08-31,267,267,bulundu,https://onikieylulioo.meb.k12.tr/,2026-10-01T18:24:55.250979+00:00,,Öğrenci Sayısı : 267
Ankara,Haymana,Alahacılı Ortaokulu,725115,Ortaokul,https://alahaciliortaokulu.meb.k12.tr,,,https://alahaciliortaokulu.meb.k12.tr/tema/harita.php,2026-08-31,19,19,bulundu,https://alahaciliortaokulu.meb.k12.tr/,2026-10-01T18:24:55.314560+00:00,,Öğrenci Sayısı : 19
Ankara,Haymana,Alahacılı İlkokulu,725748,İlkokul,https://alahacililkokulu.meb.k12.tr,,,https://alahacililkokulu.meb.k12.tr/tema/harita.php,2026-08-31,15,15,bulundu,https://alahacililkokulu.meb.k12.tr/,2026-10-01T18:24:55.316142+00:00,,Öğrenci Sayısı 15
Ankara,Haymana,Ataköy Ortaokulu,725109,Ortaokul,https://haymanaatakoy.meb.k12.tr,,,https://haymanaatakoy.meb.k12.tr/tema/harita.php,2026-08-31,26,26,bulundu,https://haymanaatakoy.meb.k12.tr/,2026-10-01T18:24:55.329916+00:00,,Öğrenci Sayısı : 26
Ankara,Haymana,Ataköy İlkokulu,725741,İlkokul,https://haymanaatakoyio.meb.k12.tr,,,https://haymanaatakoyio.meb.k12.tr/tema/harita.php,2026-08-31,31,31,bulundu,https://haymanaatakoyio.meb.k12.tr/tema/okulumuz_hakkinda.php,2026-10-01T18:24:55.370686+00:00,,Öğrenci : 31
Ankara,Haymana,Atatürk Ortaokulu,711250,Ortaokul,https://haymanaataturkoo.meb.k12.tr,,,https://haymanaataturkoo.meb.k12.tr/tema/harita.php,2026-08-31,71,71,bulundu,https://haymanaataturkoo.meb.k12.tr/,2026-10-01T18:24:55.375011+00:00,,Öğrenci Sayısı 71
Ankara,Haymana,Atatürk İlkokulu,306024,İlkokul,https://haymanaataturk.meb.k12.tr,,,https://haymanaataturk.meb.k12.tr/tema/harita.php,2026-08-31,90,90,bulundu,https://haymanaataturk.meb.k12.tr/,2026-10-01T18:24:55.406848+00:00,,Öğrenci Sayısı : 90
Ankara,Haymana,Bahçecik Ortaokulu,725108,Ortaokul,https://haymanabahcecikoo.meb.k12.tr,,,https://haymanabahcecikoo.meb.k12.tr/tema/harita.php,2026-08-31,60,60,bulundu,https://haymanabahcecikoo.meb.k12.tr/,2026-10-01T18:24:55.701829+00:00,,Öğrenci Sayısı 60
Ankara,Haymana,Bahçecik İlkokulu,725738,İlkokul,https://haymanabahcecikio.meb.k12.tr,,,https://haymanabahcecikio.meb.k12.tr/tema/harita.php,2026-08-31,19,19,bulundu,https://haymanabahcecikio.meb.k12.tr/,2026-10-01T18:24:55.773658+00:00,,Öğrenci Sayısı : 19
Ankara,Haymana,Bumsuz Ortaokulu,751804,Ortaokul,https://bumsuzortaokulu.meb.k12.tr,,,https://bumsuzortaokulu.meb.k12.tr/tema/harita.php,2026-08-31,33,33,bulundu,https://bumsuzortaokulu.meb.k12.tr/,2026-10-01T18:24:55.908645+00:00,,Öğrenci Sayısı : 33
Ankara,Haymana,Bumsuz İlkokulu,710488,İlkokul,https://bumsuzilkokulu.meb.k12.tr,,,https://bumsuzilkokulu.meb.k12.tr/tema/harita.php,2026-08-31,15,15,bulundu,https://bumsuzilkokulu.meb.k12.tr/,2026-10-01T18:24:55.938317+00:00,,Öğrenci Sayısı : 15
Ankara,Haymana,Catak İlkokulu,879396,İlkokul,https://haymanacatakilkokulu.meb.k12.tr,,,https://haymanacatakilkokulu.meb.k12.tr/tema/harita.php,2026-08-31,13,13,bulundu,https://haymanacatakilkokulu.meb.k12.tr/,2026-10-01T18:24:55.980225+00:00,,Öğrenci Sayısı 13
Ankara,Haymana,Cimcime Anaokulu,749525,Anaokulu,https://cimcimeanaokulu.meb.k12.tr,,,https://cimcimeanaokulu.meb.k12.tr/tema/harita.php,2026-08-31,28,28,bulundu,https://cimcimeanaokulu.meb.k12.tr/,2026-10-01T18:24:56.002379+00:00,,Öğrenci Sayısı: 28
Ankara,Haymana,Demirözü İlkokulu,734557,İlkokul,https://haymanademirozuilkokulu.meb.k12.tr,,,https://haymanademirozuilkokulu.meb.k12.tr/tema/harita.php,2026-08-31,12,12,bulundu,https://haymanademirozuilkokulu.meb.k12.tr/,2026-10-01T18:24:56.097191+00:00,,Öğrenci Sayısı 12
Ankara,Haymana,Emirler Kesikkavak Ortaokulu,725098,Ortaokul,https://emirlerkesikkavak.meb.k12.tr,,,https://emirlerkesikkavak.meb.k12.tr/tema/harita.php,2026-08-31,20,20,bulundu,https://emirlerkesikkavak.meb.k12.tr/,2026-10-01T18:24:56.154583+00:00,,Öğrenci Sayısı : 20
Ankara,Haymana,Emirler Kesikkavak İlkokulu,725717,İlkokul,https://emirlerkesikkavakio.meb.k12.tr,,,https://emirlerkesikkavakio.meb.k12.tr/tema/harita.php,2026-08-31,28,28,bulundu,https://emirlerkesikkavakio.meb.k12.tr/,2026-10-01T18:24:56.164567+00:00,,Öğrenci Sayısı 28
Ankara,Haymana,Evliyafakı İlkokulu,774075,İlkokul,https://774075.meb.k12.tr,,,https://774075.meb.k12.tr/tema/harita.php,2026-08-31,5,5,bulundu,https://774075.meb.k12.tr/,2026-10-01T18:24:56.307783+00:00,,Öğrenci Sayısı : 5
Ankara,Haymana,Gültepe İlkokulu,734574,İlkokul,https://haymanagultepeio.meb.k12.tr,,,https://haymanagultepeio.meb.k12.tr/tema/harita.php,2026-08-31,22,22,bulundu,https://haymanagultepeio.meb.k12.tr/,2026-10-01T18:24:56.354235+00:00,,Öğrenci Sayısı: 22
Ankara,Haymana,Haymana Anadolu İmam Hatip Lisesi,372851,Anadolu İmam Hatip Lisesi,https://haymanaaihl.meb.k12.tr,,,https://haymanaaihl.meb.k12.tr/tema/harita.php,2026-08-31,97,97,bulundu,https://haymanaaihl.meb.k12.tr/,2026-10-01T18:24:56.403447+00:00,,Öğrenci Sayısı : 97
Ankara,Haymana,Haymana Bumsuz Çok Programlı Anadolu Lisesi,875586,Çok Programlı Anadolu Lisesi,https://bumsuzcokprogramlilisesi.meb.k12.tr,,,https://bumsuzcokprogramlilisesi.meb.k12.tr/tema/harita.php,2026-08-31,62,62,bulundu,https://bumsuzcokprogramlilisesi.meb.k12.tr/,2026-10-01T18:24:56.443847+00:00,,Öğrenci Sayısı 62
Ankara,Haymana,Haymana Halk Eğitimi Merkezi,120546,Halk Eğitimi Merkezi,https://haymanahem.meb.k12.tr,,,https://haymanahem.meb.k12.tr/tema/harita.php,2026-08-31,,,bulunamadi,,2026-10-01T18:24:56.516335+00:00,,
Ankara,Haymana,Haymana Mesleki ve Teknik Anadolu Lisesi,120534,Mesleki ve Teknik Anadolu Lisesi,https://haymanamtal.meb.k12.tr,,,https://haymanamtal.meb.k12.tr/tema/harita.php,2026-08-31,144,144,bulundu,https://haymanamtal.meb.k12.tr/,2026-10-01T18:24:57.962542+00:00,,Öğrenci Sayısı : 144
Ankara,Haymana,Haymana Çok Programlı Anadolu Lisesi,965977,Çok Programlı Anadolu Lisesi,https://haymanacpal.meb.k12.tr,,,https://haymanacpal.meb.k12.tr/tema/harita.php,2026-08-31,91,91,bulundu,https://haymanacpal.meb.k12.tr/,2026-10-01T18:24:57.973413+00:00,,Öğrenci Sayısı : 91
Ankara,Haymana,Haymana Öğretmenevi ve Akşam Sanat Okulu,971026,Öğretmenevi,https://haymanaogretmenevi.meb.k12.tr,,,https://haymanaogretmenevi.meb.k12.tr/tema/harita.php,2026-08-31,,,bulunamadi,,2026-10-01T18:24:58.043259+00:00,,
Ankara,Haymana,Haymana Şehit Ali Koç İmam Hatip Ortaokulu,711226,İmam Hatip Ortaokulu,https://haymanaimamhatiportaokulu.meb.k12.tr,,,https://haymanaimamhatiportaokulu.meb.k12.tr/tema/harita.php,2026-08-31,66,66,bulundu,https://haymanaimamhatiportaokulu.meb.k12.tr/,2026-10-01T18:24:58.078963+00:00,,Öğrenci Sayısı 66
Ankara,Haymana,KATRANCI İLKOKULU,707575,İlkokul,https://haymanakatranciilkokulu.meb.k12.tr,,,https://haymanakatranciilkokulu.meb.k12.tr/tema/harita.php,2026-08-31,16,16,bulundu,https://haymanakatranciilkokulu.meb.k12.tr/,2026-10-01T18:24:58.095065+00:00,,Öğrenci Sayısı: 16
Ankara,Haymana,Karapınar İlkokulu,740176,İlkokul,https://haymanakarapinarilkokulu.meb.k12.tr,,,https://haymanakarapinarilkokulu.meb.k12.tr/tema/harita.php,2026-08-31,15,15,bulundu,https://haymanakarapinarilkokulu.meb.k12.tr/,2026-10-01T18:24:58.112538+00:00,,Öğrenci Sayısı 15
Ankara,Haymana,Kavak İlkokulu,707605,İlkokul,https://haymanakavakilkokulu.meb.k12.tr,,,https://haymanakavakilkokulu.meb.k12.tr/tema/harita.php,2026-08-31,13,13,bulundu,https://haymanakavakilkokulu.meb.k12.tr/,2026-10-01T18:24:58.117697+00:00,,Öğrenci Sayısı 13
Ankara,Haymana,Kerpiç Ortaokulu,725095,Ortaokul,https://kerpicortaokulu.meb.k12.tr,,,https://kerpicortaokulu.meb.k12.tr/tema/harita.php,2026-08-31,49,49,bulundu,https://kerpicortaokulu.meb.k12.tr/,2026-10-01T18:24:58.157861+00:00,,Öğrenci Sayısı 49
Ankara,Haymana,Kerpiç İlkokulu,354390,İlkokul,https://kerpicilkokulu.meb.k12.tr,,,https://kerpicilkokulu.meb.k12.tr/tema/harita.php,2026-08-31,54,54,bulundu,https://kerpicilkokulu.meb.k12.tr/,2026-10-01T18:24:58.215816+00:00,,Öğrenci Sayısı: 54
Ankara,Haymana,Kutluhan İlkokulu,707663,İlkokul,https://kutluhanilkokulu.meb.k12.tr,,,https://kutluhanilkokulu.meb.k12.tr/tema/harita.php,2026-08-31,21,21,bulundu,https://kutluhanilkokulu.meb.k12.tr/,2026-10-01T18:24:58.246388+00:00,,Öğrenci Sayısı 21
Ankara,Haymana,Mahmut Hilmi Doğan Ortaokulu,976833,Ortaokul,https://mahmuthilmidogan.meb.k12.tr,,,https://mahmuthilmidogan.meb.k12.tr/tema/harita.php,2026-08-31,166,166,bulundu,https://mahmuthilmidogan.meb.k12.tr/,2026-10-01T18:24:58.277045+00:00,,Öğrenci Sayısı 166
Ankara,Haymana,Mangaldağı Ortaokulu,744884,Ortaokul,https://mangaldagiortaokulu.meb.k12.tr,,,https://mangaldagiortaokulu.meb.k12.tr/tema/harita.php,2026-08-31,154,154,bulundu,https://mangaldagiortaokulu.meb.k12.tr/,2026-10-01T18:24:58.321107+00:00,,Öğrenci Sayısı : 154
Ankara,Haymana,Nuri Bektaş Anadolu Lisesi,966455,Anadolu Lisesi,https://nuribektasanadolu.meb.k12.tr,,,https://nuribektasanadolu.meb.k12.tr/tema/harita.php,2026-08-31,202,202,bulundu,https://nuribektasanadolu.meb.k12.tr/,2026-10-01T18:24:58.343459+00:00,,Öğrenci Sayısı 202
Ankara,Haymana,Sinanlı Ortaokulu,725092,Ortaokul,https://haymanasinanliortaokulu.meb.k12.tr,,,https://haymanasinanliortaokulu.meb.k12.tr/tema/harita.php,2026-08-31,12,12,bulundu,https://haymanasinanliortaokulu.meb.k12.tr/,2026-10-01T18:24:58.389891+00:00,,Öğrenci Sayısı : 12
Ankara,Haymana,Sinanlı İlkokulu,725229,İlkokul,https://haymanasinanliilkokulu.meb.k12.tr,,,https://haymanasinanliilkokulu.meb.k12.tr/tema/harita.php,2026-08-31,22,22,bulundu,https://haymanasinanliilkokulu.meb.k12.tr/,2026-10-01T18:24:58.459117+00:00,,Öğrenci Sayısı 22
Ankara,Haymana,Tepeköy İlkokulu,707796,İlkokul,https://tepekyilkokulu.meb.k12.tr,,,https://tepekyilkokulu.meb.k12.tr/tema/harita.php,2026-08-31,12,12,bulundu,https://tepekyilkokulu.meb.k12.tr/,2026-10-01T18:24:58.470444+00:00,,Öğrenci Sayısı: 12
Ankara,Haymana,Yenice Dilaver Temizhan Çok Programlı Anadolu Lisesi,973419,Çok Programlı Anadolu Lisesi,https://yenicedilavertemizhancpl.meb.k12.tr,,,https://yenicedilavertemizhancpl.meb.k12.tr/tema/harita.php,2026-08-31,40,40,bulundu,https://yenicedilavertemizhancpl.meb.k12.tr/,2026-10-01T18:24:58.516989+00:00,,Öğrenci Sayısı : 40
Ankara,Haymana,Yenice Ortaokulu,725089,Ortaokul,https://haymanayeniceortaokulu.meb.k12.tr,,,https://haymanayeniceortaokulu.meb.k12.tr/tema/harita.php,2026-08-31,47,47,bulundu,https://haymanayeniceortaokulu.meb.k12.tr/,2026-10-01T18:24:58.540820+00:00,,Öğrenci Sayısı : 47
Ankara,Haymana,Yenice İlkokulu,725226,İlkokul,https://haymanayeniceilkokulu.meb.k12.tr,,,https://haymanayeniceilkokulu.meb.k12.tr/tema/harita.php,2026-08-31,60,60,bulundu,https://haymanayeniceilkokulu.meb.k12.tr/,2026-10-01T18:24:58.659798+00:00,,Öğrenci Sayısı: 60
Ankara,Haymana,Yeşilköy İlkokulu,707890,İlkokul,https://haymanayesilkoy.meb.k12.tr,,,https://haymanayesilkoy.meb.k12.tr/tema/harita.php,2026-08-31,11,11,bulundu,https://haymanayesilkoy.meb.k12.tr/tema/okulumuz_hakkinda.php,2026-10-01T18:24:58.666015+00:00,,Öğrenci : 11
Ankara,Haymana,Çaldağ Ortaokulu,725104,Ortaokul,https://caldagortaokulu.meb.k12.tr,,,https://caldagortaokulu.meb.k12.tr/tema/harita.php,2026-08-31,88,88,bulundu,https://caldagortaokulu.meb.k12.tr/,2026-10-01T18:24:58.880514+00:00,,Öğrenci Sayısı 88
Ankara,Haymana,Çaldağ İlkokulu,725736,İlkokul,https://caldagilkokulu.meb.k12.tr,,,https://caldagilkokulu.meb.k12.tr/tema/harita.php,2026-08-31,113,113,bulundu,https://caldagilkokulu.meb.k12.tr/,2026-10-01T18:24:58.937909+00:00,,Öğrenci Sayısı : 113
Ankara,Haymana,İstiklal İlkokulu,266067,İlkokul,https://haymanaistiklal.meb.k12.tr,,,https://haymanaistiklal.meb.k12.tr/tema/harita.php,2026-08-31,159,159,bulundu,https://haymanaistiklal.meb.k12.tr/,2026-10-01T18:24:58.953251+00:00,,Öğrenci Sayısı: 159
Ankara,Haymana,Şehit Alper Kaymakcı İlkokulu,707978,İlkokul,https://sehitalperkaymakciilkokulu.meb.k12.tr,,,https://sehitalperkaymakciilkokulu.meb.k12.tr/tema/harita.php,2026-08-31,8,8,bulundu,https://sehitalperkaymakciilkokulu.meb.k12.tr/,2026-10-01T18:24:58.959670+00:00,,Öğrenci Sayısı 8
Ankara,Haymana,Şehit İsmail Benli Ortaokulu,725114,Ortaokul,https://sehitismailbenliortaokulu.meb.k12.tr,,,https://sehitismailbenliortaokulu.meb.k12.tr/tema/harita.php,2026-08-31,52,52,bulundu,https://sehitismailbenliortaokulu.meb.k12.tr/,2026-10-01T18:24:59.038393+00:00,,Öğrenci Sayısı : 52
Ankara,Haymana,Şehit İsmail Benli İlkokulu,354066,İlkokul,https://sehitismailbenliilkokulu.meb.k12.tr,,,https://sehitismailbenliilkokulu.meb.k12.tr/tema/harita.php,2026-08-31,58,58,bulundu,https://sehitismailbenliilkokulu.meb.k12.tr/,2026-10-01T18:24:59.106184+00:00,,Öğrenci Sayısı: 58
Ankara,Kahramankazan,100.Yıl İstiklal İlkokulu,775111,İlkokul,https://775111.meb.k12.tr,,,https://775111.meb.k12.tr/tema/harita.php,2026-08-31,377,377,bulundu,https://775111.meb.k12.tr/,2026-10-01T18:24:59.110089+00:00,,Öğrenci Sayısı : 377
Ankara,Kahramankazan,Akıncı Anadolu Lisesi,962598,Anadolu Lisesi,https://ankaraakincilisesi.meb.k12.tr,,,https://ankaraakincilisesi.meb.k12.tr/tema/harita.php,2026-08-31,527,527,bulundu,https://ankaraakincilisesi.meb.k12.tr/,2026-10-01T18:24:59.138797+00:00,,Öğrenci Sayısı : 527
Ankara,Kahramankazan,Atatürk İlkokulu,708496,İlkokul,https://kazanataturkilkokulu.meb.k12.tr,,,https://kazanataturkilkokulu.meb.k12.tr/tema/harita.php,2026-08-31,894,894,bulundu,https://kazanataturkilkokulu.meb.k12.tr/,2026-10-01T18:24:59.142617+00:00,,Öğrenci Sayısı 894
Ankara,Kahramankazan,Fatih Ortaokulu,887499,Ortaokul,https://kahramankazanfatihortaokulu.meb.k12.tr,,,https://kahramankazanfatihortaokulu.meb.k12.tr/tema/harita.php,2026-08-31,816,816,bulundu,https://kahramankazanfatihortaokulu.meb.k12.tr/,2026-10-01T18:24:59.253075+00:00,,Öğrenci Sayısı : 816
Ankara,Kahramankazan,Gazi İlkokulu,853263,İlkokul,https://kazangaziilkokulu.meb.k12.tr,,,https://kazangaziilkokulu.meb.k12.tr/tema/harita.php,2026-08-31,663,663,bulundu,https://kazangaziilkokulu.meb.k12.tr/,2026-10-01T18:24:59.266591+00:00,,Öğrenci Sayısı 663
Ankara,Kahramankazan,Gülnaz-İbrahim Güngör Tara Kız Mesleki ve Teknik Anadolu Lisesi,973124,Mesleki ve Teknik Anadolu Lisesi,https://kazantarakml.meb.k12.tr,,,https://kazantarakml.meb.k12.tr/tema/harita.php,2026-08-31,156,156,bulundu,https://kazantarakml.meb.k12.tr/,2026-10-01T18:24:59.396756+00:00,,Öğrenci Sayısı 156
Ankara,Kahramankazan,Hamdi Eriş Ortaokulu,725064,Ortaokul,https://hamdierisoo.meb.k12.tr,,,https://hamdierisoo.meb.k12.tr/tema/harita.php,2026-08-31,50,50,bulundu,https://hamdierisoo.meb.k12.tr/,2026-10-01T18:24:59.468281+00:00,,Öğrenci Sayısı : 50
Ankara,Kahramankazan,Hamdi Eriş İlkokulu,725127,İlkokul,https://725127.meb.k12.tr,,,https://725127.meb.k12.tr/tema/harita.php,2026-08-31,46,46,bulundu,https://725127.meb.k12.tr/,2026-10-01T18:24:59.487870+00:00,,Öğrenci Sayısı 46
Ankara,Kahramankazan,Hamdiye Unlu ilkokulu,708545,İlkokul,https://hamdiyeunluilkokulu.meb.k12.tr,,,https://hamdiyeunluilkokulu.meb.k12.tr/tema/harita.php,2026-08-31,502,502,bulundu,https://hamdiyeunluilkokulu.meb.k12.tr/,2026-10-01T18:24:59.527152+00:00,,Öğrenci Sayısı: 502
Ankara,Kahramankazan,KAZAN BELEDİYESİ ÖZEL EĞİTİM UYGULAMA OKULU III. KADEME,747979,Özel Eğitim Kurumu,https://kkazanozeleitimisuygulama.meb.k12.tr,,,https://kkazanozeleitimisuygulama.meb.k12.tr/tema/harita.php,2026-08-31,10,10,bulundu,https://kkazanozeleitimisuygulama.meb.k12.tr/,2026-10-01T18:24:59.538930+00:00,,Öğrenci Sayısı : 10
Ankara,Kahramankazan,Kahramankazan Anaokulu,750134,Anaokulu,https://kahramankazananaokulu.meb.k12.tr,,,https://kahramankazananaokulu.meb.k12.tr/tema/harita.php,2026-08-31,114,114,bulundu,https://kahramankazananaokulu.meb.k12.tr/,2026-10-01T18:24:59.570978+00:00,,Öğrenci Sayısı : 114
Ankara,Kahramankazan,Kahramankazan Belediyesi Özel Eğitim Uygulama Okulu I. Kademe,747031,Özel Eğitim Kurumu,https://kkazanozelegitimuygulama.meb.k12.tr,,,https://kkazanozelegitimuygulama.meb.k12.tr/tema/harita.php,2026-08-31,12,12,bulundu,https://kkazanozelegitimuygulama.meb.k12.tr/,2026-10-01T18:24:59.688384+00:00,,Öğrenci Sayısı : 12
Ankara,Kahramankazan,Kahramankazan Bilim ve Sanat Merkezi,768958,Bilim ve Sanat Merkezi,https://kahramankazanbilsem.meb.k12.tr,,,https://kahramankazanbilsem.meb.k12.tr/tema/harita.php,2026-08-31,79,79,bulundu,https://kahramankazanbilsem.meb.k12.tr/,2026-10-01T18:24:59.771178+00:00,,Öğrenci Sayısı : 79
Ankara,Kahramankazan,Kahramankazan Efes Mesleki ve Teknik Anadolu Lisesi,353982,Mesleki ve Teknik Anadolu Lisesi,https://efesmtal.meb.k12.tr,,,https://efesmtal.meb.k12.tr/tema/harita.php,2026-08-31,757,757,bulundu,https://efesmtal.meb.k12.tr/,2026-10-01T18:24:59.788021+00:00,,Öğrenci Sayısı : 757
Ankara,Kahramankazan,Kahramankazan Fuat Erkmen Anadolu İmam Hatip Lisesi,372887,Anadolu İmam Hatip Lisesi,https://fuaterkmenaihl.meb.k12.tr,,,https://fuaterkmenaihl.meb.k12.tr/tema/harita.php,2026-08-31,121,121,bulundu,https://fuaterkmenaihl.meb.k12.tr/,2026-10-01T18:24:59.886101+00:00,,Öğrenci Sayısı 121
Ankara,Kahramankazan,Kahramankazan Halk Eğitimi Merkezi,123288,Halk Eğitimi Merkezi,https://kazanhem.meb.k12.tr,,,https://kazanhem.meb.k12.tr/tema/harita.php,2026-08-31,,,bulunamadi,,2026-10-01T18:24:59.980063+00:00,,
Ankara,Kahramankazan,Kahramankazan Kız Anadolu İmam Hatip Lisesi,764559,Anadolu İmam Hatip Lisesi,https://kkazankizaihl.meb.k12.tr,,,https://kkazankizaihl.meb.k12.tr/tema/harita.php,2026-08-31,217,217,bulundu,https://kkazankizaihl.meb.k12.tr/,2026-10-01T18:24:59.997876+00:00,,Öğrenci Sayısı : 217
Ankara,Kahramankazan,Kahramankazan Rehberlik ve Araştırma Merkezi,772315,Rehberlik ve Araştırma Merkezi,https://kahramankazanram.meb.k12.tr,,,https://kahramankazanram.meb.k12.tr/tema/harita.php,2026-08-31,,,bulunamadi,,2026-10-01T18:25:00.150128+00:00,,
Ankara,Kahramankazan,Kahramankazan Ticaret Mesleki ve Teknik Anadolu Lisesi,974484,Mesleki ve Teknik Anadolu Lisesi,https://kametal.meb.k12.tr,,,https://kametal.meb.k12.tr/tema/harita.php,2026-08-31,282,282,bulundu,https://kametal.meb.k12.tr/,2026-10-01T18:25:00.204116+00:00,,Öğrenci Sayısı : 282
Ankara,Kahramankazan,Kahramankazan Öğretmenevi ve Akşam Sanat Okulu Müdürlüğü,764080,Öğretmenevi,https://kkazanogretmenevi.meb.k12.tr,,,https://kkazanogretmenevi.meb.k12.tr/tema/harita.php,2026-08-31,,,bulunamadi,,2026-10-01T18:25:00.229820+00:00,,
Ankara,Kahramankazan,Kahramankazan İmam Hatip Ortaokulu,711367,İmam Hatip Ortaokulu,https://kahramankazanimamhatiportaokulu.meb.k12.tr,,,https://kahramankazanimamhatiportaokulu.meb.k12.tr/tema/harita.php,2026-08-31,624,624,bulundu,https://kahramankazanimamhatiportaokulu.meb.k12.tr/,2026-10-01T18:25:01.619166+00:00,,Öğrenci Sayısı : 624
Ankara,Kahramankazan,Kahramankazan Şehit Hasan YılmazMesleki Eğitim Merkezi,973307,Mesleki Eğitim Merkezi,https://kazanmesem.meb.k12.tr,,,https://kazanmesem.meb.k12.tr/tema/harita.php,2026-08-31,309,309,bulundu,https://kazanmesem.meb.k12.tr/,2026-10-01T18:25:01.783070+00:00,,Öğrenci Sayısı : 309
Ankara,Kahramankazan,Kahramankazan Şehit Ömer Takdemir Ortaokulu,711359,Ortaokul,https://kahramankazansehitomertakdemiroo.meb.k12.tr,,,https://kahramankazansehitomertakdemiroo.meb.k12.tr/tema/harita.php,2026-08-31,778,778,bulundu,https://kahramankazansehitomertakdemiroo.meb.k12.tr/,2026-10-01T18:25:01.793487+00:00,,Öğrenci Sayısı 778
Ankara,Kahramankazan,Kazan Belediyesi Özel Eğitim Uygulama Okulu II. Kademe,747403,Özel Eğitim Kurumu,https://747403.meb.k12.tr,,,https://747403.meb.k12.tr/tema/harita.php,2026-08-31,14,14,bulundu,https://747403.meb.k12.tr/,2026-10-01T18:25:01.800170+00:00,,Öğrenci Sayısı : 14
Ankara,Kahramankazan,Mehmet Akif Ersoy İlkokulu,767638,İlkokul,https://767638.meb.k12.tr,,,https://767638.meb.k12.tr/tema/harita.php,2026-08-31,558,558,bulundu,https://767638.meb.k12.tr/,2026-10-01T18:25:01.868389+00:00,,Öğrenci Sayısı : 558
Ankara,Kahramankazan,Milli Egemenlik İlkokulu,766854,İlkokul,https://milliegemenlikilkokulu06.meb.k12.tr,,,https://milliegemenlikilkokulu06.meb.k12.tr/tema/harita.php,2026-08-31,658,658,bulundu,https://milliegemenlikilkokulu06.meb.k12.tr/,2026-10-01T18:25:01.871850+00:00,,Öğrenci Sayısı 658
Ankara,Kahramankazan,Mustafa Hakan Güvençer Fen Lisesi,322070,Fen Lisesi,https://mhgfenlisesi.meb.k12.tr,,,https://mhgfenlisesi.meb.k12.tr/tema/harita.php,2026-08-31,512,512,bulundu,https://mhgfenlisesi.meb.k12.tr/,2026-10-01T18:25:01.935655+00:00,,Öğrenci Sayısı : 512
Ankara,Kahramankazan,Satıkadın Anaokulu,768241,Anaokulu,https://satikadinanaokulu.meb.k12.tr,,,https://satikadinanaokulu.meb.k12.tr/tema/harita.php,2026-08-31,145,145,bulundu,https://satikadinanaokulu.meb.k12.tr/,2026-10-01T18:25:02.185819+00:00,,Öğrenci Sayısı 145
Ankara,Kahramankazan,Sevimli Arılar Anaokulu,774677,Anaokulu,https://sevimliarilaranaokulu.meb.k12.tr,,,https://sevimliarilaranaokulu.meb.k12.tr/tema/harita.php,2026-08-31,162,162,bulundu,https://sevimliarilaranaokulu.meb.k12.tr/,2026-10-01T18:25:01.994069+00:00,,Öğrenci Sayısı: 162
Ankara,Kahramankazan,Yıldırım Beyazıt Ortaokulu,709310,Ortaokul,https://kazanyildirimbeyazitoo.meb.k12.tr,,,https://kazanyildirimbeyazitoo.meb.k12.tr/tema/harita.php,2026-08-31,675,675,bulundu,https://kazanyildirimbeyazitoo.meb.k12.tr/tema/okulumuz_hakkinda.php,2026-10-01T18:25:02.001810+00:00,,Öğrenci : 675
Ankara,Kahramankazan,İbrahim Bitik İlkokulu,306073,İlkokul,https://ibrahimbitikilkokulu.meb.k12.tr,,,https://ibrahimbitikilkokulu.meb.k12.tr/tema/harita.php,2026-08-31,319,319,bulundu,https://ibrahimbitikilkokulu.meb.k12.tr/,2026-10-01T18:25:02.233913+00:00,,Öğrenci Sayısı 319
Ankara,Kahramankazan,İmrendi Ortaokulu,725060,Ortaokul,https://imrendiortaokulu.meb.k12.tr,,,https://imrendiortaokulu.meb.k12.tr/tema/harita.php,2026-08-31,30,30,bulundu,https://imrendiortaokulu.meb.k12.tr/,2026-10-01T18:25:02.243686+00:00,,Öğrenci Sayısı : 30
Ankara,Kahramankazan,İmrendi İlkokulu,725123,İlkokul,https://imrendiilkokulu.meb.k12.tr,,,https://imrendiilkokulu.meb.k12.tr/tema/harita.php,2026-08-31,30,30,bulundu,https://imrendiilkokulu.meb.k12.tr/,2026-10-01T18:25:02.354121+00:00,,Öğrenci Sayısı 30
Ankara,Kahramankazan,Şahin Ortaokulu,709296,Ortaokul,https://sahinoo.meb.k12.tr,,,https://sahinoo.meb.k12.tr/tema/harita.php,2026-08-31,458,458,bulundu,https://sahinoo.meb.k12.tr/,2026-10-01T18:25:02.357189+00:00,,Öğrenci Sayısı : 458
Ankara,Kahramankazan,Şehit Ali Anar Anadolu Lisesi,762126,Anadolu Lisesi,https://sehitalianaranadolulisesi.meb.k12.tr,,,https://sehitalianaranadolulisesi.meb.k12.tr/tema/harita.php,2026-08-31,583,583,bulundu,https://sehitalianaranadolulisesi.meb.k12.tr/tema/okulumuz_hakkinda.php,2026-10-01T18:25:02.496437+00:00,,Öğrenci : 583
Ankara,Kahramankazan,Şehit Alper Kocaman İlkokulu,708616,İlkokul,https://sehitalperkocamanilkokulu.meb.k12.tr,,,https://sehitalperkocamanilkokulu.meb.k12.tr/tema/harita.php,2026-08-31,583,583,bulundu,https://sehitalperkocamanilkokulu.meb.k12.tr/,2026-10-01T18:25:02.512694+00:00,,Öğrenci Sayısı : 583
Ankara,Kahramankazan,Şehit Fatih Alpaslan Ortaokulu,770452,Ortaokul,https://sehitfatihalpaslanortaokulu.meb.k12.tr,,,https://sehitfatihalpaslanortaokulu.meb.k12.tr/tema/harita.php,2026-08-31,392,392,bulundu,https://sehitfatihalpaslanortaokulu.meb.k12.tr/,2026-10-01T18:25:02.583993+00:00,,Öğrenci Sayısı : 392
Ankara,Kahramankazan,Şehit Lokman Biçinci Mesleki ve Teknik Anadolu Lisesi,974071,Mesleki ve Teknik Anadolu Lisesi,https://sehitlokmanbicincimtal.meb.k12.tr,,,https://sehitlokmanbicincimtal.meb.k12.tr/tema/harita.php,2026-08-31,345,345,bulundu,https://sehitlokmanbicincimtal.meb.k12.tr/,2026-10-01T18:25:02.653278+00:00,,Öğrenci Sayısı 345
Ankara,Kahramankazan,Şehit Ümit Güder Ortaokulu,853575,Ortaokul,https://sehitumitguderoo.meb.k12.tr,,,https://sehitumitguderoo.meb.k12.tr/tema/harita.php,2026-08-31,360,360,bulundu,https://sehitumitguderoo.meb.k12.tr/,2026-10-01T18:25:02.962088+00:00,,Öğrenci Sayısı 360
Ankara,Kalecik,Ahiler İlkokulu,711326,İlkokul,https://kalecikahilerilkokulu.meb.k12.tr,,,https://kalecikahilerilkokulu.meb.k12.tr/tema/harita.php,2026-08-31,177,177,bulundu,https://kalecikahilerilkokulu.meb.k12.tr/tema/okulumuz_hakkinda.php,2026-10-01T18:25:02.996451+00:00,,Öğrenci : 177
Ankara,Kalecik,Cumhuriyet Ortaokulu,711355,Ortaokul,https://kalecikcumhuriyetortaokulu.meb.k12.tr,,,https://kalecikcumhuriyetortaokulu.meb.k12.tr/tema/harita.php,2026-08-31,294,294,bulundu,https://kalecikcumhuriyetortaokulu.meb.k12.tr/,2026-10-01T18:25:03.128174+00:00,,Öğrenci Sayısı 294
Ankara,Kalecik,Dumlupınar İlkokulu,725138,İlkokul,https://kalecikdumlupinarilkokulu.meb.k12.tr,,,https://kalecikdumlupinarilkokulu.meb.k12.tr/tema/harita.php,2026-08-31,171,171,bulundu,https://kalecikdumlupinarilkokulu.meb.k12.tr/,2026-10-01T18:25:03.279184+00:00,,Öğrenci Sayısı : 171
Ankara,Kalecik,Hasayaz Ortaokulu,725068,Ortaokul,https://hasayazortaokulu.meb.k12.tr,,,https://hasayazortaokulu.meb.k12.tr/tema/harita.php,2026-08-31,26,26,bulundu,https://hasayazortaokulu.meb.k12.tr/,2026-10-01T18:25:03.298677+00:00,,Öğrenci Sayısı 26
Ankara,Kalecik,Hasayaz İlkokulu,725130,İlkokul,https://hasayazilkokulu.meb.k12.tr,,,https://hasayazilkokulu.meb.k12.tr/tema/harita.php,2026-08-31,34,34,bulundu,https://hasayazilkokulu.meb.k12.tr/,2026-10-01T18:25:03.494677+00:00,,Öğrenci Sayısı 34
Ankara,Kalecik,Kalecik Anadolu Lisesi,972468,Anadolu Lisesi,https://kalecikanadolulisesi.meb.k12.tr,,,https://kalecikanadolulisesi.meb.k12.tr/tema/harita.php,2026-08-31,125,125,bulundu,https://kalecikanadolulisesi.meb.k12.tr/,2026-10-01T18:25:03.568873+00:00,,Öğrenci Sayısı 125
Ankara,Kalecik,Kalecik Anadolu İmam Hatip Lisesi,120642,Anadolu İmam Hatip Lisesi,https://kalecikanadoluimamhatiplisesi.meb.k12.tr,,,https://kalecikanadoluimamhatiplisesi.meb.k12.tr/tema/harita.php,2026-08-31,68,68,bulundu,https://kalecikanadoluimamhatiplisesi.meb.k12.tr/,2026-10-01T18:25:03.603847+00:00,,Öğrenci Sayısı : 68
Ankara,Kalecik,Kalecik Anaokulu,817325,Anaokulu,https://kalecikanaokulu.meb.k12.tr,,,https://kalecikanaokulu.meb.k12.tr/tema/harita.php,2026-08-31,79,79,bulundu,https://kalecikanaokulu.meb.k12.tr/,2026-10-01T18:25:03.854295+00:00,,Öğrenci Sayısı : 79
Ankara,Kalecik,Kalecik Halk Eğitimi Merkezi,120654,Halk Eğitimi Merkezi,https://kalecikhem.meb.k12.tr,,,https://kalecikhem.meb.k12.tr/tema/harita.php,2026-08-31,,,bulunamadi,,2026-10-01T18:25:03.921235+00:00,,
Ankara,Kalecik,Kalecik Mesleki ve Teknik Anadolu Lisesi,962846,Mesleki ve Teknik Anadolu Lisesi,https://kalecikmtal.meb.k12.tr,,,https://kalecikmtal.meb.k12.tr/tema/harita.php,2026-08-31,79,79,bulundu,https://kalecikmtal.meb.k12.tr/,2026-10-01T18:25:03.968767+00:00,,Öğrenci Sayısı 79
Ankara,Kalecik,Kalecik Öğretmenevi ve Akşam Sanat Okulu,971024,Öğretmenevi,https://kalecikogretmenevi.meb.k12.tr,,,https://kalecikogretmenevi.meb.k12.tr/tema/harita.php,2026-08-31,,,bulunamadi,,2026-10-01T18:25:04.017893+00:00,,
Ankara,Kalecik,Kalecik Şehit Mehmet Yıldırım Mesleki ve Teknik Anadolu Lisesi,905503,Mesleki ve Teknik Anadolu Lisesi,https://kaleciksmymtal.meb.k12.tr,,,https://kaleciksmymtal.meb.k12.tr/tema/harita.php,2026-08-31,110,110,bulundu,https://kaleciksmymtal.meb.k12.tr/,2026-10-01T18:25:04.077772+00:00,,Öğrenci Sayısı : 110
Ankara,Kalecik,Mehmet Doğan Fen Lisesi,965144,Fen Lisesi,https://mdfl.meb.k12.tr,,,https://mdfl.meb.k12.tr/tema/harita.php,2026-08-31,240,240,bulundu,https://mdfl.meb.k12.tr/,2026-10-01T18:25:04.152833+00:00,,Öğrenci Sayısı : 240
Ankara,Kalecik,Çandır Ortaokulu,725071,Ortaokul,https://candirortaokulu.meb.k12.tr,,,https://candirortaokulu.meb.k12.tr/tema/harita.php,2026-08-31,29,29,bulundu,https://candirortaokulu.meb.k12.tr/tema/okulumuz_hakkinda.php,2026-10-01T18:25:04.319104+00:00,,Öğrenci : 29
Ankara,Kalecik,Çandır İlkokulu,725196,İlkokul,https://candirilkokulu.meb.k12.tr,,,https://candirilkokulu.meb.k12.tr/tema/harita.php,2026-08-31,37,37,bulundu,https://candirilkokulu.meb.k12.tr/,2026-10-01T18:25:04.330055+00:00,,Öğrenci Sayısı 37
Ankara,Keçiören,19 Mayıs İlkokulu,331425,İlkokul,https://odmi.meb.k12.tr,,,https://odmi.meb.k12.tr/tema/harita.php,2026-08-31,784,784,bulundu,https://odmi.meb.k12.tr/,2026-10-01T18:25:04.422976+00:00,,Öğrenci Sayısı : 784
Ankara,Keçiören,23 Nisan Ortaokulu,353634,Ortaokul,https://kecioren23nisan.meb.k12.tr,,,https://kecioren23nisan.meb.k12.tr/tema/harita.php,2026-08-31,1376,1376,bulundu,https://kecioren23nisan.meb.k12.tr/,2026-10-01T18:25:04.469776+00:00,,Öğrenci Sayısı : 1376
Ankara,Keçiören,29 Ekim Cumhuriyet İlkokulu,976516,İlkokul,https://kecioren29ekim.meb.k12.tr,,,https://kecioren29ekim.meb.k12.tr/tema/harita.php,2026-08-31,560,560,bulundu,https://kecioren29ekim.meb.k12.tr/,2026-10-01T18:25:04.504422+00:00,,Öğrenci Sayısı : 560
Ankara,Keçiören,Abdulhakim Arvasi Ortaokulu,751585,Ortaokul,https://abdulhakimarvasiortaokulu.meb.k12.tr,,,https://abdulhakimarvasiortaokulu.meb.k12.tr/tema/harita.php,2026-08-31,,,bulunamadi,,2026-10-01T18:25:04.575142+00:00,,
Ankara,Keçiören,Abdullah Mürşide Özünenek Anadolu Lisesi,964300,Anadolu Lisesi,https://ozunenek.meb.k12.tr,,,https://ozunenek.meb.k12.tr/tema/harita.php,2026-08-31,803,803,bulundu,https://ozunenek.meb.k12.tr/,2026-10-01T18:25:04.627123+00:00,,Öğrenci Sayısı 803
Ankara,Keçiören,Abdurrahim Karakoç Anadolu Lisesi,759725,Anadolu Lisesi,https://abdurrahimkarakocanadolulisesi.meb.k12.tr,,,https://abdurrahimkarakocanadolulisesi.meb.k12.tr/tema/harita.php,2026-08-31,,,bulunamadi,,2026-10-01T18:25:04.746948+00:00,,
Ankara,Keçiören,Ahmet Cevdet Paşa Ortaokulu,709360,Ortaokul,https://ahmetcevdetpasaortaokulu.meb.k12.tr,,,https://ahmetcevdetpasaortaokulu.meb.k12.tr/tema/harita.php,2026-08-31,651,651,bulundu,https://ahmetcevdetpasaortaokulu.meb.k12.tr/tema/okulumuz_hakkinda.php,2026-10-01T18:25:04.906215+00:00,,Öğrenci : 651
Ankara,Keçiören,Aktepe İmam Hatip Ortaokulu,758490,İmam Hatip Ortaokulu,https://aktepeiho.meb.k12.tr,,,https://aktepeiho.meb.k12.tr/tema/harita.php,2026-08-31,345,345,bulundu,https://aktepeiho.meb.k12.tr/tema/okulumuz_hakkinda.php,2026-10-01T18:25:05.207813+00:00,,Öğrenci : 345
Ankara,Keçiören,Aktepe Şehit Köksal Kaşaltı Anadolu lisesi,120953,Anadolu Lisesi,https://aktepesehitkoksalkasaltial.meb.k12.tr,,,https://aktepesehitkoksalkasaltial.meb.k12.tr/tema/harita.php,2026-08-31,369,369,bulundu,https://aktepesehitkoksalkasaltial.meb.k12.tr/,2026-10-01T18:25:05.241690+00:00,,Öğrenci Sayısı : 369
Ankara,Keçiören,Akşemsettin Anadolu Lisesi,767567,Anadolu Lisesi,https://aksemsettinal.meb.k12.tr,,,https://aksemsettinal.meb.k12.tr/tema/harita.php,2026-08-31,1038,1038,bulundu,https://aksemsettinal.meb.k12.tr/,2026-10-01T18:25:05.325224+00:00,,Öğrenci Sayısı : 1038
Ankara,Keçiören,Ali Ağaoğlu Anaokulu,750357,Anaokulu,https://aliagaogluanaokulu.meb.k12.tr,,,https://aliagaogluanaokulu.meb.k12.tr/tema/harita.php,2026-08-31,233,233,bulundu,https://aliagaogluanaokulu.meb.k12.tr/,2026-10-01T18:25:05.515459+00:00,,Öğrenci Sayısı 233
Ankara,Keçiören,Ankara Ticaret Odası İlkokulu,708680,İlkokul,https://atoilkokulu.meb.k12.tr,,,https://atoilkokulu.meb.k12.tr/tema/harita.php,2026-08-31,686,686,bulundu,https://atoilkokulu.meb.k12.tr/,2026-10-01T18:25:05.573092+00:00,,Öğrenci Sayısı : 686
Ankara,Keçiören,Ankara Yunus Emre Eğitim ve Uygulama Merkezi,776984,Özel Eğitim Kurumu,https://776984.meb.k12.tr,,,https://776984.meb.k12.tr/tema/harita.php,2026-08-31,0,0,bulundu,https://776984.meb.k12.tr/tema/okulumuz_hakkinda.php,2026-10-01T18:25:05.711932+00:00,,Öğrenci : 0
Ankara,Keçiören,Arif Nihat Asya İlkokulu,767648,İlkokul,https://arifnihatasyaio.meb.k12.tr,,,https://arifnihatasyaio.meb.k12.tr/tema/harita.php,2026-08-31,1297,1297,bulundu,https://arifnihatasyaio.meb.k12.tr/,2026-10-01T18:25:05.743005+00:00,,Öğrenci Sayısı : 1297
Ankara,Keçiören,Atatürk Anadolu İmam Hatip Lisesi,763549,Anadolu İmam Hatip Lisesi,https://ataturkaihl.meb.k12.tr,,,https://ataturkaihl.meb.k12.tr/tema/harita.php,2026-08-31,745,745,bulundu,https://ataturkaihl.meb.k12.tr/,2026-10-01T18:25:05.834844+00:00,,Öğrenci Sayısı : 745
Ankara,Keçiören,Aydınlıkevler Anadolu Lisesi,964299,Anadolu Lisesi,https://aydinlikevleral.meb.k12.tr,,,https://aydinlikevleral.meb.k12.tr/tema/harita.php,2026-08-31,640,640,bulundu,https://aydinlikevleral.meb.k12.tr/,2026-10-01T18:25:05.874090+00:00,,Öğrenci Sayısı 640
Ankara,Keçiören,Aydınlıkevler Ticaret Mesleki ve Teknik Anadolu Lisesi,121049,Mesleki ve Teknik Anadolu Lisesi,https://aytim.meb.k12.tr,,,https://aytim.meb.k12.tr/tema/harita.php,2026-08-31,626,626,bulundu,https://aytim.meb.k12.tr/,2026-10-01T18:25:05.874791+00:00,,Öğrenci Sayısı : 626
Ankara,Keçiören,Ayvalı Özel Eğitim Uygulama Okulu I. Kademe,777015,Özel Eğitim Kurumu,https://777015.meb.k12.tr,,,https://777015.meb.k12.tr/tema/harita.php,2026-08-31,46,46,bulundu,https://777015.meb.k12.tr/,2026-10-01T18:25:05.897375+00:00,,Öğrenci Sayısı : 46
Ankara,Keçiören,Aşık Veysel Anaokulu,759248,Anaokulu,https://asikveyselanaokulu.meb.k12.tr,,,https://asikveyselanaokulu.meb.k12.tr/tema/harita.php,2026-08-31,,,bulunamadi,,2026-10-01T18:25:06.270121+00:00,,
Ankara,Keçiören,Aşık Veysel Ortaokulu,710111,Ortaokul,https://keciorenasikveyseloo.meb.k12.tr,,,https://keciorenasikveyseloo.meb.k12.tr/tema/harita.php,2026-08-31,,,bulunamadi,,2026-10-01T18:25:06.296350+00:00,,
Ankara,Keçiören,BAĞLUM ŞERİFE BACI ANAOKULU,771491,Anaokulu,https://baglumserifebacianaokulu.meb.k12.tr,,,https://baglumserifebacianaokulu.meb.k12.tr/tema/harita.php,2026-08-31,105,105,bulundu,https://baglumserifebacianaokulu.meb.k12.tr/,2026-10-01T18:25:06.315789+00:00,,Öğrenci Sayısı : 105
Ankara,Keçiören,Barış Manço Ortaokulu,976845,Ortaokul,https://barismancoortaokulu.meb.k12.tr,,,https://barismancoortaokulu.meb.k12.tr/tema/harita.php,2026-08-31,,,bulunamadi,,2026-10-01T18:25:06.319332+00:00,,
Ankara,Keçiören,Barışyolu İlkokulu,887780,İlkokul,https://barisyolu.meb.k12.tr,,,https://barisyolu.meb.k12.tr/tema/harita.php,2026-08-31,330,330,bulundu,https://barisyolu.meb.k12.tr/,2026-10-01T18:25:06.420238+00:00,,Öğrenci Sayısı : 330
Ankara,Keçiören,Bağlum Anadolu Lisesi,766255,Anadolu Lisesi,https://baglumanadolulisesi.meb.k12.tr,,,https://baglumanadolulisesi.meb.k12.tr/tema/harita.php,2026-08-31,375,375,bulundu,https://baglumanadolulisesi.meb.k12.tr/,2026-10-01T18:25:06.448811+00:00,,Öğrenci Sayısı : 375
Ankara,Keçiören,Bağlum Anaokulu,759990,Anaokulu,https://baglumanaokulu.meb.k12.tr,,,https://baglumanaokulu.meb.k12.tr/tema/harita.php,2026-08-31,157,157,bulundu,https://baglumanaokulu.meb.k12.tr/,2026-10-01T18:25:06.652740+00:00,,Öğrenci Sayısı 157
Ankara,Keçiören,Bağlum Mesleki ve Teknik Anadolu Lisesi,767575,Mesleki ve Teknik Anadolu Lisesi,https://baglummtal.meb.k12.tr,,,https://baglummtal.meb.k12.tr/tema/harita.php,2026-08-31,337,337,bulundu,https://baglummtal.meb.k12.tr/,2026-10-01T18:25:06.653951+00:00,,Öğrenci Sayısı 337
Ankara,Keçiören,Bağlum Özel Eğitim Meslek Okulu,775136,Özel Eğitim Kurumu,https://baglumozelegitimmeslekokulu.meb.k12.tr,,,https://baglumozelegitimmeslekokulu.meb.k12.tr/tema/harita.php,2026-08-31,220,220,bulundu,https://baglumozelegitimmeslekokulu.meb.k12.tr/,2026-10-01T18:25:06.685677+00:00,,Öğrenci Sayısı : 220
Ankara,Keçiören,Bağlum Özel Eğitim Uygulama Okulu I. Kademe,773987,Özel Eğitim Kurumu,https://773985.meb.k12.tr,,,https://773985.meb.k12.tr/tema/harita.php,2026-08-31,0,0,bulundu,https://773985.meb.k12.tr/,2026-10-01T18:25:06.729166+00:00,,Öğrenci Sayısı : 0
Ankara,Keçiören,Bağlum Özel Eğitim Uygulama Okulu II. Kademe,773988,Özel Eğitim Kurumu,https://773983.meb.k12.tr,,,https://773983.meb.k12.tr/tema/harita.php,2026-08-31,0,0,bulundu,https://773983.meb.k12.tr/,2026-10-01T18:25:06.814812+00:00,,Öğrenci Sayısı : 0
Ankara,Keçiören,Bağlum Özel Eğitim Uygulama Okulu III. Kademe,768494,Özel Eğitim Kurumu,https://baglumozelegitim.meb.k12.tr,,,https://baglumozelegitim.meb.k12.tr/tema/harita.php,2026-08-31,33,33,bulundu,https://baglumozelegitim.meb.k12.tr/,2026-10-01T18:25:07.280909+00:00,,Öğrenci Sayısı : 33
Ankara,Keçiören,Bağlum İlkokulu,717230,İlkokul,https://baglumilkokulu.meb.k12.tr,,,https://baglumilkokulu.meb.k12.tr/tema/harita.php,2026-08-31,739,739,bulundu,https://baglumilkokulu.meb.k12.tr/,2026-10-01T18:25:07.323659+00:00,,Öğrenci Sayısı : 739
Ankara,Keçiören,Bağlum Şehit Oğuz Kaan Usta Mesleki ve Teknik Anadolu Lisesi,767612,Mesleki ve Teknik Anadolu Lisesi,https://baglumsehitoguzkaanustamtal.meb.k12.tr,,,https://baglumsehitoguzkaanustamtal.meb.k12.tr/tema/harita.php,2026-08-31,,,bulunamadi,,2026-10-01T18:25:07.345174+00:00,,
Ankara,Keçiören,Bağlum Şehit Yakup Çapat Anadolu İmam Hatip Lisesi,751695,Anadolu İmam Hatip Lisesi,https://baglumsehityakupcapataihl.meb.k12.tr,,,https://baglumsehityakupcapataihl.meb.k12.tr/tema/harita.php,2026-08-31,403,403,bulundu,https://baglumsehityakupcapataihl.meb.k12.tr/,2026-10-01T18:25:07.354314+00:00,,Öğrenci Sayısı 403
Ankara,Keçiören,Begüm Anaokulu,970669,Anaokulu,https://begumanaokulu.meb.k12.tr,,,https://begumanaokulu.meb.k12.tr/tema/harita.php,2026-08-31,,,bulunamadi,,2026-10-01T18:25:07.391013+00:00,,
Ankara,Keçiören,Bekir Gökdağ Anadolu Lisesi,974812,Anadolu Lisesi,https://bekirgokdaganadolu.meb.k12.tr,,,https://bekirgokdaganadolu.meb.k12.tr/tema/harita.php,2026-08-31,,,bulunamadi,,2026-10-01T18:25:07.413427+00:00,,
Ankara,Keçiören,Bilal Yaşar Ortaokulu,887528,Ortaokul,https://bilalyasarortaokulu.meb.k12.tr,,,https://bilalyasarortaokulu.meb.k12.tr/tema/harita.php,2026-08-31,896,896,bulundu,https://bilalyasarortaokulu.meb.k12.tr/,2026-10-01T18:25:07.622317+00:00,,Öğrenci Sayısı : 896
Ankara,Keçiören,Bilim Ortaokulu,768691,Ortaokul,https://bilimortaokulu.meb.k12.tr,,,https://bilimortaokulu.meb.k12.tr/tema/harita.php,2026-08-31,769,769,bulundu,https://bilimortaokulu.meb.k12.tr/,2026-10-01T18:25:07.672373+00:00,,Öğrenci Sayısı : 769
Ankara,Keçiören,Danışment Çiçekli İlkokulu,879511,İlkokul,https://danismentcicekli.meb.k12.tr,,,https://danismentcicekli.meb.k12.tr/tema/harita.php,2026-08-31,613,613,bulundu,https://danismentcicekli.meb.k12.tr/tema/okulumuz_hakkinda.php,2026-10-01T18:25:07.705891+00:00,,Öğrenci : 613
Ankara,Keçiören,Dumlupınar İlkokulu,702283,İlkokul,https://keciorendumlupinar.meb.k12.tr,,,https://keciorendumlupinar.meb.k12.tr/tema/harita.php,2026-08-31,454,454,bulundu,https://keciorendumlupinar.meb.k12.tr/,2026-10-01T18:25:07.711524+00:00,,Öğrenci Sayısı 454
Ankara,Keçiören,Emine Işınsu Anadolu Lisesi,768427,Anadolu Lisesi,https://emineisinsuanadolulisesi.meb.k12.tr,,,https://emineisinsuanadolulisesi.meb.k12.tr/tema/harita.php,2026-08-31,1010,1010,bulundu,https://emineisinsuanadolulisesi.meb.k12.tr/tema/okulumuz_hakkinda.php,2026-10-01T18:25:07.778588+00:00,,Öğrenci : 1010
Ankara,Keçiören,Ertuğrul Gazi Anadolu Lisesi,766254,Anadolu Lisesi,https://ertugrulgazianadolulisesi.meb.k12.tr,,,https://ertugrulgazianadolulisesi.meb.k12.tr/tema/harita.php,2026-08-31,716,716,bulundu,https://ertugrulgazianadolulisesi.meb.k12.tr/,2026-10-01T18:25:07.833772+00:00,,Öğrenci Sayısı : 716
Ankara,Keçiören,Esertepe Mesleki ve Teknik Anadolu Lisesi,748764,Mesleki ve Teknik Anadolu Lisesi,https://esertepe.meb.k12.tr,,,https://esertepe.meb.k12.tr/tema/harita.php,2026-08-31,820,820,bulundu,https://esertepe.meb.k12.tr/,2026-10-01T18:25:07.873129+00:00,,Öğrenci Sayısı : 820
Ankara,Keçiören,Etlik Anadolu Lisesi,974813,Anadolu Lisesi,https://etlikanadolulisesi.meb.k12.tr,,,https://etlikanadolulisesi.meb.k12.tr/tema/harita.php,2026-08-31,537,537,bulundu,https://etlikanadolulisesi.meb.k12.tr/,2026-10-01T18:25:08.195123+00:00,,Öğrenci Sayısı : 537
Ankara,Keçiören,Etlik Anadolu İmam Hatip Lisesi,974691,Anadolu İmam Hatip Lisesi,https://etlikimamhatip.meb.k12.tr,,,https://etlikimamhatip.meb.k12.tr/tema/harita.php,2026-08-31,468,468,bulundu,https://etlikimamhatip.meb.k12.tr/,2026-10-01T18:25:08.234296+00:00,,Öğrenci Sayısı : 468
Ankara,Keçiören,Etlik Kız Mesleki ve Teknik Anadolu Lisesi,121025,Mesleki ve Teknik Anadolu Lisesi,https://ekml.meb.k12.tr,,,https://ekml.meb.k12.tr/tema/harita.php,2026-08-31,623,623,bulundu,https://ekml.meb.k12.tr/tema/okulumuz_hakkinda.php,2026-10-01T18:25:08.250048+00:00,,Öğrenci : 623
Ankara,Keçiören,Etlik Özel Eğitim Uygulama Okulu I. Kademe,771051,Özel Eğitim Kurumu,https://771051.meb.k12.tr,,,https://771051.meb.k12.tr/tema/harita.php,2026-08-31,18,18,bulundu,https://771051.meb.k12.tr/,2026-10-01T18:25:08.274391+00:00,,Öğrenci Sayısı : 18
Ankara,Keçiören,Etlik Özel Eğitim Uygulama Okulu II. Kademe,771052,Özel Eğitim Kurumu,https://771052.meb.k12.tr,,,https://771052.meb.k12.tr/tema/harita.php,2026-08-31,45,45,bulundu,https://771052.meb.k12.tr/,2026-10-01T18:25:08.364458+00:00,,Öğrenci Sayısı : 45
Ankara,Keçiören,Faik Erbağı Ortaokulu,711380,Ortaokul,https://faikerbagiortaokulu.meb.k12.tr,,,https://faikerbagiortaokulu.meb.k12.tr/tema/harita.php,2026-08-31,712,712,bulundu,https://faikerbagiortaokulu.meb.k12.tr/,2026-10-01T18:25:08.851011+00:00,,Öğrenci Sayısı 712
Ankara,Keçiören,Faik Erbağı İlkokulu,331462,İlkokul,https://faikerbagi.meb.k12.tr,,,https://faikerbagi.meb.k12.tr/tema/harita.php,2026-08-31,624,624,bulundu,https://faikerbagi.meb.k12.tr/tema/okulumuz_hakkinda.php,2026-10-01T18:25:08.870924+00:00,,Öğrenci : 624
Ankara,Keçiören,Farabi Anadolu Lisesi,262535,Anadolu Lisesi,https://farabilisesi.meb.k12.tr,,,https://farabilisesi.meb.k12.tr/tema/harita.php,2026-08-31,902,902,bulundu,https://farabilisesi.meb.k12.tr/,2026-10-01T18:25:08.892514+00:00,,Öğrenci Sayısı 902
Ankara,Keçiören,Fatih Sultan Mehmet Anadolu İmam Hatip Lisesi,120989,Anadolu İmam Hatip Lisesi,https://keciorenfatihsultanmehmetaihl.meb.k12.tr,,,https://keciorenfatihsultanmehmetaihl.meb.k12.tr/tema/harita.php,2026-08-31,253,253,bulundu,https://keciorenfatihsultanmehmetaihl.meb.k12.tr/,2026-10-01T18:25:08.986066+00:00,,Öğrenci Sayısı : 253
Ankara,Keçiören,Fethiye Kemal Mumcu Anadolu Lisesi,767596,Anadolu Lisesi,https://fkmal.meb.k12.tr,,,https://fkmal.meb.k12.tr/tema/harita.php,2026-08-31,909,909,bulundu,https://fkmal.meb.k12.tr/,2026-10-01T18:25:09.006043+00:00,,Öğrenci Sayısı : 909
Ankara,Keçiören,Fetih Anadolu Lisesi,767569,Anadolu Lisesi,https://fetihanadolulisesi.meb.k12.tr,,,https://fetihanadolulisesi.meb.k12.tr/tema/harita.php,2026-08-31,899,899,bulundu,https://fetihanadolulisesi.meb.k12.tr/tema/okulumuz_hakkinda.php,2026-10-01T18:25:09.260107+00:00,,Öğrenci : 899
Ankara,Keçiören,Fevziatlıoğlu İlkokulu,331391,İlkokul,https://fevziatlioglu.meb.k12.tr,,,https://fevziatlioglu.meb.k12.tr/tema/harita.php,2026-08-31,658,658,bulundu,https://fevziatlioglu.meb.k12.tr/,2026-10-01T18:25:09.309463+00:00,,Öğrenci Sayısı : 658
Ankara,Keçiören,Gazi Ahmet Muhtar Paşa İlkokulu,708904,İlkokul,https://gaziahmetmuhtarpasaio.meb.k12.tr,,,https://gaziahmetmuhtarpasaio.meb.k12.tr/tema/harita.php,2026-08-31,605,605,bulundu,https://gaziahmetmuhtarpasaio.meb.k12.tr/,2026-10-01T18:25:09.326015+00:00,,Öğrenci Sayısı 605
Ankara,Keçiören,Genç Osman Anadolu Lisesi,974814,Anadolu Lisesi,https://gencosmananadolulisesi.meb.k12.tr,,,https://gencosmananadolulisesi.meb.k12.tr/tema/harita.php,2026-08-31,764,764,bulundu,https://gencosmananadolulisesi.meb.k12.tr/,2026-10-01T18:25:09.350571+00:00,,Öğrenci Sayısı 764
Ankara,Keçiören,Gülhane Ortaokulu,879487,Ortaokul,https://gulhaneortaokulu.meb.k12.tr,,,https://gulhaneortaokulu.meb.k12.tr/tema/harita.php,2026-08-31,543,543,bulundu,https://gulhaneortaokulu.meb.k12.tr/,2026-10-01T18:25:09.431796+00:00,,Öğrenci Sayısı : 543
Ankara,Keçiören,Gümüşdere Anaokulu,766645,Anaokulu,https://gumusdereanaokulu.meb.k12.tr,,,https://gumusdereanaokulu.meb.k12.tr/tema/harita.php,2026-08-31,162,162,bulundu,https://gumusdereanaokulu.meb.k12.tr/,2026-10-01T18:25:09.447660+00:00,,Öğrenci Sayısı 162
Ankara,Keçiören,Hacı Ayşe İlik İlkokulu,716197,İlkokul,https://haciayseilikilkokulu.meb.k12.tr,,,https://haciayseilikilkokulu.meb.k12.tr/tema/harita.php,2026-08-31,,,bulunamadi,,2026-10-01T18:25:09.486791+00:00,,
Ankara,Keçiören,Hacı Mustafa Tarman Ortaokulu,711391,Ortaokul,https://hacimustafatarman.meb.k12.tr,,,https://hacimustafatarman.meb.k12.tr/tema/harita.php,2026-08-31,1191,1191,bulundu,https://hacimustafatarman.meb.k12.tr/,2026-10-01T18:25:09.533454+00:00,,Öğrenci Sayısı 1191
Ankara,Keçiören,Hacı Mustafa Tarman İlkokulu,711385,İlkokul,https://hacimustafatarmanio.meb.k12.tr,,,https://hacimustafatarmanio.meb.k12.tr/tema/harita.php,2026-08-31,930,930,bulundu,https://hacimustafatarmanio.meb.k12.tr/,2026-10-01T18:25:09.628868+00:00,,Öğrenci Sayısı 930
Ankara,Keçiören,Hacı Sabancı Ortaokulu,976941,Ortaokul,https://hacisabanci.meb.k12.tr,,,https://hacisabanci.meb.k12.tr/tema/harita.php,2026-08-31,1393,1393,bulundu,https://hacisabanci.meb.k12.tr/,2026-10-01T18:25:09.751601+00:00,,Öğrenci Sayısı : 1393
Ankara,Keçiören,Halide Ömer Uncuoğlu İlkokulu,708923,İlkokul,https://halideomeruncuogluilkokulu.meb.k12.tr,,,https://halideomeruncuogluilkokulu.meb.k12.tr/tema/harita.php,2026-08-31,718,718,bulundu,https://halideomeruncuogluilkokulu.meb.k12.tr/,2026-10-01T18:25:09.794334+00:00,,Öğrenci Sayısı 718
Ankara,Keçiören,Halit Fahri Ozansoy İlkokulu,717217,İlkokul,https://hfoi.meb.k12.tr,,,https://hfoi.meb.k12.tr/tema/harita.php,2026-08-31,1010,1010,bulundu,https://hfoi.meb.k12.tr/,2026-10-01T18:25:09.821164+00:00,,Öğrenci Sayısı : 1010
Ankara,Keçiören,Hanımeli Anaokulu,776737,Anaokulu,https://776737.meb.k12.tr,,,https://776737.meb.k12.tr/tema/harita.php,2026-08-31,139,139,bulundu,https://776737.meb.k12.tr/,2026-10-01T18:25:09.906720+00:00,,Öğrenci Sayısı: 139
Ankara,Keçiören,Hatice Hikmet Oğultürk Kız Mesleki ve Teknik Anadolu Lisesi,121013,Mesleki ve Teknik Anadolu Lisesi,https://hhokml.meb.k12.tr,,,https://hhokml.meb.k12.tr/tema/harita.php,2026-08-31,390,390,bulundu,https://hhokml.meb.k12.tr/tema/okulumuz_hakkinda.php,2026-10-01T18:25:09.924033+00:00,,Öğrenci : 390
Ankara,Keçiören,Hayri Erişen İlkokulu,353695,İlkokul,https://hayrierisen.meb.k12.tr,,,https://hayrierisen.meb.k12.tr/tema/harita.php,2026-08-31,1061,1061,bulundu,https://hayrierisen.meb.k12.tr/,2026-10-01T18:25:10.124722+00:00,,Öğrenci Sayısı : 1061
Ankara,Keçiören,Hezarfen Ahmet Çelebi Bilim ve Sanat Merkezi,769366,Bilim ve Sanat Merkezi,https://769366.meb.k12.tr,,,https://769366.meb.k12.tr/tema/harita.php,2026-08-31,600,600,bulundu,https://769366.meb.k12.tr/,2026-10-01T18:25:10.222172+00:00,,Öğrenci Sayısı : 600
Ankara,Keçiören,Hun Ortaokulu,710344,Ortaokul,https://hunortaokulu.meb.k12.tr,,,https://hunortaokulu.meb.k12.tr/tema/harita.php,2026-08-31,503,503,bulundu,https://hunortaokulu.meb.k12.tr/,2026-10-01T18:25:10.373911+00:00,,Öğrenci Sayısı 503
Ankara,Keçiören,Hüseyin Güllüoğlu Ortaokulu,710356,Ortaokul,https://huseyingulluogluortaokulu.meb.k12.tr,,,https://huseyingulluogluortaokulu.meb.k12.tr/tema/harita.php,2026-08-31,1568,1568,bulundu,https://huseyingulluogluortaokulu.meb.k12.tr/tema/okulumuz_hakkinda.php,2026-10-01T18:25:10.507385+00:00,,Öğrenci : 1568
Ankara,Keçiören,KEÇİÖREN YUNUS EMRE ANAOKULU,772203,Anaokulu,https://keciorenyunusemreanaokulu.meb.k12.tr,,,https://keciorenyunusemreanaokulu.meb.k12.tr/tema/harita.php,2026-08-31,119,119,bulundu,https://keciorenyunusemreanaokulu.meb.k12.tr/,2026-10-01T18:25:10.562908+00:00,,Öğrenci Sayısı 119
Ankara,Keçiören,Kafkas Ortaokulu,771504,Ortaokul,https://kafkasortaokulu.meb.k12.tr,,,https://kafkasortaokulu.meb.k12.tr/tema/harita.php,2026-08-31,882,882,bulundu,https://kafkasortaokulu.meb.k12.tr/,2026-10-01T18:25:10.841180+00:00,,Öğrenci Sayısı : 882
Ankara,Keçiören,Kalaba Kız Mesleki ve Teknik Anadolu Lisesi,121037,Mesleki ve Teknik Anadolu Lisesi,https://kalaba.meb.k12.tr,,,https://kalaba.meb.k12.tr/tema/harita.php,2026-08-31,850,850,bulundu,https://kalaba.meb.k12.tr/,2026-10-01T18:25:10.954186+00:00,,Öğrenci Sayısı : 850
Ankara,Keçiören,Kalaba Lisesi,120904,Lise,https://kalabalisesi.meb.k12.tr,,,https://kalabalisesi.meb.k12.tr/tema/harita.php,2026-08-31,706,706,bulundu,https://kalabalisesi.meb.k12.tr/,2026-10-01T18:25:10.965273+00:00,,Öğrenci Sayısı : 706
Ankara,Keçiören,Kalaba İlkokulu,711401,İlkokul,https://kalabailkokulu.meb.k12.tr,,,https://kalabailkokulu.meb.k12.tr/tema/harita.php,2026-08-31,367,367,bulundu,https://kalabailkokulu.meb.k12.tr/,2026-10-01T18:25:11.028808+00:00,,Öğrenci Sayısı : 367
Ankara,Keçiören,Kalaba İmam Hatip Ortaokulu,711409,İmam Hatip Ortaokulu,https://kalabaiho.meb.k12.tr,,,https://kalabaiho.meb.k12.tr/tema/harita.php,2026-08-31,388,388,bulundu,https://kalabaiho.meb.k12.tr/,2026-10-01T18:25:11.111632+00:00,,Öğrenci Sayısı 388
Ankara,Keçiören,Kamil Ocak Ortaokulu,711427,Ortaokul,https://kamilocakortaokulu.meb.k12.tr,,,https://kamilocakortaokulu.meb.k12.tr/tema/harita.php,2026-08-31,645,645,bulundu,https://kamilocakortaokulu.meb.k12.tr/,2026-10-01T18:25:11.134870+00:00,,Öğrenci Sayısı : 645
Ankara,Keçiören,Kanuni Mesleki ve Teknik Anadolu Lisesi,745616,Mesleki ve Teknik Anadolu Lisesi,https://kanunimtal.meb.k12.tr,,,https://kanunimtal.meb.k12.tr/tema/harita.php,2026-08-31,731,731,bulundu,https://kanunimtal.meb.k12.tr/,2026-10-01T18:25:11.191752+00:00,,Öğrenci Sayısı : 731
Ankara,Keçiören,Karacaoğlan İlkokulu,709028,İlkokul,https://karacaoglanio.meb.k12.tr,,,https://karacaoglanio.meb.k12.tr/tema/harita.php,2026-08-31,627,627,bulundu,https://karacaoglanio.meb.k12.tr/,2026-10-01T18:25:11.200697+00:00,,Öğrenci Sayısı : 627
Ankara,Keçiören,Kardelen Anaokulu,973721,Anaokulu,https://keciorenkardelenanaokulu.meb.k12.tr,,,https://keciorenkardelenanaokulu.meb.k12.tr/tema/harita.php,2026-08-31,109,109,bulundu,https://keciorenkardelenanaokulu.meb.k12.tr/,2026-10-01T18:25:11.277934+00:00,,Öğrenci Sayısı : 109
Ankara,Keçiören,Kardeşler Cumhuriyet Ortaokulu,976793,Ortaokul,https://kardeslercumhuriyet.meb.k12.tr,,,https://kardeslercumhuriyet.meb.k12.tr/tema/harita.php,2026-08-31,1026,1026,bulundu,https://kardeslercumhuriyet.meb.k12.tr/,2026-10-01T18:25:11.289670+00:00,,Öğrenci Sayısı 1026
Ankara,Keçiören,Katip Çelebi Anadolu Lisesi,317403,Anadolu Lisesi,https://katipcelebianadolulisesi.meb.k12.tr,,,https://katipcelebianadolulisesi.meb.k12.tr/tema/harita.php,2026-08-31,732,732,bulundu,https://katipcelebianadolulisesi.meb.k12.tr/,2026-10-01T18:25:11.461158+00:00,,Öğrenci Sayısı : 732
Ankara,Keçiören,Kelebekler Anaokulu,776740,Anaokulu,https://kelebekleranaokulu.meb.k12.tr,,,https://kelebekleranaokulu.meb.k12.tr/tema/harita.php,2026-08-31,35,35,bulundu,https://kelebekleranaokulu.meb.k12.tr/,2026-10-01T18:25:11.487605+00:00,,Öğrenci Sayısı : 35
Ankara,Keçiören,Keçiören 15 Temmuz Demokrasi Şehitleri Ortaokulu,331413,Ortaokul,https://kecioren15temmuzdsoo.meb.k12.tr,,,https://kecioren15temmuzdsoo.meb.k12.tr/tema/harita.php,2026-08-31,796,796,bulundu,https://kecioren15temmuzdsoo.meb.k12.tr/,2026-10-01T18:25:11.654976+00:00,,Öğrenci Sayısı 796
Ankara,Keçiören,Keçiören Bilim ve Sanat Merkezi,765839,Bilim ve Sanat Merkezi,https://keciorenbilsem.meb.k12.tr,,,https://keciorenbilsem.meb.k12.tr/tema/harita.php,2026-08-31,949,949,bulundu,https://keciorenbilsem.meb.k12.tr/,2026-10-01T18:25:11.746998+00:00,,Öğrenci Sayısı : 949
Ankara,Keçiören,Keçiören Borsa İstanbul Mesleki ve Teknik Anadolu Lisesi,964608,Mesleki ve Teknik Anadolu Lisesi,https://keciorenimkb.meb.k12.tr,,,https://keciorenimkb.meb.k12.tr/tema/harita.php,2026-08-31,886,886,bulundu,https://keciorenimkb.meb.k12.tr/,2026-10-01T18:25:11.768118+00:00,,Öğrenci Sayısı 886
Ankara,Keçiören,Keçiören Etlik Halk Eğitimi Merkezi,766511,Halk Eğitimi Merkezi,https://etlikhem.meb.k12.tr,,,https://etlikhem.meb.k12.tr/tema/harita.php,2026-08-31,,,bulunamadi,,2026-10-01T18:25:11.846308+00:00,,
Ankara,Keçiören,Keçiören Halk Eğitimi Merkezi,121050,Halk Eğitimi Merkezi,https://khem.meb.k12.tr,,,https://khem.meb.k12.tr/tema/harita.php,2026-08-31,,,bulunamadi,,2026-10-01T18:25:11.898119+00:00,,
Ankara,Keçiören,Keçiören Kalaba Anaokulu,974641,Anaokulu,https://kalabaanaokulu.meb.k12.tr,,,https://kalabaanaokulu.meb.k12.tr/tema/harita.php,2026-08-31,218,218,bulundu,https://kalabaanaokulu.meb.k12.tr/tema/okulumuz_hakkinda.php,2026-10-01T18:25:11.918862+00:00,,Öğrenci : 218
Ankara,Keçiören,Keçiören Mesleki Eğitim Merkezi,775701,Mesleki Eğitim Merkezi,https://keciorenmeslekiegitimmerkezi.meb.k12.tr,,,https://keciorenmeslekiegitimmerkezi.meb.k12.tr/tema/harita.php,2026-08-31,702,702,bulundu,https://keciorenmeslekiegitimmerkezi.meb.k12.tr/,2026-10-01T18:25:12.213357+00:00,,Öğrenci Sayısı : 702
Ankara,Keçiören,Keçiören Mihrimah Sultan Özel Eğitim Uygulama Okulu I. Kademe,771053,Özel Eğitim Kurumu,https://mihrimahsultankademe1.meb.k12.tr,,,https://mihrimahsultankademe1.meb.k12.tr/tema/harita.php,2026-08-31,24,24,bulundu,https://mihrimahsultankademe1.meb.k12.tr/,2026-10-01T18:25:12.377533+00:00,,Öğrenci Sayısı : 24
Ankara,Keçiören,Keçiören Mihrimah Sultan Özel Eğitim Uygulama Okulu II. Kademe,771054,Özel Eğitim Kurumu,https://mihrimahsultankademe2.meb.k12.tr,,,https://mihrimahsultankademe2.meb.k12.tr/tema/harita.php,2026-08-31,32,32,bulundu,https://mihrimahsultankademe2.meb.k12.tr/,2026-10-01T18:25:12.390284+00:00,,Öğrenci Sayısı : 32
Ankara,Keçiören,Keçiören Mihrimah Sultan Özel Eğitim Uygulama Okulu III. Kademe,771055,Özel Eğitim Kurumu,https://771055.meb.k12.tr,,,https://771055.meb.k12.tr/tema/harita.php,2026-08-31,11,11,bulundu,https://771055.meb.k12.tr/,2026-10-01T18:25:12.408736+00:00,,Öğrenci Sayısı : 11
Ankara,Keçiören,Keçiören Rehberlik ve Araştırma Merkezi,332646,Rehberlik ve Araştırma Merkezi,https://keciorenram.meb.k12.tr,,,https://keciorenram.meb.k12.tr/tema/harita.php,2026-08-31,,,bulunamadi,,2026-10-01T18:25:12.494460+00:00,,
Ankara,Keçiören,Keçiören Sosyal Bilimler Lisesi,765381,Sosyal Bilimler Lisesi,https://keciorensbl.meb.k12.tr,,,https://keciorensbl.meb.k12.tr/tema/harita.php,2026-08-31,680,680,bulundu,https://keciorensbl.meb.k12.tr/tema/okulumuz_hakkinda.php,2026-10-01T18:25:12.574274+00:00,,Öğrenci : 680
Ankara,Keçiören,Keçiören Vatansever Şehit Tümgeneral Aydoğan Aydın Fen Lisesi,765380,Fen Lisesi,https://keciorenfenlisesi.meb.k12.tr,,,https://keciorenfenlisesi.meb.k12.tr/tema/harita.php,2026-08-31,634,634,bulundu,https://keciorenfenlisesi.meb.k12.tr/,2026-10-01T18:25:12.926123+00:00,,Öğrenci Sayısı : 634
Ankara,Keçiören,Keçiören Yamantürk Ticaret Mesleki ve Teknik Anadolu Lisesi,760076,Mesleki ve Teknik Anadolu Lisesi,https://yamanturktml.meb.k12.tr,,,https://yamanturktml.meb.k12.tr/tema/harita.php,2026-08-31,559,559,bulundu,https://yamanturktml.meb.k12.tr/,2026-10-01T18:25:12.959504+00:00,,Öğrenci Sayısı 559
Ankara,Keçiören,Keçiören Yavuz Sultan Selim Ortaokulu,759902,Ortaokul,https://yavuzsultanselimoo.meb.k12.tr,,,https://yavuzsultanselimoo.meb.k12.tr/tema/harita.php,2026-08-31,640,640,bulundu,https://yavuzsultanselimoo.meb.k12.tr/,2026-10-01T18:25:13.041155+00:00,,Öğrenci Sayısı : 640
Ankara,Keçiören,Keçiören Yavuz Sultan Selim İmam Hatip Ortaokulu,762009,İmam Hatip Ortaokulu,https://yssihoo.meb.k12.tr,,,https://yssihoo.meb.k12.tr/tema/harita.php,2026-08-31,64,64,bulundu,https://yssihoo.meb.k12.tr/,2026-10-01T18:25:13.137662+00:00,,Öğrenci Sayısı 64
Ankara,Keçiören,Keçiören Yunus Emre İlkokulu,717193,İlkokul,https://yunusemre.meb.k12.tr,,,https://yunusemre.meb.k12.tr/tema/harita.php,2026-08-31,589,589,bulundu,https://yunusemre.meb.k12.tr/,2026-10-01T18:25:13.141556+00:00,,Öğrenci Sayısı : 589
Ankara,Keçiören,Keçiören Özel Eğitim Anaokulu,773791,Anaokulu,https://773791.meb.k12.tr,,,https://773791.meb.k12.tr/tema/harita.php,2026-08-31,40,40,bulundu,https://773791.meb.k12.tr/,2026-10-01T18:25:13.200867+00:00,,Öğrenci Sayısı: 40
Ankara,Keçiören,Keçiören Özel Eğitim Uygulama Okulu I. Kademe,747459,Özel Eğitim Kurumu,https://kocem06.meb.k12.tr,,,https://kocem06.meb.k12.tr/tema/harita.php,2026-08-31,36,36,bulundu,https://kocem06.meb.k12.tr/,2026-10-01T18:25:13.266013+00:00,,Öğrenci Sayısı : 36
Ankara,Keçiören,Keçiören Özel Eğitim Uygulama Okulu II. Kademe,747557,Özel Eğitim Kurumu,https://otistik.meb.k12.tr,,,https://otistik.meb.k12.tr/tema/harita.php,2026-08-31,39,39,bulundu,https://otistik.meb.k12.tr/,2026-10-01T18:25:13.314308+00:00,,Öğrenci Sayısı 39
Ankara,Keçiören,Keçiören İbn-i Sina Mesleki ve Teknik Anadolu Lisesi,962820,Mesleki ve Teknik Anadolu Lisesi,https://keciorenibnisina.meb.k12.tr,,,https://keciorenibnisina.meb.k12.tr/tema/harita.php,2026-08-31,403,403,bulundu,https://keciorenibnisina.meb.k12.tr/tema/okulumuz_hakkinda.php,2026-10-01T18:25:13.324193+00:00,,Öğrenci : 403
Ankara,Keçiören,Keçiören İlkokulu,976756,İlkokul,https://keciorenilkokulu.meb.k12.tr,,,https://keciorenilkokulu.meb.k12.tr/tema/harita.php,2026-08-31,790,790,bulundu,https://keciorenilkokulu.meb.k12.tr/,2026-10-01T18:25:13.389439+00:00,,Öğrenci Sayısı : 790
Ankara,Keçiören,Keçiören Şehit Arif Çakır Ortaokulu,711440,Ortaokul,https://nuheskiyapanortaokulu.meb.k12.tr,,,https://nuheskiyapanortaokulu.meb.k12.tr/tema/harita.php,2026-08-31,935,935,bulundu,https://nuheskiyapanortaokulu.meb.k12.tr/,2026-10-01T18:25:13.391295+00:00,,Öğrenci Sayısı 935
Ankara,Keçiören,Keçiören Şehit Bayram Kavcı Ortaokulu,223826,Ortaokul,https://keciorensehitbayramkavciortaokul.meb.k12.tr,,,https://keciorensehitbayramkavciortaokul.meb.k12.tr/tema/harita.php,2026-08-31,1185,1185,bulundu,https://keciorensehitbayramkavciortaokul.meb.k12.tr/,2026-10-01T18:25:13.403141+00:00,,Öğrenci Sayısı : 1185
Ankara,Keçiören,Keçiören Şehit Bülent Aydın İmam Hatip Ortaokulu,762586,İmam Hatip Ortaokulu,https://keciorensehitbulentaydiniho.meb.k12.tr,,,https://keciorensehitbulentaydiniho.meb.k12.tr/tema/harita.php,2026-08-31,595,595,bulundu,https://keciorensehitbulentaydiniho.meb.k12.tr/,2026-10-01T18:25:13.480621+00:00,,Öğrenci Sayısı 595
Ankara,Keçiören,Keçiören Şehit Enis Kırımlı Ortaokulu,724949,Ortaokul,https://keciorensehiteniskirimli.meb.k12.tr,,,https://keciorensehiteniskirimli.meb.k12.tr/tema/harita.php,2026-08-31,911,911,bulundu,https://keciorensehiteniskirimli.meb.k12.tr/,2026-10-01T18:25:13.586590+00:00,,Öğrenci Sayısı : 911
Ankara,Keçiören,Keçiören Şehit Fatih Erdoğan İlkokulu,887500,İlkokul,https://keciorensehitfatiherdoganio.meb.k12.tr,,,https://keciorensehitfatiherdoganio.meb.k12.tr/tema/harita.php,2026-08-31,,,bulunamadi,,2026-10-01T18:25:13.598392+00:00,,
Ankara,Keçiören,Keçiören Şehit Fırat Bulut İlkokulu,252879,İlkokul,https://keciorensfbio.meb.k12.tr,,,https://keciorensfbio.meb.k12.tr/tema/harita.php,2026-08-31,987,987,bulundu,https://keciorensfbio.meb.k12.tr/,2026-10-01T18:25:13.779404+00:00,,Öğrenci Sayısı : 987
Ankara,Keçiören,Keçiören Şehit Halil Işılar Ortaokulu,710484,Ortaokul,https://sehithalilisilarortaokulu.meb.k12.tr,,,https://sehithalilisilarortaokulu.meb.k12.tr/tema/harita.php,2026-08-31,1296,1296,bulundu,https://sehithalilisilarortaokulu.meb.k12.tr/,2026-10-01T18:25:13.915593+00:00,,Öğrenci Sayısı 1296
Ankara,Keçiören,Keçiören Şehit Mustafa Avcu Anadolu İmam Hatip Lisesi,372899,Anadolu İmam Hatip Lisesi,https://keciorensehitmustafaavcuaihl.meb.k12.tr,,,https://keciorensehitmustafaavcuaihl.meb.k12.tr/tema/harita.php,2026-08-31,618,618,bulundu,https://keciorensehitmustafaavcuaihl.meb.k12.tr/tema/okulumuz_hakkinda.php,2026-10-01T18:25:13.926012+00:00,,Öğrenci : 618
Ankara,Keçiören,Keçiören Şehit Mustafa Ünal Ortaokulu,757545,Ortaokul,https://sehitmustafaunalortaokulu.meb.k12.tr,,,https://sehitmustafaunalortaokulu.meb.k12.tr/tema/harita.php,2026-08-31,1270,1270,bulundu,https://sehitmustafaunalortaokulu.meb.k12.tr/,2026-10-01T18:25:14.034616+00:00,,Öğrenci Sayısı : 1270
Ankara,Keçiören,Keçiören Şehit Özgür Kara Anadolu Lisesi,974817,Anadolu Lisesi,https://sehitozgurkaraal.meb.k12.tr,,,https://sehitozgurkaraal.meb.k12.tr/tema/harita.php,2026-08-31,823,823,bulundu,https://sehitozgurkaraal.meb.k12.tr/,2026-10-01T18:25:14.108539+00:00,,Öğrenci Sayısı : 823
Ankara,Keçiören,Kocatepe Ortaokulu,734261,Ortaokul,https://keciorenkocatepeortaokulu.meb.k12.tr,,,https://keciorenkocatepeortaokulu.meb.k12.tr/tema/harita.php,2026-08-31,879,879,bulundu,https://keciorenkocatepeortaokulu.meb.k12.tr/tema/okulumuz_hakkinda.php,2026-10-01T18:25:14.545045+00:00,,Öğrenci : 879
Ankara,Keçiören,Kocatepe İlkokulu,709064,İlkokul,https://keciorenkocatepeilkokulu.meb.k12.tr,,,https://keciorenkocatepeilkokulu.meb.k12.tr/tema/harita.php,2026-08-31,650,650,bulundu,https://keciorenkocatepeilkokulu.meb.k12.tr/,2026-10-01T18:25:14.565801+00:00,,Öğrenci Sayısı: 650
Ankara,Keçiören,Kuyubaşı Şehit Oğuzhan Duyar Ortaokulu,750483,Ortaokul,https://kuyubasisehitoguzhanduyar.meb.k12.tr,,,https://kuyubasisehitoguzhanduyar.meb.k12.tr/tema/harita.php,2026-08-31,890,890,bulundu,https://kuyubasisehitoguzhanduyar.meb.k12.tr/,2026-10-01T18:25:14.603099+00:00,,Öğrenci Sayısı 890
Ankara,Keçiören,Kuzeykent Anaokulu,752185,Anaokulu,https://kuzeykentanaokulu.meb.k12.tr,,,https://kuzeykentanaokulu.meb.k12.tr/tema/harita.php,2026-08-31,161,161,bulundu,https://kuzeykentanaokulu.meb.k12.tr/,2026-10-01T18:25:14.686808+00:00,,Öğrenci Sayısı 161
Ankara,Keçiören,Mecidiye İlkokulu,711429,İlkokul,https://keciorenmecidiyeilkokulu.meb.k12.tr,,,https://keciorenmecidiyeilkokulu.meb.k12.tr/tema/harita.php,2026-08-31,603,603,bulundu,https://keciorenmecidiyeilkokulu.meb.k12.tr/,2026-10-01T18:25:14.695294+00:00,,Öğrenci Sayısı : 603
Ankara,Keçiören,Mecidiye Şehit Kavas Atanur Aytaç Ortaokulu,711432,Ortaokul,https://keciorenmecidiyeortaokulu.meb.k12.tr,,,https://keciorenmecidiyeortaokulu.meb.k12.tr/tema/harita.php,2026-08-31,653,653,bulundu,https://keciorenmecidiyeortaokulu.meb.k12.tr/,2026-10-01T18:25:14.882569+00:00,,Öğrenci Sayısı : 653
Ankara,Keçiören,Mehmet Akif İlkokulu,701946,İlkokul,https://mehmetakifk.meb.k12.tr,,,https://mehmetakifk.meb.k12.tr/tema/harita.php,2026-08-31,781,781,bulundu,https://mehmetakifk.meb.k12.tr/,2026-10-01T18:25:14.985513+00:00,,Öğrenci Sayısı 781
Ankara,Keçiören,Mehmet Emin Yurdakul İlkokulu,717172,İlkokul,https://mehmeteminio.meb.k12.tr,,,https://mehmeteminio.meb.k12.tr/tema/harita.php,2026-08-31,756,756,bulundu,https://mehmeteminio.meb.k12.tr/,2026-10-01T18:25:15.028053+00:00,,Öğrenci Sayısı : 756
Ankara,Keçiören,Mehmet Örücü Ortaokulu,725714,Ortaokul,https://mehmetorucuortaokulu.meb.k12.tr,,,https://mehmetorucuortaokulu.meb.k12.tr/tema/harita.php,2026-08-31,841,841,bulundu,https://mehmetorucuortaokulu.meb.k12.tr/,2026-10-01T18:25:15.033021+00:00,,Öğrenci Sayısı : 841
Ankara,Keçiören,Melek Özen İlkokulu,353526,İlkokul,https://melekozen.meb.k12.tr,,,https://melekozen.meb.k12.tr/tema/harita.php,2026-08-31,1219,1219,bulundu,https://melekozen.meb.k12.tr/,2026-10-01T18:25:15.060631+00:00,,Öğrenci Sayısı : 1219
Ankara,Keçiören,Mevlana İlkokulu,716251,İlkokul,https://keciorenmevlanailkokulu.meb.k12.tr,,,https://keciorenmevlanailkokulu.meb.k12.tr/tema/harita.php,2026-08-31,1243,1243,bulundu,https://keciorenmevlanailkokulu.meb.k12.tr/,2026-10-01T18:25:15.324378+00:00,,Öğrenci Sayısı : 1243
Ankara,Keçiören,Muhsin Yazıcıoğlu İmam Hatip Ortaokulu,752808,İmam Hatip Ortaokulu,https://muhsinyaziciogluiho.meb.k12.tr,,,https://muhsinyaziciogluiho.meb.k12.tr/tema/harita.php,2026-08-31,783,783,bulundu,https://muhsinyaziciogluiho.meb.k12.tr/,2026-10-01T18:25:15.357135+00:00,,Öğrenci Sayısı 783
Ankara,Keçiören,Mustafa Asım Köksal Anadolu İmam Hatip Lisesi,766240,Anadolu İmam Hatip Lisesi,https://masimkoksalaihl.meb.k12.tr,,,https://masimkoksalaihl.meb.k12.tr/tema/harita.php,2026-08-31,913,913,bulundu,https://masimkoksalaihl.meb.k12.tr/,2026-10-01T18:25:15.385733+00:00,,Öğrenci Sayısı 913
Ankara,Keçiören,MİNİK GÜLLER ANAOKULU,771489,Anaokulu,https://771489.meb.k12.tr,,,https://771489.meb.k12.tr/tema/harita.php,2026-08-31,105,105,bulundu,https://771489.meb.k12.tr/,2026-10-01T18:25:15.862926+00:00,,Öğrenci Sayısı: 105
Ankara,Keçiören,Nebahat Taşkın Ortaokulu,724957,Ortaokul,https://nebahattaskin.meb.k12.tr,,,https://nebahattaskin.meb.k12.tr/tema/harita.php,2026-08-31,364,364,bulundu,https://nebahattaskin.meb.k12.tr/tema/okulumuz_hakkinda.php,2026-10-01T18:25:15.984055+00:00,,Öğrenci : 364
Ankara,Keçiören,Nebahat Taşkın İlkokulu,717109,İlkokul,https://nebahattaskinilkokulu.meb.k12.tr,,,https://nebahattaskinilkokulu.meb.k12.tr/tema/harita.php,2026-08-31,408,408,bulundu,https://nebahattaskinilkokulu.meb.k12.tr/tema/okulumuz_hakkinda.php,2026-10-01T18:25:15.985362+00:00,,Öğrenci : 408
Ankara,Keçiören,Necip Fazıl Ortaokulu,724955,Ortaokul,https://nfo.meb.k12.tr,,,https://nfo.meb.k12.tr/tema/harita.php,2026-08-31,952,952,bulundu,https://nfo.meb.k12.tr/,2026-10-01T18:25:15.994083+00:00,,Öğrenci Sayısı : 952
Ankara,Keçiören,Necip Fazıl İlkokulu,120870,İlkokul,https://necipfazililkokulu.meb.k12.tr,,,https://necipfazililkokulu.meb.k12.tr/tema/harita.php,2026-08-31,1104,1104,bulundu,https://necipfazililkokulu.meb.k12.tr/,2026-10-01T18:25:16.032542+00:00,,Öğrenci Sayısı 1104
Ankara,Keçiören,Nuh Eskiyapan İlkokulu,331450,İlkokul,https://nuheskiyapanio.meb.k12.tr,,,https://nuheskiyapanio.meb.k12.tr/tema/harita.php,2026-08-31,644,644,bulundu,https://nuheskiyapanio.meb.k12.tr/,2026-10-01T18:25:16.109809+00:00,,Öğrenci Sayısı : 644
Ankara,Keçiören,Nuri Pakdil Anadolu Lisesi,752197,Anadolu Lisesi,https://nuripakdilanadolulisesi.meb.k12.tr,,,https://nuripakdilanadolulisesi.meb.k12.tr/tema/harita.php,2026-08-31,512,512,bulundu,https://nuripakdilanadolulisesi.meb.k12.tr/,2026-10-01T18:25:16.162298+00:00,,Öğrenci Sayısı : 512
Ankara,Keçiören,Orhangazi İlkokulu,709188,İlkokul,https://orhangaziilkokulu.meb.k12.tr,,,https://orhangaziilkokulu.meb.k12.tr/tema/harita.php,2026-08-31,1105,1105,bulundu,https://orhangaziilkokulu.meb.k12.tr/,2026-10-01T18:25:16.602485+00:00,,Öğrenci Sayısı : 1105
Ankara,Keçiören,Osman Gazi İlkokulu,709213,İlkokul,https://keciorenosmangaziilkokulu.meb.k12.tr,,,https://keciorenosmangaziilkokulu.meb.k12.tr/tema/harita.php,2026-08-31,633,633,bulundu,https://keciorenosmangaziilkokulu.meb.k12.tr/,2026-10-01T18:25:16.652124+00:00,,Öğrenci Sayısı : 633
Ankara,Keçiören,Osman Hamdibey Ortaokulu,711461,Ortaokul,https://ohb.meb.k12.tr,,,https://ohb.meb.k12.tr/tema/harita.php,2026-08-31,955,955,bulundu,https://ohb.meb.k12.tr/,2026-10-01T18:25:16.741589+00:00,,Öğrenci Sayısı : 955
Ankara,Keçiören,Osman Hamdibey İlkokulu,711454,İlkokul,https://ohbi.meb.k12.tr,,,https://ohbi.meb.k12.tr/tema/harita.php,2026-08-31,643,643,bulundu,https://ohbi.meb.k12.tr/,2026-10-01T18:25:16.812438+00:00,,Öğrenci Sayısı 643
Ankara,Keçiören,Osmangazi Anadolu Lisesi,766250,Anadolu Lisesi,https://osmangazianadolulisesi.meb.k12.tr,,,https://osmangazianadolulisesi.meb.k12.tr/tema/harita.php,2026-08-31,777,777,bulundu,https://osmangazianadolulisesi.meb.k12.tr/,2026-10-01T18:25:16.823481+00:00,,Öğrenci Sayısı 777
Ankara,Keçiören,Paşalı Necati İlkokulu,380485,İlkokul,https://pasalinecati.meb.k12.tr,,,https://pasalinecati.meb.k12.tr/tema/harita.php,2026-08-31,659,659,bulundu,https://pasalinecati.meb.k12.tr/,2026-10-01T18:25:16.893760+00:00,,Öğrenci Sayısı 659
Ankara,Keçiören,Prof.Dr.Necmettin Erbakan Anadolu İmam Hatip Lisesi,763015,Anadolu İmam Hatip Lisesi,https://profdrnecmettinerbakanaihl.meb.k12.tr,,,https://profdrnecmettinerbakanaihl.meb.k12.tr/tema/harita.php,2026-08-31,358,358,bulundu,https://profdrnecmettinerbakanaihl.meb.k12.tr/,2026-10-01T18:25:16.968806+00:00,,Öğrenci Sayısı 358
Ankara,Keçiören,Sanatoryum Anaokulu,751522,Anaokulu,https://sanatoryumanaokulu.meb.k12.tr,,,https://sanatoryumanaokulu.meb.k12.tr/tema/harita.php,2026-08-31,115,115,bulundu,https://sanatoryumanaokulu.meb.k12.tr/,2026-10-01T18:25:16.978494+00:00,,Öğrenci Sayısı: 115
Ankara,Keçiören,Sancaktepe Ortaokulu,776531,Ortaokul,https://sancaktepe.meb.k12.tr,,,https://sancaktepe.meb.k12.tr/tema/harita.php,2026-08-31,257,257,bulundu,https://sancaktepe.meb.k12.tr/,2026-10-01T18:25:17.010830+00:00,,Öğrenci Sayısı : 257
Ankara,Keçiören,Sancaktepe İlkokulu,709265,İlkokul,https://sancaktepeilkokulu06.meb.k12.tr,,,https://sancaktepeilkokulu06.meb.k12.tr/tema/harita.php,2026-08-31,916,916,bulundu,https://sancaktepeilkokulu06.meb.k12.tr/,2026-10-01T18:25:17.376109+00:00,,Öğrenci Sayısı : 916
Ankara,Keçiören,Satuk Buğra İlkokulu,240184,İlkokul,https://satukbugra.meb.k12.tr,,,https://satukbugra.meb.k12.tr/tema/harita.php,2026-08-31,646,646,bulundu,https://satukbugra.meb.k12.tr/,2026-10-01T18:25:17.448380+00:00,,Öğrenci Sayısı: 646
Ankara,Keçiören,Sevgi Anaokulu,787970,Anaokulu,https://sevgi.meb.k12.tr,,,https://sevgi.meb.k12.tr/tema/harita.php,2026-08-31,352,352,bulundu,https://sevgi.meb.k12.tr/,2026-10-01T18:25:17.488623+00:00,,Öğrenci Sayısı 352
Ankara,Keçiören,Seğmenler Anaokulu,750169,Anaokulu,https://segmenleranaokulu.meb.k12.tr,,,https://segmenleranaokulu.meb.k12.tr/tema/harita.php,2026-08-31,111,111,bulundu,https://segmenleranaokulu.meb.k12.tr/,2026-10-01T18:25:17.523903+00:00,,Öğrenci Sayısı: 111
Ankara,Keçiören,Subayevleri Kız Mesleki ve Teknik Anadolu Lisesi,973175,Mesleki ve Teknik Anadolu Lisesi,https://subayevlerimtal.meb.k12.tr,,,https://subayevlerimtal.meb.k12.tr/tema/harita.php,2026-08-31,540,540,bulundu,https://subayevlerimtal.meb.k12.tr/,2026-10-01T18:25:17.553324+00:00,,Öğrenci Sayısı : 540
Ankara,Keçiören,Talia Yaşar Bakdur Ortaokulu,711500,Ortaokul,https://tybo.meb.k12.tr,,,https://tybo.meb.k12.tr/tema/harita.php,2026-08-31,542,542,bulundu,https://tybo.meb.k12.tr/,2026-10-01T18:25:17.602959+00:00,,Öğrenci Sayısı 542
Ankara,Keçiören,Talia Yaşar Bakdur İlkokulu,711489,İlkokul,https://tybi.meb.k12.tr,,,https://tybi.meb.k12.tr/tema/harita.php,2026-08-31,651,651,bulundu,https://tybi.meb.k12.tr/,2026-10-01T18:25:17.975823+00:00,,Öğrenci Sayısı 651
Ankara,Keçiören,Talip Yener ilkokulu,702330,İlkokul,https://talipyener.meb.k12.tr,,,https://talipyener.meb.k12.tr/tema/harita.php,2026-08-31,218,218,bulundu,https://talipyener.meb.k12.tr/tema/okulumuz_hakkinda.php,2026-10-01T18:25:18.087216+00:00,,Öğrenci : 218
Ankara,Keçiören,Tarhuncu Ahmet Paşa Ortaokulu,710469,Ortaokul,https://tarhuncuahmetpasa.meb.k12.tr,,,https://tarhuncuahmetpasa.meb.k12.tr/tema/harita.php,2026-08-31,1581,1581,bulundu,https://tarhuncuahmetpasa.meb.k12.tr/,2026-10-01T18:25:18.095257+00:00,,Öğrenci Sayısı 1581
Ankara,Keçiören,Taştepe Ortaokulu,770219,Ortaokul,https://tastepeortaokulu06.meb.k12.tr,,,https://tastepeortaokulu06.meb.k12.tr/tema/harita.php,2026-08-31,123,123,bulundu,https://tastepeortaokulu06.meb.k12.tr/,2026-10-01T18:25:18.129867+00:00,,Öğrenci Sayısı : 123
Ankara,Keçiören,Taştepe İlkokulu,768889,İlkokul,https://tastepeilkokulu06.meb.k12.tr,,,https://tastepeilkokulu06.meb.k12.tr/tema/harita.php,2026-08-31,160,160,bulundu,https://tastepeilkokulu06.meb.k12.tr/,2026-10-01T18:25:18.155815+00:00,,Öğrenci Sayısı : 160
Ankara,Keçiören,Tevfik Ünsal Anaokulu,774319,Anaokulu,https://774319.meb.k12.tr,,,https://774319.meb.k12.tr/tema/harita.php,2026-08-31,0,0,bulundu,https://774319.meb.k12.tr/,2026-10-01T18:25:18.370913+00:00,,Öğrenci Sayısı : 0
Ankara,Keçiören,Tevfik Ünsal İlkokulu,888060,İlkokul,https://tevfikunsal.meb.k12.tr,,,https://tevfikunsal.meb.k12.tr/tema/harita.php,2026-08-31,868,868,bulundu,https://tevfikunsal.meb.k12.tr/,2026-10-01T18:25:18.576778+00:00,,Öğrenci Sayısı 868
Ankara,Keçiören,Toygar Börekçi Ortaokulu,751266,Ortaokul,https://toygarborekciortaokulu.meb.k12.tr,,,https://toygarborekciortaokulu.meb.k12.tr/tema/harita.php,2026-08-31,940,940,bulundu,https://toygarborekciortaokulu.meb.k12.tr/,2026-10-01T18:25:18.643783+00:00,,Öğrenci Sayısı : 940
Ankara,Keçiören,Turgut Altınok Anadolu İmam Hatip Lisesi,770231,Anadolu İmam Hatip Lisesi,https://turgutaltinokaihl.meb.k12.tr,,,https://turgutaltinokaihl.meb.k12.tr/tema/harita.php,2026-08-31,84,84,bulundu,https://turgutaltinokaihl.meb.k12.tr/,2026-10-01T18:25:18.654870+00:00,,Öğrenci Sayısı : 84
Ankara,Keçiören,Türkiye Sağlık İşçileri Sendikası Ortaokulu,711505,Ortaokul,https://tsiso.meb.k12.tr,,,https://tsiso.meb.k12.tr/tema/harita.php,2026-08-31,538,538,bulundu,https://tsiso.meb.k12.tr/,2026-10-01T18:25:18.730586+00:00,,Öğrenci Sayısı : 538
Ankara,Keçiören,Türkiye Sağlık İşçileri Sendikası İlkokulu,711503,İlkokul,https://tsisi.meb.k12.tr,,,https://tsisi.meb.k12.tr/tema/harita.php,2026-08-31,753,753,bulundu,https://tsisi.meb.k12.tr/,2026-10-01T18:25:18.763131+00:00,,Öğrenci Sayısı 753
Ankara,Keçiören,Ufuktepe Ortaokulu,724966,Ortaokul,https://ufuktepeortaokulu.meb.k12.tr,,,https://ufuktepeortaokulu.meb.k12.tr/tema/harita.php,2026-08-31,997,997,bulundu,https://ufuktepeortaokulu.meb.k12.tr/,2026-10-01T18:25:18.830334+00:00,,Öğrenci Sayısı : 997
Ankara,Keçiören,Ufuktepe İlkokulu,314709,İlkokul,https://ufuktepe.meb.k12.tr,,,https://ufuktepe.meb.k12.tr/tema/harita.php,2026-08-31,709,709,bulundu,https://ufuktepe.meb.k12.tr/,2026-10-01T18:25:18.836421+00:00,,Öğrenci Sayısı 709
Ankara,Keçiören,Ulviye Fenmen İlkokulu,976848,İlkokul,https://ulviyefenmenilkokulu.meb.k12.tr,,,https://ulviyefenmenilkokulu.meb.k12.tr/tema/harita.php,2026-08-31,116,116,bulundu,https://ulviyefenmenilkokulu.meb.k12.tr/,2026-10-01T18:25:18.948800+00:00,,Öğrenci Sayısı : 116
Ankara,Keçiören,Uygur Özel Eğitim Uygulama Okulu I. Kademe,747033,Özel Eğitim Kurumu,https://uygurozegitimokulubirincikademe.meb.k12.tr,,,https://uygurozegitimokulubirincikademe.meb.k12.tr/tema/harita.php,2026-08-31,4,4,bulundu,https://uygurozegitimokulubirincikademe.meb.k12.tr/,2026-10-01T18:25:18.974859+00:00,,Öğrenci Sayısı 4
Ankara,Keçiören,Uygur Özel Eğitim Uygulama Okulu II. Kademe,747428,Özel Eğitim Kurumu,https://uygurozelegitim.meb.k12.tr,,,https://uygurozelegitim.meb.k12.tr/tema/harita.php,2026-08-31,19,19,bulundu,https://uygurozelegitim.meb.k12.tr/,2026-10-01T18:25:19.042240+00:00,,Öğrenci Sayısı : 19
Ankara,Keçiören,Uygur Özel Eğitim Uygulama Okulu III. Kademe,747980,Özel Eğitim Kurumu,https://uygurozelegitimuygulamaokulu.meb.k12.tr,,,https://uygurozelegitimuygulamaokulu.meb.k12.tr/tema/harita.php,2026-08-31,70,70,bulundu,https://uygurozelegitimuygulamaokulu.meb.k12.tr/tema/okulumuz_hakkinda.php,2026-10-01T18:25:19.098026+00:00,,Öğrenci : 70
Ankara,Keçiören,Vecihi Hürkuş Anadolu lisesi,218216,Anadolu Lisesi,https://vhal.meb.k12.tr,,,https://vhal.meb.k12.tr/tema/harita.php,2026-08-31,557,557,bulundu,https://vhal.meb.k12.tr/,2026-10-01T18:25:19.102109+00:00,,Öğrenci Sayısı : 557
Ankara,Keçiören,Vilayetler Hizmet Birliği Anaokulu,973588,Anaokulu,https://keciorenvhbanao.meb.k12.tr,,,https://keciorenvhbanao.meb.k12.tr/tema/harita.php,2026-08-31,185,185,bulundu,https://keciorenvhbanao.meb.k12.tr/,2026-10-01T18:25:19.124609+00:00,,Öğrenci Sayısı: 185
Ankara,Keçiören,Vildan Nurettin Demirer İlkokulu,709621,İlkokul,https://vndio.meb.k12.tr,,,https://vndio.meb.k12.tr/tema/harita.php,2026-08-31,979,979,bulundu,https://vndio.meb.k12.tr/,2026-10-01T18:25:19.133908+00:00,,Öğrenci Sayısı : 979
Ankara,Keçiören,Yalçın Eskiyapan Ortaokulu,724971,Ortaokul,https://yalcineskiyapanoo.meb.k12.tr,,,https://yalcineskiyapanoo.meb.k12.tr/tema/harita.php,2026-08-31,927,927,bulundu,https://yalcineskiyapanoo.meb.k12.tr/,2026-10-01T18:25:19.154098+00:00,,Öğrenci Sayısı : 927
Ankara,Keçiören,Yalçın Eskiyapan İlkokulu,255859,İlkokul,https://yalcineskiyapan.meb.k12.tr,,,https://yalcineskiyapan.meb.k12.tr/tema/harita.php,2026-08-31,564,564,bulundu,https://yalcineskiyapan.meb.k12.tr/,2026-10-01T18:25:19.161372+00:00,,Öğrenci Sayısı 564
Ankara,Keçiören,Yayla Anaokulu,774876,Anaokulu,https://774876.meb.k12.tr,,,https://774876.meb.k12.tr/tema/harita.php,2026-08-31,163,163,bulundu,https://774876.meb.k12.tr/,2026-10-01T18:25:19.162969+00:00,,Öğrenci Sayısı: 163
Ankara,Keçiören,Yeşiltepe Ortaokulu,710493,Ortaokul,https://yesiltepeortaokulu.meb.k12.tr,,,https://yesiltepeortaokulu.meb.k12.tr/tema/harita.php,2026-08-31,699,699,bulundu,https://yesiltepeortaokulu.meb.k12.tr/,2026-10-01T18:25:19.178918+00:00,,Öğrenci Sayısı : 699
Ankara,Keçiören,Yunus Emre İmam Hatip Ortaokulu,758492,İmam Hatip Ortaokulu,https://keciorenyunusemreiho.meb.k12.tr,,,https://keciorenyunusemreiho.meb.k12.tr/tema/harita.php,2026-08-31,517,517,bulundu,https://keciorenyunusemreiho.meb.k12.tr/tema/okulumuz_hakkinda.php,2026-10-01T18:25:19.181880+00:00,,Öğrenci : 517
Ankara,Keçiören,Çizmeci İlkokulu,331401,İlkokul,https://cizmeciilkokulu.meb.k12.tr,,,https://cizmeciilkokulu.meb.k12.tr/tema/harita.php,2026-08-31,1386,1386,bulundu,https://cizmeciilkokulu.meb.k12.tr/,2026-10-01T18:25:19.476491+00:00,,Öğrenci Sayısı 1386
Ankara,Keçiören,Çiçek Bahçesi Anaokulu,774875,Anaokulu,https://774875.meb.k12.tr,,,https://774875.meb.k12.tr/tema/harita.php,2026-08-31,162,162,bulundu,https://774875.meb.k12.tr/,2026-10-01T18:25:19.501887+00:00,,Öğrenci Sayısı : 162
Ankara,Keçiören,Önder Ata İlkokulu,702067,İlkokul,https://onderata.meb.k12.tr,,,https://onderata.meb.k12.tr/tema/harita.php,2026-08-31,744,744,bulundu,https://onderata.meb.k12.tr/,2026-10-01T18:25:19.503629+00:00,,Öğrenci Sayısı 744
Ankara,Keçiören,Özkent Akbilek İlkokulu,774194,İlkokul,https://774194.meb.k12.tr,,,https://774194.meb.k12.tr/tema/harita.php,2026-08-31,821,821,bulundu,https://774194.meb.k12.tr/,2026-10-01T18:25:19.511565+00:00,,Öğrenci Sayısı 821
Ankara,Keçiören,Öğretmen Büşra İnan İmam Hatip Ortaokulu,758495,İmam Hatip Ortaokulu,https://ogretmenbusrainaniho.meb.k12.tr,,,https://ogretmenbusrainaniho.meb.k12.tr/tema/harita.php,2026-08-31,552,552,bulundu,https://ogretmenbusrainaniho.meb.k12.tr/,2026-10-01T18:25:19.676569+00:00,,Öğrenci Sayısı 552
Ankara,Keçiören,İbn-i Sina Ortaokulu,724868,Ortaokul,https://ibnisinaoo.meb.k12.tr,,,https://ibnisinaoo.meb.k12.tr/tema/harita.php,2026-08-31,670,670,bulundu,https://ibnisinaoo.meb.k12.tr/,2026-10-01T18:25:19.848841+00:00,,Öğrenci Sayısı : 670
Ankara,Keçiören,İbni Haldun İlkokulu,977088,İlkokul,https://ibnihaldunilkokulu.meb.k12.tr,,,https://ibnihaldunilkokulu.meb.k12.tr/tema/harita.php,2026-08-31,566,566,bulundu,https://ibnihaldunilkokulu.meb.k12.tr/,2026-10-01T18:25:20.060662+00:00,,Öğrenci Sayısı: 566
Ankara,Keçiören,İbrahim Akoğlu İlkokulu,708980,İlkokul,https://ibrahimakoglu.meb.k12.tr,,,https://ibrahimakoglu.meb.k12.tr/tema/harita.php,2026-08-31,1754,1754,bulundu,https://ibrahimakoglu.meb.k12.tr/,2026-10-01T18:25:20.066609+00:00,,Öğrenci Sayısı 1754
Ankara,Keçiören,İhsan Aras Ortaokulu,710367,Ortaokul,https://ihsanarasortaokulu.meb.k12.tr,,,https://ihsanarasortaokulu.meb.k12.tr/tema/harita.php,2026-08-31,407,407,bulundu,https://ihsanarasortaokulu.meb.k12.tr/tema/okulumuz_hakkinda.php,2026-10-01T18:25:20.152541+00:00,,Öğrenci : 407
Ankara,Keçiören,İhsan-Selatın Aras İlkokulu,853369,İlkokul,https://ihsanselatinarasio.meb.k12.tr,,,https://ihsanselatinarasio.meb.k12.tr/tema/harita.php,2026-08-31,1090,1090,bulundu,https://ihsanselatinarasio.meb.k12.tr/,2026-10-01T18:25:20.235578+00:00,,Öğrenci Sayısı : 1090
Ankara,Keçiören,İlyas Tüfekçi Özel Eğitim Anaokulu,772501,Anaokulu,https://ilyastufekciozelegitimanaokulu.meb.k12.tr,,,https://ilyastufekciozelegitimanaokulu.meb.k12.tr/tema/harita.php,2026-08-31,28,28,bulundu,https://ilyastufekciozelegitimanaokulu.meb.k12.tr/,2026-10-01T18:25:20.276259+00:00,,Öğrenci Sayısı: 28
Ankara,Keçiören,İmam Buhari Anadolu İmam Hatip Lisesi,767579,Anadolu İmam Hatip Lisesi,https://imambuhariaihl.meb.k12.tr,,,https://imambuhariaihl.meb.k12.tr/tema/harita.php,2026-08-31,335,335,bulundu,https://imambuhariaihl.meb.k12.tr/,2026-10-01T18:25:20.310981+00:00,,Öğrenci Sayısı 335
Ankara,Keçiören,İncirli Şehit Furkan Yayla Anadolu Lisesi,974815,Anadolu Lisesi,https://incirlial.meb.k12.tr,,,https://incirlial.meb.k12.tr/tema/harita.php,2026-08-31,795,795,bulundu,https://incirlial.meb.k12.tr/,2026-10-01T18:25:20.358825+00:00,,Öğrenci Sayısı : 795
Ankara,Keçiören,İncirli Şehit Hüdai Arslan Mesleki ve Teknik Anadolu Lisesi,121001,Mesleki ve Teknik Anadolu Lisesi,https://incirlieml.meb.k12.tr,,,https://incirlieml.meb.k12.tr/tema/harita.php,2026-08-31,836,836,bulundu,https://incirlieml.meb.k12.tr/,2026-10-01T18:25:20.530555+00:00,,Öğrenci Sayısı : 836
Ankara,Keçiören,İsmail Enderuni Ortaokulu,710378,Ortaokul,https://ismailenderuni.meb.k12.tr,,,https://ismailenderuni.meb.k12.tr/tema/harita.php,2026-08-31,673,673,bulundu,https://ismailenderuni.meb.k12.tr/,2026-10-01T18:25:20.704810+00:00,,Öğrenci Sayısı : 673
Ankara,Keçiören,Şehit Abdullah Köse İlkokulu,774914,İlkokul,https://774914.meb.k12.tr,,,https://774914.meb.k12.tr/tema/harita.php,2026-08-31,558,558,bulundu,https://774914.meb.k12.tr/,2026-10-01T18:25:20.744274+00:00,,Öğrenci Sayısı : 558
Ankara,Keçiören,Şehit Ahmet Kabukçu İlkokulu,711421,İlkokul,https://sehitahmetkabukcuilkokulu.meb.k12.tr,,,https://sehitahmetkabukcuilkokulu.meb.k12.tr/tema/harita.php,2026-08-31,943,943,bulundu,https://sehitahmetkabukcuilkokulu.meb.k12.tr/,2026-10-01T18:25:20.779865+00:00,,Öğrenci Sayısı 943
Ankara,Keçiören,Şehit Ahmet Çağlar İlkokulu,767992,İlkokul,https://sehitahmetcaglarilkokulu.meb.k12.tr,,,https://sehitahmetcaglarilkokulu.meb.k12.tr/tema/harita.php,2026-08-31,,,bulunamadi,,2026-10-01T18:25:20.849823+00:00,,
Ankara,Keçiören,Şehit Ahmet Özsoy Kız Anadolu İmam Hatip Lisesi,762144,Anadolu İmam Hatip Lisesi,https://ahmetozsoyihl.meb.k12.tr,,,https://ahmetozsoyihl.meb.k12.tr/tema/harita.php,2026-08-31,,,bulunamadi,,2026-10-01T18:25:20.935823+00:00,,
Ankara,Keçiören,Şehit Cumhur Işık Ortaokulu,777400,Ortaokul,https://777400.meb.k12.tr,,,https://777400.meb.k12.tr/tema/harita.php,2026-08-31,0,0,bulundu,https://777400.meb.k12.tr/,2026-10-01T18:25:21.067649+00:00,,Öğrenci Sayısı : 0
Ankara,Keçiören,Şehit Enes Demir Ortaokulu,724816,Ortaokul,https://sehitenesdemir.meb.k12.tr,,,https://sehitenesdemir.meb.k12.tr/tema/harita.php,2026-08-31,604,604,bulundu,https://sehitenesdemir.meb.k12.tr/,2026-10-01T18:25:21.117765+00:00,,Öğrenci Sayısı : 604
Ankara,Keçiören,Şehit Erdinç Aydın İlkokulu,767979,İlkokul,https://sehiterdincaydinilkokulu.meb.k12.tr,,,https://sehiterdincaydinilkokulu.meb.k12.tr/tema/harita.php,2026-08-31,513,513,bulundu,https://sehiterdincaydinilkokulu.meb.k12.tr/,2026-10-01T18:25:21.124527+00:00,,Öğrenci Sayısı : 513
Ankara,Keçiören,Şehit Eyüp Öksüz Ortaokulu,767894,Ortaokul,https://767894.meb.k12.tr,,,https://767894.meb.k12.tr/tema/harita.php,2026-08-31,722,722,bulundu,https://767894.meb.k12.tr/,2026-10-01T18:25:21.202113+00:00,,Öğrenci Sayısı : 722
Ankara,Keçiören,Şehit Hakan Kabil Ortaokulu,711476,Ortaokul,https://hakankabilortaokulu.meb.k12.tr,,,https://hakankabilortaokulu.meb.k12.tr/tema/harita.php,2026-08-31,982,982,bulundu,https://hakankabilortaokulu.meb.k12.tr/,2026-10-01T18:25:21.215012+00:00,,Öğrenci Sayısı : 982
Ankara,Keçiören,Şehit Hakan Kabil İlkokulu,217750,İlkokul,https://hakankabil.meb.k12.tr,,,https://hakankabil.meb.k12.tr/tema/harita.php,2026-08-31,419,419,bulundu,https://hakankabil.meb.k12.tr/tema/okulumuz_hakkinda.php,2026-10-01T18:25:21.225114+00:00,,Öğrenci : 419
Ankara,Keçiören,Şehit Hüseyin Köksal Ortaokulu,750137,Ortaokul,https://sehithuseyinkoksalortaokulu.meb.k12.tr,,,https://sehithuseyinkoksalortaokulu.meb.k12.tr/tema/harita.php,2026-08-31,426,426,bulundu,https://sehithuseyinkoksalortaokulu.meb.k12.tr/,2026-10-01T18:25:21.266261+00:00,,Öğrenci Sayısı 426
Ankara,Keçiören,Şehit Hüseyin Köksal İlkokulu,977056,İlkokul,https://sehithuseyinkoksal.meb.k12.tr,,,https://sehithuseyinkoksal.meb.k12.tr/tema/harita.php,2026-08-31,554,554,bulundu,https://sehithuseyinkoksal.meb.k12.tr/,2026-10-01T18:25:21.360829+00:00,,Öğrenci Sayısı 554
Ankara,Keçiören,Şehit Kubilay Anaokulu,774260,Anaokulu,https://keciorensehitkubilayanaokulu.meb.k12.tr,,,https://keciorensehitkubilayanaokulu.meb.k12.tr/tema/harita.php,2026-08-31,123,123,bulundu,https://keciorensehitkubilayanaokulu.meb.k12.tr/,2026-10-01T18:25:21.380304+00:00,,Öğrenci Sayısı: 123
Ankara,Keçiören,Şehit Kubilay İlkokulu,717029,İlkokul,https://sehitkubilayilkokulu.meb.k12.tr,,,https://sehitkubilayilkokulu.meb.k12.tr/tema/harita.php,2026-08-31,978,978,bulundu,https://sehitkubilayilkokulu.meb.k12.tr/,2026-10-01T18:25:21.388589+00:00,,Öğrenci Sayısı : 978
Ankara,Keçiören,Şehit Mehmet Altanlar İlkokulu,305832,İlkokul,https://smaltanlar.meb.k12.tr,,,https://smaltanlar.meb.k12.tr/tema/harita.php,2026-08-31,589,589,bulundu,https://smaltanlar.meb.k12.tr/,2026-10-01T18:25:21.426245+00:00,,Öğrenci Sayısı : 589
Ankara,Keçiören,Şehit Mehmet Karakaşoğlu Mesleki ve Teknik Anadolu Lisesi,230766,Mesleki ve Teknik Anadolu Lisesi,https://kecioreneml.meb.k12.tr,,,https://kecioreneml.meb.k12.tr/tema/harita.php,2026-08-31,1118,1118,bulundu,https://kecioreneml.meb.k12.tr/,2026-10-01T18:25:21.442525+00:00,,Öğrenci Sayısı : 1118
Ankara,Keçiören,Şehit Mehmet Yılmaz Ortaokulu,766985,Ortaokul,https://keciorensmyo.meb.k12.tr,,,https://keciorensmyo.meb.k12.tr/tema/harita.php,2026-08-31,730,730,bulundu,https://keciorensmyo.meb.k12.tr/,2026-10-01T18:25:21.472055+00:00,,Öğrenci Sayısı 730
Ankara,Keçiören,Şehit Murat Kara Ortaokulu,774538,Ortaokul,https://sehitmuratkara.meb.k12.tr,,,https://sehitmuratkara.meb.k12.tr/tema/harita.php,2026-08-31,521,521,bulundu,https://sehitmuratkara.meb.k12.tr/,2026-10-01T18:25:21.713659+00:00,,Öğrenci Sayısı : 521
Ankara,Keçiören,Şehit Resul Şimşek Ortaokulu,853415,Ortaokul,https://sehitresulsimsekortaokulu.meb.k12.tr,,,https://sehitresulsimsekortaokulu.meb.k12.tr/tema/harita.php,2026-08-31,878,878,bulundu,https://sehitresulsimsekortaokulu.meb.k12.tr/,2026-10-01T18:25:21.755253+00:00,,Öğrenci Sayısı 878
Ankara,Keçiören,Şehit Sinan Özkan Ortaokulu,768841,Ortaokul,https://sehitsinanozkanortaokulu.meb.k12.tr,,,https://sehitsinanozkanortaokulu.meb.k12.tr/tema/harita.php,2026-08-31,1098,1098,bulundu,https://sehitsinanozkanortaokulu.meb.k12.tr/,2026-10-01T18:25:21.892286+00:00,,Öğrenci Sayısı : 1098
Ankara,Keçiören,Şehit Sudi Doruk Ortaokulu,768835,Ortaokul,https://768835.meb.k12.tr,,,https://768835.meb.k12.tr/tema/harita.php,2026-08-31,0,0,bulundu,https://768835.meb.k12.tr/,2026-10-01T18:25:22.102184+00:00,,Öğrenci Sayısı : 0
Ankara,Keçiören,Şehit Sudi Doruk İlkokulu,776750,İlkokul,https://776750.meb.k12.tr,,,https://776750.meb.k12.tr/tema/harita.php,2026-08-31,197,197,bulundu,https://776750.meb.k12.tr/,2026-10-01T18:25:22.201524+00:00,,Öğrenci Sayısı: 197
Ankara,Keçiören,Şehit Tolga Akdaş İlkokulu,768675,İlkokul,https://sehittolgaakdasio.meb.k12.tr,,,https://sehittolgaakdasio.meb.k12.tr/tema/harita.php,2026-08-31,742,742,bulundu,https://sehittolgaakdasio.meb.k12.tr/tema/okulumuz_hakkinda.php,2026-10-01T18:25:22.207276+00:00,,Öğrenci : 742
Ankara,Keçiören,Şehit Zafer Çalışkan Anadolu Lisesi,766008,Anadolu Lisesi,https://shtzafercaliskanal.meb.k12.tr,,,https://shtzafercaliskanal.meb.k12.tr/tema/harita.php,2026-08-31,1100,1100,bulundu,https://shtzafercaliskanal.meb.k12.tr/,2026-10-01T18:25:22.265819+00:00,,Öğrenci Sayısı : 1100
Ankara,Keçiören,Şenlik İlkokulu,385319,İlkokul,https://senlik.meb.k12.tr,,,https://senlik.meb.k12.tr/tema/harita.php,2026-08-31,887,887,bulundu,https://senlik.meb.k12.tr/,2026-10-01T18:25:22.277598+00:00,,Öğrenci Sayısı 887
Ankara,Keçiören,Şinasi İlkokulu,717027,İlkokul,https://sinasiilkokulu.meb.k12.tr,,,https://sinasiilkokulu.meb.k12.tr/tema/harita.php,2026-08-31,1657,1657,bulundu,https://sinasiilkokulu.meb.k12.tr/,2026-10-01T18:25:22.368975+00:00,,Öğrenci Sayısı : 1657
Ankara,Kızılcahamam,Bizim Anadolu Vakfı Gürcan Kız Anadolu İmam Hatip Lisesi,761367,Anadolu İmam Hatip Lisesi,https://bavgurcankizanadoluihl.meb.k12.tr,,,https://bavgurcankizanadoluihl.meb.k12.tr/tema/harita.php,2026-08-31,34,34,bulundu,https://bavgurcankizanadoluihl.meb.k12.tr/tema/okulumuz_hakkinda.php,2026-10-01T18:25:22.398845+00:00,,Öğrenci : 34
Ankara,Kızılcahamam,Cumhuriyet ilkokulu,703455,İlkokul,https://khamamcumhuriyet.meb.k12.tr,,,https://khamamcumhuriyet.meb.k12.tr/tema/harita.php,2026-08-31,,,bulunamadi,,2026-10-01T18:25:22.450398+00:00,,
Ankara,Kızılcahamam,Güvem Ortaokulu,725076,Ortaokul,https://guvemortaokulu.meb.k12.tr,,,https://guvemortaokulu.meb.k12.tr/tema/harita.php,2026-08-31,22,22,bulundu,https://guvemortaokulu.meb.k12.tr/,2026-10-01T18:25:22.552069+00:00,,Öğrenci Sayısı : 22
Ankara,Kızılcahamam,Güvem İlkokulu,725203,İlkokul,https://guvemilkokulu.meb.k12.tr,,,https://guvemilkokulu.meb.k12.tr/tema/harita.php,2026-08-31,19,19,bulundu,https://guvemilkokulu.meb.k12.tr/,2026-10-01T18:25:22.566659+00:00,,Öğrenci Sayısı : 19
Ankara,Kızılcahamam,Kazım Karabekir İlkokulu,977023,İlkokul,https://kizilcahamamkazimkarabekir.meb.k12.tr,,,https://kizilcahamamkazimkarabekir.meb.k12.tr/tema/harita.php,2026-08-31,375,375,bulundu,https://kizilcahamamkazimkarabekir.meb.k12.tr/,2026-10-01T18:25:22.590143+00:00,,Öğrenci Sayısı : 375
Ankara,Kızılcahamam,Kızılcahamam Anadolu Lisesi,317415,Anadolu Lisesi,https://kizilcahamamanadolulisesi.meb.k12.tr,,,https://kizilcahamamanadolulisesi.meb.k12.tr/tema/harita.php,2026-08-31,233,233,bulundu,https://kizilcahamamanadolulisesi.meb.k12.tr/,2026-10-01T18:25:22.660168+00:00,,Öğrenci Sayısı 233
Ankara,Kızılcahamam,Kızılcahamam Anaokulu,770218,Anaokulu,https://kizilcahamamanaokulu.meb.k12.tr,,,https://kizilcahamamanaokulu.meb.k12.tr/tema/harita.php,2026-08-31,109,109,bulundu,https://kizilcahamamanaokulu.meb.k12.tr/,2026-10-01T18:25:22.677406+00:00,,Öğrenci Sayısı : 109
Ankara,Kızılcahamam,Kızılcahamam Halk Eğitimi Merkezi,121706,Halk Eğitimi Merkezi,https://kizilcahamamhem.meb.k12.tr,,,https://kizilcahamamhem.meb.k12.tr/tema/harita.php,2026-08-31,,,bulunamadi,,2026-10-01T18:25:22.823903+00:00,,
Ankara,Kızılcahamam,Kızılcahamam Mesleki Eğitim Merkezi,970876,Mesleki Eğitim Merkezi,https://khamammem.meb.k12.tr,,,https://khamammem.meb.k12.tr/tema/harita.php,2026-08-31,117,117,bulundu,https://khamammem.meb.k12.tr/,2026-10-01T18:25:22.882754+00:00,,Öğrenci Sayısı 117
Ankara,Kızılcahamam,Kızılcahamam Rehberlik ve Araştırma Merkezi,881830,Rehberlik ve Araştırma Merkezi,https://kizilcahamamram.meb.k12.tr,,,https://kizilcahamamram.meb.k12.tr/tema/harita.php,2026-08-31,,,bulunamadi,,2026-10-01T18:25:23.005818+00:00,,
Ankara,Kızılcahamam,Kızılcahamam TOKİ Anadolu İmam Hatip Lisesi,764561,Anadolu İmam Hatip Lisesi,https://khamamtokiaihl.meb.k12.tr,,,https://khamamtokiaihl.meb.k12.tr/tema/harita.php,2026-08-31,78,78,bulundu,https://khamamtokiaihl.meb.k12.tr/,2026-10-01T18:25:23.320089+00:00,,Öğrenci Sayısı 78
Ankara,Kızılcahamam,Kızılcahamam Öğretmenevi ve Akşam Sanat Okulu,971023,Öğretmenevi,https://khamamogretmenevi.meb.k12.tr,,,https://khamamogretmenevi.meb.k12.tr/tema/harita.php,2026-08-31,,,bulunamadi,,2026-10-01T18:25:23.380413+00:00,,
Ankara,Kızılcahamam,Kızılcahamam İbn-i Sina Mesleki ve Teknik Anadolu Lisesi,962848,Mesleki ve Teknik Anadolu Lisesi,https://kizilcahamamibnisina.meb.k12.tr,,,https://kizilcahamamibnisina.meb.k12.tr/tema/harita.php,2026-08-31,,,bulunamadi,,2026-10-01T18:25:23.397422+00:00,,
Ankara,Kızılcahamam,Orhangazi Ortaokulu,702665,Ortaokul,https://kizilcahamamorhangazioo.meb.k12.tr,,,https://kizilcahamamorhangazioo.meb.k12.tr/tema/harita.php,2026-08-31,,,bulunamadi,,2026-10-01T18:25:23.425807+00:00,,
Ankara,Kızılcahamam,Perihan Erdoğan Ortaokulu,711321,Ortaokul,https://perihanerdogan.meb.k12.tr,,,https://perihanerdogan.meb.k12.tr/tema/harita.php,2026-08-31,146,146,bulundu,https://perihanerdogan.meb.k12.tr/,2026-10-01T18:25:23.450104+00:00,,Öğrenci Sayısı : 146
Ankara,Kızılcahamam,Perihan Erdoğan İlkokulu,711310,İlkokul,https://perihanerdoganilkokulu.meb.k12.tr,,,https://perihanerdoganilkokulu.meb.k12.tr/tema/harita.php,2026-08-31,121,121,bulundu,https://perihanerdoganilkokulu.meb.k12.tr/,2026-10-01T18:25:23.677547+00:00,,Öğrenci Sayısı : 121
Ankara,Kızılcahamam,TUSAŞ Şehit Hakan Gülşen Mesleki ve Teknik Anadolu Lisesi,121660,Mesleki ve Teknik Anadolu Lisesi,https://tusassehithakan.meb.k12.tr,,,https://tusassehithakan.meb.k12.tr/tema/harita.php,2026-08-31,393,393,bulundu,https://tusassehithakan.meb.k12.tr/,2026-10-01T18:25:23.837098+00:00,,Öğrenci Sayısı : 393
Ankara,Kızılcahamam,Çağatay Ortaokulu,711295,Ortaokul,https://cagatay.meb.k12.tr,,,https://cagatay.meb.k12.tr/tema/harita.php,2026-08-31,199,199,bulundu,https://cagatay.meb.k12.tr/,2026-10-01T18:25:23.963782+00:00,,Öğrenci Sayısı : 199
Ankara,Kızılcahamam,Çağatay İlkokulu,711266,İlkokul,https://cagatayilkokulu.meb.k12.tr,,,https://cagatayilkokulu.meb.k12.tr/tema/harita.php,2026-08-31,236,236,bulundu,https://cagatayilkokulu.meb.k12.tr/,2026-10-01T18:25:24.147108+00:00,,Öğrenci Sayısı : 236
Ankara,Kızılcahamam,Çeltikçi Ortaokulu,725079,Ortaokul,https://celtikci.meb.k12.tr,,,https://celtikci.meb.k12.tr/tema/harita.php,2026-08-31,,,bulunamadi,,2026-10-01T18:25:24.169059+00:00,,
Ankara,Kızılcahamam,Çeltikçi İlkokulu,725207,İlkokul,https://celtikciio.meb.k12.tr,,,https://celtikciio.meb.k12.tr/tema/harita.php,2026-08-31,,,bulunamadi,,2026-10-01T18:25:24.201820+00:00,,
Ankara,Kızılcahamam,Şehit Zekeriya Yurdakul Anadolu İmam Hatip Lisesi,121696,Anadolu İmam Hatip Lisesi,https://kizilcahamamanadoluihl.meb.k12.tr,,,https://kizilcahamamanadoluihl.meb.k12.tr/tema/harita.php,2026-08-31,325,325,bulundu,https://kizilcahamamanadoluihl.meb.k12.tr/,2026-10-01T18:25:24.302407+00:00,,Öğrenci Sayısı : 325
Ankara,Mamak,29 Ekim Ortaokulu,710502,Ortaokul,https://29ekimoo.meb.k12.tr,,,https://29ekimoo.meb.k12.tr/tema/harita.php,2026-08-31,1308,1308,bulundu,https://29ekimoo.meb.k12.tr/,2026-10-01T18:25:24.371610+00:00,,Öğrenci Sayısı 1308
Ankara,Mamak,30 Ağustos Ortaokulu,710509,Ortaokul,https://30agustosortaokulu.meb.k12.tr,,,https://30agustosortaokulu.meb.k12.tr/tema/harita.php,2026-08-31,674,674,bulundu,https://30agustosortaokulu.meb.k12.tr/,2026-10-01T18:25:24.632841+00:00,,Öğrenci Sayısı : 674
Ankara,Mamak,60 Yıl Ortaokulu,887624,Ortaokul,https://mamak60yil.meb.k12.tr,,,https://mamak60yil.meb.k12.tr/tema/harita.php,2026-08-31,938,938,bulundu,https://mamak60yil.meb.k12.tr/,2026-10-01T18:25:24.721297+00:00,,Öğrenci Sayısı : 938
Ankara,Mamak,75. Yıl İlkokulu,797828,İlkokul,https://mamak75yil.meb.k12.tr,,,https://mamak75yil.meb.k12.tr/tema/harita.php,2026-08-31,749,749,bulundu,https://mamak75yil.meb.k12.tr/tema/okulumuz_hakkinda.php,2026-10-01T18:25:24.738544+00:00,,Öğrenci : 749
Ankara,Mamak,Abidinpaşa Anadolu Lisesi,972476,Anadolu Lisesi,https://abidinpasaanadolulisesi.meb.k12.tr,,,https://abidinpasaanadolulisesi.meb.k12.tr/tema/harita.php,2026-08-31,857,857,bulundu,https://abidinpasaanadolulisesi.meb.k12.tr/,2026-10-01T18:25:24.787499+00:00,,Öğrenci Sayısı : 857
Ankara,Mamak,Abidinpaşa Mesleki ve Teknik Anadolu Lisesi,121946,Mesleki ve Teknik Anadolu Lisesi,https://abidinpasaeml.meb.k12.tr,,,https://abidinpasaeml.meb.k12.tr/tema/harita.php,2026-08-31,1188,1188,bulundu,https://abidinpasaeml.meb.k12.tr/,2026-10-01T18:25:24.824920+00:00,,Öğrenci Sayısı : 1188
Ankara,Mamak,Abidinpaşa İlkokulu,709668,İlkokul,https://abidinpasaio.meb.k12.tr,,,https://abidinpasaio.meb.k12.tr/tema/harita.php,2026-08-31,334,334,bulundu,https://abidinpasaio.meb.k12.tr/,2026-10-01T18:25:24.869697+00:00,,Öğrenci Sayısı : 334
Ankara,Mamak,Ahmet Hızal İlkokulu,887803,İlkokul,https://ahmethizalilkokulu.meb.k12.tr,,,https://ahmethizalilkokulu.meb.k12.tr/tema/harita.php,2026-08-31,832,832,bulundu,https://ahmethizalilkokulu.meb.k12.tr/,2026-10-01T18:25:24.899781+00:00,,Öğrenci Sayısı 832
Ankara,Mamak,Ahmet KABAKLI Ortaokulu,752582,Ortaokul,https://akabaklioo.meb.k12.tr,,,https://akabaklioo.meb.k12.tr/tema/harita.php,2026-08-31,228,228,bulundu,https://akabaklioo.meb.k12.tr/,2026-10-01T18:25:24.916415+00:00,,Öğrenci Sayısı : 228
Ankara,Mamak,Ahmet KABAKLI İlkokulu,752581,İlkokul,https://ahmetkabakliio.meb.k12.tr,,,https://ahmetkabakliio.meb.k12.tr/tema/harita.php,2026-08-31,226,226,bulundu,https://ahmetkabakliio.meb.k12.tr/,2026-10-01T18:25:24.937286+00:00,,Öğrenci Sayısı 226
Ankara,Mamak,Akdere Anadolu Lisesi,767570,Anadolu Lisesi,https://akdereanadolulisesi.meb.k12.tr,,,https://akdereanadolulisesi.meb.k12.tr/tema/harita.php,2026-08-31,1015,1015,bulundu,https://akdereanadolulisesi.meb.k12.tr/,2026-10-01T18:25:25.030637+00:00,,Öğrenci Sayısı 1015
Ankara,Mamak,Ali Gültekin Özel Eğitim Uygulama Okulu I. Kademe,751193,Özel Eğitim Kurumu,https://751193.meb.k12.tr,,,https://751193.meb.k12.tr/tema/harita.php,2026-08-31,28,28,bulundu,https://751193.meb.k12.tr/,2026-10-01T18:25:25.032041+00:00,,Öğrenci Sayısı : 28
Ankara,Mamak,Ali Gültekin Özel Eğitim Uygulama Okulu II. Kademe,751194,Özel Eğitim Kurumu,https://aligultekinegitimuygulamaokulu.meb.k12.tr,,,https://aligultekinegitimuygulamaokulu.meb.k12.tr/tema/harita.php,2026-08-31,,,bulunamadi,,2026-10-01T18:25:25.035891+00:00,,
Ankara,Mamak,Ali Gültekin Özel Eğitim Uygulama Okulu III. Kademe,751195,Özel Eğitim Kurumu,https://751195.meb.k12.tr,,,https://751195.meb.k12.tr/tema/harita.php,2026-08-31,,,bulunamadi,,2026-10-01T18:25:25.244629+00:00,,
Ankara,Mamak,Ali Kuşçu ilkokulu,976792,İlkokul,https://alikuscuilkokulumamak.meb.k12.tr,,,https://alikuscuilkokulumamak.meb.k12.tr/tema/harita.php,2026-08-31,481,481,bulundu,https://alikuscuilkokulumamak.meb.k12.tr/,2026-10-01T18:25:25.477740+00:00,,Öğrenci Sayısı 481
Ankara,Mamak,Ali Şir Nevai Ortaokulu,710538,Ortaokul,https://alisirnevaiortaokulu.meb.k12.tr,,,https://alisirnevaiortaokulu.meb.k12.tr/tema/harita.php,2026-08-31,1535,1535,bulundu,https://alisirnevaiortaokulu.meb.k12.tr/tema/okulumuz_hakkinda.php,2026-10-01T18:25:25.539347+00:00,,Öğrenci : 1535
Ankara,Mamak,Alper Tunga Ortaokulu,725678,Ortaokul,https://alpertungaortaokulu.meb.k12.tr,,,https://alpertungaortaokulu.meb.k12.tr/tema/harita.php,2026-08-31,436,436,bulundu,https://alpertungaortaokulu.meb.k12.tr/,2026-10-01T18:25:25.626059+00:00,,Öğrenci Sayısı : 436
Ankara,Mamak,Altıağaç Anadolu Lisesi,767601,Anadolu Lisesi,https://altiagacanadolulisesi.meb.k12.tr,,,https://altiagacanadolulisesi.meb.k12.tr/tema/harita.php,2026-08-31,568,568,bulundu,https://altiagacanadolulisesi.meb.k12.tr/tema/okulumuz_hakkinda.php,2026-10-01T18:25:25.713353+00:00,,Öğrenci : 568
Ankara,Mamak,Altıağaç Anaokulu,768237,Anaokulu,https://altiagacanaokulu.meb.k12.tr,,,https://altiagacanaokulu.meb.k12.tr/tema/harita.php,2026-08-31,180,180,bulundu,https://altiagacanaokulu.meb.k12.tr/,2026-10-01T18:25:25.747696+00:00,,Öğrenci Sayısı 180
Ankara,Mamak,Ankara Üniversitesi Cebeci Anaokulu,768683,Anaokulu,https://ankarauniversitesicebecianaokulu.meb.k12.tr,,,https://ankarauniversitesicebecianaokulu.meb.k12.tr/tema/harita.php,2026-08-31,129,129,bulundu,https://ankarauniversitesicebecianaokulu.meb.k12.tr/,2026-10-01T18:25:25.837225+00:00,,Öğrenci Sayısı 129
Ankara,Mamak,Ata Ortaokulu,710606,Ortaokul,https://mamakataortaokulu.meb.k12.tr,,,https://mamakataortaokulu.meb.k12.tr/tema/harita.php,2026-08-31,,,bulunamadi,,2026-10-01T18:25:25.921202+00:00,,
Ankara,Mamak,Atlıoğlu Ortaokulu,711519,Ortaokul,https://atliogluortaokulu.meb.k12.tr,,,https://atliogluortaokulu.meb.k12.tr/tema/harita.php,2026-08-31,607,607,bulundu,https://atliogluortaokulu.meb.k12.tr/,2026-10-01T18:25:26.012947+00:00,,Öğrenci Sayısı 607
Ankara,Mamak,Ayşe-Zeki Sayan İlkokulu,385978,İlkokul,https://aysezekisayanilkokulu.meb.k12.tr,,,https://aysezekisayanilkokulu.meb.k12.tr/tema/harita.php,2026-08-31,660,660,bulundu,https://aysezekisayanilkokulu.meb.k12.tr/,2026-10-01T18:25:26.182588+00:00,,Öğrenci Sayısı : 660
Ankara,Mamak,Açıkalın İlkokulu,853376,İlkokul,https://acikalinilkokulu.meb.k12.tr,,,https://acikalinilkokulu.meb.k12.tr/tema/harita.php,2026-08-31,970,970,bulundu,https://acikalinilkokulu.meb.k12.tr/,2026-10-01T18:25:26.192728+00:00,,Öğrenci Sayısı : 970
Ankara,Mamak,Aşık Veysel Özel Eğitim Uygulama Okulu I. Kademe,774821,Özel Eğitim Kurumu,https://774821.meb.k12.tr,,,https://774821.meb.k12.tr/tema/harita.php,2026-08-31,0,0,bulundu,https://774821.meb.k12.tr/,2026-10-01T18:25:26.204460+00:00,,Öğrenci Sayısı : 0
Ankara,Mamak,Aşık Veysel Özel Eğitim Uygulama Okulu II. Kademe,774834,Özel Eğitim Kurumu,https://774834.meb.k12.tr,,,https://774834.meb.k12.tr/tema/harita.php,2026-08-31,0,0,bulundu,https://774834.meb.k12.tr/,2026-10-01T18:25:26.271175+00:00,,Öğrenci Sayısı : 0
Ankara,Mamak,Aşık Veysel Özel Eğitim Uygulama Okulu III. Kademe,774835,Özel Eğitim Kurumu,https://774835.meb.k12.tr,,,https://774835.meb.k12.tr/tema/harita.php,2026-08-31,0,0,bulundu,https://774835.meb.k12.tr/,2026-10-01T18:25:26.309453+00:00,,Öğrenci Sayısı : 0
Ankara,Mamak,BAYINDIR KÖYÜ YUNUS MUFTU İLKOKULU,709771,İlkokul,https://yunusmuftuio.meb.k12.tr,,,https://yunusmuftuio.meb.k12.tr/tema/harita.php,2026-08-31,17,17,bulundu,https://yunusmuftuio.meb.k12.tr/,2026-10-01T18:25:26.314107+00:00,,Öğrenci Sayısı: 17
Ankara,Mamak,Bahtiyar Vahapzade Ortaokulu,745661,Ortaokul,https://bahtiyarvahapzadeoo.meb.k12.tr,,,https://bahtiyarvahapzadeoo.meb.k12.tr/tema/harita.php,2026-08-31,334,334,bulundu,https://bahtiyarvahapzadeoo.meb.k12.tr/,2026-10-01T18:25:26.379827+00:00,,Öğrenci Sayısı : 334
Ankara,Mamak,Barbaros Hayrettin Paşa Özel Eğitim Uygulama Okulu I. Kademe,767741,Özel Eğitim Kurumu,https://767741.meb.k12.tr,,,https://767741.meb.k12.tr/tema/harita.php,2026-08-31,,,bulunamadi,,2026-10-01T18:25:26.573793+00:00,,
Ankara,Mamak,Barbaros Hayrettin Paşa Özel Eğitim Uygulama Okulu II. Kademe,767742,Özel Eğitim Kurumu,https://767742.meb.k12.tr,,,https://767742.meb.k12.tr/tema/harita.php,2026-08-31,0,0,bulundu,https://767742.meb.k12.tr/,2026-10-01T18:25:26.932150+00:00,,Öğrenci Sayısı : 0
Ankara,Mamak,Battalgazi Mesleki ve Teknik Anadolu Lisesi,751066,Mesleki ve Teknik Anadolu Lisesi,https://battalgazieml.meb.k12.tr,,,https://battalgazieml.meb.k12.tr/tema/harita.php,2026-08-31,707,707,bulundu,https://battalgazieml.meb.k12.tr/,2026-10-01T18:25:27.084493+00:00,,Öğrenci Sayısı 707
Ankara,Mamak,Batuhan Ortaokulu,702773,Ortaokul,https://batuhan.meb.k12.tr,,,https://batuhan.meb.k12.tr/tema/harita.php,2026-08-31,926,926,bulundu,https://batuhan.meb.k12.tr/,2026-10-01T18:25:27.121930+00:00,,Öğrenci Sayısı 926
Ankara,Mamak,Başkent Anadolu Lisesi,972475,Anadolu Lisesi,https://baskentanadolulisesi.meb.k12.tr,,,https://baskentanadolulisesi.meb.k12.tr/tema/harita.php,2026-08-31,,,bulunamadi,,2026-10-01T18:25:27.138801+00:00,,
Ankara,Mamak,Başkent Özel Eğitim Uygulama Okulu I. Kademe,747461,Özel Eğitim Kurumu,https://mamakotistikcocuklar.meb.k12.tr,,,https://mamakotistikcocuklar.meb.k12.tr/tema/harita.php,2026-08-31,2,2,bulundu,https://mamakotistikcocuklar.meb.k12.tr/,2026-10-01T18:25:27.157131+00:00,,Öğrenci Sayısı : 2
Ankara,Mamak,Başkent Özel Eğitim Uygulama Okulu II. Kademe,747558,Özel Eğitim Kurumu,https://baskentozem.meb.k12.tr,,,https://baskentozem.meb.k12.tr/tema/harita.php,2026-08-31,26,26,bulundu,https://baskentozem.meb.k12.tr/tema/okulumuz_hakkinda.php,2026-10-01T18:25:27.361262+00:00,,Öğrenci : 26
Ankara,Mamak,Boğaziçi İlkokulu,734041,İlkokul,https://bogaziciilkokulu.meb.k12.tr,,,https://bogaziciilkokulu.meb.k12.tr/tema/harita.php,2026-08-31,667,667,bulundu,https://bogaziciilkokulu.meb.k12.tr/,2026-10-01T18:25:27.390367+00:00,,Öğrenci Sayısı : 667
Ankara,Mamak,Büyükelçi Nazım Belger İlkokulu,709781,İlkokul,https://belcinazimbelgerio.meb.k12.tr,,,https://belcinazimbelgerio.meb.k12.tr/tema/harita.php,2026-08-31,531,531,bulundu,https://belcinazimbelgerio.meb.k12.tr/,2026-10-01T18:25:27.431622+00:00,,Öğrenci Sayısı : 531
Ankara,Mamak,Büyükşehir Anfa İlkokulu,709784,İlkokul,https://buyuksehiranfailkokulu.meb.k12.tr,,,https://buyuksehiranfailkokulu.meb.k12.tr/tema/harita.php,2026-08-31,101,101,bulundu,https://buyuksehiranfailkokulu.meb.k12.tr/,2026-10-01T18:25:27.544385+00:00,,Öğrenci Sayısı 101
Ankara,Mamak,BüyükşehirAnfa Ortaokulu,734042,Ortaokul,https://buyuksehiranfaortaokulu.meb.k12.tr,,,https://buyuksehiranfaortaokulu.meb.k12.tr/tema/harita.php,2026-08-31,193,193,bulundu,https://buyuksehiranfaortaokulu.meb.k12.tr/,2026-10-01T18:25:27.810910+00:00,,Öğrenci Sayısı : 193
Ankara,Mamak,Cebeci Kız Mesleki ve Teknik Anadolu Lisesi,346539,Mesleki ve Teknik Anadolu Lisesi,https://cebeciktml.meb.k12.tr,,,https://cebeciktml.meb.k12.tr/tema/harita.php,2026-08-31,740,740,bulundu,https://cebeciktml.meb.k12.tr/,2026-10-01T18:25:27.847989+00:00,,Öğrenci Sayısı 740
Ankara,Mamak,Cengizhan İlkokulu,879486,İlkokul,https://cengizhanilkokulu.meb.k12.tr,,,https://cengizhanilkokulu.meb.k12.tr/tema/harita.php,2026-08-31,499,499,bulundu,https://cengizhanilkokulu.meb.k12.tr/,2026-10-01T18:25:27.850956+00:00,,Öğrenci Sayısı : 499
Ankara,Mamak,Coşkun Ertepınar Ortaokulu,710581,Ortaokul,https://coskunertepinarortaokulu.meb.k12.tr,,,https://coskunertepinarortaokulu.meb.k12.tr/tema/harita.php,2026-08-31,611,611,bulundu,https://coskunertepinarortaokulu.meb.k12.tr/,2026-10-01T18:25:27.928795+00:00,,Öğrenci Sayısı 611
Ankara,Mamak,Cumhuriyet Anadolu Lisesi,325971,Anadolu Lisesi,https://cal.meb.k12.tr,,,https://cal.meb.k12.tr/tema/harita.php,2026-08-31,791,791,bulundu,https://cal.meb.k12.tr/,2026-10-01T18:25:27.967351+00:00,,Öğrenci Sayısı : 791
Ankara,Mamak,Demirlibahçe İlkokulu,746927,İlkokul,https://demirlibahceilkokulu.meb.k12.tr,,,https://demirlibahceilkokulu.meb.k12.tr/tema/harita.php,2026-08-31,353,353,bulundu,https://demirlibahceilkokulu.meb.k12.tr/,2026-10-01T18:25:28.350381+00:00,,Öğrenci Sayısı : 353
Ankara,Mamak,Demokrasi Ortaokulu,701826,Ortaokul,https://demokrasioo.meb.k12.tr,,,https://demokrasioo.meb.k12.tr/tema/harita.php,2026-08-31,502,502,bulundu,https://demokrasioo.meb.k12.tr/,2026-10-01T18:25:28.389657+00:00,,Öğrenci Sayısı 502
Ankara,Mamak,Derbent İmam Hatip Ortaokulu,734169,İmam Hatip Ortaokulu,https://derbentiho.meb.k12.tr,,,https://derbentiho.meb.k12.tr/tema/harita.php,2026-08-31,184,184,bulundu,https://derbentiho.meb.k12.tr/,2026-10-01T18:25:28.410001+00:00,,Öğrenci Sayısı : 184
Ankara,Mamak,Dutluk Fatma Tarman Ortaokulu,734043,Ortaokul,https://dutlukfatmatarmanoo.meb.k12.tr,,,https://dutlukfatmatarmanoo.meb.k12.tr/tema/harita.php,2026-08-31,84,84,bulundu,https://dutlukfatmatarmanoo.meb.k12.tr/,2026-10-01T18:25:28.498045+00:00,,Öğrenci Sayısı: 84
Ankara,Mamak,Dutluk Fatma Tarman İlkokulu,360657,İlkokul,https://dutlukfatmatarmanio.meb.k12.tr,,,https://dutlukfatmatarmanio.meb.k12.tr/tema/harita.php,2026-08-31,108,108,bulundu,https://dutlukfatmatarmanio.meb.k12.tr/,2026-10-01T18:25:28.512030+00:00,,Öğrenci Sayısı 108
Ankara,Mamak,Ege Anadolu Lisesi,974820,Anadolu Lisesi,https://egeanadolulisesi.meb.k12.tr,,,https://egeanadolulisesi.meb.k12.tr/tema/harita.php,2026-08-31,944,944,bulundu,https://egeanadolulisesi.meb.k12.tr/tema/okulumuz_hakkinda.php,2026-10-01T18:25:28.544327+00:00,,Öğrenci : 944
Ankara,Mamak,Ege Mesleki ve Teknik Anadolu Lisesi,767583,Mesleki ve Teknik Anadolu Lisesi,https://egemtal.meb.k12.tr,,,https://egemtal.meb.k12.tr/tema/harita.php,2026-08-31,797,797,bulundu,https://egemtal.meb.k12.tr/,2026-10-01T18:25:28.582069+00:00,,Öğrenci Sayısı 797
Ankara,Mamak,Ege İlkokulu,709927,İlkokul,https://egeilkokulu.meb.k12.tr,,,https://egeilkokulu.meb.k12.tr/tema/harita.php,2026-08-31,511,511,bulundu,https://egeilkokulu.meb.k12.tr/,2026-10-01T18:25:28.632802+00:00,,Öğrenci Sayısı : 511
Ankara,Mamak,Ekin Ortaokulu,775779,Ortaokul,https://ekinortaokulu.meb.k12.tr,,,https://ekinortaokulu.meb.k12.tr/tema/harita.php,2026-08-31,749,749,bulundu,https://ekinortaokulu.meb.k12.tr/,2026-10-01T18:25:28.915743+00:00,,Öğrenci Sayısı 749
Ankara,Mamak,Emine Rasim Özkaya İlkokulu,709940,İlkokul,https://eminerasimozkayailkokulu.meb.k12.tr,,,https://eminerasimozkayailkokulu.meb.k12.tr/tema/harita.php,2026-08-31,429,429,bulundu,https://eminerasimozkayailkokulu.meb.k12.tr/,2026-10-01T18:25:28.941154+00:00,,Öğrenci Sayısı 429
Ankara,Mamak,Emine Taşkent İlkokulu,709904,İlkokul,https://eminetaskentio.meb.k12.tr,,,https://eminetaskentio.meb.k12.tr/tema/harita.php,2026-08-31,447,447,bulundu,https://eminetaskentio.meb.k12.tr/,2026-10-01T18:25:28.985642+00:00,,Öğrenci Sayısı : 447
Ankara,Mamak,Ergenekon İlkokulu,709935,İlkokul,https://ergenekon.meb.k12.tr,,,https://ergenekon.meb.k12.tr/tema/harita.php,2026-08-31,1232,1232,bulundu,https://ergenekon.meb.k12.tr/,2026-10-01T18:25:29.011324+00:00,,Öğrenci Sayısı 1232
Ankara,Mamak,Fatih Sultan Mehmet İlkokulu,709947,İlkokul,https://fatihsmio.meb.k12.tr,,,https://fatihsmio.meb.k12.tr/tema/harita.php,2026-08-31,982,982,bulundu,https://fatihsmio.meb.k12.tr/,2026-10-01T18:25:29.060290+00:00,,Öğrenci Sayısı 982
Ankara,Mamak,Gazeteci Hasan Tahsin İlkokulu,709961,İlkokul,https://gazetecihsnthsn.meb.k12.tr,,,https://gazetecihsnthsn.meb.k12.tr/tema/harita.php,2026-08-31,1408,1408,bulundu,https://gazetecihsnthsn.meb.k12.tr/,2026-10-01T18:25:29.162418+00:00,,Öğrenci Sayısı : 1408
Ankara,Mamak,Gökçeyurt Yibitaş Ortaokulu,725677,Ortaokul,https://gokceyurtyibitasorta.meb.k12.tr,,,https://gokceyurtyibitasorta.meb.k12.tr/tema/harita.php,2026-08-31,36,36,bulundu,https://gokceyurtyibitasorta.meb.k12.tr/,2026-10-01T18:25:29.204363+00:00,,Öğrenci Sayısı 36
Ankara,Mamak,Gökçeyurt Yibitaş İlkokulu,763115,İlkokul,https://gokceyurtyibitas.meb.k12.tr,,,https://gokceyurtyibitas.meb.k12.tr/tema/harita.php,2026-08-31,65,65,bulundu,https://gokceyurtyibitas.meb.k12.tr/,2026-10-01T18:25:29.332423+00:00,,Öğrenci Sayısı 65
Ankara,Mamak,Gülveren Anadolu Lisesi,121910,Anadolu Lisesi,https://gulverenlisesi.meb.k12.tr,,,https://gulverenlisesi.meb.k12.tr/tema/harita.php,2026-08-31,506,506,bulundu,https://gulverenlisesi.meb.k12.tr/tema/okulumuz_hakkinda.php,2026-10-01T18:25:29.360570+00:00,,Öğrenci : 506
Ankara,Mamak,Gülveren Şehit Umut Coşkun İlkokulu,887931,İlkokul,https://gulverenilkokulu.meb.k12.tr,,,https://gulverenilkokulu.meb.k12.tr/tema/harita.php,2026-08-31,600,600,bulundu,https://gulverenilkokulu.meb.k12.tr/,2026-10-01T18:25:29.402583+00:00,,Öğrenci Sayısı: 600
Ankara,Mamak,Habibe-Mehmet Kaya Anaokulu,967366,Anaokulu,https://habibemehmetkaya.meb.k12.tr,,,https://habibemehmetkaya.meb.k12.tr/tema/harita.php,2026-08-31,228,228,bulundu,https://habibemehmetkaya.meb.k12.tr/,2026-10-01T18:25:29.516571+00:00,,Öğrenci Sayısı 228
Ankara,Mamak,Hacı Bektaş-ı Veli Ortaokulu,725578,Ortaokul,https://mamakhacibektasveli.meb.k12.tr,,,https://mamakhacibektasveli.meb.k12.tr/tema/harita.php,2026-08-31,667,667,bulundu,https://mamakhacibektasveli.meb.k12.tr/,2026-10-01T18:25:29.687151+00:00,,Öğrenci Sayısı 667
Ankara,Mamak,Halide Onbaşı Anaokulu,776902,Anaokulu,https://776902.meb.k12.tr,,,https://776902.meb.k12.tr/tema/harita.php,2026-08-31,92,92,bulundu,https://776902.meb.k12.tr/,2026-10-01T18:25:29.786032+00:00,,Öğrenci Sayısı: 92
Ankara,Mamak,Hamdi Bulgurlu İlkokulu,709976,İlkokul,https://hamdibulgurluio.meb.k12.tr,,,https://hamdibulgurluio.meb.k12.tr/tema/harita.php,2026-08-31,257,257,bulundu,https://hamdibulgurluio.meb.k12.tr/,2026-10-01T18:25:29.835459+00:00,,Öğrenci Sayısı 257
Ankara,Mamak,Hurin Yavuzalp Anadolu Lisesi,870617,Anadolu Lisesi,https://hurinyavuzalpanadolulisesi.meb.k12.tr,,,https://hurinyavuzalpanadolulisesi.meb.k12.tr/tema/harita.php,2026-08-31,629,629,bulundu,https://hurinyavuzalpanadolulisesi.meb.k12.tr/,2026-10-01T18:25:29.869373+00:00,,Öğrenci Sayısı 629
Ankara,Mamak,Hurin Yavuzalp Özel Eğitim Meslek Okulu,747229,Özel Eğitim Kurumu,https://hurinyavuzalpozemem.meb.k12.tr,,,https://hurinyavuzalpozemem.meb.k12.tr/tema/harita.php,2026-08-31,65,65,bulundu,https://hurinyavuzalpozemem.meb.k12.tr/,2026-10-01T18:25:29.890434+00:00,,Öğrenci Sayısı 65
Ankara,Mamak,Hurin Yavuzalp İlkokulu,709986,İlkokul,https://hurinyavuzalp.meb.k12.tr,,,https://hurinyavuzalp.meb.k12.tr/tema/harita.php,2026-08-31,872,872,bulundu,https://hurinyavuzalp.meb.k12.tr/,2026-10-01T18:25:29.995631+00:00,,Öğrenci Sayısı : 872
Ankara,Mamak,Hüseyin Gazi Anadolu İmam Hatip Lisesi,749772,Anadolu İmam Hatip Lisesi,https://huseyingaziihl.meb.k12.tr,,,https://huseyingaziihl.meb.k12.tr/tema/harita.php,2026-08-31,578,578,bulundu,https://huseyingaziihl.meb.k12.tr/tema/okulumuz_hakkinda.php,2026-10-01T18:25:30.089983+00:00,,Öğrenci : 578
Ankara,Mamak,Kayaş Sakarya Ortaokulu,710663,Ortaokul,https://kayassakaryaortaokulu.meb.k12.tr,,,https://kayassakaryaortaokulu.meb.k12.tr/tema/harita.php,2026-08-31,885,885,bulundu,https://kayassakaryaortaokulu.meb.k12.tr/,2026-10-01T18:25:30.125698+00:00,,Öğrenci Sayısı 885
Ankara,Mamak,Kayaş İlkokulu,887626,İlkokul,https://kayasilkokulu.meb.k12.tr,,,https://kayasilkokulu.meb.k12.tr/tema/harita.php,2026-08-31,234,234,bulundu,https://kayasilkokulu.meb.k12.tr/,2026-10-01T18:25:30.141381+00:00,,Öğrenci Sayısı : 234
Ankara,Mamak,Kazım Karabekir İlkokulu,702210,İlkokul,https://mamakkazimkarabekir.meb.k12.tr,,,https://mamakkazimkarabekir.meb.k12.tr/tema/harita.php,2026-08-31,106,106,bulundu,https://mamakkazimkarabekir.meb.k12.tr/,2026-10-01T18:25:30.157825+00:00,,Öğrenci Sayısı 106
Ankara,Mamak,Kazım Orbay İlkokulu,710000,İlkokul,https://mamakkazimorbay.meb.k12.tr,,,https://mamakkazimorbay.meb.k12.tr/tema/harita.php,2026-08-31,837,837,bulundu,https://mamakkazimorbay.meb.k12.tr/,2026-10-01T18:25:30.261165+00:00,,Öğrenci Sayısı : 837
Ankara,Mamak,Korgeneral Ömer Keçecigil İlkokulu,976887,İlkokul,https://kok.meb.k12.tr,,,https://kok.meb.k12.tr/tema/harita.php,2026-08-31,,,bulunamadi,,2026-10-01T18:25:30.633282+00:00,,
Ankara,Mamak,Kusunlar Ortaokulu,725588,Ortaokul,https://kusunlar.meb.k12.tr,,,https://kusunlar.meb.k12.tr/tema/harita.php,2026-08-31,54,54,bulundu,https://kusunlar.meb.k12.tr/,2026-10-01T18:25:30.703948+00:00,,Öğrenci Sayısı : 54
Ankara,Mamak,Kusunlar İlkokulu,725624,İlkokul,https://kusunlarilkokulu.meb.k12.tr,,,https://kusunlarilkokulu.meb.k12.tr/tema/harita.php,2026-08-31,49,49,bulundu,https://kusunlarilkokulu.meb.k12.tr/,2026-10-01T18:25:30.754223+00:00,,Öğrenci Sayısı 49
Ankara,Mamak,Kutludüğün Borsa İstanbul Çok Programlı Anadolu Lisesi,954311,Çok Programlı Anadolu Lisesi,https://kutludugunimkbcpal.meb.k12.tr,,,https://kutludugunimkbcpal.meb.k12.tr/tema/harita.php,2026-08-31,116,116,bulundu,https://kutludugunimkbcpal.meb.k12.tr/,2026-10-01T18:25:30.777077+00:00,,Öğrenci Sayısı 116
Ankara,Mamak,Kutludüğün Ortaokulu,710690,Ortaokul,https://kutludugunortaokulu.meb.k12.tr,,,https://kutludugunortaokulu.meb.k12.tr/tema/harita.php,2026-08-31,206,206,bulundu,https://kutludugunortaokulu.meb.k12.tr/,2026-10-01T18:25:30.842475+00:00,,Öğrenci Sayısı : 206
Ankara,Mamak,Kutludüğün İmam Hatip Ortaokulu,762506,İmam Hatip Ortaokulu,https://kutluduguniho.meb.k12.tr,,,https://kutluduguniho.meb.k12.tr/tema/harita.php,2026-08-31,72,72,bulundu,https://kutluduguniho.meb.k12.tr/,2026-10-01T18:25:30.870949+00:00,,Öğrenci Sayısı : 72
Ankara,Mamak,Kuva-yi Milliye Ortaokulu,710752,Ortaokul,https://kuvayimilliyeortaokulu.meb.k12.tr,,,https://kuvayimilliyeortaokulu.meb.k12.tr/tema/harita.php,2026-08-31,681,681,bulundu,https://kuvayimilliyeortaokulu.meb.k12.tr/,2026-10-01T18:25:30.989770+00:00,,Öğrenci Sayısı : 681
Ankara,Mamak,Köşklüdere Ortaokulu,725596,Ortaokul,https://koskludereortaokulu.meb.k12.tr,,,https://koskludereortaokulu.meb.k12.tr/tema/harita.php,2026-08-31,82,82,bulundu,https://koskludereortaokulu.meb.k12.tr/,2026-10-01T18:25:31.019419+00:00,,Öğrenci Sayısı : 82
Ankara,Mamak,Köşklüdere İlkokulu,725626,İlkokul,https://koskludereilkokulu.meb.k12.tr,,,https://koskludereilkokulu.meb.k12.tr/tema/harita.php,2026-08-31,34,34,bulundu,https://koskludereilkokulu.meb.k12.tr/,2026-10-01T18:25:31.068689+00:00,,Öğrenci Sayısı 34
Ankara,Mamak,Küçük Fidanlar Anaokulu,776616,Anaokulu,https://776616.meb.k12.tr,,,https://776616.meb.k12.tr/tema/harita.php,2026-08-31,122,122,bulundu,https://776616.meb.k12.tr/,2026-10-01T18:25:31.475931+00:00,,Öğrenci Sayısı : 122
Ankara,Mamak,Kıbrıskoyu Ortaokulu,724922,Ortaokul,https://kibriskoyuoo.meb.k12.tr,,,https://kibriskoyuoo.meb.k12.tr/tema/harita.php,2026-08-31,77,77,bulundu,https://kibriskoyuoo.meb.k12.tr/tema/okulumuz_hakkinda.php,2026-10-01T18:25:31.502134+00:00,,Öğrenci : 77
Ankara,Mamak,Kıbrıskoyu İlkokulu,724929,İlkokul,https://kibriskoyuio.meb.k12.tr,,,https://kibriskoyuio.meb.k12.tr/tema/harita.php,2026-08-31,113,113,bulundu,https://kibriskoyuio.meb.k12.tr/,2026-10-01T18:25:31.539437+00:00,,Öğrenci Sayısı 113
Ankara,Mamak,Kınık Şehit Murat Yatarkalkmaz İlkokulu,710003,İlkokul,https://kiniksehitmuratyatarkalkmaz.meb.k12.tr,,,https://kiniksehitmuratyatarkalkmaz.meb.k12.tr/tema/harita.php,2026-08-31,905,905,bulundu,https://kiniksehitmuratyatarkalkmaz.meb.k12.tr/,2026-10-01T18:25:31.666200+00:00,,Öğrenci Sayısı : 905
Ankara,Mamak,Kızılay Şehit Ahmet Topçu Anaokulu,766935,Anaokulu,https://766935.meb.k12.tr,,,https://766935.meb.k12.tr/tema/harita.php,2026-08-31,104,104,bulundu,https://766935.meb.k12.tr/,2026-10-01T18:25:31.739016+00:00,,Öğrenci Sayısı: 104
Ankara,Mamak,Lalahan Ortaokulu,710806,Ortaokul,https://lalahanortaokulu.meb.k12.tr,,,https://lalahanortaokulu.meb.k12.tr/tema/harita.php,2026-08-31,169,169,bulundu,https://lalahanortaokulu.meb.k12.tr/,2026-10-01T18:25:32.053317+00:00,,Öğrenci Sayısı : 169
Ankara,Mamak,Lalahan Serdar Tosun Ortaokulu,734044,Ortaokul,https://lalahanserdartosunortaokulu.meb.k12.tr,,,https://lalahanserdartosunortaokulu.meb.k12.tr/tema/harita.php,2026-08-31,120,120,bulundu,https://lalahanserdartosunortaokulu.meb.k12.tr/,2026-10-01T18:25:32.128064+00:00,,Öğrenci Sayısı 120
Ankara,Mamak,Lalahan Serdar Tosun İlkokulu,710019,İlkokul,https://lalahanserdartosunilkokulu.meb.k12.tr,,,https://lalahanserdartosunilkokulu.meb.k12.tr/tema/harita.php,2026-08-31,162,162,bulundu,https://lalahanserdartosunilkokulu.meb.k12.tr/,2026-10-01T18:25:32.243767+00:00,,Öğrenci Sayısı: 162
Ankara,Mamak,Lalahan Çok Programlı Anadolu Lisesi,969354,Çok Programlı Anadolu Lisesi,https://lalahanlisesi.meb.k12.tr,,,https://lalahanlisesi.meb.k12.tr/tema/harita.php,2026-08-31,92,92,bulundu,https://lalahanlisesi.meb.k12.tr/tema/okulumuz_hakkinda.php,2026-10-01T18:25:32.166846+00:00,,Öğrenci : 92
Ankara,Mamak,Lalahan İlkokulu,734054,İlkokul,https://lalahanilkokulu.meb.k12.tr,,,https://lalahanilkokulu.meb.k12.tr/tema/harita.php,2026-08-31,148,148,bulundu,https://lalahanilkokulu.meb.k12.tr/,2026-10-01T18:25:32.198648+00:00,,Öğrenci Sayısı: 148
Ankara,Mamak,Mamak Ahmet Yesevi Ortaokulu,853297,Ortaokul,https://mamakahmetyesevi.meb.k12.tr,,,https://mamakahmetyesevi.meb.k12.tr/tema/harita.php,2026-08-31,1156,1156,bulundu,https://mamakahmetyesevi.meb.k12.tr/,2026-10-01T18:25:32.266474+00:00,,Öğrenci Sayısı : 1156
Ankara,Mamak,Mamak Anadolu İmam Hatip Lisesi,122006,Anadolu İmam Hatip Lisesi,https://mamakimamhatip.meb.k12.tr,,,https://mamakimamhatip.meb.k12.tr/tema/harita.php,2026-08-31,788,788,bulundu,https://mamakimamhatip.meb.k12.tr/,2026-10-01T18:25:32.265813+00:00,,Öğrenci Sayısı : 788
Ankara,Mamak,Mamak Belediyesi Anaokulu,759019,Anaokulu,https://mamakbelediyesianaokulu.meb.k12.tr,,,https://mamakbelediyesianaokulu.meb.k12.tr/tema/harita.php,2026-08-31,143,143,bulundu,https://mamakbelediyesianaokulu.meb.k12.tr/,2026-10-01T18:25:32.293872+00:00,,Öğrenci Sayısı: 143
Ankara,Mamak,Mamak Bilim ve Sanat Merkezi,964858,Bilim ve Sanat Merkezi,https://mamakbilsem.meb.k12.tr,,,https://mamakbilsem.meb.k12.tr/tema/harita.php,2026-08-31,578,578,bulundu,https://mamakbilsem.meb.k12.tr/tema/okulumuz_hakkinda.php,2026-10-01T18:25:32.414515+00:00,,Öğrenci : 578
Ankara,Mamak,Mamak Fen Lisesi,768960,Fen Lisesi,https://mamakfenlisesi.meb.k12.tr,,,https://mamakfenlisesi.meb.k12.tr/tema/harita.php,2026-08-31,449,449,bulundu,https://mamakfenlisesi.meb.k12.tr/,2026-10-01T18:25:32.677883+00:00,,Öğrenci Sayısı : 449
Ankara,Mamak,Mamak Halk Eğitimi Merkezi,122018,Halk Eğitimi Merkezi,https://mamakhem.meb.k12.tr,,,https://mamakhem.meb.k12.tr/tema/harita.php,2026-08-31,,,bulunamadi,,2026-10-01T18:25:32.787639+00:00,,
Ankara,Mamak,Mamak Mesleki Eğitim Merkezi,763394,Mesleki Eğitim Merkezi,https://mesem.meb.k12.tr,,,https://mesem.meb.k12.tr/tema/harita.php,2026-08-31,961,961,bulundu,https://mesem.meb.k12.tr/,2026-10-01T18:25:32.843749+00:00,,Öğrenci Sayısı : 961
Ankara,Mamak,Mamak Mesleki ve Teknik Anadolu Lisesi,745619,Mesleki ve Teknik Anadolu Lisesi,https://mamakmesleki.meb.k12.tr,,,https://mamakmesleki.meb.k12.tr/tema/harita.php,2026-08-31,590,590,bulundu,https://mamakmesleki.meb.k12.tr/,2026-10-01T18:25:32.905143+00:00,,Öğrenci Sayısı : 590
Ankara,Mamak,Mamak Nasreddin Hoca Anaokulu,764458,Anaokulu,https://mamaknasreddinhocaanaokulu.meb.k12.tr,,,https://mamaknasreddinhocaanaokulu.meb.k12.tr/tema/harita.php,2026-08-31,125,125,bulundu,https://mamaknasreddinhocaanaokulu.meb.k12.tr/,2026-10-01T18:25:33.050529+00:00,,Öğrenci Sayısı 125
Ankara,Mamak,Mamak Ortaokulu,710825,Ortaokul,https://mamakortaokulu.meb.k12.tr,,,https://mamakortaokulu.meb.k12.tr/tema/harita.php,2026-08-31,459,459,bulundu,https://mamakortaokulu.meb.k12.tr/,2026-10-01T18:25:33.054297+00:00,,Öğrenci Sayısı : 459
Ankara,Mamak,Mamak Rehberlik ve Araştırma Merkezi,277816,Rehberlik ve Araştırma Merkezi,https://mamakram.meb.k12.tr,,,https://mamakram.meb.k12.tr/tema/harita.php,2026-08-31,,,bulunamadi,,2026-10-01T18:25:33.181874+00:00,,
Ankara,Mamak,Mamak Yunus Emre Ticaret Mesleki ve Teknik Anadolu Lisesi,376226,Mesleki ve Teknik Anadolu Lisesi,https://ytml.meb.k12.tr,,,https://ytml.meb.k12.tr/tema/harita.php,2026-08-31,332,332,bulundu,https://ytml.meb.k12.tr/,2026-10-01T18:25:33.183454+00:00,,Öğrenci Sayısı : 332
Ankara,Mamak,Mamak Özel Eğitim Anaokulu,773678,Anaokulu,https://mamakozelegitimanaokulu.meb.k12.tr,,,https://mamakozelegitimanaokulu.meb.k12.tr/tema/harita.php,2026-08-31,37,37,bulundu,https://mamakozelegitimanaokulu.meb.k12.tr/,2026-10-01T18:25:33.201844+00:00,,Öğrenci Sayısı 37
Ankara,Mamak,Mamak Özel Eğitim Uygulama Okulu I. Kademe,747034,Özel Eğitim Kurumu,https://zemo.meb.k12.tr,,,https://zemo.meb.k12.tr/tema/harita.php,2026-08-31,19,19,bulundu,https://zemo.meb.k12.tr/,2026-10-01T18:25:33.273533+00:00,,Öğrenci Sayısı 19
Ankara,Mamak,Mamak Özel Eğitim Uygulama Okulu II. Kademe,747431,Özel Eğitim Kurumu,https://mezo.meb.k12.tr,,,https://mezo.meb.k12.tr/tema/harita.php,2026-08-31,20,20,bulundu,https://mezo.meb.k12.tr/,2026-10-01T18:25:33.275471+00:00,,Öğrenci Sayısı 20
Ankara,Mamak,Mamak Özel Eğitim Uygulama Okulu III. Kademe,747978,Özel Eğitim Kurumu,https://ozem.meb.k12.tr,,,https://ozem.meb.k12.tr/tema/harita.php,2026-08-31,30,30,bulundu,https://ozem.meb.k12.tr/,2026-10-01T18:25:33.527756+00:00,,Öğrenci Sayısı 30
Ankara,Mamak,Mamak Özkent Akbilek Özel Eğitim Meslek Okulu,747230,Özel Eğitim Kurumu,https://ozkentakbilekozem.meb.k12.tr,,,https://ozkentakbilekozem.meb.k12.tr/tema/harita.php,2026-08-31,80,80,bulundu,https://ozkentakbilekozem.meb.k12.tr/,2026-10-01T18:25:33.565214+00:00,,Öğrenci Sayısı : 80
Ankara,Mamak,Mamak İlkokulu,776768,İlkokul,https://mamakilkokulu.meb.k12.tr,,,https://mamakilkokulu.meb.k12.tr/tema/harita.php,2026-08-31,323,323,bulundu,https://mamakilkokulu.meb.k12.tr/,2026-10-01T18:25:33.698758+00:00,,Öğrenci Sayısı : 323
Ankara,Mamak,Mamak Şehit Mekan Şahin Halk Eğitimi Merkezi,750025,Halk Eğitimi Merkezi,https://smekansahinhem.meb.k12.tr,,,https://smekansahinhem.meb.k12.tr/tema/harita.php,2026-08-31,,,bulunamadi,,2026-10-01T18:25:33.708014+00:00,,
Ankara,Mamak,Mamak Şehit Mekan Şahin İmam Hatip Ortaokulu,762298,İmam Hatip Ortaokulu,https://sehitmekansahiniho.meb.k12.tr,,,https://sehitmekansahiniho.meb.k12.tr/tema/harita.php,2026-08-31,,,bulunamadi,,2026-10-01T18:25:33.767128+00:00,,
Ankara,Mamak,Manolya Anaokulu,851616,Anaokulu,https://manolyaanaokulu.meb.k12.tr,,,https://manolyaanaokulu.meb.k12.tr/tema/harita.php,2026-08-31,213,213,bulundu,https://manolyaanaokulu.meb.k12.tr/,2026-10-01T18:25:33.801980+00:00,,Öğrenci Sayısı 213
Ankara,Mamak,Mehmet Kudret-Süheyla Selçuk Özel Eğitim Uygulama Okulu I. Kademe,763240,Özel Eğitim Kurumu,https://763240.meb.k12.tr,,,https://763240.meb.k12.tr/tema/harita.php,2026-08-31,321,321,bulundu,https://763240.meb.k12.tr/,2026-10-01T18:25:33.947021+00:00,,Öğrenci Sayısı : 321
Ankara,Mamak,Mehmet Kudret-Süheyla Selçuk Özel Eğitim Uygulama Okulu II. Kademe,763241,Özel Eğitim Kurumu,https://763241.meb.k12.tr,,,https://763241.meb.k12.tr/tema/harita.php,2026-08-31,18,18,bulundu,https://763241.meb.k12.tr/,2026-10-01T18:25:33.974058+00:00,,Öğrenci Sayısı : 18
Ankara,Mamak,Mehmet Kudret-Süheyla Selçuk Özel Eğitim Uygulama Okulu III. Kademe,763242,Özel Eğitim Kurumu,https://mehmetkudretsuheylaselcukoeium.meb.k12.tr,,,https://mehmetkudretsuheylaselcukoeium.meb.k12.tr/tema/harita.php,2026-08-31,37,37,bulundu,https://mehmetkudretsuheylaselcukoeium.meb.k12.tr/tema/okulumuz_hakkinda.php,2026-10-01T18:25:34.011873+00:00,,Öğrenci : 37
Ankara,Mamak,Mehmet Rıfat Börekçi İlkokulu,887488,İlkokul,https://mehmetrifatborekciilkokulu.meb.k12.tr,,,https://mehmetrifatborekciilkokulu.meb.k12.tr/tema/harita.php,2026-08-31,864,864,bulundu,https://mehmetrifatborekciilkokulu.meb.k12.tr/,2026-10-01T18:25:34.510877+00:00,,Öğrenci Sayısı : 864
Ankara,Mamak,Mehmet Yetkin İlkokulu,707689,İlkokul,https://mehmetyetkinio.meb.k12.tr,,,https://mehmetyetkinio.meb.k12.tr/tema/harita.php,2026-08-31,550,550,bulundu,https://mehmetyetkinio.meb.k12.tr/,2026-10-01T18:25:34.576214+00:00,,Öğrenci Sayısı 550
Ankara,Mamak,Mehmet Çekiç Ortaokulu,710838,Ortaokul,https://mehmetcekic.meb.k12.tr,,,https://mehmetcekic.meb.k12.tr/tema/harita.php,2026-08-31,873,873,bulundu,https://mehmetcekic.meb.k12.tr/,2026-10-01T18:25:34.600789+00:00,,Öğrenci Sayısı : 873
Ankara,Mamak,Mehmetçik İlkokulu,707729,İlkokul,https://mehmetcikio.meb.k12.tr,,,https://mehmetcikio.meb.k12.tr/tema/harita.php,2026-08-31,205,205,bulundu,https://mehmetcikio.meb.k12.tr/tema/okulumuz_hakkinda.php,2026-10-01T18:25:34.790020+00:00,,Öğrenci : 205
Ankara,Mamak,Metehan İlkokulu,707755,İlkokul,https://metehanilkokulu.meb.k12.tr,,,https://metehanilkokulu.meb.k12.tr/tema/harita.php,2026-08-31,885,885,bulundu,https://metehanilkokulu.meb.k12.tr/,2026-10-01T18:25:34.826061+00:00,,Öğrenci Sayısı: 885
Ankara,Mamak,Mevlana Anadolu Lisesi,774397,Anadolu Lisesi,https://mevlanaanadolu.meb.k12.tr,,,https://mevlanaanadolu.meb.k12.tr/tema/harita.php,2026-08-31,346,346,bulundu,https://mevlanaanadolu.meb.k12.tr/,2026-10-01T18:25:34.834612+00:00,,Öğrenci Sayısı 346
Ankara,Mamak,Millî Eğitim Bakanı Ali Naili Erdem Anadolu Lisesi,964297,Anadolu Lisesi,https://aneal.meb.k12.tr,,,https://aneal.meb.k12.tr/tema/harita.php,2026-08-31,625,625,bulundu,https://aneal.meb.k12.tr/,2026-10-01T18:25:34.931542+00:00,,Öğrenci Sayısı 625
Ankara,Mamak,Mimar Sinan Güzel Sanatlar Lisesi,761487,Güzel Sanatlar Lisesi,https://msinangsl.meb.k12.tr,,,https://msinangsl.meb.k12.tr/tema/harita.php,2026-08-31,312,312,bulundu,https://msinangsl.meb.k12.tr/,2026-10-01T18:25:34.976831+00:00,,Öğrenci Sayısı 312
Ankara,Mamak,Minik Kalpler Anaokulu,767496,Anaokulu,https://mamakminikkalpleranaokulu.meb.k12.tr,,,https://mamakminikkalpleranaokulu.meb.k12.tr/tema/harita.php,2026-08-31,26,26,bulundu,https://mamakminikkalpleranaokulu.meb.k12.tr/,2026-10-01T18:25:35.042100+00:00,,Öğrenci Sayısı 26
Ankara,Mamak,Misket Ortaokulu,710847,Ortaokul,https://misketortaokulu.meb.k12.tr,,,https://misketortaokulu.meb.k12.tr/tema/harita.php,2026-08-31,737,737,bulundu,https://misketortaokulu.meb.k12.tr/,2026-10-01T18:25:35.065167+00:00,,Öğrenci Sayısı 737
Ankara,Mamak,Misket İlkokulu,749936,İlkokul,https://misketilkokulu.meb.k12.tr,,,https://misketilkokulu.meb.k12.tr/tema/harita.php,2026-08-31,379,379,bulundu,https://misketilkokulu.meb.k12.tr/,2026-10-01T18:25:35.093079+00:00,,Öğrenci Sayısı : 379
Ankara,Mamak,Mutlu Kelebekler Anaokulu,773971,Anaokulu,https://mutlukelebekleranaokulu.meb.k12.tr,,,https://mutlukelebekleranaokulu.meb.k12.tr/tema/harita.php,2026-08-31,1,1,bulundu,https://mutlukelebekleranaokulu.meb.k12.tr/,2026-10-01T18:25:35.100063+00:00,,Öğrenci Sayısı: 1
Ankara,Mamak,Mutlu Yüzler Anaokulu,776605,Anaokulu,https://776605.meb.k12.tr,,,https://776605.meb.k12.tr/tema/harita.php,2026-08-31,137,137,bulundu,https://776605.meb.k12.tr/,2026-10-01T18:25:35.102586+00:00,,Öğrenci Sayısı: 137
Ankara,Mamak,Nahit Menteşe Anadolu Lisesi,974821,Anadolu Lisesi,https://nahitmenteseanadolu.meb.k12.tr,,,https://nahitmenteseanadolu.meb.k12.tr/tema/harita.php,2026-08-31,610,610,bulundu,https://nahitmenteseanadolu.meb.k12.tr/,2026-10-01T18:25:35.239525+00:00,,Öğrenci Sayısı : 610
Ankara,Mamak,Naşide Halil Gelendost İlkokulu,725622,İlkokul,https://nasidehalilgelendostilkokulu.meb.k12.tr,,,https://nasidehalilgelendostilkokulu.meb.k12.tr/tema/harita.php,2026-08-31,463,463,bulundu,https://nasidehalilgelendostilkokulu.meb.k12.tr/,2026-10-01T18:25:35.431772+00:00,,Öğrenci Sayısı 463
Ankara,Mamak,Nedim İnal İlkokulu,711532,İlkokul,https://nediminalilkokulu.meb.k12.tr,,,https://nediminalilkokulu.meb.k12.tr/tema/harita.php,2026-08-31,,,bulunamadi,,2026-10-01T18:25:35.552787+00:00,,
Ankara,Mamak,Nene Hatun Kız Mesleki ve Teknik Anadolu Lisesi,351312,Mesleki ve Teknik Anadolu Lisesi,https://mamaknenehatunmtal.meb.k12.tr,,,https://mamaknenehatunmtal.meb.k12.tr/tema/harita.php,2026-08-31,532,532,bulundu,https://mamaknenehatunmtal.meb.k12.tr/,2026-10-01T18:25:35.763085+00:00,,Öğrenci Sayısı 532
Ankara,Mamak,Neşeli Çocuklar Anaokulu,768684,Anaokulu,https://neselicocuklaranaokulu.meb.k12.tr,,,https://neselicocuklaranaokulu.meb.k12.tr/tema/harita.php,2026-08-31,175,175,bulundu,https://neselicocuklaranaokulu.meb.k12.tr/,2026-10-01T18:25:35.781081+00:00,,Öğrenci Sayısı 175
Ankara,Mamak,Nurettin Topçu Anadolu Lisesi,766278,Anadolu Lisesi,https://nurettintopcuanadolu.meb.k12.tr,,,https://nurettintopcuanadolu.meb.k12.tr/tema/harita.php,2026-08-31,899,899,bulundu,https://nurettintopcuanadolu.meb.k12.tr/,2026-10-01T18:25:35.793055+00:00,,Öğrenci Sayısı : 899
Ankara,Mamak,Ortaköy 80. Yıl Mesleki ve Teknik Anadolu Lisesi,962148,Mesleki ve Teknik Anadolu Lisesi,https://ortakoyeml.meb.k12.tr,,,https://ortakoyeml.meb.k12.tr/tema/harita.php,2026-08-31,556,556,bulundu,https://ortakoyeml.meb.k12.tr/,2026-10-01T18:25:35.809136+00:00,,Öğrenci Sayısı 556
Ankara,Mamak,Ortaköy İlkokulu,725617,İlkokul,https://ortakoyilkokul.meb.k12.tr,,,https://ortakoyilkokul.meb.k12.tr/tema/harita.php,2026-08-31,28,28,bulundu,https://ortakoyilkokul.meb.k12.tr/,2026-10-01T18:25:36.001447+00:00,,Öğrenci Sayısı 28
Ankara,Mamak,Ortatepe Anadolu İmam Hatip Lisesi,241141,Anadolu İmam Hatip Lisesi,https://ortatepeihl.meb.k12.tr,,,https://ortatepeihl.meb.k12.tr/tema/harita.php,2026-08-31,,,bulunamadi,,2026-10-01T18:25:36.006040+00:00,,
Ankara,Mamak,Ortatepe İmam Hatip Ortaokulu,314746,İmam Hatip Ortaokulu,https://751165.meb.k12.tr,,,https://751165.meb.k12.tr/tema/harita.php,2026-08-31,172,172,bulundu,https://751165.meb.k12.tr/,2026-10-01T18:25:36.009102+00:00,,Öğrenci Sayısı 172
Ankara,Mamak,Oruç Reis İlkokulu,707838,İlkokul,https://orucreisio.meb.k12.tr,,,https://orucreisio.meb.k12.tr/tema/harita.php,2026-08-31,189,189,bulundu,https://orucreisio.meb.k12.tr/,2026-10-01T18:25:36.013733+00:00,,Öğrenci Sayısı 189
Ankara,Mamak,Osman Yüksel Serdengeçti Kız Anadolu İmam Hatip Lisesi,766239,Anadolu İmam Hatip Lisesi,https://serdengectiihl.meb.k12.tr,,,https://serdengectiihl.meb.k12.tr/tema/harita.php,2026-08-31,549,549,bulundu,https://serdengectiihl.meb.k12.tr/,2026-10-01T18:25:36.017634+00:00,,Öğrenci Sayısı : 549
Ankara,Mamak,Oğuz Kağan İlkokulu,707785,İlkokul,https://oguzkaganio.meb.k12.tr,,,https://oguzkaganio.meb.k12.tr/tema/harita.php,2026-08-31,429,429,bulundu,https://oguzkaganio.meb.k12.tr/,2026-10-01T18:25:36.067860+00:00,,Öğrenci Sayısı : 429
Ankara,Mamak,Piri Reis İlkokulu,702163,İlkokul,https://pirireis.meb.k12.tr,,,https://pirireis.meb.k12.tr/tema/harita.php,2026-08-31,,,bulunamadi,,2026-10-01T18:25:36.102758+00:00,,
Ankara,Mamak,Prof. Dr. Rağıp Üner Mesleki ve Teknik Anadolu Lisesi,962826,Mesleki ve Teknik Anadolu Lisesi,https://ragipuner.meb.k12.tr,,,https://ragipuner.meb.k12.tr/tema/harita.php,2026-08-31,,269 | 385,celiskili,https://ragipuner.meb.k12.tr/tema/okulumuz_hakkinda.php,2026-10-01T18:25:36.159896+00:00,,Öğrenci : 269 | Toplam öğrenci sayısı: 385
Ankara,Mamak,Rasim Özdenören Anadolu Lisesi,758183,Anadolu Lisesi,https://rasimozdenoren.meb.k12.tr,,,https://rasimozdenoren.meb.k12.tr/tema/harita.php,2026-08-31,75,75,bulundu,https://rasimozdenoren.meb.k12.tr/,2026-10-01T18:25:36.405237+00:00,,Öğrenci Sayısı 75
Ankara,Mamak,Refet Bele İlkokulu,853493,İlkokul,https://refetbeleilkokulu.meb.k12.tr,,,https://refetbeleilkokulu.meb.k12.tr/tema/harita.php,2026-08-31,283,283,bulundu,https://refetbeleilkokulu.meb.k12.tr/,2026-10-01T18:25:36.483639+00:00,,Öğrenci Sayısı : 283
Ankara,Mamak,Rotary Yeşiltepe Ortaokulu,382315,Ortaokul,https://rotaryyesiltepeo.meb.k12.tr,,,https://rotaryyesiltepeo.meb.k12.tr/tema/harita.php,2026-08-31,,,bulunamadi,,2026-10-01T18:25:36.545039+00:00,,
Ankara,Mamak,Saime Hanım Anaokulu,776906,Anaokulu,https://776906.meb.k12.tr,,,https://776906.meb.k12.tr/tema/harita.php,2026-08-31,,,bulunamadi,,2026-10-01T18:25:36.602535+00:00,,
Ankara,Mamak,Saimekadın İlkokulu,707903,İlkokul,https://saimekadinio.meb.k12.tr,,,https://saimekadinio.meb.k12.tr/tema/harita.php,2026-08-31,259,259,bulundu,https://saimekadinio.meb.k12.tr/,2026-10-01T18:25:36.660383+00:00,,Öğrenci Sayısı: 259
Ankara,Mamak,Selman-ı Farisi Anadolu İmam Hatip Lisesi,766238,Anadolu İmam Hatip Lisesi,https://mamakselmanfarisiaihl.meb.k12.tr,,,https://mamakselmanfarisiaihl.meb.k12.tr/tema/harita.php,2026-08-31,417,417,bulundu,https://mamakselmanfarisiaihl.meb.k12.tr/,2026-10-01T18:25:36.687239+00:00,,Öğrenci Sayısı 417
Ankara,Mamak,Selçuklu Ortaokulu,725261,Ortaokul,https://selcukluoo06.meb.k12.tr,,,https://selcukluoo06.meb.k12.tr/tema/harita.php,2026-08-31,801,801,bulundu,https://selcukluoo06.meb.k12.tr/,2026-10-01T18:25:36.693829+00:00,,Öğrenci Sayısı : 801
Ankara,Mamak,Selçuklu İlkokulu,725612,İlkokul,https://selcukluioankara.meb.k12.tr,,,https://selcukluioankara.meb.k12.tr/tema/harita.php,2026-08-31,657,657,bulundu,https://selcukluioankara.meb.k12.tr/,2026-10-01T18:25:36.704603+00:00,,Öğrenci Sayısı 657
Ankara,Mamak,Sevgi Bahçesi Anaokulu,757816,Anaokulu,https://sevgibahcesiaa.meb.k12.tr,,,https://sevgibahcesiaa.meb.k12.tr/tema/harita.php,2026-08-31,43,43,bulundu,https://sevgibahcesiaa.meb.k12.tr/,2026-10-01T18:25:36.710769+00:00,,Öğrenci Sayısı: 43
Ankara,Mamak,Sevimli Yumurcaklar Anaokulu,773817,Anaokulu,https://sevimliyumurcaklaranaokulu.meb.k12.tr,,,https://sevimliyumurcaklaranaokulu.meb.k12.tr/tema/harita.php,2026-08-31,36,36,bulundu,https://sevimliyumurcaklaranaokulu.meb.k12.tr/,2026-10-01T18:25:37.089374+00:00,,Öğrenci Sayısı 36
Ankara,Mamak,Sibel-İsmet Çatık Ortaokulu,710863,Ortaokul,https://sibelismetcatikoo.meb.k12.tr,,,https://sibelismetcatikoo.meb.k12.tr/tema/harita.php,2026-08-31,551,551,bulundu,https://sibelismetcatikoo.meb.k12.tr/,2026-10-01T18:25:37.130932+00:00,,Öğrenci Sayısı : 551
Ankara,Mamak,Sultan Alparslan İlkokulu,767468,İlkokul,https://mamaksultanalparslan.meb.k12.tr,,,https://mamaksultanalparslan.meb.k12.tr/tema/harita.php,2026-08-31,791,791,bulundu,https://mamaksultanalparslan.meb.k12.tr/,2026-10-01T18:25:37.162101+00:00,,Öğrenci Sayısı : 791
Ankara,Mamak,Suzan-Mehmet Gönç Ticaret Mesleki ve Teknik Anadolu Lisesi,966517,Mesleki ve Teknik Anadolu Lisesi,https://smgmtal.meb.k12.tr,,,https://smgmtal.meb.k12.tr/tema/harita.php,2026-08-31,672,672,bulundu,https://smgmtal.meb.k12.tr/,2026-10-01T18:25:37.289419+00:00,,Öğrenci Sayısı 672
Ankara,Mamak,Süleyman Nazif İlkokulu,707949,İlkokul,https://mamaksuleymannazif.meb.k12.tr,,,https://mamaksuleymannazif.meb.k12.tr/tema/harita.php,2026-08-31,687,687,bulundu,https://mamaksuleymannazif.meb.k12.tr/,2026-10-01T18:25:37.365874+00:00,,Öğrenci Sayısı : 687
Ankara,Mamak,Sıdıka Hatun Ortaokulu,734047,Ortaokul,https://sdkahatunoo.meb.k12.tr,,,https://sdkahatunoo.meb.k12.tr/tema/harita.php,2026-08-31,54,54,bulundu,https://sdkahatunoo.meb.k12.tr/,2026-10-01T18:25:37.397826+00:00,,Öğrenci Sayısı : 54
Ankara,Mamak,Sıdıka Hatun İlkokulu,707927,İlkokul,https://sdkahatunio.meb.k12.tr,,,https://sdkahatunio.meb.k12.tr/tema/harita.php,2026-08-31,,,bulunamadi,,2026-10-01T18:25:37.491599+00:00,,
Ankara,Mamak,Tepecik Dostlar Ortaokulu,710898,Ortaokul,https://tepecikdostlaroo.meb.k12.tr,,,https://tepecikdostlaroo.meb.k12.tr/tema/harita.php,2026-08-31,17,17,bulundu,https://tepecikdostlaroo.meb.k12.tr/,2026-10-01T18:25:37.493061+00:00,,Öğrenci Sayısı : 17
Ankara,Mamak,Tepecik Dostlar İlkokulu,225778,İlkokul,https://tepecikdostlar.meb.k12.tr,,,https://tepecikdostlar.meb.k12.tr/tema/harita.php,2026-08-31,,,bulunamadi,,2026-10-01T18:25:37.497133+00:00,,
Ankara,Mamak,Ticaret Odası Ortaokulu,887613,Ortaokul,https://ticaretodasimamak.meb.k12.tr,,,https://ticaretodasimamak.meb.k12.tr/tema/harita.php,2026-08-31,,,bulunamadi,,2026-10-01T18:25:37.521297+00:00,,
Ankara,Mamak,Toki İlkokulu,853474,İlkokul,https://tokiilkokulu.meb.k12.tr,,,https://tokiilkokulu.meb.k12.tr/tema/harita.php,2026-08-31,,,bulunamadi,,2026-10-01T18:25:37.587243+00:00,,
Ankara,Mamak,Turhan Polat Ortaokulu,711529,Ortaokul,https://turhanpolat.meb.k12.tr,,,https://turhanpolat.meb.k12.tr/tema/harita.php,2026-08-31,536,536,bulundu,https://turhanpolat.meb.k12.tr/,2026-10-01T18:25:37.911238+00:00,,Öğrenci Sayısı : 536
Ankara,Mamak,Tuzlucayır Anadolu Lisesi,964296,Anadolu Lisesi,https://tuzlucayiranadolu.meb.k12.tr,,,https://tuzlucayiranadolu.meb.k12.tr/tema/harita.php,2026-08-31,647,647,bulundu,https://tuzlucayiranadolu.meb.k12.tr/,2026-10-01T18:25:37.945062+00:00,,Öğrenci Sayısı : 647
Ankara,Mamak,Tuzluçayır İlkokulu,708143,İlkokul,https://tuzlucayir.meb.k12.tr,,,https://tuzlucayir.meb.k12.tr/tema/harita.php,2026-08-31,345,345,bulundu,https://tuzlucayir.meb.k12.tr/tema/okulumuz_hakkinda.php,2026-10-01T18:25:37.949821+00:00,,Öğrenci : 345
Ankara,Mamak,Türkoğlu İlkokulu,708164,İlkokul,https://turkoglu.meb.k12.tr,,,https://turkoglu.meb.k12.tr/tema/harita.php,2026-08-31,478,478,bulundu,https://turkoglu.meb.k12.tr/,2026-10-01T18:25:38.077906+00:00,,Öğrenci Sayısı : 478
Ankara,Mamak,Türközü Oğuzhan Mesleki ve Teknik Anadolu Lisesi,966448,Mesleki ve Teknik Anadolu Lisesi,https://oguzhaneml.meb.k12.tr,,,https://oguzhaneml.meb.k12.tr/tema/harita.php,2026-08-31,941,941,bulundu,https://oguzhaneml.meb.k12.tr/,2026-10-01T18:25:38.258494+00:00,,Öğrenci Sayısı : 941
Ankara,Mamak,Uluönder Ortaokulu,725244,Ortaokul,https://uluonderortaokulu.meb.k12.tr,,,https://uluonderortaokulu.meb.k12.tr/tema/harita.php,2026-08-31,513,513,bulundu,https://uluonderortaokulu.meb.k12.tr/,2026-10-01T18:25:38.347363+00:00,,Öğrenci Sayısı : 513
Ankara,Mamak,Vehbi Dinçerler Ortaokulu,725236,Ortaokul,https://vehbidincerleroo.meb.k12.tr,,,https://vehbidincerleroo.meb.k12.tr/tema/harita.php,2026-08-31,520,520,bulundu,https://vehbidincerleroo.meb.k12.tr/,2026-10-01T18:25:38.364837+00:00,,Öğrenci Sayısı : 520
Ankara,Mamak,Vehbi Dinçerler İlkokulu,725604,İlkokul,https://vehbidincerlerio.meb.k12.tr,,,https://vehbidincerlerio.meb.k12.tr/tema/harita.php,2026-08-31,513,513,bulundu,https://vehbidincerlerio.meb.k12.tr/,2026-10-01T18:25:38.377802+00:00,,Öğrenci Sayısı : 513
Ankara,Mamak,Yahya Kemal Ortaokulu,710958,Ortaokul,https://mamakyahyakemalortaokulu.meb.k12.tr,,,https://mamakyahyakemalortaokulu.meb.k12.tr/tema/harita.php,2026-08-31,499,499,bulundu,https://mamakyahyakemalortaokulu.meb.k12.tr/,2026-10-01T18:25:38.407994+00:00,,Öğrenci Sayısı : 499
Ankara,Mamak,Yavuz Sultan Selim Anadolu Lisesi,300255,Anadolu Lisesi,https://yavuzsultanselimanadolu.meb.k12.tr,,,https://yavuzsultanselimanadolu.meb.k12.tr/tema/harita.php,2026-08-31,507,507,bulundu,https://yavuzsultanselimanadolu.meb.k12.tr/,2026-10-01T18:25:38.459515+00:00,,Öğrenci Sayısı 507
Ankara,Mamak,Yavuz Sultan Selim Ortaokulu,710966,Ortaokul,https://yssoo.meb.k12.tr,,,https://yssoo.meb.k12.tr/tema/harita.php,2026-08-31,871,871,bulundu,https://yssoo.meb.k12.tr/,2026-10-01T18:25:38.509099+00:00,,Öğrenci Sayısı 871
Ankara,Mamak,Yenimutlu İlkokulu,853201,İlkokul,https://yenimutlu.meb.k12.tr,,,https://yenimutlu.meb.k12.tr/tema/harita.php,2026-08-31,1049,1049,bulundu,https://yenimutlu.meb.k12.tr/,2026-10-01T18:25:38.510883+00:00,,Öğrenci Sayısı : 1049
Ankara,Mamak,Yunus Büyükkuşoğlu Anadolu Lisesi,972477,Anadolu Lisesi,https://ybal.meb.k12.tr,,,https://ybal.meb.k12.tr/tema/harita.php,2026-08-31,623,623,bulundu,https://ybal.meb.k12.tr/,2026-10-01T18:25:38.603998+00:00,,Öğrenci Sayısı : 623
Ankara,Mamak,Yıldız Özel Eğitim Uygulama Okulu III. Kademe,760885,Özel Eğitim Kurumu,https://yildizozelegitim.meb.k12.tr,,,https://yildizozelegitim.meb.k12.tr/tema/harita.php,2026-08-31,53,53,bulundu,https://yildizozelegitim.meb.k12.tr/,2026-10-01T18:25:38.777331+00:00,,Öğrenci Sayısı 53
Ankara,Mamak,Zafer İlkokulu,701887,İlkokul,https://mamakzaferio.meb.k12.tr,,,https://mamakzaferio.meb.k12.tr/tema/harita.php,2026-08-31,192,192,bulundu,https://mamakzaferio.meb.k12.tr/,2026-10-01T18:25:38.806134+00:00,,Öğrenci Sayısı : 192
Ankara,Mamak,Zeki Tartaç İlkokulu,708212,İlkokul,https://zekitartacilkokulu.meb.k12.tr,,,https://zekitartacilkokulu.meb.k12.tr/tema/harita.php,2026-08-31,47,47,bulundu,https://zekitartacilkokulu.meb.k12.tr/,2026-10-01T18:25:39.000234+00:00,,Öğrenci Sayısı : 47
Ankara,Mamak,Çağrıbey Anadolu Lisesi,300890,Anadolu Lisesi,https://cagribeyanadolu.meb.k12.tr,,,https://cagribeyanadolu.meb.k12.tr/tema/harita.php,2026-08-31,513,513,bulundu,https://cagribeyanadolu.meb.k12.tr/,2026-10-01T18:25:39.070025+00:00,,Öğrenci Sayısı 513
Ankara,Mamak,Çigiltepe İlkokulu,711522,İlkokul,https://cigiltepeilkokulu.meb.k12.tr,,,https://cigiltepeilkokulu.meb.k12.tr/tema/harita.php,2026-08-31,522,522,bulundu,https://cigiltepeilkokulu.meb.k12.tr/,2026-10-01T18:25:39.143168+00:00,,Öğrenci Sayısı 522
Ankara,Mamak,Çiçek Hatun Anaokulu,964805,Anaokulu,https://cicekhatunanaokulu.meb.k12.tr,,,https://cicekhatunanaokulu.meb.k12.tr/tema/harita.php,2026-08-31,114,114,bulundu,https://cicekhatunanaokulu.meb.k12.tr/,2026-10-01T18:25:39.594609+00:00,,Öğrenci Sayısı 114
Ankara,Mamak,Çiğiltepe Zübeyde Hanım Anaokulu,751497,Anaokulu,https://cigiltepezubeydehanimanaokulu.meb.k12.tr,,,https://cigiltepezubeydehanimanaokulu.meb.k12.tr/tema/harita.php,2026-08-31,213,213,bulundu,https://cigiltepezubeydehanimanaokulu.meb.k12.tr/,2026-10-01T18:25:39.618866+00:00,,Öğrenci Sayısı: 213
Ankara,Mamak,Çocuk Sevenler İlkokulu,709910,İlkokul,https://cocuksevenler.meb.k12.tr,,,https://cocuksevenler.meb.k12.tr/tema/harita.php,2026-08-31,799,799,bulundu,https://cocuksevenler.meb.k12.tr/,2026-10-01T18:25:39.684970+00:00,,Öğrenci Sayısı : 799
Ankara,Mamak,Özkent Akbilek Ortaokulu,710855,Ortaokul,https://akbilek06.meb.k12.tr,,,https://akbilek06.meb.k12.tr/tema/harita.php,2026-08-31,528,528,bulundu,https://akbilek06.meb.k12.tr/,2026-10-01T18:25:39.689151+00:00,,Öğrenci Sayısı : 528
Ankara,Mamak,Üreğil Kız Mesleki ve Teknik Anadolu Lisesi,121971,Mesleki ve Teknik Anadolu Lisesi,https://uregilanadolu.meb.k12.tr,,,https://uregilanadolu.meb.k12.tr/tema/harita.php,2026-08-31,340,340,bulundu,https://uregilanadolu.meb.k12.tr/,2026-10-01T18:25:39.725320+00:00,,Öğrenci Sayısı : 340
Ankara,Mamak,İmirzalıoğlu Ganime Hanım Anaokulu,973627,Anaokulu,https://imirzaliogluanaokulu.meb.k12.tr,,,https://imirzaliogluanaokulu.meb.k12.tr/tema/harita.php,2026-08-31,159,159,bulundu,https://imirzaliogluanaokulu.meb.k12.tr/,2026-10-01T18:25:39.729684+00:00,,Öğrenci Sayısı 159
Ankara,Mamak,Şafaktepe İlkokulu,707970,İlkokul,https://safaktepeilkokulu.meb.k12.tr,,,https://safaktepeilkokulu.meb.k12.tr/tema/harita.php,2026-08-31,236,236,bulundu,https://safaktepeilkokulu.meb.k12.tr/,2026-10-01T18:25:39.738675+00:00,,Öğrenci Sayısı 236
Ankara,Mamak,Şair Nedim İlkokulu,707989,İlkokul,https://mamaksairnedim.meb.k12.tr,,,https://mamaksairnedim.meb.k12.tr/tema/harita.php,2026-08-31,1080,1080,bulundu,https://mamaksairnedim.meb.k12.tr/,2026-10-01T18:25:39.798022+00:00,,Öğrenci Sayısı : 1080
Ankara,Mamak,Şehit Ali Alıtkan Spor Lisesi,761489,Spor Lisesi,https://sehitalialitkansporlisesi.meb.k12.tr,,,https://sehitalialitkansporlisesi.meb.k12.tr/tema/harita.php,2026-08-31,247,247,bulundu,https://sehitalialitkansporlisesi.meb.k12.tr/tema/okulumuz_hakkinda.php,2026-10-01T18:25:39.800783+00:00,,Öğrenci : 247
Ankara,Mamak,Şehit Ali Doğan Ortaokulu,750484,Ortaokul,https://sehitalidoganortaokulu.meb.k12.tr,,,https://sehitalidoganortaokulu.meb.k12.tr/tema/harita.php,2026-08-31,1093,1093,bulundu,https://sehitalidoganortaokulu.meb.k12.tr/,2026-10-01T18:25:40.055577+00:00,,Öğrenci Sayısı : 1093
Ankara,Mamak,Şehit Ali İhsan Okatan Ortaokulu,734046,Ortaokul,https://sehitaliihsanokatanortaokulu.meb.k12.tr,,,https://sehitaliihsanokatanortaokulu.meb.k12.tr/tema/harita.php,2026-08-31,740,740,bulundu,https://sehitaliihsanokatanortaokulu.meb.k12.tr/,2026-10-01T18:25:40.119690+00:00,,Öğrenci Sayısı : 740
Ankara,Mamak,Şehit Arif Yüksekkaya İlkokulu,711514,İlkokul,https://sehitarifyuksekkaya.meb.k12.tr,,,https://sehitarifyuksekkaya.meb.k12.tr/tema/harita.php,2026-08-31,665,665,bulundu,https://sehitarifyuksekkaya.meb.k12.tr/,2026-10-01T18:25:40.138897+00:00,,Öğrenci Sayısı 665
Ankara,Mamak,Şehit Arslan Kulaksız İlkokulu,760480,İlkokul,https://sehitarslankulaksizilkokulu.meb.k12.tr,,,https://sehitarslankulaksizilkokulu.meb.k12.tr/tema/harita.php,2026-08-31,409,409,bulundu,https://sehitarslankulaksizilkokulu.meb.k12.tr/tema/okulumuz_hakkinda.php,2026-10-01T18:25:40.216607+00:00,,Öğrenci : 409
Ankara,Mamak,Şehit Ayhan Keleş İmam Hatip Ortaokulu,761920,İmam Hatip Ortaokulu,https://sehitayhankelesiho.meb.k12.tr,,,https://sehitayhankelesiho.meb.k12.tr/tema/harita.php,2026-08-31,114,114,bulundu,https://sehitayhankelesiho.meb.k12.tr/,2026-10-01T18:25:40.238433+00:00,,Öğrenci Sayısı : 114
Ankara,Mamak,Şehit Bülent Karalı Anadolu Lisesi,974819,Anadolu Lisesi,https://sehitbulentkarali.meb.k12.tr,,,https://sehitbulentkarali.meb.k12.tr/tema/harita.php,2026-08-31,476,476,bulundu,https://sehitbulentkarali.meb.k12.tr/,2026-10-01T18:25:40.331068+00:00,,Öğrenci Sayısı : 476
Ankara,Mamak,Şehit Cihan Yıldız İlkokulu,386038,İlkokul,https://sehitcihanyildiz.meb.k12.tr,,,https://sehitcihanyildiz.meb.k12.tr/tema/harita.php,2026-08-31,735,735,bulundu,https://sehitcihanyildiz.meb.k12.tr/,2026-10-01T18:25:40.360676+00:00,,Öğrenci Sayısı 735
Ankara,Mamak,Şehit Erhan Yıldırım İmam Hatip Ortaokulu,764118,İmam Hatip Ortaokulu,https://sehiterhanyildirimiho.meb.k12.tr,,,https://sehiterhanyildirimiho.meb.k12.tr/tema/harita.php,2026-08-31,,,bulunamadi,,2026-10-01T18:25:40.394936+00:00,,
Ankara,Mamak,Şehit Ertuğrul Pilatin Ortaokulu,776758,Ortaokul,https://776758.meb.k12.tr,,,https://776758.meb.k12.tr/tema/harita.php,2026-08-31,110,110,bulundu,https://776758.meb.k12.tr/,2026-10-01T18:25:40.559537+00:00,,Öğrenci Sayısı : 110
Ankara,Mamak,Şehit Halil Ulaş Yıldırım İlkokulu,775686,İlkokul,https://sehithalilulasyildirimilkokulu.meb.k12.tr,,,https://sehithalilulasyildirimilkokulu.meb.k12.tr/tema/harita.php,2026-08-31,391,391,bulundu,https://sehithalilulasyildirimilkokulu.meb.k12.tr/,2026-10-01T18:25:40.570527+00:00,,Öğrenci Sayısı 391
Ankara,Mamak,Şehit Hamza Irmak Ortaokulu,768219,Ortaokul,https://sehithamzairmakortaokulu.meb.k12.tr,,,https://sehithamzairmakortaokulu.meb.k12.tr/tema/harita.php,2026-08-31,707,707,bulundu,https://sehithamzairmakortaokulu.meb.k12.tr/,2026-10-01T18:25:40.727503+00:00,,Öğrenci Sayısı : 707
Ankara,Mamak,Şehit Hasan Altın Ortaokulu,761699,Ortaokul,https://sehithasanaltinortaokulu.meb.k12.tr,,,https://sehithasanaltinortaokulu.meb.k12.tr/tema/harita.php,2026-08-31,774,774,bulundu,https://sehithasanaltinortaokulu.meb.k12.tr/,2026-10-01T18:25:40.764651+00:00,,Öğrenci Sayısı 774
Ankara,Mamak,Şehit Kadir Yalçın Ortaokulu,768036,Ortaokul,https://sehitkadiryalcinortaokulu.meb.k12.tr,,,https://sehitkadiryalcinortaokulu.meb.k12.tr/tema/harita.php,2026-08-31,1251,1251,bulundu,https://sehitkadiryalcinortaokulu.meb.k12.tr/,2026-10-01T18:25:40.785599+00:00,,Öğrenci Sayısı 1251
Ankara,Mamak,Şehit Melih Garip Ünsal Ortaokulu,766441,Ortaokul,https://766441.meb.k12.tr,,,https://766441.meb.k12.tr/tema/harita.php,2026-08-31,1043,1043,bulundu,https://766441.meb.k12.tr/,2026-10-01T18:25:40.840300+00:00,,Öğrenci Sayısı : 1043
Ankara,Mamak,Şehit Piyade Er Murat Eroğlu Anaokulu,773227,Anaokulu,https://shtpiyadeermuraterogluanaokulu.meb.k12.tr,,,https://shtpiyadeermuraterogluanaokulu.meb.k12.tr/tema/harita.php,2026-08-31,95,95,bulundu,https://shtpiyadeermuraterogluanaokulu.meb.k12.tr/,2026-10-01T18:25:41.025425+00:00,,Öğrenci Sayısı : 95
Ankara,Mamak,Şehit Polis Fehmi Şahin Özel Eğitim Meslek Okulu,760443,Özel Eğitim Kurumu,https://sehitfehmisahinoemo.meb.k12.tr,,,https://sehitfehmisahinoemo.meb.k12.tr/tema/harita.php,2026-08-31,31,31,bulundu,https://sehitfehmisahinoemo.meb.k12.tr/,2026-10-01T18:25:41.052906+00:00,,Öğrenci Sayısı 31
Ankara,Mamak,Şehit Serkan Dökmeci İlkokulu,725629,İlkokul,https://sehitserkandokmeci.meb.k12.tr,,,https://sehitserkandokmeci.meb.k12.tr/tema/harita.php,2026-08-31,712,712,bulundu,https://sehitserkandokmeci.meb.k12.tr/,2026-10-01T18:25:41.055231+00:00,,Öğrenci Sayısı : 712
Ankara,Mamak,Şehit Suat Aloğlu Ortaokulu,711536,Ortaokul,https://sehitsuatalogluortaokulu.meb.k12.tr,,,https://sehitsuatalogluortaokulu.meb.k12.tr/tema/harita.php,2026-08-31,800,800,bulundu,https://sehitsuatalogluortaokulu.meb.k12.tr/,2026-10-01T18:25:41.082724+00:00,,Öğrenci Sayısı 800
Ankara,Mamak,Şehit Teğmen Ertuğrul Pilatin İlkokulu,976871,İlkokul,https://709931.meb.k12.tr,,,https://709931.meb.k12.tr/tema/harita.php,2026-08-31,376,376,bulundu,https://709931.meb.k12.tr/,2026-10-01T18:25:41.128436+00:00,,Öğrenci Sayısı : 376
Ankara,Mamak,Şehit Volkan Gürbüzer Anadolu Lisesi,766262,Anadolu Lisesi,https://sehitvolkangurbuzeranadolulisesi.meb.k12.tr,,,https://sehitvolkangurbuzeranadolulisesi.meb.k12.tr/tema/harita.php,2026-08-31,418,418,bulundu,https://sehitvolkangurbuzeranadolulisesi.meb.k12.tr/,2026-10-01T18:25:41.266818+00:00,,Öğrenci Sayısı : 418
Ankara,Mamak,Şehit Yaşar Yavaş İlkokulu,766253,İlkokul,https://sehityasaryavasio.meb.k12.tr,,,https://sehityasaryavasio.meb.k12.tr/tema/harita.php,2026-08-31,729,729,bulundu,https://sehityasaryavasio.meb.k12.tr/,2026-10-01T18:25:41.610432+00:00,,Öğrenci Sayısı 729
Ankara,Mamak,Şehit Zeki Çınar Ortaokulu,734660,Ortaokul,https://sehitzekicinarortaokulu.meb.k12.tr,,,https://sehitzekicinarortaokulu.meb.k12.tr/tema/harita.php,2026-08-31,982,982,bulundu,https://sehitzekicinarortaokulu.meb.k12.tr/,2026-10-01T18:25:41.651160+00:00,,Öğrenci Sayısı : 982
Ankara,Mamak,Şehit Öğretmen Nesrin Ünügür İlkokulu,853175,İlkokul,https://sehitogretmennesrinunugurio.meb.k12.tr,,,https://sehitogretmennesrinunugurio.meb.k12.tr/tema/harita.php,2026-08-31,563,563,bulundu,https://sehitogretmennesrinunugurio.meb.k12.tr/,2026-10-01T18:25:41.678291+00:00,,Öğrenci Sayısı : 563
Ankara,Mamak,Şehitler Ortaokulu,710878,Ortaokul,https://mamaksehitler.meb.k12.tr,,,https://mamaksehitler.meb.k12.tr/tema/harita.php,2026-08-31,864,864,bulundu,https://mamaksehitler.meb.k12.tr/tema/okulumuz_hakkinda.php,2026-10-01T18:25:41.686832+00:00,,Öğrenci : 864
Ankara,Mamak,Şehitlik Ortaokulu,710884,Ortaokul,https://ankarasehitlik.meb.k12.tr,,,https://ankarasehitlik.meb.k12.tr/tema/harita.php,2026-08-31,828,828,bulundu,https://ankarasehitlik.meb.k12.tr/,2026-10-01T18:25:41.790624+00:00,,Öğrenci Sayısı : 828
Ankara,Mamak,Şehitlik Özel Eğitim Anaokulu,773629,Anaokulu,https://sehitlikozelegitimanaokulu.meb.k12.tr,,,https://sehitlikozelegitimanaokulu.meb.k12.tr/tema/harita.php,2026-08-31,35,35,bulundu,https://sehitlikozelegitimanaokulu.meb.k12.tr/,2026-10-01T18:25:42.078892+00:00,,Öğrenci Sayısı: 35
Ankara,Mamak,Şh.Py.Er Murat Eroğlu İlkokulu,708094,İlkokul,https://shtpiyadeermuraterogluilkokulu.meb.k12.tr,,,https://shtpiyadeermuraterogluilkokulu.meb.k12.tr/tema/harita.php,2026-08-31,711,711,bulundu,https://shtpiyadeermuraterogluilkokulu.meb.k12.tr/,2026-10-01T18:25:42.118983+00:00,,Öğrenci Sayısı 711
Ankara,Mamak,Şht.Öğrtm. Yasemin-Bayram Tekin Ortaokulu,710895,Ortaokul,https://ybt.meb.k12.tr,,,https://ybt.meb.k12.tr/tema/harita.php,2026-08-31,301,301,bulundu,https://ybt.meb.k12.tr/,2026-10-01T18:25:42.131304+00:00,,Öğrenci Sayısı 301
Ankara,Nallıhan,Ahmet Remzi Öntaş Anaokulu,963819,Anaokulu,https://nallihanahmetremziontasanaokulu.meb.k12.tr,,,https://nallihanahmetremziontasanaokulu.meb.k12.tr/tema/harita.php,2026-08-31,83,83,bulundu,https://nallihanahmetremziontasanaokulu.meb.k12.tr/,2026-10-01T18:25:42.186520+00:00,,Öğrenci Sayısı : 83
Ankara,Nallıhan,Bilal Güngör Fen Lisesi,964564,Fen Lisesi,https://nallihanbgfl.meb.k12.tr,,,https://nallihanbgfl.meb.k12.tr/tema/harita.php,2026-08-31,252,252,bulundu,https://nallihanbgfl.meb.k12.tr/,2026-10-01T18:25:42.190444+00:00,,Öğrenci Sayısı : 252
Ankara,Nallıhan,Dumlupınar İlkokulu,711556,İlkokul,https://dumlupinar.meb.k12.tr,,,https://dumlupinar.meb.k12.tr/tema/harita.php,2026-08-31,83,83,bulundu,https://dumlupinar.meb.k12.tr/,2026-10-01T18:25:42.229508+00:00,,Öğrenci Sayısı 83
Ankara,Nallıhan,Hüsamettin Değirmenci Ortaokulu,710978,Ortaokul,https://husamettindegirmenci.meb.k12.tr,,,https://husamettindegirmenci.meb.k12.tr/tema/harita.php,2026-08-31,580,580,bulundu,https://husamettindegirmenci.meb.k12.tr/,2026-10-01T18:25:42.282997+00:00,,Öğrenci Sayısı : 580
Ankara,Nallıhan,Nallıhan Fettah Güngör Mesleki ve Teknik Anadolu Lisesi,122151,Mesleki ve Teknik Anadolu Lisesi,https://nallihaneml.meb.k12.tr,,,https://nallihaneml.meb.k12.tr/tema/harita.php,2026-08-31,127,127,bulundu,https://nallihaneml.meb.k12.tr/,2026-10-01T18:25:42.295813+00:00,,Öğrenci Sayısı : 127
Ankara,Nallıhan,Nallıhan Halk Eğitimi Merkezi,122175,Halk Eğitimi Merkezi,https://nallihanhem.meb.k12.tr,,,https://nallihanhem.meb.k12.tr/tema/harita.php,2026-08-31,,,bulunamadi,,2026-10-01T18:25:42.701407+00:00,,
Ankara,Nallıhan,Nallıhan Rehberlik ve Araştırma Merkezi,867785,Rehberlik ve Araştırma Merkezi,https://nallihanram.meb.k12.tr,,,https://nallihanram.meb.k12.tr/tema/harita.php,2026-08-31,,,bulunamadi,,2026-10-01T18:25:42.710803+00:00,,
Ankara,Nallıhan,Nallıhan Öğretmenevi ve Akşam Sanat Okulu,217367,Öğretmenevi,https://nallihanogretmenevi.meb.k12.tr,,,https://nallihanogretmenevi.meb.k12.tr/tema/harita.php,2026-08-31,,,bulunamadi,,2026-10-01T18:25:42.712110+00:00,,
Ankara,Nallıhan,Nallıhan Şehit Hulki Beydili Mesleki ve Teknik Anadolu Lisesi,962850,Mesleki ve Teknik Anadolu Lisesi,https://nallihanshbmtal.meb.k12.tr,,,https://nallihanshbmtal.meb.k12.tr/tema/harita.php,2026-08-31,154,154,bulundu,https://nallihanshbmtal.meb.k12.tr/,2026-10-01T18:25:43.045526+00:00,,Öğrenci Sayısı : 154
Ankara,Nallıhan,Nallıhan Şehit Vural Arıcı Anadolu Lisesi,300279,Anadolu Lisesi,https://sva.meb.k12.tr,,,https://sva.meb.k12.tr/tema/harita.php,2026-08-31,166,166,bulundu,https://sva.meb.k12.tr/,2026-10-01T18:25:43.072368+00:00,,Öğrenci Sayısı : 166
Ankara,Nallıhan,Nasuhpaşa İlkokulu,708308,İlkokul,https://nasuhpasailkokulu.meb.k12.tr,,,https://nasuhpasailkokulu.meb.k12.tr/tema/harita.php,2026-08-31,266,266,bulundu,https://nasuhpasailkokulu.meb.k12.tr/,2026-10-01T18:25:43.211634+00:00,,Öğrenci Sayısı : 266
Ankara,Nallıhan,Sakarya Ortaokulu,710997,Ortaokul,https://nallihansakaryaortaokulu.meb.k12.tr,,,https://nallihansakaryaortaokulu.meb.k12.tr/tema/harita.php,2026-08-31,298,298,bulundu,https://nallihansakaryaortaokulu.meb.k12.tr/,2026-10-01T18:25:43.239180+00:00,,Öğrenci Sayısı 298
Ankara,Nallıhan,Tapduk Emre İmam Hatip Ortaokulu,711561,İmam Hatip Ortaokulu,https://tapdukemreiho.meb.k12.tr,,,https://tapdukemreiho.meb.k12.tr/tema/harita.php,2026-08-31,83,83,bulundu,https://tapdukemreiho.meb.k12.tr/,2026-10-01T18:25:43.262432+00:00,,Öğrenci Sayısı : 83
Ankara,Nallıhan,Tuğrulbey Ortaokulu,725567,Ortaokul,https://tugrulbeyortaokulu.meb.k12.tr,,,https://tugrulbeyortaokulu.meb.k12.tr/tema/harita.php,2026-08-31,211,211,bulundu,https://tugrulbeyortaokulu.meb.k12.tr/,2026-10-01T18:25:43.429014+00:00,,Öğrenci Sayısı : 211
Ankara,Nallıhan,Tuğrulbey İlkokulu,725277,İlkokul,https://tugrulbeyilkokulu.meb.k12.tr,,,https://tugrulbeyilkokulu.meb.k12.tr/tema/harita.php,2026-08-31,124,124,bulundu,https://tugrulbeyilkokulu.meb.k12.tr/,2026-10-01T18:25:43.450196+00:00,,Öğrenci Sayısı : 124
Ankara,Nallıhan,Çayırhan Anadolu Lisesi,966816,Anadolu Lisesi,https://cayirhananadolulisesi.meb.k12.tr,,,https://cayirhananadolulisesi.meb.k12.tr/tema/harita.php,2026-08-31,109,109,bulundu,https://cayirhananadolulisesi.meb.k12.tr/,2026-10-01T18:25:43.500251+00:00,,Öğrenci Sayısı 109
Ankara,Nallıhan,Çayırhan Anaokulu,974642,Anaokulu,https://cayirhananaokulu.meb.k12.tr,,,https://cayirhananaokulu.meb.k12.tr/tema/harita.php,2026-08-31,102,102,bulundu,https://cayirhananaokulu.meb.k12.tr/tema/okulumuz_hakkinda.php,2026-10-01T18:25:43.528434+00:00,,Öğrenci : 102
Ankara,Nallıhan,Çayırhan Cumhuriyet İlkokulu,255739,İlkokul,https://cayirhancumhuriyet.meb.k12.tr,,,https://cayirhancumhuriyet.meb.k12.tr/tema/harita.php,2026-08-31,339,339,bulundu,https://cayirhancumhuriyet.meb.k12.tr/,2026-10-01T18:25:43.627818+00:00,,Öğrenci Sayısı 339
Ankara,Nallıhan,Çayırhan Gazi Mete Okuducu İlkokulu,122102,İlkokul,https://gazimeteokuducu.meb.k12.tr,,,https://gazimeteokuducu.meb.k12.tr/tema/harita.php,2026-08-31,226,226,bulundu,https://gazimeteokuducu.meb.k12.tr/,2026-10-01T18:25:43.683231+00:00,,Öğrenci Sayısı 226
Ankara,Nallıhan,Çayırhan İpek Yolu İlkokulu,776539,İlkokul,https://776539.meb.k12.tr,,,https://776539.meb.k12.tr/tema/harita.php,2026-08-31,107,107,bulundu,https://776539.meb.k12.tr/,2026-10-01T18:25:43.707043+00:00,,Öğrenci Sayısı : 107
Ankara,Nallıhan,Şehit Abdullah Ören Anadolu İmam Hatip Lisesi,751524,Anadolu İmam Hatip Lisesi,https://nallihanihl.meb.k12.tr,,,https://nallihanihl.meb.k12.tr/tema/harita.php,2026-08-31,79,79,bulundu,https://nallihanihl.meb.k12.tr/,2026-10-01T18:25:43.781953+00:00,,Öğrenci Sayısı 79
Ankara,Nallıhan,Şehit Ömer Boztepe İlkokulu,748868,İlkokul,https://sehitomerboztepeilkokulu.meb.k12.tr,,,https://sehitomerboztepeilkokulu.meb.k12.tr/tema/harita.php,2026-08-31,80,80,bulundu,https://sehitomerboztepeilkokulu.meb.k12.tr/,2026-10-01T18:25:43.857739+00:00,,Öğrenci Sayısı 80
Ankara,Nallıhan,Şükran Kora Kimya Mesleki ve Teknik Anadolu Lisesi,766694,Mesleki ve Teknik Anadolu Lisesi,https://sukrankorakimyamtal.meb.k12.tr,,,https://sukrankorakimyamtal.meb.k12.tr/tema/harita.php,2026-08-31,151,151,bulundu,https://sukrankorakimyamtal.meb.k12.tr/,2026-10-01T18:25:44.023841+00:00,,Öğrenci Sayısı 151
Ankara,Polatlı,13 Eylül Ortaokulu,711002,Ortaokul,https://polatli13eylul.meb.k12.tr,,,https://polatli13eylul.meb.k12.tr/tema/harita.php,2026-08-31,538,538,bulundu,https://polatli13eylul.meb.k12.tr/,2026-10-01T18:25:44.150328+00:00,,Öğrenci Sayısı 538
Ankara,Polatlı,Atatürk Anadolu Lisesi,972484,Anadolu Lisesi,https://paal.meb.k12.tr,,,https://paal.meb.k12.tr/tema/harita.php,2026-08-31,587,587,bulundu,https://paal.meb.k12.tr/,2026-10-01T18:25:44.163300+00:00,,Öğrenci Sayısı 587
Ankara,Polatlı,Atatürk İlkokulu,708358,İlkokul,https://polatliataturkilkokulu.meb.k12.tr,,,https://polatliataturkilkokulu.meb.k12.tr/tema/harita.php,2026-08-31,630,630,bulundu,https://polatliataturkilkokulu.meb.k12.tr/,2026-10-01T18:25:44.237997+00:00,,Öğrenci Sayısı 630
Ankara,Polatlı,Basri Ortaokulu,725370,Ortaokul,https://basriortaokulu.meb.k12.tr,,,https://basriortaokulu.meb.k12.tr/tema/harita.php,2026-08-31,54,54,bulundu,https://basriortaokulu.meb.k12.tr/,2026-10-01T18:25:44.293745+00:00,,Öğrenci Sayısı 54
Ankara,Polatlı,Basri İlkokulu,725345,İlkokul,https://basriilkokulu.meb.k12.tr,,,https://basriilkokulu.meb.k12.tr/tema/harita.php,2026-08-31,71,71,bulundu,https://basriilkokulu.meb.k12.tr/,2026-10-01T18:25:44.386577+00:00,,Öğrenci Sayısı 71
Ankara,Polatlı,Bedriye Halil Naci Mıhcıoğlu İlkokulu,122258,İlkokul,https://polatlimihcioglu.meb.k12.tr,,,https://polatlimihcioglu.meb.k12.tr/tema/harita.php,2026-08-31,589,589,bulundu,https://polatlimihcioglu.meb.k12.tr/,2026-10-01T18:25:44.407667+00:00,,Öğrenci Sayısı : 589
Ankara,Polatlı,Beylikköprü Şh.Yzb.Nazmi Elmas Ortaokulu,725416,Ortaokul,https://beylikkopruortaokulu.meb.k12.tr,,,https://beylikkopruortaokulu.meb.k12.tr/tema/harita.php,2026-08-31,51,51,bulundu,https://beylikkopruortaokulu.meb.k12.tr/,2026-10-01T18:25:44.557046+00:00,,Öğrenci Sayısı : 51
Ankara,Polatlı,Beylikköprü Şh.Yzb.Nazmi Elmas İlkokulu,725358,İlkokul,https://beylikkopruilkokulu.meb.k12.tr,,,https://beylikkopruilkokulu.meb.k12.tr/tema/harita.php,2026-08-31,52,52,bulundu,https://beylikkopruilkokulu.meb.k12.tr/,2026-10-01T18:25:44.558966+00:00,,Öğrenci Sayısı : 52
Ankara,Polatlı,Borsa İstanbul Ortaokulu,725392,Ortaokul,https://borsaistanbulortaokulupolatli.meb.k12.tr,,,https://borsaistanbulortaokulupolatli.meb.k12.tr/tema/harita.php,2026-08-31,615,615,bulundu,https://borsaistanbulortaokulupolatli.meb.k12.tr/,2026-10-01T18:25:44.633284+00:00,,Öğrenci Sayısı 615
Ankara,Polatlı,Borsa İstanbul İlkokulu,725456,İlkokul,https://borsaistanbulilkokulupolatli.meb.k12.tr,,,https://borsaistanbulilkokulupolatli.meb.k12.tr/tema/harita.php,2026-08-31,319,319,bulundu,https://borsaistanbulilkokulupolatli.meb.k12.tr/,2026-10-01T18:25:44.645304+00:00,,Öğrenci Sayısı : 319
Ankara,Polatlı,Cumhuriyet İlkokulu,725566,İlkokul,https://polatlicumhuriyetilkokulu.meb.k12.tr,,,https://polatlicumhuriyetilkokulu.meb.k12.tr/tema/harita.php,2026-08-31,303,303,bulundu,https://polatlicumhuriyetilkokulu.meb.k12.tr/,2026-10-01T18:25:44.762231+00:00,,Öğrenci Sayısı 303
Ankara,Polatlı,Duatepe Anadolu Lisesi,973786,Anadolu Lisesi,https://duatepeanadolulisesi.meb.k12.tr,,,https://duatepeanadolulisesi.meb.k12.tr/tema/harita.php,2026-08-31,686,686,bulundu,https://duatepeanadolulisesi.meb.k12.tr/tema/okulumuz_hakkinda.php,2026-10-01T18:25:44.767663+00:00,,Öğrenci : 686
Ankara,Polatlı,Esentepe Ortaokulu,711008,Ortaokul,https://polatliesentepeortaokulu.meb.k12.tr,,,https://polatliesentepeortaokulu.meb.k12.tr/tema/harita.php,2026-08-31,315,315,bulundu,https://polatliesentepeortaokulu.meb.k12.tr/,2026-10-01T18:25:44.798113+00:00,,Öğrenci Sayısı : 315
Ankara,Polatlı,Genç Osman Ortaokulu,711018,Ortaokul,https://polatligencosman.meb.k12.tr,,,https://polatligencosman.meb.k12.tr/tema/harita.php,2026-08-31,1088,1088,bulundu,https://polatligencosman.meb.k12.tr/,2026-10-01T18:25:45.246685+00:00,,Öğrenci Sayısı 1088
Ankara,Polatlı,Hatice-Mevlüt Yılmaz Bilim ve Sanat Merkezi,768959,Bilim ve Sanat Merkezi,https://haticemevlutyilmazbilsem.meb.k12.tr,,,https://haticemevlutyilmazbilsem.meb.k12.tr/tema/harita.php,2026-08-31,215,215,bulundu,https://haticemevlutyilmazbilsem.meb.k12.tr/,2026-10-01T18:25:45.275223+00:00,,Öğrenci Sayısı 215
Ankara,Polatlı,Hikmet Uluğbay Ortaokulu,725386,Ortaokul,https://hikmetulubayortaokulu.meb.k12.tr,,,https://hikmetulubayortaokulu.meb.k12.tr/tema/harita.php,2026-08-31,50,50,bulundu,https://hikmetulubayortaokulu.meb.k12.tr/,2026-10-01T18:25:45.337266+00:00,,Öğrenci Sayısı 50
Ankara,Polatlı,Hikmet Uluğbay İlkokulu,725564,İlkokul,https://hikmetulubayilkokulu.meb.k12.tr,,,https://hikmetulubayilkokulu.meb.k12.tr/tema/harita.php,2026-08-31,42,42,bulundu,https://hikmetulubayilkokulu.meb.k12.tr/,2026-10-01T18:25:45.724253+00:00,,Öğrenci Sayısı 42
Ankara,Polatlı,Karahamzalı Ortaokulu,725409,Ortaokul,https://karahamzaliioo.meb.k12.tr,,,https://karahamzaliioo.meb.k12.tr/tema/harita.php,2026-08-31,85,85,bulundu,https://karahamzaliioo.meb.k12.tr/,2026-10-01T18:25:45.801416+00:00,,Öğrenci Sayısı 85
Ankara,Polatlı,Karahamzalı İlkokulu,725441,İlkokul,https://karahamzaliio.meb.k12.tr,,,https://karahamzaliio.meb.k12.tr/tema/harita.php,2026-08-31,81,81,bulundu,https://karahamzaliio.meb.k12.tr/,2026-10-01T18:25:45.812530+00:00,,Öğrenci Sayısı 81
Ankara,Polatlı,Karapınar İlkokulu,708514,İlkokul,https://polatlikarapinarilkokulu.meb.k12.tr,,,https://polatlikarapinarilkokulu.meb.k12.tr/tema/harita.php,2026-08-31,35,35,bulundu,https://polatlikarapinarilkokulu.meb.k12.tr/,2026-10-01T18:25:45.838882+00:00,,Öğrenci Sayısı: 35
Ankara,Polatlı,Kartaltepe Özel Eğitim Anaokulu,767787,Anaokulu,https://767787.meb.k12.tr,,,https://767787.meb.k12.tr/tema/harita.php,2026-08-31,28,28,bulundu,https://767787.meb.k12.tr/,2026-10-01T18:25:45.901315+00:00,,Öğrenci Sayısı : 28
Ankara,Polatlı,Mehmet Akif Ersoy Ortaokulu,725403,Ortaokul,https://polatlimehmetakif.meb.k12.tr,,,https://polatlimehmetakif.meb.k12.tr/tema/harita.php,2026-08-31,53,53,bulundu,https://polatlimehmetakif.meb.k12.tr/,2026-10-01T18:25:45.991930+00:00,,Öğrenci Sayısı 53
Ankara,Polatlı,Mehmet Akif Ersoy İlkokulu,725437,İlkokul,https://polatlimehmetakifio.meb.k12.tr,,,https://polatlimehmetakifio.meb.k12.tr/tema/harita.php,2026-08-31,66,66,bulundu,https://polatlimehmetakifio.meb.k12.tr/,2026-10-01T18:25:46.406266+00:00,,Öğrenci Sayısı 66
Ankara,Polatlı,Namık Kemal Ortaokulu,711027,Ortaokul,https://polatlinamikkemal.meb.k12.tr,,,https://polatlinamikkemal.meb.k12.tr/tema/harita.php,2026-08-31,938,938,bulundu,https://polatlinamikkemal.meb.k12.tr/,2026-10-01T18:25:46.463029+00:00,,Öğrenci Sayısı 938
Ankara,Polatlı,Peyami Safa Anadolu Lisesi,122283,Anadolu Lisesi,https://peyamisafaanadolulisesi.meb.k12.tr,,,https://peyamisafaanadolulisesi.meb.k12.tr/tema/harita.php,2026-08-31,333,333,bulundu,https://peyamisafaanadolulisesi.meb.k12.tr/,2026-10-01T18:25:46.532135+00:00,,Öğrenci Sayısı 333
Ankara,Polatlı,Polatlı 15 Temmuz Demokrasi Şehitleri İlkokulu,762563,İlkokul,https://polatli15temmuzilkokulu.meb.k12.tr,,,https://polatli15temmuzilkokulu.meb.k12.tr/tema/harita.php,2026-08-31,927,927,bulundu,https://polatli15temmuzilkokulu.meb.k12.tr/,2026-10-01T18:25:46.796181+00:00,,Öğrenci Sayısı : 927
Ankara,Polatlı,Polatlı Anadolu Lisesi,218241,Anadolu Lisesi,https://polatlianadolulisesi.meb.k12.tr,,,https://polatlianadolulisesi.meb.k12.tr/tema/harita.php,2026-08-31,483,483,bulundu,https://polatlianadolulisesi.meb.k12.tr/,2026-10-01T18:25:46.869089+00:00,,Öğrenci Sayısı : 483
Ankara,Polatlı,Polatlı Anadolu İmam Hatip Lisesi,122329,Anadolu İmam Hatip Lisesi,https://polatliimamhatiplisesi.meb.k12.tr,,,https://polatliimamhatiplisesi.meb.k12.tr/tema/harita.php,2026-08-31,504,504,bulundu,https://polatliimamhatiplisesi.meb.k12.tr/,2026-10-01T18:25:46.876971+00:00,,Öğrenci Sayısı : 504
Ankara,Polatlı,Polatlı Beştepe Kız Mesleki ve Teknik Anadolu Lisesi,973948,Mesleki ve Teknik Anadolu Lisesi,https://bestepemtanadolu.meb.k12.tr,,,https://bestepemtanadolu.meb.k12.tr/tema/harita.php,2026-08-31,378,378,bulundu,https://bestepemtanadolu.meb.k12.tr/tema/okulumuz_hakkinda.php,2026-10-01T18:25:46.888796+00:00,,Öğrenci : 378
Ankara,Polatlı,Polatlı Fatih Ticaret Mesleki ve Teknik Anadolu Lisesi,122317,Mesleki ve Teknik Anadolu Lisesi,https://fatihmtal.meb.k12.tr,,,https://fatihmtal.meb.k12.tr/tema/harita.php,2026-08-31,155,155,bulundu,https://fatihmtal.meb.k12.tr/,2026-10-01T18:25:47.006101+00:00,,Öğrenci Sayısı 155
Ankara,Polatlı,Polatlı Gazi İmam Hatip Ortaokulu,761818,İmam Hatip Ortaokulu,https://polatligaziiho.meb.k12.tr,,,https://polatligaziiho.meb.k12.tr/tema/harita.php,2026-08-31,121,121,bulundu,https://polatligaziiho.meb.k12.tr/,2026-10-01T18:25:47.011993+00:00,,Öğrenci Sayısı 121
Ankara,Polatlı,Polatlı Gevher Nesibe Mesleki ve Teknik Anadolu Lisesi,962852,Mesleki ve Teknik Anadolu Lisesi,https://polatliasml.meb.k12.tr,,,https://polatliasml.meb.k12.tr/tema/harita.php,2026-08-31,344,344,bulundu,https://polatliasml.meb.k12.tr/,2026-10-01T18:25:47.013870+00:00,,Öğrenci Sayısı 344
Ankara,Polatlı,Polatlı Halk Eğitimi Merkezi,122330,Halk Eğitimi Merkezi,https://polatlihem.meb.k12.tr,,,https://polatlihem.meb.k12.tr/tema/harita.php,2026-08-31,,,bulunamadi,,2026-10-01T18:25:47.136421+00:00,,
Ankara,Polatlı,Polatlı Huzurevi Özel Eğitim Meslek Okulu,747217,Özel Eğitim Kurumu,https://polatlihuzureviisokulu.meb.k12.tr,,,https://polatlihuzureviisokulu.meb.k12.tr/tema/harita.php,2026-08-31,31,31,bulundu,https://polatlihuzureviisokulu.meb.k12.tr/,2026-10-01T18:25:47.233795+00:00,,Öğrenci Sayısı : 31
Ankara,Polatlı,Polatlı Mesleki Eğitim Merkezi,122342,Mesleki Eğitim Merkezi,https://polatlimesem.meb.k12.tr,,,https://polatlimesem.meb.k12.tr/tema/harita.php,2026-08-31,777,777,bulundu,https://polatlimesem.meb.k12.tr/tema/okulumuz_hakkinda.php,2026-10-01T18:25:47.190738+00:00,,Öğrenci : 777
Ankara,Polatlı,Polatlı Mesleki ve Teknik Anadolu Lisesi,960017,Mesleki ve Teknik Anadolu Lisesi,https://polatlimtal.meb.k12.tr,,,https://polatlimtal.meb.k12.tr/tema/harita.php,2026-08-31,1110,1110,bulundu,https://polatlimtal.meb.k12.tr/,2026-10-01T18:25:47.322455+00:00,,Öğrenci Sayısı : 1110
Ankara,Polatlı,Polatlı Rehberlik ve Araştırma Merkezi,334334,Rehberlik ve Araştırma Merkezi,https://polatliram.meb.k12.tr,,,https://polatliram.meb.k12.tr/tema/harita.php,2026-08-31,,,bulunamadi,,2026-10-01T18:25:47.365949+00:00,,
Ankara,Polatlı,Polatlı TOBB Fen Lisesi,823666,Fen Lisesi,https://polatlitobbfenlisesi.meb.k12.tr,,,https://polatlitobbfenlisesi.meb.k12.tr/tema/harita.php,2026-08-31,456,456,bulundu,https://polatlitobbfenlisesi.meb.k12.tr/,2026-10-01T18:25:47.533148+00:00,,Öğrenci Sayısı : 456
Ankara,Polatlı,Polatlı Zafer Ortaokulu,759870,Ortaokul,https://polatlizaferortaokulu.meb.k12.tr,,,https://polatlizaferortaokulu.meb.k12.tr/tema/harita.php,2026-08-31,782,782,bulundu,https://polatlizaferortaokulu.meb.k12.tr/,2026-10-01T18:25:47.566631+00:00,,Öğrenci Sayısı 782
Ankara,Polatlı,Polatlı Özel Eğitim Uygulama Okulu I. Kademe,747038,Özel Eğitim Kurumu,https://polatliozelegitim.meb.k12.tr,,,https://polatliozelegitim.meb.k12.tr/tema/harita.php,2026-08-31,22,22,bulundu,https://polatliozelegitim.meb.k12.tr/tema/okulumuz_hakkinda.php,2026-10-01T18:25:47.661438+00:00,,Öğrenci : 22
Ankara,Polatlı,Polatlı Özel Eğitim Uygulama Okulu II. Kademe,747376,Özel Eğitim Kurumu,https://polatliozelegitim2.meb.k12.tr,,,https://polatliozelegitim2.meb.k12.tr/tema/harita.php,2026-08-31,11,11,bulundu,https://polatliozelegitim2.meb.k12.tr/,2026-10-01T18:25:47.674826+00:00,,Öğrenci Sayısı : 11
Ankara,Polatlı,Polatlı Özel Eğitim Uygulama Okulu III. Kademe,747986,Özel Eğitim Kurumu,https://polatliozelegitim3.meb.k12.tr,,,https://polatliozelegitim3.meb.k12.tr/tema/harita.php,2026-08-31,27,27,bulundu,https://polatliozelegitim3.meb.k12.tr/,2026-10-01T18:25:47.944284+00:00,,Öğrenci Sayısı : 27
Ankara,Polatlı,Polatlı Öğretmenevi ve Akşam Sanat Okulu,974969,Öğretmenevi,https://polatliogretmeneviaso.meb.k12.tr,,,https://polatliogretmeneviaso.meb.k12.tr/tema/harita.php,2026-08-31,,,bulunamadi,,2026-10-01T18:25:47.947484+00:00,,
Ankara,Polatlı,Polatlı İlkokulu,768199,İlkokul,https://polatliilkokulu.meb.k12.tr,,,https://polatliilkokulu.meb.k12.tr/tema/harita.php,2026-08-31,615,615,bulundu,https://polatliilkokulu.meb.k12.tr/,2026-10-01T18:25:47.981908+00:00,,Öğrenci Sayısı 615
Ankara,Polatlı,Polatlı İmam Hatip Ortaokulu,734294,İmam Hatip Ortaokulu,https://polatliimamhatiportaokulu.meb.k12.tr,,,https://polatliimamhatiportaokulu.meb.k12.tr/tema/harita.php,2026-08-31,1059,1059,bulundu,https://polatliimamhatiportaokulu.meb.k12.tr/,2026-10-01T18:25:48.141901+00:00,,Öğrenci Sayısı : 1059
Ankara,Polatlı,Polatlı Şehit Abdullah Erkmen İlkokulu,763417,İlkokul,https://sehitabdullaherkmenilkokulu.meb.k12.tr,,,https://sehitabdullaherkmenilkokulu.meb.k12.tr/tema/harita.php,2026-08-31,400,400,bulundu,https://sehitabdullaherkmenilkokulu.meb.k12.tr/,2026-10-01T18:25:48.143915+00:00,,Öğrenci Sayısı 400
Ankara,Polatlı,Polatlı Şehit Can Çalışkan Mesleki ve Teknik Anadolu Lisesi,761800,Mesleki ve Teknik Anadolu Lisesi,https://sehitcancalskanmtal.meb.k12.tr,,,https://sehitcancalskanmtal.meb.k12.tr/tema/harita.php,2026-08-31,340,340,bulundu,https://sehitcancalskanmtal.meb.k12.tr/tema/okulumuz_hakkinda.php,2026-10-01T18:25:48.144543+00:00,,Öğrenci : 340
Ankara,Polatlı,Polatlı Şehitlik İlkokulu,759928,İlkokul,https://polatlisehitlikio.meb.k12.tr,,,https://polatlisehitlikio.meb.k12.tr/tema/harita.php,2026-08-31,820,820,bulundu,https://polatlisehitlikio.meb.k12.tr/,2026-10-01T18:25:48.178891+00:00,,Öğrenci Sayısı : 820
Ankara,Polatlı,Ruhiye-İrfan Yurtseven İlkokulu,708537,İlkokul,https://ruhiye-irfanyurtseven.meb.k12.tr,,,https://ruhiye-irfanyurtseven.meb.k12.tr/tema/harita.php,2026-08-31,517,517,bulundu,https://ruhiye-irfanyurtseven.meb.k12.tr/,2026-10-01T18:25:48.204350+00:00,,Öğrenci Sayısı 517
Ankara,Polatlı,Sakarya İlkokulu,734373,İlkokul,https://polatlisakaryailkokulu.meb.k12.tr,,,https://polatlisakaryailkokulu.meb.k12.tr/tema/harita.php,2026-08-31,539,539,bulundu,https://polatlisakaryailkokulu.meb.k12.tr/,2026-10-01T18:25:48.291059+00:00,,Öğrenci Sayısı : 539
Ankara,Polatlı,Sevim Aras İlkokulu,708628,İlkokul,https://sevimarasilkokulu.meb.k12.tr,,,https://sevimarasilkokulu.meb.k12.tr/tema/harita.php,2026-08-31,334,334,bulundu,https://sevimarasilkokulu.meb.k12.tr/,2026-10-01T18:25:48.348517+00:00,,Öğrenci Sayısı : 334
Ankara,Polatlı,TOKİ Mehmet Akif Anaokulu,973388,Anaokulu,https://tokimehmetakifanaokulu.meb.k12.tr,,,https://tokimehmetakifanaokulu.meb.k12.tr/tema/harita.php,2026-08-31,90,90,bulundu,https://tokimehmetakifanaokulu.meb.k12.tr/,2026-10-01T18:25:48.361294+00:00,,Öğrenci Sayısı: 90
Ankara,Polatlı,Tarım İşletmesi Ortaokulu,725432,Ortaokul,https://tarimoo.meb.k12.tr,,,https://tarimoo.meb.k12.tr/tema/harita.php,2026-08-31,39,39,bulundu,https://tarimoo.meb.k12.tr/,2026-10-01T18:25:48.602858+00:00,,Öğrenci Sayısı 39
Ankara,Polatlı,Tarım İşletmesi İlkokulu,725351,İlkokul,https://tarimio.meb.k12.tr,,,https://tarimio.meb.k12.tr/tema/harita.php,2026-08-31,,,bulunamadi,,2026-10-01T18:25:48.972160+00:00,,
Ankara,Polatlı,Uzunbey Ortaokulu,725427,Ortaokul,https://uzunbeyortaokulu.meb.k12.tr,,,https://uzunbeyortaokulu.meb.k12.tr/tema/harita.php,2026-08-31,29,29,bulundu,https://uzunbeyortaokulu.meb.k12.tr/tema/okulumuz_hakkinda.php,2026-10-01T18:25:48.977565+00:00,,Öğrenci : 29
Ankara,Polatlı,Uzunbey İlkokulu,725347,İlkokul,https://uzunbeyilkokulu.meb.k12.tr,,,https://uzunbeyilkokulu.meb.k12.tr/tema/harita.php,2026-08-31,32,32,bulundu,https://uzunbeyilkokulu.meb.k12.tr/tema/okulumuz_hakkinda.php,2026-10-01T18:25:48.980580+00:00,,Öğrenci : 32
Ankara,Polatlı,Yavuz Selim İlkokulu,392115,İlkokul,https://polatliyavuzselimilkokulu.meb.k12.tr,,,https://polatliyavuzselimilkokulu.meb.k12.tr/tema/harita.php,2026-08-31,626,626,bulundu,https://polatliyavuzselimilkokulu.meb.k12.tr/,2026-10-01T18:25:49.003756+00:00,,Öğrenci Sayısı : 626
Ankara,Polatlı,İlkadım Anaokulu,768076,Anaokulu,https://polatliilkadimanaokulu.meb.k12.tr,,,https://polatliilkadimanaokulu.meb.k12.tr/tema/harita.php,2026-08-31,3,3,bulundu,https://polatliilkadimanaokulu.meb.k12.tr/,2026-10-01T18:25:49.242638+00:00,,Öğrenci Sayısı : 3
Ankara,Polatlı,İnkılap İlkokulu,708463,İlkokul,https://polatliinkilapilkokulu.meb.k12.tr,,,https://polatliinkilapilkokulu.meb.k12.tr/tema/harita.php,2026-08-31,1093,1093,bulundu,https://polatliinkilapilkokulu.meb.k12.tr/,2026-10-01T18:25:49.334013+00:00,,Öğrenci Sayısı : 1093
Ankara,Polatlı,İnönü Ortaokulu,725398,Ortaokul,https://polatliinonuortaokulu.meb.k12.tr,,,https://polatliinonuortaokulu.meb.k12.tr/tema/harita.php,2026-08-31,232,232,bulundu,https://polatliinonuortaokulu.meb.k12.tr/,2026-10-01T18:25:49.350087+00:00,,Öğrenci Sayısı : 232
Ankara,Polatlı,İnönü İlkokulu,725446,İlkokul,https://polatliinonuilkokulu.meb.k12.tr,,,https://polatliinonuilkokulu.meb.k12.tr/tema/harita.php,2026-08-31,352,352,bulundu,https://polatliinonuilkokulu.meb.k12.tr/,2026-10-01T18:25:49.391892+00:00,,Öğrenci Sayısı : 352
Ankara,Polatlı,İstiklal Ortaokulu,711025,Ortaokul,https://polatliistiklal.meb.k12.tr,,,https://polatliistiklal.meb.k12.tr/tema/harita.php,2026-08-31,604,604,bulundu,https://polatliistiklal.meb.k12.tr/,2026-10-01T18:25:49.406994+00:00,,Öğrenci Sayısı : 604
Ankara,Polatlı,İĞCİLER İLKOKULU,774138,İlkokul,https://774138.meb.k12.tr,,,https://774138.meb.k12.tr/tema/harita.php,2026-08-31,0,0,bulundu,https://774138.meb.k12.tr/,2026-10-01T18:25:49.504158+00:00,,Öğrenci Sayısı : 0
Ankara,Polatlı,Şehit Bekir Pehlivan Ortaokulu,711573,Ortaokul,https://sehitbekirpehlivanoo.meb.k12.tr,,,https://sehitbekirpehlivanoo.meb.k12.tr/tema/harita.php,2026-08-31,430,430,bulundu,https://sehitbekirpehlivanoo.meb.k12.tr/,2026-10-01T18:25:49.628726+00:00,,Öğrenci Sayısı : 430
Ankara,Polatlı,Şehit Cüneyt Sertel Anaokulu,876219,Anaokulu,https://polatlisehitcuneytsertelanaokulu.meb.k12.tr,,,https://polatlisehitcuneytsertelanaokulu.meb.k12.tr/tema/harita.php,2026-08-31,5,5,bulundu,https://polatlisehitcuneytsertelanaokulu.meb.k12.tr/,2026-10-01T18:25:49.643639+00:00,,Öğrenci Sayısı 5
Ankara,Polatlı,Şehit Mehmet Günenç Anaokulu,760620,Anaokulu,https://sehitmehmetgunencanaokulu.meb.k12.tr,,,https://sehitmehmetgunencanaokulu.meb.k12.tr/tema/harita.php,2026-08-31,111,111,bulundu,https://sehitmehmetgunencanaokulu.meb.k12.tr/,2026-10-01T18:25:49.686509+00:00,,Öğrenci Sayısı : 111
Ankara,Polatlı,Şehit Sedat Akça Ortaokulu,768220,Ortaokul,https://sehitsedatakcaoo.meb.k12.tr,,,https://sehitsedatakcaoo.meb.k12.tr/tema/harita.php,2026-08-31,318,318,bulundu,https://sehitsedatakcaoo.meb.k12.tr/,2026-10-01T18:25:49.727858+00:00,,Öğrenci Sayısı : 318
Ankara,Polatlı,Şehit Seher Yaşar Kız Anadolu İmam Hatip Lisesi,762145,Anadolu İmam Hatip Lisesi,https://sehitseheryasar.meb.k12.tr,,,https://sehitseheryasar.meb.k12.tr/tema/harita.php,2026-08-31,197,197,bulundu,https://sehitseheryasar.meb.k12.tr/,2026-10-01T18:25:49.794067+00:00,,Öğrenci Sayısı 197
Ankara,Polatlı,Şehit Yaşar Çetinkaya Ortaokulu,725410,Ortaokul,https://sehityasarcetinkayaortaokulu.meb.k12.tr,,,https://sehityasarcetinkayaortaokulu.meb.k12.tr/tema/harita.php,2026-08-31,,,bulunamadi,,2026-10-01T18:25:49.973082+00:00,,
Ankara,Polatlı,Şehit Yaşar Çetinkaya İlkokulu,725360,İlkokul,https://sehityasarcetinkayailkokulu.meb.k12.tr,,,https://sehityasarcetinkayailkokulu.meb.k12.tr/tema/harita.php,2026-08-31,325,325,bulundu,https://sehityasarcetinkayailkokulu.meb.k12.tr/,2026-10-01T18:25:50.266391+00:00,,Öğrenci Sayısı : 325
Ankara,Pursaklar,Abdurrahim Karakoç Ortaokulu,711050,Ortaokul,https://abdurrahimkarakocokulu.meb.k12.tr,,,https://abdurrahimkarakocokulu.meb.k12.tr/tema/harita.php,2026-08-31,1335,1335,bulundu,https://abdurrahimkarakocokulu.meb.k12.tr/,2026-10-01T18:25:50.291384+00:00,,Öğrenci Sayısı : 1335
Ankara,Pursaklar,Adnan Menderes İmam Hatip Ortaokulu,763932,İmam Hatip Ortaokulu,https://pursaklaradnanmenderes.meb.k12.tr,,,https://pursaklaradnanmenderes.meb.k12.tr/tema/harita.php,2026-08-31,289,289,bulundu,https://pursaklaradnanmenderes.meb.k12.tr/,2026-10-01T18:25:50.300205+00:00,,Öğrenci Sayısı 289
Ankara,Pursaklar,Ahmet Müşerref Muhtaroğlu Ortaokulu,725512,Ortaokul,https://ahmetmuserrefmuhtarogluoo.meb.k12.tr,,,https://ahmetmuserrefmuhtarogluoo.meb.k12.tr/tema/harita.php,2026-08-31,141,141,bulundu,https://ahmetmuserrefmuhtarogluoo.meb.k12.tr/,2026-10-01T18:25:50.307256+00:00,,Öğrenci Sayısı 141
Ankara,Pursaklar,Ahmet Müşerref Muhtaroğlu İlkokulu,740331,İlkokul,https://ahmetmuserrefmuhtarogluio.meb.k12.tr,,,https://ahmetmuserrefmuhtarogluio.meb.k12.tr/tema/harita.php,2026-08-31,118,118,bulundu,https://ahmetmuserrefmuhtarogluio.meb.k12.tr/,2026-10-01T18:25:50.318976+00:00,,Öğrenci Sayısı : 118
Ankara,Pursaklar,Altınova Ortaokulu,725508,Ortaokul,https://altinovaoo.meb.k12.tr,,,https://altinovaoo.meb.k12.tr/tema/harita.php,2026-08-31,305,305,bulundu,https://altinovaoo.meb.k12.tr/,2026-10-01T18:25:50.351579+00:00,,Öğrenci Sayısı 305
Ankara,Pursaklar,Altınova İlkokulu,969371,İlkokul,https://altinova.meb.k12.tr,,,https://altinova.meb.k12.tr/tema/harita.php,2026-08-31,369,369,bulundu,https://altinova.meb.k12.tr/,2026-10-01T18:25:50.369312+00:00,,Öğrenci Sayısı : 369
Ankara,Pursaklar,Ankara Pursaklar Fen Lisesi,970796,Fen Lisesi,https://pursaklarfenlisesi.meb.k12.tr,,,https://pursaklarfenlisesi.meb.k12.tr/tema/harita.php,2026-08-31,407,407,bulundu,https://pursaklarfenlisesi.meb.k12.tr/,2026-10-01T18:25:50.458358+00:00,,Öğrenci Sayısı 407
Ankara,Pursaklar,Ayyıldız İlkokulu,725474,İlkokul,https://ayyildizilkokulu.meb.k12.tr,,,https://ayyildizilkokulu.meb.k12.tr/tema/harita.php,2026-08-31,708,708,bulundu,https://ayyildizilkokulu.meb.k12.tr/,2026-10-01T18:25:50.502953+00:00,,Öğrenci Sayısı: 708
Ankara,Pursaklar,Azmi Ertuğrul İlkokulu,725563,İlkokul,https://azmiertugrulio.meb.k12.tr,,,https://azmiertugrulio.meb.k12.tr/tema/harita.php,2026-08-31,1729,1729,bulundu,https://azmiertugrulio.meb.k12.tr/,2026-10-01T18:25:50.789823+00:00,,Öğrenci Sayısı: 1729
Ankara,Pursaklar,Cahit Zarifoğlu İmam Hatip Ortaokulu,758981,İmam Hatip Ortaokulu,https://cahitzarifogluihoo.meb.k12.tr,,,https://cahitzarifogluihoo.meb.k12.tr/tema/harita.php,2026-08-31,1026,1026,bulundu,https://cahitzarifogluihoo.meb.k12.tr/,2026-10-01T18:25:50.836826+00:00,,Öğrenci Sayısı 1026
Ankara,Pursaklar,Dede Korkut Anadolu Lisesi,972470,Anadolu Lisesi,https://dedekorkutanadolulisesi.meb.k12.tr,,,https://dedekorkutanadolulisesi.meb.k12.tr/tema/harita.php,2026-08-31,1188,1188,bulundu,https://dedekorkutanadolulisesi.meb.k12.tr/,2026-10-01T18:25:50.922821+00:00,,Öğrenci Sayısı 1188
Ankara,Pursaklar,Faik Hızıroğlu İlkokulu,969366,İlkokul,https://faikhizirogluilkokulu.meb.k12.tr,,,https://faikhizirogluilkokulu.meb.k12.tr/tema/harita.php,2026-08-31,657,657,bulundu,https://faikhizirogluilkokulu.meb.k12.tr/,2026-10-01T18:25:51.128953+00:00,,Öğrenci Sayısı : 657
Ankara,Pursaklar,Faruk Duman Özel Eğitim Uygulama Okulu I. Kademe,749989,Özel Eğitim Kurumu,https://farukdumanozel1.meb.k12.tr,,,https://farukdumanozel1.meb.k12.tr/tema/harita.php,2026-08-31,17,17,bulundu,https://farukdumanozel1.meb.k12.tr/,2026-10-01T18:25:51.137429+00:00,,Öğrenci Sayısı 17
Ankara,Pursaklar,Faruk Duman Özel Eğitim Uygulama Okulu II. Kademe,749990,Özel Eğitim Kurumu,https://farukdumanozel2.meb.k12.tr,,,https://farukdumanozel2.meb.k12.tr/tema/harita.php,2026-08-31,25,25,bulundu,https://farukdumanozel2.meb.k12.tr/,2026-10-01T18:25:51.182830+00:00,,Öğrenci Sayısı 25
Ankara,Pursaklar,Gümüşoluk Ortaokulu,725542,Ortaokul,https://pursaklargumusolukortaokulu.meb.k12.tr,,,https://pursaklargumusolukortaokulu.meb.k12.tr/tema/harita.php,2026-08-31,80,80,bulundu,https://pursaklargumusolukortaokulu.meb.k12.tr/,2026-10-01T18:25:51.236556+00:00,,Öğrenci Sayısı : 80
Ankara,Pursaklar,Gümüşoluk İlkokulu,725560,İlkokul,https://gumusolukilkokulu.meb.k12.tr,,,https://gumusolukilkokulu.meb.k12.tr/tema/harita.php,2026-08-31,108,108,bulundu,https://gumusolukilkokulu.meb.k12.tr/,2026-10-01T18:25:51.252316+00:00,,Öğrenci Sayısı : 108
Ankara,Pursaklar,Güzide Ülker Ticaret Mesleki ve Teknik Anadolu Lisesi,749246,Mesleki ve Teknik Anadolu Lisesi,https://guzideulkertml.meb.k12.tr,,,https://guzideulkertml.meb.k12.tr/tema/harita.php,2026-08-31,689,689,bulundu,https://guzideulkertml.meb.k12.tr/,2026-10-01T18:25:51.386337+00:00,,Öğrenci Sayısı 689
Ankara,Pursaklar,Hakan Akbıyık İlkokulu,969362,İlkokul,https://hakanakbiyik.meb.k12.tr,,,https://hakanakbiyik.meb.k12.tr/tema/harita.php,2026-08-31,,,bulunamadi,,2026-10-01T18:25:51.391315+00:00,,
Ankara,Pursaklar,Hayme Hatun Anaokulu,776857,Anaokulu,https://pursaklarhaymehatunanaokulu.meb.k12.tr,,,https://pursaklarhaymehatunanaokulu.meb.k12.tr/tema/harita.php,2026-08-31,59,59,bulundu,https://pursaklarhaymehatunanaokulu.meb.k12.tr/,2026-10-01T18:25:51.644970+00:00,,Öğrenci Sayısı: 59
Ankara,Pursaklar,Karyağdı İlkokulu,776789,İlkokul,https://776789.meb.k12.tr,,,https://776789.meb.k12.tr/tema/harita.php,2026-08-31,226,226,bulundu,https://776789.meb.k12.tr/,2026-10-01T18:25:51.674674+00:00,,Öğrenci Sayısı : 226
Ankara,Pursaklar,Kocalar Nazire Hanım Kız Anadolu İmam Hatip Lisesi,973574,Anadolu İmam Hatip Lisesi,https://kocalaraihl.meb.k12.tr,,,https://kocalaraihl.meb.k12.tr/tema/harita.php,2026-08-31,365,365,bulundu,https://kocalaraihl.meb.k12.tr/,2026-10-01T18:25:51.711823+00:00,,Öğrenci Sayısı : 365
Ankara,Pursaklar,Medine İmam Hatip Ortaokulu,759039,İmam Hatip Ortaokulu,https://medineimamhatiportaokulu.meb.k12.tr,,,https://medineimamhatiportaokulu.meb.k12.tr/tema/harita.php,2026-08-31,163,163,bulundu,https://medineimamhatiportaokulu.meb.k12.tr/,2026-10-01T18:25:51.782630+00:00,,Öğrenci Sayısı : 163
Ankara,Pursaklar,Mehmet Akif Ersoy İlkokulu,766879,İlkokul,https://pursaklarmehmetakifersoyilkokulu.meb.k12.tr,,,https://pursaklarmehmetakifersoyilkokulu.meb.k12.tr/tema/harita.php,2026-08-31,780,780,bulundu,https://pursaklarmehmetakifersoyilkokulu.meb.k12.tr/,2026-10-01T18:25:51.801520+00:00,,Öğrenci Sayısı 780
Ankara,Pursaklar,Müjdat Kamotar Anaokulu,768847,Anaokulu,https://mujdatkamotaranaokulum.meb.k12.tr,,,https://mujdatkamotaranaokulum.meb.k12.tr/tema/harita.php,2026-08-31,60,60,bulundu,https://mujdatkamotaranaokulum.meb.k12.tr/,2026-10-01T18:25:51.986650+00:00,,Öğrenci Sayısı: 60
Ankara,Pursaklar,Prof. Dr. Fuat Sezgin Anadolu Lisesi,765668,Anadolu Lisesi,https://fuatsezginal.meb.k12.tr,,,https://fuatsezginal.meb.k12.tr/tema/harita.php,2026-08-31,911,911,bulundu,https://fuatsezginal.meb.k12.tr/,2026-10-01T18:25:52.195212+00:00,,Öğrenci Sayısı 911
Ankara,Pursaklar,Pursaklar 80. Yıl Anaokulu,970175,Anaokulu,https://pursaklar80yilanaokulu.meb.k12.tr,,,https://pursaklar80yilanaokulu.meb.k12.tr/tema/harita.php,2026-08-31,,,bulunamadi,,2026-10-01T18:25:52.236613+00:00,,
Ankara,Pursaklar,Pursaklar Anadolu Lisesi,766256,Anadolu Lisesi,https://pursaklaranadolulisesi.meb.k12.tr,,,https://pursaklaranadolulisesi.meb.k12.tr/tema/harita.php,2026-08-31,740,740,bulundu,https://pursaklaranadolulisesi.meb.k12.tr/,2026-10-01T18:25:52.662970+00:00,,Öğrenci Sayısı 740
Ankara,Pursaklar,Pursaklar Anadolu İmam Hatip Lisesi,969356,Anadolu İmam Hatip Lisesi,https://pursaklaraihl.meb.k12.tr,,,https://pursaklaraihl.meb.k12.tr/tema/harita.php,2026-08-31,,,bulunamadi,,2026-10-01T18:25:52.677097+00:00,,
Ankara,Pursaklar,Pursaklar Anaokulu,749945,Anaokulu,https://pursaklaranaokulu.meb.k12.tr,,,https://pursaklaranaokulu.meb.k12.tr/tema/harita.php,2026-08-31,155,155,bulundu,https://pursaklaranaokulu.meb.k12.tr/,2026-10-01T18:25:52.688919+00:00,,Öğrenci Sayısı 155
Ankara,Pursaklar,Pursaklar Ayyıldız Anadolu Lisesi,969357,Anadolu Lisesi,https://ayyildizanadolulisesi.meb.k12.tr,,,https://ayyildizanadolulisesi.meb.k12.tr/tema/harita.php,2026-08-31,526,526,bulundu,https://ayyildizanadolulisesi.meb.k12.tr/,2026-10-01T18:25:52.704519+00:00,,Öğrenci Sayısı 526
Ankara,Pursaklar,Pursaklar Bilim ve Sanat Merkezi,768972,Bilim ve Sanat Merkezi,https://pursaklarbilsem.meb.k12.tr,,,https://pursaklarbilsem.meb.k12.tr/tema/harita.php,2026-08-31,457,457,bulundu,https://pursaklarbilsem.meb.k12.tr/,2026-10-01T18:25:52.738800+00:00,,Öğrenci Sayısı 457
Ankara,Pursaklar,Pursaklar Borsa İstanbul Mesleki ve Teknik Anadolu Lisesi,967475,Mesleki ve Teknik Anadolu Lisesi,https://pursaklarborsaistanbulmtal.meb.k12.tr,,,https://pursaklarborsaistanbulmtal.meb.k12.tr/tema/harita.php,2026-08-31,,,bulunamadi,,2026-10-01T18:25:52.816531+00:00,,
Ankara,Pursaklar,Pursaklar Feride Bekçioğlu Ortaokulu,711055,Ortaokul,https://feridebekciogluortaokulu.meb.k12.tr,,,https://feridebekciogluortaokulu.meb.k12.tr/tema/harita.php,2026-08-31,1516,1516,bulundu,https://feridebekciogluortaokulu.meb.k12.tr/,2026-10-01T18:25:52.990808+00:00,,Öğrenci Sayısı 1516
Ankara,Pursaklar,Pursaklar Halk Eğitimi Merkezi,970266,Halk Eğitimi Merkezi,https://pursaklarhem.meb.k12.tr,,,https://pursaklarhem.meb.k12.tr/tema/harita.php,2026-08-31,,,bulunamadi,,2026-10-01T18:25:52.998575+00:00,,
Ankara,Pursaklar,Pursaklar Kız Mesleki ve Teknik Anadolu Lisesi,973123,Mesleki ve Teknik Anadolu Lisesi,https://pursaklarmtal.meb.k12.tr,,,https://pursaklarmtal.meb.k12.tr/tema/harita.php,2026-08-31,872,872,bulundu,https://pursaklarmtal.meb.k12.tr/,2026-10-01T18:25:53.024595+00:00,,Öğrenci Sayısı 872
Ankara,Pursaklar,Pursaklar Rehberlik ve Araştırma Merkezi,765997,Rehberlik ve Araştırma Merkezi,https://pursaklarram.meb.k12.tr,,,https://pursaklarram.meb.k12.tr/tema/harita.php,2026-08-31,,,bulunamadi,,2026-10-01T18:25:53.061235+00:00,,
Ankara,Pursaklar,Pursaklar Satı Öztürk İlkokulu,708821,İlkokul,https://satiozturk.meb.k12.tr,,,https://satiozturk.meb.k12.tr/tema/harita.php,2026-08-31,687,687,bulundu,https://satiozturk.meb.k12.tr/,2026-10-01T18:25:53.066822+00:00,,Öğrenci Sayısı 687
Ankara,Pursaklar,Pursaklar Yahya Kemal ve M.Sönmez Mesleki ve Teknik Anadolu Lisesi,969676,Mesleki ve Teknik Anadolu Lisesi,https://pursaklarasml.meb.k12.tr,,,https://pursaklarasml.meb.k12.tr/tema/harita.php,2026-08-31,630,630,bulundu,https://pursaklarasml.meb.k12.tr/,2026-10-01T18:25:53.119847+00:00,,Öğrenci Sayısı : 630
Ankara,Pursaklar,Pursaklar Özel Eğitim Uygulama Okulu III. Kademe,767552,Özel Eğitim Kurumu,https://pursaklarozelegitimuygulama.meb.k12.tr,,,https://pursaklarozelegitimuygulama.meb.k12.tr/tema/harita.php,2026-08-31,43,43,bulundu,https://pursaklarozelegitimuygulama.meb.k12.tr/,2026-10-01T18:25:53.165832+00:00,,Öğrenci Sayısı 43
Ankara,Pursaklar,Pursaklar İlkokulu,776820,İlkokul,https://pursaklarilkokulu.meb.k12.tr,,,https://pursaklarilkokulu.meb.k12.tr/tema/harita.php,2026-08-31,395,395,bulundu,https://pursaklarilkokulu.meb.k12.tr/,2026-10-01T18:25:53.277527+00:00,,Öğrenci Sayısı 395
Ankara,Pursaklar,Pursaklar İmam Hatip Ortaokulu,734191,İmam Hatip Ortaokulu,https://pursaklarimamhatiportaokulu.meb.k12.tr,,,https://pursaklarimamhatiportaokulu.meb.k12.tr/tema/harita.php,2026-08-31,830,830,bulundu,https://pursaklarimamhatiportaokulu.meb.k12.tr/,2026-10-01T18:25:53.463567+00:00,,Öğrenci Sayısı : 830
Ankara,Pursaklar,Saray Ortaokulu,725535,Ortaokul,https://pursaklarsarayortaokulu.meb.k12.tr,,,https://pursaklarsarayortaokulu.meb.k12.tr/tema/harita.php,2026-08-31,909,909,bulundu,https://pursaklarsarayortaokulu.meb.k12.tr/,2026-10-01T18:25:53.484122+00:00,,Öğrenci Sayısı : 909
Ankara,Pursaklar,Saray Özel Eğitim Anaokulu,773792,Anaokulu,https://sarayozelegitim.meb.k12.tr,,,https://sarayozelegitim.meb.k12.tr/tema/harita.php,2026-08-31,30,30,bulundu,https://sarayozelegitim.meb.k12.tr/,2026-10-01T18:25:53.583314+00:00,,Öğrenci Sayısı: 30
Ankara,Pursaklar,Saray İlkokulu,725553,İlkokul,https://pursaklarsarayilkokulu.meb.k12.tr,,,https://pursaklarsarayilkokulu.meb.k12.tr/tema/harita.php,2026-08-31,1112,1112,bulundu,https://pursaklarsarayilkokulu.meb.k12.tr/,2026-10-01T18:25:53.623856+00:00,,Öğrenci Sayısı : 1112
Ankara,Pursaklar,Saray İmam Hatip Ortaokulu,751927,İmam Hatip Ortaokulu,https://pursaklarsarayiho.meb.k12.tr,,,https://pursaklarsarayiho.meb.k12.tr/tema/harita.php,2026-08-31,585,585,bulundu,https://pursaklarsarayiho.meb.k12.tr/tema/okulumuz_hakkinda.php,2026-10-01T18:25:53.641254+00:00,,Öğrenci : 585
Ankara,Pursaklar,Sirkeli Ortaokulu,725529,Ortaokul,https://sirkeliortaokulu.meb.k12.tr,,,https://sirkeliortaokulu.meb.k12.tr/tema/harita.php,2026-08-31,92,92,bulundu,https://sirkeliortaokulu.meb.k12.tr/,2026-10-01T18:25:53.676728+00:00,,Öğrenci Sayısı 92
Ankara,Pursaklar,Sirkeli İlkokulu,725501,İlkokul,https://sirkeliilkokulu.meb.k12.tr,,,https://sirkeliilkokulu.meb.k12.tr/tema/harita.php,2026-08-31,103,103,bulundu,https://sirkeliilkokulu.meb.k12.tr/,2026-10-01T18:25:53.764775+00:00,,Öğrenci Sayısı 103
Ankara,Pursaklar,Turgut Özal Ortaokulu,725531,Ortaokul,https://pursaklarturgutozalortaokulu.meb.k12.tr,,,https://pursaklarturgutozalortaokulu.meb.k12.tr/tema/harita.php,2026-08-31,,,bulunamadi,,2026-10-01T18:25:53.832412+00:00,,
Ankara,Pursaklar,Yıldırım Beyazıt Anaokulu,772145,Anaokulu,https://pursaklaryba.meb.k12.tr,,,https://pursaklaryba.meb.k12.tr/tema/harita.php,2026-08-31,160,160,bulundu,https://pursaklaryba.meb.k12.tr/,2026-10-01T18:25:53.916922+00:00,,Öğrenci Sayısı: 160
Ankara,Pursaklar,Yıldırım Beyazıt İlkokulu,766878,İlkokul,https://pursaklarybi.meb.k12.tr,,,https://pursaklarybi.meb.k12.tr/tema/harita.php,2026-08-31,1353,1353,bulundu,https://pursaklarybi.meb.k12.tr/,2026-10-01T18:25:53.925737+00:00,,Öğrenci Sayısı 1353
Ankara,Pursaklar,Ülker İlkokulu,976862,İlkokul,https://ulkerilkokulu.meb.k12.tr,,,https://ulkerilkokulu.meb.k12.tr/tema/harita.php,2026-08-31,860,860,bulundu,https://ulkerilkokulu.meb.k12.tr/,2026-10-01T18:25:53.981081+00:00,,Öğrenci Sayısı : 860
Ankara,Pursaklar,Şehit Ali İhsan Lezgi Ortaokulu,725516,Ortaokul,https://sehitaliihsanlezgiortaokulu.meb.k12.tr,,,https://sehitaliihsanlezgiortaokulu.meb.k12.tr/tema/harita.php,2026-08-31,810,810,bulundu,https://sehitaliihsanlezgiortaokulu.meb.k12.tr/,2026-10-01T18:25:54.025321+00:00,,Öğrenci Sayısı 810
Ankara,Pursaklar,Şehit Büyükelçi Daniş Tunalıgil Mesleki ve Teknik Anadolu Lisesi,969965,Mesleki ve Teknik Anadolu Lisesi,https://danistunaligil.meb.k12.tr,,,https://danistunaligil.meb.k12.tr/tema/harita.php,2026-08-31,842,842,bulundu,https://danistunaligil.meb.k12.tr/,2026-10-01T18:25:54.128333+00:00,,Öğrenci Sayısı 842
Ankara,Pursaklar,Şehit Furkan Doğan İlkokulu,761850,İlkokul,https://sehitfurkandoganio.meb.k12.tr,,,https://sehitfurkandoganio.meb.k12.tr/tema/harita.php,2026-08-31,729,729,bulundu,https://sehitfurkandoganio.meb.k12.tr/,2026-10-01T18:25:54.300214+00:00,,Öğrenci Sayısı 729
Ankara,Pursaklar,Şehit Murat Düger Ortaokulu,766884,Ortaokul,https://sehitmuratdugerortaokulu.meb.k12.tr,,,https://sehitmuratdugerortaokulu.meb.k12.tr/tema/harita.php,2026-08-31,849,849,bulundu,https://sehitmuratdugerortaokulu.meb.k12.tr/,2026-10-01T18:25:54.357277+00:00,,Öğrenci Sayısı : 849
Ankara,Pursaklar,Şehit İlhami Özenç Ortaokulu,768969,Ortaokul,https://sehitilhamiozencortaokulu.meb.k12.tr,,,https://sehitilhamiozencortaokulu.meb.k12.tr/tema/harita.php,2026-08-31,871,871,bulundu,https://sehitilhamiozencortaokulu.meb.k12.tr/,2026-10-01T18:25:54.460259+00:00,,Öğrenci Sayısı 871
Ankara,Sincan,100 Yıl İlkokulu,711583,İlkokul,https://sincan100yililkokulu.meb.k12.tr,,,https://sincan100yililkokulu.meb.k12.tr/tema/harita.php,2026-08-31,,,bulunamadi,,2026-10-01T18:25:54.468586+00:00,,
Ankara,Sincan,ALCI İLKOKULU,771457,İlkokul,https://sincanalci-io.meb.k12.tr,,,https://sincanalci-io.meb.k12.tr/tema/harita.php,2026-08-31,,,bulunamadi,,2026-10-01T18:25:54.535724+00:00,,
Ankara,Sincan,ASO 1. OSB Anaokulu,762532,Anaokulu,https://aso1osb.meb.k12.tr,,,https://aso1osb.meb.k12.tr/tema/harita.php,2026-08-31,148,148,bulundu,https://aso1osb.meb.k12.tr/,2026-10-01T18:25:54.661041+00:00,,Öğrenci Sayısı 148
Ankara,Sincan,Adalet Anaokulu,749437,Anaokulu,https://adaletanaokulu.meb.k12.tr,,,https://adaletanaokulu.meb.k12.tr/tema/harita.php,2026-08-31,153,153,bulundu,https://adaletanaokulu.meb.k12.tr/,2026-10-01T18:25:54.686854+00:00,,Öğrenci Sayısı: 153
Ankara,Sincan,Adalet Ortaokulu,774424,Ortaokul,https://sincanadaletortaokulu.meb.k12.tr,,,https://sincanadaletortaokulu.meb.k12.tr/tema/harita.php,2026-08-31,388,388,bulundu,https://sincanadaletortaokulu.meb.k12.tr/,2026-10-01T18:25:54.726847+00:00,,Öğrenci Sayısı 388
Ankara,Sincan,Adalet İlkokulu,768755,İlkokul,https://sincanadaletilkokulu.meb.k12.tr,,,https://sincanadaletilkokulu.meb.k12.tr/tema/harita.php,2026-08-31,529,529,bulundu,https://sincanadaletilkokulu.meb.k12.tr/,2026-10-01T18:25:54.766486+00:00,,Öğrenci Sayısı 529
Ankara,Sincan,Adnan Menderes İlkokulu,708860,İlkokul,https://sincanadnanmenderes.meb.k12.tr,,,https://sincanadnanmenderes.meb.k12.tr/tema/harita.php,2026-08-31,379,379,bulundu,https://sincanadnanmenderes.meb.k12.tr/,2026-10-01T18:25:54.767598+00:00,,Öğrenci Sayısı 379
Ankara,Sincan,Ahi Evran İlkokulu,733642,İlkokul,https://ahievranilkokulu.meb.k12.tr,,,https://ahievranilkokulu.meb.k12.tr/tema/harita.php,2026-08-31,755,755,bulundu,https://ahievranilkokulu.meb.k12.tr/,2026-10-01T18:25:54.826862+00:00,,Öğrenci Sayısı 755
Ankara,Sincan,Ahmet Andiçen Ortaokulu,711078,Ortaokul,https://sincanahmetandicenoo.meb.k12.tr,,,https://sincanahmetandicenoo.meb.k12.tr/tema/harita.php,2026-08-31,1518,1518,bulundu,https://sincanahmetandicenoo.meb.k12.tr/,2026-10-01T18:25:55.221238+00:00,,Öğrenci Sayısı 1518
Ankara,Sincan,Alcı Anadolu Lisesi,769462,Anadolu Lisesi,https://769462.meb.k12.tr,,,https://769462.meb.k12.tr/tema/harita.php,2026-08-31,123,123,bulundu,https://769462.meb.k12.tr/,2026-10-01T18:25:55.236080+00:00,,Öğrenci Sayısı : 123
Ankara,Sincan,Alcı Anaokulu,769005,Anaokulu,https://alcianaokulusincan.meb.k12.tr,,,https://alcianaokulusincan.meb.k12.tr/tema/harita.php,2026-08-31,134,134,bulundu,https://alcianaokulusincan.meb.k12.tr/,2026-10-01T18:25:55.252897+00:00,,Öğrenci Sayısı: 134
Ankara,Sincan,Alcı Ortaokulu,771508,Ortaokul,https://sincanalci.meb.k12.tr,,,https://sincanalci.meb.k12.tr/tema/harita.php,2026-08-31,360,360,bulundu,https://sincanalci.meb.k12.tr/,2026-10-01T18:25:55.401233+00:00,,Öğrenci Sayısı : 360
Ankara,Sincan,Ali Aktürk Özel Eğitim Uygulama Okulu I. Kademe,747039,Özel Eğitim Kurumu,https://aliakturksincan1.meb.k12.tr,,,https://aliakturksincan1.meb.k12.tr/tema/harita.php,2026-08-31,36,36,bulundu,https://aliakturksincan1.meb.k12.tr/,2026-10-01T18:25:55.434559+00:00,,Öğrenci Sayısı: 36
Ankara,Sincan,Ali Aktürk Özel Eğitim Uygulama Okulu II. Kademe,747432,Özel Eğitim Kurumu,https://aliakturksincan2.meb.k12.tr,,,https://aliakturksincan2.meb.k12.tr/tema/harita.php,2026-08-31,44,44,bulundu,https://aliakturksincan2.meb.k12.tr/,2026-10-01T18:25:55.871119+00:00,,Öğrenci Sayısı 44
Ankara,Sincan,Ali Aktürk Özel Eğitim Uygulama Okulu III. Kademe,747976,Özel Eğitim Kurumu,https://sincanaliakturkium.meb.k12.tr,,,https://sincanaliakturkium.meb.k12.tr/tema/harita.php,2026-08-31,124,124,bulundu,https://sincanaliakturkium.meb.k12.tr/tema/okulumuz_hakkinda.php,2026-10-01T18:25:55.887601+00:00,,Öğrenci : 124
Ankara,Sincan,Ali Fuat Başgil Anadolu Lisesi,767571,Anadolu Lisesi,https://alifuatbasgilanadolulisesi.meb.k12.tr,,,https://alifuatbasgilanadolulisesi.meb.k12.tr/tema/harita.php,2026-08-31,1420,1420,bulundu,https://alifuatbasgilanadolulisesi.meb.k12.tr/,2026-10-01T18:25:56.274939+00:00,,Öğrenci Sayısı 1420
Ankara,Sincan,Alparslan İlkokulu,766983,İlkokul,https://alparslan.meb.k12.tr,,,https://alparslan.meb.k12.tr/tema/harita.php,2026-08-31,1226,1226,bulundu,https://alparslan.meb.k12.tr/,2026-10-01T18:25:56.351257+00:00,,Öğrenci Sayısı : 1226
Ankara,Sincan,Altınordu Layika Akbilek İlkokulu,879489,İlkokul,https://altinordulayikaakbilek.meb.k12.tr,,,https://altinordulayikaakbilek.meb.k12.tr/tema/harita.php,2026-08-31,635,635,bulundu,https://altinordulayikaakbilek.meb.k12.tr/,2026-10-01T18:25:56.366972+00:00,,Öğrenci Sayısı : 635
Ankara,Sincan,Andiçen Ortaokulu,711084,Ortaokul,https://andicen.meb.k12.tr,,,https://andicen.meb.k12.tr/tema/harita.php,2026-08-31,387,387,bulundu,https://andicen.meb.k12.tr/,2026-10-01T18:25:56.393314+00:00,,Öğrenci Sayısı 387
Ankara,Sincan,Ankara Erman Ilıcak Fen Lisesi,769370,Fen Lisesi,https://ankaraermanilicakfenlisesi.meb.k12.tr,,,https://ankaraermanilicakfenlisesi.meb.k12.tr/tema/harita.php,2026-08-31,491,491,bulundu,https://ankaraermanilicakfenlisesi.meb.k12.tr/,2026-10-01T18:25:56.433830+00:00,,Öğrenci Sayısı 491
Ankara,Sincan,Atatürk İlkokulu,888049,İlkokul,https://sincanataturkio.meb.k12.tr,,,https://sincanataturkio.meb.k12.tr/tema/harita.php,2026-08-31,413,413,bulundu,https://sincanataturkio.meb.k12.tr/tema/okulumuz_hakkinda.php,2026-10-01T18:25:56.461637+00:00,,Öğrenci : 413
Ankara,Sincan,Atıf Benderlioğlu Ortaokulu,887507,Ortaokul,https://atifbenderliogluortaokulu.meb.k12.tr,,,https://atifbenderliogluortaokulu.meb.k12.tr/tema/harita.php,2026-08-31,295,295,bulundu,https://atifbenderliogluortaokulu.meb.k12.tr/,2026-10-01T18:25:56.573136+00:00,,Öğrenci Sayısı : 295
Ankara,Sincan,Ayçiçeği Anaokulu,776180,Anaokulu,https://aycicegianaokulu.meb.k12.tr,,,https://aycicegianaokulu.meb.k12.tr/tema/harita.php,2026-08-31,133,133,bulundu,https://aycicegianaokulu.meb.k12.tr/,2026-10-01T18:25:56.795183+00:00,,Öğrenci Sayısı: 133
Ankara,Sincan,Başkent OSB Mesleki ve Teknik Anadolu Lisesi,761002,Mesleki ve Teknik Anadolu Lisesi,https://baskentosb.meb.k12.tr,,,https://baskentosb.meb.k12.tr/tema/harita.php,2026-08-31,736,736,bulundu,https://baskentosb.meb.k12.tr/,2026-10-01T18:25:56.805791+00:00,,Öğrenci Sayısı : 736
Ankara,Sincan,Beyobası İlkokulu,733640,İlkokul,https://sincanbeyobasiilkokulu.meb.k12.tr,,,https://sincanbeyobasiilkokulu.meb.k12.tr/tema/harita.php,2026-08-31,43,43,bulundu,https://sincanbeyobasiilkokulu.meb.k12.tr/,2026-10-01T18:25:56.845795+00:00,,Öğrenci Sayısı 43
Ankara,Sincan,Borsa İstanbul Sincan Kayalıboğaz İlkokulu,733630,İlkokul,https://kayalibogaz.meb.k12.tr,,,https://kayalibogaz.meb.k12.tr/tema/harita.php,2026-08-31,994,994,bulundu,https://kayalibogaz.meb.k12.tr/,2026-10-01T18:25:56.869039+00:00,,Öğrenci Sayısı : 994
Ankara,Sincan,Bucuk Anaokulu,774215,Anaokulu,https://bucukanaokulu.meb.k12.tr,,,https://bucukanaokulu.meb.k12.tr/tema/harita.php,2026-08-31,321,321,bulundu,https://bucukanaokulu.meb.k12.tr/,2026-10-01T18:25:56.907631+00:00,,Öğrenci Sayısı: 321
Ankara,Sincan,Bucuk İlkokulu,733639,İlkokul,https://bucukilkokulu.meb.k12.tr,,,https://bucukilkokulu.meb.k12.tr/tema/harita.php,2026-08-31,2352,2352,bulundu,https://bucukilkokulu.meb.k12.tr/,2026-10-01T18:25:57.265343+00:00,,Öğrenci Sayısı 2352
Ankara,Sincan,Burak Reis İlkokulu,733638,İlkokul,https://burakreisilkokulu.meb.k12.tr,,,https://burakreisilkokulu.meb.k12.tr/tema/harita.php,2026-08-31,718,718,bulundu,https://burakreisilkokulu.meb.k12.tr/tema/okulumuz_hakkinda.php,2026-10-01T18:25:57.311566+00:00,,Öğrenci : 718
Ankara,Sincan,Cemal Yüksel İlkokulu,733635,İlkokul,https://cemalyuksel.meb.k12.tr,,,https://cemalyuksel.meb.k12.tr/tema/harita.php,2026-08-31,1425,1425,bulundu,https://cemalyuksel.meb.k12.tr/,2026-10-01T18:25:57.376763+00:00,,Öğrenci Sayısı : 1425
Ankara,Sincan,Cumhuriyet Ortaokulu,976623,Ortaokul,https://sincancumhuriyetoo.meb.k12.tr,,,https://sincancumhuriyetoo.meb.k12.tr/tema/harita.php,2026-08-31,1152,1152,bulundu,https://sincancumhuriyetoo.meb.k12.tr/,2026-10-01T18:25:57.379263+00:00,,Öğrenci Sayısı : 1152
Ankara,Sincan,Devlet Hatun Anaokulu,769623,Anaokulu,https://devlethatunanaokulu.meb.k12.tr,,,https://devlethatunanaokulu.meb.k12.tr/tema/harita.php,2026-08-31,177,177,bulundu,https://devlethatunanaokulu.meb.k12.tr/,2026-10-01T18:25:57.404989+00:00,,Öğrenci Sayısı 177
Ankara,Sincan,Doktor Emin Acar Anadolu İmam Hatip Lisesi,767608,Anadolu İmam Hatip Lisesi,https://dreminacaraihl.meb.k12.tr,,,https://dreminacaraihl.meb.k12.tr/tema/harita.php,2026-08-31,416,416,bulundu,https://dreminacaraihl.meb.k12.tr/,2026-10-01T18:25:57.441254+00:00,,Öğrenci Sayısı : 416
Ankara,Sincan,Dr. Nurettin - Beyhan Elbir Ortaokulu,711620,Ortaokul,https://drnurettinbeyhanelbirortaokulu.meb.k12.tr,,,https://drnurettinbeyhanelbirortaokulu.meb.k12.tr/tema/harita.php,2026-08-31,624,624,bulundu,https://drnurettinbeyhanelbirortaokulu.meb.k12.tr/,2026-10-01T18:25:57.466607+00:00,,Öğrenci Sayısı 624
Ankara,Sincan,Dr. Nurettin - Beyhan Elbir İlkokulu,711637,İlkokul,https://drnurettinbeyhanelbirilkokulu.meb.k12.tr,,,https://drnurettinbeyhanelbirilkokulu.meb.k12.tr/tema/harita.php,2026-08-31,769,769,bulundu,https://drnurettinbeyhanelbirilkokulu.meb.k12.tr/,2026-10-01T18:25:57.534913+00:00,,Öğrenci Sayısı : 769
Ankara,Sincan,Dr. Yıldız Yalçınlar Özel Eğitim Uygulama Okulu III. Kademe,774792,Özel Eğitim Kurumu,https://774792.meb.k12.tr,,,https://774792.meb.k12.tr/tema/harita.php,2026-08-31,0,0,bulundu,https://774792.meb.k12.tr/,2026-10-01T18:25:57.624118+00:00,,Öğrenci Sayısı : 0
Ankara,Sincan,ELMAS ANAOKULU,759607,Anaokulu,https://elmasanaokulu.meb.k12.tr,,,https://elmasanaokulu.meb.k12.tr/tema/harita.php,2026-08-31,151,151,bulundu,https://elmasanaokulu.meb.k12.tr/,2026-10-01T18:25:57.627198+00:00,,Öğrenci Sayısı: 151
Ankara,Sincan,Ekrem Hakkı Ayverdi Anadolu Lisesi,767572,Anadolu Lisesi,https://ekremhakkiayverdianadolulisesi.meb.k12.tr,,,https://ekremhakkiayverdianadolulisesi.meb.k12.tr/tema/harita.php,2026-08-31,296,296,bulundu,https://ekremhakkiayverdianadolulisesi.meb.k12.tr/,2026-10-01T18:25:57.679232+00:00,,Öğrenci Sayısı 296
Ankara,Sincan,Erkan - Volkan Yiğit Anadolu İmam Hatip Lisesi,762149,Anadolu İmam Hatip Lisesi,https://erkanvolkanyigit.meb.k12.tr,,,https://erkanvolkanyigit.meb.k12.tr/tema/harita.php,2026-08-31,354,354,bulundu,https://erkanvolkanyigit.meb.k12.tr/,2026-10-01T18:25:57.770406+00:00,,Öğrenci Sayısı : 354
Ankara,Sincan,Erkunt Mesleki Eğitim Merkezi,224915,Mesleki Eğitim Merkezi,https://erkuntmem.meb.k12.tr,,,https://erkuntmem.meb.k12.tr/tema/harita.php,2026-08-31,1150,1150,bulundu,https://erkuntmem.meb.k12.tr/,2026-10-01T18:25:57.861034+00:00,,Öğrenci Sayısı : 1150
Ankara,Sincan,Ersin Nazif Gürdoğan Anadolu Lisesi,767595,Anadolu Lisesi,https://ersinnazifgurdogananadolulisesi.meb.k12.tr,,,https://ersinnazifgurdogananadolulisesi.meb.k12.tr/tema/harita.php,2026-08-31,835,835,bulundu,https://ersinnazifgurdogananadolulisesi.meb.k12.tr/,2026-10-01T18:25:57.919217+00:00,,Öğrenci Sayısı 835
Ankara,Sincan,Ertuğrul Gazi Borsa İstanbul Mesleki ve Teknik Anadolu Lisesi,964615,Mesleki ve Teknik Anadolu Lisesi,https://ertugrulgaziimkb.meb.k12.tr,,,https://ertugrulgaziimkb.meb.k12.tr/tema/harita.php,2026-08-31,1015,1015,bulundu,https://ertugrulgaziimkb.meb.k12.tr/,2026-10-01T18:25:57.928484+00:00,,Öğrenci Sayısı : 1015
Ankara,Sincan,Ertuğrul Gazi İmam Hatip Ortaokulu,758150,İmam Hatip Ortaokulu,https://sincanertugrulgaziimamhatip.meb.k12.tr,,,https://sincanertugrulgaziimamhatip.meb.k12.tr/tema/harita.php,2026-08-31,434,434,bulundu,https://sincanertugrulgaziimamhatip.meb.k12.tr/,2026-10-01T18:25:57.994272+00:00,,Öğrenci Sayısı : 434
Ankara,Sincan,Fatih Anadolu Lisesi,966463,Anadolu Lisesi,https://ankarafatihanadolu.meb.k12.tr,,,https://ankarafatihanadolu.meb.k12.tr/tema/harita.php,2026-08-31,521,521,bulundu,https://ankarafatihanadolu.meb.k12.tr/,2026-10-01T18:25:58.017832+00:00,,Öğrenci Sayısı 521
Ankara,Sincan,Fatih Anaokulu,759048,Anaokulu,https://fatihanaokulu06.meb.k12.tr,,,https://fatihanaokulu06.meb.k12.tr/tema/harita.php,2026-08-31,169,169,bulundu,https://fatihanaokulu06.meb.k12.tr/tema/okulumuz_hakkinda.php,2026-10-01T18:25:58.348289+00:00,,Öğrenci : 169
Ankara,Sincan,Fatih Mesleki ve Teknik Anadolu Lisesi,341191,Mesleki ve Teknik Anadolu Lisesi,https://asfmtal.meb.k12.tr,,,https://asfmtal.meb.k12.tr/tema/harita.php,2026-08-31,1043,1043,bulundu,https://asfmtal.meb.k12.tr/,2026-10-01T18:25:58.395670+00:00,,Öğrenci Sayısı : 1043
Ankara,Sincan,Fatih İlkokulu,708917,İlkokul,https://sincanfatihioo.meb.k12.tr,,,https://sincanfatihioo.meb.k12.tr/tema/harita.php,2026-08-31,280,280,bulundu,https://sincanfatihioo.meb.k12.tr/,2026-10-01T18:25:58.493847+00:00,,Öğrenci Sayısı : 280
Ankara,Sincan,Gaziosmanpaşa Ortaokulu,733680,Ortaokul,https://gaziosmanpasa.meb.k12.tr,,,https://gaziosmanpasa.meb.k12.tr/tema/harita.php,2026-08-31,1325,1325,bulundu,https://gaziosmanpasa.meb.k12.tr/,2026-10-01T18:25:58.526356+00:00,,Öğrenci Sayısı 1325
Ankara,Sincan,Gaziosmanpaşa İlkokulu,733631,İlkokul,https://gopilkokulu.meb.k12.tr,,,https://gopilkokulu.meb.k12.tr/tema/harita.php,2026-08-31,479,479,bulundu,https://gopilkokulu.meb.k12.tr/,2026-10-01T18:25:58.556105+00:00,,Öğrenci Sayısı : 479
Ankara,Sincan,Gülce Anaokulu,776179,Anaokulu,https://gulceanaokulu.meb.k12.tr,,,https://gulceanaokulu.meb.k12.tr/tema/harita.php,2026-08-31,,,bulunamadi,,2026-10-01T18:25:58.604772+00:00,,
Ankara,Sincan,Hacı Bektaş-ı Veli Ortaokulu,711143,Ortaokul,https://shbvo.meb.k12.tr,,,https://shbvo.meb.k12.tr/tema/harita.php,2026-08-31,1313,1313,bulundu,https://shbvo.meb.k12.tr/,2026-10-01T18:25:58.610063+00:00,,Öğrenci Sayısı : 1313
Ankara,Sincan,Hayme Ana Mesleki ve Teknik Anadolu Lisesi,761064,Mesleki ve Teknik Anadolu Lisesi,https://sincanhaymeana.meb.k12.tr,,,https://sincanhaymeana.meb.k12.tr/tema/harita.php,2026-08-31,1184,1184,bulundu,https://sincanhaymeana.meb.k12.tr/,2026-10-01T18:25:58.919081+00:00,,Öğrenci Sayısı 1184
Ankara,Sincan,Hayriye Andiçen Anaokulu,751544,Anaokulu,https://handicenanaokulu.meb.k12.tr,,,https://handicenanaokulu.meb.k12.tr/tema/harita.php,2026-08-31,501,501,bulundu,https://handicenanaokulu.meb.k12.tr/,2026-10-01T18:25:58.977348+00:00,,Öğrenci Sayısı 501
Ankara,Sincan,Hoca Ahmet Yesevi İmam Hatip Ortaokulu,711586,İmam Hatip Ortaokulu,https://711586.meb.k12.tr,,,https://711586.meb.k12.tr/tema/harita.php,2026-08-31,426,426,bulundu,https://711586.meb.k12.tr/,2026-10-01T18:25:59.011029+00:00,,Öğrenci Sayısı : 426
Ankara,Sincan,Itri Güzel Sanatlar Lisesi,766334,Güzel Sanatlar Lisesi,https://itriguzelsanatlar.meb.k12.tr,,,https://itriguzelsanatlar.meb.k12.tr/tema/harita.php,2026-08-31,246,246,bulundu,https://itriguzelsanatlar.meb.k12.tr/,2026-10-01T18:25:59.053233+00:00,,Öğrenci Sayısı 246
Ankara,Sincan,Kazım Karabekir İlkokulu,733608,İlkokul,https://sincankazimkarabekirio.meb.k12.tr,,,https://sincankazimkarabekirio.meb.k12.tr/tema/harita.php,2026-08-31,604,604,bulundu,https://sincankazimkarabekirio.meb.k12.tr/,2026-10-01T18:25:59.059848+00:00,,Öğrenci Sayısı : 604
Ankara,Sincan,Korkut Ata İlkokulu,966415,İlkokul,https://korkutata.meb.k12.tr,,,https://korkutata.meb.k12.tr/tema/harita.php,2026-08-31,744,744,bulundu,https://korkutata.meb.k12.tr/,2026-10-01T18:25:59.065803+00:00,,Öğrenci Sayısı 744
Ankara,Sincan,Koç İlkokulu,708937,İlkokul,https://sincankocilkokulu.meb.k12.tr,,,https://sincankocilkokulu.meb.k12.tr/tema/harita.php,2026-08-31,750,750,bulundu,https://sincankocilkokulu.meb.k12.tr/,2026-10-01T18:25:59.469286+00:00,,Öğrenci Sayısı : 750
Ankara,Sincan,Layika Akbilek Kız Mesleki ve Teknik Anadolu Lisesi,122474,Mesleki ve Teknik Anadolu Lisesi,https://sincankml.meb.k12.tr,,,https://sincankml.meb.k12.tr/tema/harita.php,2026-08-31,1236,1236,bulundu,https://sincankml.meb.k12.tr/,2026-10-01T18:25:59.484647+00:00,,Öğrenci Sayısı 1236
Ankara,Sincan,Mareşal Fevzi Çakmak Ortaokulu,711621,Ortaokul,https://marasalfevzicakmak.meb.k12.tr,,,https://marasalfevzicakmak.meb.k12.tr/tema/harita.php,2026-08-31,916,916,bulundu,https://marasalfevzicakmak.meb.k12.tr/,2026-10-01T18:25:59.958145+00:00,,Öğrenci Sayısı : 916
Ankara,Sincan,Mareşal Fevzi Çakmak İlkokulu,711645,İlkokul,https://sincanmfcilkokulu.meb.k12.tr,,,https://sincanmfcilkokulu.meb.k12.tr/tema/harita.php,2026-08-31,988,988,bulundu,https://sincanmfcilkokulu.meb.k12.tr/,2026-10-01T18:25:59.985994+00:00,,Öğrenci Sayısı 988
Ankara,Sincan,Mehmet Akif Ersoy İlkokulu,711654,İlkokul,https://sincanmehmetakifersoyio.meb.k12.tr,,,https://sincanmehmetakifersoyio.meb.k12.tr/tema/harita.php,2026-08-31,1231,1231,bulundu,https://sincanmehmetakifersoyio.meb.k12.tr/,2026-10-01T18:26:00.010532+00:00,,Öğrenci Sayısı : 1231
Ankara,Sincan,Mehmet-Sündüs İçli İlkokulu,733629,İlkokul,https://sincanmehmetsundusicliio.meb.k12.tr,,,https://sincanmehmetsundusicliio.meb.k12.tr/tema/harita.php,2026-08-31,1127,1127,bulundu,https://sincanmehmetsundusicliio.meb.k12.tr/,2026-10-01T18:26:00.019526+00:00,,Öğrenci Sayısı 1127
Ankara,Sincan,Melikşah Ortaokulu,711624,Ortaokul,https://sincanmeliksahortaokulu.meb.k12.tr,,,https://sincanmeliksahortaokulu.meb.k12.tr/tema/harita.php,2026-08-31,537,537,bulundu,https://sincanmeliksahortaokulu.meb.k12.tr/,2026-10-01T18:26:00.056197+00:00,,Öğrenci Sayısı 537
Ankara,Sincan,Melikşah İlkokulu,711657,İlkokul,https://sincanmeliksahilkokulu.meb.k12.tr,,,https://sincanmeliksahilkokulu.meb.k12.tr/tema/harita.php,2026-08-31,354,354,bulundu,https://sincanmeliksahilkokulu.meb.k12.tr/,2026-10-01T18:26:00.125922+00:00,,Öğrenci Sayısı 354
Ankara,Sincan,Nedred Arif İlkokulu,733677,İlkokul,https://nedretarifilkokulu.meb.k12.tr,,,https://nedretarifilkokulu.meb.k12.tr/tema/harita.php,2026-08-31,386,386,bulundu,https://nedretarifilkokulu.meb.k12.tr/,2026-10-01T18:26:00.141456+00:00,,Öğrenci Sayısı 386
Ankara,Sincan,Nefise Andiçen Mesleki ve Teknik Anadolu Lisesi,745624,Mesleki ve Teknik Anadolu Lisesi,https://nefiseandicenmtal.meb.k12.tr,,,https://nefiseandicenmtal.meb.k12.tr/tema/harita.php,2026-08-31,771,771,bulundu,https://nefiseandicenmtal.meb.k12.tr/,2026-10-01T18:26:00.344897+00:00,,Öğrenci Sayısı 771
Ankara,Sincan,ODTÜ Mezunları Ortaokulu,733665,Ortaokul,https://odtumezunlari.meb.k12.tr,,,https://odtumezunlari.meb.k12.tr/tema/harita.php,2026-08-31,1640,1640,bulundu,https://odtumezunlari.meb.k12.tr/,2026-10-01T18:26:00.430342+00:00,,Öğrenci Sayısı 1640
Ankara,Sincan,Orhan Gazi Ortaokulu,815387,Ortaokul,https://sincanorhangazi.meb.k12.tr,,,https://sincanorhangazi.meb.k12.tr/tema/harita.php,2026-08-31,680,680,bulundu,https://sincanorhangazi.meb.k12.tr/,2026-10-01T18:26:00.536588+00:00,,Öğrenci Sayısı : 680
Ankara,Sincan,Osman Ünyazıcı İlkokulu,733626,İlkokul,https://oui.meb.k12.tr,,,https://oui.meb.k12.tr/tema/harita.php,2026-08-31,892,892,bulundu,https://oui.meb.k12.tr/,2026-10-01T18:26:00.572272+00:00,,Öğrenci Sayısı 892
Ankara,Sincan,Pınarbaşı Mesleki ve Teknik Anadolu Lisesi,973671,Mesleki ve Teknik Anadolu Lisesi,https://pinarbasimtal.meb.k12.tr,,,https://pinarbasimtal.meb.k12.tr/tema/harita.php,2026-08-31,724,724,bulundu,https://pinarbasimtal.meb.k12.tr/,2026-10-01T18:26:00.594243+00:00,,Öğrenci Sayısı : 724
Ankara,Sincan,Ressam İbrahim Çallı Ortaokulu,711151,Ortaokul,https://ressamibrahimcallioo.meb.k12.tr,,,https://ressamibrahimcallioo.meb.k12.tr/tema/harita.php,2026-08-31,1252,1252,bulundu,https://ressamibrahimcallioo.meb.k12.tr/,2026-10-01T18:26:00.624736+00:00,,Öğrenci Sayısı 1252
Ankara,Sincan,Selahattin Akbilek Anadolu Lisesi,974822,Anadolu Lisesi,https://selahattinakbilekanadolulisesi.meb.k12.tr,,,https://selahattinakbilekanadolulisesi.meb.k12.tr/tema/harita.php,2026-08-31,1147,1147,bulundu,https://selahattinakbilekanadolulisesi.meb.k12.tr/,2026-10-01T18:26:00.648830+00:00,,Öğrenci Sayısı 1147
Ankara,Sincan,Semiha İsen Ortaokulu,733673,Ortaokul,https://semihaisenortaokulu.meb.k12.tr,,,https://semihaisenortaokulu.meb.k12.tr/tema/harita.php,2026-08-31,736,736,bulundu,https://semihaisenortaokulu.meb.k12.tr/,2026-10-01T18:26:00.769747+00:00,,Öğrenci Sayısı : 736
Ankara,Sincan,Sincan Adalet Çok Programlı Anadolu Lisesi,774127,Çok Programlı Anadolu Lisesi,https://sincanadaletcpal.meb.k12.tr,,,https://sincanadaletcpal.meb.k12.tr/tema/harita.php,2026-08-31,64,64,bulundu,https://sincanadaletcpal.meb.k12.tr/,2026-10-01T18:26:00.900972+00:00,,Öğrenci Sayısı 64
Ankara,Sincan,Sincan Ahmet Andiçen Ticaret Mesleki ve Teknik Anadolu Lisesi,256625,Mesleki ve Teknik Anadolu Lisesi,https://ahmetandicenmtal.meb.k12.tr,,,https://ahmetandicenmtal.meb.k12.tr/tema/harita.php,2026-08-31,726,726,bulundu,https://ahmetandicenmtal.meb.k12.tr/tema/okulumuz_hakkinda.php,2026-10-01T18:26:00.941028+00:00,,Öğrenci : 726
Ankara,Sincan,Sincan Akşemsettin İlkokulu,708975,İlkokul,https://sincanaksemsettinilkokulu.meb.k12.tr,,,https://sincanaksemsettinilkokulu.meb.k12.tr/tema/harita.php,2026-08-31,804,804,bulundu,https://sincanaksemsettinilkokulu.meb.k12.tr/,2026-10-01T18:26:00.966466+00:00,,Öğrenci Sayısı : 804
Ankara,Sincan,Sincan Ali Semerkandi İmam Hatip Ortaokulu,758651,İmam Hatip Ortaokulu,https://alisemerkandiimamhatiportaokulu.meb.k12.tr,,,https://alisemerkandiimamhatiportaokulu.meb.k12.tr/tema/harita.php,2026-08-31,935,935,bulundu,https://alisemerkandiimamhatiportaokulu.meb.k12.tr/,2026-10-01T18:26:00.979504+00:00,,Öğrenci Sayısı : 935
Ankara,Sincan,Sincan Alparslan Anaokulu,774200,Anaokulu,https://sincanalparslananaokulu.meb.k12.tr,,,https://sincanalparslananaokulu.meb.k12.tr/tema/harita.php,2026-08-31,125,125,bulundu,https://sincanalparslananaokulu.meb.k12.tr/,2026-10-01T18:26:01.093233+00:00,,Öğrenci Sayısı : 125
Ankara,Sincan,Sincan Anadolu Lisesi,122449,Anadolu Lisesi,https://sincananadolulisesi.meb.k12.tr,,,https://sincananadolulisesi.meb.k12.tr/tema/harita.php,2026-08-31,848,848,bulundu,https://sincananadolulisesi.meb.k12.tr/,2026-10-01T18:26:01.139812+00:00,,Öğrenci Sayısı : 848
Ankara,Sincan,Sincan Anadolu İmam Hatip Lisesi,122486,Anadolu İmam Hatip Lisesi,https://sincanaihl.meb.k12.tr,,,https://sincanaihl.meb.k12.tr/tema/harita.php,2026-08-31,1181,1181,bulundu,https://sincanaihl.meb.k12.tr/,2026-10-01T18:26:01.207406+00:00,,Öğrenci Sayısı 1181
Ankara,Sincan,Sincan Ayyıldız Anaokulu,774921,Anaokulu,https://774921.meb.k12.tr,,,https://774921.meb.k12.tr/tema/harita.php,2026-08-31,291,291,bulundu,https://774921.meb.k12.tr/,2026-10-01T18:26:01.293523+00:00,,Öğrenci Sayısı: 291
Ankara,Sincan,Sincan Borsa İstanbul Ticaret Mesleki ve Teknik Anadolu Lisesi,951081,Mesleki ve Teknik Anadolu Lisesi,https://sincanimkbmtal.meb.k12.tr,,,https://sincanimkbmtal.meb.k12.tr/tema/harita.php,2026-08-31,728,728,bulundu,https://sincanimkbmtal.meb.k12.tr/,2026-10-01T18:26:01.304810+00:00,,Öğrenci Sayısı 728
Ankara,Sincan,Sincan Borsa İstanbul İlkokulu,733622,İlkokul,https://sincanborsaistanbulilkokulu.meb.k12.tr,,,https://sincanborsaistanbulilkokulu.meb.k12.tr/tema/harita.php,2026-08-31,801,801,bulundu,https://sincanborsaistanbulilkokulu.meb.k12.tr/,2026-10-01T18:26:01.403313+00:00,,Öğrenci Sayısı : 801
Ankara,Sincan,Sincan Dr. Yıldız Yalçınlar Halk Eğitimi Merkezi,769008,Halk Eğitimi Merkezi,https://dryildizyalcinlarhem.meb.k12.tr,,,https://dryildizyalcinlarhem.meb.k12.tr/tema/harita.php,2026-08-31,,,bulunamadi,,2026-10-01T18:26:01.441666+00:00,,
Ankara,Sincan,Sincan Halk Eğitimi Merkezi,122498,Halk Eğitimi Merkezi,https://sincanhem.meb.k12.tr,,,https://sincanhem.meb.k12.tr/tema/harita.php,2026-08-31,,,bulunamadi,,2026-10-01T18:26:01.443476+00:00,,
Ankara,Sincan,Sincan Kız Anadolu İmam Hatip Lisesi,750317,Anadolu İmam Hatip Lisesi,https://sincankizaihl.meb.k12.tr,,,https://sincankizaihl.meb.k12.tr/tema/harita.php,2026-08-31,365,365,bulundu,https://sincankizaihl.meb.k12.tr/,2026-10-01T18:26:01.513285+00:00,,Öğrenci Sayısı 365
Ankara,Sincan,Sincan Lale Anaokulu,958703,Anaokulu,https://sincanlaleanaokulu.meb.k12.tr,,,https://sincanlaleanaokulu.meb.k12.tr/tema/harita.php,2026-08-31,114,114,bulundu,https://sincanlaleanaokulu.meb.k12.tr/,2026-10-01T18:26:01.584489+00:00,,Öğrenci Sayısı 114
Ankara,Sincan,Sincan Necip Fazıl Kısakürek Ortaokulu,760643,Ortaokul,https://sincannfkoo.meb.k12.tr,,,https://sincannfkoo.meb.k12.tr/tema/harita.php,2026-08-31,1138,1138,bulundu,https://sincannfkoo.meb.k12.tr/,2026-10-01T18:26:01.683814+00:00,,Öğrenci Sayısı : 1138
Ankara,Sincan,Sincan Pınarbaşı Anaokulu,774920,Anaokulu,https://sincanpinarbasianaokulu.meb.k12.tr,,,https://sincanpinarbasianaokulu.meb.k12.tr/tema/harita.php,2026-08-31,163,163,bulundu,https://sincanpinarbasianaokulu.meb.k12.tr/,2026-10-01T18:26:01.788814+00:00,,Öğrenci Sayısı: 163
Ankara,Sincan,Sincan Rehberlik ve Araştırma Merkezi,301810,Rehberlik ve Araştırma Merkezi,https://sincanram.meb.k12.tr,,,https://sincanram.meb.k12.tr/tema/harita.php,2026-08-31,,,bulunamadi,,2026-10-01T18:26:01.926238+00:00,,
Ankara,Sincan,Sincan Yavuz Sultan Selim Anaokulu,774211,Anaokulu,https://sincanyavuzsultanselimanaokulu.meb.k12.tr,,,https://sincanyavuzsultanselimanaokulu.meb.k12.tr/tema/harita.php,2026-08-31,126,126,bulundu,https://sincanyavuzsultanselimanaokulu.meb.k12.tr/,2026-10-01T18:26:01.991606+00:00,,Öğrenci Sayısı: 126
Ankara,Sincan,Sincan Yenikent İlksan Anaokulu,774241,Anaokulu,https://sincanyenikentilksananaokulu.meb.k12.tr,,,https://sincanyenikentilksananaokulu.meb.k12.tr/tema/harita.php,2026-08-31,119,119,bulundu,https://sincanyenikentilksananaokulu.meb.k12.tr/tema/okulumuz_hakkinda.php,2026-10-01T18:26:02.065819+00:00,,Öğrenci : 119
Ankara,Sincan,Sincan Özel Eğitim Meslek Okulu,747231,Özel Eğitim Kurumu,https://sincanozelegitimmeslekokulu.meb.k12.tr,,,https://sincanozelegitimmeslekokulu.meb.k12.tr/tema/harita.php,2026-08-31,87,87,bulundu,https://sincanozelegitimmeslekokulu.meb.k12.tr/tema/okulumuz_hakkinda.php,2026-10-01T18:26:02.203046+00:00,,Öğrenci : 87
Ankara,Sincan,Sincan Özel Eğitim Uygulama Okulu I. Kademe,747462,Özel Eğitim Kurumu,https://sincanoeu1kademe.meb.k12.tr,,,https://sincanoeu1kademe.meb.k12.tr/tema/harita.php,2026-08-31,33,33,bulundu,https://sincanoeu1kademe.meb.k12.tr/tema/okulumuz_hakkinda.php,2026-10-01T18:26:02.260906+00:00,,Öğrenci : 33
Ankara,Sincan,Sincan Özel Eğitim Uygulama Okulu II. Kademe,747564,Özel Eğitim Kurumu,https://sincanoeu2kademe.meb.k12.tr,,,https://sincanoeu2kademe.meb.k12.tr/tema/harita.php,2026-08-31,41,41,bulundu,https://sincanoeu2kademe.meb.k12.tr/tema/okulumuz_hakkinda.php,2026-10-01T18:26:02.490011+00:00,,Öğrenci : 41
Ankara,Sincan,Sincan Öğretmenevi ve Akşam Sanat Okulu,971020,Öğretmenevi,https://sincanogretmenevi.meb.k12.tr,,,https://sincanogretmenevi.meb.k12.tr/tema/harita.php,2026-08-31,,,bulunamadi,,2026-10-01T18:26:02.548451+00:00,,