Erzurum,Karaçoban,Binpınar Köşk İlkokulu,492128,İlkokul,https://binpinarkosk.meb.k12.tr,,,https://binpinarkosk.meb.k12.tr/tema/harita.php,2026-08-31,29,29,bulundu,https://binpinarkosk.meb.k12.tr/,2026-10-01T18:44:01.869061+00:00,,Öğrenci Sayısı : 29
Erzurum,Karaçoban,Binpınar Ortaokulu,712121,Ortaokul,https://binpinarortaokulu.meb.k12.tr,,,https://binpinarortaokulu.meb.k12.tr/tema/harita.php,2026-08-31,85,85,bulundu,https://binpinarortaokulu.meb.k12.tr/,2026-10-01T18:44:02.145599+00:00,,Öğrenci Sayısı 85
Erzurum,Karaçoban,Binpınar İlkokulu,712122,İlkokul,https://binpinarilkokulu.meb.k12.tr,,,https://binpinarilkokulu.meb.k12.tr/tema/harita.php,2026-08-31,106,106,bulundu,https://binpinarilkokulu.meb.k12.tr/,2026-10-01T18:44:02.431985+00:00,,Öğrenci Sayısı 106
Erzurum,Karaçoban,Bozyar Tungal İlkokulu,705472,İlkokul,https://bozyartungalilkokulu.meb.k12.tr,,,https://bozyartungalilkokulu.meb.k12.tr/tema/harita.php,2026-08-31,16,16,bulundu,https://bozyartungalilkokulu.meb.k12.tr/,2026-10-01T18:44:02.539002+00:00,,Öğrenci Sayısı: 16
Erzurum,Karaçoban,Bozyar İlkokulu,775808,İlkokul,https://775808.meb.k12.tr,,,https://775808.meb.k12.tr/tema/harita.php,2026-08-31,8,8,bulundu,https://775808.meb.k12.tr/,2026-10-01T18:44:02.549930+00:00,,Öğrenci Sayısı : 8
Erzurum,Karaçoban,Budaklı Kolumaksut İlkokulu,705480,İlkokul,https://budaklkolumaksut.meb.k12.tr,,,https://budaklkolumaksut.meb.k12.tr/tema/harita.php,2026-08-31,8,8,bulundu,https://budaklkolumaksut.meb.k12.tr/,2026-10-01T18:44:02.611115+00:00,,Öğrenci Sayısı : 8
Erzurum,Karaçoban,Budaklı İlkokulu,705479,İlkokul,https://budaklilkokulu.meb.k12.tr,,,https://budaklilkokulu.meb.k12.tr/tema/harita.php,2026-08-31,16,16,bulundu,https://budaklilkokulu.meb.k12.tr/,2026-10-01T18:44:02.776830+00:00,,Öğrenci Sayısı: 16
Erzurum,Karaçoban,Burnaz Ortaokulu,712124,Ortaokul,https://burnazortaokulu.meb.k12.tr,,,https://burnazortaokulu.meb.k12.tr/tema/harita.php,2026-08-31,61,61,bulundu,https://burnazortaokulu.meb.k12.tr/,2026-10-01T18:44:02.915226+00:00,,Öğrenci Sayısı 61
Erzurum,Karaçoban,Burnaz İlkokulu,492165,İlkokul,https://burnazilkokulu.meb.k12.tr,,,https://burnazilkokulu.meb.k12.tr/tema/harita.php,2026-08-31,76,76,bulundu,https://burnazilkokulu.meb.k12.tr/tema/okulumuz_hakkinda.php,2026-10-01T18:44:02.924282+00:00,,Öğrenci : 76
Erzurum,Karaçoban,Dedeören İlkokulu,705483,İlkokul,https://dedeoren.meb.k12.tr,,,https://dedeoren.meb.k12.tr/tema/harita.php,2026-08-31,35,35,bulundu,https://dedeoren.meb.k12.tr/tema/okulumuz_hakkinda.php,2026-10-01T18:44:02.956925+00:00,,Öğrenci : 35
Erzurum,Karaçoban,Doğanbey Horikomu İlkokulu,705490,İlkokul,https://doganbeyhorikomu.meb.k12.tr,,,https://doganbeyhorikomu.meb.k12.tr/tema/harita.php,2026-08-31,10,10,bulundu,https://doganbeyhorikomu.meb.k12.tr/,2026-10-01T18:44:02.984876+00:00,,Öğrenci Sayısı: 10
Erzurum,Karaçoban,Doğanbey İlkokulu Müdürlüğü,768630,İlkokul,https://768630.meb.k12.tr,,,https://768630.meb.k12.tr/tema/harita.php,2026-08-31,5,5,bulundu,https://768630.meb.k12.tr/,2026-10-01T18:44:03.028344+00:00,,Öğrenci Sayısı: 5
Erzurum,Karaçoban,Duman Ortaokulu,492153,Ortaokul,https://dumanortaokulu.meb.k12.tr,,,https://dumanortaokulu.meb.k12.tr/tema/harita.php,2026-08-31,64,64,bulundu,https://dumanortaokulu.meb.k12.tr/,2026-10-01T18:44:03.044421+00:00,,Öğrenci Sayısı : 64
Erzurum,Karaçoban,Duman İlkokulu,712174,İlkokul,https://dumanio.meb.k12.tr,,,https://dumanio.meb.k12.tr/tema/harita.php,2026-08-31,89,89,bulundu,https://dumanio.meb.k12.tr/,2026-10-01T18:44:03.053376+00:00,,Öğrenci Sayısı: 89
Erzurum,Karaçoban,Erenler Ortaokulu,712084,Ortaokul,https://erenlerrortaokulu.meb.k12.tr,,,https://erenlerrortaokulu.meb.k12.tr/tema/harita.php,2026-08-31,96,96,bulundu,https://erenlerrortaokulu.meb.k12.tr/,2026-10-01T18:44:03.136885+00:00,,Öğrenci Sayısı 96
Erzurum,Karaçoban,Erenler İlkokulu,712085,İlkokul,https://erenlerrilkokulu.meb.k12.tr,,,https://erenlerrilkokulu.meb.k12.tr/tema/harita.php,2026-08-31,77,77,bulundu,https://erenlerrilkokulu.meb.k12.tr/,2026-10-01T18:44:03.257275+00:00,,Öğrenci Sayısı 77
Erzurum,Karaçoban,Gündüz İlkokulu,705495,İlkokul,https://gunduzilkokulu.meb.k12.tr,,,https://gunduzilkokulu.meb.k12.tr/tema/harita.php,2026-08-31,34,34,bulundu,https://gunduzilkokulu.meb.k12.tr/,2026-10-01T18:44:03.356619+00:00,,Öğrenci Sayısı : 34
Erzurum,Karaçoban,Karagöz İlkokulu,705493,İlkokul,https://karagozilkokulu.meb.k12.tr,,,https://karagozilkokulu.meb.k12.tr/tema/harita.php,2026-08-31,7,7,bulundu,https://karagozilkokulu.meb.k12.tr/,2026-10-01T18:44:03.543170+00:00,,Öğrenci Sayısı: 7
Erzurum,Karaçoban,Karaköprü Ortaokulu,418674,Ortaokul,https://karakopru.meb.k12.tr,,,https://karakopru.meb.k12.tr/tema/harita.php,2026-08-31,58,58,bulundu,https://karakopru.meb.k12.tr/,2026-10-01T18:44:03.973563+00:00,,Öğrenci Sayısı : 58
Erzurum,Karaçoban,Karaköprü İlkokulu,712052,İlkokul,https://karakopruio.meb.k12.tr,,,https://karakopruio.meb.k12.tr/tema/harita.php,2026-08-31,68,68,bulundu,https://karakopruio.meb.k12.tr/,2026-10-01T18:44:04.043297+00:00,,Öğrenci Sayısı: 68
Erzurum,Karaçoban,Karaçoban Anadolu Lisesi,965935,Anadolu Lisesi,https://karacobananadolulisesi.meb.k12.tr,,,https://karacobananadolulisesi.meb.k12.tr/tema/harita.php,2026-08-31,255,255,bulundu,https://karacobananadolulisesi.meb.k12.tr/tema/okulumuz_hakkinda.php,2026-10-01T18:44:04.046785+00:00,,Öğrenci : 255
Erzurum,Karaçoban,Karaçoban Anadolu İmam Hatip Lisesi,752600,Anadolu İmam Hatip Lisesi,https://karacobanihl.meb.k12.tr,,,https://karacobanihl.meb.k12.tr/tema/harita.php,2026-08-31,142,142,bulundu,https://karacobanihl.meb.k12.tr/,2026-10-01T18:44:04.097798+00:00,,Öğrenci Sayısı : 142
Erzurum,Karaçoban,Karaçoban Borsa İstanbul Yatılı Bölge Ortaokulu,966068,Ortaokul,https://karacobanimkbybo.meb.k12.tr,,,https://karacobanimkbybo.meb.k12.tr/tema/harita.php,2026-08-31,312,312,bulundu,https://karacobanimkbybo.meb.k12.tr/,2026-10-01T18:44:04.108192+00:00,,Öğrenci Sayısı 312
Erzurum,Karaçoban,Karaçoban Halk Eğitimi Merkezi,215476,Halk Eğitimi Merkezi,https://karacobanhem.meb.k12.tr,,,https://karacobanhem.meb.k12.tr/tema/harita.php,2026-08-31,,,bulunamadi,,2026-10-01T18:44:04.307537+00:00,,
Erzurum,Karaçoban,Karaçoban Mesleki ve Teknik Anadolu Lisesi,765041,Mesleki ve Teknik Anadolu Lisesi,https://karacobanmtal.meb.k12.tr,,,https://karacobanmtal.meb.k12.tr/tema/harita.php,2026-08-31,82,82,bulundu,https://karacobanmtal.meb.k12.tr/,2026-10-01T18:44:04.424238+00:00,,Öğrenci Sayısı : 82
Erzurum,Karaçoban,Karaçoban Öğretmenevi ve Akşam Sanat Okulu,767095,Öğretmenevi,https://karacobanogretmeneviveaso.meb.k12.tr,,,https://karacobanogretmeneviveaso.meb.k12.tr/tema/harita.php,2026-08-31,,,bulunamadi,,2026-10-01T18:44:04.480555+00:00,,
Erzurum,Karaçoban,Kazım Karabekir İlkokulu,705500,İlkokul,https://karacobankazmkarabekir.meb.k12.tr,,,https://karacobankazmkarabekir.meb.k12.tr/tema/harita.php,2026-08-31,37,37,bulundu,https://karacobankazmkarabekir.meb.k12.tr/,2026-10-01T18:44:04.516016+00:00,,Öğrenci Sayısı: 37
Erzurum,Karaçoban,Kopal Borsa İstanbul Ortaokulu,712155,Ortaokul,https://kopalimkbortaokulu.meb.k12.tr,,,https://kopalimkbortaokulu.meb.k12.tr/tema/harita.php,2026-08-31,313,313,bulundu,https://kopalimkbortaokulu.meb.k12.tr/,2026-10-01T18:44:04.693650+00:00,,Öğrenci Sayısı 313
Erzurum,Karaçoban,Kopal Çok Programlı Anadolu Lisesi,761468,Çok Programlı Anadolu Lisesi,https://kopalcpal.meb.k12.tr,,,https://kopalcpal.meb.k12.tr/tema/harita.php,2026-08-31,133,133,bulundu,https://kopalcpal.meb.k12.tr/,2026-10-01T18:44:04.731433+00:00,,Öğrenci Sayısı 133
Erzurum,Karaçoban,Kopal İlkokulu,492082,İlkokul,https://kopalimkbilkokulu.meb.k12.tr,,,https://kopalimkbilkokulu.meb.k12.tr/tema/harita.php,2026-08-31,546,546,bulundu,https://kopalimkbilkokulu.meb.k12.tr/,2026-10-01T18:44:04.933639+00:00,,Öğrenci Sayısı 546
Erzurum,Karaçoban,Kopal İmam Hatip Ortaokulu,762746,İmam Hatip Ortaokulu,https://kopaliho.meb.k12.tr,,,https://kopaliho.meb.k12.tr/tema/harita.php,2026-08-31,69,69,bulundu,https://kopaliho.meb.k12.tr/,2026-10-01T18:44:05.000989+00:00,,Öğrenci Sayısı : 69
Erzurum,Karaçoban,Kuşluca İlkokulu,705477,İlkokul,https://kuslucailkokulu.meb.k12.tr,,,https://kuslucailkokulu.meb.k12.tr/tema/harita.php,2026-08-31,5,5,bulundu,https://kuslucailkokulu.meb.k12.tr/,2026-10-01T18:44:05.085947+00:00,,Öğrenci Sayısı 5
Erzurum,Karaçoban,Kırımkaya Ortaokulu,492045,Ortaokul,https://kirimkaya.meb.k12.tr,,,https://kirimkaya.meb.k12.tr/tema/harita.php,2026-08-31,58,58,bulundu,https://kirimkaya.meb.k12.tr/,2026-10-01T18:44:05.264228+00:00,,Öğrenci Sayısı 58
Erzurum,Karaçoban,Kırımkaya İlkokulu,712164,İlkokul,https://kirimkayailkokulu.meb.k12.tr,,,https://kirimkayailkokulu.meb.k12.tr/tema/harita.php,2026-08-31,96,96,bulundu,https://kirimkayailkokulu.meb.k12.tr/,2026-10-01T18:44:05.300901+00:00,,Öğrenci Sayısı 96
Erzurum,Karaçoban,Kırımkaya İmam Hatip Ortaokulu,762745,İmam Hatip Ortaokulu,https://kirimkayaiho.meb.k12.tr,,,https://kirimkayaiho.meb.k12.tr/tema/harita.php,2026-08-31,42,42,bulundu,https://kirimkayaiho.meb.k12.tr/,2026-10-01T18:44:05.338826+00:00,,Öğrenci Sayısı 42
Erzurum,Karaçoban,Mareşal Fevzi Çakmak Ortaokulu,492094,Ortaokul,https://maresalfevzicakmakortaokulu.meb.k12.tr,,,https://maresalfevzicakmakortaokulu.meb.k12.tr/tema/harita.php,2026-08-31,91,91,bulundu,https://maresalfevzicakmakortaokulu.meb.k12.tr/,2026-10-01T18:44:05.433469+00:00,,Öğrenci Sayısı 91
Erzurum,Karaçoban,Mareşal Fevzi Çakmak İlkokulu,712011,İlkokul,https://maresalfevzicakmakilkokulu.meb.k12.tr,,,https://maresalfevzicakmakilkokulu.meb.k12.tr/tema/harita.php,2026-08-31,69,69,bulundu,https://maresalfevzicakmakilkokulu.meb.k12.tr/,2026-10-01T18:44:05.451833+00:00,,Öğrenci Sayısı: 69
Erzurum,Karaçoban,Maruf Ortaokulu,712054,Ortaokul,https://marufortaokulu.meb.k12.tr,,,https://marufortaokulu.meb.k12.tr/tema/harita.php,2026-08-31,21,21,bulundu,https://marufortaokulu.meb.k12.tr/,2026-10-01T18:44:05.483967+00:00,,Öğrenci Sayısı 21
Erzurum,Karaçoban,Maruf İlkokulu,712055,İlkokul,https://marufilkokulu.meb.k12.tr,,,https://marufilkokulu.meb.k12.tr/tema/harita.php,2026-08-31,45,45,bulundu,https://marufilkokulu.meb.k12.tr/,2026-10-01T18:44:05.615928+00:00,,Öğrenci Sayısı 45
Erzurum,Karaçoban,Mehmet Akif Ersoy Anaokulu,774062,Anaokulu,https://mehmetakifersoyanaokulum.meb.k12.tr,,,https://mehmetakifersoyanaokulum.meb.k12.tr/tema/harita.php,2026-08-31,44,44,bulundu,https://mehmetakifersoyanaokulum.meb.k12.tr/,2026-10-01T18:44:05.626882+00:00,,Öğrenci Sayısı: 44
Erzurum,Karaçoban,Mehmet Akif Ersoy Ortaokulu,712007,Ortaokul,https://akifersoyortaokulu.meb.k12.tr,,,https://akifersoyortaokulu.meb.k12.tr/tema/harita.php,2026-08-31,106,106,bulundu,https://akifersoyortaokulu.meb.k12.tr/,2026-10-01T18:44:05.667824+00:00,,Öğrenci Sayısı 106
Erzurum,Karaçoban,Mehmet Akif Ersoy İlkokulu,712005,İlkokul,https://akifersoyilkokulu.meb.k12.tr,,,https://akifersoyilkokulu.meb.k12.tr/tema/harita.php,2026-08-31,111,111,bulundu,https://akifersoyilkokulu.meb.k12.tr/,2026-10-01T18:44:05.761882+00:00,,Öğrenci Sayısı: 111
Erzurum,Karaçoban,Merkez Fatih Ortaokulu,711978,Ortaokul,https://karacobanfatihortaokulu.meb.k12.tr,,,https://karacobanfatihortaokulu.meb.k12.tr/tema/harita.php,2026-08-31,,,bulunamadi,,2026-10-01T18:44:06.178977+00:00,,
Erzurum,Karaçoban,Merkez Fatih İlkokulu,750634,İlkokul,https://karacobanfatihilkokulu.meb.k12.tr,,,https://karacobanfatihilkokulu.meb.k12.tr/tema/harita.php,2026-08-31,169,169,bulundu,https://karacobanfatihilkokulu.meb.k12.tr/,2026-10-01T18:44:06.253888+00:00,,Öğrenci Sayısı: 169
Erzurum,Karaçoban,Molladavut Ortaokulu,750754,Ortaokul,https://molladavutortaokulu.meb.k12.tr,,,https://molladavutortaokulu.meb.k12.tr/tema/harita.php,2026-08-31,31,31,bulundu,https://molladavutortaokulu.meb.k12.tr/,2026-10-01T18:44:06.331642+00:00,,Öğrenci Sayısı 31
Erzurum,Karaçoban,Molladavut İlkokulu,712004,İlkokul,https://karacobanmolladavutilkokulu.meb.k12.tr,,,https://karacobanmolladavutilkokulu.meb.k12.tr/tema/harita.php,2026-08-31,54,54,bulundu,https://karacobanmolladavutilkokulu.meb.k12.tr/,2026-10-01T18:44:06.372592+00:00,,Öğrenci Sayısı 54
Erzurum,Karaçoban,Nenehatun Anaokulu,765831,Anaokulu,https://karacobannenehatunanaokulu.meb.k12.tr,,,https://karacobannenehatunanaokulu.meb.k12.tr/tema/harita.php,2026-08-31,64,64,bulundu,https://karacobannenehatunanaokulu.meb.k12.tr/,2026-10-01T18:44:06.378612+00:00,,Öğrenci Sayısı: 64
Erzurum,Karaçoban,Ovayoncalı İlkokulu,492021,İlkokul,https://ovayoncali.meb.k12.tr,,,https://ovayoncali.meb.k12.tr/tema/harita.php,2026-08-31,12,12,bulundu,https://ovayoncali.meb.k12.tr/,2026-10-01T18:44:06.475935+00:00,,Öğrenci Sayısı : 12
Erzurum,Karaçoban,Sarıveli Mahallesi Ortaokulu,492116,Ortaokul,https://sarveliortaokulu.meb.k12.tr,,,https://sarveliortaokulu.meb.k12.tr/tema/harita.php,2026-08-31,71,71,bulundu,https://sarveliortaokulu.meb.k12.tr/,2026-10-01T18:44:06.488953+00:00,,Öğrenci Sayısı 71
Erzurum,Karaçoban,Sarıveli Mahallesi İlkokulu,712171,İlkokul,https://sarveliilkokulu.meb.k12.tr,,,https://sarveliilkokulu.meb.k12.tr/tema/harita.php,2026-08-31,64,64,bulundu,https://sarveliilkokulu.meb.k12.tr/,2026-10-01T18:44:06.521055+00:00,,Öğrenci Sayısı 64
Erzurum,Karaçoban,Seyhan İlkokulu,492008,İlkokul,https://seyhan.meb.k12.tr,,,https://seyhan.meb.k12.tr/tema/harita.php,2026-08-31,29,29,bulundu,https://seyhan.meb.k12.tr/,2026-10-01T18:44:06.533150+00:00,,Öğrenci Sayısı: 29
Erzurum,Karaçoban,Yunus Emre İlkokulu,752296,İlkokul,https://karacobanyunusemre.meb.k12.tr,,,https://karacobanyunusemre.meb.k12.tr/tema/harita.php,2026-08-31,43,43,bulundu,https://karacobanyunusemre.meb.k12.tr/,2026-10-01T18:44:06.789277+00:00,,Öğrenci Sayısı: 43
Erzurum,Karaçoban,Çatalgül İlkokulu,705475,İlkokul,https://catalgulilkokulu.meb.k12.tr,,,https://catalgulilkokulu.meb.k12.tr/tema/harita.php,2026-08-31,12,12,bulundu,https://catalgulilkokulu.meb.k12.tr/,2026-10-01T18:44:06.796803+00:00,,Öğrenci Sayısı: 12
Erzurum,Karaçoban,İsmet İnönü Ortaokulu,711971,Ortaokul,https://ismetinonuoo.meb.k12.tr,,,https://ismetinonuoo.meb.k12.tr/tema/harita.php,2026-08-31,191,191,bulundu,https://ismetinonuoo.meb.k12.tr/,2026-10-01T18:44:06.834201+00:00,,Öğrenci Sayısı 191
Erzurum,Karaçoban,İsmet İnönü İlkokulu,492104,İlkokul,https://ismetinonuilkokulu.meb.k12.tr,,,https://ismetinonuilkokulu.meb.k12.tr/tema/harita.php,2026-08-31,222,222,bulundu,https://ismetinonuilkokulu.meb.k12.tr/,2026-10-01T18:44:06.957268+00:00,,Öğrenci Sayısı 222
Erzurum,Köprüköy,Akçam Ortaokulu,708405,Ortaokul,https://akcamortaokulu.meb.k12.tr,,,https://akcamortaokulu.meb.k12.tr/tema/harita.php,2026-08-31,55,55,bulundu,https://akcamortaokulu.meb.k12.tr/,2026-10-01T18:44:07.018943+00:00,,Öğrenci Sayısı : 55
Erzurum,Köprüköy,Akçam İlkokulu,708384,İlkokul,https://akcamilkokulu.meb.k12.tr,,,https://akcamilkokulu.meb.k12.tr/tema/harita.php,2026-08-31,70,70,bulundu,https://akcamilkokulu.meb.k12.tr/,2026-10-01T18:44:07.036697+00:00,,Öğrenci Sayısı: 70
Erzurum,Köprüköy,Alaca Ortaokulu,708534,Ortaokul,https://koprukoyalacaortaokulu.meb.k12.tr,,,https://koprukoyalacaortaokulu.meb.k12.tr/tema/harita.php,2026-08-31,83,83,bulundu,https://koprukoyalacaortaokulu.meb.k12.tr/,2026-10-01T18:44:07.058150+00:00,,Öğrenci Sayısı 83
Erzurum,Köprüköy,Alaca İlkokulu,708516,İlkokul,https://koprukoyalacailkokulu.meb.k12.tr,,,https://koprukoyalacailkokulu.meb.k12.tr/tema/harita.php,2026-08-31,118,118,bulundu,https://koprukoyalacailkokulu.meb.k12.tr/,2026-10-01T18:44:07.140832+00:00,,Öğrenci Sayısı : 118
Erzurum,Köprüköy,Atatürk Yatılı Bölge Ortaokulu,965707,Ortaokul,https://koprukoyataturkyibo.meb.k12.tr,,,https://koprukoyataturkyibo.meb.k12.tr/tema/harita.php,2026-08-31,215,215,bulundu,https://koprukoyataturkyibo.meb.k12.tr/,2026-10-01T18:44:07.214509+00:00,,Öğrenci Sayısı 215
Erzurum,Köprüköy,Ağcaşar Ortaokulu,708259,Ortaokul,https://agcasarortaokulu.meb.k12.tr,,,https://agcasarortaokulu.meb.k12.tr/tema/harita.php,2026-08-31,42,42,bulundu,https://agcasarortaokulu.meb.k12.tr/,2026-10-01T18:44:07.215229+00:00,,Öğrenci Sayısı 42
Erzurum,Köprüköy,Ağcaşar İlkokulu,740375,İlkokul,https://agcasarilkokulu.meb.k12.tr,,,https://agcasarilkokulu.meb.k12.tr/tema/harita.php,2026-08-31,83,83,bulundu,https://agcasarilkokulu.meb.k12.tr/,2026-10-01T18:44:07.409062+00:00,,Öğrenci Sayısı 83
Erzurum,Köprüköy,Aşağı Kızılkale İlkokulu,706452,İlkokul,https://asagikizilkaleilkokulu.meb.k12.tr,,,https://asagikizilkaleilkokulu.meb.k12.tr/tema/harita.php,2026-08-31,,,bulunamadi,,2026-10-01T18:44:07.434067+00:00,,
Erzurum,Köprüköy,Buğdaylı Ortaokulu,708809,Ortaokul,https://bugdayliortaokulu1.meb.k12.tr,,,https://bugdayliortaokulu1.meb.k12.tr/tema/harita.php,2026-08-31,32,32,bulundu,https://bugdayliortaokulu1.meb.k12.tr/,2026-10-01T18:44:07.599524+00:00,,Öğrenci Sayısı : 32
Erzurum,Köprüköy,Buğdaylı İlkokulu,708602,İlkokul,https://bugdayliilkokulu.meb.k12.tr,,,https://bugdayliilkokulu.meb.k12.tr/tema/harita.php,2026-08-31,36,36,bulundu,https://bugdayliilkokulu.meb.k12.tr/,2026-10-01T18:44:07.647233+00:00,,Öğrenci Sayısı : 36
Erzurum,Köprüköy,Dilek İlkokulu,771871,İlkokul,https://koprukoydilekilkokulu.meb.k12.tr,,,https://koprukoydilekilkokulu.meb.k12.tr/tema/harita.php,2026-08-31,4,4,bulundu,https://koprukoydilekilkokulu.meb.k12.tr/,2026-10-01T18:44:07.664141+00:00,,Öğrenci Sayısı : 4
Erzurum,Köprüköy,Duatepe Kındagut İlkokulu,765784,İlkokul,https://duatepekindagut.meb.k12.tr,,,https://duatepekindagut.meb.k12.tr/tema/harita.php,2026-08-31,9,9,bulundu,https://duatepekindagut.meb.k12.tr/,2026-10-01T18:44:07.769356+00:00,,Öğrenci Sayısı : 9
Erzurum,Köprüköy,Duatepe İlkokulu,706497,İlkokul,https://duatepeilkokulu.meb.k12.tr,,,https://duatepeilkokulu.meb.k12.tr/tema/harita.php,2026-08-31,12,12,bulundu,https://duatepeilkokulu.meb.k12.tr/,2026-10-01T18:44:07.807629+00:00,,Öğrenci Sayısı : 12
Erzurum,Köprüköy,Dumankaya Ortaokulu,768631,Ortaokul,https://dumankayaortaokulu.meb.k12.tr,,,https://dumankayaortaokulu.meb.k12.tr/tema/harita.php,2026-08-31,22,22,bulundu,https://dumankayaortaokulu.meb.k12.tr/,2026-10-01T18:44:07.865290+00:00,,Öğrenci Sayısı : 22
Erzurum,Köprüköy,Dumankaya İlkokulu,708951,İlkokul,https://dumankayailkokulu.meb.k12.tr,,,https://dumankayailkokulu.meb.k12.tr/tema/harita.php,2026-08-31,24,24,bulundu,https://dumankayailkokulu.meb.k12.tr/,2026-10-01T18:44:08.088143+00:00,,Öğrenci Sayısı: 24
Erzurum,Köprüköy,Emreköy Ortaokulu,709036,Ortaokul,https://emrekoyortaokulu.meb.k12.tr,,,https://emrekoyortaokulu.meb.k12.tr/tema/harita.php,2026-08-31,21,21,bulundu,https://emrekoyortaokulu.meb.k12.tr/,2026-10-01T18:44:08.166235+00:00,,Öğrenci Sayısı : 21
Erzurum,Köprüköy,Emreköy İlkokulu,709014,İlkokul,https://emrekoyilkokulu.meb.k12.tr,,,https://emrekoyilkokulu.meb.k12.tr/tema/harita.php,2026-08-31,32,32,bulundu,https://emrekoyilkokulu.meb.k12.tr/,2026-10-01T18:44:08.241035+00:00,,Öğrenci Sayısı : 32
Erzurum,Köprüköy,Eyüpler İlkokulu,706570,İlkokul,https://koprukoyeyuplerilkokulu.meb.k12.tr,,,https://koprukoyeyuplerilkokulu.meb.k12.tr/tema/harita.php,2026-08-31,21,21,bulundu,https://koprukoyeyuplerilkokulu.meb.k12.tr/,2026-10-01T18:44:08.310897+00:00,,Öğrenci Sayısı: 21
Erzurum,Köprüköy,Eğirmez Ortaokulu,767950,Ortaokul,https://egirmezortaokulu.meb.k12.tr,,,https://egirmezortaokulu.meb.k12.tr/tema/harita.php,2026-08-31,,,bulunamadi,,2026-10-01T18:44:08.322869+00:00,,
Erzurum,Köprüköy,Eğirmez İlkokulu,706420,İlkokul,https://egirmezilkokulu.meb.k12.tr,,,https://egirmezilkokulu.meb.k12.tr/tema/harita.php,2026-08-31,15,15,bulundu,https://egirmezilkokulu.meb.k12.tr/,2026-10-01T18:44:08.327306+00:00,,Öğrenci Sayısı 15
Erzurum,Köprüköy,Geyikli İlkokulu,706581,İlkokul,https://geyikliilkokulu2.meb.k12.tr,,,https://geyikliilkokulu2.meb.k12.tr/tema/harita.php,2026-08-31,11,11,bulundu,https://geyikliilkokulu2.meb.k12.tr/,2026-10-01T18:44:08.332477+00:00,,Öğrenci Sayısı : 11
Erzurum,Köprüköy,Gölçayır Ortaokulu,709095,Ortaokul,https://golcayirortaokul.meb.k12.tr,,,https://golcayirortaokul.meb.k12.tr/tema/harita.php,2026-08-31,17,17,bulundu,https://golcayirortaokul.meb.k12.tr/,2026-10-01T18:44:08.361228+00:00,,Öğrenci Sayısı 17
Erzurum,Köprüköy,Gölçayır İlkokulu,709055,İlkokul,https://golcayirilkokulu.meb.k12.tr,,,https://golcayirilkokulu.meb.k12.tr/tema/harita.php,2026-08-31,28,28,bulundu,https://golcayirilkokulu.meb.k12.tr/tema/okulumuz_hakkinda.php,2026-10-01T18:44:08.434056+00:00,,Öğrenci : 28
Erzurum,Köprüköy,Güzelhisar Yusuf Zirek Ortaokulu,709147,Ortaokul,https://guzelhisaroo.meb.k12.tr,,,https://guzelhisaroo.meb.k12.tr/tema/harita.php,2026-08-31,,,bulunamadi,,2026-10-01T18:44:08.555642+00:00,,
Erzurum,Köprüköy,Güzelhisar Yusuf Zirek İlkokulu,709130,İlkokul,https://guzelhisario.meb.k12.tr,,,https://guzelhisario.meb.k12.tr/tema/harita.php,2026-08-31,96,96,bulundu,https://guzelhisario.meb.k12.tr/,2026-10-01T18:44:08.624345+00:00,,Öğrenci Sayısı 96
Erzurum,Köprüköy,Ilıcasu İlkokulu,709170,İlkokul,https://ilicasuilkokulu.meb.k12.tr,,,https://ilicasuilkokulu.meb.k12.tr/tema/harita.php,2026-08-31,16,16,bulundu,https://ilicasuilkokulu.meb.k12.tr/,2026-10-01T18:44:08.829727+00:00,,Öğrenci Sayısı : 16
Erzurum,Köprüköy,Karataşlar İlkokulu,706588,İlkokul,https://karataslarilkokulu.meb.k12.tr,,,https://karataslarilkokulu.meb.k12.tr/tema/harita.php,2026-08-31,19,19,bulundu,https://karataslarilkokulu.meb.k12.tr/,2026-10-01T18:44:08.869191+00:00,,Öğrenci Sayısı: 19
Erzurum,Köprüköy,Kayabaşı Karapınar İlkokulu,706595,İlkokul,https://kayabasikarapinar.meb.k12.tr,,,https://kayabasikarapinar.meb.k12.tr/tema/harita.php,2026-08-31,9,9,bulundu,https://kayabasikarapinar.meb.k12.tr/,2026-10-01T18:44:08.874416+00:00,,Öğrenci Sayısı : 9
Erzurum,Köprüköy,Kayabaşı Ortaokulu,709256,Ortaokul,https://kayabasiokulu.meb.k12.tr,,,https://kayabasiokulu.meb.k12.tr/tema/harita.php,2026-08-31,40,40,bulundu,https://kayabasiokulu.meb.k12.tr/,2026-10-01T18:44:08.927214+00:00,,Öğrenci Sayısı : 40
Erzurum,Köprüköy,Kayabaşı İlkokulu,709231,İlkokul,https://kayabasiilkortaokulu.meb.k12.tr,,,https://kayabasiilkortaokulu.meb.k12.tr/tema/harita.php,2026-08-31,73,73,bulundu,https://kayabasiilkortaokulu.meb.k12.tr/,2026-10-01T18:44:08.977388+00:00,,Öğrenci Sayısı : 73
Erzurum,Köprüköy,Köprüköy Anadolu Lisesi,965937,Anadolu Lisesi,https://koprukoyanadolulisesi.meb.k12.tr,,,https://koprukoyanadolulisesi.meb.k12.tr/tema/harita.php,2026-08-31,243,243,bulundu,https://koprukoyanadolulisesi.meb.k12.tr/,2026-10-01T18:44:09.017588+00:00,,Öğrenci Sayısı 243
Erzurum,Köprüköy,Köprüköy Halk Eğitimi Merkezi,277745,Halk Eğitimi Merkezi,https://koprukoyhem.meb.k12.tr,,,https://koprukoyhem.meb.k12.tr/tema/harita.php,2026-08-31,,,bulunamadi,,2026-10-01T18:44:09.067290+00:00,,
Erzurum,Köprüköy,Köprüköy Yağan Çok Programlı Anadolu Lisesi,352856,Çok Programlı Anadolu Lisesi,https://yaganlisesi.meb.k12.tr,,,https://yaganlisesi.meb.k12.tr/tema/harita.php,2026-08-31,223,223,bulundu,https://yaganlisesi.meb.k12.tr/,2026-10-01T18:44:09.078064+00:00,,Öğrenci Sayısı 223
Erzurum,Köprüköy,Köprüköy İmam Hatip Ortaokulu,752635,İmam Hatip Ortaokulu,https://koprukoyimamhatip.meb.k12.tr,,,https://koprukoyimamhatip.meb.k12.tr/tema/harita.php,2026-08-31,164,164,bulundu,https://koprukoyimamhatip.meb.k12.tr/,2026-10-01T18:44:09.080517+00:00,,Öğrenci Sayısı 164
Erzurum,Köprüköy,Kıyıkonak İlkokulu,709284,İlkokul,https://kiyikonakilkokulu.meb.k12.tr,,,https://kiyikonakilkokulu.meb.k12.tr/tema/harita.php,2026-08-31,11,11,bulundu,https://kiyikonakilkokulu.meb.k12.tr/,2026-10-01T18:44:09.108485+00:00,,Öğrenci Sayısı : 11
Erzurum,Köprüköy,Marifet İlkokulu,706610,İlkokul,https://marifetilkokulu.meb.k12.tr,,,https://marifetilkokulu.meb.k12.tr/tema/harita.php,2026-08-31,29,29,bulundu,https://marifetilkokulu.meb.k12.tr/,2026-10-01T18:44:09.221431+00:00,,Öğrenci Sayısı: 29
Erzurum,Köprüköy,Mescitli İlkokulu,706705,İlkokul,https://koprukoymescitliilkokulu.meb.k12.tr,,,https://koprukoymescitliilkokulu.meb.k12.tr/tema/harita.php,2026-08-31,17,17,bulundu,https://koprukoymescitliilkokulu.meb.k12.tr/,2026-10-01T18:44:09.228054+00:00,,Öğrenci Sayısı 17
Erzurum,Köprüköy,Ortaklar İlkokulu,706615,İlkokul,https://ortaklarilkokulu.meb.k12.tr,,,https://ortaklarilkokulu.meb.k12.tr/tema/harita.php,2026-08-31,28,28,bulundu,https://ortaklarilkokulu.meb.k12.tr/,2026-10-01T18:44:09.248748+00:00,,Öğrenci Sayısı 28
Erzurum,Köprüköy,Pekecik İlkokulu,774767,İlkokul,https://pekecikilkokulu.meb.k12.tr,,,https://pekecikilkokulu.meb.k12.tr/tema/harita.php,2026-08-31,5,5,bulundu,https://pekecikilkokulu.meb.k12.tr/,2026-10-01T18:44:09.328205+00:00,,Öğrenci Sayısı : 5
Erzurum,Köprüköy,Sarıtaş İlkokulu,706636,İlkokul,https://saritasilkokulu.meb.k12.tr,,,https://saritasilkokulu.meb.k12.tr/tema/harita.php,2026-08-31,29,29,bulundu,https://saritasilkokulu.meb.k12.tr/,2026-10-01T18:44:09.395065+00:00,,Öğrenci Sayısı 29
Erzurum,Köprüköy,Soğuksu Ortaokulu,775630,Ortaokul,https://koprukoysoguksuortaokulu.meb.k12.tr,,,https://koprukoysoguksuortaokulu.meb.k12.tr/tema/harita.php,2026-08-31,29,29,bulundu,https://koprukoysoguksuortaokulu.meb.k12.tr/,2026-10-01T18:44:09.644788+00:00,,Öğrenci Sayısı 29
Erzurum,Köprüköy,Soğuksu İlkokulu,706642,İlkokul,https://koprukoysoguksuilkokulu.meb.k12.tr,,,https://koprukoysoguksuilkokulu.meb.k12.tr/tema/harita.php,2026-08-31,34,34,bulundu,https://koprukoysoguksuilkokulu.meb.k12.tr/,2026-10-01T18:44:09.782246+00:00,,Öğrenci Sayısı 34
Erzurum,Köprüköy,Topçu Mustafa Bağcı İlkokulu,706653,İlkokul,https://topcumustafabagciilkokulu.meb.k12.tr,,,https://topcumustafabagciilkokulu.meb.k12.tr/tema/harita.php,2026-08-31,,,bulunamadi,,2026-10-01T18:44:09.885046+00:00,,
Erzurum,Köprüköy,Yapağılı İlkokulu,774627,İlkokul,https://yapagiliilkokulu.meb.k12.tr,,,https://yapagiliilkokulu.meb.k12.tr/tema/harita.php,2026-08-31,5,5,bulundu,https://yapagiliilkokulu.meb.k12.tr/,2026-10-01T18:44:09.904893+00:00,,Öğrenci Sayısı : 5
Erzurum,Köprüköy,Yağan Cumhuriyet Ortaokulu,708346,Ortaokul,https://yagancumhuriyetortaokulu.meb.k12.tr,,,https://yagancumhuriyetortaokulu.meb.k12.tr/tema/harita.php,2026-08-31,,,bulunamadi,,2026-10-01T18:44:09.929830+00:00,,
Erzurum,Köprüköy,Yağan Cumhuriyet İlkokulu,740380,İlkokul,https://yagancumhuriyetilkokulu.meb.k12.tr,,,https://yagancumhuriyetilkokulu.meb.k12.tr/tema/harita.php,2026-08-31,,,bulunamadi,,2026-10-01T18:44:09.992099+00:00,,
Erzurum,Köprüköy,Yağanbaba İmam Hatip Ortaokulu,762512,İmam Hatip Ortaokulu,https://yaganbabaiho.meb.k12.tr,,,https://yaganbabaiho.meb.k12.tr/tema/harita.php,2026-08-31,,,bulunamadi,,2026-10-01T18:44:09.996870+00:00,,
Erzurum,Köprüköy,Yukarı Kızılca İlkokulu,706685,İlkokul,https://koprukoyyukarikizilcailkokulu.meb.k12.tr,,,https://koprukoyyukarikizilcailkokulu.meb.k12.tr/tema/harita.php,2026-08-31,,,bulunamadi,,2026-10-01T18:44:10.156225+00:00,,
Erzurum,Köprüköy,Yılanlı İlkokulu,706674,İlkokul,https://yilanlilkokulu.meb.k12.tr,,,https://yilanlilkokulu.meb.k12.tr/tema/harita.php,2026-08-31,12,12,bulundu,https://yilanlilkokulu.meb.k12.tr/,2026-10-01T18:44:10.422249+00:00,,Öğrenci Sayısı: 12
Erzurum,Köprüköy,Çobandede İlkokulu,748924,İlkokul,https://cobandedeilkokulu.meb.k12.tr,,,https://cobandedeilkokulu.meb.k12.tr/tema/harita.php,2026-08-31,104,104,bulundu,https://cobandedeilkokulu.meb.k12.tr/,2026-10-01T18:44:10.445644+00:00,,Öğrenci Sayısı 104
Erzurum,Köprüköy,Çocuklar Gülsün Diye Murat Osanmaz Anaokulu,973498,Anaokulu,https://cgdmuratosanmazanaokulu.meb.k12.tr,,,https://cgdmuratosanmazanaokulu.meb.k12.tr/tema/harita.php,2026-08-31,36,36,bulundu,https://cgdmuratosanmazanaokulu.meb.k12.tr/,2026-10-01T18:44:10.470042+00:00,,Öğrenci Sayısı: 36
Erzurum,Köprüköy,Çullu Ortaokulu,708910,Ortaokul,https://koprukoyculluortaokulu.meb.k12.tr,,,https://koprukoyculluortaokulu.meb.k12.tr/tema/harita.php,2026-08-31,56,56,bulundu,https://koprukoyculluortaokulu.meb.k12.tr/,2026-10-01T18:44:10.536291+00:00,,Öğrenci Sayısı 56
Erzurum,Köprüköy,Çullu İlkokulu,708887,İlkokul,https://culluilkokulu.meb.k12.tr,,,https://culluilkokulu.meb.k12.tr/tema/harita.php,2026-08-31,67,67,bulundu,https://culluilkokulu.meb.k12.tr/,2026-10-01T18:44:10.544479+00:00,,Öğrenci Sayısı: 67
Erzurum,Narman,18 Mart Ortaokulu,708122,Ortaokul,https://18martortaokulu.meb.k12.tr,,,https://18martortaokulu.meb.k12.tr/tema/harita.php,2026-08-31,260,260,bulundu,https://18martortaokulu.meb.k12.tr/,2026-10-01T18:44:10.569822+00:00,,Öğrenci Sayısı 260
Erzurum,Narman,18 Mart İlkokulu,708036,İlkokul,https://18martilkokulu.meb.k12.tr,,,https://18martilkokulu.meb.k12.tr/tema/harita.php,2026-08-31,216,216,bulundu,https://18martilkokulu.meb.k12.tr/tema/okulumuz_hakkinda.php,2026-10-01T18:44:10.639676+00:00,,Öğrenci : 216
Erzurum,Narman,Araköy Depremevleri İlkokulu,771819,İlkokul,https://arakoydepremevleriilkokulu.meb.k12.tr,,,https://arakoydepremevleriilkokulu.meb.k12.tr/tema/harita.php,2026-08-31,15,15,bulundu,https://arakoydepremevleriilkokulu.meb.k12.tr/,2026-10-01T18:44:10.655242+00:00,,Öğrenci Sayısı: 15
Erzurum,Narman,Aşık Sümmani İlkokulu,499944,İlkokul,https://asiksummani.meb.k12.tr,,,https://asiksummani.meb.k12.tr/tema/harita.php,2026-08-31,100,100,bulundu,https://asiksummani.meb.k12.tr/,2026-10-01T18:44:10.729964+00:00,,Öğrenci Sayısı: 100
Erzurum,Narman,Başkale İlkokulu,708439,İlkokul,https://baskaleilkokulu.meb.k12.tr,,,https://baskaleilkokulu.meb.k12.tr/tema/harita.php,2026-08-31,20,20,bulundu,https://baskaleilkokulu.meb.k12.tr/,2026-10-01T18:44:11.119258+00:00,,Öğrenci Sayısı: 20
Erzurum,Narman,Buğakale İlkokulu,976523,İlkokul,https://bugakaleilkokulu.meb.k12.tr,,,https://bugakaleilkokulu.meb.k12.tr/tema/harita.php,2026-08-31,8,8,bulundu,https://bugakaleilkokulu.meb.k12.tr/,2026-10-01T18:44:11.294379+00:00,,Öğrenci Sayısı 8
Erzurum,Narman,Ergazi İlkokulu,708789,İlkokul,https://ergazio.meb.k12.tr,,,https://ergazio.meb.k12.tr/tema/harita.php,2026-08-31,8,8,bulundu,https://ergazio.meb.k12.tr/,2026-10-01T18:44:11.332874+00:00,,Öğrenci Sayısı: 8
Erzurum,Narman,Göllü İlkokulu,708392,İlkokul,https://golluilkokulu.meb.k12.tr,,,https://golluilkokulu.meb.k12.tr/tema/harita.php,2026-08-31,20,20,bulundu,https://golluilkokulu.meb.k12.tr/,2026-10-01T18:44:11.338445+00:00,,Öğrenci Sayısı: 20
Erzurum,Narman,Güvenlik İlkokulu,708838,İlkokul,https://guvenlik.meb.k12.tr,,,https://guvenlik.meb.k12.tr/tema/harita.php,2026-08-31,15,15,bulundu,https://guvenlik.meb.k12.tr/,2026-10-01T18:44:11.386798+00:00,,Öğrenci Sayısı: 15
Erzurum,Narman,Hüsamettin Yavuz İlkokulu,708268,İlkokul,https://husamettinyavuzilkokulu.meb.k12.tr,,,https://husamettinyavuzilkokulu.meb.k12.tr/tema/harita.php,2026-08-31,36,36,bulundu,https://husamettinyavuzilkokulu.meb.k12.tr/tema/okulumuz_hakkinda.php,2026-10-01T18:44:11.437162+00:00,,Öğrenci : 36
Erzurum,Narman,Koyunören İlkokulu,772051,İlkokul,https://koyunorenilkokulu.meb.k12.tr,,,https://koyunorenilkokulu.meb.k12.tr/tema/harita.php,2026-08-31,7,7,bulundu,https://koyunorenilkokulu.meb.k12.tr/,2026-10-01T18:44:11.507154+00:00,,Öğrenci Sayısı: 7
Erzurum,Narman,Koçkaya Ortaokulu,708313,Ortaokul,https://kockayaortaokulu.meb.k12.tr,,,https://kockayaortaokulu.meb.k12.tr/tema/harita.php,2026-08-31,25,25,bulundu,https://kockayaortaokulu.meb.k12.tr/,2026-10-01T18:44:11.615035+00:00,,Öğrenci Sayısı 25
Erzurum,Narman,Kışlaköy Tepe Mahallesi İlkokulu,708880,İlkokul,https://narmankislatepeio.meb.k12.tr,,,https://narmankislatepeio.meb.k12.tr/tema/harita.php,2026-08-31,8,8,bulundu,https://narmankislatepeio.meb.k12.tr/,2026-10-01T18:44:11.734353+00:00,,Öğrenci Sayısı 8
Erzurum,Narman,Kışlaköy İlkokulu,879484,İlkokul,https://kislakoyio.meb.k12.tr,,,https://kislakoyio.meb.k12.tr/tema/harita.php,2026-08-31,19,19,bulundu,https://kislakoyio.meb.k12.tr/,2026-10-01T18:44:11.872610+00:00,,Öğrenci Sayısı: 19
Erzurum,Narman,Mercimekli İlkokulu,887667,İlkokul,https://mercimekliilkokulu.meb.k12.tr,,,https://mercimekliilkokulu.meb.k12.tr/tema/harita.php,2026-08-31,1,1,bulundu,https://mercimekliilkokulu.meb.k12.tr/,2026-10-01T18:44:11.936898+00:00,,Öğrenci Sayısı: 1
Erzurum,Narman,Narman Anadolu Lisesi,147090,Anadolu Lisesi,https://narmananadolulisesi.meb.k12.tr,,,https://narmananadolulisesi.meb.k12.tr/tema/harita.php,2026-08-31,208,208,bulundu,https://narmananadolulisesi.meb.k12.tr/tema/okulumuz_hakkinda.php,2026-10-01T18:44:11.949910+00:00,,Öğrenci : 208
Erzurum,Narman,Narman Anadolu İmam Hatip Lisesi,752639,Anadolu İmam Hatip Lisesi,https://narmanimamhatiplisesi.meb.k12.tr,,,https://narmanimamhatiplisesi.meb.k12.tr/tema/harita.php,2026-08-31,30,30,bulundu,https://narmanimamhatiplisesi.meb.k12.tr/,2026-10-01T18:44:11.955189+00:00,,Öğrenci Sayısı : 30
Erzurum,Narman,Narman Anaokulu,964998,Anaokulu,https://narmananaokulu.meb.k12.tr,,,https://narmananaokulu.meb.k12.tr/tema/harita.php,2026-08-31,72,72,bulundu,https://narmananaokulu.meb.k12.tr/,2026-10-01T18:44:12.021778+00:00,,Öğrenci Sayısı: 72
Erzurum,Narman,Narman Halk Eğitimi Merkezi,147100,Halk Eğitimi Merkezi,https://narmanhem.meb.k12.tr,,,https://narmanhem.meb.k12.tr/tema/harita.php,2026-08-31,,,bulunamadi,,2026-10-01T18:44:12.047354+00:00,,
Erzurum,Narman,Narman Ticaret Mesleki ve Teknik Anadolu Lisesi,346527,Mesleki ve Teknik Anadolu Lisesi,https://narmanticaret.meb.k12.tr,,,https://narmanticaret.meb.k12.tr/tema/harita.php,2026-08-31,69,69,bulundu,https://narmanticaret.meb.k12.tr/tema/okulumuz_hakkinda.php,2026-10-01T18:44:12.087810+00:00,,Öğrenci : 69
Erzurum,Narman,Narman Öğretmenevi ve Akşam Sanat Okulu,971146,Öğretmenevi,https://narmanogretmenevi.meb.k12.tr,,,https://narmanogretmenevi.meb.k12.tr/tema/harita.php,2026-08-31,,,bulunamadi,,2026-10-01T18:44:12.114020+00:00,,
Erzurum,Narman,Narman İmam Hatip Ortaokulu,750408,İmam Hatip Ortaokulu,https://nihoo.meb.k12.tr,,,https://nihoo.meb.k12.tr/tema/harita.php,2026-08-31,42,42,bulundu,https://nihoo.meb.k12.tr/tema/okulumuz_hakkinda.php,2026-10-01T18:44:12.178793+00:00,,Öğrenci : 42
Erzurum,Narman,Narman Şehit Astsubay Çavuş Soner Özübek Yatılı Bölge Ortaokulu,747175,Ortaokul,https://narmanybo.meb.k12.tr,,,https://narmanybo.meb.k12.tr/tema/harita.php,2026-08-31,89,89,bulundu,https://narmanybo.meb.k12.tr/,2026-10-01T18:44:12.470410+00:00,,Öğrenci Sayısı 89
Erzurum,Narman,Otlutepe İlkokulu,765835,İlkokul,https://otlutepeilkokulu.meb.k12.tr,,,https://otlutepeilkokulu.meb.k12.tr/tema/harita.php,2026-08-31,6,6,bulundu,https://otlutepeilkokulu.meb.k12.tr/,2026-10-01T18:44:12.510869+00:00,,Öğrenci Sayısı: 6
Erzurum,Narman,Salih Zeki Dilek Ortaokulu,977008,Ortaokul,https://szdilekortaokulu.meb.k12.tr,,,https://szdilekortaokulu.meb.k12.tr/tema/harita.php,2026-08-31,105,105,bulundu,https://szdilekortaokulu.meb.k12.tr/,2026-10-01T18:44:12.532501+00:00,,Öğrenci Sayısı : 105
Erzurum,Narman,Serinsu İlkokulu,708970,İlkokul,https://serinsuilkokulu.meb.k12.tr,,,https://serinsuilkokulu.meb.k12.tr/tema/harita.php,2026-08-31,4,4,bulundu,https://serinsuilkokulu.meb.k12.tr/,2026-10-01T18:44:12.589942+00:00,,Öğrenci Sayısı: 4
Erzurum,Narman,Sütpınar İlkokulu,976714,İlkokul,https://sutpinarilkokulu.meb.k12.tr,,,https://sutpinarilkokulu.meb.k12.tr/tema/harita.php,2026-08-31,20,20,bulundu,https://sutpinarilkokulu.meb.k12.tr/,2026-10-01T18:44:12.634161+00:00,,Öğrenci Sayısı: 20
Erzurum,Narman,Taşburun İlkokulu,709025,İlkokul,https://tasburunnilkokulu.meb.k12.tr,,,https://tasburunnilkokulu.meb.k12.tr/tema/harita.php,2026-08-31,,,bulunamadi,,2026-10-01T18:44:12.689470+00:00,,
Erzurum,Narman,Toygarlı İlkokulu,774770,İlkokul,https://toygarliilkokulu.meb.k12.tr,,,https://toygarliilkokulu.meb.k12.tr/tema/harita.php,2026-08-31,0,0,bulundu,https://toygarliilkokulu.meb.k12.tr/,2026-10-01T18:44:12.770260+00:00,,Öğrenci Sayısı: 0
Erzurum,Narman,Yanıktaş İlkokulu,774769,İlkokul,https://yaniktasilkokulu.meb.k12.tr,,,https://yaniktasilkokulu.meb.k12.tr/tema/harita.php,2026-08-31,,,bulunamadi,,2026-10-01T18:44:12.811355+00:00,,
Erzurum,Narman,Çamlıyayla İlkokulu,773687,İlkokul,https://camliyaylailkokulu.meb.k12.tr,,,https://camliyaylailkokulu.meb.k12.tr/tema/harita.php,2026-08-31,,,bulunamadi,,2026-10-01T18:44:12.846817+00:00,,
Erzurum,Narman,Şehit Fırat Bulut Mesleki ve Teknik Anadolu Lisesi,962956,Mesleki ve Teknik Anadolu Lisesi,https://narmananadolusml.meb.k12.tr,,,https://narmananadolusml.meb.k12.tr/tema/harita.php,2026-08-31,113,113,bulundu,https://narmananadolusml.meb.k12.tr/,2026-10-01T18:44:12.976306+00:00,,Öğrenci Sayısı 113
Erzurum,Narman,Şehitler İlkokulu,709012,İlkokul,https://narmansehitlerilkokulu.meb.k12.tr,,,https://narmansehitlerilkokulu.meb.k12.tr/tema/harita.php,2026-08-31,4,4,bulundu,https://narmansehitlerilkokulu.meb.k12.tr/,2026-10-01T18:44:13.160283+00:00,,Öğrenci Sayısı 4
Erzurum,Narman,Şekerli Ortaokulu,708376,Ortaokul,https://narmansekerliortaokulu.meb.k12.tr,,,https://narmansekerliortaokulu.meb.k12.tr/tema/harita.php,2026-08-31,34,34,bulundu,https://narmansekerliortaokulu.meb.k12.tr/,2026-10-01T18:44:13.494785+00:00,,Öğrenci Sayısı : 34
Erzurum,Narman,Şekerli İlkokulu,708345,İlkokul,https://narmansekerliilkokulu.meb.k12.tr,,,https://narmansekerliilkokulu.meb.k12.tr/tema/harita.php,2026-08-31,32,32,bulundu,https://narmansekerliilkokulu.meb.k12.tr/,2026-10-01T18:44:13.533625+00:00,,Öğrenci Sayısı: 32
Erzurum,Oltu,25 Mart İlkokulu,711796,İlkokul,https://oltu25martilkokulu.meb.k12.tr,,,https://oltu25martilkokulu.meb.k12.tr/tema/harita.php,2026-08-31,77,77,bulundu,https://oltu25martilkokulu.meb.k12.tr/,2026-10-01T18:44:13.553444+00:00,,Öğrenci Sayısı : 77
Erzurum,Oltu,Atatürk İlkokulu,711860,İlkokul,https://oltuataturkilkokulu.meb.k12.tr,,,https://oltuataturkilkokulu.meb.k12.tr/tema/harita.php,2026-08-31,177,177,bulundu,https://oltuataturkilkokulu.meb.k12.tr/,2026-10-01T18:44:13.558490+00:00,,Öğrenci Sayısı 177
Erzurum,Oltu,Ayvalı Ortaokulu,711905,Ortaokul,https://oltuayvaliortaokulu.meb.k12.tr,,,https://oltuayvaliortaokulu.meb.k12.tr/tema/harita.php,2026-08-31,54,54,bulundu,https://oltuayvaliortaokulu.meb.k12.tr/,2026-10-01T18:44:13.602747+00:00,,Öğrenci Sayısı 54
Erzurum,Oltu,Ayvalı İlkokulu,711903,İlkokul,https://oltuayvaliilkokulu.meb.k12.tr,,,https://oltuayvaliilkokulu.meb.k12.tr/tema/harita.php,2026-08-31,50,50,bulundu,https://oltuayvaliilkokulu.meb.k12.tr/,2026-10-01T18:44:13.623261+00:00,,Öğrenci Sayısı 50
Erzurum,Oltu,Borsa İstanbul Yatılı Bölge Ortaokulu,747961,Ortaokul,https://oltubistybo.meb.k12.tr,,,https://oltubistybo.meb.k12.tr/tema/harita.php,2026-08-31,66,66,bulundu,https://oltubistybo.meb.k12.tr/,2026-10-01T18:44:13.743123+00:00,,Öğrenci Sayısı : 66
Erzurum,Oltu,Cumhuriyet Ortaokulu,711870,Ortaokul,https://oltucumhuriyetortaokulu.meb.k12.tr,,,https://oltucumhuriyetortaokulu.meb.k12.tr/tema/harita.php,2026-08-31,250,250,bulundu,https://oltucumhuriyetortaokulu.meb.k12.tr/,2026-10-01T18:44:14.069279+00:00,,Öğrenci Sayısı : 250
Erzurum,Oltu,Fatih İlkokulu,752297,İlkokul,https://oltufatihilkokulu.meb.k12.tr,,,https://oltufatihilkokulu.meb.k12.tr/tema/harita.php,2026-08-31,7,7,bulundu,https://oltufatihilkokulu.meb.k12.tr/,2026-10-01T18:44:14.072852+00:00,,Öğrenci Sayısı: 7
Erzurum,Oltu,Gökçedere Ortaokulu,711902,Ortaokul,https://gokcedere.meb.k12.tr,,,https://gokcedere.meb.k12.tr/tema/harita.php,2026-08-31,11,11,bulundu,https://gokcedere.meb.k12.tr/,2026-10-01T18:44:14.146293+00:00,,Öğrenci Sayısı : 11
Erzurum,Oltu,Gökçedere İlkokulu,711898,İlkokul,https://oltugokcedereilkokulu.meb.k12.tr,,,https://oltugokcedereilkokulu.meb.k12.tr/tema/harita.php,2026-08-31,11,11,bulundu,https://oltugokcedereilkokulu.meb.k12.tr/,2026-10-01T18:44:14.267092+00:00,,Öğrenci Sayısı 11
Erzurum,Oltu,Hattat Hasan Çelebi İmam Hatip Ortaokulu,761768,İmam Hatip Ortaokulu,https://hattathasancelebiiho.meb.k12.tr,,,https://hattathasancelebiiho.meb.k12.tr/tema/harita.php,2026-08-31,290,290,bulundu,https://hattathasancelebiiho.meb.k12.tr/,2026-10-01T18:44:14.299930+00:00,,Öğrenci Sayısı : 290
Erzurum,Oltu,Karabekir Ortaokulu,711912,Ortaokul,https://oltukarabekirortaokulu.meb.k12.tr,,,https://oltukarabekirortaokulu.meb.k12.tr/tema/harita.php,2026-08-31,296,296,bulundu,https://oltukarabekirortaokulu.meb.k12.tr/,2026-10-01T18:44:14.456640+00:00,,Öğrenci Sayısı : 296
Erzurum,Oltu,Karabekir İlkokulu,711908,İlkokul,https://karabekirilkokulu.meb.k12.tr,,,https://karabekirilkokulu.meb.k12.tr/tema/harita.php,2026-08-31,340,340,bulundu,https://karabekirilkokulu.meb.k12.tr/,2026-10-01T18:44:14.543854+00:00,,Öğrenci Sayısı 340
Erzurum,Oltu,Küçük Orcuk Ortaokulu,711896,Ortaokul,https://kucukorcukortaokulu.meb.k12.tr,,,https://kucukorcukortaokulu.meb.k12.tr/tema/harita.php,2026-08-31,12,12,bulundu,https://kucukorcukortaokulu.meb.k12.tr/,2026-10-01T18:44:14.754428+00:00,,Öğrenci Sayısı : 12
Erzurum,Oltu,Küçük Orcuk İlkokulu,711894,İlkokul,https://kucukorcukilkokulu.meb.k12.tr,,,https://kucukorcukilkokulu.meb.k12.tr/tema/harita.php,2026-08-31,10,10,bulundu,https://kucukorcukilkokulu.meb.k12.tr/,2026-10-01T18:44:14.857953+00:00,,Öğrenci Sayısı: 10
Erzurum,Oltu,Mehmet Akif Ersoy Ortaokulu,711893,Ortaokul,https://oltumehmetakif.meb.k12.tr,,,https://oltumehmetakif.meb.k12.tr/tema/harita.php,2026-08-31,554,554,bulundu,https://oltumehmetakif.meb.k12.tr/,2026-10-01T18:44:14.990163+00:00,,Öğrenci Sayısı 554
Erzurum,Oltu,Mehmet Akif Ersoy İlkokulu,766005,İlkokul,https://oltumehmetakifilkokulu.meb.k12.tr,,,https://oltumehmetakifilkokulu.meb.k12.tr/tema/harita.php,2026-08-31,500,500,bulundu,https://oltumehmetakifilkokulu.meb.k12.tr/,2026-10-01T18:44:15.074467+00:00,,Öğrenci Sayısı : 500
Erzurum,Oltu,Oltu Anadolu Lisesi,352807,Anadolu Lisesi,https://oltuanadolulisesi.meb.k12.tr,,,https://oltuanadolulisesi.meb.k12.tr/tema/harita.php,2026-08-31,409,409,bulundu,https://oltuanadolulisesi.meb.k12.tr/,2026-10-01T18:44:15.085578+00:00,,Öğrenci Sayısı 409
Erzurum,Oltu,Oltu Anadolu İmam Hatip Lisesi,147207,Anadolu İmam Hatip Lisesi,https://oltuaihl.meb.k12.tr,,,https://oltuaihl.meb.k12.tr/tema/harita.php,2026-08-31,151,151,bulundu,https://oltuaihl.meb.k12.tr/,2026-10-01T18:44:15.190428+00:00,,Öğrenci Sayısı : 151
Erzurum,Oltu,Oltu Anaokulu,958597,Anaokulu,https://oltuanaokulu.meb.k12.tr,,,https://oltuanaokulu.meb.k12.tr/tema/harita.php,2026-08-31,89,89,bulundu,https://oltuanaokulu.meb.k12.tr/,2026-10-01T18:44:15.212609+00:00,,Öğrenci Sayısı 89
Erzurum,Oltu,Oltu Bilim ve Sanat Merkezi,769403,Bilim ve Sanat Merkezi,https://oltubilsem.meb.k12.tr,,,https://oltubilsem.meb.k12.tr/tema/harita.php,2026-08-31,20,20,bulundu,https://oltubilsem.meb.k12.tr/,2026-10-01T18:44:15.430125+00:00,,Öğrenci Sayısı 20
Erzurum,Oltu,Oltu Fen Lisesi,963689,Fen Lisesi,https://oltufenlisesi.meb.k12.tr,,,https://oltufenlisesi.meb.k12.tr/tema/harita.php,2026-08-31,349,349,bulundu,https://oltufenlisesi.meb.k12.tr/,2026-10-01T18:44:15.517640+00:00,,Öğrenci Sayısı 349
Erzurum,Oltu,Oltu Halk Eğitimi Merkezi,147219,Halk Eğitimi Merkezi,https://oltuhem.meb.k12.tr,,,https://oltuhem.meb.k12.tr/tema/harita.php,2026-08-31,,,bulunamadi,,2026-10-01T18:44:15.583494+00:00,,
Erzurum,Oltu,Oltu Kız Anadolu İmam Hatip Lisesi,147173,Anadolu İmam Hatip Lisesi,https://oltukizihl.meb.k12.tr,,,https://oltukizihl.meb.k12.tr/tema/harita.php,2026-08-31,195,195,bulundu,https://oltukizihl.meb.k12.tr/,2026-10-01T18:44:15.598452+00:00,,Öğrenci Sayısı : 195
Erzurum,Oltu,Oltu Mesleki Eğitim Merkezi,278045,Mesleki Eğitim Merkezi,https://oltumem.meb.k12.tr,,,https://oltumem.meb.k12.tr/tema/harita.php,2026-08-31,213,213,bulundu,https://oltumem.meb.k12.tr/,2026-10-01T18:44:15.641941+00:00,,Öğrenci Sayısı 213
Erzurum,Oltu,Oltu Mesleki ve Teknik Anadolu Lisesi,147185,Mesleki ve Teknik Anadolu Lisesi,https://oltumtal.meb.k12.tr,,,https://oltumtal.meb.k12.tr/tema/harita.php,2026-08-31,166,166,bulundu,https://oltumtal.meb.k12.tr/,2026-10-01T18:44:15.648497+00:00,,Öğrenci Sayısı 166
Erzurum,Oltu,Oltu Nenehatun Kız Mesleki ve Teknik Anadolu Lisesi,869639,Mesleki ve Teknik Anadolu Lisesi,https://oltunenehatunmtal.meb.k12.tr,,,https://oltunenehatunmtal.meb.k12.tr/tema/harita.php,2026-08-31,248,248,bulundu,https://oltunenehatunmtal.meb.k12.tr/,2026-10-01T18:44:15.691416+00:00,,Öğrenci Sayısı : 248
Erzurum,Oltu,Oltu Ortaokulu,711958,Ortaokul,https://oltuortaokulu.meb.k12.tr,,,https://oltuortaokulu.meb.k12.tr/tema/harita.php,2026-08-31,104,104,bulundu,https://oltuortaokulu.meb.k12.tr/,2026-10-01T18:44:15.697988+00:00,,Öğrenci Sayısı : 104
Erzurum,Oltu,Oltu Öğretmenevi ve Akşam Sanat Okulu,971147,Öğretmenevi,https://oltuogretmenevi.meb.k12.tr,,,https://oltuogretmenevi.meb.k12.tr/tema/harita.php,2026-08-31,,,bulunamadi,,2026-10-01T18:44:15.703649+00:00,,
Erzurum,Oltu,Oltu İbn-i Sina Mesleki ve Teknik Anadolu Lisesi,962962,Mesleki ve Teknik Anadolu Lisesi,https://oltuibnisina.meb.k12.tr,,,https://oltuibnisina.meb.k12.tr/tema/harita.php,2026-08-31,163,163,bulundu,https://oltuibnisina.meb.k12.tr/,2026-10-01T18:44:15.832189+00:00,,Öğrenci Sayısı : 163
Erzurum,Oltu,Vilayetler Birliği Nene Hatun Anaokulu,973231,Anaokulu,https://oltunenehatunanaokulu.meb.k12.tr,,,https://oltunenehatunanaokulu.meb.k12.tr/tema/harita.php,2026-08-31,115,115,bulundu,https://oltunenehatunanaokulu.meb.k12.tr/,2026-10-01T18:44:16.170281+00:00,,Öğrenci Sayısı: 115
Erzurum,Oltu,Yasin Haşimoğlu İlkokulu,711874,İlkokul,https://oltuyhi.meb.k12.tr,,,https://oltuyhi.meb.k12.tr/tema/harita.php,2026-08-31,300,300,bulundu,https://oltuyhi.meb.k12.tr/,2026-10-01T18:44:16.202025+00:00,,Öğrenci Sayısı 300
Erzurum,Oltu,Yusuf Ziya Bey Anadolu Lisesi,973770,Anadolu Lisesi,https://yusufziyabeyanadolulisesi.meb.k12.tr,,,https://yusufziyabeyanadolulisesi.meb.k12.tr/tema/harita.php,2026-08-31,160,160,bulundu,https://yusufziyabeyanadolulisesi.meb.k12.tr/,2026-10-01T18:44:16.228452+00:00,,Öğrenci Sayısı : 160
Erzurum,Oltu,Ünlükaya İlkokulu,771386,İlkokul,https://unlukayailkokulu.meb.k12.tr,,,https://unlukayailkokulu.meb.k12.tr/tema/harita.php,2026-08-31,8,8,bulundu,https://unlukayailkokulu.meb.k12.tr/,2026-10-01T18:44:16.293867+00:00,,Öğrenci Sayısı 8
Erzurum,Oltu,ŞEHIT LOKMAN KILIÇ İLKOKULU,766732,İlkokul,https://sehitlokmankilicilkokulu.meb.k12.tr,,,https://sehitlokmankilicilkokulu.meb.k12.tr/tema/harita.php,2026-08-31,3,3,bulundu,https://sehitlokmankilicilkokulu.meb.k12.tr/,2026-10-01T18:44:16.326363+00:00,,Öğrenci Sayısı 3
Erzurum,Oltu,Şehitler İlkokulu,749332,İlkokul,https://oltusehitlerilkokulu.meb.k12.tr,,,https://oltusehitlerilkokulu.meb.k12.tr/tema/harita.php,2026-08-31,174,174,bulundu,https://oltusehitlerilkokulu.meb.k12.tr/,2026-10-01T18:44:16.359376+00:00,,Öğrenci Sayısı : 174
Erzurum,Olur,Kazım Karabekir Ortaokulu,712256,Ortaokul,https://olurkko.meb.k12.tr,,,https://olurkko.meb.k12.tr/tema/harita.php,2026-08-31,49,49,bulundu,https://olurkko.meb.k12.tr/,2026-10-01T18:44:16.365904+00:00,,Öğrenci Sayısı 49
Erzurum,Olur,Kazım Karabekir İlkokulu,976753,İlkokul,https://olurkki.meb.k12.tr,,,https://olurkki.meb.k12.tr/tema/harita.php,2026-08-31,81,81,bulundu,https://olurkki.meb.k12.tr/,2026-10-01T18:44:16.436200+00:00,,Öğrenci Sayısı 81
Erzurum,Olur,Mehmet Akif Ersoy İlkokulu,752311,İlkokul,https://olurmaersoyio.meb.k12.tr,,,https://olurmaersoyio.meb.k12.tr/tema/harita.php,2026-08-31,109,109,bulundu,https://olurmaersoyio.meb.k12.tr/,2026-10-01T18:44:16.496680+00:00,,Öğrenci Sayısı 109
Erzurum,Olur,Olur Anadolu Lisesi,147339,Anadolu Lisesi,https://oluranadolulisesi.meb.k12.tr,,,https://oluranadolulisesi.meb.k12.tr/tema/harita.php,2026-08-31,87,87,bulundu,https://oluranadolulisesi.meb.k12.tr/,2026-10-01T18:44:16.585572+00:00,,Öğrenci Sayısı : 87
Erzurum,Olur,Olur Halk Eğitimi Merkezi,147340,Halk Eğitimi Merkezi,https://olurhem.meb.k12.tr,,,https://olurhem.meb.k12.tr/tema/harita.php,2026-08-31,,,bulunamadi,,2026-10-01T18:44:16.749183+00:00,,
Erzurum,Olur,Olur TOKİ Yatılı Bölge Ortaokulu,748361,Ortaokul,https://olurtokiybo.meb.k12.tr,,,https://olurtokiybo.meb.k12.tr/tema/harita.php,2026-08-31,115,115,bulundu,https://olurtokiybo.meb.k12.tr/,2026-10-01T18:44:16.844381+00:00,,Öğrenci Sayısı 115
Erzurum,Olur,Olur Öğretmenevi ve Akşam Sanat Okulu,971148,Öğretmenevi,https://olurogretmenevi.meb.k12.tr,,,https://olurogretmenevi.meb.k12.tr/tema/harita.php,2026-08-31,,,bulunamadi,,2026-10-01T18:44:16.863511+00:00,,
Erzurum,Olur,Sezai Karakoç İmam Hatip Ortaokulu,758700,İmam Hatip Ortaokulu,https://olursezaikarakociho.meb.k12.tr,,,https://olursezaikarakociho.meb.k12.tr/tema/harita.php,2026-08-31,,,bulunamadi,,2026-10-01T18:44:17.315611+00:00,,
Erzurum,Olur,Şehit Abdulkadir Güngör Mesleki ve Teknik Anadolu Lisesi,962960,Mesleki ve Teknik Anadolu Lisesi,https://olursml.meb.k12.tr,,,https://olursml.meb.k12.tr/tema/harita.php,2026-08-31,85,85,bulundu,https://olursml.meb.k12.tr/,2026-10-01T18:44:17.336462+00:00,,Öğrenci Sayısı 85
Erzurum,Palandöken,15 Temmuz Şehitleri İmam Hatip Ortaokulu,762052,İmam Hatip Ortaokulu,https://15temmuzsehitleriihoo.meb.k12.tr,,,https://15temmuzsehitleriihoo.meb.k12.tr/tema/harita.php,2026-08-31,391,391,bulundu,https://15temmuzsehitleriihoo.meb.k12.tr/tema/okulumuz_hakkinda.php,2026-10-01T18:44:17.382667+00:00,,Öğrenci : 391
Erzurum,Palandöken,3 Temmuz Anadolu İmam Hatip Lisesi,969423,Anadolu İmam Hatip Lisesi,https://3temmuzaihl.meb.k12.tr,,,https://3temmuzaihl.meb.k12.tr/tema/harita.php,2026-08-31,341,341,bulundu,https://3temmuzaihl.meb.k12.tr/,2026-10-01T18:44:17.441897+00:00,,Öğrenci Sayısı : 341
Erzurum,Palandöken,Abdurrahman Gazi Özel Eğitim Anaokulu,773727,Anaokulu,https://agaziozelegitimanaokulu.meb.k12.tr,,,https://agaziozelegitimanaokulu.meb.k12.tr/tema/harita.php,2026-08-31,4,4,bulundu,https://agaziozelegitimanaokulu.meb.k12.tr/,2026-10-01T18:44:17.451175+00:00,,Öğrenci Sayısı: 4
Erzurum,Palandöken,Abdurrahman Gazi İlkokulu,853321,İlkokul,https://abdurrahmangaziilkokuluerzurum.meb.k12.tr,,,https://abdurrahmangaziilkokuluerzurum.meb.k12.tr/tema/harita.php,2026-08-31,100,100,bulundu,https://abdurrahmangaziilkokuluerzurum.meb.k12.tr/,2026-10-01T18:44:17.453478+00:00,,Öğrenci Sayısı : 100
Erzurum,Palandöken,Abdurrahmangazi Ortaokulu,765695,Ortaokul,https://abdurrahmangazi.meb.k12.tr,,,https://abdurrahmangazi.meb.k12.tr/tema/harita.php,2026-08-31,394,394,bulundu,https://abdurrahmangazi.meb.k12.tr/,2026-10-01T18:44:17.761251+00:00,,Öğrenci Sayısı : 394
Erzurum,Palandöken,Ahmet Hamdi Tanpınar İmam Hatip Ortaokulu,758692,İmam Hatip Ortaokulu,https://ahtanpinarimamhatiportaokulu.meb.k12.tr,,,https://ahtanpinarimamhatiportaokulu.meb.k12.tr/tema/harita.php,2026-08-31,81,81,bulundu,https://ahtanpinarimamhatiportaokulu.meb.k12.tr/,2026-10-01T18:44:17.840017+00:00,,Öğrenci Sayısı : 81
Erzurum,Palandöken,Alparslan İlkokulu,709705,İlkokul,https://palandokenalparslanilkokulu.meb.k12.tr,,,https://palandokenalparslanilkokulu.meb.k12.tr/tema/harita.php,2026-08-31,511,511,bulundu,https://palandokenalparslanilkokulu.meb.k12.tr/,2026-10-01T18:44:17.897927+00:00,,Öğrenci Sayısı : 511
Erzurum,Palandöken,Aşık Yaşar Reyhani Ortaokulu,739013,Ortaokul,https://asikyasarreyhaniortaokulu.meb.k12.tr,,,https://asikyasarreyhaniortaokulu.meb.k12.tr/tema/harita.php,2026-08-31,173,173,bulundu,https://asikyasarreyhaniortaokulu.meb.k12.tr/,2026-10-01T18:44:17.951398+00:00,,Öğrenci Sayısı 173
Erzurum,Palandöken,Barbaros Hayrettin Paşa Ortaokulu,968014,Ortaokul,https://palandokenbarbaroshp.meb.k12.tr,,,https://palandokenbarbaroshp.meb.k12.tr/tema/harita.php,2026-08-31,524,524,bulundu,https://palandokenbarbaroshp.meb.k12.tr/,2026-10-01T18:44:18.051542+00:00,,Öğrenci Sayısı : 524
Erzurum,Palandöken,Barbaros Hayrettin Paşa İlkokulu,709742,İlkokul,https://barbaroshpilkokulu.meb.k12.tr,,,https://barbaroshpilkokulu.meb.k12.tr/tema/harita.php,2026-08-31,674,674,bulundu,https://barbaroshpilkokulu.meb.k12.tr/,2026-10-01T18:44:18.218861+00:00,,Öğrenci Sayısı : 674
Erzurum,Palandöken,Başöğretmen İlkokulu,709769,İlkokul,https://basogretmen.meb.k12.tr,,,https://basogretmen.meb.k12.tr/tema/harita.php,2026-08-31,927,927,bulundu,https://basogretmen.meb.k12.tr/,2026-10-01T18:44:18.220020+00:00,,Öğrenci Sayısı : 927
Erzurum,Palandöken,Börekli İlkokulu,710467,İlkokul,https://borekliilkokulu.meb.k12.tr,,,https://borekliilkokulu.meb.k12.tr/tema/harita.php,2026-08-31,26,26,bulundu,https://borekliilkokulu.meb.k12.tr/,2026-10-01T18:44:18.223658+00:00,,Öğrenci Sayısı : 26
Erzurum,Palandöken,Dereboğazı Ortaokulu,710600,Ortaokul,https://derebogaziortaokulu.meb.k12.tr,,,https://derebogaziortaokulu.meb.k12.tr/tema/harita.php,2026-08-31,42,42,bulundu,https://derebogaziortaokulu.meb.k12.tr/,2026-10-01T18:44:18.661150+00:00,,Öğrenci Sayısı 42
Erzurum,Palandöken,Dereboğazı İlkokulu,887972,İlkokul,https://derebogaziilkokulu.meb.k12.tr,,,https://derebogaziilkokulu.meb.k12.tr/tema/harita.php,2026-08-31,40,40,bulundu,https://derebogaziilkokulu.meb.k12.tr/,2026-10-01T18:44:18.757755+00:00,,Öğrenci Sayısı: 40
Erzurum,Palandöken,Erzurum Dedeman Turizm Mesleki ve Teknik Anadolu Lisesi,969912,Mesleki ve Teknik Anadolu Lisesi,https://dedemanotml.meb.k12.tr,,,https://dedemanotml.meb.k12.tr/tema/harita.php,2026-08-31,203,203,bulundu,https://dedemanotml.meb.k12.tr/tema/okulumuz_hakkinda.php,2026-10-01T18:44:18.882850+00:00,,Öğrenci : 203
Erzurum,Palandöken,Erzurum Kız Anadolu İmam Hatip Lisesi,776974,Anadolu İmam Hatip Lisesi,https://erzurumkizanadoluihl.meb.k12.tr,,,https://erzurumkizanadoluihl.meb.k12.tr/tema/harita.php,2026-08-31,385,385,bulundu,https://erzurumkizanadoluihl.meb.k12.tr/,2026-10-01T18:44:18.961994+00:00,,Öğrenci Sayısı 385
Erzurum,Palandöken,Erzurum Mehmet Akif Ersoy Anadolu Lisesi,970034,Anadolu Lisesi,https://maeal.meb.k12.tr,,,https://maeal.meb.k12.tr/tema/harita.php,2026-08-31,650,650,bulundu,https://maeal.meb.k12.tr/,2026-10-01T18:44:19.058506+00:00,,Öğrenci Sayısı 650
Erzurum,Palandöken,Erzurum Türk Telekom Nurettin Topçu Sosyal Bilimler Lisesi,972089,Sosyal Bilimler Lisesi,https://erzurumsbl.meb.k12.tr,,,https://erzurumsbl.meb.k12.tr/tema/harita.php,2026-08-31,464,464,bulundu,https://erzurumsbl.meb.k12.tr/,2026-10-01T18:44:19.076263+00:00,,Öğrenci Sayısı : 464
Erzurum,Palandöken,Erzurum Özel Eğitim Uygulama Okulu III. Kademe,760138,Özel Eğitim Kurumu,https://erzurumisum.meb.k12.tr,,,https://erzurumisum.meb.k12.tr/tema/harita.php,2026-08-31,104,104,bulundu,https://erzurumisum.meb.k12.tr/,2026-10-01T18:44:19.227810+00:00,,Öğrenci Sayısı : 104
Erzurum,Palandöken,Evliya Çelebi İlkokulu,968010,İlkokul,https://palandokenevliyacelebi.meb.k12.tr,,,https://palandokenevliyacelebi.meb.k12.tr/tema/harita.php,2026-08-31,340,340,bulundu,https://palandokenevliyacelebi.meb.k12.tr/,2026-10-01T18:44:19.241331+00:00,,Öğrenci Sayısı : 340
Erzurum,Palandöken,Fuat Sezgin Anadolu Lisesi,767692,Anadolu Lisesi,https://erzurumfuatsezginanadolulisesi.meb.k12.tr,,,https://erzurumfuatsezginanadolulisesi.meb.k12.tr/tema/harita.php,2026-08-31,627,627,bulundu,https://erzurumfuatsezginanadolulisesi.meb.k12.tr/,2026-10-01T18:44:19.508489+00:00,,Öğrenci Sayısı : 627
Erzurum,Palandöken,Güllü İlkokulu,710490,İlkokul,https://gullu.meb.k12.tr,,,https://gullu.meb.k12.tr/tema/harita.php,2026-08-31,3,3,bulundu,https://gullu.meb.k12.tr/,2026-10-01T18:44:19.523210+00:00,,Öğrenci Sayısı: 3
Erzurum,Palandöken,Güzelyurt İlkokulu,710456,İlkokul,https://guzelyurt.meb.k12.tr,,,https://guzelyurt.meb.k12.tr/tema/harita.php,2026-08-31,9,9,bulundu,https://guzelyurt.meb.k12.tr/,2026-10-01T18:44:19.590061+00:00,,Öğrenci Sayısı 9
Erzurum,Palandöken,Hancağız İlkokulu,771848,İlkokul,https://hancagiz.meb.k12.tr,,,https://hancagiz.meb.k12.tr/tema/harita.php,2026-08-31,12,12,bulundu,https://hancagiz.meb.k12.tr/,2026-10-01T18:44:19.684851+00:00,,Öğrenci Sayısı : 12
Erzurum,Palandöken,Haşim İşcan Ortaokulu,968006,Ortaokul,https://palandokenhasimiscanioo.meb.k12.tr,,,https://palandokenhasimiscanioo.meb.k12.tr/tema/harita.php,2026-08-31,237,237,bulundu,https://palandokenhasimiscanioo.meb.k12.tr/,2026-10-01T18:44:19.991654+00:00,,Öğrenci Sayısı 237
Erzurum,Palandöken,Haşim İşcan İmam Hatip Ortaokulu,762952,İmam Hatip Ortaokulu,https://hasimiscaniho.meb.k12.tr,,,https://hasimiscaniho.meb.k12.tr/tema/harita.php,2026-08-31,98,98,bulundu,https://hasimiscaniho.meb.k12.tr/,2026-10-01T18:44:20.032525+00:00,,Öğrenci Sayısı 98
Erzurum,Palandöken,Kardelen Anaokulu,766895,Anaokulu,https://palandokenkardelenanaokulu.meb.k12.tr,,,https://palandokenkardelenanaokulu.meb.k12.tr/tema/harita.php,2026-08-31,160,160,bulundu,https://palandokenkardelenanaokulu.meb.k12.tr/,2026-10-01T18:44:20.045426+00:00,,Öğrenci Sayısı 160
Erzurum,Palandöken,Kayak Yolu Çimento Müstahsilleri İşveren Sendikası Ortaokulu,709841,Ortaokul,https://kayakyolucmisortaokulu.meb.k12.tr,,,https://kayakyolucmisortaokulu.meb.k12.tr/tema/harita.php,2026-08-31,971,971,bulundu,https://kayakyolucmisortaokulu.meb.k12.tr/,2026-10-01T18:44:20.082861+00:00,,Öğrenci Sayısı : 971
Erzurum,Palandöken,Kayakyolu Anaokulu,767726,Anaokulu,https://kayakyoluanaokulu.meb.k12.tr,,,https://kayakyoluanaokulu.meb.k12.tr/tema/harita.php,2026-08-31,143,143,bulundu,https://kayakyoluanaokulu.meb.k12.tr/,2026-10-01T18:44:20.133544+00:00,,Öğrenci Sayısı 143
Erzurum,Palandöken,Kayakyolu İlkokulu,709825,İlkokul,https://kayakyoluilkokulu.meb.k12.tr,,,https://kayakyoluilkokulu.meb.k12.tr/tema/harita.php,2026-08-31,733,733,bulundu,https://kayakyoluilkokulu.meb.k12.tr/,2026-10-01T18:44:20.161061+00:00,,Öğrenci Sayısı 733
Erzurum,Palandöken,Kazım Yurdalan Ortaokulu,709869,Ortaokul,https://kazimyurdalanortaokulu.meb.k12.tr,,,https://kazimyurdalanortaokulu.meb.k12.tr/tema/harita.php,2026-08-31,247,247,bulundu,https://kazimyurdalanortaokulu.meb.k12.tr/,2026-10-01T18:44:20.186737+00:00,,Öğrenci Sayısı : 247
Erzurum,Palandöken,Kazım Yurdalan TOKİ İlkokulu,766856,İlkokul,https://kazimyurdalantoki.meb.k12.tr,,,https://kazimyurdalantoki.meb.k12.tr/tema/harita.php,2026-08-31,844,844,bulundu,https://kazimyurdalantoki.meb.k12.tr/tema/okulumuz_hakkinda.php,2026-10-01T18:44:20.256697+00:00,,Öğrenci : 844
Erzurum,Palandöken,Kazım Yurdalan İlkokulu,709856,İlkokul,https://kazimyurdalanilkokulu.meb.k12.tr,,,https://kazimyurdalanilkokulu.meb.k12.tr/tema/harita.php,2026-08-31,282,282,bulundu,https://kazimyurdalanilkokulu.meb.k12.tr/,2026-10-01T18:44:20.510373+00:00,,Öğrenci Sayısı: 282
Erzurum,Palandöken,Kazımkarabekir Mesleki ve Teknik Anadolu Lisesi,967487,Mesleki ve Teknik Anadolu Lisesi,https://palandokenkkeml.meb.k12.tr,,,https://palandokenkkeml.meb.k12.tr/tema/harita.php,2026-08-31,737,737,bulundu,https://palandokenkkeml.meb.k12.tr/,2026-10-01T18:44:20.572123+00:00,,Öğrenci Sayısı : 737
Erzurum,Palandöken,Konaklı İlkokulu,710504,İlkokul,https://konakliokulu.meb.k12.tr,,,https://konakliokulu.meb.k12.tr/tema/harita.php,2026-08-31,8,8,bulundu,https://konakliokulu.meb.k12.tr/,2026-10-01T18:44:20.722283+00:00,,Öğrenci Sayısı 8
Erzurum,Palandöken,Kümbet İlkokulu,710507,İlkokul,https://kumbetpalandoken.meb.k12.tr,,,https://kumbetpalandoken.meb.k12.tr/tema/harita.php,2026-08-31,9,9,bulundu,https://kumbetpalandoken.meb.k12.tr/,2026-10-01T18:44:20.772002+00:00,,Öğrenci Sayısı: 9
Erzurum,Palandöken,Kızılay Derviş Hopikoğlu Anaokulu,766858,Anaokulu,https://kizilaydervishopikogluanaokulu.meb.k12.tr,,,https://kizilaydervishopikogluanaokulu.meb.k12.tr/tema/harita.php,2026-08-31,68,68,bulundu,https://kizilaydervishopikogluanaokulu.meb.k12.tr/,2026-10-01T18:44:20.813213+00:00,,Öğrenci Sayısı 68
Erzurum,Palandöken,Makbule Küçükçalık İlkokulu,750376,İlkokul,https://palandokenmakbulekucukcalik.meb.k12.tr,,,https://palandokenmakbulekucukcalik.meb.k12.tr/tema/harita.php,2026-08-31,332,332,bulundu,https://palandokenmakbulekucukcalik.meb.k12.tr/,2026-10-01T18:44:20.894272+00:00,,Öğrenci Sayısı : 332
Erzurum,Palandöken,Maksut Efendi Ortaokulu,709908,Ortaokul,https://maksutefendiortaokulu.meb.k12.tr,,,https://maksutefendiortaokulu.meb.k12.tr/tema/harita.php,2026-08-31,77,77,bulundu,https://maksutefendiortaokulu.meb.k12.tr/,2026-10-01T18:44:20.943823+00:00,,Öğrenci Sayısı 77
Erzurum,Palandöken,Maksut Efendi İlkokulu,709897,İlkokul,https://maksutefendiilkokulu.meb.k12.tr,,,https://maksutefendiilkokulu.meb.k12.tr/tema/harita.php,2026-08-31,132,132,bulundu,https://maksutefendiilkokulu.meb.k12.tr/,2026-10-01T18:44:21.117375+00:00,,Öğrenci Sayısı 132
Erzurum,Palandöken,Maksut Efendi İmam Hatip Ortaokulu,764352,İmam Hatip Ortaokulu,https://maksutefendimamhatip.meb.k12.tr,,,https://maksutefendimamhatip.meb.k12.tr/tema/harita.php,2026-08-31,36,36,bulundu,https://maksutefendimamhatip.meb.k12.tr/,2026-10-01T18:44:21.242529+00:00,,Öğrenci Sayısı 36
Erzurum,Palandöken,Mehmet Akif Ersoy İlkokulu,968024,İlkokul,https://palandokenmakifersoyio.meb.k12.tr,,,https://palandokenmakifersoyio.meb.k12.tr/tema/harita.php,2026-08-31,165,165,bulundu,https://palandokenmakifersoyio.meb.k12.tr/,2026-10-01T18:44:21.292346+00:00,,Öğrenci Sayısı 165
Erzurum,Palandöken,Mehmetçik Ortaokulu,709971,Ortaokul,https://mehmetcik.meb.k12.tr,,,https://mehmetcik.meb.k12.tr/tema/harita.php,2026-08-31,759,759,bulundu,https://mehmetcik.meb.k12.tr/,2026-10-01T18:44:21.312849+00:00,,Öğrenci Sayısı : 759
Erzurum,Palandöken,Mustafa Kemal Ortaokulu,710013,Ortaokul,https://erzurummustafakemalortaokulu.meb.k12.tr,,,https://erzurummustafakemalortaokulu.meb.k12.tr/tema/harita.php,2026-08-31,154,154,bulundu,https://erzurummustafakemalortaokulu.meb.k12.tr/,2026-10-01T18:44:21.332238+00:00,,Öğrenci Sayısı 154
Erzurum,Palandöken,Mustafa Kemal İlkokulu,709992,İlkokul,https://erzurummustafakemal.meb.k12.tr,,,https://erzurummustafakemal.meb.k12.tr/tema/harita.php,2026-08-31,133,133,bulundu,https://erzurummustafakemal.meb.k12.tr/,2026-10-01T18:44:21.400787+00:00,,Öğrenci Sayısı 133
Erzurum,Palandöken,Mümtaz Turhan Anadolu Lisesi,767154,Anadolu Lisesi,https://mumtazturhananadolulisesi.meb.k12.tr,,,https://mumtazturhananadolulisesi.meb.k12.tr/tema/harita.php,2026-08-31,518,518,bulundu,https://mumtazturhananadolulisesi.meb.k12.tr/,2026-10-01T18:44:21.553094+00:00,,Öğrenci Sayısı : 518
Erzurum,Palandöken,Nenehatun İlkokulu,710497,İlkokul,https://erzurumnenehatunilkokulu.meb.k12.tr,,,https://erzurumnenehatunilkokulu.meb.k12.tr/tema/harita.php,2026-08-31,23,23,bulundu,https://erzurumnenehatunilkokulu.meb.k12.tr/,2026-10-01T18:44:21.555968+00:00,,Öğrenci Sayısı : 23
Erzurum,Palandöken,Nevzat Karabağ Anadolu Lisesi,969429,Anadolu Lisesi,https://nkalisesi.meb.k12.tr,,,https://nkalisesi.meb.k12.tr/tema/harita.php,2026-08-31,460,460,bulundu,https://nkalisesi.meb.k12.tr/,2026-10-01T18:44:21.619045+00:00,,Öğrenci Sayısı : 460
Erzurum,Palandöken,Nihat Kitapcı İlkokulu,968049,İlkokul,https://palandokennihatkitapciioo.meb.k12.tr,,,https://palandokennihatkitapciioo.meb.k12.tr/tema/harita.php,2026-08-31,703,703,bulundu,https://palandokennihatkitapciioo.meb.k12.tr/,2026-10-01T18:44:21.625103+00:00,,Öğrenci Sayısı 703
Erzurum,Palandöken,Orgeneral Selahattin Demircioğlu Ortaokulu,710097,Ortaokul,https://osdo.meb.k12.tr,,,https://osdo.meb.k12.tr/tema/harita.php,2026-08-31,140,140,bulundu,https://osdo.meb.k12.tr/,2026-10-01T18:44:21.681954+00:00,,Öğrenci Sayısı 140
Erzurum,Palandöken,Osman Gazi Ortaokulu,710107,Ortaokul,https://palandokenosmangazi.meb.k12.tr,,,https://palandokenosmangazi.meb.k12.tr/tema/harita.php,2026-08-31,533,533,bulundu,https://palandokenosmangazi.meb.k12.tr/,2026-10-01T18:44:21.876067+00:00,,Öğrenci Sayısı 533
Erzurum,Palandöken,Palandöken Anaokulu,750187,Anaokulu,https://palandokenanaokulu.meb.k12.tr,,,https://palandokenanaokulu.meb.k12.tr/tema/harita.php,2026-08-31,142,142,bulundu,https://palandokenanaokulu.meb.k12.tr/,2026-10-01T18:44:21.915496+00:00,,Öğrenci Sayısı 142
Erzurum,Palandöken,Palandöken Halk Eğitimi Merkezi,970547,Halk Eğitimi Merkezi,https://palandokenhem.meb.k12.tr,,,https://palandokenhem.meb.k12.tr/tema/harita.php,2026-08-31,,,bulunamadi,,2026-10-01T18:44:21.926900+00:00,,
Erzurum,Palandöken,Palandöken Kız Anadolu İmam Hatip Lisesi,749183,Anadolu İmam Hatip Lisesi,https://palandokenkizihl.meb.k12.tr,,,https://palandokenkizihl.meb.k12.tr/tema/harita.php,2026-08-31,506,506,bulundu,https://palandokenkizihl.meb.k12.tr/,2026-10-01T18:44:21.958529+00:00,,Öğrenci Sayısı 506
Erzurum,Palandöken,Palandöken Rehberlik ve Araştırma Merkezi,766329,Rehberlik ve Araştırma Merkezi,https://palandokenram.meb.k12.tr,,,https://palandokenram.meb.k12.tr/tema/harita.php,2026-08-31,,,bulunamadi,,2026-10-01T18:44:21.973588+00:00,,
Erzurum,Palandöken,Palandöken Yıldızkent Hüseyin Avni Ulaş Anadolu Lisesi,972645,Anadolu Lisesi,https://palandokenhuseyinavniulas.meb.k12.tr,,,https://palandokenhuseyinavniulas.meb.k12.tr/tema/harita.php,2026-08-31,580,580,bulundu,https://palandokenhuseyinavniulas.meb.k12.tr/tema/okulumuz_hakkinda.php,2026-10-01T18:44:21.999887+00:00,,Öğrenci : 580
Erzurum,Palandöken,Palandöken Özel Eğitim Anaokulu,767420,Anaokulu,https://paloe.meb.k12.tr,,,https://paloe.meb.k12.tr/tema/harita.php,2026-08-31,22,22,bulundu,https://paloe.meb.k12.tr/,2026-10-01T18:44:22.013177+00:00,,Öğrenci Sayısı : 22
Erzurum,Palandöken,Palandöken Özel Eğitim Meslek Okulu,766824,Özel Eğitim Kurumu,https://palandokenozelegitim.meb.k12.tr,,,https://palandokenozelegitim.meb.k12.tr/tema/harita.php,2026-08-31,,,bulunamadi,,2026-10-01T18:44:22.190780+00:00,,
Erzurum,Palandöken,Polis Amca Anaokulu,772227,Anaokulu,https://polisamcaanaokulu.meb.k12.tr,,,https://polisamcaanaokulu.meb.k12.tr/tema/harita.php,2026-08-31,55,55,bulundu,https://polisamcaanaokulu.meb.k12.tr/,2026-10-01T18:44:22.364159+00:00,,Öğrenci Sayısı 55
Erzurum,Palandöken,Polis Amca İlkokulu,968046,İlkokul,https://palandokenpolisamca.meb.k12.tr,,,https://palandokenpolisamca.meb.k12.tr/tema/harita.php,2026-08-31,874,874,bulundu,https://palandokenpolisamca.meb.k12.tr/,2026-10-01T18:44:22.403288+00:00,,Öğrenci Sayısı : 874
Erzurum,Palandöken,Recep Birsin Özen Özel Eğitim Uygulama Okulu I. Kademe,748055,Özel Eğitim Kurumu,https://recepbirsinozelegitim.meb.k12.tr,,,https://recepbirsinozelegitim.meb.k12.tr/tema/harita.php,2026-08-31,38,38,bulundu,https://recepbirsinozelegitim.meb.k12.tr/,2026-10-01T18:44:22.449700+00:00,,Öğrenci Sayısı 38
Erzurum,Palandöken,Recep Birsin Özen Özel Eğitim Uygulama Okulu II. Kademe,747405,Özel Eğitim Kurumu,https://rbo2kademe.meb.k12.tr,,,https://rbo2kademe.meb.k12.tr/tema/harita.php,2026-08-31,,,bulunamadi,,2026-10-01T18:44:22.510669+00:00,,
Erzurum,Palandöken,Remzi Sakaoğlu Bilim ve Sanat Merkezi,972116,Bilim ve Sanat Merkezi,https://erzurumbilsem.meb.k12.tr,,,https://erzurumbilsem.meb.k12.tr/tema/harita.php,2026-08-31,,,bulunamadi,,2026-10-01T18:44:22.535218+00:00,,
Erzurum,Palandöken,Rıfkı Salim Burçak Kız Mesleki ve Teknik Anadolu Lisesi,969404,Mesleki ve Teknik Anadolu Lisesi,https://rsbktml.meb.k12.tr,,,https://rsbktml.meb.k12.tr/tema/harita.php,2026-08-31,,,bulunamadi,,2026-10-01T18:44:22.543936+00:00,,
Erzurum,Palandöken,Sabahattin Solakoğlu İlkokulu,710264,İlkokul,https://solakogluio.meb.k12.tr,,,https://solakogluio.meb.k12.tr/tema/harita.php,2026-08-31,280,280,bulundu,https://solakogluio.meb.k12.tr/,2026-10-01T18:44:22.684525+00:00,,Öğrenci Sayısı : 280
Erzurum,Palandöken,Sakıpefendi İmam Hatip Ortaokulu,758697,İmam Hatip Ortaokulu,https://sakipefendi.meb.k12.tr,,,https://sakipefendi.meb.k12.tr/tema/harita.php,2026-08-31,285,285,bulundu,https://sakipefendi.meb.k12.tr/,2026-10-01T18:44:22.692275+00:00,,Öğrenci Sayısı 285
Erzurum,Palandöken,Saltukbey Ortaokulu,710332,Ortaokul,https://saltukbey.meb.k12.tr,,,https://saltukbey.meb.k12.tr/tema/harita.php,2026-08-31,1089,1089,bulundu,https://saltukbey.meb.k12.tr/,2026-10-01T18:44:22.769940+00:00,,Öğrenci Sayısı 1089
Erzurum,Palandöken,Sığırlı İlkokulu,710519,İlkokul,https://sigirli.meb.k12.tr,,,https://sigirli.meb.k12.tr/tema/harita.php,2026-08-31,3,3,bulundu,https://sigirli.meb.k12.tr/,2026-10-01T18:44:22.992568+00:00,,Öğrenci Sayısı 3
Erzurum,Palandöken,Taşlıgüney İlkokulu,887561,İlkokul,https://tasliguneyioo.meb.k12.tr,,,https://tasliguneyioo.meb.k12.tr/tema/harita.php,2026-08-31,4,4,bulundu,https://tasliguneyioo.meb.k12.tr/,2026-10-01T18:44:23.033531+00:00,,Öğrenci Sayısı: 4
Erzurum,Palandöken,Tekederesi İlkokulu,710535,İlkokul,https://tekederesi.meb.k12.tr,,,https://tekederesi.meb.k12.tr/tema/harita.php,2026-08-31,7,7,bulundu,https://tekederesi.meb.k12.tr/,2026-10-01T18:44:23.069908+00:00,,Öğrenci Sayısı : 7
Erzurum,Palandöken,Toparlak Nebi İlkokulu,771847,İlkokul,https://toparlaknebi.meb.k12.tr,,,https://toparlaknebi.meb.k12.tr/tema/harita.php,2026-08-31,5,5,bulundu,https://toparlaknebi.meb.k12.tr/,2026-10-01T18:44:23.082619+00:00,,Öğrenci Sayısı: 5
Erzurum,Palandöken,Toparlak İlkokulu,710556,İlkokul,https://toparlakilkokulu.meb.k12.tr,,,https://toparlakilkokulu.meb.k12.tr/tema/harita.php,2026-08-31,6,6,bulundu,https://toparlakilkokulu.meb.k12.tr/,2026-10-01T18:44:23.145267+00:00,,Öğrenci Sayısı: 6
Erzurum,Palandöken,Toplu Konut Ortaokulu,710379,Ortaokul,https://palandokentokiortaokulu.meb.k12.tr,,,https://palandokentokiortaokulu.meb.k12.tr/tema/harita.php,2026-08-31,,,bulunamadi,,2026-10-01T18:44:23.285550+00:00,,
Erzurum,Palandöken,Turgut Özal Ortaokulu,710425,Ortaokul,https://palandokenturgutozalortaokulu.meb.k12.tr,,,https://palandokenturgutozalortaokulu.meb.k12.tr/tema/harita.php,2026-08-31,463,463,bulundu,https://palandokenturgutozalortaokulu.meb.k12.tr/,2026-10-01T18:44:23.302887+00:00,,Öğrenci Sayısı : 463
Erzurum,Palandöken,Tuzcu Mimar Sinan Ortaokulu,710233,Ortaokul,https://tuzcumimarsinanortaokulu.meb.k12.tr,,,https://tuzcumimarsinanortaokulu.meb.k12.tr/tema/harita.php,2026-08-31,,,bulunamadi,,2026-10-01T18:44:23.309364+00:00,,
Erzurum,Palandöken,Tuzcu Mimar Sinan İlkokulu,710208,İlkokul,https://tuzcumimarsinanilkokulu.meb.k12.tr,,,https://tuzcumimarsinanilkokulu.meb.k12.tr/tema/harita.php,2026-08-31,,,bulunamadi,,2026-10-01T18:44:23.328848+00:00,,
Erzurum,Palandöken,Türkiye Odalar ve Borsalar Birliği İlkokulu,710165,İlkokul,https://erzurumtobb.meb.k12.tr,,,https://erzurumtobb.meb.k12.tr/tema/harita.php,2026-08-31,,,bulunamadi,,2026-10-01T18:44:23.382596+00:00,,
Erzurum,Palandöken,Uzunahmet İlkokulu,853383,İlkokul,https://uzunahmet.meb.k12.tr,,,https://uzunahmet.meb.k12.tr/tema/harita.php,2026-08-31,,,bulunamadi,,2026-10-01T18:44:23.398993+00:00,,
Erzurum,Palandöken,Yahya Kemal Anaokulu,767169,Anaokulu,https://yahyakemalanaokulu.meb.k12.tr,,,https://yahyakemalanaokulu.meb.k12.tr/tema/harita.php,2026-08-31,147,147,bulundu,https://yahyakemalanaokulu.meb.k12.tr/,2026-10-01T18:44:23.573292+00:00,,Öğrenci Sayısı: 147
Erzurum,Palandöken,Yahya Kemal Ortaokulu,710146,Ortaokul,https://palandokenyahyakemalortaokulu.meb.k12.tr,,,https://palandokenyahyakemalortaokulu.meb.k12.tr/tema/harita.php,2026-08-31,450,450,bulundu,https://palandokenyahyakemalortaokulu.meb.k12.tr/,2026-10-01T18:44:23.599952+00:00,,Öğrenci Sayısı 450
Erzurum,Palandöken,Yağmurcuk Karakaya İlkokulu,710523,İlkokul,https://yagmurcukkarakaya.meb.k12.tr,,,https://yagmurcukkarakaya.meb.k12.tr/tema/harita.php,2026-08-31,7,7,bulundu,https://yagmurcukkarakaya.meb.k12.tr/,2026-10-01T18:44:23.641917+00:00,,Öğrenci Sayısı: 7
Erzurum,Palandöken,Yağmurcuk İlkokulu,710515,İlkokul,https://yagmurcuk.meb.k12.tr,,,https://yagmurcuk.meb.k12.tr/tema/harita.php,2026-08-31,16,16,bulundu,https://yagmurcuk.meb.k12.tr/,2026-10-01T18:44:23.687401+00:00,,Öğrenci Sayısı 16
Erzurum,Palandöken,Yenikent Anaokulu,750186,Anaokulu,https://yenikentanaokulu.meb.k12.tr,,,https://yenikentanaokulu.meb.k12.tr/tema/harita.php,2026-08-31,170,170,bulundu,https://yenikentanaokulu.meb.k12.tr/,2026-10-01T18:44:23.891823+00:00,,Öğrenci Sayısı: 170
Erzurum,Palandöken,Yunus Emre İlkokulu,767635,İlkokul,https://palandokenyunusemreilkokulu.meb.k12.tr,,,https://palandokenyunusemreilkokulu.meb.k12.tr/tema/harita.php,2026-08-31,834,834,bulundu,https://palandokenyunusemreilkokulu.meb.k12.tr/tema/okulumuz_hakkinda.php,2026-10-01T18:44:23.961778+00:00,,Öğrenci : 834
Erzurum,Palandöken,Yıldızkent Anaokulu,971656,Anaokulu,https://yildizkentanaokulu.meb.k12.tr,,,https://yildizkentanaokulu.meb.k12.tr/tema/harita.php,2026-08-31,162,162,bulundu,https://yildizkentanaokulu.meb.k12.tr/,2026-10-01T18:44:24.155975+00:00,,Öğrenci Sayısı 162
Erzurum,Palandöken,Yıldızkent Borsa İstanbul Anadolu Lisesi,973781,Anadolu Lisesi,https://yildizkentborsaistanbulal.meb.k12.tr,,,https://yildizkentborsaistanbulal.meb.k12.tr/tema/harita.php,2026-08-31,646,646,bulundu,https://yildizkentborsaistanbulal.meb.k12.tr/tema/okulumuz_hakkinda.php,2026-10-01T18:44:24.311490+00:00,,Öğrenci : 646
Erzurum,Palandöken,Yıldızkent Borsa İstanbul Ortaokulu,710189,Ortaokul,https://yildizkentbistortaokulu.meb.k12.tr,,,https://yildizkentbistortaokulu.meb.k12.tr/tema/harita.php,2026-08-31,1206,1206,bulundu,https://yildizkentbistortaokulu.meb.k12.tr/,2026-10-01T18:44:24.348212+00:00,,Öğrenci Sayısı 1206
Erzurum,Palandöken,Yıldızkent Nafizbey Ticaret Mesleki ve Teknik Anadolu Lisesi,969913,Mesleki ve Teknik Anadolu Lisesi,https://nafizbeytml.meb.k12.tr,,,https://nafizbeytml.meb.k12.tr/tema/harita.php,2026-08-31,508,508,bulundu,https://nafizbeytml.meb.k12.tr/tema/okulumuz_hakkinda.php,2026-10-01T18:44:24.389504+00:00,,Öğrenci : 508
Erzurum,Palandöken,Yıldızkent İlkokulu,710351,İlkokul,https://yildizkentilkokulu.meb.k12.tr,,,https://yildizkentilkokulu.meb.k12.tr/tema/harita.php,2026-08-31,948,948,bulundu,https://yildizkentilkokulu.meb.k12.tr/,2026-10-01T18:44:24.410655+00:00,,Öğrenci Sayısı 948
Erzurum,Palandöken,Ziya Gökalp Anadolu Lisesi,969420,Anadolu Lisesi,https://palandokenzgl.meb.k12.tr,,,https://palandokenzgl.meb.k12.tr/tema/harita.php,2026-08-31,639,639,bulundu,https://palandokenzgl.meb.k12.tr/,2026-10-01T18:44:24.423476+00:00,,Öğrenci Sayısı : 639
Erzurum,Palandöken,Zübeyde Hanım Anaokulu,970000,Anaokulu,https://erzurumzha.meb.k12.tr,,,https://erzurumzha.meb.k12.tr/tema/harita.php,2026-08-31,247,247,bulundu,https://erzurumzha.meb.k12.tr/,2026-10-01T18:44:24.490802+00:00,,Öğrenci Sayısı : 247
Erzurum,Palandöken,Çeperli İlkokulu,710481,İlkokul,https://ceperli.meb.k12.tr,,,https://ceperli.meb.k12.tr/tema/harita.php,2026-08-31,9,9,bulundu,https://ceperli.meb.k12.tr/,2026-10-01T18:44:24.587064+00:00,,Öğrenci Sayısı 9
Erzurum,Palandöken,İbni Sina İlkokulu,740430,İlkokul,https://erzurumibnisinailkokulu.meb.k12.tr,,,https://erzurumibnisinailkokulu.meb.k12.tr/tema/harita.php,2026-08-31,542,542,bulundu,https://erzurumibnisinailkokulu.meb.k12.tr/,2026-10-01T18:44:24.742577+00:00,,Öğrenci Sayısı : 542
Erzurum,Palandöken,İbni Sina İmam Hatip Ortaokulu,760661,İmam Hatip Ortaokulu,https://ibnisinaimamhatiportaokulu.meb.k12.tr,,,https://ibnisinaimamhatiportaokulu.meb.k12.tr/tema/harita.php,2026-08-31,245,245,bulundu,https://ibnisinaimamhatiportaokulu.meb.k12.tr/,2026-10-01T18:44:24.771565+00:00,,Öğrenci Sayısı : 245
Erzurum,Palandöken,İbrahim Erkal İlkokulu,710083,İlkokul,https://ibrahimerkalilkokulu.meb.k12.tr,,,https://ibrahimerkalilkokulu.meb.k12.tr/tema/harita.php,2026-08-31,191,191,bulundu,https://ibrahimerkalilkokulu.meb.k12.tr/,2026-10-01T18:44:24.796522+00:00,,Öğrenci Sayısı 191
Erzurum,Palandöken,İbrahim Hakkı Kubilay İmam Hatip Ortaokulu,710302,İmam Hatip Ortaokulu,https://ibrahimhakkikubilay.meb.k12.tr,,,https://ibrahimhakkikubilay.meb.k12.tr/tema/harita.php,2026-08-31,584,584,bulundu,https://ibrahimhakkikubilay.meb.k12.tr/,2026-10-01T18:44:24.800462+00:00,,Öğrenci Sayısı : 584
Erzurum,Palandöken,Şehit Hasan Yılmaz Kız Anadolu İmam Hatip Lisesi,762172,Anadolu İmam Hatip Lisesi,https://sehithasanyilmaz.meb.k12.tr,,,https://sehithasanyilmaz.meb.k12.tr/tema/harita.php,2026-08-31,345,345,bulundu,https://sehithasanyilmaz.meb.k12.tr/,2026-10-01T18:44:24.926159+00:00,,Öğrenci Sayısı : 345
Erzurum,Palandöken,Şehit Murat Ellik İlkokulu,762034,İlkokul,https://sehitmuratellikio.meb.k12.tr,,,https://sehitmuratellikio.meb.k12.tr/tema/harita.php,2026-08-31,731,731,bulundu,https://sehitmuratellikio.meb.k12.tr/,2026-10-01T18:44:25.291501+00:00,,Öğrenci Sayısı : 731
Erzurum,Palandöken,Şehit Piyade Uzman Çavuş Hakan Han İlkokulu,710548,İlkokul,https://sehithakan.meb.k12.tr,,,https://sehithakan.meb.k12.tr/tema/harita.php,2026-08-31,5,5,bulundu,https://sehithakan.meb.k12.tr/,2026-10-01T18:44:25.381364+00:00,,Öğrenci Sayısı 5
Erzurum,Palandöken,Şehit Taha Nergiz İlkokulu,776036,İlkokul,https://sehittahanergizilkokulu.meb.k12.tr,,,https://sehittahanergizilkokulu.meb.k12.tr/tema/harita.php,2026-08-31,707,707,bulundu,https://sehittahanergizilkokulu.meb.k12.tr/,2026-10-01T18:44:25.439042+00:00,,Öğrenci Sayısı : 707
Erzurum,Palandöken,Şehit Yakup Sürücü Anadolu Lisesi,762111,Anadolu Lisesi,https://yakupsurucual.meb.k12.tr,,,https://yakupsurucual.meb.k12.tr/tema/harita.php,2026-08-31,568,568,bulundu,https://yakupsurucual.meb.k12.tr/,2026-10-01T18:44:25.444075+00:00,,Öğrenci Sayısı : 568
Erzurum,Palandöken,Şehit Yüzbaşı Yunus Çelebi Ortaokulu,709660,Ortaokul,https://sehityunuscelebi.meb.k12.tr,,,https://sehityunuscelebi.meb.k12.tr/tema/harita.php,2026-08-31,605,605,bulundu,https://sehityunuscelebi.meb.k12.tr/,2026-10-01T18:44:25.474743+00:00,,Öğrenci Sayısı : 605
Erzurum,Palandöken,Şehit Üsteğmen İsmail Aksu İlkokulu,710043,İlkokul,https://sehitustegmenismailaksu.meb.k12.tr,,,https://sehitustegmenismailaksu.meb.k12.tr/tema/harita.php,2026-08-31,237,237,bulundu,https://sehitustegmenismailaksu.meb.k12.tr/tema/okulumuz_hakkinda.php,2026-10-01T18:44:25.476886+00:00,,Öğrenci : 237
Erzurum,Pasinler,13 Mart Ortaokulu,712717,Ortaokul,https://pasinler13martorta.meb.k12.tr,,,https://pasinler13martorta.meb.k12.tr/tema/harita.php,2026-08-31,108,108,bulundu,https://pasinler13martorta.meb.k12.tr/,2026-10-01T18:44:25.488753+00:00,,Öğrenci Sayısı : 108
Erzurum,Pasinler,13 Mart İlkokulu,712716,İlkokul,https://13martilk.meb.k12.tr,,,https://13martilk.meb.k12.tr/tema/harita.php,2026-08-31,99,99,bulundu,https://13martilk.meb.k12.tr/,2026-10-01T18:44:25.595027+00:00,,Öğrenci Sayısı : 99
Erzurum,Pasinler,15 Temmuz Şehitleri İlkokulu,762872,İlkokul,https://15temmuzsehitleri.meb.k12.tr,,,https://15temmuzsehitleri.meb.k12.tr/tema/harita.php,2026-08-31,363,363,bulundu,https://15temmuzsehitleri.meb.k12.tr/,2026-10-01T18:44:25.925696+00:00,,Öğrenci Sayısı : 363
Erzurum,Pasinler,Acı İlkokulu,712759,İlkokul,https://aclkokulu.meb.k12.tr,,,https://aclkokulu.meb.k12.tr/tema/harita.php,2026-08-31,30,30,bulundu,https://aclkokulu.meb.k12.tr/,2026-10-01T18:44:25.939856+00:00,,Öğrenci Sayısı 30
Erzurum,Pasinler,Alvar Ortaokulu,712719,Ortaokul,https://alvarortaokulu.meb.k12.tr,,,https://alvarortaokulu.meb.k12.tr/tema/harita.php,2026-08-31,31,31,bulundu,https://alvarortaokulu.meb.k12.tr/,2026-10-01T18:44:25.989629+00:00,,Öğrenci Sayısı : 31
Erzurum,Pasinler,Alvar İlkokulu,712718,İlkokul,https://alvarilkokulu.meb.k12.tr,,,https://alvarilkokulu.meb.k12.tr/tema/harita.php,2026-08-31,42,42,bulundu,https://alvarilkokulu.meb.k12.tr/,2026-10-01T18:44:26.014065+00:00,,Öğrenci Sayısı : 42
Erzurum,Pasinler,Alvarlıefe Anadolu Lisesi,974078,Anadolu Lisesi,https://alvarliefeal.meb.k12.tr,,,https://alvarliefeal.meb.k12.tr/tema/harita.php,2026-08-31,260,260,bulundu,https://alvarliefeal.meb.k12.tr/,2026-10-01T18:44:26.015112+00:00,,Öğrenci Sayısı 260
Erzurum,Pasinler,Ardıçlı Ortaokulu,712743,Ortaokul,https://ardicliortaokulu.meb.k12.tr,,,https://ardicliortaokulu.meb.k12.tr/tema/harita.php,2026-08-31,48,48,bulundu,https://ardicliortaokulu.meb.k12.tr/,2026-10-01T18:44:26.036804+00:00,,Öğrenci Sayısı : 48
Erzurum,Pasinler,Ardıçlı İlkokulu,503668,İlkokul,https://ardicliilkokulu.meb.k12.tr,,,https://ardicliilkokulu.meb.k12.tr/tema/harita.php,2026-08-31,69,69,bulundu,https://ardicliilkokulu.meb.k12.tr/,2026-10-01T18:44:26.259345+00:00,,Öğrenci Sayısı : 69
Erzurum,Pasinler,Ağcalar İlkokulu,712760,İlkokul,https://agcalarilkokulu.meb.k12.tr,,,https://agcalarilkokulu.meb.k12.tr/tema/harita.php,2026-08-31,4,4,bulundu,https://agcalarilkokulu.meb.k12.tr/,2026-10-01T18:44:26.344734+00:00,,Öğrenci Sayısı : 4
Erzurum,Pasinler,Aşıtlar İlkokulu,503693,İlkokul,https://asitlarilkokulu.meb.k12.tr,,,https://asitlarilkokulu.meb.k12.tr/tema/harita.php,2026-08-31,27,27,bulundu,https://asitlarilkokulu.meb.k12.tr/,2026-10-01T18:44:26.419861+00:00,,Öğrenci Sayısı: 27
Erzurum,Pasinler,Başören İlkokulu,712779,İlkokul,https://basoren.meb.k12.tr,,,https://basoren.meb.k12.tr/tema/harita.php,2026-08-31,15,15,bulundu,https://basoren.meb.k12.tr/,2026-10-01T18:44:26.509791+00:00,,Öğrenci Sayısı 15
Erzurum,Pasinler,Bulkasım İlkokulu,712762,İlkokul,https://bulkasimilkokulu.meb.k12.tr,,,https://bulkasimilkokulu.meb.k12.tr/tema/harita.php,2026-08-31,21,21,bulundu,https://bulkasimilkokulu.meb.k12.tr/,2026-10-01T18:44:26.547804+00:00,,Öğrenci Sayısı: 21
Erzurum,Pasinler,Büyükdere İlkokulu,740953,İlkokul,https://buyukdereilkokulu.meb.k12.tr,,,https://buyukdereilkokulu.meb.k12.tr/tema/harita.php,2026-08-31,17,17,bulundu,https://buyukdereilkokulu.meb.k12.tr/,2026-10-01T18:44:26.582274+00:00,,Öğrenci Sayısı: 17
Erzurum,Pasinler,Büyüktuy İlkokulu,712763,İlkokul,https://buyuktuy.meb.k12.tr,,,https://buyuktuy.meb.k12.tr/tema/harita.php,2026-08-31,30,30,bulundu,https://buyuktuy.meb.k12.tr/,2026-10-01T18:44:26.586176+00:00,,Öğrenci Sayısı : 30
Erzurum,Pasinler,Cumhuriyet Ortaokulu,712704,Ortaokul,https://pasinlercumhuriyetoo.meb.k12.tr,,,https://pasinlercumhuriyetoo.meb.k12.tr/tema/harita.php,2026-08-31,60,60,bulundu,https://pasinlercumhuriyetoo.meb.k12.tr/,2026-10-01T18:44:26.682417+00:00,,Öğrenci Sayısı 60
Erzurum,Pasinler,Cumhuriyet İlkokulu,712702,İlkokul,https://pasinlercumhuriyetio.meb.k12.tr,,,https://pasinlercumhuriyetio.meb.k12.tr/tema/harita.php,2026-08-31,60,60,bulundu,https://pasinlercumhuriyetio.meb.k12.tr/,2026-10-01T18:44:26.700007+00:00,,Öğrenci Sayısı 60
Erzurum,Pasinler,Demirdöven Ortaokulu,712737,Ortaokul,https://demirdovenortaokulu.meb.k12.tr,,,https://demirdovenortaokulu.meb.k12.tr/tema/harita.php,2026-08-31,83,83,bulundu,https://demirdovenortaokulu.meb.k12.tr/,2026-10-01T18:44:26.763773+00:00,,Öğrenci Sayısı : 83
Erzurum,Pasinler,Demirdöven İlkokulu,503727,İlkokul,https://demirdovenio.meb.k12.tr,,,https://demirdovenio.meb.k12.tr/tema/harita.php,2026-08-31,92,92,bulundu,https://demirdovenio.meb.k12.tr/,2026-10-01T18:44:26.784064+00:00,,Öğrenci Sayısı: 92
Erzurum,Pasinler,Epsemce Ortaokulu,767948,Ortaokul,https://epsemceortaokulu.meb.k12.tr,,,https://epsemceortaokulu.meb.k12.tr/tema/harita.php,2026-08-31,29,29,bulundu,https://epsemceortaokulu.meb.k12.tr/,2026-10-01T18:44:27.017147+00:00,,Öğrenci Sayısı : 29
Erzurum,Pasinler,Epsemce İlkokulu,712744,İlkokul,https://epsemceilkokulu.meb.k12.tr,,,https://epsemceilkokulu.meb.k12.tr/tema/harita.php,2026-08-31,38,38,bulundu,https://epsemceilkokulu.meb.k12.tr/,2026-10-01T18:44:27.421944+00:00,,Öğrenci Sayısı: 38
Erzurum,Pasinler,Gerdekkaya İlkokulu,774763,İlkokul,https://gerdekkaya.meb.k12.tr,,,https://gerdekkaya.meb.k12.tr/tema/harita.php,2026-08-31,11,11,bulundu,https://gerdekkaya.meb.k12.tr/,2026-10-01T18:44:27.423060+00:00,,Öğrenci Sayısı 11
Erzurum,Pasinler,Hanahmet İlkokulu,712802,İlkokul,https://hanahmet.meb.k12.tr,,,https://hanahmet.meb.k12.tr/tema/harita.php,2026-08-31,3,3,bulundu,https://hanahmet.meb.k12.tr/,2026-10-01T18:44:27.439874+00:00,,Öğrenci Sayısı 3
Erzurum,Pasinler,Hasankale Mesleki ve Teknik Anadolu Lisesi,905216,Mesleki ve Teknik Anadolu Lisesi,https://hasankalemtal.meb.k12.tr,,,https://hasankalemtal.meb.k12.tr/tema/harita.php,2026-08-31,348,348,bulundu,https://hasankalemtal.meb.k12.tr/,2026-10-01T18:44:27.440788+00:00,,Öğrenci Sayısı : 348
Erzurum,Pasinler,Hasankale Ortaokulu,738675,Ortaokul,https://hasankaleortaokulu.meb.k12.tr,,,https://hasankaleortaokulu.meb.k12.tr/tema/harita.php,2026-08-31,277,277,bulundu,https://hasankaleortaokulu.meb.k12.tr/,2026-10-01T18:44:27.470663+00:00,,Öğrenci Sayısı : 277
Erzurum,Pasinler,Hayme Ana Kız Mesleki ve Teknik Anadolu Lisesi,971800,Mesleki ve Teknik Anadolu Lisesi,https://pasinlerhaymeana.meb.k12.tr,,,https://pasinlerhaymeana.meb.k12.tr/tema/harita.php,2026-08-31,177,177,bulundu,https://pasinlerhaymeana.meb.k12.tr/,2026-10-01T18:44:27.497606+00:00,,Öğrenci Sayısı : 177
Erzurum,Pasinler,Kavuşturan Ortaokulu,712747,Ortaokul,https://kavusturanortaokulu.meb.k12.tr,,,https://kavusturanortaokulu.meb.k12.tr/tema/harita.php,2026-08-31,18,18,bulundu,https://kavusturanortaokulu.meb.k12.tr/,2026-10-01T18:44:27.724400+00:00,,Öğrenci Sayısı 18
Erzurum,Pasinler,Kavuşturan İlkokulu,712746,İlkokul,https://kavusturanilkokulu.meb.k12.tr,,,https://kavusturanilkokulu.meb.k12.tr/tema/harita.php,2026-08-31,42,42,bulundu,https://kavusturanilkokulu.meb.k12.tr/,2026-10-01T18:44:27.801344+00:00,,Öğrenci Sayısı : 42
Erzurum,Pasinler,Kevenlik İlkokulu,712771,İlkokul,https://kevenlikilkokulu.meb.k12.tr,,,https://kevenlikilkokulu.meb.k12.tr/tema/harita.php,2026-08-31,6,6,bulundu,https://kevenlikilkokulu.meb.k12.tr/,2026-10-01T18:44:27.809592+00:00,,Öğrenci Sayısı: 6
Erzurum,Pasinler,Kireçlikom İlkokulu,712772,İlkokul,https://kireclikomilkokulu.meb.k12.tr,,,https://kireclikomilkokulu.meb.k12.tr/tema/harita.php,2026-08-31,10,10,bulundu,https://kireclikomilkokulu.meb.k12.tr/,2026-10-01T18:44:27.879305+00:00,,Öğrenci Sayısı: 10
Erzurum,Pasinler,Korucuk İlkokulu,503404,İlkokul,https://korucukilkokulu.meb.k12.tr,,,https://korucukilkokulu.meb.k12.tr/tema/harita.php,2026-08-31,3,3,bulundu,https://korucukilkokulu.meb.k12.tr/,2026-10-01T18:44:27.890464+00:00,,Öğrenci Sayısı : 3
Erzurum,Pasinler,Kotandüzü İlkokulu,771531,İlkokul,https://771531.meb.k12.tr,,,https://771531.meb.k12.tr/tema/harita.php,2026-08-31,1,1,bulundu,https://771531.meb.k12.tr/,2026-10-01T18:44:27.981365+00:00,,Öğrenci Sayısı: 1
Erzurum,Pasinler,Kurbançayırı İlkokulu,712774,İlkokul,https://kurbancayir.meb.k12.tr,,,https://kurbancayir.meb.k12.tr/tema/harita.php,2026-08-31,2,2,bulundu,https://kurbancayir.meb.k12.tr/,2026-10-01T18:44:27.992788+00:00,,Öğrenci Sayısı: 2
Erzurum,Pasinler,Mehmet Akif Ersoy Ortaokulu,764240,Ortaokul,https://pasinlermehmetakifersoyortaokulu.meb.k12.tr,,,https://pasinlermehmetakifersoyortaokulu.meb.k12.tr/tema/harita.php,2026-08-31,193,193,bulundu,https://pasinlermehmetakifersoyortaokulu.meb.k12.tr/,2026-10-01T18:44:28.017803+00:00,,Öğrenci Sayısı : 193
Erzurum,Pasinler,Mehmet Akif Ersoy İlkokulu,712677,İlkokul,https://pasinlermehmetakifersoyilkokulu.meb.k12.tr,,,https://pasinlermehmetakifersoyilkokulu.meb.k12.tr/tema/harita.php,2026-08-31,117,117,bulundu,https://pasinlermehmetakifersoyilkokulu.meb.k12.tr/,2026-10-01T18:44:28.094133+00:00,,Öğrenci Sayısı 117
Erzurum,Pasinler,Nefi İlkokulu,712686,İlkokul,https://nefiilkokulu.meb.k12.tr,,,https://nefiilkokulu.meb.k12.tr/tema/harita.php,2026-08-31,129,129,bulundu,https://nefiilkokulu.meb.k12.tr/,2026-10-01T18:44:28.166494+00:00,,Öğrenci Sayısı : 129
Erzurum,Pasinler,Nene Hatun Anaokulu,964997,Anaokulu,https://pasinlernenehatun.meb.k12.tr,,,https://pasinlernenehatun.meb.k12.tr/tema/harita.php,2026-08-31,56,56,bulundu,https://pasinlernenehatun.meb.k12.tr/,2026-10-01T18:44:28.513899+00:00,,Öğrenci Sayısı 56
Erzurum,Pasinler,Nevin Muhammet Özdemir Ortaokulu,712712,Ortaokul,https://nmortaokulu.meb.k12.tr,,,https://nmortaokulu.meb.k12.tr/tema/harita.php,2026-08-31,67,67,bulundu,https://nmortaokulu.meb.k12.tr/,2026-10-01T18:44:28.529218+00:00,,Öğrenci Sayısı : 67
Erzurum,Pasinler,Nevin Muhammet Özdemir İlkokulu,712711,İlkokul,https://pasinlernevinmuhammetio.meb.k12.tr,,,https://pasinlernevinmuhammetio.meb.k12.tr/tema/harita.php,2026-08-31,99,99,bulundu,https://pasinlernevinmuhammetio.meb.k12.tr/,2026-10-01T18:44:28.570850+00:00,,Öğrenci Sayısı 99
Erzurum,Pasinler,Otlukkapı Ortaokulu,712741,Ortaokul,https://otlukkapioo.meb.k12.tr,,,https://otlukkapioo.meb.k12.tr/tema/harita.php,2026-08-31,24,24,bulundu,https://otlukkapioo.meb.k12.tr/,2026-10-01T18:44:28.621497+00:00,,Öğrenci Sayısı : 24
Erzurum,Pasinler,Otlukkapı İlkokulu,712738,İlkokul,https://otlukkapiilkokuklu.meb.k12.tr,,,https://otlukkapiilkokuklu.meb.k12.tr/tema/harita.php,2026-08-31,42,42,bulundu,https://otlukkapiilkokuklu.meb.k12.tr/,2026-10-01T18:44:28.673005+00:00,,Öğrenci Sayısı 42
Erzurum,Pasinler,Pasinler Anadolu Lisesi,879236,Anadolu Lisesi,https://pasinleranadolulisesi.meb.k12.tr,,,https://pasinleranadolulisesi.meb.k12.tr/tema/harita.php,2026-08-31,202,202,bulundu,https://pasinleranadolulisesi.meb.k12.tr/tema/okulumuz_hakkinda.php,2026-10-01T18:44:28.792237+00:00,,Öğrenci : 202
Erzurum,Pasinler,Pasinler Anadolu İmam Hatip Lisesi,147447,Anadolu İmam Hatip Lisesi,https://pasinleraihl.meb.k12.tr,,,https://pasinleraihl.meb.k12.tr/tema/harita.php,2026-08-31,166,166,bulundu,https://pasinleraihl.meb.k12.tr/,2026-10-01T18:44:28.912113+00:00,,Öğrenci Sayısı 166
Erzurum,Pasinler,Pasinler AtatürkYatılı Bölge Ortaokulu,747950,Ortaokul,https://pasinlerataturkybo.meb.k12.tr,,,https://pasinlerataturkybo.meb.k12.tr/tema/harita.php,2026-08-31,246,246,bulundu,https://pasinlerataturkybo.meb.k12.tr/,2026-10-01T18:44:28.993578+00:00,,Öğrenci Sayısı 246
Erzurum,Pasinler,Pasinler Halk Eğitimi Merkezi,147459,Halk Eğitimi Merkezi,https://pasinlerhalkegitim.meb.k12.tr,,,https://pasinlerhalkegitim.meb.k12.tr/tema/harita.php,2026-08-31,,,bulunamadi,,2026-10-01T18:44:28.998859+00:00,,
Erzurum,Pasinler,Pasinler Küçüktüy İlkokulu,712773,İlkokul,https://pasinlerkucuktuyilkokulu.meb.k12.tr,,,https://pasinlerkucuktuyilkokulu.meb.k12.tr/tema/harita.php,2026-08-31,7,7,bulundu,https://pasinlerkucuktuyilkokulu.meb.k12.tr/tema/okulumuz_hakkinda.php,2026-10-01T18:44:29.023880+00:00,,Öğrenci : 7
Erzurum,Pasinler,Pasinler Ortaokulu,750366,Ortaokul,https://pasinlerortaokulu.meb.k12.tr,,,https://pasinlerortaokulu.meb.k12.tr/tema/harita.php,2026-08-31,161,161,bulundu,https://pasinlerortaokulu.meb.k12.tr/,2026-10-01T18:44:29.117018+00:00,,Öğrenci Sayısı : 161
Erzurum,Pasinler,Porsuk İlkokulu,712757,İlkokul,https://pasinlerporsukilkokulu.meb.k12.tr,,,https://pasinlerporsukilkokulu.meb.k12.tr/tema/harita.php,2026-08-31,13,13,bulundu,https://pasinlerporsukilkokulu.meb.k12.tr/,2026-10-01T18:44:29.120108+00:00,,Öğrenci Sayısı 13
Erzurum,Pasinler,Saksı İlkokulu,712780,İlkokul,https://saksiilkokulu.meb.k12.tr,,,https://saksiilkokulu.meb.k12.tr/tema/harita.php,2026-08-31,23,23,bulundu,https://saksiilkokulu.meb.k12.tr/,2026-10-01T18:44:29.129183+00:00,,Öğrenci Sayısı: 23
Erzurum,Pasinler,Sebahattin Eryurt Anaokulu,757279,Anaokulu,https://sebahattineryurtanaokulu.meb.k12.tr,,,https://sebahattineryurtanaokulu.meb.k12.tr/tema/harita.php,2026-08-31,114,114,bulundu,https://sebahattineryurtanaokulu.meb.k12.tr/,2026-10-01T18:44:29.149792+00:00,,Öğrenci Sayısı: 114
Erzurum,Pasinler,Serçeboğazı İlkokulu,712781,İlkokul,https://sercebogaziilkokulu.meb.k12.tr,,,https://sercebogaziilkokulu.meb.k12.tr/tema/harita.php,2026-08-31,33,33,bulundu,https://sercebogaziilkokulu.meb.k12.tr/,2026-10-01T18:44:29.573555+00:00,,Öğrenci Sayısı : 33
Erzurum,Pasinler,Sunak İlkokulu,771241,İlkokul,https://pasinlersunakilkokulu.meb.k12.tr,,,https://pasinlersunakilkokulu.meb.k12.tr/tema/harita.php,2026-08-31,1,1,bulundu,https://pasinlersunakilkokulu.meb.k12.tr/,2026-10-01T18:44:29.595343+00:00,,Öğrenci Sayısı 1
Erzurum,Pasinler,TOBB Efkan Ala İmam Hatip Ortaokulu,718774,İmam Hatip Ortaokulu,https://tobbefkanalaiho.meb.k12.tr,,,https://tobbefkanalaiho.meb.k12.tr/tema/harita.php,2026-08-31,337,337,bulundu,https://tobbefkanalaiho.meb.k12.tr/,2026-10-01T18:44:29.599986+00:00,,Öğrenci Sayısı 337
Erzurum,Pasinler,Taşağıl İlkokulu,712785,İlkokul,https://tasagil.meb.k12.tr,,,https://tasagil.meb.k12.tr/tema/harita.php,2026-08-31,,,bulunamadi,,2026-10-01T18:44:29.648955+00:00,,
Erzurum,Pasinler,Taşkaynak İhsan Göksu Ortaokulu,712751,Ortaokul,https://taskaynak.meb.k12.tr,,,https://taskaynak.meb.k12.tr/tema/harita.php,2026-08-31,,,bulunamadi,,2026-10-01T18:44:29.683508+00:00,,
Erzurum,Pasinler,Taşkaynak İlkokulu,712750,İlkokul,https://taskaynakilkokulu.meb.k12.tr,,,https://taskaynakilkokulu.meb.k12.tr/tema/harita.php,2026-08-31,36,36,bulundu,https://taskaynakilkokulu.meb.k12.tr/,2026-10-01T18:44:29.686334+00:00,,Öğrenci Sayısı 36
Erzurum,Pasinler,Taşlıgüney İlkokulu,712787,İlkokul,https://tasliguney.meb.k12.tr,,,https://tasliguney.meb.k12.tr/tema/harita.php,2026-08-31,21,21,bulundu,https://tasliguney.meb.k12.tr/,2026-10-01T18:44:29.720825+00:00,,Öğrenci Sayısı : 21
Erzurum,Pasinler,Taşlıyurt İlkokulu,775809,İlkokul,https://pasinlertasliyurtilkokulu.meb.k12.tr,,,https://pasinlertasliyurtilkokulu.meb.k12.tr/tema/harita.php,2026-08-31,7,7,bulundu,https://pasinlertasliyurtilkokulu.meb.k12.tr/,2026-10-01T18:44:29.913928+00:00,,Öğrenci Sayısı : 7
Erzurum,Pasinler,Tepecik İlkokulu,740916,İlkokul,https://tepecikio25.meb.k12.tr,,,https://tepecikio25.meb.k12.tr/tema/harita.php,2026-08-31,17,17,bulundu,https://tepecikio25.meb.k12.tr/,2026-10-01T18:44:29.927891+00:00,,Öğrenci Sayısı: 17
Erzurum,Pasinler,Uzunark İlkokulu,712792,İlkokul,https://uzunarkilkokulu.meb.k12.tr,,,https://uzunarkilkokulu.meb.k12.tr/tema/harita.php,2026-08-31,20,20,bulundu,https://uzunarkilkokulu.meb.k12.tr/,2026-10-01T18:44:30.027749+00:00,,Öğrenci Sayısı 20
Erzurum,Pasinler,Yastıktepe İlkokulu,503394,İlkokul,https://yastiktepe.meb.k12.tr,,,https://yastiktepe.meb.k12.tr/tema/harita.php,2026-08-31,22,22,bulundu,https://yastiktepe.meb.k12.tr/,2026-10-01T18:44:30.101273+00:00,,Öğrenci Sayısı: 22
Erzurum,Pasinler,Yavuzlu İlkokulu,712794,İlkokul,https://yavuzlu.meb.k12.tr,,,https://yavuzlu.meb.k12.tr/tema/harita.php,2026-08-31,30,30,bulundu,https://yavuzlu.meb.k12.tr/,2026-10-01T18:44:30.121226+00:00,,Öğrenci Sayısı 30
Erzurum,Pasinler,Yeniköy İlkokulu,712796,İlkokul,https://pasinleryenikoy.meb.k12.tr,,,https://pasinleryenikoy.meb.k12.tr/tema/harita.php,2026-08-31,19,19,bulundu,https://pasinleryenikoy.meb.k12.tr/tema/okulumuz_hakkinda.php,2026-10-01T18:44:30.160793+00:00,,Öğrenci : 19
Erzurum,Pasinler,Yiğittaşı İlkokulu,712798,İlkokul,https://yigittasiilkokulu.meb.k12.tr,,,https://yigittasiilkokulu.meb.k12.tr/tema/harita.php,2026-08-31,29,29,bulundu,https://yigittasiilkokulu.meb.k12.tr/,2026-10-01T18:44:30.165915+00:00,,Öğrenci Sayısı : 29
Erzurum,Pasinler,Yukarı Çakmak İlkokulu,761705,İlkokul,https://yukaricakmakilkokulu.meb.k12.tr,,,https://yukaricakmakilkokulu.meb.k12.tr/tema/harita.php,2026-08-31,14,14,bulundu,https://yukaricakmakilkokulu.meb.k12.tr/,2026-10-01T18:44:30.366502+00:00,,Öğrenci Sayısı 14
Erzurum,Pasinler,Çakırtaş İlkokulu,712765,İlkokul,https://cakirtasio.meb.k12.tr,,,https://cakirtasio.meb.k12.tr/tema/harita.php,2026-08-31,46,46,bulundu,https://cakirtasio.meb.k12.tr/,2026-10-01T18:44:30.468179+00:00,,Öğrenci Sayısı 46
Erzurum,Pasinler,Çalıyazı İlkokulu,712766,İlkokul,https://caliyaziilkokulu.meb.k12.tr,,,https://caliyaziilkokulu.meb.k12.tr/tema/harita.php,2026-08-31,11,11,bulundu,https://caliyaziilkokulu.meb.k12.tr/,2026-10-01T18:44:30.603636+00:00,,Öğrenci Sayısı : 11
Erzurum,Pasinler,Çamlıca İlkokulu,712767,İlkokul,https://pasinlercamlicailkokulu.meb.k12.tr,,,https://pasinlercamlicailkokulu.meb.k12.tr/tema/harita.php,2026-08-31,25,25,bulundu,https://pasinlercamlicailkokulu.meb.k12.tr/,2026-10-01T18:44:31.103885+00:00,,Öğrenci Sayısı : 25
Erzurum,Pasinler,Çiçekli İlkokulu,774762,İlkokul,https://ciceklikoyuilkokulu.meb.k12.tr,,,https://ciceklikoyuilkokulu.meb.k12.tr/tema/harita.php,2026-08-31,4,4,bulundu,https://ciceklikoyuilkokulu.meb.k12.tr/,2026-10-01T18:44:31.132785+00:00,,Öğrenci Sayısı 4
Erzurum,Pasinler,Çöğender Ortaokulu,735972,Ortaokul,https://cogenderortaokulu.meb.k12.tr,,,https://cogenderortaokulu.meb.k12.tr/tema/harita.php,2026-08-31,37,37,bulundu,https://cogenderortaokulu.meb.k12.tr/,2026-10-01T18:44:31.172361+00:00,,Öğrenci Sayısı : 37
Erzurum,Pasinler,Çöğender İlkokulu,740926,İlkokul,https://cogenderio.meb.k12.tr,,,https://cogenderio.meb.k12.tr/tema/harita.php,2026-08-31,36,36,bulundu,https://cogenderio.meb.k12.tr/,2026-10-01T18:44:31.215440+00:00,,Öğrenci Sayısı : 36
Erzurum,Pasinler,Övenler İlkokulu,503561,İlkokul,https://ovenler.meb.k12.tr,,,https://ovenler.meb.k12.tr/tema/harita.php,2026-08-31,20,20,bulundu,https://ovenler.meb.k12.tr/,2026-10-01T18:44:31.218385+00:00,,Öğrenci Sayısı : 20
Erzurum,Pasinler,Üğümü İlkokulu,712790,İlkokul,https://ugumuilkokulu.meb.k12.tr,,,https://ugumuilkokulu.meb.k12.tr/tema/harita.php,2026-08-31,33,33,bulundu,https://ugumuilkokulu.meb.k12.tr/,2026-10-01T18:44:31.302089+00:00,,Öğrenci Sayısı: 33
Erzurum,Pasinler,İbrahim Hakkı İlkokulu,712670,İlkokul,https://ibrahimhakkiio.meb.k12.tr,,,https://ibrahimhakkiio.meb.k12.tr/tema/harita.php,2026-08-31,142,142,bulundu,https://ibrahimhakkiio.meb.k12.tr/,2026-10-01T18:44:31.320976+00:00,,Öğrenci Sayısı : 142
Erzurum,Pasinler,İbrahim Hakkı İmam Hatip Ortaokulu,764355,İmam Hatip Ortaokulu,https://ibrahimhakkiiho.meb.k12.tr,,,https://ibrahimhakkiiho.meb.k12.tr/tema/harita.php,2026-08-31,78,78,bulundu,https://ibrahimhakkiiho.meb.k12.tr/,2026-10-01T18:44:31.363279+00:00,,Öğrenci Sayısı : 78
Erzurum,Pasinler,Şehit Ali Çavuş İlkokulu,712696,İlkokul,https://sehitalicavusilkokulu.meb.k12.tr,,,https://sehitalicavusilkokulu.meb.k12.tr/tema/harita.php,2026-08-31,114,114,bulundu,https://sehitalicavusilkokulu.meb.k12.tr/,2026-10-01T18:44:31.372664+00:00,,Öğrenci Sayısı : 114
Erzurum,Pasinler,Şehit Ferdi Sefa Kılıç İlkokulu,712728,İlkokul,https://sehitferdisefakilicio.meb.k12.tr,,,https://sehitferdisefakilicio.meb.k12.tr/tema/harita.php,2026-08-31,13,13,bulundu,https://sehitferdisefakilicio.meb.k12.tr/,2026-10-01T18:44:31.473003+00:00,,Öğrenci Sayısı: 13
Erzurum,Pasinler,Şehit Nurullah Doğan İlkokulu,712783,İlkokul,https://yaylada.meb.k12.tr,,,https://yaylada.meb.k12.tr/tema/harita.php,2026-08-31,24,24,bulundu,https://yaylada.meb.k12.tr/,2026-10-01T18:44:31.566191+00:00,,Öğrenci Sayısı 24
Erzurum,Pasinler,Şehit Polis Murat Bayram İlkokulu,503788,İlkokul,https://sehitpolismuratbayram.meb.k12.tr,,,https://sehitpolismuratbayram.meb.k12.tr/tema/harita.php,2026-08-31,11,11,bulundu,https://sehitpolismuratbayram.meb.k12.tr/,2026-10-01T18:44:31.760475+00:00,,Öğrenci Sayısı: 11
Erzurum,Pasinler,Şehit İlhami Koçak Ortaokulu,712724,Ortaokul,https://sehitilhamikocakoo.meb.k12.tr,,,https://sehitilhamikocakoo.meb.k12.tr/tema/harita.php,2026-08-31,60,60,bulundu,https://sehitilhamikocakoo.meb.k12.tr/,2026-10-01T18:44:31.779892+00:00,,Öğrenci Sayısı : 60
Erzurum,Pasinler,Şehit İlhami Koçak İlkokulu,712722,İlkokul,https://sehitilhamikocakio.meb.k12.tr,,,https://sehitilhamikocakio.meb.k12.tr/tema/harita.php,2026-08-31,69,69,bulundu,https://sehitilhamikocakio.meb.k12.tr/,2026-10-01T18:44:31.924881+00:00,,Öğrenci Sayısı: 69
Erzurum,Pazaryolu,Hasan Basri Demirbağ Çok Programlı Anadolu Lisesi,326354,Çok Programlı Anadolu Lisesi,https://hbdcpal.meb.k12.tr,,,https://hbdcpal.meb.k12.tr/tema/harita.php,2026-08-31,36,36,bulundu,https://hbdcpal.meb.k12.tr/,2026-10-01T18:44:32.038685+00:00,,Öğrenci Sayısı 36
Erzurum,Pazaryolu,Hazık Mehmet Efendi İmam Hatip Ortaokulu,758690,İmam Hatip Ortaokulu,https://hazikmehmetefendiiho.meb.k12.tr,,,https://hazikmehmetefendiiho.meb.k12.tr/tema/harita.php,2026-08-31,26,26,bulundu,https://hazikmehmetefendiiho.meb.k12.tr/,2026-10-01T18:44:32.052318+00:00,,Öğrenci Sayısı 26
Erzurum,Pazaryolu,Karataş İlkokulu,768649,İlkokul,https://karatasio.meb.k12.tr,,,https://karatasio.meb.k12.tr/tema/harita.php,2026-08-31,5,5,bulundu,https://karatasio.meb.k12.tr/,2026-10-01T18:44:32.190414+00:00,,Öğrenci Sayısı: 5
Erzurum,Pazaryolu,Konakyeri Ortaokulu,709915,Ortaokul,https://konakyeriortaokulu.meb.k12.tr,,,https://konakyeriortaokulu.meb.k12.tr/tema/harita.php,2026-08-31,19,19,bulundu,https://konakyeriortaokulu.meb.k12.tr/tema/okulumuz_hakkinda.php,2026-10-01T18:44:32.219218+00:00,,Öğrenci : 19
Erzurum,Pazaryolu,Konakyeri İlkokulu,709923,İlkokul,https://konakyeriilkokulu.meb.k12.tr,,,https://konakyeriilkokulu.meb.k12.tr/tema/harita.php,2026-08-31,28,28,bulundu,https://konakyeriilkokulu.meb.k12.tr/,2026-10-01T18:44:32.242501+00:00,,Öğrenci Sayısı: 28
Erzurum,Pazaryolu,Pazaryolu 75.Yıl Yatılı Bölge Ortaokulu,965705,Ortaokul,https://pazaryoluybo.meb.k12.tr,,,https://pazaryoluybo.meb.k12.tr/tema/harita.php,2026-08-31,45,45,bulundu,https://pazaryoluybo.meb.k12.tr/,2026-10-01T18:44:32.350324+00:00,,Öğrenci Sayısı 45
Erzurum,Pazaryolu,Pazaryolu Halk Eğitimi Merkezi,230227,Halk Eğitimi Merkezi,https://pazaryoluhem.meb.k12.tr,,,https://pazaryoluhem.meb.k12.tr/tema/harita.php,2026-08-31,,,bulunamadi,,2026-10-01T18:44:32.363636+00:00,,
Erzurum,Pazaryolu,Pazaryolu Öğretmenevi ve Akşam Sanat Okulu,971154,Öğretmenevi,https://pazaryoluogretmenevi.meb.k12.tr,,,https://pazaryoluogretmenevi.meb.k12.tr/tema/harita.php,2026-08-31,,,bulunamadi,,2026-10-01T18:44:32.484353+00:00,,
Erzurum,Pazaryolu,Sefer Zengin İlkokulu,887965,İlkokul,https://seferzenginio.meb.k12.tr,,,https://seferzenginio.meb.k12.tr/tema/harita.php,2026-08-31,102,102,bulundu,https://seferzenginio.meb.k12.tr/,2026-10-01T18:44:32.569229+00:00,,Öğrenci Sayısı: 102
Erzurum,Pazaryolu,Şehit Ali İlhan İlkokulu,887881,İlkokul,https://sehitaliilhanilkokulu.meb.k12.tr,,,https://sehitaliilhanilkokulu.meb.k12.tr/tema/harita.php,2026-08-31,6,6,bulundu,https://sehitaliilhanilkokulu.meb.k12.tr/,2026-10-01T18:44:32.640282+00:00,,Öğrenci Sayısı: 6
Erzurum,Tekman,Akdamar Ortaokulu,716664,Ortaokul,https://akdamarortaokulu.meb.k12.tr,,,https://akdamarortaokulu.meb.k12.tr/tema/harita.php,2026-08-31,47,47,bulundu,https://akdamarortaokulu.meb.k12.tr/,2026-10-01T18:44:32.650460+00:00,,Öğrenci Sayısı 47
Erzurum,Tekman,Akdamar İlkokulu,716661,İlkokul,https://akdamario.meb.k12.tr,,,https://akdamario.meb.k12.tr/tema/harita.php,2026-08-31,39,39,bulundu,https://akdamario.meb.k12.tr/,2026-10-01T18:44:32.681789+00:00,,Öğrenci Sayısı: 39
Erzurum,Tekman,Akdağ İlkokulu,713881,İlkokul,https://akdagio.meb.k12.tr,,,https://akdagio.meb.k12.tr/tema/harita.php,2026-08-31,7,7,bulundu,https://akdagio.meb.k12.tr/,2026-10-01T18:44:32.701920+00:00,,Öğrenci Sayısı: 7
Erzurum,Tekman,Akpınar İlkokulu,771879,İlkokul,https://771879.meb.k12.tr,,,https://771879.meb.k12.tr/tema/harita.php,2026-08-31,0,0,bulundu,https://771879.meb.k12.tr/,2026-10-01T18:44:32.722793+00:00,,Öğrenci Sayısı : 0
Erzurum,Tekman,Akçakoca İlkokulu,771880,İlkokul,https://771880.meb.k12.tr,,,https://771880.meb.k12.tr/tema/harita.php,2026-08-31,14,14,bulundu,https://771880.meb.k12.tr/,2026-10-01T18:44:33.232029+00:00,,Öğrenci Sayısı: 14
Erzurum,Tekman,Alabayır İlkokulu,887607,İlkokul,https://alabayirio.meb.k12.tr,,,https://alabayirio.meb.k12.tr/tema/harita.php,2026-08-31,8,8,bulundu,https://alabayirio.meb.k12.tr/,2026-10-01T18:44:33.266242+00:00,,Öğrenci Sayısı: 8
Erzurum,Tekman,Atatürk İlkokulu,713918,İlkokul,https://tekmanataturkio.meb.k12.tr,,,https://tekmanataturkio.meb.k12.tr/tema/harita.php,2026-08-31,214,214,bulundu,https://tekmanataturkio.meb.k12.tr/,2026-10-01T18:44:33.289816+00:00,,Öğrenci Sayısı : 214
Erzurum,Tekman,Aşağı Hanbeyli İlkokulu,853354,İlkokul,https://asagihanbeyliio.meb.k12.tr,,,https://asagihanbeyliio.meb.k12.tr/tema/harita.php,2026-08-31,14,14,bulundu,https://asagihanbeyliio.meb.k12.tr/,2026-10-01T18:44:33.317942+00:00,,Öğrenci Sayısı : 14
Erzurum,Tekman,Beyköyü Ortaokulu,716685,Ortaokul,https://beykoyoo.meb.k12.tr,,,https://beykoyoo.meb.k12.tr/tema/harita.php,2026-08-31,34,34,bulundu,https://beykoyoo.meb.k12.tr/,2026-10-01T18:44:33.387588+00:00,,Öğrenci Sayısı 34
Erzurum,Tekman,Beyköyü İlkokulu,716681,İlkokul,https://beykoyuio.meb.k12.tr,,,https://beykoyuio.meb.k12.tr/tema/harita.php,2026-08-31,42,42,bulundu,https://beykoyuio.meb.k12.tr/,2026-10-01T18:44:33.432499+00:00,,Öğrenci Sayısı 42
Erzurum,Tekman,Beşdere İlkokulu,853348,İlkokul,https://besdereio.meb.k12.tr,,,https://besdereio.meb.k12.tr/tema/harita.php,2026-08-31,7,7,bulundu,https://besdereio.meb.k12.tr/,2026-10-01T18:44:33.544810+00:00,,Öğrenci Sayısı 7
Erzurum,Tekman,Cumhuriyet Ortaokulu,887994,Ortaokul,https://tekmancumhuriyetoo.meb.k12.tr,,,https://tekmancumhuriyetoo.meb.k12.tr/tema/harita.php,2026-08-31,343,343,bulundu,https://tekmancumhuriyetoo.meb.k12.tr/,2026-10-01T18:44:33.653680+00:00,,Öğrenci Sayısı : 343
Erzurum,Tekman,Dalsöğüt Ortaokulu,716743,Ortaokul,https://dalsogutoo.meb.k12.tr,,,https://dalsogutoo.meb.k12.tr/tema/harita.php,2026-08-31,51,51,bulundu,https://dalsogutoo.meb.k12.tr/,2026-10-01T18:44:33.704656+00:00,,Öğrenci Sayısı 51
Erzurum,Tekman,Dalsöğüt İlkokulu,716740,İlkokul,https://dalsogutio.meb.k12.tr,,,https://dalsogutio.meb.k12.tr/tema/harita.php,2026-08-31,29,29,bulundu,https://dalsogutio.meb.k12.tr/,2026-10-01T18:44:33.864924+00:00,,Öğrenci Sayısı 29
Erzurum,Tekman,Deliler İlkokulu,716335,İlkokul,https://tekmandelilerilkokulu.meb.k12.tr,,,https://tekmandelilerilkokulu.meb.k12.tr/tema/harita.php,2026-08-31,4,4,bulundu,https://tekmandelilerilkokulu.meb.k12.tr/,2026-10-01T18:44:33.878398+00:00,,Öğrenci Sayısı : 4
Erzurum,Tekman,Dengiz İlkokulu,716346,İlkokul,https://dengiz.meb.k12.tr,,,https://dengiz.meb.k12.tr/tema/harita.php,2026-08-31,21,21,bulundu,https://dengiz.meb.k12.tr/,2026-10-01T18:44:33.973833+00:00,,Öğrenci Sayısı: 21
Erzurum,Tekman,Düzyurt Tazeköy İlkokulu,853228,İlkokul,https://duzyurttazekoyio.meb.k12.tr,,,https://duzyurttazekoyio.meb.k12.tr/tema/harita.php,2026-08-31,6,6,bulundu,https://duzyurttazekoyio.meb.k12.tr/,2026-10-01T18:44:34.013858+00:00,,Öğrenci Sayısı: 6
Erzurum,Tekman,Düzyurt Şehit Ali Bulut Ortaokulu,716747,Ortaokul,https://duzyurtoo.meb.k12.tr,,,https://duzyurtoo.meb.k12.tr/tema/harita.php,2026-08-31,54,54,bulundu,https://duzyurtoo.meb.k12.tr/,2026-10-01T18:44:34.242459+00:00,,Öğrenci Sayısı 54
Erzurum,Tekman,Düzyurt Şehit Ali Bulut İlkokulu,716745,İlkokul,https://duzyurtio.meb.k12.tr,,,https://duzyurtio.meb.k12.tr/tema/harita.php,2026-08-31,111,111,bulundu,https://duzyurtio.meb.k12.tr/,2026-10-01T18:44:34.334397+00:00,,Öğrenci Sayısı 111
Erzurum,Tekman,Düzyurt Şehit Ali Bulut İmam Hatip Ortaokulu,764371,İmam Hatip Ortaokulu,https://duzyurtihoo.meb.k12.tr,,,https://duzyurtihoo.meb.k12.tr/tema/harita.php,2026-08-31,46,46,bulundu,https://duzyurtihoo.meb.k12.tr/,2026-10-01T18:44:34.377928+00:00,,Öğrenci Sayısı 46
Erzurum,Tekman,Erence İlkokulu,716368,İlkokul,https://tekmanerenceilkokulu.meb.k12.tr,,,https://tekmanerenceilkokulu.meb.k12.tr/tema/harita.php,2026-08-31,22,22,bulundu,https://tekmanerenceilkokulu.meb.k12.tr/,2026-10-01T18:44:34.548033+00:00,,Öğrenci Sayısı 22
Erzurum,Tekman,Geçit İlkokulu,976922,İlkokul,https://tekmangecitio.meb.k12.tr,,,https://tekmangecitio.meb.k12.tr/tema/harita.php,2026-08-31,22,22,bulundu,https://tekmangecitio.meb.k12.tr/,2026-10-01T18:44:34.551987+00:00,,Öğrenci Sayısı 22
Erzurum,Tekman,Gökoğlan Ortaokulu,716760,Ortaokul,https://gokoglanortaokulu.meb.k12.tr,,,https://gokoglanortaokulu.meb.k12.tr/tema/harita.php,2026-08-31,49,49,bulundu,https://gokoglanortaokulu.meb.k12.tr/,2026-10-01T18:44:34.558033+00:00,,Öğrenci Sayısı 49
Erzurum,Tekman,Gökoğlan İlkokulu,716756,İlkokul,https://gokoglanilkokulu.meb.k12.tr,,,https://gokoglanilkokulu.meb.k12.tr/tema/harita.php,2026-08-31,45,45,bulundu,https://gokoglanilkokulu.meb.k12.tr/,2026-10-01T18:44:34.748422+00:00,,Öğrenci Sayısı: 45
Erzurum,Tekman,Gümüşlük İlkokulu,771878,İlkokul,https://771878.meb.k12.tr,,,https://771878.meb.k12.tr/tema/harita.php,2026-08-31,14,14,bulundu,https://771878.meb.k12.tr/,2026-10-01T18:44:34.763106+00:00,,Öğrenci Sayısı : 14
Erzurum,Tekman,Gündamı İlkokulu,716401,İlkokul,https://gundami.meb.k12.tr,,,https://gundami.meb.k12.tr/tema/harita.php,2026-08-31,27,27,bulundu,https://gundami.meb.k12.tr/,2026-10-01T18:44:34.917344+00:00,,Öğrenci Sayısı : 27
Erzurum,Tekman,Gürgür İlkokulu,771986,İlkokul,https://771986.meb.k12.tr,,,https://771986.meb.k12.tr/tema/harita.php,2026-08-31,6,6,bulundu,https://771986.meb.k12.tr/,2026-10-01T18:44:35.008141+00:00,,Öğrenci Sayısı: 6
Erzurum,Tekman,Güzeldere Ortaokulu,716852,Ortaokul,https://guzeldereortaokulu.meb.k12.tr,,,https://guzeldereortaokulu.meb.k12.tr/tema/harita.php,2026-08-31,55,55,bulundu,https://guzeldereortaokulu.meb.k12.tr/,2026-10-01T18:44:35.112839+00:00,,Öğrenci Sayısı : 55
Erzurum,Tekman,Güzeldere İlkokulu,716848,İlkokul,https://guzeldereilkokulu.meb.k12.tr,,,https://guzeldereilkokulu.meb.k12.tr/tema/harita.php,2026-08-31,68,68,bulundu,https://guzeldereilkokulu.meb.k12.tr/,2026-10-01T18:44:35.131250+00:00,,Öğrenci Sayısı : 68
Erzurum,Tekman,Hacıömer Ortaokulu,716863,Ortaokul,https://haciomerortaokulu.meb.k12.tr,,,https://haciomerortaokulu.meb.k12.tr/tema/harita.php,2026-08-31,70,70,bulundu,https://haciomerortaokulu.meb.k12.tr/,2026-10-01T18:44:35.186791+00:00,,Öğrenci Sayısı: 70
Erzurum,Tekman,Hacıömer İlkokulu,716860,İlkokul,https://haciomer25.meb.k12.tr,,,https://haciomer25.meb.k12.tr/tema/harita.php,2026-08-31,60,60,bulundu,https://haciomer25.meb.k12.tr/,2026-10-01T18:44:35.213661+00:00,,Öğrenci Sayısı: 60
Erzurum,Tekman,Hazanlar İlkokulu,716435,İlkokul,https://hazanlario.meb.k12.tr,,,https://hazanlario.meb.k12.tr/tema/harita.php,2026-08-31,27,27,bulundu,https://hazanlario.meb.k12.tr/,2026-10-01T18:44:35.273805+00:00,,Öğrenci Sayısı: 27
Erzurum,Tekman,Hürriyet İlkokulu,716445,İlkokul,https://tekmanhurriyet.meb.k12.tr,,,https://tekmanhurriyet.meb.k12.tr/tema/harita.php,2026-08-31,17,17,bulundu,https://tekmanhurriyet.meb.k12.tr/,2026-10-01T18:44:35.353649+00:00,,Öğrenci Sayısı: 17
Erzurum,Tekman,Ilıgöze İlkokulu,716470,İlkokul,https://tekmaniligoze.meb.k12.tr,,,https://tekmaniligoze.meb.k12.tr/tema/harita.php,2026-08-31,21,21,bulundu,https://tekmaniligoze.meb.k12.tr/,2026-10-01T18:44:35.386645+00:00,,Öğrenci Sayısı: 21
Erzurum,Tekman,Kalaycı Ortaokulu,716877,Ortaokul,https://kalayciortaokulu.meb.k12.tr,,,https://kalayciortaokulu.meb.k12.tr/tema/harita.php,2026-08-31,59,59,bulundu,https://kalayciortaokulu.meb.k12.tr/,2026-10-01T18:44:35.673884+00:00,,Öğrenci Sayısı 59
Erzurum,Tekman,Kalaycı İlkokulu,716873,İlkokul,https://kalayciio.meb.k12.tr,,,https://kalayciio.meb.k12.tr/tema/harita.php,2026-08-31,58,58,bulundu,https://kalayciio.meb.k12.tr/,2026-10-01T18:44:35.717862+00:00,,Öğrenci Sayısı 58
Erzurum,Tekman,Karapınar Ortaokulu,757336,Ortaokul,https://tekmankarapinarioo.meb.k12.tr,,,https://tekmankarapinarioo.meb.k12.tr/tema/harita.php,2026-08-31,28,28,bulundu,https://tekmankarapinarioo.meb.k12.tr/,2026-10-01T18:44:35.745842+00:00,,Öğrenci Sayısı: 28
Erzurum,Tekman,Karapınar İlkokulu,853536,İlkokul,https://tekmankarapnar.meb.k12.tr,,,https://tekmankarapnar.meb.k12.tr/tema/harita.php,2026-08-31,26,26,bulundu,https://tekmankarapnar.meb.k12.tr/,2026-10-01T18:44:35.782302+00:00,,Öğrenci Sayısı: 26
Erzurum,Tekman,Karlıca Ortaokulu,716885,Ortaokul,https://karlicaoo.meb.k12.tr,,,https://karlicaoo.meb.k12.tr/tema/harita.php,2026-08-31,45,45,bulundu,https://karlicaoo.meb.k12.tr/,2026-10-01T18:44:35.812292+00:00,,Öğrenci Sayısı 45
Erzurum,Tekman,Karlıca İlkokulu,716880,İlkokul,https://karlicaio.meb.k12.tr,,,https://karlicaio.meb.k12.tr/tema/harita.php,2026-08-31,52,52,bulundu,https://karlicaio.meb.k12.tr/,2026-10-01T18:44:35.974300+00:00,,Öğrenci Sayısı 52
Erzurum,Tekman,Katranlı Şehit Ragıp Köse Ortaokulu,717040,Ortaokul,https://katranlisrkortaokulu.meb.k12.tr,,,https://katranlisrkortaokulu.meb.k12.tr/tema/harita.php,2026-08-31,28,28,bulundu,https://katranlisrkortaokulu.meb.k12.tr/,2026-10-01T18:44:36.201750+00:00,,Öğrenci Sayısı 28
Erzurum,Tekman,Katranlı Şehit Ragıp Köse İlkokulu,717030,İlkokul,https://katranlisrkilkokulu.meb.k12.tr,,,https://katranlisrkilkokulu.meb.k12.tr/tema/harita.php,2026-08-31,54,54,bulundu,https://katranlisrkilkokulu.meb.k12.tr/,2026-10-01T18:44:36.207724+00:00,,Öğrenci Sayısı: 54
Erzurum,Tekman,Kayaboğaz İlkokulu,716497,İlkokul,https://kayabogazio.meb.k12.tr,,,https://kayabogazio.meb.k12.tr/tema/harita.php,2026-08-31,15,15,bulundu,https://kayabogazio.meb.k12.tr/,2026-10-01T18:44:36.234600+00:00,,Öğrenci Sayısı: 15
Erzurum,Tekman,Kazancık İlkokulu,772230,İlkokul,https://772230.meb.k12.tr,,,https://772230.meb.k12.tr/tema/harita.php,2026-08-31,4,4,bulundu,https://772230.meb.k12.tr/,2026-10-01T18:44:36.244492+00:00,,Öğrenci Sayısı: 4
Erzurum,Tekman,Koçyayla Ortaokulu,717061,Ortaokul,https://kocyaylaoo.meb.k12.tr,,,https://kocyaylaoo.meb.k12.tr/tema/harita.php,2026-08-31,65,65,bulundu,https://kocyaylaoo.meb.k12.tr/,2026-10-01T18:44:36.297803+00:00,,Öğrenci Sayısı 65
Erzurum,Tekman,Koçyayla Uslu Osman İncesu İlkokulu,713993,İlkokul,https://kocyaylausluio.meb.k12.tr,,,https://kocyaylausluio.meb.k12.tr/tema/harita.php,2026-08-31,5,5,bulundu,https://kocyaylausluio.meb.k12.tr/,2026-10-01T18:44:36.317465+00:00,,Öğrenci Sayısı 5
Erzurum,Tekman,Koçyayla İlkokulu,717058,İlkokul,https://kocyaylaio.meb.k12.tr,,,https://kocyaylaio.meb.k12.tr/tema/harita.php,2026-08-31,55,55,bulundu,https://kocyaylaio.meb.k12.tr/,2026-10-01T18:44:36.372824+00:00,,Öğrenci Sayısı 55
Erzurum,Tekman,Körsu İlkokulu,771877,İlkokul,https://771877.meb.k12.tr,,,https://771877.meb.k12.tr/tema/harita.php,2026-08-31,,,bulunamadi,,2026-10-01T18:44:36.399567+00:00,,
Erzurum,Tekman,Küllü İlkokulu,976867,İlkokul,https://kulluilkokulu.meb.k12.tr,,,https://kulluilkokulu.meb.k12.tr/tema/harita.php,2026-08-31,19,19,bulundu,https://kulluilkokulu.meb.k12.tr/,2026-10-01T18:44:36.537873+00:00,,Öğrenci Sayısı: 19
Erzurum,Tekman,Kırıkhan Ortaokulu,717054,Ortaokul,https://tekmankirikhanoo.meb.k12.tr,,,https://tekmankirikhanoo.meb.k12.tr/tema/harita.php,2026-08-31,48,48,bulundu,https://tekmankirikhanoo.meb.k12.tr/,2026-10-01T18:44:36.552575+00:00,,Öğrenci Sayısı : 48
Erzurum,Tekman,Kırıkhan Yamanlar İlkokulu,746551,İlkokul,https://kirikhanyamanlario.meb.k12.tr,,,https://kirikhanyamanlario.meb.k12.tr/tema/harita.php,2026-08-31,28,28,bulundu,https://kirikhanyamanlario.meb.k12.tr/,2026-10-01T18:44:36.558995+00:00,,Öğrenci Sayısı: 28
Erzurum,Tekman,Kırıkhan İlkokulu,717045,İlkokul,https://tekmankirikhanio.meb.k12.tr,,,https://tekmankirikhanio.meb.k12.tr/tema/harita.php,2026-08-31,60,60,bulundu,https://tekmankirikhanio.meb.k12.tr/,2026-10-01T18:44:36.606437+00:00,,Öğrenci Sayısı: 60
Erzurum,Tekman,Mescitli Ortaokulu,717076,Ortaokul,https://mescitlioo.meb.k12.tr,,,https://mescitlioo.meb.k12.tr/tema/harita.php,2026-08-31,57,57,bulundu,https://mescitlioo.meb.k12.tr/,2026-10-01T18:44:36.691811+00:00,,Öğrenci Sayısı 57
Erzurum,Tekman,Mescitli İlkokulu,717065,İlkokul,https://mescitliio.meb.k12.tr,,,https://mescitliio.meb.k12.tr/tema/harita.php,2026-08-31,52,52,bulundu,https://mescitliio.meb.k12.tr/,2026-10-01T18:44:36.747093+00:00,,Öğrenci Sayısı 52
Erzurum,Tekman,Molla Mehmet Ortaokulu,717118,Ortaokul,https://mollamehmetoo.meb.k12.tr,,,https://mollamehmetoo.meb.k12.tr/tema/harita.php,2026-08-31,56,56,bulundu,https://mollamehmetoo.meb.k12.tr/,2026-10-01T18:44:36.776286+00:00,,Öğrenci Sayısı 56
Erzurum,Tekman,Molla Mehmet İlkokulu,717083,İlkokul,https://mollamehmetio.meb.k12.tr,,,https://mollamehmetio.meb.k12.tr/tema/harita.php,2026-08-31,43,43,bulundu,https://mollamehmetio.meb.k12.tr/,2026-10-01T18:44:37.081832+00:00,,Öğrenci Sayısı: 43
Erzurum,Tekman,Oymataş ilkokulu,765933,İlkokul,https://oymatasilkokulu.meb.k12.tr,,,https://oymatasilkokulu.meb.k12.tr/tema/harita.php,2026-08-31,10,10,bulundu,https://oymatasilkokulu.meb.k12.tr/,2026-10-01T18:44:37.219198+00:00,,Öğrenci Sayısı: 10
Erzurum,Tekman,Susuz İlkokulu,716528,İlkokul,https://tekmansusuzio.meb.k12.tr,,,https://tekmansusuzio.meb.k12.tr/tema/harita.php,2026-08-31,11,11,bulundu,https://tekmansusuzio.meb.k12.tr/,2026-10-01T18:44:37.227810+00:00,,Öğrenci Sayısı: 11
Erzurum,Tekman,Taşkesen Şehit Nurullah Saraç Ortaokulu,717207,Ortaokul,https://taskesenortaokulu.meb.k12.tr,,,https://taskesenortaokulu.meb.k12.tr/tema/harita.php,2026-08-31,82,82,bulundu,https://taskesenortaokulu.meb.k12.tr/tema/okulumuz_hakkinda.php,2026-10-01T18:44:37.276084+00:00,,Öğrenci : 82
Erzurum,Tekman,Taşkesen Şehit Nurullah Saraç İlkokulu,717155,İlkokul,https://taskesenilkokulu.meb.k12.tr,,,https://taskesenilkokulu.meb.k12.tr/tema/harita.php,2026-08-31,82,82,bulundu,https://taskesenilkokulu.meb.k12.tr/,2026-10-01T18:44:37.323881+00:00,,Öğrenci Sayısı 82
Erzurum,Tekman,Tekman Anadolu Lisesi,750820,Anadolu Lisesi,https://tekmananadolulisesi.meb.k12.tr,,,https://tekmananadolulisesi.meb.k12.tr/tema/harita.php,2026-08-31,235,235,bulundu,https://tekmananadolulisesi.meb.k12.tr/,2026-10-01T18:44:37.325815+00:00,,Öğrenci Sayısı : 235
Erzurum,Tekman,Tekman Anadolu İmam Hatip Lisesi,761638,Anadolu İmam Hatip Lisesi,https://tekmananadoluimamhatiplisesi.meb.k12.tr,,,https://tekmananadoluimamhatiplisesi.meb.k12.tr/tema/harita.php,2026-08-31,214,214,bulundu,https://tekmananadoluimamhatiplisesi.meb.k12.tr/,2026-10-01T18:44:37.439619+00:00,,Öğrenci Sayısı : 214
Erzurum,Tekman,Tekman Anaokulu,971869,Anaokulu,https://tekmananaokulu.meb.k12.tr,,,https://tekmananaokulu.meb.k12.tr/tema/harita.php,2026-08-31,76,76,bulundu,https://tekmananaokulu.meb.k12.tr/,2026-10-01T18:44:37.493892+00:00,,Öğrenci Sayısı : 76
Erzurum,Tekman,Tekman Halk Eğitimi Merkezi,147638,Halk Eğitimi Merkezi,https://tekmanhem.meb.k12.tr,,,https://tekmanhem.meb.k12.tr/tema/harita.php,2026-08-31,,,bulunamadi,,2026-10-01T18:44:37.594560+00:00,,
Erzurum,Tekman,Tekman Çok Programlı Anadolu Lisesi,752268,Çok Programlı Anadolu Lisesi,https://tekmancpl.meb.k12.tr,,,https://tekmancpl.meb.k12.tr/tema/harita.php,2026-08-31,147,147,bulundu,https://tekmancpl.meb.k12.tr/,2026-10-01T18:44:37.647519+00:00,,Öğrenci Sayısı : 147
Erzurum,Tekman,Tekman Öğretmenevi ve Akşam Sanat Okulu,971152,Öğretmenevi,https://tekmanogretmenevi.meb.k12.tr,,,https://tekmanogretmenevi.meb.k12.tr/tema/harita.php,2026-08-31,,,bulunamadi,,2026-10-01T18:44:37.676454+00:00,,
Erzurum,Tekman,Tekman İlkokulu,752412,İlkokul,https://tekmanilkokulu.meb.k12.tr,,,https://tekmanilkokulu.meb.k12.tr/tema/harita.php,2026-08-31,11,11,bulundu,https://tekmanilkokulu.meb.k12.tr/,2026-10-01T18:44:37.717190+00:00,,Öğrenci Sayısı : 11
Erzurum,Tekman,Tekman İmam Hatip Ortaokulu,749251,İmam Hatip Ortaokulu,https://tekmanimamhatiportaokulu.meb.k12.tr,,,https://tekmanimamhatiportaokulu.meb.k12.tr/tema/harita.php,2026-08-31,64,64,bulundu,https://tekmanimamhatiportaokulu.meb.k12.tr/,2026-10-01T18:44:37.734807+00:00,,Öğrenci Sayısı : 64
Erzurum,Tekman,Toptepe Ortaokulu,717320,Ortaokul,https://toptepeoo.meb.k12.tr,,,https://toptepeoo.meb.k12.tr/tema/harita.php,2026-08-31,,,bulunamadi,,2026-10-01T18:44:37.737353+00:00,,
Erzurum,Tekman,Toptepe İlkokulu,717326,İlkokul,https://toptepeio.meb.k12.tr,,,https://toptepeio.meb.k12.tr/tema/harita.php,2026-08-31,162,162,bulundu,https://toptepeio.meb.k12.tr/,2026-10-01T18:44:37.752464+00:00,,Öğrenci Sayısı: 162
Erzurum,Tekman,Toptepe İmam Hatip Ortaokulu,764362,İmam Hatip Ortaokulu,https://ttoptepeiho.meb.k12.tr,,,https://ttoptepeiho.meb.k12.tr/tema/harita.php,2026-08-31,66,66,bulundu,https://ttoptepeiho.meb.k12.tr/,2026-10-01T18:44:38.041639+00:00,,Öğrenci Sayısı 66
Erzurum,Tekman,Turnagöl İlkokulu,716553,İlkokul,https://turnagolio.meb.k12.tr,,,https://turnagolio.meb.k12.tr/tema/harita.php,2026-08-31,17,17,bulundu,https://turnagolio.meb.k12.tr/,2026-10-01T18:44:38.062164+00:00,,Öğrenci Sayısı : 17
Erzurum,Tekman,Yalınca Kaya İlkokulu,740862,İlkokul,https://yalincakayaio.meb.k12.tr,,,https://yalincakayaio.meb.k12.tr/tema/harita.php,2026-08-31,11,11,bulundu,https://yalincakayaio.meb.k12.tr/,2026-10-01T18:44:38.260456+00:00,,Öğrenci Sayısı: 11
Erzurum,Tekman,Yalınca İlkokulu,717516,İlkokul,https://yalincaio.meb.k12.tr,,,https://yalincaio.meb.k12.tr/tema/harita.php,2026-08-31,9,9,bulundu,https://yalincaio.meb.k12.tr/,2026-10-01T18:44:38.265668+00:00,,Öğrenci Sayısı: 9
Erzurum,Tekman,Yatılı Bölge Ortaokulu,747176,Ortaokul,https://tekmanybo.meb.k12.tr,,,https://tekmanybo.meb.k12.tr/tema/harita.php,2026-08-31,40,40,bulundu,https://tekmanybo.meb.k12.tr/,2026-10-01T18:44:38.285777+00:00,,Öğrenci Sayısı : 40
Erzurum,Tekman,Yiğitler Ortaokulu,717467,Ortaokul,https://yigitlerortaokulutekman.meb.k12.tr,,,https://yigitlerortaokulutekman.meb.k12.tr/tema/harita.php,2026-08-31,,,bulunamadi,,2026-10-01T18:44:38.286920+00:00,,
Erzurum,Tekman,Yiğitler İlkokulu,717458,İlkokul,https://yigitlerilkokulutekman.meb.k12.tr,,,https://yigitlerilkokulutekman.meb.k12.tr/tema/harita.php,2026-08-31,29,29,bulundu,https://yigitlerilkokulutekman.meb.k12.tr/,2026-10-01T18:44:38.385748+00:00,,Öğrenci Sayısı: 29
Erzurum,Tekman,Yoncalı İlkokulu,716580,İlkokul,https://yoncaliio.meb.k12.tr,,,https://yoncaliio.meb.k12.tr/tema/harita.php,2026-08-31,21,21,bulundu,https://yoncaliio.meb.k12.tr/,2026-10-01T18:44:38.400943+00:00,,Öğrenci Sayısı 21
Erzurum,Tekman,Yukarı Hanbeyi İlkokulu,887656,İlkokul,https://yukarihanbeyiio.meb.k12.tr,,,https://yukarihanbeyiio.meb.k12.tr/tema/harita.php,2026-08-31,,,bulunamadi,,2026-10-01T18:44:38.420737+00:00,,
Erzurum,Tekman,Yuvaklı Yemiş Ortaokulu,717489,Ortaokul,https://yyemislii.meb.k12.tr,,,https://yyemislii.meb.k12.tr/tema/harita.php,2026-08-31,44,44,bulundu,https://yyemislii.meb.k12.tr/,2026-10-01T18:44:38.563422+00:00,,Öğrenci Sayısı 44
Erzurum,Tekman,Yuvaklı Yemiş İlkokulu,717483,İlkokul,https://yyemisli.meb.k12.tr,,,https://yyemisli.meb.k12.tr/tema/harita.php,2026-08-31,38,38,bulundu,https://yyemisli.meb.k12.tr/,2026-10-01T18:44:38.731257+00:00,,Öğrenci Sayısı 38
Erzurum,Tekman,Yuvaklı İlkokulu,716610,İlkokul,https://yuvakliio.meb.k12.tr,,,https://yuvakliio.meb.k12.tr/tema/harita.php,2026-08-31,20,20,bulundu,https://yuvakliio.meb.k12.tr/,2026-10-01T18:44:38.735501+00:00,,Öğrenci Sayısı 20
Erzurum,Tekman,Yücepınar İlkokulu,716619,İlkokul,https://ycepnarilkokulu.meb.k12.tr,,,https://ycepnarilkokulu.meb.k12.tr/tema/harita.php,2026-08-31,12,12,bulundu,https://ycepnarilkokulu.meb.k12.tr/,2026-10-01T18:44:38.781459+00:00,,Öğrenci Sayısı: 12
Erzurum,Tekman,Çatkale İlkokulu,713990,İlkokul,https://catkaleio.meb.k12.tr,,,https://catkaleio.meb.k12.tr/tema/harita.php,2026-08-31,12,12,bulundu,https://catkaleio.meb.k12.tr/,2026-10-01T18:44:38.874522+00:00,,Öğrenci Sayısı: 12
Erzurum,Tekman,Çevirme Ortaokulu,716704,Ortaokul,https://cevirmeoo.meb.k12.tr,,,https://cevirmeoo.meb.k12.tr/tema/harita.php,2026-08-31,36,36,bulundu,https://cevirmeoo.meb.k12.tr/,2026-10-01T18:44:39.092591+00:00,,Öğrenci Sayısı 36
Erzurum,Tekman,Çevirme İlkokulu,716699,İlkokul,https://cevirmeio.meb.k12.tr,,,https://cevirmeio.meb.k12.tr/tema/harita.php,2026-08-31,43,43,bulundu,https://cevirmeio.meb.k12.tr/,2026-10-01T18:44:39.098326+00:00,,Öğrenci Sayısı 43
Erzurum,Tekman,Çukuryayla Ortaokulu,716738,Ortaokul,https://cukuryaylaoo.meb.k12.tr,,,https://cukuryaylaoo.meb.k12.tr/tema/harita.php,2026-08-31,63,63,bulundu,https://cukuryaylaoo.meb.k12.tr/,2026-10-01T18:44:39.108182+00:00,,Öğrenci Sayısı 63
Erzurum,Tekman,Çukuryayla İlkokulu,716735,İlkokul,https://cukuryaylaio.meb.k12.tr,,,https://cukuryaylaio.meb.k12.tr/tema/harita.php,2026-08-31,,,bulunamadi,,2026-10-01T18:44:39.282552+00:00,,
Erzurum,Tekman,Çukuryayla İmam Hatip Ortaokulu,764364,İmam Hatip Ortaokulu,https://cukuryaylaihoo.meb.k12.tr,,,https://cukuryaylaihoo.meb.k12.tr/tema/harita.php,2026-08-31,,,bulunamadi,,2026-10-01T18:44:39.290377+00:00,,
Erzurum,Tekman,İncesu İlkokulu,716474,İlkokul,https://incesutekman.meb.k12.tr,,,https://incesutekman.meb.k12.tr/tema/harita.php,2026-08-31,,,bulunamadi,,2026-10-01T18:44:39.316213+00:00,,
Erzurum,Tekman,Şakşak İlkokulu,774973,İlkokul,https://774973.meb.k12.tr,,,https://774973.meb.k12.tr/tema/harita.php,2026-08-31,0,0,bulundu,https://774973.meb.k12.tr/,2026-10-01T18:44:39.404978+00:00,,Öğrenci Sayısı : 0
Erzurum,Tekman,Şehit Piyade Çavuş Muhammet Binici İlkokulu,716539,İlkokul,https://isiklarspcio.meb.k12.tr,,,https://isiklarspcio.meb.k12.tr/tema/harita.php,2026-08-31,19,19,bulundu,https://isiklarspcio.meb.k12.tr/,2026-10-01T18:44:39.408271+00:00,,Öğrenci Sayısı: 19
Erzurum,Tortum,Akbaba İlkokulu,771352,İlkokul,https://akbabaio.meb.k12.tr,,,https://akbabaio.meb.k12.tr/tema/harita.php,2026-08-31,4,4,bulundu,https://akbabaio.meb.k12.tr/,2026-10-01T18:44:39.481930+00:00,,Öğrenci Sayısı: 4
Erzurum,Tortum,Atatürk İlkokulu,863846,İlkokul,https://tortumataturkio.meb.k12.tr,,,https://tortumataturkio.meb.k12.tr/tema/harita.php,2026-08-31,179,179,bulundu,https://tortumataturkio.meb.k12.tr/,2026-10-01T18:44:39.513777+00:00,,Öğrenci Sayısı 179
Erzurum,Tortum,Aşağı Gökdere İlkokulu,771410,İlkokul,https://asagigokdereio.meb.k12.tr,,,https://asagigokdereio.meb.k12.tr/tema/harita.php,2026-08-31,10,10,bulundu,https://asagigokdereio.meb.k12.tr/,2026-10-01T18:44:39.861580+00:00,,Öğrenci Sayısı: 10
Erzurum,Tortum,Bağbaşı Anadolu Lisesi,774297,Anadolu Lisesi,https://bagbasianadolulisesi.meb.k12.tr,,,https://bagbasianadolulisesi.meb.k12.tr/tema/harita.php,2026-08-31,33,33,bulundu,https://bagbasianadolulisesi.meb.k12.tr/,2026-10-01T18:44:39.955315+00:00,,Öğrenci Sayısı : 33
Erzurum,Tortum,Cihanlı İlkokulu,710049,İlkokul,https://cihanliilkokulu.meb.k12.tr,,,https://cihanliilkokulu.meb.k12.tr/tema/harita.php,2026-08-31,12,12,bulundu,https://cihanliilkokulu.meb.k12.tr/,2026-10-01T18:44:39.999232+00:00,,Öğrenci Sayısı: 12
Erzurum,Tortum,Derekapı İlkokulu,710348,İlkokul,https://derekapiilkokulu.meb.k12.tr,,,https://derekapiilkokulu.meb.k12.tr/tema/harita.php,2026-08-31,6,6,bulundu,https://derekapiilkokulu.meb.k12.tr/,2026-10-01T18:44:40.043662+00:00,,Öğrenci Sayısı 6
Erzurum,Tortum,Dikmen İlkokulu,710366,İlkokul,https://dikmenilkokulu25.meb.k12.tr,,,https://dikmenilkokulu25.meb.k12.tr/tema/harita.php,2026-08-31,24,24,bulundu,https://dikmenilkokulu25.meb.k12.tr/,2026-10-01T18:44:40.094398+00:00,,Öğrenci Sayısı: 24
Erzurum,Tortum,Karlı İlkokulu,879482,İlkokul,https://karliilkokulu.meb.k12.tr,,,https://karliilkokulu.meb.k12.tr/tema/harita.php,2026-08-31,4,4,bulundu,https://karliilkokulu.meb.k12.tr/,2026-10-01T18:44:40.134216+00:00,,Öğrenci Sayısı: 4
Erzurum,Tortum,Kazandere İlkokulu,710395,İlkokul,https://kazandereilkokulu.meb.k12.tr,,,https://kazandereilkokulu.meb.k12.tr/tema/harita.php,2026-08-31,11,11,bulundu,https://kazandereilkokulu.meb.k12.tr/,2026-10-01T18:44:40.181938+00:00,,Öğrenci Sayısı 11
Erzurum,Tortum,Kireçli İlkokulu,710403,İlkokul,https://kirecli.meb.k12.tr,,,https://kirecli.meb.k12.tr/tema/harita.php,2026-08-31,8,8,bulundu,https://kirecli.meb.k12.tr/,2026-10-01T18:44:40.666744+00:00,,Öğrenci Sayısı 8
Erzurum,Tortum,Mehmet Akif Ortaokulu,418973,Ortaokul,https://bagbasimehmetakif.meb.k12.tr,,,https://bagbasimehmetakif.meb.k12.tr/tema/harita.php,2026-08-31,23,23,bulundu,https://bagbasimehmetakif.meb.k12.tr/,2026-10-01T18:44:40.745732+00:00,,Öğrenci Sayısı 23
Erzurum,Tortum,Mehmet Akif İlkokulu,976763,İlkokul,https://trtmmehmetakifio.meb.k12.tr,,,https://trtmmehmetakifio.meb.k12.tr/tema/harita.php,2026-08-31,32,32,bulundu,https://trtmmehmetakifio.meb.k12.tr/,2026-10-01T18:44:40.788478+00:00,,Öğrenci Sayısı: 32
Erzurum,Tortum,Musa Gündeş Ortaokulu,710224,Ortaokul,https://musagundes.meb.k12.tr,,,https://musagundes.meb.k12.tr/tema/harita.php,2026-08-31,36,36,bulundu,https://musagundes.meb.k12.tr/tema/okulumuz_hakkinda.php,2026-10-01T18:44:40.809527+00:00,,Öğrenci : 36
Erzurum,Tortum,Musa Gündeş İlkokulu,887508,İlkokul,https://musagundesio.meb.k12.tr,,,https://musagundesio.meb.k12.tr/tema/harita.php,2026-08-31,24,24,bulundu,https://musagundesio.meb.k12.tr/tema/okulumuz_hakkinda.php,2026-10-01T18:44:40.865219+00:00,,Öğrenci : 24
Erzurum,Tortum,Niyazi Çakmakçı İmam Hatip Ortaokulu,718618,İmam Hatip Ortaokulu,https://niyazicakmakciimamhatipoo.meb.k12.tr,,,https://niyazicakmakciimamhatipoo.meb.k12.tr/tema/harita.php,2026-08-31,89,89,bulundu,https://niyazicakmakciimamhatipoo.meb.k12.tr/,2026-10-01T18:44:40.931160+00:00,,Öğrenci Sayısı 89
Erzurum,Tortum,Serdarlı Ortaokulu,710175,Ortaokul,https://serdarliortaokulu.meb.k12.tr,,,https://serdarliortaokulu.meb.k12.tr/tema/harita.php,2026-08-31,19,19,bulundu,https://serdarliortaokulu.meb.k12.tr/tema/okulumuz_hakkinda.php,2026-10-01T18:44:41.007897+00:00,,Öğrenci : 19
Erzurum,Tortum,Serdarlı İlkokulu,710178,İlkokul,https://serdarliilkokulu.meb.k12.tr,,,https://serdarliilkokulu.meb.k12.tr/tema/harita.php,2026-08-31,12,12,bulundu,https://serdarliilkokulu.meb.k12.tr/,2026-10-01T18:44:41.057700+00:00,,Öğrenci Sayısı: 12
Erzurum,Tortum,Tortum Anaokulu,972361,Anaokulu,https://tortumanaokulu.meb.k12.tr,,,https://tortumanaokulu.meb.k12.tr/tema/harita.php,2026-08-31,46,46,bulundu,https://tortumanaokulu.meb.k12.tr/,2026-10-01T18:44:41.063234+00:00,,Öğrenci Sayısı 46
Erzurum,Tortum,Tortum Halk Eğitimi Merkezi,147805,Halk Eğitimi Merkezi,https://tortumhem.meb.k12.tr,,,https://tortumhem.meb.k12.tr/tema/harita.php,2026-08-31,,,bulunamadi,,2026-10-01T18:44:41.114906+00:00,,
Erzurum,Tortum,Tortum Öğretmenevi ve Akşam Sanat Okulu,971153,Öğretmenevi,https://tortumogretmenevi.meb.k12.tr,,,https://tortumogretmenevi.meb.k12.tr/tema/harita.php,2026-08-31,,,bulunamadi,,2026-10-01T18:44:41.211647+00:00,,
Erzurum,Tortum,Tortum Şehit Murat Karataş Yatılı Bölge Ortaokulu,748835,Ortaokul,https://tortumybo.meb.k12.tr,,,https://tortumybo.meb.k12.tr/tema/harita.php,2026-08-31,65,65,bulundu,https://tortumybo.meb.k12.tr/tema/okulumuz_hakkinda.php,2026-10-01T18:44:41.259274+00:00,,Öğrenci : 65
Erzurum,Tortum,Uzunkavak İlkokulu,505763,İlkokul,https://uzunkavak.meb.k12.tr,,,https://uzunkavak.meb.k12.tr/tema/harita.php,2026-08-31,5,5,bulundu,https://uzunkavak.meb.k12.tr/,2026-10-01T18:44:41.260839+00:00,,Öğrenci Sayısı 5
Erzurum,Tortum,Yamankaya İlkokulu,710434,İlkokul,https://yamankayailkokulu.meb.k12.tr,,,https://yamankayailkokulu.meb.k12.tr/tema/harita.php,2026-08-31,1,1,bulundu,https://yamankayailkokulu.meb.k12.tr/,2026-10-01T18:44:41.395070+00:00,,Öğrenci Sayısı 1
Erzurum,Tortum,Yazyurdu İlkokulu,771579,İlkokul,https://yazyurduilkokuluu.meb.k12.tr,,,https://yazyurduilkokuluu.meb.k12.tr/tema/harita.php,2026-08-31,1,1,bulundu,https://yazyurduilkokuluu.meb.k12.tr/,2026-10-01T18:44:41.396999+00:00,,Öğrenci Sayısı 1
Erzurum,Tortum,Yağcılar İlkokulu,771409,İlkokul,https://tortumyagcilario.meb.k12.tr,,,https://tortumyagcilario.meb.k12.tr/tema/harita.php,2026-08-31,2,2,bulundu,https://tortumyagcilario.meb.k12.tr/,2026-10-01T18:44:41.653435+00:00,,Öğrenci Sayısı 2
Erzurum,Tortum,Yukarı Gökdere İlkokulu,767944,İlkokul,https://yukarigokdereio.meb.k12.tr,,,https://yukarigokdereio.meb.k12.tr/tema/harita.php,2026-08-31,3,3,bulundu,https://yukarigokdereio.meb.k12.tr/,2026-10-01T18:44:41.660730+00:00,,Öğrenci Sayısı 3
Erzurum,Tortum,Yukarısivri İlkokulu,490213,İlkokul,https://887551.meb.k12.tr,,,https://887551.meb.k12.tr/tema/harita.php,2026-08-31,24,24,bulundu,https://887551.meb.k12.tr/,2026-10-01T18:44:41.713642+00:00,,Öğrenci Sayısı 24
Erzurum,Tortum,Yumaklı İlkokulu,710448,İlkokul,https://yumakliilkokulu.meb.k12.tr,,,https://yumakliilkokulu.meb.k12.tr/tema/harita.php,2026-08-31,6,6,bulundu,https://yumakliilkokulu.meb.k12.tr/,2026-10-01T18:44:41.718624+00:00,,Öğrenci Sayısı: 6
Erzurum,Tortum,Ziyaretli İlkokulu,710457,İlkokul,https://ziyaretliilkokulu.meb.k12.tr,,,https://ziyaretliilkokulu.meb.k12.tr/tema/harita.php,2026-08-31,4,4,bulundu,https://ziyaretliilkokulu.meb.k12.tr/,2026-10-01T18:44:41.790902+00:00,,Öğrenci Sayısı 4
Erzurum,Tortum,Şehit Ahmet Aktepe Çok Programlı Anadolu Lisesi,364273,Çok Programlı Anadolu Lisesi,https://tortumcpl.meb.k12.tr,,,https://tortumcpl.meb.k12.tr/tema/harita.php,2026-08-31,160,160,bulundu,https://tortumcpl.meb.k12.tr/tema/okulumuz_hakkinda.php,2026-10-01T18:44:41.792732+00:00,,Öğrenci : 160
Erzurum,Tortum,Şehit Hasan Karşı Ortaokulu,976474,Ortaokul,https://sehithasankarsiooo.meb.k12.tr,,,https://sehithasankarsiooo.meb.k12.tr/tema/harita.php,2026-08-31,137,137,bulundu,https://sehithasankarsiooo.meb.k12.tr/,2026-10-01T18:44:41.840795+00:00,,Öğrenci Sayısı 137
Erzurum,Tortum,Şehit Mücahit Daştan Anadolu Lisesi,750324,Anadolu Lisesi,https://sehitmucahitdastananadolulisesi.meb.k12.tr,,,https://sehitmucahitdastananadolulisesi.meb.k12.tr/tema/harita.php,2026-08-31,101,101,bulundu,https://sehitmucahitdastananadolulisesi.meb.k12.tr/,2026-10-01T18:44:41.872189+00:00,,Öğrenci Sayısı 101
Erzurum,Tortum,Şenyurt Anadolu Lisesi,965933,Anadolu Lisesi,https://senyurtanadolulisesi.meb.k12.tr,,,https://senyurtanadolulisesi.meb.k12.tr/tema/harita.php,2026-08-31,18,18,bulundu,https://senyurtanadolulisesi.meb.k12.tr/,2026-10-01T18:44:41.996619+00:00,,Öğrenci Sayısı : 18
Erzurum,Uzundere,Atatürk Ortaokulu,709650,Ortaokul,https://uzundereataturkortaokulu.meb.k12.tr,,,https://uzundereataturkortaokulu.meb.k12.tr/tema/harita.php,2026-08-31,92,92,bulundu,https://uzundereataturkortaokulu.meb.k12.tr/,2026-10-01T18:44:42.041394+00:00,,Öğrenci Sayısı : 92
Erzurum,Uzundere,Atatürk İlkokulu,853279,İlkokul,https://uzundereataturkilkokulu.meb.k12.tr,,,https://uzundereataturkilkokulu.meb.k12.tr/tema/harita.php,2026-08-31,75,75,bulundu,https://uzundereataturkilkokulu.meb.k12.tr/,2026-10-01T18:44:42.213547+00:00,,Öğrenci Sayısı 75
Erzurum,Uzundere,Cemil Meriç Anadolu İmam Hatip Lisesi,772307,Anadolu İmam Hatip Lisesi,https://cemilmericaihl.meb.k12.tr,,,https://cemilmericaihl.meb.k12.tr/tema/harita.php,2026-08-31,32,32,bulundu,https://cemilmericaihl.meb.k12.tr/,2026-10-01T18:44:42.370386+00:00,,Öğrenci Sayısı : 32
Erzurum,Uzundere,Cevizli İlkokulu,709728,İlkokul,https://cevizliilkokulu.meb.k12.tr,,,https://cevizliilkokulu.meb.k12.tr/tema/harita.php,2026-08-31,10,10,bulundu,https://cevizliilkokulu.meb.k12.tr/,2026-10-01T18:44:42.772349+00:00,,Öğrenci Sayısı 10
Erzurum,Uzundere,Kirazlı İlkokulu,709741,İlkokul,https://uzunderekirazliilkokulu.meb.k12.tr,,,https://uzunderekirazliilkokulu.meb.k12.tr/tema/harita.php,2026-08-31,17,17,bulundu,https://uzunderekirazliilkokulu.meb.k12.tr/,2026-10-01T18:44:42.865933+00:00,,Öğrenci Sayısı: 17
Erzurum,Uzundere,Ordünaryüs Profesör Ziyaeddin Fahri Fındıkoğlu Anaokulu,974362,Anaokulu,https://ordprofziyaeddinffanaokulu.meb.k12.tr,,,https://ordprofziyaeddinffanaokulu.meb.k12.tr/tema/harita.php,2026-08-31,73,73,bulundu,https://ordprofziyaeddinffanaokulu.meb.k12.tr/,2026-10-01T18:44:42.882476+00:00,,Öğrenci Sayısı 73
Erzurum,Uzundere,Pehlivanlı İlkokulu,710156,İlkokul,https://pehlivanliio.meb.k12.tr,,,https://pehlivanliio.meb.k12.tr/tema/harita.php,2026-08-31,24,24,bulundu,https://pehlivanliio.meb.k12.tr/,2026-10-01T18:44:42.885459+00:00,,Öğrenci Sayısı 24
Erzurum,Uzundere,Pehlivanlı Şehit Mehmet Keskin Ortaokulu,419008,Ortaokul,https://pehlivanli.meb.k12.tr,,,https://pehlivanli.meb.k12.tr/tema/harita.php,2026-08-31,15,15,bulundu,https://pehlivanli.meb.k12.tr/,2026-10-01T18:44:42.937807+00:00,,Öğrenci Sayısı 15
Erzurum,Uzundere,Uzundere Anadolu Lisesi,774126,Anadolu Lisesi,https://uzundereanadolulisesi.meb.k12.tr,,,https://uzundereanadolulisesi.meb.k12.tr/tema/harita.php,2026-08-31,144,144,bulundu,https://uzundereanadolulisesi.meb.k12.tr/,2026-10-01T18:44:43.022606+00:00,,Öğrenci Sayısı 144
Erzurum,Uzundere,Uzundere Halk Eğitimi Merkezi,215488,Halk Eğitimi Merkezi,https://uzunderehem.meb.k12.tr,,,https://uzunderehem.meb.k12.tr/tema/harita.php,2026-08-31,,,bulunamadi,,2026-10-01T18:44:43.037921+00:00,,
Erzurum,Uzundere,Uzundere Öğretmenevi ve Akşam Sanat Okulu,971156,Öğretmenevi,https://uzundereogretmenevi.meb.k12.tr,,,https://uzundereogretmenevi.meb.k12.tr/tema/harita.php,2026-08-31,,,bulunamadi,,2026-10-01T18:44:43.073098+00:00,,
Erzurum,Uzundere,Çamlıyamaç İlkokulu,709759,İlkokul,https://camliyamacilkokulu.meb.k12.tr,,,https://camliyamacilkokulu.meb.k12.tr/tema/harita.php,2026-08-31,8,8,bulundu,https://camliyamacilkokulu.meb.k12.tr/,2026-10-01T18:44:43.437102+00:00,,Öğrenci Sayısı: 8
Erzurum,Uzundere,Özcan Ortaokulu,709589,Ortaokul,https://ozcanortaokulu.meb.k12.tr,,,https://ozcanortaokulu.meb.k12.tr/tema/harita.php,2026-08-31,131,131,bulundu,https://ozcanortaokulu.meb.k12.tr/,2026-10-01T18:44:43.487763+00:00,,Öğrenci Sayısı 131
Erzurum,Uzundere,Özcan İlkokulu,709495,İlkokul,https://ozcanilkokulu.meb.k12.tr,,,https://ozcanilkokulu.meb.k12.tr/tema/harita.php,2026-08-31,157,157,bulundu,https://ozcanilkokulu.meb.k12.tr/,2026-10-01T18:44:43.526084+00:00,,Öğrenci Sayısı 157
Erzurum,Uzundere,Şelale Ortaokulu,709717,Ortaokul,https://selaleortaokulu.meb.k12.tr,,,https://selaleortaokulu.meb.k12.tr/tema/harita.php,2026-08-31,64,64,bulundu,https://selaleortaokulu.meb.k12.tr/,2026-10-01T18:44:43.533396+00:00,,Öğrenci Sayısı : 64
Erzurum,Uzundere,Şelale İlkokulu,709665,İlkokul,https://selaleilkokulu.meb.k12.tr,,,https://selaleilkokulu.meb.k12.tr/tema/harita.php,2026-08-31,64,64,bulundu,https://selaleilkokulu.meb.k12.tr/,2026-10-01T18:44:43.582856+00:00,,Öğrenci Sayısı : 64
Erzurum,Yakutiye,1071 Malazgirt Ortaokulu,712273,Ortaokul,https://1071malazgirt.meb.k12.tr,,,https://1071malazgirt.meb.k12.tr/tema/harita.php,2026-08-31,222,222,bulundu,https://1071malazgirt.meb.k12.tr/,2026-10-01T18:44:43.661947+00:00,,Öğrenci Sayısı : 222
Erzurum,Yakutiye,1071 Malazgirt İlkokulu,712272,İlkokul,https://1071malazgirtilkokulu.meb.k12.tr,,,https://1071malazgirtilkokulu.meb.k12.tr/tema/harita.php,2026-08-31,184,184,bulundu,https://1071malazgirtilkokulu.meb.k12.tr/,2026-10-01T18:44:43.673761+00:00,,Öğrenci Sayısı : 184
Erzurum,Yakutiye,12 Mart İlkokulu,711935,İlkokul,https://12mart.meb.k12.tr,,,https://12mart.meb.k12.tr/tema/harita.php,2026-08-31,263,263,bulundu,https://12mart.meb.k12.tr/tema/okulumuz_hakkinda.php,2026-10-01T18:44:43.849658+00:00,,Öğrenci : 263
Erzurum,Yakutiye,23 Temmuz Ortaokulu,711941,Ortaokul,https://23temmuzoo.meb.k12.tr,,,https://23temmuzoo.meb.k12.tr/tema/harita.php,2026-08-31,177,177,bulundu,https://23temmuzoo.meb.k12.tr/,2026-10-01T18:44:44.009597+00:00,,Öğrenci Sayısı 177
Erzurum,Yakutiye,50. Yıl Ortaokulu,711959,Ortaokul,https://ellinciyilortaokulu.meb.k12.tr,,,https://ellinciyilortaokulu.meb.k12.tr/tema/harita.php,2026-08-31,102,102,bulundu,https://ellinciyilortaokulu.meb.k12.tr/,2026-10-01T18:44:44.448283+00:00,,Öğrenci Sayısı : 102
Erzurum,Yakutiye,Abdürrahim Şerif Beygu İlkokulu,711963,İlkokul,https://abdurrahimserifbeygu.meb.k12.tr,,,https://abdurrahimserifbeygu.meb.k12.tr/tema/harita.php,2026-08-31,205,205,bulundu,https://abdurrahimserifbeygu.meb.k12.tr/tema/okulumuz_hakkinda.php,2026-10-01T18:44:44.490814+00:00,,Öğrenci : 205
Erzurum,Yakutiye,Ahmet Hamdi Tanpınar Ortaokulu,765854,Ortaokul,https://ahmethamditanpinarortaokulu.meb.k12.tr,,,https://ahmethamditanpinarortaokulu.meb.k12.tr/tema/harita.php,2026-08-31,585,585,bulundu,https://ahmethamditanpinarortaokulu.meb.k12.tr/,2026-10-01T18:44:44.541379+00:00,,Öğrenci Sayısı : 585
Erzurum,Yakutiye,Ahmet Yesevi Anaokulu,766556,Anaokulu,https://ahmetyesevianaokuluyakutiye.meb.k12.tr,,,https://ahmetyesevianaokuluyakutiye.meb.k12.tr/tema/harita.php,2026-08-31,58,58,bulundu,https://ahmetyesevianaokuluyakutiye.meb.k12.tr/,2026-10-01T18:44:44.543377+00:00,,Öğrenci Sayısı 58
Erzurum,Yakutiye,Ahmet Yesevi Ortaokulu,711964,Ortaokul,https://ahmetyeseviort.meb.k12.tr,,,https://ahmetyeseviort.meb.k12.tr/tema/harita.php,2026-08-31,135,135,bulundu,https://ahmetyeseviort.meb.k12.tr/,2026-10-01T18:44:44.548390+00:00,,Öğrenci Sayısı : 135
Erzurum,Yakutiye,Ahmet Yesevi İmam Hatip Ortaokulu,758695,İmam Hatip Ortaokulu,https://ahmetyeseviiho.meb.k12.tr,,,https://ahmetyeseviiho.meb.k12.tr/tema/harita.php,2026-08-31,104,104,bulundu,https://ahmetyeseviiho.meb.k12.tr/,2026-10-01T18:44:44.564244+00:00,,Öğrenci Sayısı : 104
Erzurum,Yakutiye,Akdağ Reşit Karabacak İlkokulu,712575,İlkokul,https://akdagilkokulu.meb.k12.tr,,,https://akdagilkokulu.meb.k12.tr/tema/harita.php,2026-08-31,5,5,bulundu,https://akdagilkokulu.meb.k12.tr/,2026-10-01T18:44:44.576989+00:00,,Öğrenci Sayısı: 5
Erzurum,Yakutiye,Aliravi İlkokulu,711965,İlkokul,https://aliraviilkokulu.meb.k12.tr,,,https://aliraviilkokulu.meb.k12.tr/tema/harita.php,2026-08-31,315,315,bulundu,https://aliraviilkokulu.meb.k12.tr/,2026-10-01T18:44:44.631851+00:00,,Öğrenci Sayısı : 315
Erzurum,Yakutiye,Aliya İzzetbegoviç İmam Hatip Ortaokulu,759011,İmam Hatip Ortaokulu,https://aibegoviciho.meb.k12.tr,,,https://aibegoviciho.meb.k12.tr/tema/harita.php,2026-08-31,587,587,bulundu,https://aibegoviciho.meb.k12.tr/,2026-10-01T18:44:44.686971+00:00,,Öğrenci Sayısı 587
Erzurum,Yakutiye,Altınbulak İlkokulu,712587,İlkokul,https://altinbulak.meb.k12.tr,,,https://altinbulak.meb.k12.tr/tema/harita.php,2026-08-31,8,8,bulundu,https://altinbulak.meb.k12.tr/,2026-10-01T18:44:44.709119+00:00,,Öğrenci Sayısı 8
Erzurum,Yakutiye,Arıbahçe İlkokulu,712593,İlkokul,https://aribahce.meb.k12.tr,,,https://aribahce.meb.k12.tr/tema/harita.php,2026-08-31,8,8,bulundu,https://aribahce.meb.k12.tr/,2026-10-01T18:44:44.829120+00:00,,Öğrenci Sayısı: 8
Erzurum,Yakutiye,Atatürk Anadolu Lisesi,974854,Anadolu Lisesi,https://erzurumaal.meb.k12.tr,,,https://erzurumaal.meb.k12.tr/tema/harita.php,2026-08-31,281,281,bulundu,https://erzurumaal.meb.k12.tr/tema/okulumuz_hakkinda.php,2026-10-01T18:44:44.842587+00:00,,Öğrenci : 281
Erzurum,Yakutiye,Atatürk Anaokulu,766618,Anaokulu,https://766618.meb.k12.tr,,,https://766618.meb.k12.tr/tema/harita.php,2026-08-31,,,bulunamadi,,2026-10-01T18:44:45.208353+00:00,,
Erzurum,Yakutiye,Atatürk Mesleki ve Teknik Anadolu Lisesi,967486,Mesleki ve Teknik Anadolu Lisesi,https://erzurumataturkeml.meb.k12.tr,,,https://erzurumataturkeml.meb.k12.tr/tema/harita.php,2026-08-31,544,544,bulundu,https://erzurumataturkeml.meb.k12.tr/tema/okulumuz_hakkinda.php,2026-10-01T18:44:45.475176+00:00,,Öğrenci : 544
Erzurum,Yakutiye,Atatürk Ortaokulu,711968,Ortaokul,https://erzurumataturkortao.meb.k12.tr,,,https://erzurumataturkortao.meb.k12.tr/tema/harita.php,2026-08-31,154,154,bulundu,https://erzurumataturkortao.meb.k12.tr/,2026-10-01T18:44:45.507565+00:00,,Öğrenci Sayısı : 154
Erzurum,Yakutiye,Borsa İstanbul İnönü İlkokulu,712141,İlkokul,https://imkbinonuilkokulu.meb.k12.tr,,,https://imkbinonuilkokulu.meb.k12.tr/tema/harita.php,2026-08-31,685,685,bulundu,https://imkbinonuilkokulu.meb.k12.tr/,2026-10-01T18:44:45.532323+00:00,,Öğrenci Sayısı : 685
Erzurum,Yakutiye,Celal Akın İlkokulu,711975,İlkokul,https://celalakinilkokul.meb.k12.tr,,,https://celalakinilkokul.meb.k12.tr/tema/harita.php,2026-08-31,723,723,bulundu,https://celalakinilkokul.meb.k12.tr/,2026-10-01T18:44:45.558484+00:00,,Öğrenci Sayısı : 723
Erzurum,Yakutiye,Cemal Gürsel İlkokulu,711988,İlkokul,https://cemalgurseliok.meb.k12.tr,,,https://cemalgurseliok.meb.k12.tr/tema/harita.php,2026-08-31,304,304,bulundu,https://cemalgurseliok.meb.k12.tr/,2026-10-01T18:44:45.605830+00:00,,Öğrenci Sayısı 304
Erzurum,Yakutiye,Cumhuriyet Anadolu Lisesi,974855,Anadolu Lisesi,https://erzcal.meb.k12.tr,,,https://erzcal.meb.k12.tr/tema/harita.php,2026-08-31,151,151,bulundu,https://erzcal.meb.k12.tr/,2026-10-01T18:44:45.832740+00:00,,Öğrenci Sayısı : 151
Erzurum,Yakutiye,Cumhuriyet Kız Mesleki ve Teknik Anadolu Lisesi,973264,Mesleki ve Teknik Anadolu Lisesi,https://erzckml.meb.k12.tr,,,https://erzckml.meb.k12.tr/tema/harita.php,2026-08-31,268,268,bulundu,https://erzckml.meb.k12.tr/,2026-10-01T18:44:45.842176+00:00,,Öğrenci Sayısı : 268
Erzurum,Yakutiye,Dadaş Ortaokulu,712515,Ortaokul,https://dadasortaokulu.meb.k12.tr,,,https://dadasortaokulu.meb.k12.tr/tema/harita.php,2026-08-31,68,68,bulundu,https://dadasortaokulu.meb.k12.tr/tema/okulumuz_hakkinda.php,2026-10-01T18:44:45.883791+00:00,,Öğrenci : 68
Erzurum,Yakutiye,Dadaş İlkokulu,712511,İlkokul,https://dadasilkokulu.meb.k12.tr,,,https://dadasilkokulu.meb.k12.tr/tema/harita.php,2026-08-31,116,116,bulundu,https://dadasilkokulu.meb.k12.tr/,2026-10-01T18:44:45.901465+00:00,,Öğrenci Sayısı 116
Erzurum,Yakutiye,Dedekorkut İşitme Engelliler Ortaokulu,769234,Ortaokul,https://dedekorkutilkveortaokulu.meb.k12.tr,,,https://dedekorkutilkveortaokulu.meb.k12.tr/tema/harita.php,2026-08-31,14,14,bulundu,https://dedekorkutilkveortaokulu.meb.k12.tr/,2026-10-01T18:44:45.928129+00:00,,Öğrenci Sayısı : 14
Erzurum,Yakutiye,Dedekorkut İşitme Engelliler İlkokulu,746741,İlkokul,https://erzurumdedekorkutilkokulu.meb.k12.tr,,,https://erzurumdedekorkutilkokulu.meb.k12.tr/tema/harita.php,2026-08-31,9,9,bulundu,https://erzurumdedekorkutilkokulu.meb.k12.tr/,2026-10-01T18:44:45.942226+00:00,,Öğrenci Sayısı : 9
Erzurum,Yakutiye,Değirmenler İlkokulu,712600,İlkokul,https://degirmenler.meb.k12.tr,,,https://degirmenler.meb.k12.tr/tema/harita.php,2026-08-31,6,6,bulundu,https://degirmenler.meb.k12.tr/,2026-10-01T18:44:45.950810+00:00,,Öğrenci Sayısı 6
Erzurum,Yakutiye,Dumlu İlkokulu,745549,İlkokul,https://dumluilkokulu.meb.k12.tr,,,https://dumluilkokulu.meb.k12.tr/tema/harita.php,2026-08-31,152,152,bulundu,https://dumluilkokulu.meb.k12.tr/,2026-10-01T18:44:46.328537+00:00,,Öğrenci Sayısı : 152
Erzurum,Yakutiye,Dumlu Şehit Muhammed Ferdi Güntekin Ortaokulu,712522,Ortaokul,https://dumluortaokulu.meb.k12.tr,,,https://dumluortaokulu.meb.k12.tr/tema/harita.php,2026-08-31,133,133,bulundu,https://dumluortaokulu.meb.k12.tr/,2026-10-01T18:44:46.363765+00:00,,Öğrenci Sayısı : 133
Erzurum,Yakutiye,Dumlupınar İlkokulu,712021,İlkokul,https://yakutiyedumlupinarilkokulu.meb.k12.tr,,,https://yakutiyedumlupinarilkokulu.meb.k12.tr/tema/harita.php,2026-08-31,120,120,bulundu,https://yakutiyedumlupinarilkokulu.meb.k12.tr/,2026-10-01T18:44:46.389163+00:00,,Öğrenci Sayısı 120
Erzurum,Yakutiye,Edip Somunoğlu Ortaokulu,712030,Ortaokul,https://edipsomunogluortaokulu.meb.k12.tr,,,https://edipsomunogluortaokulu.meb.k12.tr/tema/harita.php,2026-08-31,141,141,bulundu,https://edipsomunogluortaokulu.meb.k12.tr/,2026-10-01T18:44:46.451552+00:00,,Öğrenci Sayısı : 141
Erzurum,Yakutiye,Edip Somunoğlu İlkokulu,968675,İlkokul,https://edipsomunogluilkokulu.meb.k12.tr,,,https://edipsomunogluilkokulu.meb.k12.tr/tema/harita.php,2026-08-31,193,193,bulundu,https://edipsomunogluilkokulu.meb.k12.tr/,2026-10-01T18:44:46.631602+00:00,,Öğrenci Sayısı : 193
Erzurum,Yakutiye,Erzurum Anadolu Lisesi,969415,Anadolu Lisesi,https://erzurumanadolulisesi.meb.k12.tr,,,https://erzurumanadolulisesi.meb.k12.tr/tema/harita.php,2026-08-31,427,427,bulundu,https://erzurumanadolulisesi.meb.k12.tr/,2026-10-01T18:44:46.654470+00:00,,Öğrenci Sayısı : 427
Erzurum,Yakutiye,Erzurum Anadolu İmam Hatip Lisesi,969425,Anadolu İmam Hatip Lisesi,https://erzurumimamhatiplisesi.meb.k12.tr,,,https://erzurumimamhatiplisesi.meb.k12.tr/tema/harita.php,2026-08-31,639,639,bulundu,https://erzurumimamhatiplisesi.meb.k12.tr/,2026-10-01T18:44:46.667246+00:00,,Öğrenci Sayısı 639
Erzurum,Yakutiye,Erzurum Büyükşehir Belediyesi Hilalkent Anaokulu,770999,Anaokulu,https://770999.meb.k12.tr,,,https://770999.meb.k12.tr/tema/harita.php,2026-08-31,160,160,bulundu,https://770999.meb.k12.tr/,2026-10-01T18:44:46.728130+00:00,,Öğrenci Sayısı: 160
Erzurum,Yakutiye,Erzurum Gastronomi Mesleki ve Teknik Anadolu Lisesi,776072,Mesleki ve Teknik Anadolu Lisesi,https://erzurumgastronomilisesi.meb.k12.tr,,,https://erzurumgastronomilisesi.meb.k12.tr/tema/harita.php,2026-08-31,120,120,bulundu,https://erzurumgastronomilisesi.meb.k12.tr/,2026-10-01T18:44:46.773792+00:00,,Öğrenci Sayısı : 120
Erzurum,Yakutiye,Erzurum Görme Engelliler Ortaokulu,746922,Ortaokul,https://erzurumgeo.meb.k12.tr,,,https://erzurumgeo.meb.k12.tr/tema/harita.php,2026-08-31,24,24,bulundu,https://erzurumgeo.meb.k12.tr/,2026-10-01T18:44:46.857507+00:00,,Öğrenci Sayısı 24
Erzurum,Yakutiye,Erzurum Görme Engelliler İlkokulu,746743,İlkokul,https://erzurumgei.meb.k12.tr,,,https://erzurumgei.meb.k12.tr/tema/harita.php,2026-08-31,12,12,bulundu,https://erzurumgei.meb.k12.tr/,2026-10-01T18:44:47.059786+00:00,,Öğrenci Sayısı 12
Erzurum,Yakutiye,Erzurum Lisesi,969413,Lise,https://erzurumlisesi.meb.k12.tr,,,https://erzurumlisesi.meb.k12.tr/tema/harita.php,2026-08-31,441,441,bulundu,https://erzurumlisesi.meb.k12.tr/,2026-10-01T18:44:47.149425+00:00,,Öğrenci Sayısı : 441
Erzurum,Yakutiye,Erzurum Olgunlaşma Enstitüsü,765936,Olgunlaşma Enstitüsü,https://erzurumolgunlasmaenstitusu.meb.k12.tr,,,https://erzurumolgunlasmaenstitusu.meb.k12.tr/tema/harita.php,2026-08-31,,,bulunamadi,,2026-10-01T18:44:47.163187+00:00,,
Erzurum,Yakutiye,Erzurum Yakutiye Elektrik-Elektronik Teknolojisi Mesleki ve Teknik Anadolu Lisesi,761469,Mesleki ve Teknik Anadolu Lisesi,https://skrpasamtal.meb.k12.tr,,,https://skrpasamtal.meb.k12.tr/tema/harita.php,2026-08-31,413,413,bulundu,https://skrpasamtal.meb.k12.tr/,2026-10-01T18:44:47.166482+00:00,,Öğrenci Sayısı 413
Erzurum,Yakutiye,Erzurum Özel Eğitim Meslek Lisesi,969719,Mesleki ve Teknik Anadolu Lisesi,https://erzurumieml.meb.k12.tr,,,https://erzurumieml.meb.k12.tr/tema/harita.php,2026-08-31,30,30,bulundu,https://erzurumieml.meb.k12.tr/,2026-10-01T18:44:47.197281+00:00,,Öğrenci Sayısı 30
Erzurum,Yakutiye,Erzurum Özel Eğitim Uygulama Okulu I. Kademe,749110,Özel Eğitim Kurumu,https://erzurumozelegitim1.meb.k12.tr,,,https://erzurumozelegitim1.meb.k12.tr/tema/harita.php,2026-08-31,42,42,bulundu,https://erzurumozelegitim1.meb.k12.tr/,2026-10-01T18:44:47.411419+00:00,,Öğrenci Sayısı 42
Erzurum,Yakutiye,Erzurum Özel Eğitim Uygulama Okulu II. Kademe,749111,Özel Eğitim Kurumu,https://erzurumozelegitim2.meb.k12.tr,,,https://erzurumozelegitim2.meb.k12.tr/tema/harita.php,2026-08-31,31,31,bulundu,https://erzurumozelegitim2.meb.k12.tr/,2026-10-01T18:44:47.522683+00:00,,Öğrenci Sayısı 31
Erzurum,Yakutiye,Erzurumlu Emrah Ortaokulu,712048,Ortaokul,https://erzurumluemrahortaokulu.meb.k12.tr,,,https://erzurumluemrahortaokulu.meb.k12.tr/tema/harita.php,2026-08-31,159,159,bulundu,https://erzurumluemrahortaokulu.meb.k12.tr/,2026-10-01T18:44:48.136288+00:00,,Öğrenci Sayısı : 159
Erzurum,Yakutiye,Erzurumlu Emrah İlkokulu,712259,İlkokul,https://erzurumluemrahilkokulu.meb.k12.tr,,,https://erzurumluemrahilkokulu.meb.k12.tr/tema/harita.php,2026-08-31,156,156,bulundu,https://erzurumluemrahilkokulu.meb.k12.tr/,2026-10-01T18:44:48.169749+00:00,,Öğrenci Sayısı : 156
Erzurum,Yakutiye,Evyap İbrahim Hakkı Fen Lisesi,969422,Fen Lisesi,https://erzurumfenlisesi.meb.k12.tr,,,https://erzurumfenlisesi.meb.k12.tr/tema/harita.php,2026-08-31,501,501,bulundu,https://erzurumfenlisesi.meb.k12.tr/,2026-10-01T18:44:48.183492+00:00,,Öğrenci Sayısı : 501
Erzurum,Yakutiye,Faik Güngör Ortaokulu,712003,Ortaokul,https://faikgungorortaokulu.meb.k12.tr,,,https://faikgungorortaokulu.meb.k12.tr/tema/harita.php,2026-08-31,351,351,bulundu,https://faikgungorortaokulu.meb.k12.tr/,2026-10-01T18:44:48.246599+00:00,,Öğrenci Sayısı : 351
Erzurum,Yakutiye,Fatma Seher Erden Özel Eğitim Anaokulu,773699,Anaokulu,https://773699.meb.k12.tr,,,https://773699.meb.k12.tr/tema/harita.php,2026-08-31,23,23,bulundu,https://773699.meb.k12.tr/,2026-10-01T18:44:48.253276+00:00,,Öğrenci Sayısı: 23
Erzurum,Yakutiye,Gazi Ahmet Muhtar Paşa Ortaokulu,712075,Ortaokul,https://yakutiyegampo.meb.k12.tr,,,https://yakutiyegampo.meb.k12.tr/tema/harita.php,2026-08-31,926,926,bulundu,https://yakutiyegampo.meb.k12.tr/tema/okulumuz_hakkinda.php,2026-10-01T18:44:48.316111+00:00,,Öğrenci : 926
Erzurum,Yakutiye,Gazi Ortaokulu,499405,Ortaokul,https://erzurumgazi.meb.k12.tr,,,https://erzurumgazi.meb.k12.tr/tema/harita.php,2026-08-31,85,85,bulundu,https://erzurumgazi.meb.k12.tr/,2026-10-01T18:44:48.358655+00:00,,Öğrenci Sayısı : 85
Erzurum,Yakutiye,Gazi İmam Hatip Ortaokulu,760893,İmam Hatip Ortaokulu,https://760893.meb.k12.tr,,,https://760893.meb.k12.tr/tema/harita.php,2026-08-31,74,74,bulundu,https://760893.meb.k12.tr/,2026-10-01T18:44:48.446267+00:00,,Öğrenci Sayısı : 74
Erzurum,Yakutiye,Güzelova Ortaokulu,712537,Ortaokul,https://guzelovaortaokulu.meb.k12.tr,,,https://guzelovaortaokulu.meb.k12.tr/tema/harita.php,2026-08-31,112,112,bulundu,https://guzelovaortaokulu.meb.k12.tr/,2026-10-01T18:44:48.461925+00:00,,Öğrenci Sayısı : 112
Erzurum,Yakutiye,Güzelova İlkokulu,712534,İlkokul,https://guzelovailkokul.meb.k12.tr,,,https://guzelovailkokul.meb.k12.tr/tema/harita.php,2026-08-31,79,79,bulundu,https://guzelovailkokul.meb.k12.tr/,2026-10-01T18:44:48.473825+00:00,,Öğrenci Sayısı : 79
Erzurum,Yakutiye,Halitpaşa Ortaokulu,712111,Ortaokul,https://halitpasaortaokulu.meb.k12.tr,,,https://halitpasaortaokulu.meb.k12.tr/tema/harita.php,2026-08-31,35,35,bulundu,https://halitpasaortaokulu.meb.k12.tr/,2026-10-01T18:44:48.481270+00:00,,Öğrenci Sayısı 35
Erzurum,Yakutiye,Halitpaşa İlkokulu,712107,İlkokul,https://halitpasailkokulu.meb.k12.tr,,,https://halitpasailkokulu.meb.k12.tr/tema/harita.php,2026-08-31,28,28,bulundu,https://halitpasailkokulu.meb.k12.tr/tema/okulumuz_hakkinda.php,2026-10-01T18:44:48.487607+00:00,,Öğrenci : 28
Erzurum,Yakutiye,Hamidiye Kız Mesleki ve Teknik Anadolu Lisesi,969405,Mesleki ve Teknik Anadolu Lisesi,https://yakutiyektml.meb.k12.tr,,,https://yakutiyektml.meb.k12.tr/tema/harita.php,2026-08-31,640,640,bulundu,https://yakutiyektml.meb.k12.tr/,2026-10-01T18:44:48.803148+00:00,,Öğrenci Sayısı : 640
Erzurum,Yakutiye,Harput Kapı Anadolu Lisesi,765548,Anadolu Lisesi,https://harputkapial.meb.k12.tr,,,https://harputkapial.meb.k12.tr/tema/harita.php,2026-08-31,532,532,bulundu,https://harputkapial.meb.k12.tr/,2026-10-01T18:44:48.946187+00:00,,Öğrenci Sayısı : 532
Erzurum,Yakutiye,Hasan Basri Anadolu İmam Hatip Lisesi,973765,Anadolu İmam Hatip Lisesi,https://hasanbasriaihl.meb.k12.tr,,,https://hasanbasriaihl.meb.k12.tr/tema/harita.php,2026-08-31,260,260,bulundu,https://hasanbasriaihl.meb.k12.tr/,2026-10-01T18:44:49.234020+00:00,,Öğrenci Sayısı 260
Erzurum,Yakutiye,Hava Meydan Komutanlığı 75.Yıl Ortaokulu,740795,Ortaokul,https://havameydan.meb.k12.tr,,,https://havameydan.meb.k12.tr/tema/harita.php,2026-08-31,160,160,bulundu,https://havameydan.meb.k12.tr/,2026-10-01T18:44:49.237211+00:00,,Öğrenci Sayısı 160
Erzurum,Yakutiye,Hava Meydan Komutanlığı 75.Yıl İlkokulu,740311,İlkokul,https://havameydan75ilkokulu.meb.k12.tr,,,https://havameydan75ilkokulu.meb.k12.tr/tema/harita.php,2026-08-31,151,151,bulundu,https://havameydan75ilkokulu.meb.k12.tr/,2026-10-01T18:44:49.257839+00:00,,Öğrenci Sayısı 151
Erzurum,Yakutiye,Hilalkent 125. Yıl Ortaokulu,712132,Ortaokul,https://hilalkent125yilortaokulu.meb.k12.tr,,,https://hilalkent125yilortaokulu.meb.k12.tr/tema/harita.php,2026-08-31,750,750,bulundu,https://hilalkent125yilortaokulu.meb.k12.tr/,2026-10-01T18:44:49.350610+00:00,,Öğrenci Sayısı 750
Erzurum,Yakutiye,Hilalkent 125. Yıl İlkokulu,712131,İlkokul,https://hilalkent125.meb.k12.tr,,,https://hilalkent125.meb.k12.tr/tema/harita.php,2026-08-31,1465,1465,bulundu,https://hilalkent125.meb.k12.tr/,2026-10-01T18:44:49.384730+00:00,,Öğrenci Sayısı : 1465
Erzurum,Yakutiye,Hilalkent 125.Yıl Anaokulu,750179,Anaokulu,https://hilalkent125yilanaokulu.meb.k12.tr,,,https://hilalkent125yilanaokulu.meb.k12.tr/tema/harita.php,2026-08-31,174,174,bulundu,https://hilalkent125yilanaokulu.meb.k12.tr/,2026-10-01T18:44:49.399142+00:00,,Öğrenci Sayısı: 174
Erzurum,Yakutiye,Hilalkent Anadolu Lisesi,969411,Anadolu Lisesi,https://hilalkentlisesi.meb.k12.tr,,,https://hilalkentlisesi.meb.k12.tr/tema/harita.php,2026-08-31,374,374,bulundu,https://hilalkentlisesi.meb.k12.tr/,2026-10-01T18:44:49.576020+00:00,,Öğrenci Sayısı 374
Erzurum,Yakutiye,Hilalkent Anaokulu,775751,Anaokulu,https://hilalkentanaokuluerzurum.meb.k12.tr,,,https://hilalkentanaokuluerzurum.meb.k12.tr/tema/harita.php,2026-08-31,166,166,bulundu,https://hilalkentanaokuluerzurum.meb.k12.tr/,2026-10-01T18:44:49.721313+00:00,,Öğrenci Sayısı : 166
Erzurum,Yakutiye,Hilalkent İlkokulu,776324,İlkokul,https://yakutiyehilalkentilkokulu.meb.k12.tr,,,https://yakutiyehilalkentilkokulu.meb.k12.tr/tema/harita.php,2026-08-31,546,546,bulundu,https://yakutiyehilalkentilkokulu.meb.k12.tr/,2026-10-01T18:44:49.771953+00:00,,Öğrenci Sayısı 546
Erzurum,Yakutiye,Kazım Karabekir İmam Hatip Ortaokulu,752634,İmam Hatip Ortaokulu,https://kkarabekiriho.meb.k12.tr,,,https://kkarabekiriho.meb.k12.tr/tema/harita.php,2026-08-31,545,545,bulundu,https://kkarabekiriho.meb.k12.tr/,2026-10-01T18:44:49.787932+00:00,,Öğrenci Sayısı 545
Erzurum,Yakutiye,Kocatepe İlkokulu,712216,İlkokul,https://erzkocatepeio.meb.k12.tr,,,https://erzkocatepeio.meb.k12.tr/tema/harita.php,2026-08-31,1777,1777,bulundu,https://erzkocatepeio.meb.k12.tr/,2026-10-01T18:44:49.794471+00:00,,Öğrenci Sayısı : 1777
Erzurum,Yakutiye,Kösemehmet İlkokulu,712605,İlkokul,https://kosemehmet.meb.k12.tr,,,https://kosemehmet.meb.k12.tr/tema/harita.php,2026-08-31,3,3,bulundu,https://kosemehmet.meb.k12.tr/,2026-10-01T18:44:49.852512+00:00,,Öğrenci Sayısı 3
Erzurum,Yakutiye,Kültür Kurumu Anaokulu,766555,Anaokulu,https://766555.meb.k12.tr,,,https://766555.meb.k12.tr/tema/harita.php,2026-08-31,11,11,bulundu,https://766555.meb.k12.tr/,2026-10-01T18:44:50.134828+00:00,,Öğrenci Sayısı: 11
Erzurum,Yakutiye,Kültür Kurumu Ortaokulu,712226,Ortaokul,https://kulturkurumuortaokulu.meb.k12.tr,,,https://kulturkurumuortaokulu.meb.k12.tr/tema/harita.php,2026-08-31,802,802,bulundu,https://kulturkurumuortaokulu.meb.k12.tr/,2026-10-01T18:44:50.155626+00:00,,Öğrenci Sayısı : 802
Erzurum,Yakutiye,Kültür Kurumu İlkokulu,712222,İlkokul,https://kulturkurumuilkokulu.meb.k12.tr,,,https://kulturkurumuilkokulu.meb.k12.tr/tema/harita.php,2026-08-31,619,619,bulundu,https://kulturkurumuilkokulu.meb.k12.tr/,2026-10-01T18:44:50.304551+00:00,,Öğrenci Sayısı 619
Erzurum,Yakutiye,Kırmızıtaş İlkokulu,712603,İlkokul,https://kirmizitas.meb.k12.tr,,,https://kirmizitas.meb.k12.tr/tema/harita.php,2026-08-31,16,16,bulundu,https://kirmizitas.meb.k12.tr/,2026-10-01T18:44:50.311002+00:00,,Öğrenci Sayısı: 16
Erzurum,Yakutiye,Mareşal Fevzi Çakmak Ortaokulu,712229,Ortaokul,https://maresalfevziortaokulu.meb.k12.tr,,,https://maresalfevziortaokulu.meb.k12.tr/tema/harita.php,2026-08-31,212,212,bulundu,https://maresalfevziortaokulu.meb.k12.tr/,2026-10-01T18:44:50.526766+00:00,,Öğrenci Sayısı : 212
Erzurum,Yakutiye,Mareşal Fevzi Çakmak İlkokulu,712228,İlkokul,https://mfcio25.meb.k12.tr,,,https://mfcio25.meb.k12.tr/tema/harita.php,2026-08-31,356,356,bulundu,https://mfcio25.meb.k12.tr/,2026-10-01T18:44:50.545453+00:00,,Öğrenci Sayısı 356
Erzurum,Yakutiye,Mecidiye Anadolu Lisesi,969410,Anadolu Lisesi,https://mecidiyeanadolulisesi.meb.k12.tr,,,https://mecidiyeanadolulisesi.meb.k12.tr/tema/harita.php,2026-08-31,556,556,bulundu,https://mecidiyeanadolulisesi.meb.k12.tr/,2026-10-01T18:44:50.567218+00:00,,Öğrenci Sayısı : 556
Erzurum,Yakutiye,Mecidiye İlkokulu,712232,İlkokul,https://mecidiyeio25.meb.k12.tr,,,https://mecidiyeio25.meb.k12.tr/tema/harita.php,2026-08-31,132,132,bulundu,https://mecidiyeio25.meb.k12.tr/,2026-10-01T18:44:50.581098+00:00,,Öğrenci Sayısı : 132
Erzurum,Yakutiye,Necip Fazıl İmam Hatip Ortaokulu,758689,İmam Hatip Ortaokulu,https://necipfazlmamhatiportaokulu.meb.k12.tr,,,https://necipfazlmamhatiportaokulu.meb.k12.tr/tema/harita.php,2026-08-31,201,201,bulundu,https://necipfazlmamhatiportaokulu.meb.k12.tr/,2026-10-01T18:44:50.791965+00:00,,Öğrenci Sayısı 201
Erzurum,Yakutiye,Nenehatun Kız Anadolu Lisesi,972508,Anadolu Lisesi,https://nenehatunkl.meb.k12.tr,,,https://nenehatunkl.meb.k12.tr/tema/harita.php,2026-08-31,516,516,bulundu,https://nenehatunkl.meb.k12.tr/,2026-10-01T18:44:50.890072+00:00,,Öğrenci Sayısı 516
Erzurum,Yakutiye,Ortadüzü İlkokulu,712613,İlkokul,https://ortaduzuilkokulu.meb.k12.tr,,,https://ortaduzuilkokulu.meb.k12.tr/tema/harita.php,2026-08-31,10,10,bulundu,https://ortaduzuilkokulu.meb.k12.tr/,2026-10-01T18:44:50.946623+00:00,,Öğrenci Sayısı: 10
Erzurum,Yakutiye,Prof. Dr. Necmeddin Erbakan Fen Lisesi,761490,Fen Lisesi,https://yakutiyefenlisesi.meb.k12.tr,,,https://yakutiyefenlisesi.meb.k12.tr/tema/harita.php,2026-08-31,466,466,bulundu,https://yakutiyefenlisesi.meb.k12.tr/,2026-10-01T18:44:50.952685+00:00,,Öğrenci Sayısı : 466
Erzurum,Yakutiye,Profesör Doktor Recep Akdağ Anaokulu,750242,Anaokulu,https://recepakdag.meb.k12.tr,,,https://recepakdag.meb.k12.tr/tema/harita.php,2026-08-31,77,77,bulundu,https://recepakdag.meb.k12.tr/tema/okulumuz_hakkinda.php,2026-10-01T18:44:51.056134+00:00,,Öğrenci : 77
Erzurum,Yakutiye,Rabia Hatun Kız Anadolu İmam Hatip Lisesi,749182,Anadolu İmam Hatip Lisesi,https://rabiahatunkizaihl.meb.k12.tr,,,https://rabiahatunkizaihl.meb.k12.tr/tema/harita.php,2026-08-31,530,530,bulundu,https://rabiahatunkizaihl.meb.k12.tr/tema/okulumuz_hakkinda.php,2026-10-01T18:44:51.196062+00:00,,Öğrenci : 530
Erzurum,Yakutiye,Raci Alkır Güzel Sanatlar Lisesi,969417,Güzel Sanatlar Lisesi,https://erzurumagsl.meb.k12.tr,,,https://erzurumagsl.meb.k12.tr/tema/harita.php,2026-08-31,192,192,bulundu,https://erzurumagsl.meb.k12.tr/,2026-10-01T18:44:51.274457+00:00,,Öğrenci Sayısı : 192
Erzurum,Yakutiye,Raif Azak İmam Hatip Ortaokulu,767073,İmam Hatip Ortaokulu,https://raifazakhafizkiziho.meb.k12.tr,,,https://raifazakhafizkiziho.meb.k12.tr/tema/harita.php,2026-08-31,280,280,bulundu,https://raifazakhafizkiziho.meb.k12.tr/,2026-10-01T18:44:51.329146+00:00,,Öğrenci Sayısı 280
Erzurum,Yakutiye,Sabahattin Eryurt Anaokulu,973230,Anaokulu,https://sabahattineryurtanaokulu.meb.k12.tr,,,https://sabahattineryurtanaokulu.meb.k12.tr/tema/harita.php,2026-08-31,179,179,bulundu,https://sabahattineryurtanaokulu.meb.k12.tr/,2026-10-01T18:44:51.341269+00:00,,Öğrenci Sayısı: 179
Erzurum,Yakutiye,Sabancı Ortaokulu,712353,Ortaokul,https://sabanciortaokulu.meb.k12.tr,,,https://sabanciortaokulu.meb.k12.tr/tema/harita.php,2026-08-31,588,588,bulundu,https://sabanciortaokulu.meb.k12.tr/,2026-10-01T18:44:51.356339+00:00,,Öğrenci Sayısı : 588
Erzurum,Yakutiye,Sabancı İlkokulu,968932,İlkokul,https://erzurumsabanci.meb.k12.tr,,,https://erzurumsabanci.meb.k12.tr/tema/harita.php,2026-08-31,552,552,bulundu,https://erzurumsabanci.meb.k12.tr/,2026-10-01T18:44:51.385739+00:00,,Öğrenci Sayısı : 552
Erzurum,Yakutiye,Sezai Karakoç Anadolu İmam Hatip Lisesi,761658,Anadolu İmam Hatip Lisesi,https://sezaikarakocanadoluimamhatip.meb.k12.tr,,,https://sezaikarakocanadoluimamhatip.meb.k12.tr/tema/harita.php,2026-08-31,313,313,bulundu,https://sezaikarakocanadoluimamhatip.meb.k12.tr/,2026-10-01T18:44:51.550841+00:00,,Öğrenci Sayısı 313
Erzurum,Yakutiye,Soğucak İlkokulu,712616,İlkokul,https://sogucakilkokulu.meb.k12.tr,,,https://sogucakilkokulu.meb.k12.tr/tema/harita.php,2026-08-31,8,8,bulundu,https://sogucakilkokulu.meb.k12.tr/,2026-10-01T18:44:51.568096+00:00,,Öğrenci Sayısı: 8
Erzurum,Yakutiye,Sıddık Tivnikli Hafız İmam Hatip Ortaokulu,766209,İmam Hatip Ortaokulu,https://siddiktivniklihafiziho.meb.k12.tr,,,https://siddiktivniklihafiziho.meb.k12.tr/tema/harita.php,2026-08-31,164,164,bulundu,https://siddiktivniklihafiziho.meb.k12.tr/,2026-10-01T18:44:51.597649+00:00,,Öğrenci Sayısı 164
Erzurum,Yakutiye,Tatbikat İlkokulu,712451,İlkokul,https://tatbikatilkokulu.meb.k12.tr,,,https://tatbikatilkokulu.meb.k12.tr/tema/harita.php,2026-08-31,482,482,bulundu,https://tatbikatilkokulu.meb.k12.tr/,2026-10-01T18:44:51.646415+00:00,,Öğrenci Sayısı : 482
Erzurum,Yakutiye,Tevfik İleri Anadolu Lisesi,969412,Anadolu Lisesi,https://erzurumtevfikilerianadolulisesi.meb.k12.tr,,,https://erzurumtevfikilerianadolulisesi.meb.k12.tr/tema/harita.php,2026-08-31,519,519,bulundu,https://erzurumtevfikilerianadolulisesi.meb.k12.tr/,2026-10-01T18:44:51.703881+00:00,,Öğrenci Sayısı : 519
Erzurum,Yakutiye,Umudum Ortaokulu,712571,Ortaokul,https://umudumortaokulu.meb.k12.tr,,,https://umudumortaokulu.meb.k12.tr/tema/harita.php,2026-08-31,24,24,bulundu,https://umudumortaokulu.meb.k12.tr/,2026-10-01T18:44:51.714727+00:00,,Öğrenci Sayısı 24
Erzurum,Yakutiye,Umudum İlkokulu,712570,İlkokul,https://umudumilkokulu.meb.k12.tr,,,https://umudumilkokulu.meb.k12.tr/tema/harita.php,2026-08-31,17,17,bulundu,https://umudumilkokulu.meb.k12.tr/,2026-10-01T18:44:51.863859+00:00,,Öğrenci Sayısı 17
Erzurum,Yakutiye,Uzunyayla İlkokulu,968945,İlkokul,https://erzurumuzunyayla.meb.k12.tr,,,https://erzurumuzunyayla.meb.k12.tr/tema/harita.php,2026-08-31,9,9,bulundu,https://erzurumuzunyayla.meb.k12.tr/,2026-10-01T18:44:52.069909+00:00,,Öğrenci Sayısı: 9
Erzurum,Yakutiye,Veysefendi İlkokulu,968944,İlkokul,https://veysefendi.meb.k12.tr,,,https://veysefendi.meb.k12.tr/tema/harita.php,2026-08-31,167,167,bulundu,https://veysefendi.meb.k12.tr/,2026-10-01T18:44:52.166948+00:00,,Öğrenci Sayısı : 167
Erzurum,Yakutiye,Yakutiye Adalet Mesleki Eğitim Merkezi,769269,Mesleki Eğitim Merkezi,https://yakutiyeadaletmem.meb.k12.tr,,,https://yakutiyeadaletmem.meb.k12.tr/tema/harita.php,2026-08-31,21,21,bulundu,https://yakutiyeadaletmem.meb.k12.tr/,2026-10-01T18:44:52.228278+00:00,,Öğrenci Sayısı : 21
Erzurum,Yakutiye,Yakutiye Anadolu Lisesi,765162,Anadolu Lisesi,https://yakutiyeanadolulisesi.meb.k12.tr,,,https://yakutiyeanadolulisesi.meb.k12.tr/tema/harita.php,2026-08-31,540,540,bulundu,https://yakutiyeanadolulisesi.meb.k12.tr/,2026-10-01T18:44:52.338168+00:00,,Öğrenci Sayısı : 540
Erzurum,Yakutiye,Yakutiye Anadolu İmam Hatip Lisesi,761426,Anadolu İmam Hatip Lisesi,https://yakutiyeprojeihl.meb.k12.tr,,,https://yakutiyeprojeihl.meb.k12.tr/tema/harita.php,2026-08-31,533,533,bulundu,https://yakutiyeprojeihl.meb.k12.tr/tema/okulumuz_hakkinda.php,2026-10-01T18:44:52.368993+00:00,,Öğrenci : 533
Erzurum,Yakutiye,Yakutiye Bilim ve Sanat Merkezi,769193,Bilim ve Sanat Merkezi,https://yakutiyebilsem.meb.k12.tr,,,https://yakutiyebilsem.meb.k12.tr/tema/harita.php,2026-08-31,183,183,bulundu,https://yakutiyebilsem.meb.k12.tr/,2026-10-01T18:44:52.414253+00:00,,Öğrenci Sayısı : 183
Erzurum,Yakutiye,Yakutiye Halk Eğitimi Merkezi,970087,Halk Eğitimi Merkezi,https://yakutiyehem.meb.k12.tr,,,https://yakutiyehem.meb.k12.tr/tema/harita.php,2026-08-31,,,bulunamadi,,2026-10-01T18:44:52.524897+00:00,,
Erzurum,Yakutiye,Yakutiye Mesleki Eğitim Merkezi,970088,Mesleki Eğitim Merkezi,https://erzurummeslekiegitimmerkezi.meb.k12.tr,,,https://erzurummeslekiegitimmerkezi.meb.k12.tr/tema/harita.php,2026-08-31,1265,1265,bulundu,https://erzurummeslekiegitimmerkezi.meb.k12.tr/tema/okulumuz_hakkinda.php,2026-10-01T18:44:52.651573+00:00,,Öğrenci : 1265
Erzurum,Yakutiye,Yakutiye Rehberlik ve Araştırma Merkezi,969720,Rehberlik ve Araştırma Merkezi,https://yakutiyeram.meb.k12.tr,,,https://yakutiyeram.meb.k12.tr/tema/harita.php,2026-08-31,,,bulunamadi,,2026-10-01T18:44:52.701160+00:00,,
Erzurum,Yakutiye,Yakutiye Ticaret Mesleki ve Teknik Anadolu Lisesi,969916,Mesleki ve Teknik Anadolu Lisesi,https://erzurumtml.meb.k12.tr,,,https://erzurumtml.meb.k12.tr/tema/harita.php,2026-08-31,230,230,bulundu,https://erzurumtml.meb.k12.tr/,2026-10-01T18:44:52.723849+00:00,,Öğrenci Sayısı 230
Erzurum,Yakutiye,Yazıpınar İlkokulu,712625,İlkokul,https://yazipinar.meb.k12.tr,,,https://yazipinar.meb.k12.tr/tema/harita.php,2026-08-31,16,16,bulundu,https://yazipinar.meb.k12.tr/,2026-10-01T18:44:52.735431+00:00,,Öğrenci Sayısı: 16
Erzurum,Yakutiye,Yeşilyayla Şöhret Ana İlkokulu,968939,İlkokul,https://yesilyaylaio.meb.k12.tr,,,https://yesilyaylaio.meb.k12.tr/tema/harita.php,2026-08-31,9,9,bulundu,https://yesilyaylaio.meb.k12.tr/,2026-10-01T18:44:52.739021+00:00,,Öğrenci Sayısı: 9
Erzurum,Yakutiye,Yolgeçti İlkokulu,712637,İlkokul,https://yolgecti.meb.k12.tr,,,https://yolgecti.meb.k12.tr/tema/harita.php,2026-08-31,18,18,bulundu,https://yolgecti.meb.k12.tr/,2026-10-01T18:44:52.752754+00:00,,Öğrenci Sayısı: 18
Erzurum,Yakutiye,Ziyaeddin Fahri Fındıkoğlu Anaokulu,750184,Anaokulu,https://ziyaeddinfahrifindikogluanaokulu.meb.k12.tr,,,https://ziyaeddinfahrifindikogluanaokulu.meb.k12.tr/tema/harita.php,2026-08-31,151,151,bulundu,https://ziyaeddinfahrifindikogluanaokulu.meb.k12.tr/,2026-10-01T18:44:52.889331+00:00,,Öğrenci Sayısı: 151
Erzurum,Yakutiye,Ziyaeddin Fahri Fındıkoğlu İmam Hatip Ortaokulu,760800,İmam Hatip Ortaokulu,https://ziyaeddinfahriiho.meb.k12.tr,,,https://ziyaeddinfahriiho.meb.k12.tr/tema/harita.php,2026-08-31,619,619,bulundu,https://ziyaeddinfahriiho.meb.k12.tr/,2026-10-01T18:44:53.218865+00:00,,Öğrenci Sayısı : 619
Erzurum,Yakutiye,Çayırtepe Ortaokulu,712499,Ortaokul,https://cayirtepeortaokulu.meb.k12.tr,,,https://cayirtepeortaokulu.meb.k12.tr/tema/harita.php,2026-08-31,30,30,bulundu,https://cayirtepeortaokulu.meb.k12.tr/,2026-10-01T18:44:53.260590+00:00,,Öğrenci Sayısı : 30
Erzurum,Yakutiye,Çayırtepe İlkokulu,712497,İlkokul,https://cayirtepeilkokulu.meb.k12.tr,,,https://cayirtepeilkokulu.meb.k12.tr/tema/harita.php,2026-08-31,37,37,bulundu,https://cayirtepeilkokulu.meb.k12.tr/,2026-10-01T18:44:53.363649+00:00,,Öğrenci Sayısı : 37
Erzurum,Yakutiye,Çiftlik Şehit Bülent Karataş Ortaokulu,712567,Ortaokul,https://sehitbulentkaratasoo.meb.k12.tr,,,https://sehitbulentkaratasoo.meb.k12.tr/tema/harita.php,2026-08-31,24,24,bulundu,https://sehitbulentkaratasoo.meb.k12.tr/,2026-10-01T18:44:53.381626+00:00,,Öğrenci Sayısı : 24
Erzurum,Yakutiye,Çiftlik Şehit Bülent Karataş İlkokulu,712566,İlkokul,https://sehitbulentio.meb.k12.tr,,,https://sehitbulentio.meb.k12.tr/tema/harita.php,2026-08-31,37,37,bulundu,https://sehitbulentio.meb.k12.tr/,2026-10-01T18:44:53.394388+00:00,,Öğrenci Sayısı : 37
Erzurum,Yakutiye,Ömer Duygun İlkokulu,768073,İlkokul,https://omerduygunilkokulu.meb.k12.tr,,,https://omerduygunilkokulu.meb.k12.tr/tema/harita.php,2026-08-31,727,727,bulundu,https://omerduygunilkokulu.meb.k12.tr/,2026-10-01T18:44:53.444667+00:00,,Öğrenci Sayısı 727
Erzurum,Yakutiye,Ömer Nasuhi Bilmen Ortaokulu,712337,Ortaokul,https://omernasuhibilmenortaokulu.meb.k12.tr,,,https://omernasuhibilmenortaokulu.meb.k12.tr/tema/harita.php,2026-08-31,394,394,bulundu,https://omernasuhibilmenortaokulu.meb.k12.tr/,2026-10-01T18:44:53.613340+00:00,,Öğrenci Sayısı : 394
Erzurum,Yakutiye,Ömer Nasuhi Bilmen İlkokulu,712335,İlkokul,https://onbi.meb.k12.tr,,,https://onbi.meb.k12.tr/tema/harita.php,2026-08-31,419,419,bulundu,https://onbi.meb.k12.tr/,2026-10-01T18:44:53.657607+00:00,,Öğrenci Sayısı : 419
Erzurum,Yakutiye,Üsteğmen Fatma Seher Erden Anaokulu,969998,Anaokulu,https://ustegmenfatmasehererden.meb.k12.tr,,,https://ustegmenfatmasehererden.meb.k12.tr/tema/harita.php,2026-08-31,30,30,bulundu,https://ustegmenfatmasehererden.meb.k12.tr/,2026-10-01T18:44:53.726946+00:00,,Öğrenci Sayısı: 30
Erzurum,Yakutiye,İbrahim Hakkı Ortaokulu,712549,Ortaokul,https://ibrahimhakkiortaokulu.meb.k12.tr,,,https://ibrahimhakkiortaokulu.meb.k12.tr/tema/harita.php,2026-08-31,35,35,bulundu,https://ibrahimhakkiortaokulu.meb.k12.tr/,2026-10-01T18:44:53.770397+00:00,,Öğrenci Sayısı 35
Erzurum,Yakutiye,İbrahim Hakkı İlkokulu,968686,İlkokul,https://ibrahimhakkiilkokulu.meb.k12.tr,,,https://ibrahimhakkiilkokulu.meb.k12.tr/tema/harita.php,2026-08-31,,,bulunamadi,,2026-10-01T18:44:53.958416+00:00,,
Erzurum,Yakutiye,İsmetpaşa İlkokulu,968684,İlkokul,https://ismetpasa25.meb.k12.tr,,,https://ismetpasa25.meb.k12.tr/tema/harita.php,2026-08-31,197,197,bulundu,https://ismetpasa25.meb.k12.tr/,2026-10-01T18:44:53.972761+00:00,,Öğrenci Sayısı 197
Erzurum,Yakutiye,Şair Nefi Ortaokulu,968931,Ortaokul,https://sairnefi.meb.k12.tr,,,https://sairnefi.meb.k12.tr/tema/harita.php,2026-08-31,,,bulunamadi,,2026-10-01T18:44:53.976152+00:00,,
Erzurum,Yakutiye,Şehit Burak Tatar Mesleki ve Teknik Anadolu Lisesi,969714,Mesleki ve Teknik Anadolu Lisesi,https://sehitburaktatarmtal.meb.k12.tr,,,https://sehitburaktatarmtal.meb.k12.tr/tema/harita.php,2026-08-31,553,553,bulundu,https://sehitburaktatarmtal.meb.k12.tr/,2026-10-01T18:44:53.992846+00:00,,Öğrenci Sayısı : 553
Erzurum,Yakutiye,Şehit Kubilay Karaman İlkokulu,765740,İlkokul,https://sehitkubilaykaramanilkokulu.meb.k12.tr,,,https://sehitkubilaykaramanilkokulu.meb.k12.tr/tema/harita.php,2026-08-31,290,290,bulundu,https://sehitkubilaykaramanilkokulu.meb.k12.tr/,2026-10-01T18:44:54.021903+00:00,,Öğrenci Sayısı : 290
Erzurum,Yakutiye,Şehit Nurettin Tokyürek Ortaokulu,776811,Ortaokul,https://sehitnurettintokyurekortaokulu.meb.k12.tr,,,https://sehitnurettintokyurekortaokulu.meb.k12.tr/tema/harita.php,2026-08-31,,,bulunamadi,,2026-10-01T18:44:54.028979+00:00,,
Erzurum,Yakutiye,Şehit Rahmi Kaya İmam Hatip Ortaokulu,760897,İmam Hatip Ortaokulu,https://sehitrahmikayaiho.meb.k12.tr,,,https://sehitrahmikayaiho.meb.k12.tr/tema/harita.php,2026-08-31,463,463,bulundu,https://sehitrahmikayaiho.meb.k12.tr/,2026-10-01T18:44:54.271547+00:00,,Öğrenci Sayısı : 463
Erzurum,Yakutiye,Şükrüpaşa Anadolu Lisesi,973780,Anadolu Lisesi,https://sukrupasaanadolulisesi.meb.k12.tr,,,https://sukrupasaanadolulisesi.meb.k12.tr/tema/harita.php,2026-08-31,528,528,bulundu,https://sukrupasaanadolulisesi.meb.k12.tr/tema/okulumuz_hakkinda.php,2026-10-01T18:44:54.513104+00:00,,Öğrenci : 528
Erzurum,Yakutiye,Şükrüpaşa Anaokulu,770871,Anaokulu,https://770871.meb.k12.tr,,,https://770871.meb.k12.tr/tema/harita.php,2026-08-31,,,bulunamadi,,2026-10-01T18:44:54.530592+00:00,,
Erzurum,Yakutiye,Şükrüpaşa Ortaokulu,712435,Ortaokul,https://erzurumsukrupasaoo.meb.k12.tr,,,https://erzurumsukrupasaoo.meb.k12.tr/tema/harita.php,2026-08-31,603,603,bulundu,https://erzurumsukrupasaoo.meb.k12.tr/tema/okulumuz_hakkinda.php,2026-10-01T18:44:54.531810+00:00,,Öğrenci : 603
Erzurum,Yakutiye,Şükrüpaşa İlkokulu,712434,İlkokul,https://erzurumsukrupasaio.meb.k12.tr,,,https://erzurumsukrupasaio.meb.k12.tr/tema/harita.php,2026-08-31,,,bulunamadi,,2026-10-01T18:44:54.552087+00:00,,
Erzurum,Yakutiye,Şükrüpaşa Şehit Kadir Kayveni İlkokulu,768001,İlkokul,https://sehitkadirkayveniilkokulu.meb.k12.tr,,,https://sehitkadirkayveniilkokulu.meb.k12.tr/tema/harita.php,2026-08-31,600,600,bulundu,https://sehitkadirkayveniilkokulu.meb.k12.tr/,2026-10-01T18:44:54.589484+00:00,,Öğrenci Sayısı : 600
Erzurum,Çat,Aşağı Çat İlkokulu,703637,İlkokul,https://asagicat.meb.k12.tr,,,https://asagicat.meb.k12.tr/tema/harita.php,2026-08-31,19,19,bulundu,https://asagicat.meb.k12.tr/,2026-10-01T18:44:54.657631+00:00,,Öğrenci Sayısı: 19
Erzurum,Çat,Bardakcı Ortaokulu,706862,Ortaokul,https://bardakciortaokulu.meb.k12.tr,,,https://bardakciortaokulu.meb.k12.tr/tema/harita.php,2026-08-31,27,27,bulundu,https://bardakciortaokulu.meb.k12.tr/,2026-10-01T18:44:54.758481+00:00,,Öğrenci Sayısı : 27
Erzurum,Çat,Bardakcı İlkokulu,706770,İlkokul,https://catbardakciilkokulu.meb.k12.tr,,,https://catbardakciilkokulu.meb.k12.tr/tema/harita.php,2026-08-31,41,41,bulundu,https://catbardakciilkokulu.meb.k12.tr/,2026-10-01T18:44:54.897773+00:00,,Öğrenci Sayısı: 41
Erzurum,Çat,Bayındır İlkokulu,766939,İlkokul,https://catbayindirilkokulu.meb.k12.tr,,,https://catbayindirilkokulu.meb.k12.tr/tema/harita.php,2026-08-31,7,7,bulundu,https://catbayindirilkokulu.meb.k12.tr/,2026-10-01T18:44:54.912225+00:00,,Öğrenci Sayısı 7
Erzurum,Çat,Başköy Ortaokulu,707194,Ortaokul,https://catbaskoy.meb.k12.tr,,,https://catbaskoy.meb.k12.tr/tema/harita.php,2026-08-31,29,29,bulundu,https://catbaskoy.meb.k12.tr/,2026-10-01T18:44:54.934281+00:00,,Öğrenci Sayısı : 29
Erzurum,Çat,Başköy İlkokulu,707161,İlkokul,https://catbaskoyio.meb.k12.tr,,,https://catbaskoyio.meb.k12.tr/tema/harita.php,2026-08-31,44,44,bulundu,https://catbaskoyio.meb.k12.tr/,2026-10-01T18:44:54.938571+00:00,,Öğrenci Sayısı: 44
Erzurum,Çat,Beşiktaş İlkokulu,771259,İlkokul,https://catbesiktasilkokulu.meb.k12.tr,,,https://catbesiktasilkokulu.meb.k12.tr/tema/harita.php,2026-08-31,5,5,bulundu,https://catbesiktasilkokulu.meb.k12.tr/,2026-10-01T18:44:55.119911+00:00,,Öğrenci Sayısı: 5
Erzurum,Çat,Bozyazı İlkokulu,704052,İlkokul,https://bozyaziio.meb.k12.tr,,,https://bozyaziio.meb.k12.tr/tema/harita.php,2026-08-31,,,bulunamadi,,2026-10-01T18:44:55.319193+00:00,,
Erzurum,Çat,Budaklar İlkokulu,704058,İlkokul,https://budaklar25.meb.k12.tr,,,https://budaklar25.meb.k12.tr/tema/harita.php,2026-08-31,6,6,bulundu,https://budaklar25.meb.k12.tr/,2026-10-01T18:44:55.341637+00:00,,Öğrenci Sayısı 6
Erzurum,Çat,Cumhuriyet Ortaokulu,748199,Ortaokul,https://catcumhuriyetortaokulu.meb.k12.tr,,,https://catcumhuriyetortaokulu.meb.k12.tr/tema/harita.php,2026-08-31,173,173,bulundu,https://catcumhuriyetortaokulu.meb.k12.tr/,2026-10-01T18:44:55.599071+00:00,,Öğrenci Sayısı : 173
Erzurum,Çat,Değirmenli İlkokulu,704099,İlkokul,https://degirmenliio.meb.k12.tr,,,https://degirmenliio.meb.k12.tr/tema/harita.php,2026-08-31,29,29,bulundu,https://degirmenliio.meb.k12.tr/,2026-10-01T18:44:55.613117+00:00,,Öğrenci Sayısı: 29
Erzurum,Çat,Gökçeşeyh İlkokulu,704244,İlkokul,https://gkceseyh.meb.k12.tr,,,https://gkceseyh.meb.k12.tr/tema/harita.php,2026-08-31,4,4,bulundu,https://gkceseyh.meb.k12.tr/,2026-10-01T18:44:55.745938+00:00,,Öğrenci Sayısı: 4
Erzurum,Çat,Gölköyü İlkokulu,704249,İlkokul,https://golkoyu.meb.k12.tr,,,https://golkoyu.meb.k12.tr/tema/harita.php,2026-08-31,5,5,bulundu,https://golkoyu.meb.k12.tr/,2026-10-01T18:44:55.782741+00:00,,Öğrenci Sayısı: 5
Erzurum,Çat,Has Ortaokulu,765845,Ortaokul,https://cathasortaokulu.meb.k12.tr,,,https://cathasortaokulu.meb.k12.tr/tema/harita.php,2026-08-31,78,78,bulundu,https://cathasortaokulu.meb.k12.tr/,2026-10-01T18:44:55.790827+00:00,,Öğrenci Sayısı 78
Erzurum,Çat,Has İlkokulu,765844,İlkokul,https://cathasilkokulu.meb.k12.tr,,,https://cathasilkokulu.meb.k12.tr/tema/harita.php,2026-08-31,65,65,bulundu,https://cathasilkokulu.meb.k12.tr/,2026-10-01T18:44:56.046184+00:00,,Öğrenci Sayısı 65
Erzurum,Çat,Işkınlı İlkokulu,704315,İlkokul,https://iskinli.meb.k12.tr,,,https://iskinli.meb.k12.tr/tema/harita.php,2026-08-31,24,24,bulundu,https://iskinli.meb.k12.tr/,2026-10-01T18:44:56.052130+00:00,,Öğrenci Sayısı: 24
Erzurum,Çat,Kaplıca Hacı Yusuf İlkokulu,704346,İlkokul,https://kaplicahaciyusuf.meb.k12.tr,,,https://kaplicahaciyusuf.meb.k12.tr/tema/harita.php,2026-08-31,23,23,bulundu,https://kaplicahaciyusuf.meb.k12.tr/,2026-10-01T18:44:56.137287+00:00,,Öğrenci Sayısı: 23
Erzurum,Çat,Kaplıca İlkokulu,707435,İlkokul,https://kaplicailkokulu.meb.k12.tr,,,https://kaplicailkokulu.meb.k12.tr/tema/harita.php,2026-08-31,15,15,bulundu,https://kaplicailkokulu.meb.k12.tr/,2026-10-01T18:44:56.150378+00:00,,Öğrenci Sayısı: 15
Erzurum,Çat,Karaşeyh Ortaokulu,707593,Ortaokul,https://karaseyhoo.meb.k12.tr,,,https://karaseyhoo.meb.k12.tr/tema/harita.php,2026-08-31,58,58,bulundu,https://karaseyhoo.meb.k12.tr/,2026-10-01T18:44:56.198409+00:00,,Öğrenci Sayısı 58
Erzurum,Çat,Karaşeyh İlkokulu,707559,İlkokul,https://karaseyhio.meb.k12.tr,,,https://karaseyhio.meb.k12.tr/tema/harita.php,2026-08-31,72,72,bulundu,https://karaseyhio.meb.k12.tr/,2026-10-01T18:44:56.202735+00:00,,Öğrenci Sayısı: 72
Erzurum,Çat,Kaymakam Mehmet Aydın Anaokulu,964754,Anaokulu,https://kmaanaokulu.meb.k12.tr,,,https://kmaanaokulu.meb.k12.tr/tema/harita.php,2026-08-31,51,51,bulundu,https://kmaanaokulu.meb.k12.tr/,2026-10-01T18:44:56.352574+00:00,,Öğrenci Sayısı: 51
Erzurum,Çat,Köseler İlkokulu,704459,İlkokul,https://catkoseler.meb.k12.tr,,,https://catkoseler.meb.k12.tr/tema/harita.php,2026-08-31,8,8,bulundu,https://catkoseler.meb.k12.tr/,2026-10-01T18:44:56.623513+00:00,,Öğrenci Sayısı 8
Erzurum,Çat,Kütüklü İlkokulu,768092,İlkokul,https://768092.meb.k12.tr,,,https://768092.meb.k12.tr/tema/harita.php,2026-08-31,5,5,bulundu,https://768092.meb.k12.tr/,2026-10-01T18:44:56.760191+00:00,,Öğrenci Sayısı : 5
Erzurum,Çat,Kızılca Ortaokulu,774589,Ortaokul,https://kizilcaortaokulu.meb.k12.tr,,,https://kizilcaortaokulu.meb.k12.tr/tema/harita.php,2026-08-31,48,48,bulundu,https://kizilcaortaokulu.meb.k12.tr/,2026-10-01T18:44:56.811914+00:00,,Öğrenci Sayısı 48
Erzurum,Çat,Kızılca İlkokulu,704447,İlkokul,https://catkizilcailkokulu.meb.k12.tr,,,https://catkizilcailkokulu.meb.k12.tr/tema/harita.php,2026-08-31,52,52,bulundu,https://catkizilcailkokulu.meb.k12.tr/,2026-10-01T18:44:56.815351+00:00,,Öğrenci Sayısı 52
Erzurum,Çat,Merkez İlkokulu,752298,İlkokul,https://catmerkezilkokulu.meb.k12.tr,,,https://catmerkezilkokulu.meb.k12.tr/tema/harita.php,2026-08-31,137,137,bulundu,https://catmerkezilkokulu.meb.k12.tr/,2026-10-01T18:44:56.825579+00:00,,Öğrenci Sayısı 137
Erzurum,Çat,Saltaş İlkokulu,484435,İlkokul,https://saltasilkokulu.meb.k12.tr,,,https://saltasilkokulu.meb.k12.tr/tema/harita.php,2026-08-31,20,20,bulundu,https://saltasilkokulu.meb.k12.tr/,2026-10-01T18:44:56.958285+00:00,,Öğrenci Sayısı 20
Erzurum,Çat,Sarıkaşık İlkokulu,704860,İlkokul,https://sarikasik.meb.k12.tr,,,https://sarikasik.meb.k12.tr/tema/harita.php,2026-08-31,34,34,bulundu,https://sarikasik.meb.k12.tr/,2026-10-01T18:44:56.959890+00:00,,Öğrenci Sayısı : 34
Erzurum,Çat,Soğukpınar Ortaokulu,707743,Ortaokul,https://catsogukpinaroo.meb.k12.tr,,,https://catsogukpinaroo.meb.k12.tr/tema/harita.php,2026-08-31,59,59,bulundu,https://catsogukpinaroo.meb.k12.tr/tema/okulumuz_hakkinda.php,2026-10-01T18:44:57.029823+00:00,,Öğrenci : 59
Erzurum,Çat,Soğukpınar İlkokulu,707718,İlkokul,https://catsogukpinar.meb.k12.tr,,,https://catsogukpinar.meb.k12.tr/tema/harita.php,2026-08-31,73,73,bulundu,https://catsogukpinar.meb.k12.tr/,2026-10-01T18:44:57.035423+00:00,,Öğrenci Sayısı 73
Erzurum,Çat,Taşağıl İlkokulu,764260,İlkokul,https://764260.meb.k12.tr,,,https://764260.meb.k12.tr/tema/harita.php,2026-08-31,17,17,bulundu,https://764260.meb.k12.tr/,2026-10-01T18:44:57.070987+00:00,,Öğrenci Sayısı: 17
Erzurum,Çat,Tuzlataşı İlkokulu,707902,İlkokul,https://tuzlatasiilkokulu.meb.k12.tr,,,https://tuzlatasiilkokulu.meb.k12.tr/tema/harita.php,2026-08-31,30,30,bulundu,https://tuzlatasiilkokulu.meb.k12.tr/,2026-10-01T18:44:57.178463+00:00,,Öğrenci Sayısı: 30
Erzurum,Çat,Tuzluca Mahallesi İlkokulu,704932,İlkokul,https://tuzlucaio.meb.k12.tr,,,https://tuzlucaio.meb.k12.tr/tema/harita.php,2026-08-31,6,6,bulundu,https://tuzlucaio.meb.k12.tr/,2026-10-01T18:44:57.192002+00:00,,Öğrenci Sayısı: 6
Erzurum,Çat,Yarmak İlkokulu,704940,İlkokul,https://yarmakilkokulu.meb.k12.tr,,,https://yarmakilkokulu.meb.k12.tr/tema/harita.php,2026-08-31,9,9,bulundu,https://yarmakilkokulu.meb.k12.tr/,2026-10-01T18:44:57.209440+00:00,,Öğrenci Sayısı: 9
Erzurum,Çat,Yatılı Bölge Ortaokulu,747802,Ortaokul,https://catybo.meb.k12.tr,,,https://catybo.meb.k12.tr/tema/harita.php,2026-08-31,184,184,bulundu,https://catybo.meb.k12.tr/,2026-10-01T18:44:57.258100+00:00,,Öğrenci Sayısı 184
Erzurum,Çat,Yavi Anadolu Lisesi,974332,Anadolu Lisesi,https://yavianadolulisesi.meb.k12.tr,,,https://yavianadolulisesi.meb.k12.tr/tema/harita.php,2026-08-31,67,67,bulundu,https://yavianadolulisesi.meb.k12.tr/,2026-10-01T18:44:57.324106+00:00,,Öğrenci Sayısı 67
Erzurum,Çat,Yavi Ortaokulu,418625,Ortaokul,https://yaviioo.meb.k12.tr,,,https://yaviioo.meb.k12.tr/tema/harita.php,2026-08-31,65,65,bulundu,https://yaviioo.meb.k12.tr/,2026-10-01T18:44:57.442464+00:00,,Öğrenci Sayısı 65
Erzurum,Çat,Yavi İlkokulu,708000,İlkokul,https://yaviilkokulu.meb.k12.tr,,,https://yaviilkokulu.meb.k12.tr/tema/harita.php,2026-08-31,48,48,bulundu,https://yaviilkokulu.meb.k12.tr/,2026-10-01T18:44:57.507878+00:00,,Öğrenci Sayısı : 48
Erzurum,Çat,Yaylasuyu İlkokulu,704947,İlkokul,https://yaylasuyuio.meb.k12.tr,,,https://yaylasuyuio.meb.k12.tr/tema/harita.php,2026-08-31,6,6,bulundu,https://yaylasuyuio.meb.k12.tr/,2026-10-01T18:44:57.639408+00:00,,Öğrenci Sayısı 6
Erzurum,Çat,Yeni Parmaksız Ortaokulu,708083,Ortaokul,https://yeniparmaksiz.meb.k12.tr,,,https://yeniparmaksiz.meb.k12.tr/tema/harita.php,2026-08-31,51,51,bulundu,https://yeniparmaksiz.meb.k12.tr/,2026-10-01T18:44:57.722079+00:00,,Öğrenci Sayısı 51
Erzurum,Çat,Yeni Parmaksız İlkokulu,708054,İlkokul,https://yeniparmaksizio.meb.k12.tr,,,https://yeniparmaksizio.meb.k12.tr/tema/harita.php,2026-08-31,,,bulunamadi,,2026-10-01T18:44:57.877540+00:00,,
Erzurum,Çat,Yeni Sarıkaşık Ortaokulu,713224,Ortaokul,https://yenisarikasik.meb.k12.tr,,,https://yenisarikasik.meb.k12.tr/tema/harita.php,2026-08-31,45,45,bulundu,https://yenisarikasik.meb.k12.tr/,2026-10-01T18:44:57.885822+00:00,,Öğrenci Sayısı : 45
Erzurum,Çat,Yeni Şeyhhasan İlkokulu,704978,İlkokul,https://yeniseyhhasan.meb.k12.tr,,,https://yeniseyhhasan.meb.k12.tr/tema/harita.php,2026-08-31,,,bulunamadi,,2026-10-01T18:44:57.933152+00:00,,
Erzurum,Çat,Yukarı Çat İlkokulu,705010,İlkokul,https://yukaratilkokulu.meb.k12.tr,,,https://yukaratilkokulu.meb.k12.tr/tema/harita.php,2026-08-31,,,bulunamadi,,2026-10-01T18:44:57.945429+00:00,,
Erzurum,Çat,Çat Anadolu İmam Hatip Lisesi,761636,Anadolu İmam Hatip Lisesi,https://cataihl.meb.k12.tr,,,https://cataihl.meb.k12.tr/tema/harita.php,2026-08-31,187,187,bulundu,https://cataihl.meb.k12.tr/,2026-10-01T18:44:58.064466+00:00,,Öğrenci Sayısı 187
Erzurum,Çat,Çat Halk Eğitimi Merkezi,146621,Halk Eğitimi Merkezi,https://cathalkegitim.meb.k12.tr,,,https://cathalkegitim.meb.k12.tr/tema/harita.php,2026-08-31,,,bulunamadi,,2026-10-01T18:44:58.079011+00:00,,
Erzurum,Çat,Çat Çok Programlı Anadolu Lisesi,146608,Çok Programlı Anadolu Lisesi,https://catcpal.meb.k12.tr,,,https://catcpal.meb.k12.tr/tema/harita.php,2026-08-31,177,177,bulundu,https://catcpal.meb.k12.tr/tema/okulumuz_hakkinda.php,2026-10-01T18:44:58.127820+00:00,,Öğrenci : 177
Erzurum,Çat,Çat Öğretmenevi ve Akşam Sanat Okulu,971158,Öğretmenevi,https://catogretmenevi.meb.k12.tr,,,https://catogretmenevi.meb.k12.tr/tema/harita.php,2026-08-31,,,bulunamadi,,2026-10-01T18:44:58.273277+00:00,,
Erzurum,Çat,Çat İlkokulu,752300,İlkokul,https://erzurumcatilkokulu.meb.k12.tr,,,https://erzurumcatilkokulu.meb.k12.tr/tema/harita.php,2026-08-31,27,27,bulundu,https://erzurumcatilkokulu.meb.k12.tr/,2026-10-01T18:44:58.353514+00:00,,Öğrenci Sayısı: 27
Erzurum,Çat,Çat İmam Hatip Ortaokulu,749449,İmam Hatip Ortaokulu,https://catiho.meb.k12.tr,,,https://catiho.meb.k12.tr/tema/harita.php,2026-08-31,50,50,bulundu,https://catiho.meb.k12.tr/,2026-10-01T18:44:58.403807+00:00,,Öğrenci Sayısı 50
Erzurum,Çat,Çayırtepe İlkokulu,771963,İlkokul,https://catcayirtepeilkokulu.meb.k12.tr,,,https://catcayirtepeilkokulu.meb.k12.tr/tema/harita.php,2026-08-31,8,8,bulundu,https://catcayirtepeilkokulu.meb.k12.tr/,2026-10-01T18:44:58.433303+00:00,,Öğrenci Sayısı 8
Erzurum,Çat,Çimenözü Deliktaş İlkokulu,763031,İlkokul,https://cimenozudeliktasilkokulu.meb.k12.tr,,,https://cimenozudeliktasilkokulu.meb.k12.tr/tema/harita.php,2026-08-31,12,12,bulundu,https://cimenozudeliktasilkokulu.meb.k12.tr/,2026-10-01T18:44:58.463598+00:00,,Öğrenci Sayısı: 12
Erzurum,Çat,Çimenözü İlkokulu,773157,İlkokul,https://cimenozuilkokulu.meb.k12.tr,,,https://cimenozuilkokulu.meb.k12.tr/tema/harita.php,2026-08-31,7,7,bulundu,https://cimenozuilkokulu.meb.k12.tr/,2026-10-01T18:44:58.536465+00:00,,Öğrenci Sayısı: 7
Erzurum,Çat,Çirişli İlkokulu,766792,İlkokul,https://cirisliilkokulu.meb.k12.tr,,,https://cirisliilkokulu.meb.k12.tr/tema/harita.php,2026-08-31,6,6,bulundu,https://cirisliilkokulu.meb.k12.tr/,2026-10-01T18:44:58.863160+00:00,,Öğrenci Sayısı: 6
Erzurum,Çat,Çukurçayır İlkokulu,704073,İlkokul,https://cukurcayirilkokulu.meb.k12.tr,,,https://cukurcayirilkokulu.meb.k12.tr/tema/harita.php,2026-08-31,25,25,bulundu,https://cukurcayirilkokulu.meb.k12.tr/,2026-10-01T18:44:58.921587+00:00,,Öğrenci Sayısı 25
Erzurum,Çat,Ümmehan Elginkan İlkokulu,704960,İlkokul,https://ummehanelginkanilkokulu.meb.k12.tr,,,https://ummehanelginkanilkokulu.meb.k12.tr/tema/harita.php,2026-08-31,16,16,bulundu,https://ummehanelginkanilkokulu.meb.k12.tr/,2026-10-01T18:44:58.951343+00:00,,Öğrenci Sayısı : 16
Erzurum,Çat,Şehit Osman Gülmez Ortaokulu,707831,Ortaokul,https://sogo.meb.k12.tr,,,https://sogo.meb.k12.tr/tema/harita.php,2026-08-31,46,46,bulundu,https://sogo.meb.k12.tr/tema/okulumuz_hakkinda.php,2026-10-01T18:44:59.264337+00:00,,Öğrenci : 46
Erzurum,Çat,Şehit Osman Gülmez İlkokulu,707791,İlkokul,https://sogi.meb.k12.tr,,,https://sogi.meb.k12.tr/tema/harita.php,2026-08-31,59,59,bulundu,https://sogi.meb.k12.tr/,2026-10-01T18:44:59.342765+00:00,,Öğrenci Sayısı: 59
Erzurum,İspir,25 Şubat İlkokulu,491351,İlkokul,https://25subatilkokulu.meb.k12.tr,,,https://25subatilkokulu.meb.k12.tr/tema/harita.php,2026-08-31,317,317,bulundu,https://25subatilkokulu.meb.k12.tr/,2026-10-01T18:44:59.353954+00:00,,Öğrenci Sayısı 317
Erzurum,İspir,Aksu Şehit Mustafa Güler İlkokulu,491924,İlkokul,https://ispiraksu25.meb.k12.tr,,,https://ispiraksu25.meb.k12.tr/tema/harita.php,2026-08-31,13,13,bulundu,https://ispiraksu25.meb.k12.tr/,2026-10-01T18:44:59.394953+00:00,,Öğrenci Sayısı 13
Erzurum,İspir,Aşağı Özbağ Gaziler Ortaokulu,712814,Ortaokul,https://aogo.meb.k12.tr,,,https://aogo.meb.k12.tr/tema/harita.php,2026-08-31,40,40,bulundu,https://aogo.meb.k12.tr/,2026-10-01T18:44:59.801084+00:00,,Öğrenci Sayısı 40
Erzurum,İspir,Aşağı Özbağ Gaziler İlkokulu,712810,İlkokul,https://aogi.meb.k12.tr,,,https://aogi.meb.k12.tr/tema/harita.php,2026-08-31,38,38,bulundu,https://aogi.meb.k12.tr/,2026-10-01T18:44:59.849166+00:00,,Öğrenci Sayısı: 38
Erzurum,İspir,Kırık Ortaokulu,712829,Ortaokul,https://ispirkirikortaokulu.meb.k12.tr,,,https://ispirkirikortaokulu.meb.k12.tr/tema/harita.php,2026-08-31,27,27,bulundu,https://ispirkirikortaokulu.meb.k12.tr/,2026-10-01T18:44:59.891278+00:00,,Öğrenci Sayısı 27
Erzurum,İspir,Kırık İlkokulu,418662,İlkokul,https://ispirkirikilkokulu.meb.k12.tr,,,https://ispirkirikilkokulu.meb.k12.tr/tema/harita.php,2026-08-31,17,17,bulundu,https://ispirkirikilkokulu.meb.k12.tr/,2026-10-01T18:44:59.932563+00:00,,Öğrenci Sayısı: 17
Erzurum,İspir,Maden Köprübaşı Şehit Karabey Yıldırım İlkokulu,712818,İlkokul,https://madenkoprubasiio.meb.k12.tr,,,https://madenkoprubasiio.meb.k12.tr/tema/harita.php,2026-08-31,27,27,bulundu,https://madenkoprubasiio.meb.k12.tr/,2026-10-01T18:44:59.948165+00:00,,Öğrenci Sayısı: 27
Erzurum,İspir,Mimar Sinan Mesleki ve Teknik Anadolu Lisesi,146944,Mesleki ve Teknik Anadolu Lisesi,https://ispirmimarsinan.meb.k12.tr,,,https://ispirmimarsinan.meb.k12.tr/tema/harita.php,2026-08-31,145,145,bulundu,https://ispirmimarsinan.meb.k12.tr/,2026-10-01T18:44:59.966568+00:00,,Öğrenci Sayısı : 145
Erzurum,İspir,Yatılı Bölge Ortaokulu,865247,Ortaokul,https://ispirybo.meb.k12.tr,,,https://ispirybo.meb.k12.tr/tema/harita.php,2026-08-31,59,59,bulundu,https://ispirybo.meb.k12.tr/,2026-10-01T18:45:00.127816+00:00,,Öğrenci Sayısı 59
Erzurum,İspir,Ziya Paşa Ortaokulu,289772,Ortaokul,https://ispirziyapasa.meb.k12.tr,,,https://ispirziyapasa.meb.k12.tr/tema/harita.php,2026-08-31,294,294,bulundu,https://ispirziyapasa.meb.k12.tr/,2026-10-01T18:45:00.278120+00:00,,Öğrenci Sayısı 294
Erzurum,İspir,Çamlıkaya Ortaokulu,768040,Ortaokul,https://camlikayaortaokulu.meb.k12.tr,,,https://camlikayaortaokulu.meb.k12.tr/tema/harita.php,2026-08-31,25,25,bulundu,https://camlikayaortaokulu.meb.k12.tr/,2026-10-01T18:45:00.428488+00:00,,Öğrenci Sayısı : 25
Erzurum,İspir,Çamlıkaya İlkokulu,887619,İlkokul,https://camlikayailkokulu.meb.k12.tr,,,https://camlikayailkokulu.meb.k12.tr/tema/harita.php,2026-08-31,17,17,bulundu,https://camlikayailkokulu.meb.k12.tr/,2026-10-01T18:45:00.481915+00:00,,Öğrenci Sayısı : 17
Erzurum,İspir,İbn-i Sina Mesleki ve Teknik Anadolu Lisesi,962954,Mesleki ve Teknik Anadolu Lisesi,https://ispiribnisina.meb.k12.tr,,,https://ispiribnisina.meb.k12.tr/tema/harita.php,2026-08-31,88,88,bulundu,https://ispiribnisina.meb.k12.tr/,2026-10-01T18:45:00.501983+00:00,,Öğrenci Sayısı : 88
Erzurum,İspir,İspir Anadolu Lisesi,964232,Anadolu Lisesi,https://ispiranadolulisesi.meb.k12.tr,,,https://ispiranadolulisesi.meb.k12.tr/tema/harita.php,2026-08-31,149,149,bulundu,https://ispiranadolulisesi.meb.k12.tr/,2026-10-01T18:45:00.558348+00:00,,Öğrenci Sayısı : 149
Erzurum,İspir,İspir Anadolu İmam Hatip Lisesi,146956,Anadolu İmam Hatip Lisesi,https://ispirihl.meb.k12.tr,,,https://ispirihl.meb.k12.tr/tema/harita.php,2026-08-31,19,19,bulundu,https://ispirihl.meb.k12.tr/,2026-10-01T18:45:00.626804+00:00,,Öğrenci Sayısı : 19
Erzurum,İspir,İspir Anaokulu,966673,Anaokulu,https://ispiranaokulu.meb.k12.tr,,,https://ispiranaokulu.meb.k12.tr/tema/harita.php,2026-08-31,55,55,bulundu,https://ispiranaokulu.meb.k12.tr/,2026-10-01T18:45:00.695281+00:00,,Öğrenci Sayısı 55
Erzurum,İspir,İspir Halk Eğitimi Merkezi,146968,Halk Eğitimi Merkezi,https://ispirhem.meb.k12.tr,,,https://ispirhem.meb.k12.tr/tema/harita.php,2026-08-31,,,bulunamadi,,2026-10-01T18:45:00.754495+00:00,,
Erzurum,İspir,İspir Öğretmenevi ve Akşam Sanat Okulu,971144,Öğretmenevi,https://ispirogretmenevi.meb.k12.tr,,,https://ispirogretmenevi.meb.k12.tr/tema/harita.php,2026-08-31,,,bulunamadi,,2026-10-01T18:45:00.756977+00:00,,
Erzurum,İspir,İspir İlkokulu,752409,İlkokul,https://ispirilkokulu.meb.k12.tr,,,https://ispirilkokulu.meb.k12.tr/tema/harita.php,2026-08-31,49,49,bulundu,https://ispirilkokulu.meb.k12.tr/,2026-10-01T18:45:00.771791+00:00,,Öğrenci Sayısı 49
Erzurum,İspir,İspir İmam Hatip Ortaokulu,749454,İmam Hatip Ortaokulu,https://ispiriho.meb.k12.tr,,,https://ispiriho.meb.k12.tr/tema/harita.php,2026-08-31,99,99,bulundu,https://ispiriho.meb.k12.tr/,2026-10-01T18:45:00.896226+00:00,,Öğrenci Sayısı 99
Erzurum,Şenkaya,Akşar Anadolu Lisesi,774298,Anadolu Lisesi,https://774298.meb.k12.tr,,,https://774298.meb.k12.tr/tema/harita.php,2026-08-31,44,44,bulundu,https://774298.meb.k12.tr/,2026-10-01T18:45:01.290869+00:00,,Öğrenci Sayısı 44
Erzurum,Şenkaya,Akşar Ortaokulu,712474,Ortaokul,https://aksarortaokulu.meb.k12.tr,,,https://aksarortaokulu.meb.k12.tr/tema/harita.php,2026-08-31,136,136,bulundu,https://aksarortaokulu.meb.k12.tr/,2026-10-01T18:45:01.305565+00:00,,Öğrenci Sayısı : 136
Erzurum,Şenkaya,Akşar Çok Programlı Anadolu Lisesi,147555,Çok Programlı Anadolu Lisesi,https://aksarcokprogramlianadolulisesi.meb.k12.tr,,,https://aksarcokprogramlianadolulisesi.meb.k12.tr/tema/harita.php,2026-08-31,22,22,bulundu,https://aksarcokprogramlianadolulisesi.meb.k12.tr/,2026-10-01T18:45:01.304367+00:00,,Öğrenci Sayısı : 22
Erzurum,Şenkaya,Akşar İlkokulu,712427,İlkokul,https://aksarilkokulu.meb.k12.tr,,,https://aksarilkokulu.meb.k12.tr/tema/harita.php,2026-08-31,128,128,bulundu,https://aksarilkokulu.meb.k12.tr/,2026-10-01T18:45:01.344034+00:00,,Öğrenci Sayısı: 128
Erzurum,Şenkaya,Akşar İmam Hatip Ortaokulu,774378,İmam Hatip Ortaokulu,https://774378.meb.k12.tr,,,https://774378.meb.k12.tr/tema/harita.php,2026-08-31,22,22,bulundu,https://774378.meb.k12.tr/,2026-10-01T18:45:01.652942+00:00,,Öğrenci Sayısı : 22
Erzurum,Şenkaya,Alıcık İlkokulu,712313,İlkokul,https://alicik.meb.k12.tr,,,https://alicik.meb.k12.tr/tema/harita.php,2026-08-31,7,7,bulundu,https://alicik.meb.k12.tr/tema/okulumuz_hakkinda.php,2026-10-01T18:45:01.698027+00:00,,Öğrenci : 7
Erzurum,Şenkaya,Atyolu Ortaokulu,712508,Ortaokul,https://atyoluortaokulu.meb.k12.tr,,,https://atyoluortaokulu.meb.k12.tr/tema/harita.php,2026-08-31,36,36,bulundu,https://atyoluortaokulu.meb.k12.tr/,2026-10-01T18:45:01.723013+00:00,,Öğrenci Sayısı 36
Erzurum,Şenkaya,Atyolu İlkokulu,712510,İlkokul,https://atyoluilkokulu.meb.k12.tr,,,https://atyoluilkokulu.meb.k12.tr/tema/harita.php,2026-08-31,39,39,bulundu,https://atyoluilkokulu.meb.k12.tr/tema/okulumuz_hakkinda.php,2026-10-01T18:45:01.745926+00:00,,Öğrenci : 39
Erzurum,Şenkaya,Beşpınarlar İlkokulu,712327,İlkokul,https://bespinarlario.meb.k12.tr,,,https://bespinarlario.meb.k12.tr/tema/harita.php,2026-08-31,5,5,bulundu,https://bespinarlario.meb.k12.tr/,2026-10-01T18:45:01.776754+00:00,,Öğrenci Sayısı 5
Erzurum,Şenkaya,Değirmenlidere Ortaokulu,768808,Ortaokul,https://degirmenlidereortaokulu.meb.k12.tr,,,https://degirmenlidereortaokulu.meb.k12.tr/tema/harita.php,2026-08-31,26,26,bulundu,https://degirmenlidereortaokulu.meb.k12.tr/tema/okulumuz_hakkinda.php,2026-10-01T18:45:01.872658+00:00,,Öğrenci : 26
Erzurum,Şenkaya,Değirmenlidere İlkokulu,712454,İlkokul,https://degirmenlidereilkokulu.meb.k12.tr,,,https://degirmenlidereilkokulu.meb.k12.tr/tema/harita.php,2026-08-31,27,27,bulundu,https://degirmenlidereilkokulu.meb.k12.tr/,2026-10-01T18:45:01.936834+00:00,,Öğrenci Sayısı: 27
Erzurum,Şenkaya,Dolunay İlkokulu,712507,İlkokul,https://dolunayilkokulu.meb.k12.tr,,,https://dolunayilkokulu.meb.k12.tr/tema/harita.php,2026-08-31,29,29,bulundu,https://dolunayilkokulu.meb.k12.tr/,2026-10-01T18:45:01.998452+00:00,,Öğrenci Sayısı : 29
Erzurum,Şenkaya,Dörtyol İlkokulu,771536,İlkokul,https://dortyolilkokulu.meb.k12.tr,,,https://dortyolilkokulu.meb.k12.tr/tema/harita.php,2026-08-31,4,4,bulundu,https://dortyolilkokulu.meb.k12.tr/tema/okulumuz_hakkinda.php,2026-10-01T18:45:02.065892+00:00,,Öğrenci : 4
Erzurum,Şenkaya,Esenyurt İlkokulu,712338,İlkokul,https://senkayaesenyurtilkokulu.meb.k12.tr,,,https://senkayaesenyurtilkokulu.meb.k12.tr/tema/harita.php,2026-08-31,10,10,bulundu,https://senkayaesenyurtilkokulu.meb.k12.tr/,2026-10-01T18:45:02.130862+00:00,,Öğrenci Sayısı: 10
Erzurum,Şenkaya,Gaziler Nesimi Akın Ortaokulu,712475,Ortaokul,https://nesimiakin.meb.k12.tr,,,https://nesimiakin.meb.k12.tr/tema/harita.php,2026-08-31,29,29,bulundu,https://nesimiakin.meb.k12.tr/,2026-10-01T18:45:02.133169+00:00,,Öğrenci Sayısı: 29
Erzurum,Şenkaya,Gaziler Nesimi Akın İlkokulu,712417,İlkokul,https://nesimiakinio.meb.k12.tr,,,https://nesimiakinio.meb.k12.tr/tema/harita.php,2026-08-31,37,37,bulundu,https://nesimiakinio.meb.k12.tr/,2026-10-01T18:45:02.183267+00:00,,Öğrenci Sayısı: 37
Erzurum,Şenkaya,Gözalan İlkokulu,771534,İlkokul,https://771534.meb.k12.tr,,,https://771534.meb.k12.tr/tema/harita.php,2026-08-31,4,4,bulundu,https://771534.meb.k12.tr/,2026-10-01T18:45:02.363094+00:00,,Öğrenci Sayısı: 4
Erzurum,Şenkaya,Gülveren İlkokulu,771539,İlkokul,https://senkayagulverenilkokulu.meb.k12.tr,,,https://senkayagulverenilkokulu.meb.k12.tr/tema/harita.php,2026-08-31,3,3,bulundu,https://senkayagulverenilkokulu.meb.k12.tr/,2026-10-01T18:45:02.482510+00:00,,Öğrenci Sayısı: 3
Erzurum,Şenkaya,Hüseyin Köycü Ortaokulu,712414,Ortaokul,https://huseyinkoycuortaokulu.meb.k12.tr,,,https://huseyinkoycuortaokulu.meb.k12.tr/tema/harita.php,2026-08-31,75,75,bulundu,https://huseyinkoycuortaokulu.meb.k12.tr/,2026-10-01T18:45:02.532795+00:00,,Öğrenci Sayısı : 75
Erzurum,Şenkaya,Kayalısu İlkokulu,712360,İlkokul,https://kayalisuilkokulu.meb.k12.tr,,,https://kayalisuilkokulu.meb.k12.tr/tema/harita.php,2026-08-31,4,4,bulundu,https://kayalisuilkokulu.meb.k12.tr/,2026-10-01T18:45:02.545216+00:00,,Öğrenci Sayısı: 4
Erzurum,Şenkaya,Kömürlü Ortaokulu,712470,Ortaokul,https://komurluortaokulu.meb.k12.tr,,,https://komurluortaokulu.meb.k12.tr/tema/harita.php,2026-08-31,43,43,bulundu,https://komurluortaokulu.meb.k12.tr/,2026-10-01T18:45:02.986836+00:00,,Öğrenci Sayısı : 43
Erzurum,Şenkaya,Kömürlü İlkokulu,712437,İlkokul,https://senkayakomurluilkokulu.meb.k12.tr,,,https://senkayakomurluilkokulu.meb.k12.tr/tema/harita.php,2026-08-31,22,22,bulundu,https://senkayakomurluilkokulu.meb.k12.tr/,2026-10-01T18:45:03.044402+00:00,,Öğrenci Sayısı: 22
Erzurum,Şenkaya,Köroğlu İlkokulu,712363,İlkokul,https://korogluilkokulu25.meb.k12.tr,,,https://korogluilkokulu25.meb.k12.tr/tema/harita.php,2026-08-31,7,7,bulundu,https://korogluilkokulu25.meb.k12.tr/,2026-10-01T18:45:03.125656+00:00,,Öğrenci Sayısı: 7
Erzurum,Şenkaya,Kürkçü İlkokulu,712365,İlkokul,https://senkayakurkcuio.meb.k12.tr,,,https://senkayakurkcuio.meb.k12.tr/tema/harita.php,2026-08-31,6,6,bulundu,https://senkayakurkcuio.meb.k12.tr/,2026-10-01T18:45:03.255615+00:00,,Öğrenci Sayısı: 6
Erzurum,Şenkaya,Nişantaşı Tetirkoş İlkokulu,712366,İlkokul,https://nisantasitetirkos.meb.k12.tr,,,https://nisantasitetirkos.meb.k12.tr/tema/harita.php,2026-08-31,8,8,bulundu,https://nisantasitetirkos.meb.k12.tr/,2026-10-01T18:45:03.491106+00:00,,Öğrenci Sayısı : 8
Erzurum,Şenkaya,Nişantaşı Yeşilköy İlkokulu,712372,İlkokul,https://senkayanisantasiyesilkoy.meb.k12.tr,,,https://senkayanisantasiyesilkoy.meb.k12.tr/tema/harita.php,2026-08-31,12,12,bulundu,https://senkayanisantasiyesilkoy.meb.k12.tr/,2026-10-01T18:45:03.515992+00:00,,Öğrenci Sayısı: 12
Erzurum,Şenkaya,Ormanlı Bilge Ayyüce Akyüz İlkokulu,712376,İlkokul,https://senkayaormanliio.meb.k12.tr,,,https://senkayaormanliio.meb.k12.tr/tema/harita.php,2026-08-31,9,9,bulundu,https://senkayaormanliio.meb.k12.tr/,2026-10-01T18:45:03.562307+00:00,,Öğrenci Sayısı 9
Erzurum,Şenkaya,Paşalı Çiftlik İlkokulu,712383,İlkokul,https://pasaliciftlikilkokulu.meb.k12.tr,,,https://pasaliciftlikilkokulu.meb.k12.tr/tema/harita.php,2026-08-31,17,17,bulundu,https://pasaliciftlikilkokulu.meb.k12.tr/tema/okulumuz_hakkinda.php,2026-10-01T18:45:03.600453+00:00,,Öğrenci : 17
Erzurum,Şenkaya,Paşalı İlkokulu,712430,İlkokul,https://pasalilkokulu.meb.k12.tr,,,https://pasalilkokulu.meb.k12.tr/tema/harita.php,2026-08-31,80,80,bulundu,https://pasalilkokulu.meb.k12.tr/tema/okulumuz_hakkinda.php,2026-10-01T18:45:03.649482+00:00,,Öğrenci : 80
Erzurum,Şenkaya,Paşalı İsrafil Çetin Ortaokulu,712471,Ortaokul,https://pasaliortaokulu.meb.k12.tr,,,https://pasaliortaokulu.meb.k12.tr/tema/harita.php,2026-08-31,85,85,bulundu,https://pasaliortaokulu.meb.k12.tr/,2026-10-01T18:45:03.663202+00:00,,Öğrenci Sayısı 85
Erzurum,Şenkaya,Susuz İlkokulu,712390,İlkokul,https://susuzilkok.meb.k12.tr,,,https://susuzilkok.meb.k12.tr/tema/harita.php,2026-08-31,7,7,bulundu,https://susuzilkok.meb.k12.tr/,2026-10-01T18:45:03.666959+00:00,,Öğrenci Sayısı: 7
Erzurum,Şenkaya,Yanıkkaval Aşağı Mahalle İlkokulu,771535,İlkokul,https://771535.meb.k12.tr,,,https://771535.meb.k12.tr/tema/harita.php,2026-08-31,9,9,bulundu,https://771535.meb.k12.tr/,2026-10-01T18:45:03.747847+00:00,,Öğrenci Sayısı: 9
Erzurum,Şenkaya,Yedinisan İlkokulu,500902,İlkokul,https://yedinisan.meb.k12.tr,,,https://yedinisan.meb.k12.tr/tema/harita.php,2026-08-31,85,85,bulundu,https://yedinisan.meb.k12.tr/,2026-10-01T18:45:04.066126+00:00,,Öğrenci Sayısı : 85
Erzurum,Şenkaya,Yoğurtçular Ortaokulu,712502,Ortaokul,https://yogurtcularortaokulu.meb.k12.tr,,,https://yogurtcularortaokulu.meb.k12.tr/tema/harita.php,2026-08-31,40,40,bulundu,https://yogurtcularortaokulu.meb.k12.tr/,2026-10-01T18:45:04.131385+00:00,,Öğrenci Sayısı : 40
Erzurum,Şenkaya,Yoğurtçular İlkokulu,712503,İlkokul,https://yogurtcularilkokulu.meb.k12.tr,,,https://yogurtcularilkokulu.meb.k12.tr/tema/harita.php,2026-08-31,38,38,bulundu,https://yogurtcularilkokulu.meb.k12.tr/,2026-10-01T18:45:04.138313+00:00,,Öğrenci Sayısı: 38
Erzurum,Şenkaya,Yukarı Köşk İlkokulu,775790,İlkokul,https://775790.meb.k12.tr,,,https://775790.meb.k12.tr/tema/harita.php,2026-08-31,5,5,bulundu,https://775790.meb.k12.tr/,2026-10-01T18:45:04.165862+00:00,,Öğrenci Sayısı: 5
Erzurum,Şenkaya,Yürekli İlkokulu,766423,İlkokul,https://766423.meb.k12.tr,,,https://766423.meb.k12.tr/tema/harita.php,2026-08-31,8,8,bulundu,https://766423.meb.k12.tr/,2026-10-01T18:45:04.178923+00:00,,Öğrenci Sayısı : 8
Erzurum,Şenkaya,Çamlıalan İlkokulu,712458,İlkokul,https://712458.meb.k12.tr,,,https://712458.meb.k12.tr/tema/harita.php,2026-08-31,15,15,bulundu,https://712458.meb.k12.tr/,2026-10-01T18:45:04.335406+00:00,,Öğrenci Sayısı : 15
Erzurum,Şenkaya,Özyurt İlkokulu,712444,İlkokul,https://ozyurtilkokulu.meb.k12.tr,,,https://ozyurtilkokulu.meb.k12.tr/tema/harita.php,2026-08-31,11,11,bulundu,https://ozyurtilkokulu.meb.k12.tr/,2026-10-01T18:45:04.583689+00:00,,Öğrenci Sayısı : 11
Erzurum,Şenkaya,İğdeli İlkokulu,771533,İlkokul,https://771533.meb.k12.tr,,,https://771533.meb.k12.tr/tema/harita.php,2026-08-31,7,7,bulundu,https://771533.meb.k12.tr/,2026-10-01T18:45:04.593956+00:00,,Öğrenci Sayısı: 7
Erzurum,Şenkaya,Şehit Oğuzhan Yaşar Anadolu İmam Hatip Lisesi,761637,Anadolu İmam Hatip Lisesi,https://senkayaaihl.meb.k12.tr,,,https://senkayaaihl.meb.k12.tr/tema/harita.php,2026-08-31,8,8,bulundu,https://senkayaaihl.meb.k12.tr/tema/okulumuz_hakkinda.php,2026-10-01T18:45:04.632925+00:00,,Öğrenci : 8
Erzurum,Şenkaya,Şehit Öğretmen İlyas Acar Anaokulu,970180,Anaokulu,https://sehitilyasacaranaokulu.meb.k12.tr,,,https://sehitilyasacaranaokulu.meb.k12.tr/tema/harita.php,2026-08-31,44,44,bulundu,https://sehitilyasacaranaokulu.meb.k12.tr/,2026-10-01T18:45:04.698061+00:00,,Öğrenci Sayısı: 44
Erzurum,Şenkaya,Şenkaya Anadolu Lisesi,970795,Anadolu Lisesi,https://senkayaanadolu.meb.k12.tr,,,https://senkayaanadolu.meb.k12.tr/tema/harita.php,2026-08-31,122,122,bulundu,https://senkayaanadolu.meb.k12.tr/,2026-10-01T18:45:04.786648+00:00,,Öğrenci Sayısı 122
Erzurum,Şenkaya,Şenkaya Borsa İstanbul 75. Yıl Yatılı Bölge Ortaokulu,748333,Ortaokul,https://senkayaybo.meb.k12.tr,,,https://senkayaybo.meb.k12.tr/tema/harita.php,2026-08-31,151,151,bulundu,https://senkayaybo.meb.k12.tr/tema/okulumuz_hakkinda.php,2026-10-01T18:45:04.899148+00:00,,Öğrenci : 151
Erzurum,Şenkaya,Şenkaya Halk Eğitimi Merkezi,147567,Halk Eğitimi Merkezi,https://senkayahem.meb.k12.tr,,,https://senkayahem.meb.k12.tr/tema/harita.php,2026-08-31,,,bulunamadi,,2026-10-01T18:45:04.923310+00:00,,
Erzurum,Şenkaya,Şenkaya Çok Programlı Anadolu Lisesi,147543,Çok Programlı Anadolu Lisesi,https://senkayacpal.meb.k12.tr,,,https://senkayacpal.meb.k12.tr/tema/harita.php,2026-08-31,36,36,bulundu,https://senkayacpal.meb.k12.tr/,2026-10-01T18:45:04.924910+00:00,,Öğrenci Sayısı 36
Erzurum,Şenkaya,Şenkaya Öğretmenevi ve Akşam Sanat Okulu,971151,Öğretmenevi,https://senkayaogretmenevi25.meb.k12.tr,,,https://senkayaogretmenevi25.meb.k12.tr/tema/harita.php,2026-08-31,,,bulunamadi,,2026-10-01T18:45:05.391596+00:00,,
Erzurum,Şenkaya,Şenkaya İmam Hatip Ortaokulu,751920,İmam Hatip Ortaokulu,https://senkayaimamhatipoo.meb.k12.tr,,,https://senkayaimamhatipoo.meb.k12.tr/tema/harita.php,2026-08-31,21,21,bulundu,https://senkayaimamhatipoo.meb.k12.tr/,2026-10-01T18:45:05.441532+00:00,,Öğrenci Sayısı 21
Erzurum,Şenkaya,Şenpınarlar İlkokulu,771702,İlkokul,https://771702.meb.k12.tr,,,https://771702.meb.k12.tr/tema/harita.php,2026-08-31,7,7,bulundu,https://771702.meb.k12.tr/,2026-10-01T18:45:05.472112+00:00,,Öğrenci Sayısı: 7
Eskişehir,Alpu,Alpu Anadolu Lisesi,148250,Anadolu Lisesi,https://alpuanadolulisesi.meb.k12.tr,,,https://alpuanadolulisesi.meb.k12.tr/tema/harita.php,2026-08-31,70,70,bulundu,https://alpuanadolulisesi.meb.k12.tr/,2026-10-01T18:45:05.880177+00:00,,Öğrenci Sayısı : 70
Eskişehir,Alpu,Alpu Borsa İstanbul Anadolu İmam Hatip Lisesi,761709,Anadolu İmam Hatip Lisesi,https://alpuanadoluimamhatiplisesi.meb.k12.tr,,,https://alpuanadoluimamhatiplisesi.meb.k12.tr/tema/harita.php,2026-08-31,29,29,bulundu,https://alpuanadoluimamhatiplisesi.meb.k12.tr/,2026-10-01T18:45:05.896880+00:00,,Öğrenci Sayısı 29
Eskişehir,Alpu,Alpu Halk Eğitimi Merkezi,214231,Halk Eğitimi Merkezi,https://alpuhem.meb.k12.tr,,,https://alpuhem.meb.k12.tr/tema/harita.php,2026-08-31,,,bulunamadi,,2026-10-01T18:45:06.008085+00:00,,
Eskişehir,Alpu,Atatürk İlkokulu,706609,İlkokul,https://alpuataturkio.meb.k12.tr,,,https://alpuataturkio.meb.k12.tr/tema/harita.php,2026-08-31,117,117,bulundu,https://alpuataturkio.meb.k12.tr/,2026-10-01T18:45:06.041532+00:00,,Öğrenci Sayısı : 117
Eskişehir,Alpu,Bozan Veli Topçu Ortaokulu,706726,Ortaokul,https://bozanvelitopcuortaokulu.meb.k12.tr,,,https://bozanvelitopcuortaokulu.meb.k12.tr/tema/harita.php,2026-08-31,59,59,bulundu,https://bozanvelitopcuortaokulu.meb.k12.tr/,2026-10-01T18:45:06.056141+00:00,,Öğrenci Sayısı 59
Eskişehir,Alpu,Ertuğrulgazi İmam Hatip Ortaokulu,752404,İmam Hatip Ortaokulu,https://ertugrulgaziiho.meb.k12.tr,,,https://ertugrulgaziiho.meb.k12.tr/tema/harita.php,2026-08-31,88,88,bulundu,https://ertugrulgaziiho.meb.k12.tr/,2026-10-01T18:45:06.141182+00:00,,Öğrenci Sayısı 88
Eskişehir,Alpu,Fahrettin Kerim Gökay Ortaokulu,708501,Ortaokul,https://708501.meb.k12.tr,,,https://708501.meb.k12.tr/tema/harita.php,2026-08-31,104,104,bulundu,https://708501.meb.k12.tr/,2026-10-01T18:45:06.158051+00:00,,Öğrenci Sayısı : 104
Eskişehir,Alpu,Osmaniye İlkokulu,706623,İlkokul,https://osacio.meb.k12.tr,,,https://osacio.meb.k12.tr/tema/harita.php,2026-08-31,34,34,bulundu,https://osacio.meb.k12.tr/,2026-10-01T18:45:06.202046+00:00,,Öğrenci Sayısı 34
Eskişehir,Alpu,Osmaniye Şehit Adnan Çiftçi Ortaokulu,706717,Ortaokul,https://osacoo.meb.k12.tr,,,https://osacoo.meb.k12.tr/tema/harita.php,2026-08-31,20,20,bulundu,https://osacoo.meb.k12.tr/,2026-10-01T18:45:06.205064+00:00,,Öğrenci Sayısı 20
Eskişehir,Alpu,Sakarıkaracaören Şehit Zeynel Gülgen İlkokulu,704189,İlkokul,https://sehitzeynelgulgenilkokulu.meb.k12.tr,,,https://sehitzeynelgulgenilkokulu.meb.k12.tr/tema/harita.php,2026-08-31,21,21,bulundu,https://sehitzeynelgulgenilkokulu.meb.k12.tr/,2026-10-01T18:45:06.285530+00:00,,Öğrenci Sayısı 21
Eskişehir,Alpu,İrfan Var Anaokulu,970478,Anaokulu,https://irfanvaranaokulu.meb.k12.tr,,,https://irfanvaranaokulu.meb.k12.tr/tema/harita.php,2026-08-31,19,19,bulundu,https://irfanvaranaokulu.meb.k12.tr/,2026-10-01T18:45:06.499198+00:00,,Öğrenci Sayısı: 19
Eskişehir,Alpu,Şehit Enis Yücel İlkokulu,875716,İlkokul,https://sehitenisyucelio.meb.k12.tr,,,https://sehitenisyucelio.meb.k12.tr/tema/harita.php,2026-08-31,119,119,bulundu,https://sehitenisyucelio.meb.k12.tr/tema/okulumuz_hakkinda.php,2026-10-01T18:45:06.529058+00:00,,Öğrenci : 119
Eskişehir,Alpu,Şehit Muhammed Tunahan Evcin İlkokulu,706616,İlkokul,https://sehitmuhammedtunahanevcin.meb.k12.tr,,,https://sehitmuhammedtunahanevcin.meb.k12.tr/tema/harita.php,2026-08-31,62,62,bulundu,https://sehitmuhammedtunahanevcin.meb.k12.tr/,2026-10-01T18:45:06.535313+00:00,,Öğrenci Sayısı 62
Eskişehir,Beylikova,Atatürk Ortaokulu,708608,Ortaokul,https://ataturko26.meb.k12.tr,,,https://ataturko26.meb.k12.tr/tema/harita.php,2026-08-31,41,41,bulundu,https://ataturko26.meb.k12.tr/,2026-10-01T18:45:06.541529+00:00,,Öğrenci Sayısı 41
Eskişehir,Beylikova,Atatürk İlkokulu,706969,İlkokul,https://ataturk26.meb.k12.tr,,,https://ataturk26.meb.k12.tr/tema/harita.php,2026-08-31,65,65,bulundu,https://ataturk26.meb.k12.tr/tema/okulumuz_hakkinda.php,2026-10-01T18:45:06.565022+00:00,,Öğrenci : 65
Eskişehir,Beylikova,Beylikova Fen Lisesi,759942,Fen Lisesi,https://beylikovafen.meb.k12.tr,,,https://beylikovafen.meb.k12.tr/tema/harita.php,2026-08-31,246,246,bulundu,https://beylikovafen.meb.k12.tr/,2026-10-01T18:45:06.586195+00:00,,Öğrenci Sayısı : 246
Eskişehir,Beylikova,Beylikova Çok Programlı Anadolu Lisesi,748412,Çok Programlı Anadolu Lisesi,https://beylikova.meb.k12.tr,,,https://beylikova.meb.k12.tr/tema/harita.php,2026-08-31,72,72,bulundu,https://beylikova.meb.k12.tr/,2026-10-01T18:45:06.721453+00:00,,Öğrenci Sayısı : 72
Eskişehir,Beylikova,Beylikova Şehit Neşet Gök Halk Eğitimi Merkezi,214218,Halk Eğitimi Merkezi,https://beylikovahem.meb.k12.tr,,,https://beylikovahem.meb.k12.tr/tema/harita.php,2026-08-31,,,bulunamadi,,2026-10-01T18:45:06.879692+00:00,,
Eskişehir,Beylikova,Mehmet Avdan Ortaokulu,709100,Ortaokul,https://mehmetavdanortaokulu.meb.k12.tr,,,https://mehmetavdanortaokulu.meb.k12.tr/tema/harita.php,2026-08-31,102,102,bulundu,https://mehmetavdanortaokulu.meb.k12.tr/,2026-10-01T18:45:06.971164+00:00,,Öğrenci Sayısı : 102
Eskişehir,Beylikova,Mehmet Avdan İlkokulu,709031,İlkokul,https://mehmetavdanilkokulu.meb.k12.tr,,,https://mehmetavdanilkokulu.meb.k12.tr/tema/harita.php,2026-08-31,99,99,bulundu,https://mehmetavdanilkokulu.meb.k12.tr/,2026-10-01T18:45:07.158651+00:00,,Öğrenci Sayısı : 99
Eskişehir,Beylikova,Müberra-Mehmet Güleç Anadolu İmam Hatip Lisesi,972382,Anadolu İmam Hatip Lisesi,https://mmgaihl.meb.k12.tr,,,https://mmgaihl.meb.k12.tr/tema/harita.php,2026-08-31,78,78,bulundu,https://mmgaihl.meb.k12.tr/,2026-10-01T18:45:07.177133+00:00,,Öğrenci Sayısı 78
Eskişehir,Beylikova,Saide Alp Anaokulu,762471,Anaokulu,https://saidealpanaokulu.meb.k12.tr,,,https://saidealpanaokulu.meb.k12.tr/tema/harita.php,2026-08-31,31,31,bulundu,https://saidealpanaokulu.meb.k12.tr/,2026-10-01T18:45:07.251154+00:00,,Öğrenci Sayısı: 31
Eskişehir,Beylikova,Yeniyurt Ortaokulu,708587,Ortaokul,https://yeniyurtoo.meb.k12.tr,,,https://yeniyurtoo.meb.k12.tr/tema/harita.php,2026-08-31,40,40,bulundu,https://yeniyurtoo.meb.k12.tr/,2026-10-01T18:45:07.569052+00:00,,Öğrenci Sayısı : 40
Eskişehir,Beylikova,Yeniyurt İlkokulu,706989,İlkokul,https://yeniyurtilkokulu.meb.k12.tr,,,https://yeniyurtilkokulu.meb.k12.tr/tema/harita.php,2026-08-31,35,35,bulundu,https://yeniyurtilkokulu.meb.k12.tr/tema/okulumuz_hakkinda.php,2026-10-01T18:45:07.578534+00:00,,Öğrenci : 35
Eskişehir,Büyükşehir,Eskişehir Öğretmenevi ve Akşam Sanat Okulu,972282,Öğretmenevi,https://eskisehirogretmenevi.meb.k12.tr,,,https://eskisehirogretmenevi.meb.k12.tr/tema/harita.php,2026-08-31,,,bulunamadi,,2026-10-01T18:45:07.657892+00:00,,
Eskişehir,Günyüzü,Gümüşkonak Ortaokulu,708744,Ortaokul,https://gumuskonakortaokulu.meb.k12.tr,,,https://gumuskonakortaokulu.meb.k12.tr/tema/harita.php,2026-08-31,35,35,bulundu,https://gumuskonakortaokulu.meb.k12.tr/,2026-10-01T18:45:07.663150+00:00,,Öğrenci Sayısı : 35
Eskişehir,Günyüzü,Günyüzü Halk Eğitimi Merkezi,308358,Halk Eğitimi Merkezi,https://gunyuzuhem.meb.k12.tr,,,https://gunyuzuhem.meb.k12.tr/tema/harita.php,2026-08-31,,,bulunamadi,,2026-10-01T18:45:07.686431+00:00,,
Eskişehir,Günyüzü,Günyüzü Çok Programlı Anadolu Lisesi,340460,Çok Programlı Anadolu Lisesi,https://gunyuzucpal.meb.k12.tr,,,https://gunyuzucpal.meb.k12.tr/tema/harita.php,2026-08-31,38,38,bulundu,https://gunyuzucpal.meb.k12.tr/,2026-10-01T18:45:07.981018+00:00,,Öğrenci Sayısı 38
Eskişehir,Günyüzü,Günyüzü İmam Hatip Ortaokulu,709175,İmam Hatip Ortaokulu,https://gunyuzuiho.meb.k12.tr,,,https://gunyuzuiho.meb.k12.tr/tema/harita.php,2026-08-31,4,4,bulundu,https://gunyuzuiho.meb.k12.tr/,2026-10-01T18:45:08.107869+00:00,,Öğrenci Sayısı 4
Eskişehir,Günyüzü,Günyüzü Şehit Recep Çetin Ortaokulu,708820,Ortaokul,https://gunyuzuortaokulu26.meb.k12.tr,,,https://gunyuzuortaokulu26.meb.k12.tr/tema/harita.php,2026-08-31,62,62,bulundu,https://gunyuzuortaokulu26.meb.k12.tr/,2026-10-01T18:45:08.163993+00:00,,Öğrenci Sayısı 62
Eskişehir,Günyüzü,Kayakent Abdülhamit Alptekin Cumhuriyet Ortaokulu,708832,Ortaokul,https://kayakentortaokulu.meb.k12.tr,,,https://kayakentortaokulu.meb.k12.tr/tema/harita.php,2026-08-31,13,13,bulundu,https://kayakentortaokulu.meb.k12.tr/,2026-10-01T18:45:08.262612+00:00,,Öğrenci Sayısı : 13
Eskişehir,Günyüzü,Kayakent Cumhuriyet İlkokulu,707200,İlkokul,https://kayakentilkokulu.meb.k12.tr,,,https://kayakentilkokulu.meb.k12.tr/tema/harita.php,2026-08-31,45,45,bulundu,https://kayakentilkokulu.meb.k12.tr/,2026-10-01T18:45:08.276636+00:00,,Öğrenci Sayısı : 45
Eskişehir,Günyüzü,Şehit Melih Özcan İlkokulu,707158,İlkokul,https://gumuskonakilkokulu.meb.k12.tr,,,https://gumuskonakilkokulu.meb.k12.tr/tema/harita.php,2026-08-31,47,47,bulundu,https://gumuskonakilkokulu.meb.k12.tr/,2026-10-01T18:45:08.344537+00:00,,Öğrenci Sayısı : 47
Eskişehir,Günyüzü,Şehit Mücahit Top İlkokulu,707220,İlkokul,https://sehitmucahittopio.meb.k12.tr,,,https://sehitmucahittopio.meb.k12.tr/tema/harita.php,2026-08-31,121,121,bulundu,https://sehitmucahittopio.meb.k12.tr/,2026-10-01T18:45:08.366451+00:00,,Öğrenci Sayısı : 121
Eskişehir,Han,Han Halk Eğitimi Merkezi,764909,Halk Eğitimi Merkezi,https://hanhem.meb.k12.tr,,,https://hanhem.meb.k12.tr/tema/harita.php,2026-08-31,,,bulunamadi,,2026-10-01T18:45:08.742195+00:00,,
Eskişehir,Han,Şehit Bayram Özden Anadolu Lisesi,774751,Anadolu Lisesi,https://774751.meb.k12.tr,,,https://774751.meb.k12.tr/tema/harita.php,2026-08-31,32,32,bulundu,https://774751.meb.k12.tr/,2026-10-01T18:45:08.673604+00:00,,Öğrenci Sayısı : 32
Eskişehir,Han,Şehit Osman Gazi Altınoluk Ortaokulu,709220,Ortaokul,https://sehitosmangazialtinolukortaokulu.meb.k12.tr,,,https://sehitosmangazialtinolukortaokulu.meb.k12.tr/tema/harita.php,2026-08-31,,,bulunamadi,,2026-10-01T18:45:08.693126+00:00,,
Eskişehir,Han,Şehit Osman Gazi Altınoluk İlkokulu,707266,İlkokul,https://sehitosmangazialtinolukilkokulu.meb.k12.tr,,,https://sehitosmangazialtinolukilkokulu.meb.k12.tr/tema/harita.php,2026-08-31,59,59,bulundu,https://sehitosmangazialtinolukilkokulu.meb.k12.tr/,2026-10-01T18:45:08.694587+00:00,,Öğrenci Sayısı 59
Eskişehir,Mahmudiye,50. Yıl Anaokulu,875383,Anaokulu,https://mahmudiye50yilanaokulu.meb.k12.tr,,,https://mahmudiye50yilanaokulu.meb.k12.tr/tema/harita.php,2026-08-31,,,bulunamadi,,2026-10-01T18:45:08.752773+00:00,,
Eskişehir,Mahmudiye,Atatürk İlkokulu,733225,İlkokul,https://mahmudiyeataturkio.meb.k12.tr,,,https://mahmudiyeataturkio.meb.k12.tr/tema/harita.php,2026-08-31,142,142,bulundu,https://mahmudiyeataturkio.meb.k12.tr/,2026-10-01T18:45:08.865650+00:00,,Öğrenci Sayısı 142
Eskişehir,Mahmudiye,Mahmudiye Anadolu İmam Hatip Lisesi,148739,Anadolu İmam Hatip Lisesi,https://mahmudiyeihl.meb.k12.tr,,,https://mahmudiyeihl.meb.k12.tr/tema/harita.php,2026-08-31,,,bulunamadi,,2026-10-01T18:45:08.901131+00:00,,
Eskişehir,Mahmudiye,Mahmudiye Halk Eğitimi Merkezi,148740,Halk Eğitimi Merkezi,https://mahmudiyehem.meb.k12.tr,,,https://mahmudiyehem.meb.k12.tr/tema/harita.php,2026-08-31,,,bulunamadi,,2026-10-01T18:45:08.980387+00:00,,
Eskişehir,Mahmudiye,Mahmudiye Ortaokulu,870402,Ortaokul,https://mahmudiyeoo.meb.k12.tr,,,https://mahmudiyeoo.meb.k12.tr/tema/harita.php,2026-08-31,200,200,bulundu,https://mahmudiyeoo.meb.k12.tr/,2026-10-01T18:45:08.997666+00:00,,Öğrenci Sayısı 200
Eskişehir,Mahmudiye,Mahmudiye Yunusemre Tarım Mesleki ve Teknik Anadolu Lisesi,344852,Mesleki ve Teknik Anadolu Lisesi,https://yunusemremtal.meb.k12.tr,,,https://yunusemremtal.meb.k12.tr/tema/harita.php,2026-08-31,57,57,bulundu,https://yunusemremtal.meb.k12.tr/,2026-10-01T18:45:09.243228+00:00,,Öğrenci Sayısı : 57
Eskişehir,Mahmudiye,Mevlüt Sıdıka Gündoğan İlkokulu,709257,İlkokul,https://msgundoganilkokulu.meb.k12.tr,,,https://msgundoganilkokulu.meb.k12.tr/tema/harita.php,2026-08-31,49,49,bulundu,https://msgundoganilkokulu.meb.k12.tr/,2026-10-01T18:45:09.312696+00:00,,Öğrenci Sayısı: 49
Eskişehir,Mahmudiye,Necatibey İlkokulu,704351,İlkokul,https://mahmudiyenecatibeyio.meb.k12.tr,,,https://mahmudiyenecatibeyio.meb.k12.tr/tema/harita.php,2026-08-31,153,153,bulundu,https://mahmudiyenecatibeyio.meb.k12.tr/,2026-10-01T18:45:09.490979+00:00,,Öğrenci Sayısı 153
Eskişehir,Mahmudiye,İsmet Paşa Ortaokulu,709322,Ortaokul,https://mahmudiyeismetpasaoo.meb.k12.tr,,,https://mahmudiyeismetpasaoo.meb.k12.tr/tema/harita.php,2026-08-31,87,87,bulundu,https://mahmudiyeismetpasaoo.meb.k12.tr/,2026-10-01T18:45:09.619842+00:00,,Öğrenci Sayısı 87
Eskişehir,Mahmudiye,İsmet Paşa İlkokulu,733333,İlkokul,https://mahmudiyeismetpasaio.meb.k12.tr,,,https://mahmudiyeismetpasaio.meb.k12.tr/tema/harita.php,2026-08-31,92,92,bulundu,https://mahmudiyeismetpasaio.meb.k12.tr/,2026-10-01T18:45:09.647742+00:00,,Öğrenci Sayısı 92
Eskişehir,Mahmudiye,Şehit Nadir Şimşek Anadolu Lisesi,763589,Anadolu Lisesi,https://sehitnadirsimsekal.meb.k12.tr,,,https://sehitnadirsimsekal.meb.k12.tr/tema/harita.php,2026-08-31,96,96,bulundu,https://sehitnadirsimsekal.meb.k12.tr/tema/okulumuz_hakkinda.php,2026-10-01T18:45:09.649490+00:00,,Öğrenci : 96
Eskişehir,Mahmudiye,Şehit Salim Gökhan Uzun Ortaokulu,709328,Ortaokul,https://sehitsalimgokhanuzunoo.meb.k12.tr,,,https://sehitsalimgokhanuzunoo.meb.k12.tr/tema/harita.php,2026-08-31,20,20,bulundu,https://sehitsalimgokhanuzunoo.meb.k12.tr/tema/okulumuz_hakkinda.php,2026-10-01T18:45:09.723529+00:00,,Öğrenci : 20
Eskişehir,Mihalgazi,Alpagut Ortaokulu,711246,Ortaokul,https://mihalgazialpagutortaokulu.meb.k12.tr,,,https://mihalgazialpagutortaokulu.meb.k12.tr/tema/harita.php,2026-08-31,23,23,bulundu,https://mihalgazialpagutortaokulu.meb.k12.tr/,2026-10-01T18:45:09.764898+00:00,,Öğrenci Sayısı : 23
Eskişehir,Mihalgazi,Alpagut İlkokulu,887474,İlkokul,https://mihalgazialpagutilkokulu.meb.k12.tr,,,https://mihalgazialpagutilkokulu.meb.k12.tr/tema/harita.php,2026-08-31,26,26,bulundu,https://mihalgazialpagutilkokulu.meb.k12.tr/,2026-10-01T18:45:09.769861+00:00,,Öğrenci Sayısı : 26
Eskişehir,Mihalgazi,Mihalgazi Anaokulu,969997,Anaokulu,https://mihalgazianaokulu.meb.k12.tr,,,https://mihalgazianaokulu.meb.k12.tr/tema/harita.php,2026-08-31,26,26,bulundu,https://mihalgazianaokulu.meb.k12.tr/,2026-10-01T18:45:09.987026+00:00,,Öğrenci Sayısı: 26
Eskişehir,Mihalgazi,Mihalgazi Halk Eğitimi Merkezi,308491,Halk Eğitimi Merkezi,https://mihalgazihem.meb.k12.tr,,,https://mihalgazihem.meb.k12.tr/tema/harita.php,2026-08-31,,,bulunamadi,,2026-10-01T18:45:10.126793+00:00,,
Eskişehir,Mihalgazi,Mihalgazi Ortaokulu,711245,Ortaokul,https://mihalgaziortaokulu.meb.k12.tr,,,https://mihalgaziortaokulu.meb.k12.tr/tema/harita.php,2026-08-31,,,bulunamadi,,2026-10-01T18:45:10.135956+00:00,,
Eskişehir,Mihalgazi,Mihalgazi İlkokulu,707374,İlkokul,https://mihalgaziilkokulu.meb.k12.tr,,,https://mihalgaziilkokulu.meb.k12.tr/tema/harita.php,2026-08-31,67,67,bulundu,https://mihalgaziilkokulu.meb.k12.tr/,2026-10-01T18:45:10.137848+00:00,,Öğrenci Sayısı : 67
Eskişehir,Mihalgazi,Mihalgazi İmam Hatip Ortaokulu,761918,İmam Hatip Ortaokulu,https://mihalgaziimamhatip.meb.k12.tr,,,https://mihalgaziimamhatip.meb.k12.tr/tema/harita.php,2026-08-31,2,2,bulundu,https://mihalgaziimamhatip.meb.k12.tr/,2026-10-01T18:45:10.140887+00:00,,Öğrenci Sayısı 2
Eskişehir,Mihalgazi,Mihalgazi Şehit Nuri Tavşanlıoğlu Anadolu Lisesi,808423,Anadolu Lisesi,https://mihalgazilisesi.meb.k12.tr,,,https://mihalgazilisesi.meb.k12.tr/tema/harita.php,2026-08-31,28,28,bulundu,https://mihalgazilisesi.meb.k12.tr/,2026-10-01T18:45:10.267125+00:00,,Öğrenci Sayısı : 28
Eskişehir,Mihalıççık,Atatürk Anaokulu,966552,Anaokulu,https://mihaliccikataturkanaokulu.meb.k12.tr,,,https://mihaliccikataturkanaokulu.meb.k12.tr/tema/harita.php,2026-08-31,48,48,bulundu,https://mihaliccikataturkanaokulu.meb.k12.tr/,2026-10-01T18:45:10.329935+00:00,,Öğrenci Sayısı: 48
Eskişehir,Mihalıççık,Gün Sazak Yatılı Bölge Ortaokulu,748203,Ortaokul,https://gunsazak.meb.k12.tr,,,https://gunsazak.meb.k12.tr/tema/harita.php,2026-08-31,122,122,bulundu,https://gunsazak.meb.k12.tr/,2026-10-01T18:45:10.477805+00:00,,Öğrenci Sayısı : 122
Eskişehir,Mihalıççık,Hürriyet İlkokulu,704403,İlkokul,https://hurriyetimiz.meb.k12.tr,,,https://hurriyetimiz.meb.k12.tr/tema/harita.php,2026-08-31,140,140,bulundu,https://hurriyetimiz.meb.k12.tr/,2026-10-01T18:45:10.637786+00:00,,Öğrenci Sayısı 140
Eskişehir,Mihalıççık,Mihalıççık Halk Eğitimi Merkezi,148884,Halk Eğitimi Merkezi,https://mihaliccikhem.meb.k12.tr,,,https://mihaliccikhem.meb.k12.tr/tema/harita.php,2026-08-31,,,bulunamadi,,2026-10-01T18:45:10.696950+00:00,,
Eskişehir,Mihalıççık,Yunusemre İlkokulu,230609,İlkokul,https://yunusemreilk.meb.k12.tr,,,https://yunusemreilk.meb.k12.tr/tema/harita.php,2026-08-31,62,62,bulundu,https://yunusemreilk.meb.k12.tr/,2026-10-01T18:45:11.027018+00:00,,Öğrenci Sayısı: 62
Eskişehir,Mihalıççık,Yunusemre İmam Hatip Ortaokulu,758769,İmam Hatip Ortaokulu,https://ynsemreiho.meb.k12.tr,,,https://ynsemreiho.meb.k12.tr/tema/harita.php,2026-08-31,17,17,bulundu,https://ynsemreiho.meb.k12.tr/,2026-10-01T18:45:11.111340+00:00,,Öğrenci Sayısı : 17
Eskişehir,Mihalıççık,Şehit Münir Yıldızak Çok Programlı Anadolu Lisesi,965930,Çok Programlı Anadolu Lisesi,https://smylisesi.meb.k12.tr,,,https://smylisesi.meb.k12.tr/tema/harita.php,2026-08-31,90,90,bulundu,https://smylisesi.meb.k12.tr/,2026-10-01T18:45:11.122194+00:00,,Öğrenci Sayısı : 90
Eskişehir,Mihalıççık,Şehit Ramazan Manastır Ortaokulu,711240,Ortaokul,https://ramazanmanastrort26.meb.k12.tr,,,https://ramazanmanastrort26.meb.k12.tr/tema/harita.php,2026-08-31,17,17,bulundu,https://ramazanmanastrort26.meb.k12.tr/,2026-10-01T18:45:11.188329+00:00,,Öğrenci Sayısı: 17
Eskişehir,Odunpazarı,1. Hava İkmal Bakım Merkezi İlkokulu,703708,İlkokul,https://hava.meb.k12.tr,,,https://hava.meb.k12.tr/tema/harita.php,2026-08-31,743,743,bulundu,https://hava.meb.k12.tr/,2026-10-01T18:45:11.329055+00:00,,Öğrenci Sayısı 743
Eskişehir,Odunpazarı,19 Mayıs Anadolu Lisesi,967989,Anadolu Lisesi,https://19mayisand.meb.k12.tr,,,https://19mayisand.meb.k12.tr/tema/harita.php,2026-08-31,308,308,bulundu,https://19mayisand.meb.k12.tr/,2026-10-01T18:45:11.626489+00:00,,Öğrenci Sayısı : 308
Eskişehir,Odunpazarı,23 Nisan İlkokulu,703666,İlkokul,https://eskisehir23nisanilkokulu.meb.k12.tr,,,https://eskisehir23nisanilkokulu.meb.k12.tr/tema/harita.php,2026-08-31,368,368,bulundu,https://eskisehir23nisanilkokulu.meb.k12.tr/,2026-10-01T18:45:11.646854+00:00,,Öğrenci Sayısı 368
Eskişehir,Odunpazarı,24 Kasım İlkokulu,967455,İlkokul,https://esk24kasimio.meb.k12.tr,,,https://esk24kasimio.meb.k12.tr/tema/harita.php,2026-08-31,717,717,bulundu,https://esk24kasimio.meb.k12.tr/,2026-10-01T18:45:11.752870+00:00,,Öğrenci Sayısı : 717
Eskişehir,Odunpazarı,30 Ağustos Ortaokulu,703755,Ortaokul,https://otuzagustosortaokulu.meb.k12.tr,,,https://otuzagustosortaokulu.meb.k12.tr/tema/harita.php,2026-08-31,549,549,bulundu,https://otuzagustosortaokulu.meb.k12.tr/,2026-10-01T18:45:11.777119+00:00,,Öğrenci Sayısı 549
Eskişehir,Odunpazarı,Abdurrahman Sarar İmam Hatip Ortaokulu,774452,İmam Hatip Ortaokulu,https://sarariho.meb.k12.tr,,,https://sarariho.meb.k12.tr/tema/harita.php,2026-08-31,204,204,bulundu,https://sarariho.meb.k12.tr/,2026-10-01T18:45:11.833007+00:00,,Öğrenci Sayısı 204
Eskişehir,Odunpazarı,Adalet İlkokulu,703657,İlkokul,https://adaletilkokulu.meb.k12.tr,,,https://adaletilkokulu.meb.k12.tr/tema/harita.php,2026-08-31,614,614,bulundu,https://adaletilkokulu.meb.k12.tr/tema/okulumuz_hakkinda.php,2026-10-01T18:45:11.865471+00:00,,Öğrenci : 614
Eskişehir,Odunpazarı,Adnan Menderes Anaokulu,967588,Anaokulu,https://adnanmenderesanaokul.meb.k12.tr,,,https://adnanmenderesanaokul.meb.k12.tr/tema/harita.php,2026-08-31,169,169,bulundu,https://adnanmenderesanaokul.meb.k12.tr/,2026-10-01T18:45:11.934084+00:00,,Öğrenci Sayısı : 169
Eskişehir,Odunpazarı,Ahi Evran Ticaret Mesleki ve Teknik Anadolu Lisesi,215871,Mesleki ve Teknik Anadolu Lisesi,https://eskisehirtml.meb.k12.tr,,,https://eskisehirtml.meb.k12.tr/tema/harita.php,2026-08-31,810,810,bulundu,https://eskisehirtml.meb.k12.tr/,2026-10-01T18:45:11.994756+00:00,,Öğrenci Sayısı : 810
Eskişehir,Odunpazarı,Ahmet Hamdi Bayraktar İlkokulu,710057,İlkokul,https://ahbilkokulu.meb.k12.tr,,,https://ahbilkokulu.meb.k12.tr/tema/harita.php,2026-08-31,311,311,bulundu,https://ahbilkokulu.meb.k12.tr/,2026-10-01T18:45:12.017034+00:00,,Öğrenci Sayısı 311
Eskişehir,Odunpazarı,Ahmet Sezer Ortaokulu,703838,Ortaokul,https://ahmetsezer.meb.k12.tr,,,https://ahmetsezer.meb.k12.tr/tema/harita.php,2026-08-31,2010,2010,bulundu,https://ahmetsezer.meb.k12.tr/,2026-10-01T18:45:12.095466+00:00,,Öğrenci Sayısı 2010
Eskişehir,Odunpazarı,Ali Fuat Cebesoy Ortaokulu,710051,Ortaokul,https://afc26.meb.k12.tr,,,https://afc26.meb.k12.tr/tema/harita.php,2026-08-31,351,351,bulundu,https://afc26.meb.k12.tr/,2026-10-01T18:45:12.146272+00:00,,Öğrenci Sayısı 351
Eskişehir,Odunpazarı,Atatürk Lisesi,974856,Lise,https://eskisehirataturklisesi.meb.k12.tr,,,https://eskisehirataturklisesi.meb.k12.tr/tema/harita.php,2026-08-31,524,524,bulundu,https://eskisehirataturklisesi.meb.k12.tr/tema/okulumuz_hakkinda.php,2026-10-01T18:45:12.188125+00:00,,Öğrenci : 524
Eskişehir,Odunpazarı,Atatürk Mesleki ve Teknik Anadolu Lisesi,967488,Mesleki ve Teknik Anadolu Lisesi,https://esata.meb.k12.tr,,,https://esata.meb.k12.tr/tema/harita.php,2026-08-31,2103,2103,bulundu,https://esata.meb.k12.tr/,2026-10-01T18:45:12.192972+00:00,,Öğrenci Sayısı : 2103
Eskişehir,Odunpazarı,Avukat Lütfi Ergökmen Özel Eğitim Uygulama Okulu I. Kademe,777157,Özel Eğitim Kurumu,https://avukatlutfiergokmen1.meb.k12.tr,,,https://avukatlutfiergokmen1.meb.k12.tr/tema/harita.php,2026-08-31,26,26,bulundu,https://avukatlutfiergokmen1.meb.k12.tr/,2026-10-01T18:45:12.268702+00:00,,Öğrenci Sayısı : 26
Eskişehir,Odunpazarı,Avukat Lütfi Ergökmen Özel Eğitim Uygulama Okulu II. Kademe,763769,Özel Eğitim Kurumu,https://avukatlutfiergokmen2.meb.k12.tr,,,https://avukatlutfiergokmen2.meb.k12.tr/tema/harita.php,2026-08-31,56,56,bulundu,https://avukatlutfiergokmen2.meb.k12.tr/tema/okulumuz_hakkinda.php,2026-10-01T18:45:12.274313+00:00,,Öğrenci : 56
Eskişehir,Odunpazarı,Aziz Bolel İlkokulu,710261,İlkokul,https://azizbolelilkokulu.meb.k12.tr,,,https://azizbolelilkokulu.meb.k12.tr/tema/harita.php,2026-08-31,105,105,bulundu,https://azizbolelilkokulu.meb.k12.tr/,2026-10-01T18:45:12.338511+00:00,,Öğrenci Sayısı 105
Eskişehir,Odunpazarı,Aziz Mahmut Hüdayi İmam Hatip Ortaokulu,724104,İmam Hatip Ortaokulu,https://azizmahmuthudayiiho.meb.k12.tr,,,https://azizmahmuthudayiiho.meb.k12.tr/tema/harita.php,2026-08-31,209,209,bulundu,https://azizmahmuthudayiiho.meb.k12.tr/tema/okulumuz_hakkinda.php,2026-10-01T18:45:12.350218+00:00,,Öğrenci : 209
Eskişehir,Odunpazarı,Aziz Sancar Anaokulu,776232,Anaokulu,https://eskisehirazizsancaranaokulu.meb.k12.tr,,,https://eskisehirazizsancaranaokulu.meb.k12.tr/tema/harita.php,2026-08-31,123,123,bulundu,https://eskisehirazizsancaranaokulu.meb.k12.tr/,2026-10-01T18:45:12.818957+00:00,,Öğrenci Sayısı 123
Eskişehir,Odunpazarı,Ağapınar İlkokulu,967460,İlkokul,https://agapinar.meb.k12.tr,,,https://agapinar.meb.k12.tr/tema/harita.php,2026-08-31,76,76,bulundu,https://agapinar.meb.k12.tr/,2026-10-01T18:45:12.826530+00:00,,Öğrenci Sayısı : 76
Eskişehir,Odunpazarı,Battalgazi Ortaokulu,708348,Ortaokul,https://battalgazioo.meb.k12.tr,,,https://battalgazioo.meb.k12.tr/tema/harita.php,2026-08-31,427,427,bulundu,https://battalgazioo.meb.k12.tr/,2026-10-01T18:45:12.883115+00:00,,Öğrenci Sayısı 427
Eskişehir,Odunpazarı,Cahit Zarifoğlu Ortaokulu,759918,Ortaokul,https://ecahitzarifogluoo.meb.k12.tr,,,https://ecahitzarifogluoo.meb.k12.tr/tema/harita.php,2026-08-31,859,859,bulundu,https://ecahitzarifogluoo.meb.k12.tr/,2026-10-01T18:45:13.005510+00:00,,Öğrenci Sayısı 859
Eskişehir,Odunpazarı,Cengiz Topel Anaokulu,769048,Anaokulu,https://cengiztopelodunpazari.meb.k12.tr,,,https://cengiztopelodunpazari.meb.k12.tr/tema/harita.php,2026-08-31,153,153,bulundu,https://cengiztopelodunpazari.meb.k12.tr/,2026-10-01T18:45:13.317856+00:00,,Öğrenci Sayısı 153
Eskişehir,Odunpazarı,Cengiz Topel İlkokulu,710307,İlkokul,https://eskisehircengiztopelilkokulu.meb.k12.tr,,,https://eskisehircengiztopelilkokulu.meb.k12.tr/tema/harita.php,2026-08-31,594,594,bulundu,https://eskisehircengiztopelilkokulu.meb.k12.tr/,2026-10-01T18:45:13.325567+00:00,,Öğrenci Sayısı : 594
Eskişehir,Odunpazarı,Cumhuriyet Anadolu Lisesi,974857,Anadolu Lisesi,https://ecumali.meb.k12.tr,,,https://ecumali.meb.k12.tr/tema/harita.php,2026-08-31,617,617,bulundu,https://ecumali.meb.k12.tr/tema/okulumuz_hakkinda.php,2026-10-01T18:45:13.359125+00:00,,Öğrenci : 617
Eskişehir,Odunpazarı,Deliklitaş Anadolu İmam Hatip Lisesi,775356,Anadolu İmam Hatip Lisesi,https://deliklitasaihl.meb.k12.tr,,,https://deliklitasaihl.meb.k12.tr/tema/harita.php,2026-08-31,130,130,bulundu,https://deliklitasaihl.meb.k12.tr/,2026-10-01T18:45:13.384760+00:00,,Öğrenci Sayısı 130
Eskişehir,Odunpazarı,Doktor Halil Akkurt Ortaokulu,703701,Ortaokul,https://drhalilakkurtoo.meb.k12.tr,,,https://drhalilakkurtoo.meb.k12.tr/tema/harita.php,2026-08-31,1037,1037,bulundu,https://drhalilakkurtoo.meb.k12.tr/,2026-10-01T18:45:13.497451+00:00,,Öğrenci Sayısı : 1037
Eskişehir,Odunpazarı,Doktor Mustafa Çamkoru Ortaokulu,703812,Ortaokul,https://doktormustafacamkoru.meb.k12.tr,,,https://doktormustafacamkoru.meb.k12.tr/tema/harita.php,2026-08-31,266,266,bulundu,https://doktormustafacamkoru.meb.k12.tr/,2026-10-01T18:45:13.798129+00:00,,Öğrenci Sayısı : 266
Eskişehir,Odunpazarı,Dr. Safa Halaç Özel Eğitim Ortaokulu,746970,Ortaokul,https://safahalacoo.meb.k12.tr,,,https://safahalacoo.meb.k12.tr/tema/harita.php,2026-08-31,89,89,bulundu,https://safahalacoo.meb.k12.tr/tema/okulumuz_hakkinda.php,2026-10-01T18:45:13.802082+00:00,,Öğrenci : 89
Eskişehir,Odunpazarı,Dr. Safa Halaç Özel Eğitim İlkokulu,967443,İlkokul,https://safahalacio.meb.k12.tr,,,https://safahalacio.meb.k12.tr/tema/harita.php,2026-08-31,56,56,bulundu,https://safahalacio.meb.k12.tr/,2026-10-01T18:45:13.842803+00:00,,Öğrenci Sayısı : 56
Eskişehir,Odunpazarı,Eczacı Faruk Erden Anaokulu,973397,Anaokulu,https://eczacifarukerden.meb.k12.tr,,,https://eczacifarukerden.meb.k12.tr/tema/harita.php,2026-08-31,157,157,bulundu,https://eczacifarukerden.meb.k12.tr/,2026-10-01T18:45:13.907609+00:00,,Öğrenci Sayısı: 157
Eskişehir,Odunpazarı,Edebali Anadolu Lisesi,972838,Anadolu Lisesi,https://edebalial.meb.k12.tr,,,https://edebalial.meb.k12.tr/tema/harita.php,2026-08-31,613,613,bulundu,https://edebalial.meb.k12.tr/tema/okulumuz_hakkinda.php,2026-10-01T18:45:13.980814+00:00,,Öğrenci : 613
Eskişehir,Odunpazarı,Elbruz Bilge Özel Eğitim Uygulama Okulu III. Kademe,763780,Özel Eğitim Kurumu,https://elbruzbilge.meb.k12.tr,,,https://elbruzbilge.meb.k12.tr/tema/harita.php,2026-08-31,70,70,bulundu,https://elbruzbilge.meb.k12.tr/,2026-10-01T18:45:13.990794+00:00,,Öğrenci Sayısı 70
Eskişehir,Odunpazarı,Emine-Emir Şahbaz Bilim ve Sanat Merkezi,967444,Bilim ve Sanat Merkezi,https://eskisehirbilsem.meb.k12.tr,,,https://eskisehirbilsem.meb.k12.tr/tema/harita.php,2026-08-31,903,903,bulundu,https://eskisehirbilsem.meb.k12.tr/,2026-10-01T18:45:14.207689+00:00,,Öğrenci Sayısı : 903
Eskişehir,Odunpazarı,Erdal Abacı İlkokulu,968638,İlkokul,https://erdalabaci.meb.k12.tr,,,https://erdalabaci.meb.k12.tr/tema/harita.php,2026-08-31,103,103,bulundu,https://erdalabaci.meb.k12.tr/,2026-10-01T18:45:14.379351+00:00,,Öğrenci Sayısı : 103
Eskişehir,Odunpazarı,Eskişehir Anadolu İmam Hatip Lisesi,751726,Anadolu İmam Hatip Lisesi,https://eskisehiranadoluihl.meb.k12.tr,,,https://eskisehiranadoluihl.meb.k12.tr/tema/harita.php,2026-08-31,349,349,bulundu,https://eskisehiranadoluihl.meb.k12.tr/,2026-10-01T18:45:14.403360+00:00,,Öğrenci Sayısı 349
Eskişehir,Odunpazarı,Eskişehir Eti Sosyal Bilimler Lisesi,967997,Sosyal Bilimler Lisesi,https://esbl.meb.k12.tr,,,https://esbl.meb.k12.tr/tema/harita.php,2026-08-31,,,bulunamadi,,2026-10-01T18:45:14.521026+00:00,,
Eskişehir,Odunpazarı,Eskişehir Fatih Fen Lisesi,967999,Fen Lisesi,https://fatihfenlisesi.meb.k12.tr,,,https://fatihfenlisesi.meb.k12.tr/tema/harita.php,2026-08-31,475,475,bulundu,https://fatihfenlisesi.meb.k12.tr/,2026-10-01T18:45:14.855664+00:00,,Öğrenci Sayısı 475
Eskişehir,Odunpazarı,Eskişehir Olgunlaşma Enstitüsü,967732,Olgunlaşma Enstitüsü,https://eskolgunlasma.meb.k12.tr,,,https://eskolgunlasma.meb.k12.tr/tema/harita.php,2026-08-31,,,bulunamadi,,2026-10-01T18:45:14.871468+00:00,,
Eskişehir,Odunpazarı,Eti Maden İşletmeleri İlkokulu,708113,İlkokul,https://etimadenio.meb.k12.tr,,,https://etimadenio.meb.k12.tr/tema/harita.php,2026-08-31,636,636,bulundu,https://etimadenio.meb.k12.tr/,2026-10-01T18:45:14.940441+00:00,,Öğrenci Sayısı : 636
Eskişehir,Odunpazarı,Fadime Sarar Kız Anadolu İmam Hatip Lisesi,148404,Anadolu İmam Hatip Lisesi,https://fadimesararkaihl.meb.k12.tr,,,https://fadimesararkaihl.meb.k12.tr/tema/harita.php,2026-08-31,505,505,bulundu,https://fadimesararkaihl.meb.k12.tr/,2026-10-01T18:45:14.955268+00:00,,Öğrenci Sayısı : 505
Eskişehir,Odunpazarı,Fatih Anadolu Lisesi,967990,Anadolu Lisesi,https://efal.meb.k12.tr,,,https://efal.meb.k12.tr/tema/harita.php,2026-08-31,655,655,bulundu,https://efal.meb.k12.tr/,2026-10-01T18:45:15.023667+00:00,,Öğrenci Sayısı : 655
Eskişehir,Odunpazarı,Fatih Sultan Mehmet İmam Hatip Ortaokulu,713793,İmam Hatip Ortaokulu,https://odunpazarifsmiho.meb.k12.tr,,,https://odunpazarifsmiho.meb.k12.tr/tema/harita.php,2026-08-31,,,bulunamadi,,2026-10-01T18:45:15.103982+00:00,,
Eskişehir,Odunpazarı,Fethi Heper Spor Ortaokulu,776430,Ortaokul,https://fethihepersporortaokulu.meb.k12.tr,,,https://fethihepersporortaokulu.meb.k12.tr/tema/harita.php,2026-08-31,64,64,bulundu,https://fethihepersporortaokulu.meb.k12.tr/,2026-10-01T18:45:15.236607+00:00,,Öğrenci Sayısı : 64
Eskişehir,Odunpazarı,Firuz Kanatlı Mesleki ve Teknik Anadolu Lisesi,148308,Mesleki ve Teknik Anadolu Lisesi,https://fkmtal.meb.k12.tr,,,https://fkmtal.meb.k12.tr/tema/harita.php,2026-08-31,,,bulunamadi,,2026-10-01T18:45:15.264545+00:00,,
Eskişehir,Odunpazarı,Fuat Sezgin Anaokulu,776233,Anaokulu,https://fuatsezginanaokulu.meb.k12.tr,,,https://fuatsezginanaokulu.meb.k12.tr/tema/harita.php,2026-08-31,72,72,bulundu,https://fuatsezginanaokulu.meb.k12.tr/,2026-10-01T18:45:15.329865+00:00,,Öğrenci Sayısı : 72
Eskişehir,Odunpazarı,Gazi Mesleki ve Teknik Anadolu Lisesi,967734,Mesleki ve Teknik Anadolu Lisesi,https://eskisehirgazimeslek.meb.k12.tr,,,https://eskisehirgazimeslek.meb.k12.tr/tema/harita.php,2026-08-31,503,503,bulundu,https://eskisehirgazimeslek.meb.k12.tr/,2026-10-01T18:45:15.416327+00:00,,Öğrenci Sayısı : 503
Eskişehir,Odunpazarı,Gazi Yakup Satar Kız Mesleki ve Teknik Anadolu Lisesi,972393,Mesleki ve Teknik Anadolu Lisesi,https://gaziyakupsatarkml.meb.k12.tr,,,https://gaziyakupsatarkml.meb.k12.tr/tema/harita.php,2026-08-31,470,470,bulundu,https://gaziyakupsatarkml.meb.k12.tr/,2026-10-01T18:45:15.483339+00:00,,Öğrenci Sayısı : 470
Eskişehir,Odunpazarı,Gülay Kanatlı Ortaokulu,887762,Ortaokul,https://gulaykanatliortaokulu.meb.k12.tr,,,https://gulaykanatliortaokulu.meb.k12.tr/tema/harita.php,2026-08-31,485,485,bulundu,https://gulaykanatliortaokulu.meb.k12.tr/,2026-10-01T18:45:15.507065+00:00,,Öğrenci Sayısı 485
Eskişehir,Odunpazarı,Gündüzalp Ortaokulu,703714,Ortaokul,https://gunduzalpoo.meb.k12.tr,,,https://gunduzalpoo.meb.k12.tr/tema/harita.php,2026-08-31,789,789,bulundu,https://gunduzalpoo.meb.k12.tr/,2026-10-01T18:45:15.544917+00:00,,Öğrenci Sayısı : 789
Eskişehir,Odunpazarı,H. Ahmet Kanatlı Anadolu Lisesi,967986,Anadolu Lisesi,https://ahmetkanatlianadolulisesi.meb.k12.tr,,,https://ahmetkanatlianadolulisesi.meb.k12.tr/tema/harita.php,2026-08-31,620,620,bulundu,https://ahmetkanatlianadolulisesi.meb.k12.tr/tema/okulumuz_hakkinda.php,2026-10-01T18:45:15.648943+00:00,,Öğrenci : 620
Eskişehir,Odunpazarı,Hacı Feride Koruyucu İlkokulu,968652,İlkokul,https://feridekoruyucu.meb.k12.tr,,,https://feridekoruyucu.meb.k12.tr/tema/harita.php,2026-08-31,,,bulunamadi,,2026-10-01T18:45:15.757258+00:00,,
Eskişehir,Odunpazarı,Hacı Hatice Ongurlar Ortaokulu,775408,Ortaokul,https://haticeongurlarortaokulu.meb.k12.tr,,,https://haticeongurlarortaokulu.meb.k12.tr/tema/harita.php,2026-08-31,885,885,bulundu,https://haticeongurlarortaokulu.meb.k12.tr/,2026-10-01T18:45:15.906139+00:00,,Öğrenci Sayısı : 885
Eskişehir,Odunpazarı,Hacı Nezire Sarıkamış Ortaokulu,703605,Ortaokul,https://hacineziresarikamisortaokulu.meb.k12.tr,,,https://hacineziresarikamisortaokulu.meb.k12.tr/tema/harita.php,2026-08-31,717,717,bulundu,https://hacineziresarikamisortaokulu.meb.k12.tr/tema/okulumuz_hakkinda.php,2026-10-01T18:45:15.936314+00:00,,Öğrenci : 717
Eskişehir,Odunpazarı,Hacı Süleyman Çakır Kız Anadolu Lisesi,760157,Anadolu Lisesi,https://scakirkizal.meb.k12.tr,,,https://scakirkizal.meb.k12.tr/tema/harita.php,2026-08-31,526,526,bulundu,https://scakirkizal.meb.k12.tr/,2026-10-01T18:45:15.953726+00:00,,Öğrenci Sayısı : 526
Eskişehir,Odunpazarı,Halil Yasin İlkokulu,879480,İlkokul,https://halilyasinilkokulu.meb.k12.tr,,,https://halilyasinilkokulu.meb.k12.tr/tema/harita.php,2026-08-31,625,625,bulundu,https://halilyasinilkokulu.meb.k12.tr/,2026-10-01T18:45:15.984047+00:00,,Öğrenci Sayısı 625
Eskişehir,Odunpazarı,Hasan Polatkan Ortaokulu,748546,Ortaokul,https://hasanpolatkan.meb.k12.tr,,,https://hasanpolatkan.meb.k12.tr/tema/harita.php,2026-08-31,673,673,bulundu,https://hasanpolatkan.meb.k12.tr/,2026-10-01T18:45:16.043261+00:00,,Öğrenci Sayısı 673
Eskişehir,Odunpazarı,Havacılar Ortaokulu,766912,Ortaokul,https://havacilarortaokulu.meb.k12.tr,,,https://havacilarortaokulu.meb.k12.tr/tema/harita.php,2026-08-31,,,bulunamadi,,2026-10-01T18:45:16.047053+00:00,,
Eskişehir,Odunpazarı,Hayme Hatun Anaokulu,967595,Anaokulu,https://haymehatunanaokulu.meb.k12.tr,,,https://haymehatunanaokulu.meb.k12.tr/tema/harita.php,2026-08-31,112,112,bulundu,https://haymehatunanaokulu.meb.k12.tr/,2026-10-01T18:45:16.471903+00:00,,Öğrenci Sayısı 112
Eskişehir,Odunpazarı,Hoca Ahmed Yesevi Anadolu Lisesi,973779,Anadolu Lisesi,https://hocaahmedyesevi.meb.k12.tr,,,https://hocaahmedyesevi.meb.k12.tr/tema/harita.php,2026-08-31,380,380,bulundu,https://hocaahmedyesevi.meb.k12.tr/tema/okulumuz_hakkinda.php,2026-10-01T18:45:16.517734+00:00,,Öğrenci : 380
Eskişehir,Odunpazarı,Hüseyin Erçelebi Anadolu Lisesi,751292,Anadolu Lisesi,https://heal.meb.k12.tr,,,https://heal.meb.k12.tr/tema/harita.php,2026-08-31,147,147,bulundu,https://heal.meb.k12.tr/,2026-10-01T18:45:16.559697+00:00,,Öğrenci Sayısı 147
Eskişehir,Odunpazarı,Hızırbey İmam Hatip Ortaokulu,751839,İmam Hatip Ortaokulu,https://hizirbeyiho.meb.k12.tr,,,https://hizirbeyiho.meb.k12.tr/tema/harita.php,2026-08-31,1209,1209,bulundu,https://hizirbeyiho.meb.k12.tr/,2026-10-01T18:45:16.618227+00:00,,Öğrenci Sayısı 1209
Eskişehir,Odunpazarı,Kireç Sedat Buhuma İlkokulu,712358,İlkokul,https://kirec.meb.k12.tr,,,https://kirec.meb.k12.tr/tema/harita.php,2026-08-31,66,66,bulundu,https://kirec.meb.k12.tr/,2026-10-01T18:45:17.093307+00:00,,Öğrenci Sayısı: 66
Eskişehir,Odunpazarı,Kurtuluş İlkokulu,879496,İlkokul,https://kurtulus.meb.k12.tr,,,https://kurtulus.meb.k12.tr/tema/harita.php,2026-08-31,222,222,bulundu,https://kurtulus.meb.k12.tr/,2026-10-01T18:45:17.094574+00:00,,Öğrenci Sayısı : 222
Eskişehir,Odunpazarı,Kılıçarslan İlkokulu,703661,İlkokul,https://kilicarslanio.meb.k12.tr,,,https://kilicarslanio.meb.k12.tr/tema/harita.php,2026-08-31,377,377,bulundu,https://kilicarslanio.meb.k12.tr/,2026-10-01T18:45:17.148950+00:00,,Öğrenci Sayısı: 377
Eskişehir,Odunpazarı,Kılıçoğlu Anadolu Lisesi,967988,Anadolu Lisesi,https://kilicogluanadolulisesi.meb.k12.tr,,,https://kilicogluanadolulisesi.meb.k12.tr/tema/harita.php,2026-08-31,,,bulunamadi,,2026-10-01T18:45:17.157093+00:00,,
Eskişehir,Odunpazarı,Kızılelma Anaokulu,777170,Anaokulu,https://777170.meb.k12.tr,,,https://777170.meb.k12.tr/tema/harita.php,2026-08-31,180,180,bulundu,https://777170.meb.k12.tr/,2026-10-01T18:45:17.215793+00:00,,Öğrenci Sayısı : 180
Eskişehir,Odunpazarı,Lamia Dayanç Anaokulu,972288,Anaokulu,https://lamiadayancanaokulu.meb.k12.tr,,,https://lamiadayancanaokulu.meb.k12.tr/tema/harita.php,2026-08-31,172,172,bulundu,https://lamiadayancanaokulu.meb.k12.tr/,2026-10-01T18:45:17.317810+00:00,,Öğrenci Sayısı 172
Eskişehir,Odunpazarı,Mareşal Fevzi Çakmak İlkokulu,968631,İlkokul,https://eskmaresalioo.meb.k12.tr,,,https://eskmaresalioo.meb.k12.tr/tema/harita.php,2026-08-31,620,620,bulundu,https://eskmaresalioo.meb.k12.tr/tema/okulumuz_hakkinda.php,2026-10-01T18:45:17.470294+00:00,,Öğrenci : 620
Eskişehir,Odunpazarı,Mehmet Ali Yasin İlkokulu,968632,İlkokul,https://maliyasin.meb.k12.tr,,,https://maliyasin.meb.k12.tr/tema/harita.php,2026-08-31,609,609,bulundu,https://maliyasin.meb.k12.tr/,2026-10-01T18:45:17.514093+00:00,,Öğrenci Sayısı : 609
Eskişehir,Odunpazarı,Mehmet Gedik Ortaokulu,710289,Ortaokul,https://mehmetgedikortaokulu.meb.k12.tr,,,https://mehmetgedikortaokulu.meb.k12.tr/tema/harita.php,2026-08-31,793,793,bulundu,https://mehmetgedikortaokulu.meb.k12.tr/tema/okulumuz_hakkinda.php,2026-10-01T18:45:17.552563+00:00,,Öğrenci : 793
Eskişehir,Odunpazarı,Melahat Ünügür Ortaokulu,710284,Ortaokul,https://melahatunuguroo.meb.k12.tr,,,https://melahatunuguroo.meb.k12.tr/tema/harita.php,2026-08-31,1823,1823,bulundu,https://melahatunuguroo.meb.k12.tr/,2026-10-01T18:45:17.613463+00:00,,Öğrenci Sayısı : 1823
Eskişehir,Odunpazarı,Meserret İnel İlkokulu,970696,İlkokul,https://meserretinel.meb.k12.tr,,,https://meserretinel.meb.k12.tr/tema/harita.php,2026-08-31,1048,1048,bulundu,https://meserretinel.meb.k12.tr/,2026-10-01T18:45:17.660882+00:00,,Öğrenci Sayısı : 1048
Eskişehir,Odunpazarı,Metin Sönmez İlkokulu,968629,İlkokul,https://metinsonmez.meb.k12.tr,,,https://metinsonmez.meb.k12.tr/tema/harita.php,2026-08-31,276,276,bulundu,https://metinsonmez.meb.k12.tr/tema/okulumuz_hakkinda.php,2026-10-01T18:45:17.672791+00:00,,Öğrenci : 276
Eskişehir,Odunpazarı,Milli Zafer İlkokulu,968623,İlkokul,https://millizafer.meb.k12.tr,,,https://millizafer.meb.k12.tr/tema/harita.php,2026-08-31,1122,1122,bulundu,https://millizafer.meb.k12.tr/,2026-10-01T18:45:17.993725+00:00,,Öğrenci Sayısı : 1122
Eskişehir,Odunpazarı,Murat Atılgan Ortaokulu,708240,Ortaokul,https://muratatilgan26.meb.k12.tr,,,https://muratatilgan26.meb.k12.tr/tema/harita.php,2026-08-31,1186,1186,bulundu,https://muratatilgan26.meb.k12.tr/,2026-10-01T18:45:18.005176+00:00,,Öğrenci Sayısı : 1186
Eskişehir,Odunpazarı,Mustafa Kemal Atatürk Mesleki ve Teknik Anadolu Lisesi,968002,Mesleki ve Teknik Anadolu Lisesi,https://eskisehirmustafakemalataturk.meb.k12.tr,,,https://eskisehirmustafakemalataturk.meb.k12.tr/tema/harita.php,2026-08-31,576,576,bulundu,https://eskisehirmustafakemalataturk.meb.k12.tr/tema/okulumuz_hakkinda.php,2026-10-01T18:45:18.078517+00:00,,Öğrenci : 576
Eskişehir,Odunpazarı,Nasrettin Hoca İmam Hatip Ortaokulu,765098,İmam Hatip Ortaokulu,https://nasrettinhocaiho.meb.k12.tr,,,https://nasrettinhocaiho.meb.k12.tr/tema/harita.php,2026-08-31,112,112,bulundu,https://nasrettinhocaiho.meb.k12.tr/,2026-10-01T18:45:18.117604+00:00,,Öğrenci Sayısı 112
Eskişehir,Odunpazarı,Nene Hatun Anaokulu,776145,Anaokulu,https://eskisehirnenehatunanaokulu.meb.k12.tr,,,https://eskisehirnenehatunanaokulu.meb.k12.tr/tema/harita.php,2026-08-31,136,136,bulundu,https://eskisehirnenehatunanaokulu.meb.k12.tr/,2026-10-01T18:45:18.571689+00:00,,Öğrenci Sayısı 136
Eskişehir,Odunpazarı,Nurettin Topçu İlkokulu,776584,İlkokul,https://776584.meb.k12.tr,,,https://776584.meb.k12.tr/tema/harita.php,2026-08-31,447,447,bulundu,https://776584.meb.k12.tr/,2026-10-01T18:45:18.596802+00:00,,Öğrenci Sayısı : 447
Eskişehir,Odunpazarı,Odunpazarı Halk Eğitimi Merkezi,967973,Halk Eğitimi Merkezi,https://odunpazarihem.meb.k12.tr,,,https://odunpazarihem.meb.k12.tr/tema/harita.php,2026-08-31,,,bulunamadi,,2026-10-01T18:45:18.639082+00:00,,
Eskişehir,Odunpazarı,Odunpazarı Mesleki Eğitim Merkezi,775457,Mesleki Eğitim Merkezi,https://omem.meb.k12.tr,,,https://omem.meb.k12.tr/tema/harita.php,2026-08-31,2294,2294,bulundu,https://omem.meb.k12.tr/tema/okulumuz_hakkinda.php,2026-10-01T18:45:18.737834+00:00,,Öğrenci : 2294
Eskişehir,Odunpazarı,Orgeneral Halil Sözer Ortaokulu,703651,Ortaokul,https://orgeneralhalilsozerortaokulu.meb.k12.tr,,,https://orgeneralhalilsozerortaokulu.meb.k12.tr/tema/harita.php,2026-08-31,430,430,bulundu,https://orgeneralhalilsozerortaokulu.meb.k12.tr/,2026-10-01T18:45:18.754139+00:00,,Öğrenci Sayısı 430
Eskişehir,Odunpazarı,Osmangazi Ortaokulu,713778,Ortaokul,https://eskisehirosmangaziortaokulu.meb.k12.tr,,,https://eskisehirosmangaziortaokulu.meb.k12.tr/tema/harita.php,2026-08-31,389,389,bulundu,https://eskisehirosmangaziortaokulu.meb.k12.tr/,2026-10-01T18:45:18.827866+00:00,,Öğrenci Sayısı : 389
Eskişehir,Odunpazarı,Osmangazi İlkokulu,968626,İlkokul,https://osmangaziio26.meb.k12.tr,,,https://osmangaziio26.meb.k12.tr/tema/harita.php,2026-08-31,665,665,bulundu,https://osmangaziio26.meb.k12.tr/,2026-10-01T18:45:19.093424+00:00,,Öğrenci Sayısı : 665
Eskişehir,Odunpazarı,Plevne Özel İdare Ortaokulu,887888,Ortaokul,https://plevneozelidareoo.meb.k12.tr,,,https://plevneozelidareoo.meb.k12.tr/tema/harita.php,2026-08-31,384,384,bulundu,https://plevneozelidareoo.meb.k12.tr/tema/okulumuz_hakkinda.php,2026-10-01T18:45:19.113860+00:00,,Öğrenci : 384
Eskişehir,Odunpazarı,Porsuk İlkokulu,879477,İlkokul,https://porsukilkokulu.meb.k12.tr,,,https://porsukilkokulu.meb.k12.tr/tema/harita.php,2026-08-31,366,366,bulundu,https://porsukilkokulu.meb.k12.tr/tema/okulumuz_hakkinda.php,2026-10-01T18:45:19.198519+00:00,,Öğrenci : 366
Eskişehir,Odunpazarı,Sabri Kılıçoğlu Özel Eğitim Uygulama Okulu I. Kademe,749886,Özel Eğitim Kurumu,https://sabrikilicogluozelegitimokulu.meb.k12.tr,,,https://sabrikilicogluozelegitimokulu.meb.k12.tr/tema/harita.php,2026-08-31,79,79,bulundu,https://sabrikilicogluozelegitimokulu.meb.k12.tr/,2026-10-01T18:45:19.236896+00:00,,Öğrenci Sayısı 79
Eskişehir,Odunpazarı,Salih Zeki Anadolu Lisesi,968000,Anadolu Lisesi,https://salihzeki.meb.k12.tr,,,https://salihzeki.meb.k12.tr/tema/harita.php,2026-08-31,589,589,bulundu,https://salihzeki.meb.k12.tr/,2026-10-01T18:45:19.266007+00:00,,Öğrenci Sayısı : 589
Eskişehir,Odunpazarı,Sami Sipahi Ortaokulu,713723,Ortaokul,https://ssipahi.meb.k12.tr,,,https://ssipahi.meb.k12.tr/tema/harita.php,2026-08-31,684,684,bulundu,https://ssipahi.meb.k12.tr/,2026-10-01T18:45:19.409819+00:00,,Öğrenci Sayısı : 684
Eskişehir,Odunpazarı,Sevinç Behiç Akaydın Ortaokulu,709953,Ortaokul,https://eskisehirsevincortaokulu.meb.k12.tr,,,https://eskisehirsevincortaokulu.meb.k12.tr/tema/harita.php,2026-08-31,58,58,bulundu,https://eskisehirsevincortaokulu.meb.k12.tr/,2026-10-01T18:45:19.444759+00:00,,Öğrenci Sayısı : 58
Eskişehir,Odunpazarı,Sevinç Behiç Akaydın İlkokulu,713815,İlkokul,https://eskisehirsevincilkokulu.meb.k12.tr,,,https://eskisehirsevincilkokulu.meb.k12.tr/tema/harita.php,2026-08-31,84,84,bulundu,https://eskisehirsevincilkokulu.meb.k12.tr/tema/okulumuz_hakkinda.php,2026-10-01T18:45:19.473862+00:00,,Öğrenci : 84
Eskişehir,Odunpazarı,Seçil Akkurt Anaokulu,967591,Anaokulu,https://secilakkurt.meb.k12.tr,,,https://secilakkurt.meb.k12.tr/tema/harita.php,2026-08-31,110,110,bulundu,https://secilakkurt.meb.k12.tr/,2026-10-01T18:45:19.478611+00:00,,Öğrenci Sayısı: 110
Eskişehir,Odunpazarı,Sücaaddin Veli İlkokulu,713219,İlkokul,https://sucaaddinveliilkokulu.meb.k12.tr,,,https://sucaaddinveliilkokulu.meb.k12.tr/tema/harita.php,2026-08-31,152,152,bulundu,https://sucaaddinveliilkokulu.meb.k12.tr/,2026-10-01T18:45:19.595927+00:00,,Öğrenci Sayısı 152
Eskişehir,Odunpazarı,Süleyman Havva Kamışlı İlkokulu,968616,İlkokul,https://shavvakamisli.meb.k12.tr,,,https://shavvakamisli.meb.k12.tr/tema/harita.php,2026-08-31,234,234,bulundu,https://shavvakamisli.meb.k12.tr/,2026-10-01T18:45:19.691675+00:00,,Öğrenci Sayısı : 234
Eskişehir,Odunpazarı,Süleyman Şah Anadolu Lisesi,974858,Anadolu Lisesi,https://suleymansahanadolulisesi.meb.k12.tr,,,https://suleymansahanadolulisesi.meb.k12.tr/tema/harita.php,2026-08-31,240,240,bulundu,https://suleymansahanadolulisesi.meb.k12.tr/,2026-10-01T18:45:19.725369+00:00,,Öğrenci Sayısı : 240
Eskişehir,Odunpazarı,TEV Tuna-Orhan Nail İzgi Anadolu Lisesi,775272,Anadolu Lisesi,https://tevizgi.meb.k12.tr,,,https://tevizgi.meb.k12.tr/tema/harita.php,2026-08-31,574,574,bulundu,https://tevizgi.meb.k12.tr/,2026-10-01T18:45:19.796835+00:00,,Öğrenci Sayısı : 574
Eskişehir,Odunpazarı,TOKİ Ümit Yaşar Oğuzcan Ortaokulu,703673,Ortaokul,https://umityasaroguzcanortaokulu.meb.k12.tr,,,https://umityasaroguzcanortaokulu.meb.k12.tr/tema/harita.php,2026-08-31,1071,1071,bulundu,https://umityasaroguzcanortaokulu.meb.k12.tr/tema/okulumuz_hakkinda.php,2026-10-01T18:45:20.140964+00:00,,Öğrenci : 1071
Eskişehir,Odunpazarı,TOKİ Şehit Savaş Kubaş Anadolu Lisesi,967536,Anadolu Lisesi,https://savaskubas.meb.k12.tr,,,https://savaskubas.meb.k12.tr/tema/harita.php,2026-08-31,840,840,bulundu,https://savaskubas.meb.k12.tr/,2026-10-01T18:45:20.192793+00:00,,Öğrenci Sayısı 840
Eskişehir,Odunpazarı,TOKİ Şehit İsmail Tetik Anadolu Lisesi,972367,Anadolu Lisesi,https://ismailtetik.meb.k12.tr,,,https://ismailtetik.meb.k12.tr/tema/harita.php,2026-08-31,601,601,bulundu,https://ismailtetik.meb.k12.tr/,2026-10-01T18:45:20.212981+00:00,,Öğrenci Sayısı : 601
Eskişehir,Odunpazarı,Taptuk Emre Ortaokulu,709970,Ortaokul,https://taptukemreoo.meb.k12.tr,,,https://taptukemreoo.meb.k12.tr/tema/harita.php,2026-08-31,42,42,bulundu,https://taptukemreoo.meb.k12.tr/,2026-10-01T18:45:20.675782+00:00,,Öğrenci Sayısı : 42
Eskişehir,Odunpazarı,Ticaret Borsası Ortaokulu,746604,Ortaokul,https://eskisehirticaretborsasiortaokulu.meb.k12.tr,,,https://eskisehirticaretborsasiortaokulu.meb.k12.tr/tema/harita.php,2026-08-31,298,298,bulundu,https://eskisehirticaretborsasiortaokulu.meb.k12.tr/,2026-10-01T18:45:20.723303+00:00,,Öğrenci Sayısı : 298
Eskişehir,Odunpazarı,Ticaret Borsası İmam Hatip Ortaokulu,764071,İmam Hatip Ortaokulu,https://ticaretborsasiiho.meb.k12.tr,,,https://ticaretborsasiiho.meb.k12.tr/tema/harita.php,2026-08-31,82,82,bulundu,https://ticaretborsasiiho.meb.k12.tr/,2026-10-01T18:45:20.828171+00:00,,Öğrenci Sayısı : 82
Eskişehir,Odunpazarı,Turgut Reis Mesleki ve Teknik Anadolu Lisesi,967489,Mesleki ve Teknik Anadolu Lisesi,https://turgutreiseml.meb.k12.tr,,,https://turgutreiseml.meb.k12.tr/tema/harita.php,2026-08-31,1106,1106,bulundu,https://turgutreiseml.meb.k12.tr/,2026-10-01T18:45:20.856933+00:00,,Öğrenci Sayısı 1106
Eskişehir,Odunpazarı,Türk Telekom Mesleki ve Teknik Anadolu Lisesi,967490,Mesleki ve Teknik Anadolu Lisesi,https://turktelekomeml26.meb.k12.tr,,,https://turktelekomeml26.meb.k12.tr/tema/harita.php,2026-08-31,574,574,bulundu,https://turktelekomeml26.meb.k12.tr/tema/okulumuz_hakkinda.php,2026-10-01T18:45:20.909044+00:00,,Öğrenci : 574
Eskişehir,Odunpazarı,Türkiye Futbol Federasyonu Özel Eğitim Anaokulu,763768,Anaokulu,https://tffozelegitimanaokulu.meb.k12.tr,,,https://tffozelegitimanaokulu.meb.k12.tr/tema/harita.php,2026-08-31,53,53,bulundu,https://tffozelegitimanaokulu.meb.k12.tr/,2026-10-01T18:45:20.911005+00:00,,Öğrenci Sayısı : 53
Eskişehir,Odunpazarı,Türkmentokat İlkokulu,712381,İlkokul,https://turkmentokat_ilkokulu.meb.k12.tr,,,https://turkmentokat_ilkokulu.meb.k12.tr/tema/harita.php,2026-08-31,,,bulunamadi,,2026-10-01T18:45:20.911866+00:00,,
Eskişehir,Odunpazarı,Ufuk`un Nebi Özel Eğitim Anaokulu,775263,Anaokulu,https://ufukunnebi.meb.k12.tr,,,https://ufukunnebi.meb.k12.tr/tema/harita.php,2026-08-31,40,40,bulundu,https://ufukunnebi.meb.k12.tr/,2026-10-01T18:45:20.940010+00:00,,Öğrenci Sayısı : 40
Eskişehir,Odunpazarı,Vali Ali Fuat Güven İlkokulu,887969,İlkokul,https://vafgilkokulu.meb.k12.tr,,,https://vafgilkokulu.meb.k12.tr/tema/harita.php,2026-08-31,934,934,bulundu,https://vafgilkokulu.meb.k12.tr/,2026-10-01T18:45:21.000078+00:00,,Öğrenci Sayısı 934
Eskişehir,Odunpazarı,Vali Mehmet Kılıçlar Anaokulu,974046,Anaokulu,https://vmehmetk.meb.k12.tr,,,https://vmehmetk.meb.k12.tr/tema/harita.php,2026-08-31,182,182,bulundu,https://vmehmetk.meb.k12.tr/,2026-10-01T18:45:21.049112+00:00,,Öğrenci Sayısı 182
Eskişehir,Odunpazarı,Vali Münir Raif Güney İlkokulu,703861,İlkokul,https://valimunirraifguney.meb.k12.tr,,,https://valimunirraifguney.meb.k12.tr/tema/harita.php,2026-08-31,637,637,bulundu,https://valimunirraifguney.meb.k12.tr/,2026-10-01T18:45:21.052061+00:00,,Öğrenci Sayısı : 637
Eskişehir,Odunpazarı,Vali Sami Sönmez İlkokulu,853277,İlkokul,https://vss.meb.k12.tr,,,https://vss.meb.k12.tr/tema/harita.php,2026-08-31,541,541,bulundu,https://vss.meb.k12.tr/,2026-10-01T18:45:21.650884+00:00,,Öğrenci Sayısı : 541
Eskişehir,Odunpazarı,Valide Malhatun Anaokulu,767675,Anaokulu,https://validemalhatun.meb.k12.tr,,,https://validemalhatun.meb.k12.tr/tema/harita.php,2026-08-31,301,301,bulundu,https://validemalhatun.meb.k12.tr/,2026-10-01T18:45:21.673306+00:00,,Öğrenci Sayısı: 301
Eskişehir,Odunpazarı,Yazılıkaya Anaokulu,777169,Anaokulu,https://777169.meb.k12.tr,,,https://777169.meb.k12.tr/tema/harita.php,2026-08-31,166,166,bulundu,https://777169.meb.k12.tr/,2026-10-01T18:45:21.709972+00:00,,Öğrenci Sayısı : 166
Eskişehir,Odunpazarı,Yunus Emre İmam Hatip Ortaokulu,768128,İmam Hatip Ortaokulu,https://yemre.meb.k12.tr,,,https://yemre.meb.k12.tr/tema/harita.php,2026-08-31,212,212,bulundu,https://yemre.meb.k12.tr/,2026-10-01T18:45:21.789041+00:00,,Öğrenci Sayısı 212
Eskişehir,Odunpazarı,Yunusemre İlkokulu,968637,İlkokul,https://eskyemre.meb.k12.tr,,,https://eskyemre.meb.k12.tr/tema/harita.php,2026-08-31,207,207,bulundu,https://eskyemre.meb.k12.tr/tema/okulumuz_hakkinda.php,2026-10-01T18:45:21.830194+00:00,,Öğrenci : 207
Eskişehir,Odunpazarı,Yunuskent Anaokulu,967597,Anaokulu,https://yunuskentanaokulu26.meb.k12.tr,,,https://yunuskentanaokulu26.meb.k12.tr/tema/harita.php,2026-08-31,208,208,bulundu,https://yunuskentanaokulu26.meb.k12.tr/,2026-10-01T18:45:21.937394+00:00,,Öğrenci Sayısı : 208
Eskişehir,Odunpazarı,Yıldırım Beyazıt İlkokulu,746605,İlkokul,https://yildirimbayezitilkokulu.meb.k12.tr,,,https://yildirimbayezitilkokulu.meb.k12.tr/tema/harita.php,2026-08-31,1155,1155,bulundu,https://yildirimbayezitilkokulu.meb.k12.tr/,2026-10-01T18:45:21.958119+00:00,,Öğrenci Sayısı : 1155
Eskişehir,Odunpazarı,Zehra Sarar Anaokulu,970193,Anaokulu,https://zehrasarar.meb.k12.tr,,,https://zehrasarar.meb.k12.tr/tema/harita.php,2026-08-31,230,230,bulundu,https://zehrasarar.meb.k12.tr/,2026-10-01T18:45:22.065452+00:00,,Öğrenci Sayısı : 230
Eskişehir,Odunpazarı,Zübeyde Hanım Anaokulu,763785,Anaokulu,https://zubeydehanimanaokulu26.meb.k12.tr,,,https://zubeydehanimanaokulu26.meb.k12.tr/tema/harita.php,2026-08-31,152,152,bulundu,https://zubeydehanimanaokulu26.meb.k12.tr/,2026-10-01T18:45:22.411325+00:00,,Öğrenci Sayısı: 152
Eskişehir,Odunpazarı,Zübeyde Hanım Özel Eğitim Anaokulu,776048,Anaokulu,https://zubeydehanimozelegitim.meb.k12.tr,,,https://zubeydehanimozelegitim.meb.k12.tr/tema/harita.php,2026-08-31,39,39,bulundu,https://zubeydehanimozelegitim.meb.k12.tr/,2026-10-01T18:45:22.459868+00:00,,Öğrenci Sayısı : 39
Eskişehir,Odunpazarı,Zübeyde Hanım İlkokulu,968613,İlkokul,https://zhanim26.meb.k12.tr,,,https://zhanim26.meb.k12.tr/tema/harita.php,2026-08-31,194,194,bulundu,https://zhanim26.meb.k12.tr/,2026-10-01T18:45:22.491438+00:00,,Öğrenci Sayısı : 194
Eskişehir,Odunpazarı,Özkan Halaç Özel Eğitim Meslek Okulu,747244,Özel Eğitim Kurumu,https://ozkanhalac.meb.k12.tr,,,https://ozkanhalac.meb.k12.tr/tema/harita.php,2026-08-31,,,bulunamadi,,2026-10-01T18:45:22.656866+00:00,,
Eskişehir,Odunpazarı,Öğretmen Esra Akkaya Anaokulu,967596,Anaokulu,https://esraakkaya.meb.k12.tr,,,https://esraakkaya.meb.k12.tr/tema/harita.php,2026-08-31,268,268,bulundu,https://esraakkaya.meb.k12.tr/,2026-10-01T18:45:22.695194+00:00,,Öğrenci Sayısı: 268
Eskişehir,Odunpazarı,İbrahim Karaoğlanoğlu İlkokulu,710127,İlkokul,https://ikaraoglanoglu.meb.k12.tr,,,https://ikaraoglanoglu.meb.k12.tr/tema/harita.php,2026-08-31,605,605,bulundu,https://ikaraoglanoglu.meb.k12.tr/,2026-10-01T18:45:22.723821+00:00,,Öğrenci Sayısı 605
Eskişehir,Odunpazarı,İbrahim Kurşungöz Rehberlik ve Araştırma Merkezi,967447,Rehberlik ve Araştırma Merkezi,https://ibrahimkursungozram.meb.k12.tr,,,https://ibrahimkursungozram.meb.k12.tr/tema/harita.php,2026-08-31,,,bulunamadi,,2026-10-01T18:45:22.965796+00:00,,
Eskişehir,Odunpazarı,İlhan Ünügür İlkokulu,708129,İlkokul,https://ilhanunugurilkokulu.meb.k12.tr,,,https://ilhanunugurilkokulu.meb.k12.tr/tema/harita.php,2026-08-31,638,638,bulundu,https://ilhanunugurilkokulu.meb.k12.tr/,2026-10-01T18:45:22.975986+00:00,,Öğrenci Sayısı 638
Eskişehir,Odunpazarı,İsmet İnönü İlkokulu,853475,İlkokul,https://ismetinonu26.meb.k12.tr,,,https://ismetinonu26.meb.k12.tr/tema/harita.php,2026-08-31,437,437,bulundu,https://ismetinonu26.meb.k12.tr/,2026-10-01T18:45:22.979556+00:00,,Öğrenci Sayısı 437
Eskişehir,Odunpazarı,Şehit Ali Gaffar Okkan Ortaokulu,708319,Ortaokul,https://gaffarokkanortaokulu.meb.k12.tr,,,https://gaffarokkanortaokulu.meb.k12.tr/tema/harita.php,2026-08-31,1040,1040,bulundu,https://gaffarokkanortaokulu.meb.k12.tr/,2026-10-01T18:45:23.060117+00:00,,Öğrenci Sayısı : 1040
Eskişehir,Odunpazarı,Şehit Fazıl Yıldırım Anadolu Lisesi,971622,Anadolu Lisesi,https://fyal.meb.k12.tr,,,https://fyal.meb.k12.tr/tema/harita.php,2026-08-31,360,360,bulundu,https://fyal.meb.k12.tr/,2026-10-01T18:45:23.115336+00:00,,Öğrenci Sayısı 360
Eskişehir,Odunpazarı,Şehit Güngören Bostan Ortaokulu,709963,Ortaokul,https://kirec-orta.meb.k12.tr,,,https://kirec-orta.meb.k12.tr/tema/harita.php,2026-08-31,59,59,bulundu,https://kirec-orta.meb.k12.tr/,2026-10-01T18:45:23.124158+00:00,,Öğrenci Sayısı: 59
Eskişehir,Odunpazarı,Şehit Hasan Önal Kız Mesleki ve Teknik Anadolu Lisesi,967735,Mesleki ve Teknik Anadolu Lisesi,https://sehithasanonal.meb.k12.tr,,,https://sehithasanonal.meb.k12.tr/tema/harita.php,2026-08-31,517,517,bulundu,https://sehithasanonal.meb.k12.tr/,2026-10-01T18:45:23.149180+00:00,,Öğrenci Sayısı 517
Eskişehir,Odunpazarı,Şehit Mehmet Taş İlkokulu,712368,İlkokul,https://sehitmehmettas.meb.k12.tr,,,https://sehitmehmettas.meb.k12.tr/tema/harita.php,2026-08-31,327,327,bulundu,https://sehitmehmettas.meb.k12.tr/,2026-10-01T18:45:23.379928+00:00,,Öğrenci Sayısı 327
Eskişehir,Odunpazarı,Şehit Mustafa Özdemir Ortaokulu,776482,Ortaokul,https://sehitmustafaozdemirortaokulu.meb.k12.tr,,,https://sehitmustafaozdemirortaokulu.meb.k12.tr/tema/harita.php,2026-08-31,382,382,bulundu,https://sehitmustafaozdemirortaokulu.meb.k12.tr/,2026-10-01T18:45:23.510085+00:00,,Öğrenci Sayısı : 382
Eskişehir,Odunpazarı,Şehit Onur Yeşil Ortaokulu,970800,Ortaokul,https://onuryesil.meb.k12.tr,,,https://onuryesil.meb.k12.tr/tema/harita.php,2026-08-31,530,530,bulundu,https://onuryesil.meb.k12.tr/,2026-10-01T18:45:23.566447+00:00,,Öğrenci Sayısı 530
Eskişehir,Odunpazarı,Şehit Onur İlkhan İlkokulu,703679,İlkokul,https://sehitonurilkhan.meb.k12.tr,,,https://sehitonurilkhan.meb.k12.tr/tema/harita.php,2026-08-31,,,bulunamadi,,2026-10-01T18:45:23.569056+00:00,,
Eskişehir,Odunpazarı,Şehit Serkan Özaydın İlkokulu,766198,İlkokul,https://sehitserkanozaydinilkokulu.meb.k12.tr,,,https://sehitserkanozaydinilkokulu.meb.k12.tr/tema/harita.php,2026-08-31,194,194,bulundu,https://sehitserkanozaydinilkokulu.meb.k12.tr/,2026-10-01T18:45:23.726173+00:00,,Öğrenci Sayısı : 194
Eskişehir,Odunpazarı,Şehit Yalçın Baykuş İlkokulu,748545,İlkokul,https://sehityalcinbaykus.meb.k12.tr,,,https://sehityalcinbaykus.meb.k12.tr/tema/harita.php,2026-08-31,768,768,bulundu,https://sehityalcinbaykus.meb.k12.tr/,2026-10-01T18:45:23.828752+00:00,,Öğrenci Sayısı 768
Eskişehir,Odunpazarı,Şehit Yunus Baykal Ortaokulu,968614,Ortaokul,https://shyunusbaykal.meb.k12.tr,,,https://shyunusbaykal.meb.k12.tr/tema/harita.php,2026-08-31,508,508,bulundu,https://shyunusbaykal.meb.k12.tr/,2026-10-01T18:45:23.838123+00:00,,Öğrenci Sayısı 508
Eskişehir,Odunpazarı,Şehit Yusuf Tuna Güzey İlkokulu,724113,İlkokul,https://sehityusuftunaguzeyilkokulu.meb.k12.tr,,,https://sehityusuftunaguzeyilkokulu.meb.k12.tr/tema/harita.php,2026-08-31,915,915,bulundu,https://sehityusuftunaguzeyilkokulu.meb.k12.tr/,2026-10-01T18:45:23.909038+00:00,,Öğrenci Sayısı 915
Eskişehir,Odunpazarı,Şehit Önder Arslan Ortaokulu,703727,Ortaokul,https://skoo26.meb.k12.tr,,,https://skoo26.meb.k12.tr/tema/harita.php,2026-08-31,403,403,bulundu,https://skoo26.meb.k12.tr/,2026-10-01T18:45:24.077576+00:00,,Öğrenci Sayısı : 403
Eskişehir,Odunpazarı,Şehit Şevket Tombul Anadolu Lisesi,777326,Anadolu Lisesi,https://sehitsevkettombulanadolulisesi.meb.k12.tr,,,https://sehitsevkettombulanadolulisesi.meb.k12.tr/tema/harita.php,2026-08-31,295,295,bulundu,https://sehitsevkettombulanadolulisesi.meb.k12.tr/,2026-10-01T18:45:24.081752+00:00,,Öğrenci Sayısı : 295
Eskişehir,Odunpazarı,Şeker İlkokulu,708334,İlkokul,https://eskisehirsekerilkokulu.meb.k12.tr,,,https://eskisehirsekerilkokulu.meb.k12.tr/tema/harita.php,2026-08-31,590,590,bulundu,https://eskisehirsekerilkokulu.meb.k12.tr/,2026-10-01T18:45:24.085213+00:00,,Öğrenci Sayısı 590
Eskişehir,Sarıcakaya,Beyköy İlkokulu,770655,İlkokul,https://770655.meb.k12.tr,,,https://770655.meb.k12.tr/tema/harita.php,2026-08-31,17,17,bulundu,https://770655.meb.k12.tr/,2026-10-01T18:45:24.178287+00:00,,Öğrenci Sayısı : 17
Eskişehir,Sarıcakaya,Düzköy İlkokulu,704460,İlkokul,https://duzkoy26.meb.k12.tr,,,https://duzkoy26.meb.k12.tr/tema/harita.php,2026-08-31,6,6,bulundu,https://duzkoy26.meb.k12.tr/,2026-10-01T18:45:24.266562+00:00,,Öğrenci Sayısı 6
Eskişehir,Sarıcakaya,Fatih İlkokulu,704477,İlkokul,https://saricakayafatihilkokulu.meb.k12.tr,,,https://saricakayafatihilkokulu.meb.k12.tr/tema/harita.php,2026-08-31,122,122,bulundu,https://saricakayafatihilkokulu.meb.k12.tr/tema/okulumuz_hakkinda.php,2026-10-01T18:45:24.273617+00:00,,Öğrenci : 122
Eskişehir,Sarıcakaya,Kapıkaya İlkokulu,770654,İlkokul,https://770654.meb.k12.tr,,,https://770654.meb.k12.tr/tema/harita.php,2026-08-31,,,bulunamadi,,2026-10-01T18:45:24.335837+00:00,,
Eskişehir,Sarıcakaya,Laçin Şehit Ali Uysal İlkokulu,704503,İlkokul,https://lacinilkokulu.meb.k12.tr,,,https://lacinilkokulu.meb.k12.tr/tema/harita.php,2026-08-31,39,39,bulundu,https://lacinilkokulu.meb.k12.tr/,2026-10-01T18:45:24.583657+00:00,,Öğrenci Sayısı: 39
Eskişehir,Sarıcakaya,Sarıcakaya Anadolu İmam Hatip Lisesi,148943,Anadolu İmam Hatip Lisesi,https://saricakayaihl.meb.k12.tr,,,https://saricakayaihl.meb.k12.tr/tema/harita.php,2026-08-31,48,48,bulundu,https://saricakayaihl.meb.k12.tr/,2026-10-01T18:45:24.614026+00:00,,Öğrenci Sayısı : 48
Eskişehir,Sarıcakaya,Sarıcakaya Anaokulu,747193,Anaokulu,https://saricakayaanaokulu.meb.k12.tr,,,https://saricakayaanaokulu.meb.k12.tr/tema/harita.php,2026-08-31,39,39,bulundu,https://saricakayaanaokulu.meb.k12.tr/,2026-10-01T18:45:24.743867+00:00,,Öğrenci Sayısı: 39
Eskişehir,Sarıcakaya,Sarıcakaya Borsa İstanbul Halk Eğitimi Merkezi,148955,Halk Eğitimi Merkezi,https://saricakayahem.meb.k12.tr,,,https://saricakayahem.meb.k12.tr/tema/harita.php,2026-08-31,,,bulunamadi,,2026-10-01T18:45:25.007815+00:00,,