İzmir,Karşıyaka,Fatma Neşe Kaya ilkokulu,768739,İlkokul,https://fatmanesekaya.meb.k12.tr,,,https://fatmanesekaya.meb.k12.tr/tema/harita.php,2026-08-31,742,742,bulundu,https://fatmanesekaya.meb.k12.tr/,2026-10-01T19:30:21.937993+00:00,,Öğrenci Sayısı 742
İzmir,Karşıyaka,Fevzipaşa Ortaokulu,853429,Ortaokul,https://fevzipasaoo.meb.k12.tr,,,https://fevzipasaoo.meb.k12.tr/tema/harita.php,2026-08-31,755,755,bulundu,https://fevzipasaoo.meb.k12.tr/,2026-10-01T19:30:21.940835+00:00,,Öğrenci Sayısı 755
İzmir,Karşıyaka,Fuat Köprülü İlkokulu,628021,İlkokul,https://fkoprulu.meb.k12.tr,,,https://fkoprulu.meb.k12.tr/tema/harita.php,2026-08-31,130,130,bulundu,https://fkoprulu.meb.k12.tr/,2026-10-01T19:30:21.969868+00:00,,Öğrenci Sayısı 130
İzmir,Karşıyaka,Gazi Anadolu Lisesi,973819,Anadolu Lisesi,https://karsiyakagal.meb.k12.tr,,,https://karsiyakagal.meb.k12.tr/tema/harita.php,2026-08-31,663,663,bulundu,https://karsiyakagal.meb.k12.tr/,2026-10-01T19:30:22.340287+00:00,,Öğrenci Sayısı : 663
İzmir,Karşıyaka,Gülsefa Firdevs Kapancıoğlu İlkokulu,976816,İlkokul,https://gulsafafirdevsilkokulu.meb.k12.tr,,,https://gulsafafirdevsilkokulu.meb.k12.tr/tema/harita.php,2026-08-31,540,540,bulundu,https://gulsafafirdevsilkokulu.meb.k12.tr/,2026-10-01T19:30:22.546218+00:00,,Öğrenci Sayısı : 540
İzmir,Karşıyaka,Hamdullah Suphi Tanrıöver Ortaokulu,887615,Ortaokul,https://izmirhamdullahsuphi.meb.k12.tr,,,https://izmirhamdullahsuphi.meb.k12.tr/tema/harita.php,2026-08-31,953,953,bulundu,https://izmirhamdullahsuphi.meb.k12.tr/,2026-10-01T19:30:22.562571+00:00,,Öğrenci Sayısı : 953
İzmir,Karşıyaka,Hasan Kaya Özel Eğitim Anaokulu,748885,Anaokulu,https://hasankayaieao.meb.k12.tr,,,https://hasankayaieao.meb.k12.tr/tema/harita.php,2026-08-31,51,51,bulundu,https://hasankayaieao.meb.k12.tr/,2026-10-01T19:30:22.612166+00:00,,Öğrenci Sayısı: 51
İzmir,Karşıyaka,Hasan Pınarcalı Ortaokulu,887543,Ortaokul,https://hasanpinarcali.meb.k12.tr,,,https://hasanpinarcali.meb.k12.tr/tema/harita.php,2026-08-31,771,771,bulundu,https://hasanpinarcali.meb.k12.tr/,2026-10-01T19:30:22.626238+00:00,,Öğrenci Sayısı : 771
İzmir,Karşıyaka,Hayri Özmeriç İlkokulu,729042,İlkokul,https://ehoilkokulu.meb.k12.tr,,,https://ehoilkokulu.meb.k12.tr/tema/harita.php,2026-08-31,106,106,bulundu,https://ehoilkokulu.meb.k12.tr/,2026-10-01T19:30:22.887391+00:00,,Öğrenci Sayısı : 106
İzmir,Karşıyaka,Kaptan Altay Altuğ İlkokulu,766004,İlkokul,https://kaptanaltayaltug.meb.k12.tr,,,https://kaptanaltayaltug.meb.k12.tr/tema/harita.php,2026-08-31,597,597,bulundu,https://kaptanaltayaltug.meb.k12.tr/,2026-10-01T19:30:22.900513+00:00,,Öğrenci Sayısı 597
İzmir,Karşıyaka,Karşıyaka Atakent Anadolu Lisesi,456066,Anadolu Lisesi,https://atakental.meb.k12.tr,,,https://atakental.meb.k12.tr/tema/harita.php,2026-08-31,849,849,bulundu,https://atakental.meb.k12.tr/,2026-10-01T19:30:22.965532+00:00,,Öğrenci Sayısı : 849
İzmir,Karşıyaka,Karşıyaka Atakent Aysel Salih Baysak Anaokulu,973361,Anaokulu,https://ayselsalihbaysakanaokulu.meb.k12.tr,,,https://ayselsalihbaysakanaokulu.meb.k12.tr/tema/harita.php,2026-08-31,192,192,bulundu,https://ayselsalihbaysakanaokulu.meb.k12.tr/,2026-10-01T19:30:22.974417+00:00,,Öğrenci Sayısı 192
İzmir,Karşıyaka,Karşıyaka Behçet Uz Anadolu Lisesi,964086,Anadolu Lisesi,https://bual.meb.k12.tr,,,https://bual.meb.k12.tr/tema/harita.php,2026-08-31,293,293,bulundu,https://bual.meb.k12.tr/,2026-10-01T19:30:23.132102+00:00,,Öğrenci Sayısı : 293
İzmir,Karşıyaka,Karşıyaka Bilim ve Sanat Merkezi,769037,Bilim ve Sanat Merkezi,https://karsiyakabilsem.meb.k12.tr,,,https://karsiyakabilsem.meb.k12.tr/tema/harita.php,2026-08-31,394,394,bulundu,https://karsiyakabilsem.meb.k12.tr/,2026-10-01T19:30:23.156963+00:00,,Öğrenci Sayısı : 394
İzmir,Karşıyaka,Karşıyaka Cihat Kora Anadolu Lisesi,964085,Anadolu Lisesi,https://ckal.meb.k12.tr,,,https://ckal.meb.k12.tr/tema/harita.php,2026-08-31,723,723,bulundu,https://ckal.meb.k12.tr/,2026-10-01T19:30:23.184805+00:00,,Öğrenci Sayısı : 723
İzmir,Karşıyaka,Karşıyaka Halk Eğitimi Merkezi,165360,Halk Eğitimi Merkezi,https://karsiyakahem.meb.k12.tr,,,https://karsiyakahem.meb.k12.tr/tema/harita.php,2026-08-31,,,bulunamadi,,2026-10-01T19:30:23.190171+00:00,,
İzmir,Karşıyaka,Karşıyaka Havva Özişbakan Mesleki ve Teknik Anadolu Lisesi,745826,Mesleki ve Teknik Anadolu Lisesi,https://havvaozisbakanmtal.meb.k12.tr,,,https://havvaozisbakanmtal.meb.k12.tr/tema/harita.php,2026-08-31,698,698,bulundu,https://havvaozisbakanmtal.meb.k12.tr/,2026-10-01T19:30:23.255134+00:00,,Öğrenci Sayısı 698
İzmir,Karşıyaka,Karşıyaka Lisesi,964083,Lise,https://ikl.meb.k12.tr,,,https://ikl.meb.k12.tr/tema/harita.php,2026-08-31,939,939,bulundu,https://ikl.meb.k12.tr/,2026-10-01T19:30:23.273971+00:00,,Öğrenci Sayısı : 939
İzmir,Karşıyaka,Karşıyaka Mesleki Eğitim Merkezi,776506,Mesleki Eğitim Merkezi,https://karsiyakamesem.meb.k12.tr,,,https://karsiyakamesem.meb.k12.tr/tema/harita.php,2026-08-31,852,852,bulundu,https://karsiyakamesem.meb.k12.tr/,2026-10-01T19:30:23.307629+00:00,,Öğrenci Sayısı : 852
İzmir,Karşıyaka,Karşıyaka Mustafa Kaya Spor Ortaokulu,775554,Ortaokul,https://mustafakayasporortaokulu.meb.k12.tr,,,https://mustafakayasporortaokulu.meb.k12.tr/tema/harita.php,2026-08-31,69,69,bulundu,https://mustafakayasporortaokulu.meb.k12.tr/,2026-10-01T19:30:23.334245+00:00,,Öğrenci Sayısı : 69
İzmir,Karşıyaka,Karşıyaka Necip Demir Ticaret Mesleki ve Teknik Anadolu Lisesi,165347,Mesleki ve Teknik Anadolu Lisesi,https://karsiyakanecipdemirticaret.meb.k12.tr,,,https://karsiyakanecipdemirticaret.meb.k12.tr/tema/harita.php,2026-08-31,621,621,bulundu,https://karsiyakanecipdemirticaret.meb.k12.tr/,2026-10-01T19:30:23.603582+00:00,,Öğrenci Sayısı 621
İzmir,Karşıyaka,Karşıyaka Ortaokulu,976725,Ortaokul,https://karsiyakaortaokulu.meb.k12.tr,,,https://karsiyakaortaokulu.meb.k12.tr/tema/harita.php,2026-08-31,,,bulunamadi,,2026-10-01T19:30:23.756770+00:00,,
İzmir,Karşıyaka,Karşıyaka Rehberlik ve Araştırma Merkezi,241488,Rehberlik ve Araştırma Merkezi,https://karsiyakaram.meb.k12.tr,,,https://karsiyakaram.meb.k12.tr/tema/harita.php,2026-08-31,,,bulunamadi,,2026-10-01T19:30:23.854187+00:00,,
İzmir,Karşıyaka,Karşıyaka Suzan Divrik Mesleki ve Teknik Anadolu Lisesi,301895,Mesleki ve Teknik Anadolu Lisesi,https://suzandivrikktml.meb.k12.tr,,,https://suzandivrikktml.meb.k12.tr/tema/harita.php,2026-08-31,974,974,bulundu,https://suzandivrikktml.meb.k12.tr/,2026-10-01T19:30:23.885970+00:00,,Öğrenci Sayısı 974
İzmir,Karşıyaka,Karşıyaka Zeki Şairoğlu Mesleki ve Teknik Anadolu Lisesi,758755,Mesleki ve Teknik Anadolu Lisesi,https://zekisairoglumtal.meb.k12.tr,,,https://zekisairoglumtal.meb.k12.tr/tema/harita.php,2026-08-31,542,542,bulundu,https://zekisairoglumtal.meb.k12.tr/,2026-10-01T19:30:23.952241+00:00,,Öğrenci Sayısı : 542
İzmir,Karşıyaka,Karşıyaka Özel Eğitim Meslek Okulu,747250,Özel Eğitim Kurumu,https://karsiyakamesemer.meb.k12.tr,,,https://karsiyakamesemer.meb.k12.tr/tema/harita.php,2026-08-31,101,101,bulundu,https://karsiyakamesemer.meb.k12.tr/,2026-10-01T19:30:24.107240+00:00,,Öğrenci Sayısı 101
İzmir,Karşıyaka,Karşıyaka Özel Yürekler Halk Eğitimi Merkezi,772093,Halk Eğitimi Merkezi,https://772093.meb.k12.tr,,,https://772093.meb.k12.tr/tema/harita.php,2026-08-31,,,bulunamadi,,2026-10-01T19:30:24.143701+00:00,,
İzmir,Karşıyaka,Karşıyaka İmam Hatip Ortaokulu,749043,İmam Hatip Ortaokulu,https://karsiyakaimamhatiportaokulu.meb.k12.tr,,,https://karsiyakaimamhatiportaokulu.meb.k12.tr/tema/harita.php,2026-08-31,308,308,bulundu,https://karsiyakaimamhatiportaokulu.meb.k12.tr/,2026-10-01T19:30:24.160787+00:00,,Öğrenci Sayısı 308
İzmir,Karşıyaka,Kazım Dirik Anadolu Lisesi,767458,Anadolu Lisesi,https://kazimdirikanadolulisesi.meb.k12.tr,,,https://kazimdirikanadolulisesi.meb.k12.tr/tema/harita.php,2026-08-31,467,467,bulundu,https://kazimdirikanadolulisesi.meb.k12.tr/,2026-10-01T19:30:24.164812+00:00,,Öğrenci Sayısı : 467
İzmir,Karşıyaka,Lamia Karer Ortaokulu,763835,Ortaokul,https://lamiakarerortaokulu.meb.k12.tr,,,https://lamiakarerortaokulu.meb.k12.tr/tema/harita.php,2026-08-31,158,158,bulundu,https://lamiakarerortaokulu.meb.k12.tr/tema/okulumuz_hakkinda.php,2026-10-01T19:30:24.190562+00:00,,Öğrenci : 158
İzmir,Karşıyaka,Lamia Karer İlkokulu,715561,İlkokul,https://lamiakarerio.meb.k12.tr,,,https://lamiakarerio.meb.k12.tr/tema/harita.php,2026-08-31,162,162,bulundu,https://lamiakarerio.meb.k12.tr/,2026-10-01T19:30:24.230075+00:00,,Öğrenci Sayısı : 162
İzmir,Karşıyaka,Mavişehir İlkokulu,729860,İlkokul,https://mavisehirilkokulu.meb.k12.tr,,,https://mavisehirilkokulu.meb.k12.tr/tema/harita.php,2026-08-31,1043,1043,bulundu,https://mavisehirilkokulu.meb.k12.tr/tema/okulumuz_hakkinda.php,2026-10-01T19:30:24.232322+00:00,,Öğrenci : 1043
İzmir,Karşıyaka,Mehmet Ali Lahur Anadolu Lisesi,767152,Anadolu Lisesi,https://mehmetalilahural.meb.k12.tr,,,https://mehmetalilahural.meb.k12.tr/tema/harita.php,2026-08-31,,,bulunamadi,,2026-10-01T19:30:24.434483+00:00,,
İzmir,Karşıyaka,Mehmet Seniye Özbey İlkokulu,888107,İlkokul,https://mehmetseniye.meb.k12.tr,,,https://mehmetseniye.meb.k12.tr/tema/harita.php,2026-08-31,,,bulunamadi,,2026-10-01T19:30:24.464740+00:00,,
İzmir,Karşıyaka,Metin Aşıkoğlu Ortaokulu,879433,Ortaokul,https://metinaoo.meb.k12.tr,,,https://metinaoo.meb.k12.tr/tema/harita.php,2026-08-31,791,791,bulundu,https://metinaoo.meb.k12.tr/,2026-10-01T19:30:24.475033+00:00,,Öğrenci Sayısı : 791
İzmir,Karşıyaka,Mirza Nil İlkokulu,715607,İlkokul,https://mirzanililkokulu.meb.k12.tr,,,https://mirzanililkokulu.meb.k12.tr/tema/harita.php,2026-08-31,175,175,bulundu,https://mirzanililkokulu.meb.k12.tr/,2026-10-01T19:30:24.527671+00:00,,Öğrenci Sayısı 175
İzmir,Karşıyaka,Muhsin Yazıcıoğlu Anadolu İmam Hatip Lisesi,764676,Anadolu İmam Hatip Lisesi,https://muhsinyaziciogluaihl.meb.k12.tr,,,https://muhsinyaziciogluaihl.meb.k12.tr/tema/harita.php,2026-08-31,134,134,bulundu,https://muhsinyaziciogluaihl.meb.k12.tr/tema/okulumuz_hakkinda.php,2026-10-01T19:30:24.537872+00:00,,Öğrenci : 134
İzmir,Karşıyaka,Mustafa Kaya Spor Lisesi,774368,Spor Lisesi,https://mustafakayasporlisesi.meb.k12.tr,,,https://mustafakayasporlisesi.meb.k12.tr/tema/harita.php,2026-08-31,477,477,bulundu,https://mustafakayasporlisesi.meb.k12.tr/,2026-10-01T19:30:24.883145+00:00,,Öğrenci Sayısı : 477
İzmir,Karşıyaka,Mustafa Reşitpaşa İlkokulu,288634,İlkokul,https://mrpilkokulu.meb.k12.tr,,,https://mrpilkokulu.meb.k12.tr/tema/harita.php,2026-08-31,388,388,bulundu,https://mrpilkokulu.meb.k12.tr/,2026-10-01T19:30:24.943084+00:00,,Öğrenci Sayısı 388
İzmir,Karşıyaka,Mürşide Akyüz İlkokulu,887866,İlkokul,https://mursideakyuzio.meb.k12.tr,,,https://mursideakyuzio.meb.k12.tr/tema/harita.php,2026-08-31,,,bulunamadi,,2026-10-01T19:30:24.954690+00:00,,
İzmir,Karşıyaka,Mürşide Altınçubuk Ortaokulu,716202,Ortaokul,https://maltincubuk.meb.k12.tr,,,https://maltincubuk.meb.k12.tr/tema/harita.php,2026-08-31,361,361,bulundu,https://maltincubuk.meb.k12.tr/,2026-10-01T19:30:24.998287+00:00,,Öğrenci Sayısı : 361
İzmir,Karşıyaka,Nebahat Alparslan Karadavut İlkokulu,752984,İlkokul,https://nebahatalparslankaradavutio.meb.k12.tr,,,https://nebahatalparslankaradavutio.meb.k12.tr/tema/harita.php,2026-08-31,893,893,bulundu,https://nebahatalparslankaradavutio.meb.k12.tr/,2026-10-01T19:30:25.025982+00:00,,Öğrenci Sayısı : 893
İzmir,Karşıyaka,Nezahat Ertan Anaokulu,966381,Anaokulu,https://nezahatertananaokulu.meb.k12.tr,,,https://nezahatertananaokulu.meb.k12.tr/tema/harita.php,2026-08-31,138,138,bulundu,https://nezahatertananaokulu.meb.k12.tr/tema/okulumuz_hakkinda.php,2026-10-01T19:30:25.060315+00:00,,Öğrenci : 138
İzmir,Karşıyaka,Nurettin Topçu Ortaokulu,768725,Ortaokul,https://768725.meb.k12.tr,,,https://768725.meb.k12.tr/tema/harita.php,2026-08-31,0,0,bulundu,https://768725.meb.k12.tr/,2026-10-01T19:30:25.147234+00:00,,Öğrenci Sayısı : 0
İzmir,Karşıyaka,Nuriye Işıkdoğdu Anaokulu,752299,Anaokulu,https://izmirkarsiyakaanaokulu.meb.k12.tr,,,https://izmirkarsiyakaanaokulu.meb.k12.tr/tema/harita.php,2026-08-31,213,213,bulundu,https://izmirkarsiyakaanaokulu.meb.k12.tr/,2026-10-01T19:30:25.210803+00:00,,Öğrenci Sayısı: 213
İzmir,Karşıyaka,Polat Çelikdemir Anaokulu,974478,Anaokulu,https://polatcelikdemiranaokulu.meb.k12.tr,,,https://polatcelikdemiranaokulu.meb.k12.tr/tema/harita.php,2026-08-31,106,106,bulundu,https://polatcelikdemiranaokulu.meb.k12.tr/,2026-10-01T19:30:25.214115+00:00,,Öğrenci Sayısı: 106
İzmir,Karşıyaka,Safiye Nadir Özel Eğitim Uygulama Okulu I. Kademe,747113,Özel Eğitim Kurumu,https://safiyenadirilk.meb.k12.tr,,,https://safiyenadirilk.meb.k12.tr/tema/harita.php,2026-08-31,,,bulunamadi,,2026-10-01T19:30:25.244559+00:00,,
İzmir,Karşıyaka,Safiye Nadir Özel Eğitim Uygulama Okulu II. Kademe,747366,Özel Eğitim Kurumu,https://safiyenadirorta.meb.k12.tr,,,https://safiyenadirorta.meb.k12.tr/tema/harita.php,2026-08-31,23,23,bulundu,https://safiyenadirorta.meb.k12.tr/,2026-10-01T19:30:25.591162+00:00,,Öğrenci Sayısı : 23
İzmir,Karşıyaka,Safiye Nadir Özel Eğitim Uygulama Okulu III. Kademe,748113,Özel Eğitim Kurumu,https://safiyenadiris.meb.k12.tr,,,https://safiyenadiris.meb.k12.tr/tema/harita.php,2026-08-31,35,35,bulundu,https://safiyenadiris.meb.k12.tr/,2026-10-01T19:30:25.632546+00:00,,Öğrenci Sayısı : 35
İzmir,Karşıyaka,Sakize Lahur Kız Anadolu İmam Hatip Lisesi,760017,Anadolu İmam Hatip Lisesi,https://karsiyakasakizelahurkizihl.meb.k12.tr,,,https://karsiyakasakizelahurkizihl.meb.k12.tr/tema/harita.php,2026-08-31,,,bulunamadi,,2026-10-01T19:30:25.938222+00:00,,
İzmir,Karşıyaka,Selçuk Yaşar Alaybey Ortaokulu,976721,Ortaokul,https://selcukyasaralaybeyoo.meb.k12.tr,,,https://selcukyasaralaybeyoo.meb.k12.tr/tema/harita.php,2026-08-31,775,775,bulundu,https://selcukyasaralaybeyoo.meb.k12.tr/,2026-10-01T19:30:25.962615+00:00,,Öğrenci Sayısı : 775
İzmir,Karşıyaka,Sezai-Gönül Akdağ Anaokulu,908818,Anaokulu,https://sgaanaokulu.meb.k12.tr,,,https://sgaanaokulu.meb.k12.tr/tema/harita.php,2026-08-31,,,bulunamadi,,2026-10-01T19:30:26.000279+00:00,,
İzmir,Karşıyaka,TOKİ Karşıyaka Belediyesi Anadolu Lisesi,766282,Anadolu Lisesi,https://tkbal.meb.k12.tr,,,https://tkbal.meb.k12.tr/tema/harita.php,2026-08-31,,,bulunamadi,,2026-10-01T19:30:26.050193+00:00,,
İzmir,Karşıyaka,TOKİ Karşıyaka Belediyesi Mesleki ve Teknik Anadolu Lisesi,777138,Mesleki ve Teknik Anadolu Lisesi,https://tkbmtal.meb.k12.tr,,,https://tkbmtal.meb.k12.tr/tema/harita.php,2026-08-31,588,588,bulundu,https://tkbmtal.meb.k12.tr/,2026-10-01T19:30:26.191870+00:00,,Öğrenci Sayısı : 588
İzmir,Karşıyaka,TOKİ Karşıyaka Belediyesi İlkokulu,715830,İlkokul,https://tokikarsiyakabelediyesiio.meb.k12.tr,,,https://tokikarsiyakabelediyesiio.meb.k12.tr/tema/harita.php,2026-08-31,371,371,bulundu,https://tokikarsiyakabelediyesiio.meb.k12.tr/,2026-10-01T19:30:26.227056+00:00,,Öğrenci Sayısı 371
İzmir,Karşıyaka,Türkbirliği İlkokulu,715847,İlkokul,https://turkbirligi.meb.k12.tr,,,https://turkbirligi.meb.k12.tr/tema/harita.php,2026-08-31,419,419,bulundu,https://turkbirligi.meb.k12.tr/,2026-10-01T19:30:26.274480+00:00,,Öğrenci Sayısı : 419
İzmir,Karşıyaka,Zübeyde Hanım İlkokulu,287175,İlkokul,https://kyakazubeydehanim.meb.k12.tr,,,https://kyakazubeydehanim.meb.k12.tr/tema/harita.php,2026-08-31,420,420,bulundu,https://kyakazubeydehanim.meb.k12.tr/,2026-10-01T19:30:26.536497+00:00,,Öğrenci Sayısı 420
İzmir,Karşıyaka,Örnekköy Şehit Astsubay Erkan Durukan İlkokulu,330696,İlkokul,https://sehiterkandurukanilkokulu.meb.k12.tr,,,https://sehiterkandurukanilkokulu.meb.k12.tr/tema/harita.php,2026-08-31,200,200,bulundu,https://sehiterkandurukanilkokulu.meb.k12.tr/,2026-10-01T19:30:26.665679+00:00,,Öğrenci Sayısı : 200
İzmir,Karşıyaka,Özgiller Dalan İlkokulu,306837,İlkokul,https://ozgillerdalan.meb.k12.tr,,,https://ozgillerdalan.meb.k12.tr/tema/harita.php,2026-08-31,674,674,bulundu,https://ozgillerdalan.meb.k12.tr/,2026-10-01T19:30:26.717604+00:00,,Öğrenci Sayısı 674
İzmir,Karşıyaka,Öğretmen Kenan Gamsız İlkokulu,715701,İlkokul,https://kenangamsizio.meb.k12.tr,,,https://kenangamsizio.meb.k12.tr/tema/harita.php,2026-08-31,434,434,bulundu,https://kenangamsizio.meb.k12.tr/,2026-10-01T19:30:26.724584+00:00,,Öğrenci Sayısı : 434
İzmir,Karşıyaka,Öğretmen İkbal Özdemir Anaokulu,775818,Anaokulu,https://ogretmenikbalozdemiranaokulu.meb.k12.tr,,,https://ogretmenikbalozdemiranaokulu.meb.k12.tr/tema/harita.php,2026-08-31,155,155,bulundu,https://ogretmenikbalozdemiranaokulu.meb.k12.tr/,2026-10-01T19:30:26.743417+00:00,,Öğrenci Sayısı 155
İzmir,Karşıyaka,İnci Şener İlkokulu,253694,İlkokul,https://incisener.meb.k12.tr,,,https://incisener.meb.k12.tr/tema/harita.php,2026-08-31,544,544,bulundu,https://incisener.meb.k12.tr/,2026-10-01T19:30:26.820896+00:00,,Öğrenci Sayısı : 544
İzmir,Karşıyaka,İzmir Özel Eğitim Uygulama Okulu III. Kademe,747617,Özel Eğitim Kurumu,https://izmirium.meb.k12.tr,,,https://izmirium.meb.k12.tr/tema/harita.php,2026-08-31,44,44,bulundu,https://izmirium.meb.k12.tr/,2026-10-01T19:30:26.828107+00:00,,Öğrenci Sayısı 44
İzmir,Karşıyaka,Şair Eşref İlkokulu,627936,İlkokul,https://sairesref.meb.k12.tr,,,https://sairesref.meb.k12.tr/tema/harita.php,2026-08-31,329,329,bulundu,https://sairesref.meb.k12.tr/tema/okulumuz_hakkinda.php,2026-10-01T19:30:26.934401+00:00,,Öğrenci : 329
İzmir,Karşıyaka,Şehit Ahmet Oruç Ortaokulu,762535,Ortaokul,https://sehitahmetorucortaokulu.meb.k12.tr,,,https://sehitahmetorucortaokulu.meb.k12.tr/tema/harita.php,2026-08-31,821,821,bulundu,https://sehitahmetorucortaokulu.meb.k12.tr/,2026-10-01T19:30:27.232685+00:00,,Öğrenci Sayısı : 821
İzmir,Karşıyaka,Şehit Astsubay Hilmi Öz İlkokulu,887864,İlkokul,https://sehitastsubayhilmiozio.meb.k12.tr,,,https://sehitastsubayhilmiozio.meb.k12.tr/tema/harita.php,2026-08-31,308,308,bulundu,https://sehitastsubayhilmiozio.meb.k12.tr/,2026-10-01T19:30:27.285743+00:00,,Öğrenci Sayısı : 308
İzmir,Karşıyaka,Şehit Mehmet Ali Yandım İlkokulu,853325,İlkokul,https://sehitmehmetaliyandim.meb.k12.tr,,,https://sehitmehmetaliyandim.meb.k12.tr/tema/harita.php,2026-08-31,253,253,bulundu,https://sehitmehmetaliyandim.meb.k12.tr/,2026-10-01T19:30:27.291407+00:00,,Öğrenci Sayısı : 253
İzmir,Karşıyaka,Şehit Mesut Uzlu Ortaokulu,716062,Ortaokul,https://sehitmesutuzluortaokulu.meb.k12.tr,,,https://sehitmesutuzluortaokulu.meb.k12.tr/tema/harita.php,2026-08-31,675,675,bulundu,https://sehitmesutuzluortaokulu.meb.k12.tr/,2026-10-01T19:30:27.401262+00:00,,Öğrenci Sayısı : 675
İzmir,Karşıyaka,Şehit Polis Samet Kırcalı Ortaokulu,757476,Ortaokul,https://sehitpolissametkircali.meb.k12.tr,,,https://sehitpolissametkircali.meb.k12.tr/tema/harita.php,2026-08-31,227,227,bulundu,https://sehitpolissametkircali.meb.k12.tr/,2026-10-01T19:30:27.590033+00:00,,Öğrenci Sayısı 227
İzmir,Karşıyaka,Şehit Prof. Dr. İlhan Varank Anadolu İmam Hatip Lisesi,165359,Anadolu İmam Hatip Lisesi,https://karsiyakaihl.meb.k12.tr,,,https://karsiyakaihl.meb.k12.tr/tema/harita.php,2026-08-31,326,326,bulundu,https://karsiyakaihl.meb.k12.tr/,2026-10-01T19:30:27.709157+00:00,,Öğrenci Sayısı : 326
İzmir,Karşıyaka,Şehit Öğretmen Şenay Aybüke Yalçın Anaokulu,763939,Anaokulu,https://karsiyakasehtogretmensenayaybuke.meb.k12.tr,,,https://karsiyakasehtogretmensenayaybuke.meb.k12.tr/tema/harita.php,2026-08-31,105,105,bulundu,https://karsiyakasehtogretmensenayaybuke.meb.k12.tr/,2026-10-01T19:30:27.720272+00:00,,Öğrenci Sayısı 105
İzmir,Karşıyaka,Şemikler Anadolu Lisesi,165276,Anadolu Lisesi,https://semiklerlisesi.meb.k12.tr,,,https://semiklerlisesi.meb.k12.tr/tema/harita.php,2026-08-31,698,698,bulundu,https://semiklerlisesi.meb.k12.tr/,2026-10-01T19:30:27.769839+00:00,,Öğrenci Sayısı : 698
İzmir,Kemalpaşa,(Akalan) Denen Ortaokulu,727961,Ortaokul,https://akalandenenortaokulu.meb.k12.tr,,,https://akalandenenortaokulu.meb.k12.tr/tema/harita.php,2026-08-31,67,67,bulundu,https://akalandenenortaokulu.meb.k12.tr/,2026-10-01T19:30:27.812332+00:00,,Öğrenci Sayısı : 67
İzmir,Kemalpaşa,(Akalan) Denen İlkokulu,853269,İlkokul,https://akalandenenilkokulu.meb.k12.tr,,,https://akalandenenilkokulu.meb.k12.tr/tema/harita.php,2026-08-31,75,75,bulundu,https://akalandenenilkokulu.meb.k12.tr/,2026-10-01T19:30:27.824096+00:00,,Öğrenci Sayısı 75
İzmir,Kemalpaşa,15 Temmuz Demokrasi Şehitleri Ortaokulu,728075,Ortaokul,https://kemalpasa15temmuzortaokulu.meb.k12.tr,,,https://kemalpasa15temmuzortaokulu.meb.k12.tr/tema/harita.php,2026-08-31,578,578,bulundu,https://kemalpasa15temmuzortaokulu.meb.k12.tr/,2026-10-01T19:30:27.862694+00:00,,Öğrenci Sayısı 578
İzmir,Kemalpaşa,75. Yıl Anaokulu,753037,Anaokulu,https://kemalpasa75yilanaokulu.meb.k12.tr,,,https://kemalpasa75yilanaokulu.meb.k12.tr/tema/harita.php,2026-08-31,156,156,bulundu,https://kemalpasa75yilanaokulu.meb.k12.tr/,2026-10-01T19:30:27.881486+00:00,,Öğrenci Sayısı: 156
İzmir,Kemalpaşa,75. Yıl Ortaokulu,728060,Ortaokul,https://75.meb.k12.tr,,,https://75.meb.k12.tr/tema/harita.php,2026-08-31,661,661,bulundu,https://75.meb.k12.tr/tema/okulumuz_hakkinda.php,2026-10-01T19:30:27.982311+00:00,,Öğrenci : 661
İzmir,Kemalpaşa,75. Yıl İlkokulu,728057,İlkokul,https://kemalpasa75io.meb.k12.tr,,,https://kemalpasa75io.meb.k12.tr/tema/harita.php,2026-08-31,754,754,bulundu,https://kemalpasa75io.meb.k12.tr/,2026-10-01T19:30:28.026458+00:00,,Öğrenci Sayısı : 754
İzmir,Kemalpaşa,80.Yıl Sütçüler Ortaokulu,728299,Ortaokul,https://sutculerortaokulu.meb.k12.tr,,,https://sutculerortaokulu.meb.k12.tr/tema/harita.php,2026-08-31,273,273,bulundu,https://sutculerortaokulu.meb.k12.tr/,2026-10-01T19:30:28.471352+00:00,,Öğrenci Sayısı : 273
İzmir,Kemalpaşa,80.Yıl Sütçüler İlkokulu,268818,İlkokul,https://sutculerio.meb.k12.tr,,,https://sutculerio.meb.k12.tr/tema/harita.php,2026-08-31,318,318,bulundu,https://sutculerio.meb.k12.tr/,2026-10-01T19:30:28.655817+00:00,,Öğrenci Sayısı 318
İzmir,Kemalpaşa,80.Yıl Sütçüler İmam Hatip Ortaokulu,765818,İmam Hatip Ortaokulu,https://80yilsutculeriho.meb.k12.tr,,,https://80yilsutculeriho.meb.k12.tr/tema/harita.php,2026-08-31,67,67,bulundu,https://80yilsutculeriho.meb.k12.tr/,2026-10-01T19:30:28.723641+00:00,,Öğrenci Sayısı : 67
İzmir,Kemalpaşa,Aliya İzzetbegoviç Ortaokulu,727971,Ortaokul,https://aliyaizetbegovicoo.meb.k12.tr,,,https://aliyaizetbegovicoo.meb.k12.tr/tema/harita.php,2026-08-31,141,141,bulundu,https://aliyaizetbegovicoo.meb.k12.tr/,2026-10-01T19:30:28.765452+00:00,,Öğrenci Sayısı : 141
İzmir,Kemalpaşa,Ansızca İlkokulu,976784,İlkokul,https://ansizca.meb.k12.tr,,,https://ansizca.meb.k12.tr/tema/harita.php,2026-08-31,46,46,bulundu,https://ansizca.meb.k12.tr/,2026-10-01T19:30:28.804812+00:00,,Öğrenci Sayısı : 46
İzmir,Kemalpaşa,Armutlu Ortaokulu,728008,Ortaokul,https://armutluo.meb.k12.tr,,,https://armutluo.meb.k12.tr/tema/harita.php,2026-08-31,460,460,bulundu,https://armutluo.meb.k12.tr/,2026-10-01T19:30:28.833322+00:00,,Öğrenci Sayısı : 460
İzmir,Kemalpaşa,Armutlu İlkokulu,887649,İlkokul,https://kpasaarmutlu.meb.k12.tr,,,https://kpasaarmutlu.meb.k12.tr/tema/harita.php,2026-08-31,412,412,bulundu,https://kpasaarmutlu.meb.k12.tr/,2026-10-01T19:30:28.890438+00:00,,Öğrenci Sayısı : 412
İzmir,Kemalpaşa,Ayşe-Hasan Türkmen Ortaokulu,715640,Ortaokul,https://aysehasanturkmenoo.meb.k12.tr,,,https://aysehasanturkmenoo.meb.k12.tr/tema/harita.php,2026-08-31,699,699,bulundu,https://aysehasanturkmenoo.meb.k12.tr/,2026-10-01T19:30:28.937208+00:00,,Öğrenci Sayısı 699
İzmir,Kemalpaşa,Aşağıkızılca Ortaokulu,728164,Ortaokul,https://asagikizilcaortaokulu35.meb.k12.tr,,,https://asagikizilcaortaokulu35.meb.k12.tr/tema/harita.php,2026-08-31,58,58,bulundu,https://asagikizilcaortaokulu35.meb.k12.tr/,2026-10-01T19:30:28.987274+00:00,,Öğrenci Sayısı : 58
İzmir,Kemalpaşa,Aşağıkızılca İlkokulu,728163,İlkokul,https://asagikizilcailkokulu35.meb.k12.tr,,,https://asagikizilcailkokulu35.meb.k12.tr/tema/harita.php,2026-08-31,70,70,bulundu,https://asagikizilcailkokulu35.meb.k12.tr/,2026-10-01T19:30:29.000851+00:00,,Öğrenci Sayısı 70
İzmir,Kemalpaşa,Bağyurdu Anadolu Lisesi,165467,Anadolu Lisesi,https://bagyurduanadolulisesi.meb.k12.tr,,,https://bagyurduanadolulisesi.meb.k12.tr/tema/harita.php,2026-08-31,120,120,bulundu,https://bagyurduanadolulisesi.meb.k12.tr/,2026-10-01T19:30:29.031913+00:00,,Öğrenci Sayısı : 120
İzmir,Kemalpaşa,Bağyurdu Cumhuriyet Ortaokulu,976722,Ortaokul,https://bagyurducumhuriyetortaokulu.meb.k12.tr,,,https://bagyurducumhuriyetortaokulu.meb.k12.tr/tema/harita.php,2026-08-31,111,111,bulundu,https://bagyurducumhuriyetortaokulu.meb.k12.tr/tema/okulumuz_hakkinda.php,2026-10-01T19:30:29.169173+00:00,,Öğrenci : 111
İzmir,Kemalpaşa,Bağyurdu Cumhuriyet İlkokulu,747892,İlkokul,https://bagyurducumhuriyetilkokulu.meb.k12.tr,,,https://bagyurducumhuriyetilkokulu.meb.k12.tr/tema/harita.php,2026-08-31,155,155,bulundu,https://bagyurducumhuriyetilkokulu.meb.k12.tr/,2026-10-01T19:30:29.492840+00:00,,Öğrenci Sayısı : 155
İzmir,Kemalpaşa,Bağyurdu Kazım Dirik Ortaokulu,747893,Ortaokul,https://kazimdirikortaokulu.meb.k12.tr,,,https://kazimdirikortaokulu.meb.k12.tr/tema/harita.php,2026-08-31,228,228,bulundu,https://kazimdirikortaokulu.meb.k12.tr/,2026-10-01T19:30:29.507719+00:00,,Öğrenci Sayısı 228
İzmir,Kemalpaşa,Bağyurdu Kazım Dirik İlkokulu,715432,İlkokul,https://kazimdirikilkokulu.meb.k12.tr,,,https://kazimdirikilkokulu.meb.k12.tr/tema/harita.php,2026-08-31,,,bulunamadi,,2026-10-01T19:30:29.704134+00:00,,
İzmir,Kemalpaşa,Damlacık Ortaokulu,728256,Ortaokul,https://damlacikoo.meb.k12.tr,,,https://damlacikoo.meb.k12.tr/tema/harita.php,2026-08-31,65,65,bulundu,https://damlacikoo.meb.k12.tr/,2026-10-01T19:30:29.766671+00:00,,Öğrenci Sayısı : 65
İzmir,Kemalpaşa,Damlacık İlkokulu,728258,İlkokul,https://damlacikioo.meb.k12.tr,,,https://damlacikioo.meb.k12.tr/tema/harita.php,2026-08-31,72,72,bulundu,https://damlacikioo.meb.k12.tr/,2026-10-01T19:30:29.788530+00:00,,Öğrenci Sayısı : 72
İzmir,Kemalpaşa,Dereköy Ortaokulu,728197,Ortaokul,https://kemalpasaderekoyortaokulu.meb.k12.tr,,,https://kemalpasaderekoyortaokulu.meb.k12.tr/tema/harita.php,2026-08-31,34,34,bulundu,https://kemalpasaderekoyortaokulu.meb.k12.tr/,2026-10-01T19:30:29.846729+00:00,,Öğrenci Sayısı : 34
İzmir,Kemalpaşa,Dereköy İlkokulu,728200,İlkokul,https://kemalpasaderekoyilkokulu.meb.k12.tr,,,https://kemalpasaderekoyilkokulu.meb.k12.tr/tema/harita.php,2026-08-31,11,11,bulundu,https://kemalpasaderekoyilkokulu.meb.k12.tr/,2026-10-01T19:30:29.911784+00:00,,Öğrenci Sayısı : 11
İzmir,Kemalpaşa,Faruk Argüden Mesleki Eğitim Merkezi,364655,Mesleki Eğitim Merkezi,https://farmem.meb.k12.tr,,,https://farmem.meb.k12.tr/tema/harita.php,2026-08-31,1079,1079,bulundu,https://farmem.meb.k12.tr/,2026-10-01T19:30:29.918776+00:00,,Öğrenci Sayısı : 1079
İzmir,Kemalpaşa,Halilbeyli Hatice Ali Katrancı İlkokulu,887644,İlkokul,https://kemalpasahalilbeyli.meb.k12.tr,,,https://kemalpasahalilbeyli.meb.k12.tr/tema/harita.php,2026-08-31,124,124,bulundu,https://kemalpasahalilbeyli.meb.k12.tr/,2026-10-01T19:30:29.981014+00:00,,Öğrenci Sayısı : 124
İzmir,Kemalpaşa,Hamzababa Cumhuriyet (Sarıçalı) İlkokulu,716308,İlkokul,https://hamzababacumhuriyetilkokulu.meb.k12.tr,,,https://hamzababacumhuriyetilkokulu.meb.k12.tr/tema/harita.php,2026-08-31,22,22,bulundu,https://hamzababacumhuriyetilkokulu.meb.k12.tr/tema/okulumuz_hakkinda.php,2026-10-01T19:30:30.017912+00:00,,Öğrenci : 22
İzmir,Kemalpaşa,Hasan Türkmen Anadolu Lisesi,263996,Anadolu Lisesi,https://hasanturkmenanadolulisesi.meb.k12.tr,,,https://hasanturkmenanadolulisesi.meb.k12.tr/tema/harita.php,2026-08-31,252,252,bulundu,https://hasanturkmenanadolulisesi.meb.k12.tr/,2026-10-01T19:30:30.090577+00:00,,Öğrenci Sayısı 252
İzmir,Kemalpaşa,Kamberler İlkokulu,716376,İlkokul,https://kamberlerilkokulu.meb.k12.tr,,,https://kamberlerilkokulu.meb.k12.tr/tema/harita.php,2026-08-31,2,2,bulundu,https://kamberlerilkokulu.meb.k12.tr/,2026-10-01T19:30:30.345090+00:00,,Öğrenci Sayısı : 2
İzmir,Kemalpaşa,Kemalpaşa Anaokulu,963936,Anaokulu,https://kemalpasaanaokulu.meb.k12.tr,,,https://kemalpasaanaokulu.meb.k12.tr/tema/harita.php,2026-08-31,189,189,bulundu,https://kemalpasaanaokulu.meb.k12.tr/,2026-10-01T19:30:30.373411+00:00,,Öğrenci Sayısı: 189
İzmir,Kemalpaşa,Kemalpaşa Ferzent Bulum Anadolu Lisesi,165455,Anadolu Lisesi,https://fbal.meb.k12.tr,,,https://fbal.meb.k12.tr/tema/harita.php,2026-08-31,636,636,bulundu,https://fbal.meb.k12.tr/tema/okulumuz_hakkinda.php,2026-10-01T19:30:30.414301+00:00,,Öğrenci : 636
İzmir,Kemalpaşa,Kemalpaşa Halk Eğitimi Merkezi,165492,Halk Eğitimi Merkezi,https://kemalpasahem.meb.k12.tr,,,https://kemalpasahem.meb.k12.tr/tema/harita.php,2026-08-31,,,bulunamadi,,2026-10-01T19:30:30.470664+00:00,,
İzmir,Kemalpaşa,Kemalpaşa Lütfü Ürkmez Mesleki ve Teknik Anadolu Lisesi,165479,Mesleki ve Teknik Anadolu Lisesi,https://kemalpasakml.meb.k12.tr,,,https://kemalpasakml.meb.k12.tr/tema/harita.php,2026-08-31,663,663,bulundu,https://kemalpasakml.meb.k12.tr/,2026-10-01T19:30:30.559974+00:00,,Öğrenci Sayısı : 663
İzmir,Kemalpaşa,Kemalpaşa Mopak Mesleki ve Teknik Anadolu Lisesi,381287,Mesleki ve Teknik Anadolu Lisesi,https://mopakeml.meb.k12.tr,,,https://mopakeml.meb.k12.tr/tema/harita.php,2026-08-31,652,652,bulundu,https://mopakeml.meb.k12.tr/,2026-10-01T19:30:30.569303+00:00,,Öğrenci Sayısı : 652
İzmir,Kemalpaşa,Kemalpaşa Nazarköy Şehit Hasan Alkan İlkokulu,976839,İlkokul,https://nazarkoyilkokulu.meb.k12.tr,,,https://nazarkoyilkokulu.meb.k12.tr/tema/harita.php,2026-08-31,6,6,bulundu,https://nazarkoyilkokulu.meb.k12.tr/,2026-10-01T19:30:30.586793+00:00,,Öğrenci Sayısı 6
İzmir,Kemalpaşa,Kemalpaşa Yamantürk Mesleki ve Teknik Anadolu Lisesi,776378,Mesleki ve Teknik Anadolu Lisesi,https://776378.meb.k12.tr,,,https://776378.meb.k12.tr/tema/harita.php,2026-08-31,317,317,bulundu,https://776378.meb.k12.tr/,2026-10-01T19:30:30.613795+00:00,,Öğrenci Sayısı : 317
İzmir,Kemalpaşa,Kemalpaşa Yamantürk Çok Programlı Anadolu Lisesi,962688,Çok Programlı Anadolu Lisesi,https://yamanturkcpl.meb.k12.tr,,,https://yamanturkcpl.meb.k12.tr/tema/harita.php,2026-08-31,229,229,bulundu,https://yamanturkcpl.meb.k12.tr/,2026-10-01T19:30:30.895071+00:00,,Öğrenci Sayısı : 229
İzmir,Kemalpaşa,Kemalpaşa İbrahim Polat-Ege Seramik Mesleki ve Teknik Anadolu Lisesi,974091,Mesleki ve Teknik Anadolu Lisesi,https://ibrahimpolat-egeseramikmtal.meb.k12.tr,,,https://ibrahimpolat-egeseramikmtal.meb.k12.tr/tema/harita.php,2026-08-31,185,185,bulundu,https://ibrahimpolat-egeseramikmtal.meb.k12.tr/tema/okulumuz_hakkinda.php,2026-10-01T19:30:30.909795+00:00,,Öğrenci : 185
İzmir,Kemalpaşa,Kemalpaşa İmam Hatip Ortaokulu,757404,İmam Hatip Ortaokulu,https://kemalpasaimamhatiportaokulu.meb.k12.tr,,,https://kemalpasaimamhatiportaokulu.meb.k12.tr/tema/harita.php,2026-08-31,351,351,bulundu,https://kemalpasaimamhatiportaokulu.meb.k12.tr/,2026-10-01T19:30:31.031524+00:00,,Öğrenci Sayısı : 351
İzmir,Kemalpaşa,Kuyucak İlkokulu,879406,İlkokul,https://879406.meb.k12.tr,,,https://879406.meb.k12.tr/tema/harita.php,2026-08-31,53,53,bulundu,https://879406.meb.k12.tr/,2026-10-01T19:30:31.041801+00:00,,Öğrenci Sayısı: 53
İzmir,Kemalpaşa,Kızılüzüm Şehit Ünal Sipahi Ortaokulu,728230,Ortaokul,https://kiziluzumortaokulu.meb.k12.tr,,,https://kiziluzumortaokulu.meb.k12.tr/tema/harita.php,2026-08-31,38,38,bulundu,https://kiziluzumortaokulu.meb.k12.tr/,2026-10-01T19:30:31.053678+00:00,,Öğrenci Sayısı : 38
İzmir,Kemalpaşa,Kızılüzüm Şehit Ünal Sipahi İlkokulu,728228,İlkokul,https://kiziluzumilkokulu.meb.k12.tr,,,https://kiziluzumilkokulu.meb.k12.tr/tema/harita.php,2026-08-31,43,43,bulundu,https://kiziluzumilkokulu.meb.k12.tr/,2026-10-01T19:30:31.116194+00:00,,Öğrenci Sayısı 43
İzmir,Kemalpaşa,Merkez Atatürk Ortaokulu,976659,Ortaokul,https://kemalpasaataturkortaokulu.meb.k12.tr,,,https://kemalpasaataturkortaokulu.meb.k12.tr/tema/harita.php,2026-08-31,775,775,bulundu,https://kemalpasaataturkortaokulu.meb.k12.tr/,2026-10-01T19:30:31.181530+00:00,,Öğrenci Sayısı 775
İzmir,Kemalpaşa,Merkez Atatürk İlkokulu,747891,İlkokul,https://kemalpasaataturkilkokulu.meb.k12.tr,,,https://kemalpasaataturkilkokulu.meb.k12.tr/tema/harita.php,2026-08-31,844,844,bulundu,https://kemalpasaataturkilkokulu.meb.k12.tr/,2026-10-01T19:30:31.301057+00:00,,Öğrenci Sayısı 844
İzmir,Kemalpaşa,Merkez Cumhuriyet Ortaokulu,747890,Ortaokul,https://kpcumhuriyetoo.meb.k12.tr,,,https://kpcumhuriyetoo.meb.k12.tr/tema/harita.php,2026-08-31,639,639,bulundu,https://kpcumhuriyetoo.meb.k12.tr/,2026-10-01T19:30:31.355888+00:00,,Öğrenci Sayısı : 639
İzmir,Kemalpaşa,Merkez Cumhuriyet İlkokulu,853256,İlkokul,https://kpcumhuriyetio.meb.k12.tr,,,https://kpcumhuriyetio.meb.k12.tr/tema/harita.php,2026-08-31,780,780,bulundu,https://kpcumhuriyetio.meb.k12.tr/,2026-10-01T19:30:31.454604+00:00,,Öğrenci Sayısı : 780
İzmir,Kemalpaşa,Pakmaya Ülkü Hızal Anadolu Lisesi,964082,Anadolu Lisesi,https://pakmayaulkuhizal.meb.k12.tr,,,https://pakmayaulkuhizal.meb.k12.tr/tema/harita.php,2026-08-31,438,438,bulundu,https://pakmayaulkuhizal.meb.k12.tr/,2026-10-01T19:30:31.596357+00:00,,Öğrenci Sayısı 438
İzmir,Kemalpaşa,Pakmaya İlkokulu,728077,İlkokul,https://pakmayailkokulu.meb.k12.tr,,,https://pakmayailkokulu.meb.k12.tr/tema/harita.php,2026-08-31,446,446,bulundu,https://pakmayailkokulu.meb.k12.tr/,2026-10-01T19:30:31.713347+00:00,,Öğrenci Sayısı: 446
İzmir,Kemalpaşa,Sarılar Ortaokulu,715700,Ortaokul,https://sarilarortaokuluizmir.meb.k12.tr,,,https://sarilarortaokuluizmir.meb.k12.tr/tema/harita.php,2026-08-31,48,48,bulundu,https://sarilarortaokuluizmir.meb.k12.tr/,2026-10-01T19:30:32.044533+00:00,,Öğrenci Sayısı : 48
İzmir,Kemalpaşa,Sarılar İlkokulu,750088,İlkokul,https://sarilarilkokuluizmir.meb.k12.tr,,,https://sarilarilkokuluizmir.meb.k12.tr/tema/harita.php,2026-08-31,67,67,bulundu,https://sarilarilkokuluizmir.meb.k12.tr/,2026-10-01T19:30:32.156140+00:00,,Öğrenci Sayısı 67
İzmir,Kemalpaşa,Sekiz Eylül İlkokulu,728026,İlkokul,https://kemalpasasekizeylulilkokulu.meb.k12.tr,,,https://kemalpasasekizeylulilkokulu.meb.k12.tr/tema/harita.php,2026-08-31,566,566,bulundu,https://kemalpasasekizeylulilkokulu.meb.k12.tr/,2026-10-01T19:30:32.195099+00:00,,Öğrenci Sayısı 566
İzmir,Kemalpaşa,Sinancılar Ortaokulu,750087,Ortaokul,https://sinancilarortaokulu.meb.k12.tr,,,https://sinancilarortaokulu.meb.k12.tr/tema/harita.php,2026-08-31,63,63,bulundu,https://sinancilarortaokulu.meb.k12.tr/,2026-10-01T19:30:32.246774+00:00,,Öğrenci Sayısı 63
İzmir,Kemalpaşa,Sinancılar İlkokulu,887966,İlkokul,https://sinancilarilkokulu.meb.k12.tr,,,https://sinancilarilkokulu.meb.k12.tr/tema/harita.php,2026-08-31,81,81,bulundu,https://sinancilarilkokulu.meb.k12.tr/,2026-10-01T19:30:32.305423+00:00,,Öğrenci Sayısı 81
İzmir,Kemalpaşa,TOKİ Kemalpaşa Ortaokulu,774480,Ortaokul,https://774480.meb.k12.tr,,,https://774480.meb.k12.tr/tema/harita.php,2026-08-31,246,246,bulundu,https://774480.meb.k12.tr/,2026-10-01T19:30:32.404597+00:00,,Öğrenci Sayısı : 246
İzmir,Kemalpaşa,TOKİ Kemalpaşa İlkokulu,774479,İlkokul,https://774479.meb.k12.tr,,,https://774479.meb.k12.tr/tema/harita.php,2026-08-31,370,370,bulundu,https://774479.meb.k12.tr/,2026-10-01T19:30:32.446498+00:00,,Öğrenci Sayısı : 370
İzmir,Kemalpaşa,Veli Üzümcü İlkokulu,760413,İlkokul,https://veliuzumcu.meb.k12.tr,,,https://veliuzumcu.meb.k12.tr/tema/harita.php,2026-08-31,289,289,bulundu,https://veliuzumcu.meb.k12.tr/,2026-10-01T19:30:32.516764+00:00,,Öğrenci Sayısı: 289
İzmir,Kemalpaşa,Vişneli İlkokulu,716884,İlkokul,https://visneliilkokulu.meb.k12.tr,,,https://visneliilkokulu.meb.k12.tr/tema/harita.php,2026-08-31,30,30,bulundu,https://visneliilkokulu.meb.k12.tr/,2026-10-01T19:30:32.621059+00:00,,Öğrenci Sayısı: 30
İzmir,Kemalpaşa,Yeni Kurudere İlkokulu,716857,İlkokul,https://yenikurudereilkokulu.meb.k12.tr,,,https://yenikurudereilkokulu.meb.k12.tr/tema/harita.php,2026-08-31,21,21,bulundu,https://yenikurudereilkokulu.meb.k12.tr/,2026-10-01T19:30:32.635949+00:00,,Öğrenci Sayısı 21
İzmir,Kemalpaşa,Yenmiş Hürriyet İlkokulu,715574,İlkokul,https://yenmishurriyet.meb.k12.tr,,,https://yenmishurriyet.meb.k12.tr/tema/harita.php,2026-08-31,38,38,bulundu,https://yenmishurriyet.meb.k12.tr/,2026-10-01T19:30:32.681000+00:00,,Öğrenci Sayısı 38
İzmir,Kemalpaşa,Yenmiş İlkokulu,716230,İlkokul,https://yenmisilkokulu.meb.k12.tr,,,https://yenmisilkokulu.meb.k12.tr/tema/harita.php,2026-08-31,14,14,bulundu,https://yenmisilkokulu.meb.k12.tr/,2026-10-01T19:30:32.714071+00:00,,Öğrenci Sayısı : 14
İzmir,Kemalpaşa,Yiğitler Özcan Katrancı Ortaokulu,719275,Ortaokul,https://yigitlerozcankatranci.meb.k12.tr,,,https://yigitlerozcankatranci.meb.k12.tr/tema/harita.php,2026-08-31,140,140,bulundu,https://yigitlerozcankatranci.meb.k12.tr/,2026-10-01T19:30:32.772468+00:00,,Öğrenci Sayısı : 140
İzmir,Kemalpaşa,Yiğitler Özcan Katrancı İlkokulu,716108,İlkokul,https://yigitlerozcankatranciilkokulu.meb.k12.tr,,,https://yigitlerozcankatranciilkokulu.meb.k12.tr/tema/harita.php,2026-08-31,63,63,bulundu,https://yigitlerozcankatranciilkokulu.meb.k12.tr/,2026-10-01T19:30:33.074842+00:00,,Öğrenci Sayısı 63
İzmir,Kemalpaşa,Yukarı Kızılca Ortaokulu,719283,Ortaokul,https://yukarikizilcaortaokulu.meb.k12.tr,,,https://yukarikizilcaortaokulu.meb.k12.tr/tema/harita.php,2026-08-31,112,112,bulundu,https://yukarikizilcaortaokulu.meb.k12.tr/,2026-10-01T19:30:33.229435+00:00,,Öğrenci Sayısı : 112
İzmir,Kemalpaşa,Yukarı Kızılca İlkokulu,715730,İlkokul,https://yukarikizilcailkokulu.meb.k12.tr,,,https://yukarikizilcailkokulu.meb.k12.tr/tema/harita.php,2026-08-31,135,135,bulundu,https://yukarikizilcailkokulu.meb.k12.tr/,2026-10-01T19:30:33.254530+00:00,,Öğrenci Sayısı : 135
İzmir,Kemalpaşa,Zennure-Mücella Bahçıvan İlkokulu,853190,İlkokul,https://zennuremucellabahcivanilkokulu.meb.k12.tr,,,https://zennuremucellabahcivanilkokulu.meb.k12.tr/tema/harita.php,2026-08-31,1064,1064,bulundu,https://zennuremucellabahcivanilkokulu.meb.k12.tr/tema/okulumuz_hakkinda.php,2026-10-01T19:30:33.338351+00:00,,Öğrenci : 1064
İzmir,Kemalpaşa,Çambel Şebnem Kardıçalı İlkokulu,628261,İlkokul,https://cambel.meb.k12.tr,,,https://cambel.meb.k12.tr/tema/harita.php,2026-08-31,30,30,bulundu,https://cambel.meb.k12.tr/,2026-10-01T19:30:33.388004+00:00,,Öğrenci Sayısı : 30
İzmir,Kemalpaşa,Ören Ortaokulu,727988,Ortaokul,https://kemalpasaorenoo.meb.k12.tr,,,https://kemalpasaorenoo.meb.k12.tr/tema/harita.php,2026-08-31,235,235,bulundu,https://kemalpasaorenoo.meb.k12.tr/,2026-10-01T19:30:33.399642+00:00,,Öğrenci Sayısı : 235
İzmir,Kemalpaşa,Ören İlkokulu,976694,İlkokul,https://kemalpasaorenio.meb.k12.tr,,,https://kemalpasaorenio.meb.k12.tr/tema/harita.php,2026-08-31,285,285,bulundu,https://kemalpasaorenio.meb.k12.tr/,2026-10-01T19:30:33.468335+00:00,,Öğrenci Sayısı : 285
İzmir,Kemalpaşa,Örnekköy Şehit İncekara Ortaokulu,728110,Ortaokul,https://sehitincekaraortaokulu.meb.k12.tr,,,https://sehitincekaraortaokulu.meb.k12.tr/tema/harita.php,2026-08-31,223,223,bulundu,https://sehitincekaraortaokulu.meb.k12.tr/,2026-10-01T19:30:33.497759+00:00,,Öğrenci Sayısı : 223
İzmir,Kemalpaşa,Örnekköy Şehit İncekara İlkokulu,728114,İlkokul,https://sehitincekarailkokulu.meb.k12.tr,,,https://sehitincekarailkokulu.meb.k12.tr/tema/harita.php,2026-08-31,286,286,bulundu,https://sehitincekarailkokulu.meb.k12.tr/,2026-10-01T19:30:33.532503+00:00,,Öğrenci Sayısı : 286
İzmir,Kemalpaşa,İzmir Ümran Baradan Güzel Sanatlar Lisesi,811353,Güzel Sanatlar Lisesi,https://umranbaradangsl.meb.k12.tr,,,https://umranbaradangsl.meb.k12.tr/tema/harita.php,2026-08-31,222,222,bulundu,https://umranbaradangsl.meb.k12.tr/,2026-10-01T19:30:33.544445+00:00,,Öğrenci Sayısı 222
İzmir,Kemalpaşa,Şehit Halil Kantarcı Anadolu İmam Hatip Lisesi,165480,Anadolu İmam Hatip Lisesi,https://kemalpasaaihl.meb.k12.tr,,,https://kemalpasaaihl.meb.k12.tr/tema/harita.php,2026-08-31,685,685,bulundu,https://kemalpasaaihl.meb.k12.tr/,2026-10-01T19:30:33.590795+00:00,,Öğrenci Sayısı : 685
İzmir,Kemalpaşa,Şehit Mustafa Alphan Ortaokulu,775745,Ortaokul,https://sehitmustafaalphanortaokulu.meb.k12.tr,,,https://sehitmustafaalphanortaokulu.meb.k12.tr/tema/harita.php,2026-08-31,493,493,bulundu,https://sehitmustafaalphanortaokulu.meb.k12.tr/,2026-10-01T19:30:33.956475+00:00,,Öğrenci Sayısı 493
İzmir,Kiraz,80.Yıl Suludere Ortaokulu,719233,Ortaokul,https://suludereortaokulu.meb.k12.tr,,,https://suludereortaokulu.meb.k12.tr/tema/harita.php,2026-08-31,75,75,bulundu,https://suludereortaokulu.meb.k12.tr/,2026-10-01T19:30:33.986018+00:00,,Öğrenci Sayısı : 75
İzmir,Kiraz,80.Yıl Suludere İlkokulu,637903,İlkokul,https://suludereilkokulu.meb.k12.tr,,,https://suludereilkokulu.meb.k12.tr/tema/harita.php,2026-08-31,76,76,bulundu,https://suludereilkokulu.meb.k12.tr/,2026-10-01T19:30:33.992446+00:00,,Öğrenci Sayısı : 76
İzmir,Kiraz,Akpınar Ortaokulu,719210,Ortaokul,https://kirazakpinarortaokulu.meb.k12.tr,,,https://kirazakpinarortaokulu.meb.k12.tr/tema/harita.php,2026-08-31,68,68,bulundu,https://kirazakpinarortaokulu.meb.k12.tr/,2026-10-01T19:30:34.023290+00:00,,Öğrenci Sayısı 68
İzmir,Kiraz,Akpınar İlkokulu,637449,İlkokul,https://kirazakpinarilkokulu.meb.k12.tr,,,https://kirazakpinarilkokulu.meb.k12.tr/tema/harita.php,2026-08-31,105,105,bulundu,https://kirazakpinarilkokulu.meb.k12.tr/,2026-10-01T19:30:34.052899+00:00,,Öğrenci Sayısı 105
İzmir,Kiraz,Ali Niğde Anadolu İmam Hatip Lisesi,974753,Anadolu İmam Hatip Lisesi,https://kirazihl.meb.k12.tr,,,https://kirazihl.meb.k12.tr/tema/harita.php,2026-08-31,140,140,bulundu,https://kirazihl.meb.k12.tr/tema/okulumuz_hakkinda.php,2026-10-01T19:30:34.067844+00:00,,Öğrenci : 140
İzmir,Kiraz,Atatürk İlkokulu,638132,İlkokul,https://kirazataturk.meb.k12.tr,,,https://kirazataturk.meb.k12.tr/tema/harita.php,2026-08-31,283,283,bulundu,https://kirazataturk.meb.k12.tr/tema/okulumuz_hakkinda.php,2026-10-01T19:30:34.168799+00:00,,Öğrenci : 283
İzmir,Kiraz,Ceritler Ortaokulu,719194,Ortaokul,https://ceritlerortaokulu.meb.k12.tr,,,https://ceritlerortaokulu.meb.k12.tr/tema/harita.php,2026-08-31,96,96,bulundu,https://ceritlerortaokulu.meb.k12.tr/,2026-10-01T19:30:34.516758+00:00,,Öğrenci Sayısı : 96
İzmir,Kiraz,Ceritler İlkokulu,637474,İlkokul,https://ceritlerilkokulu.meb.k12.tr,,,https://ceritlerilkokulu.meb.k12.tr/tema/harita.php,2026-08-31,111,111,bulundu,https://ceritlerilkokulu.meb.k12.tr/,2026-10-01T19:30:34.580301+00:00,,Öğrenci Sayısı 111
İzmir,Kiraz,Cevizli Ege Bölgesi Sanayi Odası Ortaokulu,728942,Ortaokul,https://cevizliebsoortaokulu.meb.k12.tr,,,https://cevizliebsoortaokulu.meb.k12.tr/tema/harita.php,2026-08-31,101,101,bulundu,https://cevizliebsoortaokulu.meb.k12.tr/,2026-10-01T19:30:34.640672+00:00,,Öğrenci Sayısı : 101
İzmir,Kiraz,Cevizli Ege Bölgesi Sanayi Odası İlkokulu,638085,İlkokul,https://cevizliebsoilkokulu.meb.k12.tr,,,https://cevizliebsoilkokulu.meb.k12.tr/tema/harita.php,2026-08-31,165,165,bulundu,https://cevizliebsoilkokulu.meb.k12.tr/,2026-10-01T19:30:34.666605+00:00,,Öğrenci Sayısı : 165
İzmir,Kiraz,Dokuzlar İlkokulu,771164,İlkokul,https://771164.meb.k12.tr,,,https://771164.meb.k12.tr/tema/harita.php,2026-08-31,28,28,bulundu,https://771164.meb.k12.tr/,2026-10-01T19:30:34.730432+00:00,,Öğrenci Sayısı : 28
İzmir,Kiraz,Doğancılar 15 Temmuz Şehitleri Ortaokulu,766868,Ortaokul,https://kiraz15temmuzsehitleriortaokulu.meb.k12.tr,,,https://kiraz15temmuzsehitleriortaokulu.meb.k12.tr/tema/harita.php,2026-08-31,66,66,bulundu,https://kiraz15temmuzsehitleriortaokulu.meb.k12.tr/,2026-10-01T19:30:34.741386+00:00,,Öğrenci Sayısı : 66
İzmir,Kiraz,Doğancılar 15 Temmuz Şehitleri İlkokulu,637641,İlkokul,https://kiraz15temmuzsehitleriilkokulu.meb.k12.tr,,,https://kiraz15temmuzsehitleriilkokulu.meb.k12.tr/tema/harita.php,2026-08-31,83,83,bulundu,https://kiraz15temmuzsehitleriilkokulu.meb.k12.tr/,2026-10-01T19:30:34.748476+00:00,,Öğrenci Sayısı : 83
İzmir,Kiraz,Haliller Ortaokulu,729657,Ortaokul,https://halillerortaokulu.meb.k12.tr,,,https://halillerortaokulu.meb.k12.tr/tema/harita.php,2026-08-31,212,212,bulundu,https://halillerortaokulu.meb.k12.tr/,2026-10-01T19:30:34.797916+00:00,,Öğrenci Sayısı : 212
İzmir,Kiraz,Haliller İlkokulu,313429,İlkokul,https://halillerilkokulu.meb.k12.tr,,,https://halillerilkokulu.meb.k12.tr/tema/harita.php,2026-08-31,198,198,bulundu,https://halillerilkokulu.meb.k12.tr/,2026-10-01T19:30:35.028806+00:00,,Öğrenci Sayısı : 198
İzmir,Kiraz,Hüseyin Sarı Ortaokulu,729730,Ortaokul,https://huseyinsariortaokulu.meb.k12.tr,,,https://huseyinsariortaokulu.meb.k12.tr/tema/harita.php,2026-08-31,120,120,bulundu,https://huseyinsariortaokulu.meb.k12.tr/tema/okulumuz_hakkinda.php,2026-10-01T19:30:35.128317+00:00,,Öğrenci : 120
İzmir,Kiraz,Hüseyin Sarı İlkokulu,383884,İlkokul,https://huseyinsari.meb.k12.tr,,,https://huseyinsari.meb.k12.tr/tema/harita.php,2026-08-31,99,99,bulundu,https://huseyinsari.meb.k12.tr/tema/okulumuz_hakkinda.php,2026-10-01T19:30:35.196797+00:00,,Öğrenci : 99
İzmir,Kiraz,Karaburç Cumhuriyet Ortaokulu,719245,Ortaokul,https://karaburccumhuriyetortaokulu.meb.k12.tr,,,https://karaburccumhuriyetortaokulu.meb.k12.tr/tema/harita.php,2026-08-31,118,118,bulundu,https://karaburccumhuriyetortaokulu.meb.k12.tr/tema/okulumuz_hakkinda.php,2026-10-01T19:30:35.215890+00:00,,Öğrenci : 118
İzmir,Kiraz,Karaburç Cumhuriyet İlkokulu,255191,İlkokul,https://karaburccumhuriyetilkokulu.meb.k12.tr,,,https://karaburccumhuriyetilkokulu.meb.k12.tr/tema/harita.php,2026-08-31,153,153,bulundu,https://karaburccumhuriyetilkokulu.meb.k12.tr/tema/okulumuz_hakkinda.php,2026-10-01T19:30:35.286423+00:00,,Öğrenci : 153
İzmir,Kiraz,Kiraz Anadolu Lisesi,964150,Anadolu Lisesi,https://kirazal.meb.k12.tr,,,https://kirazal.meb.k12.tr/tema/harita.php,2026-08-31,399,399,bulundu,https://kirazal.meb.k12.tr/tema/okulumuz_hakkinda.php,2026-10-01T19:30:35.338911+00:00,,Öğrenci : 399
İzmir,Kiraz,Kiraz Anaokulu,966696,Anaokulu,https://kirazanaokulu.meb.k12.tr,,,https://kirazanaokulu.meb.k12.tr/tema/harita.php,2026-08-31,151,151,bulundu,https://kirazanaokulu.meb.k12.tr/,2026-10-01T19:30:35.433686+00:00,,Öğrenci Sayısı : 151
İzmir,Kiraz,Kiraz Halk Eğitimi Merkezi,165634,Halk Eğitimi Merkezi,https://kirazhem.meb.k12.tr,,,https://kirazhem.meb.k12.tr/tema/harita.php,2026-08-31,,,bulunamadi,,2026-10-01T19:30:35.763019+00:00,,
İzmir,Kiraz,Kiraz Mesleki Eğitim Merkezi,347820,Mesleki Eğitim Merkezi,https://kirazmesem.meb.k12.tr,,,https://kirazmesem.meb.k12.tr/tema/harita.php,2026-08-31,345,345,bulundu,https://kirazmesem.meb.k12.tr/,2026-10-01T19:30:35.807812+00:00,,Öğrenci Sayısı : 345
İzmir,Kiraz,Kiraz Mesleki ve Teknik Anadolu Lisesi,962976,Mesleki ve Teknik Anadolu Lisesi,https://kirazsml.meb.k12.tr,,,https://kirazsml.meb.k12.tr/tema/harita.php,2026-08-31,236,236,bulundu,https://kirazsml.meb.k12.tr/,2026-10-01T19:30:35.880643+00:00,,Öğrenci Sayısı : 236
İzmir,Kiraz,Kiraz Ortaokulu,717323,Ortaokul,https://kirazortaokulu.meb.k12.tr,,,https://kirazortaokulu.meb.k12.tr/tema/harita.php,2026-08-31,599,599,bulundu,https://kirazortaokulu.meb.k12.tr/,2026-10-01T19:30:35.893344+00:00,,Öğrenci Sayısı : 599
İzmir,Kiraz,Kiraz Çok Programlı Anadolu Lisesi,341597,Çok Programlı Anadolu Lisesi,https://kirazcpl35.meb.k12.tr,,,https://kirazcpl35.meb.k12.tr/tema/harita.php,2026-08-31,,,bulunamadi,,2026-10-01T19:30:36.082837+00:00,,
İzmir,Kiraz,Kiraz Öğretmenevi ve Akşam Sanat Okulu,749357,Öğretmenevi,https://kirazogretmenevi.meb.k12.tr,,,https://kirazogretmenevi.meb.k12.tr/tema/harita.php,2026-08-31,,,bulunamadi,,2026-10-01T19:30:36.091473+00:00,,
İzmir,Kiraz,Kiraz İstiklâl İlkokulu,973023,İlkokul,https://kirazistiklalioo.meb.k12.tr,,,https://kirazistiklalioo.meb.k12.tr/tema/harita.php,2026-08-31,435,435,bulundu,https://kirazistiklalioo.meb.k12.tr/,2026-10-01T19:30:36.158212+00:00,,Öğrenci Sayısı : 435
İzmir,Kiraz,Mersinlidere İlkokulu,637988,İlkokul,https://mersinlidere.meb.k12.tr,,,https://mersinlidere.meb.k12.tr/tema/harita.php,2026-08-31,29,29,bulundu,https://mersinlidere.meb.k12.tr/,2026-10-01T19:30:36.207305+00:00,,Öğrenci Sayısı : 29
İzmir,Kiraz,Ovacık İlkokulu,775114,İlkokul,https://kirazovacikilkokulu.meb.k12.tr,,,https://kirazovacikilkokulu.meb.k12.tr/tema/harita.php,2026-08-31,6,6,bulundu,https://kirazovacikilkokulu.meb.k12.tr/,2026-10-01T19:30:36.210000+00:00,,Öğrenci Sayısı : 6
İzmir,Kiraz,Sarısu İlkokulu,637952,İlkokul,https://kirazsarisu.meb.k12.tr,,,https://kirazsarisu.meb.k12.tr/tema/harita.php,2026-08-31,16,16,bulundu,https://kirazsarisu.meb.k12.tr/,2026-10-01T19:30:36.268877+00:00,,Öğrenci Sayısı : 16
İzmir,Kiraz,Türk Telekom Yatılı Bölge Ortaokulu,748348,Ortaokul,https://kirazttybo.meb.k12.tr,,,https://kirazttybo.meb.k12.tr/tema/harita.php,2026-08-31,106,106,bulundu,https://kirazttybo.meb.k12.tr/,2026-10-01T19:30:36.271347+00:00,,Öğrenci Sayısı : 106
İzmir,Kiraz,Umurlu Ortaokulu,751220,Ortaokul,https://umurluortaokulu.meb.k12.tr,,,https://umurluortaokulu.meb.k12.tr/tema/harita.php,2026-08-31,81,81,bulundu,https://umurluortaokulu.meb.k12.tr/,2026-10-01T19:30:36.443340+00:00,,Öğrenci Sayısı : 81
İzmir,Kiraz,Umurlu İlkokulu,637819,İlkokul,https://umurluilkokulu.meb.k12.tr,,,https://umurluilkokulu.meb.k12.tr/tema/harita.php,2026-08-31,90,90,bulundu,https://umurluilkokulu.meb.k12.tr/tema/okulumuz_hakkinda.php,2026-10-01T19:30:36.468974+00:00,,Öğrenci : 90
İzmir,Kiraz,Yeniköy İlkokulu,637785,İlkokul,https://kirazyenikoy.meb.k12.tr,,,https://kirazyenikoy.meb.k12.tr/tema/harita.php,2026-08-31,16,16,bulundu,https://kirazyenikoy.meb.k12.tr/,2026-10-01T19:30:36.575187+00:00,,Öğrenci Sayısı : 16
İzmir,Kiraz,Çayağzı Ortaokulu,748873,Ortaokul,https://cayagziortaokulu.meb.k12.tr,,,https://cayagziortaokulu.meb.k12.tr/tema/harita.php,2026-08-31,158,158,bulundu,https://cayagziortaokulu.meb.k12.tr/,2026-10-01T19:30:36.642938+00:00,,Öğrenci Sayısı 158
İzmir,Kiraz,Çayağzı İlkokulu,971899,İlkokul,https://cayagziilkokulu.meb.k12.tr,,,https://cayagziilkokulu.meb.k12.tr/tema/harita.php,2026-08-31,225,225,bulundu,https://cayagziilkokulu.meb.k12.tr/,2026-10-01T19:30:37.674082+00:00,,Öğrenci Sayısı : 225
İzmir,Kiraz,Örencik Zeybekler Ortaokulu,729100,Ortaokul,https://zeybeklerortaokulu.meb.k12.tr,,,https://zeybeklerortaokulu.meb.k12.tr/tema/harita.php,2026-08-31,156,156,bulundu,https://zeybeklerortaokulu.meb.k12.tr/,2026-10-01T19:30:37.677540+00:00,,Öğrenci Sayısı 156
İzmir,Kiraz,Örencik Zeybekler İlkokulu,737761,İlkokul,https://zeybeklerilkokulu.meb.k12.tr,,,https://zeybeklerilkokulu.meb.k12.tr/tema/harita.php,2026-08-31,173,173,bulundu,https://zeybeklerilkokulu.meb.k12.tr/,2026-10-01T19:30:37.689852+00:00,,Öğrenci Sayısı 173
İzmir,Kiraz,İğdeli Ortaokulu,719225,Ortaokul,https://igdeliortaokulu.meb.k12.tr,,,https://igdeliortaokulu.meb.k12.tr/tema/harita.php,2026-08-31,138,138,bulundu,https://igdeliortaokulu.meb.k12.tr/tema/okulumuz_hakkinda.php,2026-10-01T19:30:38.068570+00:00,,Öğrenci : 138
İzmir,Kiraz,İğdeli İlkokulu,313417,İlkokul,https://igdeli.meb.k12.tr,,,https://igdeli.meb.k12.tr/tema/harita.php,2026-08-31,169,169,bulundu,https://igdeli.meb.k12.tr/,2026-10-01T19:30:38.091220+00:00,,Öğrenci Sayısı : 169
İzmir,Konak,15 Temmuz Şehitleri Kız Anadolu İmam Hatip Lisesi,762743,Anadolu İmam Hatip Lisesi,https://15temmuzkaihl.meb.k12.tr,,,https://15temmuzkaihl.meb.k12.tr/tema/harita.php,2026-08-31,603,603,bulundu,https://15temmuzkaihl.meb.k12.tr/,2026-10-01T19:30:38.147617+00:00,,Öğrenci Sayısı : 603
İzmir,Konak,19 Mayıs Ortaokulu,730631,Ortaokul,https://konak19mayisortaokulu.meb.k12.tr,,,https://konak19mayisortaokulu.meb.k12.tr/tema/harita.php,2026-08-31,239,239,bulundu,https://konak19mayisortaokulu.meb.k12.tr/,2026-10-01T19:30:38.247753+00:00,,Öğrenci Sayısı : 239
İzmir,Konak,19 Mayıs İlkokulu,584593,İlkokul,https://konak19mayis.meb.k12.tr,,,https://konak19mayis.meb.k12.tr/tema/harita.php,2026-08-31,,,bulunamadi,,2026-10-01T19:30:38.257535+00:00,,
İzmir,Konak,26 Ağustos Ortaokulu,730815,Ortaokul,https://26agustosortaokulu.meb.k12.tr,,,https://26agustosortaokulu.meb.k12.tr/tema/harita.php,2026-08-31,262,262,bulundu,https://26agustosortaokulu.meb.k12.tr/,2026-10-01T19:30:38.268071+00:00,,Öğrenci Sayısı 262
İzmir,Konak,50. Yıl Anadolu Lisesi,972896,Anadolu Lisesi,https://50yilanadolulisesi.meb.k12.tr,,,https://50yilanadolulisesi.meb.k12.tr/tema/harita.php,2026-08-31,135,135,bulundu,https://50yilanadolulisesi.meb.k12.tr/,2026-10-01T19:30:38.304484+00:00,,Öğrenci Sayısı : 135
İzmir,Konak,80.Yıl Eşrefpaşa İlkokulu,638239,İlkokul,https://80yilesrefpasailkokulu.meb.k12.tr,,,https://80yilesrefpasailkokulu.meb.k12.tr/tema/harita.php,2026-08-31,688,688,bulundu,https://80yilesrefpasailkokulu.meb.k12.tr/,2026-10-01T19:30:38.605311+00:00,,Öğrenci Sayısı 688
İzmir,Konak,9 Eylül Ortaokulu,719879,Ortaokul,https://konak9eylulortaokulu.meb.k12.tr,,,https://konak9eylulortaokulu.meb.k12.tr/tema/harita.php,2026-08-31,421,421,bulundu,https://konak9eylulortaokulu.meb.k12.tr/,2026-10-01T19:30:38.634049+00:00,,Öğrenci Sayısı 421
İzmir,Konak,Ahmet Şefika Kilimci Özel Eğitim Uygulama Okulu I. Kademe,747114,Özel Eğitim Kurumu,https://ahmetsefika1.meb.k12.tr,,,https://ahmetsefika1.meb.k12.tr/tema/harita.php,2026-08-31,34,34,bulundu,https://ahmetsefika1.meb.k12.tr/,2026-10-01T19:30:38.858637+00:00,,Öğrenci Sayısı 34
İzmir,Konak,Ahmet Şefika Kilimci Özel Eğitim Uygulama Okulu II. Kademe,747374,Özel Eğitim Kurumu,https://ahmetsefika2.meb.k12.tr,,,https://ahmetsefika2.meb.k12.tr/tema/harita.php,2026-08-31,34,34,bulundu,https://ahmetsefika2.meb.k12.tr/,2026-10-01T19:30:38.909667+00:00,,Öğrenci Sayısı 34
İzmir,Konak,Ahmet Şefika Kilimci Özel Eğitim Uygulama Okulu III. Kademe,748114,Özel Eğitim Kurumu,https://ahmetsefika.meb.k12.tr,,,https://ahmetsefika.meb.k12.tr/tema/harita.php,2026-08-31,28,28,bulundu,https://ahmetsefika.meb.k12.tr/,2026-10-01T19:30:38.959189+00:00,,Öğrenci Sayısı : 28
İzmir,Konak,Ali Fuat Cebesoy Ortaokulu,730647,Ortaokul,https://alifuatcebesoyoo.meb.k12.tr,,,https://alifuatcebesoyoo.meb.k12.tr/tema/harita.php,2026-08-31,146,146,bulundu,https://alifuatcebesoyoo.meb.k12.tr/,2026-10-01T19:30:39.028976+00:00,,Öğrenci Sayısı : 146
İzmir,Konak,Ali Fuat Cebesoy İlkokulu,638181,İlkokul,https://alifuatcebesoyio.meb.k12.tr,,,https://alifuatcebesoyio.meb.k12.tr/tema/harita.php,2026-08-31,154,154,bulundu,https://alifuatcebesoyio.meb.k12.tr/,2026-10-01T19:30:39.106192+00:00,,Öğrenci Sayısı : 154
İzmir,Konak,Alsancak Melih Özakat İlkokulu,886499,İlkokul,https://alsancakmelihozakat.meb.k12.tr,,,https://alsancakmelihozakat.meb.k12.tr/tema/harita.php,2026-08-31,299,299,bulundu,https://alsancakmelihozakat.meb.k12.tr/,2026-10-01T19:30:39.160147+00:00,,Öğrenci Sayısı: 299
İzmir,Konak,Atatürk Lisesi,454761,Lise,https://izmirataturklisesi.meb.k12.tr,,,https://izmirataturklisesi.meb.k12.tr/tema/harita.php,2026-08-31,1191,1191,bulundu,https://izmirataturklisesi.meb.k12.tr/tema/okulumuz_hakkinda.php,2026-10-01T19:30:39.268535+00:00,,Öğrenci : 1191
İzmir,Konak,Barbaros Hayrettin Ortaokulu,730774,Ortaokul,https://barbaroshayrettinortaokulu.meb.k12.tr,,,https://barbaroshayrettinortaokulu.meb.k12.tr/tema/harita.php,2026-08-31,283,283,bulundu,https://barbaroshayrettinortaokulu.meb.k12.tr/,2026-10-01T19:30:39.289565+00:00,,Öğrenci Sayısı 283
İzmir,Konak,Barbaros Hayrettin İlkokulu,730766,İlkokul,https://barbaroshayrettinilkokulu.meb.k12.tr,,,https://barbaroshayrettinilkokulu.meb.k12.tr/tema/harita.php,2026-08-31,591,591,bulundu,https://barbaroshayrettinilkokulu.meb.k12.tr/,2026-10-01T19:30:39.390128+00:00,,Öğrenci Sayısı : 591
İzmir,Konak,Barbaros Hayrettin İmam Hatip Ortaokulu,749746,İmam Hatip Ortaokulu,https://barbaros-iho.meb.k12.tr,,,https://barbaros-iho.meb.k12.tr/tema/harita.php,2026-08-31,162,162,bulundu,https://barbaros-iho.meb.k12.tr/,2026-10-01T19:30:39.394439+00:00,,Öğrenci Sayısı : 162
İzmir,Konak,Başöğretmen İlkokulu,584640,İlkokul,https://konakbasogretmen.meb.k12.tr,,,https://konakbasogretmen.meb.k12.tr/tema/harita.php,2026-08-31,358,358,bulundu,https://konakbasogretmen.meb.k12.tr/tema/okulumuz_hakkinda.php,2026-10-01T19:30:39.452349+00:00,,Öğrenci : 358
İzmir,Konak,Boğaziçi Ortaokulu,730555,Ortaokul,https://konakbogazicioo.meb.k12.tr,,,https://konakbogazicioo.meb.k12.tr/tema/harita.php,2026-08-31,178,178,bulundu,https://konakbogazicioo.meb.k12.tr/,2026-10-01T19:30:39.482578+00:00,,Öğrenci Sayısı : 178
İzmir,Konak,Boğaziçi İlkokulu,730558,İlkokul,https://kbogaziciilkokulu.meb.k12.tr,,,https://kbogaziciilkokulu.meb.k12.tr/tema/harita.php,2026-08-31,217,217,bulundu,https://kbogaziciilkokulu.meb.k12.tr/,2026-10-01T19:30:39.506334+00:00,,Öğrenci Sayısı : 217
İzmir,Konak,Dokuz Eylül Anadolu Lisesi,964078,Anadolu Lisesi,https://dokuzeylulanadolulisesi.meb.k12.tr,,,https://dokuzeylulanadolulisesi.meb.k12.tr/tema/harita.php,2026-08-31,220,220,bulundu,https://dokuzeylulanadolulisesi.meb.k12.tr/,2026-10-01T19:30:39.568587+00:00,,Öğrenci Sayısı : 220
İzmir,Konak,Duatepe Özden-Gülbin Koca Anaokulu,970373,Anaokulu,https://duatepeanaokulu.meb.k12.tr,,,https://duatepeanaokulu.meb.k12.tr/tema/harita.php,2026-08-31,82,82,bulundu,https://duatepeanaokulu.meb.k12.tr/,2026-10-01T19:30:39.620873+00:00,,Öğrenci Sayısı : 82
İzmir,Konak,Dumlupınar Ortaokulu,730667,Ortaokul,https://konakdumlupinaroo.meb.k12.tr,,,https://konakdumlupinaroo.meb.k12.tr/tema/harita.php,2026-08-31,,,bulunamadi,,2026-10-01T19:30:39.864055+00:00,,
İzmir,Konak,Dumlupınar Şehit Mustafa Muhammed Ak İlkokulu,730670,İlkokul,https://konakdumlupinario.meb.k12.tr,,,https://konakdumlupinario.meb.k12.tr/tema/harita.php,2026-08-31,703,703,bulundu,https://konakdumlupinario.meb.k12.tr/,2026-10-01T19:30:39.970365+00:00,,Öğrenci Sayısı 703
İzmir,Konak,Esentepe Gazi Engin Çiftçioğlu İlkokulu,718849,İlkokul,https://esentepegecilkokulu.meb.k12.tr,,,https://esentepegecilkokulu.meb.k12.tr/tema/harita.php,2026-08-31,,,bulunamadi,,2026-10-01T19:30:40.046892+00:00,,
İzmir,Konak,Fatih Mehmet İmam Hatip Ortaokulu,761510,İmam Hatip Ortaokulu,https://fatihmehmetimamhatipoo.meb.k12.tr,,,https://fatihmehmetimamhatipoo.meb.k12.tr/tema/harita.php,2026-08-31,,,bulunamadi,,2026-10-01T19:30:40.051090+00:00,,
İzmir,Konak,Gazi Ortaokulu,719937,Ortaokul,https://konakgaziortaokulu.meb.k12.tr,,,https://konakgaziortaokulu.meb.k12.tr/tema/harita.php,2026-08-31,630,630,bulundu,https://konakgaziortaokulu.meb.k12.tr/tema/okulumuz_hakkinda.php,2026-10-01T19:30:41.091195+00:00,,Öğrenci : 630
İzmir,Konak,Gazi Osman Paşa İlkokulu,313180,İlkokul,https://konakgaziosmanpasaioo.meb.k12.tr,,,https://konakgaziosmanpasaioo.meb.k12.tr/tema/harita.php,2026-08-31,332,332,bulundu,https://konakgaziosmanpasaioo.meb.k12.tr/,2026-10-01T19:30:41.089339+00:00,,Öğrenci Sayısı 332
İzmir,Konak,Gürçeşme Leman Alptekin Ortaokulu,730573,Ortaokul,https://lemanalptekinoo.meb.k12.tr,,,https://lemanalptekinoo.meb.k12.tr/tema/harita.php,2026-08-31,214,214,bulundu,https://lemanalptekinoo.meb.k12.tr/tema/okulumuz_hakkinda.php,2026-10-01T19:30:41.090780+00:00,,Öğrenci : 214
İzmir,Konak,Gürçeşme Leman Alptekin İlkokulu,638335,İlkokul,https://lemanalptekinio.meb.k12.tr,,,https://lemanalptekinio.meb.k12.tr/tema/harita.php,2026-08-31,307,307,bulundu,https://lemanalptekinio.meb.k12.tr/,2026-10-01T19:30:41.089816+00:00,,Öğrenci Sayısı 307
İzmir,Konak,Güzelyalı Ortaokulu,737450,Ortaokul,https://guzelyaliortaokulu.meb.k12.tr,,,https://guzelyaliortaokulu.meb.k12.tr/tema/harita.php,2026-08-31,2092,2092,bulundu,https://guzelyaliortaokulu.meb.k12.tr/,2026-10-01T19:30:41.102783+00:00,,Öğrenci Sayısı : 2092
İzmir,Konak,Hacı Şakir Eczacıbaşı İmam Hatip Ortaokulu,765693,İmam Hatip Ortaokulu,https://hacisakireczacibasiiho.meb.k12.tr,,,https://hacisakireczacibasiiho.meb.k12.tr/tema/harita.php,2026-08-31,11,11,bulundu,https://hacisakireczacibasiiho.meb.k12.tr/,2026-10-01T19:30:41.110796+00:00,,Öğrenci Sayısı 11
İzmir,Konak,Hacışakir Eczacıbaşı Ortaokulu,720088,Ortaokul,https://hacisakireczacibasioo.meb.k12.tr,,,https://hacisakireczacibasioo.meb.k12.tr/tema/harita.php,2026-08-31,460,460,bulundu,https://hacisakireczacibasioo.meb.k12.tr/,2026-10-01T19:30:41.097473+00:00,,Öğrenci Sayısı : 460
İzmir,Konak,Hakimiyet-i Milliye İlkokulu,737634,İlkokul,https://hakimiyetimilliye.meb.k12.tr,,,https://hakimiyetimilliye.meb.k12.tr/tema/harita.php,2026-08-31,774,774,bulundu,https://hakimiyetimilliye.meb.k12.tr/,2026-10-01T19:30:41.096836+00:00,,Öğrenci Sayısı : 774
İzmir,Konak,Halitbey İlkokulu,718951,İlkokul,https://halitbeyilkokulu.meb.k12.tr,,,https://halitbeyilkokulu.meb.k12.tr/tema/harita.php,2026-08-31,302,302,bulundu,https://halitbeyilkokulu.meb.k12.tr/,2026-10-01T19:30:41.113217+00:00,,Öğrenci Sayısı : 302
İzmir,Konak,Hamdi Dalan Özel Eğitim Uygulama Okulu III. Kademe,764193,Özel Eğitim Kurumu,https://hamdidalan.meb.k12.tr,,,https://hamdidalan.meb.k12.tr/tema/harita.php,2026-08-31,68,68,bulundu,https://hamdidalan.meb.k12.tr/tema/okulumuz_hakkinda.php,2026-10-01T19:30:41.105771+00:00,,Öğrenci : 68
İzmir,Konak,Kadifekale Zübeyde Hanım İlkokulu,584341,İlkokul,https://kkalezubeydehanim.meb.k12.tr,,,https://kkalezubeydehanim.meb.k12.tr/tema/harita.php,2026-08-31,658,658,bulundu,https://kkalezubeydehanim.meb.k12.tr/,2026-10-01T19:30:41.098555+00:00,,Öğrenci Sayısı 658
İzmir,Konak,Karataş Anadolu Lisesi,163899,Anadolu Lisesi,https://karataslisesi.meb.k12.tr,,,https://karataslisesi.meb.k12.tr/tema/harita.php,2026-08-31,583,583,bulundu,https://karataslisesi.meb.k12.tr/,2026-10-01T19:30:41.104776+00:00,,Öğrenci Sayısı : 583
İzmir,Konak,Kazım Karabekir Ortaokulu,720223,Ortaokul,https://konakkazimkarabekirortaokulu.meb.k12.tr,,,https://konakkazimkarabekirortaokulu.meb.k12.tr/tema/harita.php,2026-08-31,641,641,bulundu,https://konakkazimkarabekirortaokulu.meb.k12.tr/,2026-10-01T19:30:41.291088+00:00,,Öğrenci Sayısı 641
İzmir,Konak,Kazım Karabekir İmam Hatip Ortaokulu,764038,İmam Hatip Ortaokulu,https://konakkazimkarabekiriho.meb.k12.tr,,,https://konakkazimkarabekiriho.meb.k12.tr/tema/harita.php,2026-08-31,117,117,bulundu,https://konakkazimkarabekiriho.meb.k12.tr/,2026-10-01T19:30:41.342683+00:00,,Öğrenci Sayısı : 117
İzmir,Konak,Kemal Atatürk Ortaokulu,737435,Ortaokul,https://kemalataturkortaokulu.meb.k12.tr,,,https://kemalataturkortaokulu.meb.k12.tr/tema/harita.php,2026-08-31,552,552,bulundu,https://kemalataturkortaokulu.meb.k12.tr/,2026-10-01T19:30:41.632462+00:00,,Öğrenci Sayısı 552
İzmir,Konak,Kemal Reis İlkokulu,719020,İlkokul,https://kemalreisilkokulu.meb.k12.tr,,,https://kemalreisilkokulu.meb.k12.tr/tema/harita.php,2026-08-31,164,164,bulundu,https://kemalreisilkokulu.meb.k12.tr/,2026-10-01T19:30:41.644481+00:00,,Öğrenci Sayısı : 164
İzmir,Konak,Kestelli Şerife Eczacıbaşı Ortaokulu,720320,Ortaokul,https://kestelliserife.meb.k12.tr,,,https://kestelliserife.meb.k12.tr/tema/harita.php,2026-08-31,354,354,bulundu,https://kestelliserife.meb.k12.tr/,2026-10-01T19:30:41.893198+00:00,,Öğrenci Sayısı : 354
İzmir,Konak,Kocatepe Mehmet Lütfiye Dönmez İlkokulu,719133,İlkokul,https://kocatepemldio.meb.k12.tr,,,https://kocatepemldio.meb.k12.tr/tema/harita.php,2026-08-31,296,296,bulundu,https://kocatepemldio.meb.k12.tr/,2026-10-01T19:30:41.909465+00:00,,Öğrenci Sayısı 296
İzmir,Konak,Konak Alsancak Nevvar-Salih İşgören Turizm Mesleki ve Teknik Anadolu Lisesi,378105,Mesleki ve Teknik Anadolu Lisesi,https://izmirotelcilik.meb.k12.tr,,,https://izmirotelcilik.meb.k12.tr/tema/harita.php,2026-08-31,325,325,bulundu,https://izmirotelcilik.meb.k12.tr/,2026-10-01T19:30:41.943251+00:00,,Öğrenci Sayısı : 325
İzmir,Konak,Konak Anadolu Lisesi,300446,Anadolu Lisesi,https://konakanadolulisesi.meb.k12.tr,,,https://konakanadolulisesi.meb.k12.tr/tema/harita.php,2026-08-31,464,464,bulundu,https://konakanadolulisesi.meb.k12.tr/tema/okulumuz_hakkinda.php,2026-10-01T19:30:42.018067+00:00,,Öğrenci : 464
İzmir,Konak,Konak Anadolu İmam Hatip Lisesi,767303,Anadolu İmam Hatip Lisesi,https://konakaihl.meb.k12.tr,,,https://konakaihl.meb.k12.tr/tema/harita.php,2026-08-31,55,55,bulundu,https://konakaihl.meb.k12.tr/,2026-10-01T19:30:42.110230+00:00,,Öğrenci Sayısı 55
İzmir,Konak,Konak Atatürk Mesleki ve Teknik Anadolu Lisesi,962984,Mesleki ve Teknik Anadolu Lisesi,https://izmirasml.meb.k12.tr,,,https://izmirasml.meb.k12.tr/tema/harita.php,2026-08-31,693,693,bulundu,https://izmirasml.meb.k12.tr/,2026-10-01T19:30:42.121425+00:00,,Öğrenci Sayısı : 693
İzmir,Konak,Konak Beştepeler Çok Programlı Anadolu Lisesi,748422,Çok Programlı Anadolu Lisesi,https://bestepelercpal.meb.k12.tr,,,https://bestepelercpal.meb.k12.tr/tema/harita.php,2026-08-31,,,bulunamadi,,2026-10-01T19:30:42.177810+00:00,,
İzmir,Konak,Konak Cumhuriyet N.S. İşgören Mesleki ve Teknik Anadolu Lisesi,870414,Mesleki ve Teknik Anadolu Lisesi,https://cumhuriyetnsi.meb.k12.tr,,,https://cumhuriyetnsi.meb.k12.tr/tema/harita.php,2026-08-31,,,bulunamadi,,2026-10-01T19:30:42.257898+00:00,,
İzmir,Konak,Konak Göztepe Mesleki ve Teknik Anadolu Lisesi,216504,Mesleki ve Teknik Anadolu Lisesi,https://goztepektml.meb.k12.tr,,,https://goztepektml.meb.k12.tr/tema/harita.php,2026-08-31,579,579,bulundu,https://goztepektml.meb.k12.tr/,2026-10-01T19:30:42.472946+00:00,,Öğrenci Sayısı 579
İzmir,Konak,Konak Gültepe Nenehatun Mesleki ve Teknik Anadolu Lisesi,164055,Mesleki ve Teknik Anadolu Lisesi,https://nenehatunkml.meb.k12.tr,,,https://nenehatunkml.meb.k12.tr/tema/harita.php,2026-08-31,153,153,bulundu,https://nenehatunkml.meb.k12.tr/,2026-10-01T19:30:42.558187+00:00,,Öğrenci Sayısı : 153
İzmir,Konak,Konak Halk Eğitimi Merkezi,164209,Halk Eğitimi Merkezi,https://konakhem.meb.k12.tr,,,https://konakhem.meb.k12.tr/tema/harita.php,2026-08-31,,,bulunamadi,,2026-10-01T19:30:42.573858+00:00,,
İzmir,Konak,Konak Hürriyet Anadolu Lisesi,964080,Anadolu Lisesi,https://hurriyetanadolulisesi.meb.k12.tr,,,https://hurriyetanadolulisesi.meb.k12.tr/tema/harita.php,2026-08-31,294,294,bulundu,https://hurriyetanadolulisesi.meb.k12.tr/,2026-10-01T19:30:42.626100+00:00,,Öğrenci Sayısı : 294
İzmir,Konak,Konak Kahramanlar Mustafa Öğütveren Ortaokulu,730700,Ortaokul,https://kahramanlaro35.meb.k12.tr,,,https://kahramanlaro35.meb.k12.tr/tema/harita.php,2026-08-31,175,175,bulundu,https://kahramanlaro35.meb.k12.tr/,2026-10-01T19:30:42.636631+00:00,,Öğrenci Sayısı : 175
İzmir,Konak,Konak Kahramanlar Mustafa Öğütveren İlkokulu,730702,İlkokul,https://kahramanlar35.meb.k12.tr,,,https://kahramanlar35.meb.k12.tr/tema/harita.php,2026-08-31,201,201,bulundu,https://kahramanlar35.meb.k12.tr/,2026-10-01T19:30:42.694092+00:00,,Öğrenci Sayısı: 201
İzmir,Konak,Konak Küçükyalı Mesleki ve Teknik Anadolu Lisesi,365840,Mesleki ve Teknik Anadolu Lisesi,https://kucukyalimtal.meb.k12.tr,,,https://kucukyalimtal.meb.k12.tr/tema/harita.php,2026-08-31,569,569,bulundu,https://kucukyalimtal.meb.k12.tr/,2026-10-01T19:30:42.710912+00:00,,Öğrenci Sayısı 569
İzmir,Konak,Konak Mersinli Mesleki Eğitim Merkezi,776396,Mesleki Eğitim Merkezi,https://776396.meb.k12.tr,,,https://776396.meb.k12.tr/tema/harita.php,2026-08-31,937,937,bulundu,https://776396.meb.k12.tr/,2026-10-01T19:30:42.734513+00:00,,Öğrenci Sayısı : 937
İzmir,Konak,Konak Mersinli Mesleki ve Teknik Anadolu Lisesi,163983,Mesleki ve Teknik Anadolu Lisesi,https://mersinlieml.meb.k12.tr,,,https://mersinlieml.meb.k12.tr/tema/harita.php,2026-08-31,542,542,bulundu,https://mersinlieml.meb.k12.tr/,2026-10-01T19:30:42.756490+00:00,,Öğrenci Sayısı 542
İzmir,Konak,Konak Mithatpaşa Mesleki ve Teknik Anadolu Lisesi,163971,Mesleki ve Teknik Anadolu Lisesi,https://mithatpasaeml.meb.k12.tr,,,https://mithatpasaeml.meb.k12.tr/tema/harita.php,2026-08-31,1093,1093,bulundu,https://mithatpasaeml.meb.k12.tr/,2026-10-01T19:30:42.809892+00:00,,Öğrenci Sayısı : 1093
İzmir,Konak,Konak Moris Bencuya Özel Eğitim Uygulama Okulu I. Kademe,747489,Özel Eğitim Kurumu,https://konakotizm.meb.k12.tr,,,https://konakotizm.meb.k12.tr/tema/harita.php,2026-08-31,32,32,bulundu,https://konakotizm.meb.k12.tr/,2026-10-01T19:30:43.044632+00:00,,Öğrenci Sayısı: 32
İzmir,Konak,Konak Moris Bencuya Özel Eğitim Uygulama Okulu II. Kademe,747516,Özel Eğitim Kurumu,https://konakmorisbencuya-otizm.meb.k12.tr,,,https://konakmorisbencuya-otizm.meb.k12.tr/tema/harita.php,2026-08-31,19,19,bulundu,https://konakmorisbencuya-otizm.meb.k12.tr/,2026-10-01T19:30:43.094086+00:00,,Öğrenci Sayısı 19
İzmir,Konak,Konak Moris Bencuya Özel Eğitim Uygulama Okulu III. Kademe,752445,Özel Eğitim Kurumu,https://morisbencuyaozelegitim.meb.k12.tr,,,https://morisbencuyaozelegitim.meb.k12.tr/tema/harita.php,2026-08-31,,,bulunamadi,,2026-10-01T19:30:43.112032+00:00,,
İzmir,Konak,Konak Mustafa Kemal Atatürk Ticaret Mesleki ve Teknik Anadolu Lisesi,872209,Mesleki ve Teknik Anadolu Lisesi,https://izmiratml.meb.k12.tr,,,https://izmiratml.meb.k12.tr/tema/harita.php,2026-08-31,243,243,bulundu,https://izmiratml.meb.k12.tr/,2026-10-01T19:30:43.164035+00:00,,Öğrenci Sayısı : 243
İzmir,Konak,Konak Nevvar Salih İşgören Eğitim Kampüsü Çok Programlı Anadolu Lisesi,970046,Çok Programlı Anadolu Lisesi,https://nsieml.meb.k12.tr,,,https://nsieml.meb.k12.tr/tema/harita.php,2026-08-31,418,418,bulundu,https://nsieml.meb.k12.tr/,2026-10-01T19:30:43.177269+00:00,,Öğrenci Sayısı 418
İzmir,Konak,Konak Nevvar Salih İşgören Eğitim Kampüsü-2 Mesleki ve Teknik Anadolu Lisesi,967745,Mesleki ve Teknik Anadolu Lisesi,https://nsiekkml.meb.k12.tr,,,https://nsiekkml.meb.k12.tr/tema/harita.php,2026-08-31,537,537,bulundu,https://nsiekkml.meb.k12.tr/,2026-10-01T19:30:43.204970+00:00,,Öğrenci Sayısı 537
İzmir,Konak,Konak Nevvar Salih İşgören Eğitim Kampüsü-3 Ticaret Mesleki ve Teknik Anadolu Lisesi,969900,Mesleki ve Teknik Anadolu Lisesi,https://nsikampus3.meb.k12.tr,,,https://nsikampus3.meb.k12.tr/tema/harita.php,2026-08-31,430,430,bulundu,https://nsikampus3.meb.k12.tr/tema/okulumuz_hakkinda.php,2026-10-01T19:30:43.525731+00:00,,Öğrenci : 430
İzmir,Konak,Konak Nevvar Salih İşgören Eğitim Kampüsü-4 Denizcilik Mesleki ve Teknik Anadolu Lisesi,969778,Mesleki ve Teknik Anadolu Lisesi,https://nsidenizcilikaml.meb.k12.tr,,,https://nsidenizcilikaml.meb.k12.tr/tema/harita.php,2026-08-31,289,289,bulundu,https://nsidenizcilikaml.meb.k12.tr/,2026-10-01T19:30:43.598400+00:00,,Öğrenci Sayısı : 289
İzmir,Konak,Konak Nevvar Salih İşgören Eğitim Kampüsü-5 Turizm Mesleki ve Teknik Anadolu Lisesi,969901,Mesleki ve Teknik Anadolu Lisesi,https://kampusotelcilik.meb.k12.tr,,,https://kampusotelcilik.meb.k12.tr/tema/harita.php,2026-08-31,417,417,bulundu,https://kampusotelcilik.meb.k12.tr/tema/okulumuz_hakkinda.php,2026-10-01T19:30:43.666571+00:00,,Öğrenci : 417
İzmir,Konak,Konak Rehberlik ve Araştırma Merkezi,164246,Rehberlik ve Araştırma Merkezi,https://konakram.meb.k12.tr,,,https://konakram.meb.k12.tr/tema/harita.php,2026-08-31,,,bulunamadi,,2026-10-01T19:30:43.715371+00:00,,
İzmir,Konak,Konak Çınarlı Mesleki ve Teknik Anadolu Lisesi,164031,Mesleki ve Teknik Anadolu Lisesi,https://cinarlieml.meb.k12.tr,,,https://cinarlieml.meb.k12.tr/tema/harita.php,2026-08-31,1974,1974,bulundu,https://cinarlieml.meb.k12.tr/,2026-10-01T19:30:43.821451+00:00,,Öğrenci Sayısı : 1974
İzmir,Konak,Konak Ömer Zeybek Ticaret Mesleki ve Teknik Anadolu Lisesi,381371,Mesleki ve Teknik Anadolu Lisesi,https://omerzeybek.meb.k12.tr,,,https://omerzeybek.meb.k12.tr/tema/harita.php,2026-08-31,,,bulunamadi,,2026-10-01T19:30:43.831918+00:00,,
İzmir,Konak,Konak Özel Eğitim Meslek Okulu,747252,Özel Eğitim Kurumu,https://konakisokulu.meb.k12.tr,,,https://konakisokulu.meb.k12.tr/tema/harita.php,2026-08-31,,,bulunamadi,,2026-10-01T19:30:43.864033+00:00,,
İzmir,Konak,Konak İbn-i Sina Mesleki ve Teknik Anadolu Lisesi,962980,Mesleki ve Teknik Anadolu Lisesi,https://ibnisinaasml.meb.k12.tr,,,https://ibnisinaasml.meb.k12.tr/tema/harita.php,2026-08-31,520,520,bulundu,https://ibnisinaasml.meb.k12.tr/,2026-10-01T19:30:43.915697+00:00,,Öğrenci Sayısı : 520
İzmir,Konak,Konak İmam Hatip Ortaokulu,720948,İmam Hatip Ortaokulu,https://konakiho.meb.k12.tr,,,https://konakiho.meb.k12.tr/tema/harita.php,2026-08-31,168,168,bulundu,https://konakiho.meb.k12.tr/tema/okulumuz_hakkinda.php,2026-10-01T19:30:44.002692+00:00,,Öğrenci : 168
İzmir,Konak,Konak Şehit Ömer Halisdemir Bilim ve Sanat Merkezi,973623,Bilim ve Sanat Merkezi,https://konakbilsem.meb.k12.tr,,,https://konakbilsem.meb.k12.tr/tema/harita.php,2026-08-31,561,561,bulundu,https://konakbilsem.meb.k12.tr/tema/okulumuz_hakkinda.php,2026-10-01T19:30:44.009817+00:00,,Öğrenci : 561
İzmir,Konak,Kıbrıs Şehitleri Ortaokulu,730753,Ortaokul,https://izmirkibrissehitleriortaokulu.meb.k12.tr,,,https://izmirkibrissehitleriortaokulu.meb.k12.tr/tema/harita.php,2026-08-31,489,489,bulundu,https://izmirkibrissehitleriortaokulu.meb.k12.tr/,2026-10-01T19:30:44.042945+00:00,,Öğrenci Sayısı : 489
İzmir,Konak,Kıbrıs Şehitleri İlkokulu,584304,İlkokul,https://konakkibrissehitleriilkokulu.meb.k12.tr,,,https://konakkibrissehitleriilkokulu.meb.k12.tr/tema/harita.php,2026-08-31,477,477,bulundu,https://konakkibrissehitleriilkokulu.meb.k12.tr/,2026-10-01T19:30:44.062664+00:00,,Öğrenci Sayısı 477
İzmir,Konak,Mehmet Akif Ersoy İlkokulu,719187,İlkokul,https://mehmetakifersoykonak.meb.k12.tr,,,https://mehmetakifersoykonak.meb.k12.tr/tema/harita.php,2026-08-31,434,434,bulundu,https://mehmetakifersoykonak.meb.k12.tr/,2026-10-01T19:30:44.095427+00:00,,Öğrenci Sayısı : 434
İzmir,Konak,Mehmetcik İlkokulu,638372,İlkokul,https://konakmehmetcik.meb.k12.tr,,,https://konakmehmetcik.meb.k12.tr/tema/harita.php,2026-08-31,625,625,bulundu,https://konakmehmetcik.meb.k12.tr/,2026-10-01T19:30:44.134348+00:00,,Öğrenci Sayısı 625
İzmir,Konak,Meliha ve Doğan Akad İlkokulu,719341,İlkokul,https://konakmelihavedoganakadilkokulu.meb.k12.tr,,,https://konakmelihavedoganakadilkokulu.meb.k12.tr/tema/harita.php,2026-08-31,251,251,bulundu,https://konakmelihavedoganakadilkokulu.meb.k12.tr/,2026-10-01T19:30:44.271251+00:00,,Öğrenci Sayısı : 251
İzmir,Konak,Mersinli Ortaokulu,730537,Ortaokul,https://mersinlioo.meb.k12.tr,,,https://mersinlioo.meb.k12.tr/tema/harita.php,2026-08-31,85,85,bulundu,https://mersinlioo.meb.k12.tr/,2026-10-01T19:30:44.319382+00:00,,Öğrenci Sayısı : 85
İzmir,Konak,Mersinli İlkokulu,877811,İlkokul,https://mersinliilkokulu.meb.k12.tr,,,https://mersinliilkokulu.meb.k12.tr/tema/harita.php,2026-08-31,102,102,bulundu,https://mersinliilkokulu.meb.k12.tr/,2026-10-01T19:30:44.872184+00:00,,Öğrenci Sayısı: 102
İzmir,Konak,Mevlana İlkokulu,584269,İlkokul,https://konakmevlanaioo.meb.k12.tr,,,https://konakmevlanaioo.meb.k12.tr/tema/harita.php,2026-08-31,270,270,bulundu,https://konakmevlanaioo.meb.k12.tr/,2026-10-01T19:30:45.186453+00:00,,Öğrenci Sayısı 270
İzmir,Konak,Mimar Sinan Ortaokulu,730718,Ortaokul,https://konakmimarsinan.meb.k12.tr,,,https://konakmimarsinan.meb.k12.tr/tema/harita.php,2026-08-31,527,527,bulundu,https://konakmimarsinan.meb.k12.tr/,2026-10-01T19:30:45.196242+00:00,,Öğrenci Sayısı : 527
İzmir,Konak,Mimar Sinan İlkokulu,730721,İlkokul,https://konakmimarsinanio.meb.k12.tr,,,https://konakmimarsinanio.meb.k12.tr/tema/harita.php,2026-08-31,610,610,bulundu,https://konakmimarsinanio.meb.k12.tr/,2026-10-01T19:30:45.647360+00:00,,Öğrenci Sayısı 610
İzmir,Konak,Misak-ı Milli Ortaokulu,720342,Ortaokul,https://konakmisakimilli.meb.k12.tr,,,https://konakmisakimilli.meb.k12.tr/tema/harita.php,2026-08-31,716,716,bulundu,https://konakmisakimilli.meb.k12.tr/,2026-10-01T19:30:45.733263+00:00,,Öğrenci Sayısı 716
İzmir,Konak,Murat Reis İlkokulu,737778,İlkokul,https://muratreisilkokulu.meb.k12.tr,,,https://muratreisilkokulu.meb.k12.tr/tema/harita.php,2026-08-31,248,248,bulundu,https://muratreisilkokulu.meb.k12.tr/,2026-10-01T19:30:45.776228+00:00,,Öğrenci Sayısı : 248
İzmir,Konak,Mustafa Kemal İlkokulu,719430,İlkokul,https://konakmustafakemalio.meb.k12.tr,,,https://konakmustafakemalio.meb.k12.tr/tema/harita.php,2026-08-31,378,378,bulundu,https://konakmustafakemalio.meb.k12.tr/,2026-10-01T19:30:45.834608+00:00,,Öğrenci Sayısı 378
İzmir,Konak,Mustafa Rahmi Balaban Anaokulu,771781,Anaokulu,https://mrbao.meb.k12.tr,,,https://mrbao.meb.k12.tr/tema/harita.php,2026-08-31,161,161,bulundu,https://mrbao.meb.k12.tr/,2026-10-01T19:30:45.858296+00:00,,Öğrenci Sayısı: 161
İzmir,Konak,Mustafa Rahmi Balaban Ortaokulu,749660,Ortaokul,https://mrborta.meb.k12.tr,,,https://mrborta.meb.k12.tr/tema/harita.php,2026-08-31,265,265,bulundu,https://mrborta.meb.k12.tr/tema/okulumuz_hakkinda.php,2026-10-01T19:30:45.882420+00:00,,Öğrenci : 265
İzmir,Konak,Mustafa Rahmi Balaban İlkokulu,747888,İlkokul,https://mrbio.meb.k12.tr,,,https://mrbio.meb.k12.tr/tema/harita.php,2026-08-31,348,348,bulundu,https://mrbio.meb.k12.tr/,2026-10-01T19:30:45.886095+00:00,,Öğrenci Sayısı: 348
İzmir,Konak,Müdafaa-i Hukuk İlkokulu,719445,İlkokul,https://mudafaihukuk.meb.k12.tr,,,https://mudafaihukuk.meb.k12.tr/tema/harita.php,2026-08-31,276,276,bulundu,https://mudafaihukuk.meb.k12.tr/,2026-10-01T19:30:46.188626+00:00,,Öğrenci Sayısı : 276
İzmir,Konak,Namık Kemal Anadolu Lisesi,163826,Anadolu Lisesi,https://izmirnamikkemallisesi.meb.k12.tr,,,https://izmirnamikkemallisesi.meb.k12.tr/tema/harita.php,2026-08-31,866,866,bulundu,https://izmirnamikkemallisesi.meb.k12.tr/,2026-10-01T19:30:46.305404+00:00,,Öğrenci Sayısı 866
İzmir,Konak,Namık Kemal İlkokulu,719462,İlkokul,https://konaknamikkemalio.meb.k12.tr,,,https://konaknamikkemalio.meb.k12.tr/tema/harita.php,2026-08-31,221,221,bulundu,https://konaknamikkemalio.meb.k12.tr/,2026-10-01T19:30:46.349749+00:00,,Öğrenci Sayısı : 221
İzmir,Konak,Necatibey Ortaokulu,730764,Ortaokul,https://konaknecatibeyortaokulu.meb.k12.tr,,,https://konaknecatibeyortaokulu.meb.k12.tr/tema/harita.php,2026-08-31,487,487,bulundu,https://konaknecatibeyortaokulu.meb.k12.tr/,2026-10-01T19:30:46.384743+00:00,,Öğrenci Sayısı 487
İzmir,Konak,Necatibey İlkokulu,730761,İlkokul,https://konaknecatibeyilkokulu.meb.k12.tr,,,https://konaknecatibeyilkokulu.meb.k12.tr/tema/harita.php,2026-08-31,339,339,bulundu,https://konaknecatibeyilkokulu.meb.k12.tr/,2026-10-01T19:30:46.442443+00:00,,Öğrenci Sayısı 339
İzmir,Konak,Nuri Öz İlkokulu,737389,İlkokul,https://nuriozilkokulu.meb.k12.tr,,,https://nuriozilkokulu.meb.k12.tr/tema/harita.php,2026-08-31,521,521,bulundu,https://nuriozilkokulu.meb.k12.tr/,2026-10-01T19:30:46.450808+00:00,,Öğrenci Sayısı 521
İzmir,Konak,Osman Kibar Ortaokulu,720364,Ortaokul,https://osmankibarortaokulu.meb.k12.tr,,,https://osmankibarortaokulu.meb.k12.tr/tema/harita.php,2026-08-31,414,414,bulundu,https://osmankibarortaokulu.meb.k12.tr/,2026-10-01T19:30:46.540424+00:00,,Öğrenci Sayısı : 414
İzmir,Konak,Rıdvan Nafiz Edgüer Ortaokulu,720388,Ortaokul,https://rne.meb.k12.tr,,,https://rne.meb.k12.tr/tema/harita.php,2026-08-31,210,210,bulundu,https://rne.meb.k12.tr/,2026-10-01T19:30:46.650199+00:00,,Öğrenci Sayısı : 210
İzmir,Konak,Sakarya İlkokulu,737735,İlkokul,https://alsancaksakarya.meb.k12.tr,,,https://alsancaksakarya.meb.k12.tr/tema/harita.php,2026-08-31,51,51,bulundu,https://alsancaksakarya.meb.k12.tr/,2026-10-01T19:30:46.651405+00:00,,Öğrenci Sayısı : 51
İzmir,Konak,Salih İşgören İlkokulu,719598,İlkokul,https://salihisgorenio.meb.k12.tr,,,https://salihisgorenio.meb.k12.tr/tema/harita.php,2026-08-31,266,266,bulundu,https://salihisgorenio.meb.k12.tr/,2026-10-01T19:30:46.712811+00:00,,Öğrenci Sayısı : 266
İzmir,Konak,Saliha Hüseyin Özyavuz Ortaokulu,730608,Ortaokul,https://shoyavuzortaokulu.meb.k12.tr,,,https://shoyavuzortaokulu.meb.k12.tr/tema/harita.php,2026-08-31,384,384,bulundu,https://shoyavuzortaokulu.meb.k12.tr/,2026-10-01T19:30:46.794770+00:00,,Öğrenci Sayısı 384
İzmir,Konak,Saliha Hüseyin Özyavuz İlkokulu,355442,İlkokul,https://shoyavuzilkokulu.meb.k12.tr,,,https://shoyavuzilkokulu.meb.k12.tr/tema/harita.php,2026-08-31,340,340,bulundu,https://shoyavuzilkokulu.meb.k12.tr/,2026-10-01T19:30:46.890015+00:00,,Öğrenci Sayısı : 340
İzmir,Konak,Sarıkamış İlkokulu,737817,İlkokul,https://sarikamisilkokulu.meb.k12.tr,,,https://sarikamisilkokulu.meb.k12.tr/tema/harita.php,2026-08-31,155,155,bulundu,https://sarikamisilkokulu.meb.k12.tr/,2026-10-01T19:30:46.921342+00:00,,Öğrenci Sayısı 155
İzmir,Konak,Selma Yiğitalp Anadolu Lisesi,967438,Anadolu Lisesi,https://seyal.meb.k12.tr,,,https://seyal.meb.k12.tr/tema/harita.php,2026-08-31,847,847,bulundu,https://seyal.meb.k12.tr/tema/okulumuz_hakkinda.php,2026-10-01T19:30:46.985809+00:00,,Öğrenci : 847
İzmir,Konak,Sevgi Anaokulu,758209,Anaokulu,https://konaksevgianaokulu.meb.k12.tr,,,https://konaksevgianaokulu.meb.k12.tr/tema/harita.php,2026-08-31,10,10,bulundu,https://konaksevgianaokulu.meb.k12.tr/,2026-10-01T19:30:47.037520+00:00,,Öğrenci Sayısı: 10
İzmir,Konak,Seyfi Gülmezoğlu Ortaokulu,730740,Ortaokul,https://seyfigulmezogluortaokulu.meb.k12.tr,,,https://seyfigulmezogluortaokulu.meb.k12.tr/tema/harita.php,2026-08-31,314,314,bulundu,https://seyfigulmezogluortaokulu.meb.k12.tr/tema/okulumuz_hakkinda.php,2026-10-01T19:30:47.070644+00:00,,Öğrenci : 314
İzmir,Konak,Seyfi Gülmezoğlu İlkokulu,730742,İlkokul,https://seyfigulmezogluilkokulu.meb.k12.tr,,,https://seyfigulmezogluilkokulu.meb.k12.tr/tema/harita.php,2026-08-31,276,276,bulundu,https://seyfigulmezogluilkokulu.meb.k12.tr/,2026-10-01T19:30:47.156662+00:00,,Öğrenci Sayısı 276
İzmir,Konak,Turgut Reis İlkokulu,584389,İlkokul,https://konakturgutreis.meb.k12.tr,,,https://konakturgutreis.meb.k12.tr/tema/harita.php,2026-08-31,637,637,bulundu,https://konakturgutreis.meb.k12.tr/,2026-10-01T19:30:47.215509+00:00,,Öğrenci Sayısı 637
İzmir,Konak,Vali Kazımpaşa İlkokulu,847729,İlkokul,https://konakvalikazimpasa.meb.k12.tr,,,https://konakvalikazimpasa.meb.k12.tr/tema/harita.php,2026-08-31,535,535,bulundu,https://konakvalikazimpasa.meb.k12.tr/,2026-10-01T19:30:47.281420+00:00,,Öğrenci Sayısı 535
İzmir,Konak,Vali Vecdi Gönül Anadolu Lisesi,967440,Anadolu Lisesi,https://vvgal.meb.k12.tr,,,https://vvgal.meb.k12.tr/tema/harita.php,2026-08-31,511,511,bulundu,https://vvgal.meb.k12.tr/,2026-10-01T19:30:47.394527+00:00,,Öğrenci Sayısı : 511
İzmir,Konak,Vasıf Çınar İlkokulu,719750,İlkokul,https://konakvasifcinar.meb.k12.tr,,,https://konakvasifcinar.meb.k12.tr/tema/harita.php,2026-08-31,300,300,bulundu,https://konakvasifcinar.meb.k12.tr/,2026-10-01T19:30:47.447007+00:00,,Öğrenci Sayısı 300
İzmir,Konak,Yapıcıoğlu İlkokulu,719798,İlkokul,https://yapiciogluilkokulu.meb.k12.tr,,,https://yapiciogluilkokulu.meb.k12.tr/tema/harita.php,2026-08-31,557,557,bulundu,https://yapiciogluilkokulu.meb.k12.tr/tema/okulumuz_hakkinda.php,2026-10-01T19:30:47.517050+00:00,,Öğrenci : 557
İzmir,Konak,Yeşiltepe İlkokulu,886509,İlkokul,https://konakyesiltepe.meb.k12.tr,,,https://konakyesiltepe.meb.k12.tr/tema/harita.php,2026-08-31,325,325,bulundu,https://konakyesiltepe.meb.k12.tr/,2026-10-01T19:30:47.557892+00:00,,Öğrenci Sayısı : 325
İzmir,Konak,Yıldırım Kemal Bey İmam Hatip Ortaokulu,765394,İmam Hatip Ortaokulu,https://yildirimkemalbeyiho.meb.k12.tr,,,https://yildirimkemalbeyiho.meb.k12.tr/tema/harita.php,2026-08-31,218,218,bulundu,https://yildirimkemalbeyiho.meb.k12.tr/,2026-10-01T19:30:47.593803+00:00,,Öğrenci Sayısı 218
İzmir,Konak,Yıldırım Kemalbey İlkokulu,719824,İlkokul,https://yildirimkemalbeyilkokulu.meb.k12.tr,,,https://yildirimkemalbeyilkokulu.meb.k12.tr/tema/harita.php,2026-08-31,357,357,bulundu,https://yildirimkemalbeyilkokulu.meb.k12.tr/,2026-10-01T19:30:47.627811+00:00,,Öğrenci Sayısı : 357
İzmir,Konak,Zafer Ortaokulu,720660,Ortaokul,https://konakzaferoo.meb.k12.tr,,,https://konakzaferoo.meb.k12.tr/tema/harita.php,2026-08-31,331,331,bulundu,https://konakzaferoo.meb.k12.tr/,2026-10-01T19:30:47.683380+00:00,,Öğrenci Sayısı : 331
İzmir,Konak,Ziya Gökalp İmam Hatip Ortaokulu,764103,İmam Hatip Ortaokulu,https://ziyagokalpimamhatiportaokulu.meb.k12.tr,,,https://ziyagokalpimamhatiportaokulu.meb.k12.tr/tema/harita.php,2026-08-31,33,33,bulundu,https://ziyagokalpimamhatiportaokulu.meb.k12.tr/,2026-10-01T19:30:47.740138+00:00,,Öğrenci Sayısı : 33
İzmir,Konak,Zübeyde Hanım Anaokulu,752287,Anaokulu,https://izmirkonakzubeydehanimao.meb.k12.tr,,,https://izmirkonakzubeydehanimao.meb.k12.tr/tema/harita.php,2026-08-31,92,92,bulundu,https://izmirkonakzubeydehanimao.meb.k12.tr/,2026-10-01T19:30:47.748272+00:00,,Öğrenci Sayısı: 92
İzmir,Konak,Ömer Lütfü Akad Ortaokulu,720823,Ortaokul,https://omerlutfuakad.meb.k12.tr,,,https://omerlutfuakad.meb.k12.tr/tema/harita.php,2026-08-31,342,342,bulundu,https://omerlutfuakad.meb.k12.tr/,2026-10-01T19:30:47.794793+00:00,,Öğrenci Sayısı : 342
İzmir,Konak,İbni Sina Ortaokulu,737567,Ortaokul,https://konakibnisina.meb.k12.tr,,,https://konakibnisina.meb.k12.tr/tema/harita.php,2026-08-31,547,547,bulundu,https://konakibnisina.meb.k12.tr/,2026-10-01T19:30:47.854600+00:00,,Öğrenci Sayısı : 547
İzmir,Konak,İnkılap Ortaokulu,730687,Ortaokul,https://inkilaporta.meb.k12.tr,,,https://inkilaporta.meb.k12.tr/tema/harita.php,2026-08-31,354,354,bulundu,https://inkilaporta.meb.k12.tr/,2026-10-01T19:30:47.941819+00:00,,Öğrenci Sayısı : 354
İzmir,Konak,İnkılap İlkokulu,730690,İlkokul,https://konakinkilap.meb.k12.tr,,,https://konakinkilap.meb.k12.tr/tema/harita.php,2026-08-31,379,379,bulundu,https://konakinkilap.meb.k12.tr/,2026-10-01T19:30:48.481480+00:00,,Öğrenci Sayısı 379
İzmir,Konak,İsmetpaşa İlkokulu,718977,İlkokul,https://konakismetpasailkokulu.meb.k12.tr,,,https://konakismetpasailkokulu.meb.k12.tr/tema/harita.php,2026-08-31,636,636,bulundu,https://konakismetpasailkokulu.meb.k12.tr/tema/okulumuz_hakkinda.php,2026-10-01T19:30:48.673696+00:00,,Öğrenci : 636
İzmir,Konak,İzmir Adalet Anaokulu,776246,Anaokulu,https://776246.meb.k12.tr,,,https://776246.meb.k12.tr/tema/harita.php,2026-08-31,61,61,bulundu,https://776246.meb.k12.tr/,2026-10-01T19:30:48.853875+00:00,,Öğrenci Sayısı: 61
İzmir,Konak,İzmir Cumhuriyet Eğitim Müzesi,763280,Belirsiz,https://izmircumhuriyetegitimmuzesi.meb.k12.tr,,,https://izmircumhuriyetegitimmuzesi.meb.k12.tr/tema/harita.php,2026-08-31,,,bulunamadi,,2026-10-01T19:30:48.887143+00:00,,
İzmir,Konak,İzmir Kız Lisesi,320178,Lise,https://izmirkizlisesi.meb.k12.tr,,,https://izmirkizlisesi.meb.k12.tr/tema/harita.php,2026-08-31,666,666,bulundu,https://izmirkizlisesi.meb.k12.tr/tema/okulumuz_hakkinda.php,2026-10-01T19:30:49.281039+00:00,,Öğrenci : 666
İzmir,Konak,İzmir Olgunlaşma Enstitüsü,972392,Olgunlaşma Enstitüsü,https://izmirolgunlasma.meb.k12.tr,,,https://izmirolgunlasma.meb.k12.tr/tema/harita.php,2026-08-31,,,bulunamadi,,2026-10-01T19:30:49.294404+00:00,,
İzmir,Konak,İzmir Ticaret Mesleki ve Teknik Anadolu Lisesi,868622,Mesleki ve Teknik Anadolu Lisesi,https://izmirtml.meb.k12.tr,,,https://izmirtml.meb.k12.tr/tema/harita.php,2026-08-31,852,852,bulundu,https://izmirtml.meb.k12.tr/,2026-10-01T19:30:49.322137+00:00,,Öğrenci Sayısı 852
İzmir,Konak,Şehit Astsubay Bülent Aydın İmam Hatip Ortaokulu,763903,İmam Hatip Ortaokulu,https://sehitastsubaybulentaydiniho.meb.k12.tr,,,https://sehitastsubaybulentaydiniho.meb.k12.tr/tema/harita.php,2026-08-31,198,198,bulundu,https://sehitastsubaybulentaydiniho.meb.k12.tr/,2026-10-01T19:30:49.365053+00:00,,Öğrenci Sayısı 198
İzmir,Konak,Şehit Fazıl Bey Ortaokulu,720436,Ortaokul,https://sehitfazilbey.meb.k12.tr,,,https://sehitfazilbey.meb.k12.tr/tema/harita.php,2026-08-31,235,235,bulundu,https://sehitfazilbey.meb.k12.tr/,2026-10-01T19:30:49.386688+00:00,,Öğrenci Sayısı : 235
İzmir,Konak,Şehit Fethibey Ortaokulu,737411,Ortaokul,https://sehitfethibeyortaokulu.meb.k12.tr,,,https://sehitfethibeyortaokulu.meb.k12.tr/tema/harita.php,2026-08-31,454,454,bulundu,https://sehitfethibeyortaokulu.meb.k12.tr/,2026-10-01T19:30:49.443830+00:00,,Öğrenci Sayısı : 454
İzmir,Konak,Şehit Halit Zilani Çelik İmam Hatip Ortaokulu,761514,İmam Hatip Ortaokulu,https://sehithalitzilanicelikiho.meb.k12.tr,,,https://sehithalitzilanicelikiho.meb.k12.tr/tema/harita.php,2026-08-31,335,335,bulundu,https://sehithalitzilanicelikiho.meb.k12.tr/,2026-10-01T19:30:49.495185+00:00,,Öğrenci Sayısı : 335
İzmir,Konak,Şehit Mehmet Gülşen Özel Eğitim Anaokulu,763004,Anaokulu,https://sehitmehmetgulsenozelegitimanaok.meb.k12.tr,,,https://sehitmehmetgulsenozelegitimanaok.meb.k12.tr/tema/harita.php,2026-08-31,53,53,bulundu,https://sehitmehmetgulsenozelegitimanaok.meb.k12.tr/tema/okulumuz_hakkinda.php,2026-10-01T19:30:49.517657+00:00,,Öğrenci : 53
İzmir,Konak,Şehit Ömer Halisdemir Anaokulu,762534,Anaokulu,https://sehitomerhalisdemiranaokulu.meb.k12.tr,,,https://sehitomerhalisdemiranaokulu.meb.k12.tr/tema/harita.php,2026-08-31,92,92,bulundu,https://sehitomerhalisdemiranaokulu.meb.k12.tr/,2026-10-01T19:30:49.606857+00:00,,Öğrenci Sayısı: 92
İzmir,Konak,Şehit Ömer Halisdemir Kız Anadolu İmam Hatip Lisesi,758832,Anadolu İmam Hatip Lisesi,https://sehitomerhalisdemirkihveoo.meb.k12.tr,,,https://sehitomerhalisdemirkihveoo.meb.k12.tr/tema/harita.php,2026-08-31,452,452,bulundu,https://sehitomerhalisdemirkihveoo.meb.k12.tr/,2026-10-01T19:30:49.871080+00:00,,Öğrenci Sayısı : 452
İzmir,Konak,Şehit İdari Ataşe Çağlar Yücel Mesleki ve Teknik Anadolu Lisesi,164018,Mesleki ve Teknik Anadolu Lisesi,https://motormeslek.meb.k12.tr,,,https://motormeslek.meb.k12.tr/tema/harita.php,2026-08-31,1290,1290,bulundu,https://motormeslek.meb.k12.tr/,2026-10-01T19:30:49.910473+00:00,,Öğrenci Sayısı 1290
İzmir,Kınık,13 Eylül İlkokulu,637425,İlkokul,https://13eylul.meb.k12.tr,,,https://13eylul.meb.k12.tr/tema/harita.php,2026-08-31,354,354,bulundu,https://13eylul.meb.k12.tr/,2026-10-01T19:30:49.965919+00:00,,Öğrenci Sayısı : 354
İzmir,Kınık,80.Yıl Poyracık İlkokulu,716387,İlkokul,https://80yl.meb.k12.tr,,,https://80yl.meb.k12.tr/tema/harita.php,2026-08-31,316,316,bulundu,https://80yl.meb.k12.tr/,2026-10-01T19:30:50.063991+00:00,,Öğrenci Sayısı 316
İzmir,Kınık,Arpaseki Ortaokulu,720212,Ortaokul,https://arpasekiortaokulu.meb.k12.tr,,,https://arpasekiortaokulu.meb.k12.tr/tema/harita.php,2026-08-31,68,68,bulundu,https://arpasekiortaokulu.meb.k12.tr/,2026-10-01T19:30:50.183593+00:00,,Öğrenci Sayısı 68
İzmir,Kınık,Arpaseki İlkokulu,719437,İlkokul,https://arpasekiilkokulu.meb.k12.tr,,,https://arpasekiilkokulu.meb.k12.tr/tema/harita.php,2026-08-31,71,71,bulundu,https://arpasekiilkokulu.meb.k12.tr/,2026-10-01T19:30:50.768087+00:00,,Öğrenci Sayısı 71
İzmir,Kınık,Aziziye İlkokulu,887954,İlkokul,https://aziziye.meb.k12.tr,,,https://aziziye.meb.k12.tr/tema/harita.php,2026-08-31,8,8,bulundu,https://aziziye.meb.k12.tr/,2026-10-01T19:30:50.834845+00:00,,Öğrenci Sayısı 8
İzmir,Kınık,Bademalan İlkokulu,717546,İlkokul,https://bademalan.meb.k12.tr,,,https://bademalan.meb.k12.tr/tema/harita.php,2026-08-31,13,13,bulundu,https://bademalan.meb.k12.tr/,2026-10-01T19:30:50.876347+00:00,,Öğrenci Sayısı 13
İzmir,Kınık,Bağalan İlkokulu,717520,İlkokul,https://bagalan.meb.k12.tr,,,https://bagalan.meb.k12.tr/tema/harita.php,2026-08-31,37,37,bulundu,https://bagalan.meb.k12.tr/,2026-10-01T19:30:50.970045+00:00,,Öğrenci Sayısı 37
İzmir,Kınık,Fevzi Çakmak İlkokulu,976769,İlkokul,https://kfcakmak.meb.k12.tr,,,https://kfcakmak.meb.k12.tr/tema/harita.php,2026-08-31,202,202,bulundu,https://kfcakmak.meb.k12.tr/,2026-10-01T19:30:50.975868+00:00,,Öğrenci Sayısı : 202
İzmir,Kınık,Gaziosmanpaşa Ortaokulu,716920,Ortaokul,https://kinikgop.meb.k12.tr,,,https://kinikgop.meb.k12.tr/tema/harita.php,2026-08-31,236,236,bulundu,https://kinikgop.meb.k12.tr/,2026-10-01T19:30:51.078861+00:00,,Öğrenci Sayısı : 236
İzmir,Kınık,Işıklar İlkokulu,717330,İlkokul,https://isiklar.meb.k12.tr,,,https://isiklar.meb.k12.tr/tema/harita.php,2026-08-31,24,24,bulundu,https://isiklar.meb.k12.tr/,2026-10-01T19:30:51.085565+00:00,,Öğrenci Sayısı : 24
İzmir,Kınık,Köseler İlkokulu,853268,İlkokul,https://knkkoselerilkokulu.meb.k12.tr,,,https://knkkoselerilkokulu.meb.k12.tr/tema/harita.php,2026-08-31,33,33,bulundu,https://knkkoselerilkokulu.meb.k12.tr/,2026-10-01T19:30:51.271240+00:00,,Öğrenci Sayısı 33
İzmir,Kınık,Kınık Anadolu İmam Hatip Lisesi,974752,Anadolu İmam Hatip Lisesi,https://kinikaihl.meb.k12.tr,,,https://kinikaihl.meb.k12.tr/tema/harita.php,2026-08-31,183,183,bulundu,https://kinikaihl.meb.k12.tr/,2026-10-01T19:30:51.315588+00:00,,Öğrenci Sayısı 183
İzmir,Kınık,Kınık Anaokulu,777163,Anaokulu,https://izmirkinikanaokulu.meb.k12.tr,,,https://izmirkinikanaokulu.meb.k12.tr/tema/harita.php,2026-08-31,67,67,bulundu,https://izmirkinikanaokulu.meb.k12.tr/,2026-10-01T19:30:51.317081+00:00,,Öğrenci Sayısı : 67
İzmir,Kınık,Kınık Halk Eğitimi Merkezi,165575,Halk Eğitimi Merkezi,https://kinikhem.meb.k12.tr,,,https://kinikhem.meb.k12.tr/tema/harita.php,2026-08-31,,,bulunamadi,,2026-10-01T19:30:51.320959+00:00,,
İzmir,Kınık,Kınık Mesleki ve Teknik Anadolu Lisesi,907252,Mesleki ve Teknik Anadolu Lisesi,https://kinikmtal.meb.k12.tr,,,https://kinikmtal.meb.k12.tr/tema/harita.php,2026-08-31,561,561,bulundu,https://kinikmtal.meb.k12.tr/,2026-10-01T19:30:51.656299+00:00,,Öğrenci Sayısı : 561
İzmir,Kınık,Kınık Öğretmenevi ve Akşam Sanat Okulu,971225,Öğretmenevi,https://kinikogretmenevi.meb.k12.tr,,,https://kinikogretmenevi.meb.k12.tr/tema/harita.php,2026-08-31,,,bulunamadi,,2026-10-01T19:30:51.664992+00:00,,
İzmir,Kınık,Kınık Şehit Ömer Halisdemir Ortaokulu,766846,Ortaokul,https://sehitomerhalisdemirortaokulu.meb.k12.tr,,,https://sehitomerhalisdemirortaokulu.meb.k12.tr/tema/harita.php,2026-08-31,141,141,bulundu,https://sehitomerhalisdemirortaokulu.meb.k12.tr/,2026-10-01T19:30:51.727657+00:00,,Öğrenci Sayısı 141
İzmir,Kınık,Mehmet Akif Ersoy Ortaokulu,716936,Ortaokul,https://poyracikmehmetakifersoy.meb.k12.tr,,,https://poyracikmehmetakifersoy.meb.k12.tr/tema/harita.php,2026-08-31,313,313,bulundu,https://poyracikmehmetakifersoy.meb.k12.tr/,2026-10-01T19:30:51.743023+00:00,,Öğrenci Sayısı : 313
İzmir,Kınık,Mert Öztüre Özel Eğitim Meslek Lisesi,962734,Mesleki ve Teknik Anadolu Lisesi,https://mertozture.meb.k12.tr,,,https://mertozture.meb.k12.tr/tema/harita.php,2026-08-31,25,25,bulundu,https://mertozture.meb.k12.tr/,2026-10-01T19:30:52.150151+00:00,,Öğrenci Sayısı 25
İzmir,Kınık,Mustafa Kemal İlkokulu,716974,İlkokul,https://mstfkml.meb.k12.tr,,,https://mstfkml.meb.k12.tr/tema/harita.php,2026-08-31,173,173,bulundu,https://mstfkml.meb.k12.tr/,2026-10-01T19:30:52.158473+00:00,,Öğrenci Sayısı 173
İzmir,Kınık,Polyak Elmadere İlkokulu,717563,İlkokul,https://elmadere.meb.k12.tr,,,https://elmadere.meb.k12.tr/tema/harita.php,2026-08-31,51,51,bulundu,https://elmadere.meb.k12.tr/,2026-10-01T19:30:52.163406+00:00,,Öğrenci Sayısı : 51
İzmir,Kınık,Poyracık İlkokulu,775577,İlkokul,https://775577.meb.k12.tr,,,https://775577.meb.k12.tr/tema/harita.php,2026-08-31,0,0,bulundu,https://775577.meb.k12.tr/,2026-10-01T19:30:52.188324+00:00,,Öğrenci Sayısı : 0
İzmir,Kınık,Remziye Akalınlı Anaokulu,972273,Anaokulu,https://kinikanaokulu.meb.k12.tr,,,https://kinikanaokulu.meb.k12.tr/tema/harita.php,2026-08-31,101,101,bulundu,https://kinikanaokulu.meb.k12.tr/,2026-10-01T19:30:52.247815+00:00,,Öğrenci Sayısı : 101
İzmir,Kınık,Taştepe Hacı Ali Bahadır Ortaokulu,777284,Ortaokul,https://777284.meb.k12.tr,,,https://777284.meb.k12.tr/tema/harita.php,2026-08-31,35,35,bulundu,https://777284.meb.k12.tr/,2026-10-01T19:30:52.250245+00:00,,Öğrenci Sayısı : 35
İzmir,Kınık,Taştepe Hacı Ali Bahadır İlkokulu,716875,İlkokul,https://ktastepe.meb.k12.tr,,,https://ktastepe.meb.k12.tr/tema/harita.php,2026-08-31,56,56,bulundu,https://ktastepe.meb.k12.tr/,2026-10-01T19:30:52.542403+00:00,,Öğrenci Sayısı 56
İzmir,Kınık,Yayakent Ortaokulu,730388,Ortaokul,https://yayakent.meb.k12.tr,,,https://yayakent.meb.k12.tr/tema/harita.php,2026-08-31,152,152,bulundu,https://yayakent.meb.k12.tr/,2026-10-01T19:30:52.762856+00:00,,Öğrenci Sayısı : 152
İzmir,Kınık,Yayakent İlkokulu,717106,İlkokul,https://yayakentilkokulu.meb.k12.tr,,,https://yayakentilkokulu.meb.k12.tr/tema/harita.php,2026-08-31,139,139,bulundu,https://yayakentilkokulu.meb.k12.tr/,2026-10-01T19:30:52.875791+00:00,,Öğrenci Sayısı : 139
İzmir,Kınık,Yaylaköy İlkokulu,718123,İlkokul,https://yaylakoy.meb.k12.tr,,,https://yaylakoy.meb.k12.tr/tema/harita.php,2026-08-31,26,26,bulundu,https://yaylakoy.meb.k12.tr/,2026-10-01T19:30:52.930429+00:00,,Öğrenci Sayısı 26
İzmir,Kınık,Çaltı İlkokulu,594775,İlkokul,https://calti.meb.k12.tr,,,https://calti.meb.k12.tr/tema/harita.php,2026-08-31,35,35,bulundu,https://calti.meb.k12.tr/,2026-10-01T19:30:52.973129+00:00,,Öğrenci Sayısı 35
İzmir,Kınık,Şehit Cafer Atilla Ortaokulu,716905,Ortaokul,https://sehitcaferatilla.meb.k12.tr,,,https://sehitcaferatilla.meb.k12.tr/tema/harita.php,2026-08-31,468,468,bulundu,https://sehitcaferatilla.meb.k12.tr/,2026-10-01T19:30:52.987603+00:00,,Öğrenci Sayısı : 468
İzmir,Kınık,Şehit Hakan Sağınç Anadolu Lisesi,964151,Anadolu Lisesi,https://kinikshsal.meb.k12.tr,,,https://kinikshsal.meb.k12.tr/tema/harita.php,2026-08-31,299,299,bulundu,https://kinikshsal.meb.k12.tr/,2026-10-01T19:30:53.034449+00:00,,Öğrenci Sayısı 299
İzmir,Kınık,Şehit Halil Balye İmam Hatip Ortaokulu,775546,İmam Hatip Ortaokulu,https://kinikimamhatiportaokuluu.meb.k12.tr,,,https://kinikimamhatiportaokuluu.meb.k12.tr/tema/harita.php,2026-08-31,42,42,bulundu,https://kinikimamhatiportaokuluu.meb.k12.tr/,2026-10-01T19:30:53.136836+00:00,,Öğrenci Sayısı : 42
İzmir,Kınık,Şehit Sezai Geçkin İlkokulu,716338,İlkokul,https://ssezaigeckinio.meb.k12.tr,,,https://ssezaigeckinio.meb.k12.tr/tema/harita.php,2026-08-31,218,218,bulundu,https://ssezaigeckinio.meb.k12.tr/,2026-10-01T19:30:53.142534+00:00,,Öğrenci Sayısı 218
İzmir,Menderes,Akçaköy İlkokulu,774749,İlkokul,https://774749.meb.k12.tr,,,https://774749.meb.k12.tr/tema/harita.php,2026-08-31,29,29,bulundu,https://774749.meb.k12.tr/,2026-10-01T19:30:53.211076+00:00,,Öğrenci Sayısı : 29
İzmir,Menderes,Alpaslan İlkokulu,720496,İlkokul,https://menderesalpaslanilkokulu.meb.k12.tr,,,https://menderesalpaslanilkokulu.meb.k12.tr/tema/harita.php,2026-08-31,598,598,bulundu,https://menderesalpaslanilkokulu.meb.k12.tr/,2026-10-01T19:30:53.232392+00:00,,Öğrenci Sayısı 598
İzmir,Menderes,Altıntepe Ortaokulu,727568,Ortaokul,https://altintepeortaokulu.meb.k12.tr,,,https://altintepeortaokulu.meb.k12.tr/tema/harita.php,2026-08-31,202,202,bulundu,https://altintepeortaokulu.meb.k12.tr/,2026-10-01T19:30:53.406815+00:00,,Öğrenci Sayısı : 202
İzmir,Menderes,Altıntepe Şehit Onbaşı Güray Güneş İlkokulu,727569,İlkokul,https://sehitonbasiguraygunesilkokulu.meb.k12.tr,,,https://sehitonbasiguraygunesilkokulu.meb.k12.tr/tema/harita.php,2026-08-31,246,246,bulundu,https://sehitonbasiguraygunesilkokulu.meb.k12.tr/,2026-10-01T19:30:53.414482+00:00,,Öğrenci Sayısı 246
İzmir,Menderes,Ataköy İlkokulu,721708,İlkokul,https://menderesatakoyilkokulu.meb.k12.tr,,,https://menderesatakoyilkokulu.meb.k12.tr/tema/harita.php,2026-08-31,111,111,bulundu,https://menderesatakoyilkokulu.meb.k12.tr/,2026-10-01T19:30:53.435562+00:00,,Öğrenci Sayısı 111
İzmir,Menderes,Bulgurca Ortaokulu,727485,Ortaokul,https://bulgurcaoo.meb.k12.tr,,,https://bulgurcaoo.meb.k12.tr/tema/harita.php,2026-08-31,112,112,bulundu,https://bulgurcaoo.meb.k12.tr/,2026-10-01T19:30:53.485540+00:00,,Öğrenci Sayısı 112
İzmir,Menderes,Bulgurca İlkokulu,727483,İlkokul,https://bulgurcaio.meb.k12.tr,,,https://bulgurcaio.meb.k12.tr/tema/harita.php,2026-08-31,128,128,bulundu,https://bulgurcaio.meb.k12.tr/,2026-10-01T19:30:53.522794+00:00,,Öğrenci Sayısı 128
İzmir,Menderes,Cumaovası Anaokulu,776058,Anaokulu,https://776058.meb.k12.tr,,,https://776058.meb.k12.tr/tema/harita.php,2026-08-31,228,228,bulundu,https://776058.meb.k12.tr/tema/okulumuz_hakkinda.php,2026-10-01T19:30:53.653006+00:00,,Öğrenci : 228
İzmir,Menderes,Dereköy Mualla-Nusret Sezel Ortaokulu,731242,Ortaokul,https://muallanusretsezeloo.meb.k12.tr,,,https://muallanusretsezeloo.meb.k12.tr/tema/harita.php,2026-08-31,220,220,bulundu,https://muallanusretsezeloo.meb.k12.tr/,2026-10-01T19:30:53.813920+00:00,,Öğrenci Sayısı : 220
İzmir,Menderes,Dereköy İlkokulu,738034,İlkokul,https://derekoyilkoulu.meb.k12.tr,,,https://derekoyilkoulu.meb.k12.tr/tema/harita.php,2026-08-31,242,242,bulundu,https://derekoyilkoulu.meb.k12.tr/,2026-10-01T19:30:53.823440+00:00,,Öğrenci Sayısı 242
İzmir,Menderes,Develi Ortaokulu,727456,Ortaokul,https://develioo.meb.k12.tr,,,https://develioo.meb.k12.tr/tema/harita.php,2026-08-31,160,160,bulundu,https://develioo.meb.k12.tr/,2026-10-01T19:30:53.845964+00:00,,Öğrenci Sayısı : 160
İzmir,Menderes,Develi İlkokulu,727446,İlkokul,https://develiio.meb.k12.tr,,,https://develiio.meb.k12.tr/tema/harita.php,2026-08-31,152,152,bulundu,https://develiio.meb.k12.tr/tema/okulumuz_hakkinda.php,2026-10-01T19:30:53.948053+00:00,,Öğrenci : 152
İzmir,Menderes,Değirmendere Ortaokulu,727487,Ortaokul,https://degirmendereortaokulu.meb.k12.tr,,,https://degirmendereortaokulu.meb.k12.tr/tema/harita.php,2026-08-31,73,73,bulundu,https://degirmendereortaokulu.meb.k12.tr/,2026-10-01T19:30:53.971199+00:00,,Öğrenci Sayısı : 73
İzmir,Menderes,Değirmendere İlkokulu,727486,İlkokul,https://degirmendereilkokulu.meb.k12.tr,,,https://degirmendereilkokulu.meb.k12.tr/tema/harita.php,2026-08-31,102,102,bulundu,https://degirmendereilkokulu.meb.k12.tr/,2026-10-01T19:30:53.973546+00:00,,Öğrenci Sayısı : 102
İzmir,Menderes,EFEMÇUKURU İLKOKULU,727618,İlkokul,https://efemcukuruilkokulu.meb.k12.tr,,,https://efemcukuruilkokulu.meb.k12.tr/tema/harita.php,2026-08-31,12,12,bulundu,https://efemcukuruilkokulu.meb.k12.tr/,2026-10-01T19:30:54.006539+00:00,,Öğrenci Sayısı 12
İzmir,Menderes,Gölcükler Adnan Olcay Ortaokulu,720684,Ortaokul,https://gadnanolcayortaokulu.meb.k12.tr,,,https://gadnanolcayortaokulu.meb.k12.tr/tema/harita.php,2026-08-31,276,276,bulundu,https://gadnanolcayortaokulu.meb.k12.tr/tema/okulumuz_hakkinda.php,2026-10-01T19:30:54.081227+00:00,,Öğrenci : 276
İzmir,Menderes,Görece Mustafa Kemal Ortaokulu,727479,Ortaokul,https://gorecemustafakemalortaokulu.meb.k12.tr,,,https://gorecemustafakemalortaokulu.meb.k12.tr/tema/harita.php,2026-08-31,266,266,bulundu,https://gorecemustafakemalortaokulu.meb.k12.tr/,2026-10-01T19:30:54.138797+00:00,,Öğrenci Sayısı 266
İzmir,Menderes,Görece Mustafa Kemal İlkokulu,727470,İlkokul,https://gorecemustafakemalilkokulu.meb.k12.tr,,,https://gorecemustafakemalilkokulu.meb.k12.tr/tema/harita.php,2026-08-31,304,304,bulundu,https://gorecemustafakemalilkokulu.meb.k12.tr/,2026-10-01T19:30:54.188655+00:00,,Öğrenci Sayısı : 304
İzmir,Menderes,Görece Şehit Mustafa Mutlu Ortaokulu,747841,Ortaokul,https://sehitmustafamutluoo.meb.k12.tr,,,https://sehitmustafamutluoo.meb.k12.tr/tema/harita.php,2026-08-31,79,79,bulundu,https://sehitmustafamutluoo.meb.k12.tr/,2026-10-01T19:30:54.377127+00:00,,Öğrenci Sayısı : 79
İzmir,Menderes,Görece Şehit Mustafa Mutlu İlkokulu,722785,İlkokul,https://gorecesehitmustafamutluilkokulu.meb.k12.tr,,,https://gorecesehitmustafamutluilkokulu.meb.k12.tr/tema/harita.php,2026-08-31,129,129,bulundu,https://gorecesehitmustafamutluilkokulu.meb.k12.tr/,2026-10-01T19:30:54.375923+00:00,,Öğrenci Sayısı : 129
İzmir,Menderes,Gümüldür Anaokulu,769012,Anaokulu,https://gumulduranaokulu.meb.k12.tr,,,https://gumulduranaokulu.meb.k12.tr/tema/harita.php,2026-08-31,43,43,bulundu,https://gumulduranaokulu.meb.k12.tr/,2026-10-01T19:30:54.576607+00:00,,Öğrenci Sayısı: 43
İzmir,Menderes,Gümüldür Bilgin Bülent Kılıç Anadolu Lisesi,973817,Anadolu Lisesi,https://gumuldurbbkal.meb.k12.tr,,,https://gumuldurbbkal.meb.k12.tr/tema/harita.php,2026-08-31,,,bulunamadi,,2026-10-01T19:30:54.586526+00:00,,
İzmir,Menderes,Gümüldür Hasan Eren İlkokulu,313383,İlkokul,https://hasanerenio.meb.k12.tr,,,https://hasanerenio.meb.k12.tr/tema/harita.php,2026-08-31,332,332,bulundu,https://hasanerenio.meb.k12.tr/,2026-10-01T19:30:54.603867+00:00,,Öğrenci Sayısı 332
İzmir,Menderes,Gümüldür Öğretmen Emine Yazlalı Ortaokulu,955270,Ortaokul,https://emineyazlali.meb.k12.tr,,,https://emineyazlali.meb.k12.tr/tema/harita.php,2026-08-31,225,225,bulundu,https://emineyazlali.meb.k12.tr/,2026-10-01T19:30:54.614283+00:00,,Öğrenci Sayısı : 225
İzmir,Menderes,Karakuyu Ortaokulu,727492,Ortaokul,https://mendereskarakuyuortaokulu.meb.k12.tr,,,https://mendereskarakuyuortaokulu.meb.k12.tr/tema/harita.php,2026-08-31,49,49,bulundu,https://mendereskarakuyuortaokulu.meb.k12.tr/tema/okulumuz_hakkinda.php,2026-10-01T19:30:54.676745+00:00,,Öğrenci : 49
İzmir,Menderes,Karakuyu İlkokulu,727488,İlkokul,https://mendereskarakuyuilkokulu.meb.k12.tr,,,https://mendereskarakuyuilkokulu.meb.k12.tr/tema/harita.php,2026-08-31,78,78,bulundu,https://mendereskarakuyuilkokulu.meb.k12.tr/,2026-10-01T19:30:54.756958+00:00,,Öğrenci Sayısı : 78
İzmir,Menderes,Küner Köyü Şehit Binbaşı Ercan Ortaokulu,727511,Ortaokul,https://kunerortaokulu.meb.k12.tr,,,https://kunerortaokulu.meb.k12.tr/tema/harita.php,2026-08-31,129,129,bulundu,https://kunerortaokulu.meb.k12.tr/tema/okulumuz_hakkinda.php,2026-10-01T19:30:54.766285+00:00,,Öğrenci : 129
İzmir,Menderes,Küner Köyü Şehit Binbaşı Ercan İlkokulu,727514,İlkokul,https://kunersehitbinbasiercanilkokulu.meb.k12.tr,,,https://kunersehitbinbasiercanilkokulu.meb.k12.tr/tema/harita.php,2026-08-31,207,207,bulundu,https://kunersehitbinbasiercanilkokulu.meb.k12.tr/,2026-10-01T19:30:54.847076+00:00,,Öğrenci Sayısı 207
İzmir,Menderes,Maurice Aliberti-Esin Özgener İlkokulu,720525,İlkokul,https://menderesmaeoilkokulu.meb.k12.tr,,,https://menderesmaeoilkokulu.meb.k12.tr/tema/harita.php,2026-08-31,1231,1231,bulundu,https://menderesmaeoilkokulu.meb.k12.tr/,2026-10-01T19:30:54.992894+00:00,,Öğrenci Sayısı : 1231
İzmir,Menderes,Menderes Bayrak Anaokulu,750189,Anaokulu,https://menderesbayrakanaokulu.meb.k12.tr,,,https://menderesbayrakanaokulu.meb.k12.tr/tema/harita.php,2026-08-31,210,210,bulundu,https://menderesbayrakanaokulu.meb.k12.tr/,2026-10-01T19:30:55.081201+00:00,,Öğrenci Sayısı 210
İzmir,Menderes,Menderes Belediyesi Mesleki ve Teknik Anadolu Lisesi,752066,Mesleki ve Teknik Anadolu Lisesi,https://menderesbelmtal.meb.k12.tr,,,https://menderesbelmtal.meb.k12.tr/tema/harita.php,2026-08-31,693,693,bulundu,https://menderesbelmtal.meb.k12.tr/,2026-10-01T19:30:55.156189+00:00,,Öğrenci Sayısı : 693
İzmir,Menderes,Menderes Cumaovası İlkokulu,774744,İlkokul,https://cumaovasiilkokulu.meb.k12.tr,,,https://cumaovasiilkokulu.meb.k12.tr/tema/harita.php,2026-08-31,,,bulunamadi,,2026-10-01T19:30:55.190298+00:00,,
İzmir,Menderes,Menderes Fatma-Ramazan Büküşoğlu Anadolu Lisesi,964077,Anadolu Lisesi,https://menderesfrbal.meb.k12.tr,,,https://menderesfrbal.meb.k12.tr/tema/harita.php,2026-08-31,343,343,bulundu,https://menderesfrbal.meb.k12.tr/tema/okulumuz_hakkinda.php,2026-10-01T19:30:55.195699+00:00,,Öğrenci : 343
İzmir,Menderes,Menderes Gazi İlkokulu,720564,İlkokul,https://menderesgaziilkokulu.meb.k12.tr,,,https://menderesgaziilkokulu.meb.k12.tr/tema/harita.php,2026-08-31,,,bulunamadi,,2026-10-01T19:30:55.207317+00:00,,
İzmir,Menderes,Menderes Halk Eğitimi Merkezi,214302,Halk Eğitimi Merkezi,https://mendereshem.meb.k12.tr,,,https://mendereshem.meb.k12.tr/tema/harita.php,2026-08-31,,,bulunamadi,,2026-10-01T19:30:55.389786+00:00,,
İzmir,Menderes,Menderes Mesleki Eğitim Merkezi,776504,Mesleki Eğitim Merkezi,https://menderesmesem.meb.k12.tr,,,https://menderesmesem.meb.k12.tr/tema/harita.php,2026-08-31,845,845,bulundu,https://menderesmesem.meb.k12.tr/,2026-10-01T19:30:55.436141+00:00,,Öğrenci Sayısı 845
İzmir,Menderes,Menderes Özdere Tahir Çamur Turizm Mesleki ve Teknik Anadolu Lisesi,341489,Mesleki ve Teknik Anadolu Lisesi,https://ozdere.meb.k12.tr,,,https://ozdere.meb.k12.tr/tema/harita.php,2026-08-31,182,182,bulundu,https://ozdere.meb.k12.tr/tema/okulumuz_hakkinda.php,2026-10-01T19:30:55.455554+00:00,,Öğrenci : 182
İzmir,Menderes,Menderes Şehit Mehmet Kıvık Anadolu Lisesi,750930,Anadolu Lisesi,https://menderessehitmehmetkivikal.meb.k12.tr,,,https://menderessehitmehmetkivikal.meb.k12.tr/tema/harita.php,2026-08-31,654,654,bulundu,https://menderessehitmehmetkivikal.meb.k12.tr/tema/okulumuz_hakkinda.php,2026-10-01T19:30:55.492121+00:00,,Öğrenci : 654
İzmir,Menderes,Nene Hatun Anaokulu,965089,Anaokulu,https://menderesnenehatunanaokulu.meb.k12.tr,,,https://menderesnenehatunanaokulu.meb.k12.tr/tema/harita.php,2026-08-31,167,167,bulundu,https://menderesnenehatunanaokulu.meb.k12.tr/,2026-10-01T19:30:55.548018+00:00,,Öğrenci Sayısı: 167
İzmir,Menderes,Ortaköy Şehit Jandarma Binbaşı Adil Karagöz İlkokulu,727532,İlkokul,https://ozdereortakoyadilkaragozilkokulu.meb.k12.tr,,,https://ozdereortakoyadilkaragozilkokulu.meb.k12.tr/tema/harita.php,2026-08-31,115,115,bulundu,https://ozdereortakoyadilkaragozilkokulu.meb.k12.tr/,2026-10-01T19:30:56.431353+00:00,,Öğrenci Sayısı 115
İzmir,Menderes,Oğlananası Ortaokulu,731332,Ortaokul,https://oglananasiortaokulu.meb.k12.tr,,,https://oglananasiortaokulu.meb.k12.tr/tema/harita.php,2026-08-31,,,bulunamadi,,2026-10-01T19:30:56.530619+00:00,,
İzmir,Menderes,Oğlananası İlkokulu,721837,İlkokul,https://oglananasiilkokulu.meb.k12.tr,,,https://oglananasiilkokulu.meb.k12.tr/tema/harita.php,2026-08-31,119,119,bulundu,https://oglananasiilkokulu.meb.k12.tr/,2026-10-01T19:30:56.539471+00:00,,Öğrenci Sayısı 119
İzmir,Menderes,Sultan Tuğrul Bey Ortaokulu,721796,Ortaokul,https://menderessultantugrulbeyortaokulu.meb.k12.tr,,,https://menderessultantugrulbeyortaokulu.meb.k12.tr/tema/harita.php,2026-08-31,,,bulunamadi,,2026-10-01T19:30:56.578082+00:00,,
İzmir,Menderes,Süleyman Çevik Ortaokulu,720637,Ortaokul,https://suleymancevik.meb.k12.tr,,,https://suleymancevik.meb.k12.tr/tema/harita.php,2026-08-31,,,bulunamadi,,2026-10-01T19:30:56.579079+00:00,,
İzmir,Menderes,Tekeli Şehit Er İbrahim Kocagöbek Ortaokulu,722393,Ortaokul,https://tekeliseiko.meb.k12.tr,,,https://tekeliseiko.meb.k12.tr/tema/harita.php,2026-08-31,,,bulunamadi,,2026-10-01T19:30:56.587483+00:00,,
İzmir,Menderes,Tekeli Şehit Er İbrahim Kocagöbek İlkokulu,722404,İlkokul,https://tekeliseiki.meb.k12.tr,,,https://tekeliseiki.meb.k12.tr/tema/harita.php,2026-08-31,,,bulunamadi,,2026-10-01T19:30:56.827118+00:00,,
İzmir,Menderes,Yeni Şaşal İlkokulu,727671,İlkokul,https://yenisasalilkokulu.meb.k12.tr,,,https://yenisasalilkokulu.meb.k12.tr/tema/harita.php,2026-08-31,27,27,bulundu,https://yenisasalilkokulu.meb.k12.tr/,2026-10-01T19:30:56.900452+00:00,,Öğrenci Sayısı 27
İzmir,Menderes,Yeniköy Ortaokulu,727457,Ortaokul,https://menderesyenikoyortaokulu.meb.k12.tr,,,https://menderesyenikoyortaokulu.meb.k12.tr/tema/harita.php,2026-08-31,39,39,bulundu,https://menderesyenikoyortaokulu.meb.k12.tr/,2026-10-01T19:30:56.920774+00:00,,Öğrenci Sayısı : 39
İzmir,Menderes,Yeniköy İlkokulu,727424,İlkokul,https://menderesyenikoyilkokulu.meb.k12.tr,,,https://menderesyenikoyilkokulu.meb.k12.tr/tema/harita.php,2026-08-31,62,62,bulundu,https://menderesyenikoyilkokulu.meb.k12.tr/,2026-10-01T19:30:56.961959+00:00,,Öğrenci Sayısı : 62
İzmir,Menderes,Çakabey Anaokulu,776057,Anaokulu,https://776057.meb.k12.tr,,,https://776057.meb.k12.tr/tema/harita.php,2026-08-31,194,194,bulundu,https://776057.meb.k12.tr/,2026-10-01T19:30:57.010940+00:00,,Öğrenci Sayısı: 194
İzmir,Menderes,Çamönü Naile Karadeniz Ortaokulu,731350,Ortaokul,https://camonunailekaradenizortaokulu.meb.k12.tr,,,https://camonunailekaradenizortaokulu.meb.k12.tr/tema/harita.php,2026-08-31,141,141,bulundu,https://camonunailekaradenizortaokulu.meb.k12.tr/,2026-10-01T19:30:57.052353+00:00,,Öğrenci Sayısı 141
İzmir,Menderes,Çamönü Naile Karadeniz İlkokulu,722366,İlkokul,https://camonunailekaradenizilkokulu.meb.k12.tr,,,https://camonunailekaradenizilkokulu.meb.k12.tr/tema/harita.php,2026-08-31,148,148,bulundu,https://camonunailekaradenizilkokulu.meb.k12.tr/,2026-10-01T19:30:57.180259+00:00,,Öğrenci Sayısı : 148
İzmir,Menderes,Çatalca İlkokulu,727599,İlkokul,https://catalcailkokulu.meb.k12.tr,,,https://catalcailkokulu.meb.k12.tr/tema/harita.php,2026-08-31,12,12,bulundu,https://catalcailkokulu.meb.k12.tr/,2026-10-01T19:30:57.205828+00:00,,Öğrenci Sayısı 12
İzmir,Menderes,Çile İlkokulu,767896,İlkokul,https://767896.meb.k12.tr,,,https://767896.meb.k12.tr/tema/harita.php,2026-08-31,24,24,bulundu,https://767896.meb.k12.tr/,2026-10-01T19:30:57.367646+00:00,,Öğrenci Sayısı : 24
İzmir,Menderes,Çileme Ortaokulu,731284,Ortaokul,https://cilemeortaokulu.meb.k12.tr,,,https://cilemeortaokulu.meb.k12.tr/tema/harita.php,2026-08-31,166,166,bulundu,https://cilemeortaokulu.meb.k12.tr/,2026-10-01T19:30:57.381476+00:00,,Öğrenci Sayısı 166
İzmir,Menderes,Çileme İlkokulu,737993,İlkokul,https://cilemeilkokulu.meb.k12.tr,,,https://cilemeilkokulu.meb.k12.tr/tema/harita.php,2026-08-31,154,154,bulundu,https://cilemeilkokulu.meb.k12.tr/,2026-10-01T19:30:57.505826+00:00,,Öğrenci Sayısı 154
İzmir,Menderes,Özdere Ortaköy Ortaokulu,727528,Ortaokul,https://ozdereortakoyortaokulu.meb.k12.tr,,,https://ozdereortakoyortaokulu.meb.k12.tr/tema/harita.php,2026-08-31,92,92,bulundu,https://ozdereortakoyortaokulu.meb.k12.tr/,2026-10-01T19:30:57.623322+00:00,,Öğrenci Sayısı : 92
İzmir,Menderes,Özdere Oğan Timinci Ortaokulu,731351,Ortaokul,https://ozdereogantiminciortaokulu.meb.k12.tr,,,https://ozdereogantiminciortaokulu.meb.k12.tr/tema/harita.php,2026-08-31,301,301,bulundu,https://ozdereogantiminciortaokulu.meb.k12.tr/,2026-10-01T19:30:57.676037+00:00,,Öğrenci Sayısı 301
İzmir,Menderes,Özdere Oğan Timinci İlkokulu,722421,İlkokul,https://ozdereogantiminciilkokulu.meb.k12.tr,,,https://ozdereogantiminciilkokulu.meb.k12.tr/tema/harita.php,2026-08-31,,,bulunamadi,,2026-10-01T19:30:58.009889+00:00,,
İzmir,Menderes,İTOB Organize Sanayi Bölgesi Anaokulu,776051,Anaokulu,https://776051.meb.k12.tr,,,https://776051.meb.k12.tr/tema/harita.php,2026-08-31,11,11,bulundu,https://776051.meb.k12.tr/,2026-10-01T19:30:58.082012+00:00,,Öğrenci Sayısı: 11
İzmir,Menderes,Şehit Doğan Sakarya Ortaokulu,768175,Ortaokul,https://sehitdogansakaryaortaokulu.meb.k12.tr,,,https://sehitdogansakaryaortaokulu.meb.k12.tr/tema/harita.php,2026-08-31,573,573,bulundu,https://sehitdogansakaryaortaokulu.meb.k12.tr/,2026-10-01T19:30:58.137499+00:00,,Öğrenci Sayısı 573
İzmir,Menderes,Şehit Gökhan Bayraktar Anadolu Lisesi,772041,Anadolu Lisesi,https://772041.meb.k12.tr,,,https://772041.meb.k12.tr/tema/harita.php,2026-08-31,709,709,bulundu,https://772041.meb.k12.tr/,2026-10-01T19:30:58.145672+00:00,,Öğrenci Sayısı : 709
İzmir,Menderes,Şehit Hakan İncekar Ortaokulu,720666,Ortaokul,https://sehithakanincekar.meb.k12.tr,,,https://sehithakanincekar.meb.k12.tr/tema/harita.php,2026-08-31,908,908,bulundu,https://sehithakanincekar.meb.k12.tr/,2026-10-01T19:30:58.164053+00:00,,Öğrenci Sayısı 908
İzmir,Menderes,Şehit Hasan Özkapu Ortaokulu,731339,Ortaokul,https://ozderesehithasanozkapiortaokulu.meb.k12.tr,,,https://ozderesehithasanozkapiortaokulu.meb.k12.tr/tema/harita.php,2026-08-31,77,77,bulundu,https://ozderesehithasanozkapiortaokulu.meb.k12.tr/,2026-10-01T19:30:58.186092+00:00,,Öğrenci Sayısı 77
İzmir,Menderes,Şehit Hasan Özkapu İlkokulu,722441,İlkokul,https://ozderesehithasanozkapi.meb.k12.tr,,,https://ozderesehithasanozkapi.meb.k12.tr/tema/harita.php,2026-08-31,81,81,bulundu,https://ozderesehithasanozkapi.meb.k12.tr/,2026-10-01T19:30:58.230008+00:00,,Öğrenci Sayısı : 81
İzmir,Menderes,Şehit Kaymakam Muhammet Fatih Safitürk Anadolu İmam Hatip Lisesi,748811,Anadolu İmam Hatip Lisesi,https://menderesaihl.meb.k12.tr,,,https://menderesaihl.meb.k12.tr/tema/harita.php,2026-08-31,911,911,bulundu,https://menderesaihl.meb.k12.tr/,2026-10-01T19:30:58.276743+00:00,,Öğrenci Sayısı 911
İzmir,Menemen,100. Yıl Ortaokulu,730417,Ortaokul,https://menemen100yilortaokulu.meb.k12.tr,,,https://menemen100yilortaokulu.meb.k12.tr/tema/harita.php,2026-08-31,579,579,bulundu,https://menemen100yilortaokulu.meb.k12.tr/,2026-10-01T19:30:58.278857+00:00,,Öğrenci Sayısı 579
İzmir,Menemen,100. Yıl İlkokulu,730419,İlkokul,https://menemen100yililkokulu.meb.k12.tr,,,https://menemen100yililkokulu.meb.k12.tr/tema/harita.php,2026-08-31,671,671,bulundu,https://menemen100yililkokulu.meb.k12.tr/,2026-10-01T19:30:58.323811+00:00,,Öğrenci Sayısı : 671
İzmir,Menemen,80.Yıl Asarlık Ortaokulu,721497,Ortaokul,https://sekseninciyilasarlik.meb.k12.tr,,,https://sekseninciyilasarlik.meb.k12.tr/tema/harita.php,2026-08-31,689,689,bulundu,https://sekseninciyilasarlik.meb.k12.tr/,2026-10-01T19:30:58.443734+00:00,,Öğrenci Sayısı : 689
İzmir,Menemen,9 Eylül Ortaokulu,730020,Ortaokul,https://9eylulortaokulu.meb.k12.tr,,,https://9eylulortaokulu.meb.k12.tr/tema/harita.php,2026-08-31,975,975,bulundu,https://9eylulortaokulu.meb.k12.tr/,2026-10-01T19:30:58.471586+00:00,,Öğrenci Sayısı : 975
İzmir,Menemen,9 Eylül İlkokulu,730018,İlkokul,https://9eylulilkokulu.meb.k12.tr,,,https://9eylulilkokulu.meb.k12.tr/tema/harita.php,2026-08-31,727,727,bulundu,https://9eylulilkokulu.meb.k12.tr/,2026-10-01T19:30:58.606859+00:00,,Öğrenci Sayısı : 727
İzmir,Menemen,Alaniçi İlkokulu,727575,İlkokul,https://alaniciilkokulu.meb.k12.tr,,,https://alaniciilkokulu.meb.k12.tr/tema/harita.php,2026-08-31,37,37,bulundu,https://alaniciilkokulu.meb.k12.tr/,2026-10-01T19:30:58.633608+00:00,,Öğrenci Sayısı: 37
İzmir,Menemen,Asarlık 125.Yıl İlkokulu,721320,İlkokul,https://125inciyililkokulu.meb.k12.tr,,,https://125inciyililkokulu.meb.k12.tr/tema/harita.php,2026-08-31,731,731,bulundu,https://125inciyililkokulu.meb.k12.tr/,2026-10-01T19:30:58.673523+00:00,,Öğrenci Sayısı 731
İzmir,Menemen,Asarlık TOKİ Ortaokulu,729957,Ortaokul,https://asarliktokiortaokulu.meb.k12.tr,,,https://asarliktokiortaokulu.meb.k12.tr/tema/harita.php,2026-08-31,157,157,bulundu,https://asarliktokiortaokulu.meb.k12.tr/,2026-10-01T19:30:58.713192+00:00,,Öğrenci Sayısı 157
İzmir,Menemen,Asarlık TOKİ İlkokulu,729958,İlkokul,https://asarliktoki.meb.k12.tr,,,https://asarliktoki.meb.k12.tr/tema/harita.php,2026-08-31,185,185,bulundu,https://asarliktoki.meb.k12.tr/,2026-10-01T19:30:58.732425+00:00,,Öğrenci Sayısı 185
İzmir,Menemen,Atatürk Ortaokulu,730685,Ortaokul,https://menemenataturkortaokulu.meb.k12.tr,,,https://menemenataturkortaokulu.meb.k12.tr/tema/harita.php,2026-08-31,243,243,bulundu,https://menemenataturkortaokulu.meb.k12.tr/tema/okulumuz_hakkinda.php,2026-10-01T19:30:58.757950+00:00,,Öğrenci : 243
İzmir,Menemen,Atatürk İlkokulu,730683,İlkokul,https://memenataturkilkokulu.meb.k12.tr,,,https://memenataturkilkokulu.meb.k12.tr/tema/harita.php,2026-08-31,267,267,bulundu,https://memenataturkilkokulu.meb.k12.tr/,2026-10-01T19:30:58.796295+00:00,,Öğrenci Sayısı : 267
İzmir,Menemen,Buruncuk İlkokulu,727785,İlkokul,https://buruncukilkokulu.meb.k12.tr,,,https://buruncukilkokulu.meb.k12.tr/tema/harita.php,2026-08-31,24,24,bulundu,https://buruncukilkokulu.meb.k12.tr/,2026-10-01T19:30:58.940696+00:00,,Öğrenci Sayısı 24
İzmir,Menemen,Bülent Okan Ortaokulu,747883,Ortaokul,https://bulentokanortaokulu.meb.k12.tr,,,https://bulentokanortaokulu.meb.k12.tr/tema/harita.php,2026-08-31,469,469,bulundu,https://bulentokanortaokulu.meb.k12.tr/,2026-10-01T19:30:59.193808+00:00,,Öğrenci Sayısı : 469
İzmir,Menemen,Bülent Okan İlkokulu,721858,İlkokul,https://bulentokanilkokulu.meb.k12.tr,,,https://bulentokanilkokulu.meb.k12.tr/tema/harita.php,2026-08-31,379,379,bulundu,https://bulentokanilkokulu.meb.k12.tr/,2026-10-01T19:30:59.241150+00:00,,Öğrenci Sayısı 379
İzmir,Menemen,Cumhuriyet Ortaokulu,730351,Ortaokul,https://menemencumhuriyetoo.meb.k12.tr,,,https://menemencumhuriyetoo.meb.k12.tr/tema/harita.php,2026-08-31,876,876,bulundu,https://menemencumhuriyetoo.meb.k12.tr/,2026-10-01T19:30:59.308453+00:00,,Öğrenci Sayısı : 876
İzmir,Menemen,Cumhuriyet İlkokulu,730352,İlkokul,https://menemencumhuriyetilkokulu.meb.k12.tr,,,https://menemencumhuriyetilkokulu.meb.k12.tr/tema/harita.php,2026-08-31,1012,1012,bulundu,https://menemencumhuriyetilkokulu.meb.k12.tr/,2026-10-01T19:30:59.332207+00:00,,Öğrenci Sayısı 1012
İzmir,Menemen,Doğaköy İlkokulu,727870,İlkokul,https://dogakoyilkokulu.meb.k12.tr,,,https://dogakoyilkokulu.meb.k12.tr/tema/harita.php,2026-08-31,23,23,bulundu,https://dogakoyilkokulu.meb.k12.tr/,2026-10-01T19:30:59.709036+00:00,,Öğrenci Sayısı: 23
İzmir,Menemen,Egekent-2 Ortaokulu,729251,Ortaokul,https://egekent2oo.meb.k12.tr,,,https://egekent2oo.meb.k12.tr/tema/harita.php,2026-08-31,1143,1143,bulundu,https://egekent2oo.meb.k12.tr/,2026-10-01T19:31:00.020336+00:00,,Öğrenci Sayısı 1143
İzmir,Menemen,Emiralem Atatürk Ortaokulu,863248,Ortaokul,https://emiralemataturk.meb.k12.tr,,,https://emiralemataturk.meb.k12.tr/tema/harita.php,2026-08-31,277,277,bulundu,https://emiralemataturk.meb.k12.tr/,2026-10-01T19:31:00.221526+00:00,,Öğrenci Sayısı : 277
İzmir,Menemen,Emiralem Şehit Barış Demir ilkokulu,738452,İlkokul,https://sehitbarisdemirilkokulu.meb.k12.tr,,,https://sehitbarisdemirilkokulu.meb.k12.tr/tema/harita.php,2026-08-31,356,356,bulundu,https://sehitbarisdemirilkokulu.meb.k12.tr/,2026-10-01T19:31:00.234685+00:00,,Öğrenci Sayısı: 356
İzmir,Menemen,Erdinç-Ahmet Cengiz Mesleki ve Teknik Anadolu Lisesi,353538,Mesleki ve Teknik Anadolu Lisesi,https://eacmtal.meb.k12.tr,,,https://eacmtal.meb.k12.tr/tema/harita.php,2026-08-31,963,963,bulundu,https://eacmtal.meb.k12.tr/tema/okulumuz_hakkinda.php,2026-10-01T19:31:00.289154+00:00,,Öğrenci : 963
İzmir,Menemen,Erol Tarakçıoğlu Ortaokulu,747884,Ortaokul,https://eroltarakcioglu.meb.k12.tr,,,https://eroltarakcioglu.meb.k12.tr/tema/harita.php,2026-08-31,447,447,bulundu,https://eroltarakcioglu.meb.k12.tr/,2026-10-01T19:31:00.297078+00:00,,Öğrenci Sayısı 447
İzmir,Menemen,Erol Tarakçıoğlu İlkokulu,722063,İlkokul,https://eroltarakciogluilkokulu.meb.k12.tr,,,https://eroltarakciogluilkokulu.meb.k12.tr/tema/harita.php,2026-08-31,679,679,bulundu,https://eroltarakciogluilkokulu.meb.k12.tr/,2026-10-01T19:31:00.324899+00:00,,Öğrenci Sayısı: 679
İzmir,Menemen,Fatma Koşay İlkokulu,721083,İlkokul,https://fatmakosayilkokulu.meb.k12.tr,,,https://fatmakosayilkokulu.meb.k12.tr/tema/harita.php,2026-08-31,636,636,bulundu,https://fatmakosayilkokulu.meb.k12.tr/,2026-10-01T19:31:00.424477+00:00,,Öğrenci Sayısı : 636
İzmir,Menemen,Görece İlkokulu,727929,İlkokul,https://goreceilkokulu.meb.k12.tr,,,https://goreceilkokulu.meb.k12.tr/tema/harita.php,2026-08-31,27,27,bulundu,https://goreceilkokulu.meb.k12.tr/,2026-10-01T19:31:00.534794+00:00,,Öğrenci Sayısı: 27
İzmir,Menemen,Haldun Koşay Anadolu Lisesi,750931,Anadolu Lisesi,https://haldunkosayanadolulisesi.meb.k12.tr,,,https://haldunkosayanadolulisesi.meb.k12.tr/tema/harita.php,2026-08-31,3,3,bulundu,https://haldunkosayanadolulisesi.meb.k12.tr/,2026-10-01T19:31:00.546864+00:00,,Öğrenci Sayısı : 3
İzmir,Menemen,Haldun Koşay Mesleki ve Teknik Anadolu Lisesi,777034,Mesleki ve Teknik Anadolu Lisesi,https://777034.meb.k12.tr,,,https://777034.meb.k12.tr/tema/harita.php,2026-08-31,0,0,bulundu,https://777034.meb.k12.tr/,2026-10-01T19:31:00.561900+00:00,,Öğrenci Sayısı : 0
İzmir,Menemen,Haykıran Adem Saatçi Ortaokulu,727503,Ortaokul,https://ademsaatcioo.meb.k12.tr,,,https://ademsaatcioo.meb.k12.tr/tema/harita.php,2026-08-31,260,260,bulundu,https://ademsaatcioo.meb.k12.tr/,2026-10-01T19:31:00.639642+00:00,,Öğrenci Sayısı 260
İzmir,Menemen,Haykıran Adem Saatçi İlkokulu,622587,İlkokul,https://ademsaatciio.meb.k12.tr,,,https://ademsaatciio.meb.k12.tr/tema/harita.php,2026-08-31,198,198,bulundu,https://ademsaatciio.meb.k12.tr/,2026-10-01T19:31:00.657928+00:00,,Öğrenci Sayısı : 198
İzmir,Menemen,Huriye-Mehmet Akçasakız Ortaokulu,730136,Ortaokul,https://hmakorta.meb.k12.tr,,,https://hmakorta.meb.k12.tr/tema/harita.php,2026-08-31,200,200,bulundu,https://hmakorta.meb.k12.tr/tema/okulumuz_hakkinda.php,2026-10-01T19:31:00.668425+00:00,,Öğrenci : 200
İzmir,Menemen,Huriye-Mehmet Akçasakız İlkokulu,730141,İlkokul,https://hmakilk.meb.k12.tr,,,https://hmakilk.meb.k12.tr/tema/harita.php,2026-08-31,220,220,bulundu,https://hmakilk.meb.k12.tr/,2026-10-01T19:31:00.795378+00:00,,Öğrenci Sayısı 220
İzmir,Menemen,Kesikköy İlkokulu,728018,İlkokul,https://kesikkoyio.meb.k12.tr,,,https://kesikkoyio.meb.k12.tr/tema/harita.php,2026-08-31,49,49,bulundu,https://kesikkoyio.meb.k12.tr/,2026-10-01T19:31:00.797602+00:00,,Öğrenci Sayısı: 49
İzmir,Menemen,Koyundere Ortaokulu,730463,Ortaokul,https://koyundereoo.meb.k12.tr,,,https://koyundereoo.meb.k12.tr/tema/harita.php,2026-08-31,444,444,bulundu,https://koyundereoo.meb.k12.tr/,2026-10-01T19:31:00.817564+00:00,,Öğrenci Sayısı : 444
İzmir,Menemen,Koyundere İlkokulu,730468,İlkokul,https://koyundereio.meb.k12.tr,,,https://koyundereio.meb.k12.tr/tema/harita.php,2026-08-31,655,655,bulundu,https://koyundereio.meb.k12.tr/,2026-10-01T19:31:00.865819+00:00,,Öğrenci Sayısı 655
İzmir,Menemen,Kubilay İlkokulu,730605,İlkokul,https://menemenkubilayilkokulu.meb.k12.tr,,,https://menemenkubilayilkokulu.meb.k12.tr/tema/harita.php,2026-08-31,1310,1310,bulundu,https://menemenkubilayilkokulu.meb.k12.tr/,2026-10-01T19:31:00.951876+00:00,,Öğrenci Sayısı 1310
İzmir,Menemen,Maltepe Ortaokulu,747886,Ortaokul,https://maltepeorta35.meb.k12.tr,,,https://maltepeorta35.meb.k12.tr/tema/harita.php,2026-08-31,79,79,bulundu,https://maltepeorta35.meb.k12.tr/,2026-10-01T19:31:00.960576+00:00,,Öğrenci Sayısı : 79
İzmir,Menemen,Maltepe İlkokulu,721640,İlkokul,https://maltepeilkokul35.meb.k12.tr,,,https://maltepeilkokul35.meb.k12.tr/tema/harita.php,2026-08-31,64,64,bulundu,https://maltepeilkokul35.meb.k12.tr/,2026-10-01T19:31:01.011557+00:00,,Öğrenci Sayısı: 64
İzmir,Menemen,Mehmet Baylan İlkokulu,727900,İlkokul,https://mehmetbaylanilkokulu.meb.k12.tr,,,https://mehmetbaylanilkokulu.meb.k12.tr/tema/harita.php,2026-08-31,63,63,bulundu,https://mehmetbaylanilkokulu.meb.k12.tr/,2026-10-01T19:31:01.057052+00:00,,Öğrenci Sayısı 63
İzmir,Menemen,Menemen Anadolu Lisesi,317116,Anadolu Lisesi,https://menemenal.meb.k12.tr,,,https://menemenal.meb.k12.tr/tema/harita.php,2026-08-31,703,703,bulundu,https://menemenal.meb.k12.tr/,2026-10-01T19:31:01.111718+00:00,,Öğrenci Sayısı 703
İzmir,Menemen,Menemen Anadolu İmam Hatip Lisesi,974441,Anadolu İmam Hatip Lisesi,https://menemenaihl.meb.k12.tr,,,https://menemenaihl.meb.k12.tr/tema/harita.php,2026-08-31,595,595,bulundu,https://menemenaihl.meb.k12.tr/,2026-10-01T19:31:01.197365+00:00,,Öğrenci Sayısı 595
İzmir,Menemen,Menemen Anaokulu,752309,Anaokulu,https://menemenanaokulu.meb.k12.tr,,,https://menemenanaokulu.meb.k12.tr/tema/harita.php,2026-08-31,86,86,bulundu,https://menemenanaokulu.meb.k12.tr/,2026-10-01T19:31:01.343142+00:00,,Öğrenci Sayısı : 86
İzmir,Menemen,Menemen Atatürk Anadolu Lisesi,974912,Anadolu Lisesi,https://menemenataturkanadolu.meb.k12.tr,,,https://menemenataturkanadolu.meb.k12.tr/tema/harita.php,2026-08-31,1028,1028,bulundu,https://menemenataturkanadolu.meb.k12.tr/tema/okulumuz_hakkinda.php,2026-10-01T19:31:01.573243+00:00,,Öğrenci : 1028
İzmir,Menemen,Menemen Gazi Ortaokulu,729425,Ortaokul,https://menemengazioo.meb.k12.tr,,,https://menemengazioo.meb.k12.tr/tema/harita.php,2026-08-31,200,200,bulundu,https://menemengazioo.meb.k12.tr/,2026-10-01T19:31:01.743271+00:00,,Öğrenci Sayısı : 200
İzmir,Menemen,Menemen Gazi İlkokulu,729426,İlkokul,https://menemengaziio.meb.k12.tr,,,https://menemengaziio.meb.k12.tr/tema/harita.php,2026-08-31,265,265,bulundu,https://menemengaziio.meb.k12.tr/,2026-10-01T19:31:01.756316+00:00,,Öğrenci Sayısı : 265
İzmir,Menemen,Menemen Halide Gencer Ticaret Mesleki ve Teknik Anadolu Lisesi,309472,Mesleki ve Teknik Anadolu Lisesi,https://halidegencertmtal.meb.k12.tr,,,https://halidegencertmtal.meb.k12.tr/tema/harita.php,2026-08-31,542,542,bulundu,https://halidegencertmtal.meb.k12.tr/,2026-10-01T19:31:01.798490+00:00,,Öğrenci Sayısı 542
İzmir,Menemen,Menemen Halk Eğitimi Merkezi,165742,Halk Eğitimi Merkezi,https://menemenhem.meb.k12.tr,,,https://menemenhem.meb.k12.tr/tema/harita.php,2026-08-31,,,bulunamadi,,2026-10-01T19:31:01.817271+00:00,,
İzmir,Menemen,Menemen Mesleki ve Teknik Anadolu Lisesi,960208,Mesleki ve Teknik Anadolu Lisesi,https://menemeneml.meb.k12.tr,,,https://menemeneml.meb.k12.tr/tema/harita.php,2026-08-31,884,884,bulundu,https://menemeneml.meb.k12.tr/,2026-10-01T19:31:01.830734+00:00,,Öğrenci Sayısı : 884
İzmir,Menemen,Menemen Rehberlik ve Araştırma Merkezi,768988,Rehberlik ve Araştırma Merkezi,https://menemenram.meb.k12.tr,,,https://menemenram.meb.k12.tr/tema/harita.php,2026-08-31,,,bulunamadi,,2026-10-01T19:31:01.906860+00:00,,
İzmir,Menemen,Miyase İnceer Ortaokulu,729528,Ortaokul,https://miyaseinceerortaokulu.meb.k12.tr,,,https://miyaseinceerortaokulu.meb.k12.tr/tema/harita.php,2026-08-31,831,831,bulundu,https://miyaseinceerortaokulu.meb.k12.tr/,2026-10-01T19:31:01.913871+00:00,,Öğrenci Sayısı 831
İzmir,Menemen,Miyase İnceer İlkokulu,729533,İlkokul,https://miyaseinceerilkokulu.meb.k12.tr,,,https://miyaseinceerilkokulu.meb.k12.tr/tema/harita.php,2026-08-31,911,911,bulundu,https://miyaseinceerilkokulu.meb.k12.tr/,2026-10-01T19:31:01.999682+00:00,,Öğrenci Sayısı : 911
İzmir,Menemen,Nene Hatun Mesleki Eğitim Merkezi,380473,Mesleki Eğitim Merkezi,https://menemenmesem.meb.k12.tr,,,https://menemenmesem.meb.k12.tr/tema/harita.php,2026-08-31,963,963,bulundu,https://menemenmesem.meb.k12.tr/,2026-10-01T19:31:02.031987+00:00,,Öğrenci Sayısı : 963
İzmir,Menemen,Sabahat Akşiray Özel Eğitim Uygulama Okulu I. Kademe,747491,Özel Eğitim Kurumu,https://izmirocemkademe1.meb.k12.tr,,,https://izmirocemkademe1.meb.k12.tr/tema/harita.php,2026-08-31,34,34,bulundu,https://izmirocemkademe1.meb.k12.tr/,2026-10-01T19:31:02.059563+00:00,,Öğrenci Sayısı : 34
İzmir,Menemen,Sabahat Akşiray Özel Eğitim Uygulama Okulu II. Kademe,747523,Özel Eğitim Kurumu,https://izmirocemkademe2.meb.k12.tr,,,https://izmirocemkademe2.meb.k12.tr/tema/harita.php,2026-08-31,,,bulunamadi,,2026-10-01T19:31:02.204527+00:00,,
İzmir,Menemen,Sabahat Akşiray Özel Eğitim Uygulama Okulu III. Kademe,747822,Özel Eğitim Kurumu,https://izmirocem.meb.k12.tr,,,https://izmirocem.meb.k12.tr/tema/harita.php,2026-08-31,72,72,bulundu,https://izmirocem.meb.k12.tr/,2026-10-01T19:31:02.237773+00:00,,Öğrenci Sayısı : 72
İzmir,Menemen,Seyrek Ortaokulu,729182,Ortaokul,https://seyrekortaokulu.meb.k12.tr,,,https://seyrekortaokulu.meb.k12.tr/tema/harita.php,2026-08-31,285,285,bulundu,https://seyrekortaokulu.meb.k12.tr/tema/okulumuz_hakkinda.php,2026-10-01T19:31:02.349835+00:00,,Öğrenci : 285
İzmir,Menemen,Seyrek Villakent Anadolu Lisesi,972456,Anadolu Lisesi,https://villakental.meb.k12.tr,,,https://villakental.meb.k12.tr/tema/harita.php,2026-08-31,504,504,bulundu,https://villakental.meb.k12.tr/tema/okulumuz_hakkinda.php,2026-10-01T19:31:02.458005+00:00,,Öğrenci : 504
İzmir,Menemen,Seyrek İlkokulu,729186,İlkokul,https://seyrekilkokulu.meb.k12.tr,,,https://seyrekilkokulu.meb.k12.tr/tema/harita.php,2026-08-31,226,226,bulundu,https://seyrekilkokulu.meb.k12.tr/tema/okulumuz_hakkinda.php,2026-10-01T19:31:02.492012+00:00,,Öğrenci : 226
İzmir,Menemen,Süleymanlı İlkokulu,728042,İlkokul,https://menemensuleymanli.meb.k12.tr,,,https://menemensuleymanli.meb.k12.tr/tema/harita.php,2026-08-31,20,20,bulundu,https://menemensuleymanli.meb.k12.tr/,2026-10-01T19:31:02.511034+00:00,,Öğrenci Sayısı : 20
İzmir,Menemen,TOKİ Ahıska Kent Ortaokulu,759703,Ortaokul,https://tokiahiskakentoo.meb.k12.tr,,,https://tokiahiskakentoo.meb.k12.tr/tema/harita.php,2026-08-31,497,497,bulundu,https://tokiahiskakentoo.meb.k12.tr/,2026-10-01T19:31:02.544340+00:00,,Öğrenci Sayısı : 497
İzmir,Menemen,TOKİ Ahıska Kent İlkokulu,759702,İlkokul,https://tokiahiskakentio.meb.k12.tr,,,https://tokiahiskakentio.meb.k12.tr/tema/harita.php,2026-08-31,599,599,bulundu,https://tokiahiskakentio.meb.k12.tr/,2026-10-01T19:31:02.983848+00:00,,Öğrenci Sayısı : 599
İzmir,Menemen,Tevfik Fikret İlkokulu,730554,İlkokul,https://tevfikfikretio.meb.k12.tr,,,https://tevfikfikretio.meb.k12.tr/tema/harita.php,2026-08-31,382,382,bulundu,https://tevfikfikretio.meb.k12.tr/,2026-10-01T19:31:03.049596+00:00,,Öğrenci Sayısı: 382
İzmir,Menemen,Türkelli Ortaokulu,729467,Ortaokul,https://turkelliortaokulu.meb.k12.tr,,,https://turkelliortaokulu.meb.k12.tr/tema/harita.php,2026-08-31,205,205,bulundu,https://turkelliortaokulu.meb.k12.tr/,2026-10-01T19:31:03.075891+00:00,,Öğrenci Sayısı 205
İzmir,Menemen,Türkelli İlkokulu,729468,İlkokul,https://turkelliilkokulu.meb.k12.tr,,,https://turkelliilkokulu.meb.k12.tr/tema/harita.php,2026-08-31,217,217,bulundu,https://turkelliilkokulu.meb.k12.tr/,2026-10-01T19:31:03.870027+00:00,,Öğrenci Sayısı 217
İzmir,Menemen,Ulukent Ortaokulu,730514,Ortaokul,https://ulukentoo.meb.k12.tr,,,https://ulukentoo.meb.k12.tr/tema/harita.php,2026-08-31,897,897,bulundu,https://ulukentoo.meb.k12.tr/,2026-10-01T19:31:03.971261+00:00,,Öğrenci Sayısı : 897
İzmir,Menemen,Ulukent İlkokulu,255117,İlkokul,https://ulukentio.meb.k12.tr,,,https://ulukentio.meb.k12.tr/tema/harita.php,2026-08-31,638,638,bulundu,https://ulukentio.meb.k12.tr/,2026-10-01T19:31:04.075172+00:00,,Öğrenci Sayısı 638
İzmir,Menemen,Uluğ Bey Mesleki ve Teknik Anadolu Lisesi,762773,Mesleki ve Teknik Anadolu Lisesi,https://ulugbeymtal.meb.k12.tr,,,https://ulugbeymtal.meb.k12.tr/tema/harita.php,2026-08-31,568,568,bulundu,https://ulugbeymtal.meb.k12.tr/,2026-10-01T19:31:04.077953+00:00,,Öğrenci Sayısı : 568
İzmir,Menemen,Yahşelli İlkokulu,728063,İlkokul,https://yahselliilkokulu.meb.k12.tr,,,https://yahselliilkokulu.meb.k12.tr/tema/harita.php,2026-08-31,30,30,bulundu,https://yahselliilkokulu.meb.k12.tr/,2026-10-01T19:31:04.142263+00:00,,Öğrenci Sayısı 30
İzmir,Menemen,Yanıkköy İlkokulu,774120,İlkokul,https://yanikkoy.meb.k12.tr,,,https://yanikkoy.meb.k12.tr/tema/harita.php,2026-08-31,12,12,bulundu,https://yanikkoy.meb.k12.tr/,2026-10-01T19:31:04.188797+00:00,,Öğrenci Sayısı: 12
İzmir,Menemen,Çavuşköy İlkokulu,727811,İlkokul,https://menemencavuskoy.meb.k12.tr,,,https://menemencavuskoy.meb.k12.tr/tema/harita.php,2026-08-31,35,35,bulundu,https://menemencavuskoy.meb.k12.tr/,2026-10-01T19:31:04.249117+00:00,,Öğrenci Sayısı : 35
İzmir,Menemen,Çukurköy İlkokulu,727824,İlkokul,https://cukurkoyilkokulu.meb.k12.tr,,,https://cukurkoyilkokulu.meb.k12.tr/tema/harita.php,2026-08-31,35,35,bulundu,https://cukurkoyilkokulu.meb.k12.tr/,2026-10-01T19:31:04.257174+00:00,,Öğrenci Sayısı : 35
İzmir,Menemen,İrfan Erdem Ortaokulu,729791,Ortaokul,https://irfanerdemortaokulu.meb.k12.tr,,,https://irfanerdemortaokulu.meb.k12.tr/tema/harita.php,2026-08-31,481,481,bulundu,https://irfanerdemortaokulu.meb.k12.tr/,2026-10-01T19:31:04.373567+00:00,,Öğrenci Sayısı 481
İzmir,Menemen,Şehit Ahmet Özsoy Fen Lisesi,762133,Fen Lisesi,https://menemensaofen.meb.k12.tr,,,https://menemensaofen.meb.k12.tr/tema/harita.php,2026-08-31,331,331,bulundu,https://menemensaofen.meb.k12.tr/,2026-10-01T19:31:04.376420+00:00,,Öğrenci Sayısı : 331
İzmir,Menemen,Şehit Er Serdar Amak Ortaokulu,721557,Ortaokul,https://sehiterserdaramakoo.meb.k12.tr,,,https://sehiterserdaramakoo.meb.k12.tr/tema/harita.php,2026-08-31,635,635,bulundu,https://sehiterserdaramakoo.meb.k12.tr/,2026-10-01T19:31:04.412809+00:00,,Öğrenci Sayısı : 635
İzmir,Menemen,Şehit Hakan Gülşen Anadolu İmam Hatip Lisesi,762202,Anadolu İmam Hatip Lisesi,https://shgaihl.meb.k12.tr,,,https://shgaihl.meb.k12.tr/tema/harita.php,2026-08-31,567,567,bulundu,https://shgaihl.meb.k12.tr/,2026-10-01T19:31:04.461552+00:00,,Öğrenci Sayısı : 567
İzmir,Menemen,Şehit Kemal Ortaokulu,730641,Ortaokul,https://menemensehitkemalortaokulu.meb.k12.tr,,,https://menemensehitkemalortaokulu.meb.k12.tr/tema/harita.php,2026-08-31,1071,1071,bulundu,https://menemensehitkemalortaokulu.meb.k12.tr/tema/okulumuz_hakkinda.php,2026-10-01T19:31:04.482671+00:00,,Öğrenci : 1071
İzmir,Menemen,Şehit Mustafa Hakan Aydoğmuş İlkokulu,729254,İlkokul,https://smustafahaio.meb.k12.tr,,,https://smustafahaio.meb.k12.tr/tema/harita.php,2026-08-31,1481,1481,bulundu,https://smustafahaio.meb.k12.tr/,2026-10-01T19:31:04.841331+00:00,,Öğrenci Sayısı : 1481
İzmir,Narlıdere,Arkas Bilim ve Sanat Merkezi,889994,Bilim ve Sanat Merkezi,https://arkasbilsem.meb.k12.tr,,,https://arkasbilsem.meb.k12.tr/tema/harita.php,2026-08-31,621,621,bulundu,https://arkasbilsem.meb.k12.tr/,2026-10-01T19:31:04.865830+00:00,,Öğrenci Sayısı : 621
İzmir,Narlıdere,Arkas Narlıdere Mesleki ve Teknik Anadolu Lisesi,758618,Mesleki ve Teknik Anadolu Lisesi,https://arkasnarlideremtal.meb.k12.tr,,,https://arkasnarlideremtal.meb.k12.tr/tema/harita.php,2026-08-31,467,467,bulundu,https://arkasnarlideremtal.meb.k12.tr/,2026-10-01T19:31:05.010002+00:00,,Öğrenci Sayısı 467
İzmir,Narlıdere,Didem Işıklı Ortaokulu,730662,Ortaokul,https://didemortaokulu.meb.k12.tr,,,https://didemortaokulu.meb.k12.tr/tema/harita.php,2026-08-31,166,166,bulundu,https://didemortaokulu.meb.k12.tr/tema/okulumuz_hakkinda.php,2026-10-01T19:31:05.075077+00:00,,Öğrenci : 166
İzmir,Narlıdere,Didem Işıklı İlkokulu,730645,İlkokul,https://didemilko.meb.k12.tr,,,https://didemilko.meb.k12.tr/tema/harita.php,2026-08-31,143,143,bulundu,https://didemilko.meb.k12.tr/,2026-10-01T19:31:05.206634+00:00,,Öğrenci Sayısı 143
İzmir,Narlıdere,Hasan İçyer Ortaokulu,720709,Ortaokul,https://hasanicyeroo.meb.k12.tr,,,https://hasanicyeroo.meb.k12.tr/tema/harita.php,2026-08-31,199,199,bulundu,https://hasanicyeroo.meb.k12.tr/,2026-10-01T19:31:05.214607+00:00,,Öğrenci Sayısı : 199
İzmir,Narlıdere,Hasan İçyer İlkokulu,720646,İlkokul,https://hasanicyerio.meb.k12.tr,,,https://hasanicyerio.meb.k12.tr/tema/harita.php,2026-08-31,128,128,bulundu,https://hasanicyerio.meb.k12.tr/,2026-10-01T19:31:05.288612+00:00,,Öğrenci Sayısı 128
İzmir,Narlıdere,Kılıçaslan Ortaokulu,720566,Ortaokul,https://kilicarslanortaokulu.meb.k12.tr,,,https://kilicarslanortaokulu.meb.k12.tr/tema/harita.php,2026-08-31,216,216,bulundu,https://kilicarslanortaokulu.meb.k12.tr/,2026-10-01T19:31:05.334369+00:00,,Öğrenci Sayısı : 216
İzmir,Narlıdere,Kılıçaslan İlkokulu,720453,İlkokul,https://kilicaslanilkokulu.meb.k12.tr,,,https://kilicaslanilkokulu.meb.k12.tr/tema/harita.php,2026-08-31,228,228,bulundu,https://kilicaslanilkokulu.meb.k12.tr/,2026-10-01T19:31:05.477888+00:00,,Öğrenci Sayısı : 228
İzmir,Narlıdere,Mehmet Seyfi Eraltay Anadolu Lisesi,291074,Anadolu Lisesi,https://msel.meb.k12.tr,,,https://msel.meb.k12.tr/tema/harita.php,2026-08-31,377,377,bulundu,https://msel.meb.k12.tr/,2026-10-01T19:31:05.498208+00:00,,Öğrenci Sayısı : 377
İzmir,Narlıdere,Mustafa Şık İlkokulu,719892,İlkokul,https://mustafasio.meb.k12.tr,,,https://mustafasio.meb.k12.tr/tema/harita.php,2026-08-31,340,340,bulundu,https://mustafasio.meb.k12.tr/,2026-10-01T19:31:05.507252+00:00,,Öğrenci Sayısı : 340
İzmir,Narlıdere,Narlıdere Anadolu İmam Hatip Lisesi,752666,Anadolu İmam Hatip Lisesi,https://narlidereimamhatip.meb.k12.tr,,,https://narlidereimamhatip.meb.k12.tr/tema/harita.php,2026-08-31,128,128,bulundu,https://narlidereimamhatip.meb.k12.tr/,2026-10-01T19:31:05.697189+00:00,,Öğrenci Sayısı : 128
İzmir,Narlıdere,Narlıdere Cahide-Ahmet Dalyanoğlu Anadolu Lisesi,964076,Anadolu Lisesi,https://narliderecadal.meb.k12.tr,,,https://narliderecadal.meb.k12.tr/tema/harita.php,2026-08-31,548,548,bulundu,https://narliderecadal.meb.k12.tr/tema/okulumuz_hakkinda.php,2026-10-01T19:31:05.711050+00:00,,Öğrenci : 548
İzmir,Narlıdere,Narlıdere Halk Eğitimi Merkezi,308741,Halk Eğitimi Merkezi,https://narliderehem.meb.k12.tr,,,https://narliderehem.meb.k12.tr/tema/harita.php,2026-08-31,,,bulunamadi,,2026-10-01T19:31:05.716014+00:00,,
İzmir,Narlıdere,Narlıdere Merkez Anaokulu,875454,Anaokulu,https://narlideremerkezanaokulu.meb.k12.tr,,,https://narlideremerkezanaokulu.meb.k12.tr/tema/harita.php,2026-08-31,144,144,bulundu,https://narlideremerkezanaokulu.meb.k12.tr/,2026-10-01T19:31:06.135994+00:00,,Öğrenci Sayısı: 144
İzmir,Narlıdere,Narlıdere Rasim Önel Ticaret Mesleki ve Teknik Anadolu Lisesi,279374,Mesleki ve Teknik Anadolu Lisesi,https://rasimoneltml.meb.k12.tr,,,https://rasimoneltml.meb.k12.tr/tema/harita.php,2026-08-31,336,336,bulundu,https://rasimoneltml.meb.k12.tr/,2026-10-01T19:31:06.210794+00:00,,Öğrenci Sayısı : 336
İzmir,Narlıdere,Oğuzhan İlkokulu,720323,İlkokul,https://oguzhanilk.meb.k12.tr,,,https://oguzhanilk.meb.k12.tr/tema/harita.php,2026-08-31,109,109,bulundu,https://oguzhanilk.meb.k12.tr/,2026-10-01T19:31:06.222682+00:00,,Öğrenci Sayısı 109
İzmir,Narlıdere,Prof.Dr. Aziz Sancar Ortaokulu,737568,Ortaokul,https://azizsancarortaokulu.meb.k12.tr,,,https://azizsancarortaokulu.meb.k12.tr/tema/harita.php,2026-08-31,635,635,bulundu,https://azizsancarortaokulu.meb.k12.tr/,2026-10-01T19:31:06.254310+00:00,,Öğrenci Sayısı : 635
İzmir,Narlıdere,Sıdıka Akdemir Rehberlik ve Araştırma Merkezi,769217,Rehberlik ve Araştırma Merkezi,https://narlidereram.meb.k12.tr,,,https://narlidereram.meb.k12.tr/tema/harita.php,2026-08-31,,,bulunamadi,,2026-10-01T19:31:06.279459+00:00,,
İzmir,Narlıdere,İhsan Çelikten Ortaokulu,737454,Ortaokul,https://ihsancelikten.meb.k12.tr,,,https://ihsancelikten.meb.k12.tr/tema/harita.php,2026-08-31,272,272,bulundu,https://ihsancelikten.meb.k12.tr/,2026-10-01T19:31:06.486802+00:00,,Öğrenci Sayısı 272
İzmir,Narlıdere,İlhan Onat İlkokulu,719973,İlkokul,https://ilhanonatioo.meb.k12.tr,,,https://ilhanonatioo.meb.k12.tr/tema/harita.php,2026-08-31,651,651,bulundu,https://ilhanonatioo.meb.k12.tr/,2026-10-01T19:31:06.574810+00:00,,Öğrenci Sayısı 651
İzmir,Narlıdere,İnönü İlkokulu,737531,İlkokul,https://narlidereinonuilkokulu.meb.k12.tr,,,https://narlidereinonuilkokulu.meb.k12.tr/tema/harita.php,2026-08-31,167,167,bulundu,https://narlidereinonuilkokulu.meb.k12.tr/,2026-10-01T19:31:06.714854+00:00,,Öğrenci Sayısı 167
İzmir,Seferihisar,Asil Nadir Anadolu Lisesi,341536,Anadolu Lisesi,https://asilnadir.meb.k12.tr,,,https://asilnadir.meb.k12.tr/tema/harita.php,2026-08-31,420,420,bulundu,https://asilnadir.meb.k12.tr/,2026-10-01T19:31:06.732160+00:00,,Öğrenci Sayısı : 420
İzmir,Seferihisar,Doğanbey Payamlı Ortaokulu,727760,Ortaokul,https://doganbeypayamliortaokulu.meb.k12.tr,,,https://doganbeypayamliortaokulu.meb.k12.tr/tema/harita.php,2026-08-31,142,142,bulundu,https://doganbeypayamliortaokulu.meb.k12.tr/,2026-10-01T19:31:06.868024+00:00,,Öğrenci Sayısı : 142
İzmir,Seferihisar,Doğanbey Payamlı İlkokulu,727751,İlkokul,https://doganbeypayamliilkokulu.meb.k12.tr,,,https://doganbeypayamliilkokulu.meb.k12.tr/tema/harita.php,2026-08-31,183,183,bulundu,https://doganbeypayamliilkokulu.meb.k12.tr/,2026-10-01T19:31:06.968031+00:00,,Öğrenci Sayısı 183
İzmir,Seferihisar,Düzce İlkokulu,722338,İlkokul,https://duzceilkokulu.meb.k12.tr,,,https://duzceilkokulu.meb.k12.tr/tema/harita.php,2026-08-31,23,23,bulundu,https://duzceilkokulu.meb.k12.tr/,2026-10-01T19:31:07.031129+00:00,,Öğrenci Sayısı : 23
İzmir,Seferihisar,Gödence İlkokulu,771192,İlkokul,https://771192.meb.k12.tr,,,https://771192.meb.k12.tr/tema/harita.php,2026-08-31,16,16,bulundu,https://771192.meb.k12.tr/,2026-10-01T19:31:07.163796+00:00,,Öğrenci Sayısı: 16
İzmir,Seferihisar,Muharrem Gülpınar Ortaokulu,727822,Ortaokul,https://mgulpinarortaokulu.meb.k12.tr,,,https://mgulpinarortaokulu.meb.k12.tr/tema/harita.php,2026-08-31,693,693,bulundu,https://mgulpinarortaokulu.meb.k12.tr/,2026-10-01T19:31:07.247824+00:00,,Öğrenci Sayısı : 693
İzmir,Seferihisar,Müşerref Hepkon Ortaokulu,727812,Ortaokul,https://mho.meb.k12.tr,,,https://mho.meb.k12.tr/tema/harita.php,2026-08-31,727,727,bulundu,https://mho.meb.k12.tr/,2026-10-01T19:31:07.253505+00:00,,Öğrenci Sayısı 727
İzmir,Seferihisar,Müşerref Hepkon İlkokulu,721419,İlkokul,https://muserrefhepkonio.meb.k12.tr,,,https://muserrefhepkonio.meb.k12.tr/tema/harita.php,2026-08-31,683,683,bulundu,https://muserrefhepkonio.meb.k12.tr/,2026-10-01T19:31:07.271612+00:00,,Öğrenci Sayısı : 683
İzmir,Seferihisar,Necat Hepkon İlkokulu,721464,İlkokul,https://necathepkonio.meb.k12.tr,,,https://necathepkonio.meb.k12.tr/tema/harita.php,2026-08-31,357,357,bulundu,https://necathepkonio.meb.k12.tr/tema/okulumuz_hakkinda.php,2026-10-01T19:31:07.278473+00:00,,Öğrenci : 357
İzmir,Seferihisar,Salih Değerli Anadolu Lisesi,324882,Anadolu Lisesi,https://urkmezsalihdegerlianadolulisesi.meb.k12.tr,,,https://urkmezsalihdegerlianadolulisesi.meb.k12.tr/tema/harita.php,2026-08-31,112,112,bulundu,https://urkmezsalihdegerlianadolulisesi.meb.k12.tr/,2026-10-01T19:31:07.644014+00:00,,Öğrenci Sayısı 112
İzmir,Seferihisar,Satuk Buğra Han Anaokulu,777194,Anaokulu,https://777194.meb.k12.tr,,,https://777194.meb.k12.tr/tema/harita.php,2026-08-31,69,69,bulundu,https://777194.meb.k12.tr/,2026-10-01T19:31:07.740809+00:00,,Öğrenci Sayısı: 69
İzmir,Seferihisar,Seferihisar Atatürk Halk Eğitimi Merkezi,166029,Halk Eğitimi Merkezi,https://seferihisarhem.meb.k12.tr,,,https://seferihisarhem.meb.k12.tr/tema/harita.php,2026-08-31,,,bulunamadi,,2026-10-01T19:31:07.753940+00:00,,
İzmir,Seferihisar,Seferihisar Bağımsız Anaokulu,752495,Anaokulu,https://seferana.meb.k12.tr,,,https://seferana.meb.k12.tr/tema/harita.php,2026-08-31,167,167,bulundu,https://seferana.meb.k12.tr/,2026-10-01T19:31:07.875879+00:00,,Öğrenci Sayısı: 167
İzmir,Seferihisar,Seferihisar Borsa İstanbul Mesleki ve Teknik Anadolu Lisesi,950254,Mesleki ve Teknik Anadolu Lisesi,https://seferihisareml.meb.k12.tr,,,https://seferihisareml.meb.k12.tr/tema/harita.php,2026-08-31,538,538,bulundu,https://seferihisareml.meb.k12.tr/,2026-10-01T19:31:07.958282+00:00,,Öğrenci Sayısı 538
İzmir,Seferihisar,Seferihisar Necat Hepkon Anadolu Lisesi,964075,Anadolu Lisesi,https://seferihisarnecathepkonal.meb.k12.tr,,,https://seferihisarnecathepkonal.meb.k12.tr/tema/harita.php,2026-08-31,320,320,bulundu,https://seferihisarnecathepkonal.meb.k12.tr/,2026-10-01T19:31:07.980946+00:00,,Öğrenci Sayısı 320
İzmir,Seferihisar,Seferihisar Semiha-İrfan Çalı Mesleki ve Teknik Anadolu Lisesi,365803,Mesleki ve Teknik Anadolu Lisesi,https://seferihisarmtal.meb.k12.tr,,,https://seferihisarmtal.meb.k12.tr/tema/harita.php,2026-08-31,494,494,bulundu,https://seferihisarmtal.meb.k12.tr/,2026-10-01T19:31:08.078641+00:00,,Öğrenci Sayısı : 494
İzmir,Seferihisar,Seferihisar TOKİ Ortaokulu,775576,Ortaokul,https://775576.meb.k12.tr,,,https://775576.meb.k12.tr/tema/harita.php,2026-08-31,137,137,bulundu,https://775576.meb.k12.tr/,2026-10-01T19:31:08.134452+00:00,,Öğrenci Sayısı : 137
İzmir,Seferihisar,Seferihisar TOKİ İlkokulu,775580,İlkokul,https://775580.meb.k12.tr,,,https://775580.meb.k12.tr/tema/harita.php,2026-08-31,190,190,bulundu,https://775580.meb.k12.tr/,2026-10-01T19:31:08.207142+00:00,,Öğrenci Sayısı : 190
İzmir,Seferihisar,Soner Değerli-Ürkmez Ortaokulu,727800,Ortaokul,https://sonerdegerliurkmezortaokulu.meb.k12.tr,,,https://sonerdegerliurkmezortaokulu.meb.k12.tr/tema/harita.php,2026-08-31,251,251,bulundu,https://sonerdegerliurkmezortaokulu.meb.k12.tr/,2026-10-01T19:31:08.273630+00:00,,Öğrenci Sayısı : 251
İzmir,Seferihisar,Soner Değerli-Ürkmez İlkokulu,727789,İlkokul,https://sonerdegerliurkmezio.meb.k12.tr,,,https://sonerdegerliurkmezio.meb.k12.tr/tema/harita.php,2026-08-31,203,203,bulundu,https://sonerdegerliurkmezio.meb.k12.tr/,2026-10-01T19:31:08.277856+00:00,,Öğrenci Sayısı: 203
İzmir,Seferihisar,Sığacık 80.Yıl Cumhuriyet Ortaokulu,727774,Ortaokul,https://sigacikortaokulu.meb.k12.tr,,,https://sigacikortaokulu.meb.k12.tr/tema/harita.php,2026-08-31,145,145,bulundu,https://sigacikortaokulu.meb.k12.tr/,2026-10-01T19:31:08.341262+00:00,,Öğrenci Sayısı : 145
İzmir,Seferihisar,Sığacık 80.Yıl Cumhuriyet İlkokulu,727769,İlkokul,https://sigacikilkokulu.meb.k12.tr,,,https://sigacikilkokulu.meb.k12.tr/tema/harita.php,2026-08-31,88,88,bulundu,https://sigacikilkokulu.meb.k12.tr/,2026-10-01T19:31:08.346017+00:00,,Öğrenci Sayısı: 88
İzmir,Seferihisar,Tepecik Ortaokulu,727863,Ortaokul,https://seferihisartepecikortaokulu.meb.k12.tr,,,https://seferihisartepecikortaokulu.meb.k12.tr/tema/harita.php,2026-08-31,92,92,bulundu,https://seferihisartepecikortaokulu.meb.k12.tr/,2026-10-01T19:31:08.409214+00:00,,Öğrenci Sayısı : 92
İzmir,Seferihisar,Tepecik İlkokulu,727865,İlkokul,https://seferihisartepecikilkokulu.meb.k12.tr,,,https://seferihisartepecikilkokulu.meb.k12.tr/tema/harita.php,2026-08-31,107,107,bulundu,https://seferihisartepecikilkokulu.meb.k12.tr/,2026-10-01T19:31:08.455590+00:00,,Öğrenci Sayısı 107
İzmir,Seferihisar,Turgut İlkokulu,768173,İlkokul,https://768173.meb.k12.tr,,,https://768173.meb.k12.tr/tema/harita.php,2026-08-31,18,18,bulundu,https://768173.meb.k12.tr/,2026-10-01T19:31:08.480976+00:00,,Öğrenci Sayısı : 18
İzmir,Seferihisar,Ulamış Ortaokulu,727832,Ortaokul,https://ulamisoo.meb.k12.tr,,,https://ulamisoo.meb.k12.tr/tema/harita.php,2026-08-31,192,192,bulundu,https://ulamisoo.meb.k12.tr/tema/okulumuz_hakkinda.php,2026-10-01T19:31:08.484983+00:00,,Öğrenci : 192
İzmir,Seferihisar,Ulamış İlkokulu,727825,İlkokul,https://ulamisio.meb.k12.tr,,,https://ulamisio.meb.k12.tr/tema/harita.php,2026-08-31,167,167,bulundu,https://ulamisio.meb.k12.tr/,2026-10-01T19:31:08.538534+00:00,,Öğrenci Sayısı: 167
İzmir,Seferihisar,Uluslararası Seferihisar Borsa İstanbul Anadolu İmam Hatip Lisesi,749689,Anadolu İmam Hatip Lisesi,https://usaihl.meb.k12.tr,,,https://usaihl.meb.k12.tr/tema/harita.php,2026-08-31,362,362,bulundu,https://usaihl.meb.k12.tr/,2026-10-01T19:31:08.541408+00:00,,Öğrenci Sayısı : 362
İzmir,Seferihisar,Yeni Orhanlı Kamuran Başel Ortaokulu,738103,Ortaokul,https://yeniorhanlioo.meb.k12.tr,,,https://yeniorhanlioo.meb.k12.tr/tema/harita.php,2026-08-31,85,85,bulundu,https://yeniorhanlioo.meb.k12.tr/,2026-10-01T19:31:08.672206+00:00,,Öğrenci Sayısı : 85
İzmir,Seferihisar,Yeni Orhanlı İlkokulu,737945,İlkokul,https://yeniorhanliio.meb.k12.tr,,,https://yeniorhanliio.meb.k12.tr/tema/harita.php,2026-08-31,,,bulunamadi,,2026-10-01T19:31:09.061403+00:00,,
İzmir,Seferihisar,Şehit Öğretmen Mehmet İzdal İlkokulu,727810,İlkokul,https://mehmetizdalilkokulu.meb.k12.tr,,,https://mehmetizdalilkokulu.meb.k12.tr/tema/harita.php,2026-08-31,688,688,bulundu,https://mehmetizdalilkokulu.meb.k12.tr/,2026-10-01T19:31:09.127947+00:00,,Öğrenci Sayısı 688
İzmir,Selçuk,19 Mayıs Ortaokulu,730875,Ortaokul,https://selcukondokuzmayisortaokulu.meb.k12.tr,,,https://selcukondokuzmayisortaokulu.meb.k12.tr/tema/harita.php,2026-08-31,517,517,bulundu,https://selcukondokuzmayisortaokulu.meb.k12.tr/,2026-10-01T19:31:09.129801+00:00,,Öğrenci Sayısı : 517
İzmir,Selçuk,80. Yıl Çamlık Ortaokulu,730812,Ortaokul,https://selcukcamlikortaokulu.meb.k12.tr,,,https://selcukcamlikortaokulu.meb.k12.tr/tema/harita.php,2026-08-31,40,40,bulundu,https://selcukcamlikortaokulu.meb.k12.tr/,2026-10-01T19:31:09.130414+00:00,,Öğrenci Sayısı : 40
İzmir,Selçuk,80. Yıl Çamlık İlkokulu,730814,İlkokul,https://selcukcamlikilkokulu.meb.k12.tr,,,https://selcukcamlikilkokulu.meb.k12.tr/tema/harita.php,2026-08-31,71,71,bulundu,https://selcukcamlikilkokulu.meb.k12.tr/,2026-10-01T19:31:09.133799+00:00,,Öğrenci Sayısı : 71
İzmir,Selçuk,Acarlar Şehit Dursun Acar İlkokulu,721209,İlkokul,https://selcukacarlar.meb.k12.tr,,,https://selcukacarlar.meb.k12.tr/tema/harita.php,2026-08-31,12,12,bulundu,https://selcukacarlar.meb.k12.tr/,2026-10-01T19:31:09.138644+00:00,,Öğrenci Sayısı : 12
İzmir,Selçuk,Atatürk İlkokulu,738206,İlkokul,https://selcukataturkilkokulu.meb.k12.tr,,,https://selcukataturkilkokulu.meb.k12.tr/tema/harita.php,2026-08-31,434,434,bulundu,https://selcukataturkilkokulu.meb.k12.tr/,2026-10-01T19:31:09.481882+00:00,,Öğrenci Sayısı : 434
İzmir,Selçuk,Belevi Şehit Yüzbaşı Cengiz Topel Ortaokulu,730888,Ortaokul,https://belevictopeloo.meb.k12.tr,,,https://belevictopeloo.meb.k12.tr/tema/harita.php,2026-08-31,76,76,bulundu,https://belevictopeloo.meb.k12.tr/,2026-10-01T19:31:09.501225+00:00,,Öğrenci Sayısı: 76
İzmir,Selçuk,Belevi Şehit Yüzbaşı Cengiz Topel İlkokulu,730878,İlkokul,https://belevictopelio.meb.k12.tr,,,https://belevictopelio.meb.k12.tr/tema/harita.php,2026-08-31,107,107,bulundu,https://belevictopelio.meb.k12.tr/,2026-10-01T19:31:09.563174+00:00,,Öğrenci Sayısı: 107
İzmir,Selçuk,Borsa İstanbul Şehit Ömer Halisdemir Anadolu Lisesi,324140,Anadolu Lisesi,https://sal35.meb.k12.tr,,,https://sal35.meb.k12.tr/tema/harita.php,2026-08-31,,,bulunamadi,,2026-10-01T19:31:09.584777+00:00,,
İzmir,Selçuk,Cumhuriyet Ortaokulu,766205,Ortaokul,https://selcukcumhuriyetortaokulu.meb.k12.tr,,,https://selcukcumhuriyetortaokulu.meb.k12.tr/tema/harita.php,2026-08-31,225,225,bulundu,https://selcukcumhuriyetortaokulu.meb.k12.tr/,2026-10-01T19:31:09.809846+00:00,,Öğrenci Sayısı : 225
İzmir,Selçuk,Cumhuriyet İlkokulu,766206,İlkokul,https://selcukcumhuriyetilkokulu.meb.k12.tr,,,https://selcukcumhuriyetilkokulu.meb.k12.tr/tema/harita.php,2026-08-31,515,515,bulundu,https://selcukcumhuriyetilkokulu.meb.k12.tr/,2026-10-01T19:31:09.820802+00:00,,Öğrenci Sayısı : 515
İzmir,Selçuk,Fatma Günay Ortaokulu,721113,Ortaokul,https://selcukfatmagunayortaokulu.meb.k12.tr,,,https://selcukfatmagunayortaokulu.meb.k12.tr/tema/harita.php,2026-08-31,479,479,bulundu,https://selcukfatmagunayortaokulu.meb.k12.tr/,2026-10-01T19:31:09.897084+00:00,,Öğrenci Sayısı 479
İzmir,Selçuk,Gazi Mustafa Kemal Ortaokulu,738454,Ortaokul,https://selcukgmk.meb.k12.tr,,,https://selcukgmk.meb.k12.tr/tema/harita.php,2026-08-31,483,483,bulundu,https://selcukgmk.meb.k12.tr/,2026-10-01T19:31:09.914962+00:00,,Öğrenci Sayısı : 483
İzmir,Selçuk,Gökçealan Hasan Fatma Önal Ortaokulu,730868,Ortaokul,https://hasanfatmaonaloo.meb.k12.tr,,,https://hasanfatmaonaloo.meb.k12.tr/tema/harita.php,2026-08-31,42,42,bulundu,https://hasanfatmaonaloo.meb.k12.tr/tema/okulumuz_hakkinda.php,2026-10-01T19:31:09.990486+00:00,,Öğrenci : 42
İzmir,Selçuk,Gökçealan Hasan Fatma Önal İlkokulu,730856,İlkokul,https://hasanfatmaonalio.meb.k12.tr,,,https://hasanfatmaonalio.meb.k12.tr/tema/harita.php,2026-08-31,23,23,bulundu,https://hasanfatmaonalio.meb.k12.tr/,2026-10-01T19:31:10.005949+00:00,,Öğrenci Sayısı 23
İzmir,Selçuk,Sekizeylül İlkokulu,730778,İlkokul,https://sekizeylulilkokulu.meb.k12.tr,,,https://sekizeylulilkokulu.meb.k12.tr/tema/harita.php,2026-08-31,341,341,bulundu,https://sekizeylulilkokulu.meb.k12.tr/,2026-10-01T19:31:10.074039+00:00,,Öğrenci Sayısı : 341
İzmir,Selçuk,Selçuk Belediyesi Anaokulu,765873,Anaokulu,https://selcukbelediyesianaokulu.meb.k12.tr,,,https://selcukbelediyesianaokulu.meb.k12.tr/tema/harita.php,2026-08-31,124,124,bulundu,https://selcukbelediyesianaokulu.meb.k12.tr/,2026-10-01T19:31:10.111034+00:00,,Öğrenci Sayısı: 124
İzmir,Selçuk,Selçuk Mesleki Eğitim Merkezi,761205,Mesleki Eğitim Merkezi,https://selcukmesem.meb.k12.tr,,,https://selcukmesem.meb.k12.tr/tema/harita.php,2026-08-31,214,214,bulundu,https://selcukmesem.meb.k12.tr/,2026-10-01T19:31:10.149348+00:00,,Öğrenci Sayısı 214
İzmir,Selçuk,Selçuk Toki İlkokulu,777323,İlkokul,https://777323.meb.k12.tr,,,https://777323.meb.k12.tr/tema/harita.php,2026-08-31,49,49,bulundu,https://777323.meb.k12.tr/,2026-10-01T19:31:10.344395+00:00,,Öğrenci Sayısı : 49
İzmir,Selçuk,Selçuk Öğretmenevi ve Akşam Sanat Okulu,971228,Öğretmenevi,https://selcukogretmenevi.meb.k12.tr,,,https://selcukogretmenevi.meb.k12.tr/tema/harita.php,2026-08-31,,,bulunamadi,,2026-10-01T19:31:10.356271+00:00,,
İzmir,Selçuk,Selçuk Şahabettin Sarıdede Halk Eğitimi Merkezi,166066,Halk Eğitimi Merkezi,https://selcukhem.meb.k12.tr,,,https://selcukhem.meb.k12.tr/tema/harita.php,2026-08-31,,,bulunamadi,,2026-10-01T19:31:10.408298+00:00,,
İzmir,Selçuk,Selçuk Şehit Abdullah Tayyip Olçok Anadolu İmam Hatip Lisesi,748812,Anadolu İmam Hatip Lisesi,https://selcukanadoluimamhatiplisesi.meb.k12.tr,,,https://selcukanadoluimamhatiplisesi.meb.k12.tr/tema/harita.php,2026-08-31,91,91,bulundu,https://selcukanadoluimamhatiplisesi.meb.k12.tr/,2026-10-01T19:31:10.574926+00:00,,Öğrenci Sayısı : 91
İzmir,Selçuk,Selçuk Şehit Er Mehmet Yüce Borsa İstanbul Turizm Mesleki ve Teknik Anadolu Lisesi,965263,Mesleki ve Teknik Anadolu Lisesi,https://selcukotelcilik.meb.k12.tr,,,https://selcukotelcilik.meb.k12.tr/tema/harita.php,2026-08-31,285,285,bulundu,https://selcukotelcilik.meb.k12.tr/,2026-10-01T19:31:10.599601+00:00,,Öğrenci Sayısı 285
İzmir,Selçuk,Selçuk Şehit Erol Olçok Anadolu Lisesi,166042,Anadolu Lisesi,https://selcuklisesi.meb.k12.tr,,,https://selcuklisesi.meb.k12.tr/tema/harita.php,2026-08-31,254,254,bulundu,https://selcuklisesi.meb.k12.tr/,2026-10-01T19:31:10.605174+00:00,,Öğrenci Sayısı : 254
İzmir,Selçuk,Selçuk Şehit Polis Demet Sezen Mesleki ve Teknik Anadolu Lisesi,907264,Mesleki ve Teknik Anadolu Lisesi,https://selcukmtal.meb.k12.tr,,,https://selcukmtal.meb.k12.tr/tema/harita.php,2026-08-31,625,625,bulundu,https://selcukmtal.meb.k12.tr/,2026-10-01T19:31:10.672834+00:00,,Öğrenci Sayısı : 625
İzmir,Selçuk,Zeytinköy Şehit Er Yunus Yılmaz İlkokulu,721082,İlkokul,https://selcukzeytinkoy.meb.k12.tr,,,https://selcukzeytinkoy.meb.k12.tr/tema/harita.php,2026-08-31,31,31,bulundu,https://selcukzeytinkoy.meb.k12.tr/,2026-10-01T19:31:10.830232+00:00,,Öğrenci Sayısı : 31
İzmir,Selçuk,İsabey İlkokulu,730730,İlkokul,https://selcukisabeyilkokulu.meb.k12.tr,,,https://selcukisabeyilkokulu.meb.k12.tr/tema/harita.php,2026-08-31,354,354,bulundu,https://selcukisabeyilkokulu.meb.k12.tr/,2026-10-01T19:31:10.844696+00:00,,Öğrenci Sayısı: 354
İzmir,Selçuk,Şehit Zeynep Sağır Anaokulu,759296,Anaokulu,https://sehitzeynepsagiranaokulu.meb.k12.tr,,,https://sehitzeynepsagiranaokulu.meb.k12.tr/tema/harita.php,2026-08-31,126,126,bulundu,https://sehitzeynepsagiranaokulu.meb.k12.tr/,2026-10-01T19:31:10.910581+00:00,,Öğrenci Sayısı: 126
İzmir,Tire,15 Temmuz Şehitleri Ortaokulu,763069,Ortaokul,https://onbestemmuzsehitlerioo.meb.k12.tr,,,https://onbestemmuzsehitlerioo.meb.k12.tr/tema/harita.php,2026-08-31,624,624,bulundu,https://onbestemmuzsehitlerioo.meb.k12.tr/tema/okulumuz_hakkinda.php,2026-10-01T19:31:10.926430+00:00,,Öğrenci : 624
İzmir,Tire,80.Yıl Cumhuriyet Ortaokulu,722281,Ortaokul,https://tirecumhuriyetoo.meb.k12.tr,,,https://tirecumhuriyetoo.meb.k12.tr/tema/harita.php,2026-08-31,217,217,bulundu,https://tirecumhuriyetoo.meb.k12.tr/,2026-10-01T19:31:11.650199+00:00,,Öğrenci Sayısı : 217
İzmir,Tire,80.Yıl Cumhuriyet İlkokulu,738063,İlkokul,https://tirecumhuriyetio.meb.k12.tr,,,https://tirecumhuriyetio.meb.k12.tr/tema/harita.php,2026-08-31,,,bulunamadi,,2026-10-01T19:31:11.713744+00:00,,
İzmir,Tire,Akmescit İlkokulu,728053,İlkokul,https://akmescitio.meb.k12.tr,,,https://akmescitio.meb.k12.tr/tema/harita.php,2026-08-31,,,bulunamadi,,2026-10-01T19:31:11.760271+00:00,,
İzmir,Tire,Akyurt İlkokulu,775997,İlkokul,https://775997.meb.k12.tr,,,https://775997.meb.k12.tr/tema/harita.php,2026-08-31,,,bulunamadi,,2026-10-01T19:31:11.800377+00:00,,
İzmir,Tire,Atatürk Ortaokulu,738426,Ortaokul,https://tireataturk.meb.k12.tr,,,https://tireataturk.meb.k12.tr/tema/harita.php,2026-08-31,,,bulunamadi,,2026-10-01T19:31:11.801804+00:00,,
İzmir,Tire,Aydınoğulları İlkokulu,727946,İlkokul,https://tireaydinogullari.meb.k12.tr,,,https://tireaydinogullari.meb.k12.tr/tema/harita.php,2026-08-31,82,82,bulundu,https://tireaydinogullari.meb.k12.tr/,2026-10-01T19:31:11.831717+00:00,,Öğrenci Sayısı 82
İzmir,Tire,Başköy Ortaokulu,722371,Ortaokul,https://tirebaskoyoo.meb.k12.tr,,,https://tirebaskoyoo.meb.k12.tr/tema/harita.php,2026-08-31,43,43,bulundu,https://tirebaskoyoo.meb.k12.tr/,2026-10-01T19:31:11.972026+00:00,,Öğrenci Sayısı : 43
İzmir,Tire,Başköy İlkokulu,722325,İlkokul,https://tirebaskoyio.meb.k12.tr,,,https://tirebaskoyio.meb.k12.tr/tema/harita.php,2026-08-31,37,37,bulundu,https://tirebaskoyio.meb.k12.tr/,2026-10-01T19:31:12.042142+00:00,,Öğrenci Sayısı: 37
İzmir,Tire,Büyük Kemerdere İlkokulu,765454,İlkokul,https://buyukkemerdereilkokulu.meb.k12.tr,,,https://buyukkemerdereilkokulu.meb.k12.tr/tema/harita.php,2026-08-31,15,15,bulundu,https://buyukkemerdereilkokulu.meb.k12.tr/,2026-10-01T19:31:12.055961+00:00,,Öğrenci Sayısı 15
İzmir,Tire,Büyükkale Mediha İçel Ortaokulu,721072,Ortaokul,https://medihaiceloo.meb.k12.tr,,,https://medihaiceloo.meb.k12.tr/tema/harita.php,2026-08-31,51,51,bulundu,https://medihaiceloo.meb.k12.tr/,2026-10-01T19:31:12.080162+00:00,,Öğrenci Sayısı 51
İzmir,Tire,Büyükkale İlkokulu,720983,İlkokul,https://buyukkaleio.meb.k12.tr,,,https://buyukkaleio.meb.k12.tr/tema/harita.php,2026-08-31,59,59,bulundu,https://buyukkaleio.meb.k12.tr/,2026-10-01T19:31:12.082791+00:00,,Öğrenci Sayısı: 59
İzmir,Tire,Derebaşı İlkokulu,728344,İlkokul,https://tirederebasiio.meb.k12.tr,,,https://tirederebasiio.meb.k12.tr/tema/harita.php,2026-08-31,18,18,bulundu,https://tirederebasiio.meb.k12.tr/,2026-10-01T19:31:12.299286+00:00,,Öğrenci Sayısı : 18
İzmir,Tire,Dörteylül Ortaokulu,731041,Ortaokul,https://tiredorteylulortaokulu.meb.k12.tr,,,https://tiredorteylulortaokulu.meb.k12.tr/tema/harita.php,2026-08-31,603,603,bulundu,https://tiredorteylulortaokulu.meb.k12.tr/,2026-10-01T19:31:12.316022+00:00,,Öğrenci Sayısı : 603
İzmir,Tire,Dörteylül İlkokulu,721996,İlkokul,https://tiredorteylulilkokulu.meb.k12.tr,,,https://tiredorteylulilkokulu.meb.k12.tr/tema/harita.php,2026-08-31,634,634,bulundu,https://tiredorteylulilkokulu.meb.k12.tr/,2026-10-01T19:31:12.380148+00:00,,Öğrenci Sayısı : 634
İzmir,Tire,Dündarlı İlkokulu,728368,İlkokul,https://728368.meb.k12.tr,,,https://728368.meb.k12.tr/tema/harita.php,2026-08-31,9,9,bulundu,https://728368.meb.k12.tr/,2026-10-01T19:31:12.713005+00:00,,Öğrenci Sayısı : 9
İzmir,Tire,Eskioba Ortaokulu,721340,Ortaokul,https://eskiobaoo.meb.k12.tr,,,https://eskiobaoo.meb.k12.tr/tema/harita.php,2026-08-31,111,111,bulundu,https://eskiobaoo.meb.k12.tr/,2026-10-01T19:31:12.761838+00:00,,Öğrenci Sayısı 111
İzmir,Tire,Eskioba İlkokulu,721133,İlkokul,https://eskiobaio.meb.k12.tr,,,https://eskiobaio.meb.k12.tr/tema/harita.php,2026-08-31,83,83,bulundu,https://eskiobaio.meb.k12.tr/,2026-10-01T19:31:12.771731+00:00,,Öğrenci Sayısı : 83
İzmir,Tire,Eğridere İbrahim Kardiçalı Ortaokulu,722663,Ortaokul,https://egridereiko.meb.k12.tr,,,https://egridereiko.meb.k12.tr/tema/harita.php,2026-08-31,44,44,bulundu,https://egridereiko.meb.k12.tr/,2026-10-01T19:31:12.813957+00:00,,Öğrenci Sayısı 44
İzmir,Tire,Eğridere İbrahim Kardiçalı İlkokulu,722417,İlkokul,https://egridereikio.meb.k12.tr,,,https://egridereikio.meb.k12.tr/tema/harita.php,2026-08-31,40,40,bulundu,https://egridereikio.meb.k12.tr/,2026-10-01T19:31:13.101450+00:00,,Öğrenci Sayısı 40
İzmir,Tire,Fatih Ortaokulu,727967,Ortaokul,https://tirefatihortaokulu.meb.k12.tr,,,https://tirefatihortaokulu.meb.k12.tr/tema/harita.php,2026-08-31,783,783,bulundu,https://tirefatihortaokulu.meb.k12.tr/,2026-10-01T19:31:13.191034+00:00,,Öğrenci Sayısı : 783
İzmir,Tire,Gökçen Anadolu Lisesi,301572,Anadolu Lisesi,https://gokcenanadolulisesi.meb.k12.tr,,,https://gokcenanadolulisesi.meb.k12.tr/tema/harita.php,2026-08-31,143,143,bulundu,https://gokcenanadolulisesi.meb.k12.tr/,2026-10-01T19:31:13.244057+00:00,,Öğrenci Sayısı : 143
İzmir,Tire,Gökçen Efe İlkokulu,721407,İlkokul,https://gokcenefeio.meb.k12.tr,,,https://gokcenefeio.meb.k12.tr/tema/harita.php,2026-08-31,161,161,bulundu,https://gokcenefeio.meb.k12.tr/,2026-10-01T19:31:13.275226+00:00,,Öğrenci Sayısı: 161
İzmir,Tire,Gökçen Keziban ve Öğretmen Hüsamettin Bayındır Ortaokulu,721488,Ortaokul,https://kezibanhusamettinbayindiroo.meb.k12.tr,,,https://kezibanhusamettinbayindiroo.meb.k12.tr/tema/harita.php,2026-08-31,162,162,bulundu,https://kezibanhusamettinbayindiroo.meb.k12.tr/,2026-10-01T19:31:13.321489+00:00,,Öğrenci Sayısı : 162
İzmir,Tire,Işıklar İlkokulu,728436,İlkokul,https://tireisiklario.meb.k12.tr,,,https://tireisiklario.meb.k12.tr/tema/harita.php,2026-08-31,20,20,bulundu,https://tireisiklario.meb.k12.tr/,2026-10-01T19:31:13.355673+00:00,,Öğrenci Sayısı : 20
İzmir,Tire,Işıklı İlkokulu,728403,İlkokul,https://tireisikli.meb.k12.tr,,,https://tireisikli.meb.k12.tr/tema/harita.php,2026-08-31,31,31,bulundu,https://tireisikli.meb.k12.tr/,2026-10-01T19:31:13.375620+00:00,,Öğrenci Sayısı 31
İzmir,Tire,Karateke Bayır İlkokulu,728499,İlkokul,https://karatekebayir.meb.k12.tr,,,https://karatekebayir.meb.k12.tr/tema/harita.php,2026-08-31,21,21,bulundu,https://karatekebayir.meb.k12.tr/,2026-10-01T19:31:13.396086+00:00,,Öğrenci Sayısı 21
İzmir,Tire,Kireli Ahmet Taner Kışlalı Ortaokulu,721641,Ortaokul,https://kireliatk.meb.k12.tr,,,https://kireliatk.meb.k12.tr/tema/harita.php,2026-08-31,119,119,bulundu,https://kireliatk.meb.k12.tr/,2026-10-01T19:31:13.440649+00:00,,Öğrenci Sayısı : 119
İzmir,Tire,Kireli Ahmet Taner Kışlalı İlkokulu,721588,İlkokul,https://kireliatkilkokulu.meb.k12.tr,,,https://kireliatkilkokulu.meb.k12.tr/tema/harita.php,2026-08-31,80,80,bulundu,https://kireliatkilkokulu.meb.k12.tr/,2026-10-01T19:31:13.490685+00:00,,Öğrenci Sayısı : 80
İzmir,Tire,Kurtuluş Ortaokulu,731077,Ortaokul,https://tirekurtulusoo.meb.k12.tr,,,https://tirekurtulusoo.meb.k12.tr/tema/harita.php,2026-08-31,568,568,bulundu,https://tirekurtulusoo.meb.k12.tr/,2026-10-01T19:31:13.582443+00:00,,Öğrenci Sayısı 568
İzmir,Tire,Kurtuluş İlkokulu,722078,İlkokul,https://tirekurtulusilkokulu.meb.k12.tr,,,https://tirekurtulusilkokulu.meb.k12.tr/tema/harita.php,2026-08-31,502,502,bulundu,https://tirekurtulusilkokulu.meb.k12.tr/,2026-10-01T19:31:13.652128+00:00,,Öğrenci Sayısı 502
İzmir,Tire,Küçükkemerdere İlkokulu,728554,İlkokul,https://728554.meb.k12.tr,,,https://728554.meb.k12.tr/tema/harita.php,2026-08-31,45,45,bulundu,https://728554.meb.k12.tr/,2026-10-01T19:31:13.782470+00:00,,Öğrenci Sayısı: 45
İzmir,Tire,Kırtepe İlkokulu,728516,İlkokul,https://krtepe.meb.k12.tr,,,https://krtepe.meb.k12.tr/tema/harita.php,2026-08-31,14,14,bulundu,https://krtepe.meb.k12.tr/tema/okulumuz_hakkinda.php,2026-10-01T19:31:13.783152+00:00,,Öğrenci : 14
İzmir,Tire,Kızılcaavlu Hacer Pınar Bingül İlkokulu,775627,İlkokul,https://775627.meb.k12.tr,,,https://775627.meb.k12.tr/tema/harita.php,2026-08-31,0,0,bulundu,https://775627.meb.k12.tr/,2026-10-01T19:31:13.837367+00:00,,Öğrenci Sayısı : 0
İzmir,Tire,Mehmet Titiz Anaokulu,758797,Anaokulu,https://mehmettitizanaokulu.meb.k12.tr,,,https://mehmettitizanaokulu.meb.k12.tr/tema/harita.php,2026-08-31,,,bulunamadi,,2026-10-01T19:31:14.915252+00:00,,
İzmir,Tire,Merkez Menderes İlkokulu,727775,İlkokul,https://merkezmenderesilkokulu.meb.k12.tr,,,https://merkezmenderesilkokulu.meb.k12.tr/tema/harita.php,2026-08-31,382,382,bulundu,https://merkezmenderesilkokulu.meb.k12.tr/tema/okulumuz_hakkinda.php,2026-10-01T19:31:14.920962+00:00,,Öğrenci : 382
İzmir,Tire,Nefise İbrahim Çetin Anaokulu,763067,Anaokulu,https://nefisecetinanaokulu.meb.k12.tr,,,https://nefisecetinanaokulu.meb.k12.tr/tema/harita.php,2026-08-31,168,168,bulundu,https://nefisecetinanaokulu.meb.k12.tr/,2026-10-01T19:31:14.965173+00:00,,Öğrenci Sayısı: 168
İzmir,Tire,Peşrefli İlkokulu,728609,İlkokul,https://pesrefli.meb.k12.tr,,,https://pesrefli.meb.k12.tr/tema/harita.php,2026-08-31,4,4,bulundu,https://pesrefli.meb.k12.tr/,2026-10-01T19:31:14.993469+00:00,,Öğrenci Sayısı 4
İzmir,Tire,Rasih Kirazoğlu İlkokulu,727821,İlkokul,https://rasihkirazogluilkokulu.meb.k12.tr,,,https://rasihkirazogluilkokulu.meb.k12.tr/tema/harita.php,2026-08-31,709,709,bulundu,https://rasihkirazogluilkokulu.meb.k12.tr/,2026-10-01T19:31:14.995302+00:00,,Öğrenci Sayısı 709
İzmir,Tire,Sarılar İlkokulu,728633,İlkokul,https://sarilarilkokulu728633.meb.k12.tr,,,https://sarilarilkokulu728633.meb.k12.tr/tema/harita.php,2026-08-31,19,19,bulundu,https://sarilarilkokulu728633.meb.k12.tr/,2026-10-01T19:31:15.011850+00:00,,Öğrenci Sayısı : 19
İzmir,Tire,Tire Ahi Evran Mesleki ve Teknik Anadolu Lisesi,960030,Mesleki ve Teknik Anadolu Lisesi,https://tireeml.meb.k12.tr,,,https://tireeml.meb.k12.tr/tema/harita.php,2026-08-31,626,626,bulundu,https://tireeml.meb.k12.tr/,2026-10-01T19:31:15.187203+00:00,,Öğrenci Sayısı : 626
İzmir,Tire,Tire Anadolu İmam Hatip Lisesi,166162,Anadolu İmam Hatip Lisesi,https://tireihl.meb.k12.tr,,,https://tireihl.meb.k12.tr/tema/harita.php,2026-08-31,75,75,bulundu,https://tireihl.meb.k12.tr/,2026-10-01T19:31:15.202816+00:00,,Öğrenci Sayısı 75
İzmir,Tire,Tire Anaokulu,972413,Anaokulu,https://tireanaokulu.meb.k12.tr,,,https://tireanaokulu.meb.k12.tr/tema/harita.php,2026-08-31,165,165,bulundu,https://tireanaokulu.meb.k12.tr/,2026-10-01T19:31:15.306656+00:00,,Öğrenci Sayısı: 165
İzmir,Tire,Tire Belgin Atila Çallıoğlu Fen Lisesi,750358,Fen Lisesi,https://tirefenlisesi.meb.k12.tr,,,https://tirefenlisesi.meb.k12.tr/tema/harita.php,2026-08-31,343,343,bulundu,https://tirefenlisesi.meb.k12.tr/,2026-10-01T19:31:15.336224+00:00,,Öğrenci Sayısı : 343
İzmir,Tire,Tire Bilim ve Sanat Merkezi,769241,Bilim ve Sanat Merkezi,https://tirebilsem.meb.k12.tr,,,https://tirebilsem.meb.k12.tr/tema/harita.php,2026-08-31,106,106,bulundu,https://tirebilsem.meb.k12.tr/,2026-10-01T19:31:15.383375+00:00,,Öğrenci Sayısı : 106
İzmir,Tire,Tire Ersan Kirazoğlu Mesleki ve Teknik Anadolu Lisesi,962972,Mesleki ve Teknik Anadolu Lisesi,https://tiresml.meb.k12.tr,,,https://tiresml.meb.k12.tr/tema/harita.php,2026-08-31,239,239,bulundu,https://tiresml.meb.k12.tr/,2026-10-01T19:31:15.387307+00:00,,Öğrenci Sayısı : 239
İzmir,Tire,Tire Halk Eğitimi Merkezi,166174,Halk Eğitimi Merkezi,https://tirehem.meb.k12.tr,,,https://tirehem.meb.k12.tr/tema/harita.php,2026-08-31,16,16,bulundu,https://tirehem.meb.k12.tr/,2026-10-01T19:31:15.465839+00:00,,Öğrenci Sayısı : 16
İzmir,Tire,Tire Kutsan Anadolu Lisesi,300434,Anadolu Lisesi,https://tirekal.meb.k12.tr,,,https://tirekal.meb.k12.tr/tema/harita.php,2026-08-31,561,561,bulundu,https://tirekal.meb.k12.tr/,2026-10-01T19:31:15.486946+00:00,,Öğrenci Sayısı : 561
İzmir,Tire,Tire Mesleki Eğitim Merkezi,224700,Mesleki Eğitim Merkezi,https://tiremem.meb.k12.tr,,,https://tiremem.meb.k12.tr/tema/harita.php,2026-08-31,840,840,bulundu,https://tiremem.meb.k12.tr/tema/okulumuz_hakkinda.php,2026-10-01T19:31:15.587208+00:00,,Öğrenci : 840
İzmir,Tire,Tire Mesleki ve Teknik Anadolu Lisesi,340496,Mesleki ve Teknik Anadolu Lisesi,https://tiremtal.meb.k12.tr,,,https://tiremtal.meb.k12.tr/tema/harita.php,2026-08-31,463,463,bulundu,https://tiremtal.meb.k12.tr/,2026-10-01T19:31:15.599981+00:00,,Öğrenci Sayısı : 463
İzmir,Tire,Tire TOKİ Şehit Mehmet Çağlar Bölük Ortaokulu,722226,Ortaokul,https://tokismcbortaokulu.meb.k12.tr,,,https://tokismcbortaokulu.meb.k12.tr/tema/harita.php,2026-08-31,163,163,bulundu,https://tokismcbortaokulu.meb.k12.tr/,2026-10-01T19:31:15.620054+00:00,,Öğrenci Sayısı : 163
İzmir,Tire,Tire TOKİ Şehit Mehmet Çağlar Bölük İlkokulu,738238,İlkokul,https://tokismcbilkokulu.meb.k12.tr,,,https://tokismcbilkokulu.meb.k12.tr/tema/harita.php,2026-08-31,200,200,bulundu,https://tokismcbilkokulu.meb.k12.tr/,2026-10-01T19:31:15.661040+00:00,,Öğrenci Sayısı : 200
İzmir,Tire,Tire Özel Eğitim Uygulama Okulu I. Kademe,747099,Özel Eğitim Kurumu,https://tireozelegitimuygulamaokulu1.meb.k12.tr,,,https://tireozelegitimuygulamaokulu1.meb.k12.tr/tema/harita.php,2026-08-31,13,13,bulundu,https://tireozelegitimuygulamaokulu1.meb.k12.tr/,2026-10-01T19:31:15.761210+00:00,,Öğrenci Sayısı : 13
İzmir,Tire,Tire Özel Eğitim Uygulama Okulu II. Kademe,747367,Özel Eğitim Kurumu,https://tireozelegitimuygulamaokulu2.meb.k12.tr,,,https://tireozelegitimuygulamaokulu2.meb.k12.tr/tema/harita.php,2026-08-31,16,16,bulundu,https://tireozelegitimuygulamaokulu2.meb.k12.tr/,2026-10-01T19:31:15.804574+00:00,,Öğrenci Sayısı : 16
İzmir,Tire,Tire Özel Eğitim Uygulama Okulu III. Kademe,748116,Özel Eğitim Kurumu,https://tireozelegitimuygulama.meb.k12.tr,,,https://tireozelegitimuygulama.meb.k12.tr/tema/harita.php,2026-08-31,25,25,bulundu,https://tireozelegitimuygulama.meb.k12.tr/,2026-10-01T19:31:15.806699+00:00,,Öğrenci Sayısı 25
İzmir,Tire,Tire Öğretmen Melahat Aksoy Sosyal Bilimler Lisesi,883231,Sosyal Bilimler Lisesi,https://tiresbl.meb.k12.tr,,,https://tiresbl.meb.k12.tr/tema/harita.php,2026-08-31,550,550,bulundu,https://tiresbl.meb.k12.tr/,2026-10-01T19:31:15.824273+00:00,,Öğrenci Sayısı : 550
İzmir,Tire,Tire Öğretmenevi ve Akşam Sanat Okulu,971230,Öğretmenevi,https://tireaso.meb.k12.tr,,,https://tireaso.meb.k12.tr/tema/harita.php,2026-08-31,,,bulunamadi,,2026-10-01T19:31:15.956506+00:00,,
İzmir,Tire,Tire İsa Bey Ticaret Mesleki ve Teknik Anadolu Lisesi,166150,Mesleki ve Teknik Anadolu Lisesi,https://tiretml.meb.k12.tr,,,https://tiretml.meb.k12.tr/tema/harita.php,2026-08-31,270,270,bulundu,https://tiretml.meb.k12.tr/,2026-10-01T19:31:16.077838+00:00,,Öğrenci Sayısı 270
İzmir,Tire,Yeniçiftlik Ortaokulu,721744,Ortaokul,https://yeniciftliko.meb.k12.tr,,,https://yeniciftliko.meb.k12.tr/tema/harita.php,2026-08-31,64,64,bulundu,https://yeniciftliko.meb.k12.tr/,2026-10-01T19:31:16.209844+00:00,,Öğrenci Sayısı : 64
İzmir,Tire,Yeniçiftlik İlkokulu,721680,İlkokul,https://yeniciftlikilkokulu.meb.k12.tr,,,https://yeniciftlikilkokulu.meb.k12.tr/tema/harita.php,2026-08-31,,,bulunamadi,,2026-10-01T19:31:16.234812+00:00,,
İzmir,Tire,Yeğenli İlkokulu,728674,İlkokul,https://yegenli.meb.k12.tr,,,https://yegenli.meb.k12.tr/tema/harita.php,2026-08-31,6,6,bulundu,https://yegenli.meb.k12.tr/,2026-10-01T19:31:16.268880+00:00,,Öğrenci Sayısı 6
İzmir,Tire,Çeriközü İlkokulu,728253,İlkokul,https://cerikozu.meb.k12.tr,,,https://cerikozu.meb.k12.tr/tema/harita.php,2026-08-31,12,12,bulundu,https://cerikozu.meb.k12.tr/,2026-10-01T19:31:16.274601+00:00,,Öğrenci Sayısı : 12
İzmir,Tire,Öğretmen Melahat Aksoy İlkokulu,727801,İlkokul,https://melahataksoyio.meb.k12.tr,,,https://melahataksoyio.meb.k12.tr/tema/harita.php,2026-08-31,806,806,bulundu,https://melahataksoyio.meb.k12.tr/,2026-10-01T19:31:16.326186+00:00,,Öğrenci Sayısı 806
İzmir,Tire,İnkılap İlkokulu,727838,İlkokul,https://tireinkilapio.meb.k12.tr,,,https://tireinkilapio.meb.k12.tr/tema/harita.php,2026-08-31,195,195,bulundu,https://tireinkilapio.meb.k12.tr/,2026-10-01T19:31:16.380969+00:00,,Öğrenci Sayısı 195
İzmir,Tire,İstiklal İlkokulu,720809,İlkokul,https://tireistiklalio.meb.k12.tr,,,https://tireistiklalio.meb.k12.tr/tema/harita.php,2026-08-31,192,192,bulundu,https://tireistiklalio.meb.k12.tr/tema/okulumuz_hakkinda.php,2026-10-01T19:31:16.454797+00:00,,Öğrenci : 192
İzmir,Tire,Şehit Albay İbrahim Karaoğlanoğlu Anadolu Lisesi,166125,Anadolu Lisesi,https://saik.meb.k12.tr,,,https://saik.meb.k12.tr/tema/harita.php,2026-08-31,539,539,bulundu,https://saik.meb.k12.tr/tema/okulumuz_hakkinda.php,2026-10-01T19:31:16.646913+00:00,,Öğrenci : 539
İzmir,Tire,Şehit Burhan Aktürk Ortaokulu,727897,Ortaokul,https://sehitburhanakturk.meb.k12.tr,,,https://sehitburhanakturk.meb.k12.tr/tema/harita.php,2026-08-31,208,208,bulundu,https://sehitburhanakturk.meb.k12.tr/,2026-10-01T19:31:16.674313+00:00,,Öğrenci Sayısı : 208
İzmir,Tire,Şehit Mehmet Oruç İmam Hatip Ortaokulu,762549,İmam Hatip Ortaokulu,https://tireiho.meb.k12.tr,,,https://tireiho.meb.k12.tr/tema/harita.php,2026-08-31,399,399,bulundu,https://tireiho.meb.k12.tr/,2026-10-01T19:31:16.793844+00:00,,Öğrenci Sayısı : 399
İzmir,Torbalı,7 Eylül Ortaokulu,747840,Ortaokul,https://torbaliyedieylulortaokulu.meb.k12.tr,,,https://torbaliyedieylulortaokulu.meb.k12.tr/tema/harita.php,2026-08-31,260,260,bulundu,https://torbaliyedieylulortaokulu.meb.k12.tr/,2026-10-01T19:31:16.845402+00:00,,Öğrenci Sayısı : 260
İzmir,Torbalı,7 Eylül İlkokulu,388863,İlkokul,https://torbaliyedieylulilkokulu.meb.k12.tr,,,https://torbaliyedieylulilkokulu.meb.k12.tr/tema/harita.php,2026-08-31,315,315,bulundu,https://torbaliyedieylulilkokulu.meb.k12.tr/,2026-10-01T19:31:16.865154+00:00,,Öğrenci Sayısı: 315
İzmir,Torbalı,80.Yıl Çaybaşı Ortaokulu,728729,Ortaokul,https://80yilcaybasiortaokulu.meb.k12.tr,,,https://80yilcaybasiortaokulu.meb.k12.tr/tema/harita.php,2026-08-31,316,316,bulundu,https://80yilcaybasiortaokulu.meb.k12.tr/,2026-10-01T19:31:16.917455+00:00,,Öğrenci Sayısı : 316
İzmir,Torbalı,80.Yıl Çaybaşı İlkokulu,728731,İlkokul,https://80yilcaybasiilkokulu.meb.k12.tr,,,https://80yilcaybasiilkokulu.meb.k12.tr/tema/harita.php,2026-08-31,214,214,bulundu,https://80yilcaybasiilkokulu.meb.k12.tr/,2026-10-01T19:31:16.949984+00:00,,Öğrenci Sayısı : 214
İzmir,Torbalı,Ahmetli Ortaokulu,721123,Ortaokul,https://torbaliahmetliortaokulu.meb.k12.tr,,,https://torbaliahmetliortaokulu.meb.k12.tr/tema/harita.php,2026-08-31,44,44,bulundu,https://torbaliahmetliortaokulu.meb.k12.tr/,2026-10-01T19:31:16.983938+00:00,,Öğrenci Sayısı : 44
İzmir,Torbalı,Ahmetli İlkokulu,738268,İlkokul,https://torbaliahmetliilkokulu.meb.k12.tr,,,https://torbaliahmetliilkokulu.meb.k12.tr/tema/harita.php,2026-08-31,72,72,bulundu,https://torbaliahmetliilkokulu.meb.k12.tr/,2026-10-01T19:31:16.986652+00:00,,Öğrenci Sayısı: 72
İzmir,Torbalı,Ayrancılar Adnan Menderes İlkokulu,728084,İlkokul,https://ayrancilario.meb.k12.tr,,,https://ayrancilario.meb.k12.tr/tema/harita.php,2026-08-31,1491,1491,bulundu,https://ayrancilario.meb.k12.tr/,2026-10-01T19:31:17.034598+00:00,,Öğrenci Sayısı : 1491
İzmir,Torbalı,Ayrancılar Anadolu İmam Hatip Lisesi,748813,Anadolu İmam Hatip Lisesi,https://ayrancilaranadoluihl.meb.k12.tr,,,https://ayrancilaranadoluihl.meb.k12.tr/tema/harita.php,2026-08-31,214,214,bulundu,https://ayrancilaranadoluihl.meb.k12.tr/,2026-10-01T19:31:17.041161+00:00,,Öğrenci Sayısı : 214
İzmir,Torbalı,Ayrancılar Anaokulu,776956,Anaokulu,https://ayrancilaranaokulu.meb.k12.tr,,,https://ayrancilaranaokulu.meb.k12.tr/tema/harita.php,2026-08-31,179,179,bulundu,https://ayrancilaranaokulu.meb.k12.tr/,2026-10-01T19:31:17.071246+00:00,,Öğrenci Sayısı : 179
İzmir,Torbalı,Ayrancılar Atatürk İlkokulu,727960,İlkokul,https://ayrancilarataturkilkokulu.meb.k12.tr,,,https://ayrancilarataturkilkokulu.meb.k12.tr/tema/harita.php,2026-08-31,662,662,bulundu,https://ayrancilarataturkilkokulu.meb.k12.tr/,2026-10-01T19:31:17.431768+00:00,,Öğrenci Sayısı : 662
İzmir,Torbalı,Ayrancılar Ege-Koop İlkokulu,728655,İlkokul,https://ayrancilaregekoopilkokulu.meb.k12.tr,,,https://ayrancilaregekoopilkokulu.meb.k12.tr/tema/harita.php,2026-08-31,882,882,bulundu,https://ayrancilaregekoopilkokulu.meb.k12.tr/tema/okulumuz_hakkinda.php,2026-10-01T19:31:17.452976+00:00,,Öğrenci : 882
İzmir,Torbalı,Ayrancılar Ortaokulu,728081,Ortaokul,https://ayrancilarortaokulu.meb.k12.tr,,,https://ayrancilarortaokulu.meb.k12.tr/tema/harita.php,2026-08-31,581,581,bulundu,https://ayrancilarortaokulu.meb.k12.tr/tema/okulumuz_hakkinda.php,2026-10-01T19:31:17.477112+00:00,,Öğrenci : 581
İzmir,Torbalı,Ayrancılar Şehit Cengiz Tokur Kız Anadolu İmam Hatip Lisesi,767767,Anadolu İmam Hatip Lisesi,https://asehitcengiztokurkizaihl.meb.k12.tr,,,https://asehitcengiztokurkizaihl.meb.k12.tr/tema/harita.php,2026-08-31,471,471,bulundu,https://asehitcengiztokurkizaihl.meb.k12.tr/,2026-10-01T19:31:17.524833+00:00,,Öğrenci Sayısı 471
İzmir,Torbalı,Berfin Akçokrak Anaokulu,764548,Anaokulu,https://berfinakcokrakanaokulu.meb.k12.tr,,,https://berfinakcokrakanaokulu.meb.k12.tr/tema/harita.php,2026-08-31,131,131,bulundu,https://berfinakcokrakanaokulu.meb.k12.tr/,2026-10-01T19:31:18.457985+00:00,,Öğrenci Sayısı : 131
İzmir,Torbalı,Cengiz Topel Ortaokulu,748011,Ortaokul,https://torbalictopelortaokulu.meb.k12.tr,,,https://torbalictopelortaokulu.meb.k12.tr/tema/harita.php,2026-08-31,848,848,bulundu,https://torbalictopelortaokulu.meb.k12.tr/,2026-10-01T19:31:18.585277+00:00,,Öğrenci Sayısı : 848
İzmir,Torbalı,Cengiz Topel İlkokulu,747972,İlkokul,https://torbalicengiztopelilkokulu.meb.k12.tr,,,https://torbalicengiztopelilkokulu.meb.k12.tr/tema/harita.php,2026-08-31,710,710,bulundu,https://torbalicengiztopelilkokulu.meb.k12.tr/,2026-10-01T19:31:18.752053+00:00,,Öğrenci Sayısı : 710
İzmir,Torbalı,Cumhuriyet İlkokulu,727803,İlkokul,https://torbalicumhuriyetilkokulu.meb.k12.tr,,,https://torbalicumhuriyetilkokulu.meb.k12.tr/tema/harita.php,2026-08-31,413,413,bulundu,https://torbalicumhuriyetilkokulu.meb.k12.tr/,2026-10-01T19:31:18.930301+00:00,,Öğrenci Sayısı : 413
İzmir,Torbalı,Dağkızılca Ortaokulu,728758,Ortaokul,https://dagkizilcaortaokulu.meb.k12.tr,,,https://dagkizilcaortaokulu.meb.k12.tr/tema/harita.php,2026-08-31,53,53,bulundu,https://dagkizilcaortaokulu.meb.k12.tr/tema/okulumuz_hakkinda.php,2026-10-01T19:31:18.964400+00:00,,Öğrenci : 53
İzmir,Torbalı,Dağkızılca İlkokulu,728763,İlkokul,https://dagkizilcailkokulu.meb.k12.tr,,,https://dagkizilcailkokulu.meb.k12.tr/tema/harita.php,2026-08-31,58,58,bulundu,https://dagkizilcailkokulu.meb.k12.tr/tema/okulumuz_hakkinda.php,2026-10-01T19:31:19.030621+00:00,,Öğrenci : 58
İzmir,Torbalı,Dirmil Ortaokulu,728952,Ortaokul,https://torbalidirmilortaokulu.meb.k12.tr,,,https://torbalidirmilortaokulu.meb.k12.tr/tema/harita.php,2026-08-31,30,30,bulundu,https://torbalidirmilortaokulu.meb.k12.tr/,2026-10-01T19:31:19.101161+00:00,,Öğrenci Sayısı 30
İzmir,Torbalı,Dirmil İlkokulu,728949,İlkokul,https://torbalidirmililkokulu.meb.k12.tr,,,https://torbalidirmililkokulu.meb.k12.tr/tema/harita.php,2026-08-31,34,34,bulundu,https://torbalidirmililkokulu.meb.k12.tr/tema/okulumuz_hakkinda.php,2026-10-01T19:31:19.115813+00:00,,Öğrenci : 34
İzmir,Torbalı,Eğerci İlkokulu,737876,İlkokul,https://torbaliegerciilkokulu.meb.k12.tr,,,https://torbaliegerciilkokulu.meb.k12.tr/tema/harita.php,2026-08-31,106,106,bulundu,https://torbaliegerciilkokulu.meb.k12.tr/,2026-10-01T19:31:19.234654+00:00,,Öğrenci Sayısı : 106
İzmir,Torbalı,Fatih Ortaokulu,720906,Ortaokul,https://torbalifatihortaokulu.meb.k12.tr,,,https://torbalifatihortaokulu.meb.k12.tr/tema/harita.php,2026-08-31,634,634,bulundu,https://torbalifatihortaokulu.meb.k12.tr/,2026-10-01T19:31:19.312822+00:00,,Öğrenci Sayısı : 634
İzmir,Torbalı,Fatih İlkokulu,720847,İlkokul,https://torbalifatihilkokulu.meb.k12.tr,,,https://torbalifatihilkokulu.meb.k12.tr/tema/harita.php,2026-08-31,777,777,bulundu,https://torbalifatihilkokulu.meb.k12.tr/,2026-10-01T19:31:19.320328+00:00,,Öğrenci Sayısı 777
İzmir,Torbalı,Gazi İlkokulu,728509,İlkokul,https://torbaligaziilkokulu.meb.k12.tr,,,https://torbaligaziilkokulu.meb.k12.tr/tema/harita.php,2026-08-31,1236,1236,bulundu,https://torbaligaziilkokulu.meb.k12.tr/,2026-10-01T19:31:19.330906+00:00,,Öğrenci Sayısı : 1236
İzmir,Torbalı,Göllüce İlkokulu,727444,İlkokul,https://torbaligolluceilkokulu.meb.k12.tr,,,https://torbaligolluceilkokulu.meb.k12.tr/tema/harita.php,2026-08-31,39,39,bulundu,https://torbaligolluceilkokulu.meb.k12.tr/,2026-10-01T19:31:19.357697+00:00,,Öğrenci Sayısı: 39
İzmir,Torbalı,Hacı Tahsin Irmak İlkokulu,728810,İlkokul,https://hacitahsinirmakilkokulu.meb.k12.tr,,,https://hacitahsinirmakilkokulu.meb.k12.tr/tema/harita.php,2026-08-31,131,131,bulundu,https://hacitahsinirmakilkokulu.meb.k12.tr/,2026-10-01T19:31:19.430854+00:00,,Öğrenci Sayısı : 131
İzmir,Torbalı,Hasan Salih Çetinel Ortaokulu,766353,Ortaokul,https://hasansalihcetinelortaokulu.meb.k12.tr,,,https://hasansalihcetinelortaokulu.meb.k12.tr/tema/harita.php,2026-08-31,340,340,bulundu,https://hasansalihcetinelortaokulu.meb.k12.tr/,2026-10-01T19:31:19.610850+00:00,,Öğrenci Sayısı 340
İzmir,Torbalı,Hasan Salih Çetinel İlkokulu,769565,İlkokul,https://hasansalihcetinelilkokulu.meb.k12.tr,,,https://hasansalihcetinelilkokulu.meb.k12.tr/tema/harita.php,2026-08-31,343,343,bulundu,https://hasansalihcetinelilkokulu.meb.k12.tr/,2026-10-01T19:31:19.731856+00:00,,Öğrenci Sayısı 343
İzmir,Torbalı,Karakuyu Ortaokulu,728807,Ortaokul,https://torbalikarakuyuortaokulu.meb.k12.tr,,,https://torbalikarakuyuortaokulu.meb.k12.tr/tema/harita.php,2026-08-31,116,116,bulundu,https://torbalikarakuyuortaokulu.meb.k12.tr/,2026-10-01T19:31:19.816354+00:00,,Öğrenci Sayısı 116
İzmir,Torbalı,Kazımpaşa Ortaokulu,727886,Ortaokul,https://torbalikazimpasaortaokulu.meb.k12.tr,,,https://torbalikazimpasaortaokulu.meb.k12.tr/tema/harita.php,2026-08-31,1211,1211,bulundu,https://torbalikazimpasaortaokulu.meb.k12.tr/,2026-10-01T19:31:19.818431+00:00,,Öğrenci Sayısı : 1211
İzmir,Torbalı,Kazımpaşa İlkokulu,727888,İlkokul,https://torbalikazimpasailkokulu.meb.k12.tr,,,https://torbalikazimpasailkokulu.meb.k12.tr/tema/harita.php,2026-08-31,919,919,bulundu,https://torbalikazimpasailkokulu.meb.k12.tr/,2026-10-01T19:31:20.252812+00:00,,Öğrenci Sayısı : 919
İzmir,Torbalı,Kuşçuburun Barbaros Ortaokulu,728997,Ortaokul,https://kuscuburunbarbarosortaokulu.meb.k12.tr,,,https://kuscuburunbarbarosortaokulu.meb.k12.tr/tema/harita.php,2026-08-31,92,92,bulundu,https://kuscuburunbarbarosortaokulu.meb.k12.tr/,2026-10-01T19:31:20.265651+00:00,,Öğrenci Sayısı 92
İzmir,Torbalı,Kuşçuburun Barbaros İlkokulu,729002,İlkokul,https://kuscuburunbarbarosilkokulu.meb.k12.tr,,,https://kuscuburunbarbarosilkokulu.meb.k12.tr/tema/harita.php,2026-08-31,90,90,bulundu,https://kuscuburunbarbarosilkokulu.meb.k12.tr/,2026-10-01T19:31:20.298885+00:00,,Öğrenci Sayısı : 90
İzmir,Torbalı,Mustafa Çoban Ortaokulu,728054,Ortaokul,https://mustafacobanortaokulu.meb.k12.tr,,,https://mustafacobanortaokulu.meb.k12.tr/tema/harita.php,2026-08-31,685,685,bulundu,https://mustafacobanortaokulu.meb.k12.tr/,2026-10-01T19:31:20.399235+00:00,,Öğrenci Sayısı 685
İzmir,Torbalı,Mustafa Çoban İlkokulu,728056,İlkokul,https://mustafacobanilkokulu.meb.k12.tr,,,https://mustafacobanilkokulu.meb.k12.tr/tema/harita.php,2026-08-31,508,508,bulundu,https://mustafacobanilkokulu.meb.k12.tr/,2026-10-01T19:31:20.522180+00:00,,Öğrenci Sayısı 508
İzmir,Torbalı,Pamukyazı Tamsa Seramik Fabrikası A.Ş. Ortaokulu,729068,Ortaokul,https://pamukyaziortaokulu.meb.k12.tr,,,https://pamukyaziortaokulu.meb.k12.tr/tema/harita.php,2026-08-31,145,145,bulundu,https://pamukyaziortaokulu.meb.k12.tr/,2026-10-01T19:31:20.785309+00:00,,Öğrenci Sayısı : 145
İzmir,Torbalı,Pamukyazı Tamsa Seramik Fabrikası A.Ş. İlkokulu,729069,İlkokul,https://pamukyaziilkokulu.meb.k12.tr,,,https://pamukyaziilkokulu.meb.k12.tr/tema/harita.php,2026-08-31,163,163,bulundu,https://pamukyaziilkokulu.meb.k12.tr/,2026-10-01T19:31:20.852086+00:00,,Öğrenci Sayısı : 163
İzmir,Torbalı,Pancar Muzaffer Hanım İlkokulu,721361,İlkokul,https://pancarmuzafferhanimilkokulu.meb.k12.tr,,,https://pancarmuzafferhanimilkokulu.meb.k12.tr/tema/harita.php,2026-08-31,378,378,bulundu,https://pancarmuzafferhanimilkokulu.meb.k12.tr/tema/okulumuz_hakkinda.php,2026-10-01T19:31:20.962160+00:00,,Öğrenci : 378
İzmir,Torbalı,Pancar Nezihe Şairoğlu Ortaokulu,721456,Ortaokul,https://pancarortaokulu.meb.k12.tr,,,https://pancarortaokulu.meb.k12.tr/tema/harita.php,2026-08-31,241,241,bulundu,https://pancarortaokulu.meb.k12.tr/,2026-10-01T19:31:21.041115+00:00,,Öğrenci Sayısı 241
İzmir,Torbalı,Subaşı Ortaokulu,729087,Ortaokul,https://torbalisubasiortaokulu.meb.k12.tr,,,https://torbalisubasiortaokulu.meb.k12.tr/tema/harita.php,2026-08-31,398,398,bulundu,https://torbalisubasiortaokulu.meb.k12.tr/,2026-10-01T19:31:21.093294+00:00,,Öğrenci Sayısı : 398
İzmir,Torbalı,Subaşı İlkokulu,729091,İlkokul,https://torbalisubasiilkokulu.meb.k12.tr,,,https://torbalisubasiilkokulu.meb.k12.tr/tema/harita.php,2026-08-31,467,467,bulundu,https://torbalisubasiilkokulu.meb.k12.tr/,2026-10-01T19:31:21.157901+00:00,,Öğrenci Sayısı: 467
İzmir,Torbalı,Sultan Abdülhamit İlkokulu,760552,İlkokul,https://sultanabdulhamitilkokulu.meb.k12.tr,,,https://sultanabdulhamitilkokulu.meb.k12.tr/tema/harita.php,2026-08-31,748,748,bulundu,https://sultanabdulhamitilkokulu.meb.k12.tr/,2026-10-01T19:31:21.358626+00:00,,Öğrenci Sayısı 748
İzmir,Torbalı,TOKİ Mehmet Akif Ersoy Ortaokulu,722054,Ortaokul,https://tokimehmetakifersoyortaokulu.meb.k12.tr,,,https://tokimehmetakifersoyortaokulu.meb.k12.tr/tema/harita.php,2026-08-31,488,488,bulundu,https://tokimehmetakifersoyortaokulu.meb.k12.tr/,2026-10-01T19:31:21.425517+00:00,,Öğrenci Sayısı : 488
İzmir,Torbalı,TOKİ Mehmet Akif Ersoy İlkokulu,721957,İlkokul,https://tokimehmetakifersoyilkokulu.meb.k12.tr,,,https://tokimehmetakifersoyilkokulu.meb.k12.tr/tema/harita.php,2026-08-31,417,417,bulundu,https://tokimehmetakifersoyilkokulu.meb.k12.tr/,2026-10-01T19:31:21.445094+00:00,,Öğrenci Sayısı : 417
İzmir,Torbalı,Taşkesik İlkokulu,727517,İlkokul,https://torbalitaskesikilkokulu.meb.k12.tr,,,https://torbalitaskesikilkokulu.meb.k12.tr/tema/harita.php,2026-08-31,49,49,bulundu,https://torbalitaskesikilkokulu.meb.k12.tr/,2026-10-01T19:31:21.468595+00:00,,Öğrenci Sayısı: 49
İzmir,Torbalı,Tepeköy Ortaokulu,777300,Ortaokul,https://torbalitepekoyortaokulu.meb.k12.tr,,,https://torbalitepekoyortaokulu.meb.k12.tr/tema/harita.php,2026-08-31,100,100,bulundu,https://torbalitepekoyortaokulu.meb.k12.tr/tema/okulumuz_hakkinda.php,2026-10-01T19:31:21.479074+00:00,,Öğrenci : 100
İzmir,Torbalı,Tepeköy İlkokulu,768980,İlkokul,https://torbalitepekoyilkokulu.meb.k12.tr,,,https://torbalitepekoyilkokulu.meb.k12.tr/tema/harita.php,2026-08-31,398,398,bulundu,https://torbalitepekoyilkokulu.meb.k12.tr/tema/okulumuz_hakkinda.php,2026-10-01T19:31:21.612449+00:00,,Öğrenci : 398
İzmir,Torbalı,Torbalı Anadolu Lisesi,352043,Anadolu Lisesi,https://torbalianadolulisesi.meb.k12.tr,,,https://torbalianadolulisesi.meb.k12.tr/tema/harita.php,2026-08-31,1019,1019,bulundu,https://torbalianadolulisesi.meb.k12.tr/,2026-10-01T19:31:21.615317+00:00,,Öğrenci Sayısı 1019
İzmir,Torbalı,Torbalı Anadolu İmam Hatip Lisesi,166316,Anadolu İmam Hatip Lisesi,https://torbalianadoluihl.meb.k12.tr,,,https://torbalianadoluihl.meb.k12.tr/tema/harita.php,2026-08-31,403,403,bulundu,https://torbalianadoluihl.meb.k12.tr/,2026-10-01T19:31:21.643402+00:00,,Öğrenci Sayısı 403
İzmir,Torbalı,Torbalı Anaokulu,752153,Anaokulu,https://torbalianaokulu.meb.k12.tr,,,https://torbalianaokulu.meb.k12.tr/tema/harita.php,2026-08-31,290,290,bulundu,https://torbalianaokulu.meb.k12.tr/,2026-10-01T19:31:21.802300+00:00,,Öğrenci Sayısı: 290
İzmir,Torbalı,Torbalı Atatürk Anadolu Lisesi,972880,Anadolu Lisesi,https://torbaliataturkanadolu.meb.k12.tr,,,https://torbaliataturkanadolu.meb.k12.tr/tema/harita.php,2026-08-31,678,678,bulundu,https://torbaliataturkanadolu.meb.k12.tr/,2026-10-01T19:31:21.835970+00:00,,Öğrenci Sayısı : 678
İzmir,Torbalı,Torbalı Bilim ve Sanat Merkezi,767981,Bilim ve Sanat Merkezi,https://torbalibilsem.meb.k12.tr,,,https://torbalibilsem.meb.k12.tr/tema/harita.php,2026-08-31,314,314,bulundu,https://torbalibilsem.meb.k12.tr/,2026-10-01T19:31:21.881579+00:00,,Öğrenci Sayısı : 314
İzmir,Torbalı,Torbalı Cumhuriyet Mesleki ve Teknik Anadolu Lisesi,166304,Mesleki ve Teknik Anadolu Lisesi,https://torbalicumhuriyetmtal.meb.k12.tr,,,https://torbalicumhuriyetmtal.meb.k12.tr/tema/harita.php,2026-08-31,1242,1242,bulundu,https://torbalicumhuriyetmtal.meb.k12.tr/tema/okulumuz_hakkinda.php,2026-10-01T19:31:22.266259+00:00,,Öğrenci : 1242
İzmir,Torbalı,Torbalı Halk Eğitimi Merkezi,166328,Halk Eğitimi Merkezi,https://torbalihem.meb.k12.tr,,,https://torbalihem.meb.k12.tr/tema/harita.php,2026-08-31,,,bulunamadi,,2026-10-01T19:31:22.310597+00:00,,
İzmir,Torbalı,Torbalı Mesleki Eğitim Merkezi,385930,Mesleki Eğitim Merkezi,https://torbalimesem.meb.k12.tr,,,https://torbalimesem.meb.k12.tr/tema/harita.php,2026-08-31,1577,1577,bulundu,https://torbalimesem.meb.k12.tr/,2026-10-01T19:31:22.358643+00:00,,Öğrenci Sayısı : 1577
İzmir,Torbalı,Torbalı Nene Hatun Anaokulu,761220,Anaokulu,https://torbalinenehatunanaokulu.meb.k12.tr,,,https://torbalinenehatunanaokulu.meb.k12.tr/tema/harita.php,2026-08-31,201,201,bulundu,https://torbalinenehatunanaokulu.meb.k12.tr/,2026-10-01T19:31:22.430087+00:00,,Öğrenci Sayısı 201
İzmir,Torbalı,Torbalı Piri Reis Ticaret Mesleki ve Teknik Anadolu Lisesi,279350,Mesleki ve Teknik Anadolu Lisesi,https://torbalipirireis.meb.k12.tr,,,https://torbalipirireis.meb.k12.tr/tema/harita.php,2026-08-31,542,542,bulundu,https://torbalipirireis.meb.k12.tr/,2026-10-01T19:31:22.499822+00:00,,Öğrenci Sayısı : 542
İzmir,Torbalı,Torbalı Rehberlik ve Araştırma Merkezi,763307,Rehberlik ve Araştırma Merkezi,https://torbaliram.meb.k12.tr,,,https://torbaliram.meb.k12.tr/tema/harita.php,2026-08-31,,,bulunamadi,,2026-10-01T19:31:22.538262+00:00,,
İzmir,Torbalı,Torbalı Sema Karhan Anadolu Lisesi,758980,Anadolu Lisesi,https://torbalisemakarhanal.meb.k12.tr,,,https://torbalisemakarhanal.meb.k12.tr/tema/harita.php,2026-08-31,,,bulunamadi,,2026-10-01T19:31:22.667503+00:00,,
İzmir,Torbalı,Torbalı Subaşı Mustafa Topalan Mesleki ve Teknik Anadolu Lisesi,750936,Mesleki ve Teknik Anadolu Lisesi,https://subasimustafatopalanmtal.meb.k12.tr,,,https://subasimustafatopalanmtal.meb.k12.tr/tema/harita.php,2026-08-31,285,285,bulundu,https://subasimustafatopalanmtal.meb.k12.tr/,2026-10-01T19:31:22.704149+00:00,,Öğrenci Sayısı : 285
İzmir,Torbalı,Torbalı Subaşı Mustafa Topalan Çok Programlı Anadolu Lisesi,765316,Çok Programlı Anadolu Lisesi,https://765316.meb.k12.tr,,,https://765316.meb.k12.tr/tema/harita.php,2026-08-31,0,0,bulundu,https://765316.meb.k12.tr/,2026-10-01T19:31:22.851969+00:00,,Öğrenci Sayısı : 0
İzmir,Torbalı,Torbalı Ticaret Odası 80.Yıl Ortaokulu,728023,Ortaokul,https://torbaliticaretodasiortaokulu.meb.k12.tr,,,https://torbaliticaretodasiortaokulu.meb.k12.tr/tema/harita.php,2026-08-31,1110,1110,bulundu,https://torbaliticaretodasiortaokulu.meb.k12.tr/,2026-10-01T19:31:22.907008+00:00,,Öğrenci Sayısı 1110
İzmir,Torbalı,Torbalı Ticaret Odası 80.Yıl İlkokulu,728025,İlkokul,https://torbaliticaretodasiilkokulu.meb.k12.tr,,,https://torbaliticaretodasiilkokulu.meb.k12.tr/tema/harita.php,2026-08-31,937,937,bulundu,https://torbaliticaretodasiilkokulu.meb.k12.tr/,2026-10-01T19:31:22.932650+00:00,,Öğrenci Sayısı 937
İzmir,Torbalı,Torbalı Özel Eğitim Meslek Okulu,775283,Özel Eğitim Kurumu,https://torbalimeslekokulu.meb.k12.tr,,,https://torbalimeslekokulu.meb.k12.tr/tema/harita.php,2026-08-31,23,23,bulundu,https://torbalimeslekokulu.meb.k12.tr/,2026-10-01T19:31:23.004964+00:00,,Öğrenci Sayısı : 23
İzmir,Torbalı,Torbalı İbn-i Sina Mesleki ve Teknik Anadolu Lisesi,962974,Mesleki ve Teknik Anadolu Lisesi,https://torbaliibnisinamtal.meb.k12.tr,,,https://torbaliibnisinamtal.meb.k12.tr/tema/harita.php,2026-08-31,336,336,bulundu,https://torbaliibnisinamtal.meb.k12.tr/,2026-10-01T19:31:23.216176+00:00,,Öğrenci Sayısı 336
İzmir,Torbalı,Tulum İlkokulu,773693,İlkokul,https://773693.meb.k12.tr,,,https://773693.meb.k12.tr/tema/harita.php,2026-08-31,0,0,bulundu,https://773693.meb.k12.tr/,2026-10-01T19:31:24.757438+00:00,,Öğrenci Sayısı : 0
İzmir,Torbalı,Türk Telekom Mesleki ve Teknik Anadolu Lisesi,964554,Mesleki ve Teknik Anadolu Lisesi,https://torbaliturktelekommtal.meb.k12.tr,,,https://torbaliturktelekommtal.meb.k12.tr/tema/harita.php,2026-08-31,461,461,bulundu,https://torbaliturktelekommtal.meb.k12.tr/,2026-10-01T19:31:24.760225+00:00,,Öğrenci Sayısı 461
İzmir,Torbalı,Uluğbey Ortaokulu,729129,Ortaokul,https://torbaliulugbeyortaokulu.meb.k12.tr,,,https://torbaliulugbeyortaokulu.meb.k12.tr/tema/harita.php,2026-08-31,115,115,bulundu,https://torbaliulugbeyortaokulu.meb.k12.tr/,2026-10-01T19:31:24.761056+00:00,,Öğrenci Sayısı 115
İzmir,Torbalı,Uluğbey İlkokulu,729136,İlkokul,https://torbaliulugbeyilkokulu.meb.k12.tr,,,https://torbaliulugbeyilkokulu.meb.k12.tr/tema/harita.php,2026-08-31,112,112,bulundu,https://torbaliulugbeyilkokulu.meb.k12.tr/,2026-10-01T19:31:24.848201+00:00,,Öğrenci Sayısı : 112
İzmir,Torbalı,Yavuz Sultan Selim Ortaokulu,728654,Ortaokul,https://torbaliyavuzsultanselimortaokulu.meb.k12.tr,,,https://torbaliyavuzsultanselimortaokulu.meb.k12.tr/tema/harita.php,2026-08-31,1310,1310,bulundu,https://torbaliyavuzsultanselimortaokulu.meb.k12.tr/tema/okulumuz_hakkinda.php,2026-10-01T19:31:24.770356+00:00,,Öğrenci : 1310
İzmir,Torbalı,Yazıbaşı Anaokulu,776955,Anaokulu,https://yazibasianaokulu.meb.k12.tr,,,https://yazibasianaokulu.meb.k12.tr/tema/harita.php,2026-08-31,72,72,bulundu,https://yazibasianaokulu.meb.k12.tr/,2026-10-01T19:31:24.771470+00:00,,Öğrenci Sayısı: 72
İzmir,Torbalı,Yazıbaşı Ortaokulu,722139,Ortaokul,https://yazibasiortaokulu.meb.k12.tr,,,https://yazibasiortaokulu.meb.k12.tr/tema/harita.php,2026-08-31,207,207,bulundu,https://yazibasiortaokulu.meb.k12.tr/,2026-10-01T19:31:24.894900+00:00,,Öğrenci Sayısı 207
İzmir,Torbalı,Yeniköy Ortaokulu,722235,Ortaokul,https://torbaliyenikoyortaokulu.meb.k12.tr,,,https://torbaliyenikoyortaokulu.meb.k12.tr/tema/harita.php,2026-08-31,57,57,bulundu,https://torbaliyenikoyortaokulu.meb.k12.tr/,2026-10-01T19:31:24.763369+00:00,,Öğrenci Sayısı : 57
İzmir,Torbalı,Yeniköy İlkokulu,722181,İlkokul,https://torbaliyenikoyilkokulu.meb.k12.tr,,,https://torbaliyenikoyilkokulu.meb.k12.tr/tema/harita.php,2026-08-31,80,80,bulundu,https://torbaliyenikoyilkokulu.meb.k12.tr/,2026-10-01T19:31:24.762118+00:00,,Öğrenci Sayısı : 80
İzmir,Torbalı,Yeşilköy İlkokulu,727563,İlkokul,https://yesilkoyilkokulu.meb.k12.tr,,,https://yesilkoyilkokulu.meb.k12.tr/tema/harita.php,2026-08-31,17,17,bulundu,https://yesilkoyilkokulu.meb.k12.tr/,2026-10-01T19:31:24.788830+00:00,,Öğrenci Sayısı : 17
İzmir,Torbalı,Yoğurtçular İlkokulu,727600,İlkokul,https://torbaliyogurtcularilkokulu.meb.k12.tr,,,https://torbaliyogurtcularilkokulu.meb.k12.tr/tema/harita.php,2026-08-31,27,27,bulundu,https://torbaliyogurtcularilkokulu.meb.k12.tr/,2026-10-01T19:31:24.887850+00:00,,Öğrenci Sayısı 27
İzmir,Torbalı,Zeliha Ömer Genç Kızılay Anaokulu,764459,Anaokulu,https://zelihaomergenckizilayanaokulu.meb.k12.tr,,,https://zelihaomergenckizilayanaokulu.meb.k12.tr/tema/harita.php,2026-08-31,192,192,bulundu,https://zelihaomergenckizilayanaokulu.meb.k12.tr/,2026-10-01T19:31:24.811844+00:00,,Öğrenci Sayısı 192
İzmir,Torbalı,Zübeyde Hanım Anaokulu,952170,Anaokulu,https://torbalizubeydehanimanaokulu.meb.k12.tr,,,https://torbalizubeydehanimanaokulu.meb.k12.tr/tema/harita.php,2026-08-31,221,221,bulundu,https://torbalizubeydehanimanaokulu.meb.k12.tr/,2026-10-01T19:31:24.769771+00:00,,Öğrenci Sayısı: 221
İzmir,Torbalı,Çakabey Anaokulu,763811,Anaokulu,https://torbalicakabeyanaokulu.meb.k12.tr,,,https://torbalicakabeyanaokulu.meb.k12.tr/tema/harita.php,2026-08-31,113,113,bulundu,https://torbalicakabeyanaokulu.meb.k12.tr/,2026-10-01T19:31:24.772149+00:00,,Öğrenci Sayısı 113
İzmir,Torbalı,Çapak Ortaokulu,728678,Ortaokul,https://capakortaokulu.meb.k12.tr,,,https://capakortaokulu.meb.k12.tr/tema/harita.php,2026-08-31,99,99,bulundu,https://capakortaokulu.meb.k12.tr/,2026-10-01T19:31:24.775776+00:00,,Öğrenci Sayısı : 99
İzmir,Torbalı,Çapak İlkokulu,728682,İlkokul,https://capakilkokulu.meb.k12.tr,,,https://capakilkokulu.meb.k12.tr/tema/harita.php,2026-08-31,96,96,bulundu,https://capakilkokulu.meb.k12.tr/,2026-10-01T19:31:24.768780+00:00,,Öğrenci Sayısı: 96
İzmir,Torbalı,Çetineller Ortaokulu,728417,Ortaokul,https://cetinellerortaokulu.meb.k12.tr,,,https://cetinellerortaokulu.meb.k12.tr/tema/harita.php,2026-08-31,760,760,bulundu,https://cetinellerortaokulu.meb.k12.tr/,2026-10-01T19:31:24.773198+00:00,,Öğrenci Sayısı 760
İzmir,Torbalı,Çetineller İlkokulu,777282,İlkokul,https://cetinellerilkokulu.meb.k12.tr,,,https://cetinellerilkokulu.meb.k12.tr/tema/harita.php,2026-08-31,111,111,bulundu,https://cetinellerilkokulu.meb.k12.tr/,2026-10-01T19:31:24.789976+00:00,,Öğrenci Sayısı : 111
İzmir,Torbalı,Özbey Ortaokulu,729037,Ortaokul,https://torbaliozbeyortaokulu.meb.k12.tr,,,https://torbaliozbeyortaokulu.meb.k12.tr/tema/harita.php,2026-08-31,324,324,bulundu,https://torbaliozbeyortaokulu.meb.k12.tr/tema/okulumuz_hakkinda.php,2026-10-01T19:31:24.770924+00:00,,Öğrenci : 324
İzmir,Torbalı,Özbey ilkokulu,729041,İlkokul,https://torbaliozbeyilkokulu.meb.k12.tr,,,https://torbaliozbeyilkokulu.meb.k12.tr/tema/harita.php,2026-08-31,295,295,bulundu,https://torbaliozbeyilkokulu.meb.k12.tr/,2026-10-01T19:31:24.857787+00:00,,Öğrenci Sayısı : 295
İzmir,Torbalı,İnci-Hikmet Tözün Anaokulu,974550,Anaokulu,https://incihikmettozunanaokulu.meb.k12.tr,,,https://incihikmettozunanaokulu.meb.k12.tr/tema/harita.php,2026-08-31,313,313,bulundu,https://incihikmettozunanaokulu.meb.k12.tr/,2026-10-01T19:31:24.854630+00:00,,Öğrenci Sayısı : 313
İzmir,Torbalı,Şehit Feridun Yılmaz Özel Eğitim Uygulama Okulu I. Kademe,772114,Özel Eğitim Kurumu,https://sehitferidunyilmazoeuo1.meb.k12.tr,,,https://sehitferidunyilmazoeuo1.meb.k12.tr/tema/harita.php,2026-08-31,32,32,bulundu,https://sehitferidunyilmazoeuo1.meb.k12.tr/,2026-10-01T19:31:24.852859+00:00,,Öğrenci Sayısı 32
İzmir,Torbalı,Şehit Feridun Yılmaz Özel Eğitim Uygulama Okulu II. Kademe,772115,Özel Eğitim Kurumu,https://sehitferidunyilmazoeuo2.meb.k12.tr,,,https://sehitferidunyilmazoeuo2.meb.k12.tr/tema/harita.php,2026-08-31,35,35,bulundu,https://sehitferidunyilmazoeuo2.meb.k12.tr/,2026-10-01T19:31:24.834842+00:00,,Öğrenci Sayısı 35
İzmir,Torbalı,Şehit Feridun Yılmaz Özel Eğitim Uygulama Okulu III. Kademe,775705,Özel Eğitim Kurumu,https://sehitferidunyilmazoeuo3.meb.k12.tr,,,https://sehitferidunyilmazoeuo3.meb.k12.tr/tema/harita.php,2026-08-31,25,25,bulundu,https://sehitferidunyilmazoeuo3.meb.k12.tr/,2026-10-01T19:31:24.856096+00:00,,Öğrenci Sayısı 25
İzmir,Torbalı,Şehit Jandarma Er Atilla Sunar İlkokulu,727505,İlkokul,https://sehitatillasunarilkokulu.meb.k12.tr,,,https://sehitatillasunarilkokulu.meb.k12.tr/tema/harita.php,2026-08-31,35,35,bulundu,https://sehitatillasunarilkokulu.meb.k12.tr/,2026-10-01T19:31:24.861198+00:00,,Öğrenci Sayısı: 35
İzmir,Torbalı,Şehit Kadir Altuntaş Cumhuriyet Ortaokulu,727804,Ortaokul,https://c.meb.k12.tr,,,https://c.meb.k12.tr/tema/harita.php,2026-08-31,487,487,bulundu,https://c.meb.k12.tr/,2026-10-01T19:31:24.890795+00:00,,Öğrenci Sayısı 487
İzmir,Torbalı,Şehit Onur Ensar Ayanoğlu Ortaokulu,727957,Ortaokul,https://sehitonurensarayanogluortaokulu.meb.k12.tr,,,https://sehitonurensarayanogluortaokulu.meb.k12.tr/tema/harita.php,2026-08-31,1184,1184,bulundu,https://sehitonurensarayanogluortaokulu.meb.k12.tr/,2026-10-01T19:31:25.064668+00:00,,Öğrenci Sayısı 1184
İzmir,Torbalı,Şehit Teğmen Serdar Genç Ortaokulu,727926,Ortaokul,https://sehitserdargencortaokulu.meb.k12.tr,,,https://sehitserdargencortaokulu.meb.k12.tr/tema/harita.php,2026-08-31,654,654,bulundu,https://sehitserdargencortaokulu.meb.k12.tr/,2026-10-01T19:31:25.725486+00:00,,Öğrenci Sayısı 654
İzmir,Torbalı,Şehit Teğmen Serdar Genç İlkokulu,727927,İlkokul,https://sehitserdargencilkokulu.meb.k12.tr,,,https://sehitserdargencilkokulu.meb.k12.tr/tema/harita.php,2026-08-31,481,481,bulundu,https://sehitserdargencilkokulu.meb.k12.tr/,2026-10-01T19:31:26.119971+00:00,,Öğrenci Sayısı 481
İzmir,Torbalı,Şehit Uzman Onbaşı Mustafa Eser İmam Hatip Ortaokulu,748023,İmam Hatip Ortaokulu,https://torbalimustafaeseriho.meb.k12.tr,,,https://torbalimustafaeseriho.meb.k12.tr/tema/harita.php,2026-08-31,678,678,bulundu,https://torbalimustafaeseriho.meb.k12.tr/,2026-10-01T19:31:26.515031+00:00,,Öğrenci Sayısı : 678
İzmir,Torbalı,Şehit Uzman Çavuş Harun Şenözüar Mesleki ve Teknik Anadolu Lisesi,166294,Mesleki ve Teknik Anadolu Lisesi,https://sehitharunsenozuarmtal.meb.k12.tr,,,https://sehitharunsenozuarmtal.meb.k12.tr/tema/harita.php,2026-08-31,1225,1225,bulundu,https://sehitharunsenozuarmtal.meb.k12.tr/,2026-10-01T19:31:26.580611+00:00,,Öğrenci Sayısı : 1225
İzmir,Torbalı,Şehit Uzman Çavuş Tolga Sağlam Kız Anadolu İmam Hatip Lisesi,761114,Anadolu İmam Hatip Lisesi,https://sehittolgasaglamihl.meb.k12.tr,,,https://sehittolgasaglamihl.meb.k12.tr/tema/harita.php,2026-08-31,382,382,bulundu,https://sehittolgasaglamihl.meb.k12.tr/,2026-10-01T19:31:26.604331+00:00,,Öğrenci Sayısı 382
İzmir,Torbalı,Şehit Çavuş Haydar Arda Erertingi Ortaokulu,728538,Ortaokul,https://sehithaydarardaortaokulu.meb.k12.tr,,,https://sehithaydarardaortaokulu.meb.k12.tr/tema/harita.php,2026-08-31,774,774,bulundu,https://sehithaydarardaortaokulu.meb.k12.tr/,2026-10-01T19:31:26.606098+00:00,,Öğrenci Sayısı : 774
İzmir,Torbalı,Şehit Çavuş Haydar Arda Erertingi İlkokulu,728541,İlkokul,https://sehithaydarardailkokulu.meb.k12.tr,,,https://sehithaydarardailkokulu.meb.k12.tr/tema/harita.php,2026-08-31,685,685,bulundu,https://sehithaydarardailkokulu.meb.k12.tr/,2026-10-01T19:31:26.612796+00:00,,Öğrenci Sayısı 685
İzmir,Torbalı,Şehit Çağatay Necati Dinç İlkokulu,738321,İlkokul,https://sehitcagataynecatidincilkokulu.meb.k12.tr,,,https://sehitcagataynecatidincilkokulu.meb.k12.tr/tema/harita.php,2026-08-31,218,218,bulundu,https://sehitcagataynecatidincilkokulu.meb.k12.tr/,2026-10-01T19:31:26.761261+00:00,,Öğrenci Sayısı : 218
İzmir,Torbalı,Şehit Önder Turğay Anadolu Lisesi,765206,Anadolu Lisesi,https://ayrancilaranadolulisesi.meb.k12.tr,,,https://ayrancilaranadolulisesi.meb.k12.tr/tema/harita.php,2026-08-31,1057,1057,bulundu,https://ayrancilaranadolulisesi.meb.k12.tr/,2026-10-01T19:31:26.761982+00:00,,Öğrenci Sayısı : 1057
İzmir,Torbalı,Şehitler İlkokulu,738097,İlkokul,https://torbalisehitlerilkokulu.meb.k12.tr,,,https://torbalisehitlerilkokulu.meb.k12.tr/tema/harita.php,2026-08-31,34,34,bulundu,https://torbalisehitlerilkokulu.meb.k12.tr/,2026-10-01T19:31:26.772454+00:00,,Öğrenci Sayısı : 34
İzmir,Urla,80.Yıl Gazi Ortaokulu,747970,Ortaokul,https://80yilgazi.meb.k12.tr,,,https://80yilgazi.meb.k12.tr/tema/harita.php,2026-08-31,481,481,bulundu,https://80yilgazi.meb.k12.tr/,2026-10-01T19:31:26.836865+00:00,,Öğrenci Sayısı : 481
İzmir,Urla,Albay Çolak İbrahimbey İlkokulu,737632,İlkokul,https://albaycolakibrahimbeyio.meb.k12.tr,,,https://albaycolakibrahimbeyio.meb.k12.tr/tema/harita.php,2026-08-31,306,306,bulundu,https://albaycolakibrahimbeyio.meb.k12.tr/,2026-10-01T19:31:26.871701+00:00,,Öğrenci Sayısı : 306
İzmir,Urla,Asiye Hüseyin Akyüz Bilim Ortaokulu,721425,Ortaokul,https://ahabilimortaokulu.meb.k12.tr,,,https://ahabilimortaokulu.meb.k12.tr/tema/harita.php,2026-08-31,141,141,bulundu,https://ahabilimortaokulu.meb.k12.tr/,2026-10-01T19:31:26.884223+00:00,,Öğrenci Sayısı : 141
İzmir,Urla,Asiye Hüseyin Akyüz Bilim İlkokulu,737404,İlkokul,https://ahabilimilkokulu.meb.k12.tr,,,https://ahabilimilkokulu.meb.k12.tr/tema/harita.php,2026-08-31,182,182,bulundu,https://ahabilimilkokulu.meb.k12.tr/,2026-10-01T19:31:26.995670+00:00,,Öğrenci Sayısı 182
İzmir,Urla,Atatürk İlkokulu,718743,İlkokul,https://urlaataturkilkokulu.meb.k12.tr,,,https://urlaataturkilkokulu.meb.k12.tr/tema/harita.php,2026-08-31,555,555,bulundu,https://urlaataturkilkokulu.meb.k12.tr/,2026-10-01T19:31:27.039792+00:00,,Öğrenci Sayısı : 555
İzmir,Urla,Avni Kaya Kokucu Ortaokulu,721290,Ortaokul,https://avnikayakokucuortaokulu.meb.k12.tr,,,https://avnikayakokucuortaokulu.meb.k12.tr/tema/harita.php,2026-08-31,90,90,bulundu,https://avnikayakokucuortaokulu.meb.k12.tr/,2026-10-01T19:31:27.050883+00:00,,Öğrenci Sayısı 90
İzmir,Urla,Avni Kaya Kokucu İlkokulu,737429,İlkokul,https://avnikayakokucuilkokulu.meb.k12.tr,,,https://avnikayakokucuilkokulu.meb.k12.tr/tema/harita.php,2026-08-31,68,68,bulundu,https://avnikayakokucuilkokulu.meb.k12.tr/,2026-10-01T19:31:27.056512+00:00,,Öğrenci Sayısı: 68
İzmir,Urla,Bademler Ortaokulu,721383,Ortaokul,https://bademlerortaokulu.meb.k12.tr,,,https://bademlerortaokulu.meb.k12.tr/tema/harita.php,2026-08-31,84,84,bulundu,https://bademlerortaokulu.meb.k12.tr/,2026-10-01T19:31:27.058206+00:00,,Öğrenci Sayısı : 84
İzmir,Urla,Bademler İlkokulu,737587,İlkokul,https://bademlerilkokulu.meb.k12.tr,,,https://bademlerilkokulu.meb.k12.tr/tema/harita.php,2026-08-31,81,81,bulundu,https://bademlerilkokulu.meb.k12.tr/,2026-10-01T19:31:27.060693+00:00,,Öğrenci Sayısı: 81
İzmir,Urla,Balıklıova Ortaokulu,721299,Ortaokul,https://urlabalikliovaortaokulu.meb.k12.tr,,,https://urlabalikliovaortaokulu.meb.k12.tr/tema/harita.php,2026-08-31,53,53,bulundu,https://urlabalikliovaortaokulu.meb.k12.tr/tema/okulumuz_hakkinda.php,2026-10-01T19:31:27.079794+00:00,,Öğrenci : 53
İzmir,Urla,Balıklıova İlkokulu,720411,İlkokul,https://urlabalikliovailkokulu.meb.k12.tr,,,https://urlabalikliovailkokulu.meb.k12.tr/tema/harita.php,2026-08-31,70,70,bulundu,https://urlabalikliovailkokulu.meb.k12.tr/,2026-10-01T19:31:27.106046+00:00,,Öğrenci Sayısı : 70
İzmir,Urla,Barbaros İlkokulu,771972,İlkokul,https://urlabarbarosilkokulu.meb.k12.tr,,,https://urlabarbarosilkokulu.meb.k12.tr/tema/harita.php,2026-08-31,21,21,bulundu,https://urlabarbarosilkokulu.meb.k12.tr/,2026-10-01T19:31:27.119076+00:00,,Öğrenci Sayısı : 21
İzmir,Urla,Duran Şahan Anadolu İmam Hatip Lisesi,749185,Anadolu İmam Hatip Lisesi,https://duransahanaihl.meb.k12.tr,,,https://duransahanaihl.meb.k12.tr/tema/harita.php,2026-08-31,73,73,bulundu,https://duransahanaihl.meb.k12.tr/,2026-10-01T19:31:27.139774+00:00,,Öğrenci Sayısı : 73
İzmir,Urla,Egiad Ortaokulu,962568,Ortaokul,https://egiad.meb.k12.tr,,,https://egiad.meb.k12.tr/tema/harita.php,2026-08-31,366,366,bulundu,https://egiad.meb.k12.tr/,2026-10-01T19:31:27.200950+00:00,,Öğrenci Sayısı 366
İzmir,Urla,Jale Necdet Özbelge Ortaokulu,722164,Ortaokul,https://jalenecdetozbelgeortaokulu.meb.k12.tr,,,https://jalenecdetozbelgeortaokulu.meb.k12.tr/tema/harita.php,2026-08-31,71,71,bulundu,https://jalenecdetozbelgeortaokulu.meb.k12.tr/,2026-10-01T19:31:27.356878+00:00,,Öğrenci Sayısı 71
İzmir,Urla,Jale Necdet Özbelge İlkokulu,722174,İlkokul,https://jalenecdetozbelgeilkokulu.meb.k12.tr,,,https://jalenecdetozbelgeilkokulu.meb.k12.tr/tema/harita.php,2026-08-31,104,104,bulundu,https://jalenecdetozbelgeilkokulu.meb.k12.tr/,2026-10-01T19:31:27.471907+00:00,,Öğrenci Sayısı 104
İzmir,Urla,Kamran Habif Özel Eğitim Uygulama Okulu I. Kademe,765958,Özel Eğitim Kurumu,https://kamranhabif1.meb.k12.tr,,,https://kamranhabif1.meb.k12.tr/tema/harita.php,2026-08-31,10,10,bulundu,https://kamranhabif1.meb.k12.tr/,2026-10-01T19:31:27.638548+00:00,,Öğrenci Sayısı 10
İzmir,Urla,Kamran Habif Özel Eğitim Uygulama Okulu II. Kademe,765959,Özel Eğitim Kurumu,https://kamranhabif2.meb.k12.tr,,,https://kamranhabif2.meb.k12.tr/tema/harita.php,2026-08-31,13,13,bulundu,https://kamranhabif2.meb.k12.tr/,2026-10-01T19:31:27.642425+00:00,,Öğrenci Sayısı 13
İzmir,Urla,Kamran Habif Özel Eğitim Uygulama Okulu III. Kademe,777095,Özel Eğitim Kurumu,https://kamranhabif3.meb.k12.tr,,,https://kamranhabif3.meb.k12.tr/tema/harita.php,2026-08-31,11,11,bulundu,https://kamranhabif3.meb.k12.tr/,2026-10-01T19:31:27.656405+00:00,,Öğrenci Sayısı 11
İzmir,Urla,Kuşçular Ova İlkokulu,721018,İlkokul,https://kuscularovailkokulu.meb.k12.tr,,,https://kuscularovailkokulu.meb.k12.tr/tema/harita.php,2026-08-31,63,63,bulundu,https://kuscularovailkokulu.meb.k12.tr/,2026-10-01T19:31:27.690128+00:00,,Öğrenci Sayısı 63
İzmir,Urla,Perihan Mahmut Celalettin Demirgüreş Ortaokulu,721418,Ortaokul,https://pmcdemirguresortaokulu.meb.k12.tr,,,https://pmcdemirguresortaokulu.meb.k12.tr/tema/harita.php,2026-08-31,,,bulunamadi,,2026-10-01T19:31:27.677019+00:00,,
İzmir,Urla,Perihan Mahmut Celalettin Demirgüreş İlkokulu,719679,İlkokul,https://pmcdemirguresilkokulu.meb.k12.tr,,,https://pmcdemirguresilkokulu.meb.k12.tr/tema/harita.php,2026-08-31,175,175,bulundu,https://pmcdemirguresilkokulu.meb.k12.tr/,2026-10-01T19:31:27.726967+00:00,,Öğrenci Sayısı : 175
İzmir,Urla,Urla Anadolu Lisesi,972897,Anadolu Lisesi,https://urlaanadolulisesi.meb.k12.tr,,,https://urlaanadolulisesi.meb.k12.tr/tema/harita.php,2026-08-31,612,612,bulundu,https://urlaanadolulisesi.meb.k12.tr/,2026-10-01T19:31:27.754883+00:00,,Öğrenci Sayısı : 612
İzmir,Urla,Urla Ayşe Hafsa Sultan Özel Eğitim Anaokulu,773926,Anaokulu,https://urlaaysehafsasultanoea.meb.k12.tr,,,https://urlaaysehafsasultanoea.meb.k12.tr/tema/harita.php,2026-08-31,14,14,bulundu,https://urlaaysehafsasultanoea.meb.k12.tr/,2026-10-01T19:31:27.931338+00:00,,Öğrenci Sayısı: 14
İzmir,Urla,Urla Bilim ve Sanat Merkezi,769163,Bilim ve Sanat Merkezi,https://769163.meb.k12.tr,,,https://769163.meb.k12.tr/tema/harita.php,2026-08-31,82,82,bulundu,https://769163.meb.k12.tr/,2026-10-01T19:31:27.955496+00:00,,Öğrenci Sayısı : 82
İzmir,Urla,Urla Hakan Çeken Anadolu Lisesi,964416,Anadolu Lisesi,https://uhcal.meb.k12.tr,,,https://uhcal.meb.k12.tr/tema/harita.php,2026-08-31,311,311,bulundu,https://uhcal.meb.k12.tr/,2026-10-01T19:31:27.991452+00:00,,Öğrenci Sayısı 311
İzmir,Urla,Urla Halk Eğitimi Merkezi,166436,Halk Eğitimi Merkezi,https://urlahem.meb.k12.tr,,,https://urlahem.meb.k12.tr/tema/harita.php,2026-08-31,,,bulunamadi,,2026-10-01T19:31:28.071733+00:00,,
İzmir,Urla,Urla Mesleki Eğitim Merkezi,776503,Mesleki Eğitim Merkezi,https://urlamesem.meb.k12.tr,,,https://urlamesem.meb.k12.tr/tema/harita.php,2026-08-31,622,622,bulundu,https://urlamesem.meb.k12.tr/,2026-10-01T19:31:28.116533+00:00,,Öğrenci Sayısı 622
İzmir,Urla,Urla Mesleki ve Teknik Anadolu Lisesi,216146,Mesleki ve Teknik Anadolu Lisesi,https://urlamtal.meb.k12.tr,,,https://urlamtal.meb.k12.tr/tema/harita.php,2026-08-31,,,bulunamadi,,2026-10-01T19:31:28.143502+00:00,,
İzmir,Urla,Urla Sezai-Gönül-Akdağ Anaokulu,974444,Anaokulu,https://urlasezaigonulakdaganaokulu.meb.k12.tr,,,https://urlasezaigonulakdaganaokulu.meb.k12.tr/tema/harita.php,2026-08-31,96,96,bulundu,https://urlasezaigonulakdaganaokulu.meb.k12.tr/,2026-10-01T19:31:28.222030+00:00,,Öğrenci Sayısı: 96
İzmir,Urla,Urla Yılay Hakan Çeken Mesleki ve Teknik Anadolu Lisesi,973392,Mesleki ve Teknik Anadolu Lisesi,https://yilayhakancekenmtal.meb.k12.tr,,,https://yilayhakancekenmtal.meb.k12.tr/tema/harita.php,2026-08-31,325,325,bulundu,https://yilayhakancekenmtal.meb.k12.tr/,2026-10-01T19:31:28.245659+00:00,,Öğrenci Sayısı 325
İzmir,Urla,Urla Çaka Bey Anaokulu,767690,Anaokulu,https://urlacakabeyanaokulu.meb.k12.tr,,,https://urlacakabeyanaokulu.meb.k12.tr/tema/harita.php,2026-08-31,104,104,bulundu,https://urlacakabeyanaokulu.meb.k12.tr/,2026-10-01T19:31:28.255346+00:00,,Öğrenci Sayısı 104
İzmir,Urla,Uzunkuyu Ortaokulu,721337,Ortaokul,https://uzunkuyuortaokulu.meb.k12.tr,,,https://uzunkuyuortaokulu.meb.k12.tr/tema/harita.php,2026-08-31,66,66,bulundu,https://uzunkuyuortaokulu.meb.k12.tr/,2026-10-01T19:31:28.293177+00:00,,Öğrenci Sayısı : 66
İzmir,Urla,Uzunkuyu İlkokulu,720238,İlkokul,https://uzunkuyuilkokulu.meb.k12.tr,,,https://uzunkuyuilkokulu.meb.k12.tr/tema/harita.php,2026-08-31,77,77,bulundu,https://uzunkuyuilkokulu.meb.k12.tr/,2026-10-01T19:31:28.388602+00:00,,Öğrenci Sayısı: 77
İzmir,Urla,Zeytinalanı Gülter Osman Ponner İlkokulu,720765,İlkokul,https://zeytinalani.meb.k12.tr,,,https://zeytinalani.meb.k12.tr/tema/harita.php,2026-08-31,211,211,bulundu,https://zeytinalani.meb.k12.tr/,2026-10-01T19:31:28.446679+00:00,,Öğrenci Sayısı : 211
İzmir,Urla,Özbek Ortaokulu,721308,Ortaokul,https://ozbekortaokulu.meb.k12.tr,,,https://ozbekortaokulu.meb.k12.tr/tema/harita.php,2026-08-31,63,63,bulundu,https://ozbekortaokulu.meb.k12.tr/,2026-10-01T19:31:28.481851+00:00,,Öğrenci Sayısı : 63
İzmir,Urla,Özbek İlkokulu,719564,İlkokul,https://ozbekilkokulu.meb.k12.tr,,,https://ozbekilkokulu.meb.k12.tr/tema/harita.php,2026-08-31,48,48,bulundu,https://ozbekilkokulu.meb.k12.tr/,2026-10-01T19:31:28.536591+00:00,,Öğrenci Sayısı: 48
İzmir,Urla,İkbal Mahmut Büyükkırcalı Ortaokulu,769147,Ortaokul,https://urlaimbortaokulu.meb.k12.tr,,,https://urlaimbortaokulu.meb.k12.tr/tema/harita.php,2026-08-31,305,305,bulundu,https://urlaimbortaokulu.meb.k12.tr/,2026-10-01T19:31:28.685938+00:00,,Öğrenci Sayısı : 305
İzmir,Urla,İskele Ortaokulu,721391,Ortaokul,https://iskeleortaokulu.meb.k12.tr,,,https://iskeleortaokulu.meb.k12.tr/tema/harita.php,2026-08-31,108,108,bulundu,https://iskeleortaokulu.meb.k12.tr/,2026-10-01T19:31:28.737030+00:00,,Öğrenci Sayısı : 108
İzmir,Urla,İskele İlkokulu,719880,İlkokul,https://iskeleilkokulu.meb.k12.tr,,,https://iskeleilkokulu.meb.k12.tr/tema/harita.php,2026-08-31,140,140,bulundu,https://iskeleilkokulu.meb.k12.tr/,2026-10-01T19:31:29.033032+00:00,,Öğrenci Sayısı : 140
İzmir,Urla,İzmir Cengiz Aytmatov Sosyal Bilimler Lisesi,967714,Sosyal Bilimler Lisesi,https://icasbl.meb.k12.tr,,,https://icasbl.meb.k12.tr/tema/harita.php,2026-08-31,340,340,bulundu,https://icasbl.meb.k12.tr/tema/okulumuz_hakkinda.php,2026-10-01T19:31:29.668222+00:00,,Öğrenci : 340
İzmir,Urla,İzmir Yardımsevenler Derneği Kuşçular Ortaokulu,721358,Ortaokul,https://urlaiydkuscularortaokulu.meb.k12.tr,,,https://urlaiydkuscularortaokulu.meb.k12.tr/tema/harita.php,2026-08-31,127,127,bulundu,https://urlaiydkuscularortaokulu.meb.k12.tr/,2026-10-01T19:31:30.082561+00:00,,Öğrenci Sayısı : 127
İzmir,Urla,İzmir Yardımsevenler Derneği Kuşçular İlkokulu,720162,İlkokul,https://urlaiydkuscularilkokulu.meb.k12.tr,,,https://urlaiydkuscularilkokulu.meb.k12.tr/tema/harita.php,2026-08-31,113,113,bulundu,https://urlaiydkuscularilkokulu.meb.k12.tr/,2026-10-01T19:31:30.147794+00:00,,Öğrenci Sayısı 113
İzmir,Urla,Şehit Hasan Akın İmam Hatip Ortaokulu,721249,İmam Hatip Ortaokulu,https://urlaiho.meb.k12.tr,,,https://urlaiho.meb.k12.tr/tema/harita.php,2026-08-31,184,184,bulundu,https://urlaiho.meb.k12.tr/,2026-10-01T19:31:30.199229+00:00,,Öğrenci Sayısı 184
İzmir,Urla,Şehit Kemal İlkokulu,737625,İlkokul,https://sehitkemalilkokulu.meb.k12.tr,,,https://sehitkemalilkokulu.meb.k12.tr/tema/harita.php,2026-08-31,320,320,bulundu,https://sehitkemalilkokulu.meb.k12.tr/,2026-10-01T19:31:30.263324+00:00,,Öğrenci Sayısı: 320
İzmir,Çeşme,15 Eylül Mustafa Çapkan İlkokulu,714638,İlkokul,https://15eylulmustafacapkanilkokulu.meb.k12.tr,,,https://15eylulmustafacapkanilkokulu.meb.k12.tr/tema/harita.php,2026-08-31,294,294,bulundu,https://15eylulmustafacapkanilkokulu.meb.k12.tr/,2026-10-01T19:31:30.425616+00:00,,Öğrenci Sayısı 294
İzmir,Çeşme,15 Temmuz Şehitler Ortaokulu,728954,Ortaokul,https://15temmuzsehitlerortaokulu.meb.k12.tr,,,https://15temmuzsehitlerortaokulu.meb.k12.tr/tema/harita.php,2026-08-31,243,243,bulundu,https://15temmuzsehitlerortaokulu.meb.k12.tr/,2026-10-01T19:31:30.473942+00:00,,Öğrenci Sayısı 243
İzmir,Çeşme,80.Yıl Çiftlik Ortaokulu,728706,Ortaokul,https://80yilciftlikortaokulu.meb.k12.tr,,,https://80yilciftlikortaokulu.meb.k12.tr/tema/harita.php,2026-08-31,111,111,bulundu,https://80yilciftlikortaokulu.meb.k12.tr/,2026-10-01T19:31:30.479362+00:00,,Öğrenci Sayısı : 111
İzmir,Çeşme,Atatürk İlkokulu,879473,İlkokul,https://cesmeataturkilkokulu.meb.k12.tr,,,https://cesmeataturkilkokulu.meb.k12.tr/tema/harita.php,2026-08-31,242,242,bulundu,https://cesmeataturkilkokulu.meb.k12.tr/,2026-10-01T19:31:30.499356+00:00,,Öğrenci Sayısı 242
İzmir,Çeşme,Gazi İlkokulu,728683,İlkokul,https://cesmegaziilkokulu.meb.k12.tr,,,https://cesmegaziilkokulu.meb.k12.tr/tema/harita.php,2026-08-31,76,76,bulundu,https://cesmegaziilkokulu.meb.k12.tr/,2026-10-01T19:31:30.528586+00:00,,Öğrenci Sayısı 76
İzmir,Çeşme,Germiyan İlkokulu,976996,İlkokul,https://germiyan_ilkokulu.meb.k12.tr,,,https://germiyan_ilkokulu.meb.k12.tr/tema/harita.php,2026-08-31,,,bulunamadi,,2026-10-01T19:31:30.581520+00:00,,
İzmir,Çeşme,Hacı Murat-Hatice Özsoy Anadolu Lisesi,351983,Anadolu Lisesi,https://hacimurathaticeozsoy.meb.k12.tr,,,https://hacimurathaticeozsoy.meb.k12.tr/tema/harita.php,2026-08-31,237,237,bulundu,https://hacimurathaticeozsoy.meb.k12.tr/,2026-10-01T19:31:30.588298+00:00,,Öğrenci Sayısı 237
İzmir,Çeşme,Hayriye Nuri Ertan İlkokulu,715184,İlkokul,https://hayriyenuriertanilkokulu.meb.k12.tr,,,https://hayriyenuriertanilkokulu.meb.k12.tr/tema/harita.php,2026-08-31,164,164,bulundu,https://hayriyenuriertanilkokulu.meb.k12.tr/,2026-10-01T19:31:30.687431+00:00,,Öğrenci Sayısı 164
İzmir,Çeşme,Ildırı İlkokulu,771235,İlkokul,https://ildiriilkokulu.meb.k12.tr,,,https://ildiriilkokulu.meb.k12.tr/tema/harita.php,2026-08-31,22,22,bulundu,https://ildiriilkokulu.meb.k12.tr/,2026-10-01T19:31:30.697409+00:00,,Öğrenci Sayısı 22
İzmir,Çeşme,Ilıca Mustafa Bahçeli Ortaokulu,728929,Ortaokul,https://ilicamustafabahceliortaokulu.meb.k12.tr,,,https://ilicamustafabahceliortaokulu.meb.k12.tr/tema/harita.php,2026-08-31,123,123,bulundu,https://ilicamustafabahceliortaokulu.meb.k12.tr/,2026-10-01T19:31:30.701035+00:00,,Öğrenci Sayısı 123
İzmir,Çeşme,Ilıca Mustafa Bahçeli İlkokulu,715102,İlkokul,https://ilicamustafabahceliilkokulu.meb.k12.tr,,,https://ilicamustafabahceliilkokulu.meb.k12.tr/tema/harita.php,2026-08-31,119,119,bulundu,https://ilicamustafabahceliilkokulu.meb.k12.tr/,2026-10-01T19:31:30.704945+00:00,,Öğrenci Sayısı 119
İzmir,Çeşme,Mehmet Akpınar Anaokulu,966694,Anaokulu,https://mehmetakpinaranaokulu.meb.k12.tr,,,https://mehmetakpinaranaokulu.meb.k12.tr/tema/harita.php,2026-08-31,188,188,bulundu,https://mehmetakpinaranaokulu.meb.k12.tr/,2026-10-01T19:31:30.806277+00:00,,Öğrenci Sayısı 188
İzmir,Çeşme,Mehmet Akpınar Ortaokulu,853161,Ortaokul,https://mehmetakpinarortaokulu.meb.k12.tr,,,https://mehmetakpinarortaokulu.meb.k12.tr/tema/harita.php,2026-08-31,97,97,bulundu,https://mehmetakpinarortaokulu.meb.k12.tr/,2026-10-01T19:31:30.881874+00:00,,Öğrenci Sayısı 97
İzmir,Çeşme,Namık Kemal İlkokulu,164903,İlkokul,https://cesmenamikkemalio.meb.k12.tr,,,https://cesmenamikkemalio.meb.k12.tr/tema/harita.php,2026-08-31,629,629,bulundu,https://cesmenamikkemalio.meb.k12.tr/,2026-10-01T19:31:30.922522+00:00,,Öğrenci Sayısı 629
İzmir,Çeşme,Onaltı Eylül İlkokulu,764036,İlkokul,https://onaltieylulilkokulu.meb.k12.tr,,,https://onaltieylulilkokulu.meb.k12.tr/tema/harita.php,2026-08-31,120,120,bulundu,https://onaltieylulilkokulu.meb.k12.tr/,2026-10-01T19:31:31.105146+00:00,,Öğrenci Sayısı 120
İzmir,Çeşme,Süleyman Sami Sarı Ortaokulu,728744,Ortaokul,https://suleymansamisariortaokulu.meb.k12.tr,,,https://suleymansamisariortaokulu.meb.k12.tr/tema/harita.php,2026-08-31,88,88,bulundu,https://suleymansamisariortaokulu.meb.k12.tr/,2026-10-01T19:31:31.117855+00:00,,Öğrenci Sayısı 88
İzmir,Çeşme,Süleyman Sami Sarı İlkokulu,728726,İlkokul,https://sssilkokulu.meb.k12.tr,,,https://sssilkokulu.meb.k12.tr/tema/harita.php,2026-08-31,103,103,bulundu,https://sssilkokulu.meb.k12.tr/,2026-10-01T19:31:31.139812+00:00,,Öğrenci Sayısı 103
İzmir,Çeşme,Sıdıka-Kelami Ertan Ortaokulu,714419,Ortaokul,https://sidikakelamiertanortaokulu.meb.k12.tr,,,https://sidikakelamiertanortaokulu.meb.k12.tr/tema/harita.php,2026-08-31,639,639,bulundu,https://sidikakelamiertanortaokulu.meb.k12.tr/,2026-10-01T19:31:31.182159+00:00,,Öğrenci Sayısı 639
İzmir,Çeşme,Yaşar Eğitim ve Kültür Vakfı Anadolu Lisesi,972891,Anadolu Lisesi,https://yasaregitimkulturvakfial.meb.k12.tr,,,https://yasaregitimkulturvakfial.meb.k12.tr/tema/harita.php,2026-08-31,287,287,bulundu,https://yasaregitimkulturvakfial.meb.k12.tr/,2026-10-01T19:31:31.188358+00:00,,Öğrenci Sayısı 287
İzmir,Çeşme,Çağdaş Yaşam Ovacık Ortaokulu,728813,Ortaokul,https://cagdasyasamovacikortaokulu.meb.k12.tr,,,https://cagdasyasamovacikortaokulu.meb.k12.tr/tema/harita.php,2026-08-31,147,147,bulundu,https://cagdasyasamovacikortaokulu.meb.k12.tr/,2026-10-01T19:31:31.228429+00:00,,Öğrenci Sayısı 147
İzmir,Çeşme,Çağdaş Yaşam Ovacık İlkokulu,728770,İlkokul,https://cagdasyasamovacikilkokulu.meb.k12.tr,,,https://cagdasyasamovacikilkokulu.meb.k12.tr/tema/harita.php,2026-08-31,257,257,bulundu,https://cagdasyasamovacikilkokulu.meb.k12.tr/,2026-10-01T19:31:31.297145+00:00,,Öğrenci Sayısı 257
İzmir,Çeşme,Çeşme Alaçatı Öğretmenevi ve Akşam Sanat Okulu Müdürlüğü,971221,Öğretmenevi,https://alacatiogretmenevi.meb.k12.tr,,,https://alacatiogretmenevi.meb.k12.tr/tema/harita.php,2026-08-31,,,bulunamadi,,2026-10-01T19:31:31.315605+00:00,,
İzmir,Çeşme,Çeşme Atatürk Anadolu Lisesi,164915,Anadolu Lisesi,https://cesmeataturkandlis.meb.k12.tr,,,https://cesmeataturkandlis.meb.k12.tr/tema/harita.php,2026-08-31,285,285,bulundu,https://cesmeataturkandlis.meb.k12.tr/,2026-10-01T19:31:31.369363+00:00,,Öğrenci Sayısı 285
İzmir,Çeşme,Çeşme Halk Eğitimi Merkezi,164939,Halk Eğitimi Merkezi,https://cesmehem.meb.k12.tr,,,https://cesmehem.meb.k12.tr/tema/harita.php,2026-08-31,,,bulunamadi,,2026-10-01T19:31:31.376543+00:00,,
İzmir,Çeşme,Çeşme Rehberlik ve Araştırma Merkezi,965483,Rehberlik ve Araştırma Merkezi,https://cesmeram.meb.k12.tr,,,https://cesmeram.meb.k12.tr/tema/harita.php,2026-08-31,,,bulunamadi,,2026-10-01T19:31:31.453836+00:00,,
İzmir,Çeşme,Çeşme Sevgi-Reha Aysay Mesleki Eğitim Merkezi,776175,Mesleki Eğitim Merkezi,https://sevgirehaaysaymesem.meb.k12.tr,,,https://sevgirehaaysaymesem.meb.k12.tr/tema/harita.php,2026-08-31,270,270,bulundu,https://sevgirehaaysaymesem.meb.k12.tr/tema/okulumuz_hakkinda.php,2026-10-01T19:31:31.507999+00:00,,Öğrenci : 270
İzmir,Çeşme,Çeşme Sevgi-Reha Aysay Mesleki ve Teknik Anadolu Lisesi,749519,Mesleki ve Teknik Anadolu Lisesi,https://sevgirehaaysaymtal.meb.k12.tr,,,https://sevgirehaaysaymtal.meb.k12.tr/tema/harita.php,2026-08-31,22,22,bulundu,https://sevgirehaaysaymtal.meb.k12.tr/tema/okulumuz_hakkinda.php,2026-10-01T19:31:31.527414+00:00,,Öğrenci : 22
İzmir,Çeşme,Çeşme Turizm Mesleki ve Teknik Anadolu Lisesi,872151,Mesleki ve Teknik Anadolu Lisesi,https://cesmeotml.meb.k12.tr,,,https://cesmeotml.meb.k12.tr/tema/harita.php,2026-08-31,297,297,bulundu,https://cesmeotml.meb.k12.tr/,2026-10-01T19:31:31.649819+00:00,,Öğrenci Sayısı 297
İzmir,Çeşme,Çeşme Ulusoy Denizcilik Meslekî ve Teknik Anadolu Lisesi,967013,Mesleki ve Teknik Anadolu Lisesi,https://ulusoydaml.meb.k12.tr,,,https://ulusoydaml.meb.k12.tr/tema/harita.php,2026-08-31,145,145,bulundu,https://ulusoydaml.meb.k12.tr/,2026-10-01T19:31:31.783743+00:00,,Öğrenci Sayısı 145
İzmir,Çeşme,Çeşme Yahya Kerim Onart Mesleki ve Teknik Anadolu Lisesi,164927,Mesleki ve Teknik Anadolu Lisesi,https://yahyakerimonartktml.meb.k12.tr,,,https://yahyakerimonartktml.meb.k12.tr/tema/harita.php,2026-08-31,275,275,bulundu,https://yahyakerimonartktml.meb.k12.tr/,2026-10-01T19:31:31.860526+00:00,,Öğrenci Sayısı 275
İzmir,Çeşme,Çeşme Özel Eğitim Uygulama Okulu I. Kademe,747109,Özel Eğitim Kurumu,https://cesmeozelegitimuygulama1.meb.k12.tr,,,https://cesmeozelegitimuygulama1.meb.k12.tr/tema/harita.php,2026-08-31,6,6,bulundu,https://cesmeozelegitimuygulama1.meb.k12.tr/,2026-10-01T19:31:31.889621+00:00,,Öğrenci Sayısı 6
İzmir,Çeşme,Çeşme Özel Eğitim Uygulama Okulu II. Kademe,747378,Özel Eğitim Kurumu,https://cesmeozelegitimuygulama2.meb.k12.tr,,,https://cesmeozelegitimuygulama2.meb.k12.tr/tema/harita.php,2026-08-31,11,11,bulundu,https://cesmeozelegitimuygulama2.meb.k12.tr/,2026-10-01T19:31:31.902434+00:00,,Öğrenci Sayısı 11
İzmir,Çeşme,Çeşme Özel Eğitim Uygulama Okulu III. Kademe,776931,Özel Eğitim Kurumu,https://cesmeozelegitimuygulama3.meb.k12.tr,,,https://cesmeozelegitimuygulama3.meb.k12.tr/tema/harita.php,2026-08-31,8,8,bulundu,https://cesmeozelegitimuygulama3.meb.k12.tr/,2026-10-01T19:31:31.983589+00:00,,Öğrenci Sayısı 8
İzmir,Çeşme,Çeşme İmam Hatip Ortaokulu,761035,İmam Hatip Ortaokulu,https://cesmeiho.meb.k12.tr,,,https://cesmeiho.meb.k12.tr/tema/harita.php,2026-08-31,52,52,bulundu,https://cesmeiho.meb.k12.tr/,2026-10-01T19:31:32.011336+00:00,,Öğrenci Sayısı 52
İzmir,Çeşme,İsmail Güral Ortaokulu,761020,Ortaokul,https://ismailguralortaokulu.meb.k12.tr,,,https://ismailguralortaokulu.meb.k12.tr/tema/harita.php,2026-08-31,452,452,bulundu,https://ismailguralortaokulu.meb.k12.tr/,2026-10-01T19:31:32.071478+00:00,,Öğrenci Sayısı 452
İzmir,Çeşme,Şehit Öğretmen Necmettin Yılmaz İlkokulu,764408,İlkokul,https://sehitogretmennecmettinyilmazio.meb.k12.tr,,,https://sehitogretmennecmettinyilmazio.meb.k12.tr/tema/harita.php,2026-08-31,199,199,bulundu,https://sehitogretmennecmettinyilmazio.meb.k12.tr/,2026-10-01T19:31:32.090317+00:00,,Öğrenci Sayısı 199
İzmir,Çeşme,Şehit Şener Kolay Anadolu İmam Hatip Lisesi,749186,Anadolu İmam Hatip Lisesi,https://sehitsenerkolayaihl.meb.k12.tr,,,https://sehitsenerkolayaihl.meb.k12.tr/tema/harita.php,2026-08-31,50,50,bulundu,https://sehitsenerkolayaihl.meb.k12.tr/,2026-10-01T19:31:32.101519+00:00,,Öğrenci Sayısı 50
İzmir,Çiğli,80.Yıl Küçükçiğli İlkokulu,313299,İlkokul,https://80yilkucukcigliio.meb.k12.tr,,,https://80yilkucukcigliio.meb.k12.tr/tema/harita.php,2026-08-31,505,505,bulundu,https://80yilkucukcigliio.meb.k12.tr/,2026-10-01T19:31:32.106824+00:00,,Öğrenci Sayısı : 505
İzmir,Çiğli,Akiş Öğütçü Ortaokulu,751218,Ortaokul,https://akisogutcuortaokulu.meb.k12.tr,,,https://akisogutcuortaokulu.meb.k12.tr/tema/harita.php,2026-08-31,801,801,bulundu,https://akisogutcuortaokulu.meb.k12.tr/,2026-10-01T19:31:32.256307+00:00,,Öğrenci Sayısı : 801
İzmir,Çiğli,Ali Şir Nevai Ortaokulu,715823,Ortaokul,https://alisirnevaioo.meb.k12.tr,,,https://alisirnevaioo.meb.k12.tr/tema/harita.php,2026-08-31,525,525,bulundu,https://alisirnevaioo.meb.k12.tr/,2026-10-01T19:31:32.382928+00:00,,Öğrenci Sayısı : 525
İzmir,Çiğli,Atatürk Org.San.Böl.Özel Eğitim Uygulama Okulu I. Kademe,747110,Özel Eğitim Kurumu,https://aosbozelegitimuo1.meb.k12.tr,,,https://aosbozelegitimuo1.meb.k12.tr/tema/harita.php,2026-08-31,28,28,bulundu,https://aosbozelegitimuo1.meb.k12.tr/tema/okulumuz_hakkinda.php,2026-10-01T19:31:32.581253+00:00,,Öğrenci : 28
İzmir,Çiğli,Atatürk Org.San.Böl.Özel Eğitim Uygulama Okulu II. Kademe,747377,Özel Eğitim Kurumu,https://aosbozelegitimuo2.meb.k12.tr,,,https://aosbozelegitimuo2.meb.k12.tr/tema/harita.php,2026-08-31,31,31,bulundu,https://aosbozelegitimuo2.meb.k12.tr/tema/okulumuz_hakkinda.php,2026-10-01T19:31:33.230769+00:00,,Öğrenci : 31
İzmir,Çiğli,Atatürk Org.San.Böl.Özel Eğitim Uygulama Okulu III. Kademe,748111,Özel Eğitim Kurumu,https://aosbozelegitim.meb.k12.tr,,,https://aosbozelegitim.meb.k12.tr/tema/harita.php,2026-08-31,57,57,bulundu,https://aosbozelegitim.meb.k12.tr/,2026-10-01T19:31:33.632121+00:00,,Öğrenci Sayısı : 57
İzmir,Çiğli,Atatürk Organize Sanayi Bölgesi Mesleki Eğitim Merkezi,973876,Mesleki Eğitim Merkezi,https://aosbmesem.meb.k12.tr,,,https://aosbmesem.meb.k12.tr/tema/harita.php,2026-08-31,2033,2033,bulundu,https://aosbmesem.meb.k12.tr/,2026-10-01T19:31:33.648783+00:00,,Öğrenci Sayısı : 2033
İzmir,Çiğli,Balatçık İbni Sina Özel Eğitim Uygulama Okulu I. Kademe,777150,Özel Eğitim Kurumu,https://777150.meb.k12.tr,,,https://777150.meb.k12.tr/tema/harita.php,2026-08-31,24,24,bulundu,https://777150.meb.k12.tr/,2026-10-01T19:31:33.709754+00:00,,Öğrenci Sayısı : 24
İzmir,Çiğli,Balatçık İlkokulu,729156,İlkokul,https://ciglibalatcikilkokulu.meb.k12.tr,,,https://ciglibalatcikilkokulu.meb.k12.tr/tema/harita.php,2026-08-31,440,440,bulundu,https://ciglibalatcikilkokulu.meb.k12.tr/,2026-10-01T19:31:33.862496+00:00,,Öğrenci Sayısı: 440
İzmir,Çiğli,Büyükçiğli Anadolu Lisesi,972892,Anadolu Lisesi,https://buyukcigli.meb.k12.tr,,,https://buyukcigli.meb.k12.tr/tema/harita.php,2026-08-31,609,609,bulundu,https://buyukcigli.meb.k12.tr/,2026-10-01T19:31:33.880809+00:00,,Öğrenci Sayısı : 609
İzmir,Çiğli,Büyükçiğli İlkokulu,714974,İlkokul,https://buyukcigliio.meb.k12.tr,,,https://buyukcigliio.meb.k12.tr/tema/harita.php,2026-08-31,357,357,bulundu,https://buyukcigliio.meb.k12.tr/,2026-10-01T19:31:33.955340+00:00,,Öğrenci Sayısı : 357
İzmir,Çiğli,Cahide Ahmet Dalyanoğlu Ortaokulu,313310,Ortaokul,https://cad.meb.k12.tr,,,https://cad.meb.k12.tr/tema/harita.php,2026-08-31,732,732,bulundu,https://cad.meb.k12.tr/,2026-10-01T19:31:33.963250+00:00,,Öğrenci Sayısı : 732
İzmir,Çiğli,Egekent İlkokulu,879450,İlkokul,https://egekentilkokulu.meb.k12.tr,,,https://egekentilkokulu.meb.k12.tr/tema/harita.php,2026-08-31,509,509,bulundu,https://egekentilkokulu.meb.k12.tr/,2026-10-01T19:31:34.018059+00:00,,Öğrenci Sayısı 509
İzmir,Çiğli,Gülen Kora Bağımsız Anaokulu,752496,Anaokulu,https://gulenkoraanaokulu.meb.k12.tr,,,https://gulenkoraanaokulu.meb.k12.tr/tema/harita.php,2026-08-31,242,242,bulundu,https://gulenkoraanaokulu.meb.k12.tr/,2026-10-01T19:31:34.039813+00:00,,Öğrenci Sayısı: 242
İzmir,Çiğli,Gülen Kora Ortaokulu,715198,Ortaokul,https://gulenkoraortaokulu.meb.k12.tr,,,https://gulenkoraortaokulu.meb.k12.tr/tema/harita.php,2026-08-31,947,947,bulundu,https://gulenkoraortaokulu.meb.k12.tr/,2026-10-01T19:31:34.094482+00:00,,Öğrenci Sayısı : 947
İzmir,Çiğli,Güzeltepe Ortaokulu,729113,Ortaokul,https://guzeltepeo.meb.k12.tr,,,https://guzeltepeo.meb.k12.tr/tema/harita.php,2026-08-31,298,298,bulundu,https://guzeltepeo.meb.k12.tr/,2026-10-01T19:31:34.116937+00:00,,Öğrenci Sayısı : 298
İzmir,Çiğli,Güzeltepe İlkokulu,729116,İlkokul,https://guzeltepeio.meb.k12.tr,,,https://guzeltepeio.meb.k12.tr/tema/harita.php,2026-08-31,307,307,bulundu,https://guzeltepeio.meb.k12.tr/,2026-10-01T19:31:34.359292+00:00,,Öğrenci Sayısı : 307
İzmir,Çiğli,Harmandalı Şehit Sefanur Parhan İlkokulu,887807,İlkokul,https://harmandaliio.meb.k12.tr,,,https://harmandaliio.meb.k12.tr/tema/harita.php,2026-08-31,550,550,bulundu,https://harmandaliio.meb.k12.tr/,2026-10-01T19:31:34.379941+00:00,,Öğrenci Sayısı : 550
İzmir,Çiğli,Kaklıç Ortaokulu,729142,Ortaokul,https://kaklicortaokulu.meb.k12.tr,,,https://kaklicortaokulu.meb.k12.tr/tema/harita.php,2026-08-31,89,89,bulundu,https://kaklicortaokulu.meb.k12.tr/,2026-10-01T19:31:34.403559+00:00,,Öğrenci Sayısı : 89
İzmir,Çiğli,Kaklıç İlkokulu,729143,İlkokul,https://kaklicilkokulu.meb.k12.tr,,,https://kaklicilkokulu.meb.k12.tr/tema/harita.php,2026-08-31,118,118,bulundu,https://kaklicilkokulu.meb.k12.tr/,2026-10-01T19:31:34.443822+00:00,,Öğrenci Sayısı : 118
İzmir,Çiğli,Kanuni İlkokulu,977081,İlkokul,https://kanuniio.meb.k12.tr,,,https://kanuniio.meb.k12.tr/tema/harita.php,2026-08-31,544,544,bulundu,https://kanuniio.meb.k12.tr/,2026-10-01T19:31:34.636089+00:00,,Öğrenci Sayısı : 544
İzmir,Çiğli,Kemal Hadımlı Ortaokulu,715221,Ortaokul,https://kemalhadimlioo.meb.k12.tr,,,https://kemalhadimlioo.meb.k12.tr/tema/harita.php,2026-08-31,380,380,bulundu,https://kemalhadimlioo.meb.k12.tr/,2026-10-01T19:31:34.644495+00:00,,Öğrenci Sayısı : 380
İzmir,Çiğli,Maltepe İlkokulu,729207,İlkokul,https://maltepeilkokulu.meb.k12.tr,,,https://maltepeilkokulu.meb.k12.tr/tema/harita.php,2026-08-31,301,301,bulundu,https://maltepeilkokulu.meb.k12.tr/,2026-10-01T19:31:34.806686+00:00,,Öğrenci Sayısı : 301
İzmir,Çiğli,Mehmet-Hikmet Kaşerci Ortaokulu,812790,Ortaokul,https://mehmethikmetkaserci.meb.k12.tr,,,https://mehmethikmetkaserci.meb.k12.tr/tema/harita.php,2026-08-31,772,772,bulundu,https://mehmethikmetkaserci.meb.k12.tr/,2026-10-01T19:31:34.829615+00:00,,Öğrenci Sayısı : 772
İzmir,Çiğli,Münevver Öğretmen Ortaokulu,751219,Ortaokul,https://munevverogretmenortaokulu.meb.k12.tr,,,https://munevverogretmenortaokulu.meb.k12.tr/tema/harita.php,2026-08-31,232,232,bulundu,https://munevverogretmenortaokulu.meb.k12.tr/,2026-10-01T19:31:35.028149+00:00,,Öğrenci Sayısı : 232
İzmir,Çiğli,Münevver Öğretmen İlkokulu,976777,İlkokul,https://munevverogretmenilkokulu.meb.k12.tr,,,https://munevverogretmenilkokulu.meb.k12.tr/tema/harita.php,2026-08-31,220,220,bulundu,https://munevverogretmenilkokulu.meb.k12.tr/,2026-10-01T19:31:35.187283+00:00,,Öğrenci Sayısı 220
İzmir,Çiğli,Nazime-Sacide Akarcalı İlkokulu,776148,İlkokul,https://nazimesacideakarcali.meb.k12.tr,,,https://nazimesacideakarcali.meb.k12.tr/tema/harita.php,2026-08-31,448,448,bulundu,https://nazimesacideakarcali.meb.k12.tr/,2026-10-01T19:31:35.287403+00:00,,Öğrenci Sayısı : 448
İzmir,Çiğli,Necip Fazıl Kısakürek Anadolu Lisesi,973820,Anadolu Lisesi,https://ciglinfkal.meb.k12.tr,,,https://ciglinfkal.meb.k12.tr/tema/harita.php,2026-08-31,,,bulunamadi,,2026-10-01T19:31:35.358652+00:00,,
İzmir,Çiğli,Nuriye-Abdülkerim Toraman İlkokulu,888054,İlkokul,https://nuriyeabdulkerimtoraman.meb.k12.tr,,,https://nuriyeabdulkerimtoraman.meb.k12.tr/tema/harita.php,2026-08-31,340,340,bulundu,https://nuriyeabdulkerimtoraman.meb.k12.tr/,2026-10-01T19:31:35.503046+00:00,,Öğrenci Sayısı : 340
İzmir,Çiğli,Sasalı Ortaokulu,716094,Ortaokul,https://sasaliortaokulu.meb.k12.tr,,,https://sasaliortaokulu.meb.k12.tr/tema/harita.php,2026-08-31,126,126,bulundu,https://sasaliortaokulu.meb.k12.tr/,2026-10-01T19:31:35.525740+00:00,,Öğrenci Sayısı 126
İzmir,Çiğli,Sasalı İlkokulu,716012,İlkokul,https://sasaliilkokulu.meb.k12.tr,,,https://sasaliilkokulu.meb.k12.tr/tema/harita.php,2026-08-31,147,147,bulundu,https://sasaliilkokulu.meb.k12.tr/tema/okulumuz_hakkinda.php,2026-10-01T19:31:35.639857+00:00,,Öğrenci : 147
İzmir,Çiğli,Selim Diniz Ortaokulu,729092,Ortaokul,https://selimdinizortaokulu.meb.k12.tr,,,https://selimdinizortaokulu.meb.k12.tr/tema/harita.php,2026-08-31,594,594,bulundu,https://selimdinizortaokulu.meb.k12.tr/,2026-10-01T19:31:35.859215+00:00,,Öğrenci Sayısı : 594
İzmir,Çiğli,Selim Diniz İlkokulu,288646,İlkokul,https://selimdinizilkokulu.meb.k12.tr,,,https://selimdinizilkokulu.meb.k12.tr/tema/harita.php,2026-08-31,579,579,bulundu,https://selimdinizilkokulu.meb.k12.tr/,2026-10-01T19:31:36.201565+00:00,,Öğrenci Sayısı : 579
İzmir,Çiğli,Sezai Karakoç Anadolu Lisesi,774307,Anadolu Lisesi,https://ciglisezaikarakoc.meb.k12.tr,,,https://ciglisezaikarakoc.meb.k12.tr/tema/harita.php,2026-08-31,720,720,bulundu,https://ciglisezaikarakoc.meb.k12.tr/tema/okulumuz_hakkinda.php,2026-10-01T19:31:36.240917+00:00,,Öğrenci : 720
İzmir,Çiğli,TOKİ İlkokulu,729568,İlkokul,https://ciglitokiilkokulu.meb.k12.tr,,,https://ciglitokiilkokulu.meb.k12.tr/tema/harita.php,2026-08-31,403,403,bulundu,https://ciglitokiilkokulu.meb.k12.tr/,2026-10-01T19:31:36.266149+00:00,,Öğrenci Sayısı : 403
İzmir,Çiğli,Turan Çakın İlkokulu,626191,İlkokul,https://turancakin.meb.k12.tr,,,https://turancakin.meb.k12.tr/tema/harita.php,2026-08-31,758,758,bulundu,https://turancakin.meb.k12.tr/,2026-10-01T19:31:36.308995+00:00,,Öğrenci Sayısı 758
İzmir,Çiğli,Tuğba Özbek Anadolu Lisesi,352952,Anadolu Lisesi,https://tugbaozbekanadolulisesi.meb.k12.tr,,,https://tugbaozbekanadolulisesi.meb.k12.tr/tema/harita.php,2026-08-31,833,833,bulundu,https://tugbaozbekanadolulisesi.meb.k12.tr/tema/okulumuz_hakkinda.php,2026-10-01T19:31:36.346184+00:00,,Öğrenci : 833
İzmir,Çiğli,Tüpraş Mahmut Esat Bozkurt Ortaokulu,715771,Ortaokul,https://tuprasortaokulu.meb.k12.tr,,,https://tuprasortaokulu.meb.k12.tr/tema/harita.php,2026-08-31,572,572,bulundu,https://tuprasortaokulu.meb.k12.tr/,2026-10-01T19:31:36.351321+00:00,,Öğrenci Sayısı 572
İzmir,Çiğli,Tüpraş Mahmut Esat Bozkurt İlkokulu,715538,İlkokul,https://tuprasilkokulu.meb.k12.tr,,,https://tuprasilkokulu.meb.k12.tr/tema/harita.php,2026-08-31,754,754,bulundu,https://tuprasilkokulu.meb.k12.tr/,2026-10-01T19:31:36.447492+00:00,,Öğrenci Sayısı 754
İzmir,Çiğli,Yunus Emre İlkokulu,748448,İlkokul,https://cigliyunusemre.meb.k12.tr,,,https://cigliyunusemre.meb.k12.tr/tema/harita.php,2026-08-31,203,203,bulundu,https://cigliyunusemre.meb.k12.tr/,2026-10-01T19:31:36.507057+00:00,,Öğrenci Sayısı : 203
İzmir,Çiğli,Çiğli 75. Yıl Mesleki ve Teknik Anadolu Lisesi,417105,Mesleki ve Teknik Anadolu Lisesi,https://catem.meb.k12.tr,,,https://catem.meb.k12.tr/tema/harita.php,2026-08-31,919,919,bulundu,https://catem.meb.k12.tr/,2026-10-01T19:31:36.511338+00:00,,Öğrenci Sayısı : 919
İzmir,Çiğli,Çiğli Ahmet Adnan Saygun Mesleki ve Teknik Anadolu Lisesi,751459,Mesleki ve Teknik Anadolu Lisesi,https://ahmetadnansaygunmtal.meb.k12.tr,,,https://ahmetadnansaygunmtal.meb.k12.tr/tema/harita.php,2026-08-31,680,680,bulundu,https://ahmetadnansaygunmtal.meb.k12.tr/,2026-10-01T19:31:36.573648+00:00,,Öğrenci Sayısı : 680
İzmir,Çiğli,Çiğli Anaokulu,967305,Anaokulu,https://ciglianaokulu.meb.k12.tr,,,https://ciglianaokulu.meb.k12.tr/tema/harita.php,2026-08-31,133,133,bulundu,https://ciglianaokulu.meb.k12.tr/,2026-10-01T19:31:36.585134+00:00,,Öğrenci Sayısı: 133
İzmir,Çiğli,Çiğli Aydoğan Yağcı Bilim ve Sanat Merkezi,761339,Bilim ve Sanat Merkezi,https://aydoganyagcibsm.meb.k12.tr,,,https://aydoganyagcibsm.meb.k12.tr/tema/harita.php,2026-08-31,759,759,bulundu,https://aydoganyagcibsm.meb.k12.tr/tema/okulumuz_hakkinda.php,2026-10-01T19:31:36.658324+00:00,,Öğrenci : 759
İzmir,Çiğli,Çiğli Borsa İstanbul Mesleki ve Teknik Anadolu Lisesi,966426,Mesleki ve Teknik Anadolu Lisesi,https://cbi.meb.k12.tr,,,https://cbi.meb.k12.tr/tema/harita.php,2026-08-31,754,754,bulundu,https://cbi.meb.k12.tr/,2026-10-01T19:31:36.685890+00:00,,Öğrenci Sayısı : 754
İzmir,Çiğli,Çiğli Egekent Anaokulu,760105,Anaokulu,https://egekentanaokulu.meb.k12.tr,,,https://egekentanaokulu.meb.k12.tr/tema/harita.php,2026-08-31,163,163,bulundu,https://egekentanaokulu.meb.k12.tr/,2026-10-01T19:31:36.928863+00:00,,Öğrenci Sayısı 163
İzmir,Çiğli,Çiğli Fen Lisesi,352700,Fen Lisesi,https://ciglifen.meb.k12.tr,,,https://ciglifen.meb.k12.tr/tema/harita.php,2026-08-31,437,437,bulundu,https://ciglifen.meb.k12.tr/,2026-10-01T19:31:36.933315+00:00,,Öğrenci Sayısı : 437
İzmir,Çiğli,Çiğli Halk Eğitimi Merkezi,308395,Halk Eğitimi Merkezi,https://ciglihem.meb.k12.tr,,,https://ciglihem.meb.k12.tr/tema/harita.php,2026-08-31,,,bulunamadi,,2026-10-01T19:31:37.153694+00:00,,
İzmir,Çiğli,Çiğli Mehpare Yağcı Anadolu İmam Hatip Lisesi,749511,Anadolu İmam Hatip Lisesi,https://mehpareyagci.meb.k12.tr,,,https://mehpareyagci.meb.k12.tr/tema/harita.php,2026-08-31,214,214,bulundu,https://mehpareyagci.meb.k12.tr/,2026-10-01T19:31:37.360309+00:00,,Öğrenci Sayısı : 214
İzmir,Çiğli,Çiğli Naime TÖMEK Ticaret Mesleki ve Teknik Anadolu Lisesi,344337,Mesleki ve Teknik Anadolu Lisesi,https://naimetomektml.meb.k12.tr,,,https://naimetomektml.meb.k12.tr/tema/harita.php,2026-08-31,457,457,bulundu,https://naimetomektml.meb.k12.tr/,2026-10-01T19:31:37.515482+00:00,,Öğrenci Sayısı : 457
İzmir,Çiğli,Çiğli Neriman Haşim Emirli Anaokulu,875466,Anaokulu,https://nerimanhasimemirlianaokulu.meb.k12.tr,,,https://nerimanhasimemirlianaokulu.meb.k12.tr/tema/harita.php,2026-08-31,149,149,bulundu,https://nerimanhasimemirlianaokulu.meb.k12.tr/,2026-10-01T19:31:37.522153+00:00,,Öğrenci Sayısı 149
İzmir,Çiğli,Çiğli Rehberlik ve Araştırma Merkezi,972366,Rehberlik ve Araştırma Merkezi,https://cigliram.meb.k12.tr,,,https://cigliram.meb.k12.tr/tema/harita.php,2026-08-31,,,bulunamadi,,2026-10-01T19:31:37.634377+00:00,,
İzmir,Çiğli,Çiğli Rotary Ticaret Mesleki ve Teknik Anadolu Lisesi,962666,Mesleki ve Teknik Anadolu Lisesi,https://ciglirotarymtal.meb.k12.tr,,,https://ciglirotarymtal.meb.k12.tr/tema/harita.php,2026-08-31,371,371,bulundu,https://ciglirotarymtal.meb.k12.tr/,2026-10-01T19:31:37.955824+00:00,,Öğrenci Sayısı 371
İzmir,Çiğli,Çiğli Teğmen Ali Rıza Akıncı Anadolu Lisesi,964417,Anadolu Lisesi,https://taral.meb.k12.tr,,,https://taral.meb.k12.tr/tema/harita.php,2026-08-31,712,712,bulundu,https://taral.meb.k12.tr/,2026-10-01T19:31:38.054382+00:00,,Öğrenci Sayısı : 712
İzmir,Çiğli,Çiğli Yıldız Tınas İzmiroğlu Anadolu Lisesi,964089,Anadolu Lisesi,https://ytial.meb.k12.tr,,,https://ytial.meb.k12.tr/tema/harita.php,2026-08-31,510,510,bulundu,https://ytial.meb.k12.tr/,2026-10-01T19:31:38.057409+00:00,,Öğrenci Sayısı : 510
İzmir,Çiğli,Çiğli Şehit Astsubay Özgür Erdoğan İmam Hatip Ortaokulu,761659,İmam Hatip Ortaokulu,https://sehitastsubayozgurerdoganiho.meb.k12.tr,,,https://sehitastsubayozgurerdoganiho.meb.k12.tr/tema/harita.php,2026-08-31,179,179,bulundu,https://sehitastsubayozgurerdoganiho.meb.k12.tr/,2026-10-01T19:31:38.085944+00:00,,Öğrenci Sayısı : 179
İzmir,Çiğli,Çiğli Şehit Samet Çakır Ortaokulu,313309,Ortaokul,https://sehitsametcakir.meb.k12.tr,,,https://sehitsametcakir.meb.k12.tr/tema/harita.php,2026-08-31,470,470,bulundu,https://sehitsametcakir.meb.k12.tr/,2026-10-01T19:31:38.172598+00:00,,Öğrenci Sayısı : 470
İzmir,Çiğli,İAOSB Sabahat Dirin Anaokulu,777014,Anaokulu,https://777014.meb.k12.tr,,,https://777014.meb.k12.tr/tema/harita.php,2026-08-31,39,39,bulundu,https://777014.meb.k12.tr/,2026-10-01T19:31:38.226695+00:00,,Öğrenci Sayısı : 39
İzmir,Çiğli,İsmail Rahmi Karadavut İlkokulu,714990,İlkokul,https://ismailrahmikaradavut.meb.k12.tr,,,https://ismailrahmikaradavut.meb.k12.tr/tema/harita.php,2026-08-31,1152,1152,bulundu,https://ismailrahmikaradavut.meb.k12.tr/,2026-10-01T19:31:38.252921+00:00,,Öğrenci Sayısı : 1152
İzmir,Çiğli,İzzet Gökçimen Ortaokulu,715177,Ortaokul,https://izzetgokcimen.meb.k12.tr,,,https://izzetgokcimen.meb.k12.tr/tema/harita.php,2026-08-31,365,365,bulundu,https://izzetgokcimen.meb.k12.tr/,2026-10-01T19:31:38.466315+00:00,,Öğrenci Sayısı 365
İzmir,Çiğli,Şehit Ali Karaoğlan Anadolu Lisesi,767145,Anadolu Lisesi,https://sakal.meb.k12.tr,,,https://sakal.meb.k12.tr/tema/harita.php,2026-08-31,,,bulunamadi,,2026-10-01T19:31:38.473276+00:00,,
İzmir,Çiğli,Şehit Ali Karaoğlan Mesleki ve Teknik Anadolu Lisesi,776713,Mesleki ve Teknik Anadolu Lisesi,https://sakmtal.meb.k12.tr,,,https://sakmtal.meb.k12.tr/tema/harita.php,2026-08-31,380,380,bulundu,https://sakmtal.meb.k12.tr/,2026-10-01T19:31:38.541203+00:00,,Öğrenci Sayısı : 380
İzmir,Çiğli,Şehit Uğur Görkem Harmankaya İlkokulu,757555,İlkokul,https://ugurgorkemharmankayailkokulu.meb.k12.tr,,,https://ugurgorkemharmankayailkokulu.meb.k12.tr/tema/harita.php,2026-08-31,162,162,bulundu,https://ugurgorkemharmankayailkokulu.meb.k12.tr/,2026-10-01T19:31:38.546782+00:00,,Öğrenci Sayısı 162
İzmir,Çiğli,Şehit Uğur Yıldız Ortaokulu,729174,Ortaokul,https://sehituguryildizortaokulu.meb.k12.tr,,,https://sehituguryildizortaokulu.meb.k12.tr/tema/harita.php,2026-08-31,256,256,bulundu,https://sehituguryildizortaokulu.meb.k12.tr/,2026-10-01T19:31:38.553415+00:00,,Öğrenci Sayısı : 256
İzmir,Çiğli,Şehit Çevik Ersin Temel İlkokulu,888099,İlkokul,https://sehitcevikersin.meb.k12.tr,,,https://sehitcevikersin.meb.k12.tr/tema/harita.php,2026-08-31,180,180,bulundu,https://sehitcevikersin.meb.k12.tr/,2026-10-01T19:31:38.668216+00:00,,Öğrenci Sayısı 180
İzmir,Çiğli,Şehit Şenali Ocak Ortaokulu,729273,Ortaokul,https://sehitsenaliocakoo.meb.k12.tr,,,https://sehitsenaliocakoo.meb.k12.tr/tema/harita.php,2026-08-31,456,456,bulundu,https://sehitsenaliocakoo.meb.k12.tr/,2026-10-01T19:31:38.729972+00:00,,Öğrenci Sayısı : 456
İzmir,Ödemiş,3 Eylül Yatılı Bölge Ortaokulu,748216,Ortaokul,https://uceylulybo.meb.k12.tr,,,https://uceylulybo.meb.k12.tr/tema/harita.php,2026-08-31,360,360,bulundu,https://uceylulybo.meb.k12.tr/,2026-10-01T19:31:39.094348+00:00,,Öğrenci Sayısı 360
İzmir,Ödemiş,50.Yıl Ortaokulu,737606,Ortaokul,https://odemisellinciyil.meb.k12.tr,,,https://odemisellinciyil.meb.k12.tr/tema/harita.php,2026-08-31,1504,1504,bulundu,https://odemisellinciyil.meb.k12.tr/,2026-10-01T19:31:39.108527+00:00,,Öğrenci Sayısı 1504
İzmir,Ödemiş,80.Yıl Efe İlkokulu,364680,İlkokul,https://sekseninciyilefe.meb.k12.tr,,,https://sekseninciyilefe.meb.k12.tr/tema/harita.php,2026-08-31,699,699,bulundu,https://sekseninciyilefe.meb.k12.tr/,2026-10-01T19:31:39.117677+00:00,,Öğrenci Sayısı : 699
İzmir,Ödemiş,Anafartalar İlkokulu,719148,İlkokul,https://anafartalarilkokulu.meb.k12.tr,,,https://anafartalarilkokulu.meb.k12.tr/tema/harita.php,2026-08-31,599,599,bulundu,https://anafartalarilkokulu.meb.k12.tr/,2026-10-01T19:31:39.188492+00:00,,Öğrenci Sayısı: 599
İzmir,Ödemiş,Atatürk İlkokulu,586065,İlkokul,https://odemisataturkilkokulu.meb.k12.tr,,,https://odemisataturkilkokulu.meb.k12.tr/tema/harita.php,2026-08-31,890,890,bulundu,https://odemisataturkilkokulu.meb.k12.tr/,2026-10-01T19:31:39.483795+00:00,,Öğrenci Sayısı 890
İzmir,Ödemiş,Bademli Ortaokulu,730704,Ortaokul,https://bademlio.meb.k12.tr,,,https://bademlio.meb.k12.tr/tema/harita.php,2026-08-31,174,174,bulundu,https://bademlio.meb.k12.tr/,2026-10-01T19:31:39.496733+00:00,,Öğrenci Sayısı 174
İzmir,Ödemiş,Bademli Şükrü Saraçoğlu İlkokulu,737814,İlkokul,https://bademlissi.meb.k12.tr,,,https://bademlissi.meb.k12.tr/tema/harita.php,2026-08-31,135,135,bulundu,https://bademlissi.meb.k12.tr/,2026-10-01T19:31:39.521306+00:00,,Öğrenci Sayısı 135
İzmir,Ödemiş,Balabanlı İlkokulu,719618,İlkokul,https://balabanliilkokulu.meb.k12.tr,,,https://balabanliilkokulu.meb.k12.tr/tema/harita.php,2026-08-31,29,29,bulundu,https://balabanliilkokulu.meb.k12.tr/,2026-10-01T19:31:39.544283+00:00,,Öğrenci Sayısı 29
İzmir,Ödemiş,Bekir Girgin Anaokulu,974677,Anaokulu,https://bekirgirginanaokulu.meb.k12.tr,,,https://bekirgirginanaokulu.meb.k12.tr/tema/harita.php,2026-08-31,205,205,bulundu,https://bekirgirginanaokulu.meb.k12.tr/tema/okulumuz_hakkinda.php,2026-10-01T19:31:39.574732+00:00,,Öğrenci : 205
İzmir,Ödemiş,Birgi Kazımpaşa Ortaokulu,730128,Ortaokul,https://birgikazimpasaortaokulu.meb.k12.tr,,,https://birgikazimpasaortaokulu.meb.k12.tr/tema/harita.php,2026-08-31,137,137,bulundu,https://birgikazimpasaortaokulu.meb.k12.tr/,2026-10-01T19:31:39.581225+00:00,,Öğrenci Sayısı : 137
İzmir,Ödemiş,Birgi Kazımpaşa İlkokulu,738595,İlkokul,https://birgikazimpasailkokulu.meb.k12.tr,,,https://birgikazimpasailkokulu.meb.k12.tr/tema/harita.php,2026-08-31,86,86,bulundu,https://birgikazimpasailkokulu.meb.k12.tr/tema/okulumuz_hakkinda.php,2026-10-01T19:31:39.625650+00:00,,Öğrenci : 86
İzmir,Ödemiş,Bıçakçı Bedriye Baykaş Ortaokulu,729893,Ortaokul,https://bicakcibedriyebaykas.meb.k12.tr,,,https://bicakcibedriyebaykas.meb.k12.tr/tema/harita.php,2026-08-31,105,105,bulundu,https://bicakcibedriyebaykas.meb.k12.tr/,2026-10-01T19:31:39.692806+00:00,,Öğrenci Sayısı : 105
İzmir,Ödemiş,Bıçakçı Bedriye Baykaş İlkokulu,729864,İlkokul,https://bcakcbedriyebaykas.meb.k12.tr,,,https://bcakcbedriyebaykas.meb.k12.tr/tema/harita.php,2026-08-31,111,111,bulundu,https://bcakcbedriyebaykas.meb.k12.tr/,2026-10-01T19:31:39.728833+00:00,,Öğrenci Sayısı : 111
İzmir,Ödemiş,Cumhuriyet Ortaokulu,720145,Ortaokul,https://odemiscumhuriyet.meb.k12.tr,,,https://odemiscumhuriyet.meb.k12.tr/tema/harita.php,2026-08-31,245,245,bulundu,https://odemiscumhuriyet.meb.k12.tr/tema/okulumuz_hakkinda.php,2026-10-01T19:31:39.876253+00:00,,Öğrenci : 245
İzmir,Ödemiş,Demircili İlkokulu,730232,İlkokul,https://demircilii.meb.k12.tr,,,https://demircilii.meb.k12.tr/tema/harita.php,2026-08-31,19,19,bulundu,https://demircilii.meb.k12.tr/,2026-10-01T19:31:39.935629+00:00,,Öğrenci Sayısı 19
İzmir,Ödemiş,Demirdere İlkokulu,749626,İlkokul,https://demirdereilkokulu.meb.k12.tr,,,https://demirdereilkokulu.meb.k12.tr/tema/harita.php,2026-08-31,43,43,bulundu,https://demirdereilkokulu.meb.k12.tr/tema/okulumuz_hakkinda.php,2026-10-01T19:31:40.012764+00:00,,Öğrenci : 43
İzmir,Ödemiş,Emirli İlkokulu,737822,İlkokul,https://odemisemirli.meb.k12.tr,,,https://odemisemirli.meb.k12.tr/tema/harita.php,2026-08-31,66,66,bulundu,https://odemisemirli.meb.k12.tr/tema/okulumuz_hakkinda.php,2026-10-01T19:31:40.049635+00:00,,Öğrenci : 66
İzmir,Ödemiş,Ertuğrul İlkokulu,730240,İlkokul,https://730240.meb.k12.tr,,,https://730240.meb.k12.tr/tema/harita.php,2026-08-31,43,43,bulundu,https://730240.meb.k12.tr/,2026-10-01T19:31:40.092898+00:00,,Öğrenci Sayısı : 43
İzmir,Ödemiş,Gazi Umur Bey Meslekî ve Teknik Anadolu Lisesi,769362,Mesleki ve Teknik Anadolu Lisesi,https://gaziumurbeymtal.meb.k12.tr,,,https://gaziumurbeymtal.meb.k12.tr/tema/harita.php,2026-08-31,292,292,bulundu,https://gaziumurbeymtal.meb.k12.tr/,2026-10-01T19:31:40.591476+00:00,,Öğrenci Sayısı : 292
İzmir,Ödemiş,Gerçekli İlkokulu,730258,İlkokul,https://730258.meb.k12.tr,,,https://730258.meb.k12.tr/tema/harita.php,2026-08-31,9,9,bulundu,https://730258.meb.k12.tr/,2026-10-01T19:31:40.629282+00:00,,Öğrenci Sayısı : 9
İzmir,Ödemiş,Günlüce İlkokulu,730536,İlkokul,https://izmirodemisgunluceilkokulu.meb.k12.tr,,,https://izmirodemisgunluceilkokulu.meb.k12.tr/tema/harita.php,2026-08-31,29,29,bulundu,https://izmirodemisgunluceilkokulu.meb.k12.tr/,2026-10-01T19:31:40.646850+00:00,,Öğrenci Sayısı : 29
İzmir,Ödemiş,Hamamköy Ortaokulu,729734,Ortaokul,https://hamamkoyortaokulu.meb.k12.tr,,,https://hamamkoyortaokulu.meb.k12.tr/tema/harita.php,2026-08-31,133,133,bulundu,https://hamamkoyortaokulu.meb.k12.tr/,2026-10-01T19:31:41.095768+00:00,,Öğrenci Sayısı : 133
İzmir,Ödemiş,Hamamköy İlkokulu,738508,İlkokul,https://hamamkoyilkokulu.meb.k12.tr,,,https://hamamkoyilkokulu.meb.k12.tr/tema/harita.php,2026-08-31,75,75,bulundu,https://hamamkoyilkokulu.meb.k12.tr/,2026-10-01T19:31:41.108436+00:00,,Öğrenci Sayısı: 75
İzmir,Ödemiş,Hatipoğlu Hasan Erdem Ortaokulu,730505,Ortaokul,https://hatipogluhasanerdemortaokulu.meb.k12.tr,,,https://hatipogluhasanerdemortaokulu.meb.k12.tr/tema/harita.php,2026-08-31,,,bulunamadi,,2026-10-01T19:31:41.130407+00:00,,
İzmir,Ödemiş,Hatipoğlu Hasan Erdem İlkokulu,730510,İlkokul,https://hatipogluhasanerdemilkokulu.meb.k12.tr,,,https://hatipogluhasanerdemilkokulu.meb.k12.tr/tema/harita.php,2026-08-31,153,153,bulundu,https://hatipogluhasanerdemilkokulu.meb.k12.tr/,2026-10-01T19:31:41.587692+00:00,,Öğrenci Sayısı: 153
İzmir,Ödemiş,Hatipoğlu Mustafa Erdem Ortaokulu,729811,Ortaokul,https://hatipoglu.meb.k12.tr,,,https://hatipoglu.meb.k12.tr/tema/harita.php,2026-08-31,145,145,bulundu,https://hatipoglu.meb.k12.tr/,2026-10-01T19:31:41.602457+00:00,,Öğrenci Sayısı 145
İzmir,Ödemiş,Hatipoğlu Mustafa Erdem İlkokulu,738536,İlkokul,https://hatipogluilkokulu.meb.k12.tr,,,https://hatipogluilkokulu.meb.k12.tr/tema/harita.php,2026-08-31,151,151,bulundu,https://hatipogluilkokulu.meb.k12.tr/,2026-10-01T19:31:41.656857+00:00,,Öğrenci Sayısı 151
İzmir,Ödemiş,Horzum İlkokulu,719731,İlkokul,https://horzumilkokulu.meb.k12.tr,,,https://horzumilkokulu.meb.k12.tr/tema/harita.php,2026-08-31,26,26,bulundu,https://horzumilkokulu.meb.k12.tr/,2026-10-01T19:31:41.694827+00:00,,Öğrenci Sayısı : 26
İzmir,Ödemiş,Hulusi Uçaçelik Anadolu Lisesi,280293,Anadolu Lisesi,https://hual.meb.k12.tr,,,https://hual.meb.k12.tr/tema/harita.php,2026-08-31,596,596,bulundu,https://hual.meb.k12.tr/,2026-10-01T19:31:41.710054+00:00,,Öğrenci Sayısı : 596
İzmir,Ödemiş,Karadoğan Dikilitaş İlkokulu,730271,İlkokul,https://730271.meb.k12.tr,,,https://730271.meb.k12.tr/tema/harita.php,2026-08-31,13,13,bulundu,https://730271.meb.k12.tr/,2026-10-01T19:31:41.752638+00:00,,Öğrenci Sayısı : 13
İzmir,Ödemiş,Kayaköy Ortaokulu,729966,Ortaokul,https://kayakoyortaokulu.meb.k12.tr,,,https://kayakoyortaokulu.meb.k12.tr/tema/harita.php,2026-08-31,62,62,bulundu,https://kayakoyortaokulu.meb.k12.tr/,2026-10-01T19:31:41.756647+00:00,,Öğrenci Sayısı 62
İzmir,Ödemiş,Kayaköy İlkokulu,729952,İlkokul,https://kayakoyilkokulu.meb.k12.tr,,,https://kayakoyilkokulu.meb.k12.tr/tema/harita.php,2026-08-31,69,69,bulundu,https://kayakoyilkokulu.meb.k12.tr/tema/okulumuz_hakkinda.php,2026-10-01T19:31:41.829057+00:00,,Öğrenci : 69
İzmir,Ödemiş,Kaymakçı Türk Hava Kurumu Ortaokulu,720104,Ortaokul,https://kaymakcithk.meb.k12.tr,,,https://kaymakcithk.meb.k12.tr/tema/harita.php,2026-08-31,140,140,bulundu,https://kaymakcithk.meb.k12.tr/,2026-10-01T19:31:41.893138+00:00,,Öğrenci Sayısı : 140
İzmir,Ödemiş,Kaymakçı Şehit Öğretmen Lokman Ceker İlkokulu,719547,İlkokul,https://kaymakcilokmancekerilkokulu.meb.k12.tr,,,https://kaymakcilokmancekerilkokulu.meb.k12.tr/tema/harita.php,2026-08-31,147,147,bulundu,https://kaymakcilokmancekerilkokulu.meb.k12.tr/tema/okulumuz_hakkinda.php,2026-10-01T19:31:41.896054+00:00,,Öğrenci : 147
İzmir,Ödemiş,Kazanlı İlkokulu,774624,İlkokul,https://774624.meb.k12.tr,,,https://774624.meb.k12.tr/tema/harita.php,2026-08-31,7,7,bulundu,https://774624.meb.k12.tr/,2026-10-01T19:31:41.913165+00:00,,Öğrenci Sayısı 7
İzmir,Ödemiş,Kemenler İlkokulu,738530,İlkokul,https://kemenlerilkokulu.meb.k12.tr,,,https://kemenlerilkokulu.meb.k12.tr/tema/harita.php,2026-08-31,41,41,bulundu,https://kemenlerilkokulu.meb.k12.tr/,2026-10-01T19:31:41.924280+00:00,,Öğrenci Sayısı 41
İzmir,Ödemiş,Kurucuova Çayır Mah İlkokulu,738539,İlkokul,https://kurucuovacayir.meb.k12.tr,,,https://kurucuovacayir.meb.k12.tr/tema/harita.php,2026-08-31,171,171,bulundu,https://kurucuovacayir.meb.k12.tr/tema/okulumuz_hakkinda.php,2026-10-01T19:31:41.965150+00:00,,Öğrenci : 171
İzmir,Ödemiş,Kurucuova İlkokulu,730288,İlkokul,https://odemiskurucuovailkokulu.meb.k12.tr,,,https://odemiskurucuovailkokulu.meb.k12.tr/tema/harita.php,2026-08-31,13,13,bulundu,https://odemiskurucuovailkokulu.meb.k12.tr/,2026-10-01T19:31:42.024113+00:00,,Öğrenci Sayısı : 13
İzmir,Ödemiş,Köseler İlkokulu,730321,İlkokul,https://koselerilkokulu35.meb.k12.tr,,,https://koselerilkokulu35.meb.k12.tr/tema/harita.php,2026-08-31,36,36,bulundu,https://koselerilkokulu35.meb.k12.tr/,2026-10-01T19:31:42.093857+00:00,,Öğrenci Sayısı 36
İzmir,Ödemiş,Küre İlkokulu,730317,İlkokul,https://kure35ilkokulu.meb.k12.tr,,,https://kure35ilkokulu.meb.k12.tr/tema/harita.php,2026-08-31,25,25,bulundu,https://kure35ilkokulu.meb.k12.tr/tema/okulumuz_hakkinda.php,2026-10-01T19:31:42.129932+00:00,,Öğrenci : 25
İzmir,Ödemiş,Küçükören İlkokulu,730313,İlkokul,https://kucukorenilkokulu35.meb.k12.tr,,,https://kucukorenilkokulu35.meb.k12.tr/tema/harita.php,2026-08-31,,,bulunamadi,,2026-10-01T19:31:42.291820+00:00,,
İzmir,Ödemiş,Kızılcaavlu İlkokulu,730280,İlkokul,https://kizilcaavluilkokulu.meb.k12.tr,,,https://kizilcaavluilkokulu.meb.k12.tr/tema/harita.php,2026-08-31,33,33,bulundu,https://kizilcaavluilkokulu.meb.k12.tr/,2026-10-01T19:31:42.613441+00:00,,Öğrenci Sayısı 33
İzmir,Ödemiş,Mescitli İlkokulu,771512,İlkokul,https://771512.meb.k12.tr,,,https://771512.meb.k12.tr/tema/harita.php,2026-08-31,0,0,bulundu,https://771512.meb.k12.tr/,2026-10-01T19:31:42.655082+00:00,,Öğrenci Sayısı : 0
İzmir,Ödemiş,Mustafa Ayşe Yanbastı Ortaokulu,720063,Ortaokul,https://yanbastiortaokulu.meb.k12.tr,,,https://yanbastiortaokulu.meb.k12.tr/tema/harita.php,2026-08-31,618,618,bulundu,https://yanbastiortaokulu.meb.k12.tr/,2026-10-01T19:31:42.732354+00:00,,Öğrenci Sayısı 618
İzmir,Ödemiş,Orhangazi İlkokulu,730331,İlkokul,https://730331.meb.k12.tr,,,https://730331.meb.k12.tr/tema/harita.php,2026-08-31,,,bulunamadi,,2026-10-01T19:31:42.846037+00:00,,
İzmir,Ödemiş,Ovakent Ortaokulu,729993,Ortaokul,https://ovakentortaokulu.meb.k12.tr,,,https://ovakentortaokulu.meb.k12.tr/tema/harita.php,2026-08-31,,,bulunamadi,,2026-10-01T19:31:42.888225+00:00,,
İzmir,Ödemiş,Ovakent İlkokulu,729976,İlkokul,https://ovakentilkokulu.meb.k12.tr,,,https://ovakentilkokulu.meb.k12.tr/tema/harita.php,2026-08-31,68,68,bulundu,https://ovakentilkokulu.meb.k12.tr/tema/okulumuz_hakkinda.php,2026-10-01T19:31:42.926730+00:00,,Öğrenci : 68
İzmir,Ödemiş,Pirinçci İlkokulu,730334,İlkokul,https://pirincciilkokulu.meb.k12.tr,,,https://pirincciilkokulu.meb.k12.tr/tema/harita.php,2026-08-31,,,bulunamadi,,2026-10-01T19:31:42.947609+00:00,,
İzmir,Ödemiş,Prof.Dr.Muzaffer Kula Anadolu Lisesi,906366,Anadolu Lisesi,https://profmkl.meb.k12.tr,,,https://profmkl.meb.k12.tr/tema/harita.php,2026-08-31,158,158,bulundu,https://profmkl.meb.k12.tr/tema/okulumuz_hakkinda.php,2026-10-01T19:31:43.081273+00:00,,Öğrenci : 158
İzmir,Ödemiş,Yanbastı Kardeşler Anaokulu,749588,Anaokulu,https://yanbastianaokulu.meb.k12.tr,,,https://yanbastianaokulu.meb.k12.tr/tema/harita.php,2026-08-31,180,180,bulundu,https://yanbastianaokulu.meb.k12.tr/tema/okulumuz_hakkinda.php,2026-10-01T19:31:43.099079+00:00,,Öğrenci : 180
İzmir,Ödemiş,Yeniceköy Ortaokulu,749977,Ortaokul,https://yenicekoyortaokulu.meb.k12.tr,,,https://yenicekoyortaokulu.meb.k12.tr/tema/harita.php,2026-08-31,43,43,bulundu,https://yenicekoyortaokulu.meb.k12.tr/,2026-10-01T19:31:43.271636+00:00,,Öğrenci Sayısı : 43
İzmir,Ödemiş,Yeniceköy İlkokulu,719582,İlkokul,https://yenicekoyilkokulu.meb.k12.tr,,,https://yenicekoyilkokulu.meb.k12.tr/tema/harita.php,2026-08-31,57,57,bulundu,https://yenicekoyilkokulu.meb.k12.tr/,2026-10-01T19:31:43.306294+00:00,,Öğrenci Sayısı 57
İzmir,Ödemiş,Yeniköy Şehit Cengiz Topel İlkokulu,730344,İlkokul,https://yenikoysehitcengiztopelilkokulu.meb.k12.tr,,,https://yenikoysehitcengiztopelilkokulu.meb.k12.tr/tema/harita.php,2026-08-31,34,34,bulundu,https://yenikoysehitcengiztopelilkokulu.meb.k12.tr/,2026-10-01T19:31:43.316499+00:00,,Öğrenci Sayısı: 34
İzmir,Ödemiş,Yolüstü İlkokulu,730565,İlkokul,https://yolustu.meb.k12.tr,,,https://yolustu.meb.k12.tr/tema/harita.php,2026-08-31,58,58,bulundu,https://yolustu.meb.k12.tr/,2026-10-01T19:31:43.374057+00:00,,Öğrenci Sayısı 58
İzmir,Ödemiş,Zafer İlkokulu,719185,İlkokul,https://odemiszafer.meb.k12.tr,,,https://odemiszafer.meb.k12.tr/tema/harita.php,2026-08-31,628,628,bulundu,https://odemiszafer.meb.k12.tr/tema/okulumuz_hakkinda.php,2026-10-01T19:31:43.412172+00:00,,Öğrenci : 628
İzmir,Ödemiş,Zeytinlik Sabahattin Şenocak Ortaokulu,730068,Ortaokul,https://zeytinlikortaokulu.meb.k12.tr,,,https://zeytinlikortaokulu.meb.k12.tr/tema/harita.php,2026-08-31,120,120,bulundu,https://zeytinlikortaokulu.meb.k12.tr/tema/okulumuz_hakkinda.php,2026-10-01T19:31:43.563686+00:00,,Öğrenci : 120
İzmir,Ödemiş,Zeytinlik Sabahattin Şenocak İlkokulu,730036,İlkokul,https://zeytinlikilkokulu.meb.k12.tr,,,https://zeytinlikilkokulu.meb.k12.tr/tema/harita.php,2026-08-31,87,87,bulundu,https://zeytinlikilkokulu.meb.k12.tr/,2026-10-01T19:31:43.635415+00:00,,Öğrenci Sayısı: 87
İzmir,Ödemiş,Çamyayla Yayla İlkokulu,730225,İlkokul,https://730225.meb.k12.tr,,,https://730225.meb.k12.tr/tema/harita.php,2026-08-31,10,10,bulundu,https://730225.meb.k12.tr/,2026-10-01T19:31:43.742017+00:00,,Öğrenci Sayısı : 10
İzmir,Ödemiş,Çapacızade İlkokulu,719253,İlkokul,https://capacizadeio.meb.k12.tr,,,https://capacizadeio.meb.k12.tr/tema/harita.php,2026-08-31,,,bulunamadi,,2026-10-01T19:31:43.781296+00:00,,
İzmir,Ödemiş,Çaylı Ortaokulu,729943,Ortaokul,https://odemiscayliortaokulu.meb.k12.tr,,,https://odemiscayliortaokulu.meb.k12.tr/tema/harita.php,2026-08-31,108,108,bulundu,https://odemiscayliortaokulu.meb.k12.tr/,2026-10-01T19:31:44.217548+00:00,,Öğrenci Sayısı : 108
İzmir,Ödemiş,Çaylı İlkokulu,729905,İlkokul,https://odemiscayliilkokulu.meb.k12.tr,,,https://odemiscayliilkokulu.meb.k12.tr/tema/harita.php,2026-08-31,80,80,bulundu,https://odemiscayliilkokulu.meb.k12.tr/,2026-10-01T19:31:44.257834+00:00,,Öğrenci Sayısı 80
İzmir,Ödemiş,Çayır İlkokulu,719760,İlkokul,https://cayirilkokulu.meb.k12.tr,,,https://cayirilkokulu.meb.k12.tr/tema/harita.php,2026-08-31,36,36,bulundu,https://cayirilkokulu.meb.k12.tr/tema/okulumuz_hakkinda.php,2026-10-01T19:31:44.369385+00:00,,Öğrenci : 36
İzmir,Ödemiş,Ödemiş 100. Yıl İlkokulu,775397,İlkokul,https://odemisyuzuncuyil.meb.k12.tr,,,https://odemisyuzuncuyil.meb.k12.tr/tema/harita.php,2026-08-31,881,881,bulundu,https://odemisyuzuncuyil.meb.k12.tr/,2026-10-01T19:31:44.676164+00:00,,Öğrenci Sayısı 881
İzmir,Ödemiş,Ödemiş Anadolu Lisesi,967674,Anadolu Lisesi,https://odemisanadolu.meb.k12.tr,,,https://odemisanadolu.meb.k12.tr/tema/harita.php,2026-08-31,697,697,bulundu,https://odemisanadolu.meb.k12.tr/,2026-10-01T19:31:44.691034+00:00,,Öğrenci Sayısı : 697
İzmir,Ödemiş,Ödemiş Anaokulu,872391,Anaokulu,https://odemisanaokulu.meb.k12.tr,,,https://odemisanaokulu.meb.k12.tr/tema/harita.php,2026-08-31,,,bulunamadi,,2026-10-01T19:31:44.758146+00:00,,
İzmir,Ödemiş,Ödemiş Aydınoğlu Mehmet Bey Anadolu İmam Hatip Lisesi,165957,Anadolu İmam Hatip Lisesi,https://odemisaydinoglumehmetbeyaihl.meb.k12.tr,,,https://odemisaydinoglumehmetbeyaihl.meb.k12.tr/tema/harita.php,2026-08-31,336,336,bulundu,https://odemisaydinoglumehmetbeyaihl.meb.k12.tr/tema/okulumuz_hakkinda.php,2026-10-01T19:31:44.854136+00:00,,Öğrenci : 336
İzmir,Ödemiş,Ödemiş Ayhan Kökmen Fen Lisesi,974006,Fen Lisesi,https://odemisfenlisesi.meb.k12.tr,,,https://odemisfenlisesi.meb.k12.tr/tema/harita.php,2026-08-31,,,bulunamadi,,2026-10-01T19:31:44.927148+00:00,,
İzmir,Ödemiş,Ödemiş Bilim ve Sanat Merkezi,766112,Bilim ve Sanat Merkezi,https://odemisbilsem.meb.k12.tr,,,https://odemisbilsem.meb.k12.tr/tema/harita.php,2026-08-31,,,bulunamadi,,2026-10-01T19:31:44.978177+00:00,,
İzmir,Ödemiş,Ödemiş Birgi Fazlı Alpay Mesleki ve Teknik Anadolu Lisesi,974359,Mesleki ve Teknik Anadolu Lisesi,https://birgifazlialpayasml.meb.k12.tr,,,https://birgifazlialpayasml.meb.k12.tr/tema/harita.php,2026-08-31,291,291,bulundu,https://birgifazlialpayasml.meb.k12.tr/,2026-10-01T19:31:45.112739+00:00,,Öğrenci Sayısı 291
İzmir,Ödemiş,Ödemiş Fatih Özel Eğitim Uygulama Okulu I. Kademe,747115,Özel Eğitim Kurumu,https://odemisfatihozelegitim.meb.k12.tr,,,https://odemisfatihozelegitim.meb.k12.tr/tema/harita.php,2026-08-31,6,6,bulundu,https://odemisfatihozelegitim.meb.k12.tr/,2026-10-01T19:31:45.188235+00:00,,Öğrenci Sayısı : 6
İzmir,Ödemiş,Ödemiş Fatih Özel Eğitim Uygulama Okulu II. Kademe,747373,Özel Eğitim Kurumu,https://fatihoeu2.meb.k12.tr,,,https://fatihoeu2.meb.k12.tr/tema/harita.php,2026-08-31,8,8,bulundu,https://fatihoeu2.meb.k12.tr/,2026-10-01T19:31:45.306460+00:00,,Öğrenci Sayısı : 8
İzmir,Ödemiş,Ödemiş Fatih Özel Eğitim Uygulama Okulu III. Kademe,748115,Özel Eğitim Kurumu,https://fatihoeu3.meb.k12.tr,,,https://fatihoeu3.meb.k12.tr/tema/harita.php,2026-08-31,22,22,bulundu,https://fatihoeu3.meb.k12.tr/,2026-10-01T19:31:45.387384+00:00,,Öğrenci Sayısı : 22
İzmir,Ödemiş,Ödemiş Halk Eğitimi Merkezi,165969,Halk Eğitimi Merkezi,https://odemishem.meb.k12.tr,,,https://odemishem.meb.k12.tr/tema/harita.php,2026-08-31,,,bulunamadi,,2026-10-01T19:31:45.514415+00:00,,
İzmir,Ödemiş,Ödemiş Kaymakçı Özel Eğitim Uygulama Okulu I. Kademe,774170,Özel Eğitim Kurumu,https://774170.meb.k12.tr,,,https://774170.meb.k12.tr/tema/harita.php,2026-08-31,6,6,bulundu,https://774170.meb.k12.tr/,2026-10-01T19:31:45.532098+00:00,,Öğrenci Sayısı 6
İzmir,Ödemiş,Ödemiş Kaymakçı Özel Eğitim Uygulama Okulu II. Kademe,774171,Özel Eğitim Kurumu,https://774171.meb.k12.tr,,,https://774171.meb.k12.tr/tema/harita.php,2026-08-31,6,6,bulundu,https://774171.meb.k12.tr/,2026-10-01T19:31:45.547748+00:00,,Öğrenci Sayısı 6
İzmir,Ödemiş,Ödemiş Kaymakçı Özel Eğitim Uygulama Okulu III. Kademe,774174,Özel Eğitim Kurumu,https://774174.meb.k12.tr,,,https://774174.meb.k12.tr/tema/harita.php,2026-08-31,6,6,bulundu,https://774174.meb.k12.tr/,2026-10-01T19:31:45.592117+00:00,,Öğrenci Sayısı 6
İzmir,Ödemiş,Ödemiş Mesleki Eğitim Merkezi,216374,Mesleki Eğitim Merkezi,https://odemismem.meb.k12.tr,,,https://odemismem.meb.k12.tr/tema/harita.php,2026-08-31,824,824,bulundu,https://odemismem.meb.k12.tr/,2026-10-01T19:31:45.699764+00:00,,Öğrenci Sayısı : 824
İzmir,Ödemiş,Ödemiş Mesleki ve Teknik Anadolu Lisesi,165933,Mesleki ve Teknik Anadolu Lisesi,https://odemismtal.meb.k12.tr,,,https://odemismtal.meb.k12.tr/tema/harita.php,2026-08-31,,,bulunamadi,,2026-10-01T19:31:45.705088+00:00,,
İzmir,Ödemiş,Ödemiş Ortaokulu,719985,Ortaokul,https://odemisortaokulu.meb.k12.tr,,,https://odemisortaokulu.meb.k12.tr/tema/harita.php,2026-08-31,1152,1152,bulundu,https://odemisortaokulu.meb.k12.tr/,2026-10-01T19:31:45.779812+00:00,,Öğrenci Sayısı 1152
İzmir,Ödemiş,Ödemiş Ovakent Çok Programlı Anadolu Lisesi,165898,Çok Programlı Anadolu Lisesi,https://ovakentcpal.meb.k12.tr,,,https://ovakentcpal.meb.k12.tr/tema/harita.php,2026-08-31,94,94,bulundu,https://ovakentcpal.meb.k12.tr/tema/okulumuz_hakkinda.php,2026-10-01T19:31:45.805072+00:00,,Öğrenci : 94
İzmir,Ödemiş,Ödemiş Ovakent Özel Eğitim Meslek Okulu,761110,Özel Eğitim Kurumu,https://ovakentozelmem.meb.k12.tr,,,https://ovakentozelmem.meb.k12.tr/tema/harita.php,2026-08-31,42,42,bulundu,https://ovakentozelmem.meb.k12.tr/,2026-10-01T19:31:46.237791+00:00,,Öğrenci Sayısı 42
İzmir,Ödemiş,Ödemiş Rehberlik ve Araştırma Merkezi,808327,Rehberlik ve Araştırma Merkezi,https://odemisram.meb.k12.tr,,,https://odemisram.meb.k12.tr/tema/harita.php,2026-08-31,,,bulunamadi,,2026-10-01T19:31:46.387636+00:00,,
İzmir,Ödemiş,Ödemiş Ticaret Odası Anadolu Lisesi,873886,Anadolu Lisesi,https://odemisaol.meb.k12.tr,,,https://odemisaol.meb.k12.tr/tema/harita.php,2026-08-31,441,441,bulundu,https://odemisaol.meb.k12.tr/tema/okulumuz_hakkinda.php,2026-10-01T19:31:46.409603+00:00,,Öğrenci : 441
İzmir,Ödemiş,Ödemiş Zübeyde Hanım Mesleki ve Teknik Anadolu Lisesi,165945,Mesleki ve Teknik Anadolu Lisesi,https://zubeydehanimkml.meb.k12.tr,,,https://zubeydehanimkml.meb.k12.tr/tema/harita.php,2026-08-31,646,646,bulundu,https://zubeydehanimkml.meb.k12.tr/,2026-10-01T19:31:46.492820+00:00,,Öğrenci Sayısı 646
İzmir,Ödemiş,Ödemiş Öğretmenevi ve Akşam Sanat Okulu,971227,Öğretmenevi,https://odemisogretmeneviaso.meb.k12.tr,,,https://odemisogretmeneviaso.meb.k12.tr/tema/harita.php,2026-08-31,,,bulunamadi,,2026-10-01T19:31:46.700645+00:00,,
İzmir,Ödemiş,Ödemiş İlkkurşun Ticaret Mesleki ve Teknik Anadolu Lisesi,279349,Mesleki ve Teknik Anadolu Lisesi,https://odemisimtal.meb.k12.tr,,,https://odemisimtal.meb.k12.tr/tema/harita.php,2026-08-31,283,283,bulundu,https://odemisimtal.meb.k12.tr/,2026-10-01T19:31:46.714317+00:00,,Öğrenci Sayısı 283
İzmir,Ödemiş,Özdemir Atasoy İlkokulu,268867,İlkokul,https://ozdemiratasoy.meb.k12.tr,,,https://ozdemiratasoy.meb.k12.tr/tema/harita.php,2026-08-31,245,245,bulundu,https://ozdemiratasoy.meb.k12.tr/,2026-10-01T19:31:46.736972+00:00,,Öğrenci Sayısı : 245
İzmir,Ödemiş,Üçkonak İlkokulu,730343,İlkokul,https://uckonakilkokulu.meb.k12.tr,,,https://uckonakilkokulu.meb.k12.tr/tema/harita.php,2026-08-31,26,26,bulundu,https://uckonakilkokulu.meb.k12.tr/,2026-10-01T19:31:46.825310+00:00,,Öğrenci Sayısı 26
İzmir,Ödemiş,İmam Birgivi Anadolu İmam Hatip Lisesi,762640,Anadolu İmam Hatip Lisesi,https://imambirgiviaihl.meb.k12.tr,,,https://imambirgiviaihl.meb.k12.tr/tema/harita.php,2026-08-31,69,69,bulundu,https://imambirgiviaihl.meb.k12.tr/tema/okulumuz_hakkinda.php,2026-10-01T19:31:46.855802+00:00,,Öğrenci : 69
İzmir,Ödemiş,İnönü İlkokulu,585981,İlkokul,https://odemisinonu.meb.k12.tr,,,https://odemisinonu.meb.k12.tr/tema/harita.php,2026-08-31,201,201,bulundu,https://odemisinonu.meb.k12.tr/,2026-10-01T19:31:46.975563+00:00,,Öğrenci Sayısı 201
İzmir,Ödemiş,İstiklal İlkokulu,719214,İlkokul,https://odemisistiklalilkokulu.meb.k12.tr,,,https://odemisistiklalilkokulu.meb.k12.tr/tema/harita.php,2026-08-31,363,363,bulundu,https://odemisistiklalilkokulu.meb.k12.tr/,2026-10-01T19:31:46.986104+00:00,,Öğrenci Sayısı 363
İzmir,Ödemiş,Şehit Er Kamil Alkan Ortaokulu,729854,Ortaokul,https://sehiterkamilalkanortaokulu.meb.k12.tr,,,https://sehiterkamilalkanortaokulu.meb.k12.tr/tema/harita.php,2026-08-31,100,100,bulundu,https://sehiterkamilalkanortaokulu.meb.k12.tr/,2026-10-01T19:31:47.104511+00:00,,Öğrenci Sayısı : 100
İzmir,Ödemiş,Şehit Er Kamil Alkan İlkokulu,239062,İlkokul,https://sehiterkamilalkanio.meb.k12.tr,,,https://sehiterkamilalkanio.meb.k12.tr/tema/harita.php,2026-08-31,87,87,bulundu,https://sehiterkamilalkanio.meb.k12.tr/,2026-10-01T19:31:47.192661+00:00,,Öğrenci Sayısı : 87
İzmir,Ödemiş,Şehit Er Süleyman Özdemir Ortaokulu,730024,Ortaokul,https://sehitersuleymanozdemirortaokulu.meb.k12.tr,,,https://sehitersuleymanozdemirortaokulu.meb.k12.tr/tema/harita.php,2026-08-31,78,78,bulundu,https://sehitersuleymanozdemirortaokulu.meb.k12.tr/,2026-10-01T19:31:47.283578+00:00,,Öğrenci Sayısı : 78
İzmir,Ödemiş,Şehit Er Süleyman Özdemir İlkokulu,730004,İlkokul,https://sehitersuleymanozdemirilkokulu.meb.k12.tr,,,https://sehitersuleymanozdemirilkokulu.meb.k12.tr/tema/harita.php,2026-08-31,73,73,bulundu,https://sehitersuleymanozdemirilkokulu.meb.k12.tr/,2026-10-01T19:31:47.780862+00:00,,Öğrenci Sayısı : 73
İzmir,Ödemiş,Şehit Polis Gökhan Kirazlı Ortaokulu,767827,Ortaokul,https://sehitpolisgokhankirazlioo.meb.k12.tr,,,https://sehitpolisgokhankirazlioo.meb.k12.tr/tema/harita.php,2026-08-31,345,345,bulundu,https://sehitpolisgokhankirazlioo.meb.k12.tr/,2026-10-01T19:31:48.234906+00:00,,Öğrenci Sayısı 345
İzmir,Ödemiş,Şehit Yasin Naci Ağaroğlu İmam Hatip Ortaokulu,749780,İmam Hatip Ortaokulu,https://sehityasinnaciagarogluiho.meb.k12.tr,,,https://sehityasinnaciagarogluiho.meb.k12.tr/tema/harita.php,2026-08-31,187,187,bulundu,https://sehityasinnaciagarogluiho.meb.k12.tr/,2026-10-01T19:31:48.270087+00:00,,Öğrenci Sayısı 187
Şanlıurfa,Akçakale,15 Temmuz Şehitleri Anaokulu,771974,Anaokulu,https://771974.meb.k12.tr,,,https://771974.meb.k12.tr/tema/harita.php,2026-08-31,144,144,bulundu,https://771974.meb.k12.tr/,2026-10-01T19:31:48.403470+00:00,,Öğrenci Sayısı 144
Şanlıurfa,Akçakale,15 Temmuz Şehitleri İlkokulu,764382,İlkokul,https://akcakale15temmuzsehitleriilkokul.meb.k12.tr,,,https://akcakale15temmuzsehitleriilkokul.meb.k12.tr/tema/harita.php,2026-08-31,620,620,bulundu,https://akcakale15temmuzsehitleriilkokul.meb.k12.tr/,2026-10-01T19:31:48.475838+00:00,,Öğrenci Sayısı : 620
Şanlıurfa,Akçakale,Abdülhamid Han İmam Hatip Ortaokulu,759705,İmam Hatip Ortaokulu,https://abdulhamidhaniho.meb.k12.tr,,,https://abdulhamidhaniho.meb.k12.tr/tema/harita.php,2026-08-31,761,761,bulundu,https://abdulhamidhaniho.meb.k12.tr/,2026-10-01T19:31:48.504455+00:00,,Öğrenci Sayısı 761
Şanlıurfa,Akçakale,Acıkuyu Ortaokulu,766624,Ortaokul,https://acikuyuoo.meb.k12.tr,,,https://acikuyuoo.meb.k12.tr/tema/harita.php,2026-08-31,119,119,bulundu,https://acikuyuoo.meb.k12.tr/,2026-10-01T19:31:49.286669+00:00,,Öğrenci Sayısı 119
Şanlıurfa,Akçakale,Acıkuyu İlkokulu,975003,İlkokul,https://acikuyuio.meb.k12.tr,,,https://acikuyuio.meb.k12.tr/tema/harita.php,2026-08-31,116,116,bulundu,https://acikuyuio.meb.k12.tr/,2026-10-01T19:31:49.299794+00:00,,Öğrenci Sayısı: 116