Diyarbakır,Yenişehir,Yenişehir İlkokulu,708811,İlkokul,https://yenisehirilk.meb.k12.tr,,,https://yenisehirilk.meb.k12.tr/tema/harita.php,2026-08-31,1558,1558,bulundu,https://yenisehirilk.meb.k12.tr/,2026-10-01T18:41:14.759972+00:00,,Öğrenci Sayısı 1558
Diyarbakır,Yenişehir,Yolaltı Ticaret Mesleki ve Teknik Anadolu Lisesi,969348,Mesleki ve Teknik Anadolu Lisesi,https://yolaltimtal.meb.k12.tr,,,https://yolaltimtal.meb.k12.tr/tema/harita.php,2026-08-31,544,544,bulundu,https://yolaltimtal.meb.k12.tr/tema/okulumuz_hakkinda.php,2026-10-01T18:41:14.768644+00:00,,Öğrenci : 544
Diyarbakır,Yenişehir,Yolaltı İlkokulu,722638,İlkokul,https://yolaltiio.meb.k12.tr,,,https://yolaltiio.meb.k12.tr/tema/harita.php,2026-08-31,512,512,bulundu,https://yolaltiio.meb.k12.tr/,2026-10-01T18:41:14.927409+00:00,,Öğrenci Sayısı 512
Diyarbakır,Yenişehir,Yukarı Nasırlar İlkokulu,768233,İlkokul,https://768233.meb.k12.tr,,,https://768233.meb.k12.tr/tema/harita.php,2026-08-31,0,0,bulundu,https://768233.meb.k12.tr/,2026-10-01T18:41:15.030254+00:00,,Öğrenci Sayısı : 0
Diyarbakır,Yenişehir,Yüksek Ortaokulu,723113,Ortaokul,https://yuksekortaokulu.meb.k12.tr,,,https://yuksekortaokulu.meb.k12.tr/tema/harita.php,2026-08-31,51,51,bulundu,https://yuksekortaokulu.meb.k12.tr/,2026-10-01T18:41:15.032107+00:00,,Öğrenci Sayısı : 51
Diyarbakır,Yenişehir,Yüksek İlkokulu,723135,İlkokul,https://yuksekilkokulu.meb.k12.tr,,,https://yuksekilkokulu.meb.k12.tr/tema/harita.php,2026-08-31,54,54,bulundu,https://yuksekilkokulu.meb.k12.tr/,2026-10-01T18:41:15.221921+00:00,,Öğrenci Sayısı : 54
Diyarbakır,Yenişehir,Ziya Gökalp Anadolu Lisesi,974849,Anadolu Lisesi,https://zgal.meb.k12.tr,,,https://zgal.meb.k12.tr/tema/harita.php,2026-08-31,1037,1037,bulundu,https://zgal.meb.k12.tr/,2026-10-01T18:41:15.327782+00:00,,Öğrenci Sayısı : 1037
Diyarbakır,Yenişehir,Zübeyde Hanım Anaokulu,967605,Anaokulu,https://zubeydehanim21.meb.k12.tr,,,https://zubeydehanim21.meb.k12.tr/tema/harita.php,2026-08-31,75,75,bulundu,https://zubeydehanim21.meb.k12.tr/,2026-10-01T18:41:15.408875+00:00,,Öğrenci Sayısı 75
Diyarbakır,Yenişehir,Çakmak Ortaokulu,723482,Ortaokul,https://cakmakoo.meb.k12.tr,,,https://cakmakoo.meb.k12.tr/tema/harita.php,2026-08-31,109,109,bulundu,https://cakmakoo.meb.k12.tr/,2026-10-01T18:41:15.409805+00:00,,Öğrenci Sayısı 109
Diyarbakır,Yenişehir,Çakmak İlkokulu,723494,İlkokul,https://cakmakio.meb.k12.tr,,,https://cakmakio.meb.k12.tr/tema/harita.php,2026-08-31,128,128,bulundu,https://cakmakio.meb.k12.tr/,2026-10-01T18:41:15.449410+00:00,,Öğrenci Sayısı: 128
Diyarbakır,Yenişehir,Öğretmen Mehmet Sabri Güzel Ortaokulu,722140,Ortaokul,https://sguzeloo.meb.k12.tr,,,https://sguzeloo.meb.k12.tr/tema/harita.php,2026-08-31,752,752,bulundu,https://sguzeloo.meb.k12.tr/,2026-10-01T18:41:15.484094+00:00,,Öğrenci Sayısı : 752
Diyarbakır,Yenişehir,Öğretmen Mehmet Sabri Güzel İlkokulu,722082,İlkokul,https://sguzelio.meb.k12.tr,,,https://sguzelio.meb.k12.tr/tema/harita.php,2026-08-31,735,735,bulundu,https://sguzelio.meb.k12.tr/,2026-10-01T18:41:15.492405+00:00,,Öğrenci Sayısı : 735
Diyarbakır,Yenişehir,Üçkuyu Turizm Mesleki ve Teknik Anadolu Lisesi,969347,Mesleki ve Teknik Anadolu Lisesi,https://uckuyuturizmmtal.meb.k12.tr,,,https://uckuyuturizmmtal.meb.k12.tr/tema/harita.php,2026-08-31,501,501,bulundu,https://uckuyuturizmmtal.meb.k12.tr/tema/okulumuz_hakkinda.php,2026-10-01T18:41:15.526445+00:00,,Öğrenci : 501
Diyarbakır,Yenişehir,Üçkuyu İlkokulu,709046,İlkokul,https://uckuyuio.meb.k12.tr,,,https://uckuyuio.meb.k12.tr/tema/harita.php,2026-08-31,128,128,bulundu,https://uckuyuio.meb.k12.tr/,2026-10-01T18:41:15.633883+00:00,,Öğrenci Sayısı : 128
Diyarbakır,Yenişehir,İbn-i Sina Mesleki ve Teknik Anadolu Lisesi,973104,Mesleki ve Teknik Anadolu Lisesi,https://ibnisinamtal21.meb.k12.tr,,,https://ibnisinamtal21.meb.k12.tr/tema/harita.php,2026-08-31,670,670,bulundu,https://ibnisinamtal21.meb.k12.tr/,2026-10-01T18:41:15.799093+00:00,,Öğrenci Sayısı : 670
Diyarbakır,Yenişehir,İbn-i Sina Özel Eğitim Uygulama Okulu I. Kademe,747471,Özel Eğitim Kurumu,https://ibnisinaozelegitim.meb.k12.tr,,,https://ibnisinaozelegitim.meb.k12.tr/tema/harita.php,2026-08-31,37,37,bulundu,https://ibnisinaozelegitim.meb.k12.tr/,2026-10-01T18:41:15.925338+00:00,,Öğrenci Sayısı 37
Diyarbakır,Yenişehir,İbn-i Sina Özel Eğitim Uygulama Okulu II. Kademe,747607,Özel Eğitim Kurumu,https://ibnisinaozelegitim2.meb.k12.tr,,,https://ibnisinaozelegitim2.meb.k12.tr/tema/harita.php,2026-08-31,10,10,bulundu,https://ibnisinaozelegitim2.meb.k12.tr/,2026-10-01T18:41:16.079750+00:00,,Öğrenci Sayısı 10
Diyarbakır,Yenişehir,İlbaş ilkokulu,768230,İlkokul,https://768230.meb.k12.tr,,,https://768230.meb.k12.tr/tema/harita.php,2026-08-31,0,0,bulundu,https://768230.meb.k12.tr/,2026-10-01T18:41:16.300467+00:00,,Öğrenci Sayısı : 0
Diyarbakır,Yenişehir,İnönü Ortaokulu,746204,Ortaokul,https://diyarbakirinonuoo.meb.k12.tr,,,https://diyarbakirinonuoo.meb.k12.tr/tema/harita.php,2026-08-31,1074,1074,bulundu,https://diyarbakirinonuoo.meb.k12.tr/,2026-10-01T18:41:16.307249+00:00,,Öğrenci Sayısı : 1074
Diyarbakır,Yenişehir,İstiklal Ortaokulu,722489,Ortaokul,https://istiklalortaokulu21.meb.k12.tr,,,https://istiklalortaokulu21.meb.k12.tr/tema/harita.php,2026-08-31,453,453,bulundu,https://istiklalortaokulu21.meb.k12.tr/tema/okulumuz_hakkinda.php,2026-10-01T18:41:16.380833+00:00,,Öğrenci : 453
Diyarbakır,Yenişehir,İstiklal İlkokulu,722416,İlkokul,https://istiklalilkokulu21.meb.k12.tr,,,https://istiklalilkokulu21.meb.k12.tr/tema/harita.php,2026-08-31,568,568,bulundu,https://istiklalilkokulu21.meb.k12.tr/tema/okulumuz_hakkinda.php,2026-10-01T18:41:16.439262+00:00,,Öğrenci : 568
Diyarbakır,Yenişehir,Şair Cahit Sıtkı Tarancı İlkokulu,968391,İlkokul,https://sairtaranciilkokulu.meb.k12.tr,,,https://sairtaranciilkokulu.meb.k12.tr/tema/harita.php,2026-08-31,266,266,bulundu,https://sairtaranciilkokulu.meb.k12.tr/,2026-10-01T18:41:16.557996+00:00,,Öğrenci Sayısı 266
Diyarbakır,Yenişehir,Şair Sirri Hanim Ortaokulu,968352,Ortaokul,https://sairsirrihanimortaokulu.meb.k12.tr,,,https://sairsirrihanimortaokulu.meb.k12.tr/tema/harita.php,2026-08-31,945,945,bulundu,https://sairsirrihanimortaokulu.meb.k12.tr/,2026-10-01T18:41:16.736116+00:00,,Öğrenci Sayısı 945
Diyarbakır,Yenişehir,Şehit Albay Güner Ekici İmam Hatip Ortaokulu,968362,İmam Hatip Ortaokulu,https://gunerekici.meb.k12.tr,,,https://gunerekici.meb.k12.tr/tema/harita.php,2026-08-31,86,86,bulundu,https://gunerekici.meb.k12.tr/,2026-10-01T18:41:16.893982+00:00,,Öğrenci Sayısı : 86
Diyarbakır,Yenişehir,Şehit Başkomiser Fatih Özdil İmam Hatip Ortaokulu,968364,İmam Hatip Ortaokulu,https://fatihozdil.meb.k12.tr,,,https://fatihozdil.meb.k12.tr/tema/harita.php,2026-08-31,259,259,bulundu,https://fatihozdil.meb.k12.tr/tema/okulumuz_hakkinda.php,2026-10-01T18:41:16.901200+00:00,,Öğrenci : 259
Diyarbakır,Yenişehir,Şehit Başkomiser Yılmaz Allahverdi İlkokulu,708966,İlkokul,https://yilmazallahverdi.meb.k12.tr,,,https://yilmazallahverdi.meb.k12.tr/tema/harita.php,2026-08-31,766,766,bulundu,https://yilmazallahverdi.meb.k12.tr/tema/okulumuz_hakkinda.php,2026-10-01T18:41:16.986058+00:00,,Öğrenci : 766
Diyarbakır,Yenişehir,Şehit Devlet Memuru Ruhi Karaçam Anaokulu,767928,Anaokulu,https://ruhikaracamanaokulu.meb.k12.tr,,,https://ruhikaracamanaokulu.meb.k12.tr/tema/harita.php,2026-08-31,104,104,bulundu,https://ruhikaracamanaokulu.meb.k12.tr/tema/okulumuz_hakkinda.php,2026-10-01T18:41:17.043934+00:00,,Öğrenci : 104
Diyarbakır,Yenişehir,Şehit Gökhan Demir İlkokulu,708621,İlkokul,https://sehitgokhandemirio.meb.k12.tr,,,https://sehitgokhandemirio.meb.k12.tr/tema/harita.php,2026-08-31,949,949,bulundu,https://sehitgokhandemirio.meb.k12.tr/tema/okulumuz_hakkinda.php,2026-10-01T18:41:17.129857+00:00,,Öğrenci : 949
Diyarbakır,Yenişehir,Şehit Hazım Sahın Ortaokulu,887746,Ortaokul,https://sehithazimsahinortaokulu.meb.k12.tr,,,https://sehithazimsahinortaokulu.meb.k12.tr/tema/harita.php,2026-08-31,623,623,bulundu,https://sehithazimsahinortaokulu.meb.k12.tr/tema/okulumuz_hakkinda.php,2026-10-01T18:41:17.285185+00:00,,Öğrenci : 623
Diyarbakır,Yenişehir,Şehit Mehmet Hüseyin Balta Ortaokulu,976461,Ortaokul,https://sehitmehmethuseyinbalta.meb.k12.tr,,,https://sehitmehmethuseyinbalta.meb.k12.tr/tema/harita.php,2026-08-31,833,833,bulundu,https://sehitmehmethuseyinbalta.meb.k12.tr/tema/okulumuz_hakkinda.php,2026-10-01T18:41:17.295128+00:00,,Öğrenci : 833
Diyarbakır,Yenişehir,Şehit Mehmet Karaaslan Ortaokulu,746295,Ortaokul,https://746295.meb.k12.tr,,,https://746295.meb.k12.tr/tema/harita.php,2026-08-31,0,0,bulundu,https://746295.meb.k12.tr/,2026-10-01T18:41:17.316775+00:00,,Öğrenci Sayısı : 0
Diyarbakır,Yenişehir,Şehit Mehmet Karaaslan İmam Hatip Ortaokulu,764859,İmam Hatip Ortaokulu,https://sehitmehmetkaraaslaniho.meb.k12.tr,,,https://sehitmehmetkaraaslaniho.meb.k12.tr/tema/harita.php,2026-08-31,250,250,bulundu,https://sehitmehmetkaraaslaniho.meb.k12.tr/,2026-10-01T18:41:17.319320+00:00,,Öğrenci Sayısı : 250
Diyarbakır,Yenişehir,Şehit Mehmet Mecit Yalçın Anadolu Lisesi,765325,Anadolu Lisesi,https://smmyal.meb.k12.tr,,,https://smmyal.meb.k12.tr/tema/harita.php,2026-08-31,724,724,bulundu,https://smmyal.meb.k12.tr/,2026-10-01T18:41:17.321811+00:00,,Öğrenci Sayısı : 724
Diyarbakır,Yenişehir,Şehit Murat Yıldızhan Anaokulu,774055,Anaokulu,https://sehitmuratyildizhananaokulu.meb.k12.tr,,,https://sehitmuratyildizhananaokulu.meb.k12.tr/tema/harita.php,2026-08-31,18,18,bulundu,https://sehitmuratyildizhananaokulu.meb.k12.tr/,2026-10-01T18:41:17.323408+00:00,,Öğrenci Sayısı : 18
Diyarbakır,Yenişehir,Şehit Süleyman Sorkut Anadolu Lisesi,967880,Anadolu Lisesi,https://sssal.meb.k12.tr,,,https://sssal.meb.k12.tr/tema/harita.php,2026-08-31,1027,1027,bulundu,https://sssal.meb.k12.tr/,2026-10-01T18:41:17.526075+00:00,,Öğrenci Sayısı : 1027
Diyarbakır,Yenişehir,Şehit Yunus Elaltunterin Ortaokulu,722627,Ortaokul,https://sehityunuselaltunterinortaokulu.meb.k12.tr,,,https://sehityunuselaltunterinortaokulu.meb.k12.tr/tema/harita.php,2026-08-31,415,415,bulundu,https://sehityunuselaltunterinortaokulu.meb.k12.tr/,2026-10-01T18:41:17.627391+00:00,,Öğrenci Sayısı : 415
Diyarbakır,Yenişehir,Şehit Yüzbaşı Bahtiyar Er İmam Hatip Ortaokulu,968360,İmam Hatip Ortaokulu,https://bahtiyarer.meb.k12.tr,,,https://bahtiyarer.meb.k12.tr/tema/harita.php,2026-08-31,128,128,bulundu,https://bahtiyarer.meb.k12.tr/tema/okulumuz_hakkinda.php,2026-10-01T18:41:17.669409+00:00,,Öğrenci : 128
Diyarbakır,Yenişehir,Şehit Öğretmen Nuriye Ak Ortaokulu,721489,Ortaokul,https://nuriyeakoo.meb.k12.tr,,,https://nuriyeakoo.meb.k12.tr/tema/harita.php,2026-08-31,750,750,bulundu,https://nuriyeakoo.meb.k12.tr/,2026-10-01T18:41:17.672037+00:00,,Öğrenci Sayısı : 750
Diyarbakır,Yenişehir,Şehit Öğretmen Nuriye Ak İlkokulu,721446,İlkokul,https://nuriyeakio.meb.k12.tr,,,https://nuriyeakio.meb.k12.tr/tema/harita.php,2026-08-31,941,941,bulundu,https://nuriyeakio.meb.k12.tr/,2026-10-01T18:41:18.057365+00:00,,Öğrenci Sayısı : 941
Diyarbakır,Yenişehir,ŞehitTeğmen Ayfer Gök Anaokulu,967587,Anaokulu,https://ayfergokanaok.meb.k12.tr,,,https://ayfergokanaok.meb.k12.tr/tema/harita.php,2026-08-31,105,105,bulundu,https://ayfergokanaok.meb.k12.tr/,2026-10-01T18:41:18.105024+00:00,,Öğrenci Sayısı: 105
Diyarbakır,Yenişehir,Şehitlik Mesleki ve Teknik Anadolu Lisesi,967883,Mesleki ve Teknik Anadolu Lisesi,https://sehitlikmtal.meb.k12.tr,,,https://sehitlikmtal.meb.k12.tr/tema/harita.php,2026-08-31,318,318,bulundu,https://sehitlikmtal.meb.k12.tr/,2026-10-01T18:41:18.141159+00:00,,Öğrenci Sayısı 318
Diyarbakır,Yenişehir,Şehitlik İlkokulu,968398,İlkokul,https://sehitlik.meb.k12.tr,,,https://sehitlik.meb.k12.tr/tema/harita.php,2026-08-31,619,619,bulundu,https://sehitlik.meb.k12.tr/,2026-10-01T18:41:18.280137+00:00,,Öğrenci Sayısı : 619
Diyarbakır,Çermik,Akkoyunlu Ortaokulu,730840,Ortaokul,https://akkoyunluortaokulu.meb.k12.tr,,,https://akkoyunluortaokulu.meb.k12.tr/tema/harita.php,2026-08-31,,,bulunamadi,,2026-10-01T18:41:18.636246+00:00,,
Diyarbakır,Çermik,Akkoyunlu İlkokulu,853304,İlkokul,https://cermikakkoyunluio.meb.k12.tr,,,https://cermikakkoyunluio.meb.k12.tr/tema/harita.php,2026-08-31,98,98,bulundu,https://cermikakkoyunluio.meb.k12.tr/,2026-10-01T18:41:18.649963+00:00,,Öğrenci Sayısı: 98
Diyarbakır,Çermik,Akçaörten İlkokulu,734063,İlkokul,https://cermikakcaortenio.meb.k12.tr,,,https://cermikakcaortenio.meb.k12.tr/tema/harita.php,2026-08-31,54,54,bulundu,https://cermikakcaortenio.meb.k12.tr/,2026-10-01T18:41:18.678804+00:00,,Öğrenci Sayısı : 54
Diyarbakır,Çermik,Alabuğday Ortaokulu,731170,Ortaokul,https://alabugdayortaokulu.meb.k12.tr,,,https://alabugdayortaokulu.meb.k12.tr/tema/harita.php,2026-08-31,147,147,bulundu,https://alabugdayortaokulu.meb.k12.tr/,2026-10-01T18:41:18.707051+00:00,,Öğrenci Sayısı : 147
Diyarbakır,Çermik,Alabuğday İlkokulu,717181,İlkokul,https://alabugdayilkokulu.meb.k12.tr,,,https://alabugdayilkokulu.meb.k12.tr/tema/harita.php,2026-08-31,109,109,bulundu,https://alabugdayilkokulu.meb.k12.tr/,2026-10-01T18:41:18.725914+00:00,,Öğrenci Sayısı: 109
Diyarbakır,Çermik,Alakoç İlkokulu,777410,İlkokul,https://777410.meb.k12.tr,,,https://777410.meb.k12.tr/tema/harita.php,2026-08-31,0,0,bulundu,https://777410.meb.k12.tr/,2026-10-01T18:41:18.814982+00:00,,Öğrenci Sayısı : 0
Diyarbakır,Çermik,Arabük Köyü İlkokulu,734053,İlkokul,https://arabukkoyuilkokulu.meb.k12.tr,,,https://arabukkoyuilkokulu.meb.k12.tr/tema/harita.php,2026-08-31,57,57,bulundu,https://arabukkoyuilkokulu.meb.k12.tr/,2026-10-01T18:41:18.912308+00:00,,Öğrenci Sayısı 57
Diyarbakır,Çermik,Arabük Ortaokulu,750062,Ortaokul,https://arabukortaokulu.meb.k12.tr,,,https://arabukortaokulu.meb.k12.tr/tema/harita.php,2026-08-31,170,170,bulundu,https://arabukortaokulu.meb.k12.tr/tema/okulumuz_hakkinda.php,2026-10-01T18:41:19.062747+00:00,,Öğrenci : 170
Diyarbakır,Çermik,Artuk İlkokulu,772079,İlkokul,https://772079.meb.k12.tr,,,https://772079.meb.k12.tr/tema/harita.php,2026-08-31,21,21,bulundu,https://772079.meb.k12.tr/,2026-10-01T18:41:19.055404+00:00,,Öğrenci Sayısı : 21
Diyarbakır,Çermik,Atatürk Ortaokulu,714926,Ortaokul,https://cermikataturkoo.meb.k12.tr,,,https://cermikataturkoo.meb.k12.tr/tema/harita.php,2026-08-31,335,335,bulundu,https://cermikataturkoo.meb.k12.tr/,2026-10-01T18:41:19.078790+00:00,,Öğrenci Sayısı 335
Diyarbakır,Çermik,Aynalı Ortaokulu,731168,Ortaokul,https://aynaliortaokulu.meb.k12.tr,,,https://aynaliortaokulu.meb.k12.tr/tema/harita.php,2026-08-31,128,128,bulundu,https://aynaliortaokulu.meb.k12.tr/,2026-10-01T18:41:19.212635+00:00,,Öğrenci Sayısı : 128
Diyarbakır,Çermik,Aynalı İlkokulu,717239,İlkokul,https://aynaliilkokulu.meb.k12.tr,,,https://aynaliilkokulu.meb.k12.tr/tema/harita.php,2026-08-31,121,121,bulundu,https://aynaliilkokulu.meb.k12.tr/,2026-10-01T18:41:19.469114+00:00,,Öğrenci Sayısı: 121
Diyarbakır,Çermik,Aşağı Taşmalı İlkokulu,734008,İlkokul,https://asagitasmaliilkokulu.meb.k12.tr,,,https://asagitasmaliilkokulu.meb.k12.tr/tema/harita.php,2026-08-31,47,47,bulundu,https://asagitasmaliilkokulu.meb.k12.tr/,2026-10-01T18:41:19.534620+00:00,,Öğrenci Sayısı 47
Diyarbakır,Çermik,Bademli Köyü İlkokulu,777309,İlkokul,https://777309.meb.k12.tr,,,https://777309.meb.k12.tr/tema/harita.php,2026-08-31,0,0,bulundu,https://777309.meb.k12.tr/,2026-10-01T18:41:19.578430+00:00,,Öğrenci Sayısı : 0
Diyarbakır,Çermik,Bahçeköy İlkokulu,717284,İlkokul,https://cermikbahceilkokulu.meb.k12.tr,,,https://cermikbahceilkokulu.meb.k12.tr/tema/harita.php,2026-08-31,,,bulunamadi,,2026-10-01T18:41:19.769949+00:00,,
Diyarbakır,Çermik,Bahçeköy İmam Hatip Ortaokulu,764776,İmam Hatip Ortaokulu,https://bahcekoyiho.meb.k12.tr,,,https://bahcekoyiho.meb.k12.tr/tema/harita.php,2026-08-31,76,76,bulundu,https://bahcekoyiho.meb.k12.tr/,2026-10-01T18:41:19.865870+00:00,,Öğrenci Sayısı : 76
Diyarbakır,Çermik,Bayat Ortaokulu,731165,Ortaokul,https://bayatortaokulu.meb.k12.tr,,,https://bayatortaokulu.meb.k12.tr/tema/harita.php,2026-08-31,84,84,bulundu,https://bayatortaokulu.meb.k12.tr/,2026-10-01T18:41:19.984136+00:00,,Öğrenci Sayısı : 84
Diyarbakır,Çermik,Bayat İlkokulu,717322,İlkokul,https://bayatilkokulu.meb.k12.tr,,,https://bayatilkokulu.meb.k12.tr/tema/harita.php,2026-08-31,97,97,bulundu,https://bayatilkokulu.meb.k12.tr/,2026-10-01T18:41:20.007486+00:00,,Öğrenci Sayısı: 97
Diyarbakır,Çermik,Bayrak İlkokulu,731231,İlkokul,https://bayrakilkokulu.meb.k12.tr,,,https://bayrakilkokulu.meb.k12.tr/tema/harita.php,2026-08-31,130,130,bulundu,https://bayrakilkokulu.meb.k12.tr/,2026-10-01T18:41:20.018610+00:00,,Öğrenci Sayısı: 130
Diyarbakır,Çermik,Bayrak İmam Hatip Ortaokulu,764778,İmam Hatip Ortaokulu,https://bayrakiho.meb.k12.tr,,,https://bayrakiho.meb.k12.tr/tema/harita.php,2026-08-31,134,134,bulundu,https://bayrakiho.meb.k12.tr/,2026-10-01T18:41:20.052613+00:00,,Öğrenci Sayısı : 134
Diyarbakır,Çermik,Başarı İlkokulu,733996,İlkokul,https://basariilkokulu.meb.k12.tr,,,https://basariilkokulu.meb.k12.tr/tema/harita.php,2026-08-31,20,20,bulundu,https://basariilkokulu.meb.k12.tr/,2026-10-01T18:41:20.173580+00:00,,Öğrenci Sayısı: 20
Diyarbakır,Çermik,Bintaş Ortaokulu,731164,Ortaokul,https://bintasortaokulu.meb.k12.tr,,,https://bintasortaokulu.meb.k12.tr/tema/harita.php,2026-08-31,151,151,bulundu,https://bintasortaokulu.meb.k12.tr/tema/okulumuz_hakkinda.php,2026-10-01T18:41:20.370821+00:00,,Öğrenci : 151
Diyarbakır,Çermik,Bintaş İlkokulu,717376,İlkokul,https://bintasilkokulu.meb.k12.tr,,,https://bintasilkokulu.meb.k12.tr/tema/harita.php,2026-08-31,104,104,bulundu,https://bintasilkokulu.meb.k12.tr/,2026-10-01T18:41:20.387944+00:00,,Öğrenci Sayısı 104
Diyarbakır,Çermik,Bircemal Köyü İlkokulu,734055,İlkokul,https://bircemalilkokulu.meb.k12.tr,,,https://bircemalilkokulu.meb.k12.tr/tema/harita.php,2026-08-31,36,36,bulundu,https://bircemalilkokulu.meb.k12.tr/,2026-10-01T18:41:20.439739+00:00,,Öğrenci Sayısı : 36
Diyarbakır,Çermik,Cavit Torun İmam Hatip Ortaokulu,711688,İmam Hatip Ortaokulu,https://cavittorunortaokulu.meb.k12.tr,,,https://cavittorunortaokulu.meb.k12.tr/tema/harita.php,2026-08-31,,,bulunamadi,,2026-10-01T18:41:20.484187+00:00,,
Diyarbakır,Çermik,Cumhuriyet ilkokulu,879504,İlkokul,https://cermikcumhuriyet.meb.k12.tr,,,https://cermikcumhuriyet.meb.k12.tr/tema/harita.php,2026-08-31,,,bulunamadi,,2026-10-01T18:41:20.496305+00:00,,
Diyarbakır,Çermik,Dallıkaya İlkokulu,731176,İlkokul,https://cermikdallikayailkokulu.meb.k12.tr,,,https://cermikdallikayailkokulu.meb.k12.tr/tema/harita.php,2026-08-31,65,65,bulundu,https://cermikdallikayailkokulu.meb.k12.tr/,2026-10-01T18:41:20.605878+00:00,,Öğrenci Sayısı: 65
Diyarbakır,Çermik,Dilekpınar Canaydın Ortaokulu,731097,Ortaokul,https://dilekpinarortaokulu.meb.k12.tr,,,https://dilekpinarortaokulu.meb.k12.tr/tema/harita.php,2026-08-31,33,33,bulundu,https://dilekpinarortaokulu.meb.k12.tr/,2026-10-01T18:41:20.629013+00:00,,Öğrenci Sayısı : 33
Diyarbakır,Çermik,Dilekpınar Köyü Canaydın İlkokulu,717429,İlkokul,https://dilekpinarilkokulu.meb.k12.tr,,,https://dilekpinarilkokulu.meb.k12.tr/tema/harita.php,2026-08-31,49,49,bulundu,https://dilekpinarilkokulu.meb.k12.tr/,2026-10-01T18:41:20.629936+00:00,,Öğrenci Sayısı: 49
Diyarbakır,Çermik,Elifuşağı İlkokulu,733954,İlkokul,https://cermikelifusagiilkokulu.meb.k12.tr,,,https://cermikelifusagiilkokulu.meb.k12.tr/tema/harita.php,2026-08-31,41,41,bulundu,https://cermikelifusagiilkokulu.meb.k12.tr/,2026-10-01T18:41:20.690034+00:00,,Öğrenci Sayısı: 41
Diyarbakır,Çermik,Ercan Demirkol  İlkokulu,771478,İlkokul,https://ercandemirkolilkokulu.meb.k12.tr,,,https://ercandemirkolilkokulu.meb.k12.tr/tema/harita.php,2026-08-31,317,317,bulundu,https://ercandemirkolilkokulu.meb.k12.tr/,2026-10-01T18:41:20.693616+00:00,,Öğrenci Sayısı : 317
Diyarbakır,Çermik,Ercan Demirkol Anadolu Lisesi,966412,Anadolu Lisesi,https://ercandemirkolanadolulisesi.meb.k12.tr,,,https://ercandemirkolanadolulisesi.meb.k12.tr/tema/harita.php,2026-08-31,542,542,bulundu,https://ercandemirkolanadolulisesi.meb.k12.tr/,2026-10-01T18:41:20.894569+00:00,,Öğrenci Sayısı : 542
Diyarbakır,Çermik,Eskibağ İlkokulu,733958,İlkokul,https://eskibagilkokulu.meb.k12.tr,,,https://eskibagilkokulu.meb.k12.tr/tema/harita.php,2026-08-31,17,17,bulundu,https://eskibagilkokulu.meb.k12.tr/tema/okulumuz_hakkinda.php,2026-10-01T18:41:20.932525+00:00,,Öğrenci : 17
Diyarbakır,Çermik,Fatih Ortaokulu,716948,Ortaokul,https://cermikfatih.meb.k12.tr,,,https://cermikfatih.meb.k12.tr/tema/harita.php,2026-08-31,325,325,bulundu,https://cermikfatih.meb.k12.tr/,2026-10-01T18:41:21.000066+00:00,,Öğrenci Sayısı : 325
Diyarbakır,Çermik,Gelincik Dağı İlkokulu,761081,İlkokul,https://gelincikdagiilkokulu.meb.k12.tr,,,https://gelincikdagiilkokulu.meb.k12.tr/tema/harita.php,2026-08-31,294,294,bulundu,https://gelincikdagiilkokulu.meb.k12.tr/,2026-10-01T18:41:21.019933+00:00,,Öğrenci Sayısı : 294
Diyarbakır,Çermik,Günaşan İlkokulu,734045,İlkokul,https://gunasanilkokulu.meb.k12.tr,,,https://gunasanilkokulu.meb.k12.tr/tema/harita.php,2026-08-31,28,28,bulundu,https://gunasanilkokulu.meb.k12.tr/,2026-10-01T18:41:21.049545+00:00,,Öğrenci Sayısı: 28
Diyarbakır,Çermik,Güney Ortaokulu,744516,Ortaokul,https://guneyoo.meb.k12.tr,,,https://guneyoo.meb.k12.tr/tema/harita.php,2026-08-31,150,150,bulundu,https://guneyoo.meb.k12.tr/,2026-10-01T18:41:21.068511+00:00,,Öğrenci Sayısı 150
Diyarbakır,Çermik,Güney İlkokulu,731184,İlkokul,https://cermikguneyio.meb.k12.tr,,,https://cermikguneyio.meb.k12.tr/tema/harita.php,2026-08-31,80,80,bulundu,https://cermikguneyio.meb.k12.tr/,2026-10-01T18:41:21.080561+00:00,,Öğrenci Sayısı : 80
Diyarbakır,Çermik,Gürüz İlkokulu,717476,İlkokul,https://guruzilkokulu.meb.k12.tr,,,https://guruzilkokulu.meb.k12.tr/tema/harita.php,2026-08-31,154,154,bulundu,https://guruzilkokulu.meb.k12.tr/,2026-10-01T18:41:21.106594+00:00,,Öğrenci Sayısı 154
Diyarbakır,Çermik,Güzel Mezrası İlkokulu,733998,İlkokul,https://guzelilkokulu.meb.k12.tr,,,https://guzelilkokulu.meb.k12.tr/tema/harita.php,2026-08-31,20,20,bulundu,https://guzelilkokulu.meb.k12.tr/,2026-10-01T18:41:21.156591+00:00,,Öğrenci Sayısı : 20
Diyarbakır,Çermik,Hakan Bahçeci Anadolu Lisesi,769487,Anadolu Lisesi,https://hakanbahceci.meb.k12.tr,,,https://hakanbahceci.meb.k12.tr/tema/harita.php,2026-08-31,419,419,bulundu,https://hakanbahceci.meb.k12.tr/,2026-10-01T18:41:21.551349+00:00,,Öğrenci Sayısı : 419
Diyarbakır,Çermik,Karataş İlkokulu,731147,İlkokul,https://cermikkaratas.meb.k12.tr,,,https://cermikkaratas.meb.k12.tr/tema/harita.php,2026-08-31,12,12,bulundu,https://cermikkaratas.meb.k12.tr/,2026-10-01T18:41:21.599371+00:00,,Öğrenci Sayısı: 12
Diyarbakır,Çermik,Kayagediği İmam Hatip Ortaokulu,764781,İmam Hatip Ortaokulu,https://kayagedigiiho.meb.k12.tr,,,https://kayagedigiiho.meb.k12.tr/tema/harita.php,2026-08-31,,,bulunamadi,,2026-10-01T18:41:21.715328+00:00,,
Diyarbakır,Çermik,Keklik İlkokulu,879462,İlkokul,https://cermikkeklikio.meb.k12.tr,,,https://cermikkeklikio.meb.k12.tr/tema/harita.php,2026-08-31,33,33,bulundu,https://cermikkeklikio.meb.k12.tr/,2026-10-01T18:41:21.798751+00:00,,Öğrenci Sayısı 33
Diyarbakır,Çermik,Konuksever İlkokulu,731292,İlkokul,https://cermikkonukseverilkokulu.meb.k12.tr,,,https://cermikkonukseverilkokulu.meb.k12.tr/tema/harita.php,2026-08-31,29,29,bulundu,https://cermikkonukseverilkokulu.meb.k12.tr/,2026-10-01T18:41:21.849533+00:00,,Öğrenci Sayısı 29
Diyarbakır,Çermik,Korudağ İlkokulu,976979,İlkokul,https://korudagilkokulu.meb.k12.tr,,,https://korudagilkokulu.meb.k12.tr/tema/harita.php,2026-08-31,55,55,bulundu,https://korudagilkokulu.meb.k12.tr/,2026-10-01T18:41:21.989597+00:00,,Öğrenci Sayısı 55
Diyarbakır,Çermik,Korudağ İmam Hatip Ortaokulu,764782,İmam Hatip Ortaokulu,https://korudagiho.meb.k12.tr,,,https://korudagiho.meb.k12.tr/tema/harita.php,2026-08-31,83,83,bulundu,https://korudagiho.meb.k12.tr/,2026-10-01T18:41:22.045464+00:00,,Öğrenci Sayısı 83
Diyarbakır,Çermik,Kuşlukçayırı Esikler Mezrası İlkokulu,733951,İlkokul,https://esiklerilkokulu.meb.k12.tr,,,https://esiklerilkokulu.meb.k12.tr/tema/harita.php,2026-08-31,55,55,bulundu,https://esiklerilkokulu.meb.k12.tr/,2026-10-01T18:41:22.103111+00:00,,Öğrenci Sayısı: 55
Diyarbakır,Çermik,Kuşlukçayırı İlkokulu,731123,İlkokul,https://kuslukcayiriilkokulu.meb.k12.tr,,,https://kuslukcayiriilkokulu.meb.k12.tr/tema/harita.php,2026-08-31,28,28,bulundu,https://kuslukcayiriilkokulu.meb.k12.tr/tema/okulumuz_hakkinda.php,2026-10-01T18:41:22.128779+00:00,,Öğrenci : 28
Diyarbakır,Çermik,Köksal İlkokulu,743624,İlkokul,https://koksalkoyuilkokulu.meb.k12.tr,,,https://koksalkoyuilkokulu.meb.k12.tr/tema/harita.php,2026-08-31,40,40,bulundu,https://koksalkoyuilkokulu.meb.k12.tr/,2026-10-01T18:41:22.181885+00:00,,Öğrenci Sayısı: 40
Diyarbakır,Çermik,Kırmatepe İlkokulu,731152,İlkokul,https://kirmatepeilkokulu.meb.k12.tr,,,https://kirmatepeilkokulu.meb.k12.tr/tema/harita.php,2026-08-31,28,28,bulundu,https://kirmatepeilkokulu.meb.k12.tr/,2026-10-01T18:41:22.220813+00:00,,Öğrenci Sayısı: 28
Diyarbakır,Çermik,Muhammed Emin Er Anadolu İmam Hatip Lisesi,758281,Anadolu İmam Hatip Lisesi,https://muhammedemineraihl.meb.k12.tr,,,https://muhammedemineraihl.meb.k12.tr/tema/harita.php,2026-08-31,262,262,bulundu,https://muhammedemineraihl.meb.k12.tr/,2026-10-01T18:41:22.281335+00:00,,Öğrenci Sayısı : 262
Diyarbakır,Çermik,Muharrem Akkılıç ilkokulu,716993,İlkokul,https://muharremakkilicilkokulu.meb.k12.tr,,,https://muharremakkilicilkokulu.meb.k12.tr/tema/harita.php,2026-08-31,460,460,bulundu,https://muharremakkilicilkokulu.meb.k12.tr/,2026-10-01T18:41:22.292829+00:00,,Öğrenci Sayısı 460
Diyarbakır,Çermik,Petekkaya Ortaokulu,731151,Ortaokul,https://petekkayaortaokulu.meb.k12.tr,,,https://petekkayaortaokulu.meb.k12.tr/tema/harita.php,2026-08-31,128,128,bulundu,https://petekkayaortaokulu.meb.k12.tr/,2026-10-01T18:41:22.293737+00:00,,Öğrenci Sayısı : 128
Diyarbakır,Çermik,Petekkaya İlkokulu,717770,İlkokul,https://petekkayailkokulu.meb.k12.tr,,,https://petekkayailkokulu.meb.k12.tr/tema/harita.php,2026-08-31,142,142,bulundu,https://petekkayailkokulu.meb.k12.tr/,2026-10-01T18:41:22.324618+00:00,,Öğrenci Sayısı : 142
Diyarbakır,Çermik,Pınarlı İlkokulu,770978,İlkokul,https://770978.meb.k12.tr,,,https://770978.meb.k12.tr/tema/harita.php,2026-08-31,36,36,bulundu,https://770978.meb.k12.tr/,2026-10-01T18:41:22.348989+00:00,,Öğrenci Sayısı : 36
Diyarbakır,Çermik,Recep Sular İlkokulu,734013,İlkokul,https://recepsularilkokulu.meb.k12.tr,,,https://recepsularilkokulu.meb.k12.tr/tema/harita.php,2026-08-31,38,38,bulundu,https://recepsularilkokulu.meb.k12.tr/,2026-10-01T18:41:22.502814+00:00,,Öğrenci Sayısı 38
Diyarbakır,Çermik,Saray İlkokulu,717026,İlkokul,https://cermiksaray.meb.k12.tr,,,https://cermiksaray.meb.k12.tr/tema/harita.php,2026-08-31,,,bulunamadi,,2026-10-01T18:41:22.545327+00:00,,
Diyarbakır,Çermik,Sarıbalta İlkokulu,738631,İlkokul,https://saribaltailkokulu.meb.k12.tr,,,https://saribaltailkokulu.meb.k12.tr/tema/harita.php,2026-08-31,30,30,bulundu,https://saribaltailkokulu.meb.k12.tr/,2026-10-01T18:41:22.552094+00:00,,Öğrenci Sayısı: 30
Diyarbakır,Çermik,Toplu Köyü Mehmet Gümüş İlkokulu,733915,İlkokul,https://toplukoyumehmetgumusio.meb.k12.tr,,,https://toplukoyumehmetgumusio.meb.k12.tr/tema/harita.php,2026-08-31,64,64,bulundu,https://toplukoyumehmetgumusio.meb.k12.tr/,2026-10-01T18:41:22.552897+00:00,,Öğrenci Sayısı 64
Diyarbakır,Çermik,Yabanardı İlkokulu,731022,İlkokul,https://yabanardiilkokulu.meb.k12.tr,,,https://yabanardiilkokulu.meb.k12.tr/tema/harita.php,2026-08-31,,,bulunamadi,,2026-10-01T18:41:22.557528+00:00,,
Diyarbakır,Çermik,Yaylacık Harabe Mezrası Ortaokulu,777392,Ortaokul,https://777392.meb.k12.tr,,,https://777392.meb.k12.tr/tema/harita.php,2026-08-31,,,bulunamadi,,2026-10-01T18:41:22.624081+00:00,,
Diyarbakır,Çermik,Yaylacık Köyü Harabe Mezrası İlkokulu,734028,İlkokul,https://yaylacikharabe.meb.k12.tr,,,https://yaylacikharabe.meb.k12.tr/tema/harita.php,2026-08-31,43,43,bulundu,https://yaylacikharabe.meb.k12.tr/,2026-10-01T18:41:22.646795+00:00,,Öğrenci Sayısı 43
Diyarbakır,Çermik,Yaylacık İlkokulu,733981,İlkokul,https://yaylacikilkokulu.meb.k12.tr,,,https://yaylacikilkokulu.meb.k12.tr/tema/harita.php,2026-08-31,42,42,bulundu,https://yaylacikilkokulu.meb.k12.tr/,2026-10-01T18:41:22.973478+00:00,,Öğrenci Sayısı 42
Diyarbakır,Çermik,Yayıklı Ortaokulu,731148,Ortaokul,https://yayikliortaokulu.meb.k12.tr,,,https://yayikliortaokulu.meb.k12.tr/tema/harita.php,2026-08-31,111,111,bulundu,https://yayikliortaokulu.meb.k12.tr/,2026-10-01T18:41:23.061480+00:00,,Öğrenci Sayısı : 111
Diyarbakır,Çermik,Yayıklı İlkokulu,718021,İlkokul,https://yayikliilkokulu.meb.k12.tr,,,https://yayikliilkokulu.meb.k12.tr/tema/harita.php,2026-08-31,86,86,bulundu,https://yayikliilkokulu.meb.k12.tr/,2026-10-01T18:41:23.170144+00:00,,Öğrenci Sayısı : 86
Diyarbakır,Çermik,Yeşilova İlkokulu,734010,İlkokul,https://yesilovakoyuilkokulu.meb.k12.tr,,,https://yesilovakoyuilkokulu.meb.k12.tr/tema/harita.php,2026-08-31,158,158,bulundu,https://yesilovakoyuilkokulu.meb.k12.tr/,2026-10-01T18:41:23.462289+00:00,,Öğrenci Sayısı 158
Diyarbakır,Çermik,Yeşilova İmam Hatip Ortaokulu,764783,İmam Hatip Ortaokulu,https://764783.meb.k12.tr,,,https://764783.meb.k12.tr/tema/harita.php,2026-08-31,158,158,bulundu,https://764783.meb.k12.tr/,2026-10-01T18:41:23.571508+00:00,,Öğrenci Sayısı 158
Diyarbakır,Çermik,Yiğitler İlkokulu,731037,İlkokul,https://yigitlerkoyuilkokulu.meb.k12.tr,,,https://yigitlerkoyuilkokulu.meb.k12.tr/tema/harita.php,2026-08-31,30,30,bulundu,https://yigitlerkoyuilkokulu.meb.k12.tr/,2026-10-01T18:41:23.579076+00:00,,Öğrenci Sayısı 30
Diyarbakır,Çermik,Yoğun İlkokulu,733994,İlkokul,https://yogunilkokulu.meb.k12.tr,,,https://yogunilkokulu.meb.k12.tr/tema/harita.php,2026-08-31,12,12,bulundu,https://yogunilkokulu.meb.k12.tr/,2026-10-01T18:41:23.589463+00:00,,Öğrenci Sayısı 12
Diyarbakır,Çermik,Zekai Dursun İlkokulu,717032,İlkokul,https://zekaidursunilkokulu.meb.k12.tr,,,https://zekaidursunilkokulu.meb.k12.tr/tema/harita.php,2026-08-31,288,288,bulundu,https://zekaidursunilkokulu.meb.k12.tr/,2026-10-01T18:41:23.615879+00:00,,Öğrenci Sayısı : 288
Diyarbakır,Çermik,Ziya Gökalp Ortaokulu,744066,Ortaokul,https://zgokalportaokulu.meb.k12.tr,,,https://zgokalportaokulu.meb.k12.tr/tema/harita.php,2026-08-31,126,126,bulundu,https://zgokalportaokulu.meb.k12.tr/,2026-10-01T18:41:23.634865+00:00,,Öğrenci Sayısı : 126
Diyarbakır,Çermik,Ziya Gökalp İlkokulu,879405,İlkokul,https://zgokalpilkokulu.meb.k12.tr,,,https://zgokalpilkokulu.meb.k12.tr/tema/harita.php,2026-08-31,199,199,bulundu,https://zgokalpilkokulu.meb.k12.tr/,2026-10-01T18:41:23.966256+00:00,,Öğrenci Sayısı : 199
Diyarbakır,Çermik,Zübeyde Hanım Anaokulu,909179,Anaokulu,https://cermikzubeydehanim.meb.k12.tr,,,https://cermikzubeydehanim.meb.k12.tr/tema/harita.php,2026-08-31,95,95,bulundu,https://cermikzubeydehanim.meb.k12.tr/tema/okulumuz_hakkinda.php,2026-10-01T18:41:24.002986+00:00,,Öğrenci : 95
Diyarbakır,Çermik,Çalıtepe İlkokulu,733930,İlkokul,https://calitepeilkokulu.meb.k12.tr,,,https://calitepeilkokulu.meb.k12.tr/tema/harita.php,2026-08-31,15,15,bulundu,https://calitepeilkokulu.meb.k12.tr/,2026-10-01T18:41:24.089509+00:00,,Öğrenci Sayısı: 15
Diyarbakır,Çermik,Çermik 15 Temmuz Şehitleri Ortaokulu,760248,Ortaokul,https://cermik15temmuzsehitleriortaokulu.meb.k12.tr,,,https://cermik15temmuzsehitleriortaokulu.meb.k12.tr/tema/harita.php,2026-08-31,379,379,bulundu,https://cermik15temmuzsehitleriortaokulu.meb.k12.tr/,2026-10-01T18:41:24.164128+00:00,,Öğrenci Sayısı : 379
Diyarbakır,Çermik,Çermik Fen Lisesi,761458,Fen Lisesi,https://cermikfenlisesi.meb.k12.tr,,,https://cermikfenlisesi.meb.k12.tr/tema/harita.php,2026-08-31,447,447,bulundu,https://cermikfenlisesi.meb.k12.tr/,2026-10-01T18:41:24.168691+00:00,,Öğrenci Sayısı : 447
Diyarbakır,Çermik,Çermik Halk Eğitimi Merkezi,142300,Halk Eğitimi Merkezi,https://cermikhem.meb.k12.tr,,,https://cermikhem.meb.k12.tr/tema/harita.php,2026-08-31,,,bulunamadi,,2026-10-01T18:41:24.483956+00:00,,
Diyarbakır,Çermik,Çermik Kız Anadolu İmam Hatip Lisesi,760204,Anadolu İmam Hatip Lisesi,https://cermikkizanadoluihl.meb.k12.tr,,,https://cermikkizanadoluihl.meb.k12.tr/tema/harita.php,2026-08-31,202,202,bulundu,https://cermikkizanadoluihl.meb.k12.tr/,2026-10-01T18:41:24.551530+00:00,,Öğrenci Sayısı : 202
Diyarbakır,Çermik,Çermik Kız Mesleki ve Teknik Anadolu Lisesi,142290,Mesleki ve Teknik Anadolu Lisesi,https://cermikktml.meb.k12.tr,,,https://cermikktml.meb.k12.tr/tema/harita.php,2026-08-31,583,583,bulundu,https://cermikktml.meb.k12.tr/,2026-10-01T18:41:24.558995+00:00,,Öğrenci Sayısı : 583
Diyarbakır,Çermik,Çermik Çok Programlı Anadolu Lisesi,339589,Çok Programlı Anadolu Lisesi,https://cermikcpl.meb.k12.tr,,,https://cermikcpl.meb.k12.tr/tema/harita.php,2026-08-31,503,503,bulundu,https://cermikcpl.meb.k12.tr/,2026-10-01T18:41:24.650928+00:00,,Öğrenci Sayısı 503
Diyarbakır,Çermik,Örenkuyu Ortaokulu,759665,Ortaokul,https://muratortaokulu.meb.k12.tr,,,https://muratortaokulu.meb.k12.tr/tema/harita.php,2026-08-31,142,142,bulundu,https://muratortaokulu.meb.k12.tr/tema/okulumuz_hakkinda.php,2026-10-01T18:41:24.660872+00:00,,Öğrenci : 142
Diyarbakır,Çermik,Örenkuyu İlkokulu,733969,İlkokul,https://orenkuyuilkokulu.meb.k12.tr,,,https://orenkuyuilkokulu.meb.k12.tr/tema/harita.php,2026-08-31,101,101,bulundu,https://orenkuyuilkokulu.meb.k12.tr/,2026-10-01T18:41:24.668302+00:00,,Öğrenci Sayısı : 101
Diyarbakır,Çermik,İkiçeltik İlkokulu,733945,İlkokul,https://ikiceltikilkokulu.meb.k12.tr,,,https://ikiceltikilkokulu.meb.k12.tr/tema/harita.php,2026-08-31,56,56,bulundu,https://ikiceltikilkokulu.meb.k12.tr/,2026-10-01T18:41:24.669824+00:00,,Öğrenci Sayısı: 56
Diyarbakır,Çermik,İsmail Çayırı İmam Hatip Ortaokulu,764777,İmam Hatip Ortaokulu,https://ismailcayiriimamhatip.meb.k12.tr,,,https://ismailcayiriimamhatip.meb.k12.tr/tema/harita.php,2026-08-31,82,82,bulundu,https://ismailcayiriimamhatip.meb.k12.tr/,2026-10-01T18:41:24.670594+00:00,,Öğrenci Sayısı : 82
Diyarbakır,Çermik,İsmailçayırı İlkokulu,759491,İlkokul,https://ismailcayiriilkokulu.meb.k12.tr,,,https://ismailcayiriilkokulu.meb.k12.tr/tema/harita.php,2026-08-31,93,93,bulundu,https://ismailcayiriilkokulu.meb.k12.tr/,2026-10-01T18:41:24.672815+00:00,,Öğrenci Sayısı : 93
Diyarbakır,Çermik,Şehit Ali Öztürk Ortaokulu,731162,Ortaokul,https://sehitaliozturkortaokulu.meb.k12.tr,,,https://sehitaliozturkortaokulu.meb.k12.tr/tema/harita.php,2026-08-31,120,120,bulundu,https://sehitaliozturkortaokulu.meb.k12.tr/,2026-10-01T18:41:25.079340+00:00,,Öğrenci Sayısı 120
Diyarbakır,Çermik,Şehit Yaşar Karadağ Ortaokulu,731154,Ortaokul,https://kuyuortaokulu.meb.k12.tr,,,https://kuyuortaokulu.meb.k12.tr/tema/harita.php,2026-08-31,81,81,bulundu,https://kuyuortaokulu.meb.k12.tr/,2026-10-01T18:41:25.201480+00:00,,Öğrenci Sayısı 81
Diyarbakır,Çermik,Şehit Yaşar Karadağ İlkokulu,717723,İlkokul,https://kuyuilkokulu.meb.k12.tr,,,https://kuyuilkokulu.meb.k12.tr/tema/harita.php,2026-08-31,119,119,bulundu,https://kuyuilkokulu.meb.k12.tr/,2026-10-01T18:41:25.273834+00:00,,Öğrenci Sayısı 119
Diyarbakır,Çermik,Şehit Zeki Kızıl İlkokulu,717547,İlkokul,https://cermikkayagedigiio.meb.k12.tr,,,https://cermikkayagedigiio.meb.k12.tr/tema/harita.php,2026-08-31,67,67,bulundu,https://cermikkayagedigiio.meb.k12.tr/tema/okulumuz_hakkinda.php,2026-10-01T18:41:25.346487+00:00,,Öğrenci : 67
Diyarbakır,Çermik,Şehit Ömer Yaman Ortaokulu,716963,Ortaokul,https://sehitomeryamanortaokulu.meb.k12.tr,,,https://sehitomeryamanortaokulu.meb.k12.tr/tema/harita.php,2026-08-31,612,612,bulundu,https://sehitomeryamanortaokulu.meb.k12.tr/tema/okulumuz_hakkinda.php,2026-10-01T18:41:25.465561+00:00,,Öğrenci : 612
Diyarbakır,Çermik,Şehit Ömer Yaman İmam Hatip Ortaokulu,764363,İmam Hatip Ortaokulu,https://sehitomeryamaniho.meb.k12.tr,,,https://sehitomeryamaniho.meb.k12.tr/tema/harita.php,2026-08-31,48,48,bulundu,https://sehitomeryamaniho.meb.k12.tr/tema/okulumuz_hakkinda.php,2026-10-01T18:41:25.554331+00:00,,Öğrenci : 48
Diyarbakır,Çermik,Şeyhandede İlkokulu,771263,İlkokul,https://771263.meb.k12.tr,,,https://771263.meb.k12.tr/tema/harita.php,2026-08-31,19,19,bulundu,https://771263.meb.k12.tr/,2026-10-01T18:41:25.612734+00:00,,Öğrenci Sayısı : 19
Diyarbakır,Çüngüş,Akbaşak İlkokulu,737933,İlkokul,https://cungusakbasak.meb.k12.tr,,,https://cungusakbasak.meb.k12.tr/tema/harita.php,2026-08-31,7,7,bulundu,https://cungusakbasak.meb.k12.tr/,2026-10-01T18:41:25.654413+00:00,,Öğrenci Sayısı: 7
Diyarbakır,Çüngüş,Atalar İlkokulu,738125,İlkokul,https://cungusatalarilkokulu.meb.k12.tr,,,https://cungusatalarilkokulu.meb.k12.tr/tema/harita.php,2026-08-31,70,70,bulundu,https://cungusatalarilkokulu.meb.k12.tr/,2026-10-01T18:41:25.676324+00:00,,Öğrenci Sayısı : 70
Diyarbakır,Çüngüş,Atalar İmam Hatip Ortaokulu,764730,İmam Hatip Ortaokulu,https://atalarimamhatiportaokulu.meb.k12.tr,,,https://atalarimamhatiportaokulu.meb.k12.tr/tema/harita.php,2026-08-31,68,68,bulundu,https://atalarimamhatiportaokulu.meb.k12.tr/,2026-10-01T18:41:25.722941+00:00,,Öğrenci Sayısı : 68
Diyarbakır,Çüngüş,Atatürk Ortaokulu,888002,Ortaokul,https://cungusataturk.meb.k12.tr,,,https://cungusataturk.meb.k12.tr/tema/harita.php,2026-08-31,97,97,bulundu,https://cungusataturk.meb.k12.tr/,2026-10-01T18:41:25.797565+00:00,,Öğrenci Sayısı: 97
Diyarbakır,Çüngüş,Atatürk İlkokulu,374563,İlkokul,https://cungusataturkio.meb.k12.tr,,,https://cungusataturkio.meb.k12.tr/tema/harita.php,2026-08-31,98,98,bulundu,https://cungusataturkio.meb.k12.tr/,2026-10-01T18:41:25.839415+00:00,,Öğrenci Sayısı : 98
Diyarbakır,Çüngüş,Avut İlkokulu,738142,İlkokul,https://cungusavut.meb.k12.tr,,,https://cungusavut.meb.k12.tr/tema/harita.php,2026-08-31,3,3,bulundu,https://cungusavut.meb.k12.tr/,2026-10-01T18:41:25.850486+00:00,,Öğrenci Sayısı 3
Diyarbakır,Çüngüş,Ayben Hatun Adıgüzel Anadolu Lisesi,768086,Anadolu Lisesi,https://aybenhatunadiguzelanadolulisesi.meb.k12.tr,,,https://aybenhatunadiguzelanadolulisesi.meb.k12.tr/tema/harita.php,2026-08-31,198,198,bulundu,https://aybenhatunadiguzelanadolulisesi.meb.k12.tr/,2026-10-01T18:41:25.870848+00:00,,Öğrenci Sayısı 198
Diyarbakır,Çüngüş,Aydınlı Şehit Polis Murat Dündar İlkokulu,734165,İlkokul,https://cungusaydinli.meb.k12.tr,,,https://cungusaydinli.meb.k12.tr/tema/harita.php,2026-08-31,34,34,bulundu,https://cungusaydinli.meb.k12.tr/,2026-10-01T18:41:25.879285+00:00,,Öğrenci Sayısı 34
Diyarbakır,Çüngüş,Balcılar İlkokulu,737987,İlkokul,https://cungusbalcilar.meb.k12.tr,,,https://cungusbalcilar.meb.k12.tr/tema/harita.php,2026-08-31,40,40,bulundu,https://cungusbalcilar.meb.k12.tr/,2026-10-01T18:41:25.919293+00:00,,Öğrenci Sayısı 40
Diyarbakır,Çüngüş,Borsa İstanbul 75.Yıl Yatılı Bölge Ortaokulu,747946,Ortaokul,https://cungusybo.meb.k12.tr,,,https://cungusybo.meb.k12.tr/tema/harita.php,2026-08-31,119,119,bulundu,https://cungusybo.meb.k12.tr/,2026-10-01T18:41:26.058147+00:00,,Öğrenci Sayısı : 119
Diyarbakır,Çüngüş,Elmadere İlkokulu,734177,İlkokul,https://cunguselmadere.meb.k12.tr,,,https://cunguselmadere.meb.k12.tr/tema/harita.php,2026-08-31,32,32,bulundu,https://cunguselmadere.meb.k12.tr/,2026-10-01T18:41:26.064375+00:00,,Öğrenci Sayısı 32
Diyarbakır,Çüngüş,Geçit İlkokulu,734176,İlkokul,https://cungusgecit.meb.k12.tr,,,https://cungusgecit.meb.k12.tr/tema/harita.php,2026-08-31,30,30,bulundu,https://cungusgecit.meb.k12.tr/,2026-10-01T18:41:26.099799+00:00,,Öğrenci Sayısı 30
Diyarbakır,Çüngüş,Keleşevleri İlkokulu,771292,İlkokul,https://771292.meb.k12.tr,,,https://771292.meb.k12.tr/tema/harita.php,2026-08-31,17,17,bulundu,https://771292.meb.k12.tr/,2026-10-01T18:41:26.102355+00:00,,Öğrenci Sayısı : 17
Diyarbakır,Çüngüş,Koçören İlkokulu,774375,İlkokul,https://774375.meb.k12.tr,,,https://774375.meb.k12.tr/tema/harita.php,2026-08-31,0,0,bulundu,https://774375.meb.k12.tr/,2026-10-01T18:41:26.150635+00:00,,Öğrenci Sayısı : 0
Diyarbakır,Çüngüş,Oyuklu İlkokulu,771293,İlkokul,https://771293.meb.k12.tr,,,https://771293.meb.k12.tr/tema/harita.php,2026-08-31,19,19,bulundu,https://771293.meb.k12.tr/,2026-10-01T18:41:26.280628+00:00,,Öğrenci Sayısı : 19
Diyarbakır,Çüngüş,Sağtepe Köyü Bahçe Mezrası İlkokulu,734155,İlkokul,https://cungussagtepebahce.meb.k12.tr,,,https://cungussagtepebahce.meb.k12.tr/tema/harita.php,2026-08-31,12,12,bulundu,https://cungussagtepebahce.meb.k12.tr/,2026-10-01T18:41:26.608059+00:00,,Öğrenci Sayısı: 12
Diyarbakır,Çüngüş,Sağtepe İlkokulu,745230,İlkokul,https://cungussagtepe.meb.k12.tr,,,https://cungussagtepe.meb.k12.tr/tema/harita.php,2026-08-31,28,28,bulundu,https://cungussagtepe.meb.k12.tr/,2026-10-01T18:41:26.693562+00:00,,Öğrenci Sayısı: 28
Diyarbakır,Çüngüş,Selahaddin Eyyubi Ortaokulu,736905,Ortaokul,https://cungusselahaddineyyubi.meb.k12.tr,,,https://cungusselahaddineyyubi.meb.k12.tr/tema/harita.php,2026-08-31,63,63,bulundu,https://cungusselahaddineyyubi.meb.k12.tr/,2026-10-01T18:41:26.741906+00:00,,Öğrenci Sayısı 63
Diyarbakır,Çüngüş,Selahaddin Eyyubi İlkokulu,554355,İlkokul,https://cungusselahaddineyyubiilkokulu.meb.k12.tr,,,https://cungusselahaddineyyubiilkokulu.meb.k12.tr/tema/harita.php,2026-08-31,,60 | 63,celiskili,https://cungusselahaddineyyubiilkokulu.meb.k12.tr/tema/okulumuz_hakkinda.php,2026-10-01T18:41:26.780932+00:00,,Öğrenci : 60 | 63 öğrenci
Diyarbakır,Çüngüş,Siteler Ortaokulu,734195,Ortaokul,https://cungussitelerortaokulu.meb.k12.tr,,,https://cungussitelerortaokulu.meb.k12.tr/tema/harita.php,2026-08-31,74,74,bulundu,https://cungussitelerortaokulu.meb.k12.tr/,2026-10-01T18:41:26.987419+00:00,,Öğrenci Sayısı : 74
Diyarbakır,Çüngüş,Siteler İlkokulu,734193,İlkokul,https://siteler.meb.k12.tr,,,https://siteler.meb.k12.tr/tema/harita.php,2026-08-31,90,90,bulundu,https://siteler.meb.k12.tr/,2026-10-01T18:41:27.110685+00:00,,Öğrenci Sayısı: 90
Diyarbakır,Çüngüş,Türkmen İlkokulu,771334,İlkokul,https://cungusturkmenio.meb.k12.tr,,,https://cungusturkmenio.meb.k12.tr/tema/harita.php,2026-08-31,0,0,bulundu,https://cungusturkmenio.meb.k12.tr/,2026-10-01T18:41:27.165369+00:00,,Öğrenci Sayısı : 0
Diyarbakır,Çüngüş,Yeniköy 15 Temmuz İmam Hatip Ortaokulu,768171,İmam Hatip Ortaokulu,https://yenikoy15temmuzsehitlerimamhatip.meb.k12.tr,,,https://yenikoy15temmuzsehitlerimamhatip.meb.k12.tr/tema/harita.php,2026-08-31,,,bulunamadi,,2026-10-01T18:41:27.197862+00:00,,
Diyarbakır,Çüngüş,Yeniköy 15 Temmuz Şehitleri Ortaokulu,734186,Ortaokul,https://yenikoy15temmuzsehitlerioo.meb.k12.tr,,,https://yenikoy15temmuzsehitlerioo.meb.k12.tr/tema/harita.php,2026-08-31,159,159,bulundu,https://yenikoy15temmuzsehitlerioo.meb.k12.tr/,2026-10-01T18:41:27.259124+00:00,,Öğrenci Sayısı : 159
Diyarbakır,Çüngüş,Yeniköy 15 Temmuz Şehitleri İlkokulu,734187,İlkokul,https://cungusyenikoyilkokulu.meb.k12.tr,,,https://cungusyenikoyilkokulu.meb.k12.tr/tema/harita.php,2026-08-31,103,103,bulundu,https://cungusyenikoyilkokulu.meb.k12.tr/,2026-10-01T18:41:27.270068+00:00,,Öğrenci Sayısı 103
Diyarbakır,Çüngüş,Yukarışeyhler Şehit Bilal Yeşilçınar İlkokulu,734188,İlkokul,https://yukariseyhlerilkokulu.meb.k12.tr,,,https://yukariseyhlerilkokulu.meb.k12.tr/tema/harita.php,2026-08-31,82,82,bulundu,https://yukariseyhlerilkokulu.meb.k12.tr/tema/okulumuz_hakkinda.php,2026-10-01T18:41:27.512391+00:00,,Öğrenci : 82
Diyarbakır,Çüngüş,Yukarışeyhler Şehit Bilal Yeşilçınar İmam Hatip Ortaokulu,764728,İmam Hatip Ortaokulu,https://yukariseyhlerimamhatiportaokulu.meb.k12.tr,,,https://yukariseyhlerimamhatiportaokulu.meb.k12.tr/tema/harita.php,2026-08-31,54,54,bulundu,https://yukariseyhlerimamhatiportaokulu.meb.k12.tr/,2026-10-01T18:41:27.697167+00:00,,Öğrenci Sayısı: 54
Diyarbakır,Çüngüş,Çüngüş Anaokulu,757522,Anaokulu,https://cungusanaokulu.meb.k12.tr,,,https://cungusanaokulu.meb.k12.tr/tema/harita.php,2026-08-31,54,54,bulundu,https://cungusanaokulu.meb.k12.tr/,2026-10-01T18:41:27.714160+00:00,,Öğrenci Sayısı: 54
Diyarbakır,Çüngüş,Çüngüş Halk Eğitimi Merkezi,142419,Halk Eğitimi Merkezi,https://cungushalkegitim.meb.k12.tr,,,https://cungushalkegitim.meb.k12.tr/tema/harita.php,2026-08-31,,,bulunamadi,,2026-10-01T18:41:27.720215+00:00,,
Diyarbakır,Çüngüş,Çüngüş Çok Programlı Anadolu Lisesi,142407,Çok Programlı Anadolu Lisesi,https://cunguscpal.meb.k12.tr,,,https://cunguscpal.meb.k12.tr/tema/harita.php,2026-08-31,201,201,bulundu,https://cunguscpal.meb.k12.tr/,2026-10-01T18:41:27.746651+00:00,,Öğrenci Sayısı : 201
Diyarbakır,Çüngüş,Çüngüş İmam Hatip Ortaokulu,760368,İmam Hatip Ortaokulu,https://cungusimamhatiportaokulu.meb.k12.tr,,,https://cungusimamhatiportaokulu.meb.k12.tr/tema/harita.php,2026-08-31,47,47,bulundu,https://cungusimamhatiportaokulu.meb.k12.tr/,2026-10-01T18:41:28.018054+00:00,,Öğrenci Sayısı: 47
Diyarbakır,Çüngüş,Öğretmenevi ve Akşam Sanat Okulu,971116,Öğretmenevi,https://cungusogretmenevi.meb.k12.tr,,,https://cungusogretmenevi.meb.k12.tr/tema/harita.php,2026-08-31,,,bulunamadi,,2026-10-01T18:41:28.058485+00:00,,
Diyarbakır,Çüngüş,İbikkaya İlkokulu,734168,İlkokul,https://cungusibikkaya.meb.k12.tr,,,https://cungusibikkaya.meb.k12.tr/tema/harita.php,2026-08-31,31,31,bulundu,https://cungusibikkaya.meb.k12.tr/,2026-10-01T18:41:28.199485+00:00,,Öğrenci Sayısı 31
Diyarbakır,Çınar,Akçomak İlkokulu,624060,İlkokul,https://akcomakilkokulu.meb.k12.tr,,,https://akcomakilkokulu.meb.k12.tr/tema/harita.php,2026-08-31,39,39,bulundu,https://akcomakilkokulu.meb.k12.tr/,2026-10-01T18:41:28.248829+00:00,,Öğrenci Sayısı 39
Diyarbakır,Çınar,Alabaş İlkokulu,731217,İlkokul,https://alabasilkokulu.meb.k12.tr,,,https://alabasilkokulu.meb.k12.tr/tema/harita.php,2026-08-31,216,216,bulundu,https://alabasilkokulu.meb.k12.tr/,2026-10-01T18:41:28.330782+00:00,,Öğrenci Sayısı: 216
Diyarbakır,Çınar,Alabaş İmam Hatip Ortaokulu,734144,İmam Hatip Ortaokulu,https://alabasimamhatiportaokulu.meb.k12.tr,,,https://alabasimamhatiportaokulu.meb.k12.tr/tema/harita.php,2026-08-31,516,516,bulundu,https://alabasimamhatiportaokulu.meb.k12.tr/,2026-10-01T18:41:28.711934+00:00,,Öğrenci Sayısı : 516
Diyarbakır,Çınar,Alancık İlkokulu,731223,İlkokul,https://alanckilkokulu.meb.k12.tr,,,https://alanckilkokulu.meb.k12.tr/tema/harita.php,2026-08-31,23,23,bulundu,https://alanckilkokulu.meb.k12.tr/,2026-10-01T18:41:28.739169+00:00,,Öğrenci Sayısı 23
Diyarbakır,Çınar,Ardantepe İlkokulu,731225,İlkokul,https://ardantepeilkokulu.meb.k12.tr,,,https://ardantepeilkokulu.meb.k12.tr/tema/harita.php,2026-08-31,33,33,bulundu,https://ardantepeilkokulu.meb.k12.tr/,2026-10-01T18:41:28.812310+00:00,,Öğrenci Sayısı : 33
Diyarbakır,Çınar,Atatürk Ortaokulu,714662,Ortaokul,https://cinarataturkortaokulu.meb.k12.tr,,,https://cinarataturkortaokulu.meb.k12.tr/tema/harita.php,2026-08-31,458,458,bulundu,https://cinarataturkortaokulu.meb.k12.tr/,2026-10-01T18:41:28.902646+00:00,,Öğrenci Sayısı 458
Diyarbakır,Çınar,Atatürk İlkokulu,767653,İlkokul,https://ataturkilkokulu767653.meb.k12.tr,,,https://ataturkilkokulu767653.meb.k12.tr/tema/harita.php,2026-08-31,244,244,bulundu,https://ataturkilkokulu767653.meb.k12.tr/,2026-10-01T18:41:29.017037+00:00,,Öğrenci Sayısı : 244
Diyarbakır,Çınar,Avdalı İlkokulu,743730,İlkokul,https://avdaliilkokulu.meb.k12.tr,,,https://avdaliilkokulu.meb.k12.tr/tema/harita.php,2026-08-31,74,74,bulundu,https://avdaliilkokulu.meb.k12.tr/,2026-10-01T18:41:29.094434+00:00,,Öğrenci Sayısı: 74
Diyarbakır,Çınar,Avdalı İmam Hatip Ortaokulu,764784,İmam Hatip Ortaokulu,https://avdaliimamhatiportaokulu.meb.k12.tr,,,https://avdaliimamhatiportaokulu.meb.k12.tr/tema/harita.php,2026-08-31,117,117,bulundu,https://avdaliimamhatiportaokulu.meb.k12.tr/,2026-10-01T18:41:29.220645+00:00,,Öğrenci Sayısı : 117
Diyarbakır,Çınar,Ayveri Kurik İlkokulu,738634,İlkokul,https://ayverikurik.meb.k12.tr,,,https://ayverikurik.meb.k12.tr/tema/harita.php,2026-08-31,101,101,bulundu,https://ayverikurik.meb.k12.tr/,2026-10-01T18:41:29.324557+00:00,,Öğrenci Sayısı : 101
Diyarbakır,Çınar,Ayveri İlkokulu,731241,İlkokul,https://ayveri.meb.k12.tr,,,https://ayveri.meb.k12.tr/tema/harita.php,2026-08-31,194,194,bulundu,https://ayveri.meb.k12.tr/,2026-10-01T18:41:29.400254+00:00,,Öğrenci Sayısı : 194
Diyarbakır,Çınar,Ağaçsever Ortaokulu,721724,Ortaokul,https://agacseverortaokulu.meb.k12.tr,,,https://agacseverortaokulu.meb.k12.tr/tema/harita.php,2026-08-31,291,291,bulundu,https://agacseverortaokulu.meb.k12.tr/,2026-10-01T18:41:29.407035+00:00,,Öğrenci Sayısı 291
Diyarbakır,Çınar,Ağaçsever İlkokulu,743764,İlkokul,https://agacseverilkokulu.meb.k12.tr,,,https://agacseverilkokulu.meb.k12.tr/tema/harita.php,2026-08-31,176,176,bulundu,https://agacseverilkokulu.meb.k12.tr/,2026-10-01T18:41:29.490122+00:00,,Öğrenci Sayısı 176
Diyarbakır,Çınar,Aşağı Konak Ortaokulu,734108,Ortaokul,https://asagikonakortaokulu.meb.k12.tr,,,https://asagikonakortaokulu.meb.k12.tr/tema/harita.php,2026-08-31,215,215,bulundu,https://asagikonakortaokulu.meb.k12.tr/,2026-10-01T18:41:29.591286+00:00,,Öğrenci Sayısı 215
Diyarbakır,Çınar,Aşağı Mollaali İlkokulu,731229,İlkokul,https://asagimollaali.meb.k12.tr,,,https://asagimollaali.meb.k12.tr/tema/harita.php,2026-08-31,30,30,bulundu,https://asagimollaali.meb.k12.tr/tema/okulumuz_hakkinda.php,2026-10-01T18:41:29.724138+00:00,,Öğrenci : 30
Diyarbakır,Çınar,Aşağı konak İlkokulu,745234,İlkokul,https://asagikonakilkokulu.meb.k12.tr,,,https://asagikonakilkokulu.meb.k12.tr/tema/harita.php,2026-08-31,263,263,bulundu,https://asagikonakilkokulu.meb.k12.tr/,2026-10-01T18:41:29.788222+00:00,,Öğrenci Sayısı: 263
Diyarbakır,Çınar,Ballıbaba Köyü Muratcık Mezrası İlkokulu,738503,İlkokul,https://muratcikilkokulu.meb.k12.tr,,,https://muratcikilkokulu.meb.k12.tr/tema/harita.php,2026-08-31,45,45,bulundu,https://muratcikilkokulu.meb.k12.tr/,2026-10-01T18:41:30.060230+00:00,,Öğrenci Sayısı: 45
Diyarbakır,Çınar,Ballıbaba İlkokulu,731259,İlkokul,https://ballibabailkokulu.meb.k12.tr,,,https://ballibabailkokulu.meb.k12.tr/tema/harita.php,2026-08-31,19,19,bulundu,https://ballibabailkokulu.meb.k12.tr/,2026-10-01T18:41:30.176159+00:00,,Öğrenci Sayısı 19
Diyarbakır,Çınar,Bayırkonak 80.Yıl İmam Hatip Ortaokulu,764799,İmam Hatip Ortaokulu,https://bayirkonakiho.meb.k12.tr,,,https://bayirkonakiho.meb.k12.tr/tema/harita.php,2026-08-31,173,173,bulundu,https://bayirkonakiho.meb.k12.tr/,2026-10-01T18:41:30.309662+00:00,,Öğrenci Sayısı 173
Diyarbakır,Çınar,Bayırkonak Köyü 80.Yıl İlkokulu,743733,İlkokul,https://bayirkonakilkokulu.meb.k12.tr,,,https://bayirkonakilkokulu.meb.k12.tr/tema/harita.php,2026-08-31,151,151,bulundu,https://bayirkonakilkokulu.meb.k12.tr/,2026-10-01T18:41:30.312407+00:00,,Öğrenci Sayısı 151
Diyarbakır,Çınar,Bağacık İlkokulu,731249,İlkokul,https://bagacikilkokulu.meb.k12.tr,,,https://bagacikilkokulu.meb.k12.tr/tema/harita.php,2026-08-31,106,106,bulundu,https://bagacikilkokulu.meb.k12.tr/,2026-10-01T18:41:30.424757+00:00,,Öğrenci Sayısı: 106
Diyarbakır,Çınar,Bağacık İmam Hatip Ortaokulu,764804,İmam Hatip Ortaokulu,https://bagacikimamhatiportaokulu.meb.k12.tr,,,https://bagacikimamhatiportaokulu.meb.k12.tr/tema/harita.php,2026-08-31,79,79,bulundu,https://bagacikimamhatiportaokulu.meb.k12.tr/,2026-10-01T18:41:30.458362+00:00,,Öğrenci Sayısı 79
Diyarbakır,Çınar,Başaklı İlkokulu,624550,İlkokul,https://basakli.meb.k12.tr,,,https://basakli.meb.k12.tr/tema/harita.php,2026-08-31,284,284,bulundu,https://basakli.meb.k12.tr/,2026-10-01T18:41:30.472157+00:00,,Öğrenci Sayısı: 284
Diyarbakır,Çınar,Başaklı İmam Hatip Ortaokulu,734130,İmam Hatip Ortaokulu,https://basakliiho.meb.k12.tr,,,https://basakliiho.meb.k12.tr/tema/harita.php,2026-08-31,226,226,bulundu,https://basakliiho.meb.k12.tr/,2026-10-01T18:41:30.523335+00:00,,Öğrenci Sayısı : 226
Diyarbakır,Çınar,Başalan Ortaokulu,734128,Ortaokul,https://basalanortaokulu.meb.k12.tr,,,https://basalanortaokulu.meb.k12.tr/tema/harita.php,2026-08-31,142,142,bulundu,https://basalanortaokulu.meb.k12.tr/,2026-10-01T18:41:30.648098+00:00,,Öğrenci Sayısı 142
Diyarbakır,Çınar,Başalan İlkokulu,743685,İlkokul,https://basalanilkokulu.meb.k12.tr,,,https://basalanilkokulu.meb.k12.tr/tema/harita.php,2026-08-31,152,152,bulundu,https://basalanilkokulu.meb.k12.tr/,2026-10-01T18:41:30.951252+00:00,,Öğrenci Sayısı 152
Diyarbakır,Çınar,Bellitaş İlkokulu,733895,İlkokul,https://bellita.meb.k12.tr,,,https://bellita.meb.k12.tr/tema/harita.php,2026-08-31,96,96,bulundu,https://bellita.meb.k12.tr/,2026-10-01T18:41:31.073771+00:00,,Öğrenci Sayısı : 96
Diyarbakır,Çınar,Beneklitaş İlkokulu,733900,İlkokul,https://beneklitas.meb.k12.tr,,,https://beneklitas.meb.k12.tr/tema/harita.php,2026-08-31,129,129,bulundu,https://beneklitas.meb.k12.tr/,2026-10-01T18:41:31.165400+00:00,,Öğrenci Sayısı 129
Diyarbakır,Çınar,Beşpınar Ortaokulu,553959,Ortaokul,https://cinarbespinarortaokulu.meb.k12.tr,,,https://cinarbespinarortaokulu.meb.k12.tr/tema/harita.php,2026-08-31,209,209,bulundu,https://cinarbespinarortaokulu.meb.k12.tr/,2026-10-01T18:41:31.230301+00:00,,Öğrenci Sayısı : 209
Diyarbakır,Çınar,Beşpınar İlkokulu,733904,İlkokul,https://cinarbespinarilkokulu.meb.k12.tr,,,https://cinarbespinarilkokulu.meb.k12.tr/tema/harita.php,2026-08-31,170,170,bulundu,https://cinarbespinarilkokulu.meb.k12.tr/,2026-10-01T18:41:31.248754+00:00,,Öğrenci Sayısı 170
Diyarbakır,Çınar,Bilmece İlkokulu,733908,İlkokul,https://bilmeceilkokulu.meb.k12.tr,,,https://bilmeceilkokulu.meb.k12.tr/tema/harita.php,2026-08-31,22,22,bulundu,https://bilmeceilkokulu.meb.k12.tr/,2026-10-01T18:41:31.334123+00:00,,Öğrenci Sayısı: 22
Diyarbakır,Çınar,Biramehmetağa İlkokulu,733914,İlkokul,https://biramehmetaga.meb.k12.tr,,,https://biramehmetaga.meb.k12.tr/tema/harita.php,2026-08-31,22,22,bulundu,https://biramehmetaga.meb.k12.tr/,2026-10-01T18:41:31.348498+00:00,,Öğrenci Sayısı 22
Diyarbakır,Çınar,Bozçalı İlkokulu,733919,İlkokul,https://bozcaliilkokulu.meb.k12.tr,,,https://bozcaliilkokulu.meb.k12.tr/tema/harita.php,2026-08-31,20,20,bulundu,https://bozcaliilkokulu.meb.k12.tr/,2026-10-01T18:41:31.464013+00:00,,Öğrenci Sayısı: 20
Diyarbakır,Çınar,Boğazören İlkokulu,733916,İlkokul,https://cinarbogazoren.meb.k12.tr,,,https://cinarbogazoren.meb.k12.tr/tema/harita.php,2026-08-31,179,179,bulundu,https://cinarbogazoren.meb.k12.tr/,2026-10-01T18:41:31.413025+00:00,,Öğrenci Sayısı: 179
Diyarbakır,Çınar,Bulutçeker İlkokulu,746031,İlkokul,https://bulutcekerilkokulu.meb.k12.tr,,,https://bulutcekerilkokulu.meb.k12.tr/tema/harita.php,2026-08-31,154,154,bulundu,https://bulutcekerilkokulu.meb.k12.tr/,2026-10-01T18:41:31.485206+00:00,,Öğrenci Sayısı 154
Diyarbakır,Çınar,Bulutçeker İmam Hatip Ortaokulu,762320,İmam Hatip Ortaokulu,https://bulutcekeriho.meb.k12.tr,,,https://bulutcekeriho.meb.k12.tr/tema/harita.php,2026-08-31,224,224,bulundu,https://bulutcekeriho.meb.k12.tr/,2026-10-01T18:41:31.496678+00:00,,Öğrenci Sayısı 224
Diyarbakır,Çınar,Cumhuriyet İlkokulu,743773,İlkokul,https://cumhuriyet21.meb.k12.tr,,,https://cumhuriyet21.meb.k12.tr/tema/harita.php,2026-08-31,293,293,bulundu,https://cumhuriyet21.meb.k12.tr/tema/okulumuz_hakkinda.php,2026-10-01T18:41:31.542020+00:00,,Öğrenci : 293
Diyarbakır,Çınar,Dişlibaşak İlkokulu,733934,İlkokul,https://dislibasakilkokulu.meb.k12.tr,,,https://dislibasakilkokulu.meb.k12.tr/tema/harita.php,2026-08-31,155,155,bulundu,https://dislibasakilkokulu.meb.k12.tr/,2026-10-01T18:41:31.544790+00:00,,Öğrenci Sayısı 155
Diyarbakır,Çınar,Düzova Ortaokulu,774450,Ortaokul,https://cinarduzovaortaokulu.meb.k12.tr,,,https://cinarduzovaortaokulu.meb.k12.tr/tema/harita.php,2026-08-31,94,94,bulundu,https://cinarduzovaortaokulu.meb.k12.tr/,2026-10-01T18:41:31.988091+00:00,,Öğrenci Sayısı : 94
Diyarbakır,Çınar,Düzova İlkokulu,554068,İlkokul,https://cinarduzovailkokulu.meb.k12.tr,,,https://cinarduzovailkokulu.meb.k12.tr/tema/harita.php,2026-08-31,68,68,bulundu,https://cinarduzovailkokulu.meb.k12.tr/,2026-10-01T18:41:32.077838+00:00,,Öğrenci Sayısı : 68
Diyarbakır,Çınar,Ekinveren İlkokulu,554081,İlkokul,https://ekinverenilkokulu.meb.k12.tr,,,https://ekinverenilkokulu.meb.k12.tr/tema/harita.php,2026-08-31,10,10,bulundu,https://ekinverenilkokulu.meb.k12.tr/,2026-10-01T18:41:32.079035+00:00,,Öğrenci Sayısı 10
Diyarbakır,Çınar,Fatih Ortaokulu,730011,Ortaokul,https://cinarfatihortaokulu.meb.k12.tr,,,https://cinarfatihortaokulu.meb.k12.tr/tema/harita.php,2026-08-31,385,385,bulundu,https://cinarfatihortaokulu.meb.k12.tr/,2026-10-01T18:41:32.090128+00:00,,Öğrenci Sayısı : 385
Diyarbakır,Çınar,Filizören İlkokulu,733939,İlkokul,https://filizrenilkokulu.meb.k12.tr,,,https://filizrenilkokulu.meb.k12.tr/tema/harita.php,2026-08-31,57,57,bulundu,https://filizrenilkokulu.meb.k12.tr/,2026-10-01T18:41:32.099066+00:00,,Öğrenci Sayısı 57
Diyarbakır,Çınar,Görece İlkokulu,751795,İlkokul,https://gorecekoyu.meb.k12.tr,,,https://gorecekoyu.meb.k12.tr/tema/harita.php,2026-08-31,101,101,bulundu,https://gorecekoyu.meb.k12.tr/,2026-10-01T18:41:32.297012+00:00,,Öğrenci Sayısı: 101
Diyarbakır,Çınar,Gözenek İlkokulu,750139,İlkokul,https://gozenek.meb.k12.tr,,,https://gozenek.meb.k12.tr/tema/harita.php,2026-08-31,34,34,bulundu,https://gozenek.meb.k12.tr/,2026-10-01T18:41:33.521616+00:00,,Öğrenci Sayısı 34
Diyarbakır,Çınar,Gümüştaş Ortaokulu,774432,Ortaokul,https://774432.meb.k12.tr,,,https://774432.meb.k12.tr/tema/harita.php,2026-08-31,122,122,bulundu,https://774432.meb.k12.tr/,2026-10-01T18:41:33.522810+00:00,,Öğrenci Sayısı : 122
Diyarbakır,Çınar,Gümüştaş İlkokulu,733941,İlkokul,https://gumustasilkokulu.meb.k12.tr,,,https://gumustasilkokulu.meb.k12.tr/tema/harita.php,2026-08-31,165,165,bulundu,https://gumustasilkokulu.meb.k12.tr/,2026-10-01T18:41:33.522121+00:00,,Öğrenci Sayısı : 165
Diyarbakır,Çınar,Halkapınar İlkokulu,733946,İlkokul,https://halkapinarilkokulu.meb.k12.tr,,,https://halkapinarilkokulu.meb.k12.tr/tema/harita.php,2026-08-31,20,20,bulundu,https://halkapinarilkokulu.meb.k12.tr/,2026-10-01T18:41:33.523375+00:00,,Öğrenci Sayısı: 20
Diyarbakır,Çınar,Halıören İlkokulu,738629,İlkokul,https://haliorenilkokulu.meb.k12.tr,,,https://haliorenilkokulu.meb.k12.tr/tema/harita.php,2026-08-31,102,102,bulundu,https://haliorenilkokulu.meb.k12.tr/,2026-10-01T18:41:33.556946+00:00,,Öğrenci Sayısı 102
Diyarbakır,Çınar,Harabe İlkokulu,733938,İlkokul,https://harabeilkokulu.meb.k12.tr,,,https://harabeilkokulu.meb.k12.tr/tema/harita.php,2026-08-31,61,61,bulundu,https://harabeilkokulu.meb.k12.tr/,2026-10-01T18:41:33.558789+00:00,,Öğrenci Sayısı: 61
Diyarbakır,Çınar,Has Köy Ortaokulu,734101,Ortaokul,https://cinarhaskoyortaokulu.meb.k12.tr,,,https://cinarhaskoyortaokulu.meb.k12.tr/tema/harita.php,2026-08-31,88,88,bulundu,https://cinarhaskoyortaokulu.meb.k12.tr/,2026-10-01T18:41:33.526773+00:00,,Öğrenci Sayısı 88
Diyarbakır,Çınar,Has Köy İlkokulu,743748,İlkokul,https://cinarhaskoyilkokulu.meb.k12.tr,,,https://cinarhaskoyilkokulu.meb.k12.tr/tema/harita.php,2026-08-31,103,103,bulundu,https://cinarhaskoyilkokulu.meb.k12.tr/,2026-10-01T18:41:33.524664+00:00,,Öğrenci Sayısı 103
Diyarbakır,Çınar,Hiça İlkokulu,733950,İlkokul,https://hicailkokulu.meb.k12.tr,,,https://hicailkokulu.meb.k12.tr/tema/harita.php,2026-08-31,129,129,bulundu,https://hicailkokulu.meb.k12.tr/,2026-10-01T18:41:33.528772+00:00,,Öğrenci Sayısı: 129
Diyarbakır,Çınar,Höyükdibi İlkokulu,733952,İlkokul,https://hykdibiilkokulu.meb.k12.tr,,,https://hykdibiilkokulu.meb.k12.tr/tema/harita.php,2026-08-31,26,26,bulundu,https://hykdibiilkokulu.meb.k12.tr/,2026-10-01T18:41:33.562784+00:00,,Öğrenci Sayısı: 26
Diyarbakır,Çınar,Karababa İlkokulu,554259,İlkokul,https://cinarkarababailkokulu.meb.k12.tr,,,https://cinarkarababailkokulu.meb.k12.tr/tema/harita.php,2026-08-31,77,77,bulundu,https://cinarkarababailkokulu.meb.k12.tr/,2026-10-01T18:41:33.917965+00:00,,Öğrenci Sayısı: 77
Diyarbakır,Çınar,Karabudak Şehit Er Hakkı Aran İlkokulu,554235,İlkokul,https://karabudak.meb.k12.tr,,,https://karabudak.meb.k12.tr/tema/harita.php,2026-08-31,46,46,bulundu,https://karabudak.meb.k12.tr/tema/okulumuz_hakkinda.php,2026-10-01T18:41:33.565029+00:00,,Öğrenci : 46
Diyarbakır,Çınar,Karalar İlkokulu,733972,İlkokul,https://karalarilkokul.meb.k12.tr,,,https://karalarilkokul.meb.k12.tr/tema/harita.php,2026-08-31,20,20,bulundu,https://karalarilkokul.meb.k12.tr/,2026-10-01T18:41:33.840676+00:00,,Öğrenci Sayısı 20
Diyarbakır,Çınar,Karasungur Çatmadal İlkokulu,751792,İlkokul,https://karasungurcatmadalilkokulu.meb.k12.tr,,,https://karasungurcatmadalilkokulu.meb.k12.tr/tema/harita.php,2026-08-31,68,68,bulundu,https://karasungurcatmadalilkokulu.meb.k12.tr/,2026-10-01T18:41:33.849698+00:00,,Öğrenci Sayısı: 68
Diyarbakır,Çınar,Karasungur İlkokulu,743712,İlkokul,https://karasungurilkokulu.meb.k12.tr,,,https://karasungurilkokulu.meb.k12.tr/tema/harita.php,2026-08-31,369,369,bulundu,https://karasungurilkokulu.meb.k12.tr/,2026-10-01T18:41:33.853049+00:00,,Öğrenci Sayısı: 369
Diyarbakır,Çınar,Karasungur İmam Hatip Ortaokulu,764786,İmam Hatip Ortaokulu,https://karasunguriho.meb.k12.tr,,,https://karasunguriho.meb.k12.tr/tema/harita.php,2026-08-31,278,278,bulundu,https://karasunguriho.meb.k12.tr/,2026-10-01T18:41:33.877797+00:00,,Öğrenci Sayısı 278
Diyarbakır,Çınar,Karaçbelik İlkokulu,733961,İlkokul,https://karacbelikilkokulu.meb.k12.tr,,,https://karacbelikilkokulu.meb.k12.tr/tema/harita.php,2026-08-31,73,73,bulundu,https://karacbelikilkokulu.meb.k12.tr/,2026-10-01T18:41:33.921019+00:00,,Öğrenci Sayısı 73
Diyarbakır,Çınar,Karaçevre Ortaokulu,734136,Ortaokul,https://karacevreortaokulu.meb.k12.tr,,,https://karacevreortaokulu.meb.k12.tr/tema/harita.php,2026-08-31,375,375,bulundu,https://karacevreortaokulu.meb.k12.tr/,2026-10-01T18:41:33.865816+00:00,,Öğrenci Sayısı : 375
Diyarbakır,Çınar,Karaçevre İlkokulu,624682,İlkokul,https://karacevreilkokulu.meb.k12.tr,,,https://karacevreilkokulu.meb.k12.tr/tema/harita.php,2026-08-31,393,393,bulundu,https://karacevreilkokulu.meb.k12.tr/,2026-10-01T18:41:33.846785+00:00,,Öğrenci Sayısı : 393
Diyarbakır,Çınar,Kubacık İlkokulu,733974,İlkokul,https://kubacik21io.meb.k12.tr,,,https://kubacik21io.meb.k12.tr/tema/harita.php,2026-08-31,11,11,bulundu,https://kubacik21io.meb.k12.tr/,2026-10-01T18:41:33.852246+00:00,,Öğrenci Sayısı 11
Diyarbakır,Çınar,Kuruyazı İlkokulu,733976,İlkokul,https://kuruyaziilkokulu.meb.k12.tr,,,https://kuruyaziilkokulu.meb.k12.tr/tema/harita.php,2026-08-31,64,64,bulundu,https://kuruyaziilkokulu.meb.k12.tr/,2026-10-01T18:41:33.848781+00:00,,Öğrenci Sayısı 64
Diyarbakır,Çınar,Kuyuluhöyük Köyü Yalçın Tanrukulu İlkokulu,965517,İlkokul,https://kuyuluhoyukilkokulu.meb.k12.tr,,,https://kuyuluhoyukilkokulu.meb.k12.tr/tema/harita.php,2026-08-31,24,24,bulundu,https://kuyuluhoyukilkokulu.meb.k12.tr/,2026-10-01T18:41:33.919519+00:00,,Öğrenci Sayısı 24
Diyarbakır,Çınar,Köksalan İlkokulu,731135,İlkokul,https://koksalan.meb.k12.tr,,,https://koksalan.meb.k12.tr/tema/harita.php,2026-08-31,34,34,bulundu,https://koksalan.meb.k12.tr/,2026-10-01T18:41:33.844468+00:00,,Öğrenci Sayısı: 34
Diyarbakır,Çınar,Kürekli İlkokulu,553839,İlkokul,https://cinarkurekliilkokulu.meb.k12.tr,,,https://cinarkurekliilkokulu.meb.k12.tr/tema/harita.php,2026-08-31,48,48,bulundu,https://cinarkurekliilkokulu.meb.k12.tr/,2026-10-01T18:41:33.948869+00:00,,Öğrenci Sayısı: 48
Diyarbakır,Çınar,Kılıçkaya Ortaokulu,734137,Ortaokul,https://cinarkilickaya.meb.k12.tr,,,https://cinarkilickaya.meb.k12.tr/tema/harita.php,2026-08-31,221,221,bulundu,https://cinarkilickaya.meb.k12.tr/,2026-10-01T18:41:34.181345+00:00,,Öğrenci Sayısı 221
Diyarbakır,Çınar,Kılıçkaya İlkokulu,553876,İlkokul,https://kilickayailkokulu.meb.k12.tr,,,https://kilickayailkokulu.meb.k12.tr/tema/harita.php,2026-08-31,340,340,bulundu,https://kilickayailkokulu.meb.k12.tr/,2026-10-01T18:41:34.255926+00:00,,Öğrenci Sayısı: 340
Diyarbakır,Çınar,Kınalıtarla İlkokulu,762782,İlkokul,https://kinalitarlailkokulu.meb.k12.tr,,,https://kinalitarlailkokulu.meb.k12.tr/tema/harita.php,2026-08-31,11,11,bulundu,https://kinalitarlailkokulu.meb.k12.tr/,2026-10-01T18:41:34.327045+00:00,,Öğrenci Sayısı: 11
Diyarbakır,Çınar,Kırkağaç İlkokulu,751794,İlkokul,https://kirkagac.meb.k12.tr,,,https://kirkagac.meb.k12.tr/tema/harita.php,2026-08-31,32,32,bulundu,https://kirkagac.meb.k12.tr/,2026-10-01T18:41:34.372536+00:00,,Öğrenci Sayısı 32
Diyarbakır,Çınar,Leblebitaş İlkokulu,733985,İlkokul,https://leblebitasilkokulu.meb.k12.tr,,,https://leblebitasilkokulu.meb.k12.tr/tema/harita.php,2026-08-31,218,218,bulundu,https://leblebitasilkokulu.meb.k12.tr/,2026-10-01T18:41:34.555566+00:00,,Öğrenci Sayısı 218
Diyarbakır,Çınar,Mehmet Akif Ersoy İlkokulu,713519,İlkokul,https://cinarmehmetakif.meb.k12.tr,,,https://cinarmehmetakif.meb.k12.tr/tema/harita.php,2026-08-31,247,247,bulundu,https://cinarmehmetakif.meb.k12.tr/,2026-10-01T18:41:34.754102+00:00,,Öğrenci Sayısı : 247
Diyarbakır,Çınar,Meydan İlkokulu,733990,İlkokul,https://meydanilkokulu.meb.k12.tr,,,https://meydanilkokulu.meb.k12.tr/tema/harita.php,2026-08-31,43,43,bulundu,https://meydanilkokulu.meb.k12.tr/,2026-10-01T18:41:34.774963+00:00,,Öğrenci Sayısı: 43
Diyarbakır,Çınar,Mollapolat Ortaokulu,734110,Ortaokul,https://mollapolatortaokulu.meb.k12.tr,,,https://mollapolatortaokulu.meb.k12.tr/tema/harita.php,2026-08-31,71,71,bulundu,https://mollapolatortaokulu.meb.k12.tr/,2026-10-01T18:41:34.811922+00:00,,Öğrenci Sayısı 71
Diyarbakır,Çınar,Mollapolat İlkokulu,743745,İlkokul,https://mollapolatilkokulu.meb.k12.tr,,,https://mollapolatilkokulu.meb.k12.tr/tema/harita.php,2026-08-31,78,78,bulundu,https://mollapolatilkokulu.meb.k12.tr/,2026-10-01T18:41:34.937206+00:00,,Öğrenci Sayısı 78
Diyarbakır,Çınar,Ortaviran Köyü İlkokulu,824432,İlkokul,https://ortaviranilkokulu.meb.k12.tr,,,https://ortaviranilkokulu.meb.k12.tr/tema/harita.php,2026-08-31,103,103,bulundu,https://ortaviranilkokulu.meb.k12.tr/,2026-10-01T18:41:35.002309+00:00,,Öğrenci Sayısı 103
Diyarbakır,Çınar,Ortaviran Ortaokulu,734114,Ortaokul,https://ortaviranortaokulu.meb.k12.tr,,,https://ortaviranortaokulu.meb.k12.tr/tema/harita.php,2026-08-31,304,304,bulundu,https://ortaviranortaokulu.meb.k12.tr/,2026-10-01T18:41:35.039923+00:00,,Öğrenci Sayısı : 304
Diyarbakır,Çınar,Ortaşar Ortaokulu,966489,Ortaokul,https://ortasarortaokulu.meb.k12.tr,,,https://ortasarortaokulu.meb.k12.tr/tema/harita.php,2026-08-31,275,275,bulundu,https://ortasarortaokulu.meb.k12.tr/,2026-10-01T18:41:35.066831+00:00,,Öğrenci Sayısı 275
Diyarbakır,Çınar,Ortaşar İlkokulu,743736,İlkokul,https://ortasarilkokulu.meb.k12.tr,,,https://ortasarilkokulu.meb.k12.tr/tema/harita.php,2026-08-31,141,141,bulundu,https://ortasarilkokulu.meb.k12.tr/,2026-10-01T18:41:35.105476+00:00,,Öğrenci Sayısı : 141
Diyarbakır,Çınar,Ovabağ Ortaokulu,734148,Ortaokul,https://ovabagortaokulu.meb.k12.tr,,,https://ovabagortaokulu.meb.k12.tr/tema/harita.php,2026-08-31,692,692,bulundu,https://ovabagortaokulu.meb.k12.tr/,2026-10-01T18:41:35.135113+00:00,,Öğrenci Sayısı: 692
Diyarbakır,Çınar,Ovabağ Çok Programlı Anadolu Lisesi,767312,Çok Programlı Anadolu Lisesi,https://ovabagcpal.meb.k12.tr,,,https://ovabagcpal.meb.k12.tr/tema/harita.php,2026-08-31,708,708,bulundu,https://ovabagcpal.meb.k12.tr/,2026-10-01T18:41:35.230380+00:00,,Öğrenci Sayısı : 708
Diyarbakır,Çınar,Ovabağ İlkokulu,743714,İlkokul,https://ovabagilkokulu.meb.k12.tr,,,https://ovabagilkokulu.meb.k12.tr/tema/harita.php,2026-08-31,204,204,bulundu,https://ovabagilkokulu.meb.k12.tr/,2026-10-01T18:41:35.246518+00:00,,Öğrenci Sayısı : 204
Diyarbakır,Çınar,Pembeviran İlkokulu,733960,İlkokul,https://pembeviranilkokulu.meb.k12.tr,,,https://pembeviranilkokulu.meb.k12.tr/tema/harita.php,2026-08-31,29,29,bulundu,https://pembeviranilkokulu.meb.k12.tr/,2026-10-01T18:41:35.255981+00:00,,Öğrenci Sayısı: 29
Diyarbakır,Çınar,Salyazi İlkokulu,734004,İlkokul,https://salyaziilkokulu.meb.k12.tr,,,https://salyaziilkokulu.meb.k12.tr/tema/harita.php,2026-08-31,12,12,bulundu,https://salyaziilkokulu.meb.k12.tr/,2026-10-01T18:41:35.312466+00:00,,Öğrenci Sayısı: 12
Diyarbakır,Çınar,Sevindik Ortaokulu,734147,Ortaokul,https://cinarsevindikortaokulu.meb.k12.tr,,,https://cinarsevindikortaokulu.meb.k12.tr/tema/harita.php,2026-08-31,290,290,bulundu,https://cinarsevindikortaokulu.meb.k12.tr/,2026-10-01T18:41:35.328607+00:00,,Öğrenci Sayısı 290
Diyarbakır,Çınar,Sevindik İlkokulu,553756,İlkokul,https://cinarsevindikilkokulu.meb.k12.tr,,,https://cinarsevindikilkokulu.meb.k12.tr/tema/harita.php,2026-08-31,171,171,bulundu,https://cinarsevindikilkokulu.meb.k12.tr/,2026-10-01T18:41:35.391801+00:00,,Öğrenci Sayısı: 171
Diyarbakır,Çınar,Solmaz İlkokulu,553744,İlkokul,https://solmazilkokulu.meb.k12.tr,,,https://solmazilkokulu.meb.k12.tr/tema/harita.php,2026-08-31,52,52,bulundu,https://solmazilkokulu.meb.k12.tr/,2026-10-01T18:41:35.419052+00:00,,Öğrenci Sayısı: 52
Diyarbakır,Çınar,Sürendal İlkokulu,239420,İlkokul,https://surendalilkokulu.meb.k12.tr,,,https://surendalilkokulu.meb.k12.tr/tema/harita.php,2026-08-31,31,31,bulundu,https://surendalilkokulu.meb.k12.tr/,2026-10-01T18:41:35.420009+00:00,,Öğrenci Sayısı : 31
Diyarbakır,Çınar,Sırımkesen Ortaokulu,774429,Ortaokul,https://sirimkesenortaokulu.meb.k12.tr,,,https://sirimkesenortaokulu.meb.k12.tr/tema/harita.php,2026-08-31,129,129,bulundu,https://sirimkesenortaokulu.meb.k12.tr/,2026-10-01T18:41:35.422467+00:00,,Öğrenci Sayısı 129
Diyarbakır,Çınar,Sırımkesen İlkokulu,734007,İlkokul,https://sirimkesenilkokulu.meb.k12.tr,,,https://sirimkesenilkokulu.meb.k12.tr/tema/harita.php,2026-08-31,68,68,bulundu,https://sirimkesenilkokulu.meb.k12.tr/,2026-10-01T18:41:35.439829+00:00,,Öğrenci Sayısı 68
Diyarbakır,Çınar,Taşhelvası İlkokulu,734022,İlkokul,https://tashelvasi.meb.k12.tr,,,https://tashelvasi.meb.k12.tr/tema/harita.php,2026-08-31,37,37,bulundu,https://tashelvasi.meb.k12.tr/,2026-10-01T18:41:35.471690+00:00,,Öğrenci Sayısı 37
Diyarbakır,Çınar,Tilver İlkokulu,142336,İlkokul,https://tilverilkokulu.meb.k12.tr,,,https://tilverilkokulu.meb.k12.tr/tema/harita.php,2026-08-31,25,25,bulundu,https://tilverilkokulu.meb.k12.tr/,2026-10-01T18:41:35.561761+00:00,,Öğrenci Sayısı: 25
Diyarbakır,Çınar,Toraman İlkokulu,734026,İlkokul,https://toramanio.meb.k12.tr,,,https://toramanio.meb.k12.tr/tema/harita.php,2026-08-31,35,35,bulundu,https://toramanio.meb.k12.tr/,2026-10-01T18:41:35.564888+00:00,,Öğrenci Sayısı: 35
Diyarbakır,Çınar,Uzgider İlkokulu,734029,İlkokul,https://uzgider.meb.k12.tr,,,https://uzgider.meb.k12.tr/tema/harita.php,2026-08-31,31,31,bulundu,https://uzgider.meb.k12.tr/,2026-10-01T18:41:35.772561+00:00,,Öğrenci Sayısı: 31
Diyarbakır,Çınar,Yaprakbaşı Ortaokulu,734097,Ortaokul,https://yaprakbasiortaokulu.meb.k12.tr,,,https://yaprakbasiortaokulu.meb.k12.tr/tema/harita.php,2026-08-31,165,165,bulundu,https://yaprakbasiortaokulu.meb.k12.tr/,2026-10-01T18:41:35.811356+00:00,,Öğrenci Sayısı : 165
Diyarbakır,Çınar,Yaprakbaşı İlkokulu,743754,İlkokul,https://yaprakbasiilkokulu.meb.k12.tr,,,https://yaprakbasiilkokulu.meb.k12.tr/tema/harita.php,2026-08-31,242,242,bulundu,https://yaprakbasiilkokulu.meb.k12.tr/,2026-10-01T18:41:35.898649+00:00,,Öğrenci Sayısı : 242
Diyarbakır,Çınar,Yaprakbaşı İmam Hatip Ortaokulu,764787,İmam Hatip Ortaokulu,https://yaprakbasiiho.meb.k12.tr,,,https://yaprakbasiiho.meb.k12.tr/tema/harita.php,2026-08-31,115,115,bulundu,https://yaprakbasiiho.meb.k12.tr/,2026-10-01T18:41:35.930984+00:00,,Öğrenci Sayısı : 115
Diyarbakır,Çınar,Yarımkaş İlkokulu,734031,İlkokul,https://yarimkasilkokulu.meb.k12.tr,,,https://yarimkasilkokulu.meb.k12.tr/tema/harita.php,2026-08-31,74,74,bulundu,https://yarimkasilkokulu.meb.k12.tr/,2026-10-01T18:41:35.944407+00:00,,Öğrenci Sayısı : 74
Diyarbakır,Çınar,Yazçiçeği İlkokulu,965511,İlkokul,https://yazcicegiilkokulu.meb.k12.tr,,,https://yazcicegiilkokulu.meb.k12.tr/tema/harita.php,2026-08-31,158,158,bulundu,https://yazcicegiilkokulu.meb.k12.tr/,2026-10-01T18:41:36.082406+00:00,,Öğrenci Sayısı 158
Diyarbakır,Çınar,Yeni Mahalle Ortaokulu,775435,Ortaokul,https://775435.meb.k12.tr,,,https://775435.meb.k12.tr/tema/harita.php,2026-08-31,137,137,bulundu,https://775435.meb.k12.tr/,2026-10-01T18:41:36.248069+00:00,,Öğrenci Sayısı : 137
Diyarbakır,Çınar,Yeni Mahalle İlkokulu,775434,İlkokul,https://775434.meb.k12.tr,,,https://775434.meb.k12.tr/tema/harita.php,2026-08-31,315,315,bulundu,https://775434.meb.k12.tr/,2026-10-01T18:41:36.271534+00:00,,Öğrenci Sayısı : 315
Diyarbakır,Çınar,Yeşilbağ İlkokulu,554176,İlkokul,https://yesilbagilkokulu.meb.k12.tr,,,https://yesilbagilkokulu.meb.k12.tr/tema/harita.php,2026-08-31,138,138,bulundu,https://yesilbagilkokulu.meb.k12.tr/,2026-10-01T18:41:36.273156+00:00,,Öğrenci Sayısı 138
Diyarbakır,Çınar,Yeşiltaş Ortaokulu,774669,Ortaokul,https://774669.meb.k12.tr,,,https://774669.meb.k12.tr/tema/harita.php,2026-08-31,307,307,bulundu,https://774669.meb.k12.tr/,2026-10-01T18:41:36.292778+00:00,,Öğrenci Sayısı : 307
Diyarbakır,Çınar,Yeşiltaş İlkokulu,774643,İlkokul,https://774643.meb.k12.tr,,,https://774643.meb.k12.tr/tema/harita.php,2026-08-31,199,199,bulundu,https://774643.meb.k12.tr/,2026-10-01T18:41:36.295686+00:00,,Öğrenci Sayısı: 199
Diyarbakır,Çınar,Yuvacık Ortaokulu,738876,Ortaokul,https://yuvacikortaokulu.meb.k12.tr,,,https://yuvacikortaokulu.meb.k12.tr/tema/harita.php,2026-08-31,148,148,bulundu,https://yuvacikortaokulu.meb.k12.tr/,2026-10-01T18:41:36.369304+00:00,,Öğrenci Sayısı : 148
Diyarbakır,Çınar,Yuvacık İlkokulu,713322,İlkokul,https://yuvacikilkokulu.meb.k12.tr,,,https://yuvacikilkokulu.meb.k12.tr/tema/harita.php,2026-08-31,196,196,bulundu,https://yuvacikilkokulu.meb.k12.tr/,2026-10-01T18:41:36.380518+00:00,,Öğrenci Sayısı 196
Diyarbakır,Çınar,Yıllarca Halkbank Şehit Haşim Türkoğlu İlkokulu,745398,İlkokul,https://yillarcailkokulu.meb.k12.tr,,,https://yillarcailkokulu.meb.k12.tr/tema/harita.php,2026-08-31,,,bulunamadi,,2026-10-01T18:41:36.486814+00:00,,
Diyarbakır,Çınar,Yıllarca Halkbank Şehit Haşim Türkoğlu İmam Hatip Ortaokulu,764800,İmam Hatip Ortaokulu,https://yillarcaimamhatiportaokulu.meb.k12.tr,,,https://yillarcaimamhatiportaokulu.meb.k12.tr/tema/harita.php,2026-08-31,,,bulunamadi,,2026-10-01T18:41:36.542343+00:00,,
Diyarbakır,Çınar,Ziya Gökalp İlkokulu,743778,İlkokul,https://ziyagokalpilkokulu.meb.k12.tr,,,https://ziyagokalpilkokulu.meb.k12.tr/tema/harita.php,2026-08-31,304,304,bulundu,https://ziyagokalpilkokulu.meb.k12.tr/tema/okulumuz_hakkinda.php,2026-10-01T18:41:36.552369+00:00,,Öğrenci : 304
Diyarbakır,Çınar,Zübeyde Hanım Anaokulu,734124,Anaokulu,https://cinarzubeydehanim.meb.k12.tr,,,https://cinarzubeydehanim.meb.k12.tr/tema/harita.php,2026-08-31,,,bulunamadi,,2026-10-01T18:41:36.582019+00:00,,
Diyarbakır,Çınar,Zübeyde Hanım Kız Mesleki ve Teknik Anadolu Lisesi,760928,Mesleki ve Teknik Anadolu Lisesi,https://cinarzhanimmtal.meb.k12.tr,,,https://cinarzhanimmtal.meb.k12.tr/tema/harita.php,2026-08-31,275,275,bulundu,https://cinarzhanimmtal.meb.k12.tr/,2026-10-01T18:41:36.733144+00:00,,Öğrenci Sayısı 275
Diyarbakır,Çınar,Çakırkaya Ortaokulu,767937,Ortaokul,https://cakirkayaortaokulu.meb.k12.tr,,,https://cakirkayaortaokulu.meb.k12.tr/tema/harita.php,2026-08-31,264,264,bulundu,https://cakirkayaortaokulu.meb.k12.tr/,2026-10-01T18:41:36.741021+00:00,,Öğrenci Sayısı : 264
Diyarbakır,Çınar,Çakırkaya İlkokulu,554044,İlkokul,https://cakirkaya.meb.k12.tr,,,https://cakirkaya.meb.k12.tr/tema/harita.php,2026-08-31,151,151,bulundu,https://cakirkaya.meb.k12.tr/,2026-10-01T18:41:36.758757+00:00,,Öğrenci Sayısı: 151
Diyarbakır,Çınar,Çeltikaltı İlkokulu,733923,İlkokul,https://celtikaltiilkokulu.meb.k12.tr,,,https://celtikaltiilkokulu.meb.k12.tr/tema/harita.php,2026-08-31,7,7,bulundu,https://celtikaltiilkokulu.meb.k12.tr/,2026-10-01T18:41:36.809548+00:00,,Öğrenci Sayısı 7
Diyarbakır,Çınar,Çukurbaşı İlkokulu,733929,İlkokul,https://cukurbasiilkokulu.meb.k12.tr,,,https://cukurbasiilkokulu.meb.k12.tr/tema/harita.php,2026-08-31,19,19,bulundu,https://cukurbasiilkokulu.meb.k12.tr/,2026-10-01T18:41:36.812214+00:00,,Öğrenci Sayısı : 19
Diyarbakır,Çınar,Çömçeli İlkokulu,738633,İlkokul,https://comceliilkokulu.meb.k12.tr,,,https://comceliilkokulu.meb.k12.tr/tema/harita.php,2026-08-31,84,84,bulundu,https://comceliilkokulu.meb.k12.tr/,2026-10-01T18:41:36.848447+00:00,,Öğrenci Sayısı 84
Diyarbakır,Çınar,Çınar Anadolu Lisesi,966436,Anadolu Lisesi,https://cinaranadolulisesi.meb.k12.tr,,,https://cinaranadolulisesi.meb.k12.tr/tema/harita.php,2026-08-31,560,560,bulundu,https://cinaranadolulisesi.meb.k12.tr/,2026-10-01T18:41:36.877561+00:00,,Öğrenci Sayısı : 560
Diyarbakır,Çınar,Çınar Anadolu İmam Hatip Lisesi,749199,Anadolu İmam Hatip Lisesi,https://cinarihl.meb.k12.tr,,,https://cinarihl.meb.k12.tr/tema/harita.php,2026-08-31,401,401,bulundu,https://cinarihl.meb.k12.tr/,2026-10-01T18:41:37.050691+00:00,,Öğrenci Sayısı : 401
Diyarbakır,Çınar,Çınar Anaokulu,964867,Anaokulu,https://cinaranaokulu.meb.k12.tr,,,https://cinaranaokulu.meb.k12.tr/tema/harita.php,2026-08-31,120,120,bulundu,https://cinaranaokulu.meb.k12.tr/,2026-10-01T18:41:37.186043+00:00,,Öğrenci Sayısı: 120
Diyarbakır,Çınar,Çınar Fatih Anadolu Lisesi,767218,Anadolu Lisesi,https://cinarfatihanadolulisesi.meb.k12.tr,,,https://cinarfatihanadolulisesi.meb.k12.tr/tema/harita.php,2026-08-31,,,bulunamadi,,2026-10-01T18:41:37.633407+00:00,,
Diyarbakır,Çınar,Çınar Halk Eğitimi Merkezi,142361,Halk Eğitimi Merkezi,https://cinarhem.meb.k12.tr,,,https://cinarhem.meb.k12.tr/tema/harita.php,2026-08-31,,,bulunamadi,,2026-10-01T18:41:37.763928+00:00,,
Diyarbakır,Çınar,Çınar Kız Anadolu İmam Hatip Lisesi,760612,Anadolu İmam Hatip Lisesi,https://cinarkizihl.meb.k12.tr,,,https://cinarkizihl.meb.k12.tr/tema/harita.php,2026-08-31,427,427,bulundu,https://cinarkizihl.meb.k12.tr/,2026-10-01T18:41:37.859564+00:00,,Öğrenci Sayısı : 427
Diyarbakır,Çınar,Çınar Mesleki ve Teknik Anadolu Lisesi,142348,Mesleki ve Teknik Anadolu Lisesi,https://cinareml.meb.k12.tr,,,https://cinareml.meb.k12.tr/tema/harita.php,2026-08-31,305,305,bulundu,https://cinareml.meb.k12.tr/,2026-10-01T18:41:38.254375+00:00,,Öğrenci Sayısı : 305
Diyarbakır,Çınar,Çınar Ortaokulu,332431,Ortaokul,https://cinarortaokulu.meb.k12.tr,,,https://cinarortaokulu.meb.k12.tr/tema/harita.php,2026-08-31,244,244,bulundu,https://cinarortaokulu.meb.k12.tr/,2026-10-01T18:41:38.338151+00:00,,Öğrenci Sayısı 244
Diyarbakır,Çınar,Çınar Rehberlik ve Araştırma Merkezi,963634,Rehberlik ve Araştırma Merkezi,https://cinarram.meb.k12.tr,,,https://cinarram.meb.k12.tr/tema/harita.php,2026-08-31,,,bulunamadi,,2026-10-01T18:41:38.383311+00:00,,
Diyarbakır,Çınar,Çınar Özel Eğitim Uygulama Okulu I. Kademe,775131,Özel Eğitim Kurumu,https://cinaroeu1.meb.k12.tr,,,https://cinaroeu1.meb.k12.tr/tema/harita.php,2026-08-31,15,15,bulundu,https://cinaroeu1.meb.k12.tr/,2026-10-01T18:41:38.399623+00:00,,Öğrenci Sayısı 15
Diyarbakır,Çınar,Çınar Özel Eğitim Uygulama Okulu II. Kademe,775132,Özel Eğitim Kurumu,https://775132.meb.k12.tr,,,https://775132.meb.k12.tr/tema/harita.php,2026-08-31,,,bulunamadi,,2026-10-01T18:41:38.419430+00:00,,
Diyarbakır,Çınar,Çınar İlkokulu,752985,İlkokul,https://diyarbakircinarilkokulu.meb.k12.tr,,,https://diyarbakircinarilkokulu.meb.k12.tr/tema/harita.php,2026-08-31,104,104,bulundu,https://diyarbakircinarilkokulu.meb.k12.tr/,2026-10-01T18:41:38.450213+00:00,,Öğrenci Sayısı : 104
Diyarbakır,Çınar,Özyar İlkokulu,733995,İlkokul,https://ozyarilkokulu.meb.k12.tr,,,https://ozyarilkokulu.meb.k12.tr/tema/harita.php,2026-08-31,29,29,bulundu,https://ozyarilkokulu.meb.k12.tr/,2026-10-01T18:41:38.924853+00:00,,Öğrenci Sayısı : 29
Diyarbakır,Çınar,İnanözü Köyü Şehit Pilot Üsteğmen Cengiz Karabıyık İlkokulu,963696,İlkokul,https://inanozu.meb.k12.tr,,,https://inanozu.meb.k12.tr/tema/harita.php,2026-08-31,168,168,bulundu,https://inanozu.meb.k12.tr/,2026-10-01T18:41:39.009045+00:00,,Öğrenci Sayısı: 168
Diyarbakır,Çınar,Şeyhçoban İlkokulu,734018,İlkokul,https://seyhcobanilkokulu.meb.k12.tr,,,https://seyhcobanilkokulu.meb.k12.tr/tema/harita.php,2026-08-31,19,19,bulundu,https://seyhcobanilkokulu.meb.k12.tr/,2026-10-01T18:41:39.012724+00:00,,Öğrenci Sayısı : 19
Diyarbakır,Çınar,Şükürlü  İlkokulu,734014,İlkokul,https://sukurluilkokulu.meb.k12.tr,,,https://sukurluilkokulu.meb.k12.tr/tema/harita.php,2026-08-31,16,16,bulundu,https://sukurluilkokulu.meb.k12.tr/,2026-10-01T18:41:39.017814+00:00,,Öğrenci Sayısı: 16
Düzce,Akçakoca,Akçakoca Anaokulu,962026,Anaokulu,https://akcakocaanaokulu.meb.k12.tr,,,https://akcakocaanaokulu.meb.k12.tr/tema/harita.php,2026-08-31,105,105,bulundu,https://akcakocaanaokulu.meb.k12.tr/,2026-10-01T18:41:39.024479+00:00,,Öğrenci Sayısı 105
Düzce,Akçakoca,Akçakoca Ayazlı Anaokulu,758593,Anaokulu,https://akcakocaayazlianaokulu.meb.k12.tr,,,https://akcakocaayazlianaokulu.meb.k12.tr/tema/harita.php,2026-08-31,46,46,bulundu,https://akcakocaayazlianaokulu.meb.k12.tr/tema/okulumuz_hakkinda.php,2026-10-01T18:41:39.056236+00:00,,Öğrenci : 46
Düzce,Akçakoca,Akçakoca Bilim ve Sanat Merkezi,769230,Bilim ve Sanat Merkezi,https://akcakocabilsem.meb.k12.tr,,,https://akcakocabilsem.meb.k12.tr/tema/harita.php,2026-08-31,46,46,bulundu,https://akcakocabilsem.meb.k12.tr/,2026-10-01T18:41:39.083884+00:00,,Öğrenci Sayısı : 46
Düzce,Akçakoca,Akçakoca Emine Sevil Anadolu İmam Hatip Lisesi,372946,Anadolu İmam Hatip Lisesi,https://akcakocaeminesevilaihl.meb.k12.tr,,,https://akcakocaeminesevilaihl.meb.k12.tr/tema/harita.php,2026-08-31,164,164,bulundu,https://akcakocaeminesevilaihl.meb.k12.tr/,2026-10-01T18:41:39.118819+00:00,,Öğrenci Sayısı : 164
Düzce,Akçakoca,Akçakoca Fedai Karabıyık Mesleki ve Teknik Anadolu Lisesi,132573,Mesleki ve Teknik Anadolu Lisesi,https://akcakocafkmtal.meb.k12.tr,,,https://akcakocafkmtal.meb.k12.tr/tema/harita.php,2026-08-31,251,251,bulundu,https://akcakocafkmtal.meb.k12.tr/,2026-10-01T18:41:39.138562+00:00,,Öğrenci Sayısı 251
Düzce,Akçakoca,Akçakoca Lisesi,973830,Lise,https://akcakocalisesi.meb.k12.tr,,,https://akcakocalisesi.meb.k12.tr/tema/harita.php,2026-08-31,278,278,bulundu,https://akcakocalisesi.meb.k12.tr/,2026-10-01T18:41:39.341077+00:00,,Öğrenci Sayısı : 278
Düzce,Akçakoca,Akçakoca Mehmet Sevil Özel Eğitim Uygulama Okulu I. Kademe,767821,Özel Eğitim Kurumu,https://mehmetsevilozelegitim.meb.k12.tr,,,https://mehmetsevilozelegitim.meb.k12.tr/tema/harita.php,2026-08-31,17,17,bulundu,https://mehmetsevilozelegitim.meb.k12.tr/,2026-10-01T18:41:39.368753+00:00,,Öğrenci Sayısı 17
Düzce,Akçakoca,Akçakoca Mehmet Sevil Özel Eğitim Uygulama Okulu II. Kademe,767823,Özel Eğitim Kurumu,https://mehmetsevilozel2.meb.k12.tr,,,https://mehmetsevilozel2.meb.k12.tr/tema/harita.php,2026-08-31,11,11,bulundu,https://mehmetsevilozel2.meb.k12.tr/,2026-10-01T18:41:39.420182+00:00,,Öğrenci Sayısı 11
Düzce,Akçakoca,Akçakoca Mehmet Sevil Özel Eğitim Uygulama Okulu III. Kademe,767824,Özel Eğitim Kurumu,https://mehmetsevilozel3.meb.k12.tr,,,https://mehmetsevilozel3.meb.k12.tr/tema/harita.php,2026-08-31,4,4,bulundu,https://mehmetsevilozel3.meb.k12.tr/,2026-10-01T18:41:39.424754+00:00,,Öğrenci Sayısı 4
Düzce,Akçakoca,Akçakoca Mesleki Eğitim Merkezi,265385,Mesleki Eğitim Merkezi,https://akcakocamesem.meb.k12.tr,,,https://akcakocamesem.meb.k12.tr/tema/harita.php,2026-08-31,152,152,bulundu,https://akcakocamesem.meb.k12.tr/tema/okulumuz_hakkinda.php,2026-10-01T18:41:39.449744+00:00,,Öğrenci : 152
Düzce,Akçakoca,Akçakoca Nene Hatun Kız Mesleki ve Teknik Anadolu Lisesi,132585,Mesleki ve Teknik Anadolu Lisesi,https://akcakocakml.meb.k12.tr,,,https://akcakocakml.meb.k12.tr/tema/harita.php,2026-08-31,125,125,bulundu,https://akcakocakml.meb.k12.tr/,2026-10-01T18:41:39.470759+00:00,,Öğrenci Sayısı 125
Düzce,Akçakoca,Akçakoca Orhan Özdemir Fen Lisesi,320524,Fen Lisesi,https://akcakocafen.meb.k12.tr,,,https://akcakocafen.meb.k12.tr/tema/harita.php,2026-08-31,240,240,bulundu,https://akcakocafen.meb.k12.tr/tema/okulumuz_hakkinda.php,2026-10-01T18:41:39.571047+00:00,,Öğrenci : 240
Düzce,Akçakoca,Akçakoca Orhangazi Halk Eğitimi Merkezi,132607,Halk Eğitimi Merkezi,https://akcakocaorhangazihem.meb.k12.tr,,,https://akcakocaorhangazihem.meb.k12.tr/tema/harita.php,2026-08-31,,,bulunamadi,,2026-10-01T18:41:39.612234+00:00,,
Düzce,Akçakoca,Akçakoca Piri Reis Ticaret Mesleki ve Teknik Anadolu Lisesi,132597,Mesleki ve Teknik Anadolu Lisesi,https://akcakocapirireismtal.meb.k12.tr,,,https://akcakocapirireismtal.meb.k12.tr/tema/harita.php,2026-08-31,151,151,bulundu,https://akcakocapirireismtal.meb.k12.tr/,2026-10-01T18:41:39.616933+00:00,,Öğrenci Sayısı : 151
Düzce,Akçakoca,Akçakoca Sosyal Bilimler Lisesi,966514,Sosyal Bilimler Lisesi,https://akcakocasbl.meb.k12.tr,,,https://akcakocasbl.meb.k12.tr/tema/harita.php,2026-08-31,206,206,bulundu,https://akcakocasbl.meb.k12.tr/,2026-10-01T18:41:39.656316+00:00,,Öğrenci Sayısı : 206
Düzce,Akçakoca,Akçakoca Süha Güven Turizm Mesleki ve Teknik Anadolu Lisesi,879033,Mesleki ve Teknik Anadolu Lisesi,https://akcakocaaotml.meb.k12.tr,,,https://akcakocaaotml.meb.k12.tr/tema/harita.php,2026-08-31,178,178,bulundu,https://akcakocaaotml.meb.k12.tr/,2026-10-01T18:41:39.703117+00:00,,Öğrenci Sayısı 178
Düzce,Akçakoca,Akçakoca Öğretmenevi ve Akşam Sanat Okulu,971496,Öğretmenevi,https://akcakocaogretmenevi.meb.k12.tr,,,https://akcakocaogretmenevi.meb.k12.tr/tema/harita.php,2026-08-31,,,bulunamadi,,2026-10-01T18:41:40.061865+00:00,,
Düzce,Akçakoca,Atatürk Ortaokulu,395168,Ortaokul,https://akcakocaataturk.meb.k12.tr,,,https://akcakocaataturk.meb.k12.tr/tema/harita.php,2026-08-31,342,342,bulundu,https://akcakocaataturk.meb.k12.tr/,2026-10-01T18:41:40.076430+00:00,,Öğrenci Sayısı 342
Düzce,Akçakoca,Bahaettin Güçlü Ortaokulu,732067,Ortaokul,https://akcakocabahaettingucluoo.meb.k12.tr,,,https://akcakocabahaettingucluoo.meb.k12.tr/tema/harita.php,2026-08-31,,,bulunamadi,,2026-10-01T18:41:40.109599+00:00,,
Düzce,Akçakoca,Bahaettin Güçlü İlkokulu,732068,İlkokul,https://akcakocabahaettingucluio.meb.k12.tr,,,https://akcakocabahaettingucluio.meb.k12.tr/tema/harita.php,2026-08-31,387,387,bulundu,https://akcakocabahaettingucluio.meb.k12.tr/,2026-10-01T18:41:40.149683+00:00,,Öğrenci Sayısı 387
Düzce,Akçakoca,Beyören Ortaokulu,732061,Ortaokul,https://akcakocabeyorenortaokulu.meb.k12.tr,,,https://akcakocabeyorenortaokulu.meb.k12.tr/tema/harita.php,2026-08-31,48,48,bulundu,https://akcakocabeyorenortaokulu.meb.k12.tr/,2026-10-01T18:41:40.171430+00:00,,Öğrenci Sayısı 48
Düzce,Akçakoca,Beyören İlkokulu,732066,İlkokul,https://akcakocabeyorenilkokulu.meb.k12.tr,,,https://akcakocabeyorenilkokulu.meb.k12.tr/tema/harita.php,2026-08-31,62,62,bulundu,https://akcakocabeyorenilkokulu.meb.k12.tr/tema/okulumuz_hakkinda.php,2026-10-01T18:41:40.193898+00:00,,Öğrenci : 62
Düzce,Akçakoca,Birsen Güçlü Anaokulu,972007,Anaokulu,https://birsengucluanaokulu.meb.k12.tr,,,https://birsengucluanaokulu.meb.k12.tr/tema/harita.php,2026-08-31,85,85,bulundu,https://birsengucluanaokulu.meb.k12.tr/,2026-10-01T18:41:40.229413+00:00,,Öğrenci Sayısı 85
Düzce,Akçakoca,Cumhuriyet İlkokulu,734950,İlkokul,https://akcakocacumhuriyet81.meb.k12.tr,,,https://akcakocacumhuriyet81.meb.k12.tr/tema/harita.php,2026-08-31,231,231,bulundu,https://akcakocacumhuriyet81.meb.k12.tr/,2026-10-01T18:41:40.339249+00:00,,Öğrenci Sayısı 231
Düzce,Akçakoca,Dilek-Naz Sarıoğlu Anaokulu,763951,Anaokulu,https://dileknazsariogluanaokulu.meb.k12.tr,,,https://dileknazsariogluanaokulu.meb.k12.tr/tema/harita.php,2026-08-31,82,82,bulundu,https://dileknazsariogluanaokulu.meb.k12.tr/tema/okulumuz_hakkinda.php,2026-10-01T18:41:40.407345+00:00,,Öğrenci : 82
Düzce,Akçakoca,Gönül Yavuz İlkokulu,734959,İlkokul,https://gonulyavuzio.meb.k12.tr,,,https://gonulyavuzio.meb.k12.tr/tema/harita.php,2026-08-31,363,363,bulundu,https://gonulyavuzio.meb.k12.tr/,2026-10-01T18:41:40.408494+00:00,,Öğrenci Sayısı 363
Düzce,Akçakoca,Hamiyet Sevil Ortaokulu,733610,Ortaokul,https://hamiyetsevil.meb.k12.tr,,,https://hamiyetsevil.meb.k12.tr/tema/harita.php,2026-08-31,168,168,bulundu,https://hamiyetsevil.meb.k12.tr/,2026-10-01T18:41:40.415634+00:00,,Öğrenci Sayısı : 168
Düzce,Akçakoca,Hamiyet Sevil İlkokulu,733613,İlkokul,https://hamiyetsevilio.meb.k12.tr,,,https://hamiyetsevilio.meb.k12.tr/tema/harita.php,2026-08-31,175,175,bulundu,https://hamiyetsevilio.meb.k12.tr/,2026-10-01T18:41:40.458087+00:00,,Öğrenci Sayısı : 175
Düzce,Akçakoca,Mustafa Açıkalın Ortaokulu,734923,Ortaokul,https://mustafaacikalin.meb.k12.tr,,,https://mustafaacikalin.meb.k12.tr/tema/harita.php,2026-08-31,544,544,bulundu,https://mustafaacikalin.meb.k12.tr/,2026-10-01T18:41:40.502144+00:00,,Öğrenci Sayısı 544
Düzce,Akçakoca,Nezahat Özdemir İmam Hatip Ortaokulu,776756,İmam Hatip Ortaokulu,https://nezahatozdemiriho.meb.k12.tr,,,https://nezahatozdemiriho.meb.k12.tr/tema/harita.php,2026-08-31,280,280,bulundu,https://nezahatozdemiriho.meb.k12.tr/,2026-10-01T18:41:40.557863+00:00,,Öğrenci Sayısı : 280
Düzce,Akçakoca,Osmaniye İlkokulu,967463,İlkokul,https://akcakocaosmaniye.meb.k12.tr,,,https://akcakocaosmaniye.meb.k12.tr/tema/harita.php,2026-08-31,505,505,bulundu,https://akcakocaosmaniye.meb.k12.tr/tema/okulumuz_hakkinda.php,2026-10-01T18:41:40.646854+00:00,,Öğrenci : 505
Düzce,Akçakoca,Seher Fedai Karabıyık Anaokulu,973182,Anaokulu,https://seher-fedaikarabykanaokulu.meb.k12.tr,,,https://seher-fedaikarabykanaokulu.meb.k12.tr/tema/harita.php,2026-08-31,90,90,bulundu,https://seher-fedaikarabykanaokulu.meb.k12.tr/,2026-10-01T18:41:40.666772+00:00,,Öğrenci Sayısı 90
Düzce,Akçakoca,TOBB Çuhallı Anaokulu,776579,Anaokulu,https://tobbcuhallianaokulu.meb.k12.tr,,,https://tobbcuhallianaokulu.meb.k12.tr/tema/harita.php,2026-08-31,62,62,bulundu,https://tobbcuhallianaokulu.meb.k12.tr/,2026-10-01T18:41:41.245596+00:00,,Öğrenci Sayısı 62
Düzce,Akçakoca,Tepeköy Ortaokulu,732059,Ortaokul,https://tepekoyoo81.meb.k12.tr,,,https://tepekoyoo81.meb.k12.tr/tema/harita.php,2026-08-31,25,25,bulundu,https://tepekoyoo81.meb.k12.tr/,2026-10-01T18:41:41.612659+00:00,,Öğrenci Sayısı : 25
Düzce,Akçakoca,Tepeköy İlkokulu,732060,İlkokul,https://tepekoyio81.meb.k12.tr,,,https://tepekoyio81.meb.k12.tr/tema/harita.php,2026-08-31,54,54,bulundu,https://tepekoyio81.meb.k12.tr/,2026-10-01T18:41:41.694018+00:00,,Öğrenci Sayısı 54
Düzce,Akçakoca,Uğurlu Ortaokulu,733606,Ortaokul,https://akcakocaugurluortaokulu.meb.k12.tr,,,https://akcakocaugurluortaokulu.meb.k12.tr/tema/harita.php,2026-08-31,43,43,bulundu,https://akcakocaugurluortaokulu.meb.k12.tr/,2026-10-01T18:41:41.779677+00:00,,Öğrenci Sayısı : 43
Düzce,Akçakoca,Uğurlu İlkokulu,733609,İlkokul,https://akcakocaugurluilkokulu.meb.k12.tr,,,https://akcakocaugurluilkokulu.meb.k12.tr/tema/harita.php,2026-08-31,55,55,bulundu,https://akcakocaugurluilkokulu.meb.k12.tr/,2026-10-01T18:41:42.034425+00:00,,Öğrenci Sayısı : 55
Düzce,Cumayeri,Cumayeri Anadolu İmam Hatip Lisesi,759035,Anadolu İmam Hatip Lisesi,https://cumayeriaihl.meb.k12.tr,,,https://cumayeriaihl.meb.k12.tr/tema/harita.php,2026-08-31,152,152,bulundu,https://cumayeriaihl.meb.k12.tr/,2026-10-01T18:41:42.104503+00:00,,Öğrenci Sayısı 152
Düzce,Cumayeri,Cumayeri Anaokulu,962028,Anaokulu,https://cumayerianaokulu.meb.k12.tr,,,https://cumayerianaokulu.meb.k12.tr/tema/harita.php,2026-08-31,122,122,bulundu,https://cumayerianaokulu.meb.k12.tr/,2026-10-01T18:41:42.124687+00:00,,Öğrenci Sayısı: 122
Düzce,Cumayeri,Cumayeri Halk Eğitimi Merkezi,224761,Halk Eğitimi Merkezi,https://cumayerihem.meb.k12.tr,,,https://cumayerihem.meb.k12.tr/tema/harita.php,2026-08-31,,,bulunamadi,,2026-10-01T18:41:42.178662+00:00,,
Düzce,Cumayeri,Cumayeri Ortaokulu,748377,Ortaokul,https://cumayeriortaokulu.meb.k12.tr,,,https://cumayeriortaokulu.meb.k12.tr/tema/harita.php,2026-08-31,559,559,bulundu,https://cumayeriortaokulu.meb.k12.tr/,2026-10-01T18:41:42.260502+00:00,,Öğrenci Sayısı 559
Düzce,Cumayeri,Cumayeri Pakmaya Öğretmenevi ve Akşam Sanat okulu Müdürlüğü,764092,Öğretmenevi,https://cumayeriogretmenevi.meb.k12.tr,,,https://cumayeriogretmenevi.meb.k12.tr/tema/harita.php,2026-08-31,,,bulunamadi,,2026-10-01T18:41:42.566086+00:00,,
Düzce,Cumayeri,Cumayeri Çok Programlı Anadolu Lisesi,323122,Çok Programlı Anadolu Lisesi,https://cumayericpal.meb.k12.tr,,,https://cumayericpal.meb.k12.tr/tema/harita.php,2026-08-31,295,295,bulundu,https://cumayericpal.meb.k12.tr/,2026-10-01T18:41:42.587647+00:00,,Öğrenci Sayısı : 295
Düzce,Cumayeri,Mehmet Metin İlkokulu,733505,İlkokul,https://mehmetmetinio.meb.k12.tr,,,https://mehmetmetinio.meb.k12.tr/tema/harita.php,2026-08-31,254,254,bulundu,https://mehmetmetinio.meb.k12.tr/,2026-10-01T18:41:42.648972+00:00,,Öğrenci Sayısı : 254
Düzce,Cumayeri,Pakmaya Nimet Pısak İlkokulu,735053,İlkokul,https://pakmayanimetpisakilkokulu.meb.k12.tr,,,https://pakmayanimetpisakilkokulu.meb.k12.tr/tema/harita.php,2026-08-31,516,516,bulundu,https://pakmayanimetpisakilkokulu.meb.k12.tr/,2026-10-01T18:41:42.676298+00:00,,Öğrenci Sayısı 516
Düzce,Cumayeri,Ören Şehit Nusret Akar Ortaokulu,733600,Ortaokul,https://sehitnusretakarortaokulu.meb.k12.tr,,,https://sehitnusretakarortaokulu.meb.k12.tr/tema/harita.php,2026-08-31,57,57,bulundu,https://sehitnusretakarortaokulu.meb.k12.tr/,2026-10-01T18:41:42.733292+00:00,,Öğrenci Sayısı 57
Düzce,Cumayeri,Ören Şehit Nusret Akar İlkokulu,733601,İlkokul,https://sehitnusretakarilkokulu.meb.k12.tr,,,https://sehitnusretakarilkokulu.meb.k12.tr/tema/harita.php,2026-08-31,68,68,bulundu,https://sehitnusretakarilkokulu.meb.k12.tr/,2026-10-01T18:41:42.782655+00:00,,Öğrenci Sayısı: 68
Düzce,Cumayeri,İlhami Reyhan Turan Ortaokulu,732047,Ortaokul,https://irto.meb.k12.tr,,,https://irto.meb.k12.tr/tema/harita.php,2026-08-31,62,62,bulundu,https://irto.meb.k12.tr/,2026-10-01T18:41:42.912695+00:00,,Öğrenci Sayısı : 62
Düzce,Cumayeri,İlhami Reyhan Turan İlkokulu,774185,İlkokul,https://irt.meb.k12.tr,,,https://irt.meb.k12.tr/tema/harita.php,2026-08-31,90,90,bulundu,https://irt.meb.k12.tr/,2026-10-01T18:41:42.986476+00:00,,Öğrenci Sayısı : 90
Düzce,Gölyaka,15 Temmuz Şehitleri İmam Hatip Ortaokulu,746734,İmam Hatip Ortaokulu,https://golyakaiho.meb.k12.tr,,,https://golyakaiho.meb.k12.tr/tema/harita.php,2026-08-31,273,273,bulundu,https://golyakaiho.meb.k12.tr/,2026-10-01T18:41:43.108073+00:00,,Öğrenci Sayısı 273
Düzce,Gölyaka,Atatürk Ortaokulu,735156,Ortaokul,https://golyakaataturk.meb.k12.tr,,,https://golyakaataturk.meb.k12.tr/tema/harita.php,2026-08-31,259,259,bulundu,https://golyakaataturk.meb.k12.tr/tema/okulumuz_hakkinda.php,2026-10-01T18:41:43.174397+00:00,,Öğrenci : 259
Düzce,Gölyaka,Gölyaka 15 Temmuz Şehitleri Anadolu İmam Hatip Lisesi,760225,Anadolu İmam Hatip Lisesi,https://golyakaanadoluihl.meb.k12.tr,,,https://golyakaanadoluihl.meb.k12.tr/tema/harita.php,2026-08-31,310,310,bulundu,https://golyakaanadoluihl.meb.k12.tr/tema/okulumuz_hakkinda.php,2026-10-01T18:41:43.186139+00:00,,Öğrenci : 310
Düzce,Gölyaka,Gölyaka Anadolu Lisesi,964329,Anadolu Lisesi,https://golyakaanadolu.meb.k12.tr,,,https://golyakaanadolu.meb.k12.tr/tema/harita.php,2026-08-31,218,218,bulundu,https://golyakaanadolu.meb.k12.tr/,2026-10-01T18:41:43.235068+00:00,,Öğrenci Sayısı : 218
Düzce,Gölyaka,Gölyaka Anaokulu,971685,Anaokulu,https://golyakaanaokulu.meb.k12.tr,,,https://golyakaanaokulu.meb.k12.tr/tema/harita.php,2026-08-31,147,147,bulundu,https://golyakaanaokulu.meb.k12.tr/,2026-10-01T18:41:43.294250+00:00,,Öğrenci Sayısı: 147
Düzce,Gölyaka,Gölyaka Halk Eğitimi Merkezi,215381,Halk Eğitimi Merkezi,https://golyakahem.meb.k12.tr,,,https://golyakahem.meb.k12.tr/tema/harita.php,2026-08-31,,,bulunamadi,,2026-10-01T18:41:43.695864+00:00,,
Düzce,Gölyaka,Gölyaka Şehit Cemal Atabaş Anaokulu,762733,Anaokulu,https://shtcemalatabasanaokulu.meb.k12.tr,,,https://shtcemalatabasanaokulu.meb.k12.tr/tema/harita.php,2026-08-31,53,53,bulundu,https://shtcemalatabasanaokulu.meb.k12.tr/,2026-10-01T18:41:43.793201+00:00,,Öğrenci Sayısı 53
Düzce,Gölyaka,Hacı Süleymanbey Yeni Yaşam Ortaokulu,733586,Ortaokul,https://yeniyasamortaokulu.meb.k12.tr,,,https://yeniyasamortaokulu.meb.k12.tr/tema/harita.php,2026-08-31,42,42,bulundu,https://yeniyasamortaokulu.meb.k12.tr/,2026-10-01T18:41:43.853953+00:00,,Öğrenci Sayısı: 42
Düzce,Gölyaka,Hacı Süleymanbey Yeni Yaşam İlkokulu,733587,İlkokul,https://yeniyasamilkokulu.meb.k12.tr,,,https://yeniyasamilkokulu.meb.k12.tr/tema/harita.php,2026-08-31,62,62,bulundu,https://yeniyasamilkokulu.meb.k12.tr/,2026-10-01T18:41:43.892415+00:00,,Öğrenci Sayısı: 62
Düzce,Gölyaka,Hacıyakup Ortaokulu,732032,Ortaokul,https://haciyakuportaokulu.meb.k12.tr,,,https://haciyakuportaokulu.meb.k12.tr/tema/harita.php,2026-08-31,115,115,bulundu,https://haciyakuportaokulu.meb.k12.tr/,2026-10-01T18:41:43.899926+00:00,,Öğrenci Sayısı : 115
Düzce,Gölyaka,Hacıyakup İlkokulu,732034,İlkokul,https://haciyakupilkokulu.meb.k12.tr,,,https://haciyakupilkokulu.meb.k12.tr/tema/harita.php,2026-08-31,180,180,bulundu,https://haciyakupilkokulu.meb.k12.tr/,2026-10-01T18:41:43.922940+00:00,,Öğrenci Sayısı : 180
Düzce,Gölyaka,Sarıdere Kemeryanı Ortaokulu,732036,Ortaokul,https://sariderekemeryanioo.meb.k12.tr,,,https://sariderekemeryanioo.meb.k12.tr/tema/harita.php,2026-08-31,37,37,bulundu,https://sariderekemeryanioo.meb.k12.tr/,2026-10-01T18:41:44.052623+00:00,,Öğrenci Sayısı : 37
Düzce,Gölyaka,Sarıdere Kemeryanı İlkokulu,732037,İlkokul,https://sariderekemeryaniio.meb.k12.tr,,,https://sariderekemeryaniio.meb.k12.tr/tema/harita.php,2026-08-31,56,56,bulundu,https://sariderekemeryaniio.meb.k12.tr/,2026-10-01T18:41:44.081992+00:00,,Öğrenci Sayısı 56
Düzce,Gölyaka,Saçmalıpınar İlkokulu,733493,İlkokul,https://sacmalipinarilkokulu.meb.k12.tr,,,https://sacmalipinarilkokulu.meb.k12.tr/tema/harita.php,2026-08-31,27,27,bulundu,https://sacmalipinarilkokulu.meb.k12.tr/,2026-10-01T18:41:44.309567+00:00,,Öğrenci Sayısı: 27
Düzce,Gölyaka,Yunus Emre İlkokulu,735168,İlkokul,https://golyakayunusemreilkokulu.meb.k12.tr,,,https://golyakayunusemreilkokulu.meb.k12.tr/tema/harita.php,2026-08-31,522,522,bulundu,https://golyakayunusemreilkokulu.meb.k12.tr/,2026-10-01T18:41:44.311938+00:00,,Öğrenci Sayısı : 522
Düzce,Gölyaka,Yunusefendi Şehit Tarık Demircan Ortaokulu,733588,Ortaokul,https://yunusefendi.meb.k12.tr,,,https://yunusefendi.meb.k12.tr/tema/harita.php,2026-08-31,28,28,bulundu,https://yunusefendi.meb.k12.tr/,2026-10-01T18:41:44.334448+00:00,,Öğrenci Sayısı : 28
Düzce,Gölyaka,Yunusefendi Şehit Tarık Demircan İlkokulu,733590,İlkokul,https://yunusefendiilkokulu.meb.k12.tr,,,https://yunusefendiilkokulu.meb.k12.tr/tema/harita.php,2026-08-31,38,38,bulundu,https://yunusefendiilkokulu.meb.k12.tr/,2026-10-01T18:41:44.419850+00:00,,Öğrenci Sayısı : 38
Düzce,Gölyaka,İçmeler İlkokulu,746224,İlkokul,https://golyakaicmeler.meb.k12.tr,,,https://golyakaicmeler.meb.k12.tr/tema/harita.php,2026-08-31,41,41,bulundu,https://golyakaicmeler.meb.k12.tr/,2026-10-01T18:41:44.798778+00:00,,Öğrenci Sayısı 41
Düzce,Gölyaka,Şehit Ercan Eker Ortaokulu,733591,Ortaokul,https://sehitercanekerortaokulu.meb.k12.tr,,,https://sehitercanekerortaokulu.meb.k12.tr/tema/harita.php,2026-08-31,195,195,bulundu,https://sehitercanekerortaokulu.meb.k12.tr/,2026-10-01T18:41:44.839471+00:00,,Öğrenci Sayısı 195
Düzce,Gölyaka,Şehit Ercan Eker İlkokulu,733592,İlkokul,https://sehitercanekerilkokulu.meb.k12.tr,,,https://sehitercanekerilkokulu.meb.k12.tr/tema/harita.php,2026-08-31,196,196,bulundu,https://sehitercanekerilkokulu.meb.k12.tr/,2026-10-01T18:41:45.157858+00:00,,Öğrenci Sayısı 196
Düzce,Gölyaka,Şehit Serhat Bal Mesleki ve Teknik Anadolu Lisesi,318254,Mesleki ve Teknik Anadolu Lisesi,https://sehitserhatbalmtal.meb.k12.tr,,,https://sehitserhatbalmtal.meb.k12.tr/tema/harita.php,2026-08-31,197,197,bulundu,https://sehitserhatbalmtal.meb.k12.tr/,2026-10-01T18:41:45.241660+00:00,,Öğrenci Sayısı 197
Düzce,Gümüşova,75. Yıl Ortaokulu,733486,Ortaokul,https://gumusova75yilortaokulu.meb.k12.tr,,,https://gumusova75yilortaokulu.meb.k12.tr/tema/harita.php,2026-08-31,219,219,bulundu,https://gumusova75yilortaokulu.meb.k12.tr/,2026-10-01T18:41:45.472490+00:00,,Öğrenci Sayısı 219
Düzce,Gümüşova,75. Yıl İlkokulu,733488,İlkokul,https://gumusova75yililkokulu.meb.k12.tr,,,https://gumusova75yililkokulu.meb.k12.tr/tema/harita.php,2026-08-31,175,175,bulundu,https://gumusova75yililkokulu.meb.k12.tr/,2026-10-01T18:41:45.499693+00:00,,Öğrenci Sayısı : 175
Düzce,Gümüşova,Fatih Ortaokulu,733580,Ortaokul,https://gumusovafatihortaokulu.meb.k12.tr,,,https://gumusovafatihortaokulu.meb.k12.tr/tema/harita.php,2026-08-31,85,85,bulundu,https://gumusovafatihortaokulu.meb.k12.tr/tema/okulumuz_hakkinda.php,2026-10-01T18:41:45.639044+00:00,,Öğrenci : 85
Düzce,Gümüşova,Fatih İlkokulu,733581,İlkokul,https://gumusovafatihilkokulu.meb.k12.tr,,,https://gumusovafatihilkokulu.meb.k12.tr/tema/harita.php,2026-08-31,161,161,bulundu,https://gumusovafatihilkokulu.meb.k12.tr/tema/okulumuz_hakkinda.php,2026-10-01T18:41:45.664697+00:00,,Öğrenci : 161
Düzce,Gümüşova,Gümüşova Anadolu Lisesi,964328,Anadolu Lisesi,https://gumusovaal.meb.k12.tr,,,https://gumusovaal.meb.k12.tr/tema/harita.php,2026-08-31,326,326,bulundu,https://gumusovaal.meb.k12.tr/,2026-10-01T18:41:45.879393+00:00,,Öğrenci Sayısı : 326
Düzce,Gümüşova,Gümüşova Anaokulu,966095,Anaokulu,https://gumusovaanaokulu.meb.k12.tr,,,https://gumusovaanaokulu.meb.k12.tr/tema/harita.php,2026-08-31,60,60,bulundu,https://gumusovaanaokulu.meb.k12.tr/,2026-10-01T18:41:45.882808+00:00,,Öğrenci Sayısı: 60
Düzce,Gümüşova,Gümüşova Borsa İstanbul Anadolu İmam Hatip Lisesi,336715,Anadolu İmam Hatip Lisesi,https://gumusovabistaihl.meb.k12.tr,,,https://gumusovabistaihl.meb.k12.tr/tema/harita.php,2026-08-31,186,186,bulundu,https://gumusovabistaihl.meb.k12.tr/,2026-10-01T18:41:45.885290+00:00,,Öğrenci Sayısı : 186
Düzce,Gümüşova,Gümüşova Halk Eğitimi Merkezi,361675,Halk Eğitimi Merkezi,https://gumusovahem.meb.k12.tr,,,https://gumusovahem.meb.k12.tr/tema/harita.php,2026-08-31,,,bulunamadi,,2026-10-01T18:41:46.158887+00:00,,
Düzce,Gümüşova,Gümüşova Nasrettin Hoca Anaokulu,760750,Anaokulu,https://gumusovanasrettinhocaanaokulu.meb.k12.tr,,,https://gumusovanasrettinhocaanaokulu.meb.k12.tr/tema/harita.php,2026-08-31,122,122,bulundu,https://gumusovanasrettinhocaanaokulu.meb.k12.tr/,2026-10-01T18:41:46.219378+00:00,,Öğrenci Sayısı 122
Düzce,Gümüşova,Gümüşova Ortaokulu,733582,Ortaokul,https://gumusovaortaokulu.meb.k12.tr,,,https://gumusovaortaokulu.meb.k12.tr/tema/harita.php,2026-08-31,406,406,bulundu,https://gumusovaortaokulu.meb.k12.tr/,2026-10-01T18:41:46.273790+00:00,,Öğrenci Sayısı 406
Düzce,Gümüşova,Gümüşova İlkokulu,733584,İlkokul,https://gumusovailkokulu.meb.k12.tr,,,https://gumusovailkokulu.meb.k12.tr/tema/harita.php,2026-08-31,487,487,bulundu,https://gumusovailkokulu.meb.k12.tr/,2026-10-01T18:41:46.327133+00:00,,Öğrenci Sayısı 487
Düzce,Gümüşova,Hacıkadirler İlkokulu,732027,İlkokul,https://hacikadirlerilkokulu.meb.k12.tr,,,https://hacikadirlerilkokulu.meb.k12.tr/tema/harita.php,2026-08-31,104,104,bulundu,https://hacikadirlerilkokulu.meb.k12.tr/,2026-10-01T18:41:46.335994+00:00,,Öğrenci Sayısı 104
Düzce,Kaynaşlı,Abdüssamet Dik Anaokulu,970169,Anaokulu,https://abdussametdikanaokulu.meb.k12.tr,,,https://abdussametdikanaokulu.meb.k12.tr/tema/harita.php,2026-08-31,134,134,bulundu,https://abdussametdikanaokulu.meb.k12.tr/,2026-10-01T18:41:46.372934+00:00,,Öğrenci Sayısı 134
Düzce,Kaynaşlı,Anadolu Kalkınma Vakfı Ortaokulu,735208,Ortaokul,https://kaynasliakv.meb.k12.tr,,,https://kaynasliakv.meb.k12.tr/tema/harita.php,2026-08-31,368,368,bulundu,https://kaynasliakv.meb.k12.tr/,2026-10-01T18:41:46.488072+00:00,,Öğrenci Sayısı : 368
Düzce,Kaynaşlı,Cumhuriyet Ortaokulu,732020,Ortaokul,https://kaynaslicumhuriyetorta.meb.k12.tr,,,https://kaynaslicumhuriyetorta.meb.k12.tr/tema/harita.php,2026-08-31,64,64,bulundu,https://kaynaslicumhuriyetorta.meb.k12.tr/,2026-10-01T18:41:46.523416+00:00,,Öğrenci Sayısı : 64
Düzce,Kaynaşlı,Cumhuriyet İlkokulu,861967,İlkokul,https://duzcecumhuriyet.meb.k12.tr,,,https://duzcecumhuriyet.meb.k12.tr/tema/harita.php,2026-08-31,87,87,bulundu,https://duzcecumhuriyet.meb.k12.tr/,2026-10-01T18:41:46.601812+00:00,,Öğrenci Sayısı : 87
Düzce,Kaynaşlı,Darıyeri Hasanbey İlkokulu,402625,İlkokul,https://dariyerihasanbeyio.meb.k12.tr,,,https://dariyerihasanbeyio.meb.k12.tr/tema/harita.php,2026-08-31,88,88,bulundu,https://dariyerihasanbeyio.meb.k12.tr/,2026-10-01T18:41:46.715144+00:00,,Öğrenci Sayısı : 88
Düzce,Kaynaşlı,Dipsizgöl Ortaokulu,733475,Ortaokul,https://dipsizgoloo.meb.k12.tr,,,https://dipsizgoloo.meb.k12.tr/tema/harita.php,2026-08-31,34,34,bulundu,https://dipsizgoloo.meb.k12.tr/,2026-10-01T18:41:46.897994+00:00,,Öğrenci Sayısı : 34
Düzce,Kaynaşlı,Dipsizgöl İlkokulu,733478,İlkokul,https://dipsizgolio.meb.k12.tr,,,https://dipsizgolio.meb.k12.tr/tema/harita.php,2026-08-31,48,48,bulundu,https://dipsizgolio.meb.k12.tr/,2026-10-01T18:41:46.933260+00:00,,Öğrenci Sayısı 48
Düzce,Kaynaşlı,Karaçalı Süperlit İlkokulu,758464,İlkokul,https://kaynaslikaracalisuperlitio.meb.k12.tr,,,https://kaynaslikaracalisuperlitio.meb.k12.tr/tema/harita.php,2026-08-31,241,241,bulundu,https://kaynaslikaracalisuperlitio.meb.k12.tr/,2026-10-01T18:41:46.996117+00:00,,Öğrenci Sayısı: 241
Düzce,Kaynaşlı,Kaynaşlı Anadolu Lisesi,972830,Anadolu Lisesi,https://kaynaslianadolulisesi.meb.k12.tr,,,https://kaynaslianadolulisesi.meb.k12.tr/tema/harita.php,2026-08-31,254,254,bulundu,https://kaynaslianadolulisesi.meb.k12.tr/,2026-10-01T18:41:47.183538+00:00,,Öğrenci Sayısı : 254
Düzce,Kaynaşlı,Kaynaşlı Anadolu İmam Hatip Lisesi,757701,Anadolu İmam Hatip Lisesi,https://kaynaslianadoluihl.meb.k12.tr,,,https://kaynaslianadoluihl.meb.k12.tr/tema/harita.php,2026-08-31,186,186,bulundu,https://kaynaslianadoluihl.meb.k12.tr/,2026-10-01T18:41:47.362054+00:00,,Öğrenci Sayısı : 186
Düzce,Kaynaşlı,Kaynaşlı Halk Eğitimi Merkezi,866204,Halk Eğitimi Merkezi,https://kaynaslihem.meb.k12.tr,,,https://kaynaslihem.meb.k12.tr/tema/harita.php,2026-08-31,,,bulunamadi,,2026-10-01T18:41:47.421994+00:00,,
Düzce,Kaynaşlı,Kaynaşlı İlkokulu,735220,İlkokul,https://kaynasliilkokulu.meb.k12.tr,,,https://kaynasliilkokulu.meb.k12.tr/tema/harita.php,2026-08-31,341,341,bulundu,https://kaynasliilkokulu.meb.k12.tr/,2026-10-01T18:41:47.423919+00:00,,Öğrenci Sayısı : 341
Düzce,Kaynaşlı,Kaynaşlı İmam Hatip Ortaokulu,749072,İmam Hatip Ortaokulu,https://kaynasliiho.meb.k12.tr,,,https://kaynasliiho.meb.k12.tr/tema/harita.php,2026-08-31,126,126,bulundu,https://kaynasliiho.meb.k12.tr/,2026-10-01T18:41:47.688752+00:00,,Öğrenci Sayısı : 126
Düzce,Kaynaşlı,Kumluca Ortaokulu,735231,Ortaokul,https://kaynaslikumluca.meb.k12.tr,,,https://kaynaslikumluca.meb.k12.tr/tema/harita.php,2026-08-31,231,231,bulundu,https://kaynaslikumluca.meb.k12.tr/,2026-10-01T18:41:47.724464+00:00,,Öğrenci Sayısı : 231
Düzce,Kaynaşlı,Osmangazi Ortaokulu,733567,Ortaokul,https://osmangaziortaokulu81.meb.k12.tr,,,https://osmangaziortaokulu81.meb.k12.tr/tema/harita.php,2026-08-31,48,48,bulundu,https://osmangaziortaokulu81.meb.k12.tr/,2026-10-01T18:41:47.741012+00:00,,Öğrenci Sayısı 48
Düzce,Kaynaşlı,Osmangazi İlkokulu,733570,İlkokul,https://osmangaziilkokulu81.meb.k12.tr,,,https://osmangaziilkokulu81.meb.k12.tr/tema/harita.php,2026-08-31,61,61,bulundu,https://osmangaziilkokulu81.meb.k12.tr/,2026-10-01T18:41:48.037427+00:00,,Öğrenci Sayısı 61
Düzce,Kaynaşlı,Sarıçökek İlkokulu,735239,İlkokul,https://saricokekilkokulu.meb.k12.tr,,,https://saricokekilkokulu.meb.k12.tr/tema/harita.php,2026-08-31,155,155,bulundu,https://saricokekilkokulu.meb.k12.tr/,2026-10-01T18:41:48.053399+00:00,,Öğrenci Sayısı : 155
Düzce,Kaynaşlı,Üçköprü Ortaokulu,733547,Ortaokul,https://uckopruortaokulu.meb.k12.tr,,,https://uckopruortaokulu.meb.k12.tr/tema/harita.php,2026-08-31,71,71,bulundu,https://uckopruortaokulu.meb.k12.tr/,2026-10-01T18:41:48.099451+00:00,,Öğrenci Sayısı : 71
Düzce,Kaynaşlı,Üçköprü İlkokulu,732017,İlkokul,https://uckopruilkokulu.meb.k12.tr,,,https://uckopruilkokulu.meb.k12.tr/tema/harita.php,2026-08-31,90,90,bulundu,https://uckopruilkokulu.meb.k12.tr/,2026-10-01T18:41:48.140919+00:00,,Öğrenci Sayısı : 90
Düzce,Kaynaşlı,Şehit Sabri Altınbaş Turizm Mesleki ve Teknik Anadolu Lisesi,972291,Mesleki ve Teknik Anadolu Lisesi,https://kaynaslisabrimtal.meb.k12.tr,,,https://kaynaslisabrimtal.meb.k12.tr/tema/harita.php,2026-08-31,137,137,bulundu,https://kaynaslisabrimtal.meb.k12.tr/,2026-10-01T18:41:48.213160+00:00,,Öğrenci Sayısı 137
Düzce,Merkez,100. Yıl Ortaokulu,733531,Ortaokul,https://yuzuncuyilortaokuluduzce.meb.k12.tr,,,https://yuzuncuyilortaokuluduzce.meb.k12.tr/tema/harita.php,2026-08-31,225,225,bulundu,https://yuzuncuyilortaokuluduzce.meb.k12.tr/,2026-10-01T18:41:48.214942+00:00,,Öğrenci Sayısı : 225
Düzce,Merkez,15 Temmuz Şehitleri Ortaokulu,732093,Ortaokul,https://duzce15temmuzsehitlerioo.meb.k12.tr,,,https://duzce15temmuzsehitlerioo.meb.k12.tr/tema/harita.php,2026-08-31,1091,1091,bulundu,https://duzce15temmuzsehitlerioo.meb.k12.tr/,2026-10-01T18:41:48.215961+00:00,,Öğrenci Sayısı : 1091
Düzce,Merkez,19 Mayıs İlkokulu,733700,İlkokul,https://duzce19mayisilkokulu.meb.k12.tr,,,https://duzce19mayisilkokulu.meb.k12.tr/tema/harita.php,2026-08-31,340,340,bulundu,https://duzce19mayisilkokulu.meb.k12.tr/,2026-10-01T18:41:48.295525+00:00,,Öğrenci Sayısı 340
Düzce,Merkez,23 Nisan İlkokulu,709688,İlkokul,https://duzce23nisan.meb.k12.tr,,,https://duzce23nisan.meb.k12.tr/tema/harita.php,2026-08-31,838,838,bulundu,https://duzce23nisan.meb.k12.tr/,2026-10-01T18:41:48.329430+00:00,,Öğrenci Sayısı 838
Düzce,Merkez,Ailem Anaokulu,776238,Anaokulu,https://776238.meb.k12.tr,,,https://776238.meb.k12.tr/tema/harita.php,2026-08-31,124,124,bulundu,https://776238.meb.k12.tr/,2026-10-01T18:41:48.419808+00:00,,Öğrenci Sayısı 124
Düzce,Merkez,Akşemsettin Ortaokulu,732085,Ortaokul,https://aksemsettinortaokulu.meb.k12.tr,,,https://aksemsettinortaokulu.meb.k12.tr/tema/harita.php,2026-08-31,124,124,bulundu,https://aksemsettinortaokulu.meb.k12.tr/,2026-10-01T18:41:48.432680+00:00,,Öğrenci Sayısı : 124
Düzce,Merkez,Akşemsettin İlkokulu,732086,İlkokul,https://aksemsettinilkokulu.meb.k12.tr,,,https://aksemsettinilkokulu.meb.k12.tr/tema/harita.php,2026-08-31,176,176,bulundu,https://aksemsettinilkokulu.meb.k12.tr/,2026-10-01T18:41:48.480285+00:00,,Öğrenci Sayısı : 176
Düzce,Merkez,Albay Talat Demirel Anaokulu,767272,Anaokulu,https://albaytalatdemirelao.meb.k12.tr,,,https://albaytalatdemirelao.meb.k12.tr/tema/harita.php,2026-08-31,145,145,bulundu,https://albaytalatdemirelao.meb.k12.tr/,2026-10-01T18:41:48.622758+00:00,,Öğrenci Sayısı 145
Düzce,Merkez,Atatürk Anadolu Lisesi,952289,Anadolu Lisesi,https://duzceataturkal.meb.k12.tr,,,https://duzceataturkal.meb.k12.tr/tema/harita.php,2026-08-31,636,636,bulundu,https://duzceataturkal.meb.k12.tr/tema/okulumuz_hakkinda.php,2026-10-01T18:41:48.636484+00:00,,Öğrenci : 636
Düzce,Merkez,Atatürk Ortaokulu,731985,Ortaokul,https://duzceataturk.meb.k12.tr,,,https://duzceataturk.meb.k12.tr/tema/harita.php,2026-08-31,304,304,bulundu,https://duzceataturk.meb.k12.tr/,2026-10-01T18:41:48.657623+00:00,,Öğrenci Sayısı : 304
Düzce,Merkez,Avni Akyol İlkokulu,733538,İlkokul,https://avniakyolilkokulu.meb.k12.tr,,,https://avniakyolilkokulu.meb.k12.tr/tema/harita.php,2026-08-31,306,306,bulundu,https://avniakyolilkokulu.meb.k12.tr/,2026-10-01T18:41:48.663312+00:00,,Öğrenci Sayısı 306
Düzce,Merkez,Aydınpınar Ortaokulu,733518,Ortaokul,https://aydnpnarokul.meb.k12.tr,,,https://aydnpnarokul.meb.k12.tr/tema/harita.php,2026-08-31,154,154,bulundu,https://aydnpnarokul.meb.k12.tr/,2026-10-01T18:41:48.704631+00:00,,Öğrenci Sayısı 154
Düzce,Merkez,Aydınpınar İlkokulu,733520,İlkokul,https://aydnpnarilkokulu.meb.k12.tr,,,https://aydnpnarilkokulu.meb.k12.tr/tema/harita.php,2026-08-31,169,169,bulundu,https://aydnpnarilkokulu.meb.k12.tr/,2026-10-01T18:41:48.726812+00:00,,Öğrenci Sayısı 169
Düzce,Merkez,Aydınpınar İmam Hatip Ortaokulu,763945,İmam Hatip Ortaokulu,https://aydnpnariho.meb.k12.tr,,,https://aydnpnariho.meb.k12.tr/tema/harita.php,2026-08-31,8,8,bulundu,https://aydnpnariho.meb.k12.tr/,2026-10-01T18:41:48.991490+00:00,,Öğrenci Sayısı 8
Düzce,Merkez,Aziziye İlkokulu,733706,İlkokul,https://aziziyei.meb.k12.tr,,,https://aziziyei.meb.k12.tr/tema/harita.php,2026-08-31,401,401,bulundu,https://aziziyei.meb.k12.tr/,2026-10-01T18:41:49.029975+00:00,,Öğrenci Sayısı 401
Düzce,Merkez,Azmimilli Ortaokulu,733543,Ortaokul,https://duzceazmimilliortaokulu.meb.k12.tr,,,https://duzceazmimilliortaokulu.meb.k12.tr/tema/harita.php,2026-08-31,533,533,bulundu,https://duzceazmimilliortaokulu.meb.k12.tr/,2026-10-01T18:41:49.032413+00:00,,Öğrenci Sayısı : 533
Düzce,Merkez,Azmimilli İlkokulu,732102,İlkokul,https://duzceazmimilliilkokulu.meb.k12.tr,,,https://duzceazmimilliilkokulu.meb.k12.tr/tema/harita.php,2026-08-31,788,788,bulundu,https://duzceazmimilliilkokulu.meb.k12.tr/,2026-10-01T18:41:49.072800+00:00,,Öğrenci Sayısı : 788
Düzce,Merkez,Bahçeköy İlkokulu,746197,İlkokul,https://bahcekoy.meb.k12.tr,,,https://bahcekoy.meb.k12.tr/tema/harita.php,2026-08-31,,,bulunamadi,,2026-10-01T18:41:49.161120+00:00,,
Düzce,Merkez,Bayraktepe Anaokulu,758596,Anaokulu,https://duzcebayraktepeanaokulu.meb.k12.tr,,,https://duzcebayraktepeanaokulu.meb.k12.tr/tema/harita.php,2026-08-31,96,96,bulundu,https://duzcebayraktepeanaokulu.meb.k12.tr/,2026-10-01T18:41:49.186174+00:00,,Öğrenci Sayısı: 96
Düzce,Merkez,Bayram Turan Çetin Anaokulu,966762,Anaokulu,https://bayramturancetin.meb.k12.tr,,,https://bayramturancetin.meb.k12.tr/tema/harita.php,2026-08-31,101,101,bulundu,https://bayramturancetin.meb.k12.tr/,2026-10-01T18:41:49.346962+00:00,,Öğrenci Sayısı: 101
Düzce,Merkez,Başkent Üniversitesi Avni Akyol Ümit Vakfı Anaokulu,964918,Anaokulu,https://avniakyolanaokulu.meb.k12.tr,,,https://avniakyolanaokulu.meb.k12.tr/tema/harita.php,2026-08-31,109,109,bulundu,https://avniakyolanaokulu.meb.k12.tr/,2026-10-01T18:41:49.380700+00:00,,Öğrenci Sayısı: 109
Düzce,Merkez,Beyciler Ortaokulu,733696,Ortaokul,https://beycilerortaokulu.meb.k12.tr,,,https://beycilerortaokulu.meb.k12.tr/tema/harita.php,2026-08-31,391,391,bulundu,https://beycilerortaokulu.meb.k12.tr/,2026-10-01T18:41:49.394783+00:00,,Öğrenci Sayısı 391
Düzce,Merkez,Beyciler İlkokulu,733698,İlkokul,https://beycilerilkokulu.meb.k12.tr,,,https://beycilerilkokulu.meb.k12.tr/tema/harita.php,2026-08-31,450,450,bulundu,https://beycilerilkokulu.meb.k12.tr/tema/okulumuz_hakkinda.php,2026-10-01T18:41:49.450811+00:00,,Öğrenci : 450
Düzce,Merkez,Beyköy Ortaokulu,732082,Ortaokul,https://duzcebeykoyortaokulu.meb.k12.tr,,,https://duzcebeykoyortaokulu.meb.k12.tr/tema/harita.php,2026-08-31,337,337,bulundu,https://duzcebeykoyortaokulu.meb.k12.tr/,2026-10-01T18:41:49.493028+00:00,,Öğrenci Sayısı 337
Düzce,Merkez,Beyköy İhsan Gösterişli Anaokulu,974057,Anaokulu,https://beykoyihsangosterislianaokulu.meb.k12.tr,,,https://beykoyihsangosterislianaokulu.meb.k12.tr/tema/harita.php,2026-08-31,,,bulunamadi,,2026-10-01T18:41:49.906779+00:00,,
Düzce,Merkez,Beyköy İmam Hatip Ortaokulu,761763,İmam Hatip Ortaokulu,https://beykoyiho.meb.k12.tr,,,https://beykoyiho.meb.k12.tr/tema/harita.php,2026-08-31,227,227,bulundu,https://beykoyiho.meb.k12.tr/,2026-10-01T18:41:49.927763+00:00,,Öğrenci Sayısı 227
Düzce,Merkez,Bilgi Ortaokulu,745688,Ortaokul,https://bilgiortaokulu.meb.k12.tr,,,https://bilgiortaokulu.meb.k12.tr/tema/harita.php,2026-08-31,,,bulunamadi,,2026-10-01T18:41:49.939877+00:00,,
Düzce,Merkez,Bostanlık İlkokulu,746191,İlkokul,https://bostanlikilkokulu.meb.k12.tr,,,https://bostanlikilkokulu.meb.k12.tr/tema/harita.php,2026-08-31,,,bulunamadi,,2026-10-01T18:41:50.000537+00:00,,
Düzce,Merkez,Boğaziçi Ortaokulu,733675,Ortaokul,https://duzcebogaziciortaokulu.meb.k12.tr,,,https://duzcebogaziciortaokulu.meb.k12.tr/tema/harita.php,2026-08-31,81,81,bulundu,https://duzcebogaziciortaokulu.meb.k12.tr/,2026-10-01T18:41:50.014029+00:00,,Öğrenci Sayısı 81
Düzce,Merkez,Boğaziçi İlkokulu,733685,İlkokul,https://duzcebogaziciilkokulu.meb.k12.tr,,,https://duzcebogaziciilkokulu.meb.k12.tr/tema/harita.php,2026-08-31,,,bulunamadi,,2026-10-01T18:41:50.028381+00:00,,
Düzce,Merkez,BÜYÜKAÇMA İLKOKULU,746196,İlkokul,https://bykamailkokulu.meb.k12.tr,,,https://bykamailkokulu.meb.k12.tr/tema/harita.php,2026-08-31,39,39,bulundu,https://bykamailkokulu.meb.k12.tr/,2026-10-01T18:41:50.151560+00:00,,Öğrenci Sayısı 39
Düzce,Merkez,Cemil Meriç Anadolu Lisesi,764876,Anadolu Lisesi,https://duzcecmal.meb.k12.tr,,,https://duzcecmal.meb.k12.tr/tema/harita.php,2026-08-31,533,533,bulundu,https://duzcecmal.meb.k12.tr/,2026-10-01T18:41:50.200349+00:00,,Öğrenci Sayısı : 533
Düzce,Merkez,Cevat Şahin Anaokulu,769386,Anaokulu,https://cevatsahinanaokulu.meb.k12.tr,,,https://cevatsahinanaokulu.meb.k12.tr/tema/harita.php,2026-08-31,188,188,bulundu,https://cevatsahinanaokulu.meb.k12.tr/,2026-10-01T18:41:50.218461+00:00,,Öğrenci Sayısı 188
Düzce,Merkez,Cumhuriyet Anadolu Lisesi,964330,Anadolu Lisesi,https://duzcecanal.meb.k12.tr,,,https://duzcecanal.meb.k12.tr/tema/harita.php,2026-08-31,679,679,bulundu,https://duzcecanal.meb.k12.tr/tema/okulumuz_hakkinda.php,2026-10-01T18:41:50.229337+00:00,,Öğrenci : 679
Düzce,Merkez,Cumhuriyet İlkokulu,709625,İlkokul,https://duzcecumhuriyetilkokulu.meb.k12.tr,,,https://duzcecumhuriyetilkokulu.meb.k12.tr/tema/harita.php,2026-08-31,674,674,bulundu,https://duzcecumhuriyetilkokulu.meb.k12.tr/,2026-10-01T18:41:50.322031+00:00,,Öğrenci Sayısı : 674
Düzce,Merkez,Doğanlı Eşref Taşhan Ortaokulu,732069,Ortaokul,https://doganliet.meb.k12.tr,,,https://doganliet.meb.k12.tr/tema/harita.php,2026-08-31,128,128,bulundu,https://doganliet.meb.k12.tr/,2026-10-01T18:41:50.538925+00:00,,Öğrenci Sayısı 128
Düzce,Merkez,Doğanlı Eşref Taşhan İlkokulu,334812,İlkokul,https://doganlietio.meb.k12.tr,,,https://doganlietio.meb.k12.tr/tema/harita.php,2026-08-31,208,208,bulundu,https://doganlietio.meb.k12.tr/,2026-10-01T18:41:50.552637+00:00,,Öğrenci Sayısı 208
Düzce,Merkez,DÜZCE ÖZEL EĞİTİM UYGULAMA MERKEZİ II. KADEME,747606,Özel Eğitim Kurumu,https://duzceocem2.meb.k12.tr,,,https://duzceocem2.meb.k12.tr/tema/harita.php,2026-08-31,26,26,bulundu,https://duzceocem2.meb.k12.tr/,2026-10-01T18:41:50.593173+00:00,,Öğrenci Sayısı 26
Düzce,Merkez,Düzce 15 Temmuz Şehitler Anadolu Lisesi,972831,Anadolu Lisesi,https://duzce15temmuz.meb.k12.tr,,,https://duzce15temmuz.meb.k12.tr/tema/harita.php,2026-08-31,691,691,bulundu,https://duzce15temmuz.meb.k12.tr/,2026-10-01T18:41:50.626327+00:00,,Öğrenci Sayısı : 691
Düzce,Merkez,Düzce Adnan Menderes Ticaret Mesleki ve Teknik Anadolu Lisesi,132835,Mesleki ve Teknik Anadolu Lisesi,https://duzcetml.meb.k12.tr,,,https://duzcetml.meb.k12.tr/tema/harita.php,2026-08-31,703,703,bulundu,https://duzcetml.meb.k12.tr/,2026-10-01T18:41:50.713401+00:00,,Öğrenci Sayısı : 703
Düzce,Merkez,Düzce Anaokulu,814536,Anaokulu,https://duzceanaokulu.meb.k12.tr,,,https://duzceanaokulu.meb.k12.tr/tema/harita.php,2026-08-31,103,103,bulundu,https://duzceanaokulu.meb.k12.tr/,2026-10-01T18:41:50.714037+00:00,,Öğrenci Sayısı: 103
Düzce,Merkez,Düzce Arsal Anadolu Lisesi,223456,Anadolu Lisesi,https://arsalanadolulisesi.meb.k12.tr,,,https://arsalanadolulisesi.meb.k12.tr/tema/harita.php,2026-08-31,684,684,bulundu,https://arsalanadolulisesi.meb.k12.tr/,2026-10-01T18:41:50.838100+00:00,,Öğrenci Sayısı : 684
Düzce,Merkez,Düzce Avni Akyol Öğretmenevi ve Akşam Sanat Okulu Müdürlüğü,971495,Öğretmenevi,https://duzceavniakyologretmenevi.meb.k12.tr,,,https://duzceavniakyologretmenevi.meb.k12.tr/tema/harita.php,2026-08-31,,,bulunamadi,,2026-10-01T18:41:50.954811+00:00,,
Düzce,Merkez,Düzce Bahçeşehir Bilim ve Sanat Merkezi,769212,Bilim ve Sanat Merkezi,https://769212.meb.k12.tr,,,https://769212.meb.k12.tr/tema/harita.php,2026-08-31,126,126,bulundu,https://769212.meb.k12.tr/,2026-10-01T18:41:51.228504+00:00,,Öğrenci Sayısı : 126
Düzce,Merkez,Düzce Bilim ve Sanat Merkezi,970194,Bilim ve Sanat Merkezi,https://duzcebilsem.meb.k12.tr,,,https://duzcebilsem.meb.k12.tr/tema/harita.php,2026-08-31,417,417,bulundu,https://duzcebilsem.meb.k12.tr/,2026-10-01T18:41:51.381080+00:00,,Öğrenci Sayısı : 417
Düzce,Merkez,Düzce Borsa İstanbul Mesleki ve Teknik Anadolu Lisesi,132811,Mesleki ve Teknik Anadolu Lisesi,https://duzceeml.meb.k12.tr,,,https://duzceeml.meb.k12.tr/tema/harita.php,2026-08-31,1397,1397,bulundu,https://duzceeml.meb.k12.tr/,2026-10-01T18:41:51.603248+00:00,,Öğrenci Sayısı : 1397
Düzce,Merkez,Düzce Fatih Mesleki ve Teknik Anadolu Lisesi,962502,Mesleki ve Teknik Anadolu Lisesi,https://fatiheml.meb.k12.tr,,,https://fatiheml.meb.k12.tr/tema/harita.php,2026-08-31,561,561,bulundu,https://fatiheml.meb.k12.tr/,2026-10-01T18:41:51.733058+00:00,,Öğrenci Sayısı 561
Düzce,Merkez,Düzce Fen Lisesi,887419,Fen Lisesi,https://duzcefenlisesi.meb.k12.tr,,,https://duzcefenlisesi.meb.k12.tr/tema/harita.php,2026-08-31,,,bulunamadi,,2026-10-01T18:41:51.745588+00:00,,
Düzce,Merkez,Düzce Fen ve Teknoloji Hafız Anadolu İmam Hatip Lisesi,769349,Anadolu İmam Hatip Lisesi,https://fenveteknolojihaihl.meb.k12.tr,,,https://fenveteknolojihaihl.meb.k12.tr/tema/harita.php,2026-08-31,499,499,bulundu,https://fenveteknolojihaihl.meb.k12.tr/,2026-10-01T18:41:51.810430+00:00,,Öğrenci Sayısı 499
Düzce,Merkez,Düzce Güzel Sanatlar Lisesi,972378,Güzel Sanatlar Lisesi,https://duzcegsl.meb.k12.tr,,,https://duzcegsl.meb.k12.tr/tema/harita.php,2026-08-31,,,bulunamadi,,2026-10-01T18:41:51.827612+00:00,,
Düzce,Merkez,Düzce Halk Eğitimi Merkezi,132860,Halk Eğitimi Merkezi,https://duzcehalkegitim.meb.k12.tr,,,https://duzcehalkegitim.meb.k12.tr/tema/harita.php,2026-08-31,,,bulunamadi,,2026-10-01T18:41:51.831254+00:00,,
Düzce,Merkez,Düzce Kız Anadolu İmam Hatip Lisesi,132859,Anadolu İmam Hatip Lisesi,https://duzceihl.meb.k12.tr,,,https://duzceihl.meb.k12.tr/tema/harita.php,2026-08-31,540,540,bulundu,https://duzceihl.meb.k12.tr/,2026-10-01T18:41:51.836886+00:00,,Öğrenci Sayısı 540
Düzce,Merkez,Düzce Mesleki Eğitim Merkezi,132872,Mesleki Eğitim Merkezi,https://duzcemesem.meb.k12.tr,,,https://duzcemesem.meb.k12.tr/tema/harita.php,2026-08-31,1673,1673,bulundu,https://duzcemesem.meb.k12.tr/,2026-10-01T18:41:51.922697+00:00,,Öğrenci Sayısı 1673
Düzce,Merkez,Düzce Mevlana Kız Mesleki ve Teknik Anadolu Lisesi,132823,Mesleki ve Teknik Anadolu Lisesi,https://duzcektml.meb.k12.tr,,,https://duzcektml.meb.k12.tr/tema/harita.php,2026-08-31,797,797,bulundu,https://duzcektml.meb.k12.tr/,2026-10-01T18:41:51.939804+00:00,,Öğrenci Sayısı : 797
Düzce,Merkez,Düzce Milli Egemenlik Bilim ve Sanat Merkezi,769211,Bilim ve Sanat Merkezi,https://milliegemenlikbilsem.meb.k12.tr,,,https://milliegemenlikbilsem.meb.k12.tr/tema/harita.php,2026-08-31,121,121,bulundu,https://milliegemenlikbilsem.meb.k12.tr/,2026-10-01T18:41:51.971661+00:00,,Öğrenci Sayısı 121
Düzce,Merkez,Düzce Rehberlik ve Araştırma Merkezi,363578,Rehberlik ve Araştırma Merkezi,https://duzceram.meb.k12.tr,,,https://duzceram.meb.k12.tr/tema/harita.php,2026-08-31,,,bulunamadi,,2026-10-01T18:41:51.977523+00:00,,
Düzce,Merkez,Düzce Spor Lisesi,765014,Spor Lisesi,https://duzcesporlisesi.meb.k12.tr,,,https://duzcesporlisesi.meb.k12.tr/tema/harita.php,2026-08-31,311,311,bulundu,https://duzcesporlisesi.meb.k12.tr/,2026-10-01T18:41:51.985648+00:00,,Öğrenci Sayısı : 311
Düzce,Merkez,Düzce Türkiye Odalar ve Borsalar Birliği İlkokulu,731986,İlkokul,https://duzcetobbilkokulu.meb.k12.tr,,,https://duzcetobbilkokulu.meb.k12.tr/tema/harita.php,2026-08-31,380,380,bulundu,https://duzcetobbilkokulu.meb.k12.tr/tema/okulumuz_hakkinda.php,2026-10-01T18:41:52.045230+00:00,,Öğrenci : 380
Düzce,Merkez,Düzce Yavuz Selim Ticaret Mesleki ve Teknik Anadolu Lisesi,967378,Mesleki ve Teknik Anadolu Lisesi,https://duzceystml.meb.k12.tr,,,https://duzceystml.meb.k12.tr/tema/harita.php,2026-08-31,709,709,bulundu,https://duzceystml.meb.k12.tr/,2026-10-01T18:41:52.216195+00:00,,Öğrenci Sayısı : 709
Düzce,Merkez,Düzce Zübeyde Hanım Kız Mesleki ve Teknik Anadolu Lisesi,966656,Mesleki ve Teknik Anadolu Lisesi,https://duzcezhmtal.meb.k12.tr,,,https://duzcezhmtal.meb.k12.tr/tema/harita.php,2026-08-31,734,734,bulundu,https://duzcezhmtal.meb.k12.tr/tema/okulumuz_hakkinda.php,2026-10-01T18:41:52.221640+00:00,,Öğrenci : 734
Düzce,Merkez,Düzce Özel Eğitim Anaokulu,759651,Anaokulu,https://duzceoeao.meb.k12.tr,,,https://duzceoeao.meb.k12.tr/tema/harita.php,2026-08-31,96,96,bulundu,https://duzceoeao.meb.k12.tr/,2026-10-01T18:41:52.686525+00:00,,Öğrenci Sayısı : 96
Düzce,Merkez,Düzce Özel Eğitim Meslek Okulu,747240,Özel Eğitim Kurumu,https://duzceomem.meb.k12.tr,,,https://duzceomem.meb.k12.tr/tema/harita.php,2026-08-31,100,100,bulundu,https://duzceomem.meb.k12.tr/,2026-10-01T18:41:52.694199+00:00,,Öğrenci Sayısı 100
Düzce,Merkez,Düzce Üniversitesi Anaokulu,760956,Anaokulu,https://duuygulamaanaokulu.meb.k12.tr,,,https://duuygulamaanaokulu.meb.k12.tr/tema/harita.php,2026-08-31,102,102,bulundu,https://duuygulamaanaokulu.meb.k12.tr/,2026-10-01T18:41:52.697184+00:00,,Öğrenci Sayısı: 102
Düzce,Merkez,Düzce İbn-i Sina Mesleki ve Teknik Anadolu Lisesi,966520,Mesleki ve Teknik Anadolu Lisesi,https://duzceibnisinamtal.meb.k12.tr,,,https://duzceibnisinamtal.meb.k12.tr/tema/harita.php,2026-08-31,456,456,bulundu,https://duzceibnisinamtal.meb.k12.tr/,2026-10-01T18:41:52.721564+00:00,,Öğrenci Sayısı 456
Düzce,Merkez,Esentepe İlkokulu,746192,İlkokul,https://duzceesentepe.meb.k12.tr,,,https://duzceesentepe.meb.k12.tr/tema/harita.php,2026-08-31,29,29,bulundu,https://duzceesentepe.meb.k12.tr/,2026-10-01T18:41:52.852672+00:00,,Öğrenci Sayısı: 29
Düzce,Merkez,Esin Olcay Anadolu Lisesi,240172,Anadolu Lisesi,https://esinolcayanadolulisesi.meb.k12.tr,,,https://esinolcayanadolulisesi.meb.k12.tr/tema/harita.php,2026-08-31,455,455,bulundu,https://esinolcayanadolulisesi.meb.k12.tr/,2026-10-01T18:41:53.034264+00:00,,Öğrenci Sayısı 455
Düzce,Merkez,Eskimengencik İlkokulu,526846,İlkokul,https://eskimengencikilkokulu.meb.k12.tr,,,https://eskimengencikilkokulu.meb.k12.tr/tema/harita.php,2026-08-31,77,77,bulundu,https://eskimengencikilkokulu.meb.k12.tr/,2026-10-01T18:41:53.129226+00:00,,Öğrenci Sayısı : 77
Düzce,Merkez,Farabi Anadolu Lisesi,970661,Anadolu Lisesi,https://farabianadolulisesi.meb.k12.tr,,,https://farabianadolulisesi.meb.k12.tr/tema/harita.php,2026-08-31,664,664,bulundu,https://farabianadolulisesi.meb.k12.tr/,2026-10-01T18:41:53.277782+00:00,,Öğrenci Sayısı 664
Düzce,Merkez,Fatih Ortaokulu,733702,Ortaokul,https://duzcefatihortaokulu.meb.k12.tr,,,https://duzcefatihortaokulu.meb.k12.tr/tema/harita.php,2026-08-31,352,352,bulundu,https://duzcefatihortaokulu.meb.k12.tr/tema/okulumuz_hakkinda.php,2026-10-01T18:41:53.331169+00:00,,Öğrenci : 352
Düzce,Merkez,Fatih İlkokulu,244419,İlkokul,https://duzcefatihio.meb.k12.tr,,,https://duzcefatihio.meb.k12.tr/tema/harita.php,2026-08-31,358,358,bulundu,https://duzcefatihio.meb.k12.tr/tema/okulumuz_hakkinda.php,2026-10-01T18:41:53.712746+00:00,,Öğrenci : 358
Düzce,Merkez,Gazi Mustafa Kemal Ortaokulu,709235,Ortaokul,https://duzcegmko.meb.k12.tr,,,https://duzcegmko.meb.k12.tr/tema/harita.php,2026-08-31,,,bulunamadi,,2026-10-01T18:41:53.747739+00:00,,
Düzce,Merkez,Gazi Mustafa Kemal İlkokulu,709240,İlkokul,https://duzcegmk.meb.k12.tr,,,https://duzcegmk.meb.k12.tr/tema/harita.php,2026-08-31,,,bulunamadi,,2026-10-01T18:41:53.782797+00:00,,
Düzce,Merkez,Gölormanı Ortaokulu,732079,Ortaokul,https://golormaniortaokulu.meb.k12.tr,,,https://golormaniortaokulu.meb.k12.tr/tema/harita.php,2026-08-31,67,67,bulundu,https://golormaniortaokulu.meb.k12.tr/,2026-10-01T18:41:53.796900+00:00,,Öğrenci Sayısı : 67
Düzce,Merkez,Gölormanı İlkokulu,732080,İlkokul,https://golormaniilkokulu.meb.k12.tr,,,https://golormaniilkokulu.meb.k12.tr/tema/harita.php,2026-08-31,113,113,bulundu,https://golormaniilkokulu.meb.k12.tr/,2026-10-01T18:41:53.863796+00:00,,Öğrenci Sayısı : 113
Düzce,Merkez,Gümüşpınar Mehmetçik İlkokulu,733625,İlkokul,https://gumuspinario.meb.k12.tr,,,https://gumuspinario.meb.k12.tr/tema/harita.php,2026-08-31,243,243,bulundu,https://gumuspinario.meb.k12.tr/,2026-10-01T18:41:53.925860+00:00,,Öğrenci Sayısı 243
Düzce,Merkez,Güzelbahçe Anaokulu,971687,Anaokulu,https://guzelbahce.meb.k12.tr,,,https://guzelbahce.meb.k12.tr/tema/harita.php,2026-08-31,111,111,bulundu,https://guzelbahce.meb.k12.tr/,2026-10-01T18:41:54.269980+00:00,,Öğrenci Sayısı 111
Düzce,Merkez,Hacı Hidayet Türkseven Özel Eğitim Uygulama Okulu I. Kademe,747473,Özel Eğitim Kurumu,https://hhtozelegitimuygulamaokulu.meb.k12.tr,,,https://hhtozelegitimuygulamaokulu.meb.k12.tr/tema/harita.php,2026-08-31,34,34,bulundu,https://hhtozelegitimuygulamaokulu.meb.k12.tr/,2026-10-01T18:41:54.278062+00:00,,Öğrenci Sayısı 34
Düzce,Merkez,Hacı Hidayet Türkseven Özel Eğitim Uygulama Okulu III. Kademe,747830,Özel Eğitim Kurumu,https://duzceocem3.meb.k12.tr,,,https://duzceocem3.meb.k12.tr/tema/harita.php,2026-08-31,7,7,bulundu,https://duzceocem3.meb.k12.tr/,2026-10-01T18:41:54.315015+00:00,,Öğrenci Sayısı 7
Düzce,Merkez,Hafız Hasan Şen İmam Hatip Ortaokulu,746739,İmam Hatip Ortaokulu,https://hafizhasanseniho.meb.k12.tr,,,https://hafizhasanseniho.meb.k12.tr/tema/harita.php,2026-08-31,201,201,bulundu,https://hafizhasanseniho.meb.k12.tr/,2026-10-01T18:41:54.367409+00:00,,Öğrenci Sayısı : 201
Düzce,Merkez,Hamidiye Şehit Özgür Işık İlkokulu,734797,İlkokul,https://duzcehamidiye.meb.k12.tr,,,https://duzcehamidiye.meb.k12.tr/tema/harita.php,2026-08-31,712,712,bulundu,https://duzcehamidiye.meb.k12.tr/,2026-10-01T18:41:54.383197+00:00,,Öğrenci Sayısı 712
Düzce,Merkez,Hamit Şerifoğlu Ortaokulu,759154,Ortaokul,https://hamitserifogluoo.meb.k12.tr,,,https://hamitserifogluoo.meb.k12.tr/tema/harita.php,2026-08-31,774,774,bulundu,https://hamitserifogluoo.meb.k12.tr/,2026-10-01T18:41:54.460446+00:00,,Öğrenci Sayısı : 774
Düzce,Merkez,Hikmet Akın Ortaokulu,734801,Ortaokul,https://hikmetakin.meb.k12.tr,,,https://hikmetakin.meb.k12.tr/tema/harita.php,2026-08-31,542,542,bulundu,https://hikmetakin.meb.k12.tr/tema/okulumuz_hakkinda.php,2026-10-01T18:41:54.462095+00:00,,Öğrenci : 542
Düzce,Merkez,Hikmet Akın İmam Hatip Ortaokulu,763944,İmam Hatip Ortaokulu,https://hikmetakinih.meb.k12.tr,,,https://hikmetakinih.meb.k12.tr/tema/harita.php,2026-08-31,85,85,bulundu,https://hikmetakinih.meb.k12.tr/tema/okulumuz_hakkinda.php,2026-10-01T18:41:54.464404+00:00,,Öğrenci : 85
Düzce,Merkez,Hürriyet Ortaokulu,709637,Ortaokul,https://duzcehurriyetortaokulu.meb.k12.tr,,,https://duzcehurriyetortaokulu.meb.k12.tr/tema/harita.php,2026-08-31,907,907,bulundu,https://duzcehurriyetortaokulu.meb.k12.tr/,2026-10-01T18:41:54.568244+00:00,,Öğrenci Sayısı : 907
Düzce,Merkez,Işık İlkokulu,402135,İlkokul,https://duzceisikilkokulu.meb.k12.tr,,,https://duzceisikilkokulu.meb.k12.tr/tema/harita.php,2026-08-31,454,454,bulundu,https://duzceisikilkokulu.meb.k12.tr/,2026-10-01T18:41:54.812284+00:00,,Öğrenci Sayısı 454
Düzce,Merkez,Kaptan Altay Altuğ Kızılay Anaokulu,767775,Anaokulu,https://kaptanaltayaltugkizilayanaokulu.meb.k12.tr,,,https://kaptanaltayaltugkizilayanaokulu.meb.k12.tr/tema/harita.php,2026-08-31,152,152,bulundu,https://kaptanaltayaltugkizilayanaokulu.meb.k12.tr/tema/okulumuz_hakkinda.php,2026-10-01T18:41:54.927372+00:00,,Öğrenci : 152
Düzce,Merkez,Kasım Aktaş Ortaokulu,774425,Ortaokul,https://kasimaktasortaokulu.meb.k12.tr,,,https://kasimaktasortaokulu.meb.k12.tr/tema/harita.php,2026-08-31,910,910,bulundu,https://kasimaktasortaokulu.meb.k12.tr/,2026-10-01T18:41:55.347341+00:00,,Öğrenci Sayısı 910
Düzce,Merkez,Kavakbıçkı İlkokulu,776582,İlkokul,https://776582.meb.k12.tr,,,https://776582.meb.k12.tr/tema/harita.php,2026-08-31,34,34,bulundu,https://776582.meb.k12.tr/,2026-10-01T18:41:55.401247+00:00,,Öğrenci Sayısı 34
Düzce,Merkez,Konuralp Anadolu Lisesi,325838,Anadolu Lisesi,https://konuralpal.meb.k12.tr,,,https://konuralpal.meb.k12.tr/tema/harita.php,2026-08-31,284,284,bulundu,https://konuralpal.meb.k12.tr/,2026-10-01T18:41:55.408549+00:00,,Öğrenci Sayısı 284
Düzce,Merkez,Konuralp Anaokulu,973478,Anaokulu,https://konuralpanaokulu.meb.k12.tr,,,https://konuralpanaokulu.meb.k12.tr/tema/harita.php,2026-08-31,138,138,bulundu,https://konuralpanaokulu.meb.k12.tr/,2026-10-01T18:41:55.461071+00:00,,Öğrenci Sayısı: 138
Düzce,Merkez,Konuralp Ortaokulu,732087,Ortaokul,https://konuralportaokulu.meb.k12.tr,,,https://konuralportaokulu.meb.k12.tr/tema/harita.php,2026-08-31,414,414,bulundu,https://konuralportaokulu.meb.k12.tr/,2026-10-01T18:41:55.482242+00:00,,Öğrenci Sayısı : 414
Düzce,Merkez,Konuralp İlkokulu,733526,İlkokul,https://konuralpilkokulu81.meb.k12.tr,,,https://konuralpilkokulu81.meb.k12.tr/tema/harita.php,2026-08-31,518,518,bulundu,https://konuralpilkokulu81.meb.k12.tr/,2026-10-01T18:41:55.545447+00:00,,Öğrenci Sayısı: 518
Düzce,Merkez,Konuralp İmam Hatip Ortaokulu,762184,İmam Hatip Ortaokulu,https://konuralpiho.meb.k12.tr,,,https://konuralpiho.meb.k12.tr/tema/harita.php,2026-08-31,104,104,bulundu,https://konuralpiho.meb.k12.tr/,2026-10-01T18:41:55.563391+00:00,,Öğrenci Sayısı : 104
Düzce,Merkez,Kurtsuyu İlkokulu,774393,İlkokul,https://774393.meb.k12.tr,,,https://774393.meb.k12.tr/tema/harita.php,2026-08-31,7,7,bulundu,https://774393.meb.k12.tr/,2026-10-01T18:41:55.578467+00:00,,Öğrenci Sayısı : 7
Düzce,Merkez,Köprübaşı Özel Eğitim Uygulama Okulu I. Kademe,770643,Özel Eğitim Kurumu,https://duzceozelegitimuygok1kademe.meb.k12.tr,,,https://duzceozelegitimuygok1kademe.meb.k12.tr/tema/harita.php,2026-08-31,22,22,bulundu,https://duzceozelegitimuygok1kademe.meb.k12.tr/,2026-10-01T18:41:55.586358+00:00,,Öğrenci Sayısı : 22
Düzce,Merkez,Köprübaşı Özel Eğitim Uygulama Okulu II. Kademe,770644,Özel Eğitim Kurumu,https://duzceozelegitimuygok2kademe.meb.k12.tr,,,https://duzceozelegitimuygok2kademe.meb.k12.tr/tema/harita.php,2026-08-31,13,13,bulundu,https://duzceozelegitimuygok2kademe.meb.k12.tr/,2026-10-01T18:41:55.610033+00:00,,Öğrenci Sayısı 13
Düzce,Merkez,Köprübaşı Özel Eğitim Uygulama Okulu III. Kademe,769060,Özel Eğitim Kurumu,https://duzceozelegitimuygok.meb.k12.tr,,,https://duzceozelegitimuygok.meb.k12.tr/tema/harita.php,2026-08-31,22,22,bulundu,https://duzceozelegitimuygok.meb.k12.tr/,2026-10-01T18:41:55.756109+00:00,,Öğrenci Sayısı 22
Düzce,Merkez,Körpeşler Anaokulu,758594,Anaokulu,https://duzcekorpesleranaokulu.meb.k12.tr,,,https://duzcekorpesleranaokulu.meb.k12.tr/tema/harita.php,2026-08-31,118,118,bulundu,https://duzcekorpesleranaokulu.meb.k12.tr/,2026-10-01T18:41:55.769016+00:00,,Öğrenci Sayısı: 118
Düzce,Merkez,Mehmet Akif İnan Hafız Anadolu İmam Hatip Lisesi,760739,Anadolu İmam Hatip Lisesi,https://makifinanhfzihl.meb.k12.tr,,,https://makifinanhfzihl.meb.k12.tr/tema/harita.php,2026-08-31,466,466,bulundu,https://makifinanhfzihl.meb.k12.tr/,2026-10-01T18:41:55.862535+00:00,,Öğrenci Sayısı : 466
Düzce,Merkez,Mehmet Zahid Kevseri Anadolu İmam Hatip Lisesi,764566,Anadolu İmam Hatip Lisesi,https://mehmetzahidkevseriaihl.meb.k12.tr,,,https://mehmetzahidkevseriaihl.meb.k12.tr/tema/harita.php,2026-08-31,727,727,bulundu,https://mehmetzahidkevseriaihl.meb.k12.tr/tema/okulumuz_hakkinda.php,2026-10-01T18:41:55.932475+00:00,,Öğrenci : 727
Düzce,Merkez,Melen Anaokulu,775339,Anaokulu,https://melenanaokulu.meb.k12.tr,,,https://melenanaokulu.meb.k12.tr/tema/harita.php,2026-08-31,102,102,bulundu,https://melenanaokulu.meb.k12.tr/,2026-10-01T18:41:56.454984+00:00,,Öğrenci Sayısı 102
Düzce,Merkez,Mevlüde Çıtlak Anaokulu,749340,Anaokulu,https://mevludecitlakanaokulu.meb.k12.tr,,,https://mevludecitlakanaokulu.meb.k12.tr/tema/harita.php,2026-08-31,150,150,bulundu,https://mevludecitlakanaokulu.meb.k12.tr/,2026-10-01T18:41:56.562008+00:00,,Öğrenci Sayısı 150
Düzce,Merkez,Musababa Ortaokulu,733513,Ortaokul,https://musababaortaokulu.meb.k12.tr,,,https://musababaortaokulu.meb.k12.tr/tema/harita.php,2026-08-31,142,142,bulundu,https://musababaortaokulu.meb.k12.tr/,2026-10-01T18:41:56.644228+00:00,,Öğrenci Sayısı 142
Düzce,Merkez,NURSEL DEMİREL İLKOKULU,758597,İlkokul,https://nurseldemirelilkokulu.meb.k12.tr,,,https://nurseldemirelilkokulu.meb.k12.tr/tema/harita.php,2026-08-31,112,112,bulundu,https://nurseldemirelilkokulu.meb.k12.tr/tema/okulumuz_hakkinda.php,2026-10-01T18:41:56.706866+00:00,,Öğrenci : 112
Düzce,Merkez,Namık Kemal İlkokulu,733458,İlkokul,https://namikkemal81.meb.k12.tr,,,https://namikkemal81.meb.k12.tr/tema/harita.php,2026-08-31,1277,1277,bulundu,https://namikkemal81.meb.k12.tr/tema/okulumuz_hakkinda.php,2026-10-01T18:41:56.761079+00:00,,Öğrenci : 1277
Düzce,Merkez,Nasırlı İlkokulu,733649,İlkokul,https://nasirliilkokulu.meb.k12.tr,,,https://nasirliilkokulu.meb.k12.tr/tema/harita.php,2026-08-31,29,29,bulundu,https://nasirliilkokulu.meb.k12.tr/,2026-10-01T18:41:56.775278+00:00,,Öğrenci Sayısı: 29
Düzce,Merkez,Nazende Özel Eğitim Anaokulu,775359,Anaokulu,https://775359.meb.k12.tr,,,https://775359.meb.k12.tr/tema/harita.php,2026-08-31,59,59,bulundu,https://775359.meb.k12.tr/,2026-10-01T18:41:56.805795+00:00,,Öğrenci Sayısı: 59
Düzce,Merkez,Necmi Hoşver Ortaokulu,709733,Ortaokul,https://necmihosverortaokulu.meb.k12.tr,,,https://necmihosverortaokulu.meb.k12.tr/tema/harita.php,2026-08-31,151,151,bulundu,https://necmihosverortaokulu.meb.k12.tr/,2026-10-01T18:41:56.875079+00:00,,Öğrenci Sayısı : 151
Düzce,Merkez,Nejdet Bıçakçıoğlu İlkokulu,733655,İlkokul,https://nbio.meb.k12.tr,,,https://nbio.meb.k12.tr/tema/harita.php,2026-08-31,82,82,bulundu,https://nbio.meb.k12.tr/,2026-10-01T18:41:57.241118+00:00,,Öğrenci Sayısı 82
Düzce,Merkez,Orhangazi İlkokulu,776697,İlkokul,https://duzceorhangaziilk.meb.k12.tr,,,https://duzceorhangaziilk.meb.k12.tr/tema/harita.php,2026-08-31,231,231,bulundu,https://duzceorhangaziilk.meb.k12.tr/tema/okulumuz_hakkinda.php,2026-10-01T18:41:57.286639+00:00,,Öğrenci : 231
Düzce,Merkez,Osman Kuyumcu Anadolu İmam Hatip Lisesi,973853,Anadolu İmam Hatip Lisesi,https://osmankuyumcuanadoluihl.meb.k12.tr,,,https://osmankuyumcuanadoluihl.meb.k12.tr/tema/harita.php,2026-08-31,618,618,bulundu,https://osmankuyumcuanadoluihl.meb.k12.tr/,2026-10-01T18:41:57.315051+00:00,,Öğrenci Sayısı : 618
Düzce,Merkez,Otluoğlu ilkokulu,773643,İlkokul,https://773643.meb.k12.tr,,,https://773643.meb.k12.tr/tema/harita.php,2026-08-31,0,0,bulundu,https://773643.meb.k12.tr/,2026-10-01T18:41:57.349786+00:00,,Öğrenci Sayısı : 0
Düzce,Merkez,Pakmaya Anaokulu,971690,Anaokulu,https://pakmayaanaokulu.meb.k12.tr,,,https://pakmayaanaokulu.meb.k12.tr/tema/harita.php,2026-08-31,,,bulunamadi,,2026-10-01T18:41:57.481394+00:00,,
Düzce,Merkez,Pakmaya Ortaokulu,733532,Ortaokul,https://duzcepakmayaortaokulu.meb.k12.tr,,,https://duzcepakmayaortaokulu.meb.k12.tr/tema/harita.php,2026-08-31,126,126,bulundu,https://duzcepakmayaortaokulu.meb.k12.tr/,2026-10-01T18:41:57.523375+00:00,,Öğrenci Sayısı : 126
Düzce,Merkez,Pakmaya İlkokulu,733533,İlkokul,https://duzcepakmayailkokulu.meb.k12.tr,,,https://duzcepakmayailkokulu.meb.k12.tr/tema/harita.php,2026-08-31,177,177,bulundu,https://duzcepakmayailkokulu.meb.k12.tr/,2026-10-01T18:41:57.554438+00:00,,Öğrenci Sayısı 177
Düzce,Merkez,Perihan Tulan Ortaokulu,733690,Ortaokul,https://perihantulanortaokulu.meb.k12.tr,,,https://perihantulanortaokulu.meb.k12.tr/tema/harita.php,2026-08-31,44,44,bulundu,https://perihantulanortaokulu.meb.k12.tr/,2026-10-01T18:41:57.570181+00:00,,Öğrenci Sayısı : 44
Düzce,Merkez,Perihan Tulan İlkokulu,733691,İlkokul,https://perihantulanilkokulu.meb.k12.tr,,,https://perihantulanilkokulu.meb.k12.tr/tema/harita.php,2026-08-31,75,75,bulundu,https://perihantulanilkokulu.meb.k12.tr/,2026-10-01T18:41:57.706700+00:00,,Öğrenci Sayısı 75
Düzce,Merkez,Rıza Malatyalı Ortaokulu,733707,Ortaokul,https://rizamalatyaliortaokulu.meb.k12.tr,,,https://rizamalatyaliortaokulu.meb.k12.tr/tema/harita.php,2026-08-31,208,208,bulundu,https://rizamalatyaliortaokulu.meb.k12.tr/,2026-10-01T18:41:57.754443+00:00,,Öğrenci Sayısı : 208
Düzce,Merkez,Rıza Malatyalı İlkokulu,733708,İlkokul,https://rizamalatyaliilkokulu.meb.k12.tr,,,https://rizamalatyaliilkokulu.meb.k12.tr/tema/harita.php,2026-08-31,186,186,bulundu,https://rizamalatyaliilkokulu.meb.k12.tr/,2026-10-01T18:41:57.773513+00:00,,Öğrenci Sayısı 186
Düzce,Merkez,Sancaklar İlkokulu,733523,İlkokul,https://sancaklarilkokulu.meb.k12.tr,,,https://sancaklarilkokulu.meb.k12.tr/tema/harita.php,2026-08-31,167,167,bulundu,https://sancaklarilkokulu.meb.k12.tr/,2026-10-01T18:41:57.915126+00:00,,Öğrenci Sayısı 167
Düzce,Merkez,Sevgi Anaokulu,971688,Anaokulu,https://duzcesevgianaokulu.meb.k12.tr,,,https://duzcesevgianaokulu.meb.k12.tr/tema/harita.php,2026-08-31,60,60,bulundu,https://duzcesevgianaokulu.meb.k12.tr/,2026-10-01T18:41:57.956203+00:00,,Öğrenci Sayısı: 60
Düzce,Merkez,Tevfik İleri İmam Hatip Ortaokulu,758800,İmam Hatip Ortaokulu,https://duzcetevfikileriiho.meb.k12.tr,,,https://duzcetevfikileriiho.meb.k12.tr/tema/harita.php,2026-08-31,607,607,bulundu,https://duzcetevfikileriiho.meb.k12.tr/,2026-10-01T18:41:58.196259+00:00,,Öğrenci Sayısı : 607
Düzce,Merkez,Toki Mehmet Akif Ersoy İlkokulu,962122,İlkokul,https://duzcemehmetakifersoy.meb.k12.tr,,,https://duzcemehmetakifersoy.meb.k12.tr/tema/harita.php,2026-08-31,1260,1260,bulundu,https://duzcemehmetakifersoy.meb.k12.tr/,2026-10-01T18:41:58.204139+00:00,,Öğrenci Sayısı 1260
Düzce,Merkez,Toki Paşaormanı Ortaokulu,776543,Ortaokul,https://tokipasaormaniortaokulu.meb.k12.tr,,,https://tokipasaormaniortaokulu.meb.k12.tr/tema/harita.php,2026-08-31,160,160,bulundu,https://tokipasaormaniortaokulu.meb.k12.tr/,2026-10-01T18:41:58.244901+00:00,,Öğrenci Sayısı : 160
Düzce,Merkez,Toki Paşaormanı İlkokulu,775761,İlkokul,https://tokipasaormaniilkokulu.meb.k12.tr,,,https://tokipasaormaniilkokulu.meb.k12.tr/tema/harita.php,2026-08-31,249,249,bulundu,https://tokipasaormaniilkokulu.meb.k12.tr/,2026-10-01T18:41:58.279751+00:00,,Öğrenci Sayısı : 249
Düzce,Merkez,TÜRKİYE YÜZYILI KARDEŞLİK İLKOKULU,776236,İlkokul,https://776236.meb.k12.tr,,,https://776236.meb.k12.tr/tema/harita.php,2026-08-31,,,bulunamadi,,2026-10-01T18:41:58.313617+00:00,,
Düzce,Merkez,Türkiye Yüzyılı Kardeşlik İlkokulu,776237,İlkokul,https://turkiyeyuzyilikardeslikilkokulu.meb.k12.tr,,,https://turkiyeyuzyilikardeslikilkokulu.meb.k12.tr/tema/harita.php,2026-08-31,93,93,bulundu,https://turkiyeyuzyilikardeslikilkokulu.meb.k12.tr/,2026-10-01T18:41:58.397821+00:00,,Öğrenci Sayısı : 93
Düzce,Merkez,Uzun Mustafa İlkokulu,733556,İlkokul,https://uzunmustafailkokulu.meb.k12.tr,,,https://uzunmustafailkokulu.meb.k12.tr/tema/harita.php,2026-08-31,1050,1050,bulundu,https://uzunmustafailkokulu.meb.k12.tr/tema/okulumuz_hakkinda.php,2026-10-01T18:41:58.607485+00:00,,Öğrenci : 1050
Düzce,Merkez,Yahyalar İlkokulu,746172,İlkokul,https://duzceyahyalario.meb.k12.tr,,,https://duzceyahyalario.meb.k12.tr/tema/harita.php,2026-08-31,32,32,bulundu,https://duzceyahyalario.meb.k12.tr/tema/okulumuz_hakkinda.php,2026-10-01T18:41:58.713968+00:00,,Öğrenci : 32
Düzce,Merkez,Yeni Mahalle İlkokulu,770258,İlkokul,https://yenimahalleilkokulu81.meb.k12.tr,,,https://yenimahalleilkokulu81.meb.k12.tr/tema/harita.php,2026-08-31,180,180,bulundu,https://yenimahalleilkokulu81.meb.k12.tr/,2026-10-01T18:41:58.805261+00:00,,Öğrenci Sayısı 180
Düzce,Merkez,Yenitaşköprü Ortaokulu,733633,Ortaokul,https://yenitaskopruortaokulu.meb.k12.tr,,,https://yenitaskopruortaokulu.meb.k12.tr/tema/harita.php,2026-08-31,113,113,bulundu,https://yenitaskopruortaokulu.meb.k12.tr/,2026-10-01T18:41:59.099868+00:00,,Öğrenci Sayısı : 113
Düzce,Merkez,Yeşildüzce Özel Eğitim Uygulama Okulu I. Kademe,747068,Özel Eğitim Kurumu,https://yesilduzceoeum.meb.k12.tr,,,https://yesilduzceoeum.meb.k12.tr/tema/harita.php,2026-08-31,44,44,bulundu,https://yesilduzceoeum.meb.k12.tr/,2026-10-01T18:41:59.153805+00:00,,Öğrenci Sayısı : 44
Düzce,Merkez,Yeşildüzce Özel Eğitim Uygulama Okulu III. Kademe,748052,Özel Eğitim Kurumu,https://748052.meb.k12.tr,,,https://748052.meb.k12.tr/tema/harita.php,2026-08-31,59,59,bulundu,https://748052.meb.k12.tr/,2026-10-01T18:41:59.251223+00:00,,Öğrenci Sayısı : 59
Düzce,Merkez,YeşildüzceÖzel Eğitim Uygulama Okulu II. Kademe,747415,Özel Eğitim Kurumu,https://747415.meb.k12.tr,,,https://747415.meb.k12.tr/tema/harita.php,2026-08-31,45,45,bulundu,https://747415.meb.k12.tr/,2026-10-01T18:41:59.298295+00:00,,Öğrenci Sayısı : 45
Düzce,Merkez,Yunus Emre Ortaokulu,732187,Ortaokul,https://duzceyunusemre.meb.k12.tr,,,https://duzceyunusemre.meb.k12.tr/tema/harita.php,2026-08-31,210,210,bulundu,https://duzceyunusemre.meb.k12.tr/,2026-10-01T18:41:59.457823+00:00,,Öğrenci Sayısı : 210
Düzce,Merkez,Yunus Emre İmam Hatip Ortaokulu,760307,İmam Hatip Ortaokulu,https://duzceyunusemreiho.meb.k12.tr,,,https://duzceyunusemreiho.meb.k12.tr/tema/harita.php,2026-08-31,93,93,bulundu,https://duzceyunusemreiho.meb.k12.tr/,2026-10-01T18:41:59.476676+00:00,,Öğrenci Sayısı 93
Düzce,Merkez,Zübeyde Hanım Anaokulu,963759,Anaokulu,https://duzcezubeydehanim.meb.k12.tr,,,https://duzcezubeydehanim.meb.k12.tr/tema/harita.php,2026-08-31,99,99,bulundu,https://duzcezubeydehanim.meb.k12.tr/,2026-10-01T18:41:59.483072+00:00,,Öğrenci Sayısı: 99
Düzce,Merkez,Çakır Hacı İbrahim İlkokulu,746195,İlkokul,https://cakirhaciibrahimilkokulu.meb.k12.tr,,,https://cakirhaciibrahimilkokulu.meb.k12.tr/tema/harita.php,2026-08-31,29,29,bulundu,https://cakirhaciibrahimilkokulu.meb.k12.tr/,2026-10-01T18:41:59.562866+00:00,,Öğrenci Sayısı : 29
Düzce,Merkez,Çakırlar Ortaokulu,733692,Ortaokul,https://cakirlaroo.meb.k12.tr,,,https://cakirlaroo.meb.k12.tr/tema/harita.php,2026-08-31,130,130,bulundu,https://cakirlaroo.meb.k12.tr/,2026-10-01T18:41:59.658939+00:00,,Öğrenci Sayısı 130
Düzce,Merkez,Çakırlar İlkokulu,375880,İlkokul,https://cakirlario.meb.k12.tr,,,https://cakirlario.meb.k12.tr/tema/harita.php,2026-08-31,118,118,bulundu,https://cakirlario.meb.k12.tr/,2026-10-01T18:41:59.729350+00:00,,Öğrenci Sayısı: 118
Düzce,Merkez,Çalıcuma İlkokulu,746183,İlkokul,https://calicumaio.meb.k12.tr,,,https://calicumaio.meb.k12.tr/tema/harita.php,2026-08-31,22,22,bulundu,https://calicumaio.meb.k12.tr/,2026-10-01T18:41:59.765094+00:00,,Öğrenci Sayısı: 22
Düzce,Merkez,Çamköy Fatma Gösterişli Ortaokulu,732091,Ortaokul,https://camkoyortaokulu81.meb.k12.tr,,,https://camkoyortaokulu81.meb.k12.tr/tema/harita.php,2026-08-31,95,95,bulundu,https://camkoyortaokulu81.meb.k12.tr/,2026-10-01T18:42:00.371006+00:00,,Öğrenci Sayısı 95
Düzce,Merkez,Çamköy İlkokulu,732092,İlkokul,https://camkoyilk.meb.k12.tr,,,https://camkoyilk.meb.k12.tr/tema/harita.php,2026-08-31,131,131,bulundu,https://camkoyilk.meb.k12.tr/,2026-10-01T18:42:00.425359+00:00,,Öğrenci Sayısı : 131
Düzce,Merkez,Çerkez Taşköprü İlkokulu,770802,İlkokul,https://cerkeztaskopruilkokulu.meb.k12.tr,,,https://cerkeztaskopruilkokulu.meb.k12.tr/tema/harita.php,2026-08-31,40,40,bulundu,https://cerkeztaskopruilkokulu.meb.k12.tr/,2026-10-01T18:42:00.512048+00:00,,Öğrenci Sayısı 40
Düzce,Merkez,Çevrem İlkokulu,526285,İlkokul,https://cevrem.meb.k12.tr,,,https://cevrem.meb.k12.tr/tema/harita.php,2026-08-31,173,173,bulundu,https://cevrem.meb.k12.tr/,2026-10-01T18:42:00.601537+00:00,,Öğrenci Sayısı : 173
Düzce,Merkez,Ömer Dinçer İlkokulu,733652,İlkokul,https://duzceomerdincer.meb.k12.tr,,,https://duzceomerdincer.meb.k12.tr/tema/harita.php,2026-08-31,136,136,bulundu,https://duzceomerdincer.meb.k12.tr/,2026-10-01T18:42:00.722848+00:00,,Öğrenci Sayısı: 136
Düzce,Merkez,Öztermiyeci Ortaokulu,766940,Ortaokul,https://oztermiyeciortaokulu.meb.k12.tr,,,https://oztermiyeciortaokulu.meb.k12.tr/tema/harita.php,2026-08-31,318,318,bulundu,https://oztermiyeciortaokulu.meb.k12.tr/,2026-10-01T18:42:00.809506+00:00,,Öğrenci Sayısı 318
Düzce,Merkez,İhsaniye İlkokulu,733647,İlkokul,https://ihsaniyeilkokulu81.meb.k12.tr,,,https://ihsaniyeilkokulu81.meb.k12.tr/tema/harita.php,2026-08-31,71,71,bulundu,https://ihsaniyeilkokulu81.meb.k12.tr/,2026-10-01T18:42:00.838335+00:00,,Öğrenci Sayısı 71
Düzce,Merkez,İrfan Öztürk İlkokulu,244407,İlkokul,https://irfanozturkio.meb.k12.tr,,,https://irfanozturkio.meb.k12.tr/tema/harita.php,2026-08-31,314,314,bulundu,https://irfanozturkio.meb.k12.tr/,2026-10-01T18:42:00.946494+00:00,,Öğrenci Sayısı : 314
Düzce,Merkez,İsmetpaşa Ortaokulu,733553,Ortaokul,https://duzceismetpasaortaokulu.meb.k12.tr,,,https://duzceismetpasaortaokulu.meb.k12.tr/tema/harita.php,2026-08-31,1041,1041,bulundu,https://duzceismetpasaortaokulu.meb.k12.tr/,2026-10-01T18:42:00.992218+00:00,,Öğrenci Sayısı 1041
Düzce,Merkez,İstiklal Anaokulu,971689,Anaokulu,https://duzceistiklal.meb.k12.tr,,,https://duzceistiklal.meb.k12.tr/tema/harita.php,2026-08-31,170,170,bulundu,https://duzceistiklal.meb.k12.tr/,2026-10-01T18:42:01.019269+00:00,,Öğrenci Sayısı: 170
Düzce,Merkez,İstilli Ortaokulu,732074,Ortaokul,https://istilliortaokulu.meb.k12.tr,,,https://istilliortaokulu.meb.k12.tr/tema/harita.php,2026-08-31,202,202,bulundu,https://istilliortaokulu.meb.k12.tr/,2026-10-01T18:42:01.038830+00:00,,Öğrenci Sayısı 202
Düzce,Merkez,Şehit Cihan Aksarı Ortaokulu,733446,Ortaokul,https://sehitcihanaksariortaokulu81.meb.k12.tr,,,https://sehitcihanaksariortaokulu81.meb.k12.tr/tema/harita.php,2026-08-31,172,172,bulundu,https://sehitcihanaksariortaokulu81.meb.k12.tr/,2026-10-01T18:42:01.106722+00:00,,Öğrenci Sayısı : 172
Düzce,Merkez,Şehit Ertuğrul Tuğra Kavun İlkokulu,709737,İlkokul,https://sehitertugrultugrakavun.meb.k12.tr,,,https://sehitertugrultugrakavun.meb.k12.tr/tema/harita.php,2026-08-31,115,115,bulundu,https://sehitertugrultugrakavun.meb.k12.tr/tema/okulumuz_hakkinda.php,2026-10-01T18:42:01.297933+00:00,,Öğrenci : 115
Düzce,Merkez,Şehit Furkan Kaplanbaba İlkokulu,732107,İlkokul,https://sehitfurkankaplanbabaio.meb.k12.tr,,,https://sehitfurkankaplanbabaio.meb.k12.tr/tema/harita.php,2026-08-31,178,178,bulundu,https://sehitfurkankaplanbabaio.meb.k12.tr/,2026-10-01T18:42:01.310827+00:00,,Öğrenci Sayısı : 178
Düzce,Merkez,Şehit Metin Kucur İlkokulu,733529,İlkokul,https://sehitmetinkucurio.meb.k12.tr,,,https://sehitmetinkucurio.meb.k12.tr/tema/harita.php,2026-08-31,362,362,bulundu,https://sehitmetinkucurio.meb.k12.tr/tema/okulumuz_hakkinda.php,2026-10-01T18:42:01.351859+00:00,,Öğrenci : 362
Düzce,Merkez,Şehit Mustafa Bazna Ortaokulu Müdürlüğü,732103,Ortaokul,https://sehitmustafabaznaortaokulu.meb.k12.tr,,,https://sehitmustafabaznaortaokulu.meb.k12.tr/tema/harita.php,2026-08-31,200,200,bulundu,https://sehitmustafabaznaortaokulu.meb.k12.tr/,2026-10-01T18:42:01.369099+00:00,,Öğrenci Sayısı 200
Düzce,Merkez,Şehit Teğmen Uğur Altan İlkokulu,734862,İlkokul,https://stuguraltanio.meb.k12.tr,,,https://stuguraltanio.meb.k12.tr/tema/harita.php,2026-08-31,1011,1011,bulundu,https://stuguraltanio.meb.k12.tr/,2026-10-01T18:42:01.369861+00:00,,Öğrenci Sayısı 1011
Düzce,Merkez,Şehit Ufuk Baysan İlkokulu,732083,İlkokul,https://sehitufukbaysanilkokulu.meb.k12.tr,,,https://sehitufukbaysanilkokulu.meb.k12.tr/tema/harita.php,2026-08-31,514,514,bulundu,https://sehitufukbaysanilkokulu.meb.k12.tr/,2026-10-01T18:42:01.383829+00:00,,Öğrenci Sayısı: 514
Düzce,Merkez,Şehit Yalçın Güzeler Ortaokulu,733651,Ortaokul,https://sygortaokulu.meb.k12.tr,,,https://sygortaokulu.meb.k12.tr/tema/harita.php,2026-08-31,174,174,bulundu,https://sygortaokulu.meb.k12.tr/,2026-10-01T18:42:01.491664+00:00,,Öğrenci Sayısı 174
Düzce,Merkez,Şehit Yüzbaşı Beşir Bayraktar Ortaokulu,770663,Ortaokul,https://besirbayraktaroo.meb.k12.tr,,,https://besirbayraktaroo.meb.k12.tr/tema/harita.php,2026-08-31,63,63,bulundu,https://besirbayraktaroo.meb.k12.tr/,2026-10-01T18:42:01.740276+00:00,,Öğrenci Sayısı : 63
Düzce,Merkez,Şehit Yüzbaşı Beşir Bayraktar İlkokulu,733670,İlkokul,https://besirbayraktario.meb.k12.tr,,,https://besirbayraktario.meb.k12.tr/tema/harita.php,2026-08-31,43,43,bulundu,https://besirbayraktario.meb.k12.tr/,2026-10-01T18:42:01.760671+00:00,,Öğrenci Sayısı: 43
Düzce,Merkez,Şükran Öney Anaokulu,966763,Anaokulu,https://sukranoneyanaokulu.meb.k12.tr,,,https://sukranoneyanaokulu.meb.k12.tr/tema/harita.php,2026-08-31,159,159,bulundu,https://sukranoneyanaokulu.meb.k12.tr/,2026-10-01T18:42:01.766773+00:00,,Öğrenci Sayısı 159
Düzce,Merkez,Şükran-Sedat Şenkardeşler Ortaokulu,733522,Ortaokul,https://sukransedatsenkardesler.meb.k12.tr,,,https://sukransedatsenkardesler.meb.k12.tr/tema/harita.php,2026-08-31,179,179,bulundu,https://sukransedatsenkardesler.meb.k12.tr/tema/okulumuz_hakkinda.php,2026-10-01T18:42:01.770433+00:00,,Öğrenci : 179
Düzce,Merkez,Şıralık Vatan Ortaokulu,732096,Ortaokul,https://siralikvatanortaokulu.meb.k12.tr,,,https://siralikvatanortaokulu.meb.k12.tr/tema/harita.php,2026-08-31,96,96,bulundu,https://siralikvatanortaokulu.meb.k12.tr/,2026-10-01T18:42:01.795308+00:00,,Öğrenci Sayısı : 96
Düzce,Merkez,Şıralık Vatan İlkokulu,732098,İlkokul,https://siralikvatanio.meb.k12.tr,,,https://siralikvatanio.meb.k12.tr/tema/harita.php,2026-08-31,144,144,bulundu,https://siralikvatanio.meb.k12.tr/,2026-10-01T18:42:01.996222+00:00,,Öğrenci Sayısı : 144
Düzce,Yığılca,Aksaklar İlkokulu,735294,İlkokul,https://aksaklarilkokulu.meb.k12.tr,,,https://aksaklarilkokulu.meb.k12.tr/tema/harita.php,2026-08-31,43,43,bulundu,https://aksaklarilkokulu.meb.k12.tr/,2026-10-01T18:42:02.012943+00:00,,Öğrenci Sayısı: 43
Düzce,Yığılca,Anadolu Kalkınma Vakfı Cumhuriyet İlkokulu,732009,İlkokul,https://akvcumhuriyetio.meb.k12.tr,,,https://akvcumhuriyetio.meb.k12.tr/tema/harita.php,2026-08-31,84,84,bulundu,https://akvcumhuriyetio.meb.k12.tr/,2026-10-01T18:42:02.114915+00:00,,Öğrenci Sayısı: 84
Düzce,Yığılca,Gazi İlkokulu,733562,İlkokul,https://gaziilkokulu81.meb.k12.tr,,,https://gaziilkokulu81.meb.k12.tr/tema/harita.php,2026-08-31,179,179,bulundu,https://gaziilkokulu81.meb.k12.tr/,2026-10-01T18:42:02.179996+00:00,,Öğrenci Sayısı: 179
Düzce,Yığılca,Kırık İlkokulu,733468,İlkokul,https://kirikilkokulu.meb.k12.tr,,,https://kirikilkokulu.meb.k12.tr/tema/harita.php,2026-08-31,34,34,bulundu,https://kirikilkokulu.meb.k12.tr/,2026-10-01T18:42:02.183827+00:00,,Öğrenci Sayısı : 34
Düzce,Yığılca,Mevlana Ortaokulu,731991,Ortaokul,https://mevlanaortaokul.meb.k12.tr,,,https://mevlanaortaokul.meb.k12.tr/tema/harita.php,2026-08-31,144,144,bulundu,https://mevlanaortaokul.meb.k12.tr/,2026-10-01T18:42:02.193540+00:00,,Öğrenci Sayısı : 144
Düzce,Yığılca,Mevlana İlkokulu,731995,İlkokul,https://mevlanailkokull.meb.k12.tr,,,https://mevlanailkokull.meb.k12.tr/tema/harita.php,2026-08-31,147,147,bulundu,https://mevlanailkokull.meb.k12.tr/,2026-10-01T18:42:02.306596+00:00,,Öğrenci Sayısı : 147
Düzce,Yığılca,Orhangazi Yatılı Bölge Ortaokulu,748379,Ortaokul,https://orhangaziybo.meb.k12.tr,,,https://orhangaziybo.meb.k12.tr/tema/harita.php,2026-08-31,156,156,bulundu,https://orhangaziybo.meb.k12.tr/,2026-10-01T18:42:02.310617+00:00,,Öğrenci Sayısı 156
Düzce,Yığılca,Yığılca Anaokulu,971866,Anaokulu,https://yigilcaanaokulu.meb.k12.tr,,,https://yigilcaanaokulu.meb.k12.tr/tema/harita.php,2026-08-31,41,41,bulundu,https://yigilcaanaokulu.meb.k12.tr/,2026-10-01T18:42:02.471596+00:00,,Öğrenci Sayısı: 41
Düzce,Yığılca,Yığılca Halk Eğitimi Merkezi,133351,Halk Eğitimi Merkezi,https://yigilcahem.meb.k12.tr,,,https://yigilcahem.meb.k12.tr/tema/harita.php,2026-08-31,,,bulunamadi,,2026-10-01T18:42:02.642673+00:00,,
Düzce,Yığılca,Yığılca Çok Programlı Anadolu Lisesi,380101,Çok Programlı Anadolu Lisesi,https://yigilcacpl.meb.k12.tr,,,https://yigilcacpl.meb.k12.tr/tema/harita.php,2026-08-31,267,267,bulundu,https://yigilcacpl.meb.k12.tr/,2026-10-01T18:42:02.721483+00:00,,Öğrenci Sayısı 267
Düzce,Yığılca,Yığılca Öğretmenevi ve Akşam Sanat Okulu Müdürlüğü,218647,Öğretmenevi,https://yigilcaogretmenevi.meb.k12.tr,,,https://yigilcaogretmenevi.meb.k12.tr/tema/harita.php,2026-08-31,,,bulunamadi,,2026-10-01T18:42:02.793332+00:00,,
Düzce,Yığılca,Şehit Metin Uysal Anadolu İmam Hatip Lisesi,974763,Anadolu İmam Hatip Lisesi,https://sehitmetinuysalaihl.meb.k12.tr,,,https://sehitmetinuysalaihl.meb.k12.tr/tema/harita.php,2026-08-31,184,184,bulundu,https://sehitmetinuysalaihl.meb.k12.tr/,2026-10-01T18:42:02.821937+00:00,,Öğrenci Sayısı : 184
Düzce,Çilimli,Dikmeli Ortaokulu,732040,Ortaokul,https://dikmeliortaokulu.meb.k12.tr,,,https://dikmeliortaokulu.meb.k12.tr/tema/harita.php,2026-08-31,78,78,bulundu,https://dikmeliortaokulu.meb.k12.tr/,2026-10-01T18:42:02.954540+00:00,,Öğrenci Sayısı : 78
Düzce,Çilimli,Dikmeli İlkokulu,732041,İlkokul,https://dikmeliilkokulu.meb.k12.tr,,,https://dikmeliilkokulu.meb.k12.tr/tema/harita.php,2026-08-31,78,78,bulundu,https://dikmeliilkokulu.meb.k12.tr/,2026-10-01T18:42:02.976509+00:00,,Öğrenci Sayısı 78
Düzce,Çilimli,Esenli Ortaokulu,733495,Ortaokul,https://esenliortaokulu.meb.k12.tr,,,https://esenliortaokulu.meb.k12.tr/tema/harita.php,2026-08-31,93,93,bulundu,https://esenliortaokulu.meb.k12.tr/,2026-10-01T18:42:03.030810+00:00,,Öğrenci Sayısı : 93
Düzce,Çilimli,Esenli İlkokulu,733496,İlkokul,https://duzceesenliilkokulu.meb.k12.tr,,,https://duzceesenliilkokulu.meb.k12.tr/tema/harita.php,2026-08-31,79,79,bulundu,https://duzceesenliilkokulu.meb.k12.tr/,2026-10-01T18:42:03.228699+00:00,,Öğrenci Sayısı : 79
Düzce,Çilimli,Pırpır Ortaokulu,732043,Ortaokul,https://pirpirortaokulu.meb.k12.tr,,,https://pirpirortaokulu.meb.k12.tr/tema/harita.php,2026-08-31,49,49,bulundu,https://pirpirortaokulu.meb.k12.tr/,2026-10-01T18:42:03.237641+00:00,,Öğrenci Sayısı 49
Düzce,Çilimli,Pırpır İlkokulu,732046,İlkokul,https://pirpirilkokulu.meb.k12.tr,,,https://pirpirilkokulu.meb.k12.tr/tema/harita.php,2026-08-31,63,63,bulundu,https://pirpirilkokulu.meb.k12.tr/,2026-10-01T18:42:03.280944+00:00,,Öğrenci Sayısı 63
Düzce,Çilimli,Topçular Ortaokulu,733498,Ortaokul,https://topcularortaokulu.meb.k12.tr,,,https://topcularortaokulu.meb.k12.tr/tema/harita.php,2026-08-31,88,88,bulundu,https://topcularortaokulu.meb.k12.tr/,2026-10-01T18:42:03.292335+00:00,,Öğrenci Sayısı : 88
Düzce,Çilimli,Topçular İlkokulu,733499,İlkokul,https://topcularilkokulu.meb.k12.tr,,,https://topcularilkokulu.meb.k12.tr/tema/harita.php,2026-08-31,99,99,bulundu,https://topcularilkokulu.meb.k12.tr/,2026-10-01T18:42:03.349327+00:00,,Öğrenci Sayısı: 99
Düzce,Çilimli,Yenivakıf Ortaokulu,733594,Ortaokul,https://yenivakifortaokulu.meb.k12.tr,,,https://yenivakifortaokulu.meb.k12.tr/tema/harita.php,2026-08-31,89,89,bulundu,https://yenivakifortaokulu.meb.k12.tr/,2026-10-01T18:42:03.380464+00:00,,Öğrenci Sayısı : 89
Düzce,Çilimli,Yenivakıf İlkokulu,733595,İlkokul,https://yenivakifilkokulu.meb.k12.tr,,,https://yenivakifilkokulu.meb.k12.tr/tema/harita.php,2026-08-31,103,103,bulundu,https://yenivakifilkokulu.meb.k12.tr/,2026-10-01T18:42:03.447081+00:00,,Öğrenci Sayısı: 103
Düzce,Çilimli,Çilimli Anadolu Kalkınma Vakfı Mesleki ve Teknik Anadolu Lisesi,321721,Mesleki ve Teknik Anadolu Lisesi,https://cilimliakvmtal.meb.k12.tr,,,https://cilimliakvmtal.meb.k12.tr/tema/harita.php,2026-08-31,,,bulunamadi,,2026-10-01T18:42:03.638291+00:00,,
Düzce,Çilimli,Çilimli Anadolu Lisesi,751816,Anadolu Lisesi,https://cilimlial.meb.k12.tr,,,https://cilimlial.meb.k12.tr/tema/harita.php,2026-08-31,182,182,bulundu,https://cilimlial.meb.k12.tr/,2026-10-01T18:42:03.652248+00:00,,Öğrenci Sayısı : 182
Düzce,Çilimli,Çilimli Anadolu İmam Hatip Lisesi,761074,Anadolu İmam Hatip Lisesi,https://cilimliaihl.meb.k12.tr,,,https://cilimliaihl.meb.k12.tr/tema/harita.php,2026-08-31,125,125,bulundu,https://cilimliaihl.meb.k12.tr/,2026-10-01T18:42:03.694814+00:00,,Öğrenci Sayısı : 125
Düzce,Çilimli,Çilimli Anaokulu,971686,Anaokulu,https://cilimlianaokulu.meb.k12.tr,,,https://cilimlianaokulu.meb.k12.tr/tema/harita.php,2026-08-31,63,63,bulundu,https://cilimlianaokulu.meb.k12.tr/,2026-10-01T18:42:03.953319+00:00,,Öğrenci Sayısı: 63
Düzce,Çilimli,Çilimli Halk Eğitimi Merkezi,270074,Halk Eğitimi Merkezi,https://cilimlihem.meb.k12.tr,,,https://cilimlihem.meb.k12.tr/tema/harita.php,2026-08-31,,,bulunamadi,,2026-10-01T18:42:04.081918+00:00,,
Düzce,Çilimli,Çilimli İmam Hatip Ortaokulu,746736,İmam Hatip Ortaokulu,https://cilimliimamhatiportaokulu.meb.k12.tr,,,https://cilimliimamhatiportaokulu.meb.k12.tr/tema/harita.php,2026-08-31,80,80,bulundu,https://cilimliimamhatiportaokulu.meb.k12.tr/,2026-10-01T18:42:04.143883+00:00,,Öğrenci Sayısı 80
Düzce,Çilimli,İbrahim Hoşver Ortaokulu,733502,Ortaokul,https://ihosverortaokulu.meb.k12.tr,,,https://ihosverortaokulu.meb.k12.tr/tema/harita.php,2026-08-31,328,328,bulundu,https://ihosverortaokulu.meb.k12.tr/,2026-10-01T18:42:04.166798+00:00,,Öğrenci Sayısı : 328
Düzce,Çilimli,İbrahim Hoşver İlkokulu,344960,İlkokul,https://ihosverilkokulu.meb.k12.tr,,,https://ihosverilkokulu.meb.k12.tr/tema/harita.php,2026-08-31,308,308,bulundu,https://ihosverilkokulu.meb.k12.tr/,2026-10-01T18:42:04.497752+00:00,,Öğrenci Sayısı 308
Düzce,Çilimli,Şerefiye Ortaokulu,733596,Ortaokul,https://serefiyeortaokulu.meb.k12.tr,,,https://serefiyeortaokulu.meb.k12.tr/tema/harita.php,2026-08-31,48,48,bulundu,https://serefiyeortaokulu.meb.k12.tr/,2026-10-01T18:42:04.537980+00:00,,Öğrenci Sayısı 48
Düzce,Çilimli,Şerefiye İlkokulu,733598,İlkokul,https://serefiyeilkokulu.meb.k12.tr,,,https://serefiyeilkokulu.meb.k12.tr/tema/harita.php,2026-08-31,125,125,bulundu,https://serefiyeilkokulu.meb.k12.tr/,2026-10-01T18:42:04.595552+00:00,,Öğrenci Sayısı 125
Edirne,Enez,Atatürk Ortaokulu,722683,Ortaokul,https://enezataturkoo.meb.k12.tr,,,https://enezataturkoo.meb.k12.tr/tema/harita.php,2026-08-31,233,233,bulundu,https://enezataturkoo.meb.k12.tr/,2026-10-01T18:42:04.616493+00:00,,Öğrenci Sayısı 233
Edirne,Enez,Büyük Evren Aziz Yörük ortaokulu,722521,Ortaokul,https://buyukevrenazizyorukoo.meb.k12.tr,,,https://buyukevrenazizyorukoo.meb.k12.tr/tema/harita.php,2026-08-31,67,67,bulundu,https://buyukevrenazizyorukoo.meb.k12.tr/,2026-10-01T18:42:04.630095+00:00,,Öğrenci Sayısı 67
Edirne,Enez,Büyükevren Aziz Yörük İlkokulu,716795,İlkokul,https://buyukevrenazizyorukio.meb.k12.tr,,,https://buyukevrenazizyorukio.meb.k12.tr/tema/harita.php,2026-08-31,127,127,bulundu,https://buyukevrenazizyorukio.meb.k12.tr/,2026-10-01T18:42:04.663286+00:00,,Öğrenci Sayısı 127
Edirne,Enez,Cumhuriyet ilkokulu,716799,İlkokul,https://enezcumhuriyetio.meb.k12.tr,,,https://enezcumhuriyetio.meb.k12.tr/tema/harita.php,2026-08-31,229,229,bulundu,https://enezcumhuriyetio.meb.k12.tr/,2026-10-01T18:42:04.725439+00:00,,Öğrenci Sayısı: 229
Edirne,Enez,Enez Halk Eğitimi Merkezi,143295,Halk Eğitimi Merkezi,https://enezhem.meb.k12.tr,,,https://enezhem.meb.k12.tr/tema/harita.php,2026-08-31,,,bulunamadi,,2026-10-01T18:42:04.745745+00:00,,
Edirne,Enez,Enez Çok Programlı Anadolu Lisesi,143283,Çok Programlı Anadolu Lisesi,https://enezcpal.meb.k12.tr,,,https://enezcpal.meb.k12.tr/tema/harita.php,2026-08-31,53,53,bulundu,https://enezcpal.meb.k12.tr/,2026-10-01T18:42:04.775945+00:00,,Öğrenci Sayısı 53
Edirne,Enez,Hasköy Ortaokulu,722499,Ortaokul,https://haskoyoo.meb.k12.tr,,,https://haskoyoo.meb.k12.tr/tema/harita.php,2026-08-31,41,41,bulundu,https://haskoyoo.meb.k12.tr/,2026-10-01T18:42:04.831970+00:00,,Öğrenci Sayısı 41
Edirne,Enez,Hasköy İlkokulu,976749,İlkokul,https://haskoyio.meb.k12.tr,,,https://haskoyio.meb.k12.tr/tema/harita.php,2026-08-31,36,36,bulundu,https://haskoyio.meb.k12.tr/,2026-10-01T18:42:04.883152+00:00,,Öğrenci Sayısı: 36
Edirne,Enez,Yenice Ortaokulu,722492,Ortaokul,https://enezyeniceoo.meb.k12.tr,,,https://enezyeniceoo.meb.k12.tr/tema/harita.php,2026-08-31,30,30,bulundu,https://enezyeniceoo.meb.k12.tr/,2026-10-01T18:42:04.889270+00:00,,Öğrenci Sayısı 30
Edirne,Enez,Yenice İlkokulu,716822,İlkokul,https://enezyeniceio.meb.k12.tr,,,https://enezyeniceio.meb.k12.tr/tema/harita.php,2026-08-31,29,29,bulundu,https://enezyeniceio.meb.k12.tr/,2026-10-01T18:42:04.946395+00:00,,Öğrenci Sayısı : 29
Edirne,Enez,İmam Hatip Ortaokulu,764113,İmam Hatip Ortaokulu,https://enezimamhatipoo.meb.k12.tr,,,https://enezimamhatipoo.meb.k12.tr/tema/harita.php,2026-08-31,,,bulunamadi,,2026-10-01T18:42:04.963578+00:00,,
Edirne,Havsa,Abalar Ortaokulu,722701,Ortaokul,https://abalarortaokulu.meb.k12.tr,,,https://abalarortaokulu.meb.k12.tr/tema/harita.php,2026-08-31,35,35,bulundu,https://abalarortaokulu.meb.k12.tr/,2026-10-01T18:42:05.049951+00:00,,Öğrenci Sayısı : 35
Edirne,Havsa,Abalar İlkokulu,716851,İlkokul,https://havsaabalarilkokulu.meb.k12.tr,,,https://havsaabalarilkokulu.meb.k12.tr/tema/harita.php,2026-08-31,54,54,bulundu,https://havsaabalarilkokulu.meb.k12.tr/,2026-10-01T18:42:05.056815+00:00,,Öğrenci Sayısı : 54
Edirne,Havsa,Atatürk Ortaokulu,887658,Ortaokul,https://havsaataturkortaokulu.meb.k12.tr,,,https://havsaataturkortaokulu.meb.k12.tr/tema/harita.php,2026-08-31,260,260,bulundu,https://havsaataturkortaokulu.meb.k12.tr/,2026-10-01T18:42:05.323254+00:00,,Öğrenci Sayısı 260
Edirne,Havsa,Cumhuriyet ilkokulu,716902,İlkokul,https://havsacumhuriyetilkokulu.meb.k12.tr,,,https://havsacumhuriyetilkokulu.meb.k12.tr/tema/harita.php,2026-08-31,221,221,bulundu,https://havsacumhuriyetilkokulu.meb.k12.tr/,2026-10-01T18:42:05.418674+00:00,,Öğrenci Sayısı 221
Edirne,Havsa,Edirne Havsa Halk Eğitimi Merkezi,143425,Halk Eğitimi Merkezi,https://havsahem.meb.k12.tr,,,https://havsahem.meb.k12.tr/tema/harita.php,2026-08-31,,,bulunamadi,,2026-10-01T18:42:05.430668+00:00,,
Edirne,Havsa,Havsa İmam Hatip Ortaokulu,764687,İmam Hatip Ortaokulu,https://havsaimamhatiportaokulu.meb.k12.tr,,,https://havsaimamhatiportaokulu.meb.k12.tr/tema/harita.php,2026-08-31,,,bulunamadi,,2026-10-01T18:42:05.455601+00:00,,
Edirne,Havsa,Havsa Şehit Okyay Deveci Anaokulu,973048,Anaokulu,https://havsavhbanaokulu.meb.k12.tr,,,https://havsavhbanaokulu.meb.k12.tr/tema/harita.php,2026-08-31,,,bulunamadi,,2026-10-01T18:42:05.506064+00:00,,
Edirne,Havsa,Havsa Şehit Öğretmen Mehmet Birol Mesleki ve Teknik Anadolu Lisesi,971726,Mesleki ve Teknik Anadolu Lisesi,https://havsamtal.meb.k12.tr,,,https://havsamtal.meb.k12.tr/tema/harita.php,2026-08-31,116,116,bulundu,https://havsamtal.meb.k12.tr/,2026-10-01T18:42:05.563088+00:00,,Öğrenci Sayısı : 116
Edirne,Havsa,Melahat Kilimci Ortaokulu,722531,Ortaokul,https://havsamelahatkilimciortaokulu.meb.k12.tr,,,https://havsamelahatkilimciortaokulu.meb.k12.tr/tema/harita.php,2026-08-31,204,204,bulundu,https://havsamelahatkilimciortaokulu.meb.k12.tr/,2026-10-01T18:42:05.611095+00:00,,Öğrenci Sayısı : 204
Edirne,Havsa,Sokollu Mehmet Paşa İlkokulu,716981,İlkokul,https://havsasokolluilkokulu.meb.k12.tr,,,https://havsasokolluilkokulu.meb.k12.tr/tema/harita.php,2026-08-31,206,206,bulundu,https://havsasokolluilkokulu.meb.k12.tr/,2026-10-01T18:42:05.640482+00:00,,Öğrenci Sayısı : 206
Edirne,Havsa,Şahika Erkurt Anadolu Lisesi,964240,Anadolu Lisesi,https://sahikaerkurtanadolulisesi.meb.k12.tr,,,https://sahikaerkurtanadolulisesi.meb.k12.tr/tema/harita.php,2026-08-31,220,220,bulundu,https://sahikaerkurtanadolulisesi.meb.k12.tr/,2026-10-01T18:42:05.712549+00:00,,Öğrenci Sayısı : 220
Edirne,Havsa,Şehit Engin Şahin Ortaokulu,734109,Ortaokul,https://sehitenginsahinortaokulu.meb.k12.tr,,,https://sehitenginsahinortaokulu.meb.k12.tr/tema/harita.php,2026-08-31,39,39,bulundu,https://sehitenginsahinortaokulu.meb.k12.tr/,2026-10-01T18:42:05.781810+00:00,,Öğrenci Sayısı : 39
Edirne,Havsa,Şehit Engin Şahin İlkokulu,716933,İlkokul,https://sehitenginsahinilkokulu.meb.k12.tr,,,https://sehitenginsahinilkokulu.meb.k12.tr/tema/harita.php,2026-08-31,26,26,bulundu,https://sehitenginsahinilkokulu.meb.k12.tr/,2026-10-01T18:42:05.798873+00:00,,Öğrenci Sayısı : 26
Edirne,Keşan,Abdül Şavur İlkokulu,717035,İlkokul,https://abdulsavur.meb.k12.tr,,,https://abdulsavur.meb.k12.tr/tema/harita.php,2026-08-31,216,216,bulundu,https://abdulsavur.meb.k12.tr/,2026-10-01T18:42:05.936885+00:00,,Öğrenci Sayısı : 216
Edirne,Keşan,Ahmet Yenice Ortaokulu,717057,Ortaokul,https://ahmetyeniceortaokulu.meb.k12.tr,,,https://ahmetyeniceortaokulu.meb.k12.tr/tema/harita.php,2026-08-31,673,673,bulundu,https://ahmetyeniceortaokulu.meb.k12.tr/,2026-10-01T18:42:06.178782+00:00,,Öğrenci Sayısı : 673
Edirne,Keşan,Ali Kale ve Kardeşleri Ortaokulu,734100,Ortaokul,https://alikalevekardesleriortaokulu.meb.k12.tr,,,https://alikalevekardesleriortaokulu.meb.k12.tr/tema/harita.php,2026-08-31,167,167,bulundu,https://alikalevekardesleriortaokulu.meb.k12.tr/,2026-10-01T18:42:06.266387+00:00,,Öğrenci Sayısı 167
Edirne,Keşan,Ali Kale ve kardeşleri İlkokulu,717068,İlkokul,https://alikalevekardesleriilkokulu.meb.k12.tr,,,https://alikalevekardesleriilkokulu.meb.k12.tr/tema/harita.php,2026-08-31,221,221,bulundu,https://alikalevekardesleriilkokulu.meb.k12.tr/,2026-10-01T18:42:06.272480+00:00,,Öğrenci Sayısı : 221
Edirne,Keşan,Anafartalar İlkokulu,976621,İlkokul,https://kesananafartalarilkokulu.meb.k12.tr,,,https://kesananafartalarilkokulu.meb.k12.tr/tema/harita.php,2026-08-31,,,bulunamadi,,2026-10-01T18:42:06.353236+00:00,,
Edirne,Keşan,Beyendik Ortaokulu,734096,Ortaokul,https://beyendikortaokulu.meb.k12.tr,,,https://beyendikortaokulu.meb.k12.tr/tema/harita.php,2026-08-31,115,115,bulundu,https://beyendikortaokulu.meb.k12.tr/,2026-10-01T18:42:06.402990+00:00,,Öğrenci Sayısı 115
Edirne,Keşan,Beyendik İlkokulu,717125,İlkokul,https://beyendikilkokulu.meb.k12.tr,,,https://beyendikilkokulu.meb.k12.tr/tema/harita.php,2026-08-31,156,156,bulundu,https://beyendikilkokulu.meb.k12.tr/tema/okulumuz_hakkinda.php,2026-10-01T18:42:06.489134+00:00,,Öğrenci : 156
Edirne,Keşan,Cumhuriyet Ortaokulu,717150,Ortaokul,https://kesancumhuriyetortaokulu.meb.k12.tr,,,https://kesancumhuriyetortaokulu.meb.k12.tr/tema/harita.php,2026-08-31,285,285,bulundu,https://kesancumhuriyetortaokulu.meb.k12.tr/,2026-10-01T18:42:06.612876+00:00,,Öğrenci Sayısı : 285
Edirne,Keşan,Dr. Ali İhsan Çuhacı İlkokulu,887655,İlkokul,https://cuhaci.meb.k12.tr,,,https://cuhaci.meb.k12.tr/tema/harita.php,2026-08-31,480,480,bulundu,https://cuhaci.meb.k12.tr/,2026-10-01T18:42:06.676797+00:00,,Öğrenci Sayısı 480
Edirne,Keşan,Fatih Sultan Mehmet İlkokulu,752799,İlkokul,https://kesanfsmilkokulu.meb.k12.tr,,,https://kesanfsmilkokulu.meb.k12.tr/tema/harita.php,2026-08-31,539,539,bulundu,https://kesanfsmilkokulu.meb.k12.tr/,2026-10-01T18:42:06.704794+00:00,,Öğrenci Sayısı : 539
Edirne,Keşan,Feride Mehmet Çuhacı Ortaokulu,760696,Ortaokul,https://kesanferidemehmetcuhaciortaokulu.meb.k12.tr,,,https://kesanferidemehmetcuhaciortaokulu.meb.k12.tr/tema/harita.php,2026-08-31,336,336,bulundu,https://kesanferidemehmetcuhaciortaokulu.meb.k12.tr/,2026-10-01T18:42:06.756684+00:00,,Öğrenci Sayısı : 336
Edirne,Keşan,Hersekzade Ahmet Paşa Anadolu İmam Hatip Lisesi,973465,Anadolu İmam Hatip Lisesi,https://kesanihl.meb.k12.tr,,,https://kesanihl.meb.k12.tr/tema/harita.php,2026-08-31,155,155,bulundu,https://kesanihl.meb.k12.tr/,2026-10-01T18:42:06.764393+00:00,,Öğrenci Sayısı : 155
Edirne,Keşan,Keşan Anadolu Lisesi,281083,Anadolu Lisesi,https://kesananadolulisesi.meb.k12.tr,,,https://kesananadolulisesi.meb.k12.tr/tema/harita.php,2026-08-31,350,350,bulundu,https://kesananadolulisesi.meb.k12.tr/,2026-10-01T18:42:06.861635+00:00,,Öğrenci Sayısı : 350
Edirne,Keşan,Keşan Atatürk Ortaokulu,733858,Ortaokul,https://kesanataturk.meb.k12.tr,,,https://kesanataturk.meb.k12.tr/tema/harita.php,2026-08-31,456,456,bulundu,https://kesanataturk.meb.k12.tr/tema/okulumuz_hakkinda.php,2026-10-01T18:42:06.887569+00:00,,Öğrenci : 456
Edirne,Keşan,Keşan Bilim ve Sanat Merkezi,770419,Bilim ve Sanat Merkezi,https://kesanbsm.meb.k12.tr,,,https://kesanbsm.meb.k12.tr/tema/harita.php,2026-08-31,88,88,bulundu,https://kesanbsm.meb.k12.tr/,2026-10-01T18:42:06.911567+00:00,,Öğrenci Sayısı 88
Edirne,Keşan,Keşan Fen Lisesi,972196,Fen Lisesi,https://kesanfenlisesi.meb.k12.tr,,,https://kesanfenlisesi.meb.k12.tr/tema/harita.php,2026-08-31,240,240,bulundu,https://kesanfenlisesi.meb.k12.tr/,2026-10-01T18:42:07.125408+00:00,,Öğrenci Sayısı : 240
Edirne,Keşan,Keşan Gazi Özel Eğitim Anaokulu,773961,Anaokulu,https://773961.meb.k12.tr,,,https://773961.meb.k12.tr/tema/harita.php,2026-08-31,0,0,bulundu,https://773961.meb.k12.tr/,2026-10-01T18:42:07.239267+00:00,,Öğrenci Sayısı : 0
Edirne,Keşan,Keşan Gazi Özel Eğitim Uygulama Okulu I. Kademe,746795,Özel Eğitim Kurumu,https://gaziozelegitimum1.meb.k12.tr,,,https://gaziozelegitimum1.meb.k12.tr/tema/harita.php,2026-08-31,16,16,bulundu,https://gaziozelegitimum1.meb.k12.tr/tema/okulumuz_hakkinda.php,2026-10-01T18:42:07.295949+00:00,,Öğrenci : 16
Edirne,Keşan,Keşan Gazi Özel Eğitim Uygulama Okulu II. Kademe,746972,Özel Eğitim Kurumu,https://gaziozelegitimum2.meb.k12.tr,,,https://gaziozelegitimum2.meb.k12.tr/tema/harita.php,2026-08-31,26,26,bulundu,https://gaziozelegitimum2.meb.k12.tr/tema/okulumuz_hakkinda.php,2026-10-01T18:42:07.636656+00:00,,Öğrenci : 26
Edirne,Keşan,Keşan Gazi Özel Eğitim Uygulama Okulu III. Kademe,750122,Özel Eğitim Kurumu,https://gaziozelegitimium.meb.k12.tr,,,https://gaziozelegitimium.meb.k12.tr/tema/harita.php,2026-08-31,21,21,bulundu,https://gaziozelegitimium.meb.k12.tr/tema/okulumuz_hakkinda.php,2026-10-01T18:42:07.661615+00:00,,Öğrenci : 21
Edirne,Keşan,Keşan Halk Eğitimi Merkezi,143820,Halk Eğitimi Merkezi,https://kesanhem.meb.k12.tr,,,https://kesanhem.meb.k12.tr/tema/harita.php,2026-08-31,,,bulunamadi,,2026-10-01T18:42:07.720606+00:00,,
Edirne,Keşan,Keşan Lisesi,143785,Lise,https://kesanlisesi.meb.k12.tr,,,https://kesanlisesi.meb.k12.tr/tema/harita.php,2026-08-31,196,196,bulundu,https://kesanlisesi.meb.k12.tr/,2026-10-01T18:42:07.734460+00:00,,Öğrenci Sayısı : 196
Edirne,Keşan,Keşan Mesleki Eğitim Merkezi,143832,Mesleki Eğitim Merkezi,https://kesanmesem.meb.k12.tr,,,https://kesanmesem.meb.k12.tr/tema/harita.php,2026-08-31,244,244,bulundu,https://kesanmesem.meb.k12.tr/,2026-10-01T18:42:07.777317+00:00,,Öğrenci Sayısı 244
Edirne,Keşan,Keşan Mesleki ve Teknik Anadolu Lisesi,143797,Mesleki ve Teknik Anadolu Lisesi,https://kesaneml.meb.k12.tr,,,https://kesaneml.meb.k12.tr/tema/harita.php,2026-08-31,589,589,bulundu,https://kesaneml.meb.k12.tr/,2026-10-01T18:42:08.182066+00:00,,Öğrenci Sayısı : 589
Edirne,Keşan,Keşan Rehberlik ve Araştırma Merkezi,910253,Rehberlik ve Araştırma Merkezi,https://kesanram.meb.k12.tr,,,https://kesanram.meb.k12.tr/tema/harita.php,2026-08-31,,,bulunamadi,,2026-10-01T18:42:08.221454+00:00,,
Edirne,Keşan,Keşan Safiye Erol Mesleki ve Teknik Anadolu Lisesi,143807,Mesleki ve Teknik Anadolu Lisesi,https://ktml.meb.k12.tr,,,https://ktml.meb.k12.tr/tema/harita.php,2026-08-31,300,300,bulundu,https://ktml.meb.k12.tr/,2026-10-01T18:42:08.265091+00:00,,Öğrenci Sayısı : 300
Edirne,Keşan,Keşan Ticaret ve Sanayi Odası Mesleki ve Teknik Anadolu Lisesi,962928,Mesleki ve Teknik Anadolu Lisesi,https://kesansml.meb.k12.tr,,,https://kesansml.meb.k12.tr/tema/harita.php,2026-08-31,250,250,bulundu,https://kesansml.meb.k12.tr/,2026-10-01T18:42:08.286116+00:00,,Öğrenci Sayısı 250
Edirne,Keşan,Keşan Öğretmenevi ve Akşam Sanat Okulu,971124,Öğretmenevi,https://kesanogretmenevi.meb.k12.tr,,,https://kesanogretmenevi.meb.k12.tr/tema/harita.php,2026-08-31,,,bulunamadi,,2026-10-01T18:42:08.309035+00:00,,
Edirne,Keşan,Keşan İlhami Ertem Ticaret Mesleki ve Teknik Anadolu Lisesi,143819,Mesleki ve Teknik Anadolu Lisesi,https://kietmtal.meb.k12.tr,,,https://kietmtal.meb.k12.tr/tema/harita.php,2026-08-31,185,185,bulundu,https://kietmtal.meb.k12.tr/,2026-10-01T18:42:08.343100+00:00,,Öğrenci Sayısı : 185
Edirne,Keşan,Kurtuluş İlkokulu,717237,İlkokul,https://kesankurtulusilkokulu.meb.k12.tr,,,https://kesankurtulusilkokulu.meb.k12.tr/tema/harita.php,2026-08-31,153,153,bulundu,https://kesankurtulusilkokulu.meb.k12.tr/,2026-10-01T18:42:08.555837+00:00,,Öğrenci Sayısı : 153
Edirne,Keşan,Mecidiye İlkokulu,888090,İlkokul,https://mecidiyeilkokulu.meb.k12.tr,,,https://mecidiyeilkokulu.meb.k12.tr/tema/harita.php,2026-08-31,25,25,bulundu,https://mecidiyeilkokulu.meb.k12.tr/,2026-10-01T18:42:08.676971+00:00,,Öğrenci Sayısı: 25
Edirne,Keşan,Mehmet Akif Ersoy Anadolu Lisesi,972428,Anadolu Lisesi,https://kesanmae.meb.k12.tr,,,https://kesanmae.meb.k12.tr/tema/harita.php,2026-08-31,345,345,bulundu,https://kesanmae.meb.k12.tr/,2026-10-01T18:42:08.738649+00:00,,Öğrenci Sayısı : 345
Edirne,Keşan,Merkez Anaokulu,767424,Anaokulu,https://kesanmerkezanaokulu.meb.k12.tr,,,https://kesanmerkezanaokulu.meb.k12.tr/tema/harita.php,2026-08-31,166,166,bulundu,https://kesanmerkezanaokulu.meb.k12.tr/,2026-10-01T18:42:08.740686+00:00,,Öğrenci Sayısı: 166
Edirne,Keşan,Orhaniye Ortaokulu,734092,Ortaokul,https://orhaniyeortaokulu.meb.k12.tr,,,https://orhaniyeortaokulu.meb.k12.tr/tema/harita.php,2026-08-31,36,36,bulundu,https://orhaniyeortaokulu.meb.k12.tr/,2026-10-01T18:42:08.873580+00:00,,Öğrenci Sayısı : 36
Edirne,Keşan,Orhaniye İlkokulu,887605,İlkokul,https://orhaniyeilkokulu.meb.k12.tr,,,https://orhaniyeilkokulu.meb.k12.tr/tema/harita.php,2026-08-31,29,29,bulundu,https://orhaniyeilkokulu.meb.k12.tr/,2026-10-01T18:42:09.064525+00:00,,Öğrenci Sayısı : 29
Edirne,Keşan,Paşayiğit Ortaokulu,734091,Ortaokul,https://pasayigitortaokulu.meb.k12.tr,,,https://pasayigitortaokulu.meb.k12.tr/tema/harita.php,2026-08-31,71,71,bulundu,https://pasayigitortaokulu.meb.k12.tr/,2026-10-01T18:42:09.112035+00:00,,Öğrenci Sayısı : 71
Edirne,Keşan,Paşayiğit İlkokulu,717357,İlkokul,https://pasayigitilkokulu.meb.k12.tr,,,https://pasayigitilkokulu.meb.k12.tr/tema/harita.php,2026-08-31,92,92,bulundu,https://pasayigitilkokulu.meb.k12.tr/,2026-10-01T18:42:09.230051+00:00,,Öğrenci Sayısı : 92
Edirne,Keşan,Rasim Ergene Ortaokulu,734090,Ortaokul,https://rasimergeneortaokulu.meb.k12.tr,,,https://rasimergeneortaokulu.meb.k12.tr/tema/harita.php,2026-08-31,259,259,bulundu,https://rasimergeneortaokulu.meb.k12.tr/tema/okulumuz_hakkinda.php,2026-10-01T18:42:09.241546+00:00,,Öğrenci : 259
Edirne,Keşan,Rasim Ergene İlkokulu,717368,İlkokul,https://rasimergeneilkokulu.meb.k12.tr,,,https://rasimergeneilkokulu.meb.k12.tr/tema/harita.php,2026-08-31,356,356,bulundu,https://rasimergeneilkokulu.meb.k12.tr/,2026-10-01T18:42:09.306848+00:00,,Öğrenci Sayısı : 356
Edirne,Keşan,Raşit Efendi İlkokulu,717379,İlkokul,https://rasitefendiilkokulu.meb.k12.tr,,,https://rasitefendiilkokulu.meb.k12.tr/tema/harita.php,2026-08-31,532,532,bulundu,https://rasitefendiilkokulu.meb.k12.tr/,2026-10-01T18:42:09.427179+00:00,,Öğrenci Sayısı 532
Edirne,Keşan,Sevgi Anaokulu,972173,Anaokulu,https://kesansevgianaokulu.meb.k12.tr,,,https://kesansevgianaokulu.meb.k12.tr/tema/harita.php,2026-08-31,115,115,bulundu,https://kesansevgianaokulu.meb.k12.tr/,2026-10-01T18:42:09.709759+00:00,,Öğrenci Sayısı 115
Edirne,Keşan,Siğilli İlkokulu,717393,İlkokul,https://sigilliilkokulu.meb.k12.tr,,,https://sigilliilkokulu.meb.k12.tr/tema/harita.php,2026-08-31,53,53,bulundu,https://sigilliilkokulu.meb.k12.tr/,2026-10-01T18:42:09.838758+00:00,,Öğrenci Sayısı : 53
Edirne,Keşan,Süleyman Paşa İmam Hatip Ortaokulu,734099,İmam Hatip Ortaokulu,https://kesanimamhatiportaokulu.meb.k12.tr,,,https://kesanimamhatiportaokulu.meb.k12.tr/tema/harita.php,2026-08-31,56,56,bulundu,https://kesanimamhatiportaokulu.meb.k12.tr/,2026-10-01T18:42:09.919855+00:00,,Öğrenci Sayısı : 56
Edirne,Keşan,Türkmen Ortaokulu,734089,Ortaokul,https://turkmenortaokulu.meb.k12.tr,,,https://turkmenortaokulu.meb.k12.tr/tema/harita.php,2026-08-31,53,53,bulundu,https://turkmenortaokulu.meb.k12.tr/,2026-10-01T18:42:09.943017+00:00,,Öğrenci Sayısı 53
Edirne,Keşan,Türkmen İlkokulu,976481,İlkokul,https://turkmenilkokulu.meb.k12.tr,,,https://turkmenilkokulu.meb.k12.tr/tema/harita.php,2026-08-31,99,99,bulundu,https://turkmenilkokulu.meb.k12.tr/,2026-10-01T18:42:09.978866+00:00,,Öğrenci Sayısı : 99
Edirne,Keşan,Yekta Baydar Ortaokulu,717422,Ortaokul,https://yektabaydar.meb.k12.tr,,,https://yektabaydar.meb.k12.tr/tema/harita.php,2026-08-31,797,797,bulundu,https://yektabaydar.meb.k12.tr/,2026-10-01T18:42:10.183658+00:00,,Öğrenci Sayısı : 797
Edirne,Keşan,Yenimuhacir Ortaokulu,734087,Ortaokul,https://yenimuhacirortaokulu.meb.k12.tr,,,https://yenimuhacirortaokulu.meb.k12.tr/tema/harita.php,2026-08-31,50,50,bulundu,https://yenimuhacirortaokulu.meb.k12.tr/,2026-10-01T18:42:10.363399+00:00,,Öğrenci Sayısı : 50
Edirne,Keşan,Yenimuhacir İlkokulu,717438,İlkokul,https://yenimuhacirilkokulu.meb.k12.tr,,,https://yenimuhacirilkokulu.meb.k12.tr/tema/harita.php,2026-08-31,57,57,bulundu,https://yenimuhacirilkokulu.meb.k12.tr/,2026-10-01T18:42:10.378240+00:00,,Öğrenci Sayısı : 57
Edirne,Keşan,Yusuf Çapraz Anadolu Lisesi,964239,Anadolu Lisesi,https://yusufcaprazanadolulisesi.meb.k12.tr,,,https://yusufcaprazanadolulisesi.meb.k12.tr/tema/harita.php,2026-08-31,,,bulunamadi,,2026-10-01T18:42:10.495986+00:00,,
Edirne,Keşan,Çamlıca Ortaokulu,734095,Ortaokul,https://kesancamlicaortaokulu.meb.k12.tr,,,https://kesancamlicaortaokulu.meb.k12.tr/tema/harita.php,2026-08-31,,,bulunamadi,,2026-10-01T18:42:10.501777+00:00,,
Edirne,Keşan,Çamlıca İlkokulu,717164,İlkokul,https://kesancamlicailkokulu.meb.k12.tr,,,https://kesancamlicailkokulu.meb.k12.tr/tema/harita.php,2026-08-31,,,bulunamadi,,2026-10-01T18:42:10.527939+00:00,,
Edirne,Keşan,İnönü İlkokulu,717189,İlkokul,https://kesaninonuilkokulu.meb.k12.tr,,,https://kesaninonuilkokulu.meb.k12.tr/tema/harita.php,2026-08-31,504,504,bulundu,https://kesaninonuilkokulu.meb.k12.tr/,2026-10-01T18:42:10.645486+00:00,,Öğrenci Sayısı : 504
Edirne,Keşan,Şehit Er Akın Buluş İlkokulu,760559,İlkokul,https://akinbulus.meb.k12.tr,,,https://akinbulus.meb.k12.tr/tema/harita.php,2026-08-31,234,234,bulundu,https://akinbulus.meb.k12.tr/,2026-10-01T18:42:10.870393+00:00,,Öğrenci Sayısı : 234
Edirne,Keşan,Şehit Polis Ahmet Can Ortaokulu,734098,Ortaokul,https://sehitpolisahmetcanortaokulu.meb.k12.tr,,,https://sehitpolisahmetcanortaokulu.meb.k12.tr/tema/harita.php,2026-08-31,321,321,bulundu,https://sehitpolisahmetcanortaokulu.meb.k12.tr/,2026-10-01T18:42:10.898104+00:00,,Öğrenci Sayısı : 321
Edirne,Keşan,Şehit Polis Ahmet Can İlkokulu,717090,İlkokul,https://sehitpolisahmetcanilkokulu.meb.k12.tr,,,https://sehitpolisahmetcanilkokulu.meb.k12.tr/tema/harita.php,2026-08-31,249,249,bulundu,https://sehitpolisahmetcanilkokulu.meb.k12.tr/,2026-10-01T18:42:11.284619+00:00,,Öğrenci Sayısı: 249
Edirne,Lalapaşa,Atatürk İlkokulu,406074,İlkokul,https://lalapasaataturk.meb.k12.tr,,,https://lalapasaataturk.meb.k12.tr/tema/harita.php,2026-08-31,180,180,bulundu,https://lalapasaataturk.meb.k12.tr/,2026-10-01T18:42:11.345306+00:00,,Öğrenci Sayısı 180
Edirne,Lalapaşa,Cumhuriyet Ortaokulu,887456,Ortaokul,https://lalapasacumhuriyetoo.meb.k12.tr,,,https://lalapasacumhuriyetoo.meb.k12.tr/tema/harita.php,2026-08-31,134,134,bulundu,https://lalapasacumhuriyetoo.meb.k12.tr/,2026-10-01T18:42:11.395276+00:00,,Öğrenci Sayısı 134
Edirne,Lalapaşa,Hacıdanişment Ortaokulu,734073,Ortaokul,https://hacidanismentortaokulu.meb.k12.tr,,,https://hacidanismentortaokulu.meb.k12.tr/tema/harita.php,2026-08-31,34,34,bulundu,https://hacidanismentortaokulu.meb.k12.tr/tema/okulumuz_hakkinda.php,2026-10-01T18:42:11.402438+00:00,,Öğrenci : 34
Edirne,Lalapaşa,Hacıdanişment İlkokulu,242876,İlkokul,https://hacidanismentilkokulu.meb.k12.tr,,,https://hacidanismentilkokulu.meb.k12.tr/tema/harita.php,2026-08-31,16,16,bulundu,https://hacidanismentilkokulu.meb.k12.tr/tema/okulumuz_hakkinda.php,2026-10-01T18:42:11.406835+00:00,,Öğrenci : 16
Edirne,Lalapaşa,Lalapaşa Halk Eğitimi Merkezi,143927,Halk Eğitimi Merkezi,https://lalapasahem.meb.k12.tr,,,https://lalapasahem.meb.k12.tr/tema/harita.php,2026-08-31,,,bulunamadi,,2026-10-01T18:42:11.560515+00:00,,
Edirne,Lalapaşa,Lalapaşa Çok Programlı Anadolu Lisesi,143915,Çok Programlı Anadolu Lisesi,https://lalapasacpal.meb.k12.tr,,,https://lalapasacpal.meb.k12.tr/tema/harita.php,2026-08-31,54,54,bulundu,https://lalapasacpal.meb.k12.tr/,2026-10-01T18:42:11.706190+00:00,,Öğrenci Sayısı 54
Edirne,Meriç,Kavaklı Hürmüz ve İbrahim Ataş İlkokulu,243331,İlkokul,https://kavakli.meb.k12.tr,,,https://kavakli.meb.k12.tr/tema/harita.php,2026-08-31,,,bulunamadi,,2026-10-01T18:42:11.773045+00:00,,
Edirne,Meriç,Küplü Gazi İlkokulu,976706,İlkokul,https://kuplugazi.meb.k12.tr,,,https://kuplugazi.meb.k12.tr/tema/harita.php,2026-08-31,48,48,bulundu,https://kuplugazi.meb.k12.tr/tema/okulumuz_hakkinda.php,2026-10-01T18:42:11.845054+00:00,,Öğrenci : 48
Edirne,Meriç,Küplü Şehit Sercan Fidan Anadolu Lisesi,762813,Anadolu Lisesi,https://kupluanadolulisesi.meb.k12.tr,,,https://kupluanadolulisesi.meb.k12.tr/tema/harita.php,2026-08-31,60,60,bulundu,https://kupluanadolulisesi.meb.k12.tr/,2026-10-01T18:42:11.899797+00:00,,Öğrenci Sayısı 60
Edirne,Meriç,Küplü Şehit Öğretmen Zeki Savruk Ortaokulu,737572,Ortaokul,https://zekisavruk.meb.k12.tr,,,https://zekisavruk.meb.k12.tr/tema/harita.php,2026-08-31,58,58,bulundu,https://zekisavruk.meb.k12.tr/,2026-10-01T18:42:11.928660+00:00,,Öğrenci Sayısı : 58
Edirne,Meriç,Meriç Halk Eğitimi Merkezi,144048,Halk Eğitimi Merkezi,https://merichem.meb.k12.tr,,,https://merichem.meb.k12.tr/tema/harita.php,2026-08-31,,,bulunamadi,,2026-10-01T18:42:11.932995+00:00,,
Edirne,Meriç,Meriç Çok Programlı Anadolu Lisesi,320022,Çok Programlı Anadolu Lisesi,https://mericcpl.meb.k12.tr,,,https://mericcpl.meb.k12.tr/tema/harita.php,2026-08-31,50,50,bulundu,https://mericcpl.meb.k12.tr/,2026-10-01T18:42:11.970431+00:00,,Öğrenci Sayısı 50
Edirne,Meriç,Merkez Büyükdoğanca İlkokulu,750510,İlkokul,https://merkezbuyukdoganca.meb.k12.tr,,,https://merkezbuyukdoganca.meb.k12.tr/tema/harita.php,2026-08-31,147,147,bulundu,https://merkezbuyukdoganca.meb.k12.tr/,2026-10-01T18:42:12.024775+00:00,,Öğrenci Sayısı 147
Edirne,Meriç,Subaşı Şehit Mehmet Aydın Ortaokulu,722544,Ortaokul,https://subasio.meb.k12.tr,,,https://subasio.meb.k12.tr/tema/harita.php,2026-08-31,65,65,bulundu,https://subasio.meb.k12.tr/,2026-10-01T18:42:12.053948+00:00,,Öğrenci Sayısı : 65
Edirne,Meriç,Subaşı Şehit Mehmet Aydın İlkokulu,243438,İlkokul,https://subasi.meb.k12.tr,,,https://subasi.meb.k12.tr/tema/harita.php,2026-08-31,65,65,bulundu,https://subasi.meb.k12.tr/,2026-10-01T18:42:12.124766+00:00,,Öğrenci Sayısı : 65
Edirne,Meriç,Şehit Osman Çakıl Anaokulu,750154,Anaokulu,https://osmancakil.meb.k12.tr,,,https://osmancakil.meb.k12.tr/tema/harita.php,2026-08-31,45,45,bulundu,https://osmancakil.meb.k12.tr/,2026-10-01T18:42:12.284752+00:00,,Öğrenci Sayısı 45
Edirne,Meriç,Şehit Öğretmen Aydın Yılmaz Ortaokulu,406934,Ortaokul,https://aydinyilmaz.meb.k12.tr,,,https://aydinyilmaz.meb.k12.tr/tema/harita.php,2026-08-31,151,151,bulundu,https://aydinyilmaz.meb.k12.tr/,2026-10-01T18:42:12.288897+00:00,,Öğrenci Sayısı 151
Edirne,Merkez,1. Murat Anadolu Lisesi,972832,Anadolu Lisesi,https://birincimuratal.meb.k12.tr,,,https://birincimuratal.meb.k12.tr/tema/harita.php,2026-08-31,190,190,bulundu,https://birincimuratal.meb.k12.tr/tema/okulumuz_hakkinda.php,2026-10-01T18:42:12.332888+00:00,,Öğrenci : 190
Edirne,Merkez,100. Yıl İlkokulu,707052,İlkokul,https://edirne100yilio.meb.k12.tr,,,https://edirne100yilio.meb.k12.tr/tema/harita.php,2026-08-31,334,334,bulundu,https://edirne100yilio.meb.k12.tr/,2026-10-01T18:42:12.383302+00:00,,Öğrenci Sayısı : 334
Edirne,Merkez,50.Yıl İlkokulu,707368,İlkokul,https://edirneellinciyilio.meb.k12.tr,,,https://edirneellinciyilio.meb.k12.tr/tema/harita.php,2026-08-31,566,566,bulundu,https://edirneellinciyilio.meb.k12.tr/,2026-10-01T18:42:12.450481+00:00,,Öğrenci Sayısı 566
Edirne,Merkez,75.Yıl İlkokulu,976921,İlkokul,https://edirne75yilio.meb.k12.tr,,,https://edirne75yilio.meb.k12.tr/tema/harita.php,2026-08-31,841,841,bulundu,https://edirne75yilio.meb.k12.tr/,2026-10-01T18:42:12.940226+00:00,,Öğrenci Sayısı : 841
Edirne,Merkez,80 Yıl Cumhuriyet Anadolu Lisesi,964241,Anadolu Lisesi,https://80yilcal.meb.k12.tr,,,https://80yilcal.meb.k12.tr/tema/harita.php,2026-08-31,526,526,bulundu,https://80yilcal.meb.k12.tr/,2026-10-01T18:42:12.966475+00:00,,Öğrenci Sayısı 526
Edirne,Merkez,Atatürk Ortaokulu,704018,Ortaokul,https://edirneataturk.meb.k12.tr,,,https://edirneataturk.meb.k12.tr/tema/harita.php,2026-08-31,291,291,bulundu,https://edirneataturk.meb.k12.tr/tema/okulumuz_hakkinda.php,2026-10-01T18:42:13.343494+00:00,,Öğrenci : 291
Edirne,Merkez,Ayşekadın Anaokulu,751879,Anaokulu,https://aysekadinanaokuluedirne.meb.k12.tr,,,https://aysekadinanaokuluedirne.meb.k12.tr/tema/harita.php,2026-08-31,216,216,bulundu,https://aysekadinanaokuluedirne.meb.k12.tr/,2026-10-01T18:42:13.382564+00:00,,Öğrenci Sayısı 216
Edirne,Merkez,Büyükdöllük Ortaokulu,704194,Ortaokul,https://buyukdollukoo.meb.k12.tr,,,https://buyukdollukoo.meb.k12.tr/tema/harita.php,2026-08-31,,,bulunamadi,,2026-10-01T18:42:13.479607+00:00,,
Edirne,Merkez,Büyükdöllük İlkokulu,705223,İlkokul,https://buyukdollukio.meb.k12.tr,,,https://buyukdollukio.meb.k12.tr/tema/harita.php,2026-08-31,,,bulunamadi,,2026-10-01T18:42:13.528068+00:00,,
Edirne,Merkez,Cumhuriyet Ortaokulu,708868,Ortaokul,https://edirnecumhuriyetoo.meb.k12.tr,,,https://edirnecumhuriyetoo.meb.k12.tr/tema/harita.php,2026-08-31,152,152,bulundu,https://edirnecumhuriyetoo.meb.k12.tr/,2026-10-01T18:42:13.583003+00:00,,Öğrenci Sayısı 152
Edirne,Merkez,Cumhuriyet İlkokulu,704239,İlkokul,https://edirnecumhuriyetio.meb.k12.tr,,,https://edirnecumhuriyetio.meb.k12.tr/tema/harita.php,2026-08-31,195,195,bulundu,https://edirnecumhuriyetio.meb.k12.tr/,2026-10-01T18:42:13.589952+00:00,,Öğrenci Sayısı 195
Edirne,Merkez,Dr. Sadık Ahmet Turizm Mesleki ve Teknik Anadolu Lisesi,880131,Mesleki ve Teknik Anadolu Lisesi,https://edirneturizmlisesi.meb.k12.tr,,,https://edirneturizmlisesi.meb.k12.tr/tema/harita.php,2026-08-31,346,346,bulundu,https://edirneturizmlisesi.meb.k12.tr/,2026-10-01T18:42:13.684357+00:00,,Öğrenci Sayısı : 346
Edirne,Merkez,Edirne Adalet Mesleki Eğitim Merkezi,768062,Mesleki Eğitim Merkezi,https://edamem.meb.k12.tr,,,https://edamem.meb.k12.tr/tema/harita.php,2026-08-31,38,38,bulundu,https://edamem.meb.k12.tr/tema/okulumuz_hakkinda.php,2026-10-01T18:42:13.767609+00:00,,Öğrenci : 38
Edirne,Merkez,Edirne Halk Eğitimi Merkezi,143151,Halk Eğitimi Merkezi,https://edirnehemaso.meb.k12.tr,,,https://edirnehemaso.meb.k12.tr/tema/harita.php,2026-08-31,,,bulunamadi,,2026-10-01T18:42:14.048684+00:00,,
Edirne,Merkez,Edirne II. Bayezid Özel Eğitim Uygulama Okulu I. Kademe,747474,Özel Eğitim Kurumu,https://bayezidozelegitim.meb.k12.tr,,,https://bayezidozelegitim.meb.k12.tr/tema/harita.php,2026-08-31,5,5,bulundu,https://bayezidozelegitim.meb.k12.tr/,2026-10-01T18:42:14.126717+00:00,,Öğrenci Sayısı 5
Edirne,Merkez,Edirne II. Bayezid Özel Eğitim Uygulama Okulu II. Kademe,747605,Özel Eğitim Kurumu,https://bayezidozelegitim2.meb.k12.tr,,,https://bayezidozelegitim2.meb.k12.tr/tema/harita.php,2026-08-31,5,5,bulundu,https://bayezidozelegitim2.meb.k12.tr/,2026-10-01T18:42:14.178498+00:00,,Öğrenci Sayısı 5
Edirne,Merkez,Edirne II. Bayezid Özel Eğitim Uygulama Okulu III. Kademe,747829,Özel Eğitim Kurumu,https://bayezidozelegitim3.meb.k12.tr,,,https://bayezidozelegitim3.meb.k12.tr/tema/harita.php,2026-08-31,9,9,bulundu,https://bayezidozelegitim3.meb.k12.tr/,2026-10-01T18:42:14.259930+00:00,,Öğrenci Sayısı 9
Edirne,Merkez,Edirne Kırkpınar Spor Lisesi,765130,Spor Lisesi,https://kirkpinarsporlisesi.meb.k12.tr,,,https://kirkpinarsporlisesi.meb.k12.tr/tema/harita.php,2026-08-31,162,162,bulundu,https://kirkpinarsporlisesi.meb.k12.tr/tema/okulumuz_hakkinda.php,2026-10-01T18:42:14.280025+00:00,,Öğrenci : 162
Edirne,Merkez,Edirne Lisesi,456390,Lise,https://edirnelisesi.meb.k12.tr,,,https://edirnelisesi.meb.k12.tr/tema/harita.php,2026-08-31,499,499,bulundu,https://edirnelisesi.meb.k12.tr/,2026-10-01T18:42:14.382431+00:00,,Öğrenci Sayısı : 499
Edirne,Merkez,Edirne Mesleki Eğitim Merkezi,143163,Mesleki Eğitim Merkezi,https://edirnemesem.meb.k12.tr,,,https://edirnemesem.meb.k12.tr/tema/harita.php,2026-08-31,527,527,bulundu,https://edirnemesem.meb.k12.tr/tema/okulumuz_hakkinda.php,2026-10-01T18:42:14.660445+00:00,,Öğrenci : 527
Edirne,Merkez,Edirne Mesleki ve Teknik Anadolu Lisesi,143092,Mesleki ve Teknik Anadolu Lisesi,https://edirneeml.meb.k12.tr,,,https://edirneeml.meb.k12.tr/tema/harita.php,2026-08-31,645,645,bulundu,https://edirneeml.meb.k12.tr/tema/okulumuz_hakkinda.php,2026-10-01T18:42:14.987671+00:00,,Öğrenci : 645
Edirne,Merkez,Edirne Olgunlaşma Enstitüsü,769557,Olgunlaşma Enstitüsü,https://edirneolgunlasma.meb.k12.tr,,,https://edirneolgunlasma.meb.k12.tr/tema/harita.php,2026-08-31,,,bulunamadi,,2026-10-01T18:42:14.995870+00:00,,
Edirne,Merkez,Edirne Selimiye İmam Hatip Ortaokulu,708468,İmam Hatip Ortaokulu,https://edirneseiho.meb.k12.tr,,,https://edirneseiho.meb.k12.tr/tema/harita.php,2026-08-31,551,551,bulundu,https://edirneseiho.meb.k12.tr/,2026-10-01T18:42:15.071180+00:00,,Öğrenci Sayısı 551
Edirne,Merkez,Edirne Sosyal Bilimler Lisesi,344923,Sosyal Bilimler Lisesi,https://edirnesbl.meb.k12.tr,,,https://edirnesbl.meb.k12.tr/tema/harita.php,2026-08-31,310,310,bulundu,https://edirnesbl.meb.k12.tr/,2026-10-01T18:42:15.272474+00:00,,Öğrenci Sayısı 310
Edirne,Merkez,Edirne Süleyman Demirel Fen Lisesi,349664,Fen Lisesi,https://esdfl.meb.k12.tr,,,https://esdfl.meb.k12.tr/tema/harita.php,2026-08-31,354,354,bulundu,https://esdfl.meb.k12.tr/,2026-10-01T18:42:15.373886+00:00,,Öğrenci Sayısı 354
Edirne,Merkez,Edirne Yıldırım Beyazıt Anadolu Lisesi,143080,Anadolu Lisesi,https://eybal.meb.k12.tr,,,https://eybal.meb.k12.tr/tema/harita.php,2026-08-31,331,331,bulundu,https://eybal.meb.k12.tr/tema/okulumuz_hakkinda.php,2026-10-01T18:42:15.419204+00:00,,Öğrenci : 331
Edirne,Merkez,Edirne Özel Eğitim Anaokulu,767632,Anaokulu,https://767632.meb.k12.tr,,,https://767632.meb.k12.tr/tema/harita.php,2026-08-31,15,15,bulundu,https://767632.meb.k12.tr/,2026-10-01T18:42:15.801664+00:00,,Öğrenci Sayısı: 15
Edirne,Merkez,Edirne Öğretmenevi ve Akşam Sanat Okulu,971123,Öğretmenevi,https://edirneogretmenevi22.meb.k12.tr,,,https://edirneogretmenevi22.meb.k12.tr/tema/harita.php,2026-08-31,,,bulunamadi,,2026-10-01T18:42:15.808640+00:00,,
Edirne,Merkez,Emel-Özgür Subaşıay Ticaret Mesleki ve Teknik Anadolu Lisesi,143126,Mesleki ve Teknik Anadolu Lisesi,https://edirneeosmtal.meb.k12.tr,,,https://edirneeosmtal.meb.k12.tr/tema/harita.php,2026-08-31,596,596,bulundu,https://edirneeosmtal.meb.k12.tr/,2026-10-01T18:42:15.824767+00:00,,Öğrenci Sayısı : 596
Edirne,Merkez,Faika Erkurt Özel Eğitim Meslek Okulu,747700,Özel Eğitim Kurumu,https://faikaerkurtmeslekokulu.meb.k12.tr,,,https://faikaerkurtmeslekokulu.meb.k12.tr/tema/harita.php,2026-08-31,42,42,bulundu,https://faikaerkurtmeslekokulu.meb.k12.tr/,2026-10-01T18:42:16.014122+00:00,,Öğrenci Sayısı 42
Edirne,Merkez,Faika Erkurt Özel Eğitim Ortaokulu,746971,Ortaokul,https://faikaerkurtortaokulu.meb.k12.tr,,,https://faikaerkurtortaokulu.meb.k12.tr/tema/harita.php,2026-08-31,39,39,bulundu,https://faikaerkurtortaokulu.meb.k12.tr/tema/okulumuz_hakkinda.php,2026-10-01T18:42:16.093475+00:00,,Öğrenci : 39
Edirne,Merkez,Faika Erkurt Özel Eğitim İlkokulu,746800,İlkokul,https://faikaerkurtilkokulu.meb.k12.tr,,,https://faikaerkurtilkokulu.meb.k12.tr/tema/harita.php,2026-08-31,34,34,bulundu,https://faikaerkurtilkokulu.meb.k12.tr/,2026-10-01T18:42:16.115040+00:00,,Öğrenci Sayısı: 34
Edirne,Merkez,Fatih Sultan Mehmet Ortaokulu,705015,Ortaokul,https://edirnefsmoo.meb.k12.tr,,,https://edirnefsmoo.meb.k12.tr/tema/harita.php,2026-08-31,513,513,bulundu,https://edirnefsmoo.meb.k12.tr/,2026-10-01T18:42:16.153211+00:00,,Öğrenci Sayısı 513
Edirne,Merkez,Ferah Ortaokulu,708823,Ortaokul,https://edirneferahoo.meb.k12.tr,,,https://edirneferahoo.meb.k12.tr/tema/harita.php,2026-08-31,286,286,bulundu,https://edirneferahoo.meb.k12.tr/,2026-10-01T18:42:16.343112+00:00,,Öğrenci Sayısı 286
Edirne,Merkez,Fevzipaşa İlkokulu,705065,İlkokul,https://fevzipasailkokul.meb.k12.tr,,,https://fevzipasailkokul.meb.k12.tr/tema/harita.php,2026-08-31,197,197,bulundu,https://fevzipasailkokul.meb.k12.tr/,2026-10-01T18:42:16.346576+00:00,,Öğrenci Sayısı : 197
Edirne,Merkez,Gazi Osman Paşa Ortaokulu,758403,Ortaokul,https://edirnegop.meb.k12.tr,,,https://edirnegop.meb.k12.tr/tema/harita.php,2026-08-31,641,641,bulundu,https://edirnegop.meb.k12.tr/,2026-10-01T18:42:16.731008+00:00,,Öğrenci Sayısı : 641
Edirne,Merkez,Gazi İlkokulu,406946,İlkokul,https://edirnegaziilkokulu.meb.k12.tr,,,https://edirnegaziilkokulu.meb.k12.tr/tema/harita.php,2026-08-31,177,177,bulundu,https://edirnegaziilkokulu.meb.k12.tr/,2026-10-01T18:42:16.740200+00:00,,Öğrenci Sayısı : 177
Edirne,Merkez,H.Hüsnü Tekışık Rehberlik ve Araştırma Merkezi,143175,Rehberlik ve Araştırma Merkezi,https://edirnehhtram.meb.k12.tr,,,https://edirnehhtram.meb.k12.tr/tema/harita.php,2026-08-31,,,bulunamadi,,2026-10-01T18:42:16.768470+00:00,,
Edirne,Merkez,Hacıilbey Mensucat Santral Ortaokulu,407437,Ortaokul,https://haciilbey.meb.k12.tr,,,https://haciilbey.meb.k12.tr/tema/harita.php,2026-08-31,178,178,bulundu,https://haciilbey.meb.k12.tr/,2026-10-01T18:42:16.797242+00:00,,Öğrenci Sayısı 178
Edirne,Merkez,Hasan Rıza Güzel Sanatlar Lisesi,325290,Güzel Sanatlar Lisesi,https://edirnegssl.meb.k12.tr,,,https://edirnegssl.meb.k12.tr/tema/harita.php,2026-08-31,146,146,bulundu,https://edirnegssl.meb.k12.tr/,2026-10-01T18:42:16.921830+00:00,,Öğrenci Sayısı : 146
Edirne,Merkez,Hasan Sezai Anadolu İmam Hatip Lisesi,763718,Anadolu İmam Hatip Lisesi,https://edirnehasansezaiaihl.meb.k12.tr,,,https://edirnehasansezaiaihl.meb.k12.tr/tema/harita.php,2026-08-31,58,58,bulundu,https://edirnehasansezaiaihl.meb.k12.tr/,2026-10-01T18:42:16.961759+00:00,,Öğrenci Sayısı : 58
Edirne,Merkez,Hatice Erkurt Anaokulu,752225,Anaokulu,https://haticeerkurtanaokulu.meb.k12.tr,,,https://haticeerkurtanaokulu.meb.k12.tr/tema/harita.php,2026-08-31,215,215,bulundu,https://haticeerkurtanaokulu.meb.k12.tr/,2026-10-01T18:42:17.062558+00:00,,Öğrenci Sayısı : 215
Edirne,Merkez,Kadripaşa İlkokulu,406838,İlkokul,https://edirnekadripasailkokulu.meb.k12.tr,,,https://edirnekadripasailkokulu.meb.k12.tr/tema/harita.php,2026-08-31,443,443,bulundu,https://edirnekadripasailkokulu.meb.k12.tr/,2026-10-01T18:42:17.283316+00:00,,Öğrenci Sayısı 443
Edirne,Merkez,Karaağaç Ortaokulu,748186,Ortaokul,https://edirnekaraagacoo.meb.k12.tr,,,https://edirnekaraagacoo.meb.k12.tr/tema/harita.php,2026-08-31,62,62,bulundu,https://edirnekaraagacoo.meb.k12.tr/,2026-10-01T18:42:17.328738+00:00,,Öğrenci Sayısı : 62
Edirne,Merkez,Kemalköy İlkokulu,706432,İlkokul,https://kemalkoyio.meb.k12.tr,,,https://kemalkoyio.meb.k12.tr/tema/harita.php,2026-08-31,16,16,bulundu,https://kemalkoyio.meb.k12.tr/,2026-10-01T18:42:17.351154+00:00,,Öğrenci Sayısı 16
Edirne,Merkez,Kurtuluş İlkokulu,706498,İlkokul,https://edirnekurtulus.meb.k12.tr,,,https://edirnekurtulus.meb.k12.tr/tema/harita.php,2026-08-31,426,426,bulundu,https://edirnekurtulus.meb.k12.tr/,2026-10-01T18:42:17.670245+00:00,,Öğrenci Sayısı : 426
Edirne,Merkez,Kırkpınar Ağası Alper Yazoğlu Ortaokulu,706462,Ortaokul,https://alperyazoglu.meb.k12.tr,,,https://alperyazoglu.meb.k12.tr/tema/harita.php,2026-08-31,1238,1238,bulundu,https://alperyazoglu.meb.k12.tr/tema/okulumuz_hakkinda.php,2026-10-01T18:42:17.670786+00:00,,Öğrenci : 1238
Edirne,Merkez,Lala Şahinpaşa Ortaokulu,708780,Ortaokul,https://lalasahinpasa.meb.k12.tr,,,https://lalasahinpasa.meb.k12.tr/tema/harita.php,2026-08-31,287,287,bulundu,https://lalasahinpasa.meb.k12.tr/,2026-10-01T18:42:17.677121+00:00,,Öğrenci Sayısı : 287
Edirne,Merkez,Lala Şahinpaşa İlkokulu,970753,İlkokul,https://edirnelalasahinpasailkokulu.meb.k12.tr,,,https://edirnelalasahinpasailkokulu.meb.k12.tr/tema/harita.php,2026-08-31,315,315,bulundu,https://edirnelalasahinpasailkokulu.meb.k12.tr/,2026-10-01T18:42:17.726110+00:00,,Öğrenci Sayısı : 315
Edirne,Merkez,Mehmet Ruşen Erkurt Ortaokulu,734107,Ortaokul,https://mehmetrusenerkurtortaokulu.meb.k12.tr,,,https://mehmetrusenerkurtortaokulu.meb.k12.tr/tema/harita.php,2026-08-31,757,757,bulundu,https://mehmetrusenerkurtortaokulu.meb.k12.tr/,2026-10-01T18:42:17.755270+00:00,,Öğrenci Sayısı 757
Edirne,Merkez,Meliha Çankaflı Anaokulu,768156,Anaokulu,https://768156.meb.k12.tr,,,https://768156.meb.k12.tr/tema/harita.php,2026-08-31,318,318,bulundu,https://768156.meb.k12.tr/,2026-10-01T18:42:17.805972+00:00,,Öğrenci Sayısı: 318
Edirne,Merkez,Mimar Sinan Ortaokulu,706560,Ortaokul,https://edirnemimarsinan.meb.k12.tr,,,https://edirnemimarsinan.meb.k12.tr/tema/harita.php,2026-08-31,,,bulunamadi,,2026-10-01T18:42:18.017306+00:00,,
Edirne,Merkez,Mithatpaşa Ortaokulu,708856,Ortaokul,https://edirnemithatpasaoo.meb.k12.tr,,,https://edirnemithatpasaoo.meb.k12.tr/tema/harita.php,2026-08-31,76,76,bulundu,https://edirnemithatpasaoo.meb.k12.tr/,2026-10-01T18:42:18.075164+00:00,,Öğrenci Sayısı : 76
Edirne,Merkez,Mithatpaşa İlkokulu,407700,İlkokul,https://mpasailkokulu.meb.k12.tr,,,https://mpasailkokulu.meb.k12.tr/tema/harita.php,2026-08-31,113,113,bulundu,https://mpasailkokulu.meb.k12.tr/tema/okulumuz_hakkinda.php,2026-10-01T18:42:18.123267+00:00,,Öğrenci : 113
Edirne,Merkez,Mustafa Necati İlkokulu,976825,İlkokul,https://edirnemustafanecati.meb.k12.tr,,,https://edirnemustafanecati.meb.k12.tr/tema/harita.php,2026-08-31,,,bulunamadi,,2026-10-01T18:42:18.151532+00:00,,
Edirne,Merkez,Nilüfer Hatun Anaokulu,970752,Anaokulu,https://niluferhatunanaokulu.meb.k12.tr,,,https://niluferhatunanaokulu.meb.k12.tr/tema/harita.php,2026-08-31,105,105,bulundu,https://niluferhatunanaokulu.meb.k12.tr/,2026-10-01T18:42:18.177953+00:00,,Öğrenci Sayısı 105
Edirne,Merkez,Plevne İlkokulu,706843,İlkokul,https://plevneilkokulu.meb.k12.tr,,,https://plevneilkokulu.meb.k12.tr/tema/harita.php,2026-08-31,791,791,bulundu,https://plevneilkokulu.meb.k12.tr/,2026-10-01T18:42:18.240144+00:00,,Öğrenci Sayısı 791
Edirne,Merkez,Selimiye Mesleki ve Teknik Anadolu Lisesi,970234,Mesleki ve Teknik Anadolu Lisesi,https://selimiyemeslek.meb.k12.tr,,,https://selimiyemeslek.meb.k12.tr/tema/harita.php,2026-08-31,,,bulunamadi,,2026-10-01T18:42:18.497846+00:00,,
Edirne,Merkez,Serhat Borsa İstanbul Mesleki ve Teknik Anadolu Lisesi,387571,Mesleki ve Teknik Anadolu Lisesi,https://imkbserhatmeslek.meb.k12.tr,,,https://imkbserhatmeslek.meb.k12.tr/tema/harita.php,2026-08-31,421,421,bulundu,https://imkbserhatmeslek.meb.k12.tr/,2026-10-01T18:42:18.694127+00:00,,Öğrenci Sayısı 421
Edirne,Merkez,Süheyl Ünver Mesleki ve Teknik Anadolu Lisesi,972694,Mesleki ve Teknik Anadolu Lisesi,https://esumtal.meb.k12.tr,,,https://esumtal.meb.k12.tr/tema/harita.php,2026-08-31,258,258,bulundu,https://esumtal.meb.k12.tr/,2026-10-01T18:42:18.722460+00:00,,Öğrenci Sayısı : 258
Edirne,Merkez,T.Ü. Devlet Konservatuarı Müzik ve Bale Ortaokulu,966357,Ortaokul,https://muzikvebaleortaokulu.meb.k12.tr,,,https://muzikvebaleortaokulu.meb.k12.tr/tema/harita.php,2026-08-31,,,bulunamadi,,2026-10-01T18:42:18.808492+00:00,,
Edirne,Merkez,T.Ü. Devlet Konservatuarı Müzik ve Sahne Sanatları Lisesi,970521,Lise,https://muzikvesahnesanatlarilisesi.meb.k12.tr,,,https://muzikvesahnesanatlarilisesi.meb.k12.tr/tema/harita.php,2026-08-31,59,59,bulundu,https://muzikvesahnesanatlarilisesi.meb.k12.tr/,2026-10-01T18:42:18.814262+00:00,,Öğrenci Sayısı 59
Edirne,Merkez,Tayakadın Şehit Cem Havale Ortaokulu,708451,Ortaokul,https://tayakadinoo.meb.k12.tr,,,https://tayakadinoo.meb.k12.tr/tema/harita.php,2026-08-31,89,89,bulundu,https://tayakadinoo.meb.k12.tr/,2026-10-01T18:42:18.847090+00:00,,Öğrenci Sayısı 89
Edirne,Merkez,Tayakadın Şehit Cem Havale İlkokulu,706945,İlkokul,https://tayakadinio.meb.k12.tr,,,https://tayakadinio.meb.k12.tr/tema/harita.php,2026-08-31,113,113,bulundu,https://tayakadinio.meb.k12.tr/tema/okulumuz_hakkinda.php,2026-10-01T18:42:19.125228+00:00,,Öğrenci : 113
Edirne,Merkez,Ticaret Borsası İlkokulu,706973,İlkokul,https://edirneticaretborsasiilkokulu.meb.k12.tr,,,https://edirneticaretborsasiilkokulu.meb.k12.tr/tema/harita.php,2026-08-31,233,233,bulundu,https://edirneticaretborsasiilkokulu.meb.k12.tr/,2026-10-01T18:42:19.131634+00:00,,Öğrenci Sayısı : 233
Edirne,Merkez,Ticaret ve Sanayi Odası Ortaokulu,708723,Ortaokul,https://etsooo.meb.k12.tr,,,https://etsooo.meb.k12.tr/tema/harita.php,2026-08-31,97,97,bulundu,https://etsooo.meb.k12.tr/,2026-10-01T18:42:19.137075+00:00,,Öğrenci Sayısı 97
Edirne,Merkez,Ticaret ve Sanayi Odası İlkokulu,707014,İlkokul,https://etsoio.meb.k12.tr,,,https://etsoio.meb.k12.tr/tema/harita.php,2026-08-31,125,125,bulundu,https://etsoio.meb.k12.tr/,2026-10-01T18:42:19.202274+00:00,,Öğrenci Sayısı 125
Edirne,Merkez,Uluslararası Edirne Akmercan Anadolu İmam Hatip Lisesi,143138,Anadolu İmam Hatip Lisesi,https://edirneakmercanihl.meb.k12.tr,,,https://edirneakmercanihl.meb.k12.tr/tema/harita.php,2026-08-31,435,435,bulundu,https://edirneakmercanihl.meb.k12.tr/,2026-10-01T18:42:19.210339+00:00,,Öğrenci Sayısı 435
Edirne,Merkez,Vali Fahri Yücel İlkokulu,707293,İlkokul,https://vfy.meb.k12.tr,,,https://vfy.meb.k12.tr/tema/harita.php,2026-08-31,731,731,bulundu,https://vfy.meb.k12.tr/,2026-10-01T18:42:19.524216+00:00,,Öğrenci Sayısı : 731
Edirne,Merkez,Yusufhoca Ortaokulu,708803,Ortaokul,https://yusufhocaortaokulu.meb.k12.tr,,,https://yusufhocaortaokulu.meb.k12.tr/tema/harita.php,2026-08-31,,,bulunamadi,,2026-10-01T18:42:19.528244+00:00,,
Edirne,Merkez,Yüksel Yeşil İlkokulu,707347,İlkokul,https://yukselyesililkokulu.meb.k12.tr,,,https://yukselyesililkokulu.meb.k12.tr/tema/harita.php,2026-08-31,784,784,bulundu,https://yukselyesililkokulu.meb.k12.tr/,2026-10-01T18:42:19.534187+00:00,,Öğrenci Sayısı : 784
Edirne,Merkez,Zübeyde Hanım Anaokulu,963937,Anaokulu,https://edirnezubeydehanim.meb.k12.tr,,,https://edirnezubeydehanim.meb.k12.tr/tema/harita.php,2026-08-31,180,180,bulundu,https://edirnezubeydehanim.meb.k12.tr/,2026-10-01T18:42:19.575477+00:00,,Öğrenci Sayısı 180
Edirne,Merkez,İlhami Ertem Anadolu Lisesi,972833,Anadolu Lisesi,https://eieal.meb.k12.tr,,,https://eieal.meb.k12.tr/tema/harita.php,2026-08-31,,,bulunamadi,,2026-10-01T18:42:19.601876+00:00,,
Edirne,Merkez,İnönü İlkokulu,705338,İlkokul,https://edirneinonu.meb.k12.tr,,,https://edirneinonu.meb.k12.tr/tema/harita.php,2026-08-31,144,144,bulundu,https://edirneinonu.meb.k12.tr/tema/okulumuz_hakkinda.php,2026-10-01T18:42:19.741505+00:00,,Öğrenci : 144
Edirne,Merkez,İsmail Güner Ortaokulu,708898,Ortaokul,https://ismailguner.meb.k12.tr,,,https://ismailguner.meb.k12.tr/tema/harita.php,2026-08-31,,,bulunamadi,,2026-10-01T18:42:19.788165+00:00,,
Edirne,Merkez,İstiklal Ortaokulu,705366,Ortaokul,https://edirneistiklalortaokulu.meb.k12.tr,,,https://edirneistiklalortaokulu.meb.k12.tr/tema/harita.php,2026-08-31,213,213,bulundu,https://edirneistiklalortaokulu.meb.k12.tr/,2026-10-01T18:42:19.792013+00:00,,Öğrenci Sayısı : 213
Edirne,Merkez,Şehit Nefize Çetin Özsoy Bilim ve Sanat Merkezi,760685,Bilim ve Sanat Merkezi,https://bilsemedirne.meb.k12.tr,,,https://bilsemedirne.meb.k12.tr/tema/harita.php,2026-08-31,415,415,bulundu,https://bilsemedirne.meb.k12.tr/,2026-10-01T18:42:19.899470+00:00,,Öğrenci Sayısı : 415
Edirne,Merkez,Şehit Yıldız Gürsoy Kız Anadolu İmam Hatip Lisesi,762169,Anadolu İmam Hatip Lisesi,https://ekaihl.meb.k12.tr,,,https://ekaihl.meb.k12.tr/tema/harita.php,2026-08-31,149,149,bulundu,https://ekaihl.meb.k12.tr/,2026-10-01T18:42:19.938451+00:00,,Öğrenci Sayısı 149
Edirne,Merkez,Şehit Öğretmen Adnan Tunca Özel Eğitim Uygulama Okulu I. Kademe,747069,Özel Eğitim Kurumu,https://adnantuncaozelegitimuygulama.meb.k12.tr,,,https://adnantuncaozelegitimuygulama.meb.k12.tr/tema/harita.php,2026-08-31,22,22,bulundu,https://adnantuncaozelegitimuygulama.meb.k12.tr/,2026-10-01T18:42:19.958023+00:00,,Öğrenci Sayısı : 22
Edirne,Merkez,Şehit Öğretmen Adnan Tunca Özel Eğitim Uygulama Okulu II. Kademe,747399,Özel Eğitim Kurumu,https://edirneozelegitimuygulama2.meb.k12.tr,,,https://edirneozelegitimuygulama2.meb.k12.tr/tema/harita.php,2026-08-31,34,34,bulundu,https://edirneozelegitimuygulama2.meb.k12.tr/,2026-10-01T18:42:20.018093+00:00,,Öğrenci Sayısı 34
Edirne,Merkez,Şehit Öğretmen Adnan Tunca Özel Eğitim Uygulama Okulu III. Kademe,748060,Özel Eğitim Kurumu,https://edirneozelegitimisuygulama.meb.k12.tr,,,https://edirneozelegitimisuygulama.meb.k12.tr/tema/harita.php,2026-08-31,22,22,bulundu,https://edirneozelegitimisuygulama.meb.k12.tr/,2026-10-01T18:42:20.031001+00:00,,Öğrenci Sayısı : 22
Edirne,Merkez,Şehit Üsteğmen Efkan Yıldırım Ortaokulu,706895,Ortaokul,https://efkanyildirimoo.meb.k12.tr,,,https://efkanyildirimoo.meb.k12.tr/tema/harita.php,2026-08-31,856,856,bulundu,https://efkanyildirimoo.meb.k12.tr/,2026-10-01T18:42:20.051510+00:00,,Öğrenci Sayısı 856
Edirne,Merkez,Şehitasım İlkokulu,706879,İlkokul,https://sehitasimilkokulu.meb.k12.tr,,,https://sehitasimilkokulu.meb.k12.tr/tema/harita.php,2026-08-31,287,287,bulundu,https://sehitasimilkokulu.meb.k12.tr/,2026-10-01T18:42:20.201482+00:00,,Öğrenci Sayısı : 287
Edirne,Merkez,Şükrüpaşa İlkokulu,706919,İlkokul,https://sukrupasailkokulu.meb.k12.tr,,,https://sukrupasailkokulu.meb.k12.tr/tema/harita.php,2026-08-31,697,697,bulundu,https://sukrupasailkokulu.meb.k12.tr/,2026-10-01T18:42:20.584318+00:00,,Öğrenci Sayısı 697
Edirne,Süloğlu,Ali Ayağ Çok Programlı Anadolu Lisesi,970074,Çok Programlı Anadolu Lisesi,https://aliayagcpl.meb.k12.tr,,,https://aliayagcpl.meb.k12.tr/tema/harita.php,2026-08-31,78,78,bulundu,https://aliayagcpl.meb.k12.tr/tema/okulumuz_hakkinda.php,2026-10-01T18:42:20.616479+00:00,,Öğrenci : 78
Edirne,Süloğlu,Cumhuriyet Ortaokulu,716837,Ortaokul,https://suloglucumhuriyet.meb.k12.tr,,,https://suloglucumhuriyet.meb.k12.tr/tema/harita.php,2026-08-31,150,150,bulundu,https://suloglucumhuriyet.meb.k12.tr/,2026-10-01T18:42:20.756351+00:00,,Öğrenci Sayısı 150
Edirne,Süloğlu,GÜLÇİÇEK HATUN ANAOKULU MÜDÜRLÜĞÜ,758898,Anaokulu,https://suloglugulcicekhatunanaokulu.meb.k12.tr,,,https://suloglugulcicekhatunanaokulu.meb.k12.tr/tema/harita.php,2026-08-31,,,bulunamadi,,2026-10-01T18:42:20.818459+00:00,,
Edirne,Süloğlu,Süloğlu Halk Eğitimi Merkezi,749859,Halk Eğitimi Merkezi,https://sulogluhem.meb.k12.tr,,,https://sulogluhem.meb.k12.tr/tema/harita.php,2026-08-31,,,bulunamadi,,2026-10-01T18:42:20.911232+00:00,,
Edirne,Süloğlu,Süloğlu İlkokulu,716843,İlkokul,https://sulogluio.meb.k12.tr,,,https://sulogluio.meb.k12.tr/tema/harita.php,2026-08-31,214,214,bulundu,https://sulogluio.meb.k12.tr/,2026-10-01T18:42:21.058227+00:00,,Öğrenci Sayısı : 214
Edirne,Uzunköprü,80.Yıl Anaokulu,959292,Anaokulu,https://sekseninciyilao.meb.k12.tr,,,https://sekseninciyilao.meb.k12.tr/tema/harita.php,2026-08-31,87,87,bulundu,https://sekseninciyilao.meb.k12.tr/,2026-10-01T18:42:21.079354+00:00,,Öğrenci Sayısı: 87
Edirne,Uzunköprü,Atatürk Ortaokulu,887600,Ortaokul,https://uzunkopruataturkoo.meb.k12.tr,,,https://uzunkopruataturkoo.meb.k12.tr/tema/harita.php,2026-08-31,357,357,bulundu,https://uzunkopruataturkoo.meb.k12.tr/,2026-10-01T18:42:21.129802+00:00,,Öğrenci Sayısı : 357
Edirne,Uzunköprü,Cumhuriyet İlkokulu,717536,İlkokul,https://uzunkoprucumhuriyetio.meb.k12.tr,,,https://uzunkoprucumhuriyetio.meb.k12.tr/tema/harita.php,2026-08-31,,,bulunamadi,,2026-10-01T18:42:21.252147+00:00,,
Edirne,Uzunköprü,Demokrasi İlkokulu,717603,İlkokul,https://demokrasiio.meb.k12.tr,,,https://demokrasiio.meb.k12.tr/tema/harita.php,2026-08-31,590,590,bulundu,https://demokrasiio.meb.k12.tr/,2026-10-01T18:42:21.262691+00:00,,Öğrenci Sayısı 590
Edirne,Uzunköprü,Elmalı İlkokulu,717695,İlkokul,https://uzkopelmaliio.meb.k12.tr,,,https://uzkopelmaliio.meb.k12.tr/tema/harita.php,2026-08-31,73,73,bulundu,https://uzkopelmaliio.meb.k12.tr/,2026-10-01T18:42:21.393807+00:00,,Öğrenci Sayısı : 73
Edirne,Uzunköprü,Ergene İlkokulu,717717,İlkokul,https://uzunkopruergeneio.meb.k12.tr,,,https://uzunkopruergeneio.meb.k12.tr/tema/harita.php,2026-08-31,293,293,bulundu,https://uzunkopruergeneio.meb.k12.tr/,2026-10-01T18:42:21.434640+00:00,,Öğrenci Sayısı 293
Edirne,Uzunköprü,Gazi Mahmut İlkokulu,717734,İlkokul,https://gazimahmutilkokulu.meb.k12.tr,,,https://gazimahmutilkokulu.meb.k12.tr/tema/harita.php,2026-08-31,344,344,bulundu,https://gazimahmutilkokulu.meb.k12.tr/,2026-10-01T18:42:21.443297+00:00,,Öğrenci Sayısı : 344
Edirne,Uzunköprü,Gazi Turhan Bey Ortaokulu,717763,Ortaokul,https://gaziturhanbeyortaokulu.meb.k12.tr,,,https://gaziturhanbeyortaokulu.meb.k12.tr/tema/harita.php,2026-08-31,354,354,bulundu,https://gaziturhanbeyortaokulu.meb.k12.tr/,2026-10-01T18:42:21.454143+00:00,,Öğrenci Sayısı 354
Edirne,Uzunköprü,Gökçen Seven Kızılay Anaokulu,768949,Anaokulu,https://uzunkoprugsevenkizilayanaokulu.meb.k12.tr,,,https://uzunkoprugsevenkizilayanaokulu.meb.k12.tr/tema/harita.php,2026-08-31,151,151,bulundu,https://uzunkoprugsevenkizilayanaokulu.meb.k12.tr/,2026-10-01T18:42:21.517100+00:00,,Öğrenci Sayısı: 151
Edirne,Uzunköprü,Harmanlı Rauf Şenbaş ve Yunus Şenuz Ortaokulu,734079,Ortaokul,https://uzunkopruharmanlirsysortaokulu.meb.k12.tr,,,https://uzunkopruharmanlirsysortaokulu.meb.k12.tr/tema/harita.php,2026-08-31,60,60,bulundu,https://uzunkopruharmanlirsysortaokulu.meb.k12.tr/,2026-10-01T18:42:21.519523+00:00,,Öğrenci Sayısı : 60
Edirne,Uzunköprü,Harmanlı Rauf Şenbaş ve Yunus Şenuz İlkokulu,717788,İlkokul,https://uzunkopruharmanlirsysilkokulu.meb.k12.tr,,,https://uzunkopruharmanlirsysilkokulu.meb.k12.tr/tema/harita.php,2026-08-31,79,79,bulundu,https://uzunkopruharmanlirsysilkokulu.meb.k12.tr/,2026-10-01T18:42:22.029956+00:00,,Öğrenci Sayısı: 79
Edirne,Uzunköprü,Karapınar Ortaokulu,734077,Ortaokul,https://uzunkoprukarapinaroo.meb.k12.tr,,,https://uzunkoprukarapinaroo.meb.k12.tr/tema/harita.php,2026-08-31,37,37,bulundu,https://uzunkoprukarapinaroo.meb.k12.tr/,2026-10-01T18:42:22.047214+00:00,,Öğrenci Sayısı : 37
Edirne,Uzunköprü,Karapınar İlkokulu,717942,İlkokul,https://uzunkoprukarapinario.meb.k12.tr,,,https://uzunkoprukarapinario.meb.k12.tr/tema/harita.php,2026-08-31,35,35,bulundu,https://uzunkoprukarapinario.meb.k12.tr/,2026-10-01T18:42:22.059142+00:00,,Öğrenci Sayısı: 35
Edirne,Uzunköprü,Kavacık Şehit Oğuz Yelken Ortaokulu,734082,Ortaokul,https://kavacikoo.meb.k12.tr,,,https://kavacikoo.meb.k12.tr/tema/harita.php,2026-08-31,,,bulunamadi,,2026-10-01T18:42:22.149807+00:00,,
Edirne,Uzunköprü,Kavacık Şehit Oğuz Yelken İlkokulu,717969,İlkokul,https://kavacikio.meb.k12.tr,,,https://kavacikio.meb.k12.tr/tema/harita.php,2026-08-31,,,bulunamadi,,2026-10-01T18:42:22.185317+00:00,,
Edirne,Uzunköprü,Kemal Unakıtan Anadolu İmam Hatip Lisesi,144276,Anadolu İmam Hatip Lisesi,https://kemalunakitanaihl.meb.k12.tr,,,https://kemalunakitanaihl.meb.k12.tr/tema/harita.php,2026-08-31,94,94,bulundu,https://kemalunakitanaihl.meb.k12.tr/,2026-10-01T18:42:22.457312+00:00,,Öğrenci Sayısı : 94
Edirne,Uzunköprü,Kurtbey Ortaokulu,734083,Ortaokul,https://edirnekurtbeyoo.meb.k12.tr,,,https://edirnekurtbeyoo.meb.k12.tr/tema/harita.php,2026-08-31,40,40,bulundu,https://edirnekurtbeyoo.meb.k12.tr/,2026-10-01T18:42:22.538497+00:00,,Öğrenci Sayısı : 40
Edirne,Uzunköprü,Kurtbey İlkokulu,718070,İlkokul,https://edirnekurtbeyio.meb.k12.tr,,,https://edirnekurtbeyio.meb.k12.tr/tema/harita.php,2026-08-31,28,28,bulundu,https://edirnekurtbeyio.meb.k12.tr/,2026-10-01T18:42:22.575565+00:00,,Öğrenci Sayısı : 28
Edirne,Uzunköprü,Kırcasalih Atatürk Ortaokulu,734084,Ortaokul,https://kircasalihataturkoo.meb.k12.tr,,,https://kircasalihataturkoo.meb.k12.tr/tema/harita.php,2026-08-31,61,61,bulundu,https://kircasalihataturkoo.meb.k12.tr/,2026-10-01T18:42:22.616758+00:00,,Öğrenci Sayısı : 61
Edirne,Uzunköprü,Kırcasalih Atatürk İlkokulu,718001,İlkokul,https://ukircasalihataturkio.meb.k12.tr,,,https://ukircasalihataturkio.meb.k12.tr/tema/harita.php,2026-08-31,62,62,bulundu,https://ukircasalihataturkio.meb.k12.tr/,2026-10-01T18:42:22.626383+00:00,,Öğrenci Sayısı : 62
Edirne,Uzunköprü,Menderes Ortaokulu,734085,Ortaokul,https://menderesortaokulu.meb.k12.tr,,,https://menderesortaokulu.meb.k12.tr/tema/harita.php,2026-08-31,154,154,bulundu,https://menderesortaokulu.meb.k12.tr/,2026-10-01T18:42:22.690344+00:00,,Öğrenci Sayısı : 154
Edirne,Uzunköprü,Menderes İlkokulu,718356,İlkokul,https://uzunkoprumenderesio.meb.k12.tr,,,https://uzunkoprumenderesio.meb.k12.tr/tema/harita.php,2026-08-31,147,147,bulundu,https://uzunkoprumenderesio.meb.k12.tr/,2026-10-01T18:42:22.706658+00:00,,Öğrenci Sayısı 147
Edirne,Uzunköprü,Muzaffer Atasay Anadolu Lisesi,281022,Anadolu Lisesi,https://umaal.meb.k12.tr,,,https://umaal.meb.k12.tr/tema/harita.php,2026-08-31,446,446,bulundu,https://umaal.meb.k12.tr/,2026-10-01T18:42:23.118518+00:00,,Öğrenci Sayısı 446
Edirne,Uzunköprü,Safiye Erol Ortaokulu,718383,Ortaokul,https://uzunkoprusafiyeeroloo.meb.k12.tr,,,https://uzunkoprusafiyeeroloo.meb.k12.tr/tema/harita.php,2026-08-31,245,245,bulundu,https://uzunkoprusafiyeeroloo.meb.k12.tr/,2026-10-01T18:42:23.131578+00:00,,Öğrenci Sayısı 245
Edirne,Uzunköprü,Safvet Buzcu İlkokulu,266031,İlkokul,https://safvetbuzcu.meb.k12.tr,,,https://safvetbuzcu.meb.k12.tr/tema/harita.php,2026-08-31,129,129,bulundu,https://safvetbuzcu.meb.k12.tr/,2026-10-01T18:42:23.159284+00:00,,Öğrenci Sayısı: 129
Edirne,Uzunköprü,TEV Orhan Çetin Fen Lisesi,974024,Fen Lisesi,https://tevorhancetinfenlisesi.meb.k12.tr,,,https://tevorhancetinfenlisesi.meb.k12.tr/tema/harita.php,2026-08-31,223,223,bulundu,https://tevorhancetinfenlisesi.meb.k12.tr/tema/okulumuz_hakkinda.php,2026-10-01T18:42:23.221013+00:00,,Öğrenci : 223
Edirne,Uzunköprü,Uzunköprü Anadolu Lisesi,972834,Anadolu Lisesi,https://ual.meb.k12.tr,,,https://ual.meb.k12.tr/tema/harita.php,2026-08-31,119,119,bulundu,https://ual.meb.k12.tr/,2026-10-01T18:42:23.225617+00:00,,Öğrenci Sayısı 119
Edirne,Uzunköprü,Uzunköprü Halk Eğitimi Merkezi,144288,Halk Eğitimi Merkezi,https://uzunkopruhem.meb.k12.tr,,,https://uzunkopruhem.meb.k12.tr/tema/harita.php,2026-08-31,,,bulunamadi,,2026-10-01T18:42:23.229172+00:00,,
Edirne,Uzunköprü,Uzunköprü Hüseyin Çorum Mesleki ve Teknik Anadolu Lisesi,962522,Mesleki ve Teknik Anadolu Lisesi,https://huseyincorumsml.meb.k12.tr,,,https://huseyincorumsml.meb.k12.tr/tema/harita.php,2026-08-31,216,216,bulundu,https://huseyincorumsml.meb.k12.tr/,2026-10-01T18:42:23.229907+00:00,,Öğrenci Sayısı : 216
Edirne,Uzunköprü,Uzunköprü Kız Mesleki ve Teknik Anadolu Lisesi,144252,Mesleki ve Teknik Anadolu Lisesi,https://uzunkopruakml.meb.k12.tr,,,https://uzunkopruakml.meb.k12.tr/tema/harita.php,2026-08-31,99,99,bulundu,https://uzunkopruakml.meb.k12.tr/,2026-10-01T18:42:23.231259+00:00,,Öğrenci Sayısı 99
Edirne,Uzunköprü,Uzunköprü M. Arif Dilmen Ticaret Mesleki ve Teknik Anadolu Lisesi,144264,Mesleki ve Teknik Anadolu Lisesi,https://uzunkopruatml.meb.k12.tr,,,https://uzunkopruatml.meb.k12.tr/tema/harita.php,2026-08-31,,,bulunamadi,,2026-10-01T18:42:23.412834+00:00,,
Edirne,Uzunköprü,Uzunköprü Mahmut Arif Dilmen Ortaokulu,718711,Ortaokul,https://mahmutarifdilmenortaokulu.meb.k12.tr,,,https://mahmutarifdilmenortaokulu.meb.k12.tr/tema/harita.php,2026-08-31,109,109,bulundu,https://mahmutarifdilmenortaokulu.meb.k12.tr/,2026-10-01T18:42:23.539945+00:00,,Öğrenci Sayısı : 109
Edirne,Uzunköprü,Uzunköprü Mesleki Eğitim Merkezi,750969,Mesleki Eğitim Merkezi,https://uzunkoprumesem.meb.k12.tr,,,https://uzunkoprumesem.meb.k12.tr/tema/harita.php,2026-08-31,208,208,bulundu,https://uzunkoprumesem.meb.k12.tr/,2026-10-01T18:42:23.624266+00:00,,Öğrenci Sayısı : 208
Edirne,Uzunköprü,Uzunköprü Mimar Muslihiddin Mesleki ve Teknik Anadolu Lisesi,144240,Mesleki ve Teknik Anadolu Lisesi,https://mimarmuslihiddinmtal.meb.k12.tr,,,https://mimarmuslihiddinmtal.meb.k12.tr/tema/harita.php,2026-08-31,381,381,bulundu,https://mimarmuslihiddinmtal.meb.k12.tr/,2026-10-01T18:42:23.686721+00:00,,Öğrenci Sayısı 381
Edirne,Uzunköprü,Uzunköprü Türkiye Odalar ve Borsalar Birliği Anaokulu,776849,Anaokulu,https://uzunkoprutobbanaokulu.meb.k12.tr,,,https://uzunkoprutobbanaokulu.meb.k12.tr/tema/harita.php,2026-08-31,42,42,bulundu,https://uzunkoprutobbanaokulu.meb.k12.tr/,2026-10-01T18:42:23.699445+00:00,,Öğrenci Sayısı: 42
Edirne,Uzunköprü,Uzunköprü Özel Eğitim Uygulama Okulu I.Kademe,749361,Özel Eğitim Kurumu,https://uzunkopruegitimuyg1.meb.k12.tr,,,https://uzunkopruegitimuyg1.meb.k12.tr/tema/harita.php,2026-08-31,14,14,bulundu,https://uzunkopruegitimuyg1.meb.k12.tr/,2026-10-01T18:42:23.751683+00:00,,Öğrenci Sayısı: 14
Edirne,Uzunköprü,Uzunköprü Özel Eğitim Uygulama Okulu II.Kademe,749362,Özel Eğitim Kurumu,https://uzunkopruegitimuyg2.meb.k12.tr,,,https://uzunkopruegitimuyg2.meb.k12.tr/tema/harita.php,2026-08-31,13,13,bulundu,https://uzunkopruegitimuyg2.meb.k12.tr/,2026-10-01T18:42:23.785657+00:00,,Öğrenci Sayısı 13
Edirne,Uzunköprü,Uzunköprü Özel Eğitim Uygulama Okulu III. Kademe,749363,Özel Eğitim Kurumu,https://uzunkopruegitimuyg3.meb.k12.tr,,,https://uzunkopruegitimuyg3.meb.k12.tr/tema/harita.php,2026-08-31,9,9,bulundu,https://uzunkopruegitimuyg3.meb.k12.tr/,2026-10-01T18:42:23.821556+00:00,,Öğrenci Sayısı : 9
Edirne,Uzunköprü,Uzunköprü İmam Hatip Ortaokulu,734075,İmam Hatip Ortaokulu,https://uzunkopruimamhatipoo.meb.k12.tr,,,https://uzunkopruimamhatipoo.meb.k12.tr/tema/harita.php,2026-08-31,,,bulunamadi,,2026-10-01T18:42:23.846453+00:00,,
Edirne,Uzunköprü,Yunus Emre Ortaokulu,737623,Ortaokul,https://ukopruyunusemre.meb.k12.tr,,,https://ukopruyunusemre.meb.k12.tr/tema/harita.php,2026-08-31,634,634,bulundu,https://ukopruyunusemre.meb.k12.tr/,2026-10-01T18:42:23.880323+00:00,,Öğrenci Sayısı 634
Edirne,Uzunköprü,Çöpköy Ortaokulu,734081,Ortaokul,https://copkoyortaokulu.meb.k12.tr,,,https://copkoyortaokulu.meb.k12.tr/tema/harita.php,2026-08-31,79,79,bulundu,https://copkoyortaokulu.meb.k12.tr/,2026-10-01T18:42:24.175348+00:00,,Öğrenci Sayısı : 79
Edirne,Uzunköprü,Öğretmen Evi ve Akşam Sanat Okulu,971125,Öğretmenevi,https://uzunkopruogretmeneviaso.meb.k12.tr,,,https://uzunkopruogretmeneviaso.meb.k12.tr/tema/harita.php,2026-08-31,,,bulunamadi,,2026-10-01T18:42:24.217637+00:00,,
Edirne,Uzunköprü,İkinci Murat İlkokulu,879431,İlkokul,https://uzunkopruikincimuratio.meb.k12.tr,,,https://uzunkopruikincimuratio.meb.k12.tr/tema/harita.php,2026-08-31,232,232,bulundu,https://uzunkopruikincimuratio.meb.k12.tr/,2026-10-01T18:42:24.273176+00:00,,Öğrenci Sayısı : 232
Edirne,Uzunköprü,Şehsuvarbey İlkokulu,737716,İlkokul,https://sehsuvarbey.meb.k12.tr,,,https://sehsuvarbey.meb.k12.tr/tema/harita.php,2026-08-31,238,238,bulundu,https://sehsuvarbey.meb.k12.tr/,2026-10-01T18:42:24.326923+00:00,,Öğrenci Sayısı 238
Edirne,Uzunköprü,Şinasi İlkokulu,718722,İlkokul,https://uzunkoprusinasiilkokulu.meb.k12.tr,,,https://uzunkoprusinasiilkokulu.meb.k12.tr/tema/harita.php,2026-08-31,,,bulunamadi,,2026-10-01T18:42:24.362689+00:00,,
Edirne,İpsala,Aliço Pehlivan Ortaokulu,722666,Ortaokul,https://alicoortaokulu.meb.k12.tr,,,https://alicoortaokulu.meb.k12.tr/tema/harita.php,2026-08-31,,,bulunamadi,,2026-10-01T18:42:24.478993+00:00,,
Edirne,İpsala,Aliço Pehlivan İlkokulu,716575,İlkokul,https://alicoilkokulu.meb.k12.tr,,,https://alicoilkokulu.meb.k12.tr/tema/harita.php,2026-08-31,76,76,bulundu,https://alicoilkokulu.meb.k12.tr/,2026-10-01T18:42:24.589699+00:00,,Öğrenci Sayısı 76
Edirne,İpsala,Atatürk İlkokulu,406910,İlkokul,https://ipsalaataturk.meb.k12.tr,,,https://ipsalaataturk.meb.k12.tr/tema/harita.php,2026-08-31,239,239,bulundu,https://ipsalaataturk.meb.k12.tr/,2026-10-01T18:42:24.662340+00:00,,Öğrenci Sayısı 239
Edirne,İpsala,Cumhuriyet Anaokulu,966045,Anaokulu,https://ipsalacumhuriyet.meb.k12.tr,,,https://ipsalacumhuriyet.meb.k12.tr/tema/harita.php,2026-08-31,112,112,bulundu,https://ipsalacumhuriyet.meb.k12.tr/,2026-10-01T18:42:24.778381+00:00,,Öğrenci Sayısı: 112
Edirne,İpsala,Esetçe Suzan Demirci Çağdaş Yaşam Ortaokulu,722581,Ortaokul,https://esetcesdcyortaokulu.meb.k12.tr,,,https://esetcesdcyortaokulu.meb.k12.tr/tema/harita.php,2026-08-31,115,115,bulundu,https://esetcesdcyortaokulu.meb.k12.tr/,2026-10-01T18:42:24.815793+00:00,,Öğrenci Sayısı : 115
Edirne,İpsala,Esetçe Suzan Demirci Çağdaş Yaşam İlkokulu,716461,İlkokul,https://esetce.meb.k12.tr,,,https://esetce.meb.k12.tr/tema/harita.php,2026-08-31,124,124,bulundu,https://esetce.meb.k12.tr/,2026-10-01T18:42:24.839257+00:00,,Öğrenci Sayısı: 124
Edirne,İpsala,Hacıköy Ortaokulu,722631,Ortaokul,https://hacikoyortaokulu.meb.k12.tr,,,https://hacikoyortaokulu.meb.k12.tr/tema/harita.php,2026-08-31,39,39,bulundu,https://hacikoyortaokulu.meb.k12.tr/tema/okulumuz_hakkinda.php,2026-10-01T18:42:24.993335+00:00,,Öğrenci : 39
Edirne,İpsala,Hacıköy İlkokulu,716542,İlkokul,https://hacikoyilkokulu.meb.k12.tr,,,https://hacikoyilkokulu.meb.k12.tr/tema/harita.php,2026-08-31,22,22,bulundu,https://hacikoyilkokulu.meb.k12.tr/,2026-10-01T18:42:25.264543+00:00,,Öğrenci Sayısı 22
Edirne,İpsala,Kocahıdır Ortaokulu,722560,Ortaokul,https://kocahidirortaokul.meb.k12.tr,,,https://kocahidirortaokul.meb.k12.tr/tema/harita.php,2026-08-31,61,61,bulundu,https://kocahidirortaokul.meb.k12.tr/,2026-10-01T18:42:25.739695+00:00,,Öğrenci Sayısı 61
Edirne,İpsala,Kocahıdır İlkokulu,716561,İlkokul,https://kocahidirilkokulu.meb.k12.tr,,,https://kocahidirilkokulu.meb.k12.tr/tema/harita.php,2026-08-31,42,42,bulundu,https://kocahidirilkokulu.meb.k12.tr/,2026-10-01T18:42:25.745804+00:00,,Öğrenci Sayısı: 42
Edirne,İpsala,Koyuntepe İlkokulu,716566,İlkokul,https://koyuntepeilkokulu.meb.k12.tr,,,https://koyuntepeilkokulu.meb.k12.tr/tema/harita.php,2026-08-31,26,26,bulundu,https://koyuntepeilkokulu.meb.k12.tr/,2026-10-01T18:42:25.801904+00:00,,Öğrenci Sayısı : 26
Edirne,İpsala,Kurtuluş İlkokulu,853478,İlkokul,https://ipsalakurtulusilkokulu.meb.k12.tr,,,https://ipsalakurtulusilkokulu.meb.k12.tr/tema/harita.php,2026-08-31,60,60,bulundu,https://ipsalakurtulusilkokulu.meb.k12.tr/,2026-10-01T18:42:25.814105+00:00,,Öğrenci Sayısı : 60
Edirne,İpsala,Paşaköy Ortaokulu,722647,Ortaokul,https://ipsalapasakoyortaokulu.meb.k12.tr,,,https://ipsalapasakoyortaokulu.meb.k12.tr/tema/harita.php,2026-08-31,45,45,bulundu,https://ipsalapasakoyortaokulu.meb.k12.tr/,2026-10-01T18:42:26.255657+00:00,,Öğrenci Sayısı 45
Edirne,İpsala,Paşaköy İlkokulu,716615,İlkokul,https://ipsalapasakoy.meb.k12.tr,,,https://ipsalapasakoy.meb.k12.tr/tema/harita.php,2026-08-31,32,32,bulundu,https://ipsalapasakoy.meb.k12.tr/,2026-10-01T18:42:26.297239+00:00,,Öğrenci Sayısı 32
Edirne,İpsala,Serhat İlkokulu,716632,İlkokul,https://serhatilkokulu.meb.k12.tr,,,https://serhatilkokulu.meb.k12.tr/tema/harita.php,2026-08-31,113,113,bulundu,https://serhatilkokulu.meb.k12.tr/,2026-10-01T18:42:26.318205+00:00,,Öğrenci Sayısı : 113
Edirne,İpsala,Sultanköy Ortaokulu,722674,Ortaokul,https://sultankoyortaokulu.meb.k12.tr,,,https://sultankoyortaokulu.meb.k12.tr/tema/harita.php,2026-08-31,30,30,bulundu,https://sultankoyortaokulu.meb.k12.tr/,2026-10-01T18:42:26.363786+00:00,,Öğrenci Sayısı : 30
Edirne,İpsala,Sultanköy İlkokulu,716647,İlkokul,https://sultankoyilkokulu.meb.k12.tr,,,https://sultankoyilkokulu.meb.k12.tr/tema/harita.php,2026-08-31,15,15,bulundu,https://sultankoyilkokulu.meb.k12.tr/,2026-10-01T18:42:26.381800+00:00,,Öğrenci Sayısı : 15
Edirne,İpsala,Yeni karpuzlu Mustafa Gergin Ortaokulu,722573,Ortaokul,https://yenikarpuzluortaokulu.meb.k12.tr,,,https://yenikarpuzluortaokulu.meb.k12.tr/tema/harita.php,2026-08-31,104,104,bulundu,https://yenikarpuzluortaokulu.meb.k12.tr/,2026-10-01T18:42:26.660618+00:00,,Öğrenci Sayısı : 104
Edirne,İpsala,Yenikarpuzlu İlkokulu,716787,İlkokul,https://yenikarpuzluilkokulu.meb.k12.tr,,,https://yenikarpuzluilkokulu.meb.k12.tr/tema/harita.php,2026-08-31,189,189,bulundu,https://yenikarpuzluilkokulu.meb.k12.tr/,2026-10-01T18:42:26.677672+00:00,,Öğrenci Sayısı : 189
Edirne,İpsala,İbriktepe Atatürk İlkokulu,716552,İlkokul,https://ibriktepeataturkilkokulu.meb.k12.tr,,,https://ibriktepeataturkilkokulu.meb.k12.tr/tema/harita.php,2026-08-31,9,9,bulundu,https://ibriktepeataturkilkokulu.meb.k12.tr/,2026-10-01T18:42:26.758513+00:00,,Öğrenci Sayısı 9
Edirne,İpsala,İpsala Anadolu Lisesi,965224,Anadolu Lisesi,https://ipsalaanadolulisesi.meb.k12.tr,,,https://ipsalaanadolulisesi.meb.k12.tr/tema/harita.php,2026-08-31,220,220,bulundu,https://ipsalaanadolulisesi.meb.k12.tr/,2026-10-01T18:42:26.852087+00:00,,Öğrenci Sayısı : 220
Edirne,İpsala,İpsala Anadolu İmam Hatip Lisesi,407689,Anadolu İmam Hatip Lisesi,https://ipsalaihl.meb.k12.tr,,,https://ipsalaihl.meb.k12.tr/tema/harita.php,2026-08-31,21,21,bulundu,https://ipsalaihl.meb.k12.tr/,2026-10-01T18:42:26.865098+00:00,,Öğrenci Sayısı 21
Edirne,İpsala,İpsala Atatürk Ortaokulu,722591,Ortaokul,https://ipsalaataturkortaokulu.meb.k12.tr,,,https://ipsalaataturkortaokulu.meb.k12.tr/tema/harita.php,2026-08-31,247,247,bulundu,https://ipsalaataturkortaokulu.meb.k12.tr/,2026-10-01T18:42:26.910171+00:00,,Öğrenci Sayısı 247
Edirne,İpsala,İpsala Halk Eğitimi Merkezi,143604,Halk Eğitimi Merkezi,https://ipsalahem.meb.k12.tr,,,https://ipsalahem.meb.k12.tr/tema/harita.php,2026-08-31,,,bulunamadi,,2026-10-01T18:42:26.931810+00:00,,
Edirne,İpsala,İpsala Kurtuluş Ortaokulu,722554,Ortaokul,https://ipsalakurtulusortaokulu.meb.k12.tr,,,https://ipsalakurtulusortaokulu.meb.k12.tr/tema/harita.php,2026-08-31,66,66,bulundu,https://ipsalakurtulusortaokulu.meb.k12.tr/,2026-10-01T18:42:27.094304+00:00,,Öğrenci Sayısı 66
Edirne,İpsala,İpsala İmam Hatip Ortaokulu,376812,İmam Hatip Ortaokulu,https://ipsalaiho.meb.k12.tr,,,https://ipsalaiho.meb.k12.tr/tema/harita.php,2026-08-31,76,76,bulundu,https://ipsalaiho.meb.k12.tr/,2026-10-01T18:42:27.223656+00:00,,Öğrenci Sayısı : 76
Edirne,İpsala,Şehit Er Emrah Karataban İlkokulu,716582,İlkokul,https://kumdereemrahkaratabanilkokulu.meb.k12.tr,,,https://kumdereemrahkaratabanilkokulu.meb.k12.tr/tema/harita.php,2026-08-31,33,33,bulundu,https://kumdereemrahkaratabanilkokulu.meb.k12.tr/,2026-10-01T18:42:27.264621+00:00,,Öğrenci Sayısı: 33
Edirne,İpsala,Şehit Er Mustafa Aydın Mesleki ve Teknik Anadolu Lisesi,320752,Mesleki ve Teknik Anadolu Lisesi,https://semamtal.meb.k12.tr,,,https://semamtal.meb.k12.tr/tema/harita.php,2026-08-31,191,191,bulundu,https://semamtal.meb.k12.tr/,2026-10-01T18:42:27.289538+00:00,,Öğrenci Sayısı : 191
Edirne,İpsala,Şehit Polis İbrahim Sever İlkokulu,716777,İlkokul,https://sehitpolisibrahimseverio.meb.k12.tr,,,https://sehitpolisibrahimseverio.meb.k12.tr/tema/harita.php,2026-08-31,45,45,bulundu,https://sehitpolisibrahimseverio.meb.k12.tr/,2026-10-01T18:42:27.462194+00:00,,Öğrenci Sayısı : 45
Elazığ,Alacakaya,Alacakaya Halk Eğitimi Merkezi,290487,Halk Eğitimi Merkezi,https://alacakayahem.meb.k12.tr,,,https://alacakayahem.meb.k12.tr/tema/harita.php,2026-08-31,,,bulunamadi,,2026-10-01T18:42:27.477379+00:00,,
Elazığ,Alacakaya,Alacakaya Mermer Cemil Yaşlı Çok Programlı Anadolu Lisesi,233771,Çok Programlı Anadolu Lisesi,https://alacakayamcycpl.meb.k12.tr,,,https://alacakayamcycpl.meb.k12.tr/tema/harita.php,2026-08-31,194,194,bulundu,https://alacakayamcycpl.meb.k12.tr/tema/okulumuz_hakkinda.php,2026-10-01T18:42:27.526478+00:00,,Öğrenci : 194
Elazığ,Alacakaya,Alacakaya Ortaokulu,719402,Ortaokul,https://alacakayaortaokulu.meb.k12.tr,,,https://alacakayaortaokulu.meb.k12.tr/tema/harita.php,2026-08-31,98,98,bulundu,https://alacakayaortaokulu.meb.k12.tr/,2026-10-01T18:42:27.565158+00:00,,Öğrenci Sayısı : 98
Elazığ,Alacakaya,Alacakaya İmam Hatip Ortaokulu,749761,İmam Hatip Ortaokulu,https://alacakayaiho.meb.k12.tr,,,https://alacakayaiho.meb.k12.tr/tema/harita.php,2026-08-31,31,31,bulundu,https://alacakayaiho.meb.k12.tr/,2026-10-01T18:42:27.576768+00:00,,Öğrenci Sayısı : 31
Elazığ,Alacakaya,Halkalı Ortaokulu,719527,Ortaokul,https://alacakayahalkaliortaokulu.meb.k12.tr,,,https://alacakayahalkaliortaokulu.meb.k12.tr/tema/harita.php,2026-08-31,86,86,bulundu,https://alacakayahalkaliortaokulu.meb.k12.tr/,2026-10-01T18:42:27.640037+00:00,,Öğrenci Sayısı 86
Elazığ,Alacakaya,Halkalı İlkokulu,719484,İlkokul,https://alacakayahalkaliilkokulu.meb.k12.tr,,,https://alacakayahalkaliilkokulu.meb.k12.tr/tema/harita.php,2026-08-31,78,78,bulundu,https://alacakayahalkaliilkokulu.meb.k12.tr/,2026-10-01T18:42:27.855094+00:00,,Öğrenci Sayısı: 78
Elazığ,Alacakaya,Yalnızdamlar İlkokulu,719605,İlkokul,https://yalnizdamlar.meb.k12.tr,,,https://yalnizdamlar.meb.k12.tr/tema/harita.php,2026-08-31,24,24,bulundu,https://yalnizdamlar.meb.k12.tr/,2026-10-01T18:42:28.025490+00:00,,Öğrenci Sayısı: 24
Elazığ,Alacakaya,Çakmakkaya İlkokulu,719530,İlkokul,https://cakmakkayailkokulu.meb.k12.tr,,,https://cakmakkayailkokulu.meb.k12.tr/tema/harita.php,2026-08-31,50,50,bulundu,https://cakmakkayailkokulu.meb.k12.tr/,2026-10-01T18:42:28.100883+00:00,,Öğrenci Sayısı : 50
Elazığ,Alacakaya,Çataklı Ortaokulu,719509,Ortaokul,https://cataklortaokulu.meb.k12.tr,,,https://cataklortaokulu.meb.k12.tr/tema/harita.php,2026-08-31,32,32,bulundu,https://cataklortaokulu.meb.k12.tr/,2026-10-01T18:42:28.121790+00:00,,Öğrenci Sayısı : 32
Elazığ,Alacakaya,Çataklı İlkokulu,719478,İlkokul,https://catakliokulu.meb.k12.tr,,,https://catakliokulu.meb.k12.tr/tema/harita.php,2026-08-31,46,46,bulundu,https://catakliokulu.meb.k12.tr/,2026-10-01T18:42:28.130779+00:00,,Öğrenci Sayısı 46
Elazığ,Alacakaya,Şehit Piyade Çavuş Suat Çağlar İlkokulu,719379,İlkokul,https://sehitpiyadecavussuatcaglar.meb.k12.tr,,,https://sehitpiyadecavussuatcaglar.meb.k12.tr/tema/harita.php,2026-08-31,137,137,bulundu,https://sehitpiyadecavussuatcaglar.meb.k12.tr/,2026-10-01T18:42:28.159995+00:00,,Öğrenci Sayısı 137
Elazığ,Arıcak,Arıcak Anadolu İmam Hatip Lisesi,757788,Anadolu İmam Hatip Lisesi,https://aricakanadoluimamhatiplisesi.meb.k12.tr,,,https://aricakanadoluimamhatiplisesi.meb.k12.tr/tema/harita.php,2026-08-31,165,165,bulundu,https://aricakanadoluimamhatiplisesi.meb.k12.tr/,2026-10-01T18:42:28.279162+00:00,,Öğrenci Sayısı : 165
Elazığ,Arıcak,Arıcak Gümüşyaka İlkokulu,737669,İlkokul,https://gumusyakailkokulu.meb.k12.tr,,,https://gumusyakailkokulu.meb.k12.tr/tema/harita.php,2026-08-31,74,74,bulundu,https://gumusyakailkokulu.meb.k12.tr/,2026-10-01T18:42:28.356239+00:00,,Öğrenci Sayısı : 74
Elazığ,Arıcak,Arıcak Halk Eğitimi Merkezi,215403,Halk Eğitimi Merkezi,https://aricakhalkegitim.meb.k12.tr,,,https://aricakhalkegitim.meb.k12.tr/tema/harita.php,2026-08-31,,,bulunamadi,,2026-10-01T18:42:28.368064+00:00,,
Elazığ,Arıcak,Arıcak Ortaokulu,750092,Ortaokul,https://aricakortaokulu.meb.k12.tr,,,https://aricakortaokulu.meb.k12.tr/tema/harita.php,2026-08-31,121,121,bulundu,https://aricakortaokulu.meb.k12.tr/tema/okulumuz_hakkinda.php,2026-10-01T18:42:28.417831+00:00,,Öğrenci : 121
Elazığ,Arıcak,Arıcak Çok Programlı Anadolu Lisesi,144813,Çok Programlı Anadolu Lisesi,https://aricakcpal.meb.k12.tr,,,https://aricakcpal.meb.k12.tr/tema/harita.php,2026-08-31,253,253,bulundu,https://aricakcpal.meb.k12.tr/,2026-10-01T18:42:28.559700+00:00,,Öğrenci Sayısı 253
Elazığ,Arıcak,Arıcak Öğretmenevi ve Akşam Sanat Okulu,749914,Öğretmenevi,https://aricakogretmeneviaso.meb.k12.tr,,,https://aricakogretmeneviaso.meb.k12.tr/tema/harita.php,2026-08-31,,,bulunamadi,,2026-10-01T18:42:28.772236+00:00,,
Elazığ,Arıcak,Arıcak İlkokulu,737668,İlkokul,https://aricakilkokulu.meb.k12.tr,,,https://aricakilkokulu.meb.k12.tr/tema/harita.php,2026-08-31,112,112,bulundu,https://aricakilkokulu.meb.k12.tr/,2026-10-01T18:42:28.959095+00:00,,Öğrenci Sayısı 112
Elazığ,Arıcak,Arıcak İmam Hatip Ortaokulu,749244,İmam Hatip Ortaokulu,https://aricakimamhatip.meb.k12.tr,,,https://aricakimamhatip.meb.k12.tr/tema/harita.php,2026-08-31,70,70,bulundu,https://aricakimamhatip.meb.k12.tr/,2026-10-01T18:42:29.030729+00:00,,Öğrenci Sayısı : 70
Elazığ,Arıcak,Bozçavuş İlkokulu,805264,İlkokul,https://bozcavus.meb.k12.tr,,,https://bozcavus.meb.k12.tr/tema/harita.php,2026-08-31,42,42,bulundu,https://bozcavus.meb.k12.tr/,2026-10-01T18:42:29.435982+00:00,,Öğrenci Sayısı 42
Elazığ,Arıcak,Bükardı Ortaokulu,805335,Ortaokul,https://bukardi.meb.k12.tr,,,https://bukardi.meb.k12.tr/tema/harita.php,2026-08-31,43,43,bulundu,https://bukardi.meb.k12.tr/,2026-10-01T18:42:29.666148+00:00,,Öğrenci Sayısı : 43
Elazığ,Arıcak,Bükardı İlkokulu,720069,İlkokul,https://bukardiilkokulu.meb.k12.tr,,,https://bukardiilkokulu.meb.k12.tr/tema/harita.php,2026-08-31,52,52,bulundu,https://bukardiilkokulu.meb.k12.tr/,2026-10-01T18:42:29.705352+00:00,,Öğrenci Sayısı: 52
Elazığ,Arıcak,Erimli Cumhuriyet İlkokulu,719736,İlkokul,https://cmhrytio.meb.k12.tr,,,https://cmhrytio.meb.k12.tr/tema/harita.php,2026-08-31,31,31,bulundu,https://cmhrytio.meb.k12.tr/,2026-10-01T18:42:29.748063+00:00,,Öğrenci Sayısı: 31
Elazığ,Arıcak,Erimli Ortaokulu,720203,Ortaokul,https://erimlioo.meb.k12.tr,,,https://erimlioo.meb.k12.tr/tema/harita.php,2026-08-31,133,133,bulundu,https://erimlioo.meb.k12.tr/,2026-10-01T18:42:29.915070+00:00,,Öğrenci Sayısı 133
Elazığ,Arıcak,Erimli İlkokulu,720228,İlkokul,https://erimliio.meb.k12.tr,,,https://erimliio.meb.k12.tr/tema/harita.php,2026-08-31,127,127,bulundu,https://erimliio.meb.k12.tr/,2026-10-01T18:42:29.918761+00:00,,Öğrenci Sayısı : 127
Elazığ,Arıcak,Karakaş Hüseyin Zati Yıldırım Ortaokulu,752791,Ortaokul,https://huseyinzatiyildirimortaokulu.meb.k12.tr,,,https://huseyinzatiyildirimortaokulu.meb.k12.tr/tema/harita.php,2026-08-31,19,19,bulundu,https://huseyinzatiyildirimortaokulu.meb.k12.tr/tema/okulumuz_hakkinda.php,2026-10-01T18:42:29.967870+00:00,,Öğrenci : 19
Elazığ,Arıcak,Karakaş İlkokulu,737503,İlkokul,https://aricakkarakas.meb.k12.tr,,,https://aricakkarakas.meb.k12.tr/tema/harita.php,2026-08-31,16,16,bulundu,https://aricakkarakas.meb.k12.tr/,2026-10-01T18:42:30.075247+00:00,,Öğrenci Sayısı : 16
Elazığ,Arıcak,Küplüce Albayrak İlkokulu,719833,İlkokul,https://kuplucealbayrakio.meb.k12.tr,,,https://kuplucealbayrakio.meb.k12.tr/tema/harita.php,2026-08-31,19,19,bulundu,https://kuplucealbayrakio.meb.k12.tr/,2026-10-01T18:42:30.088792+00:00,,Öğrenci Sayısı 19
Elazığ,Arıcak,Küplüce İlkokulu,719846,İlkokul,https://kupluceo.meb.k12.tr,,,https://kupluceo.meb.k12.tr/tema/harita.php,2026-08-31,46,46,bulundu,https://kupluceo.meb.k12.tr/,2026-10-01T18:42:30.328236+00:00,,Öğrenci Sayısı 46
Elazığ,Arıcak,Ormanpınar Ortaokulu,762704,Ortaokul,https://ormanpnaroo.meb.k12.tr,,,https://ormanpnaroo.meb.k12.tr/tema/harita.php,2026-08-31,58,58,bulundu,https://ormanpnaroo.meb.k12.tr/tema/okulumuz_hakkinda.php,2026-10-01T18:42:30.330972+00:00,,Öğrenci : 58
Elazığ,Arıcak,Ormanpınar İlkokulu,762703,İlkokul,https://ormanpnario.meb.k12.tr,,,https://ormanpnario.meb.k12.tr/tema/harita.php,2026-08-31,43,43,bulundu,https://ormanpnario.meb.k12.tr/tema/okulumuz_hakkinda.php,2026-10-01T18:42:30.403325+00:00,,Öğrenci : 43
Elazığ,Arıcak,Yaylabaşı Ortaokulu,720531,Ortaokul,https://aricakyaylabasiortaokulu.meb.k12.tr,,,https://aricakyaylabasiortaokulu.meb.k12.tr/tema/harita.php,2026-08-31,87,87,bulundu,https://aricakyaylabasiortaokulu.meb.k12.tr/tema/okulumuz_hakkinda.php,2026-10-01T18:42:30.465800+00:00,,Öğrenci : 87
Elazığ,Arıcak,Yaylabaşı İlkokulu,720505,İlkokul,https://yaylabasilkokulu.meb.k12.tr,,,https://yaylabasilkokulu.meb.k12.tr/tema/harita.php,2026-08-31,91,91,bulundu,https://yaylabasilkokulu.meb.k12.tr/,2026-10-01T18:42:30.497549+00:00,,Öğrenci Sayısı: 91
Elazığ,Arıcak,Yoğunbilek Ortaokulu,720353,Ortaokul,https://yogunbilekortaokulu.meb.k12.tr,,,https://yogunbilekortaokulu.meb.k12.tr/tema/harita.php,2026-08-31,29,29,bulundu,https://yogunbilekortaokulu.meb.k12.tr/,2026-10-01T18:42:30.505598+00:00,,Öğrenci Sayısı 29
Elazığ,Arıcak,Yoğunbilek İlkokulu,720311,İlkokul,https://yogunbilekilkokulu.meb.k12.tr,,,https://yogunbilekilkokulu.meb.k12.tr/tema/harita.php,2026-08-31,36,36,bulundu,https://yogunbilekilkokulu.meb.k12.tr/,2026-10-01T18:42:30.618246+00:00,,Öğrenci Sayısı: 36
Elazığ,Arıcak,Üçocak Haberci İlkokulu,719910,İlkokul,https://ucocakhaberciilkokulu.meb.k12.tr,,,https://ucocakhaberciilkokulu.meb.k12.tr/tema/harita.php,2026-08-31,42,42,bulundu,https://ucocakhaberciilkokulu.meb.k12.tr/,2026-10-01T18:42:30.742291+00:00,,Öğrenci Sayısı: 42
Elazığ,Arıcak,Üçocak Kutludüğün İlkokulu,719924,İlkokul,https://kutludugunilkokulu.meb.k12.tr,,,https://kutludugunilkokulu.meb.k12.tr/tema/harita.php,2026-08-31,71,71,bulundu,https://kutludugunilkokulu.meb.k12.tr/tema/okulumuz_hakkinda.php,2026-10-01T18:42:30.755028+00:00,,Öğrenci : 71
Elazığ,Arıcak,Üçocak Ortaokulu,720257,Ortaokul,https://ucocakortaokulu.meb.k12.tr,,,https://ucocakortaokulu.meb.k12.tr/tema/harita.php,2026-08-31,187,187,bulundu,https://ucocakortaokulu.meb.k12.tr/,2026-10-01T18:42:30.786505+00:00,,Öğrenci Sayısı : 187
Elazığ,Arıcak,Üçocak İlkokulu,538885,İlkokul,https://ucocakio.meb.k12.tr,,,https://ucocakio.meb.k12.tr/tema/harita.php,2026-08-31,150,150,bulundu,https://ucocakio.meb.k12.tr/,2026-10-01T18:42:30.806653+00:00,,Öğrenci Sayısı: 150
Elazığ,Ağın,Ağın Abdullah Lütfü Halk Eğitimi Merkezi,144791,Halk Eğitimi Merkezi,https://aginhem.meb.k12.tr,,,https://aginhem.meb.k12.tr/tema/harita.php,2026-08-31,,,bulunamadi,,2026-10-01T18:42:30.921823+00:00,,
Elazığ,Ağın,Ağın Yusuf KARABATAK Öğretmenevi ve Akşam Sanat Okulu,766882,Öğretmenevi,https://766882.meb.k12.tr,,,https://766882.meb.k12.tr/tema/harita.php,2026-08-31,,,bulunamadi,,2026-10-01T18:42:31.128318+00:00,,
Elazığ,Ağın,Hüseyin Taşbaşı Anaokulu,774981,Anaokulu,https://774981.meb.k12.tr,,,https://774981.meb.k12.tr/tema/harita.php,2026-08-31,16,16,bulundu,https://774981.meb.k12.tr/,2026-10-01T18:42:31.176885+00:00,,Öğrenci Sayısı : 16
Elazığ,Ağın,Hüseyin Taşbaşı İlkokulu,719236,İlkokul,https://oabdullahlutfu.meb.k12.tr,,,https://oabdullahlutfu.meb.k12.tr/tema/harita.php,2026-08-31,,,bulunamadi,,2026-10-01T18:42:31.306308+00:00,,
Elazığ,Ağın,Mehmet Kemal Karabatak Ortaokulu,763009,Ortaokul,https://mehmetkemalkarabatakoo.meb.k12.tr,,,https://mehmetkemalkarabatakoo.meb.k12.tr/tema/harita.php,2026-08-31,60,60,bulundu,https://mehmetkemalkarabatakoo.meb.k12.tr/,2026-10-01T18:42:31.322080+00:00,,Öğrenci Sayısı : 60
Elazığ,Ağın,İbrahim Uçkunkaya Çok Programlı Anadolu Lisesi,144766,Çok Programlı Anadolu Lisesi,https://ibrahimuckunkayalisesi.meb.k12.tr,,,https://ibrahimuckunkayalisesi.meb.k12.tr/tema/harita.php,2026-08-31,40,40,bulundu,https://ibrahimuckunkayalisesi.meb.k12.tr/tema/okulumuz_hakkinda.php,2026-10-01T18:42:31.385939+00:00,,Öğrenci : 40
Elazığ,Baskil,Alangören İlkokulu,775870,İlkokul,https://775870.meb.k12.tr,,,https://775870.meb.k12.tr/tema/harita.php,2026-08-31,0,0,bulundu,https://775870.meb.k12.tr/,2026-10-01T18:42:31.555368+00:00,,Öğrenci Sayısı : 0
Elazığ,Baskil,Atatürk İlkokulu,721335,İlkokul,https://baskilataturkilkokulu.meb.k12.tr,,,https://baskilataturkilkokulu.meb.k12.tr/tema/harita.php,2026-08-31,106,106,bulundu,https://baskilataturkilkokulu.meb.k12.tr/,2026-10-01T18:42:31.570980+00:00,,Öğrenci Sayısı: 106
Elazığ,Baskil,Baskil Anadolu Lisesi,758023,Anadolu Lisesi,https://baskilanadolulisesi.meb.k12.tr,,,https://baskilanadolulisesi.meb.k12.tr/tema/harita.php,2026-08-31,146,146,bulundu,https://baskilanadolulisesi.meb.k12.tr/,2026-10-01T18:42:31.613822+00:00,,Öğrenci Sayısı 146
Elazığ,Baskil,Baskil Anadolu İmam Hatip Lisesi,763992,Anadolu İmam Hatip Lisesi,https://baskilanadoluimamhatiplisesi.meb.k12.tr,,,https://baskilanadoluimamhatiplisesi.meb.k12.tr/tema/harita.php,2026-08-31,15,15,bulundu,https://baskilanadoluimamhatiplisesi.meb.k12.tr/,2026-10-01T18:42:31.929748+00:00,,Öğrenci Sayısı 15
Elazığ,Baskil,Baskil Halk Eğitimi Merkezi,144862,Halk Eğitimi Merkezi,https://baskilhem.meb.k12.tr,,,https://baskilhem.meb.k12.tr/tema/harita.php,2026-08-31,,,bulunamadi,,2026-10-01T18:42:32.000115+00:00,,
Elazığ,Baskil,Baskil Mesleki ve Teknik Anadolu Lisesi,765286,Mesleki ve Teknik Anadolu Lisesi,https://765286.meb.k12.tr,,,https://765286.meb.k12.tr/tema/harita.php,2026-08-31,0,0,bulundu,https://765286.meb.k12.tr/,2026-10-01T18:42:32.129610+00:00,,Öğrenci Sayısı : 0
Elazığ,Baskil,Baskil Çok Programlı Anadolu Lisesi,322045,Çok Programlı Anadolu Lisesi,https://baskillisesi.meb.k12.tr,,,https://baskillisesi.meb.k12.tr/tema/harita.php,2026-08-31,155,155,bulundu,https://baskillisesi.meb.k12.tr/,2026-10-01T18:42:32.313610+00:00,,Öğrenci Sayısı 155
Elazığ,Baskil,Baskil İlkokulu,721315,İlkokul,https://baskililkokulu.meb.k12.tr,,,https://baskililkokulu.meb.k12.tr/tema/harita.php,2026-08-31,86,86,bulundu,https://baskililkokulu.meb.k12.tr/tema/okulumuz_hakkinda.php,2026-10-01T18:42:32.361802+00:00,,Öğrenci : 86
Elazığ,Baskil,Baskil İmam Hatip Ortaokulu,721665,İmam Hatip Ortaokulu,https://baskilimamhatiportaokulu.meb.k12.tr,,,https://baskilimamhatiportaokulu.meb.k12.tr/tema/harita.php,2026-08-31,33,33,bulundu,https://baskilimamhatiportaokulu.meb.k12.tr/,2026-10-01T18:42:32.372824+00:00,,Öğrenci Sayısı : 33
Elazığ,Baskil,Büyükpınar İlkokulu,721239,İlkokul,https://baskilbuyukpinarilkokulu.meb.k12.tr,,,https://baskilbuyukpinarilkokulu.meb.k12.tr/tema/harita.php,2026-08-31,23,23,bulundu,https://baskilbuyukpinarilkokulu.meb.k12.tr/,2026-10-01T18:42:32.384183+00:00,,Öğrenci Sayısı : 23
Elazığ,Baskil,Gemici Ortaokulu,720925,Ortaokul,https://gemiciortaokulu.meb.k12.tr,,,https://gemiciortaokulu.meb.k12.tr/tema/harita.php,2026-08-31,69,69,bulundu,https://gemiciortaokulu.meb.k12.tr/tema/okulumuz_hakkinda.php,2026-10-01T18:42:32.385944+00:00,,Öğrenci : 69
Elazığ,Baskil,Gemici İlkokulu,720893,İlkokul,https://gemiciilkokulu.meb.k12.tr,,,https://gemiciilkokulu.meb.k12.tr/tema/harita.php,2026-08-31,81,81,bulundu,https://gemiciilkokulu.meb.k12.tr/tema/okulumuz_hakkinda.php,2026-10-01T18:42:32.720050+00:00,,Öğrenci : 81
Elazığ,Baskil,Kadıköy Bedriye Çetinkaya Anadolu Lisesi,965200,Anadolu Lisesi,https://kadikoybedriyecetinkayalisesi.meb.k12.tr,,,https://kadikoybedriyecetinkayalisesi.meb.k12.tr/tema/harita.php,2026-08-31,50,50,bulundu,https://kadikoybedriyecetinkayalisesi.meb.k12.tr/,2026-10-01T18:42:32.756250+00:00,,Öğrenci Sayısı 50
Elazığ,Baskil,Konacık İlkokulu,721386,İlkokul,https://konacikilkokulu.meb.k12.tr,,,https://konacikilkokulu.meb.k12.tr/tema/harita.php,2026-08-31,11,11,bulundu,https://konacikilkokulu.meb.k12.tr/,2026-10-01T18:42:32.758835+00:00,,Öğrenci Sayısı 11
Elazığ,Baskil,Mustafa Bilbay Ortaokulu,720822,Ortaokul,https://mustafabilbayortaokulu.meb.k12.tr,,,https://mustafabilbayortaokulu.meb.k12.tr/tema/harita.php,2026-08-31,24,24,bulundu,https://mustafabilbayortaokulu.meb.k12.tr/,2026-10-01T18:42:32.788770+00:00,,Öğrenci Sayısı 24
Elazığ,Baskil,Mustafa Bilbay İlkokulu,720788,İlkokul,https://mustafabilbayilkokulu.meb.k12.tr,,,https://mustafabilbayilkokulu.meb.k12.tr/tema/harita.php,2026-08-31,25,25,bulundu,https://mustafabilbayilkokulu.meb.k12.tr/,2026-10-01T18:42:32.833909+00:00,,Öğrenci Sayısı 25
Elazığ,Baskil,Necati Çetinkaya Ortaokulu,721118,Ortaokul,https://necaticetinkayaortaokulu.meb.k12.tr,,,https://necaticetinkayaortaokulu.meb.k12.tr/tema/harita.php,2026-08-31,60,60,bulundu,https://necaticetinkayaortaokulu.meb.k12.tr/,2026-10-01T18:42:32.885061+00:00,,Öğrenci Sayısı 60
Elazığ,Baskil,Necati Çetinkaya İlkokulu,721057,İlkokul,https://necaticetinkayailkokulu.meb.k12.tr,,,https://necaticetinkayailkokulu.meb.k12.tr/tema/harita.php,2026-08-31,41,41,bulundu,https://necaticetinkayailkokulu.meb.k12.tr/,2026-10-01T18:42:33.313728+00:00,,Öğrenci Sayısı 41
Elazığ,Baskil,Vakıfbank Ortaokulu,721294,Ortaokul,https://baskilvakifbank.meb.k12.tr,,,https://baskilvakifbank.meb.k12.tr/tema/harita.php,2026-08-31,150,150,bulundu,https://baskilvakifbank.meb.k12.tr/,2026-10-01T18:42:33.366002+00:00,,Öğrenci Sayısı : 150
Elazığ,Baskil,Şehit Tahsin Gerekli Ortaokulu,721271,Ortaokul,https://sehittahsingerekliortaokulu.meb.k12.tr,,,https://sehittahsingerekliortaokulu.meb.k12.tr/tema/harita.php,2026-08-31,37,37,bulundu,https://sehittahsingerekliortaokulu.meb.k12.tr/,2026-10-01T18:42:33.405966+00:00,,Öğrenci Sayısı : 37
Elazığ,Karakoçan,Atatürk İlkokulu,831335,İlkokul,https://karakocanataturk.meb.k12.tr,,,https://karakocanataturk.meb.k12.tr/tema/harita.php,2026-08-31,,,bulunamadi,,2026-10-01T18:42:33.417797+00:00,,
Elazığ,Karakoçan,Ağamezrası İlkokulu,729790,İlkokul,https://agamezrasi.meb.k12.tr,,,https://agamezrasi.meb.k12.tr/tema/harita.php,2026-08-31,21,21,bulundu,https://agamezrasi.meb.k12.tr/,2026-10-01T18:42:33.488440+00:00,,Öğrenci Sayısı : 21
Elazığ,Karakoçan,Aşağıovacık İlkokulu,771521,İlkokul,https://771521.meb.k12.tr,,,https://771521.meb.k12.tr/tema/harita.php,2026-08-31,0,0,bulundu,https://771521.meb.k12.tr/,2026-10-01T18:42:33.519523+00:00,,Öğrenci Sayısı : 0
Elazığ,Karakoçan,Bahçecik İlkokulu,729760,İlkokul,https://bahceciki.meb.k12.tr,,,https://bahceciki.meb.k12.tr/tema/harita.php,2026-08-31,,,bulunamadi,,2026-10-01T18:42:33.557391+00:00,,
Elazığ,Karakoçan,Bahçelievler Anadolu Lisesi,774157,Anadolu Lisesi,https://bahcelievleranadolulisesi.meb.k12.tr,,,https://bahcelievleranadolulisesi.meb.k12.tr/tema/harita.php,2026-08-31,143,143,bulundu,https://bahcelievleranadolulisesi.meb.k12.tr/,2026-10-01T18:42:33.685665+00:00,,Öğrenci Sayısı : 143
Elazığ,Karakoçan,Bazlama İlkokulu,774576,İlkokul,https://774576.meb.k12.tr,,,https://774576.meb.k12.tr/tema/harita.php,2026-08-31,6,6,bulundu,https://774576.meb.k12.tr/,2026-10-01T18:42:33.766463+00:00,,Öğrenci Sayısı : 6
Elazığ,Karakoçan,Başyurt Ortaokulu,676648,Ortaokul,https://basyurtoo.meb.k12.tr,,,https://basyurtoo.meb.k12.tr/tema/harita.php,2026-08-31,127,127,bulundu,https://basyurtoo.meb.k12.tr/,2026-10-01T18:42:33.911938+00:00,,Öğrenci Sayısı : 127
Elazığ,Karakoçan,Başyurt İlkokulu,729682,İlkokul,https://basyurtilko.meb.k12.tr,,,https://basyurtilko.meb.k12.tr/tema/harita.php,2026-08-31,118,118,bulundu,https://basyurtilko.meb.k12.tr/,2026-10-01T18:42:33.963074+00:00,,Öğrenci Sayısı: 118
Elazığ,Karakoçan,Bulgurcuk Ortaokulu,729848,Ortaokul,https://bulgurcukortaokulu.meb.k12.tr,,,https://bulgurcukortaokulu.meb.k12.tr/tema/harita.php,2026-08-31,23,23,bulundu,https://bulgurcukortaokulu.meb.k12.tr/,2026-10-01T18:42:34.183842+00:00,,Öğrenci Sayısı : 23
Elazığ,Karakoçan,Bulgurcuk İlkokulu,729821,İlkokul,https://bulgurcukilkokulu.meb.k12.tr,,,https://bulgurcukilkokulu.meb.k12.tr/tema/harita.php,2026-08-31,36,36,bulundu,https://bulgurcukilkokulu.meb.k12.tr/,2026-10-01T18:42:34.275774+00:00,,Öğrenci Sayısı 36
Elazığ,Karakoçan,Cengiz Topel Ortaokulu,729573,Ortaokul,https://karakocancengiztopelortaokulu.meb.k12.tr,,,https://karakocancengiztopelortaokulu.meb.k12.tr/tema/harita.php,2026-08-31,436,436,bulundu,https://karakocancengiztopelortaokulu.meb.k12.tr/,2026-10-01T18:42:34.395819+00:00,,Öğrenci Sayısı 436
Elazığ,Karakoçan,Cengiz Topel İlkokulu,729561,İlkokul,https://karakocancengiztopelilkokulu.meb.k12.tr,,,https://karakocancengiztopelilkokulu.meb.k12.tr/tema/harita.php,2026-08-31,381,381,bulundu,https://karakocancengiztopelilkokulu.meb.k12.tr/,2026-10-01T18:42:34.450811+00:00,,Öğrenci Sayısı 381
Elazığ,Karakoçan,Deveci İlkokulu,771509,İlkokul,https://771509.meb.k12.tr,,,https://771509.meb.k12.tr/tema/harita.php,2026-08-31,0,0,bulundu,https://771509.meb.k12.tr/,2026-10-01T18:42:34.526548+00:00,,Öğrenci Sayısı : 0
Elazığ,Karakoçan,Durmuş İlkokulu,729737,İlkokul,https://durmusilkokulu.meb.k12.tr,,,https://durmusilkokulu.meb.k12.tr/tema/harita.php,2026-08-31,23,23,bulundu,https://durmusilkokulu.meb.k12.tr/,2026-10-01T18:42:34.604225+00:00,,Öğrenci Sayısı 23
Elazığ,Karakoçan,Fatih Ortaokulu,729632,Ortaokul,https://karakocanfatihoo.meb.k12.tr,,,https://karakocanfatihoo.meb.k12.tr/tema/harita.php,2026-08-31,371,371,bulundu,https://karakocanfatihoo.meb.k12.tr/tema/okulumuz_hakkinda.php,2026-10-01T18:42:34.620234+00:00,,Öğrenci : 371
Elazığ,Karakoçan,Kalecik İlkokulu,729726,İlkokul,https://karakocankalecikilkokulu.meb.k12.tr,,,https://karakocankalecikilkokulu.meb.k12.tr/tema/harita.php,2026-08-31,,,bulunamadi,,2026-10-01T18:42:34.699970+00:00,,
Elazığ,Karakoçan,Kalkankaya İlkokulu,771520,İlkokul,https://771520.meb.k12.tr,,,https://771520.meb.k12.tr/tema/harita.php,2026-08-31,0,0,bulundu,https://771520.meb.k12.tr/,2026-10-01T18:42:35.003853+00:00,,Öğrenci Sayısı : 0
Elazığ,Karakoçan,Kanuni Kız Mesleki ve Teknik Anadolu Lisesi,969527,Mesleki ve Teknik Anadolu Lisesi,https://karakocankanunikizmtal.meb.k12.tr,,,https://karakocankanunikizmtal.meb.k12.tr/tema/harita.php,2026-08-31,96,96,bulundu,https://karakocankanunikizmtal.meb.k12.tr/,2026-10-01T18:42:35.092058+00:00,,Öğrenci Sayısı : 96
Elazığ,Karakoçan,Karakoçan Anadolu Lisesi,964236,Anadolu Lisesi,https://karakocananadolulisesi.meb.k12.tr,,,https://karakocananadolulisesi.meb.k12.tr/tema/harita.php,2026-08-31,285,285,bulundu,https://karakocananadolulisesi.meb.k12.tr/,2026-10-01T18:42:35.067401+00:00,,Öğrenci Sayısı : 285
Elazığ,Karakoçan,Karakoçan Anaokulu,966266,Anaokulu,https://karakocananaokulu.meb.k12.tr,,,https://karakocananaokulu.meb.k12.tr/tema/harita.php,2026-08-31,84,84,bulundu,https://karakocananaokulu.meb.k12.tr/,2026-10-01T18:42:35.180839+00:00,,Öğrenci Sayısı 84
Elazığ,Karakoçan,Karakoçan Halk Eğitimi Merkezi,144945,Halk Eğitimi Merkezi,https://karakocanhem.meb.k12.tr,,,https://karakocanhem.meb.k12.tr/tema/harita.php,2026-08-31,,,bulunamadi,,2026-10-01T18:42:35.281333+00:00,,
Elazığ,Karakoçan,Karakoçan Ortaokulu,144898,Ortaokul,https://karakocanortaokulu.meb.k12.tr,,,https://karakocanortaokulu.meb.k12.tr/tema/harita.php,2026-08-31,189,189,bulundu,https://karakocanortaokulu.meb.k12.tr/,2026-10-01T18:42:35.363453+00:00,,Öğrenci Sayısı 189
Elazığ,Karakoçan,Karakoçan TOBB Anadolu İmam Hatip Lisesi,144933,Anadolu İmam Hatip Lisesi,https://karakocanihl.meb.k12.tr,,,https://karakocanihl.meb.k12.tr/tema/harita.php,2026-08-31,,,bulunamadi,,2026-10-01T18:42:35.511202+00:00,,
Elazığ,Karakoçan,Karakoçan Ticaret Mesleki ve Teknik Anadolu Lisesi,144908,Mesleki ve Teknik Anadolu Lisesi,https://karakocanticaretmtal.meb.k12.tr,,,https://karakocanticaretmtal.meb.k12.tr/tema/harita.php,2026-08-31,149,149,bulundu,https://karakocanticaretmtal.meb.k12.tr/,2026-10-01T18:42:35.513118+00:00,,Öğrenci Sayısı : 149
Elazığ,Karakoçan,Kulundere İlkokulu,729667,İlkokul,https://kulundere.meb.k12.tr,,,https://kulundere.meb.k12.tr/tema/harita.php,2026-08-31,36,36,bulundu,https://kulundere.meb.k12.tr/,2026-10-01T18:42:35.589688+00:00,,Öğrenci Sayısı 36
Elazığ,Karakoçan,Kızılca İlkokulu,729685,İlkokul,https://karakocankizilca.meb.k12.tr,,,https://karakocankizilca.meb.k12.tr/tema/harita.php,2026-08-31,9,9,bulundu,https://karakocankizilca.meb.k12.tr/,2026-10-01T18:42:35.751828+00:00,,Öğrenci Sayısı 9
Elazığ,Karakoçan,Mahmutlu İlkokulu,729661,İlkokul,https://mahmutluilk.meb.k12.tr,,,https://mahmutluilk.meb.k12.tr/tema/harita.php,2026-08-31,12,12,bulundu,https://mahmutluilk.meb.k12.tr/,2026-10-01T18:42:35.766401+00:00,,Öğrenci Sayısı 12
Elazığ,Karakoçan,Nuri Özaltın İlkokulu,868347,İlkokul,https://karakocannuriozaltinilkokulu.meb.k12.tr,,,https://karakocannuriozaltinilkokulu.meb.k12.tr/tema/harita.php,2026-08-31,348,348,bulundu,https://karakocannuriozaltinilkokulu.meb.k12.tr/,2026-10-01T18:42:35.789842+00:00,,Öğrenci Sayısı : 348
Elazığ,Karakoçan,Sarıbaşak İlkokulu,759185,İlkokul,https://759185.meb.k12.tr,,,https://759185.meb.k12.tr/tema/harita.php,2026-08-31,18,18,bulundu,https://759185.meb.k12.tr/,2026-10-01T18:42:35.850944+00:00,,Öğrenci Sayısı : 18
Elazığ,Karakoçan,Sarıcan Ortaokulu,729749,Ortaokul,https://saricanortaokulu.meb.k12.tr,,,https://saricanortaokulu.meb.k12.tr/tema/harita.php,2026-08-31,81,81,bulundu,https://saricanortaokulu.meb.k12.tr/,2026-10-01T18:42:35.905890+00:00,,Öğrenci Sayısı : 81
Elazığ,Karakoçan,Sarıcan İlkokulu,729736,İlkokul,https://saricanilkokulu.meb.k12.tr,,,https://saricanilkokulu.meb.k12.tr/tema/harita.php,2026-08-31,109,109,bulundu,https://saricanilkokulu.meb.k12.tr/,2026-10-01T18:42:35.955454+00:00,,Öğrenci Sayısı: 109
Elazığ,Karakoçan,Tepe Ortaokulu,777377,Ortaokul,https://777377.meb.k12.tr,,,https://777377.meb.k12.tr/tema/harita.php,2026-08-31,0,0,bulundu,https://777377.meb.k12.tr/,2026-10-01T18:42:36.181375+00:00,,Öğrenci Sayısı : 0
Elazığ,Karakoçan,Tepe İlkokulu,729624,İlkokul,https://karakocanfatihio.meb.k12.tr,,,https://karakocanfatihio.meb.k12.tr/tema/harita.php,2026-08-31,,,bulunamadi,,2026-10-01T18:42:36.191251+00:00,,
Elazığ,Karakoçan,Yenice İlkokulu,539687,İlkokul,https://yenicekarakocan.meb.k12.tr,,,https://yenicekarakocan.meb.k12.tr/tema/harita.php,2026-08-31,6,6,bulundu,https://yenicekarakocan.meb.k12.tr/,2026-10-01T18:42:36.272874+00:00,,Öğrenci Sayısı 6
Elazığ,Karakoçan,Yüzev İlkokulu,771505,İlkokul,https://771505.meb.k12.tr,,,https://771505.meb.k12.tr/tema/harita.php,2026-08-31,0,0,bulundu,https://771505.meb.k12.tr/,2026-10-01T18:42:36.282263+00:00,,Öğrenci Sayısı : 0
Elazığ,Karakoçan,Öğretmenevi ve Akşam Sanat Okulu,349054,Öğretmenevi,https://karakocanogretmenevi.meb.k12.tr,,,https://karakocanogretmenevi.meb.k12.tr/tema/harita.php,2026-08-31,,,bulunamadi,,2026-10-01T18:42:36.351411+00:00,,
Elazığ,Karakoçan,İbn-i Sina Mesleki ve Teknik Anadolu Lisesi,972360,Mesleki ve Teknik Anadolu Lisesi,https://ismtal.meb.k12.tr,,,https://ismtal.meb.k12.tr/tema/harita.php,2026-08-31,214,214,bulundu,https://ismtal.meb.k12.tr/,2026-10-01T18:42:36.523067+00:00,,Öğrenci Sayısı : 214
Elazığ,Karakoçan,Şehit Jandarma Kıdemli Üsteğmen Mahir Özdemir Ortaokulu,729801,Ortaokul,https://mahirozdemiroo.meb.k12.tr,,,https://mahirozdemiroo.meb.k12.tr/tema/harita.php,2026-08-31,126,126,bulundu,https://mahirozdemiroo.meb.k12.tr/,2026-10-01T18:42:36.702693+00:00,,Öğrenci Sayısı : 126
Elazığ,Karakoçan,Şehit Jandarma Kıdemli Üsteğmen Mahir Özdemir İlkokulu,729783,İlkokul,https://mahirozdemirio.meb.k12.tr,,,https://mahirozdemirio.meb.k12.tr/tema/harita.php,2026-08-31,150,150,bulundu,https://mahirozdemirio.meb.k12.tr/,2026-10-01T18:42:36.760585+00:00,,Öğrenci Sayısı : 150
Elazığ,Keban,Atatürk İlkokulu,539974,İlkokul,https://kebanataturk.meb.k12.tr,,,https://kebanataturk.meb.k12.tr/tema/harita.php,2026-08-31,86,86,bulundu,https://kebanataturk.meb.k12.tr/,2026-10-01T18:42:36.766450+00:00,,Öğrenci Sayısı: 86
Elazığ,Keban,Atatürk İmam Hatip Ortaokulu,745953,İmam Hatip Ortaokulu,https://kebanataturkiho.meb.k12.tr,,,https://kebanataturkiho.meb.k12.tr/tema/harita.php,2026-08-31,14,14,bulundu,https://kebanataturkiho.meb.k12.tr/,2026-10-01T18:42:36.814794+00:00,,Öğrenci Sayısı : 14
Elazığ,Keban,Baraj İlkokulu,721529,İlkokul,https://kebanbaraj.meb.k12.tr,,,https://kebanbaraj.meb.k12.tr/tema/harita.php,2026-08-31,62,62,bulundu,https://kebanbaraj.meb.k12.tr/,2026-10-01T18:42:36.875018+00:00,,Öğrenci Sayısı 62
Elazığ,Keban,Fevzi Çakmak İlkokulu,383573,İlkokul,https://kebanfevzicakmakio.meb.k12.tr,,,https://kebanfevzicakmakio.meb.k12.tr/tema/harita.php,2026-08-31,80,80,bulundu,https://kebanfevzicakmakio.meb.k12.tr/,2026-10-01T18:42:36.918775+00:00,,Öğrenci Sayısı : 80
Elazığ,Keban,Keban Halk Eğitimi Merkezi,144994,Halk Eğitimi Merkezi,https://kebanhem.meb.k12.tr,,,https://kebanhem.meb.k12.tr/tema/harita.php,2026-08-31,,,bulunamadi,,2026-10-01T18:42:36.941390+00:00,,
Elazığ,Keban,Keban Çok Programlı Anadolu Lisesi,862721,Çok Programlı Anadolu Lisesi,https://kebancpl.meb.k12.tr,,,https://kebancpl.meb.k12.tr/tema/harita.php,2026-08-31,173,173,bulundu,https://kebancpl.meb.k12.tr/,2026-10-01T18:42:36.976507+00:00,,Öğrenci Sayısı : 173
Elazığ,Keban,Keban Öğretmenevi ve Akşam Sanat Okulu,971132,Öğretmenevi,https://kebanogretmenevi.meb.k12.tr,,,https://kebanogretmenevi.meb.k12.tr/tema/harita.php,2026-08-31,,,bulunamadi,,2026-10-01T18:42:37.088812+00:00,,
Elazığ,Keban,Musa Coşkun Ortaokulu,714279,Ortaokul,https://musacoskuno.meb.k12.tr,,,https://musacoskuno.meb.k12.tr/tema/harita.php,2026-08-31,194,194,bulundu,https://musacoskuno.meb.k12.tr/,2026-10-01T18:42:37.109058+00:00,,Öğrenci Sayısı : 194
Elazığ,Kovancılar,Akmezra İlkokulu,771526,İlkokul,https://771526.meb.k12.tr,,,https://771526.meb.k12.tr/tema/harita.php,2026-08-31,0,0,bulundu,https://771526.meb.k12.tr/,2026-10-01T18:42:37.169074+00:00,,Öğrenci Sayısı : 0
Elazığ,Kovancılar,Ali Düzgün Kavaklı -Hasan Sertkaya Anaokulu,964662,Anaokulu,https://kovancilaranaokulu.meb.k12.tr,,,https://kovancilaranaokulu.meb.k12.tr/tema/harita.php,2026-08-31,142,142,bulundu,https://kovancilaranaokulu.meb.k12.tr/,2026-10-01T18:42:37.232787+00:00,,Öğrenci Sayısı: 142
Elazığ,Kovancılar,Atatürk Ortaokulu,721647,Ortaokul,https://kovancilarataturk.meb.k12.tr,,,https://kovancilarataturk.meb.k12.tr/tema/harita.php,2026-08-31,301,301,bulundu,https://kovancilarataturk.meb.k12.tr/,2026-10-01T18:42:37.284982+00:00,,Öğrenci Sayısı : 301
Elazığ,Kovancılar,Atatürk İlkokulu,721616,İlkokul,https://kovancilarataturkio.meb.k12.tr,,,https://kovancilarataturkio.meb.k12.tr/tema/harita.php,2026-08-31,359,359,bulundu,https://kovancilarataturkio.meb.k12.tr/,2026-10-01T18:42:37.412470+00:00,,Öğrenci Sayısı : 359
Elazığ,Kovancılar,Avlağı Ortaokulu,722343,Ortaokul,https://avlagiortaokulu.meb.k12.tr,,,https://avlagiortaokulu.meb.k12.tr/tema/harita.php,2026-08-31,121,121,bulundu,https://avlagiortaokulu.meb.k12.tr/,2026-10-01T18:42:37.668102+00:00,,Öğrenci Sayısı 121
Elazığ,Kovancılar,Avlağı Şehit Resul Kayaoğlu İlkokulu,722306,İlkokul,https://avlagi.meb.k12.tr,,,https://avlagi.meb.k12.tr/tema/harita.php,2026-08-31,96,96,bulundu,https://avlagi.meb.k12.tr/,2026-10-01T18:42:37.682088+00:00,,Öğrenci Sayısı: 96
Elazığ,Kovancılar,Bayramyazı Ortaokulu,722454,Ortaokul,https://bayramyaziortaokulu.meb.k12.tr,,,https://bayramyaziortaokulu.meb.k12.tr/tema/harita.php,2026-08-31,58,58,bulundu,https://bayramyaziortaokulu.meb.k12.tr/,2026-10-01T18:42:37.790822+00:00,,Öğrenci Sayısı : 58
Elazığ,Kovancılar,Bayramyazı İlkokulu,722406,İlkokul,https://bayramyaziilkokulu.meb.k12.tr,,,https://bayramyaziilkokulu.meb.k12.tr/tema/harita.php,2026-08-31,,,bulunamadi,,2026-10-01T18:42:37.913619+00:00,,
Elazığ,Kovancılar,Beşiktaş Ortaokulu,722595,Ortaokul,https://besiktasortaokulu.meb.k12.tr,,,https://besiktasortaokulu.meb.k12.tr/tema/harita.php,2026-08-31,50,50,bulundu,https://besiktasortaokulu.meb.k12.tr/,2026-10-01T18:42:38.012671+00:00,,Öğrenci Sayısı : 50
Elazığ,Kovancılar,Beşiktaş İlkokulu,722538,İlkokul,https://besiktasilkokul.meb.k12.tr,,,https://besiktasilkokul.meb.k12.tr/tema/harita.php,2026-08-31,60,60,bulundu,https://besiktasilkokul.meb.k12.tr/,2026-10-01T18:42:38.067048+00:00,,Öğrenci Sayısı: 60
Elazığ,Kovancılar,Ekinözü Ortaokulu,729185,Ortaokul,https://ekinozuortaokulu.meb.k12.tr,,,https://ekinozuortaokulu.meb.k12.tr/tema/harita.php,2026-08-31,88,88,bulundu,https://ekinozuortaokulu.meb.k12.tr/,2026-10-01T18:42:38.120032+00:00,,Öğrenci Sayısı : 88
Elazığ,Kovancılar,Ekinözü İlkokulu,729151,İlkokul,https://ekinozuio.meb.k12.tr,,,https://ekinozuio.meb.k12.tr/tema/harita.php,2026-08-31,,,bulunamadi,,2026-10-01T18:42:38.175803+00:00,,
Elazığ,Kovancılar,Eti Holding İlkokulu,721703,İlkokul,https://etiholdingio.meb.k12.tr,,,https://etiholdingio.meb.k12.tr/tema/harita.php,2026-08-31,324,324,bulundu,https://etiholdingio.meb.k12.tr/,2026-10-01T18:42:38.327987+00:00,,Öğrenci Sayısı 324
Elazığ,Kovancılar,Fatih Sultan Mehmet Ortaokulu,721983,Ortaokul,https://fsmookulu.meb.k12.tr,,,https://fsmookulu.meb.k12.tr/tema/harita.php,2026-08-31,123,123,bulundu,https://fsmookulu.meb.k12.tr/,2026-10-01T18:42:38.545175+00:00,,Öğrenci Sayısı : 123
Elazığ,Kovancılar,Fatih Sultan Mehmet İlkokulu,721788,İlkokul,https://kovancilarfsm.meb.k12.tr,,,https://kovancilarfsm.meb.k12.tr/tema/harita.php,2026-08-31,147,147,bulundu,https://kovancilarfsm.meb.k12.tr/,2026-10-01T18:42:38.654388+00:00,,Öğrenci Sayısı : 147
Elazığ,Kovancılar,HEYBET ANAOKULU,777086,Anaokulu,https://777086.meb.k12.tr,,,https://777086.meb.k12.tr/tema/harita.php,2026-08-31,94,94,bulundu,https://777086.meb.k12.tr/,2026-10-01T18:42:38.695172+00:00,,Öğrenci Sayısı 94
Elazığ,Kovancılar,Hacı Ahmet Özbağı Ortaokulu,729278,Ortaokul,https://haciahmetzbagiortaokulu.meb.k12.tr,,,https://haciahmetzbagiortaokulu.meb.k12.tr/tema/harita.php,2026-08-31,90,90,bulundu,https://haciahmetzbagiortaokulu.meb.k12.tr/,2026-10-01T18:42:38.805392+00:00,,Öğrenci Sayısı : 90
Elazığ,Kovancılar,Hacı Ahmet Özbağı İlkokulu,389582,İlkokul,https://haciahmetozbagi.meb.k12.tr,,,https://haciahmetozbagi.meb.k12.tr/tema/harita.php,2026-08-31,91,91,bulundu,https://haciahmetozbagi.meb.k12.tr/,2026-10-01T18:42:39.014894+00:00,,Öğrenci Sayısı 91
Elazığ,Kovancılar,Karaman Yamaçoba İlkokulu,729293,İlkokul,https://729293.meb.k12.tr,,,https://729293.meb.k12.tr/tema/harita.php,2026-08-31,17,17,bulundu,https://729293.meb.k12.tr/,2026-10-01T18:42:39.117200+00:00,,Öğrenci Sayısı : 17
Elazığ,Kovancılar,Kovancılar Anadolu Lisesi,882847,Anadolu Lisesi,https://kovancilaranadolulisesi.meb.k12.tr,,,https://kovancilaranadolulisesi.meb.k12.tr/tema/harita.php,2026-08-31,398,398,bulundu,https://kovancilaranadolulisesi.meb.k12.tr/,2026-10-01T18:42:39.131321+00:00,,Öğrenci Sayısı : 398
Elazığ,Kovancılar,Kovancılar Anadolu İmam Hatip Lisesi,372983,Anadolu İmam Hatip Lisesi,https://kovancilarimamhatip.meb.k12.tr,,,https://kovancilarimamhatip.meb.k12.tr/tema/harita.php,2026-08-31,159,159,bulundu,https://kovancilarimamhatip.meb.k12.tr/,2026-10-01T18:42:39.320207+00:00,,Öğrenci Sayısı : 159
Elazığ,Kovancılar,Kovancılar Bilim ve Sanat Merkezi,769166,Bilim ve Sanat Merkezi,https://kovancilarbilsem.meb.k12.tr,,,https://kovancilarbilsem.meb.k12.tr/tema/harita.php,2026-08-31,28,28,bulundu,https://kovancilarbilsem.meb.k12.tr/,2026-10-01T18:42:39.420101+00:00,,Öğrenci Sayısı : 28
Elazığ,Kovancılar,Kovancılar Halk Eğitimi Merkezi,215393,Halk Eğitimi Merkezi,https://kovancilarhalkegitim.meb.k12.tr,,,https://kovancilarhalkegitim.meb.k12.tr/tema/harita.php,2026-08-31,,,bulunamadi,,2026-10-01T18:42:39.548864+00:00,,
Elazığ,Kovancılar,Kovancılar Mesleki Eğitim Merkezi,761251,Mesleki Eğitim Merkezi,https://kovancilarmesem.meb.k12.tr,,,https://kovancilarmesem.meb.k12.tr/tema/harita.php,2026-08-31,315,315,bulundu,https://kovancilarmesem.meb.k12.tr/,2026-10-01T18:42:39.620881+00:00,,Öğrenci Sayısı : 315
Elazığ,Kovancılar,Kovancılar Mesleki ve Teknik Anadolu Lisesi,973873,Mesleki ve Teknik Anadolu Lisesi,https://kovancilarmtal.meb.k12.tr,,,https://kovancilarmtal.meb.k12.tr/tema/harita.php,2026-08-31,347,347,bulundu,https://kovancilarmtal.meb.k12.tr/,2026-10-01T18:42:39.636083+00:00,,Öğrenci Sayısı : 347
Elazığ,Kovancılar,Kovancılar Ortaokulu,746338,Ortaokul,https://kovancilarortaokulu.meb.k12.tr,,,https://kovancilarortaokulu.meb.k12.tr/tema/harita.php,2026-08-31,506,506,bulundu,https://kovancilarortaokulu.meb.k12.tr/,2026-10-01T18:42:39.642341+00:00,,Öğrenci Sayısı : 506
Elazığ,Kovancılar,Kovancılar Sultan Kubeys Kız Anadolu İmam Hatip Lisesi,762255,Anadolu İmam Hatip Lisesi,https://kovancilarkizaihl.meb.k12.tr,,,https://kovancilarkizaihl.meb.k12.tr/tema/harita.php,2026-08-31,258,258,bulundu,https://kovancilarkizaihl.meb.k12.tr/,2026-10-01T18:42:39.680719+00:00,,Öğrenci Sayısı 258