İstanbul,Pendik,Mustafa Kutlu İlkokulu,768511,İlkokul,https://mustafakutluilkokulu.meb.k12.tr,,,https://mustafakutluilkokulu.meb.k12.tr/tema/harita.php,2026-08-31,1010,1010,bulundu,https://mustafakutluilkokulu.meb.k12.tr/,2026-10-01T19:27:34.482829+00:00,,Öğrenci Sayısı : 1010
İstanbul,Pendik,Namık Kemal İlkokulu,738541,İlkokul,https://pendiknamikkemalilkokulu.meb.k12.tr,,,https://pendiknamikkemalilkokulu.meb.k12.tr/tema/harita.php,2026-08-31,1559,1559,bulundu,https://pendiknamikkemalilkokulu.meb.k12.tr/,2026-10-01T19:27:34.585490+00:00,,Öğrenci Sayısı : 1559
İstanbul,Pendik,Necip Fazıl Kısakürek Ortaokulu,739826,Ortaokul,https://nfk.meb.k12.tr,,,https://nfk.meb.k12.tr/tema/harita.php,2026-08-31,1527,1527,bulundu,https://nfk.meb.k12.tr/,2026-10-01T19:27:34.742781+00:00,,Öğrenci Sayısı 1527
İstanbul,Pendik,Nurettin Topçu Kız Anadolu İmam Hatip Lisesi,753034,Anadolu İmam Hatip Lisesi,https://nurettintopcukaihl.meb.k12.tr,,,https://nurettintopcukaihl.meb.k12.tr/tema/harita.php,2026-08-31,284,284,bulundu,https://nurettintopcukaihl.meb.k12.tr/,2026-10-01T19:27:34.757417+00:00,,Öğrenci Sayısı : 284
İstanbul,Pendik,Nuri Demirağ Mesleki ve Teknik Anadolu Lisesi,765514,Mesleki ve Teknik Anadolu Lisesi,https://nuridemiragmtal.meb.k12.tr,,,https://nuridemiragmtal.meb.k12.tr/tema/harita.php,2026-08-31,1166,1166,bulundu,https://nuridemiragmtal.meb.k12.tr/,2026-10-01T19:27:34.884118+00:00,,Öğrenci Sayısı : 1166
İstanbul,Pendik,Nurullah Genç İlkokulu,764389,İlkokul,https://nurullahgencilkokulu.meb.k12.tr,,,https://nurullahgencilkokulu.meb.k12.tr/tema/harita.php,2026-08-31,650,650,bulundu,https://nurullahgencilkokulu.meb.k12.tr/,2026-10-01T19:27:34.925240+00:00,,Öğrenci Sayısı 650
İstanbul,Pendik,Orhan Sinan Hamzaoğlu Ortaokulu,236895,Ortaokul,https://orhansinanhamzaoglu.meb.k12.tr,,,https://orhansinanhamzaoglu.meb.k12.tr/tema/harita.php,2026-08-31,991,991,bulundu,https://orhansinanhamzaoglu.meb.k12.tr/,2026-10-01T19:27:35.409879+00:00,,Öğrenci Sayısı : 991
İstanbul,Pendik,Orhan Sinan Hamzaoğlu İmam Hatip Ortaokulu,763660,İmam Hatip Ortaokulu,https://orhansinanhamzaogluiho.meb.k12.tr,,,https://orhansinanhamzaogluiho.meb.k12.tr/tema/harita.php,2026-08-31,75,75,bulundu,https://orhansinanhamzaogluiho.meb.k12.tr/,2026-10-01T19:27:35.429069+00:00,,Öğrenci Sayısı : 75
İstanbul,Pendik,Orhangazi Ortaokulu,739821,Ortaokul,https://pendikorhangaziortaokulu.meb.k12.tr,,,https://pendikorhangaziortaokulu.meb.k12.tr/tema/harita.php,2026-08-31,1293,1293,bulundu,https://pendikorhangaziortaokulu.meb.k12.tr/,2026-10-01T19:27:35.491065+00:00,,Öğrenci Sayısı 1293
İstanbul,Pendik,Osmangazi İlkokulu,739806,İlkokul,https://pendikosmangazi.meb.k12.tr,,,https://pendikosmangazi.meb.k12.tr/tema/harita.php,2026-08-31,1446,1446,bulundu,https://pendikosmangazi.meb.k12.tr/,2026-10-01T19:27:35.823613+00:00,,Öğrenci Sayısı : 1446
İstanbul,Pendik,PENDİK İTO ÖZEL EĞİTİM UYGULAMA MERKEZİ II. KADEME,751197,Özel Eğitim Kurumu,https://pendikitoozelegitim2.meb.k12.tr,,,https://pendikitoozelegitim2.meb.k12.tr/tema/harita.php,2026-08-31,33,33,bulundu,https://pendikitoozelegitim2.meb.k12.tr/,2026-10-01T19:27:35.876861+00:00,,Öğrenci Sayısı 33
İstanbul,Pendik,Pendik Anadolu Lisesi,974884,Anadolu Lisesi,https://pendikanadolu.meb.k12.tr,,,https://pendikanadolu.meb.k12.tr/tema/harita.php,2026-08-31,,,bulunamadi,,2026-10-01T19:27:35.903086+00:00,,
İstanbul,Pendik,Pendik Barbaros Hayrettin Paşa Denizcilik Mesleki ve Teknik Anadolu Lisesi,966954,Mesleki ve Teknik Anadolu Lisesi,https://pbhpmtal.meb.k12.tr,,,https://pbhpmtal.meb.k12.tr/tema/harita.php,2026-08-31,691,691,bulundu,https://pbhpmtal.meb.k12.tr/tema/okulumuz_hakkinda.php,2026-10-01T19:27:35.960095+00:00,,Öğrenci : 691
İstanbul,Pendik,Pendik Bilim ve Sanat Merkezi,764644,Bilim ve Sanat Merkezi,https://pendikbilsem.meb.k12.tr,,,https://pendikbilsem.meb.k12.tr/tema/harita.php,2026-08-31,1090,1090,bulundu,https://pendikbilsem.meb.k12.tr/,2026-10-01T19:27:35.979421+00:00,,Öğrenci Sayısı 1090
İstanbul,Pendik,Pendik Borsa İstanbul Mesleki ve Teknik Anadolu Lisesi,964611,Mesleki ve Teknik Anadolu Lisesi,https://pendikbist.meb.k12.tr,,,https://pendikbist.meb.k12.tr/tema/harita.php,2026-08-31,1267,1267,bulundu,https://pendikbist.meb.k12.tr/tema/okulumuz_hakkinda.php,2026-10-01T19:27:35.989573+00:00,,Öğrenci : 1267
İstanbul,Pendik,Pendik Fatih Anadolu Lisesi,964165,Anadolu Lisesi,https://pfal.meb.k12.tr,,,https://pfal.meb.k12.tr/tema/harita.php,2026-08-31,,,bulunamadi,,2026-10-01T19:27:36.070688+00:00,,
İstanbul,Pendik,Pendik Halil Kaya Gedik Metal Teknolojisi Mesleki ve Teknik Anadolu Lisesi,970950,Mesleki ve Teknik Anadolu Lisesi,https://halilkayagedikmtal.meb.k12.tr,,,https://halilkayagedikmtal.meb.k12.tr/tema/harita.php,2026-08-31,698,698,bulundu,https://halilkayagedikmtal.meb.k12.tr/,2026-10-01T19:27:36.054636+00:00,,Öğrenci Sayısı 698
İstanbul,Pendik,Pendik Halk Eğitimi Merkezi,214292,Halk Eğitimi Merkezi,https://pendikhem.meb.k12.tr,,,https://pendikhem.meb.k12.tr/tema/harita.php,2026-08-31,,,bulunamadi,,2026-10-01T19:27:36.069528+00:00,,
İstanbul,Pendik,Pendik Kardelen Anaokulu,774461,Anaokulu,https://pendikkardelenanaokulu.meb.k12.tr,,,https://pendikkardelenanaokulu.meb.k12.tr/tema/harita.php,2026-08-31,71,71,bulundu,https://pendikkardelenanaokulu.meb.k12.tr/,2026-10-01T19:27:36.091580+00:00,,Öğrenci Sayısı: 71
İstanbul,Pendik,Pendik Merkez İlkokulu,739836,İlkokul,https://pendikmerkezilkokulu.meb.k12.tr,,,https://pendikmerkezilkokulu.meb.k12.tr/tema/harita.php,2026-08-31,994,994,bulundu,https://pendikmerkezilkokulu.meb.k12.tr/,2026-10-01T19:27:36.105280+00:00,,Öğrenci Sayısı : 994
İstanbul,Pendik,Pendik Merkez İmam Hatip Ortaokulu,760365,İmam Hatip Ortaokulu,https://pendikmerkeziho.meb.k12.tr,,,https://pendikmerkeziho.meb.k12.tr/tema/harita.php,2026-08-31,713,713,bulundu,https://pendikmerkeziho.meb.k12.tr/,2026-10-01T19:27:36.128918+00:00,,Öğrenci Sayısı : 713
İstanbul,Pendik,Pendik Mesleki Eğitim Merkezi,270887,Mesleki Eğitim Merkezi,https://pendikmesem.meb.k12.tr,,,https://pendikmesem.meb.k12.tr/tema/harita.php,2026-08-31,1756,1756,bulundu,https://pendikmesem.meb.k12.tr/,2026-10-01T19:27:36.177526+00:00,,Öğrenci Sayısı : 1756
İstanbul,Pendik,Pendik Mesleki ve Teknik Anadolu Lisesi,960162,Mesleki ve Teknik Anadolu Lisesi,https://pendikmtal.meb.k12.tr,,,https://pendikmtal.meb.k12.tr/tema/harita.php,2026-08-31,1506,1506,bulundu,https://pendikmtal.meb.k12.tr/tema/okulumuz_hakkinda.php,2026-10-01T19:27:36.307858+00:00,,Öğrenci : 1506
İstanbul,Pendik,Pendik Nuh Kuşçulu Seramik ve Cam Teknolojisi Mesleki ve Teknik Anadolu Lisesi,964652,Mesleki ve Teknik Anadolu Lisesi,https://nuhkusculumtal.meb.k12.tr,,,https://nuhkusculumtal.meb.k12.tr/tema/harita.php,2026-08-31,629,629,bulundu,https://nuhkusculumtal.meb.k12.tr/,2026-10-01T19:27:36.397173+00:00,,Öğrenci Sayısı 629
İstanbul,Pendik,Pendik Rehberlik ve Araştırma Merkezi,327372,Rehberlik ve Araştırma Merkezi,https://pendikram.meb.k12.tr,,,https://pendikram.meb.k12.tr/tema/harita.php,2026-08-31,,,bulunamadi,,2026-10-01T19:27:36.559664+00:00,,
İstanbul,Pendik,Pendik Sabahattin Zaim İmam Hatip Ortaokulu,753074,İmam Hatip Ortaokulu,https://sabahattinzaimiho.meb.k12.tr,,,https://sabahattinzaimiho.meb.k12.tr/tema/harita.php,2026-08-31,137,137,bulundu,https://sabahattinzaimiho.meb.k12.tr/,2026-10-01T19:27:36.583536+00:00,,Öğrenci Sayısı 137
İstanbul,Pendik,Pendik Türk Telekom Şehit Murat Mertel Mesleki ve Teknik Anadolu Lisesi,966049,Mesleki ve Teknik Anadolu Lisesi,https://turktelekomatl.meb.k12.tr,,,https://turktelekomatl.meb.k12.tr/tema/harita.php,2026-08-31,573,573,bulundu,https://turktelekomatl.meb.k12.tr/,2026-10-01T19:27:36.642507+00:00,,Öğrenci Sayısı 573
İstanbul,Pendik,Pendik Yunus Emre Ticaret Mesleki ve Teknik Anadolu Lisesi,775847,Mesleki ve Teknik Anadolu Lisesi,https://pendikyunusemremtal.meb.k12.tr,,,https://pendikyunusemremtal.meb.k12.tr/tema/harita.php,2026-08-31,1014,1014,bulundu,https://pendikyunusemremtal.meb.k12.tr/,2026-10-01T19:27:36.684753+00:00,,Öğrenci Sayısı : 1014
İstanbul,Pendik,Pendik Ömer Nasuhi Bilmen İmam Hatip Ortaokulu,753075,İmam Hatip Ortaokulu,https://onbilmen.meb.k12.tr,,,https://onbilmen.meb.k12.tr/tema/harita.php,2026-08-31,803,803,bulundu,https://onbilmen.meb.k12.tr/,2026-10-01T19:27:36.715984+00:00,,Öğrenci Sayısı : 803
İstanbul,Pendik,Pendik İTO Ticaret Mesleki ve Teknik Anadolu Lisesi,970120,Mesleki ve Teknik Anadolu Lisesi,https://pendikito.meb.k12.tr,,,https://pendikito.meb.k12.tr/tema/harita.php,2026-08-31,1148,1148,bulundu,https://pendikito.meb.k12.tr/,2026-10-01T19:27:36.869850+00:00,,Öğrenci Sayısı 1148
İstanbul,Pendik,Pendik İTO Özel Eğitim Uygulama Okulu I. Kademe,751196,Özel Eğitim Kurumu,https://pendikitoozelegitim1.meb.k12.tr,,,https://pendikitoozelegitim1.meb.k12.tr/tema/harita.php,2026-08-31,6,6,bulundu,https://pendikitoozelegitim1.meb.k12.tr/,2026-10-01T19:27:36.956758+00:00,,Öğrenci Sayısı 6
İstanbul,Pendik,Pendik İTO Özel Eğitim Uygulama Okulu III. Kademe,751198,Özel Eğitim Kurumu,https://pendikitoozelegitim3.meb.k12.tr,,,https://pendikitoozelegitim3.meb.k12.tr/tema/harita.php,2026-08-31,186,186,bulundu,https://pendikitoozelegitim3.meb.k12.tr/,2026-10-01T19:27:37.026948+00:00,,Öğrenci Sayısı : 186
İstanbul,Pendik,Pendik İTO Şehit Ahmet Aslanhan Anadolu İmam Hatip Lisesi,761398,Anadolu İmam Hatip Lisesi,https://pendikitosaaihl.meb.k12.tr,,,https://pendikitosaaihl.meb.k12.tr/tema/harita.php,2026-08-31,649,649,bulundu,https://pendikitosaaihl.meb.k12.tr/,2026-10-01T19:27:37.318836+00:00,,Öğrenci Sayısı : 649
İstanbul,Pendik,Prof. Dr. Hulusi Behçet Anadolu Lisesi,745958,Anadolu Lisesi,https://hbal.meb.k12.tr,,,https://hbal.meb.k12.tr/tema/harita.php,2026-08-31,955,955,bulundu,https://hbal.meb.k12.tr/,2026-10-01T19:27:37.422178+00:00,,Öğrenci Sayısı : 955
İstanbul,Pendik,Prof. Dr. Necmettin Erbakan İmam Hatip Ortaokulu,734627,İmam Hatip Ortaokulu,https://necmettinerbakaniho.meb.k12.tr,,,https://necmettinerbakaniho.meb.k12.tr/tema/harita.php,2026-08-31,704,704,bulundu,https://necmettinerbakaniho.meb.k12.tr/tema/okulumuz_hakkinda.php,2026-10-01T19:27:37.444827+00:00,,Öğrenci : 704
İstanbul,Pendik,Prof.Dr.Erol Güngör Ortaokulu,729449,Ortaokul,https://profdrerolgungor.meb.k12.tr,,,https://profdrerolgungor.meb.k12.tr/tema/harita.php,2026-08-31,623,623,bulundu,https://profdrerolgungor.meb.k12.tr/,2026-10-01T19:27:37.475271+00:00,,Öğrenci Sayısı : 623
İstanbul,Pendik,Prof.Dr.Muhammet Tayyip Okiç Anadolu İmam Hatip Lisesi,750202,Anadolu İmam Hatip Lisesi,https://mtayyipokic.meb.k12.tr,,,https://mtayyipokic.meb.k12.tr/tema/harita.php,2026-08-31,274,274,bulundu,https://mtayyipokic.meb.k12.tr/,2026-10-01T19:27:37.864349+00:00,,Öğrenci Sayısı : 274
İstanbul,Pendik,Rasim Özdenören Anadolu Lisesi,765250,Anadolu Lisesi,https://rasimozdenorenal.meb.k12.tr,,,https://rasimozdenorenal.meb.k12.tr/tema/harita.php,2026-08-31,831,831,bulundu,https://rasimozdenorenal.meb.k12.tr/,2026-10-01T19:27:37.885372+00:00,,Öğrenci Sayısı : 831
İstanbul,Pendik,Rauf Denktaş Mesleki ve Teknik Anadolu Lisesi,751601,Mesleki ve Teknik Anadolu Lisesi,https://pendikraufdenktascpal.meb.k12.tr,,,https://pendikraufdenktascpal.meb.k12.tr/tema/harita.php,2026-08-31,655,655,bulundu,https://pendikraufdenktascpal.meb.k12.tr/,2026-10-01T19:27:37.917218+00:00,,Öğrenci Sayısı : 655
İstanbul,Pendik,Selçuk Eraydın İmam Hatip Ortaokulu,760953,İmam Hatip Ortaokulu,https://selcukeraydiniho.meb.k12.tr,,,https://selcukeraydiniho.meb.k12.tr/tema/harita.php,2026-08-31,257,257,bulundu,https://selcukeraydiniho.meb.k12.tr/,2026-10-01T19:27:37.950176+00:00,,Öğrenci Sayısı : 257
İstanbul,Pendik,Semiha Kıraç Ortaokulu,739778,Ortaokul,https://semihakiraco.meb.k12.tr,,,https://semihakiraco.meb.k12.tr/tema/harita.php,2026-08-31,82,82,bulundu,https://semihakiraco.meb.k12.tr/,2026-10-01T19:27:37.985693+00:00,,Öğrenci Sayısı 82
İstanbul,Pendik,Semiha Kıraç İlkokulu,739784,İlkokul,https://semihakiraci.meb.k12.tr,,,https://semihakiraci.meb.k12.tr/tema/harita.php,2026-08-31,161,161,bulundu,https://semihakiraci.meb.k12.tr/,2026-10-01T19:27:38.059891+00:00,,Öğrenci Sayısı 161
İstanbul,Pendik,Seyit Burhan Toprak İlkokulu,729460,İlkokul,https://seyitburhantoprakilkokulu.meb.k12.tr,,,https://seyitburhantoprakilkokulu.meb.k12.tr/tema/harita.php,2026-08-31,729,729,bulundu,https://seyitburhantoprakilkokulu.meb.k12.tr/,2026-10-01T19:27:38.091488+00:00,,Öğrenci Sayısı 729
İstanbul,Pendik,Sezai Karakoç İmam Hatip Ortaokulu,761880,İmam Hatip Ortaokulu,https://sezaikarakociho.meb.k12.tr,,,https://sezaikarakociho.meb.k12.tr/tema/harita.php,2026-08-31,1091,1091,bulundu,https://sezaikarakociho.meb.k12.tr/,2026-10-01T19:27:38.097001+00:00,,Öğrenci Sayısı 1091
İstanbul,Pendik,Sultan Abdülhamit Han Ortaokulu,745026,Ortaokul,https://sultanabdulhamithan.meb.k12.tr,,,https://sultanabdulhamithan.meb.k12.tr/tema/harita.php,2026-08-31,1529,1529,bulundu,https://sultanabdulhamithan.meb.k12.tr/,2026-10-01T19:27:38.182741+00:00,,Öğrenci Sayısı : 1529
İstanbul,Pendik,Süleyman Cem Bıyık Ortaokulu,739874,Ortaokul,https://suleymancembiyikortaokulu.meb.k12.tr,,,https://suleymancembiyikortaokulu.meb.k12.tr/tema/harita.php,2026-08-31,64,64,bulundu,https://suleymancembiyikortaokulu.meb.k12.tr/,2026-10-01T19:27:38.363660+00:00,,Öğrenci Sayısı : 64
İstanbul,Pendik,Süleyman Cem Bıyık İlkokulu,739875,İlkokul,https://suleymancembiyikilkokulu.meb.k12.tr,,,https://suleymancembiyikilkokulu.meb.k12.tr/tema/harita.php,2026-08-31,90,90,bulundu,https://suleymancembiyikilkokulu.meb.k12.tr/,2026-10-01T19:27:38.375467+00:00,,Öğrenci Sayısı : 90
İstanbul,Pendik,Süleyman Yazıcı İmam Hatip Ortaokulu,763336,İmam Hatip Ortaokulu,https://suleymanyaziciiho.meb.k12.tr,,,https://suleymanyaziciiho.meb.k12.tr/tema/harita.php,2026-08-31,228,228,bulundu,https://suleymanyaziciiho.meb.k12.tr/,2026-10-01T19:27:38.410739+00:00,,Öğrenci Sayısı 228
İstanbul,Pendik,Süreyyapaşa İlkokulu,254998,İlkokul,https://pendiksureyyapasa.meb.k12.tr,,,https://pendiksureyyapasa.meb.k12.tr/tema/harita.php,2026-08-31,780,780,bulundu,https://pendiksureyyapasa.meb.k12.tr/,2026-10-01T19:27:38.409827+00:00,,Öğrenci Sayısı 780
İstanbul,Pendik,Tahir Kaya İmam Hatip Ortaokulu,765974,İmam Hatip Ortaokulu,https://tahirkayaiho.meb.k12.tr,,,https://tahirkayaiho.meb.k12.tr/tema/harita.php,2026-08-31,249,249,bulundu,https://tahirkayaiho.meb.k12.tr/,2026-10-01T19:27:38.766283+00:00,,Öğrenci Sayısı 249
İstanbul,Pendik,Tarık Buğra Anadolu Lisesi,322763,Anadolu Lisesi,https://pendiktarikbugra.meb.k12.tr,,,https://pendiktarikbugra.meb.k12.tr/tema/harita.php,2026-08-31,1070,1070,bulundu,https://pendiktarikbugra.meb.k12.tr/,2026-10-01T19:27:38.779833+00:00,,Öğrenci Sayısı : 1070
İstanbul,Pendik,Teknopark İstanbul Mesleki ve Teknik Anadolu Lisesi,767393,Mesleki ve Teknik Anadolu Lisesi,https://teknoparkistanbul.meb.k12.tr,,,https://teknoparkistanbul.meb.k12.tr/tema/harita.php,2026-08-31,201,201,bulundu,https://teknoparkistanbul.meb.k12.tr/,2026-10-01T19:27:39.033886+00:00,,Öğrenci Sayısı : 201
İstanbul,Pendik,Tevfik İleri İlkokulu,739747,İlkokul,https://pendiktevfikileriilkokulu.meb.k12.tr,,,https://pendiktevfikileriilkokulu.meb.k12.tr/tema/harita.php,2026-08-31,510,510,bulundu,https://pendiktevfikileriilkokulu.meb.k12.tr/,2026-10-01T19:27:39.056939+00:00,,Öğrenci Sayısı : 510
İstanbul,Pendik,Tevfik İleri İmam Hatip Ortaokulu,759107,İmam Hatip Ortaokulu,https://pendiktevfikileriiho.meb.k12.tr,,,https://pendiktevfikileriiho.meb.k12.tr/tema/harita.php,2026-08-31,301,301,bulundu,https://pendiktevfikileriiho.meb.k12.tr/,2026-10-01T19:27:39.095332+00:00,,Öğrenci Sayısı 301
İstanbul,Pendik,Tuba Şehitleri İmam Hatip Ortaokulu,765580,İmam Hatip Ortaokulu,https://tubasehitleriho.meb.k12.tr,,,https://tubasehitleriho.meb.k12.tr/tema/harita.php,2026-08-31,381,381,bulundu,https://tubasehitleriho.meb.k12.tr/,2026-10-01T19:27:39.405509+00:00,,Öğrenci Sayısı 381
İstanbul,Pendik,Tunalar Kızılay Anaokulu,775734,Anaokulu,https://tunalarkizilayanaokulu.meb.k12.tr,,,https://tunalarkizilayanaokulu.meb.k12.tr/tema/harita.php,2026-08-31,98,98,bulundu,https://tunalarkizilayanaokulu.meb.k12.tr/,2026-10-01T19:27:39.544819+00:00,,Öğrenci Sayısı 98
İstanbul,Pendik,Turgut Özal Anadolu Lisesi,767492,Anadolu Lisesi,https://pendikturgutozal.meb.k12.tr,,,https://pendikturgutozal.meb.k12.tr/tema/harita.php,2026-08-31,831,831,bulundu,https://pendikturgutozal.meb.k12.tr/,2026-10-01T19:27:39.659479+00:00,,Öğrenci Sayısı : 831
İstanbul,Pendik,Uluslararası Pendik Kız Anadolu İmam Hatip Lisesi,161648,Anadolu İmam Hatip Lisesi,https://pendikaihl.meb.k12.tr,,,https://pendikaihl.meb.k12.tr/tema/harita.php,2026-08-31,589,589,bulundu,https://pendikaihl.meb.k12.tr/,2026-10-01T19:27:39.665722+00:00,,Öğrenci Sayısı : 589
İstanbul,Pendik,Velibaba Kız Mesleki ve Teknik Anadolu Lisesi,774850,Mesleki ve Teknik Anadolu Lisesi,https://velibabamtal.meb.k12.tr,,,https://velibabamtal.meb.k12.tr/tema/harita.php,2026-08-31,681,681,bulundu,https://velibabamtal.meb.k12.tr/,2026-10-01T19:27:39.793675+00:00,,Öğrenci Sayısı : 681
İstanbul,Pendik,Velibaba Ortaokulu,739735,Ortaokul,https://velibaba.meb.k12.tr,,,https://velibaba.meb.k12.tr/tema/harita.php,2026-08-31,963,963,bulundu,https://velibaba.meb.k12.tr/,2026-10-01T19:27:39.866180+00:00,,Öğrenci Sayısı 963
İstanbul,Pendik,Velibaba İlkokulu,739740,İlkokul,https://pendikvelibaba.meb.k12.tr,,,https://pendikvelibaba.meb.k12.tr/tema/harita.php,2026-08-31,,,bulunamadi,,2026-10-01T19:27:39.892081+00:00,,
İstanbul,Pendik,Yavuz Sultan Selim Anadolu Lisesi,767540,Anadolu Lisesi,https://yssalpendik.meb.k12.tr,,,https://yssalpendik.meb.k12.tr/tema/harita.php,2026-08-31,1043,1043,bulundu,https://yssalpendik.meb.k12.tr/,2026-10-01T19:27:39.998815+00:00,,Öğrenci Sayısı : 1043
İstanbul,Pendik,Yayalar Ortaokulu,766875,Ortaokul,https://yayalarortaokulu.meb.k12.tr,,,https://yayalarortaokulu.meb.k12.tr/tema/harita.php,2026-08-31,756,756,bulundu,https://yayalarortaokulu.meb.k12.tr/,2026-10-01T19:27:40.071212+00:00,,Öğrenci Sayısı : 756
İstanbul,Pendik,Yayalar İlkokulu,766873,İlkokul,https://pendikyayalarilkokulu.meb.k12.tr,,,https://pendikyayalarilkokulu.meb.k12.tr/tema/harita.php,2026-08-31,710,710,bulundu,https://pendikyayalarilkokulu.meb.k12.tr/,2026-10-01T19:27:40.189012+00:00,,Öğrenci Sayısı: 710
İstanbul,Pendik,Yıldırım Beyazıt Ortaokulu,743470,Ortaokul,https://pendikyildirimbeyazit.meb.k12.tr,,,https://pendikyildirimbeyazit.meb.k12.tr/tema/harita.php,2026-08-31,1041,1041,bulundu,https://pendikyildirimbeyazit.meb.k12.tr/,2026-10-01T19:27:40.242462+00:00,,Öğrenci Sayısı : 1041
İstanbul,Pendik,Yıldırım Beyazıt İlkokulu,729469,İlkokul,https://pendikybi.meb.k12.tr,,,https://pendikybi.meb.k12.tr/tema/harita.php,2026-08-31,1092,1092,bulundu,https://pendikybi.meb.k12.tr/,2026-10-01T19:27:40.245625+00:00,,Öğrenci Sayısı 1092
İstanbul,Pendik,Yıldırım Beyazıt İmam Hatip Ortaokulu,762655,İmam Hatip Ortaokulu,https://pendikyildirimbeyazitiho.meb.k12.tr,,,https://pendikyildirimbeyazitiho.meb.k12.tr/tema/harita.php,2026-08-31,262,262,bulundu,https://pendikyildirimbeyazitiho.meb.k12.tr/,2026-10-01T19:27:40.299232+00:00,,Öğrenci Sayısı : 262
İstanbul,Pendik,Zübeyde Hanım İlkokulu,729487,İlkokul,https://pendikzubeydehanimilkokulu.meb.k12.tr,,,https://pendikzubeydehanimilkokulu.meb.k12.tr/tema/harita.php,2026-08-31,596,596,bulundu,https://pendikzubeydehanimilkokulu.meb.k12.tr/,2026-10-01T19:27:40.335425+00:00,,Öğrenci Sayısı : 596
İstanbul,Pendik,Zübeyde Hanım İmam Hatip Ortaokulu,759220,İmam Hatip Ortaokulu,https://zubeydehanimiho.meb.k12.tr,,,https://zubeydehanimiho.meb.k12.tr/tema/harita.php,2026-08-31,346,346,bulundu,https://zubeydehanimiho.meb.k12.tr/,2026-10-01T19:27:40.360625+00:00,,Öğrenci Sayısı 346
İstanbul,Pendik,Çamlık İlkokulu,739931,İlkokul,https://pendikcamlik.meb.k12.tr,,,https://pendikcamlik.meb.k12.tr/tema/harita.php,2026-08-31,1312,1312,bulundu,https://pendikcamlik.meb.k12.tr/,2026-10-01T19:27:40.363693+00:00,,Öğrenci Sayısı : 1312
İstanbul,Pendik,Çamçeşme İlkokulu,739934,İlkokul,https://pendikcamcesmeilkokulu.meb.k12.tr,,,https://pendikcamcesmeilkokulu.meb.k12.tr/tema/harita.php,2026-08-31,1174,1174,bulundu,https://pendikcamcesmeilkokulu.meb.k12.tr/,2026-10-01T19:27:40.364831+00:00,,Öğrenci Sayısı 1174
İstanbul,Pendik,Çamçeşme İmam Hatip Ortaokulu,753032,İmam Hatip Ortaokulu,https://camcesmeiho.meb.k12.tr,,,https://camcesmeiho.meb.k12.tr/tema/harita.php,2026-08-31,514,514,bulundu,https://camcesmeiho.meb.k12.tr/,2026-10-01T19:27:40.543202+00:00,,Öğrenci Sayısı : 514
İstanbul,Pendik,Çavuşoğlu İsmail Yeşilyurt İmam Hatip Ortaokulu,759624,İmam Hatip Ortaokulu,https://cavusogluismailyesilyurt.meb.k12.tr,,,https://cavusogluismailyesilyurt.meb.k12.tr/tema/harita.php,2026-08-31,617,617,bulundu,https://cavusogluismailyesilyurt.meb.k12.tr/,2026-10-01T19:27:40.556902+00:00,,Öğrenci Sayısı 617
İstanbul,Pendik,Ömer Çam Anadolu İmam Hatip Lisesi,974697,Anadolu İmam Hatip Lisesi,https://omercamaihl.meb.k12.tr,,,https://omercamaihl.meb.k12.tr/tema/harita.php,2026-08-31,556,556,bulundu,https://omercamaihl.meb.k12.tr/,2026-10-01T19:27:40.559818+00:00,,Öğrenci Sayısı 556
İstanbul,Pendik,Ömer Çam İmam Hatip Ortaokulu,766074,İmam Hatip Ortaokulu,https://omercamiho.meb.k12.tr,,,https://omercamiho.meb.k12.tr/tema/harita.php,2026-08-31,654,654,bulundu,https://omercamiho.meb.k12.tr/tema/okulumuz_hakkinda.php,2026-10-01T19:27:40.562846+00:00,,Öğrenci : 654
İstanbul,Pendik,Ömer Öztop Kız Anadolu İmam Hatip Lisesi,750041,Anadolu İmam Hatip Lisesi,https://pendikomeroztopanadoluihl.meb.k12.tr,,,https://pendikomeroztopanadoluihl.meb.k12.tr/tema/harita.php,2026-08-31,456,456,bulundu,https://pendikomeroztopanadoluihl.meb.k12.tr/,2026-10-01T19:27:40.566909+00:00,,Öğrenci Sayısı 456
İstanbul,Pendik,Öğretmen İbrahim Öztürk İlkokulu,739796,İlkokul,https://oiozturkio.meb.k12.tr,,,https://oiozturkio.meb.k12.tr/tema/harita.php,2026-08-31,1119,1119,bulundu,https://oiozturkio.meb.k12.tr/,2026-10-01T19:27:40.687569+00:00,,Öğrenci Sayısı 1119
İstanbul,Pendik,Öğretmenevleri Ortaokulu,743476,Ortaokul,https://ogretmenevlerioo.meb.k12.tr,,,https://ogretmenevlerioo.meb.k12.tr/tema/harita.php,2026-08-31,,,bulunamadi,,2026-10-01T19:27:40.957531+00:00,,
İstanbul,Pendik,Öğretmenevleri İlkokulu,729372,İlkokul,https://ogretmenevleriio.meb.k12.tr,,,https://ogretmenevleriio.meb.k12.tr/tema/harita.php,2026-08-31,,,bulunamadi,,2026-10-01T19:27:41.082834+00:00,,
İstanbul,Pendik,İsa Yusuf Alptekin Ortaokulu,739864,Ortaokul,https://iyalptekin.meb.k12.tr,,,https://iyalptekin.meb.k12.tr/tema/harita.php,2026-08-31,577,577,bulundu,https://iyalptekin.meb.k12.tr/,2026-10-01T19:27:41.202565+00:00,,Öğrenci Sayısı : 577
İstanbul,Pendik,İsa Yusuf Alptekin İlkokulu,739866,İlkokul,https://isayusufalptekin.meb.k12.tr,,,https://isayusufalptekin.meb.k12.tr/tema/harita.php,2026-08-31,965,965,bulundu,https://isayusufalptekin.meb.k12.tr/,2026-10-01T19:27:41.224736+00:00,,Öğrenci Sayısı 965
İstanbul,Pendik,İsmail Biçer Anadolu İmam Hatip Lisesi,768227,Anadolu İmam Hatip Lisesi,https://ismailbiceraihl.meb.k12.tr,,,https://ismailbiceraihl.meb.k12.tr/tema/harita.php,2026-08-31,506,506,bulundu,https://ismailbiceraihl.meb.k12.tr/,2026-10-01T19:27:41.337301+00:00,,Öğrenci Sayısı : 506
İstanbul,Pendik,Şehit Adil Büyükcengiz Anadolu İmam Hatip Lisesi,762191,Anadolu İmam Hatip Lisesi,https://sehitadilbcaihl.meb.k12.tr,,,https://sehitadilbcaihl.meb.k12.tr/tema/harita.php,2026-08-31,825,825,bulundu,https://sehitadilbcaihl.meb.k12.tr/,2026-10-01T19:27:41.363399+00:00,,Öğrenci Sayısı : 825
İstanbul,Pendik,Şehit Olcay Duman İmam Hatip Ortaokulu,762559,İmam Hatip Ortaokulu,https://sehitolcaydumaniho.meb.k12.tr,,,https://sehitolcaydumaniho.meb.k12.tr/tema/harita.php,2026-08-31,499,499,bulundu,https://sehitolcaydumaniho.meb.k12.tr/,2026-10-01T19:27:41.554989+00:00,,Öğrenci Sayısı 499
İstanbul,Pendik,Şehit Piyade Er Ayhan Kasımoğlu İlkokulu,761168,İlkokul,https://sehiterayhankasimogluilkokulu.meb.k12.tr,,,https://sehiterayhankasimogluilkokulu.meb.k12.tr/tema/harita.php,2026-08-31,494,494,bulundu,https://sehiterayhankasimogluilkokulu.meb.k12.tr/tema/okulumuz_hakkinda.php,2026-10-01T19:27:41.668048+00:00,,Öğrenci : 494
İstanbul,Pendik,Şehit Selçuk Beki Ortaokulu,739984,Ortaokul,https://pendiksehitselcukbeki.meb.k12.tr,,,https://pendiksehitselcukbeki.meb.k12.tr/tema/harita.php,2026-08-31,563,563,bulundu,https://pendiksehitselcukbeki.meb.k12.tr/,2026-10-01T19:27:41.811085+00:00,,Öğrenci Sayısı : 563
İstanbul,Pendik,Şehit Yalçın Aran Ortaokulu,739953,Ortaokul,https://sehityalcinaranortaokulu.meb.k12.tr,,,https://sehityalcinaranortaokulu.meb.k12.tr/tema/harita.php,2026-08-31,1097,1097,bulundu,https://sehityalcinaranortaokulu.meb.k12.tr/tema/okulumuz_hakkinda.php,2026-10-01T19:27:41.815015+00:00,,Öğrenci : 1097
İstanbul,Pendik,Şehit Ömer Öner İlkokulu,739957,İlkokul,https://pendiksehitomeronerilkokulu.meb.k12.tr,,,https://pendiksehitomeronerilkokulu.meb.k12.tr/tema/harita.php,2026-08-31,1305,1305,bulundu,https://pendiksehitomeronerilkokulu.meb.k12.tr/,2026-10-01T19:27:41.901962+00:00,,Öğrenci Sayısı 1305
İstanbul,Pendik,Şemsi Tebrizi İmam Hatip Ortaokulu,766037,İmam Hatip Ortaokulu,https://semsitebriziiho.meb.k12.tr,,,https://semsitebriziiho.meb.k12.tr/tema/harita.php,2026-08-31,537,537,bulundu,https://semsitebriziiho.meb.k12.tr/,2026-10-01T19:27:41.907346+00:00,,Öğrenci Sayısı 537
İstanbul,Pendik,Şeyhli Ortaokulu,739753,Ortaokul,https://pendikseyhliortaokulu.meb.k12.tr,,,https://pendikseyhliortaokulu.meb.k12.tr/tema/harita.php,2026-08-31,934,934,bulundu,https://pendikseyhliortaokulu.meb.k12.tr/,2026-10-01T19:27:42.002176+00:00,,Öğrenci Sayısı : 934
İstanbul,Pendik,Şeyhli İlkokulu,739759,İlkokul,https://pendikseyhliilkokulu.meb.k12.tr,,,https://pendikseyhliilkokulu.meb.k12.tr/tema/harita.php,2026-08-31,534,534,bulundu,https://pendikseyhliilkokulu.meb.k12.tr/,2026-10-01T19:27:42.095278+00:00,,Öğrenci Sayısı : 534
İstanbul,Pendik,Şule Yüksel Şenler Kız Anadolu İmam Hatip Lisesi,757782,Anadolu İmam Hatip Lisesi,https://suleyukselsenleraihl.meb.k12.tr,,,https://suleyukselsenleraihl.meb.k12.tr/tema/harita.php,2026-08-31,891,891,bulundu,https://suleyukselsenleraihl.meb.k12.tr/,2026-10-01T19:27:42.125420+00:00,,Öğrenci Sayısı : 891
İstanbul,Sancaktepe,15 Temmuz Şehitleri Kız Anadolu İmam Hatip Lisesi,776007,Anadolu İmam Hatip Lisesi,https://15temmuzsehitlerikaihl.meb.k12.tr,,,https://15temmuzsehitlerikaihl.meb.k12.tr/tema/harita.php,2026-08-31,592,592,bulundu,https://15temmuzsehitlerikaihl.meb.k12.tr/tema/okulumuz_hakkinda.php,2026-10-01T19:27:42.189021+00:00,,Öğrenci : 592
İstanbul,Sancaktepe,15 Temmuz Şehitleri İmam Hatip Ortaokulu,762988,İmam Hatip Ortaokulu,https://sancaktepe15temmuzsehitleriiho.meb.k12.tr,,,https://sancaktepe15temmuzsehitleriiho.meb.k12.tr/tema/harita.php,2026-08-31,,,bulunamadi,,2026-10-01T19:27:42.236015+00:00,,
İstanbul,Sancaktepe,60. Yıl Sarıgazi İlkokulu,738524,İlkokul,https://60yilsarigaziilkokulu.meb.k12.tr,,,https://60yilsarigaziilkokulu.meb.k12.tr/tema/harita.php,2026-08-31,954,954,bulundu,https://60yilsarigaziilkokulu.meb.k12.tr/,2026-10-01T19:27:42.279126+00:00,,Öğrenci Sayısı 954
İstanbul,Sancaktepe,60. Yıl Sarıgazi İmam Hatip Ortaokulu,750455,İmam Hatip Ortaokulu,https://60yilsarigaziiho.meb.k12.tr,,,https://60yilsarigaziiho.meb.k12.tr/tema/harita.php,2026-08-31,288,288,bulundu,https://60yilsarigaziiho.meb.k12.tr/tema/okulumuz_hakkinda.php,2026-10-01T19:27:42.284424+00:00,,Öğrenci : 288
İstanbul,Sancaktepe,60.Yıl Sarıgazi Ortaokulu,969261,Ortaokul,https://60yilsarigazi.meb.k12.tr,,,https://60yilsarigazi.meb.k12.tr/tema/harita.php,2026-08-31,2140,2140,bulundu,https://60yilsarigazi.meb.k12.tr/tema/okulumuz_hakkinda.php,2026-10-01T19:27:42.285645+00:00,,Öğrenci : 2140
İstanbul,Sancaktepe,75. Yıl Cumhuriyet Ortaokulu,739723,Ortaokul,https://sancaktepe75.meb.k12.tr,,,https://sancaktepe75.meb.k12.tr/tema/harita.php,2026-08-31,532,532,bulundu,https://sancaktepe75.meb.k12.tr/,2026-10-01T19:27:42.319933+00:00,,Öğrenci Sayısı : 532
İstanbul,Sancaktepe,Abdurrahmangazi İmam Hatip Ortaokulu,759809,İmam Hatip Ortaokulu,https://abdurrahmangaziiho.meb.k12.tr,,,https://abdurrahmangaziiho.meb.k12.tr/tema/harita.php,2026-08-31,987,987,bulundu,https://abdurrahmangaziiho.meb.k12.tr/,2026-10-01T19:27:42.367020+00:00,,Öğrenci Sayısı : 987
İstanbul,Sancaktepe,Ayşe Çarmıklı İlkokulu,738542,İlkokul,https://aysecarmikliilkokulu.meb.k12.tr,,,https://aysecarmikliilkokulu.meb.k12.tr/tema/harita.php,2026-08-31,1280,1280,bulundu,https://aysecarmikliilkokulu.meb.k12.tr/,2026-10-01T19:27:42.369247+00:00,,Öğrenci Sayısı: 1280
İstanbul,Sancaktepe,Beyhan Şenyuva Kız Anadolu İmam Hatip Lisesi,775971,Anadolu İmam Hatip Lisesi,https://beyhansenyuvakaihl.meb.k12.tr,,,https://beyhansenyuvakaihl.meb.k12.tr/tema/harita.php,2026-08-31,675,675,bulundu,https://beyhansenyuvakaihl.meb.k12.tr/,2026-10-01T19:27:42.647164+00:00,,Öğrenci Sayısı 675
İstanbul,Sancaktepe,Beyhan Şenyuva Ortaokulu,745045,Ortaokul,https://beyhansenyuvaortaokulu.meb.k12.tr,,,https://beyhansenyuvaortaokulu.meb.k12.tr/tema/harita.php,2026-08-31,1093,1093,bulundu,https://beyhansenyuvaortaokulu.meb.k12.tr/,2026-10-01T19:27:42.728617+00:00,,Öğrenci Sayısı : 1093
İstanbul,Sancaktepe,Beyhan Şenyuva İmam Hatip Ortaokulu,745647,İmam Hatip Ortaokulu,https://745647.meb.k12.tr,,,https://745647.meb.k12.tr/tema/harita.php,2026-08-31,622,622,bulundu,https://745647.meb.k12.tr/,2026-10-01T19:27:42.763767+00:00,,Öğrenci Sayısı : 622
İstanbul,Sancaktepe,Borsa İstanbul Muhsin Yazıcıoğlu Anadolu İmam Hatip Lisesi,774380,Anadolu İmam Hatip Lisesi,https://bistmuhsinyaziciogluaihl.meb.k12.tr,,,https://bistmuhsinyaziciogluaihl.meb.k12.tr/tema/harita.php,2026-08-31,675,675,bulundu,https://bistmuhsinyaziciogluaihl.meb.k12.tr/,2026-10-01T19:27:42.899114+00:00,,Öğrenci Sayısı : 675
İstanbul,Sancaktepe,Cengiz Topel Ortaokulu,739716,Ortaokul,https://sancaktepecengiztopelorta.meb.k12.tr,,,https://sancaktepecengiztopelorta.meb.k12.tr/tema/harita.php,2026-08-31,870,870,bulundu,https://sancaktepecengiztopelorta.meb.k12.tr/,2026-10-01T19:27:43.199865+00:00,,Öğrenci Sayısı 870
İstanbul,Sancaktepe,Cengiz Topel İlkokulu,739719,İlkokul,https://sancaktepecengiztopelilk.meb.k12.tr,,,https://sancaktepecengiztopelilk.meb.k12.tr/tema/harita.php,2026-08-31,1053,1053,bulundu,https://sancaktepecengiztopelilk.meb.k12.tr/,2026-10-01T19:27:43.210602+00:00,,Öğrenci Sayısı : 1053
İstanbul,Sancaktepe,Fehmi Yılmaz Mesleki ve Teknik Anadolu Lisesi,749976,Mesleki ve Teknik Anadolu Lisesi,https://fehmiyilmaz.meb.k12.tr,,,https://fehmiyilmaz.meb.k12.tr/tema/harita.php,2026-08-31,1303,1303,bulundu,https://fehmiyilmaz.meb.k12.tr/,2026-10-01T19:27:43.256889+00:00,,Öğrenci Sayısı : 1303
İstanbul,Sancaktepe,Feriha Öz Hastanesi Kopuzlar Vakfı Anaokulu,776372,Anaokulu,https://ferihaozkopuzlarvakfianaokulu.meb.k12.tr,,,https://ferihaozkopuzlarvakfianaokulu.meb.k12.tr/tema/harita.php,2026-08-31,106,106,bulundu,https://ferihaozkopuzlarvakfianaokulu.meb.k12.tr/,2026-10-01T19:27:43.289560+00:00,,Öğrenci Sayısı 106
İstanbul,Sancaktepe,Hilal İlkokulu,775849,İlkokul,https://hilalilkokulu.meb.k12.tr,,,https://hilalilkokulu.meb.k12.tr/tema/harita.php,2026-08-31,812,812,bulundu,https://hilalilkokulu.meb.k12.tr/,2026-10-01T19:27:43.333389+00:00,,Öğrenci Sayısı : 812
İstanbul,Sancaktepe,Hisar Yapı İlkokulu,971639,İlkokul,https://hisaryapi.meb.k12.tr,,,https://hisaryapi.meb.k12.tr/tema/harita.php,2026-08-31,1814,1814,bulundu,https://hisaryapi.meb.k12.tr/,2026-10-01T19:27:43.603564+00:00,,Öğrenci Sayısı 1814
İstanbul,Sancaktepe,Hürkuş Özel Eğitim Anaokulu,774930,Anaokulu,https://hurkusozelegitimanaokulu.meb.k12.tr,,,https://hurkusozelegitimanaokulu.meb.k12.tr/tema/harita.php,2026-08-31,12,12,bulundu,https://hurkusozelegitimanaokulu.meb.k12.tr/,2026-10-01T19:27:43.648876+00:00,,Öğrenci Sayısı 12
İstanbul,Sancaktepe,Hüseyin Temizel İlkokulu,739699,İlkokul,https://huseyintemizelilkokulu.meb.k12.tr,,,https://huseyintemizelilkokulu.meb.k12.tr/tema/harita.php,2026-08-31,1157,1157,bulundu,https://huseyintemizelilkokulu.meb.k12.tr/,2026-10-01T19:27:43.699042+00:00,,Öğrenci Sayısı: 1157
İstanbul,Sancaktepe,Hüseyin Tolgacan Sipahi Ortaokulu,739691,Ortaokul,https://htsipahiortaokulu.meb.k12.tr,,,https://htsipahiortaokulu.meb.k12.tr/tema/harita.php,2026-08-31,1936,1936,bulundu,https://htsipahiortaokulu.meb.k12.tr/,2026-10-01T19:27:43.701663+00:00,,Öğrenci Sayısı 1936
İstanbul,Sancaktepe,Kemal Türkler İlkokulu,739685,İlkokul,https://kemalturklerilkokulu.meb.k12.tr,,,https://kemalturklerilkokulu.meb.k12.tr/tema/harita.php,2026-08-31,1504,1504,bulundu,https://kemalturklerilkokulu.meb.k12.tr/,2026-10-01T19:27:43.812975+00:00,,Öğrenci Sayısı : 1504
İstanbul,Sancaktepe,Küçük Ülkü İlkokulu,739681,İlkokul,https://kucukulku.meb.k12.tr,,,https://kucukulku.meb.k12.tr/tema/harita.php,2026-08-31,1445,1445,bulundu,https://kucukulku.meb.k12.tr/,2026-10-01T19:27:43.814021+00:00,,Öğrenci Sayısı 1445
İstanbul,Sancaktepe,Mavi Kuş Anaokulu,774192,Anaokulu,https://mavikusanaokulu.meb.k12.tr,,,https://mavikusanaokulu.meb.k12.tr/tema/harita.php,2026-08-31,167,167,bulundu,https://mavikusanaokulu.meb.k12.tr/,2026-10-01T19:27:43.820528+00:00,,Öğrenci Sayısı : 167
İstanbul,Sancaktepe,Mustafa Karaşahin İlkokulu,739678,İlkokul,https://mkarasahin.meb.k12.tr,,,https://mkarasahin.meb.k12.tr/tema/harita.php,2026-08-31,2052,2052,bulundu,https://mkarasahin.meb.k12.tr/,2026-10-01T19:27:43.910642+00:00,,Öğrenci Sayısı 2052
İstanbul,Sancaktepe,Nermin Ahmet Hasoğlu Kız Anadolu İmam Hatip Lisesi,768307,Anadolu İmam Hatip Lisesi,https://nerminahmethasoglukizaihl.meb.k12.tr,,,https://nerminahmethasoglukizaihl.meb.k12.tr/tema/harita.php,2026-08-31,763,763,bulundu,https://nerminahmethasoglukizaihl.meb.k12.tr/,2026-10-01T19:27:43.914039+00:00,,Öğrenci Sayısı : 763
İstanbul,Sancaktepe,Nermin Ahmet Hasoğlu Ortaokulu,739670,Ortaokul,https://nerminahmethasogluortaokulu.meb.k12.tr,,,https://nerminahmethasogluortaokulu.meb.k12.tr/tema/harita.php,2026-08-31,1029,1029,bulundu,https://nerminahmethasogluortaokulu.meb.k12.tr/,2026-10-01T19:27:44.052692+00:00,,Öğrenci Sayısı 1029
İstanbul,Sancaktepe,Niyazi Sayın Bilim ve Sanat Merkezi,768188,Bilim ve Sanat Merkezi,https://sancaktepebilsem.meb.k12.tr,,,https://sancaktepebilsem.meb.k12.tr/tema/harita.php,2026-08-31,517,517,bulundu,https://sancaktepebilsem.meb.k12.tr/,2026-10-01T19:27:44.120953+00:00,,Öğrenci Sayısı : 517
İstanbul,Sancaktepe,Ortadağ Ortaokulu,774391,Ortaokul,https://ortadagortaokulu.meb.k12.tr,,,https://ortadagortaokulu.meb.k12.tr/tema/harita.php,2026-08-31,929,929,bulundu,https://ortadagortaokulu.meb.k12.tr/,2026-10-01T19:27:44.138139+00:00,,Öğrenci Sayısı 929
İstanbul,Sancaktepe,Osmangazi İlkokulu,739667,İlkokul,https://osmangaziilkokul.meb.k12.tr,,,https://osmangaziilkokul.meb.k12.tr/tema/harita.php,2026-08-31,897,897,bulundu,https://osmangaziilkokul.meb.k12.tr/,2026-10-01T19:27:44.295925+00:00,,Öğrenci Sayısı: 897
İstanbul,Sancaktepe,PAŞAKÖY ORTAOKULU,739658,Ortaokul,https://sancaktepepasakoyortaokulu.meb.k12.tr,,,https://sancaktepepasakoyortaokulu.meb.k12.tr/tema/harita.php,2026-08-31,108,108,bulundu,https://sancaktepepasakoyortaokulu.meb.k12.tr/,2026-10-01T19:27:44.413163+00:00,,Öğrenci Sayısı : 108
İstanbul,Sancaktepe,Paşaköy İlkokulu,739662,İlkokul,https://sancaktepepasakoyio.meb.k12.tr,,,https://sancaktepepasakoyio.meb.k12.tr/tema/harita.php,2026-08-31,120,120,bulundu,https://sancaktepepasakoyio.meb.k12.tr/tema/okulumuz_hakkinda.php,2026-10-01T19:27:44.562092+00:00,,Öğrenci : 120
İstanbul,Sancaktepe,Perran Kutman Sarıtaş Ortaokulu,739655,Ortaokul,https://perrankutmansaritas.meb.k12.tr,,,https://perrankutmansaritas.meb.k12.tr/tema/harita.php,2026-08-31,428,428,bulundu,https://perrankutmansaritas.meb.k12.tr/,2026-10-01T19:27:44.563945+00:00,,Öğrenci Sayısı : 428
İstanbul,Sancaktepe,Perran Kutman Sarıtaş İlkokulu,739656,İlkokul,https://perrankutmansaritasilkokulu.meb.k12.tr,,,https://perrankutmansaritasilkokulu.meb.k12.tr/tema/harita.php,2026-08-31,553,553,bulundu,https://perrankutmansaritasilkokulu.meb.k12.tr/,2026-10-01T19:27:44.800539+00:00,,Öğrenci Sayısı 553
İstanbul,Sancaktepe,Rabia Kız Anadolu İmam Hatip Lisesi,760801,Anadolu İmam Hatip Lisesi,https://rabiakizaihl.meb.k12.tr,,,https://rabiakizaihl.meb.k12.tr/tema/harita.php,2026-08-31,668,668,bulundu,https://rabiakizaihl.meb.k12.tr/,2026-10-01T19:27:44.821871+00:00,,Öğrenci Sayısı : 668
İstanbul,Sancaktepe,Sabedin Türker İlkokulu,739654,İlkokul,https://sabedinturkerilkokulu.meb.k12.tr,,,https://sabedinturkerilkokulu.meb.k12.tr/tema/harita.php,2026-08-31,827,827,bulundu,https://sabedinturkerilkokulu.meb.k12.tr/,2026-10-01T19:27:44.870199+00:00,,Öğrenci Sayısı 827
İstanbul,Sancaktepe,Samandıra Kız Anadolu İmam Hatip Lisesi,751694,Anadolu İmam Hatip Lisesi,https://skaihl.meb.k12.tr,,,https://skaihl.meb.k12.tr/tema/harita.php,2026-08-31,863,863,bulundu,https://skaihl.meb.k12.tr/tema/okulumuz_hakkinda.php,2026-10-01T19:27:44.906277+00:00,,Öğrenci : 863
İstanbul,Sancaktepe,Samandıra Mesleki ve Teknik Anadolu Lisesi,967499,Mesleki ve Teknik Anadolu Lisesi,https://samandiramtal.meb.k12.tr,,,https://samandiramtal.meb.k12.tr/tema/harita.php,2026-08-31,1047,1047,bulundu,https://samandiramtal.meb.k12.tr/,2026-10-01T19:27:44.918830+00:00,,Öğrenci Sayısı : 1047
İstanbul,Sancaktepe,Samandıra Ortaokulu,739648,Ortaokul,https://samandira.meb.k12.tr,,,https://samandira.meb.k12.tr/tema/harita.php,2026-08-31,1281,1281,bulundu,https://samandira.meb.k12.tr/,2026-10-01T19:27:45.007377+00:00,,Öğrenci Sayısı : 1281
İstanbul,Sancaktepe,Samandıra Veysel Karani İlkokulu,739647,İlkokul,https://svki.meb.k12.tr,,,https://svki.meb.k12.tr/tema/harita.php,2026-08-31,,,bulunamadi,,2026-10-01T19:27:45.120616+00:00,,
İstanbul,Sancaktepe,Sancaktepe Anadolu Lisesi,972215,Anadolu Lisesi,https://sancaktepeanadolulisesi.meb.k12.tr,,,https://sancaktepeanadolulisesi.meb.k12.tr/tema/harita.php,2026-08-31,1147,1147,bulundu,https://sancaktepeanadolulisesi.meb.k12.tr/,2026-10-01T19:27:45.240556+00:00,,Öğrenci Sayısı : 1147
İstanbul,Sancaktepe,Sancaktepe Arif Nihat Asya Anadolu Lisesi,767092,Anadolu Lisesi,https://arifnihatasya.meb.k12.tr,,,https://arifnihatasya.meb.k12.tr/tema/harita.php,2026-08-31,703,703,bulundu,https://arifnihatasya.meb.k12.tr/tema/okulumuz_hakkinda.php,2026-10-01T19:27:45.436116+00:00,,Öğrenci : 703
İstanbul,Sancaktepe,Sancaktepe Aziz Bayraktar Anadolu İmam Hatip Lisesi,970051,Anadolu İmam Hatip Lisesi,https://azizbayraktar.meb.k12.tr,,,https://azizbayraktar.meb.k12.tr/tema/harita.php,2026-08-31,942,942,bulundu,https://azizbayraktar.meb.k12.tr/tema/okulumuz_hakkinda.php,2026-10-01T19:27:45.594514+00:00,,Öğrenci : 942
İstanbul,Sancaktepe,Sancaktepe Aziz Bayraktar İmam Hatip Ortaokulu,760968,İmam Hatip Ortaokulu,https://azizbayraktariho.meb.k12.tr,,,https://azizbayraktariho.meb.k12.tr/tema/harita.php,2026-08-31,1068,1068,bulundu,https://azizbayraktariho.meb.k12.tr/,2026-10-01T19:27:45.601943+00:00,,Öğrenci Sayısı : 1068
İstanbul,Sancaktepe,Sancaktepe Ertuğrul Gazi İmam Hatip Ortaokulu,766893,İmam Hatip Ortaokulu,https://segiho.meb.k12.tr,,,https://segiho.meb.k12.tr/tema/harita.php,2026-08-31,452,452,bulundu,https://segiho.meb.k12.tr/,2026-10-01T19:27:45.618416+00:00,,Öğrenci Sayısı 452
İstanbul,Sancaktepe,Sancaktepe Eyüp Sultan Mesleki ve Teknik Anadolu Lisesi,749857,Mesleki ve Teknik Anadolu Lisesi,https://sancaktepeeyupsultanteml.meb.k12.tr,,,https://sancaktepeeyupsultanteml.meb.k12.tr/tema/harita.php,2026-08-31,1105,1105,bulundu,https://sancaktepeeyupsultanteml.meb.k12.tr/,2026-10-01T19:27:45.659828+00:00,,Öğrenci Sayısı : 1105
İstanbul,Sancaktepe,Sancaktepe Fatih Borsa İstanbul Anadolu Lisesi,751354,Anadolu Lisesi,https://sancaktepefatihborsaistanbulal.meb.k12.tr,,,https://sancaktepefatihborsaistanbulal.meb.k12.tr/tema/harita.php,2026-08-31,836,836,bulundu,https://sancaktepefatihborsaistanbulal.meb.k12.tr/,2026-10-01T19:27:45.742808+00:00,,Öğrenci Sayısı : 836
İstanbul,Sancaktepe,Sancaktepe Fatih Sultan Mehmet Ortaokulu,765603,Ortaokul,https://sancaktepefsm.meb.k12.tr,,,https://sancaktepefsm.meb.k12.tr/tema/harita.php,2026-08-31,1510,1510,bulundu,https://sancaktepefsm.meb.k12.tr/,2026-10-01T19:27:45.791433+00:00,,Öğrenci Sayısı : 1510
İstanbul,Sancaktepe,Sancaktepe Halk Eğitimi Merkezi,970123,Halk Eğitimi Merkezi,https://sancaktepehem.meb.k12.tr,,,https://sancaktepehem.meb.k12.tr/tema/harita.php,2026-08-31,,,bulunamadi,,2026-10-01T19:27:45.811182+00:00,,
İstanbul,Sancaktepe,Sancaktepe Hüma Hatun Kız Anadolu İmam Hatip Lisesi,765192,Anadolu İmam Hatip Lisesi,https://humahatunsancaktepe.meb.k12.tr,,,https://humahatunsancaktepe.meb.k12.tr/tema/harita.php,2026-08-31,589,589,bulundu,https://humahatunsancaktepe.meb.k12.tr/,2026-10-01T19:27:45.902184+00:00,,Öğrenci Sayısı : 589
İstanbul,Sancaktepe,Sancaktepe Kız Anadolu İmam Hatip Lisesi,774379,Anadolu İmam Hatip Lisesi,https://sancaktepekaihl.meb.k12.tr,,,https://sancaktepekaihl.meb.k12.tr/tema/harita.php,2026-08-31,927,927,bulundu,https://sancaktepekaihl.meb.k12.tr/,2026-10-01T19:27:45.929022+00:00,,Öğrenci Sayısı : 927
İstanbul,Sancaktepe,Sancaktepe Mavi Vatan İlkokulu,775623,İlkokul,https://sancaktepemavivatanilkokulu.meb.k12.tr,,,https://sancaktepemavivatanilkokulu.meb.k12.tr/tema/harita.php,2026-08-31,785,785,bulundu,https://sancaktepemavivatanilkokulu.meb.k12.tr/,2026-10-01T19:27:45.985565+00:00,,Öğrenci Sayısı : 785
İstanbul,Sancaktepe,Sancaktepe Mesleki Eğitim Merkezi,974517,Mesleki Eğitim Merkezi,https://sancaktepemeslek.meb.k12.tr,,,https://sancaktepemeslek.meb.k12.tr/tema/harita.php,2026-08-31,1151,1151,bulundu,https://sancaktepemeslek.meb.k12.tr/tema/okulumuz_hakkinda.php,2026-10-01T19:27:46.055143+00:00,,Öğrenci : 1151
İstanbul,Sancaktepe,Sancaktepe Musa Efendi Anadolu İmam Hatip Lisesi,765770,Anadolu İmam Hatip Lisesi,https://sancaktepemusaefendiaihl.meb.k12.tr,,,https://sancaktepemusaefendiaihl.meb.k12.tr/tema/harita.php,2026-08-31,424,424,bulundu,https://sancaktepemusaefendiaihl.meb.k12.tr/,2026-10-01T19:27:46.092420+00:00,,Öğrenci Sayısı : 424
İstanbul,Sancaktepe,Sancaktepe Nurettin Topçu Anadolu Lisesi,767318,Anadolu Lisesi,https://snurettintopcual.meb.k12.tr,,,https://snurettintopcual.meb.k12.tr/tema/harita.php,2026-08-31,1272,1272,bulundu,https://snurettintopcual.meb.k12.tr/,2026-10-01T19:27:46.224486+00:00,,Öğrenci Sayısı : 1272
İstanbul,Sancaktepe,Sancaktepe Rehberlik ve Araştırma Merkezi,973505,Rehberlik ve Araştırma Merkezi,https://sancakteperam.meb.k12.tr,,,https://sancakteperam.meb.k12.tr/tema/harita.php,2026-08-31,,,bulunamadi,,2026-10-01T19:27:46.356344+00:00,,
İstanbul,Sancaktepe,Sancaktepe Safa İlkokulu,750491,İlkokul,https://sancaktepesafailkokulu.meb.k12.tr,,,https://sancaktepesafailkokulu.meb.k12.tr/tema/harita.php,2026-08-31,2160,2160,bulundu,https://sancaktepesafailkokulu.meb.k12.tr/,2026-10-01T19:27:46.372280+00:00,,Öğrenci Sayısı : 2160
İstanbul,Sancaktepe,Sancaktepe Sultan II. Abdulhamid Kız Anadolu İmam Hatip Lisesi,760534,Anadolu İmam Hatip Lisesi,https://ssakaihl.meb.k12.tr,,,https://ssakaihl.meb.k12.tr/tema/harita.php,2026-08-31,565,565,bulundu,https://ssakaihl.meb.k12.tr/,2026-10-01T19:27:46.643188+00:00,,Öğrenci Sayısı 565
İstanbul,Sancaktepe,Sancaktepe Teknoloji Anadolu İmam Hatip Lisesi,766892,Anadolu İmam Hatip Lisesi,https://teknolojiaihl.meb.k12.tr,,,https://teknolojiaihl.meb.k12.tr/tema/harita.php,2026-08-31,632,632,bulundu,https://teknolojiaihl.meb.k12.tr/tema/okulumuz_hakkinda.php,2026-10-01T19:27:46.869329+00:00,,Öğrenci : 632
İstanbul,Sancaktepe,Sancaktepe Teknoloji Kız Anadolu İmam Hatip Lisesi,777202,Anadolu İmam Hatip Lisesi,https://777202.meb.k12.tr,,,https://777202.meb.k12.tr/tema/harita.php,2026-08-31,,,bulunamadi,,2026-10-01T19:27:46.884701+00:00,,
İstanbul,Sancaktepe,Sancaktepe Özel Eğitim Meslek Okulu,777097,Özel Eğitim Kurumu,https://777097.meb.k12.tr,,,https://777097.meb.k12.tr/tema/harita.php,2026-08-31,4,4,bulundu,https://777097.meb.k12.tr/,2026-10-01T19:27:47.426905+00:00,,Öğrenci Sayısı : 4
İstanbul,Sancaktepe,Sancaktepe İlkokulu,750490,İlkokul,https://istanbulsancaktepeilkokulu.meb.k12.tr,,,https://istanbulsancaktepeilkokulu.meb.k12.tr/tema/harita.php,2026-08-31,1224,1224,bulundu,https://istanbulsancaktepeilkokulu.meb.k12.tr/,2026-10-01T19:27:47.562864+00:00,,Öğrenci Sayısı: 1224
İstanbul,Sancaktepe,Sancaktepe Şakir Demir İlkokulu,739642,İlkokul,https://sakirdemirio.meb.k12.tr,,,https://sakirdemirio.meb.k12.tr/tema/harita.php,2026-08-31,1354,1354,bulundu,https://sakirdemirio.meb.k12.tr/,2026-10-01T19:27:47.574861+00:00,,Öğrenci Sayısı : 1354
İstanbul,Sancaktepe,Sancaktepe Şehit Er Hasan Genç İlkokulu,739635,İlkokul,https://hasangencilkokulu.meb.k12.tr,,,https://hasangencilkokulu.meb.k12.tr/tema/harita.php,2026-08-31,1519,1519,bulundu,https://hasangencilkokulu.meb.k12.tr/,2026-10-01T19:27:47.584812+00:00,,Öğrenci Sayısı : 1519
İstanbul,Sancaktepe,Sancaktepe Şehit Hakkı Doğan Ortaokulu,765595,Ortaokul,https://sancaktepesehithakkidoganoo.meb.k12.tr,,,https://sancaktepesehithakkidoganoo.meb.k12.tr/tema/harita.php,2026-08-31,1339,1339,bulundu,https://sancaktepesehithakkidoganoo.meb.k12.tr/,2026-10-01T19:27:47.587832+00:00,,Öğrenci Sayısı 1339
İstanbul,Sancaktepe,Sancaktepe Şehit Semih Özcan Ortaokulu,739696,Ortaokul,https://sehitsemihozcanortaokulu.meb.k12.tr,,,https://sehitsemihozcanortaokulu.meb.k12.tr/tema/harita.php,2026-08-31,992,992,bulundu,https://sehitsemihozcanortaokulu.meb.k12.tr/tema/okulumuz_hakkinda.php,2026-10-01T19:27:47.784551+00:00,,Öğrenci : 992
İstanbul,Sancaktepe,Sancaktepe Şehit Uzman Çavuş Selim Topal Özel Eğitim Uygulama Okulu I. Kademe,763430,Özel Eğitim Kurumu,https://shtuzmselimtopal1kademe.meb.k12.tr,,,https://shtuzmselimtopal1kademe.meb.k12.tr/tema/harita.php,2026-08-31,61,61,bulundu,https://shtuzmselimtopal1kademe.meb.k12.tr/,2026-10-01T19:27:47.799164+00:00,,Öğrenci Sayısı : 61
İstanbul,Sancaktepe,Sancaktepe Şehit Uzman Çavuş Selim Topal Özel Eğitim Uygulama Okulu II. Kademe,763431,Özel Eğitim Kurumu,https://shtuzmselimtopal2kademe.meb.k12.tr,,,https://shtuzmselimtopal2kademe.meb.k12.tr/tema/harita.php,2026-08-31,55,55,bulundu,https://shtuzmselimtopal2kademe.meb.k12.tr/tema/okulumuz_hakkinda.php,2026-10-01T19:27:47.855451+00:00,,Öğrenci : 55
İstanbul,Sancaktepe,Sancaktepe Şehit Ömer Halisdemir Anadolu Lisesi,765272,Anadolu Lisesi,https://shtomerhalisdemiranadolulisesi.meb.k12.tr,,,https://shtomerhalisdemiranadolulisesi.meb.k12.tr/tema/harita.php,2026-08-31,1431,1431,bulundu,https://shtomerhalisdemiranadolulisesi.meb.k12.tr/,2026-10-01T19:27:47.880950+00:00,,Öğrenci Sayısı : 1431
İstanbul,Sancaktepe,Sancaktepe Şehit Ömer Halisdemir Ortaokulu,765596,Ortaokul,https://sancaktepeomerhalisdemiroo.meb.k12.tr,,,https://sancaktepeomerhalisdemiroo.meb.k12.tr/tema/harita.php,2026-08-31,620,620,bulundu,https://sancaktepeomerhalisdemiroo.meb.k12.tr/,2026-10-01T19:27:47.918586+00:00,,Öğrenci Sayısı : 620
İstanbul,Sancaktepe,Sancaktepe Şehit Ömer Halisdemir İlkokulu,765597,İlkokul,https://sancaktepeomerhalisdemirio.meb.k12.tr,,,https://sancaktepeomerhalisdemirio.meb.k12.tr/tema/harita.php,2026-08-31,670,670,bulundu,https://sancaktepeomerhalisdemirio.meb.k12.tr/,2026-10-01T19:27:47.921655+00:00,,Öğrenci Sayısı 670
İstanbul,Sancaktepe,Sarıgazi Ahmet Keleşoğlu İlkokulu,739279,İlkokul,https://ahmetkelesogluilkokulu.meb.k12.tr,,,https://ahmetkelesogluilkokulu.meb.k12.tr/tema/harita.php,2026-08-31,1251,1251,bulundu,https://ahmetkelesogluilkokulu.meb.k12.tr/,2026-10-01T19:27:47.999009+00:00,,Öğrenci Sayısı : 1251
İstanbul,Sancaktepe,Sarıgazi Anadolu Lisesi,765252,Anadolu Lisesi,https://sarigazianadolulisesi.meb.k12.tr,,,https://sarigazianadolulisesi.meb.k12.tr/tema/harita.php,2026-08-31,1608,1608,bulundu,https://sarigazianadolulisesi.meb.k12.tr/,2026-10-01T19:27:48.001229+00:00,,Öğrenci Sayısı 1608
İstanbul,Sancaktepe,Sarıgazi Peyami Safa İlkokulu,739266,İlkokul,https://peyamisafailkokulu.meb.k12.tr,,,https://peyamisafailkokulu.meb.k12.tr/tema/harita.php,2026-08-31,613,613,bulundu,https://peyamisafailkokulu.meb.k12.tr/,2026-10-01T19:27:48.071557+00:00,,Öğrenci Sayısı 613
İstanbul,Sancaktepe,Sarıgazi İmam Hatip Ortaokulu,768486,İmam Hatip Ortaokulu,https://sarigaziiho.meb.k12.tr,,,https://sarigaziiho.meb.k12.tr/tema/harita.php,2026-08-31,289,289,bulundu,https://sarigaziiho.meb.k12.tr/,2026-10-01T19:27:48.085434+00:00,,Öğrenci Sayısı : 289
İstanbul,Sancaktepe,Sultanlar Ortaokulu,739257,Ortaokul,https://sultanlarortaokulu.meb.k12.tr,,,https://sultanlarortaokulu.meb.k12.tr/tema/harita.php,2026-08-31,903,903,bulundu,https://sultanlarortaokulu.meb.k12.tr/,2026-10-01T19:27:48.163809+00:00,,Öğrenci Sayısı 903
İstanbul,Sancaktepe,Tolga Çınar Kız Mesleki ve Teknik Anadolu Lisesi,969395,Mesleki ve Teknik Anadolu Lisesi,https://tolgacinarkml.meb.k12.tr,,,https://tolgacinarkml.meb.k12.tr/tema/harita.php,2026-08-31,402,402,bulundu,https://tolgacinarkml.meb.k12.tr/,2026-10-01T19:27:48.168140+00:00,,Öğrenci Sayısı : 402
İstanbul,Sancaktepe,Yahya Kemal Beyatlı İlkokulu,739252,İlkokul,https://sancaktepeyahyakemalbeyatlii.meb.k12.tr,,,https://sancaktepeyahyakemalbeyatlii.meb.k12.tr/tema/harita.php,2026-08-31,1340,1340,bulundu,https://sancaktepeyahyakemalbeyatlii.meb.k12.tr/tema/okulumuz_hakkinda.php,2026-10-01T19:27:48.593976+00:00,,Öğrenci : 1340
İstanbul,Sancaktepe,Yavuz Bahadıroğlu Anadolu İmam Hatip Lisesi,768311,Anadolu İmam Hatip Lisesi,https://yabaihl.meb.k12.tr,,,https://yabaihl.meb.k12.tr/tema/harita.php,2026-08-31,677,677,bulundu,https://yabaihl.meb.k12.tr/,2026-10-01T19:27:48.680753+00:00,,Öğrenci Sayısı : 677
İstanbul,Sancaktepe,Yenidoğan 19 Mayıs İlkokulu,739249,İlkokul,https://yenidogan19mayisilkokulu.meb.k12.tr,,,https://yenidogan19mayisilkokulu.meb.k12.tr/tema/harita.php,2026-08-31,1895,1895,bulundu,https://yenidogan19mayisilkokulu.meb.k12.tr/,2026-10-01T19:27:48.693803+00:00,,Öğrenci Sayısı : 1895
İstanbul,Sancaktepe,Yenidoğan Anadolu Lisesi,767147,Anadolu Lisesi,https://yenidoganal.meb.k12.tr,,,https://yenidoganal.meb.k12.tr/tema/harita.php,2026-08-31,1191,1191,bulundu,https://yenidoganal.meb.k12.tr/,2026-10-01T19:27:48.716690+00:00,,Öğrenci Sayısı : 1191
İstanbul,Sancaktepe,Yenidoğan Fatih Ortaokulu,739229,Ortaokul,https://yenidoganfatihortaokulu.meb.k12.tr,,,https://yenidoganfatihortaokulu.meb.k12.tr/tema/harita.php,2026-08-31,1510,1510,bulundu,https://yenidoganfatihortaokulu.meb.k12.tr/,2026-10-01T19:27:48.826896+00:00,,Öğrenci Sayısı : 1510
İstanbul,Sancaktepe,Yenidoğan Kız Anadolu İmam Hatip Lisesi,774381,Anadolu İmam Hatip Lisesi,https://yenidogankizaihl.meb.k12.tr,,,https://yenidogankizaihl.meb.k12.tr/tema/harita.php,2026-08-31,891,891,bulundu,https://yenidogankizaihl.meb.k12.tr/,2026-10-01T19:27:48.848872+00:00,,Öğrenci Sayısı : 891
İstanbul,Sancaktepe,Yenidoğan Mevlana Ortaokulu,739211,Ortaokul,https://ymo.meb.k12.tr,,,https://ymo.meb.k12.tr/tema/harita.php,2026-08-31,,,bulunamadi,,2026-10-01T19:27:48.857063+00:00,,
İstanbul,Sancaktepe,Yenidoğan Mevlana İlkokulu,739215,İlkokul,https://yenidoganmevlanaio.meb.k12.tr,,,https://yenidoganmevlanaio.meb.k12.tr/tema/harita.php,2026-08-31,1207,1207,bulundu,https://yenidoganmevlanaio.meb.k12.tr/,2026-10-01T19:27:49.097288+00:00,,Öğrenci Sayısı: 1207
İstanbul,Sancaktepe,Yenidoğan Ortaokulu,739220,Ortaokul,https://yenidoganortaokulu.meb.k12.tr,,,https://yenidoganortaokulu.meb.k12.tr/tema/harita.php,2026-08-31,1013,1013,bulundu,https://yenidoganortaokulu.meb.k12.tr/,2026-10-01T19:27:49.145887+00:00,,Öğrenci Sayısı 1013
İstanbul,Sancaktepe,Öğretmen Sezai Acartürk Anaokulu,759054,Anaokulu,https://sezaiacarturkanaokulu.meb.k12.tr,,,https://sezaiacarturkanaokulu.meb.k12.tr/tema/harita.php,2026-08-31,180,180,bulundu,https://sezaiacarturkanaokulu.meb.k12.tr/,2026-10-01T19:27:49.241398+00:00,,Öğrenci Sayısı 180
İstanbul,Sancaktepe,İbni Sina Ortaokulu,735429,Ortaokul,https://sancaktepeibnisinaorta.meb.k12.tr,,,https://sancaktepeibnisinaorta.meb.k12.tr/tema/harita.php,2026-08-31,1161,1161,bulundu,https://sancaktepeibnisinaorta.meb.k12.tr/,2026-10-01T19:27:49.270813+00:00,,Öğrenci Sayısı 1161
İstanbul,Sancaktepe,İbni Sina İlkokulu,731283,İlkokul,https://ibnisinailk.meb.k12.tr,,,https://ibnisinailk.meb.k12.tr/tema/harita.php,2026-08-31,1618,1618,bulundu,https://ibnisinailk.meb.k12.tr/,2026-10-01T19:27:49.293293+00:00,,Öğrenci Sayısı 1618
İstanbul,Sancaktepe,İnci Serra Yavuz İlkokulu,766928,İlkokul,https://inciserrayavuzio.meb.k12.tr,,,https://inciserrayavuzio.meb.k12.tr/tema/harita.php,2026-08-31,2515,2515,bulundu,https://inciserrayavuzio.meb.k12.tr/,2026-10-01T19:27:49.380641+00:00,,Öğrenci Sayısı 2515
İstanbul,Sancaktepe,İstanbul Sanayi Odası 100. Yıl Cumhuriyet Anaokulu,774741,Anaokulu,https://100yilcumhuriyetanaokulu.meb.k12.tr,,,https://100yilcumhuriyetanaokulu.meb.k12.tr/tema/harita.php,2026-08-31,212,212,bulundu,https://100yilcumhuriyetanaokulu.meb.k12.tr/,2026-10-01T19:27:49.489601+00:00,,Öğrenci Sayısı 212
İstanbul,Sancaktepe,Şehit Abdullah Tayyip Olçok Anadolu İmam Hatip Lisesi,774382,Anadolu İmam Hatip Lisesi,https://satoaihl.meb.k12.tr,,,https://satoaihl.meb.k12.tr/tema/harita.php,2026-08-31,641,641,bulundu,https://satoaihl.meb.k12.tr/,2026-10-01T19:27:49.505262+00:00,,Öğrenci Sayısı : 641
İstanbul,Sancaktepe,Şehit Emre Baysal Ortaokulu,745041,Ortaokul,https://sehitemrebaysalortaokulu.meb.k12.tr,,,https://sehitemrebaysalortaokulu.meb.k12.tr/tema/harita.php,2026-08-31,1184,1184,bulundu,https://sehitemrebaysalortaokulu.meb.k12.tr/,2026-10-01T19:27:49.767655+00:00,,Öğrenci Sayısı : 1184
İstanbul,Sancaktepe,Şehit Uzman Çavuş Selim Topal Özel Eğitim Uygulama Okulu III. Kademe,777078,Özel Eğitim Kurumu,https://777078.meb.k12.tr,,,https://777078.meb.k12.tr/tema/harita.php,2026-08-31,0,0,bulundu,https://777078.meb.k12.tr/,2026-10-01T19:27:49.790309+00:00,,Öğrenci Sayısı : 0
İstanbul,Sancaktepe,Şehit Yüzbaşı Yusuf Kenan Mesleki ve Teknik Anadolu Lisesi,967507,Mesleki ve Teknik Anadolu Lisesi,https://sehityusufkenan.meb.k12.tr,,,https://sehityusufkenan.meb.k12.tr/tema/harita.php,2026-08-31,1200,1200,bulundu,https://sehityusufkenan.meb.k12.tr/tema/okulumuz_hakkinda.php,2026-10-01T19:27:49.953140+00:00,,Öğrenci : 1200
İstanbul,Sancaktepe,Şehit Öğretmen Nurgül Kale Ortaokulu,739253,Ortaokul,https://nurgulkaleoo.meb.k12.tr,,,https://nurgulkaleoo.meb.k12.tr/tema/harita.php,2026-08-31,1865,1865,bulundu,https://nurgulkaleoo.meb.k12.tr/,2026-10-01T19:27:49.958451+00:00,,Öğrenci Sayısı : 1865
İstanbul,Sarıyer,21.Y.Y.Eğit.ve Kül.Vak. Nilüfer Gökay Ortaokulu,758568,Ortaokul,https://nilufergokayortaokulu.meb.k12.tr,,,https://nilufergokayortaokulu.meb.k12.tr/tema/harita.php,2026-08-31,755,755,bulundu,https://nilufergokayortaokulu.meb.k12.tr/,2026-10-01T19:27:50.624835+00:00,,Öğrenci Sayısı 755
İstanbul,Sarıyer,Ahmet-Makbule Yılmaz İlkokulu,737185,İlkokul,https://ahmet-makbuleyilmazilkokulu.meb.k12.tr,,,https://ahmet-makbuleyilmazilkokulu.meb.k12.tr/tema/harita.php,2026-08-31,474,474,bulundu,https://ahmet-makbuleyilmazilkokulu.meb.k12.tr/,2026-10-01T19:27:50.641318+00:00,,Öğrenci Sayısı : 474
İstanbul,Sarıyer,Ali Akkanat Anadolu Lisesi,972875,Anadolu Lisesi,https://aliakkanat.meb.k12.tr,,,https://aliakkanat.meb.k12.tr/tema/harita.php,2026-08-31,368,368,bulundu,https://aliakkanat.meb.k12.tr/tema/okulumuz_hakkinda.php,2026-10-01T19:27:50.704883+00:00,,Öğrenci : 368
İstanbul,Sarıyer,Alpaslan Ortaokulu,739201,Ortaokul,https://sariyeralpaslan.meb.k12.tr,,,https://sariyeralpaslan.meb.k12.tr/tema/harita.php,2026-08-31,485,485,bulundu,https://sariyeralpaslan.meb.k12.tr/,2026-10-01T19:27:51.048771+00:00,,Öğrenci Sayısı : 485
İstanbul,Sarıyer,Alpaslan İlkokulu,739203,İlkokul,https://sariyeralpaslanio.meb.k12.tr,,,https://sariyeralpaslanio.meb.k12.tr/tema/harita.php,2026-08-31,563,563,bulundu,https://sariyeralpaslanio.meb.k12.tr/,2026-10-01T19:27:51.125638+00:00,,Öğrenci Sayısı : 563
İstanbul,Sarıyer,Anafartalar Ortaokulu,739194,Ortaokul,https://sariyeranafartalarortaokulu.meb.k12.tr,,,https://sariyeranafartalarortaokulu.meb.k12.tr/tema/harita.php,2026-08-31,330,330,bulundu,https://sariyeranafartalarortaokulu.meb.k12.tr/,2026-10-01T19:27:51.178656+00:00,,Öğrenci Sayısı 330
İstanbul,Sarıyer,Anafartalar İlkokulu,739198,İlkokul,https://sariyeranafartalario.meb.k12.tr,,,https://sariyeranafartalario.meb.k12.tr/tema/harita.php,2026-08-31,352,352,bulundu,https://sariyeranafartalario.meb.k12.tr/,2026-10-01T19:27:51.198116+00:00,,Öğrenci Sayısı 352
İstanbul,Sarıyer,Atatürk İlkokulu,739188,İlkokul,https://ataturksariyer.meb.k12.tr,,,https://ataturksariyer.meb.k12.tr/tema/harita.php,2026-08-31,140,140,bulundu,https://ataturksariyer.meb.k12.tr/,2026-10-01T19:27:51.241057+00:00,,Öğrenci Sayısı : 140
İstanbul,Sarıyer,Ayazağa Anadolu Lisesi,966780,Anadolu Lisesi,https://ayazagaandlisesi.meb.k12.tr,,,https://ayazagaandlisesi.meb.k12.tr/tema/harita.php,2026-08-31,798,798,bulundu,https://ayazagaandlisesi.meb.k12.tr/tema/okulumuz_hakkinda.php,2026-10-01T19:27:51.246348+00:00,,Öğrenci : 798
İstanbul,Sarıyer,Ayazağa Anadolu İmam Hatip Lisesi,758901,Anadolu İmam Hatip Lisesi,https://ayazagaaihl.meb.k12.tr,,,https://ayazagaaihl.meb.k12.tr/tema/harita.php,2026-08-31,100,100,bulundu,https://ayazagaaihl.meb.k12.tr/tema/okulumuz_hakkinda.php,2026-10-01T19:27:51.451080+00:00,,Öğrenci : 100
İstanbul,Sarıyer,Ayazağa Ortaokulu,737209,Ortaokul,https://ayazagaortaokulu.meb.k12.tr,,,https://ayazagaortaokulu.meb.k12.tr/tema/harita.php,2026-08-31,442,442,bulundu,https://ayazagaortaokulu.meb.k12.tr/,2026-10-01T19:27:51.486148+00:00,,Öğrenci Sayısı 442
İstanbul,Sarıyer,Ayazağa İlkokulu,737210,İlkokul,https://ayazagailkokulu.meb.k12.tr,,,https://ayazagailkokulu.meb.k12.tr/tema/harita.php,2026-08-31,470,470,bulundu,https://ayazagailkokulu.meb.k12.tr/,2026-10-01T19:27:51.507755+00:00,,Öğrenci Sayısı : 470
İstanbul,Sarıyer,Bahçeköy Türkan Efe Ortaokulu,739178,Ortaokul,https://turkanefeortaokulu.meb.k12.tr,,,https://turkanefeortaokulu.meb.k12.tr/tema/harita.php,2026-08-31,353,353,bulundu,https://turkanefeortaokulu.meb.k12.tr/,2026-10-01T19:27:51.566806+00:00,,Öğrenci Sayısı : 353
İstanbul,Sarıyer,Bahçeköy Türkan Efe İlkokulu,739159,İlkokul,https://turkanefeilkokulu.meb.k12.tr,,,https://turkanefeilkokulu.meb.k12.tr/tema/harita.php,2026-08-31,458,458,bulundu,https://turkanefeilkokulu.meb.k12.tr/,2026-10-01T19:27:51.594244+00:00,,Öğrenci Sayısı 458
İstanbul,Sarıyer,Balahatun İlkokulu,739185,İlkokul,https://sariyerbalahatunilkokulu.meb.k12.tr,,,https://sariyerbalahatunilkokulu.meb.k12.tr/tema/harita.php,2026-08-31,228,228,bulundu,https://sariyerbalahatunilkokulu.meb.k12.tr/,2026-10-01T19:27:51.603337+00:00,,Öğrenci Sayısı 228
İstanbul,Sarıyer,Behçet Kemal Çağlar Anadolu Lisesi,974886,Anadolu Lisesi,https://behcetkemalcaglaral.meb.k12.tr,,,https://behcetkemalcaglaral.meb.k12.tr/tema/harita.php,2026-08-31,521,521,bulundu,https://behcetkemalcaglaral.meb.k12.tr/,2026-10-01T19:27:51.653642+00:00,,Öğrenci Sayısı : 521
İstanbul,Sarıyer,Cumhuriyet İlkokulu,731290,İlkokul,https://sariyercumhuriyet.meb.k12.tr,,,https://sariyercumhuriyet.meb.k12.tr/tema/harita.php,2026-08-31,468,468,bulundu,https://sariyercumhuriyet.meb.k12.tr/,2026-10-01T19:27:51.658824+00:00,,Öğrenci Sayısı : 468
İstanbul,Sarıyer,Emirgan İlkokulu,731296,İlkokul,https://emirganilkokulu.meb.k12.tr,,,https://emirganilkokulu.meb.k12.tr/tema/harita.php,2026-08-31,169,169,bulundu,https://emirganilkokulu.meb.k12.tr/,2026-10-01T19:27:51.692590+00:00,,Öğrenci Sayısı : 169
İstanbul,Sarıyer,Fahrettin Arslan Ortaokulu,733530,Ortaokul,https://fahrettinaslanoo.meb.k12.tr,,,https://fahrettinaslanoo.meb.k12.tr/tema/harita.php,2026-08-31,353,353,bulundu,https://fahrettinaslanoo.meb.k12.tr/,2026-10-01T19:27:51.771070+00:00,,Öğrenci Sayısı 353
İstanbul,Sarıyer,Fatih İlkokulu,731297,İlkokul,https://sariyerfatih.meb.k12.tr,,,https://sariyerfatih.meb.k12.tr/tema/harita.php,2026-08-31,262,262,bulundu,https://sariyerfatih.meb.k12.tr/,2026-10-01T19:27:51.831556+00:00,,Öğrenci Sayısı : 262
İstanbul,Sarıyer,Firuzan-Kemal Demironaran Anadolu Lisesi,973112,Anadolu Lisesi,https://firuzankemaldemironaran.meb.k12.tr,,,https://firuzankemaldemironaran.meb.k12.tr/tema/harita.php,2026-08-31,246,246,bulundu,https://firuzankemaldemironaran.meb.k12.tr/tema/okulumuz_hakkinda.php,2026-10-01T19:27:51.915304+00:00,,Öğrenci : 246
İstanbul,Sarıyer,Gümüşdere Ortaokulu,739148,Ortaokul,https://gumusdereortaokulu.meb.k12.tr,,,https://gumusdereortaokulu.meb.k12.tr/tema/harita.php,2026-08-31,102,102,bulundu,https://gumusdereortaokulu.meb.k12.tr/,2026-10-01T19:27:51.919475+00:00,,Öğrenci Sayısı : 102
İstanbul,Sarıyer,Gümüşdere İlkokulu,739153,İlkokul,https://gumusdereilkokulu.meb.k12.tr,,,https://gumusdereilkokulu.meb.k12.tr/tema/harita.php,2026-08-31,177,177,bulundu,https://gumusdereilkokulu.meb.k12.tr/tema/okulumuz_hakkinda.php,2026-10-01T19:27:52.022594+00:00,,Öğrenci : 177
İstanbul,Sarıyer,Hacı Cemal Öğüt İmam Hatip Ortaokulu,752698,İmam Hatip Ortaokulu,https://hacicemalogutiho.meb.k12.tr,,,https://hacicemalogutiho.meb.k12.tr/tema/harita.php,2026-08-31,269,269,bulundu,https://hacicemalogutiho.meb.k12.tr/,2026-10-01T19:27:52.035776+00:00,,Öğrenci Sayısı : 269
İstanbul,Sarıyer,Hacı Mehmet Şalgamcıoğlu Ortaokulu,739143,Ortaokul,https://hmehmetsalgamcioglu.meb.k12.tr,,,https://hmehmetsalgamcioglu.meb.k12.tr/tema/harita.php,2026-08-31,287,287,bulundu,https://hmehmetsalgamcioglu.meb.k12.tr/,2026-10-01T19:27:52.212636+00:00,,Öğrenci Sayısı 287
İstanbul,Sarıyer,Hatemoğlu Ortaokulu,739136,Ortaokul,https://hatemogluortaokulu.meb.k12.tr,,,https://hatemogluortaokulu.meb.k12.tr/tema/harita.php,2026-08-31,251,251,bulundu,https://hatemogluortaokulu.meb.k12.tr/,2026-10-01T19:27:52.270995+00:00,,Öğrenci Sayısı : 251
İstanbul,Sarıyer,Hatemoğlu İlkokulu,739139,İlkokul,https://hatemogluilkokulu.meb.k12.tr,,,https://hatemogluilkokulu.meb.k12.tr/tema/harita.php,2026-08-31,308,308,bulundu,https://hatemogluilkokulu.meb.k12.tr/,2026-10-01T19:27:52.376950+00:00,,Öğrenci Sayısı 308
İstanbul,Sarıyer,Karacapaşa İlkokulu,739029,İlkokul,https://karacapasa.meb.k12.tr,,,https://karacapasa.meb.k12.tr/tema/harita.php,2026-08-31,293,293,bulundu,https://karacapasa.meb.k12.tr/tema/okulumuz_hakkinda.php,2026-10-01T19:27:52.485523+00:00,,Öğrenci : 293
İstanbul,Sarıyer,Kazım Karabekir Ortaokulu,739123,Ortaokul,https://kkarabekiroo.meb.k12.tr,,,https://kkarabekiroo.meb.k12.tr/tema/harita.php,2026-08-31,201,201,bulundu,https://kkarabekiroo.meb.k12.tr/,2026-10-01T19:27:52.547485+00:00,,Öğrenci Sayısı 201
İstanbul,Sarıyer,Kazım Karabekir İlkokulu,739127,İlkokul,https://kakilo.meb.k12.tr,,,https://kakilo.meb.k12.tr/tema/harita.php,2026-08-31,258,258,bulundu,https://kakilo.meb.k12.tr/,2026-10-01T19:27:52.596804+00:00,,Öğrenci Sayısı 258
İstanbul,Sarıyer,Kocataş Barbaros Ortaokulu,739116,Ortaokul,https://kocatasbarbarosortaokulu.meb.k12.tr,,,https://kocatasbarbarosortaokulu.meb.k12.tr/tema/harita.php,2026-08-31,294,294,bulundu,https://kocatasbarbarosortaokulu.meb.k12.tr/,2026-10-01T19:27:52.815090+00:00,,Öğrenci Sayısı: 294
İstanbul,Sarıyer,Kumköy Ferhan Bedii Feyzioğlu Ortaokulu,739095,Ortaokul,https://kumkoyfbfortaokulu.meb.k12.tr,,,https://kumkoyfbfortaokulu.meb.k12.tr/tema/harita.php,2026-08-31,157,157,bulundu,https://kumkoyfbfortaokulu.meb.k12.tr/,2026-10-01T19:27:52.815922+00:00,,Öğrenci Sayısı 157
İstanbul,Sarıyer,Kumköy Ferhan Bedii Feyzioğlu İlkokulu,739097,İlkokul,https://kumkoyfbfilkokulu.meb.k12.tr,,,https://kumkoyfbfilkokulu.meb.k12.tr/tema/harita.php,2026-08-31,182,182,bulundu,https://kumkoyfbfilkokulu.meb.k12.tr/,2026-10-01T19:27:52.888795+00:00,,Öğrenci Sayısı: 182
İstanbul,Sarıyer,MEV Dumlupınar İlkokulu,739091,İlkokul,https://dumlupinarsariyeri.meb.k12.tr,,,https://dumlupinarsariyeri.meb.k12.tr/tema/harita.php,2026-08-31,683,683,bulundu,https://dumlupinarsariyeri.meb.k12.tr/,2026-10-01T19:27:53.022897+00:00,,Öğrenci Sayısı 683
İstanbul,Sarıyer,Mehmet Akif Ortaokulu,739077,Ortaokul,https://sariyermehmetakifortaokulu.meb.k12.tr,,,https://sariyermehmetakifortaokulu.meb.k12.tr/tema/harita.php,2026-08-31,582,582,bulundu,https://sariyermehmetakifortaokulu.meb.k12.tr/,2026-10-01T19:27:53.057856+00:00,,Öğrenci Sayısı 582
İstanbul,Sarıyer,Mehmet Akif İlkokulu,739083,İlkokul,https://sariyermehmetakifilkokulu.meb.k12.tr,,,https://sariyermehmetakifilkokulu.meb.k12.tr/tema/harita.php,2026-08-31,557,557,bulundu,https://sariyermehmetakifilkokulu.meb.k12.tr/,2026-10-01T19:27:53.099190+00:00,,Öğrenci Sayısı : 557
İstanbul,Sarıyer,Mehmet Rıfat Evyap Mesleki ve Teknik Anadolu Lisesi,751149,Mesleki ve Teknik Anadolu Lisesi,https://mehmetrifatevyapteml.meb.k12.tr,,,https://mehmetrifatevyapteml.meb.k12.tr/tema/harita.php,2026-08-31,825,825,bulundu,https://mehmetrifatevyapteml.meb.k12.tr/tema/okulumuz_hakkinda.php,2026-10-01T19:27:53.140516+00:00,,Öğrenci : 825
İstanbul,Sarıyer,Mehmet Sevim Ulusal İmam Hatip Ortaokulu,734632,İmam Hatip Ortaokulu,https://mehmetsevimulusaliho.meb.k12.tr,,,https://mehmetsevimulusaliho.meb.k12.tr/tema/harita.php,2026-08-31,172,172,bulundu,https://mehmetsevimulusaliho.meb.k12.tr/tema/okulumuz_hakkinda.php,2026-10-01T19:27:53.168851+00:00,,Öğrenci : 172
İstanbul,Sarıyer,Mehmet Tabanca Anaokulu,771354,Anaokulu,https://mehmettabancaanaokulu.meb.k12.tr,,,https://mehmettabancaanaokulu.meb.k12.tr/tema/harita.php,2026-08-31,194,194,bulundu,https://mehmettabancaanaokulu.meb.k12.tr/,2026-10-01T19:27:53.170627+00:00,,Öğrenci Sayısı 194
İstanbul,Sarıyer,Mehmet İpgin Ortaokulu,739065,Ortaokul,https://mehmetipginilkveortaokulu.meb.k12.tr,,,https://mehmetipginilkveortaokulu.meb.k12.tr/tema/harita.php,2026-08-31,217,217,bulundu,https://mehmetipginilkveortaokulu.meb.k12.tr/,2026-10-01T19:27:53.241848+00:00,,Öğrenci Sayısı : 217
İstanbul,Sarıyer,Mehmet İpgin İlkokulu,739070,İlkokul,https://sariyermehmetipgini.meb.k12.tr,,,https://sariyermehmetipgini.meb.k12.tr/tema/harita.php,2026-08-31,244,244,bulundu,https://sariyermehmetipgini.meb.k12.tr/,2026-10-01T19:27:53.259525+00:00,,Öğrenci Sayısı 244
İstanbul,Sarıyer,Mehmet Şam Anadolu Lisesi,767592,Anadolu Lisesi,https://mehmetsamanadolu.meb.k12.tr,,,https://mehmetsamanadolu.meb.k12.tr/tema/harita.php,2026-08-31,189,189,bulundu,https://mehmetsamanadolu.meb.k12.tr/,2026-10-01T19:27:53.480774+00:00,,Öğrenci Sayısı 189
İstanbul,Sarıyer,Mustafa Kemal Anadolu Lisesi,962582,Anadolu Lisesi,https://mkaol.meb.k12.tr,,,https://mkaol.meb.k12.tr/tema/harita.php,2026-08-31,711,711,bulundu,https://mkaol.meb.k12.tr/tema/okulumuz_hakkinda.php,2026-10-01T19:27:53.779320+00:00,,Öğrenci : 711
İstanbul,Sarıyer,Onur Korkmaz Anaokulu,775485,Anaokulu,https://775485.meb.k12.tr,,,https://775485.meb.k12.tr/tema/harita.php,2026-08-31,66,66,bulundu,https://775485.meb.k12.tr/,2026-10-01T19:27:53.802272+00:00,,Öğrenci Sayısı 66
İstanbul,Sarıyer,Orgeneral Emin Alpkaya Ortaokulu,739034,Ortaokul,https://orgeneraleminalpkayaortaokulu.meb.k12.tr,,,https://orgeneraleminalpkayaortaokulu.meb.k12.tr/tema/harita.php,2026-08-31,86,86,bulundu,https://orgeneraleminalpkayaortaokulu.meb.k12.tr/,2026-10-01T19:27:53.892449+00:00,,Öğrenci Sayısı : 86
İstanbul,Sarıyer,Orgeneral Emin Alpkaya İlkokulu,739036,İlkokul,https://orgeneraleminalpkayailkokulu.meb.k12.tr,,,https://orgeneraleminalpkayailkokulu.meb.k12.tr/tema/harita.php,2026-08-31,332,332,bulundu,https://orgeneraleminalpkayailkokulu.meb.k12.tr/tema/okulumuz_hakkinda.php,2026-10-01T19:27:53.901635+00:00,,Öğrenci : 332
İstanbul,Sarıyer,Osman Saçmacı Ortaokulu,739023,Ortaokul,https://osmansacmaciortaokulu.meb.k12.tr,,,https://osmansacmaciortaokulu.meb.k12.tr/tema/harita.php,2026-08-31,483,483,bulundu,https://osmansacmaciortaokulu.meb.k12.tr/,2026-10-01T19:27:54.317371+00:00,,Öğrenci Sayısı : 483
İstanbul,Sarıyer,Prof. Ali Kemal Yiğitoğlu Ortaokulu,758565,Ortaokul,https://profalikemalyigitogluortaokulu.meb.k12.tr,,,https://profalikemalyigitogluortaokulu.meb.k12.tr/tema/harita.php,2026-08-31,447,447,bulundu,https://profalikemalyigitogluortaokulu.meb.k12.tr/,2026-10-01T19:27:54.407249+00:00,,Öğrenci Sayısı 447
İstanbul,Sarıyer,Prof. Ali Kemal Yiğitoğlu İlkokulu,737190,İlkokul,https://profalikemalyigitogluilkokulu.meb.k12.tr,,,https://profalikemalyigitogluilkokulu.meb.k12.tr/tema/harita.php,2026-08-31,377,377,bulundu,https://profalikemalyigitogluilkokulu.meb.k12.tr/,2026-10-01T19:27:54.755487+00:00,,Öğrenci Sayısı : 377
İstanbul,Sarıyer,R.Güney Kıldıran Ortaokulu,739040,Ortaokul,https://rguneykildiranortaokulu.meb.k12.tr,,,https://rguneykildiranortaokulu.meb.k12.tr/tema/harita.php,2026-08-31,223,223,bulundu,https://rguneykildiranortaokulu.meb.k12.tr/,2026-10-01T19:27:54.833876+00:00,,Öğrenci Sayısı : 223
İstanbul,Sarıyer,R.Güney Kıldıran İlkokulu,739046,İlkokul,https://rguneykldranilkokulu.meb.k12.tr,,,https://rguneykldranilkokulu.meb.k12.tr/tema/harita.php,2026-08-31,184,184,bulundu,https://rguneykldranilkokulu.meb.k12.tr/,2026-10-01T19:27:54.857549+00:00,,Öğrenci Sayısı : 184
İstanbul,Sarıyer,Recaizade Ekrem Ortaokulu,739059,Ortaokul,https://recaizadeekremortaokulu.meb.k12.tr,,,https://recaizadeekremortaokulu.meb.k12.tr/tema/harita.php,2026-08-31,140,140,bulundu,https://recaizadeekremortaokulu.meb.k12.tr/,2026-10-01T19:27:54.870142+00:00,,Öğrenci Sayısı : 140
İstanbul,Sarıyer,Recaizade Ekrem İlkokulu,739062,İlkokul,https://recaizadeekremilkokulu.meb.k12.tr,,,https://recaizadeekremilkokulu.meb.k12.tr/tema/harita.php,2026-08-31,175,175,bulundu,https://recaizadeekremilkokulu.meb.k12.tr/,2026-10-01T19:27:54.886655+00:00,,Öğrenci Sayısı : 175
İstanbul,Sarıyer,Rotary 100.Yıl Anadolu Lisesi,963970,Anadolu Lisesi,https://rotaryanadolu.meb.k12.tr,,,https://rotaryanadolu.meb.k12.tr/tema/harita.php,2026-08-31,656,656,bulundu,https://rotaryanadolu.meb.k12.tr/,2026-10-01T19:27:54.967095+00:00,,Öğrenci Sayısı 656
İstanbul,Sarıyer,Rumeli Feneri İlkokulu,739050,İlkokul,https://rumelifeneriilkokulu.meb.k12.tr,,,https://rumelifeneriilkokulu.meb.k12.tr/tema/harita.php,2026-08-31,84,84,bulundu,https://rumelifeneriilkokulu.meb.k12.tr/,2026-10-01T19:27:55.017546+00:00,,Öğrenci Sayısı : 84
İstanbul,Sarıyer,Sarıyer Atatürk Mesleki Eğitim Merkezi,215655,Mesleki Eğitim Merkezi,https://ataturkmem.meb.k12.tr,,,https://ataturkmem.meb.k12.tr/tema/harita.php,2026-08-31,1357,1357,bulundu,https://ataturkmem.meb.k12.tr/,2026-10-01T19:27:55.110650+00:00,,Öğrenci Sayısı : 1357
İstanbul,Sarıyer,Sarıyer Bilim ve Sanat Merkezi,769499,Bilim ve Sanat Merkezi,https://sariyerbilsem.meb.k12.tr,,,https://sariyerbilsem.meb.k12.tr/tema/harita.php,2026-08-31,312,312,bulundu,https://sariyerbilsem.meb.k12.tr/,2026-10-01T19:27:55.189944+00:00,,Öğrenci Sayısı 312
İstanbul,Sarıyer,Sarıyer Halk Eğitimi Merkezi,161852,Halk Eğitimi Merkezi,https://sahem.meb.k12.tr,,,https://sahem.meb.k12.tr/tema/harita.php,2026-08-31,,,bulunamadi,,2026-10-01T19:27:55.235446+00:00,,
İstanbul,Sarıyer,Sarıyer Hüseyin Kalkavan Mesleki ve Teknik Anadolu Lisesi,301560,Mesleki ve Teknik Anadolu Lisesi,https://sariyerhuseyinkalkavanmtal.meb.k12.tr,,,https://sariyerhuseyinkalkavanmtal.meb.k12.tr/tema/harita.php,2026-08-31,493,493,bulundu,https://sariyerhuseyinkalkavanmtal.meb.k12.tr/,2026-10-01T19:27:55.309850+00:00,,Öğrenci Sayısı 493
İstanbul,Sarıyer,Sarıyer Kız Anadolu İmam Hatip Lisesi,161840,Anadolu İmam Hatip Lisesi,https://sariyerkizanadoluihl.meb.k12.tr,,,https://sariyerkizanadoluihl.meb.k12.tr/tema/harita.php,2026-08-31,547,547,bulundu,https://sariyerkizanadoluihl.meb.k12.tr/,2026-10-01T19:27:55.399757+00:00,,Öğrenci Sayısı : 547
İstanbul,Sarıyer,Sarıyer Mehmet Şam Mesleki ve Teknik Anadolu Lisesi,254315,Mesleki ve Teknik Anadolu Lisesi,https://mehmetsam.meb.k12.tr,,,https://mehmetsam.meb.k12.tr/tema/harita.php,2026-08-31,247,247,bulundu,https://mehmetsam.meb.k12.tr/,2026-10-01T19:27:55.512893+00:00,,Öğrenci Sayısı 247
İstanbul,Sarıyer,Sarıyer Mesleki ve Teknik Anadolu Lisesi,161839,Mesleki ve Teknik Anadolu Lisesi,https://sariyermtal.meb.k12.tr,,,https://sariyermtal.meb.k12.tr/tema/harita.php,2026-08-31,319,319,bulundu,https://sariyermtal.meb.k12.tr/tema/okulumuz_hakkinda.php,2026-10-01T19:27:55.595366+00:00,,Öğrenci : 319
İstanbul,Sarıyer,Sarıyer Ortaokulu,739011,Ortaokul,https://sariyerortaokulu.meb.k12.tr,,,https://sariyerortaokulu.meb.k12.tr/tema/harita.php,2026-08-31,800,800,bulundu,https://sariyerortaokulu.meb.k12.tr/tema/okulumuz_hakkinda.php,2026-10-01T19:27:55.609114+00:00,,Öğrenci : 800
İstanbul,Sarıyer,Sarıyer Rehberlik ve Araştırma Merkezi,231198,Rehberlik ve Araştırma Merkezi,https://sariyerram.meb.k12.tr,,,https://sariyerram.meb.k12.tr/tema/harita.php,2026-08-31,,,bulunamadi,,2026-10-01T19:27:55.616326+00:00,,
İstanbul,Sarıyer,Sarıyer İlkokulu,731365,İlkokul,https://sariyerilkokulu.meb.k12.tr,,,https://sariyerilkokulu.meb.k12.tr/tema/harita.php,2026-08-31,511,511,bulundu,https://sariyerilkokulu.meb.k12.tr/,2026-10-01T19:27:55.699048+00:00,,Öğrenci Sayısı 511
İstanbul,Sarıyer,Süleyman Çelebi Ortaokulu,737183,Ortaokul,https://scelebiortaokulu.meb.k12.tr,,,https://scelebiortaokulu.meb.k12.tr/tema/harita.php,2026-08-31,495,495,bulundu,https://scelebiortaokulu.meb.k12.tr/,2026-10-01T19:27:56.024831+00:00,,Öğrenci Sayısı : 495
İstanbul,Sarıyer,Tarabya Cevat Koçak Anadolu Lisesi,765496,Anadolu Lisesi,https://tarabyack.meb.k12.tr,,,https://tarabyack.meb.k12.tr/tema/harita.php,2026-08-31,563,563,bulundu,https://tarabyack.meb.k12.tr/tema/okulumuz_hakkinda.php,2026-10-01T19:27:56.130948+00:00,,Öğrenci : 563
İstanbul,Sarıyer,Tuncay Artun Borsa İstanbul İlkokulu,738997,İlkokul,https://tartunborsaistanbul.meb.k12.tr,,,https://tartunborsaistanbul.meb.k12.tr/tema/harita.php,2026-08-31,242,242,bulundu,https://tartunborsaistanbul.meb.k12.tr/,2026-10-01T19:27:56.148600+00:00,,Öğrenci Sayısı 242
İstanbul,Sarıyer,Turgut Akan İlkokulu,738978,İlkokul,https://turgutakanilkokulu.meb.k12.tr,,,https://turgutakanilkokulu.meb.k12.tr/tema/harita.php,2026-08-31,311,311,bulundu,https://turgutakanilkokulu.meb.k12.tr/,2026-10-01T19:27:56.184775+00:00,,Öğrenci Sayısı : 311
İstanbul,Sarıyer,Türk Eğitim Vakfı Celalettin Buluğ İlkokulu,737178,İlkokul,https://celalettinbulugilkokulu.meb.k12.tr,,,https://celalettinbulugilkokulu.meb.k12.tr/tema/harita.php,2026-08-31,605,605,bulundu,https://celalettinbulugilkokulu.meb.k12.tr/,2026-10-01T19:27:56.298171+00:00,,Öğrenci Sayısı : 605
İstanbul,Sarıyer,Türkan Şoray Ortaokulu,738973,Ortaokul,https://turkansorayortaokulu.meb.k12.tr,,,https://turkansorayortaokulu.meb.k12.tr/tema/harita.php,2026-08-31,203,203,bulundu,https://turkansorayortaokulu.meb.k12.tr/,2026-10-01T19:27:56.506091+00:00,,Öğrenci Sayısı 203
İstanbul,Sarıyer,Türkan Şoray İlkokulu,738976,İlkokul,https://turkansoray.meb.k12.tr,,,https://turkansoray.meb.k12.tr/tema/harita.php,2026-08-31,183,183,bulundu,https://turkansoray.meb.k12.tr/,2026-10-01T19:27:56.547904+00:00,,Öğrenci Sayısı 183
İstanbul,Sarıyer,Uskumru İlkokulu,731304,İlkokul,https://uskumruilkokulu.meb.k12.tr,,,https://uskumruilkokulu.meb.k12.tr/tema/harita.php,2026-08-31,83,83,bulundu,https://uskumruilkokulu.meb.k12.tr/,2026-10-01T19:27:56.588448+00:00,,Öğrenci Sayısı 83
İstanbul,Sarıyer,Uğur Erkey İlkokulu,758569,İlkokul,https://ugurerkey.meb.k12.tr,,,https://ugurerkey.meb.k12.tr/tema/harita.php,2026-08-31,919,919,bulundu,https://ugurerkey.meb.k12.tr/,2026-10-01T19:27:56.668500+00:00,,Öğrenci Sayısı: 919
İstanbul,Sarıyer,Vehbi Koç Vakfı Gastronomi Mesleki ve Teknik Anadolu Lisesi,776734,Mesleki ve Teknik Anadolu Lisesi,https://vehbikocvakfigastronomimtal.meb.k12.tr,,,https://vehbikocvakfigastronomimtal.meb.k12.tr/tema/harita.php,2026-08-31,119,119,bulundu,https://vehbikocvakfigastronomimtal.meb.k12.tr/,2026-10-01T19:27:56.715179+00:00,,Öğrenci Sayısı 119
İstanbul,Sarıyer,Vehbi Koç Vakfı Turizm Mesleki ve Teknik Anadolu Lisesi,748420,Mesleki ve Teknik Anadolu Lisesi,https://vehbikocvakfimtal.meb.k12.tr,,,https://vehbikocvakfimtal.meb.k12.tr/tema/harita.php,2026-08-31,271,271,bulundu,https://vehbikocvakfimtal.meb.k12.tr/,2026-10-01T19:27:56.737404+00:00,,Öğrenci Sayısı : 271
İstanbul,Sarıyer,Yaşar Dedeman Anadolu İmam Hatip Lisesi,748793,Anadolu İmam Hatip Lisesi,https://yasardedemanaihl.meb.k12.tr,,,https://yasardedemanaihl.meb.k12.tr/tema/harita.php,2026-08-31,264,264,bulundu,https://yasardedemanaihl.meb.k12.tr/,2026-10-01T19:27:56.830028+00:00,,Öğrenci Sayısı 264
İstanbul,Sarıyer,Yeniköy İlkokulu,738970,İlkokul,https://sariyeryenikoyilkokulu.meb.k12.tr,,,https://sariyeryenikoyilkokulu.meb.k12.tr/tema/harita.php,2026-08-31,307,307,bulundu,https://sariyeryenikoyilkokulu.meb.k12.tr/,2026-10-01T19:27:56.891934+00:00,,Öğrenci Sayısı: 307
İstanbul,Sarıyer,Zekeriyaköy Ortaokulu,738961,Ortaokul,https://zekeriyakoyortaokulu.meb.k12.tr,,,https://zekeriyakoyortaokulu.meb.k12.tr/tema/harita.php,2026-08-31,331,331,bulundu,https://zekeriyakoyortaokulu.meb.k12.tr/,2026-10-01T19:27:56.915853+00:00,,Öğrenci Sayısı 331
İstanbul,Sarıyer,Zekeriyaköy İlkokulu,738963,İlkokul,https://zekeriyakoyilkokulu.meb.k12.tr,,,https://zekeriyakoyilkokulu.meb.k12.tr/tema/harita.php,2026-08-31,,,bulunamadi,,2026-10-01T19:27:57.008847+00:00,,
İstanbul,Sarıyer,Zübeyde Hanım Ortaokulu,738957,Ortaokul,https://zubeydehanimortaokulu.meb.k12.tr,,,https://zubeydehanimortaokulu.meb.k12.tr/tema/harita.php,2026-08-31,,,bulunamadi,,2026-10-01T19:27:57.031167+00:00,,
İstanbul,Sarıyer,Zübeyde Hanım İlkokulu,738960,İlkokul,https://sariyerzubeydehanimilkokulu.meb.k12.tr,,,https://sariyerzubeydehanimilkokulu.meb.k12.tr/tema/harita.php,2026-08-31,,,bulunamadi,,2026-10-01T19:27:57.047223+00:00,,
İstanbul,Sarıyer,Özdemir Sabancı Emirgan Anadolu Lisesi,972876,Anadolu Lisesi,https://oseal.meb.k12.tr,,,https://oseal.meb.k12.tr/tema/harita.php,2026-08-31,366,366,bulundu,https://oseal.meb.k12.tr/,2026-10-01T19:27:57.120805+00:00,,Öğrenci Sayısı : 366
İstanbul,Sarıyer,İstanbul Teknik Üniversitesi Anaokulu,774551,Anaokulu,https://ituanaokulu.meb.k12.tr,,,https://ituanaokulu.meb.k12.tr/tema/harita.php,2026-08-31,,,bulunamadi,,2026-10-01T19:27:57.134263+00:00,,
İstanbul,Sarıyer,İstanbul Ticaret Odası Yeniköy Mehmetçik Ortaokulu,738964,Ortaokul,https://yenikoymehmetcikoo.meb.k12.tr,,,https://yenikoymehmetcikoo.meb.k12.tr/tema/harita.php,2026-08-31,487,487,bulundu,https://yenikoymehmetcikoo.meb.k12.tr/,2026-10-01T19:27:57.198114+00:00,,Öğrenci Sayısı : 487
İstanbul,Sarıyer,İstinye Anadolu Lisesi,750903,Anadolu Lisesi,https://istinyeanadolulisesi.meb.k12.tr,,,https://istinyeanadolulisesi.meb.k12.tr/tema/harita.php,2026-08-31,1484,1484,bulundu,https://istinyeanadolulisesi.meb.k12.tr/,2026-10-01T19:27:57.246060+00:00,,Öğrenci Sayısı 1484
İstanbul,Sarıyer,Şair Nigar İlkokulu,739007,İlkokul,https://sairnigar.meb.k12.tr,,,https://sairnigar.meb.k12.tr/tema/harita.php,2026-08-31,137,137,bulundu,https://sairnigar.meb.k12.tr/,2026-10-01T19:27:57.353798+00:00,,Öğrenci Sayısı: 137
İstanbul,Sarıyer,Şehit Fatih Satır Anadolu İmam Hatip Lisesi,762192,Anadolu İmam Hatip Lisesi,https://sehitfatihsatiraihl.meb.k12.tr,,,https://sehitfatihsatiraihl.meb.k12.tr/tema/harita.php,2026-08-31,345,345,bulundu,https://sehitfatihsatiraihl.meb.k12.tr/,2026-10-01T19:27:57.387539+00:00,,Öğrenci Sayısı : 345
İstanbul,Sarıyer,Şehit Muharrem Kerem Yıldız İmam Hatip Ortaokulu,762157,İmam Hatip Ortaokulu,https://sehitmkeremyildiziho.meb.k12.tr,,,https://sehitmkeremyildiziho.meb.k12.tr/tema/harita.php,2026-08-31,883,883,bulundu,https://sehitmkeremyildiziho.meb.k12.tr/tema/okulumuz_hakkinda.php,2026-10-01T19:27:57.455350+00:00,,Öğrenci : 883
İstanbul,Sarıyer,Şehit Uğur Taşçı Ortaokulu,739131,Ortaokul,https://sehitugurtasciortaokulu.meb.k12.tr,,,https://sehitugurtasciortaokulu.meb.k12.tr/tema/harita.php,2026-08-31,288,288,bulundu,https://sehitugurtasciortaokulu.meb.k12.tr/,2026-10-01T19:27:57.893132+00:00,,Öğrenci Sayısı 288
İstanbul,Sarıyer,Şehit Uğur Taşçı İlkokulu,739134,İlkokul,https://sehitugurtasciilkokulu.meb.k12.tr,,,https://sehitugurtasciilkokulu.meb.k12.tr/tema/harita.php,2026-08-31,532,532,bulundu,https://sehitugurtasciilkokulu.meb.k12.tr/,2026-10-01T19:27:58.084900+00:00,,Öğrenci Sayısı 532
İstanbul,Sarıyer,Şehit Üsteğmen Ali Büyükdicle Özel Eğitim Uygulama Okulu III. Kademe,747101,Özel Eğitim Kurumu,https://alibuyukdicle.meb.k12.tr,,,https://alibuyukdicle.meb.k12.tr/tema/harita.php,2026-08-31,53,53,bulundu,https://alibuyukdicle.meb.k12.tr/,2026-10-01T19:27:58.315139+00:00,,Öğrenci Sayısı 53
İstanbul,Sarıyer,Şükran Ülgezen Mesleki ve Teknik Anadolu Lisesi,365852,Mesleki ve Teknik Anadolu Lisesi,https://sukranulgezen.meb.k12.tr,,,https://sukranulgezen.meb.k12.tr/tema/harita.php,2026-08-31,388,388,bulundu,https://sukranulgezen.meb.k12.tr/,2026-10-01T19:27:58.398132+00:00,,Öğrenci Sayısı : 388
İstanbul,Sarıyer,Şükrü Nailipaşa İlkokulu,731301,İlkokul,https://sukrunailipasailkokulu.meb.k12.tr,,,https://sukrunailipasailkokulu.meb.k12.tr/tema/harita.php,2026-08-31,68,68,bulundu,https://sukrunailipasailkokulu.meb.k12.tr/,2026-10-01T19:27:58.453739+00:00,,Öğrenci Sayısı 68
İstanbul,Silivri,100. Yıl Cumhuriyet Anaokulu,775246,Anaokulu,https://775246.meb.k12.tr,,,https://775246.meb.k12.tr/tema/harita.php,2026-08-31,288,288,bulundu,https://775246.meb.k12.tr/,2026-10-01T19:27:58.467953+00:00,,Öğrenci Sayısı 288
İstanbul,Silivri,75. Yıl Cumhuriyet Ortaokulu,746414,Ortaokul,https://75yilcumhuriyetortaokul.meb.k12.tr,,,https://75yilcumhuriyetortaokul.meb.k12.tr/tema/harita.php,2026-08-31,256,256,bulundu,https://75yilcumhuriyetortaokul.meb.k12.tr/,2026-10-01T19:27:58.535359+00:00,,Öğrenci Sayısı : 256
İstanbul,Silivri,75. Yıl Cumhuriyet İlkokulu,731306,İlkokul,https://75yilcumhuriyetilkokulu.meb.k12.tr,,,https://75yilcumhuriyetilkokulu.meb.k12.tr/tema/harita.php,2026-08-31,294,294,bulundu,https://75yilcumhuriyetilkokulu.meb.k12.tr/,2026-10-01T19:27:58.538600+00:00,,Öğrenci Sayısı: 294
İstanbul,Silivri,80 Yıl Cumhuriyet Ortaokulu,738952,Ortaokul,https://silivri80yilortaokulu.meb.k12.tr,,,https://silivri80yilortaokulu.meb.k12.tr/tema/harita.php,2026-08-31,523,523,bulundu,https://silivri80yilortaokulu.meb.k12.tr/,2026-10-01T19:27:58.654186+00:00,,Öğrenci Sayısı : 523
İstanbul,Silivri,80 Yıl Cumhuriyet İlkokulu,738953,İlkokul,https://canta80yil.meb.k12.tr,,,https://canta80yil.meb.k12.tr/tema/harita.php,2026-08-31,612,612,bulundu,https://canta80yil.meb.k12.tr/,2026-10-01T19:27:58.713044+00:00,,Öğrenci Sayısı : 612
İstanbul,Silivri,Abdullah Bilgingüllüoğlu Özel Eğitim Meslek Okulu,759084,Özel Eğitim Kurumu,https://silivriabozelegitimmerkezi.meb.k12.tr,,,https://silivriabozelegitimmerkezi.meb.k12.tr/tema/harita.php,2026-08-31,134,134,bulundu,https://silivriabozelegitimmerkezi.meb.k12.tr/,2026-10-01T19:27:58.768070+00:00,,Öğrenci Sayısı : 134
İstanbul,Silivri,Abdullah-Aliye Can Anaokulu,967465,Anaokulu,https://aliyecananaokulu.meb.k12.tr,,,https://aliyecananaokulu.meb.k12.tr/tema/harita.php,2026-08-31,,,bulunamadi,,2026-10-01T19:27:58.839878+00:00,,
İstanbul,Silivri,Akören Ümit Aksun Ortaokulu,738949,Ortaokul,https://akorenumitaksunoo.meb.k12.tr,,,https://akorenumitaksunoo.meb.k12.tr/tema/harita.php,2026-08-31,32,32,bulundu,https://akorenumitaksunoo.meb.k12.tr/,2026-10-01T19:27:59.022335+00:00,,Öğrenci Sayısı : 32
İstanbul,Silivri,Akören Ümit Aksun İlkokulu,738950,İlkokul,https://akumak.meb.k12.tr,,,https://akumak.meb.k12.tr/tema/harita.php,2026-08-31,51,51,bulundu,https://akumak.meb.k12.tr/,2026-10-01T19:27:59.062398+00:00,,Öğrenci Sayısı : 51
İstanbul,Silivri,Alipaşa Fethi Erkoç Ortaokulu,738944,Ortaokul,https://alipasafethierkocort.meb.k12.tr,,,https://alipasafethierkocort.meb.k12.tr/tema/harita.php,2026-08-31,49,49,bulundu,https://alipasafethierkocort.meb.k12.tr/tema/okulumuz_hakkinda.php,2026-10-01T19:27:59.076208+00:00,,Öğrenci : 49
İstanbul,Silivri,Alipaşa Fethi Erkoç İlkokulu,738945,İlkokul,https://apasaio.meb.k12.tr,,,https://apasaio.meb.k12.tr/tema/harita.php,2026-08-31,67,67,bulundu,https://apasaio.meb.k12.tr/,2026-10-01T19:27:59.119140+00:00,,Öğrenci Sayısı : 67
İstanbul,Silivri,Atatürk Anadolu Lisesi,964163,Anadolu Lisesi,https://saal1990.meb.k12.tr,,,https://saal1990.meb.k12.tr/tema/harita.php,2026-08-31,1021,1021,bulundu,https://saal1990.meb.k12.tr/tema/okulumuz_hakkinda.php,2026-10-01T19:27:59.115698+00:00,,Öğrenci : 1021
İstanbul,Silivri,Beyciler Mukaddes Sönmez Ortaokulu,735435,Ortaokul,https://beyorta.meb.k12.tr,,,https://beyorta.meb.k12.tr/tema/harita.php,2026-08-31,37,37,bulundu,https://beyorta.meb.k12.tr/,2026-10-01T19:27:59.242405+00:00,,Öğrenci Sayısı 37
İstanbul,Silivri,Beyciler Mukaddes Sönmez İlkokulu,731308,İlkokul,https://beyilk.meb.k12.tr,,,https://beyilk.meb.k12.tr/tema/harita.php,2026-08-31,53,53,bulundu,https://beyilk.meb.k12.tr/,2026-10-01T19:27:59.305194+00:00,,Öğrenci Sayısı: 53
İstanbul,Silivri,Büyük Kılıçlı Ortaokulu,738929,Ortaokul,https://buyukklclortaokulu.meb.k12.tr,,,https://buyukklclortaokulu.meb.k12.tr/tema/harita.php,2026-08-31,,,bulunamadi,,2026-10-01T19:27:59.333395+00:00,,
İstanbul,Silivri,Büyük Kılıçlı İlkokulu,738933,İlkokul,https://buyukkilicliilkokulu.meb.k12.tr,,,https://buyukkilicliilkokulu.meb.k12.tr/tema/harita.php,2026-08-31,81,81,bulundu,https://buyukkilicliilkokulu.meb.k12.tr/,2026-10-01T19:27:59.434502+00:00,,Öğrenci Sayısı 81
İstanbul,Silivri,Büyük Çavuşlu 60. Yıl Cumhuriyet İlkokulu,731314,İlkokul,https://bc60yilcumhuriyetio.meb.k12.tr,,,https://bc60yilcumhuriyetio.meb.k12.tr/tema/harita.php,2026-08-31,115,115,bulundu,https://bc60yilcumhuriyetio.meb.k12.tr/,2026-10-01T19:27:59.463799+00:00,,Öğrenci Sayısı : 115
İstanbul,Silivri,Büyük Çavuşlu Ortaokulu,738937,Ortaokul,https://bcavusluortaokul.meb.k12.tr,,,https://bcavusluortaokul.meb.k12.tr/tema/harita.php,2026-08-31,183,183,bulundu,https://bcavusluortaokul.meb.k12.tr/,2026-10-01T19:27:59.677211+00:00,,Öğrenci Sayısı : 183
İstanbul,Silivri,Büyükçavuşlu Mehmet Akif Ersoy İlkokulu,745052,İlkokul,https://bcavuslumakifeio.meb.k12.tr,,,https://bcavuslumakifeio.meb.k12.tr/tema/harita.php,2026-08-31,,,bulunamadi,,2026-10-01T19:27:59.693318+00:00,,
İstanbul,Silivri,Danamandıra Ortaokulu,738923,Ortaokul,https://danamandiraorta.meb.k12.tr,,,https://danamandiraorta.meb.k12.tr/tema/harita.php,2026-08-31,39,39,bulundu,https://danamandiraorta.meb.k12.tr/,2026-10-01T19:27:59.709649+00:00,,Öğrenci Sayısı : 39
İstanbul,Silivri,Danamandıra İlkokulu,738926,İlkokul,https://danamandirailk.meb.k12.tr,,,https://danamandirailk.meb.k12.tr/tema/harita.php,2026-08-31,25,25,bulundu,https://danamandirailk.meb.k12.tr/,2026-10-01T19:27:59.792000+00:00,,Öğrenci Sayısı : 25
İstanbul,Silivri,Değirmenköy Atatürk Ortaokulu,733537,Ortaokul,https://dkoyataturk.meb.k12.tr,,,https://dkoyataturk.meb.k12.tr/tema/harita.php,2026-08-31,425,425,bulundu,https://dkoyataturk.meb.k12.tr/,2026-10-01T19:28:00.234492+00:00,,Öğrenci Sayısı : 425
İstanbul,Silivri,Değirmenköy Borsa İstanbul Çok Programlı Anadolu Lisesi,745974,Çok Programlı Anadolu Lisesi,https://degirmenkoybistcpal.meb.k12.tr,,,https://degirmenkoybistcpal.meb.k12.tr/tema/harita.php,2026-08-31,347,347,bulundu,https://degirmenkoybistcpal.meb.k12.tr/,2026-10-01T19:28:00.285584+00:00,,Öğrenci Sayısı 347
İstanbul,Silivri,Değirmenköy Fevzipaşa İlkokulu,731320,İlkokul,https://degirmenkoyfevzipasa.meb.k12.tr,,,https://degirmenkoyfevzipasa.meb.k12.tr/tema/harita.php,2026-08-31,391,391,bulundu,https://degirmenkoyfevzipasa.meb.k12.tr/,2026-10-01T19:28:00.347526+00:00,,Öğrenci Sayısı 391
İstanbul,Silivri,Erguvan Anaokulu,966306,Anaokulu,https://erguvananaokulu.meb.k12.tr,,,https://erguvananaokulu.meb.k12.tr/tema/harita.php,2026-08-31,111,111,bulundu,https://erguvananaokulu.meb.k12.tr/,2026-10-01T19:28:00.377413+00:00,,Öğrenci Sayısı: 111
İstanbul,Silivri,Ertuğrul Gazi Ortaokulu,738894,Ortaokul,https://ertugrulgazioo.meb.k12.tr,,,https://ertugrulgazioo.meb.k12.tr/tema/harita.php,2026-08-31,1618,1618,bulundu,https://ertugrulgazioo.meb.k12.tr/tema/okulumuz_hakkinda.php,2026-10-01T19:28:00.379677+00:00,,Öğrenci : 1618
İstanbul,Silivri,Fenerköy Ortaokulu,738889,Ortaokul,https://fenerkoyortaokulu.meb.k12.tr,,,https://fenerkoyortaokulu.meb.k12.tr/tema/harita.php,2026-08-31,44,44,bulundu,https://fenerkoyortaokulu.meb.k12.tr/,2026-10-01T19:28:00.421510+00:00,,Öğrenci Sayısı 44
İstanbul,Silivri,Fenerköy İlkokulu,738892,İlkokul,https://fenerkoyilkokulu.meb.k12.tr,,,https://fenerkoyilkokulu.meb.k12.tr/tema/harita.php,2026-08-31,74,74,bulundu,https://fenerkoyilkokulu.meb.k12.tr/,2026-10-01T19:28:00.444812+00:00,,Öğrenci Sayısı 74
İstanbul,Silivri,Gazi ilkokulu,747647,İlkokul,https://silivrigaziilkokul.meb.k12.tr,,,https://silivrigaziilkokul.meb.k12.tr/tema/harita.php,2026-08-31,650,650,bulundu,https://silivrigaziilkokul.meb.k12.tr/,2026-10-01T19:28:00.556820+00:00,,Öğrenci Sayısı : 650
İstanbul,Silivri,Gazi İmam Hatip Ortaokulu,734636,İmam Hatip Ortaokulu,https://silivrigaziimamhatip.meb.k12.tr,,,https://silivrigaziimamhatip.meb.k12.tr/tema/harita.php,2026-08-31,157,157,bulundu,https://silivrigaziimamhatip.meb.k12.tr/,2026-10-01T19:28:00.688116+00:00,,Öğrenci Sayısı : 157
İstanbul,Silivri,Gazitepe Ortaokulu,738880,Ortaokul,https://gazitepeoo.meb.k12.tr,,,https://gazitepeoo.meb.k12.tr/tema/harita.php,2026-08-31,57,57,bulundu,https://gazitepeoo.meb.k12.tr/tema/okulumuz_hakkinda.php,2026-10-01T19:28:00.703470+00:00,,Öğrenci : 57
İstanbul,Silivri,Gazitepe İlkokulu,738884,İlkokul,https://gazitepeio.meb.k12.tr,,,https://gazitepeio.meb.k12.tr/tema/harita.php,2026-08-31,68,68,bulundu,https://gazitepeio.meb.k12.tr/,2026-10-01T19:28:00.785813+00:00,,Öğrenci Sayısı : 68
İstanbul,Silivri,Gümüşyaka Anadolu Lisesi,972877,Anadolu Lisesi,https://gumusyakaanadolulisesi.meb.k12.tr,,,https://gumusyakaanadolulisesi.meb.k12.tr/tema/harita.php,2026-08-31,695,695,bulundu,https://gumusyakaanadolulisesi.meb.k12.tr/,2026-10-01T19:28:00.830841+00:00,,Öğrenci Sayısı : 695
İstanbul,Silivri,Gümüşyaka H.Ahmet Saliha Ölçer İlkokulu,731331,İlkokul,https://gumusyakahasolcerilkokulu.meb.k12.tr,,,https://gumusyakahasolcerilkokulu.meb.k12.tr/tema/harita.php,2026-08-31,571,571,bulundu,https://gumusyakahasolcerilkokulu.meb.k12.tr/,2026-10-01T19:28:00.850881+00:00,,Öğrenci Sayısı 571
İstanbul,Silivri,Gümüşyaka Ortaokulu,735436,Ortaokul,https://gumusyakaortaokulu.meb.k12.tr,,,https://gumusyakaortaokulu.meb.k12.tr/tema/harita.php,2026-08-31,595,595,bulundu,https://gumusyakaortaokulu.meb.k12.tr/,2026-10-01T19:28:00.915356+00:00,,Öğrenci Sayısı : 595
İstanbul,Silivri,Hasan Özvarnalı İlkokulu,731345,İlkokul,https://hasanozvarnali.meb.k12.tr,,,https://hasanozvarnali.meb.k12.tr/tema/harita.php,2026-08-31,759,759,bulundu,https://hasanozvarnali.meb.k12.tr/,2026-10-01T19:28:01.099295+00:00,,Öğrenci Sayısı 759
İstanbul,Silivri,Hasan-Sabriye Gümüş Anadolu lisesi,320693,Anadolu Lisesi,https://hasgal.meb.k12.tr,,,https://hasgal.meb.k12.tr/tema/harita.php,2026-08-31,530,530,bulundu,https://hasgal.meb.k12.tr/,2026-10-01T19:28:01.182700+00:00,,Öğrenci Sayısı 530
İstanbul,Silivri,Hoca Ahmet Yesevi İlkokulu,777134,İlkokul,https://777134.meb.k12.tr,,,https://777134.meb.k12.tr/tema/harita.php,2026-08-31,766,766,bulundu,https://777134.meb.k12.tr/,2026-10-01T19:28:01.523305+00:00,,Öğrenci Sayısı : 766
İstanbul,Silivri,Kavaklı Ortaokulu,738842,Ortaokul,https://silivrikavakliortaokulu.meb.k12.tr,,,https://silivrikavakliortaokulu.meb.k12.tr/tema/harita.php,2026-08-31,169,169,bulundu,https://silivrikavakliortaokulu.meb.k12.tr/,2026-10-01T19:28:01.630267+00:00,,Öğrenci Sayısı : 169
İstanbul,Silivri,Kavaklı İlkokulu,738844,İlkokul,https://silivrikavakliilkokulu.meb.k12.tr,,,https://silivrikavakliilkokulu.meb.k12.tr/tema/harita.php,2026-08-31,218,218,bulundu,https://silivrikavakliilkokulu.meb.k12.tr/,2026-10-01T19:28:01.641860+00:00,,Öğrenci Sayısı 218
İstanbul,Silivri,Lions Leo Dernekleri Esen İbak Özel Eğitim Uygulama Merkezi II. Kademe,747347,Özel Eğitim Kurumu,https://esenibak2.meb.k12.tr,,,https://esenibak2.meb.k12.tr/tema/harita.php,2026-08-31,15,15,bulundu,https://esenibak2.meb.k12.tr/,2026-10-01T19:28:01.687879+00:00,,Öğrenci Sayısı 15
İstanbul,Silivri,Lions Leo Dernekleri Esen İbak Özel Eğitim Uygulama Okulu I. Kademe,747102,Özel Eğitim Kurumu,https://esenibak1.meb.k12.tr,,,https://esenibak1.meb.k12.tr/tema/harita.php,2026-08-31,10,10,bulundu,https://esenibak1.meb.k12.tr/,2026-10-01T19:28:02.008075+00:00,,Öğrenci Sayısı : 10
İstanbul,Silivri,Lions Leo Dernekleri Esen İbak Özel Eğitim İş Uygulama Merkezi (Okulu),748096,Özel Eğitim Kurumu,https://esenibak3.meb.k12.tr,,,https://esenibak3.meb.k12.tr/tema/harita.php,2026-08-31,26,26,bulundu,https://esenibak3.meb.k12.tr/,2026-10-01T19:28:02.036202+00:00,,Öğrenci Sayısı 26
İstanbul,Silivri,Mimar Sinan Ortaokulu,738837,Ortaokul,https://silivrimimarsinanortaokulu.meb.k12.tr,,,https://silivrimimarsinanortaokulu.meb.k12.tr/tema/harita.php,2026-08-31,402,402,bulundu,https://silivrimimarsinanortaokulu.meb.k12.tr/tema/okulumuz_hakkinda.php,2026-10-01T19:28:02.099114+00:00,,Öğrenci : 402
İstanbul,Silivri,Mimar Sinan İlkokulu,738840,İlkokul,https://silivrimimarsinanilkokulu.meb.k12.tr,,,https://silivrimimarsinanilkokulu.meb.k12.tr/tema/harita.php,2026-08-31,700,700,bulundu,https://silivrimimarsinanilkokulu.meb.k12.tr/tema/okulumuz_hakkinda.php,2026-10-01T19:28:02.130854+00:00,,Öğrenci : 700
İstanbul,Silivri,NAMIK KEMAL ORTAOKULU,765745,Ortaokul,https://silivrinamikkemaloo.meb.k12.tr,,,https://silivrinamikkemaloo.meb.k12.tr/tema/harita.php,2026-08-31,325,325,bulundu,https://silivrinamikkemaloo.meb.k12.tr/tema/okulumuz_hakkinda.php,2026-10-01T19:28:02.177000+00:00,,Öğrenci : 325
İstanbul,Silivri,Namık Kemal İlkokulu,738834,İlkokul,https://silivrinamikkemalilkokulu.meb.k12.tr,,,https://silivrinamikkemalilkokulu.meb.k12.tr/tema/harita.php,2026-08-31,425,425,bulundu,https://silivrinamikkemalilkokulu.meb.k12.tr/tema/okulumuz_hakkinda.php,2026-10-01T19:28:02.181893+00:00,,Öğrenci : 425
İstanbul,Silivri,Nurullah Baldöktü İlkokulu,731354,İlkokul,https://nubal.meb.k12.tr,,,https://nubal.meb.k12.tr/tema/harita.php,2026-08-31,1136,1136,bulundu,https://nubal.meb.k12.tr/,2026-10-01T19:28:02.255345+00:00,,Öğrenci Sayısı : 1136
İstanbul,Silivri,Ortaköy Sezin Öztaş Ortaokulu,738825,Ortaokul,https://ortakoysezinoztasortaokulu.meb.k12.tr,,,https://ortakoysezinoztasortaokulu.meb.k12.tr/tema/harita.php,2026-08-31,323,323,bulundu,https://ortakoysezinoztasortaokulu.meb.k12.tr/,2026-10-01T19:28:02.257833+00:00,,Öğrenci Sayısı 323
İstanbul,Silivri,Ortaköy Sezin Öztaş İlkokulu,738828,İlkokul,https://ortakoysezinoztasilkokulu.meb.k12.tr,,,https://ortakoysezinoztasilkokulu.meb.k12.tr/tema/harita.php,2026-08-31,375,375,bulundu,https://ortakoysezinoztasilkokulu.meb.k12.tr/,2026-10-01T19:28:02.569265+00:00,,Öğrenci Sayısı 375
İstanbul,Silivri,Oğuz Aral Ortaokulu,768514,Ortaokul,https://oguzaralortaokulu.meb.k12.tr,,,https://oguzaralortaokulu.meb.k12.tr/tema/harita.php,2026-08-31,250,250,bulundu,https://oguzaralortaokulu.meb.k12.tr/,2026-10-01T19:28:02.610683+00:00,,Öğrenci Sayısı 250
İstanbul,Silivri,Oğuz Aral İlkokulu,768504,İlkokul,https://oguzaralilkokulu.meb.k12.tr,,,https://oguzaralilkokulu.meb.k12.tr/tema/harita.php,2026-08-31,422,422,bulundu,https://oguzaralilkokulu.meb.k12.tr/,2026-10-01T19:28:02.661835+00:00,,Öğrenci Sayısı: 422
İstanbul,Silivri,Piri Mehmet Paşa İlkokulu,738610,İlkokul,https://pirimehmetpasailkokulu.meb.k12.tr,,,https://pirimehmetpasailkokulu.meb.k12.tr/tema/harita.php,2026-08-31,662,662,bulundu,https://pirimehmetpasailkokulu.meb.k12.tr/,2026-10-01T19:28:02.674264+00:00,,Öğrenci Sayısı : 662
İstanbul,Silivri,Prof Dr. Fuat Sezgin Fen Lisesi,973041,Fen Lisesi,https://fsfl.meb.k12.tr,,,https://fsfl.meb.k12.tr/tema/harita.php,2026-08-31,554,554,bulundu,https://fsfl.meb.k12.tr/,2026-10-01T19:28:02.712923+00:00,,Öğrenci Sayısı : 554
İstanbul,Silivri,Prof.Dr. Besim Üstünel Anaokulu,971879,Anaokulu,https://besimustunelanaokulu.meb.k12.tr,,,https://besimustunelanaokulu.meb.k12.tr/tema/harita.php,2026-08-31,113,113,bulundu,https://besimustunelanaokulu.meb.k12.tr/,2026-10-01T19:28:02.718820+00:00,,Öğrenci Sayısı: 113
İstanbul,Silivri,Sayalar İlkokulu,731376,İlkokul,https://sayalarilkokulu.meb.k12.tr,,,https://sayalarilkokulu.meb.k12.tr/tema/harita.php,2026-08-31,60,60,bulundu,https://sayalarilkokulu.meb.k12.tr/,2026-10-01T19:28:02.778056+00:00,,Öğrenci Sayısı 60
İstanbul,Silivri,Selimpaşa Ahmet Ziylan Ortaokulu,733549,Ortaokul,https://selimpasaahmetziylanortaokulu.meb.k12.tr,,,https://selimpasaahmetziylanortaokulu.meb.k12.tr/tema/harita.php,2026-08-31,704,704,bulundu,https://selimpasaahmetziylanortaokulu.meb.k12.tr/,2026-10-01T19:28:02.838837+00:00,,Öğrenci Sayısı : 704
İstanbul,Silivri,Selimpaşa Anadolu İmam Hatip Lisesi,973181,Anadolu İmam Hatip Lisesi,https://selimpasaaihl.meb.k12.tr,,,https://selimpasaaihl.meb.k12.tr/tema/harita.php,2026-08-31,658,658,bulundu,https://selimpasaaihl.meb.k12.tr/,2026-10-01T19:28:02.849494+00:00,,Öğrenci Sayısı : 658
İstanbul,Silivri,Selimpaşa Borsa İstanbul Turizm Mesleki ve Teknik Anadolu Lisesi,966660,Mesleki ve Teknik Anadolu Lisesi,https://selimpasa.meb.k12.tr,,,https://selimpasa.meb.k12.tr/tema/harita.php,2026-08-31,320,320,bulundu,https://selimpasa.meb.k12.tr/,2026-10-01T19:28:02.878898+00:00,,Öğrenci Sayısı 320
İstanbul,Silivri,Selimpaşa İlkokulu,731387,İlkokul,https://selimpasailkokulu.meb.k12.tr,,,https://selimpasailkokulu.meb.k12.tr/tema/harita.php,2026-08-31,546,546,bulundu,https://selimpasailkokulu.meb.k12.tr/,2026-10-01T19:28:02.914608+00:00,,Öğrenci Sayısı 546
İstanbul,Silivri,Sevim Avni Çoğal İlkokulu,750469,İlkokul,https://sevim.meb.k12.tr,,,https://sevim.meb.k12.tr/tema/harita.php,2026-08-31,954,954,bulundu,https://sevim.meb.k12.tr/,2026-10-01T19:28:02.963936+00:00,,Öğrenci Sayısı : 954
İstanbul,Silivri,Silivri Adalet Mesleki Eğitim Merkezi,768013,Mesleki Eğitim Merkezi,https://samem.meb.k12.tr,,,https://samem.meb.k12.tr/tema/harita.php,2026-08-31,77,77,bulundu,https://samem.meb.k12.tr/,2026-10-01T19:28:03.133316+00:00,,Öğrenci Sayısı : 77
İstanbul,Silivri,Silivri Anadolu lisesi,161959,Anadolu Lisesi,https://silivrianadolulisesi.meb.k12.tr,,,https://silivrianadolulisesi.meb.k12.tr/tema/harita.php,2026-08-31,816,816,bulundu,https://silivrianadolulisesi.meb.k12.tr/tema/okulumuz_hakkinda.php,2026-10-01T19:28:03.150117+00:00,,Öğrenci : 816
İstanbul,Silivri,Silivri Bilim ve Sanat Merkezi,768187,Bilim ve Sanat Merkezi,https://silivribilimvesanatmerkezi.meb.k12.tr,,,https://silivribilimvesanatmerkezi.meb.k12.tr/tema/harita.php,2026-08-31,161,161,bulundu,https://silivribilimvesanatmerkezi.meb.k12.tr/tema/okulumuz_hakkinda.php,2026-10-01T19:28:03.313226+00:00,,Öğrenci : 161
İstanbul,Silivri,Silivri BİAŞ Özel Eğitim Uygulama Okulu I. Kademe,776013,Özel Eğitim Kurumu,https://776013.meb.k12.tr,,,https://776013.meb.k12.tr/tema/harita.php,2026-08-31,18,18,bulundu,https://776013.meb.k12.tr/,2026-10-01T19:28:03.382799+00:00,,Öğrenci Sayısı 18
İstanbul,Silivri,Silivri BİAŞ Özel Eğitim Uygulama Okulu II. Kademe,776021,Özel Eğitim Kurumu,https://776021.meb.k12.tr,,,https://776021.meb.k12.tr/tema/harita.php,2026-08-31,7,7,bulundu,https://776021.meb.k12.tr/,2026-10-01T19:28:03.854791+00:00,,Öğrenci Sayısı 7
İstanbul,Silivri,Silivri Fatih Ortaokulu,738812,Ortaokul,https://silivrifatihortaokulu.meb.k12.tr,,,https://silivrifatihortaokulu.meb.k12.tr/tema/harita.php,2026-08-31,128,128,bulundu,https://silivrifatihortaokulu.meb.k12.tr/,2026-10-01T19:28:03.914221+00:00,,Öğrenci Sayısı : 128
İstanbul,Silivri,Silivri Fatih İlkokulu,738813,İlkokul,https://silivri-fatih.meb.k12.tr,,,https://silivri-fatih.meb.k12.tr/tema/harita.php,2026-08-31,246,246,bulundu,https://silivri-fatih.meb.k12.tr/,2026-10-01T19:28:03.921916+00:00,,Öğrenci Sayısı: 246
İstanbul,Silivri,Silivri Halk Eğitimi Merkezi,161972,Halk Eğitimi Merkezi,https://silivrihem.meb.k12.tr,,,https://silivrihem.meb.k12.tr/tema/harita.php,2026-08-31,,,bulunamadi,,2026-10-01T19:28:03.985805+00:00,,
İstanbul,Silivri,Silivri Kız Anadolu İmam Hatip Lisesi,761649,Anadolu İmam Hatip Lisesi,https://silivrikzaihl.meb.k12.tr,,,https://silivrikzaihl.meb.k12.tr/tema/harita.php,2026-08-31,498,498,bulundu,https://silivrikzaihl.meb.k12.tr/,2026-10-01T19:28:03.988687+00:00,,Öğrenci Sayısı : 498
İstanbul,Silivri,Silivri Mesleki Eğitim Merkezi,828885,Mesleki Eğitim Merkezi,https://silivrimem.meb.k12.tr,,,https://silivrimem.meb.k12.tr/tema/harita.php,2026-08-31,548,548,bulundu,https://silivrimem.meb.k12.tr/,2026-10-01T19:28:04.184732+00:00,,Öğrenci Sayısı : 548
İstanbul,Silivri,Silivri Necip Sarıbekir Mesleki ve Teknik Anadolu Lisesi,973065,Mesleki ve Teknik Anadolu Lisesi,https://nsmtal.meb.k12.tr,,,https://nsmtal.meb.k12.tr/tema/harita.php,2026-08-31,621,621,bulundu,https://nsmtal.meb.k12.tr/,2026-10-01T19:28:04.202570+00:00,,Öğrenci Sayısı 621
İstanbul,Silivri,Silivri Ortaokulu,747191,Ortaokul,https://silivriortaokulu.meb.k12.tr,,,https://silivriortaokulu.meb.k12.tr/tema/harita.php,2026-08-31,1075,1075,bulundu,https://silivriortaokulu.meb.k12.tr/,2026-10-01T19:28:04.245403+00:00,,Öğrenci Sayısı 1075
İstanbul,Silivri,Silivri Rehberlik ve Araştırma Merkezi,965173,Rehberlik ve Araştırma Merkezi,https://silivriram.meb.k12.tr,,,https://silivriram.meb.k12.tr/tema/harita.php,2026-08-31,,,bulunamadi,,2026-10-01T19:28:04.305036+00:00,,
İstanbul,Silivri,Silivri Yusuf Sarıbekir Mesleki ve Teknik Anadolu Lisesi,342255,Mesleki ve Teknik Anadolu Lisesi,https://sysmtal.meb.k12.tr,,,https://sysmtal.meb.k12.tr/tema/harita.php,2026-08-31,882,882,bulundu,https://sysmtal.meb.k12.tr/,2026-10-01T19:28:04.419679+00:00,,Öğrenci Sayısı 882
İstanbul,Silivri,Silivri Öğretmenevi ve Akşam Sanat okulu Müdürlüğü,749022,Öğretmenevi,https://silivriogretmenevi.meb.k12.tr,,,https://silivriogretmenevi.meb.k12.tr/tema/harita.php,2026-08-31,,,bulunamadi,,2026-10-01T19:28:04.540852+00:00,,
İstanbul,Silivri,Sultan Alparslan Ortaokulu,777133,Ortaokul,https://silivrisultanalparslanortaokulu.meb.k12.tr,,,https://silivrisultanalparslanortaokulu.meb.k12.tr/tema/harita.php,2026-08-31,598,598,bulundu,https://silivrisultanalparslanortaokulu.meb.k12.tr/,2026-10-01T19:28:04.567457+00:00,,Öğrenci Sayısı : 598
İstanbul,Silivri,TOKİ Cumhuriyet Anadolu Lisesi,972493,Anadolu Lisesi,https://tokicumhuriyetanadolulisesi.meb.k12.tr,,,https://tokicumhuriyetanadolulisesi.meb.k12.tr/tema/harita.php,2026-08-31,891,891,bulundu,https://tokicumhuriyetanadolulisesi.meb.k12.tr/,2026-10-01T19:28:04.705823+00:00,,Öğrenci Sayısı 891
İstanbul,Silivri,TOKİ Dede Korkut Ortaokulu,772435,Ortaokul,https://tokidedekorkutortaokulu.meb.k12.tr,,,https://tokidedekorkutortaokulu.meb.k12.tr/tema/harita.php,2026-08-31,252,252,bulundu,https://tokidedekorkutortaokulu.meb.k12.tr/,2026-10-01T19:28:04.724242+00:00,,Öğrenci Sayısı : 252
İstanbul,Silivri,Toki Dede Korkut İlkokulu,771838,İlkokul,https://tokidedekorkutilkokulu.meb.k12.tr,,,https://tokidedekorkutilkokulu.meb.k12.tr/tema/harita.php,2026-08-31,521,521,bulundu,https://tokidedekorkutilkokulu.meb.k12.tr/,2026-10-01T19:28:04.825352+00:00,,Öğrenci Sayısı 521
İstanbul,Silivri,Turgut Reis İlkokulu,731404,İlkokul,https://silivriturgutreisio.meb.k12.tr,,,https://silivriturgutreisio.meb.k12.tr/tema/harita.php,2026-08-31,456,456,bulundu,https://silivriturgutreisio.meb.k12.tr/,2026-10-01T19:28:05.302197+00:00,,Öğrenci Sayısı : 456
İstanbul,Silivri,Yavuz Selim İlkokulu,738810,İlkokul,https://yavuzselimilkokulu.meb.k12.tr,,,https://yavuzselimilkokulu.meb.k12.tr/tema/harita.php,2026-08-31,1019,1019,bulundu,https://yavuzselimilkokulu.meb.k12.tr/,2026-10-01T19:28:05.334838+00:00,,Öğrenci Sayısı 1019
İstanbul,Silivri,Yolçatı İlkokulu,771233,İlkokul,https://771233.meb.k12.tr,,,https://771233.meb.k12.tr/tema/harita.php,2026-08-31,0,0,bulundu,https://771233.meb.k12.tr/,2026-10-01T19:28:05.369063+00:00,,Öğrenci Sayısı : 0
İstanbul,Silivri,Yunus Emre İmam Hatip Ortaokulu,759356,İmam Hatip Ortaokulu,https://yunusemreih.meb.k12.tr,,,https://yunusemreih.meb.k12.tr/tema/harita.php,2026-08-31,260,260,bulundu,https://yunusemreih.meb.k12.tr/,2026-10-01T19:28:05.509920+00:00,,Öğrenci Sayısı : 260
İstanbul,Silivri,Çayırdere Ortaokulu,745079,Ortaokul,https://cayirdere.meb.k12.tr,,,https://cayirdere.meb.k12.tr/tema/harita.php,2026-08-31,50,50,bulundu,https://cayirdere.meb.k12.tr/,2026-10-01T19:28:05.753699+00:00,,Öğrenci Sayısı 50
İstanbul,Silivri,Çağrıbey Ortaokulu,733545,Ortaokul,https://silivricagribey.meb.k12.tr,,,https://silivricagribey.meb.k12.tr/tema/harita.php,2026-08-31,870,870,bulundu,https://silivricagribey.meb.k12.tr/,2026-10-01T19:28:05.770901+00:00,,Öğrenci Sayısı : 870
İstanbul,Silivri,Çeltik İlkokulu,731315,İlkokul,https://celtikilkokulu.meb.k12.tr,,,https://celtikilkokulu.meb.k12.tr/tema/harita.php,2026-08-31,72,72,bulundu,https://celtikilkokulu.meb.k12.tr/,2026-10-01T19:28:05.806487+00:00,,Öğrenci Sayısı: 72
İstanbul,Silivri,Ümmehan Elginkan Anaokulu,772210,Anaokulu,https://elginkananaokulu.meb.k12.tr,,,https://elginkananaokulu.meb.k12.tr/tema/harita.php,2026-08-31,197,197,bulundu,https://elginkananaokulu.meb.k12.tr/,2026-10-01T19:28:05.833700+00:00,,Öğrenci Sayısı : 197
İstanbul,Silivri,İBB Abdülezel Paşa Ortaokulu,738867,Ortaokul,https://abdulezelpasaortaokulu.meb.k12.tr,,,https://abdulezelpasaortaokulu.meb.k12.tr/tema/harita.php,2026-08-31,1128,1128,bulundu,https://abdulezelpasaortaokulu.meb.k12.tr/,2026-10-01T19:28:05.839242+00:00,,Öğrenci Sayısı : 1128
İstanbul,Silivri,İBB Abdülezel Paşa İlkokulu,768756,İlkokul,https://abdulezelpasailkokulu.meb.k12.tr,,,https://abdulezelpasailkokulu.meb.k12.tr/tema/harita.php,2026-08-31,666,666,bulundu,https://abdulezelpasailkokulu.meb.k12.tr/,2026-10-01T19:28:05.928626+00:00,,Öğrenci Sayısı : 666
İstanbul,Silivri,İbrahim Emine Akçay Anaokulu,766147,Anaokulu,https://ibrahimemineakcayao.meb.k12.tr,,,https://ibrahimemineakcayao.meb.k12.tr/tema/harita.php,2026-08-31,90,90,bulundu,https://ibrahimemineakcayao.meb.k12.tr/,2026-10-01T19:28:05.932086+00:00,,Öğrenci Sayısı: 90
İstanbul,Silivri,İbrahim Yirik Mesleki ve Teknik Anadolu Lisesi,748401,Mesleki ve Teknik Anadolu Lisesi,https://ibrahimyiriksilivri.meb.k12.tr,,,https://ibrahimyiriksilivri.meb.k12.tr/tema/harita.php,2026-08-31,,330 | 370,celiskili,https://ibrahimyiriksilivri.meb.k12.tr/tema/okulumuz_hakkinda.php,2026-10-01T19:28:06.276500+00:00,,Öğrenci : 330 | 370 Öğrenci
İstanbul,Silivri,İrfan Sırdaş Aile Eğitim Vakfı Ortaokulu,738857,Ortaokul,https://irfansirdas.meb.k12.tr,,,https://irfansirdas.meb.k12.tr/tema/harita.php,2026-08-31,130,130,bulundu,https://irfansirdas.meb.k12.tr/,2026-10-01T19:28:06.320212+00:00,,Öğrenci Sayısı : 130
İstanbul,Silivri,İrfan Sırdaş Aile Eğitim Vakfı İlkokulu,738858,İlkokul,https://irfansirdasilkokulu.meb.k12.tr,,,https://irfansirdasilkokulu.meb.k12.tr/tema/harita.php,2026-08-31,136,136,bulundu,https://irfansirdasilkokulu.meb.k12.tr/,2026-10-01T19:28:06.343301+00:00,,Öğrenci Sayısı 136
İstanbul,Silivri,Şehit Emre Sarıtaş Anadolu İmam Hatip Lisesi,767228,Anadolu İmam Hatip Lisesi,https://emresaritasaihl.meb.k12.tr,,,https://emresaritasaihl.meb.k12.tr/tema/harita.php,2026-08-31,577,577,bulundu,https://emresaritasaihl.meb.k12.tr/,2026-10-01T19:28:06.389802+00:00,,Öğrenci Sayısı 577
İstanbul,Silivri,Şehit Olcay Özcan Ortaokulu,738846,Ortaokul,https://silivrisehitolcayozcanortaokulu.meb.k12.tr,,,https://silivrisehitolcayozcanortaokulu.meb.k12.tr/tema/harita.php,2026-08-31,52,52,bulundu,https://silivrisehitolcayozcanortaokulu.meb.k12.tr/,2026-10-01T19:28:06.429746+00:00,,Öğrenci Sayısı 52
İstanbul,Silivri,Şehit Olcay Özcan İlkokulu,738853,İlkokul,https://silivrisehitolcayozcanilkokulu.meb.k12.tr,,,https://silivrisehitolcayozcanilkokulu.meb.k12.tr/tema/harita.php,2026-08-31,72,72,bulundu,https://silivrisehitolcayozcanilkokulu.meb.k12.tr/,2026-10-01T19:28:06.439945+00:00,,Öğrenci Sayısı 72
İstanbul,Silivri,Şerife Baldöktü Mesleki ve Teknik Anadolu Lisesi,161960,Mesleki ve Teknik Anadolu Lisesi,https://sbmtal.meb.k12.tr,,,https://sbmtal.meb.k12.tr/tema/harita.php,2026-08-31,877,877,bulundu,https://sbmtal.meb.k12.tr/,2026-10-01T19:28:06.474974+00:00,,Öğrenci Sayısı : 877
İstanbul,Silivri,Şerife Baldöktü Özel Eğitim Anaokulu,768858,Anaokulu,https://768858.meb.k12.tr,,,https://768858.meb.k12.tr/tema/harita.php,2026-08-31,51,51,bulundu,https://768858.meb.k12.tr/,2026-10-01T19:28:06.513678+00:00,,Öğrenci Sayısı 51
İstanbul,Sultanbeyli,AHMET HALUK DURSUN İLKOKULU,769110,İlkokul,https://sultanbeyliahmethalukdursunio.meb.k12.tr,,,https://sultanbeyliahmethalukdursunio.meb.k12.tr/tema/harita.php,2026-08-31,1199,1199,bulundu,https://sultanbeyliahmethalukdursunio.meb.k12.tr/,2026-10-01T19:28:06.522644+00:00,,Öğrenci Sayısı: 1199
İstanbul,Sultanbeyli,Adil Ortaokulu,774894,Ortaokul,https://adilortaokulu.meb.k12.tr,,,https://adilortaokulu.meb.k12.tr/tema/harita.php,2026-08-31,651,651,bulundu,https://adilortaokulu.meb.k12.tr/,2026-10-01T19:28:06.574650+00:00,,Öğrenci Sayısı 651
İstanbul,Sultanbeyli,Ahi Evran İlkokulu,769306,İlkokul,https://ahievranilkokulusultanbeyli.meb.k12.tr,,,https://ahievranilkokulusultanbeyli.meb.k12.tr/tema/harita.php,2026-08-31,948,948,bulundu,https://ahievranilkokulusultanbeyli.meb.k12.tr/,2026-10-01T19:28:06.611897+00:00,,Öğrenci Sayısı 948
İstanbul,Sultanbeyli,Ahmet Yener Ortaokulu,738806,Ortaokul,https://ahmetyener.meb.k12.tr,,,https://ahmetyener.meb.k12.tr/tema/harita.php,2026-08-31,1310,1310,bulundu,https://ahmetyener.meb.k12.tr/,2026-10-01T19:28:06.714062+00:00,,Öğrenci Sayısı 1310
İstanbul,Sultanbeyli,Ahmet Yesevi İlkokulu,738799,İlkokul,https://sultanbeyliahmetyeseviio.meb.k12.tr,,,https://sultanbeyliahmetyeseviio.meb.k12.tr/tema/harita.php,2026-08-31,1386,1386,bulundu,https://sultanbeyliahmetyeseviio.meb.k12.tr/,2026-10-01T19:28:06.810610+00:00,,Öğrenci Sayısı: 1386
İstanbul,Sultanbeyli,Akşemsettin Ortaokulu,738788,Ortaokul,https://sbeyliaksemsettinoo.meb.k12.tr,,,https://sbeyliaksemsettinoo.meb.k12.tr/tema/harita.php,2026-08-31,691,691,bulundu,https://sbeyliaksemsettinoo.meb.k12.tr/,2026-10-01T19:28:06.949421+00:00,,Öğrenci Sayısı : 691
İstanbul,Sultanbeyli,Akşemsettin İlkokulu,738789,İlkokul,https://sbeyliaksemsettinio.meb.k12.tr,,,https://sbeyliaksemsettinio.meb.k12.tr/tema/harita.php,2026-08-31,821,821,bulundu,https://sbeyliaksemsettinio.meb.k12.tr/,2026-10-01T19:28:07.059286+00:00,,Öğrenci Sayısı 821
İstanbul,Sultanbeyli,Ali Kuşçu İmam Hatip Ortaokulu,760549,İmam Hatip Ortaokulu,https://alikuscuiho.meb.k12.tr,,,https://alikuscuiho.meb.k12.tr/tema/harita.php,2026-08-31,1264,1264,bulundu,https://alikuscuiho.meb.k12.tr/,2026-10-01T19:28:07.063151+00:00,,Öğrenci Sayısı : 1264
İstanbul,Sultanbeyli,Anafartalar İmam Hatip Ortaokulu,735385,İmam Hatip Ortaokulu,https://anafartalariho.meb.k12.tr,,,https://anafartalariho.meb.k12.tr/tema/harita.php,2026-08-31,1278,1278,bulundu,https://anafartalariho.meb.k12.tr/,2026-10-01T19:28:07.511663+00:00,,Öğrenci Sayısı 1278
İstanbul,Sultanbeyli,Atatürk Ortaokulu,738784,Ortaokul,https://sultanbeyliataturkortaokulu.meb.k12.tr,,,https://sultanbeyliataturkortaokulu.meb.k12.tr/tema/harita.php,2026-08-31,993,993,bulundu,https://sultanbeyliataturkortaokulu.meb.k12.tr/tema/okulumuz_hakkinda.php,2026-10-01T19:28:07.571183+00:00,,Öğrenci : 993
İstanbul,Sultanbeyli,Aydos Ortaokulu,733552,Ortaokul,https://aydos.meb.k12.tr,,,https://aydos.meb.k12.tr/tema/harita.php,2026-08-31,591,591,bulundu,https://aydos.meb.k12.tr/tema/okulumuz_hakkinda.php,2026-10-01T19:28:07.578632+00:00,,Öğrenci : 591
İstanbul,Sultanbeyli,Aydos İmam Hatip Ortaokulu,734656,İmam Hatip Ortaokulu,https://aydosiho.meb.k12.tr,,,https://aydosiho.meb.k12.tr/tema/harita.php,2026-08-31,548,548,bulundu,https://aydosiho.meb.k12.tr/tema/okulumuz_hakkinda.php,2026-10-01T19:28:07.625852+00:00,,Öğrenci : 548
İstanbul,Sultanbeyli,Aziz Sancar Anadolu Lisesi,764855,Anadolu Lisesi,https://asal.meb.k12.tr,,,https://asal.meb.k12.tr/tema/harita.php,2026-08-31,665,665,bulundu,https://asal.meb.k12.tr/,2026-10-01T19:28:07.704863+00:00,,Öğrenci Sayısı 665
İstanbul,Sultanbeyli,Battalgazi Ortaokulu,738775,Ortaokul,https://sultanbeylibattalgaziorta.meb.k12.tr,,,https://sultanbeylibattalgaziorta.meb.k12.tr/tema/harita.php,2026-08-31,487,487,bulundu,https://sultanbeylibattalgaziorta.meb.k12.tr/,2026-10-01T19:28:07.779807+00:00,,Öğrenci Sayısı 487
İstanbul,Sultanbeyli,Battalgazi İlkokulu,738781,İlkokul,https://sultanbeylibattalgaziio.meb.k12.tr,,,https://sultanbeylibattalgaziio.meb.k12.tr/tema/harita.php,2026-08-31,833,833,bulundu,https://sultanbeylibattalgaziio.meb.k12.tr/,2026-10-01T19:28:07.982643+00:00,,Öğrenci Sayısı : 833
İstanbul,Sultanbeyli,Cahit Zarifoğlu İmam Hatip Ortaokulu,734655,İmam Hatip Ortaokulu,https://czarifogluiho.meb.k12.tr,,,https://czarifogluiho.meb.k12.tr/tema/harita.php,2026-08-31,602,602,bulundu,https://czarifogluiho.meb.k12.tr/,2026-10-01T19:28:08.084820+00:00,,Öğrenci Sayısı : 602
İstanbul,Sultanbeyli,Cemil Meriç Anadolu Lisesi,767358,Anadolu Lisesi,https://767358.meb.k12.tr,,,https://767358.meb.k12.tr/tema/harita.php,2026-08-31,1245,1245,bulundu,https://767358.meb.k12.tr/,2026-10-01T19:28:08.086128+00:00,,Öğrenci Sayısı : 1245
İstanbul,Sultanbeyli,Cumhuriyet Ortaokulu,738772,Ortaokul,https://sultanbeylicumhuriyetoo.meb.k12.tr,,,https://sultanbeylicumhuriyetoo.meb.k12.tr/tema/harita.php,2026-08-31,1509,1509,bulundu,https://sultanbeylicumhuriyetoo.meb.k12.tr/,2026-10-01T19:28:08.110016+00:00,,Öğrenci Sayısı 1509
İstanbul,Sultanbeyli,Cumhuriyet İlkokulu,738774,İlkokul,https://sultanbeylicumhuriyetio.meb.k12.tr,,,https://sultanbeylicumhuriyetio.meb.k12.tr/tema/harita.php,2026-08-31,1674,1674,bulundu,https://sultanbeylicumhuriyetio.meb.k12.tr/,2026-10-01T19:28:08.127624+00:00,,Öğrenci Sayısı: 1674
İstanbul,Sultanbeyli,Erol Yüksel Ortaokulu,759377,Ortaokul,https://erolyuksel.meb.k12.tr,,,https://erolyuksel.meb.k12.tr/tema/harita.php,2026-08-31,952,952,bulundu,https://erolyuksel.meb.k12.tr/,2026-10-01T19:28:08.130589+00:00,,Öğrenci Sayısı 952
İstanbul,Sultanbeyli,Ertuğrul Gazi Ortaokulu,738761,Ortaokul,https://sultanbeyliertugrulgaziortaokulu.meb.k12.tr,,,https://sultanbeyliertugrulgaziortaokulu.meb.k12.tr/tema/harita.php,2026-08-31,1127,1127,bulundu,https://sultanbeyliertugrulgaziortaokulu.meb.k12.tr/,2026-10-01T19:28:08.508083+00:00,,Öğrenci Sayısı 1127
İstanbul,Sultanbeyli,Ertuğrul Gazi İmam Hatip Ortaokulu,760484,İmam Hatip Ortaokulu,https://sbeyliertugrulgaziiho.meb.k12.tr,,,https://sbeyliertugrulgaziiho.meb.k12.tr/tema/harita.php,2026-08-31,596,596,bulundu,https://sbeyliertugrulgaziiho.meb.k12.tr/,2026-10-01T19:28:08.510509+00:00,,Öğrenci Sayısı 596
İstanbul,Sultanbeyli,Esma Sultan Anaokulu,972595,Anaokulu,https://esmasultananaokulu.meb.k12.tr,,,https://esmasultananaokulu.meb.k12.tr/tema/harita.php,2026-08-31,143,143,bulundu,https://esmasultananaokulu.meb.k12.tr/,2026-10-01T19:28:08.529822+00:00,,Öğrenci Sayısı: 143
İstanbul,Sultanbeyli,Fatih Ortaokulu,738758,Ortaokul,https://sultanbeylifatih.meb.k12.tr,,,https://sultanbeylifatih.meb.k12.tr/tema/harita.php,2026-08-31,1460,1460,bulundu,https://sultanbeylifatih.meb.k12.tr/,2026-10-01T19:28:08.599674+00:00,,Öğrenci Sayısı 1460
İstanbul,Sultanbeyli,Fuat Sezgin Anadolu İmam Hatip Lisesi,766042,Anadolu İmam Hatip Lisesi,https://fuatsezginaihl.meb.k12.tr,,,https://fuatsezginaihl.meb.k12.tr/tema/harita.php,2026-08-31,614,614,bulundu,https://fuatsezginaihl.meb.k12.tr/,2026-10-01T19:28:08.711389+00:00,,Öğrenci Sayısı : 614
İstanbul,Sultanbeyli,Genç Osman Ortaokulu,758405,Ortaokul,https://sultanbeyligencosman.meb.k12.tr,,,https://sultanbeyligencosman.meb.k12.tr/tema/harita.php,2026-08-31,478,478,bulundu,https://sultanbeyligencosman.meb.k12.tr/,2026-10-01T19:28:08.733159+00:00,,Öğrenci Sayısı : 478
İstanbul,Sultanbeyli,Gölet İlkokulu,758685,İlkokul,https://goletilkokulu.meb.k12.tr,,,https://goletilkokulu.meb.k12.tr/tema/harita.php,2026-08-31,548,548,bulundu,https://goletilkokulu.meb.k12.tr/,2026-10-01T19:28:08.884617+00:00,,Öğrenci Sayısı : 548
İstanbul,Sultanbeyli,Gülbahar Hatun Anaokulu,972191,Anaokulu,https://gulbaharhatunanaokulu.meb.k12.tr,,,https://gulbaharhatunanaokulu.meb.k12.tr/tema/harita.php,2026-08-31,71,71,bulundu,https://gulbaharhatunanaokulu.meb.k12.tr/,2026-10-01T19:28:08.885519+00:00,,Öğrenci Sayısı: 71
İstanbul,Sultanbeyli,Halit Ayar Kızılay Anaokulu,767708,Anaokulu,https://halitayarkizilayanaokulu.meb.k12.tr,,,https://halitayarkizilayanaokulu.meb.k12.tr/tema/harita.php,2026-08-31,96,96,bulundu,https://halitayarkizilayanaokulu.meb.k12.tr/,2026-10-01T19:28:08.891016+00:00,,Öğrenci Sayısı 96
İstanbul,Sultanbeyli,Hasan Ali Yücel Ortaokulu,738285,Ortaokul,https://hasanaliyucelorta.meb.k12.tr,,,https://hasanaliyucelorta.meb.k12.tr/tema/harita.php,2026-08-31,1699,1699,bulundu,https://hasanaliyucelorta.meb.k12.tr/tema/okulumuz_hakkinda.php,2026-10-01T19:28:08.949082+00:00,,Öğrenci : 1699
İstanbul,Sultanbeyli,Hasanpaşa İlkokulu,738266,İlkokul,https://shasanpasailkokulu.meb.k12.tr,,,https://shasanpasailkokulu.meb.k12.tr/tema/harita.php,2026-08-31,1838,1838,bulundu,https://shasanpasailkokulu.meb.k12.tr/,2026-10-01T19:28:09.448090+00:00,,Öğrenci Sayısı 1838
İstanbul,Sultanbeyli,Hüsnü M. Özyeğin Anadolu Lisesi,972878,Anadolu Lisesi,https://shmoal.meb.k12.tr,,,https://shmoal.meb.k12.tr/tema/harita.php,2026-08-31,2070,2070,bulundu,https://shmoal.meb.k12.tr/,2026-10-01T19:28:09.544512+00:00,,Öğrenci Sayısı : 2070
İstanbul,Sultanbeyli,Kaptan-ı Derya İlkokulu,738220,İlkokul,https://kaptanideryaio.meb.k12.tr,,,https://kaptanideryaio.meb.k12.tr/tema/harita.php,2026-08-31,2383,2383,bulundu,https://kaptanideryaio.meb.k12.tr/,2026-10-01T19:28:09.854844+00:00,,Öğrenci Sayısı : 2383
İstanbul,Sultanbeyli,MECİDİYE ANAOKULU,759340,Anaokulu,https://mecidiyeanaokulu.meb.k12.tr,,,https://mecidiyeanaokulu.meb.k12.tr/tema/harita.php,2026-08-31,165,165,bulundu,https://mecidiyeanaokulu.meb.k12.tr/,2026-10-01T19:28:09.899135+00:00,,Öğrenci Sayısı: 165
İstanbul,Sultanbeyli,Maraşal Fevzi Çakmak Ortaokulu,738193,Ortaokul,https://mfc.meb.k12.tr,,,https://mfc.meb.k12.tr/tema/harita.php,2026-08-31,931,931,bulundu,https://mfc.meb.k12.tr/,2026-10-01T19:28:09.923206+00:00,,Öğrenci Sayısı 931
İstanbul,Sultanbeyli,Mehmet Akif Ersoy İlkokulu,738184,İlkokul,https://smaersoyilkokulu.meb.k12.tr,,,https://smaersoyilkokulu.meb.k12.tr/tema/harita.php,2026-08-31,1449,1449,bulundu,https://smaersoyilkokulu.meb.k12.tr/,2026-10-01T19:28:10.037479+00:00,,Öğrenci Sayısı 1449
İstanbul,Sultanbeyli,Mehmet Corcor İlkokulu,731433,İlkokul,https://mehmetcorcorio.meb.k12.tr,,,https://mehmetcorcorio.meb.k12.tr/tema/harita.php,2026-08-31,653,653,bulundu,https://mehmetcorcorio.meb.k12.tr/,2026-10-01T19:28:10.057014+00:00,,Öğrenci Sayısı : 653
İstanbul,Sultanbeyli,Mevlana Ortaokulu,738136,Ortaokul,https://sultanbeylimevlanaortaokulu.meb.k12.tr,,,https://sultanbeylimevlanaortaokulu.meb.k12.tr/tema/harita.php,2026-08-31,1636,1636,bulundu,https://sultanbeylimevlanaortaokulu.meb.k12.tr/,2026-10-01T19:28:10.128111+00:00,,Öğrenci Sayısı 1636
İstanbul,Sultanbeyli,Mimar Sinan Ortaokulu,738117,Ortaokul,https://sbmimarsinan.meb.k12.tr,,,https://sbmimarsinan.meb.k12.tr/tema/harita.php,2026-08-31,808,808,bulundu,https://sbmimarsinan.meb.k12.tr/,2026-10-01T19:28:10.135506+00:00,,Öğrenci Sayısı 808
İstanbul,Sultanbeyli,Mimar Sinan İlkokulu,738128,İlkokul,https://sultanbeylimimarsinan.meb.k12.tr,,,https://sultanbeylimimarsinan.meb.k12.tr/tema/harita.php,2026-08-31,668,668,bulundu,https://sultanbeylimimarsinan.meb.k12.tr/,2026-10-01T19:28:10.262989+00:00,,Öğrenci Sayısı 668
İstanbul,Sultanbeyli,Mimarsinan Mesleki Eğitim Merkezi,776882,Mesleki Eğitim Merkezi,https://mimarsinanmem.meb.k12.tr,,,https://mimarsinanmem.meb.k12.tr/tema/harita.php,2026-08-31,617,617,bulundu,https://mimarsinanmem.meb.k12.tr/,2026-10-01T19:28:10.267240+00:00,,Öğrenci Sayısı : 617
İstanbul,Sultanbeyli,Naim Süleymanoğlu Spor Lisesi,764942,Spor Lisesi,https://naimsuleymanoglusl.meb.k12.tr,,,https://naimsuleymanoglusl.meb.k12.tr/tema/harita.php,2026-08-31,509,509,bulundu,https://naimsuleymanoglusl.meb.k12.tr/,2026-10-01T19:28:10.274034+00:00,,Öğrenci Sayısı : 509
İstanbul,Sultanbeyli,Naim Süleymanoğlu Spor Ortaokulu,775591,Ortaokul,https://775591.meb.k12.tr,,,https://775591.meb.k12.tr/tema/harita.php,2026-08-31,54,54,bulundu,https://775591.meb.k12.tr/,2026-10-01T19:28:10.337647+00:00,,Öğrenci Sayısı : 54
İstanbul,Sultanbeyli,Namık Kemal Ortaokulu,738099,Ortaokul,https://snamikkemal.meb.k12.tr,,,https://snamikkemal.meb.k12.tr/tema/harita.php,2026-08-31,1019,1019,bulundu,https://snamikkemal.meb.k12.tr/,2026-10-01T19:28:10.406679+00:00,,Öğrenci Sayısı : 1019
İstanbul,Sultanbeyli,Namık Kemal İlkokulu,738111,İlkokul,https://sbeylinamikkemal.meb.k12.tr,,,https://sbeylinamikkemal.meb.k12.tr/tema/harita.php,2026-08-31,1001,1001,bulundu,https://sbeylinamikkemal.meb.k12.tr/,2026-10-01T19:28:10.413740+00:00,,Öğrenci Sayısı : 1001
İstanbul,Sultanbeyli,Necip Fazıl İmam Hatip Ortaokulu,734659,İmam Hatip Ortaokulu,https://sultanbeylinecipfaziliho.meb.k12.tr,,,https://sultanbeylinecipfaziliho.meb.k12.tr/tema/harita.php,2026-08-31,607,607,bulundu,https://sultanbeylinecipfaziliho.meb.k12.tr/,2026-10-01T19:28:10.476011+00:00,,Öğrenci Sayısı : 607
İstanbul,Sultanbeyli,Nene Hatun İlkokulu,738085,İlkokul,https://sbeylinenehatunilkokulu.meb.k12.tr,,,https://sbeylinenehatunilkokulu.meb.k12.tr/tema/harita.php,2026-08-31,,,bulunamadi,,2026-10-01T19:28:10.608887+00:00,,
İstanbul,Sultanbeyli,Nilüfer Hatun Kız Anadolu İmam Hatip Lisesi,759729,Anadolu İmam Hatip Lisesi,https://niluferhatunkizaihl.meb.k12.tr,,,https://niluferhatunkizaihl.meb.k12.tr/tema/harita.php,2026-08-31,885,885,bulundu,https://niluferhatunkizaihl.meb.k12.tr/tema/okulumuz_hakkinda.php,2026-10-01T19:28:10.669357+00:00,,Öğrenci : 885
İstanbul,Sultanbeyli,Orhangazi Anadolu İmam Hatip Lisesi,966930,Anadolu İmam Hatip Lisesi,https://sultanbeyliorhangazianadoluihl.meb.k12.tr,,,https://sultanbeyliorhangazianadoluihl.meb.k12.tr/tema/harita.php,2026-08-31,602,602,bulundu,https://sultanbeyliorhangazianadoluihl.meb.k12.tr/,2026-10-01T19:28:10.859407+00:00,,Öğrenci Sayısı 602
İstanbul,Sultanbeyli,Sultan Alparslan Mesleki ve Teknik Anadolu Lisesi,972080,Mesleki ve Teknik Anadolu Lisesi,https://sultanalparslanmtal.meb.k12.tr,,,https://sultanalparslanmtal.meb.k12.tr/tema/harita.php,2026-08-31,,,bulunamadi,,2026-10-01T19:28:10.864883+00:00,,
İstanbul,Sultanbeyli,Sultanbeyli Anadolu Lisesi,307233,Anadolu Lisesi,https://sultanbeyli.meb.k12.tr,,,https://sultanbeyli.meb.k12.tr/tema/harita.php,2026-08-31,1053,1053,bulundu,https://sultanbeyli.meb.k12.tr/,2026-10-01T19:28:10.888447+00:00,,Öğrenci Sayısı : 1053
İstanbul,Sultanbeyli,Sultanbeyli Anadolu İmam Hatip Lisesi,350737,Anadolu İmam Hatip Lisesi,https://sultanbeyliihl.meb.k12.tr,,,https://sultanbeyliihl.meb.k12.tr/tema/harita.php,2026-08-31,,,bulunamadi,,2026-10-01T19:28:11.033577+00:00,,
İstanbul,Sultanbeyli,Sultanbeyli Celal Gündoğdu Halk Eğitimi Merkezi,306957,Halk Eğitimi Merkezi,https://sultanbeylihem.meb.k12.tr,,,https://sultanbeylihem.meb.k12.tr/tema/harita.php,2026-08-31,,,bulunamadi,,2026-10-01T19:28:11.036999+00:00,,
İstanbul,Sultanbeyli,Sultanbeyli Kız Anadolu İmam Hatip Lisesi,750318,Anadolu İmam Hatip Lisesi,https://sultanbeylikaihl.meb.k12.tr,,,https://sultanbeylikaihl.meb.k12.tr/tema/harita.php,2026-08-31,1280,1280,bulundu,https://sultanbeylikaihl.meb.k12.tr/,2026-10-01T19:28:11.094251+00:00,,Öğrenci Sayısı : 1280
İstanbul,Sultanbeyli,Sultanbeyli Merkez İlkokulu,361327,İlkokul,https://sultanbeylimerkez.meb.k12.tr,,,https://sultanbeylimerkez.meb.k12.tr/tema/harita.php,2026-08-31,2108,2108,bulundu,https://sultanbeylimerkez.meb.k12.tr/,2026-10-01T19:28:11.145630+00:00,,Öğrenci Sayısı : 2108
İstanbul,Sultanbeyli,Sultanbeyli Mesleki Eğitim Merkezi,970137,Mesleki Eğitim Merkezi,https://sultanbeylimem.meb.k12.tr,,,https://sultanbeylimem.meb.k12.tr/tema/harita.php,2026-08-31,1330,1330,bulundu,https://sultanbeylimem.meb.k12.tr/tema/okulumuz_hakkinda.php,2026-10-01T19:28:11.196874+00:00,,Öğrenci : 1330
İstanbul,Sultanbeyli,Sultanbeyli Mesleki ve Teknik Anadolu Lisesi,777026,Mesleki ve Teknik Anadolu Lisesi,https://sumtal2026.meb.k12.tr,,,https://sumtal2026.meb.k12.tr/tema/harita.php,2026-08-31,414,414,bulundu,https://sumtal2026.meb.k12.tr/tema/okulumuz_hakkinda.php,2026-10-01T19:28:11.333249+00:00,,Öğrenci : 414
İstanbul,Sultanbeyli,Sultanbeyli Ortaokulu,738043,Ortaokul,https://sultanbeyliortaokulu.meb.k12.tr,,,https://sultanbeyliortaokulu.meb.k12.tr/tema/harita.php,2026-08-31,897,897,bulundu,https://sultanbeyliortaokulu.meb.k12.tr/,2026-10-01T19:28:11.373123+00:00,,Öğrenci Sayısı 897
İstanbul,Sultanbeyli,Sultanbeyli Rehberlik ve Araştırma Merkezi,793747,Rehberlik ve Araştırma Merkezi,https://sultanbeyliram.meb.k12.tr,,,https://sultanbeyliram.meb.k12.tr/tema/harita.php,2026-08-31,,,bulunamadi,,2026-10-01T19:28:11.380280+00:00,,
İstanbul,Sultanbeyli,Sultanbeyli Sabiha Gökçen Mesleki ve Teknik Anadolu Lisesi,972160,Mesleki ve Teknik Anadolu Lisesi,https://isgokcen.meb.k12.tr,,,https://isgokcen.meb.k12.tr/tema/harita.php,2026-08-31,1095,1095,bulundu,https://isgokcen.meb.k12.tr/,2026-10-01T19:28:11.547581+00:00,,Öğrenci Sayısı 1095
İstanbul,Sultanbeyli,Sultanbeyli TOGEM-DER Özel Eğitim Anaokulu,759506,Anaokulu,https://togemderanaokulu.meb.k12.tr,,,https://togemderanaokulu.meb.k12.tr/tema/harita.php,2026-08-31,52,52,bulundu,https://togemderanaokulu.meb.k12.tr/,2026-10-01T19:28:11.662246+00:00,,Öğrenci Sayısı 52
İstanbul,Sultanbeyli,Sultanbeyli Çok Programlı Anadolu Lisesi,302183,Çok Programlı Anadolu Lisesi,https://scpal.meb.k12.tr,,,https://scpal.meb.k12.tr/tema/harita.php,2026-08-31,1448,1448,bulundu,https://scpal.meb.k12.tr/,2026-10-01T19:28:11.705615+00:00,,Öğrenci Sayısı 1448
İstanbul,Sultanbeyli,Sultanbeyli Özel Eğitim Meslek Okulu,758816,Özel Eğitim Kurumu,https://sozemesem.meb.k12.tr,,,https://sozemesem.meb.k12.tr/tema/harita.php,2026-08-31,173,173,bulundu,https://sozemesem.meb.k12.tr/,2026-10-01T19:28:11.734199+00:00,,Öğrenci Sayısı : 173
İstanbul,Sultanbeyli,Sultanbeyli Özel Eğitim Uygulama Okulu I. Kademe,777124,Özel Eğitim Kurumu,https://777124.meb.k12.tr,,,https://777124.meb.k12.tr/tema/harita.php,2026-08-31,15,15,bulundu,https://777124.meb.k12.tr/,2026-10-01T19:28:11.828476+00:00,,Öğrenci Sayısı : 15
İstanbul,Sultanbeyli,Sultanbeyli Özel Eğitim Uygulama Okulu II. Kademe,777125,Özel Eğitim Kurumu,https://777125.meb.k12.tr,,,https://777125.meb.k12.tr/tema/harita.php,2026-08-31,21,21,bulundu,https://777125.meb.k12.tr/,2026-10-01T19:28:11.851019+00:00,,Öğrenci Sayısı : 21
İstanbul,Sultanbeyli,Sultanbeyli Özel Eğitim Uygulama Okulu III. Kademe,777126,Özel Eğitim Kurumu,https://777126.meb.k12.tr,,,https://777126.meb.k12.tr/tema/harita.php,2026-08-31,18,18,bulundu,https://777126.meb.k12.tr/,2026-10-01T19:28:11.985152+00:00,,Öğrenci Sayısı : 18
İstanbul,Sultanbeyli,Sultanbeyli İbrahim Hakkı Anadolu Lisesi,972817,Anadolu Lisesi,https://sihal.meb.k12.tr,,,https://sihal.meb.k12.tr/tema/harita.php,2026-08-31,1009,1009,bulundu,https://sihal.meb.k12.tr/,2026-10-01T19:28:12.018294+00:00,,Öğrenci Sayısı : 1009
İstanbul,Sultanbeyli,Sultanbeyli İmam Hatip Ortaokulu,760486,İmam Hatip Ortaokulu,https://sultanbeyliiho.meb.k12.tr,,,https://sultanbeyliiho.meb.k12.tr/tema/harita.php,2026-08-31,229,229,bulundu,https://sultanbeyliiho.meb.k12.tr/,2026-10-01T19:28:12.019743+00:00,,Öğrenci Sayısı 229
İstanbul,Sultanbeyli,TOKİ Adil İlkokulu,752542,İlkokul,https://tokiadililkokulu.meb.k12.tr,,,https://tokiadililkokulu.meb.k12.tr/tema/harita.php,2026-08-31,1790,1790,bulundu,https://tokiadililkokulu.meb.k12.tr/,2026-10-01T19:28:12.049844+00:00,,Öğrenci Sayısı: 1790
İstanbul,Sultanbeyli,Teferrüç Ortaokulu,777378,Ortaokul,https://777378.meb.k12.tr,,,https://777378.meb.k12.tr/tema/harita.php,2026-08-31,0,0,bulundu,https://777378.meb.k12.tr/,2026-10-01T19:28:12.072414+00:00,,Öğrenci Sayısı : 0
İstanbul,Sultanbeyli,Turgut Reis İlkokulu,738019,İlkokul,https://sultanbeyliturgutreisilkokulu.meb.k12.tr,,,https://sultanbeyliturgutreisilkokulu.meb.k12.tr/tema/harita.php,2026-08-31,1705,1705,bulundu,https://sultanbeyliturgutreisilkokulu.meb.k12.tr/,2026-10-01T19:28:12.192232+00:00,,Öğrenci Sayısı : 1705
İstanbul,Sultanbeyli,Turhan Feyzioğlu Ticaret Mesleki ve Teknik Anadolu Lisesi,377891,Mesleki ve Teknik Anadolu Lisesi,https://tftml.meb.k12.tr,,,https://tftml.meb.k12.tr/tema/harita.php,2026-08-31,931,931,bulundu,https://tftml.meb.k12.tr/,2026-10-01T19:28:12.193968+00:00,,Öğrenci Sayısı : 931
İstanbul,Sultanbeyli,Türk Hava Kurumu Gazi Ortaokulu,737995,Ortaokul,https://thkgaziortaokulu.meb.k12.tr,,,https://thkgaziortaokulu.meb.k12.tr/tema/harita.php,2026-08-31,1232,1232,bulundu,https://thkgaziortaokulu.meb.k12.tr/,2026-10-01T19:28:12.201455+00:00,,Öğrenci Sayısı 1232
İstanbul,Sultanbeyli,Türk Telekom Şehit Murat Naiboğlu Anadolu Lisesi,964162,Anadolu Lisesi,https://sttal.meb.k12.tr,,,https://sttal.meb.k12.tr/tema/harita.php,2026-08-31,724,724,bulundu,https://sttal.meb.k12.tr/,2026-10-01T19:28:12.209845+00:00,,Öğrenci Sayısı : 724
İstanbul,Sultanbeyli,YUNUS EMRE İMAM HATİP ORTAOKULU,760485,İmam Hatip Ortaokulu,https://syunusemreiho.meb.k12.tr,,,https://syunusemreiho.meb.k12.tr/tema/harita.php,2026-08-31,137,137,bulundu,https://syunusemreiho.meb.k12.tr/,2026-10-01T19:28:12.257829+00:00,,Öğrenci Sayısı 137
İstanbul,Sultanbeyli,Yahya Kemal Beyatlı Kız Mesleki ve Teknik Anadolu Lisesi,759124,Mesleki ve Teknik Anadolu Lisesi,https://yahyakemalbeyatlimtal.meb.k12.tr,,,https://yahyakemalbeyatlimtal.meb.k12.tr/tema/harita.php,2026-08-31,1378,1378,bulundu,https://yahyakemalbeyatlimtal.meb.k12.tr/,2026-10-01T19:28:12.287789+00:00,,Öğrenci Sayısı 1378
İstanbul,Sultanbeyli,Yaşar Paşalı İlkokulu,737988,İlkokul,https://yasarpasaliilkokulu.meb.k12.tr,,,https://yasarpasaliilkokulu.meb.k12.tr/tema/harita.php,2026-08-31,2039,2039,bulundu,https://yasarpasaliilkokulu.meb.k12.tr/,2026-10-01T19:28:12.296412+00:00,,Öğrenci Sayısı : 2039
İstanbul,Sultanbeyli,Yunus Emre Ortaokulu,737930,Ortaokul,https://syunusemre.meb.k12.tr,,,https://syunusemre.meb.k12.tr/tema/harita.php,2026-08-31,1233,1233,bulundu,https://syunusemre.meb.k12.tr/,2026-10-01T19:28:12.782581+00:00,,Öğrenci Sayısı 1233
İstanbul,Sultanbeyli,Yıldırım Beyazıt Ortaokulu,737949,Ortaokul,https://sultanbeyliyildirimbeyazitoo.meb.k12.tr,,,https://sultanbeyliyildirimbeyazitoo.meb.k12.tr/tema/harita.php,2026-08-31,281,281,bulundu,https://sultanbeyliyildirimbeyazitoo.meb.k12.tr/,2026-10-01T19:28:12.863236+00:00,,Öğrenci Sayısı : 281
İstanbul,Sultanbeyli,Yıldırım Beyazıt İlkokulu,737971,İlkokul,https://yilbeyio.meb.k12.tr,,,https://yilbeyio.meb.k12.tr/tema/harita.php,2026-08-31,692,692,bulundu,https://yilbeyio.meb.k12.tr/,2026-10-01T19:28:12.929655+00:00,,Öğrenci Sayısı 692
İstanbul,Sultanbeyli,Zübeyde Hanım İlkokulu,737921,İlkokul,https://szubeydehanimio.meb.k12.tr,,,https://szubeydehanimio.meb.k12.tr/tema/harita.php,2026-08-31,2145,2145,bulundu,https://szubeydehanimio.meb.k12.tr/,2026-10-01T19:28:13.081631+00:00,,Öğrenci Sayısı: 2145
İstanbul,Sultanbeyli,Çağdaş Yaşam Türkan Tutumluer İlkokulu,738770,İlkokul,https://cyttutumluerilk.meb.k12.tr,,,https://cyttutumluerilk.meb.k12.tr/tema/harita.php,2026-08-31,322,322,bulundu,https://cyttutumluerilk.meb.k12.tr/,2026-10-01T19:28:13.297979+00:00,,Öğrenci Sayısı : 322
İstanbul,Sultanbeyli,Özdemir Bayraktar Bilim ve Sanat Merkezi,769307,Bilim ve Sanat Merkezi,https://ozdemirbayraktarbilsem.meb.k12.tr,,,https://ozdemirbayraktarbilsem.meb.k12.tr/tema/harita.php,2026-08-31,156,156,bulundu,https://ozdemirbayraktarbilsem.meb.k12.tr/,2026-10-01T19:28:13.429981+00:00,,Öğrenci Sayısı : 156
İstanbul,Sultanbeyli,İBB Orhangazi İmam Hatip Ortaokulu,758915,İmam Hatip Ortaokulu,https://ibborhangaziiho.meb.k12.tr,,,https://ibborhangaziiho.meb.k12.tr/tema/harita.php,2026-08-31,442,442,bulundu,https://ibborhangaziiho.meb.k12.tr/,2026-10-01T19:28:13.447296+00:00,,Öğrenci Sayısı : 442
İstanbul,Sultanbeyli,İstanbul Ticaret Odası Şehit Er Dursun Sıvaz İlkokulu,750305,İlkokul,https://dursunsivazilkokulu.meb.k12.tr,,,https://dursunsivazilkokulu.meb.k12.tr/tema/harita.php,2026-08-31,2497,2497,bulundu,https://dursunsivazilkokulu.meb.k12.tr/,2026-10-01T19:28:13.454391+00:00,,Öğrenci Sayısı : 2497
İstanbul,Sultanbeyli,Şehit Erdem Diker İmam Hatip Ortaokulu,765849,İmam Hatip Ortaokulu,https://sehiterdemdikeriho.meb.k12.tr,,,https://sehiterdemdikeriho.meb.k12.tr/tema/harita.php,2026-08-31,643,643,bulundu,https://sehiterdemdikeriho.meb.k12.tr/,2026-10-01T19:28:13.513653+00:00,,Öğrenci Sayısı : 643
İstanbul,Sultanbeyli,Şehit Muhammed Fazlı Demir Anadolu İmam Hatip Lisesi,762194,Anadolu İmam Hatip Lisesi,https://sehitmfazlidemirandihl.meb.k12.tr,,,https://sehitmfazlidemirandihl.meb.k12.tr/tema/harita.php,2026-08-31,230,230,bulundu,https://sehitmfazlidemirandihl.meb.k12.tr/,2026-10-01T19:28:13.522755+00:00,,Öğrenci Sayısı : 230
İstanbul,Sultanbeyli,Şehit Vahit Kaşçıoğlu İmam Hatip Ortaokulu,762296,İmam Hatip Ortaokulu,https://sehitvahitkasciogluiho.meb.k12.tr,,,https://sehitvahitkasciogluiho.meb.k12.tr/tema/harita.php,2026-08-31,1372,1372,bulundu,https://sehitvahitkasciogluiho.meb.k12.tr/,2026-10-01T19:28:13.544893+00:00,,Öğrenci Sayısı 1372
İstanbul,Sultanbeyli,Şehit Öğretmen Hamit Sütmen İlkokulu,738053,İlkokul,https://hamitsutmenio.meb.k12.tr,,,https://hamitsutmenio.meb.k12.tr/tema/harita.php,2026-08-31,1583,1583,bulundu,https://hamitsutmenio.meb.k12.tr/,2026-10-01T19:28:13.571815+00:00,,Öğrenci Sayısı 1583
İstanbul,Sultanbeyli,Şehit İhsan Yıldız İmam Hatip Ortaokulu,765578,İmam Hatip Ortaokulu,https://iyiho.meb.k12.tr,,,https://iyiho.meb.k12.tr/tema/harita.php,2026-08-31,385,385,bulundu,https://iyiho.meb.k12.tr/,2026-10-01T19:28:13.666613+00:00,,Öğrenci Sayısı 385
İstanbul,Sultangazi,125 Yıl Ortaokulu,737891,Ortaokul,https://sultangazi125ortaokulu.meb.k12.tr,,,https://sultangazi125ortaokulu.meb.k12.tr/tema/harita.php,2026-08-31,373,373,bulundu,https://sultangazi125ortaokulu.meb.k12.tr/,2026-10-01T19:28:13.668610+00:00,,Öğrenci Sayısı 373
İstanbul,Sultangazi,125 Yıl İlkokulu,737907,İlkokul,https://sultangazi125ilkokulu.meb.k12.tr,,,https://sultangazi125ilkokulu.meb.k12.tr/tema/harita.php,2026-08-31,474,474,bulundu,https://sultangazi125ilkokulu.meb.k12.tr/,2026-10-01T19:28:13.754426+00:00,,Öğrenci Sayısı : 474
İstanbul,Sultangazi,50 Yıl Ortaokulu,737867,Ortaokul,https://elliyilortaokulu.meb.k12.tr,,,https://elliyilortaokulu.meb.k12.tr/tema/harita.php,2026-08-31,1383,1383,bulundu,https://elliyilortaokulu.meb.k12.tr/,2026-10-01T19:28:13.878681+00:00,,Öğrenci Sayısı : 1383
İstanbul,Sultangazi,50 Yıl İlkokulu,737886,İlkokul,https://50yililkokulusultangazi.meb.k12.tr,,,https://50yililkokulusultangazi.meb.k12.tr/tema/harita.php,2026-08-31,1415,1415,bulundu,https://50yililkokulusultangazi.meb.k12.tr/,2026-10-01T19:28:13.906504+00:00,,Öğrenci Sayısı: 1415
İstanbul,Sultangazi,75 Yıl Ortaokulu,737846,Ortaokul,https://sultangazi75yilortaokulu.meb.k12.tr,,,https://sultangazi75yilortaokulu.meb.k12.tr/tema/harita.php,2026-08-31,1273,1273,bulundu,https://sultangazi75yilortaokulu.meb.k12.tr/,2026-10-01T19:28:13.959110+00:00,,Öğrenci Sayısı 1273
İstanbul,Sultangazi,75 Yıl İlkokulu,737854,İlkokul,https://sultangazi75yililkokulu.meb.k12.tr,,,https://sultangazi75yililkokulu.meb.k12.tr/tema/harita.php,2026-08-31,1258,1258,bulundu,https://sultangazi75yililkokulu.meb.k12.tr/,2026-10-01T19:28:14.098645+00:00,,Öğrenci Sayısı: 1258
İstanbul,Sultangazi,Ahi Evren Mesleki Eğitim Merkezi,759831,Mesleki Eğitim Merkezi,https://ahievrenmeslekiegitimmerkezi.meb.k12.tr,,,https://ahievrenmeslekiegitimmerkezi.meb.k12.tr/tema/harita.php,2026-08-31,908,908,bulundu,https://ahievrenmeslekiegitimmerkezi.meb.k12.tr/,2026-10-01T19:28:14.114344+00:00,,Öğrenci Sayısı 908
İstanbul,Sultangazi,Ahmet Ünal Kız Anadolu İmam Hatip Lisesi,757366,Anadolu İmam Hatip Lisesi,https://ahmetunalihl.meb.k12.tr,,,https://ahmetunalihl.meb.k12.tr/tema/harita.php,2026-08-31,457,457,bulundu,https://ahmetunalihl.meb.k12.tr/,2026-10-01T19:28:14.210332+00:00,,Öğrenci Sayısı : 457
İstanbul,Sultangazi,Ali Cevat Özyurt Ortaokulu,737820,Ortaokul,https://alicevatozyurtoo.meb.k12.tr,,,https://alicevatozyurtoo.meb.k12.tr/tema/harita.php,2026-08-31,,,bulunamadi,,2026-10-01T19:28:14.296795+00:00,,
İstanbul,Sultangazi,Ali Cevat Özyurt İlkokulu,737830,İlkokul,https://alicevatozyurt.meb.k12.tr,,,https://alicevatozyurt.meb.k12.tr/tema/harita.php,2026-08-31,,,bulunamadi,,2026-10-01T19:28:14.359347+00:00,,
İstanbul,Sultangazi,Aslangazi Ortaokulu,743499,Ortaokul,https://aslangaziortaokul.meb.k12.tr,,,https://aslangaziortaokul.meb.k12.tr/tema/harita.php,2026-08-31,1079,1079,bulundu,https://aslangaziortaokul.meb.k12.tr/tema/okulumuz_hakkinda.php,2026-10-01T19:28:14.385248+00:00,,Öğrenci : 1079
İstanbul,Sultangazi,Aslangazi İlkokulu,731498,İlkokul,https://aslangazi.meb.k12.tr,,,https://aslangazi.meb.k12.tr/tema/harita.php,2026-08-31,1241,1241,bulundu,https://aslangazi.meb.k12.tr/,2026-10-01T19:28:14.464623+00:00,,Öğrenci Sayısı 1241
İstanbul,Sultangazi,Atatürk Çiftliği Ortaokulu,737801,Ortaokul,https://ataturkciftligiortaokulu.meb.k12.tr,,,https://ataturkciftligiortaokulu.meb.k12.tr/tema/harita.php,2026-08-31,1468,1468,bulundu,https://ataturkciftligiortaokulu.meb.k12.tr/tema/okulumuz_hakkinda.php,2026-10-01T19:28:14.615775+00:00,,Öğrenci : 1468
İstanbul,Sultangazi,Atatürk Çiftliği İlkokulu,737812,İlkokul,https://ataturkciftligiilkokulu.meb.k12.tr,,,https://ataturkciftligiilkokulu.meb.k12.tr/tema/harita.php,2026-08-31,1331,1331,bulundu,https://ataturkciftligiilkokulu.meb.k12.tr/tema/okulumuz_hakkinda.php,2026-10-01T19:28:14.631360+00:00,,Öğrenci : 1331
İstanbul,Sultangazi,Aydın Uçkan Ortaokulu,737779,Ortaokul,https://sultangazimollaguraniortaokulu.meb.k12.tr,,,https://sultangazimollaguraniortaokulu.meb.k12.tr/tema/harita.php,2026-08-31,1275,1275,bulundu,https://sultangazimollaguraniortaokulu.meb.k12.tr/,2026-10-01T19:28:14.762207+00:00,,Öğrenci Sayısı : 1275
İstanbul,Sultangazi,Aydın Uçkan İlkokulu,737789,İlkokul,https://aydinuckanilkokulu.meb.k12.tr,,,https://aydinuckanilkokulu.meb.k12.tr/tema/harita.php,2026-08-31,1128,1128,bulundu,https://aydinuckanilkokulu.meb.k12.tr/,2026-10-01T19:28:14.819820+00:00,,Öğrenci Sayısı 1128
İstanbul,Sultangazi,Aşık Sümmani Ortaokulu,743496,Ortaokul,https://asiksummaniortaokulu.meb.k12.tr,,,https://asiksummaniortaokulu.meb.k12.tr/tema/harita.php,2026-08-31,1163,1163,bulundu,https://asiksummaniortaokulu.meb.k12.tr/,2026-10-01T19:28:14.832936+00:00,,Öğrenci Sayısı 1163
İstanbul,Sultangazi,Bahattin Yıldız Anadolu Lisesi,761433,Anadolu Lisesi,https://bahattinyildizal.meb.k12.tr,,,https://bahattinyildizal.meb.k12.tr/tema/harita.php,2026-08-31,1424,1424,bulundu,https://bahattinyildizal.meb.k12.tr/,2026-10-01T19:28:14.876809+00:00,,Öğrenci Sayısı 1424
İstanbul,Sultangazi,Bezmialem Valide Sultan Kız Anadolu İmam Hatip Lisesi,765365,Anadolu İmam Hatip Lisesi,https://bezmialemvalidesultankzanadoluim.meb.k12.tr,,,https://bezmialemvalidesultankzanadoluim.meb.k12.tr/tema/harita.php,2026-08-31,345,345,bulundu,https://bezmialemvalidesultankzanadoluim.meb.k12.tr/,2026-10-01T19:28:14.973123+00:00,,Öğrenci Sayısı 345
İstanbul,Sultangazi,Cebeci Sultançiftliği İlkokulu,737768,İlkokul,https://cebecisultanciftligi.meb.k12.tr,,,https://cebecisultanciftligi.meb.k12.tr/tema/harita.php,2026-08-31,1943,1943,bulundu,https://cebecisultanciftligi.meb.k12.tr/,2026-10-01T19:28:15.081783+00:00,,Öğrenci Sayısı 1943
İstanbul,Sultangazi,Cebeci İlkokulu,731500,İlkokul,https://cebeciilkokulu.meb.k12.tr,,,https://cebeciilkokulu.meb.k12.tr/tema/harita.php,2026-08-31,54,54,bulundu,https://cebeciilkokulu.meb.k12.tr/,2026-10-01T19:28:15.098503+00:00,,Öğrenci Sayısı: 54
İstanbul,Sultangazi,Cumhuriyet Anadolu Lisesi,972879,Anadolu Lisesi,https://sgcal.meb.k12.tr,,,https://sgcal.meb.k12.tr/tema/harita.php,2026-08-31,740,740,bulundu,https://sgcal.meb.k12.tr/,2026-10-01T19:28:15.208244+00:00,,Öğrenci Sayısı 740
İstanbul,Sultangazi,Cumhuriyet Ortaokulu,739216,Ortaokul,https://sgcumhuriyetortaokulu.meb.k12.tr,,,https://sgcumhuriyetortaokulu.meb.k12.tr/tema/harita.php,2026-08-31,1292,1292,bulundu,https://sgcumhuriyetortaokulu.meb.k12.tr/,2026-10-01T19:28:15.393045+00:00,,Öğrenci Sayısı 1292
İstanbul,Sultangazi,Cumhuriyet İlkokulu,731506,İlkokul,https://sgcumhuriyetilkokulu.meb.k12.tr,,,https://sgcumhuriyetilkokulu.meb.k12.tr/tema/harita.php,2026-08-31,1278,1278,bulundu,https://sgcumhuriyetilkokulu.meb.k12.tr/,2026-10-01T19:28:15.562530+00:00,,Öğrenci Sayısı 1278
İstanbul,Sultangazi,Dostluk Ortaokulu,737744,Ortaokul,https://dostlukoo.meb.k12.tr,,,https://dostlukoo.meb.k12.tr/tema/harita.php,2026-08-31,1012,1012,bulundu,https://dostlukoo.meb.k12.tr/tema/okulumuz_hakkinda.php,2026-10-01T19:28:15.670556+00:00,,Öğrenci : 1012
İstanbul,Sultangazi,Dostluk İlkokulu,737751,İlkokul,https://dostlukio.meb.k12.tr,,,https://dostlukio.meb.k12.tr/tema/harita.php,2026-08-31,909,909,bulundu,https://dostlukio.meb.k12.tr/,2026-10-01T19:28:15.694333+00:00,,Öğrenci Sayısı : 909
İstanbul,Sultangazi,Ergun Baylav Özel Eğitim Uygulama Okulu I. Kademe,747104,Özel Eğitim Kurumu,https://747104.meb.k12.tr,,,https://747104.meb.k12.tr/tema/harita.php,2026-08-31,20,20,bulundu,https://747104.meb.k12.tr/,2026-10-01T19:28:15.757803+00:00,,Öğrenci Sayısı : 20
İstanbul,Sultangazi,Ergun Baylav Özel Eğitim Uygulama Okulu II. Kademe,747360,Özel Eğitim Kurumu,https://747360.meb.k12.tr,,,https://747360.meb.k12.tr/tema/harita.php,2026-08-31,35,35,bulundu,https://747360.meb.k12.tr/,2026-10-01T19:28:15.773298+00:00,,Öğrenci Sayısı : 35
İstanbul,Sultangazi,Ergun Baylav Özel Eğitim Uygulama Okulu III. Kademe,748104,Özel Eğitim Kurumu,https://748104.meb.k12.tr,,,https://748104.meb.k12.tr/tema/harita.php,2026-08-31,40,40,bulundu,https://748104.meb.k12.tr/,2026-10-01T19:28:15.808772+00:00,,Öğrenci Sayısı : 40
İstanbul,Sultangazi,Esentepe İlkokulu,737733,İlkokul,https://sgesentepe.meb.k12.tr,,,https://sgesentepe.meb.k12.tr/tema/harita.php,2026-08-31,1243,1243,bulundu,https://sgesentepe.meb.k12.tr/,2026-10-01T19:28:15.919910+00:00,,Öğrenci Sayısı 1243
İstanbul,Sultangazi,Esentepe İmam Hatip Ortaokulu,760633,İmam Hatip Ortaokulu,https://sgesentepeiho.meb.k12.tr,,,https://sgesentepeiho.meb.k12.tr/tema/harita.php,2026-08-31,559,559,bulundu,https://sgesentepeiho.meb.k12.tr/,2026-10-01T19:28:16.227102+00:00,,Öğrenci Sayısı 559
İstanbul,Sultangazi,Fevzi Kutlu Kalkancı İlkokulu,731509,İlkokul,https://fevzikutlukalkanciilkokulu.meb.k12.tr,,,https://fevzikutlukalkanciilkokulu.meb.k12.tr/tema/harita.php,2026-08-31,2298,2298,bulundu,https://fevzikutlukalkanciilkokulu.meb.k12.tr/,2026-10-01T19:28:16.386290+00:00,,Öğrenci Sayısı 2298
İstanbul,Sultangazi,Fuat Sezgin Anadolu Lisesi,766316,Anadolu Lisesi,https://sultangazifsal.meb.k12.tr,,,https://sultangazifsal.meb.k12.tr/tema/harita.php,2026-08-31,1038,1038,bulundu,https://sultangazifsal.meb.k12.tr/,2026-10-01T19:28:16.450809+00:00,,Öğrenci Sayısı : 1038
İstanbul,Sultangazi,Gazi Mesleki ve Teknik Anadolu Lisesi,776389,Mesleki ve Teknik Anadolu Lisesi,https://776389.meb.k12.tr,,,https://776389.meb.k12.tr/tema/harita.php,2026-08-31,909,909,bulundu,https://776389.meb.k12.tr/,2026-10-01T19:28:16.505122+00:00,,Öğrenci Sayısı 909
İstanbul,Sultangazi,Gazi Ortaokulu,737690,Ortaokul,https://sggaziortaokulu.meb.k12.tr,,,https://sggaziortaokulu.meb.k12.tr/tema/harita.php,2026-08-31,,,bulunamadi,,2026-10-01T19:28:16.637286+00:00,,
İstanbul,Sultangazi,Gazi Çok Programlı Anadolu Lisesi,969911,Çok Programlı Anadolu Lisesi,https://gazicpl.meb.k12.tr,,,https://gazicpl.meb.k12.tr/tema/harita.php,2026-08-31,,,bulunamadi,,2026-10-01T19:28:16.883895+00:00,,
İstanbul,Sultangazi,Gazi İlkokulu,737699,İlkokul,https://sggaziilkokulu.meb.k12.tr,,,https://sggaziilkokulu.meb.k12.tr/tema/harita.php,2026-08-31,1028,1028,bulundu,https://sggaziilkokulu.meb.k12.tr/tema/okulumuz_hakkinda.php,2026-10-01T19:28:17.016558+00:00,,Öğrenci : 1028
İstanbul,Sultangazi,Habibler Anadolu Lisesi,972198,Anadolu Lisesi,https://habibleranadolulisesi.meb.k12.tr,,,https://habibleranadolulisesi.meb.k12.tr/tema/harita.php,2026-08-31,571,571,bulundu,https://habibleranadolulisesi.meb.k12.tr/,2026-10-01T19:28:17.073552+00:00,,Öğrenci Sayısı 571
İstanbul,Sultangazi,Hacı Ayşe Ateş Anadolu Lisesi,761451,Anadolu Lisesi,https://hayseatesal.meb.k12.tr,,,https://hayseatesal.meb.k12.tr/tema/harita.php,2026-08-31,986,986,bulundu,https://hayseatesal.meb.k12.tr/,2026-10-01T19:28:17.097418+00:00,,Öğrenci Sayısı : 986
İstanbul,Sultangazi,Hacı Bektaşi Veli Özel Eğitim Meslek Okulu,760636,Özel Eğitim Kurumu,https://hacibektasivelioemo.meb.k12.tr,,,https://hacibektasivelioemo.meb.k12.tr/tema/harita.php,2026-08-31,,,bulunamadi,,2026-10-01T19:28:17.113163+00:00,,
İstanbul,Sultangazi,Hacı Mehmet Cingil Ortaokulu,737579,Ortaokul,https://hmcortaokulu.meb.k12.tr,,,https://hmcortaokulu.meb.k12.tr/tema/harita.php,2026-08-31,1199,1199,bulundu,https://hmcortaokulu.meb.k12.tr/tema/okulumuz_hakkinda.php,2026-10-01T19:28:17.155370+00:00,,Öğrenci : 1199
İstanbul,Sultangazi,Hasan Celal Güzel Anadolu Lisesi,765120,Anadolu Lisesi,https://hasancelalguzel.meb.k12.tr,,,https://hasancelalguzel.meb.k12.tr/tema/harita.php,2026-08-31,825,825,bulundu,https://hasancelalguzel.meb.k12.tr/,2026-10-01T19:28:17.164838+00:00,,Öğrenci Sayısı 825
İstanbul,Sultangazi,Hüseyin Ersu Ortaokulu,737543,Ortaokul,https://huseyinersuortaokulu.meb.k12.tr,,,https://huseyinersuortaokulu.meb.k12.tr/tema/harita.php,2026-08-31,867,867,bulundu,https://huseyinersuortaokulu.meb.k12.tr/,2026-10-01T19:28:17.209604+00:00,,Öğrenci Sayısı 867
İstanbul,Sultangazi,Hüseyin Ersu İlkokulu,737550,İlkokul,https://huseyinersuilkokulu.meb.k12.tr,,,https://huseyinersuilkokulu.meb.k12.tr/tema/harita.php,2026-08-31,1214,1214,bulundu,https://huseyinersuilkokulu.meb.k12.tr/,2026-10-01T19:28:17.331038+00:00,,Öğrenci Sayısı 1214
İstanbul,Sultangazi,Mehmet Akif Ersoy Anadolu İmam Hatip Lisesi,974777,Anadolu İmam Hatip Lisesi,https://makifersoyaihl.meb.k12.tr,,,https://makifersoyaihl.meb.k12.tr/tema/harita.php,2026-08-31,392,392,bulundu,https://makifersoyaihl.meb.k12.tr/,2026-10-01T19:28:17.357939+00:00,,Öğrenci Sayısı : 392
İstanbul,Sultangazi,Mehmet Altun Ortaokulu,775667,Ortaokul,https://mehmetaltunortaokulu.meb.k12.tr,,,https://mehmetaltunortaokulu.meb.k12.tr/tema/harita.php,2026-08-31,1300,1300,bulundu,https://mehmetaltunortaokulu.meb.k12.tr/,2026-10-01T19:28:17.456283+00:00,,Öğrenci Sayısı 1300
İstanbul,Sultangazi,Mehmet Yaşar Kandemir Anadolu İmam Hatip Lisesi,765364,Anadolu İmam Hatip Lisesi,https://mehmetyasarkandemiranadoluihl.meb.k12.tr,,,https://mehmetyasarkandemiranadoluihl.meb.k12.tr/tema/harita.php,2026-08-31,447,447,bulundu,https://mehmetyasarkandemiranadoluihl.meb.k12.tr/,2026-10-01T19:28:17.491528+00:00,,Öğrenci Sayısı 447
İstanbul,Sultangazi,Mehmetcik İlkokulu,731524,İlkokul,https://sultangazimehmetcikilkokulu.meb.k12.tr,,,https://sultangazimehmetcikilkokulu.meb.k12.tr/tema/harita.php,2026-08-31,1705,1705,bulundu,https://sultangazimehmetcikilkokulu.meb.k12.tr/,2026-10-01T19:28:17.563490+00:00,,Öğrenci Sayısı: 1705
İstanbul,Sultangazi,Melahat Öztoprak İlkokulu,737265,İlkokul,https://melahatoztoprakio.meb.k12.tr,,,https://melahatoztoprakio.meb.k12.tr/tema/harita.php,2026-08-31,1896,1896,bulundu,https://melahatoztoprakio.meb.k12.tr/,2026-10-01T19:28:17.651898+00:00,,Öğrenci Sayısı: 1896
İstanbul,Sultangazi,Melahat Öztoprak İmam Hatip Ortaokulu,760635,İmam Hatip Ortaokulu,https://melahatoztoprakiho.meb.k12.tr,,,https://melahatoztoprakiho.meb.k12.tr/tema/harita.php,2026-08-31,762,762,bulundu,https://melahatoztoprakiho.meb.k12.tr/,2026-10-01T19:28:17.913311+00:00,,Öğrenci Sayısı 762
İstanbul,Sultangazi,Mevlana Ortaokulu,745150,Ortaokul,https://sultangazimevlanaortaokulu.meb.k12.tr,,,https://sultangazimevlanaortaokulu.meb.k12.tr/tema/harita.php,2026-08-31,1445,1445,bulundu,https://sultangazimevlanaortaokulu.meb.k12.tr/,2026-10-01T19:28:17.926960+00:00,,Öğrenci Sayısı : 1445
İstanbul,Sultangazi,Mevlana İlkokulu,745124,İlkokul,https://sultangazimevlanailkokulu.meb.k12.tr,,,https://sultangazimevlanailkokulu.meb.k12.tr/tema/harita.php,2026-08-31,1534,1534,bulundu,https://sultangazimevlanailkokulu.meb.k12.tr/,2026-10-01T19:28:17.971919+00:00,,Öğrenci Sayısı: 1534
İstanbul,Sultangazi,Mimar Sinan Kız Anadolu İmam Hatip Lisesi,749310,Anadolu İmam Hatip Lisesi,https://mimarsinankizaihl.meb.k12.tr,,,https://mimarsinankizaihl.meb.k12.tr/tema/harita.php,2026-08-31,951,951,bulundu,https://mimarsinankizaihl.meb.k12.tr/tema/okulumuz_hakkinda.php,2026-10-01T19:28:18.026893+00:00,,Öğrenci : 951
İstanbul,Sultangazi,Mimar Sinan İmam Hatip Ortaokulu,759878,İmam Hatip Ortaokulu,https://sultangazimimarsinaniho.meb.k12.tr,,,https://sultangazimimarsinaniho.meb.k12.tr/tema/harita.php,2026-08-31,634,634,bulundu,https://sultangazimimarsinaniho.meb.k12.tr/,2026-10-01T19:28:18.037254+00:00,,Öğrenci Sayısı : 634
İstanbul,Sultangazi,Nadide-Ahmet Tütüncüoğlu Ortaokulu,737561,Ortaokul,https://nadideahmettutuncuogluortaokulu.meb.k12.tr,,,https://nadideahmettutuncuogluortaokulu.meb.k12.tr/tema/harita.php,2026-08-31,,,bulunamadi,,2026-10-01T19:28:18.050887+00:00,,
İstanbul,Sultangazi,Nadide-Ahmet Tütüncüoğlu İlkokulu,737569,İlkokul,https://nadideahmettutuncuogluilkokulu.meb.k12.tr,,,https://nadideahmettutuncuogluilkokulu.meb.k12.tr/tema/harita.php,2026-08-31,565,565,bulundu,https://nadideahmettutuncuogluilkokulu.meb.k12.tr/,2026-10-01T19:28:18.318996+00:00,,Öğrenci Sayısı : 565
İstanbul,Sultangazi,Necip Fazıl Kısakürek İmam Hatip Ortaokulu,758911,İmam Hatip Ortaokulu,https://necipfazilihoo.meb.k12.tr,,,https://necipfazilihoo.meb.k12.tr/tema/harita.php,2026-08-31,647,647,bulundu,https://necipfazilihoo.meb.k12.tr/,2026-10-01T19:28:18.362774+00:00,,Öğrenci Sayısı 647
İstanbul,Sultangazi,Nene Hatun Anaokulu,970344,Anaokulu,https://nenehatun_anaokulu.meb.k12.tr,,,https://nenehatun_anaokulu.meb.k12.tr/tema/harita.php,2026-08-31,,,bulunamadi,,2026-10-01T19:28:18.391854+00:00,,
İstanbul,Sultangazi,Nurettin Uzun Ortaokulu,737256,Ortaokul,https://nurettinuzunortaokulu.meb.k12.tr,,,https://nurettinuzunortaokulu.meb.k12.tr/tema/harita.php,2026-08-31,1022,1022,bulundu,https://nurettinuzunortaokulu.meb.k12.tr/,2026-10-01T19:28:18.417291+00:00,,Öğrenci Sayısı : 1022
İstanbul,Sultangazi,Nurettin Uzun İlkokulu,737257,İlkokul,https://nurettinuzunilkokulu.meb.k12.tr,,,https://nurettinuzunilkokulu.meb.k12.tr/tema/harita.php,2026-08-31,1669,1669,bulundu,https://nurettinuzunilkokulu.meb.k12.tr/,2026-10-01T19:28:18.453297+00:00,,Öğrenci Sayısı 1669
İstanbul,Sultangazi,Nuri Pakdil Anadolu Lisesi,765118,Anadolu Lisesi,https://istanbulnuripakdilanadolulisesi.meb.k12.tr,,,https://istanbulnuripakdilanadolulisesi.meb.k12.tr/tema/harita.php,2026-08-31,1196,1196,bulundu,https://istanbulnuripakdilanadolulisesi.meb.k12.tr/,2026-10-01T19:28:18.571420+00:00,,Öğrenci Sayısı : 1196
İstanbul,Sultangazi,Orgeneral Eşref Bitlis İlkokulu,737251,İlkokul,https://orgeneralesrefbitlis.meb.k12.tr,,,https://orgeneralesrefbitlis.meb.k12.tr/tema/harita.php,2026-08-31,1320,1320,bulundu,https://orgeneralesrefbitlis.meb.k12.tr/,2026-10-01T19:28:18.586542+00:00,,Öğrenci Sayısı : 1320
İstanbul,Sultangazi,Orhangazi Ortaokulu,743490,Ortaokul,https://orhangazili.meb.k12.tr,,,https://orhangazili.meb.k12.tr/tema/harita.php,2026-08-31,2300,2300,bulundu,https://orhangazili.meb.k12.tr/,2026-10-01T19:28:18.732564+00:00,,Öğrenci Sayısı : 2300
İstanbul,Sultangazi,Orhangazi İlkokulu,731535,İlkokul,https://sultangaziorhangazi.meb.k12.tr,,,https://sultangaziorhangazi.meb.k12.tr/tema/harita.php,2026-08-31,2009,2009,bulundu,https://sultangaziorhangazi.meb.k12.tr/,2026-10-01T19:28:18.748109+00:00,,Öğrenci Sayısı : 2009
İstanbul,Sultangazi,Recep Tayyip Erdoğan Kız Anadolu İmam Hatip Lisesi,973261,Anadolu İmam Hatip Lisesi,https://receptayyiperdogankizanadoluihl.meb.k12.tr,,,https://receptayyiperdogankizanadoluihl.meb.k12.tr/tema/harita.php,2026-08-31,395,395,bulundu,https://receptayyiperdogankizanadoluihl.meb.k12.tr/,2026-10-01T19:28:19.077039+00:00,,Öğrenci Sayısı : 395
İstanbul,Sultangazi,Recep Tayyip Erdoğan İmam Hatip Ortaokulu,762481,İmam Hatip Ortaokulu,https://receptayyiperdoganiho.meb.k12.tr,,,https://receptayyiperdoganiho.meb.k12.tr/tema/harita.php,2026-08-31,760,760,bulundu,https://receptayyiperdoganiho.meb.k12.tr/,2026-10-01T19:28:19.132797+00:00,,Öğrenci Sayısı : 760
İstanbul,Sultangazi,Sabri Ülker Anadolu İmam Hatip Lisesi,760350,Anadolu İmam Hatip Lisesi,https://sabriulkeranadoluihl.meb.k12.tr,,,https://sabriulkeranadoluihl.meb.k12.tr/tema/harita.php,2026-08-31,1142,1142,bulundu,https://sabriulkeranadoluihl.meb.k12.tr/,2026-10-01T19:28:19.168495+00:00,,Öğrenci Sayısı : 1142
İstanbul,Sultangazi,Sarıkamış Şehitleri Ortaokulu,776901,Ortaokul,https://sarikamissehitleriortaokulu.meb.k12.tr,,,https://sarikamissehitleriortaokulu.meb.k12.tr/tema/harita.php,2026-08-31,587,587,bulundu,https://sarikamissehitleriortaokulu.meb.k12.tr/,2026-10-01T19:28:19.195862+00:00,,Öğrenci Sayısı : 587
İstanbul,Sultangazi,Selahaddin Eyyubi Turizm Mesleki ve Teknik Anadolu Lisesi,759844,Mesleki ve Teknik Anadolu Lisesi,https://selahaddineyyubiotml.meb.k12.tr,,,https://selahaddineyyubiotml.meb.k12.tr/tema/harita.php,2026-08-31,819,819,bulundu,https://selahaddineyyubiotml.meb.k12.tr/,2026-10-01T19:28:19.235091+00:00,,Öğrenci Sayısı : 819
İstanbul,Sultangazi,Sultan Alparslan İlkokulu,766129,İlkokul,https://sultangazisultanalparslanio.meb.k12.tr,,,https://sultangazisultanalparslanio.meb.k12.tr/tema/harita.php,2026-08-31,1126,1126,bulundu,https://sultangazisultanalparslanio.meb.k12.tr/,2026-10-01T19:28:19.261048+00:00,,Öğrenci Sayısı 1126
İstanbul,Sultangazi,Sultangazi - Fahri Aygün Rehberlik ve Araştırma Merkezi,750285,Rehberlik ve Araştırma Merkezi,https://sufaram.meb.k12.tr,,,https://sufaram.meb.k12.tr/tema/harita.php,2026-08-31,,,bulunamadi,,2026-10-01T19:28:19.319808+00:00,,
İstanbul,Sultangazi,Sultangazi Anadolu Lisesi,766317,Anadolu Lisesi,https://sultangazianadolulisesi.meb.k12.tr,,,https://sultangazianadolulisesi.meb.k12.tr/tema/harita.php,2026-08-31,1127,1127,bulundu,https://sultangazianadolulisesi.meb.k12.tr/,2026-10-01T19:28:19.338290+00:00,,Öğrenci Sayısı : 1127
İstanbul,Sultangazi,Sultangazi Atatürk Mesleki ve Teknik Anadolu Lisesi,751600,Mesleki ve Teknik Anadolu Lisesi,https://sataturkmtal.meb.k12.tr,,,https://sataturkmtal.meb.k12.tr/tema/harita.php,2026-08-31,1442,1442,bulundu,https://sataturkmtal.meb.k12.tr/,2026-10-01T19:28:19.450071+00:00,,Öğrenci Sayısı 1442
İstanbul,Sultangazi,Sultangazi Bilim ve Sanat Merkezi,769514,Bilim ve Sanat Merkezi,https://sultangazibilsem.meb.k12.tr,,,https://sultangazibilsem.meb.k12.tr/tema/harita.php,2026-08-31,98,98,bulundu,https://sultangazibilsem.meb.k12.tr/,2026-10-01T19:28:19.484968+00:00,,Öğrenci Sayısı 98
İstanbul,Sultangazi,Sultangazi Cezeri Mesleki ve Teknik Anadolu Lisesi,773797,Mesleki ve Teknik Anadolu Lisesi,https://sultangazicezeri.meb.k12.tr,,,https://sultangazicezeri.meb.k12.tr/tema/harita.php,2026-08-31,806,806,bulundu,https://sultangazicezeri.meb.k12.tr/,2026-10-01T19:28:19.588254+00:00,,Öğrenci Sayısı 806
İstanbul,Sultangazi,Sultangazi Halk Eğitimi Merkezi,970544,Halk Eğitimi Merkezi,https://sultangazihem.meb.k12.tr,,,https://sultangazihem.meb.k12.tr/tema/harita.php,2026-08-31,,,bulunamadi,,2026-10-01T19:28:19.796630+00:00,,
İstanbul,Sultangazi,Sultangazi Melahat Öztoprak Anaokulu,773558,Anaokulu,https://smelahatoztoprakanaokulu.meb.k12.tr,,,https://smelahatoztoprakanaokulu.meb.k12.tr/tema/harita.php,2026-08-31,167,167,bulundu,https://smelahatoztoprakanaokulu.meb.k12.tr/,2026-10-01T19:28:20.009912+00:00,,Öğrenci Sayısı: 167
İstanbul,Sultangazi,Sultangazi Mesleki ve Teknik Anadolu Lisesi,974203,Mesleki ve Teknik Anadolu Lisesi,https://sultangazimtal.meb.k12.tr,,,https://sultangazimtal.meb.k12.tr/tema/harita.php,2026-08-31,1253,1253,bulundu,https://sultangazimtal.meb.k12.tr/,2026-10-01T19:28:20.104218+00:00,,Öğrenci Sayısı : 1253
İstanbul,Sultangazi,Sultangazi Nene Hatun Kız Mesleki ve Teknik Anadolu Lisesi,973431,Mesleki ve Teknik Anadolu Lisesi,https://nhmtal.meb.k12.tr,,,https://nhmtal.meb.k12.tr/tema/harita.php,2026-08-31,1136,1136,bulundu,https://nhmtal.meb.k12.tr/,2026-10-01T19:28:20.221668+00:00,,Öğrenci Sayısı : 1136
İstanbul,Sultangazi,Sultangazi Ortaokulu,737240,Ortaokul,https://sultangaziortaokulu.meb.k12.tr,,,https://sultangaziortaokulu.meb.k12.tr/tema/harita.php,2026-08-31,1490,1490,bulundu,https://sultangaziortaokulu.meb.k12.tr/,2026-10-01T19:28:20.446525+00:00,,Öğrenci Sayısı 1490
İstanbul,Sultangazi,Sultangazi Piri Reis Ortaokulu,737760,Ortaokul,https://sultangazipirireisortaokulu.meb.k12.tr,,,https://sultangazipirireisortaokulu.meb.k12.tr/tema/harita.php,2026-08-31,1446,1446,bulundu,https://sultangazipirireisortaokulu.meb.k12.tr/,2026-10-01T19:28:20.553533+00:00,,Öğrenci Sayısı 1446
İstanbul,Sultangazi,Sultangazi Özel Eğitim Anaokulu,773852,Anaokulu,https://sultangaziozelegitimanaokulu.meb.k12.tr,,,https://sultangaziozelegitimanaokulu.meb.k12.tr/tema/harita.php,2026-08-31,32,32,bulundu,https://sultangaziozelegitimanaokulu.meb.k12.tr/,2026-10-01T19:28:20.582295+00:00,,Öğrenci Sayısı 32
İstanbul,Sultangazi,Sultangazi Özel Eğitim Uygulama Okulu I. Kademe,765583,Özel Eğitim Kurumu,https://sultangazioeu1.meb.k12.tr,,,https://sultangazioeu1.meb.k12.tr/tema/harita.php,2026-08-31,84,84,bulundu,https://sultangazioeu1.meb.k12.tr/,2026-10-01T19:28:20.628189+00:00,,Öğrenci Sayısı 84
İstanbul,Sultangazi,Sultangazi Özel Eğitim Uygulama Okulu II. Kademe,765584,Özel Eğitim Kurumu,https://sultangazioeu2.meb.k12.tr,,,https://sultangazioeu2.meb.k12.tr/tema/harita.php,2026-08-31,56,56,bulundu,https://sultangazioeu2.meb.k12.tr/,2026-10-01T19:28:20.704240+00:00,,Öğrenci Sayısı : 56
İstanbul,Sultangazi,Sultangazi Özel Eğitim Uygulama Okulu III. Kademe,765585,Özel Eğitim Kurumu,https://sultangazioeu3.meb.k12.tr,,,https://sultangazioeu3.meb.k12.tr/tema/harita.php,2026-08-31,50,50,bulundu,https://sultangazioeu3.meb.k12.tr/,2026-10-01T19:28:20.738732+00:00,,Öğrenci Sayısı 50
İstanbul,Sultangazi,Sultangazi İlkokulu,731514,İlkokul,https://sultangaziilkokulu.meb.k12.tr,,,https://sultangaziilkokulu.meb.k12.tr/tema/harita.php,2026-08-31,1662,1662,bulundu,https://sultangaziilkokulu.meb.k12.tr/,2026-10-01T19:28:20.807555+00:00,,Öğrenci Sayısı: 1662
İstanbul,Sultangazi,Sultançiftliği Anadolu Lisesi,767505,Anadolu Lisesi,https://sultanciftligianadolulisesi.meb.k12.tr,,,https://sultanciftligianadolulisesi.meb.k12.tr/tema/harita.php,2026-08-31,1025,1025,bulundu,https://sultanciftligianadolulisesi.meb.k12.tr/tema/okulumuz_hakkinda.php,2026-10-01T19:28:20.831411+00:00,,Öğrenci : 1025
İstanbul,Sultangazi,Veysel Sacıhan İmam Hatip Ortaokulu,758913,İmam Hatip Ortaokulu,https://veyselsacihaniho.meb.k12.tr,,,https://veyselsacihaniho.meb.k12.tr/tema/harita.php,2026-08-31,384,384,bulundu,https://veyselsacihaniho.meb.k12.tr/tema/okulumuz_hakkinda.php,2026-10-01T19:28:20.863667+00:00,,Öğrenci : 384
İstanbul,Sultangazi,Yayla Anaokulu,973450,Anaokulu,https://yaylaanaokulu.meb.k12.tr,,,https://yaylaanaokulu.meb.k12.tr/tema/harita.php,2026-08-31,102,102,bulundu,https://yaylaanaokulu.meb.k12.tr/,2026-10-01T19:28:20.870474+00:00,,Öğrenci Sayısı: 102
İstanbul,Sultangazi,Yayla Mesleki ve Teknik Anadolu Lisesi,777184,Mesleki ve Teknik Anadolu Lisesi,https://sultangaziyaylamtal.meb.k12.tr,,,https://sultangaziyaylamtal.meb.k12.tr/tema/harita.php,2026-08-31,136,136,bulundu,https://sultangaziyaylamtal.meb.k12.tr/tema/okulumuz_hakkinda.php,2026-10-01T19:28:20.918835+00:00,,Öğrenci : 136
İstanbul,Sultangazi,Yol İş Sendikası Anaokulu,774847,Anaokulu,https://yolissendikasianaokulu.meb.k12.tr,,,https://yolissendikasianaokulu.meb.k12.tr/tema/harita.php,2026-08-31,264,264,bulundu,https://yolissendikasianaokulu.meb.k12.tr/,2026-10-01T19:28:20.989086+00:00,,Öğrenci Sayısı: 264
İstanbul,Sultangazi,Yunus Emre İlkokulu,731540,İlkokul,https://yunusemreilkokulu.meb.k12.tr,,,https://yunusemreilkokulu.meb.k12.tr/tema/harita.php,2026-08-31,1652,1652,bulundu,https://yunusemreilkokulu.meb.k12.tr/,2026-10-01T19:28:21.020899+00:00,,Öğrenci Sayısı 1652
İstanbul,Sultangazi,Yunus Emre İmam Hatip Ortaokulu,760634,İmam Hatip Ortaokulu,https://yunusemreihoo.meb.k12.tr,,,https://yunusemreihoo.meb.k12.tr/tema/harita.php,2026-08-31,849,849,bulundu,https://yunusemreihoo.meb.k12.tr/tema/okulumuz_hakkinda.php,2026-10-01T19:28:21.142855+00:00,,Öğrenci : 849
İstanbul,Sultangazi,Zübeyde Hanım Ortaokulu,737234,Ortaokul,https://zbeydehanimortaokulu.meb.k12.tr,,,https://zbeydehanimortaokulu.meb.k12.tr/tema/harita.php,2026-08-31,796,796,bulundu,https://zbeydehanimortaokulu.meb.k12.tr/tema/okulumuz_hakkinda.php,2026-10-01T19:28:21.598154+00:00,,Öğrenci : 796
İstanbul,Sultangazi,Zübeyde Hanım İlkokulu,737236,İlkokul,https://zbeydehanimilkokulu.meb.k12.tr,,,https://zbeydehanimilkokulu.meb.k12.tr/tema/harita.php,2026-08-31,949,949,bulundu,https://zbeydehanimilkokulu.meb.k12.tr/,2026-10-01T19:28:21.605167+00:00,,Öğrenci Sayısı: 949
İstanbul,Sultangazi,İbn-i Sina Anaokulu,760735,Anaokulu,https://sultangaziibnisinaanaokulu.meb.k12.tr,,,https://sultangaziibnisinaanaokulu.meb.k12.tr/tema/harita.php,2026-08-31,238,238,bulundu,https://sultangaziibnisinaanaokulu.meb.k12.tr/,2026-10-01T19:28:21.724104+00:00,,Öğrenci Sayısı: 238
İstanbul,Sultangazi,İsmetpaşa İlkokulu,737528,İlkokul,https://ismetpasailkokulum.meb.k12.tr,,,https://ismetpasailkokulum.meb.k12.tr/tema/harita.php,2026-08-31,1966,1966,bulundu,https://ismetpasailkokulum.meb.k12.tr/,2026-10-01T19:28:21.725979+00:00,,Öğrenci Sayısı : 1966
İstanbul,Sultangazi,İstiklal Ortaokulu,743495,Ortaokul,https://sultangaziistiklalortaokulu.meb.k12.tr,,,https://sultangaziistiklalortaokulu.meb.k12.tr/tema/harita.php,2026-08-31,1052,1052,bulundu,https://sultangaziistiklalortaokulu.meb.k12.tr/,2026-10-01T19:28:21.869865+00:00,,Öğrenci Sayısı 1052
İstanbul,Sultangazi,İstiklal İlkokulu,731521,İlkokul,https://sultangaziistiklalilkokulu.meb.k12.tr,,,https://sultangaziistiklalilkokulu.meb.k12.tr/tema/harita.php,2026-08-31,1337,1337,bulundu,https://sultangaziistiklalilkokulu.meb.k12.tr/,2026-10-01T19:28:21.972281+00:00,,Öğrenci Sayısı 1337
İstanbul,Sultangazi,İvat Turhan İlkokulu,737276,İlkokul,https://ivatturhanilkokulu.meb.k12.tr,,,https://ivatturhanilkokulu.meb.k12.tr/tema/harita.php,2026-08-31,1848,1848,bulundu,https://ivatturhanilkokulu.meb.k12.tr/,2026-10-01T19:28:22.037790+00:00,,Öğrenci Sayısı 1848
İstanbul,Sultangazi,Şair Abay Kunanbay Anadolu Lisesi,974887,Anadolu Lisesi,https://sairabaykonanbayanadolulisesi.meb.k12.tr,,,https://sairabaykonanbayanadolulisesi.meb.k12.tr/tema/harita.php,2026-08-31,1658,1658,bulundu,https://sairabaykonanbayanadolulisesi.meb.k12.tr/,2026-10-01T19:28:22.060810+00:00,,Öğrenci Sayısı : 1658
İstanbul,Sultangazi,Şehit Engin Tilbaç İlkokulu,737586,İlkokul,https://sehitengintilbacilkokulu.meb.k12.tr,,,https://sehitengintilbacilkokulu.meb.k12.tr/tema/harita.php,2026-08-31,1353,1353,bulundu,https://sehitengintilbacilkokulu.meb.k12.tr/,2026-10-01T19:28:22.193830+00:00,,Öğrenci Sayısı : 1353
İstanbul,Sultangazi,Şehit Erhan Dündar Mesleki ve Teknik Anadolu Lisesi,776392,Mesleki ve Teknik Anadolu Lisesi,https://erhandundarmtal.meb.k12.tr,,,https://erhandundarmtal.meb.k12.tr/tema/harita.php,2026-08-31,1403,1403,bulundu,https://erhandundarmtal.meb.k12.tr/tema/okulumuz_hakkinda.php,2026-10-01T19:28:22.249356+00:00,,Öğrenci : 1403
İstanbul,Sultangazi,Şehit Erhan Dündar Çok Programlı Anadolu Lisesi,765518,Çok Programlı Anadolu Lisesi,https://erhandundarcpal.meb.k12.tr,,,https://erhandundarcpal.meb.k12.tr/tema/harita.php,2026-08-31,,,bulunamadi,,2026-10-01T19:28:22.304912+00:00,,
İstanbul,Sultangazi,Şehit Ferdi Yurduseven Ortaokulu,737249,Ortaokul,https://sehitferdiyurdusevenortaokulu.meb.k12.tr,,,https://sehitferdiyurdusevenortaokulu.meb.k12.tr/tema/harita.php,2026-08-31,2025,2025,bulundu,https://sehitferdiyurdusevenortaokulu.meb.k12.tr/,2026-10-01T19:28:22.311043+00:00,,Öğrenci Sayısı 2025
İstanbul,Sultangazi,Şehit Furkan Doğan İmam Hatip Ortaokulu,758910,İmam Hatip Ortaokulu,https://sgfurkandogan.meb.k12.tr,,,https://sgfurkandogan.meb.k12.tr/tema/harita.php,2026-08-31,1119,1119,bulundu,https://sgfurkandogan.meb.k12.tr/,2026-10-01T19:28:22.387912+00:00,,Öğrenci Sayısı 1119
İstanbul,Sultangazi,Şehit Hikmet Baysal Ortaokulu,737277,Ortaokul,https://sehithikmetbaysalortaokulu.meb.k12.tr,,,https://sehithikmetbaysalortaokulu.meb.k12.tr/tema/harita.php,2026-08-31,1670,1670,bulundu,https://sehithikmetbaysalortaokulu.meb.k12.tr/,2026-10-01T19:28:22.605846+00:00,,Öğrenci Sayısı 1670
İstanbul,Sultangazi,Şehit Teğmen Ali Yılmaz Ortaokulu,737238,Ortaokul,https://sehittegmenaliyilmazortaokulu.meb.k12.tr,,,https://sehittegmenaliyilmazortaokulu.meb.k12.tr/tema/harita.php,2026-08-31,958,958,bulundu,https://sehittegmenaliyilmazortaokulu.meb.k12.tr/,2026-10-01T19:28:22.692764+00:00,,Öğrenci Sayısı : 958
İstanbul,Sultangazi,Şehit Teğmen Ali Yılmaz İlkokulu,737239,İlkokul,https://sehittegmenaliyilmazilkokulu.meb.k12.tr,,,https://sehittegmenaliyilmazilkokulu.meb.k12.tr/tema/harita.php,2026-08-31,1094,1094,bulundu,https://sehittegmenaliyilmazilkokulu.meb.k12.tr/tema/okulumuz_hakkinda.php,2026-10-01T19:28:22.809577+00:00,,Öğrenci : 1094
İstanbul,Sultangazi,Şehit Vedat Barceğci Ortaokulu,743492,Ortaokul,https://sehitvedatbarcegciortaokulu.meb.k12.tr,,,https://sehitvedatbarcegciortaokulu.meb.k12.tr/tema/harita.php,2026-08-31,1593,1593,bulundu,https://sehitvedatbarcegciortaokulu.meb.k12.tr/,2026-10-01T19:28:22.938240+00:00,,Öğrenci Sayısı 1593
İstanbul,Tuzla,Abdullah Tayyip OLÇOK İmam Hatip Ortaokulu,763905,İmam Hatip Ortaokulu,https://abdullahtayyipolcokiho.meb.k12.tr,,,https://abdullahtayyipolcokiho.meb.k12.tr/tema/harita.php,2026-08-31,136,136,bulundu,https://abdullahtayyipolcokiho.meb.k12.tr/,2026-10-01T19:28:23.035563+00:00,,Öğrenci Sayısı 136
İstanbul,Tuzla,Abdullah Tayyip Olçok Ortaokulu,764465,Ortaokul,https://tuzlaabdullahtayyipolcokoo.meb.k12.tr,,,https://tuzlaabdullahtayyipolcokoo.meb.k12.tr/tema/harita.php,2026-08-31,398,398,bulundu,https://tuzlaabdullahtayyipolcokoo.meb.k12.tr/,2026-10-01T19:28:23.259292+00:00,,Öğrenci Sayısı 398
İstanbul,Tuzla,Ahmet Fikret Evyap Mesleki ve Teknik Anadolu Lisesi,777238,Mesleki ve Teknik Anadolu Lisesi,https://tuzlaahmetfikretevyapmtal.meb.k12.tr,,,https://tuzlaahmetfikretevyapmtal.meb.k12.tr/tema/harita.php,2026-08-31,177,177,bulundu,https://tuzlaahmetfikretevyapmtal.meb.k12.tr/,2026-10-01T19:28:23.339520+00:00,,Öğrenci Sayısı : 177
İstanbul,Tuzla,Ahmet Refik Oral İlkokulu,393481,İlkokul,https://ahmetrefikoral.meb.k12.tr,,,https://ahmetrefikoral.meb.k12.tr/tema/harita.php,2026-08-31,43,43,bulundu,https://ahmetrefikoral.meb.k12.tr/,2026-10-01T19:28:23.353244+00:00,,Öğrenci Sayısı : 43
İstanbul,Tuzla,Ahmet Yesevi Anadolu Lisesi,768140,Anadolu Lisesi,https://tuzlaahmetyesevial.meb.k12.tr,,,https://tuzlaahmetyesevial.meb.k12.tr/tema/harita.php,2026-08-31,775,775,bulundu,https://tuzlaahmetyesevial.meb.k12.tr/,2026-10-01T19:28:23.559108+00:00,,Öğrenci Sayısı 775
İstanbul,Tuzla,Aisin Otomotiv Mesleki ve Teknik Anadolu Lisesi,776851,Mesleki ve Teknik Anadolu Lisesi,https://aisinotomotivmtal.meb.k12.tr,,,https://aisinotomotivmtal.meb.k12.tr/tema/harita.php,2026-08-31,33,33,bulundu,https://aisinotomotivmtal.meb.k12.tr/,2026-10-01T19:28:23.607154+00:00,,Öğrenci Sayısı : 33
İstanbul,Tuzla,Asım Kibar Turizm Mesleki ve Teknik Anadolu Lisesi,972715,Mesleki ve Teknik Anadolu Lisesi,https://asimkibarmtal.meb.k12.tr,,,https://asimkibarmtal.meb.k12.tr/tema/harita.php,2026-08-31,621,621,bulundu,https://asimkibarmtal.meb.k12.tr/,2026-10-01T19:28:23.688905+00:00,,Öğrenci Sayısı 621
İstanbul,Tuzla,Atatürk İlkokulu,315619,İlkokul,https://tuzlaataturk.meb.k12.tr,,,https://tuzlaataturk.meb.k12.tr/tema/harita.php,2026-08-31,997,997,bulundu,https://tuzlaataturk.meb.k12.tr/tema/okulumuz_hakkinda.php,2026-10-01T19:28:23.894015+00:00,,Öğrenci : 997
İstanbul,Tuzla,Aydınlı Anaokulu,749734,Anaokulu,https://aydinlianaokulu.meb.k12.tr,,,https://aydinlianaokulu.meb.k12.tr/tema/harita.php,2026-08-31,202,202,bulundu,https://aydinlianaokulu.meb.k12.tr/,2026-10-01T19:28:23.974474+00:00,,Öğrenci Sayısı 202
İstanbul,Tuzla,Aydınlı İlkokulu,384828,İlkokul,https://aydinli.meb.k12.tr,,,https://aydinli.meb.k12.tr/tema/harita.php,2026-08-31,750,750,bulundu,https://aydinli.meb.k12.tr/,2026-10-01T19:28:24.021155+00:00,,Öğrenci Sayısı: 750
İstanbul,Tuzla,Barbaros İlkokulu,736713,İlkokul,https://tuzlabarbaros.meb.k12.tr,,,https://tuzlabarbaros.meb.k12.tr/tema/harita.php,2026-08-31,384,384,bulundu,https://tuzlabarbaros.meb.k12.tr/,2026-10-01T19:28:24.141174+00:00,,Öğrenci Sayısı : 384
İstanbul,Tuzla,Barış Manço Ortaokulu,733603,Ortaokul,https://barismanco.meb.k12.tr,,,https://barismanco.meb.k12.tr/tema/harita.php,2026-08-31,1648,1648,bulundu,https://barismanco.meb.k12.tr/tema/okulumuz_hakkinda.php,2026-10-01T19:28:24.211721+00:00,,Öğrenci : 1648
İstanbul,Tuzla,Behiye Dr.Nevhiz Işıl Anadolu Lisesi,879069,Anadolu Lisesi,https://benal.meb.k12.tr,,,https://benal.meb.k12.tr/tema/harita.php,2026-08-31,388,388,bulundu,https://benal.meb.k12.tr/,2026-10-01T19:28:24.352007+00:00,,Öğrenci Sayısı 388
İstanbul,Tuzla,Binali Yıldırım Anaokulu,767501,Anaokulu,https://767501.meb.k12.tr,,,https://767501.meb.k12.tr/tema/harita.php,2026-08-31,148,148,bulundu,https://767501.meb.k12.tr/,2026-10-01T19:28:24.458391+00:00,,Öğrenci Sayısı 148
İstanbul,Tuzla,Binali Yıldırım İlkokulu,767447,İlkokul,https://binaliyildirimilkokulutuzla.meb.k12.tr,,,https://binaliyildirimilkokulutuzla.meb.k12.tr/tema/harita.php,2026-08-31,715,715,bulundu,https://binaliyildirimilkokulutuzla.meb.k12.tr/,2026-10-01T19:28:24.505905+00:00,,Öğrenci Sayısı 715
İstanbul,Tuzla,CEMİL MERİÇ İMAM HATİP ORTAOKULU,762558,İmam Hatip Ortaokulu,https://tuzlacemilmericiho.meb.k12.tr,,,https://tuzlacemilmericiho.meb.k12.tr/tema/harita.php,2026-08-31,89,89,bulundu,https://tuzlacemilmericiho.meb.k12.tr/,2026-10-01T19:28:24.881639+00:00,,Öğrenci Sayısı : 89
İstanbul,Tuzla,Cemil Türker Ortaokulu,307892,Ortaokul,https://cemilturker.meb.k12.tr,,,https://cemilturker.meb.k12.tr/tema/harita.php,2026-08-31,153,153,bulundu,https://cemilturker.meb.k12.tr/,2026-10-01T19:28:24.918656+00:00,,Öğrenci Sayısı 153
İstanbul,Tuzla,Cemil Türker İlkokulu,736701,İlkokul,https://cemilturkerio.meb.k12.tr,,,https://cemilturkerio.meb.k12.tr/tema/harita.php,2026-08-31,119,119,bulundu,https://cemilturkerio.meb.k12.tr/,2026-10-01T19:28:24.926516+00:00,,Öğrenci Sayısı: 119
İstanbul,Tuzla,Dede Korkut Ortaokulu,733611,Ortaokul,https://dedekorkuttuzla.meb.k12.tr,,,https://dedekorkuttuzla.meb.k12.tr/tema/harita.php,2026-08-31,482,482,bulundu,https://dedekorkuttuzla.meb.k12.tr/,2026-10-01T19:28:24.929824+00:00,,Öğrenci Sayısı : 482
İstanbul,Tuzla,Emine Yıldız Ortaokulu,763829,Ortaokul,https://tuzlaemineyildiz.meb.k12.tr,,,https://tuzlaemineyildiz.meb.k12.tr/tema/harita.php,2026-08-31,535,535,bulundu,https://tuzlaemineyildiz.meb.k12.tr/,2026-10-01T19:28:24.977643+00:00,,Öğrenci Sayısı : 535
İstanbul,Tuzla,Evliya Çelebi Kız Anadolu İmam Hatip Lisesi,764017,Anadolu İmam Hatip Lisesi,https://evliyacelebikaihl.meb.k12.tr,,,https://evliyacelebikaihl.meb.k12.tr/tema/harita.php,2026-08-31,272,272,bulundu,https://evliyacelebikaihl.meb.k12.tr/,2026-10-01T19:28:25.011700+00:00,,Öğrenci Sayısı : 272
İstanbul,Tuzla,Evliya Çelebi Ortaokulu,307831,Ortaokul,https://tuzlaevliyacelebi.meb.k12.tr,,,https://tuzlaevliyacelebi.meb.k12.tr/tema/harita.php,2026-08-31,1717,1717,bulundu,https://tuzlaevliyacelebi.meb.k12.tr/,2026-10-01T19:28:25.283733+00:00,,Öğrenci Sayısı 1717
İstanbul,Tuzla,Farabi İlkokulu,731590,İlkokul,https://farabiilkokulu.meb.k12.tr,,,https://farabiilkokulu.meb.k12.tr/tema/harita.php,2026-08-31,962,962,bulundu,https://farabiilkokulu.meb.k12.tr/,2026-10-01T19:28:25.364802+00:00,,Öğrenci Sayısı : 962
İstanbul,Tuzla,Fatih Sultan Mehmet İlkokulu,768010,İlkokul,https://fatihsultanmehmet.meb.k12.tr,,,https://fatihsultanmehmet.meb.k12.tr/tema/harita.php,2026-08-31,,,bulunamadi,,2026-10-01T19:28:25.370575+00:00,,
İstanbul,Tuzla,Fatih Sultan Mehmet İmam Hatip Ortaokulu,765746,İmam Hatip Ortaokulu,https://tuzlafsmiho.meb.k12.tr,,,https://tuzlafsmiho.meb.k12.tr/tema/harita.php,2026-08-31,258,258,bulundu,https://tuzlafsmiho.meb.k12.tr/,2026-10-01T19:28:25.576820+00:00,,Öğrenci Sayısı : 258
İstanbul,Tuzla,Gazi Mustafa Paşa Ortaokulu,384853,Ortaokul,https://tuzlagazimustafapasaortaokulu.meb.k12.tr,,,https://tuzlagazimustafapasaortaokulu.meb.k12.tr/tema/harita.php,2026-08-31,93,93,bulundu,https://tuzlagazimustafapasaortaokulu.meb.k12.tr/tema/okulumuz_hakkinda.php,2026-10-01T19:28:25.605577+00:00,,Öğrenci : 93
İstanbul,Tuzla,Gazi Mustafa Paşa İlkokulu,736691,İlkokul,https://tuzlagazimustafapasailkokulu.meb.k12.tr,,,https://tuzlagazimustafapasailkokulu.meb.k12.tr/tema/harita.php,2026-08-31,207,207,bulundu,https://tuzlagazimustafapasailkokulu.meb.k12.tr/tema/okulumuz_hakkinda.php,2026-10-01T19:28:25.615142+00:00,,Öğrenci : 207
İstanbul,Tuzla,Gazi Mustafa Paşa İmam Hatip Ortaokulu,762966,İmam Hatip Ortaokulu,https://tuzlagazimustafapasaimamhatiport.meb.k12.tr,,,https://tuzlagazimustafapasaimamhatiport.meb.k12.tr/tema/harita.php,2026-08-31,78,78,bulundu,https://tuzlagazimustafapasaimamhatiport.meb.k12.tr/tema/okulumuz_hakkinda.php,2026-10-01T19:28:25.627339+00:00,,Öğrenci : 78
İstanbul,Tuzla,GİSBİR Ortaokulu,768745,Ortaokul,https://gisbirortaokulu.meb.k12.tr,,,https://gisbirortaokulu.meb.k12.tr/tema/harita.php,2026-08-31,641,641,bulundu,https://gisbirortaokulu.meb.k12.tr/,2026-10-01T19:28:25.748395+00:00,,Öğrenci Sayısı : 641
İstanbul,Tuzla,Hacıoğulları Hilmi Sonay İlkokulu,731591,İlkokul,https://hhsonayilk.meb.k12.tr,,,https://hhsonayilk.meb.k12.tr/tema/harita.php,2026-08-31,996,996,bulundu,https://hhsonayilk.meb.k12.tr/,2026-10-01T19:28:25.842834+00:00,,Öğrenci Sayısı 996
İstanbul,Tuzla,Halil Türkkan İmam Hatip Ortaokulu,763159,İmam Hatip Ortaokulu,https://halilturkkaniho.meb.k12.tr,,,https://halilturkkaniho.meb.k12.tr/tema/harita.php,2026-08-31,555,555,bulundu,https://halilturkkaniho.meb.k12.tr/,2026-10-01T19:28:25.886521+00:00,,Öğrenci Sayısı : 555
İstanbul,Tuzla,Kaptan Recep Paylan Anadolu Lisesi,777162,Anadolu Lisesi,https://kaptanreceppaylanal.meb.k12.tr,,,https://kaptanreceppaylanal.meb.k12.tr/tema/harita.php,2026-08-31,211,211,bulundu,https://kaptanreceppaylanal.meb.k12.tr/,2026-10-01T19:28:25.932209+00:00,,Öğrenci Sayısı 211
İstanbul,Tuzla,Kaşif Kalkavan Anadolu Lisesi,776083,Anadolu Lisesi,https://kasifkalkavanlisesi.meb.k12.tr,,,https://kasifkalkavanlisesi.meb.k12.tr/tema/harita.php,2026-08-31,749,749,bulundu,https://kasifkalkavanlisesi.meb.k12.tr/tema/okulumuz_hakkinda.php,2026-10-01T19:28:26.100394+00:00,,Öğrenci : 749
İstanbul,Tuzla,Kaşif Kalkavan Çok Programlı Anadolu Lisesi,349796,Çok Programlı Anadolu Lisesi,https://kasifkalkavan.meb.k12.tr,,,https://kasifkalkavan.meb.k12.tr/tema/harita.php,2026-08-31,,,bulunamadi,,2026-10-01T19:28:26.120025+00:00,,
İstanbul,Tuzla,Mehmet Tekinalp Anadolu Lisesi,972398,Anadolu Lisesi,https://mtal.meb.k12.tr,,,https://mtal.meb.k12.tr/tema/harita.php,2026-08-31,512,512,bulundu,https://mtal.meb.k12.tr/,2026-10-01T19:28:26.172566+00:00,,Öğrenci Sayısı 512
İstanbul,Tuzla,Mehmetçik Anaokulu,759559,Anaokulu,https://mehmetcikanaokulu.meb.k12.tr,,,https://mehmetcikanaokulu.meb.k12.tr/tema/harita.php,2026-08-31,105,105,bulundu,https://mehmetcikanaokulu.meb.k12.tr/,2026-10-01T19:28:26.212396+00:00,,Öğrenci Sayısı 105
İstanbul,Tuzla,Mevlana İlkokulu,736682,İlkokul,https://tuzlamevlanaio.meb.k12.tr,,,https://tuzlamevlanaio.meb.k12.tr/tema/harita.php,2026-08-31,728,728,bulundu,https://tuzlamevlanaio.meb.k12.tr/,2026-10-01T19:28:26.251059+00:00,,Öğrenci Sayısı : 728
İstanbul,Tuzla,Mevlana İmam Hatip Ortaokulu,762556,İmam Hatip Ortaokulu,https://tuzlamevlanaiho.meb.k12.tr,,,https://tuzlamevlanaiho.meb.k12.tr/tema/harita.php,2026-08-31,118,118,bulundu,https://tuzlamevlanaiho.meb.k12.tr/,2026-10-01T19:28:26.426433+00:00,,Öğrenci Sayısı : 118
İstanbul,Tuzla,Mimar Sinan İlkokulu,731593,İlkokul,https://tuzlamimarsinan.meb.k12.tr,,,https://tuzlamimarsinan.meb.k12.tr/tema/harita.php,2026-08-31,2335,2335,bulundu,https://tuzlamimarsinan.meb.k12.tr/,2026-10-01T19:28:26.569143+00:00,,Öğrenci Sayısı : 2335
İstanbul,Tuzla,Muzafferda-Güzide Pulur İmam Hatip Ortaokulu,963981,İmam Hatip Ortaokulu,https://muzafferdaguzidepulur.meb.k12.tr,,,https://muzafferdaguzidepulur.meb.k12.tr/tema/harita.php,2026-08-31,873,873,bulundu,https://muzafferdaguzidepulur.meb.k12.tr/,2026-10-01T19:28:26.581882+00:00,,Öğrenci Sayısı 873
İstanbul,Tuzla,Ord.Prof.Dr.Cahit Arf İlkokulu,813460,İlkokul,https://cahitarf.meb.k12.tr,,,https://cahitarf.meb.k12.tr/tema/harita.php,2026-08-31,830,830,bulundu,https://cahitarf.meb.k12.tr/,2026-10-01T19:28:26.635683+00:00,,Öğrenci Sayısı : 830
İstanbul,Tuzla,Orhanlı Ortaokulu,736672,Ortaokul,https://orhanliortaokulu.meb.k12.tr,,,https://orhanliortaokulu.meb.k12.tr/tema/harita.php,2026-08-31,437,437,bulundu,https://orhanliortaokulu.meb.k12.tr/,2026-10-01T19:28:26.676844+00:00,,Öğrenci Sayısı 437
İstanbul,Tuzla,Orhanlı İlkokulu,736675,İlkokul,https://orhanliilkokulu.meb.k12.tr,,,https://orhanliilkokulu.meb.k12.tr/tema/harita.php,2026-08-31,559,559,bulundu,https://orhanliilkokulu.meb.k12.tr/,2026-10-01T19:28:26.849933+00:00,,Öğrenci Sayısı 559
İstanbul,Tuzla,Osmangazi Ortaokulu,736669,Ortaokul,https://tuzlaosmangaziortaokulu.meb.k12.tr,,,https://tuzlaosmangaziortaokulu.meb.k12.tr/tema/harita.php,2026-08-31,781,781,bulundu,https://tuzlaosmangaziortaokulu.meb.k12.tr/,2026-10-01T19:28:26.868035+00:00,,Öğrenci Sayısı : 781
İstanbul,Tuzla,Osmangazi İlkokulu,736670,İlkokul,https://tuzlaosmangaziilkokulu.meb.k12.tr,,,https://tuzlaosmangaziilkokulu.meb.k12.tr/tema/harita.php,2026-08-31,655,655,bulundu,https://tuzlaosmangaziilkokulu.meb.k12.tr/tema/okulumuz_hakkinda.php,2026-10-01T19:28:26.980503+00:00,,Öğrenci : 655
İstanbul,Tuzla,Peyami Safa İlkokulu,731600,İlkokul,https://tuzlapeyamisafa.meb.k12.tr,,,https://tuzlapeyamisafa.meb.k12.tr/tema/harita.php,2026-08-31,642,642,bulundu,https://tuzlapeyamisafa.meb.k12.tr/,2026-10-01T19:28:26.983872+00:00,,Öğrenci Sayısı : 642
İstanbul,Tuzla,Piri Reis Denizcilik Mesleki ve Teknik Anadolu Lisesi,969777,Mesleki ve Teknik Anadolu Lisesi,https://pirireisdenizcilik.meb.k12.tr,,,https://pirireisdenizcilik.meb.k12.tr/tema/harita.php,2026-08-31,527,527,bulundu,https://pirireisdenizcilik.meb.k12.tr/,2026-10-01T19:28:26.986381+00:00,,Öğrenci Sayısı 527
İstanbul,Tuzla,Piri Reis Ortaokulu,810276,Ortaokul,https://tuzlapirireis.meb.k12.tr,,,https://tuzlapirireis.meb.k12.tr/tema/harita.php,2026-08-31,965,965,bulundu,https://tuzlapirireis.meb.k12.tr/,2026-10-01T19:28:27.055803+00:00,,Öğrenci Sayısı 965
İstanbul,Tuzla,Seniye-Hüseyin Özalp Anaokulu,733605,Anaokulu,https://seniyehuseyinozalp.meb.k12.tr,,,https://seniyehuseyinozalp.meb.k12.tr/tema/harita.php,2026-08-31,170,170,bulundu,https://seniyehuseyinozalp.meb.k12.tr/,2026-10-01T19:28:27.343508+00:00,,Öğrenci Sayısı: 170
İstanbul,Tuzla,TOKİ Oruç Reis İlkokulu,973398,İlkokul,https://tokiorucreis.meb.k12.tr,,,https://tokiorucreis.meb.k12.tr/tema/harita.php,2026-08-31,694,694,bulundu,https://tokiorucreis.meb.k12.tr/,2026-10-01T19:28:27.408615+00:00,,Öğrenci Sayısı : 694
İstanbul,Tuzla,TOKİ Oruç Reis İmam Hatip Ortaokulu,762557,İmam Hatip Ortaokulu,https://tokiorucreisiho.meb.k12.tr,,,https://tokiorucreisiho.meb.k12.tr/tema/harita.php,2026-08-31,88,88,bulundu,https://tokiorucreisiho.meb.k12.tr/,2026-10-01T19:28:27.431374+00:00,,Öğrenci Sayısı : 88
İstanbul,Tuzla,TOKİ Yahya Kemal Mesleki ve Teknik Anadolu Lisesi,766024,Mesleki ve Teknik Anadolu Lisesi,https://tokiyahyakemalmtal.meb.k12.tr,,,https://tokiyahyakemalmtal.meb.k12.tr/tema/harita.php,2026-08-31,1056,1056,bulundu,https://tokiyahyakemalmtal.meb.k12.tr/,2026-10-01T19:28:27.469048+00:00,,Öğrenci Sayısı 1056
İstanbul,Tuzla,Tapduk Emre İlkokulu,966685,İlkokul,https://tapdukemre.meb.k12.tr,,,https://tapdukemre.meb.k12.tr/tema/harita.php,2026-08-31,1319,1319,bulundu,https://tapdukemre.meb.k12.tr/,2026-10-01T19:28:27.560428+00:00,,Öğrenci Sayısı : 1319
İstanbul,Tuzla,Tepeören Mesleki ve Teknik Anadolu Lisesi,767103,Mesleki ve Teknik Anadolu Lisesi,https://tepeorenmtal.meb.k12.tr,,,https://tepeorenmtal.meb.k12.tr/tema/harita.php,2026-08-31,250,250,bulundu,https://tepeorenmtal.meb.k12.tr/,2026-10-01T19:28:27.569237+00:00,,Öğrenci Sayısı : 250
İstanbul,Tuzla,Tezer Taşkıran Ortaokulu,733636,Ortaokul,https://tezertaskiranortaokulu.meb.k12.tr,,,https://tezertaskiranortaokulu.meb.k12.tr/tema/harita.php,2026-08-31,1125,1125,bulundu,https://tezertaskiranortaokulu.meb.k12.tr/,2026-10-01T19:28:27.590226+00:00,,Öğrenci Sayısı : 1125
İstanbul,Tuzla,Tuzla Anadolu Lisesi,972882,Anadolu Lisesi,https://tuzlaanadolulisesi.meb.k12.tr,,,https://tuzlaanadolulisesi.meb.k12.tr/tema/harita.php,2026-08-31,677,677,bulundu,https://tuzlaanadolulisesi.meb.k12.tr/tema/okulumuz_hakkinda.php,2026-10-01T19:28:27.658163+00:00,,Öğrenci : 677
İstanbul,Tuzla,Tuzla Anadolu İmam Hatip Lisesi,734647,Anadolu İmam Hatip Lisesi,https://tuzlaaihl.meb.k12.tr,,,https://tuzlaaihl.meb.k12.tr/tema/harita.php,2026-08-31,387,387,bulundu,https://tuzlaaihl.meb.k12.tr/,2026-10-01T19:28:27.782873+00:00,,Öğrenci Sayısı : 387
İstanbul,Tuzla,Tuzla Aydıntepe İşitme Engelliler Ortaokulu,746960,Ortaokul,https://aydintepeisitmeortaokulu.meb.k12.tr,,,https://aydintepeisitmeortaokulu.meb.k12.tr/tema/harita.php,2026-08-31,46,46,bulundu,https://aydintepeisitmeortaokulu.meb.k12.tr/,2026-10-01T19:28:27.846532+00:00,,Öğrenci Sayısı 46
İstanbul,Tuzla,Tuzla Aydıntepe İşitme Engelliler İlkokulu,746785,İlkokul,https://aydintepeisitmeilkokulu.meb.k12.tr,,,https://aydintepeisitmeilkokulu.meb.k12.tr/tema/harita.php,2026-08-31,45,45,bulundu,https://aydintepeisitmeilkokulu.meb.k12.tr/,2026-10-01T19:28:27.863572+00:00,,Öğrenci Sayısı 45
İstanbul,Tuzla,Tuzla Bilim ve Sanat Merkezi,768815,Bilim ve Sanat Merkezi,https://tuzlabilsem.meb.k12.tr,,,https://tuzlabilsem.meb.k12.tr/tema/harita.php,2026-08-31,,,bulunamadi,,2026-10-01T19:28:27.864410+00:00,,
İstanbul,Tuzla,Tuzla Borsa İstanbul Kız Mesleki ve Teknik Anadolu Lisesi,951367,Mesleki ve Teknik Anadolu Lisesi,https://tuzlabistmtal.meb.k12.tr,,,https://tuzlabistmtal.meb.k12.tr/tema/harita.php,2026-08-31,972,972,bulundu,https://tuzlabistmtal.meb.k12.tr/,2026-10-01T19:28:27.882528+00:00,,Öğrenci Sayısı 972
İstanbul,Tuzla,Tuzla Cezeri Mesleki ve Teknik Anadolu Lisesi,974645,Mesleki ve Teknik Anadolu Lisesi,https://tuzlacezerimtal.meb.k12.tr,,,https://tuzlacezerimtal.meb.k12.tr/tema/harita.php,2026-08-31,615,615,bulundu,https://tuzlacezerimtal.meb.k12.tr/,2026-10-01T19:28:28.015004+00:00,,Öğrenci Sayısı : 615
İstanbul,Tuzla,Tuzla Emlak Konut Cemil Meriç Ortaokulu,752996,Ortaokul,https://tuzlaemlakkonutcmoo.meb.k12.tr,,,https://tuzlaemlakkonutcmoo.meb.k12.tr/tema/harita.php,2026-08-31,873,873,bulundu,https://tuzlaemlakkonutcmoo.meb.k12.tr/tema/okulumuz_hakkinda.php,2026-10-01T19:28:28.209014+00:00,,Öğrenci : 873
İstanbul,Tuzla,Tuzla Halil Türkkan Kız Anadolu İmam Hatip Lisesi,373079,Anadolu İmam Hatip Lisesi,https://halilturkkankaihl.meb.k12.tr,,,https://halilturkkankaihl.meb.k12.tr/tema/harita.php,2026-08-31,448,448,bulundu,https://halilturkkankaihl.meb.k12.tr/,2026-10-01T19:28:28.360645+00:00,,Öğrenci Sayısı 448
İstanbul,Tuzla,Tuzla Halk Eğitimi Merkezi,307091,Halk Eğitimi Merkezi,https://tuzlahem.meb.k12.tr,,,https://tuzlahem.meb.k12.tr/tema/harita.php,2026-08-31,,,bulunamadi,,2026-10-01T19:28:28.416227+00:00,,
İstanbul,Tuzla,Tuzla Mahir İz Anadolu İmam Hatip Lisesi,757705,Anadolu İmam Hatip Lisesi,https://tuzlamahirizaihl.meb.k12.tr,,,https://tuzlamahirizaihl.meb.k12.tr/tema/harita.php,2026-08-31,517,517,bulundu,https://tuzlamahirizaihl.meb.k12.tr/,2026-10-01T19:28:28.518032+00:00,,Öğrenci Sayısı : 517
İstanbul,Tuzla,Tuzla Mehmet Akif Ersoy İlkokulu,752468,İlkokul,https://tuzlamehmetakifersoy.meb.k12.tr,,,https://tuzlamehmetakifersoy.meb.k12.tr/tema/harita.php,2026-08-31,1033,1033,bulundu,https://tuzlamehmetakifersoy.meb.k12.tr/,2026-10-01T19:28:28.548916+00:00,,Öğrenci Sayısı 1033
İstanbul,Tuzla,Tuzla Mesleki Eğitim Merkezi,970627,Mesleki Eğitim Merkezi,https://tuzlamem.meb.k12.tr,,,https://tuzlamem.meb.k12.tr/tema/harita.php,2026-08-31,1043,1043,bulundu,https://tuzlamem.meb.k12.tr/,2026-10-01T19:28:28.782832+00:00,,Öğrenci Sayısı : 1043
İstanbul,Tuzla,Tuzla Mesleki ve Teknik Anadolu Lisesi,345007,Mesleki ve Teknik Anadolu Lisesi,https://tuzlamtal.meb.k12.tr,,,https://tuzlamtal.meb.k12.tr/tema/harita.php,2026-08-31,1383,1383,bulundu,https://tuzlamtal.meb.k12.tr/,2026-10-01T19:28:28.972445+00:00,,Öğrenci Sayısı 1383
İstanbul,Tuzla,Tuzla Orhanlı Anadolu Lisesi,776081,Anadolu Lisesi,https://orhanlianadolulisesi.meb.k12.tr,,,https://orhanlianadolulisesi.meb.k12.tr/tema/harita.php,2026-08-31,865,865,bulundu,https://orhanlianadolulisesi.meb.k12.tr/,2026-10-01T19:28:28.979819+00:00,,Öğrenci Sayısı 865
İstanbul,Tuzla,Tuzla Orhanlı Çok Programlı Anadolu Lisesi,966460,Çok Programlı Anadolu Lisesi,https://orhanlimtal.meb.k12.tr,,,https://orhanlimtal.meb.k12.tr/tema/harita.php,2026-08-31,676,676,bulundu,https://orhanlimtal.meb.k12.tr/,2026-10-01T19:28:28.998074+00:00,,Öğrenci Sayısı 676
İstanbul,Tuzla,Tuzla Rehberlik ve Araştırma Merkezi,888903,Rehberlik ve Araştırma Merkezi,https://tuzlaram.meb.k12.tr,,,https://tuzlaram.meb.k12.tr/tema/harita.php,2026-08-31,,,bulunamadi,,2026-10-01T19:28:29.029134+00:00,,
İstanbul,Tuzla,Tuzla Süleyman Demirel Ticaret Mesleki ve Teknik Anadolu Lisesi,385535,Mesleki ve Teknik Anadolu Lisesi,https://sdticaret.meb.k12.tr,,,https://sdticaret.meb.k12.tr/tema/harita.php,2026-08-31,737,737,bulundu,https://sdticaret.meb.k12.tr/,2026-10-01T19:28:29.053974+00:00,,Öğrenci Sayısı 737
İstanbul,Tuzla,Tuğrul Bey Anadolu Lisesi,974911,Anadolu Lisesi,https://tugrulbeyanadolulisesi.meb.k12.tr,,,https://tugrulbeyanadolulisesi.meb.k12.tr/tema/harita.php,2026-08-31,823,823,bulundu,https://tugrulbeyanadolulisesi.meb.k12.tr/,2026-10-01T19:28:29.096641+00:00,,Öğrenci Sayısı 823
İstanbul,Tuzla,Ulubatlı Hasan Ortaokulu,736659,Ortaokul,https://tuzlaulubatlihasanortaokulu.meb.k12.tr,,,https://tuzlaulubatlihasanortaokulu.meb.k12.tr/tema/harita.php,2026-08-31,531,531,bulundu,https://tuzlaulubatlihasanortaokulu.meb.k12.tr/,2026-10-01T19:28:29.298918+00:00,,Öğrenci Sayısı : 531
İstanbul,Tuzla,Ulubatlı Hasan İlkokulu,387713,İlkokul,https://tuzlaulubatlihasan.meb.k12.tr,,,https://tuzlaulubatlihasan.meb.k12.tr/tema/harita.php,2026-08-31,664,664,bulundu,https://tuzlaulubatlihasan.meb.k12.tr/,2026-10-01T19:28:29.311407+00:00,,Öğrenci Sayısı : 664
İstanbul,Tuzla,Vala Gedik Özel Eğitim Meslek Okulu,747876,Özel Eğitim Kurumu,https://tuzlavalagedik.meb.k12.tr,,,https://tuzlavalagedik.meb.k12.tr/tema/harita.php,2026-08-31,183,183,bulundu,https://tuzlavalagedik.meb.k12.tr/,2026-10-01T19:28:29.351364+00:00,,Öğrenci Sayısı 183
İstanbul,Tuzla,YUNUS EMRE İMAM HATİP ORTAOKULU,762967,İmam Hatip Ortaokulu,https://tuzlayunusemreiho.meb.k12.tr,,,https://tuzlayunusemreiho.meb.k12.tr/tema/harita.php,2026-08-31,211,211,bulundu,https://tuzlayunusemreiho.meb.k12.tr/,2026-10-01T19:28:29.426450+00:00,,Öğrenci Sayısı : 211
İstanbul,Tuzla,Yunus Emre Anadolu İmam Hatip Lisesi,748796,Anadolu İmam Hatip Lisesi,https://tuzlayunusemreihl.meb.k12.tr,,,https://tuzlayunusemreihl.meb.k12.tr/tema/harita.php,2026-08-31,372,372,bulundu,https://tuzlayunusemreihl.meb.k12.tr/,2026-10-01T19:28:29.440157+00:00,,Öğrenci Sayısı 372
İstanbul,Tuzla,Yunus Emre Ortaokulu,733646,Ortaokul,https://tuzlayunusemreoo.meb.k12.tr,,,https://tuzlayunusemreoo.meb.k12.tr/tema/harita.php,2026-08-31,1239,1239,bulundu,https://tuzlayunusemreoo.meb.k12.tr/,2026-10-01T19:28:29.459068+00:00,,Öğrenci Sayısı : 1239
İstanbul,Tuzla,Yıldız- Ali Hasoğlu İmam Hatip Ortaokulu,752971,İmam Hatip Ortaokulu,https://yildizalihasogluiho.meb.k12.tr,,,https://yildizalihasogluiho.meb.k12.tr/tema/harita.php,2026-08-31,401,401,bulundu,https://yildizalihasogluiho.meb.k12.tr/,2026-10-01T19:28:29.474806+00:00,,Öğrenci Sayısı : 401
İstanbul,Tuzla,Zübeyde Hanım İlkokulu,812501,İlkokul,https://tuzlazubeydehanimilkokulu.meb.k12.tr,,,https://tuzlazubeydehanimilkokulu.meb.k12.tr/tema/harita.php,2026-08-31,,,bulunamadi,,2026-10-01T19:28:29.673817+00:00,,
İstanbul,Tuzla,Çağrıbey Ortaokulu,307843,Ortaokul,https://tuzlacagribey.meb.k12.tr,,,https://tuzlacagribey.meb.k12.tr/tema/harita.php,2026-08-31,968,968,bulundu,https://tuzlacagribey.meb.k12.tr/,2026-10-01T19:28:29.748859+00:00,,Öğrenci Sayısı 968
İstanbul,Tuzla,Çağrıbey İlkokulu,736699,İlkokul,https://cagribeyilkokulu.meb.k12.tr,,,https://cagribeyilkokulu.meb.k12.tr/tema/harita.php,2026-08-31,874,874,bulundu,https://cagribeyilkokulu.meb.k12.tr/,2026-10-01T19:28:29.904395+00:00,,Öğrenci Sayısı : 874
İstanbul,Tuzla,İTOSB Mesleki ve Teknik Anadolu Lisesi,751765,Mesleki ve Teknik Anadolu Lisesi,https://itosbtem.meb.k12.tr,,,https://itosbtem.meb.k12.tr/tema/harita.php,2026-08-31,433,433,bulundu,https://itosbtem.meb.k12.tr/,2026-10-01T19:28:30.078440+00:00,,Öğrenci Sayısı : 433
İstanbul,Tuzla,İTÜ Minik Denizciler Anaokulu,771209,Anaokulu,https://ituminikdenizcileranaokulu.meb.k12.tr,,,https://ituminikdenizcileranaokulu.meb.k12.tr/tema/harita.php,2026-08-31,70,70,bulundu,https://ituminikdenizcileranaokulu.meb.k12.tr/,2026-10-01T19:28:30.184692+00:00,,Öğrenci Sayısı 70
İstanbul,Tuzla,İbni Sina Ortaokulu,315620,Ortaokul,https://tuzlaibnisina.meb.k12.tr,,,https://tuzlaibnisina.meb.k12.tr/tema/harita.php,2026-08-31,960,960,bulundu,https://tuzlaibnisina.meb.k12.tr/,2026-10-01T19:28:30.207875+00:00,,Öğrenci Sayısı : 960
İstanbul,Tuzla,İhsan - Hayriye Hürdoğan İlkokulu,736686,İlkokul,https://tuzlaihhurdogan.meb.k12.tr,,,https://tuzlaihhurdogan.meb.k12.tr/tema/harita.php,2026-08-31,876,876,bulundu,https://tuzlaihhurdogan.meb.k12.tr/,2026-10-01T19:28:30.211539+00:00,,Öğrenci Sayısı : 876
İstanbul,Zeytinburnu,100. Yıl Mesleki ve Teknik Anadolu Lisesi,215809,Mesleki ve Teknik Anadolu Lisesi,https://100yilmtal.meb.k12.tr,,,https://100yilmtal.meb.k12.tr/tema/harita.php,2026-08-31,1000,1000,bulundu,https://100yilmtal.meb.k12.tr/,2026-10-01T19:28:30.486942+00:00,,Öğrenci Sayısı : 1000
İstanbul,Zeytinburnu,Abdülhak Hamit Ortaokulu,316483,Ortaokul,https://abdulhakhamit.meb.k12.tr,,,https://abdulhakhamit.meb.k12.tr/tema/harita.php,2026-08-31,1765,1765,bulundu,https://abdulhakhamit.meb.k12.tr/,2026-10-01T19:28:30.506451+00:00,,Öğrenci Sayısı 1765
İstanbul,Zeytinburnu,Adile Mermerci Anadolu Lisesi,246671,Anadolu Lisesi,https://amal.meb.k12.tr,,,https://amal.meb.k12.tr/tema/harita.php,2026-08-31,513,513,bulundu,https://amal.meb.k12.tr/,2026-10-01T19:28:30.602020+00:00,,Öğrenci Sayısı 513
İstanbul,Zeytinburnu,Ahmet Vefikpaşa Ortaokulu,331927,Ortaokul,https://avpoo.meb.k12.tr,,,https://avpoo.meb.k12.tr/tema/harita.php,2026-08-31,,,bulunamadi,,2026-10-01T19:28:30.630340+00:00,,
İstanbul,Zeytinburnu,Atatürk İlkokulu,812824,İlkokul,https://zeytinburnuataturk.meb.k12.tr,,,https://zeytinburnuataturk.meb.k12.tr/tema/harita.php,2026-08-31,638,638,bulundu,https://zeytinburnuataturk.meb.k12.tr/,2026-10-01T19:28:30.633701+00:00,,Öğrenci Sayısı 638
İstanbul,Zeytinburnu,Ayhan Şahenk Ortaokulu,733779,Ortaokul,https://ayhansahenk.meb.k12.tr,,,https://ayhansahenk.meb.k12.tr/tema/harita.php,2026-08-31,1330,1330,bulundu,https://ayhansahenk.meb.k12.tr/,2026-10-01T19:28:30.639498+00:00,,Öğrenci Sayısı 1330
İstanbul,Zeytinburnu,Borsa İstanbul Zeytinburnu Anadolu Lisesi,964157,Anadolu Lisesi,https://bizal.meb.k12.tr,,,https://bizal.meb.k12.tr/tema/harita.php,2026-08-31,564,564,bulundu,https://bizal.meb.k12.tr/,2026-10-01T19:28:30.678112+00:00,,Öğrenci Sayısı 564
İstanbul,Zeytinburnu,Bozkurt İlkokulu,731660,İlkokul,https://bozkurtilkokulu.meb.k12.tr,,,https://bozkurtilkokulu.meb.k12.tr/tema/harita.php,2026-08-31,1493,1493,bulundu,https://bozkurtilkokulu.meb.k12.tr/,2026-10-01T19:28:31.078252+00:00,,Öğrenci Sayısı 1493
İstanbul,Zeytinburnu,Büyükyalı Mesleki ve Teknik Anadolu Lisesi,769515,Mesleki ve Teknik Anadolu Lisesi,https://buyukyalimtal.meb.k12.tr,,,https://buyukyalimtal.meb.k12.tr/tema/harita.php,2026-08-31,237,237,bulundu,https://buyukyalimtal.meb.k12.tr/,2026-10-01T19:28:31.095344+00:00,,Öğrenci Sayısı : 237
İstanbul,Zeytinburnu,Celalettin Gözüsulu İlkokulu,731663,İlkokul,https://celalettingozusuluio.meb.k12.tr,,,https://celalettingozusuluio.meb.k12.tr/tema/harita.php,2026-08-31,1065,1065,bulundu,https://celalettingozusuluio.meb.k12.tr/,2026-10-01T19:28:31.152406+00:00,,Öğrenci Sayısı: 1065
İstanbul,Zeytinburnu,Dr. Reşit Galip İlkokulu,731665,İlkokul,https://drresitgalipilkokulu.meb.k12.tr,,,https://drresitgalipilkokulu.meb.k12.tr/tema/harita.php,2026-08-31,,,bulunamadi,,2026-10-01T19:28:31.204413+00:00,,
İstanbul,Zeytinburnu,Erhan Dedeoğlu İlkokulu,774498,İlkokul,https://774498.meb.k12.tr,,,https://774498.meb.k12.tr/tema/harita.php,2026-08-31,603,603,bulundu,https://774498.meb.k12.tr/,2026-10-01T19:28:31.212667+00:00,,Öğrenci Sayısı : 603
İstanbul,Zeytinburnu,Fatma Süslügil İlkokulu,731667,İlkokul,https://fsi.meb.k12.tr,,,https://fsi.meb.k12.tr/tema/harita.php,2026-08-31,1680,1680,bulundu,https://fsi.meb.k12.tr/,2026-10-01T19:28:31.248421+00:00,,Öğrenci Sayısı 1680
İstanbul,Zeytinburnu,Gazipaşa İlkokulu,731666,İlkokul,https://zeytinburnugazipasa.meb.k12.tr,,,https://zeytinburnugazipasa.meb.k12.tr/tema/harita.php,2026-08-31,1320,1320,bulundu,https://zeytinburnugazipasa.meb.k12.tr/,2026-10-01T19:28:31.342212+00:00,,Öğrenci Sayısı : 1320
İstanbul,Zeytinburnu,Haluk Ündeğer Anadolu Lisesi,969675,Anadolu Lisesi,https://halukundeger.meb.k12.tr,,,https://halukundeger.meb.k12.tr/tema/harita.php,2026-08-31,,,bulunamadi,,2026-10-01T19:28:31.485244+00:00,,
İstanbul,Zeytinburnu,Haluk Ündeğer İlkokulu,731662,İlkokul,https://halukundegerio.meb.k12.tr,,,https://halukundegerio.meb.k12.tr/tema/harita.php,2026-08-31,593,593,bulundu,https://halukundegerio.meb.k12.tr/,2026-10-01T19:28:31.534887+00:00,,Öğrenci Sayısı 593
İstanbul,Zeytinburnu,Kazlıçeşme Abay Kız Anadolu İmam Hatip Lisesi,733783,Anadolu İmam Hatip Lisesi,https://kazlicesmeabay.meb.k12.tr,,,https://kazlicesmeabay.meb.k12.tr/tema/harita.php,2026-08-31,585,585,bulundu,https://kazlicesmeabay.meb.k12.tr/,2026-10-01T19:28:31.612011+00:00,,Öğrenci Sayısı 585
İstanbul,Zeytinburnu,Kazım Özalp Ortaokulu,740490,Ortaokul,https://kazimozalportaokulu.meb.k12.tr,,,https://kazimozalportaokulu.meb.k12.tr/tema/harita.php,2026-08-31,1248,1248,bulundu,https://kazimozalportaokulu.meb.k12.tr/,2026-10-01T19:28:31.631585+00:00,,Öğrenci Sayısı 1248
İstanbul,Zeytinburnu,Kazım Özalp İlkokulu,256326,İlkokul,https://kazimozalpilkokulu.meb.k12.tr,,,https://kazimozalpilkokulu.meb.k12.tr/tema/harita.php,2026-08-31,1320,1320,bulundu,https://kazimozalpilkokulu.meb.k12.tr/,2026-10-01T19:28:32.097343+00:00,,Öğrenci Sayısı : 1320
İstanbul,Zeytinburnu,Kırımlı İsmail Rüştü Olcay Anadolu Lisesi,972885,Anadolu Lisesi,https://kiroal.meb.k12.tr,,,https://kiroal.meb.k12.tr/tema/harita.php,2026-08-31,660,660,bulundu,https://kiroal.meb.k12.tr/,2026-10-01T19:28:32.130066+00:00,,Öğrenci Sayısı : 660
İstanbul,Zeytinburnu,Merkezefendi İlkokulu,341656,İlkokul,https://merkezefendi34.meb.k12.tr,,,https://merkezefendi34.meb.k12.tr/tema/harita.php,2026-08-31,473,473,bulundu,https://merkezefendi34.meb.k12.tr/,2026-10-01T19:28:32.214831+00:00,,Öğrenci Sayısı: 473
İstanbul,Zeytinburnu,Muhsin Ertuğrul Mesleki Eğitim Merkezi,249376,Mesleki Eğitim Merkezi,https://muhsinertugrulmem.meb.k12.tr,,,https://muhsinertugrulmem.meb.k12.tr/tema/harita.php,2026-08-31,1067,1067,bulundu,https://muhsinertugrulmem.meb.k12.tr/,2026-10-01T19:28:32.231523+00:00,,Öğrenci Sayısı 1067
İstanbul,Zeytinburnu,Nuripaşa İlkokulu,731671,İlkokul,https://nuripasa.meb.k12.tr,,,https://nuripasa.meb.k12.tr/tema/harita.php,2026-08-31,803,803,bulundu,https://nuripasa.meb.k12.tr/,2026-10-01T19:28:32.354306+00:00,,Öğrenci Sayısı : 803
İstanbul,Zeytinburnu,Prof. Dr. Oktay Sinanoğlu Ortaokulu,775508,Ortaokul,https://oktaysinanogluortaokulu.meb.k12.tr,,,https://oktaysinanogluortaokulu.meb.k12.tr/tema/harita.php,2026-08-31,353,353,bulundu,https://oktaysinanogluortaokulu.meb.k12.tr/tema/okulumuz_hakkinda.php,2026-10-01T19:28:32.547567+00:00,,Öğrenci : 353
İstanbul,Zeytinburnu,Reşat Tardu Ortaokulu,733784,Ortaokul,https://resattarduortaokulu.meb.k12.tr,,,https://resattarduortaokulu.meb.k12.tr/tema/harita.php,2026-08-31,1636,1636,bulundu,https://resattarduortaokulu.meb.k12.tr/,2026-10-01T19:28:32.663875+00:00,,Öğrenci Sayısı : 1636
İstanbul,Zeytinburnu,Samiha Ayverdi Anadolu Lisesi,264392,Anadolu Lisesi,https://samihaayverdi.meb.k12.tr,,,https://samihaayverdi.meb.k12.tr/tema/harita.php,2026-08-31,817,817,bulundu,https://samihaayverdi.meb.k12.tr/,2026-10-01T19:28:32.694126+00:00,,Öğrenci Sayısı 817
İstanbul,Zeytinburnu,Saniye-Sezgin Elmas İlkokulu,731672,İlkokul,https://sse.meb.k12.tr,,,https://sse.meb.k12.tr/tema/harita.php,2026-08-31,342,342,bulundu,https://sse.meb.k12.tr/,2026-10-01T19:28:32.765144+00:00,,Öğrenci Sayısı 342
İstanbul,Zeytinburnu,TOKİ Seyit Nizam Şehit Semih Balaban İmam Hatip Ortaokulu,734654,İmam Hatip Ortaokulu,https://tokiseyitnizamiho.meb.k12.tr,,,https://tokiseyitnizamiho.meb.k12.tr/tema/harita.php,2026-08-31,929,929,bulundu,https://tokiseyitnizamiho.meb.k12.tr/,2026-10-01T19:28:32.779837+00:00,,Öğrenci Sayısı : 929
İstanbul,Zeytinburnu,Veli Efendi İlkokulu,731674,İlkokul,https://veliefendi.meb.k12.tr,,,https://veliefendi.meb.k12.tr/tema/harita.php,2026-08-31,1401,1401,bulundu,https://veliefendi.meb.k12.tr/,2026-10-01T19:28:32.817552+00:00,,Öğrenci Sayısı : 1401
İstanbul,Zeytinburnu,Veliefendi Anadolu İmam Hatip Lisesi,760535,Anadolu İmam Hatip Lisesi,https://veliefendiaihl.meb.k12.tr,,,https://veliefendiaihl.meb.k12.tr/tema/harita.php,2026-08-31,256,256,bulundu,https://veliefendiaihl.meb.k12.tr/,2026-10-01T19:28:32.921545+00:00,,Öğrenci Sayısı : 256
İstanbul,Zeytinburnu,Zeytinburnu 75. Yıl Ortaokulu,733787,Ortaokul,https://zeytinburnu75yil.meb.k12.tr,,,https://zeytinburnu75yil.meb.k12.tr/tema/harita.php,2026-08-31,820,820,bulundu,https://zeytinburnu75yil.meb.k12.tr/,2026-10-01T19:28:32.947993+00:00,,Öğrenci Sayısı : 820
İstanbul,Zeytinburnu,Zeytinburnu Anadolu Lisesi,767277,Anadolu Lisesi,https://zeal.meb.k12.tr,,,https://zeal.meb.k12.tr/tema/harita.php,2026-08-31,715,715,bulundu,https://zeal.meb.k12.tr/,2026-10-01T19:28:32.958254+00:00,,Öğrenci Sayısı : 715
İstanbul,Zeytinburnu,Zeytinburnu Anadolu İmam Hatip Lisesi,163277,Anadolu İmam Hatip Lisesi,https://zeytinburnuanadoluihl.meb.k12.tr,,,https://zeytinburnuanadoluihl.meb.k12.tr/tema/harita.php,2026-08-31,947,947,bulundu,https://zeytinburnuanadoluihl.meb.k12.tr/,2026-10-01T19:28:33.060526+00:00,,Öğrenci Sayısı : 947
İstanbul,Zeytinburnu,Zeytinburnu Borsa İstanbul Anaokulu,766756,Anaokulu,https://766756.meb.k12.tr,,,https://766756.meb.k12.tr/tema/harita.php,2026-08-31,201,201,bulundu,https://766756.meb.k12.tr/,2026-10-01T19:28:33.212012+00:00,,Öğrenci Sayısı: 201
İstanbul,Zeytinburnu,Zeytinburnu Borsa İstanbul Kız Mesleki ve Teknik Anadolu Lisesi,163241,Mesleki ve Teknik Anadolu Lisesi,https://zeytinburnuborsaistanbulmtal.meb.k12.tr,,,https://zeytinburnuborsaistanbulmtal.meb.k12.tr/tema/harita.php,2026-08-31,527,527,bulundu,https://zeytinburnuborsaistanbulmtal.meb.k12.tr/,2026-10-01T19:28:33.332146+00:00,,Öğrenci Sayısı 527
İstanbul,Zeytinburnu,Zeytinburnu Güzel Sanatlar Lisesi,769516,Güzel Sanatlar Lisesi,https://zgsl.meb.k12.tr,,,https://zgsl.meb.k12.tr/tema/harita.php,2026-08-31,132,132,bulundu,https://zgsl.meb.k12.tr/,2026-10-01T19:28:33.340373+00:00,,Öğrenci Sayısı : 132
İstanbul,Zeytinburnu,Zeytinburnu Halk Eğitimi Merkezi,163289,Halk Eğitimi Merkezi,https://zeytinburnuhem.meb.k12.tr,,,https://zeytinburnuhem.meb.k12.tr/tema/harita.php,2026-08-31,,,bulunamadi,,2026-10-01T19:28:33.354799+00:00,,
İstanbul,Zeytinburnu,Zeytinburnu M. İhsan Mermerci Turizm Mesleki ve Teknik Anadolu Lisesi,349963,Mesleki ve Teknik Anadolu Lisesi,https://mimotml.meb.k12.tr,,,https://mimotml.meb.k12.tr/tema/harita.php,2026-08-31,513,513,bulundu,https://mimotml.meb.k12.tr/tema/okulumuz_hakkinda.php,2026-10-01T19:28:33.396606+00:00,,Öğrenci : 513
İstanbul,Zeytinburnu,Zeytinburnu Merkezefendi Anadolu İmam Hatip Lisesi,752889,Anadolu İmam Hatip Lisesi,https://merkezefendiimamhatiplisesi.meb.k12.tr,,,https://merkezefendiimamhatiplisesi.meb.k12.tr/tema/harita.php,2026-08-31,294,294,bulundu,https://merkezefendiimamhatiplisesi.meb.k12.tr/,2026-10-01T19:28:33.441889+00:00,,Öğrenci Sayısı 294
İstanbul,Zeytinburnu,Zeytinburnu Mesleki ve Teknik Anadolu Lisesi,163216,Mesleki ve Teknik Anadolu Lisesi,https://zmtal.meb.k12.tr,,,https://zmtal.meb.k12.tr/tema/harita.php,2026-08-31,1216,1216,bulundu,https://zmtal.meb.k12.tr/,2026-10-01T19:28:33.483717+00:00,,Öğrenci Sayısı 1216
İstanbul,Zeytinburnu,Zeytinburnu Ortaokulu,768829,Ortaokul,https://zeytinburnuortaokulu.meb.k12.tr,,,https://zeytinburnuortaokulu.meb.k12.tr/tema/harita.php,2026-08-31,860,860,bulundu,https://zeytinburnuortaokulu.meb.k12.tr/,2026-10-01T19:28:33.525862+00:00,,Öğrenci Sayısı : 860
İstanbul,Zeytinburnu,Zeytinburnu Rehberlik ve Araştırma Merkezi,965181,Rehberlik ve Araştırma Merkezi,https://zeyram.meb.k12.tr,,,https://zeyram.meb.k12.tr/tema/harita.php,2026-08-31,,,bulunamadi,,2026-10-01T19:28:33.828755+00:00,,
İstanbul,Zeytinburnu,Zeytinburnu TRİSAD Tekstil Teknolojisi Mesleki ve Teknik Anadolu Lisesi,378058,Mesleki ve Teknik Anadolu Lisesi,https://trisad.meb.k12.tr,,,https://trisad.meb.k12.tr/tema/harita.php,2026-08-31,,,bulunamadi,,2026-10-01T19:28:33.850727+00:00,,
İstanbul,Zeytinburnu,Zeytinburnu Özel Eğitim Uygulama Okulu I. Kademe,965079,Özel Eğitim Kurumu,https://zeytinburnuozelegtokulu.meb.k12.tr,,,https://zeytinburnuozelegtokulu.meb.k12.tr/tema/harita.php,2026-08-31,61,61,bulundu,https://zeytinburnuozelegtokulu.meb.k12.tr/,2026-10-01T19:28:33.921841+00:00,,Öğrenci Sayısı 61
İstanbul,Zeytinburnu,Zeytinburnu Özel Eğitim Uygulama Okulu II. Kademe,747514,Özel Eğitim Kurumu,https://zeytinburnuozelegtokulu2kdm.meb.k12.tr,,,https://zeytinburnuozelegtokulu2kdm.meb.k12.tr/tema/harita.php,2026-08-31,46,46,bulundu,https://zeytinburnuozelegtokulu2kdm.meb.k12.tr/,2026-10-01T19:28:33.927787+00:00,,Öğrenci Sayısı 46
İstanbul,Zeytinburnu,Zeytinburnu Özel Eğitim Uygulama Okulu III. Kademe,747825,Özel Eğitim Kurumu,https://zeytinburnuozelegtokulu3kdm.meb.k12.tr,,,https://zeytinburnuozelegtokulu3kdm.meb.k12.tr/tema/harita.php,2026-08-31,59,59,bulundu,https://zeytinburnuozelegtokulu3kdm.meb.k12.tr/,2026-10-01T19:28:34.017978+00:00,,Öğrenci Sayısı 59
İstanbul,Zeytinburnu,Zeytinburnu İDMİB Mesleki ve Teknik Anadolu Lisesi,965172,Mesleki ve Teknik Anadolu Lisesi,https://idmibderimeslek.meb.k12.tr,,,https://idmibderimeslek.meb.k12.tr/tema/harita.php,2026-08-31,326,326,bulundu,https://idmibderimeslek.meb.k12.tr/,2026-10-01T19:28:34.166833+00:00,,Öğrenci Sayısı : 326
İstanbul,Zeytinburnu,Zeytinburnu İlkokulu,776638,İlkokul,https://zeytinburnuilkokulu.meb.k12.tr,,,https://zeytinburnuilkokulu.meb.k12.tr/tema/harita.php,2026-08-31,91,91,bulundu,https://zeytinburnuilkokulu.meb.k12.tr/tema/okulumuz_hakkinda.php,2026-10-01T19:28:34.184207+00:00,,Öğrenci : 91
İstanbul,Zeytinburnu,Zeytinburnu Şehitler Bilim ve Sanat Merkezi,763697,Bilim ve Sanat Merkezi,https://zeytinburnubilsem.meb.k12.tr,,,https://zeytinburnubilsem.meb.k12.tr/tema/harita.php,2026-08-31,740,740,bulundu,https://zeytinburnubilsem.meb.k12.tr/,2026-10-01T19:28:34.204427+00:00,,Öğrenci Sayısı : 740
İstanbul,Zeytinburnu,Ziya Gökalp İlkokulu,331964,İlkokul,https://zbziyagokalpilkokulu.meb.k12.tr,,,https://zbziyagokalpilkokulu.meb.k12.tr/tema/harita.php,2026-08-31,1088,1088,bulundu,https://zbziyagokalpilkokulu.meb.k12.tr/,2026-10-01T19:28:34.286773+00:00,,Öğrenci Sayısı 1088
İstanbul,Zeytinburnu,Zühtü Kurtulmuş Anadolu Lisesi,951152,Anadolu Lisesi,https://zuhtukurtulmus.meb.k12.tr,,,https://zuhtukurtulmus.meb.k12.tr/tema/harita.php,2026-08-31,927,927,bulundu,https://zuhtukurtulmus.meb.k12.tr/,2026-10-01T19:28:34.326063+00:00,,Öğrenci Sayısı 927
İstanbul,Zeytinburnu,İhsan Mermerci Anadolu Lisesi,974910,Anadolu Lisesi,https://ihsanmermercial.meb.k12.tr,,,https://ihsanmermercial.meb.k12.tr/tema/harita.php,2026-08-31,917,917,bulundu,https://ihsanmermercial.meb.k12.tr/,2026-10-01T19:28:34.335437+00:00,,Öğrenci Sayısı : 917
İstanbul,Zeytinburnu,İstanbul Kantinciler Esnaf Odası Anaokulu,973977,Anaokulu,https://ikeo.meb.k12.tr,,,https://ikeo.meb.k12.tr/tema/harita.php,2026-08-31,145,145,bulundu,https://ikeo.meb.k12.tr/,2026-10-01T19:28:34.400079+00:00,,Öğrenci Sayısı: 145
İstanbul,Zeytinburnu,İstanbul Kız Anadolu İmam Hatip Lisesi,749714,Anadolu İmam Hatip Lisesi,https://istanbulkizanadoluihl.meb.k12.tr,,,https://istanbulkizanadoluihl.meb.k12.tr/tema/harita.php,2026-08-31,664,664,bulundu,https://istanbulkizanadoluihl.meb.k12.tr/,2026-10-01T19:28:34.831361+00:00,,Öğrenci Sayısı 664
İstanbul,Zeytinburnu,İstanbul TBF Basketbol Spor Lisesi,775964,Spor Lisesi,https://tbfbasketbolsporlisesi.meb.k12.tr,,,https://tbfbasketbolsporlisesi.meb.k12.tr/tema/harita.php,2026-08-31,98,98,bulundu,https://tbfbasketbolsporlisesi.meb.k12.tr/,2026-10-01T19:28:34.939426+00:00,,Öğrenci Sayısı 98
İstanbul,Zeytinburnu,İstanbul Tekstil Mesleki ve Teknik Anadolu Lisesi,776970,Mesleki ve Teknik Anadolu Lisesi,https://istanbultekstil.meb.k12.tr,,,https://istanbultekstil.meb.k12.tr/tema/harita.php,2026-08-31,417,417,bulundu,https://istanbultekstil.meb.k12.tr/,2026-10-01T19:28:34.984130+00:00,,Öğrenci Sayısı : 417
İstanbul,Zeytinburnu,İstanbul Ticaret Odası Mesleki ve Teknik Anadolu Lisesi,159724,Mesleki ve Teknik Anadolu Lisesi,https://zeytinburnuitomeslek.meb.k12.tr,,,https://zeytinburnuitomeslek.meb.k12.tr/tema/harita.php,2026-08-31,451,451,bulundu,https://zeytinburnuitomeslek.meb.k12.tr/,2026-10-01T19:28:35.078910+00:00,,Öğrenci Sayısı : 451
İstanbul,Zeytinburnu,İstanbul İlkokulu,776532,İlkokul,https://istanbulilkokulu.meb.k12.tr,,,https://istanbulilkokulu.meb.k12.tr/tema/harita.php,2026-08-31,,,bulunamadi,,2026-10-01T19:28:35.082524+00:00,,
İstanbul,Zeytinburnu,Şehit Büyükelçi Galip Balkar Mesleki ve Teknik Anadolu Lisesi,163228,Mesleki ve Teknik Anadolu Lisesi,https://zeytinburnutekstilmeslek.meb.k12.tr,,,https://zeytinburnutekstilmeslek.meb.k12.tr/tema/harita.php,2026-08-31,,,bulunamadi,,2026-10-01T19:28:35.117922+00:00,,
İstanbul,Zeytinburnu,Şehit Kadir Cihan Karagözlü Ortaokulu,163170,Ortaokul,https://kadircihankaragozlu.meb.k12.tr,,,https://kadircihankaragozlu.meb.k12.tr/tema/harita.php,2026-08-31,1356,1356,bulundu,https://kadircihankaragozlu.meb.k12.tr/,2026-10-01T19:28:35.159336+00:00,,Öğrenci Sayısı : 1356
İstanbul,Zeytinburnu,Şehit Yaşar Yeşilkır İmam Hatip Ortaokulu,731673,İmam Hatip Ortaokulu,https://sehityasaryesilkiriho.meb.k12.tr,,,https://sehityasaryesilkiriho.meb.k12.tr/tema/harita.php,2026-08-31,328,328,bulundu,https://sehityasaryesilkiriho.meb.k12.tr/,2026-10-01T19:28:35.193800+00:00,,Öğrenci Sayısı : 328
İstanbul,Zeytinburnu,Şehit Ömer Cankatar İlkokulu,762139,İlkokul,https://sehitomercankatar.meb.k12.tr,,,https://sehitomercankatar.meb.k12.tr/tema/harita.php,2026-08-31,664,664,bulundu,https://sehitomercankatar.meb.k12.tr/tema/okulumuz_hakkinda.php,2026-10-01T19:28:35.291403+00:00,,Öğrenci : 664
İstanbul,Zeytinburnu,Şehit İbrahim Yılmaz Anaokulu,762137,Anaokulu,https://sehitibrahimyilmazanaokulu.meb.k12.tr,,,https://sehitibrahimyilmazanaokulu.meb.k12.tr/tema/harita.php,2026-08-31,331,331,bulundu,https://sehitibrahimyilmazanaokulu.meb.k12.tr/,2026-10-01T19:28:35.323173+00:00,,Öğrenci Sayısı: 331
İstanbul,Zeytinburnu,Şemsettin Sami Ortaokulu,331939,Ortaokul,https://semsettinsami.meb.k12.tr,,,https://semsettinsami.meb.k12.tr/tema/harita.php,2026-08-31,1083,1083,bulundu,https://semsettinsami.meb.k12.tr/,2026-10-01T19:28:35.824363+00:00,,Öğrenci Sayısı 1083
İstanbul,Çatalca,75 Yıl Cumhuriyet İlkokulu,732837,İlkokul,https://catalca75yilcio.meb.k12.tr,,,https://catalca75yilcio.meb.k12.tr/tema/harita.php,2026-08-31,428,428,bulundu,https://catalca75yilcio.meb.k12.tr/,2026-10-01T19:28:35.848078+00:00,,Öğrenci Sayısı : 428
İstanbul,Çatalca,Atatürk Ortaokulu,764445,Ortaokul,https://akalanataturkoo.meb.k12.tr,,,https://akalanataturkoo.meb.k12.tr/tema/harita.php,2026-08-31,66,66,bulundu,https://akalanataturkoo.meb.k12.tr/,2026-10-01T19:28:35.877995+00:00,,Öğrenci Sayısı : 66
İstanbul,Çatalca,Atatürk İlkokulu,726987,İlkokul,https://akalanataturkio.meb.k12.tr,,,https://akalanataturkio.meb.k12.tr/tema/harita.php,2026-08-31,57,57,bulundu,https://akalanataturkio.meb.k12.tr/,2026-10-01T19:28:35.920305+00:00,,Öğrenci Sayısı : 57
İstanbul,Çatalca,Binkılıç Anadolu Lisesi,769042,Anadolu Lisesi,https://binkilicanadolulisesi.meb.k12.tr,,,https://binkilicanadolulisesi.meb.k12.tr/tema/harita.php,2026-08-31,37,37,bulundu,https://binkilicanadolulisesi.meb.k12.tr/tema/okulumuz_hakkinda.php,2026-10-01T19:28:35.972869+00:00,,Öğrenci : 37
İstanbul,Çatalca,Binkılıç Ortaokulu,229644,Ortaokul,https://binkilic.meb.k12.tr,,,https://binkilic.meb.k12.tr/tema/harita.php,2026-08-31,89,89,bulundu,https://binkilic.meb.k12.tr/,2026-10-01T19:28:36.085300+00:00,,Öğrenci Sayısı : 89
İstanbul,Çatalca,Binkılıç İlkokulu,732832,İlkokul,https://binkilicilkokulu.meb.k12.tr,,,https://binkilicilkokulu.meb.k12.tr/tema/harita.php,2026-08-31,140,140,bulundu,https://binkilicilkokulu.meb.k12.tr/,2026-10-01T19:28:36.355500+00:00,,Öğrenci Sayısı 140
İstanbul,Çatalca,Binkılıç İmam Hatip ortaokulu,733886,İmam Hatip Ortaokulu,https://binkiliciho.meb.k12.tr,,,https://binkiliciho.meb.k12.tr/tema/harita.php,2026-08-31,15,15,bulundu,https://binkiliciho.meb.k12.tr/tema/okulumuz_hakkinda.php,2026-10-01T19:28:36.491763+00:00,,Öğrenci : 15
İstanbul,Çatalca,Dağyenice Zeki Kisbu İlkokulu,727047,İlkokul,https://zekikisbuilkokulu.meb.k12.tr,,,https://zekikisbuilkokulu.meb.k12.tr/tema/harita.php,2026-08-31,9,9,bulundu,https://zekikisbuilkokulu.meb.k12.tr/,2026-10-01T19:28:36.573510+00:00,,Öğrenci Sayısı : 9
İstanbul,Çatalca,Ferhatpaşa Anaokulu,818701,Anaokulu,https://ferhatpasaanaokulu.meb.k12.tr,,,https://ferhatpasaanaokulu.meb.k12.tr/tema/harita.php,2026-08-31,95,95,bulundu,https://ferhatpasaanaokulu.meb.k12.tr/,2026-10-01T19:28:36.639891+00:00,,Öğrenci Sayısı 95
İstanbul,Çatalca,Ferhatpaşa İlkokulu,732821,İlkokul,https://ferhatpasailkokulu.meb.k12.tr,,,https://ferhatpasailkokulu.meb.k12.tr/tema/harita.php,2026-08-31,1059,1059,bulundu,https://ferhatpasailkokulu.meb.k12.tr/,2026-10-01T19:28:36.670365+00:00,,Öğrenci Sayısı 1059
İstanbul,Çatalca,Gazi İlkokulu,732818,İlkokul,https://catalcagaziio.meb.k12.tr,,,https://catalcagaziio.meb.k12.tr/tema/harita.php,2026-08-31,201,201,bulundu,https://catalcagaziio.meb.k12.tr/,2026-10-01T19:28:36.730219+00:00,,Öğrenci Sayısı : 201
İstanbul,Çatalca,Gökçeali Sevgi Altan Şanda Ortaokulu,732813,Ortaokul,https://gokcealiortaokulu.meb.k12.tr,,,https://gokcealiortaokulu.meb.k12.tr/tema/harita.php,2026-08-31,85,85,bulundu,https://gokcealiortaokulu.meb.k12.tr/,2026-10-01T19:28:36.892793+00:00,,Öğrenci Sayısı 85
İstanbul,Çatalca,Gökçeali Sevgi Altan Şanda İlkokulu,732814,İlkokul,https://gokcealiilkokulu.meb.k12.tr,,,https://gokcealiilkokulu.meb.k12.tr/tema/harita.php,2026-08-31,137,137,bulundu,https://gokcealiilkokulu.meb.k12.tr/,2026-10-01T19:28:36.945121+00:00,,Öğrenci Sayısı 137
İstanbul,Çatalca,Hallaçlı Ortaokulu,732810,Ortaokul,https://halacliortaokulu.meb.k12.tr,,,https://halacliortaokulu.meb.k12.tr/tema/harita.php,2026-08-31,36,36,bulundu,https://halacliortaokulu.meb.k12.tr/tema/okulumuz_hakkinda.php,2026-10-01T19:28:36.988836+00:00,,Öğrenci : 36
İstanbul,Çatalca,Hallaçlı İlkokulu,732812,İlkokul,https://halacliilkokulu.meb.k12.tr,,,https://halacliilkokulu.meb.k12.tr/tema/harita.php,2026-08-31,29,29,bulundu,https://halacliilkokulu.meb.k12.tr/tema/okulumuz_hakkinda.php,2026-10-01T19:28:37.057209+00:00,,Öğrenci : 29
İstanbul,Çatalca,Kabakça Ortaokulu,732801,Ortaokul,https://kabakcaortaokulu.meb.k12.tr,,,https://kabakcaortaokulu.meb.k12.tr/tema/harita.php,2026-08-31,85,85,bulundu,https://kabakcaortaokulu.meb.k12.tr/tema/okulumuz_hakkinda.php,2026-10-01T19:28:37.166804+00:00,,Öğrenci : 85
İstanbul,Çatalca,Kabakça İlkokulu,732804,İlkokul,https://kabakcailkokulu.meb.k12.tr,,,https://kabakcailkokulu.meb.k12.tr/tema/harita.php,2026-08-31,91,91,bulundu,https://kabakcailkokulu.meb.k12.tr/,2026-10-01T19:28:37.171700+00:00,,Öğrenci Sayısı: 91
İstanbul,Çatalca,Kalfaköy Kasım Sarıoğlu İlkokulu,727058,İlkokul,https://kalfailkokulu.meb.k12.tr,,,https://kalfailkokulu.meb.k12.tr/tema/harita.php,2026-08-31,39,39,bulundu,https://kalfailkokulu.meb.k12.tr/,2026-10-01T19:28:37.173004+00:00,,Öğrenci Sayısı : 39
İstanbul,Çatalca,Karacaköy Ortaokulu,732797,Ortaokul,https://karacakoyortaokulu.meb.k12.tr,,,https://karacakoyortaokulu.meb.k12.tr/tema/harita.php,2026-08-31,187,187,bulundu,https://karacakoyortaokulu.meb.k12.tr/,2026-10-01T19:28:37.178085+00:00,,Öğrenci Sayısı : 187
İstanbul,Çatalca,Karacaköy İlkokulu,732798,İlkokul,https://karacakoyilkokulu.meb.k12.tr,,,https://karacakoyilkokulu.meb.k12.tr/tema/harita.php,2026-08-31,158,158,bulundu,https://karacakoyilkokulu.meb.k12.tr/,2026-10-01T19:28:37.344803+00:00,,Öğrenci Sayısı : 158
İstanbul,Çatalca,Kestanelik Ortaokulu,732789,Ortaokul,https://kestanelikortaokulu.meb.k12.tr,,,https://kestanelikortaokulu.meb.k12.tr/tema/harita.php,2026-08-31,146,146,bulundu,https://kestanelikortaokulu.meb.k12.tr/,2026-10-01T19:28:37.472184+00:00,,Öğrenci Sayısı 146
İstanbul,Çatalca,Kestanelik İlkokulu,732793,İlkokul,https://kestanelikilkokulu.meb.k12.tr,,,https://kestanelikilkokulu.meb.k12.tr/tema/harita.php,2026-08-31,174,174,bulundu,https://kestanelikilkokulu.meb.k12.tr/,2026-10-01T19:28:37.493654+00:00,,Öğrenci Sayısı 174
İstanbul,Çatalca,Mehmet Akif Ersoy Ortaokulu,732787,Ortaokul,https://maersoyortaokulu.meb.k12.tr,,,https://maersoyortaokulu.meb.k12.tr/tema/harita.php,2026-08-31,693,693,bulundu,https://maersoyortaokulu.meb.k12.tr/,2026-10-01T19:28:37.687115+00:00,,Öğrenci Sayısı : 693
İstanbul,Çatalca,Muratbey Esin Ovacık Ortaokulu,732859,Ortaokul,https://muratbeyesinovacikortaokulu.meb.k12.tr,,,https://muratbeyesinovacikortaokulu.meb.k12.tr/tema/harita.php,2026-08-31,57,57,bulundu,https://muratbeyesinovacikortaokulu.meb.k12.tr/,2026-10-01T19:28:37.754152+00:00,,Öğrenci Sayısı 57
İstanbul,Çatalca,Muratbey Esin Ovacık İlkokulu,732862,İlkokul,https://muratbeyesinovacikilkokulu.meb.k12.tr,,,https://muratbeyesinovacikilkokulu.meb.k12.tr/tema/harita.php,2026-08-31,46,46,bulundu,https://muratbeyesinovacikilkokulu.meb.k12.tr/,2026-10-01T19:28:37.852817+00:00,,Öğrenci Sayısı 46
İstanbul,Çatalca,Oklalı Ortaokulu,732773,Ortaokul,https://oklaliortaokulu.meb.k12.tr,,,https://oklaliortaokulu.meb.k12.tr/tema/harita.php,2026-08-31,67,67,bulundu,https://oklaliortaokulu.meb.k12.tr/tema/okulumuz_hakkinda.php,2026-10-01T19:28:37.947077+00:00,,Öğrenci : 67
İstanbul,Çatalca,Oklalı İlkokulu,732776,İlkokul,https://oklaliilkokulu.meb.k12.tr,,,https://oklaliilkokulu.meb.k12.tr/tema/harita.php,2026-08-31,95,95,bulundu,https://oklaliilkokulu.meb.k12.tr/tema/okulumuz_hakkinda.php,2026-10-01T19:28:38.004903+00:00,,Öğrenci : 95
İstanbul,Çatalca,Ormanlı Ortaokulu,732766,Ortaokul,https://ormanli_ortaokulu.meb.k12.tr,,,https://ormanli_ortaokulu.meb.k12.tr/tema/harita.php,2026-08-31,,,bulunamadi,,2026-10-01T19:28:38.075053+00:00,,
İstanbul,Çatalca,Ormanlı İlkokulu,732769,İlkokul,https://ormanli_ilkokulu.meb.k12.tr,,,https://ormanli_ilkokulu.meb.k12.tr/tema/harita.php,2026-08-31,,,bulunamadi,,2026-10-01T19:28:38.252107+00:00,,
İstanbul,Çatalca,Ovayenice Ortaokulu,732753,Ortaokul,https://ooo.meb.k12.tr,,,https://ooo.meb.k12.tr/tema/harita.php,2026-08-31,57,57,bulundu,https://ooo.meb.k12.tr/,2026-10-01T19:28:38.305860+00:00,,Öğrenci Sayısı 57
İstanbul,Çatalca,Ovayenice İlkokulu,732764,İlkokul,https://oio.meb.k12.tr,,,https://oio.meb.k12.tr/tema/harita.php,2026-08-31,92,92,bulundu,https://oio.meb.k12.tr/,2026-10-01T19:28:38.498070+00:00,,Öğrenci Sayısı 92
İstanbul,Çatalca,Prof. Dr. Fuat Sezgin Ortaokulu,766757,Ortaokul,https://prfdrfuatsezginortaokulu.meb.k12.tr,,,https://prfdrfuatsezginortaokulu.meb.k12.tr/tema/harita.php,2026-08-31,307,307,bulundu,https://prfdrfuatsezginortaokulu.meb.k12.tr/,2026-10-01T19:28:38.530103+00:00,,Öğrenci Sayısı 307
İstanbul,Çatalca,Prof.Dr. Fuat Sezgin İlkokulu,766753,İlkokul,https://prfdrfuatsezginilkokulu.meb.k12.tr,,,https://prfdrfuatsezginilkokulu.meb.k12.tr/tema/harita.php,2026-08-31,507,507,bulundu,https://prfdrfuatsezginilkokulu.meb.k12.tr/,2026-10-01T19:28:38.664949+00:00,,Öğrenci Sayısı 507
İstanbul,Çatalca,Subaşı Ortaokulu,732731,Ortaokul,https://catalcasubasiortaokulu.meb.k12.tr,,,https://catalcasubasiortaokulu.meb.k12.tr/tema/harita.php,2026-08-31,54,54,bulundu,https://catalcasubasiortaokulu.meb.k12.tr/,2026-10-01T19:28:38.782327+00:00,,Öğrenci Sayısı 54
İstanbul,Çatalca,Subaşı İlkokulu,732735,İlkokul,https://catalcasubasiilkokulu.meb.k12.tr,,,https://catalcasubasiilkokulu.meb.k12.tr/tema/harita.php,2026-08-31,77,77,bulundu,https://catalcasubasiilkokulu.meb.k12.tr/,2026-10-01T19:28:38.884032+00:00,,Öğrenci Sayısı: 77
İstanbul,Çatalca,Yalıköy Ortaokulu,732720,Ortaokul,https://yalikoy-ortaokulu.meb.k12.tr,,,https://yalikoy-ortaokulu.meb.k12.tr/tema/harita.php,2026-08-31,31,31,bulundu,https://yalikoy-ortaokulu.meb.k12.tr/,2026-10-01T19:28:38.887440+00:00,,Öğrenci Sayısı 31
İstanbul,Çatalca,Yalıköy İlkokulu,732724,İlkokul,https://yalikoy-ilkokulu.meb.k12.tr,,,https://yalikoy-ilkokulu.meb.k12.tr/tema/harita.php,2026-08-31,52,52,bulundu,https://yalikoy-ilkokulu.meb.k12.tr/,2026-10-01T19:28:39.023457+00:00,,Öğrenci Sayısı 52
İstanbul,Çatalca,Çakıl Ortaokulu,732826,Ortaokul,https://cakilortaokulu.meb.k12.tr,,,https://cakilortaokulu.meb.k12.tr/tema/harita.php,2026-08-31,128,128,bulundu,https://cakilortaokulu.meb.k12.tr/,2026-10-01T19:28:39.032383+00:00,,Öğrenci Sayısı : 128
İstanbul,Çatalca,Çakıl İlkokulu,732827,İlkokul,https://cakililkokulu.meb.k12.tr,,,https://cakililkokulu.meb.k12.tr/tema/harita.php,2026-08-31,130,130,bulundu,https://cakililkokulu.meb.k12.tr/,2026-10-01T19:28:39.193152+00:00,,Öğrenci Sayısı 130
İstanbul,Çatalca,Çanakca Ortaokulu,727241,Ortaokul,https://canakcaortaokulu.meb.k12.tr,,,https://canakcaortaokulu.meb.k12.tr/tema/harita.php,2026-08-31,107,107,bulundu,https://canakcaortaokulu.meb.k12.tr/,2026-10-01T19:28:39.212160+00:00,,Öğrenci Sayısı : 107
İstanbul,Çatalca,Çanakca İlkokulu,732825,İlkokul,https://canakcailkokulu.meb.k12.tr,,,https://canakcailkokulu.meb.k12.tr/tema/harita.php,2026-08-31,137,137,bulundu,https://canakcailkokulu.meb.k12.tr/,2026-10-01T19:28:39.251358+00:00,,Öğrenci Sayısı : 137
İstanbul,Çatalca,Çatalca Anadolu Lisesi,964450,Anadolu Lisesi,https://catalcaal.meb.k12.tr,,,https://catalcaal.meb.k12.tr/tema/harita.php,2026-08-31,534,534,bulundu,https://catalcaal.meb.k12.tr/,2026-10-01T19:28:39.270242+00:00,,Öğrenci Sayısı : 534
İstanbul,Çatalca,Çatalca Arif Nihat Asya Mesleki ve Teknik Anadolu Lisesi,159545,Mesleki ve Teknik Anadolu Lisesi,https://catalcaarifnihatasyamtal.meb.k12.tr,,,https://catalcaarifnihatasyamtal.meb.k12.tr/tema/harita.php,2026-08-31,645,645,bulundu,https://catalcaarifnihatasyamtal.meb.k12.tr/,2026-10-01T19:28:39.523385+00:00,,Öğrenci Sayısı 645
İstanbul,Çatalca,Çatalca Atatürk Anadolu Lisesi,767184,Anadolu Lisesi,https://catalcaaal.meb.k12.tr,,,https://catalcaaal.meb.k12.tr/tema/harita.php,2026-08-31,686,686,bulundu,https://catalcaaal.meb.k12.tr/tema/okulumuz_hakkinda.php,2026-10-01T19:28:39.630431+00:00,,Öğrenci : 686
İstanbul,Çatalca,Çatalca Bilim ve Sanat Merkezi,769316,Bilim ve Sanat Merkezi,https://catalcabilsem.meb.k12.tr,,,https://catalcabilsem.meb.k12.tr/tema/harita.php,2026-08-31,61,61,bulundu,https://catalcabilsem.meb.k12.tr/tema/okulumuz_hakkinda.php,2026-10-01T19:28:39.673263+00:00,,Öğrenci : 61
İstanbul,Çatalca,Çatalca Borsa İstanbul Kız Mesleki ve Teknik Anadolu Lisesi,973943,Mesleki ve Teknik Anadolu Lisesi,https://catalcakml.meb.k12.tr,,,https://catalcakml.meb.k12.tr/tema/harita.php,2026-08-31,397,397,bulundu,https://catalcakml.meb.k12.tr/,2026-10-01T19:28:39.699146+00:00,,Öğrenci Sayısı 397
İstanbul,Çatalca,Çatalca Fen Lisesi,773886,Fen Lisesi,https://catalcafenlisesi.meb.k12.tr,,,https://catalcafenlisesi.meb.k12.tr/tema/harita.php,2026-08-31,353,353,bulundu,https://catalcafenlisesi.meb.k12.tr/tema/okulumuz_hakkinda.php,2026-10-01T19:28:39.785748+00:00,,Öğrenci : 353
İstanbul,Çatalca,Çatalca Halk Eğitimi Merkezi,159570,Halk Eğitimi Merkezi,https://catalcahem.meb.k12.tr,,,https://catalcahem.meb.k12.tr/tema/harita.php,2026-08-31,,,bulunamadi,,2026-10-01T19:28:40.113736+00:00,,
İstanbul,Çatalca,Çatalca Mesleki Eğitim Merkezi,757911,Mesleki Eğitim Merkezi,https://catalcamem.meb.k12.tr,,,https://catalcamem.meb.k12.tr/tema/harita.php,2026-08-31,166,166,bulundu,https://catalcamem.meb.k12.tr/,2026-10-01T19:28:40.147867+00:00,,Öğrenci Sayısı : 166
İstanbul,Çatalca,Çatalca Özel Eğitim Uygulama Okulu I. Kademe,776198,Özel Eğitim Kurumu,https://776198.meb.k12.tr,,,https://776198.meb.k12.tr/tema/harita.php,2026-08-31,20,20,bulundu,https://776198.meb.k12.tr/,2026-10-01T19:28:40.170391+00:00,,Öğrenci Sayısı 20
İstanbul,Çatalca,Çatalca Özel Eğitim Uygulama Okulu II. Kademe,776199,Özel Eğitim Kurumu,https://776199.meb.k12.tr,,,https://776199.meb.k12.tr/tema/harita.php,2026-08-31,8,8,bulundu,https://776199.meb.k12.tr/,2026-10-01T19:28:40.233841+00:00,,Öğrenci Sayısı 8
İstanbul,Çatalca,Çatalca Özel Eğitim Uygulama Okulu III. Kademe,776200,Özel Eğitim Kurumu,https://776200.meb.k12.tr,,,https://776200.meb.k12.tr/tema/harita.php,2026-08-31,4,4,bulundu,https://776200.meb.k12.tr/,2026-10-01T19:28:40.244560+00:00,,Öğrenci Sayısı 4
İstanbul,Çatalca,Çatalca Öğretmenevi ve Akşam Sanat Okulu,971208,Öğretmenevi,https://catalcaogretmenevi.meb.k12.tr,,,https://catalcaogretmenevi.meb.k12.tr/tema/harita.php,2026-08-31,,,bulunamadi,,2026-10-01T19:28:40.254242+00:00,,
İstanbul,Çatalca,Çatalca İstanbul Ticaret Odası Ortaokulu,750444,Ortaokul,https://catalcaitoortaokulu.meb.k12.tr,,,https://catalcaitoortaokulu.meb.k12.tr/tema/harita.php,2026-08-31,957,957,bulundu,https://catalcaitoortaokulu.meb.k12.tr/,2026-10-01T19:28:40.334875+00:00,,Öğrenci Sayısı : 957
İstanbul,Çatalca,Çatalca Şehit Halil İbrahim Gürel Anadolu İmam Hatip Lisesi,159569,Anadolu İmam Hatip Lisesi,https://catalcaihl.meb.k12.tr,,,https://catalcaihl.meb.k12.tr/tema/harita.php,2026-08-31,250,250,bulundu,https://catalcaihl.meb.k12.tr/,2026-10-01T19:28:40.458735+00:00,,Öğrenci Sayısı : 250
İstanbul,Çatalca,Çiftlikköy Ortaokulu,732822,Ortaokul,https://ciftlikkoyortaokulu.meb.k12.tr,,,https://ciftlikkoyortaokulu.meb.k12.tr/tema/harita.php,2026-08-31,74,74,bulundu,https://ciftlikkoyortaokulu.meb.k12.tr/,2026-10-01T19:28:40.595155+00:00,,Öğrenci Sayısı 74
İstanbul,Çatalca,Çiftlikköy İlkokulu,732823,İlkokul,https://ciftlikkoyilkokulu.meb.k12.tr,,,https://ciftlikkoyilkokulu.meb.k12.tr/tema/harita.php,2026-08-31,99,99,bulundu,https://ciftlikkoyilkokulu.meb.k12.tr/,2026-10-01T19:28:40.620871+00:00,,Öğrenci Sayısı 99
İstanbul,Çatalca,Örencik İlkokulu,727060,İlkokul,https://catalcaorencikio.meb.k12.tr,,,https://catalcaorencikio.meb.k12.tr/tema/harita.php,2026-08-31,34,34,bulundu,https://catalcaorencikio.meb.k12.tr/,2026-10-01T19:28:40.733173+00:00,,Öğrenci Sayısı 34
İstanbul,Çatalca,İhsaniye İhsan Akdoğan Ortaokulu,732806,Ortaokul,https://ihsanakdoganortaokulu.meb.k12.tr,,,https://ihsanakdoganortaokulu.meb.k12.tr/tema/harita.php,2026-08-31,85,85,bulundu,https://ihsanakdoganortaokulu.meb.k12.tr/tema/okulumuz_hakkinda.php,2026-10-01T19:28:40.759126+00:00,,Öğrenci : 85
İstanbul,Çatalca,İhsaniye İhsan Akdoğan İlkokulu,732809,İlkokul,https://ihsanakdoganilkokulu.meb.k12.tr,,,https://ihsanakdoganilkokulu.meb.k12.tr/tema/harita.php,2026-08-31,,,bulunamadi,,2026-10-01T19:28:40.802190+00:00,,
İstanbul,Çatalca,İzzettin Attilla Köymen Yıldıran İlkokulu,776033,İlkokul,https://776033.meb.k12.tr,,,https://776033.meb.k12.tr/tema/harita.php,2026-08-31,39,39,bulundu,https://776033.meb.k12.tr/,2026-10-01T19:28:40.975150+00:00,,Öğrenci Sayısı : 39
İstanbul,Çatalca,Şehit Kurmay Albay Gökhan Peker Ortaokulu,757626,Ortaokul,https://gokhanpekerortaokulu.meb.k12.tr,,,https://gokhanpekerortaokulu.meb.k12.tr/tema/harita.php,2026-08-31,39,39,bulundu,https://gokhanpekerortaokulu.meb.k12.tr/,2026-10-01T19:28:41.073889+00:00,,Öğrenci Sayısı 39
İstanbul,Çatalca,Şehit Kurmay Albay Gökhan Peker İlkokulu,757625,İlkokul,https://gokhanpekerilkokulu.meb.k12.tr,,,https://gokhanpekerilkokulu.meb.k12.tr/tema/harita.php,2026-08-31,38,38,bulundu,https://gokhanpekerilkokulu.meb.k12.tr/,2026-10-01T19:28:41.148878+00:00,,Öğrenci Sayısı 38
İstanbul,Çatalca,Şehit Mümin Demiralp Çok Programlı Anadolu Lisesi,889012,Çok Programlı Anadolu Lisesi,https://sehitmdcpal.meb.k12.tr,,,https://sehitmdcpal.meb.k12.tr/tema/harita.php,2026-08-31,361,361,bulundu,https://sehitmdcpal.meb.k12.tr/,2026-10-01T19:28:41.218624+00:00,,Öğrenci Sayısı : 361
İstanbul,Çatalca,Şehit Özcan Çiftçi Çok Programlı Anadolu Lisesi,962330,Çok Programlı Anadolu Lisesi,https://sehitozcanciftcicpal.meb.k12.tr,,,https://sehitozcanciftcicpal.meb.k12.tr/tema/harita.php,2026-08-31,180,180,bulundu,https://sehitozcanciftcicpal.meb.k12.tr/tema/okulumuz_hakkinda.php,2026-10-01T19:28:41.323804+00:00,,Öğrenci : 180
İstanbul,Çatalca,Şehit İlhan Sonkaya Kız Anadolu İmam Hatip Lisesi,762634,Anadolu İmam Hatip Lisesi,https://catalcakizaihl.meb.k12.tr,,,https://catalcakizaihl.meb.k12.tr/tema/harita.php,2026-08-31,224,224,bulundu,https://catalcakizaihl.meb.k12.tr/,2026-10-01T19:28:41.460646+00:00,,Öğrenci Sayısı : 224
İstanbul,Çekmeköy,Alemdar Çatalmeşe Ortaokulu,732673,Ortaokul,https://catalmeseortaokulu.meb.k12.tr,,,https://catalmeseortaokulu.meb.k12.tr/tema/harita.php,2026-08-31,598,598,bulundu,https://catalmeseortaokulu.meb.k12.tr/,2026-10-01T19:28:41.597825+00:00,,Öğrenci Sayısı : 598
İstanbul,Çekmeköy,Alemdar Çatalmeşe İlkokulu,732676,İlkokul,https://catalmeseilkokulu.meb.k12.tr,,,https://catalmeseilkokulu.meb.k12.tr/tema/harita.php,2026-08-31,708,708,bulundu,https://catalmeseilkokulu.meb.k12.tr/,2026-10-01T19:28:41.611889+00:00,,Öğrenci Sayısı 708
İstanbul,Çekmeköy,Alemdağ Anadolu İmam Hatip Lisesi,752705,Anadolu İmam Hatip Lisesi,https://alemdaganadoluihl.meb.k12.tr,,,https://alemdaganadoluihl.meb.k12.tr/tema/harita.php,2026-08-31,525,525,bulundu,https://alemdaganadoluihl.meb.k12.tr/,2026-10-01T19:28:41.655078+00:00,,Öğrenci Sayısı : 525
İstanbul,Çekmeköy,Alemdağ Emlak Konut Ortaokulu,752813,Ortaokul,https://aeko.meb.k12.tr,,,https://aeko.meb.k12.tr/tema/harita.php,2026-08-31,567,567,bulundu,https://aeko.meb.k12.tr/,2026-10-01T19:28:41.774948+00:00,,Öğrenci Sayısı : 567
İstanbul,Çekmeköy,Alemdağ Emlak Konut İlkokulu,752811,İlkokul,https://aeki.meb.k12.tr,,,https://aeki.meb.k12.tr/tema/harita.php,2026-08-31,409,409,bulundu,https://aeki.meb.k12.tr/,2026-10-01T19:28:41.845306+00:00,,Öğrenci Sayısı : 409
İstanbul,Çekmeköy,Alemdağ Mehmet Akif Ersoy Ortaokulu,732700,Ortaokul,https://alemdagmehmetakifersoyortaokulu.meb.k12.tr,,,https://alemdagmehmetakifersoyortaokulu.meb.k12.tr/tema/harita.php,2026-08-31,594,594,bulundu,https://alemdagmehmetakifersoyortaokulu.meb.k12.tr/,2026-10-01T19:28:41.874237+00:00,,Öğrenci Sayısı 594
İstanbul,Çekmeköy,Alemdağ Mehmet Akif Ersoy İlkokulu,732701,İlkokul,https://alemdagmehmetakifersoyilkokulu.meb.k12.tr,,,https://alemdagmehmetakifersoyilkokulu.meb.k12.tr/tema/harita.php,2026-08-31,558,558,bulundu,https://alemdagmehmetakifersoyilkokulu.meb.k12.tr/,2026-10-01T19:28:41.975048+00:00,,Öğrenci Sayısı 558
İstanbul,Çekmeköy,Alemdağ Ortaokulu,732704,Ortaokul,https://alemdagoo.meb.k12.tr,,,https://alemdagoo.meb.k12.tr/tema/harita.php,2026-08-31,583,583,bulundu,https://alemdagoo.meb.k12.tr/,2026-10-01T19:28:42.157653+00:00,,Öğrenci Sayısı 583
İstanbul,Çekmeköy,Alemdağ İlkokulu,732705,İlkokul,https://alemdagio.meb.k12.tr,,,https://alemdagio.meb.k12.tr/tema/harita.php,2026-08-31,592,592,bulundu,https://alemdagio.meb.k12.tr/,2026-10-01T19:28:42.216825+00:00,,Öğrenci Sayısı 592
İstanbul,Çekmeköy,Ali Kuşçu İlkokulu,743653,İlkokul,https://alikuscuio.meb.k12.tr,,,https://alikuscuio.meb.k12.tr/tema/harita.php,2026-08-31,1350,1350,bulundu,https://alikuscuio.meb.k12.tr/,2026-10-01T19:28:42.360360+00:00,,Öğrenci Sayısı 1350
İstanbul,Çekmeköy,Ayşe Nezahat Kurukahveci İlkokulu,759065,İlkokul,https://aysenezahat.meb.k12.tr,,,https://aysenezahat.meb.k12.tr/tema/harita.php,2026-08-31,961,961,bulundu,https://aysenezahat.meb.k12.tr/,2026-10-01T19:28:42.399259+00:00,,Öğrenci Sayısı 961
İstanbul,Çekmeköy,Emlak Konut Hacı Makbule Yılmaz İlkokulu,774837,İlkokul,https://emlakkonuthacimakbuleyilmazio.meb.k12.tr,,,https://emlakkonuthacimakbuleyilmazio.meb.k12.tr/tema/harita.php,2026-08-31,1006,1006,bulundu,https://emlakkonuthacimakbuleyilmazio.meb.k12.tr/,2026-10-01T19:28:42.445876+00:00,,Öğrenci Sayısı 1006
İstanbul,Çekmeköy,Emlak Konut Çınarköy Anadolu Lisesi,776126,Anadolu Lisesi,https://cinarkoyanadolulisesi.meb.k12.tr,,,https://cinarkoyanadolulisesi.meb.k12.tr/tema/harita.php,2026-08-31,538,538,bulundu,https://cinarkoyanadolulisesi.meb.k12.tr/,2026-10-01T19:28:42.481201+00:00,,Öğrenci Sayısı : 538
İstanbul,Çekmeköy,Emlak Konut Çınarköy Ortaokulu,776715,Ortaokul,https://emlakkonutcinarkoyortaokulu.meb.k12.tr,,,https://emlakkonutcinarkoyortaokulu.meb.k12.tr/tema/harita.php,2026-08-31,364,364,bulundu,https://emlakkonutcinarkoyortaokulu.meb.k12.tr/,2026-10-01T19:28:42.490072+00:00,,Öğrenci Sayısı : 364
İstanbul,Çekmeköy,Emlak Konut Çınarköy İlkokulu,776371,İlkokul,https://emlakkonutcinarkoyilkokulu.meb.k12.tr,,,https://emlakkonutcinarkoyilkokulu.meb.k12.tr/tema/harita.php,2026-08-31,,,bulunamadi,,2026-10-01T19:28:42.579512+00:00,,
İstanbul,Çekmeköy,Erdal Yılmaz Ortaokulu,732653,Ortaokul,https://erdalyilmazortaokulu.meb.k12.tr,,,https://erdalyilmazortaokulu.meb.k12.tr/tema/harita.php,2026-08-31,151,151,bulundu,https://erdalyilmazortaokulu.meb.k12.tr/tema/okulumuz_hakkinda.php,2026-10-01T19:28:42.673241+00:00,,Öğrenci : 151
İstanbul,Çekmeköy,Erdal Yılmaz İlkokulu,732654,İlkokul,https://erdalyilmazilkokulu.meb.k12.tr,,,https://erdalyilmazilkokulu.meb.k12.tr/tema/harita.php,2026-08-31,,,bulunamadi,,2026-10-01T19:28:42.677438+00:00,,
İstanbul,Çekmeköy,Erdal Yılmaz İmam Hatip Ortaokulu,769480,İmam Hatip Ortaokulu,https://erdalyilmaziho.meb.k12.tr,,,https://erdalyilmaziho.meb.k12.tr/tema/harita.php,2026-08-31,5,5,bulundu,https://erdalyilmaziho.meb.k12.tr/,2026-10-01T19:28:42.744815+00:00,,Öğrenci Sayısı 5
İstanbul,Çekmeköy,Fatma Talip Kahraman Kız Anadolu İmam Hatip Lisesi,760917,Anadolu İmam Hatip Lisesi,https://fatmatalipkahramankizaihl.meb.k12.tr,,,https://fatmatalipkahramankizaihl.meb.k12.tr/tema/harita.php,2026-08-31,,,bulunamadi,,2026-10-01T19:28:42.890036+00:00,,
İstanbul,Çekmeköy,Fatma Zehra Kız Anadolu İmam Hatip Lisesi,760896,Anadolu İmam Hatip Lisesi,https://fatmazehrakizaihl.meb.k12.tr,,,https://fatmazehrakizaihl.meb.k12.tr/tema/harita.php,2026-08-31,525,525,bulundu,https://fatmazehrakizaihl.meb.k12.tr/tema/okulumuz_hakkinda.php,2026-10-01T19:28:42.939430+00:00,,Öğrenci : 525
İstanbul,Çekmeköy,Güç Kardeşler Anadolu Lisesi,974104,Anadolu Lisesi,https://guckardesler.meb.k12.tr,,,https://guckardesler.meb.k12.tr/tema/harita.php,2026-08-31,776,776,bulundu,https://guckardesler.meb.k12.tr/,2026-10-01T19:28:42.946022+00:00,,Öğrenci Sayısı 776
İstanbul,Çekmeköy,Hatice Mehmet Ekşioğlu Ortaokulu,732650,Ortaokul,https://hmeo.meb.k12.tr,,,https://hmeo.meb.k12.tr/tema/harita.php,2026-08-31,1017,1017,bulundu,https://hmeo.meb.k12.tr/,2026-10-01T19:28:43.057495+00:00,,Öğrenci Sayısı : 1017
İstanbul,Çekmeköy,Hatice Mehmet Ekşioğlu İlkokulu,732652,İlkokul,https://hmei.meb.k12.tr,,,https://hmei.meb.k12.tr/tema/harita.php,2026-08-31,756,756,bulundu,https://hmei.meb.k12.tr/,2026-10-01T19:28:43.066732+00:00,,Öğrenci Sayısı 756
İstanbul,Çekmeköy,Hüseyin Avni Sipahi Ortaokulu,731979,Ortaokul,https://hasortaokulu.meb.k12.tr,,,https://hasortaokulu.meb.k12.tr/tema/harita.php,2026-08-31,1385,1385,bulundu,https://hasortaokulu.meb.k12.tr/,2026-10-01T19:28:43.166966+00:00,,Öğrenci Sayısı 1385
İstanbul,Çekmeköy,Hüseyin Avni Sipahi Ticaret Mesleki ve Teknik Anadolu Lisesi,969908,Mesleki ve Teknik Anadolu Lisesi,https://hasmtal.meb.k12.tr,,,https://hasmtal.meb.k12.tr/tema/harita.php,2026-08-31,453,453,bulundu,https://hasmtal.meb.k12.tr/,2026-10-01T19:28:43.220833+00:00,,Öğrenci Sayısı 453
İstanbul,Çekmeköy,Hüsnü Özyeğin Vakfı Alemdağ Tunç Çapa Anadolu Lisesi,972396,Anadolu Lisesi,https://tunccapaanadolulisesi.meb.k12.tr,,,https://tunccapaanadolulisesi.meb.k12.tr/tema/harita.php,2026-08-31,863,863,bulundu,https://tunccapaanadolulisesi.meb.k12.tr/,2026-10-01T19:28:43.293073+00:00,,Öğrenci Sayısı : 863
İstanbul,Çekmeköy,Kemerdere İsmihan Ismet Suzer Ortaokulu,732648,Ortaokul,https://ismetsuzerortaokulu.meb.k12.tr,,,https://ismetsuzerortaokulu.meb.k12.tr/tema/harita.php,2026-08-31,895,895,bulundu,https://ismetsuzerortaokulu.meb.k12.tr/,2026-10-01T19:28:43.650543+00:00,,Öğrenci Sayısı : 895
İstanbul,Çekmeköy,Kemerdere İsmihan Ismet Suzer İlkokulu,732649,İlkokul,https://ismetsuzerilkokulu.meb.k12.tr,,,https://ismetsuzerilkokulu.meb.k12.tr/tema/harita.php,2026-08-31,1163,1163,bulundu,https://ismetsuzerilkokulu.meb.k12.tr/,2026-10-01T19:28:43.770314+00:00,,Öğrenci Sayısı : 1163
İstanbul,Çekmeköy,Mehmetçik Anadolu Lisesi,972866,Anadolu Lisesi,https://mehmetcikanadolulisesi.meb.k12.tr,,,https://mehmetcikanadolulisesi.meb.k12.tr/tema/harita.php,2026-08-31,,,bulunamadi,,2026-10-01T19:28:43.776618+00:00,,
İstanbul,Çekmeköy,Mimar Sinan İmam Hatip Ortaokulu,735394,İmam Hatip Ortaokulu,https://msiho.meb.k12.tr,,,https://msiho.meb.k12.tr/tema/harita.php,2026-08-31,704,704,bulundu,https://msiho.meb.k12.tr/tema/okulumuz_hakkinda.php,2026-10-01T19:28:43.854445+00:00,,Öğrenci : 704
İstanbul,Çekmeköy,Nesrin Uçmaklıoğlu Kız Mesleki ve Teknik Anadolu Lisesi,969696,Mesleki ve Teknik Anadolu Lisesi,https://numtal.meb.k12.tr,,,https://numtal.meb.k12.tr/tema/harita.php,2026-08-31,,,bulunamadi,,2026-10-01T19:28:43.874320+00:00,,
İstanbul,Çekmeköy,Nişantepe Anaokulu,752899,Anaokulu,https://nisantepeanaokulu.meb.k12.tr,,,https://nisantepeanaokulu.meb.k12.tr/tema/harita.php,2026-08-31,147,147,bulundu,https://nisantepeanaokulu.meb.k12.tr/,2026-10-01T19:28:43.885957+00:00,,Öğrenci Sayısı : 147
İstanbul,Çekmeköy,Nişantepe Ortaokulu,732646,Ortaokul,https://nisantepeioo.meb.k12.tr,,,https://nisantepeioo.meb.k12.tr/tema/harita.php,2026-08-31,261,261,bulundu,https://nisantepeioo.meb.k12.tr/tema/okulumuz_hakkinda.php,2026-10-01T19:28:43.892372+00:00,,Öğrenci : 261
İstanbul,Çekmeköy,Nişantepe İlkokulu,732647,İlkokul,https://nisantepeio.meb.k12.tr,,,https://nisantepeio.meb.k12.tr/tema/harita.php,2026-08-31,345,345,bulundu,https://nisantepeio.meb.k12.tr/tema/okulumuz_hakkinda.php,2026-10-01T19:28:44.066762+00:00,,Öğrenci : 345
İstanbul,Çekmeköy,Nükte Sözen Ortaokulu,732644,Ortaokul,https://nso.meb.k12.tr,,,https://nso.meb.k12.tr/tema/harita.php,2026-08-31,757,757,bulundu,https://nso.meb.k12.tr/,2026-10-01T19:28:44.126832+00:00,,Öğrenci Sayısı 757
İstanbul,Çekmeköy,Rahmi Mihriban Bedestenci İlkokulu,732643,İlkokul,https://rahmimihribanbedestenciilkokulu.meb.k12.tr,,,https://rahmimihribanbedestenciilkokulu.meb.k12.tr/tema/harita.php,2026-08-31,621,621,bulundu,https://rahmimihribanbedestenciilkokulu.meb.k12.tr/tema/okulumuz_hakkinda.php,2026-10-01T19:28:44.148079+00:00,,Öğrenci : 621
İstanbul,Çekmeköy,Reşadiye Altan Yazıcı İlkokulu,727067,İlkokul,https://resadiyealtanyazici.meb.k12.tr,,,https://resadiyealtanyazici.meb.k12.tr/tema/harita.php,2026-08-31,300,300,bulundu,https://resadiyealtanyazici.meb.k12.tr/,2026-10-01T19:28:44.178444+00:00,,Öğrenci Sayısı : 300
İstanbul,Çekmeköy,Sabiha Hamdi Türkay İlkokulu,727073,İlkokul,https://sht.meb.k12.tr,,,https://sht.meb.k12.tr/tema/harita.php,2026-08-31,882,882,bulundu,https://sht.meb.k12.tr/,2026-10-01T19:28:44.602394+00:00,,Öğrenci Sayısı : 882
İstanbul,Çekmeköy,Sema Bozkır Anaokulu,972183,Anaokulu,https://semabozkiranaokulu.meb.k12.tr,,,https://semabozkiranaokulu.meb.k12.tr/tema/harita.php,2026-08-31,100,100,bulundu,https://semabozkiranaokulu.meb.k12.tr/tema/okulumuz_hakkinda.php,2026-10-01T19:28:44.662666+00:00,,Öğrenci : 100
İstanbul,Çekmeköy,Sultan Çiftliği Ortaokulu,732635,Ortaokul,https://sultanciftligiortaokulu.meb.k12.tr,,,https://sultanciftligiortaokulu.meb.k12.tr/tema/harita.php,2026-08-31,1161,1161,bulundu,https://sultanciftligiortaokulu.meb.k12.tr/,2026-10-01T19:28:44.678042+00:00,,Öğrenci Sayısı 1161
İstanbul,Çekmeköy,Sultan Çiftliği İlkokulu,732639,İlkokul,https://sultanciftligiilkokulu.meb.k12.tr,,,https://sultanciftligiilkokulu.meb.k12.tr/tema/harita.php,2026-08-31,734,734,bulundu,https://sultanciftligiilkokulu.meb.k12.tr/,2026-10-01T19:28:44.726026+00:00,,Öğrenci Sayısı 734
İstanbul,Çekmeköy,TEV Ezel Gülen Kıray Mesleki ve Teknik Anadolu Lisesi,759125,Mesleki ve Teknik Anadolu Lisesi,https://tevezelgulenkiray.meb.k12.tr,,,https://tevezelgulenkiray.meb.k12.tr/tema/harita.php,2026-08-31,584,584,bulundu,https://tevezelgulenkiray.meb.k12.tr/,2026-10-01T19:28:44.730834+00:00,,Öğrenci Sayısı : 584
İstanbul,Çekmeköy,Taşdelen 125. Yıl İlkokulu,727075,İlkokul,https://tasdelen125yil.meb.k12.tr,,,https://tasdelen125yil.meb.k12.tr/tema/harita.php,2026-08-31,1646,1646,bulundu,https://tasdelen125yil.meb.k12.tr/,2026-10-01T19:28:44.753367+00:00,,Öğrenci Sayısı: 1646
İstanbul,Çekmeköy,Uçal Kağıt İlkokulu,727078,İlkokul,https://ucalkagit.meb.k12.tr,,,https://ucalkagit.meb.k12.tr/tema/harita.php,2026-08-31,41,41,bulundu,https://ucalkagit.meb.k12.tr/,2026-10-01T19:28:45.154089+00:00,,Öğrenci Sayısı: 41
İstanbul,Çekmeköy,Vali Recep Yazıcıoğlu Ortaokulu,732624,Ortaokul,https://varyazortaokulu.meb.k12.tr,,,https://varyazortaokulu.meb.k12.tr/tema/harita.php,2026-08-31,84,84,bulundu,https://varyazortaokulu.meb.k12.tr/,2026-10-01T19:28:45.189888+00:00,,Öğrenci Sayısı : 84
İstanbul,Çekmeköy,Vali Recep Yazıcıoğlu İlkokulu,732628,İlkokul,https://varyazilkokulu.meb.k12.tr,,,https://varyazilkokulu.meb.k12.tr/tema/harita.php,2026-08-31,53,53,bulundu,https://varyazilkokulu.meb.k12.tr/,2026-10-01T19:28:45.260795+00:00,,Öğrenci Sayısı : 53
İstanbul,Çekmeköy,Vatan Ortaokulu,731980,Ortaokul,https://vatanortaokulucekmekoy.meb.k12.tr,,,https://vatanortaokulucekmekoy.meb.k12.tr/tema/harita.php,2026-08-31,1619,1619,bulundu,https://vatanortaokulucekmekoy.meb.k12.tr/tema/okulumuz_hakkinda.php,2026-10-01T19:28:45.296851+00:00,,Öğrenci : 1619
İstanbul,Çekmeköy,Yunus Emre Anaokulu,752862,Anaokulu,https://yunusemreanaokulucekmekoy.meb.k12.tr,,,https://yunusemreanaokulucekmekoy.meb.k12.tr/tema/harita.php,2026-08-31,145,145,bulundu,https://yunusemreanaokulucekmekoy.meb.k12.tr/,2026-10-01T19:28:45.352541+00:00,,Öğrenci Sayısı 145
İstanbul,Çekmeköy,Çamlık Ortaokulu,732667,Ortaokul,https://cekmekoycamlikortaokulu.meb.k12.tr,,,https://cekmekoycamlikortaokulu.meb.k12.tr/tema/harita.php,2026-08-31,998,998,bulundu,https://cekmekoycamlikortaokulu.meb.k12.tr/,2026-10-01T19:28:45.367221+00:00,,Öğrenci Sayısı 998
İstanbul,Çekmeköy,Çekmeköy Anadolu Lisesi,777264,Anadolu Lisesi,https://cekmekoyanadolulisesi.meb.k12.tr,,,https://cekmekoyanadolulisesi.meb.k12.tr/tema/harita.php,2026-08-31,134,134,bulundu,https://cekmekoyanadolulisesi.meb.k12.tr/,2026-10-01T19:28:45.536444+00:00,,Öğrenci Sayısı : 134
İstanbul,Çekmeköy,Çekmeköy Anadolu İmam Hatip Lisesi,974776,Anadolu İmam Hatip Lisesi,https://caihl.meb.k12.tr,,,https://caihl.meb.k12.tr/tema/harita.php,2026-08-31,643,643,bulundu,https://caihl.meb.k12.tr/,2026-10-01T19:28:45.575789+00:00,,Öğrenci Sayısı : 643
İstanbul,Çekmeköy,Çekmeköy Anaokulu,970348,Anaokulu,https://cekmekoyanaokulu.meb.k12.tr,,,https://cekmekoyanaokulu.meb.k12.tr/tema/harita.php,2026-08-31,174,174,bulundu,https://cekmekoyanaokulu.meb.k12.tr/,2026-10-01T19:28:45.697007+00:00,,Öğrenci Sayısı : 174
İstanbul,Çekmeköy,Çekmeköy Bilim ve Sanat Merkezi,769503,Bilim ve Sanat Merkezi,https://cekmekoybilsem.meb.k12.tr,,,https://cekmekoybilsem.meb.k12.tr/tema/harita.php,2026-08-31,208,208,bulundu,https://cekmekoybilsem.meb.k12.tr/,2026-10-01T19:28:46.158873+00:00,,Öğrenci Sayısı : 208
İstanbul,Çekmeköy,Çekmeköy Halk Eğitimi Merkezi,970128,Halk Eğitimi Merkezi,https://cekmekoyhem.meb.k12.tr,,,https://cekmekoyhem.meb.k12.tr/tema/harita.php,2026-08-31,,,bulunamadi,,2026-10-01T19:28:46.180976+00:00,,
İstanbul,Çekmeköy,Çekmeköy Merkez Ortaokulu,774838,Ortaokul,https://cekmekoymerkezortaokulu.meb.k12.tr,,,https://cekmekoymerkezortaokulu.meb.k12.tr/tema/harita.php,2026-08-31,994,994,bulundu,https://cekmekoymerkezortaokulu.meb.k12.tr/,2026-10-01T19:28:46.196066+00:00,,Öğrenci Sayısı : 994
İstanbul,Çekmeköy,Çekmeköy Mesleki Eğitim Merkezi,970658,Mesleki Eğitim Merkezi,https://cekmekoymem.meb.k12.tr,,,https://cekmekoymem.meb.k12.tr/tema/harita.php,2026-08-31,1228,1228,bulundu,https://cekmekoymem.meb.k12.tr/tema/okulumuz_hakkinda.php,2026-10-01T19:28:46.305286+00:00,,Öğrenci : 1228
İstanbul,Çekmeköy,Çekmeköy Ortaokulu,732656,Ortaokul,https://cekmekoyortaokulu.meb.k12.tr,,,https://cekmekoyortaokulu.meb.k12.tr/tema/harita.php,2026-08-31,744,744,bulundu,https://cekmekoyortaokulu.meb.k12.tr/,2026-10-01T19:28:46.314544+00:00,,Öğrenci Sayısı 744
İstanbul,Çekmeköy,Çekmeköy Rehberlik ve Araştırma Merkezi,759475,Rehberlik ve Araştırma Merkezi,https://cekmekoyram.meb.k12.tr,,,https://cekmekoyram.meb.k12.tr/tema/harita.php,2026-08-31,,,bulunamadi,,2026-10-01T19:28:46.353758+00:00,,
İstanbul,Çekmeköy,Çekmeköy Saadet Yılmaz Ortaokulu,774331,Ortaokul,https://cekmekoysaadetyilmaz.meb.k12.tr,,,https://cekmekoysaadetyilmaz.meb.k12.tr/tema/harita.php,2026-08-31,77,77,bulundu,https://cekmekoysaadetyilmaz.meb.k12.tr/,2026-10-01T19:28:46.350865+00:00,,Öğrenci Sayısı 77
İstanbul,Çekmeköy,Çekmeköy Saadet Yılmaz İlkokulu,727070,İlkokul,https://cekmekysaadetyilmaz.meb.k12.tr,,,https://cekmekysaadetyilmaz.meb.k12.tr/tema/harita.php,2026-08-31,95,95,bulundu,https://cekmekysaadetyilmaz.meb.k12.tr/,2026-10-01T19:28:46.396283+00:00,,Öğrenci Sayısı: 95
İstanbul,Çekmeköy,Çekmeköy TOKİ Çok Programlı Anadolu Lisesi,973355,Çok Programlı Anadolu Lisesi,https://cekmekoytoki.meb.k12.tr,,,https://cekmekoytoki.meb.k12.tr/tema/harita.php,2026-08-31,1221,1221,bulundu,https://cekmekoytoki.meb.k12.tr/,2026-10-01T19:28:46.401204+00:00,,Öğrenci Sayısı 1221
İstanbul,Çekmeköy,Çekmeköy İlkokulu,732666,İlkokul,https://cekmekoyilkokulu.meb.k12.tr,,,https://cekmekoyilkokulu.meb.k12.tr/tema/harita.php,2026-08-31,1338,1338,bulundu,https://cekmekoyilkokulu.meb.k12.tr/,2026-10-01T19:28:46.496479+00:00,,Öğrenci Sayısı : 1338
İstanbul,Çekmeköy,Ömerli Hikmet Tevfik Ataman Çok Programlı Anadolu Lisesi,969315,Çok Programlı Anadolu Lisesi,https://ohtacpal.meb.k12.tr,,,https://ohtacpal.meb.k12.tr/tema/harita.php,2026-08-31,659,659,bulundu,https://ohtacpal.meb.k12.tr/,2026-10-01T19:28:46.574056+00:00,,Öğrenci Sayısı : 659
İstanbul,Çekmeköy,Özden Cengiz Anadolu Lisesi,751206,Anadolu Lisesi,https://ozdencengiz.meb.k12.tr,,,https://ozdencengiz.meb.k12.tr/tema/harita.php,2026-08-31,524,524,bulundu,https://ozdencengiz.meb.k12.tr/,2026-10-01T19:28:46.645751+00:00,,Öğrenci Sayısı 524
İstanbul,Çekmeköy,Öğretmen Melahat Hüdai Gürbüz İlkokulu,727063,İlkokul,https://mhgurbuzilkokulu.meb.k12.tr,,,https://mhgurbuzilkokulu.meb.k12.tr/tema/harita.php,2026-08-31,1821,1821,bulundu,https://mhgurbuzilkokulu.meb.k12.tr/,2026-10-01T19:28:46.673836+00:00,,Öğrenci Sayısı 1821
İstanbul,Çekmeköy,Öğretmen Semiha Yıldırım İlkokulu,727081,İlkokul,https://ogrtsemihayildirim.meb.k12.tr,,,https://ogrtsemihayildirim.meb.k12.tr/tema/harita.php,2026-08-31,753,753,bulundu,https://ogrtsemihayildirim.meb.k12.tr/,2026-10-01T19:28:46.762899+00:00,,Öğrenci Sayısı 753
İstanbul,Çekmeköy,Şehit Vefa Karakurdu Özel Eğitim Anaokulu,768324,Anaokulu,https://sehitvefakarakurduozelegitimao.meb.k12.tr,,,https://sehitvefakarakurduozelegitimao.meb.k12.tr/tema/harita.php,2026-08-31,16,16,bulundu,https://sehitvefakarakurduozelegitimao.meb.k12.tr/,2026-10-01T19:28:46.781038+00:00,,Öğrenci Sayısı 16
İstanbul,Çekmeköy,Şehit Ömer Halisdemir Anaokulu,769893,Anaokulu,https://cekmekoysomerhalisdemiranaokulu.meb.k12.tr,,,https://cekmekoysomerhalisdemiranaokulu.meb.k12.tr/tema/harita.php,2026-08-31,150,150,bulundu,https://cekmekoysomerhalisdemiranaokulu.meb.k12.tr/,2026-10-01T19:28:46.841135+00:00,,Öğrenci Sayısı: 150
İstanbul,Çekmeköy,Şehit Ömer Halisdemir Kız Anadolu İmam Hatip Lisesi,762495,Anadolu İmam Hatip Lisesi,https://sohil.meb.k12.tr,,,https://sohil.meb.k12.tr/tema/harita.php,2026-08-31,515,515,bulundu,https://sohil.meb.k12.tr/,2026-10-01T19:28:46.852590+00:00,,Öğrenci Sayısı 515
İstanbul,Çekmeköy,Şehit Öğretmen Fatma Nur Çelik Mesleki ve Teknik Anadolu Lisesi,967506,Mesleki ve Teknik Anadolu Lisesi,https://sehitogretmenfatmanurcelik.meb.k12.tr,,,https://sehitogretmenfatmanurcelik.meb.k12.tr/tema/harita.php,2026-08-31,1594,1594,bulundu,https://sehitogretmenfatmanurcelik.meb.k12.tr/,2026-10-01T19:28:47.179214+00:00,,Öğrenci Sayısı 1594
İstanbul,Çekmeköy,Şehit Öğretmen İzzet Yüksel Ortaokulu,732630,Ortaokul,https://izzetyukselortaokulu.meb.k12.tr,,,https://izzetyukselortaokulu.meb.k12.tr/tema/harita.php,2026-08-31,1013,1013,bulundu,https://izzetyukselortaokulu.meb.k12.tr/,2026-10-01T19:28:47.331861+00:00,,Öğrenci Sayısı : 1013
İstanbul,Çekmeköy,Şehit Üsteğmen Arif Kalafat İlkokulu,769284,İlkokul,https://sehitarifkalafatio.meb.k12.tr,,,https://sehitarifkalafatio.meb.k12.tr/tema/harita.php,2026-08-31,1036,1036,bulundu,https://sehitarifkalafatio.meb.k12.tr/,2026-10-01T19:28:47.387879+00:00,,Öğrenci Sayısı : 1036
İstanbul,Ümraniye,23 Nisan Kaptanoğlu İlkokulu,384997,İlkokul,https://23nisankaptanoglu.meb.k12.tr,,,https://23nisankaptanoglu.meb.k12.tr/tema/harita.php,2026-08-31,1222,1222,bulundu,https://23nisankaptanoglu.meb.k12.tr/,2026-10-01T19:28:47.455898+00:00,,Öğrenci Sayısı : 1222
İstanbul,Ümraniye,30 Ağustos Kız Mesleki ve Teknik Anadolu Lisesi,964559,Mesleki ve Teknik Anadolu Lisesi,https://30agustoskml.meb.k12.tr,,,https://30agustoskml.meb.k12.tr/tema/harita.php,2026-08-31,,,bulunamadi,,2026-10-01T19:28:47.520578+00:00,,
İstanbul,Ümraniye,30 Ağustos İlkokulu,331915,İlkokul,https://umraniye30agustos.meb.k12.tr,,,https://umraniye30agustos.meb.k12.tr/tema/harita.php,2026-08-31,444,444,bulundu,https://umraniye30agustos.meb.k12.tr/,2026-10-01T19:28:47.577510+00:00,,Öğrenci Sayısı : 444
İstanbul,Ümraniye,60. Yıl Cumhuriyet İlkokulu,731626,İlkokul,https://60yilcumhuriyetio.meb.k12.tr,,,https://60yilcumhuriyetio.meb.k12.tr/tema/harita.php,2026-08-31,692,692,bulundu,https://60yilcumhuriyetio.meb.k12.tr/,2026-10-01T19:28:47.603542+00:00,,Öğrenci Sayısı : 692
İstanbul,Ümraniye,75. Yıl Cumhuriyet Ticaret Mesleki ve Teknik Anadolu Lisesi,757482,Mesleki ve Teknik Anadolu Lisesi,https://75cmtal.meb.k12.tr,,,https://75cmtal.meb.k12.tr/tema/harita.php,2026-08-31,,,bulunamadi,,2026-10-01T19:28:47.642466+00:00,,
İstanbul,Ümraniye,Adile Sultan Ortaokulu,777114,Ortaokul,https://adilesultanortaokulu.meb.k12.tr,,,https://adilesultanortaokulu.meb.k12.tr/tema/harita.php,2026-08-31,464,464,bulundu,https://adilesultanortaokulu.meb.k12.tr/,2026-10-01T19:28:47.826139+00:00,,Öğrenci Sayısı : 464
İstanbul,Ümraniye,Ahmet Cevdet Paşa İlkokulu,736640,İlkokul,https://umraniyeahmetcevdetpasailkokulu.meb.k12.tr,,,https://umraniyeahmetcevdetpasailkokulu.meb.k12.tr/tema/harita.php,2026-08-31,568,568,bulundu,https://umraniyeahmetcevdetpasailkokulu.meb.k12.tr/,2026-10-01T19:28:47.852824+00:00,,Öğrenci Sayısı : 568
İstanbul,Ümraniye,Ahmet Yavuz Ortaokulu,736642,Ortaokul,https://ahmetyavuzoo.meb.k12.tr,,,https://ahmetyavuzoo.meb.k12.tr/tema/harita.php,2026-08-31,964,964,bulundu,https://ahmetyavuzoo.meb.k12.tr/,2026-10-01T19:28:47.888653+00:00,,Öğrenci Sayısı : 964
İstanbul,Ümraniye,Ahmet Ziylan Anadolu İmam Hatip Lisesi,774135,Anadolu İmam Hatip Lisesi,https://dudulluaaihl.meb.k12.tr,,,https://dudulluaaihl.meb.k12.tr/tema/harita.php,2026-08-31,,,bulunamadi,,2026-10-01T19:28:47.986761+00:00,,
İstanbul,Ümraniye,Arif Nihat Asya İlkokulu,736626,İlkokul,https://umrarifnihatasya.meb.k12.tr,,,https://umrarifnihatasya.meb.k12.tr/tema/harita.php,2026-08-31,939,939,bulundu,https://umrarifnihatasya.meb.k12.tr/,2026-10-01T19:28:47.997804+00:00,,Öğrenci Sayısı: 939
İstanbul,Ümraniye,Asiye Ağaoğlu Anadolu Lisesi,970674,Anadolu Lisesi,https://asiyeagaoglual.meb.k12.tr,,,https://asiyeagaoglual.meb.k12.tr/tema/harita.php,2026-08-31,1764,1764,bulundu,https://asiyeagaoglual.meb.k12.tr/,2026-10-01T19:28:48.289534+00:00,,Öğrenci Sayısı : 1764
İstanbul,Ümraniye,Asiye-Ahmet Ziylan Özel Eğitim Anaokulu,760300,Anaokulu,https://asiyeahmetziylan.meb.k12.tr,,,https://asiyeahmetziylan.meb.k12.tr/tema/harita.php,2026-08-31,51,51,bulundu,https://asiyeahmetziylan.meb.k12.tr/,2026-10-01T19:28:48.398176+00:00,,Öğrenci Sayısı 51
İstanbul,Ümraniye,Atakent Şehit Selçuk Paker Anadolu Lisesi,253167,Anadolu Lisesi,https://aspal.meb.k12.tr,,,https://aspal.meb.k12.tr/tema/harita.php,2026-08-31,1135,1135,bulundu,https://aspal.meb.k12.tr/,2026-10-01T19:28:48.435821+00:00,,Öğrenci Sayısı 1135
İstanbul,Ümraniye,Atatürk Ortaokulu,733653,Ortaokul,https://umraniyeataturko.meb.k12.tr,,,https://umraniyeataturko.meb.k12.tr/tema/harita.php,2026-08-31,925,925,bulundu,https://umraniyeataturko.meb.k12.tr/,2026-10-01T19:28:48.456290+00:00,,Öğrenci Sayısı : 925
İstanbul,Ümraniye,Avrupa Konutları Ortaokulu,736587,Ortaokul,https://avrupakonutlariortaokulu.meb.k12.tr,,,https://avrupakonutlariortaokulu.meb.k12.tr/tema/harita.php,2026-08-31,950,950,bulundu,https://avrupakonutlariortaokulu.meb.k12.tr/,2026-10-01T19:28:48.811865+00:00,,Öğrenci Sayısı : 950
İstanbul,Ümraniye,Bilge Soyak Ortaokulu,741424,Ortaokul,https://bilgesoyakortaokulu.meb.k12.tr,,,https://bilgesoyakortaokulu.meb.k12.tr/tema/harita.php,2026-08-31,591,591,bulundu,https://bilgesoyakortaokulu.meb.k12.tr/,2026-10-01T19:28:48.855485+00:00,,Öğrenci Sayısı : 591
İstanbul,Ümraniye,Bilge Soyak İlkokulu,731634,İlkokul,https://bilgesoyaki.meb.k12.tr,,,https://bilgesoyaki.meb.k12.tr/tema/harita.php,2026-08-31,640,640,bulundu,https://bilgesoyaki.meb.k12.tr/,2026-10-01T19:28:48.913397+00:00,,Öğrenci Sayısı 640
İstanbul,Ümraniye,Can Gür İlkokulu,772246,İlkokul,https://cangurilkokulu.meb.k12.tr,,,https://cangurilkokulu.meb.k12.tr/tema/harita.php,2026-08-31,850,850,bulundu,https://cangurilkokulu.meb.k12.tr/,2026-10-01T19:28:48.915691+00:00,,Öğrenci Sayısı 850
İstanbul,Ümraniye,Cumhuriyet Anaokulu,752226,Anaokulu,https://anaokulucumhuriyet.meb.k12.tr,,,https://anaokulucumhuriyet.meb.k12.tr/tema/harita.php,2026-08-31,117,117,bulundu,https://anaokulucumhuriyet.meb.k12.tr/,2026-10-01T19:28:48.955204+00:00,,Öğrenci Sayısı 117
İstanbul,Ümraniye,Davut Akidil İlkokulu,510667,İlkokul,https://davutakidililkokulu.meb.k12.tr,,,https://davutakidililkokulu.meb.k12.tr/tema/harita.php,2026-08-31,561,561,bulundu,https://davutakidililkokulu.meb.k12.tr/,2026-10-01T19:28:48.964180+00:00,,Öğrenci Sayısı : 561
İstanbul,Ümraniye,Dudullu OSB Mesleki ve Teknik Anadolu Lisesi,777296,Mesleki ve Teknik Anadolu Lisesi,https://dudulluosb.meb.k12.tr,,,https://dudulluosb.meb.k12.tr/tema/harita.php,2026-08-31,226,226,bulundu,https://dudulluosb.meb.k12.tr/,2026-10-01T19:28:49.006128+00:00,,Öğrenci Sayısı : 226
İstanbul,Ümraniye,Eczacı Neşem Özlen Güray Anadolu Lisesi,971761,Anadolu Lisesi,https://eczacinesemogalisesi.meb.k12.tr,,,https://eczacinesemogalisesi.meb.k12.tr/tema/harita.php,2026-08-31,635,635,bulundu,https://eczacinesemogalisesi.meb.k12.tr/tema/okulumuz_hakkinda.php,2026-10-01T19:28:49.031248+00:00,,Öğrenci : 635
İstanbul,Ümraniye,Emine Koçulu İlkokulu,736594,İlkokul,https://eminekoculuio.meb.k12.tr,,,https://eminekoculuio.meb.k12.tr/tema/harita.php,2026-08-31,926,926,bulundu,https://eminekoculuio.meb.k12.tr/,2026-10-01T19:28:49.079030+00:00,,Öğrenci Sayısı : 926
İstanbul,Ümraniye,Emrullah Turanlı İlkokulu,736588,İlkokul,https://emrullahturanliilkokulu.meb.k12.tr,,,https://emrullahturanliilkokulu.meb.k12.tr/tema/harita.php,2026-08-31,1115,1115,bulundu,https://emrullahturanliilkokulu.meb.k12.tr/,2026-10-01T19:28:49.142802+00:00,,Öğrenci Sayısı : 1115
İstanbul,Ümraniye,Erkut Soyak Anadolu Lisesi,972883,Anadolu Lisesi,https://erkutsoyak.meb.k12.tr,,,https://erkutsoyak.meb.k12.tr/tema/harita.php,2026-08-31,723,723,bulundu,https://erkutsoyak.meb.k12.tr/tema/okulumuz_hakkinda.php,2026-10-01T19:28:49.381514+00:00,,Öğrenci : 723
İstanbul,Ümraniye,Esenşehir Şehit Yılmaz Ercan İlkokulu,746394,İlkokul,https://esensehir.meb.k12.tr,,,https://esensehir.meb.k12.tr/tema/harita.php,2026-08-31,1133,1133,bulundu,https://esensehir.meb.k12.tr/,2026-10-01T19:28:49.601243+00:00,,Öğrenci Sayısı : 1133
İstanbul,Ümraniye,Evliya Çelebi Ticaret Mesleki ve Teknik Anadolu Lisesi,254303,Mesleki ve Teknik Anadolu Lisesi,https://evliyacelebimtal.meb.k12.tr,,,https://evliyacelebimtal.meb.k12.tr/tema/harita.php,2026-08-31,,,bulunamadi,,2026-10-01T19:28:49.652854+00:00,,
İstanbul,Ümraniye,Fatih Ümraniye Anaokulu,770182,Anaokulu,https://fatihumraniyeanaokulu.meb.k12.tr,,,https://fatihumraniyeanaokulu.meb.k12.tr/tema/harita.php,2026-08-31,252,252,bulundu,https://fatihumraniyeanaokulu.meb.k12.tr/,2026-10-01T19:28:49.733873+00:00,,Öğrenci Sayısı: 252
İstanbul,Ümraniye,Fatih İlkokulu,731643,İlkokul,https://umraniyefatihilkokulu.meb.k12.tr,,,https://umraniyefatihilkokulu.meb.k12.tr/tema/harita.php,2026-08-31,1681,1681,bulundu,https://umraniyefatihilkokulu.meb.k12.tr/,2026-10-01T19:28:49.737950+00:00,,Öğrenci Sayısı : 1681
İstanbul,Ümraniye,Fatih İmam Hatip Ortaokulu,735365,İmam Hatip Ortaokulu,https://fatihimamhatip.meb.k12.tr,,,https://fatihimamhatip.meb.k12.tr/tema/harita.php,2026-08-31,567,567,bulundu,https://fatihimamhatip.meb.k12.tr/,2026-10-01T19:28:49.865115+00:00,,Öğrenci Sayısı : 567
İstanbul,Ümraniye,Genç Osman İlkokulu,731644,İlkokul,https://umraniyegencosmanilkokulu.meb.k12.tr,,,https://umraniyegencosmanilkokulu.meb.k12.tr/tema/harita.php,2026-08-31,807,807,bulundu,https://umraniyegencosmanilkokulu.meb.k12.tr/,2026-10-01T19:28:50.041445+00:00,,Öğrenci Sayısı: 807
İstanbul,Ümraniye,Halide Edip Kız Mesleki ve Teknik Anadolu Lisesi,162894,Mesleki ve Teknik Anadolu Lisesi,https://hemtal.meb.k12.tr,,,https://hemtal.meb.k12.tr/tema/harita.php,2026-08-31,1016,1016,bulundu,https://hemtal.meb.k12.tr/,2026-10-01T19:28:50.048386+00:00,,Öğrenci Sayısı 1016
İstanbul,Ümraniye,Hasan Tahsin İlkokulu,731646,İlkokul,https://hasantahsin.meb.k12.tr,,,https://hasantahsin.meb.k12.tr/tema/harita.php,2026-08-31,1434,1434,bulundu,https://hasantahsin.meb.k12.tr/,2026-10-01T19:28:50.059828+00:00,,Öğrenci Sayısı : 1434
İstanbul,Ümraniye,Hasan Özaydın İlkokulu,765761,İlkokul,https://hasanozaydinilkokulu.meb.k12.tr,,,https://hasanozaydinilkokulu.meb.k12.tr/tema/harita.php,2026-08-31,614,614,bulundu,https://hasanozaydinilkokulu.meb.k12.tr/,2026-10-01T19:28:50.154637+00:00,,Öğrenci Sayısı 614
İstanbul,Ümraniye,Haşim İşcan İlkokulu,221433,İlkokul,https://hasimiscan.meb.k12.tr,,,https://hasimiscan.meb.k12.tr/tema/harita.php,2026-08-31,1405,1405,bulundu,https://hasimiscan.meb.k12.tr/,2026-10-01T19:28:50.183108+00:00,,Öğrenci Sayısı : 1405
İstanbul,Ümraniye,Hekimbaşı Şehit Onur Kılıç İlkokulu,731647,İlkokul,https://hekimbasiilkokulu.meb.k12.tr,,,https://hekimbasiilkokulu.meb.k12.tr/tema/harita.php,2026-08-31,490,490,bulundu,https://hekimbasiilkokulu.meb.k12.tr/,2026-10-01T19:28:50.220612+00:00,,Öğrenci Sayısı : 490
İstanbul,Ümraniye,Kazım Karabekir Ortaokulu,736568,Ortaokul,https://kkarabekiro.meb.k12.tr,,,https://kkarabekiro.meb.k12.tr/tema/harita.php,2026-08-31,726,726,bulundu,https://kkarabekiro.meb.k12.tr/,2026-10-01T19:28:50.226516+00:00,,Öğrenci Sayısı : 726
İstanbul,Ümraniye,Madenler Ticaret Mesleki ve Teknik Anadolu Lisesi,749366,Mesleki ve Teknik Anadolu Lisesi,https://madenlertml.meb.k12.tr,,,https://madenlertml.meb.k12.tr/tema/harita.php,2026-08-31,1283,1283,bulundu,https://madenlertml.meb.k12.tr/,2026-10-01T19:28:50.251536+00:00,,Öğrenci Sayısı : 1283
İstanbul,Ümraniye,Mebruke Salih Koçak Ortaokulu,736556,Ortaokul,https://mskocakortaokulu.meb.k12.tr,,,https://mskocakortaokulu.meb.k12.tr/tema/harita.php,2026-08-31,651,651,bulundu,https://mskocakortaokulu.meb.k12.tr/,2026-10-01T19:28:50.282806+00:00,,Öğrenci Sayısı 651
İstanbul,Ümraniye,Mediha Tansel Ortaokulu,162666,Ortaokul,https://medihatansel.meb.k12.tr,,,https://medihatansel.meb.k12.tr/tema/harita.php,2026-08-31,1603,1603,bulundu,https://medihatansel.meb.k12.tr/,2026-10-01T19:28:50.383120+00:00,,Öğrenci Sayısı : 1603
İstanbul,Ümraniye,Mehmet Akif Ersoy İmam Hatip Ortaokulu,760433,İmam Hatip Ortaokulu,https://makifersoyihoo.meb.k12.tr,,,https://makifersoyihoo.meb.k12.tr/tema/harita.php,2026-08-31,554,554,bulundu,https://makifersoyihoo.meb.k12.tr/,2026-10-01T19:28:50.755324+00:00,,Öğrenci Sayısı : 554
İstanbul,Ümraniye,Mehmet Akif İlkokulu,750284,İlkokul,https://umraniyemehmetakif.meb.k12.tr,,,https://umraniyemehmetakif.meb.k12.tr/tema/harita.php,2026-08-31,1878,1878,bulundu,https://umraniyemehmetakif.meb.k12.tr/,2026-10-01T19:28:50.855097+00:00,,Öğrenci Sayısı: 1878
İstanbul,Ümraniye,Mehmet Akif İnan Ortaokulu,736584,Ortaokul,https://mehmetakifinanortaokl.meb.k12.tr,,,https://mehmetakifinanortaokl.meb.k12.tr/tema/harita.php,2026-08-31,835,835,bulundu,https://mehmetakifinanortaokl.meb.k12.tr/,2026-10-01T19:28:50.936076+00:00,,Öğrenci Sayısı : 835
İstanbul,Ümraniye,Mehmet Ali Yılmaz İlkokulu,736566,İlkokul,https://mehmetaliyilmazio.meb.k12.tr,,,https://mehmetaliyilmazio.meb.k12.tr/tema/harita.php,2026-08-31,604,604,bulundu,https://mehmetaliyilmazio.meb.k12.tr/,2026-10-01T19:28:51.132276+00:00,,Öğrenci Sayısı : 604
İstanbul,Ümraniye,Mustafa Vasıf Karslıgil İlkokulu,736554,İlkokul,https://mvk.meb.k12.tr,,,https://mvk.meb.k12.tr/tema/harita.php,2026-08-31,1299,1299,bulundu,https://mvk.meb.k12.tr/,2026-10-01T19:28:51.165383+00:00,,Öğrenci Sayısı : 1299
İstanbul,Ümraniye,Mustafa Vasıf Karslıgil İmam Hatip Ortaokulu,765589,İmam Hatip Ortaokulu,https://mvkiho.meb.k12.tr,,,https://mvkiho.meb.k12.tr/tema/harita.php,2026-08-31,243,243,bulundu,https://mvkiho.meb.k12.tr/,2026-10-01T19:28:51.174763+00:00,,Öğrenci Sayısı 243
İstanbul,Ümraniye,Namık Kemal Anadolu İmam Hatip Lisesi,316649,Anadolu İmam Hatip Lisesi,https://namikkemalihl.meb.k12.tr,,,https://namikkemalihl.meb.k12.tr/tema/harita.php,2026-08-31,338,338,bulundu,https://namikkemalihl.meb.k12.tr/,2026-10-01T19:28:51.199909+00:00,,Öğrenci Sayısı 338
İstanbul,Ümraniye,Necip Fazıl Ortaokulu,751468,Ortaokul,https://umraniyenecipfaziloo.meb.k12.tr,,,https://umraniyenecipfaziloo.meb.k12.tr/tema/harita.php,2026-08-31,1004,1004,bulundu,https://umraniyenecipfaziloo.meb.k12.tr/,2026-10-01T19:28:51.220115+00:00,,Öğrenci Sayısı : 1004
İstanbul,Ümraniye,Necmettin Öztürk İlkokulu,774495,İlkokul,https://necmettinozturkilkokulu.meb.k12.tr,,,https://necmettinozturkilkokulu.meb.k12.tr/tema/harita.php,2026-08-31,1012,1012,bulundu,https://necmettinozturkilkokulu.meb.k12.tr/,2026-10-01T19:28:51.488014+00:00,,Öğrenci Sayısı 1012
İstanbul,Ümraniye,Nene Hatun Anaokulu,750113,Anaokulu,https://umraniyenenehatunanaokulu.meb.k12.tr,,,https://umraniyenenehatunanaokulu.meb.k12.tr/tema/harita.php,2026-08-31,139,139,bulundu,https://umraniyenenehatunanaokulu.meb.k12.tr/,2026-10-01T19:28:51.495903+00:00,,Öğrenci Sayısı: 139
İstanbul,Ümraniye,Nevzat Ayaz Anadolu Lisesi,964159,Anadolu Lisesi,https://nevzatayazal.meb.k12.tr,,,https://nevzatayazal.meb.k12.tr/tema/harita.php,2026-08-31,742,742,bulundu,https://nevzatayazal.meb.k12.tr/,2026-10-01T19:28:51.572280+00:00,,Öğrenci Sayısı : 742
İstanbul,Ümraniye,Nihat Sami Banarlı Ortaokulu,253836,Ortaokul,https://nihatsamibanarli.meb.k12.tr,,,https://nihatsamibanarli.meb.k12.tr/tema/harita.php,2026-08-31,1178,1178,bulundu,https://nihatsamibanarli.meb.k12.tr/,2026-10-01T19:28:51.624843+00:00,,Öğrenci Sayısı : 1178
İstanbul,Ümraniye,Nurettin Topçu İlkokulu,738472,İlkokul,https://nurettintopcuilkokulu.meb.k12.tr,,,https://nurettintopcuilkokulu.meb.k12.tr/tema/harita.php,2026-08-31,779,779,bulundu,https://nurettintopcuilkokulu.meb.k12.tr/,2026-10-01T19:28:51.710764+00:00,,Öğrenci Sayısı: 779
İstanbul,Ümraniye,Nurten Yıldırım Sancak Anaokulu,752054,Anaokulu,https://nurtenyildirimsancak.meb.k12.tr,,,https://nurtenyildirimsancak.meb.k12.tr/tema/harita.php,2026-08-31,203,203,bulundu,https://nurtenyildirimsancak.meb.k12.tr/,2026-10-01T19:28:51.986261+00:00,,Öğrenci Sayısı 203
İstanbul,Ümraniye,Prof. Dr. Nabi Avcı Fen Lisesi,264380,Fen Lisesi,https://nafl.meb.k12.tr,,,https://nafl.meb.k12.tr/tema/harita.php,2026-08-31,520,520,bulundu,https://nafl.meb.k12.tr/,2026-10-01T19:28:52.146607+00:00,,Öğrenci Sayısı 520
İstanbul,Ümraniye,Prof. Dr. Sabri Orman Ortaokulu,772494,Ortaokul,https://sabriormanortaokulu.meb.k12.tr,,,https://sabriormanortaokulu.meb.k12.tr/tema/harita.php,2026-08-31,915,915,bulundu,https://sabriormanortaokulu.meb.k12.tr/,2026-10-01T19:28:52.240262+00:00,,Öğrenci Sayısı : 915
İstanbul,Ümraniye,Saray Anadolu İmam Hatip Lisesi,758831,Anadolu İmam Hatip Lisesi,https://sarayaihl.meb.k12.tr,,,https://sarayaihl.meb.k12.tr/tema/harita.php,2026-08-31,708,708,bulundu,https://sarayaihl.meb.k12.tr/,2026-10-01T19:28:52.264276+00:00,,Öğrenci Sayısı : 708
İstanbul,Ümraniye,Selçuk Ecza 50. Yıl Ortaokulu,736503,Ortaokul,https://selcukeczaortaokulu.meb.k12.tr,,,https://selcukeczaortaokulu.meb.k12.tr/tema/harita.php,2026-08-31,1132,1132,bulundu,https://selcukeczaortaokulu.meb.k12.tr/,2026-10-01T19:28:52.413113+00:00,,Öğrenci Sayısı 1132
İstanbul,Ümraniye,Sultan Abdülhamid Han Anadolu Lisesi,777322,Anadolu Lisesi,https://sultanabdulhamidhan.meb.k12.tr,,,https://sultanabdulhamidhan.meb.k12.tr/tema/harita.php,2026-08-31,339,339,bulundu,https://sultanabdulhamidhan.meb.k12.tr/,2026-10-01T19:28:52.419296+00:00,,Öğrenci Sayısı 339
İstanbul,Ümraniye,Sıdıka Doğruöz Özel Eğitim Uygulama Okulu III. Kademe,747614,Özel Eğitim Kurumu,https://sdkdogruoz.meb.k12.tr,,,https://sdkdogruoz.meb.k12.tr/tema/harita.php,2026-08-31,56,56,bulundu,https://sdkdogruoz.meb.k12.tr/,2026-10-01T19:28:52.460373+00:00,,Öğrenci Sayısı 56
İstanbul,Ümraniye,TEV Uğuz Tarık Demirağ Mesleki ve Teknik Anadolu Lisesi,766332,Mesleki ve Teknik Anadolu Lisesi,https://tevuguztarikdemirag.meb.k12.tr,,,https://tevuguztarikdemirag.meb.k12.tr/tema/harita.php,2026-08-31,1122,1122,bulundu,https://tevuguztarikdemirag.meb.k12.tr/,2026-10-01T19:28:52.662222+00:00,,Öğrenci Sayısı 1122
İstanbul,Ümraniye,TEV Zahide Zehra Garring Ortaokulu,736474,Ortaokul,https://tevzzg.meb.k12.tr,,,https://tevzzg.meb.k12.tr/tema/harita.php,2026-08-31,1468,1468,bulundu,https://tevzzg.meb.k12.tr/,2026-10-01T19:28:52.665643+00:00,,Öğrenci Sayısı 1468
İstanbul,Ümraniye,TOGEM-DER Özel Eğitim Meslek Okulu,760262,Özel Eğitim Kurumu,https://togemderozelegitimmeslekokulu.meb.k12.tr,,,https://togemderozelegitimmeslekokulu.meb.k12.tr/tema/harita.php,2026-08-31,134,134,bulundu,https://togemderozelegitimmeslekokulu.meb.k12.tr/,2026-10-01T19:28:52.687796+00:00,,Öğrenci Sayısı : 134
İstanbul,Ümraniye,TOKİ Esenkent Ortaokulu,733750,Ortaokul,https://tokiesenkentortaokulu.meb.k12.tr,,,https://tokiesenkentortaokulu.meb.k12.tr/tema/harita.php,2026-08-31,1452,1452,bulundu,https://tokiesenkentortaokulu.meb.k12.tr/,2026-10-01T19:28:52.695010+00:00,,Öğrenci Sayısı : 1452
İstanbul,Ümraniye,TOKİ Madenler Mevlana İlkokulu,759476,İlkokul,https://madenlermevlanaio.meb.k12.tr,,,https://madenlermevlanaio.meb.k12.tr/tema/harita.php,2026-08-31,1100,1100,bulundu,https://madenlermevlanaio.meb.k12.tr/,2026-10-01T19:28:52.821268+00:00,,Öğrenci Sayısı : 1100
İstanbul,Ümraniye,Teletaş İlkokulu,731650,İlkokul,https://teletasio.meb.k12.tr,,,https://teletasio.meb.k12.tr/tema/harita.php,2026-08-31,1461,1461,bulundu,https://teletasio.meb.k12.tr/,2026-10-01T19:28:52.845630+00:00,,Öğrenci Sayısı : 1461
İstanbul,Ümraniye,TÜRKÇİMENTO Mesleki ve Teknik Anadolu Lisesi,972151,Mesleki ve Teknik Anadolu Lisesi,https://turkcimento.meb.k12.tr,,,https://turkcimento.meb.k12.tr/tema/harita.php,2026-08-31,759,759,bulundu,https://turkcimento.meb.k12.tr/tema/okulumuz_hakkinda.php,2026-10-01T19:28:52.961869+00:00,,Öğrenci : 759
İstanbul,Ümraniye,Yalnız Selvi İlkokulu,777251,İlkokul,https://yalnizselviilkokulu.meb.k12.tr,,,https://yalnizselviilkokulu.meb.k12.tr/tema/harita.php,2026-08-31,289,289,bulundu,https://yalnizselviilkokulu.meb.k12.tr/,2026-10-01T19:28:52.976020+00:00,,Öğrenci Sayısı : 289
İstanbul,Ümraniye,Yamanevler Şehit Emre Büyükyıldırım Ortaokulu,290127,Ortaokul,https://yamanevler.meb.k12.tr,,,https://yamanevler.meb.k12.tr/tema/harita.php,2026-08-31,879,879,bulundu,https://yamanevler.meb.k12.tr/,2026-10-01T19:28:53.070065+00:00,,Öğrenci Sayısı : 879
İstanbul,Ümraniye,Yavuz Selim Ortaokulu,733751,Ortaokul,https://yavuzselimortaokuluumraniye.meb.k12.tr,,,https://yavuzselimortaokuluumraniye.meb.k12.tr/tema/harita.php,2026-08-31,1114,1114,bulundu,https://yavuzselimortaokuluumraniye.meb.k12.tr/,2026-10-01T19:28:53.073470+00:00,,Öğrenci Sayısı 1114
İstanbul,Ümraniye,Yunus Emre Ortaokulu,733759,Ortaokul,https://umraniyeyunusemreortaokulu.meb.k12.tr,,,https://umraniyeyunusemreortaokulu.meb.k12.tr/tema/harita.php,2026-08-31,1108,1108,bulundu,https://umraniyeyunusemreortaokulu.meb.k12.tr/tema/okulumuz_hakkinda.php,2026-10-01T19:28:53.386815+00:00,,Öğrenci : 1108
İstanbul,Ümraniye,Yücel Çelikbilek İmam Hatip Ortaokulu,768189,İmam Hatip Ortaokulu,https://yucelcelikbilekiho.meb.k12.tr,,,https://yucelcelikbilekiho.meb.k12.tr/tema/harita.php,2026-08-31,351,351,bulundu,https://yucelcelikbilekiho.meb.k12.tr/,2026-10-01T19:28:53.466778+00:00,,Öğrenci Sayısı 351
İstanbul,Ümraniye,Zehra Ülker İlkokulu,736465,İlkokul,https://zehraulker.meb.k12.tr,,,https://zehraulker.meb.k12.tr/tema/harita.php,2026-08-31,671,671,bulundu,https://zehraulker.meb.k12.tr/,2026-10-01T19:28:53.525588+00:00,,Öğrenci Sayısı 671
İstanbul,Ümraniye,Zehra-Asım Ülker Anadolu Lisesi,766359,Anadolu Lisesi,https://zehraasimulker.meb.k12.tr,,,https://zehraasimulker.meb.k12.tr/tema/harita.php,2026-08-31,574,574,bulundu,https://zehraasimulker.meb.k12.tr/,2026-10-01T19:28:53.557992+00:00,,Öğrenci Sayısı : 574
İstanbul,Ümraniye,Zübeyde Hanım Ortaokulu,736459,Ortaokul,https://umraniyezubeydehanimoo.meb.k12.tr,,,https://umraniyezubeydehanimoo.meb.k12.tr/tema/harita.php,2026-08-31,1314,1314,bulundu,https://umraniyezubeydehanimoo.meb.k12.tr/,2026-10-01T19:28:53.639281+00:00,,Öğrenci Sayısı 1314
İstanbul,Ümraniye,Zübeyde Hanım İlkokulu,311538,İlkokul,https://umraniyezubeydehanimio.meb.k12.tr,,,https://umraniyezubeydehanimio.meb.k12.tr/tema/harita.php,2026-08-31,701,701,bulundu,https://umraniyezubeydehanimio.meb.k12.tr/,2026-10-01T19:28:53.669288+00:00,,Öğrenci Sayısı: 701
İstanbul,Ümraniye,Çakmak Şehit Mahmut Coşkunsu Ortaokulu,733657,Ortaokul,https://cakmakortaokulu.meb.k12.tr,,,https://cakmakortaokulu.meb.k12.tr/tema/harita.php,2026-08-31,935,935,bulundu,https://cakmakortaokulu.meb.k12.tr/,2026-10-01T19:28:53.863229+00:00,,Öğrenci Sayısı 935
İstanbul,Ümraniye,Ümraniye Anadolu İmam Hatip Lisesi,350749,Anadolu İmam Hatip Lisesi,https://umraniyeaihl.meb.k12.tr,,,https://umraniyeaihl.meb.k12.tr/tema/harita.php,2026-08-31,732,732,bulundu,https://umraniyeaihl.meb.k12.tr/,2026-10-01T19:28:53.870209+00:00,,Öğrenci Sayısı : 732
İstanbul,Ümraniye,Ümraniye Atatürk Mesleki ve Teknik Anadolu Lisesi,342196,Mesleki ve Teknik Anadolu Lisesi,https://umraniyeataturkmeslek.meb.k12.tr,,,https://umraniyeataturkmeslek.meb.k12.tr/tema/harita.php,2026-08-31,1471,1471,bulundu,https://umraniyeataturkmeslek.meb.k12.tr/,2026-10-01T19:28:53.910837+00:00,,Öğrenci Sayısı 1471
İstanbul,Ümraniye,Ümraniye Bilim ve Sanat Merkezi,765047,Bilim ve Sanat Merkezi,https://umraniyebilimvesanatmerkezi.meb.k12.tr,,,https://umraniyebilimvesanatmerkezi.meb.k12.tr/tema/harita.php,2026-08-31,456,456,bulundu,https://umraniyebilimvesanatmerkezi.meb.k12.tr/,2026-10-01T19:28:53.913689+00:00,,Öğrenci Sayısı 456
İstanbul,Ümraniye,Ümraniye Celaleddin Ökten Hoca İmam Hatip Ortaokulu,762267,İmam Hatip Ortaokulu,https://mahmudcelaleddinokteniho.meb.k12.tr,,,https://mahmudcelaleddinokteniho.meb.k12.tr/tema/harita.php,2026-08-31,824,824,bulundu,https://mahmudcelaleddinokteniho.meb.k12.tr/,2026-10-01T19:28:54.149891+00:00,,Öğrenci Sayısı : 824
İstanbul,Ümraniye,Ümraniye Cumhuriyet Mesleki ve Teknik Anadolu Lisesi,745989,Mesleki ve Teknik Anadolu Lisesi,https://umraniyecumhuriyetmtal.meb.k12.tr,,,https://umraniyecumhuriyetmtal.meb.k12.tr/tema/harita.php,2026-08-31,238,238,bulundu,https://umraniyecumhuriyetmtal.meb.k12.tr/,2026-10-01T19:28:54.168994+00:00,,Öğrenci Sayısı : 238
İstanbul,Ümraniye,Ümraniye Halk Eğitimi Merkezi,224570,Halk Eğitimi Merkezi,https://umraniyehem.meb.k12.tr,,,https://umraniyehem.meb.k12.tr/tema/harita.php,2026-08-31,,,bulunamadi,,2026-10-01T19:28:54.191353+00:00,,
İstanbul,Ümraniye,Ümraniye Halkbank Ortaokulu,775649,Ortaokul,https://halkbankortaokulu.meb.k12.tr,,,https://halkbankortaokulu.meb.k12.tr/tema/harita.php,2026-08-31,1022,1022,bulundu,https://halkbankortaokulu.meb.k12.tr/,2026-10-01T19:28:54.318937+00:00,,Öğrenci Sayısı 1022
İstanbul,Ümraniye,Ümraniye Merkez Anadolu Lisesi,162808,Anadolu Lisesi,https://umraniyemerkezal.meb.k12.tr,,,https://umraniyemerkezal.meb.k12.tr/tema/harita.php,2026-08-31,1141,1141,bulundu,https://umraniyemerkezal.meb.k12.tr/,2026-10-01T19:28:54.377851+00:00,,Öğrenci Sayısı 1141
İstanbul,Ümraniye,Ümraniye Merkez İmam Hatip Ortaokulu,735380,İmam Hatip Ortaokulu,https://umraniyemerkeziho.meb.k12.tr,,,https://umraniyemerkeziho.meb.k12.tr/tema/harita.php,2026-08-31,631,631,bulundu,https://umraniyemerkeziho.meb.k12.tr/,2026-10-01T19:28:54.400936+00:00,,Öğrenci Sayısı : 631
İstanbul,Ümraniye,Ümraniye Mesleki ve Teknik Anadolu Lisesi,162870,Mesleki ve Teknik Anadolu Lisesi,https://umraniye.meb.k12.tr,,,https://umraniye.meb.k12.tr/tema/harita.php,2026-08-31,1038,1038,bulundu,https://umraniye.meb.k12.tr/tema/okulumuz_hakkinda.php,2026-10-01T19:28:54.423597+00:00,,Öğrenci : 1038
İstanbul,Ümraniye,Ümraniye Rehberlik ve Araştırma Merkezi,888927,Rehberlik ve Araştırma Merkezi,https://umraniyeram.meb.k12.tr,,,https://umraniyeram.meb.k12.tr/tema/harita.php,2026-08-31,,,bulunamadi,,2026-10-01T19:28:54.572078+00:00,,
İstanbul,Ümraniye,Ümraniye Vakıfbank İlkokulu,777166,İlkokul,https://umraniyevakifbankio.meb.k12.tr,,,https://umraniyevakifbankio.meb.k12.tr/tema/harita.php,2026-08-31,333,333,bulundu,https://umraniyevakifbankio.meb.k12.tr/,2026-10-01T19:28:54.615363+00:00,,Öğrenci Sayısı 333
İstanbul,Ümraniye,Ümraniye Şehit Abdullah Yasir Binici İlkokulu,731653,İlkokul,https://umraniyeilkokulu.meb.k12.tr,,,https://umraniyeilkokulu.meb.k12.tr/tema/harita.php,2026-08-31,589,589,bulundu,https://umraniyeilkokulu.meb.k12.tr/,2026-10-01T19:28:54.727599+00:00,,Öğrenci Sayısı: 589
İstanbul,Ümraniye,Ümraniye Şehit Erol Olçok Kız Anadolu İmam Hatip Lisesi,762197,Anadolu İmam Hatip Lisesi,https://erololcokaihl.meb.k12.tr,,,https://erololcokaihl.meb.k12.tr/tema/harita.php,2026-08-31,689,689,bulundu,https://erololcokaihl.meb.k12.tr/,2026-10-01T19:28:54.759185+00:00,,Öğrenci Sayısı : 689
İstanbul,Ümraniye,İMES Süheyl Erboz Mesleki Eğitim Merkezi,970540,Mesleki Eğitim Merkezi,https://imesmem.meb.k12.tr,,,https://imesmem.meb.k12.tr/tema/harita.php,2026-08-31,1231,1231,bulundu,https://imesmem.meb.k12.tr/tema/okulumuz_hakkinda.php,2026-10-01T19:28:54.801937+00:00,,Öğrenci : 1231
İstanbul,Ümraniye,İnanç Türkeş Ortaokulu,733658,Ortaokul,https://inancturkesortaokulu.meb.k12.tr,,,https://inancturkesortaokulu.meb.k12.tr/tema/harita.php,2026-08-31,808,808,bulundu,https://inancturkesortaokulu.meb.k12.tr/,2026-10-01T19:28:54.828002+00:00,,Öğrenci Sayısı 808
İstanbul,Ümraniye,İnkılap İlkokulu,849525,İlkokul,https://inkilapilkokulu.meb.k12.tr,,,https://inkilapilkokulu.meb.k12.tr/tema/harita.php,2026-08-31,1249,1249,bulundu,https://inkilapilkokulu.meb.k12.tr/,2026-10-01T19:28:55.026699+00:00,,Öğrenci Sayısı : 1249
İstanbul,Ümraniye,İstanbul Finans Merkezi Anaokulu,775733,Anaokulu,https://ifmanaokulu.meb.k12.tr,,,https://ifmanaokulu.meb.k12.tr/tema/harita.php,2026-08-31,1,1,bulundu,https://ifmanaokulu.meb.k12.tr/,2026-10-01T19:28:55.278587+00:00,,Öğrenci Sayısı 1
İstanbul,Ümraniye,İstanbul Finans Merkezi Ortaokulu,775279,Ortaokul,https://ifmo.meb.k12.tr,,,https://ifmo.meb.k12.tr/tema/harita.php,2026-08-31,551,551,bulundu,https://ifmo.meb.k12.tr/,2026-10-01T19:28:55.292025+00:00,,Öğrenci Sayısı 551
İstanbul,Ümraniye,İstanbul Finans Merkezi İlkokulu,775281,İlkokul,https://ifmi.meb.k12.tr,,,https://ifmi.meb.k12.tr/tema/harita.php,2026-08-31,675,675,bulundu,https://ifmi.meb.k12.tr/,2026-10-01T19:28:55.305857+00:00,,Öğrenci Sayısı 675
İstanbul,Ümraniye,İstanbul Ticaret Odası Ortaokulu,736576,Ortaokul,https://itoortaokulu.meb.k12.tr,,,https://itoortaokulu.meb.k12.tr/tema/harita.php,2026-08-31,824,824,bulundu,https://itoortaokulu.meb.k12.tr/tema/okulumuz_hakkinda.php,2026-10-01T19:28:55.316871+00:00,,Öğrenci : 824
İstanbul,Ümraniye,İstanbul Ticaret Odası İlkokulu,736580,İlkokul,https://umraniyeitoilkokulu.meb.k12.tr,,,https://umraniyeitoilkokulu.meb.k12.tr/tema/harita.php,2026-08-31,895,895,bulundu,https://umraniyeitoilkokulu.meb.k12.tr/,2026-10-01T19:28:55.331810+00:00,,Öğrenci Sayısı : 895
İstanbul,Ümraniye,İstiklal Şehit Lokman Oktay Ortaokulu,384948,Ortaokul,https://umraniyeistiklalortaokulu.meb.k12.tr,,,https://umraniyeistiklalortaokulu.meb.k12.tr/tema/harita.php,2026-08-31,1258,1258,bulundu,https://umraniyeistiklalortaokulu.meb.k12.tr/,2026-10-01T19:28:56.129615+00:00,,Öğrenci Sayısı : 1258
İstanbul,Ümraniye,Şakire Hanım Özel Eğitim Uygulama Okulu I. Kademe,747107,Özel Eğitim Kurumu,https://sakirehanim.meb.k12.tr,,,https://sakirehanim.meb.k12.tr/tema/harita.php,2026-08-31,94,94,bulundu,https://sakirehanim.meb.k12.tr/,2026-10-01T19:28:56.242561+00:00,,Öğrenci Sayısı : 94
İstanbul,Ümraniye,Şakire Hanım Özel Eğitim Uygulama Okulu II. Kademe,747361,Özel Eğitim Kurumu,https://sakirehanim2.meb.k12.tr,,,https://sakirehanim2.meb.k12.tr/tema/harita.php,2026-08-31,58,58,bulundu,https://sakirehanim2.meb.k12.tr/,2026-10-01T19:28:56.307893+00:00,,Öğrenci Sayısı 58
İstanbul,Ümraniye,Şehit Ahmet Kılıçarslan İlkokulu,736629,İlkokul,https://ahmetkilicarslanilkokulu.meb.k12.tr,,,https://ahmetkilicarslanilkokulu.meb.k12.tr/tema/harita.php,2026-08-31,1124,1124,bulundu,https://ahmetkilicarslanilkokulu.meb.k12.tr/,2026-10-01T19:28:56.423422+00:00,,Öğrenci Sayısı 1124
İstanbul,Ümraniye,Şehit Askeri Çoban İlkokulu,731636,İlkokul,https://sehitaskericoban.meb.k12.tr,,,https://sehitaskericoban.meb.k12.tr/tema/harita.php,2026-08-31,927,927,bulundu,https://sehitaskericoban.meb.k12.tr/,2026-10-01T19:28:56.427618+00:00,,Öğrenci Sayısı: 927
İstanbul,Ümraniye,Şehit Erol İnce Kız Anadolu İmam Hatip Lisesi,762195,Anadolu İmam Hatip Lisesi,https://sehiterolincekaihl.meb.k12.tr,,,https://sehiterolincekaihl.meb.k12.tr/tema/harita.php,2026-08-31,734,734,bulundu,https://sehiterolincekaihl.meb.k12.tr/,2026-10-01T19:28:56.432499+00:00,,Öğrenci Sayısı : 734
İstanbul,Ümraniye,Şehit Fatih Mehmethan İlkokulu,736645,İlkokul,https://sehitfatihmehmethanio.meb.k12.tr,,,https://sehitfatihmehmethanio.meb.k12.tr/tema/harita.php,2026-08-31,930,930,bulundu,https://sehitfatihmehmethanio.meb.k12.tr/,2026-10-01T19:28:56.514056+00:00,,Öğrenci Sayısı : 930
İstanbul,Ümraniye,Şehit Köksal Karmil Ortaokulu,733650,Ortaokul,https://sehitkoksalkarmil.meb.k12.tr,,,https://sehitkoksalkarmil.meb.k12.tr/tema/harita.php,2026-08-31,868,868,bulundu,https://sehitkoksalkarmil.meb.k12.tr/,2026-10-01T19:28:56.653007+00:00,,Öğrenci Sayısı 868
İstanbul,Ümraniye,Şehit Köksal Karmil İmam Hatip Ortaokulu,735379,İmam Hatip Ortaokulu,https://sehitkoksalkarmiliho.meb.k12.tr,,,https://sehitkoksalkarmiliho.meb.k12.tr/tema/harita.php,2026-08-31,283,283,bulundu,https://sehitkoksalkarmiliho.meb.k12.tr/,2026-10-01T19:28:56.675343+00:00,,Öğrenci Sayısı 283
İstanbul,Ümraniye,Şehit Numan Şeref Datlı İlkokulu,736483,İlkokul,https://sehitnumanserefdatliilkokulu.meb.k12.tr,,,https://sehitnumanserefdatliilkokulu.meb.k12.tr/tema/harita.php,2026-08-31,1313,1313,bulundu,https://sehitnumanserefdatliilkokulu.meb.k12.tr/tema/okulumuz_hakkinda.php,2026-10-01T19:28:56.773884+00:00,,Öğrenci : 1313
İstanbul,Ümraniye,Şehit Sevgi Yeşilyurt Anaokulu,770201,Anaokulu,https://770201.meb.k12.tr,,,https://770201.meb.k12.tr/tema/harita.php,2026-08-31,295,295,bulundu,https://770201.meb.k12.tr/,2026-10-01T19:28:56.865521+00:00,,Öğrenci Sayısı: 295
İstanbul,Ümraniye,Şehit Sevgi Yeşilyurt İlkokulu,736538,İlkokul,https://sehitsevgiyesilyurtio.meb.k12.tr,,,https://sehitsevgiyesilyurtio.meb.k12.tr/tema/harita.php,2026-08-31,1446,1446,bulundu,https://sehitsevgiyesilyurtio.meb.k12.tr/,2026-10-01T19:28:56.977027+00:00,,Öğrenci Sayısı 1446
İstanbul,Ümraniye,Şehit Sevgi Yeşilyurt İmam Hatip Ortaokulu,763908,İmam Hatip Ortaokulu,https://umrsehitsevgiyesilyurtihoo.meb.k12.tr,,,https://umrsehitsevgiyesilyurtihoo.meb.k12.tr/tema/harita.php,2026-08-31,210,210,bulundu,https://umrsehitsevgiyesilyurtihoo.meb.k12.tr/tema/okulumuz_hakkinda.php,2026-10-01T19:28:57.075286+00:00,,Öğrenci : 210
İstanbul,Ümraniye,Şehit Öğretmen Ahmet Onay Ortaokulu,749136,Ortaokul,https://ahmetonay.meb.k12.tr,,,https://ahmetonay.meb.k12.tr/tema/harita.php,2026-08-31,501,501,bulundu,https://ahmetonay.meb.k12.tr/,2026-10-01T19:28:57.094931+00:00,,Öğrenci Sayısı 501
İstanbul,Ümraniye,Şehit Öğretmen Sevda Aydoğan İlkokulu,736490,İlkokul,https://sevdaaydoganilkokulu.meb.k12.tr,,,https://sevdaaydoganilkokulu.meb.k12.tr/tema/harita.php,2026-08-31,762,762,bulundu,https://sevdaaydoganilkokulu.meb.k12.tr/,2026-10-01T19:28:57.129159+00:00,,Öğrenci Sayısı 762
İstanbul,Ümraniye,Şehit Öğretmen Yasemin Tekin İlkokulu,731651,İlkokul,https://yasemintekinumraniye.meb.k12.tr,,,https://yasemintekinumraniye.meb.k12.tr/tema/harita.php,2026-08-31,418,418,bulundu,https://yasemintekinumraniye.meb.k12.tr/,2026-10-01T19:28:57.173615+00:00,,Öğrenci Sayısı: 418
İstanbul,Ümraniye,Şehit Öğretmen Yasemin Tekin İmam Hatip Ortaokulu,735363,İmam Hatip Ortaokulu,https://yasemintekiniho.meb.k12.tr,,,https://yasemintekiniho.meb.k12.tr/tema/harita.php,2026-08-31,195,195,bulundu,https://yasemintekiniho.meb.k12.tr/,2026-10-01T19:28:57.207809+00:00,,Öğrenci Sayısı 195
İstanbul,Ümraniye,Şehit Şeyda Yılmaz İmam Hatip Ortaokulu,760342,İmam Hatip Ortaokulu,https://sehitseydayilmazimamhatip.meb.k12.tr,,,https://sehitseydayilmazimamhatip.meb.k12.tr/tema/harita.php,2026-08-31,830,830,bulundu,https://sehitseydayilmazimamhatip.meb.k12.tr/,2026-10-01T19:28:57.263167+00:00,,Öğrenci Sayısı 830
İstanbul,Üsküdar,15 Temmuz Gazileri Anadolu Lisesi,767293,Anadolu Lisesi,https://15temmuzgazilerial.meb.k12.tr,,,https://15temmuzgazilerial.meb.k12.tr/tema/harita.php,2026-08-31,852,852,bulundu,https://15temmuzgazilerial.meb.k12.tr/,2026-10-01T19:28:57.288676+00:00,,Öğrenci Sayısı 852
İstanbul,Üsküdar,3. Selim İlkokulu,736395,İlkokul,https://3selimilkokulu.meb.k12.tr,,,https://3selimilkokulu.meb.k12.tr/tema/harita.php,2026-08-31,510,510,bulundu,https://3selimilkokulu.meb.k12.tr/,2026-10-01T19:28:57.340667+00:00,,Öğrenci Sayısı : 510
İstanbul,Üsküdar,4. Murat İlkokulu,736280,İlkokul,https://4muratilkokulu.meb.k12.tr,,,https://4muratilkokulu.meb.k12.tr/tema/harita.php,2026-08-31,583,583,bulundu,https://4muratilkokulu.meb.k12.tr/,2026-10-01T19:28:57.371797+00:00,,Öğrenci Sayısı 583
İstanbul,Üsküdar,Abidin Gün İlkokulu,731659,İlkokul,https://abidingunilkokulu.meb.k12.tr,,,https://abidingunilkokulu.meb.k12.tr/tema/harita.php,2026-08-31,106,106,bulundu,https://abidingunilkokulu.meb.k12.tr/,2026-10-01T19:28:57.403352+00:00,,Öğrenci Sayısı 106
İstanbul,Üsküdar,Acıbadem Türk Telekom Şehit Mete Sertbaş Ortaokulu,733773,Ortaokul,https://acibademturktelekomortaokulu.meb.k12.tr,,,https://acibademturktelekomortaokulu.meb.k12.tr/tema/harita.php,2026-08-31,592,592,bulundu,https://acibademturktelekomortaokulu.meb.k12.tr/,2026-10-01T19:28:57.538250+00:00,,Öğrenci Sayısı 592
İstanbul,Üsküdar,Ahmet Ratıp Paşa Güzel Sanatlar Lisesi,768415,Güzel Sanatlar Lisesi,https://ahmetratippasagsl.meb.k12.tr,,,https://ahmetratippasagsl.meb.k12.tr/tema/harita.php,2026-08-31,310,310,bulundu,https://ahmetratippasagsl.meb.k12.tr/,2026-10-01T19:28:57.583115+00:00,,Öğrenci Sayısı 310
İstanbul,Üsküdar,Ahmet Yüksel Özemre Bilim ve Sanat Merkezi,766164,Bilim ve Sanat Merkezi,https://ahmetyukselozemrebilsem.meb.k12.tr,,,https://ahmetyukselozemrebilsem.meb.k12.tr/tema/harita.php,2026-08-31,876,876,bulundu,https://ahmetyukselozemrebilsem.meb.k12.tr/,2026-10-01T19:28:57.596970+00:00,,Öğrenci Sayısı 876
İstanbul,Üsküdar,Ahmet Yüksel Özemre Bilim ve Sanat Merkezi Anaokulu,769312,Bilim ve Sanat Merkezi,https://769312.meb.k12.tr,,,https://769312.meb.k12.tr/tema/harita.php,2026-08-31,0,0,bulundu,https://769312.meb.k12.tr/,2026-10-01T19:28:57.597849+00:00,,Öğrenci Sayısı : 0
İstanbul,Üsküdar,Ali Fuat Başgil Kız Anadolu İmam Hatip Lisesi,765117,Anadolu İmam Hatip Lisesi,https://alifuatbasgilimamhatip.meb.k12.tr,,,https://alifuatbasgilimamhatip.meb.k12.tr/tema/harita.php,2026-08-31,248,248,bulundu,https://alifuatbasgilimamhatip.meb.k12.tr/,2026-10-01T19:28:57.810383+00:00,,Öğrenci Sayısı 248
İstanbul,Üsküdar,Altunizade Hafize Özal Ortaokulu,736324,Ortaokul,https://ahafizeozalortaokulu.meb.k12.tr,,,https://ahafizeozalortaokulu.meb.k12.tr/tema/harita.php,2026-08-31,580,580,bulundu,https://ahafizeozalortaokulu.meb.k12.tr/,2026-10-01T19:28:57.815056+00:00,,Öğrenci Sayısı 580
İstanbul,Üsküdar,Araştırma Geliştirme Eğitim ve Uygulama Merkezi Lisesi,763831,Özel Eğitim Kurumu,https://argem.meb.k12.tr,,,https://argem.meb.k12.tr/tema/harita.php,2026-08-31,127,127,bulundu,https://argem.meb.k12.tr/,2026-10-01T19:28:57.834778+00:00,,Öğrenci Sayısı : 127
İstanbul,Üsküdar,Araştırma Geliştirme Eğitim ve Uygulama Merkezi Ortaokulu,763832,Özel Eğitim Kurumu,https://763832.meb.k12.tr,,,https://763832.meb.k12.tr/tema/harita.php,2026-08-31,,,bulunamadi,,2026-10-01T19:28:57.961189+00:00,,