Ağrı,Tutak,Batmış İlkokulu,710976,İlkokul,https://tutakbatmisilkokulu.meb.k12.tr,,,https://tutakbatmisilkokulu.meb.k12.tr/tema/harita.php,2026-08-31,34,34,bulundu,https://tutakbatmisilkokulu.meb.k12.tr/,2026-10-01T18:31:33.922829+00:00,,Öğrenci Sayısı: 34
Ağrı,Tutak,Bayındır İlkokulu,710982,İlkokul,https://tutakbayindirilkokulu.meb.k12.tr,,,https://tutakbayindirilkokulu.meb.k12.tr/tema/harita.php,2026-08-31,16,16,bulundu,https://tutakbayindirilkokulu.meb.k12.tr/,2026-10-01T18:31:33.933896+00:00,,Öğrenci Sayısı: 16
Ağrı,Tutak,Bintosun Ortaokulu,745274,Ortaokul,https://bintosunortaokulu.meb.k12.tr,,,https://bintosunortaokulu.meb.k12.tr/tema/harita.php,2026-08-31,65,65,bulundu,https://bintosunortaokulu.meb.k12.tr/,2026-10-01T18:31:34.025997+00:00,,Öğrenci Sayısı : 65
Ağrı,Tutak,Bintosun İlkokulu,745267,İlkokul,https://bintosunilkokulu.meb.k12.tr,,,https://bintosunilkokulu.meb.k12.tr/tema/harita.php,2026-08-31,92,92,bulundu,https://bintosunilkokulu.meb.k12.tr/tema/okulumuz_hakkinda.php,2026-10-01T18:31:34.034964+00:00,,Öğrenci : 92
Ağrı,Tutak,Bişi İlkokulu,769044,İlkokul,https://769044.meb.k12.tr,,,https://769044.meb.k12.tr/tema/harita.php,2026-08-31,0,0,bulundu,https://769044.meb.k12.tr/,2026-10-01T18:31:34.063723+00:00,,Öğrenci Sayısı : 0
Ağrı,Tutak,Bolaşlı İlkokulu,710990,İlkokul,https://bolasl.meb.k12.tr,,,https://bolasl.meb.k12.tr/tema/harita.php,2026-08-31,12,12,bulundu,https://bolasl.meb.k12.tr/,2026-10-01T18:31:34.251862+00:00,,Öğrenci Sayısı: 12
Ağrı,Tutak,Bozkaş İlkokulu,710992,İlkokul,https://tutakbozkasilkokulu.meb.k12.tr,,,https://tutakbozkasilkokulu.meb.k12.tr/tema/harita.php,2026-08-31,28,28,bulundu,https://tutakbozkasilkokulu.meb.k12.tr/,2026-10-01T18:31:34.305863+00:00,,Öğrenci Sayısı 28
Ağrı,Tutak,Burnubulak Ortaokulu,726204,Ortaokul,https://burnubulakortaokulu.meb.k12.tr,,,https://burnubulakortaokulu.meb.k12.tr/tema/harita.php,2026-08-31,72,72,bulundu,https://burnubulakortaokulu.meb.k12.tr/tema/okulumuz_hakkinda.php,2026-10-01T18:31:34.309439+00:00,,Öğrenci : 72
Ağrı,Tutak,Burnubulak İlkokulu,726206,İlkokul,https://tutakburnubulakilkokulu.meb.k12.tr,,,https://tutakburnubulakilkokulu.meb.k12.tr/tema/harita.php,2026-08-31,50,50,bulundu,https://tutakburnubulakilkokulu.meb.k12.tr/,2026-10-01T18:31:34.520454+00:00,,Öğrenci Sayısı : 50
Ağrı,Tutak,Daldalık İlkokulu,711011,İlkokul,https://daldalkilkokulu.meb.k12.tr,,,https://daldalkilkokulu.meb.k12.tr/tema/harita.php,2026-08-31,12,12,bulundu,https://daldalkilkokulu.meb.k12.tr/,2026-10-01T18:31:34.537926+00:00,,Öğrenci Sayısı : 12
Ağrı,Tutak,Damlakaya İlkokulu,711020,İlkokul,https://damlakayailkokulu.meb.k12.tr,,,https://damlakayailkokulu.meb.k12.tr/tema/harita.php,2026-08-31,33,33,bulundu,https://damlakayailkokulu.meb.k12.tr/,2026-10-01T18:31:34.547842+00:00,,Öğrenci Sayısı 33
Ağrı,Tutak,Dayıpınar İlkokulu,879404,İlkokul,https://daypnar.meb.k12.tr,,,https://daypnar.meb.k12.tr/tema/harita.php,2026-08-31,20,20,bulundu,https://daypnar.meb.k12.tr/,2026-10-01T18:31:34.708825+00:00,,Öğrenci Sayısı 20
Ağrı,Tutak,Dağlıca İlkokulu,711005,İlkokul,https://daglica.meb.k12.tr,,,https://daglica.meb.k12.tr/tema/harita.php,2026-08-31,19,19,bulundu,https://daglica.meb.k12.tr/,2026-10-01T18:31:34.783857+00:00,,Öğrenci Sayısı 19
Ağrı,Tutak,Dibelek İlkokulu,772345,İlkokul,https://772345.meb.k12.tr,,,https://772345.meb.k12.tr/tema/harita.php,2026-08-31,20,20,bulundu,https://772345.meb.k12.tr/,2026-10-01T18:31:34.851817+00:00,,Öğrenci Sayısı : 20
Ağrı,Tutak,Dikbıyık Ortaokulu,726273,Ortaokul,https://dikbyk_ortaokulu.meb.k12.tr,,,https://dikbyk_ortaokulu.meb.k12.tr/tema/harita.php,2026-08-31,,,bulunamadi,,2026-10-01T18:31:34.899192+00:00,,
Ağrı,Tutak,Dikbıyık İlkokulu,726276,İlkokul,https://dikbyk_ilkokulu.meb.k12.tr,,,https://dikbyk_ilkokulu.meb.k12.tr/tema/harita.php,2026-08-31,,,bulunamadi,,2026-10-01T18:31:34.980153+00:00,,
Ağrı,Tutak,Dikme İlkokulu,711109,İlkokul,https://tutakdikmeilkokulu.meb.k12.tr,,,https://tutakdikmeilkokulu.meb.k12.tr/tema/harita.php,2026-08-31,16,16,bulundu,https://tutakdikmeilkokulu.meb.k12.tr/,2026-10-01T18:31:35.035861+00:00,,Öğrenci Sayısı 16
Ağrı,Tutak,Dorukdibi Ortaokulu,775868,Ortaokul,https://dorukdibiilkortaokulu.meb.k12.tr,,,https://dorukdibiilkortaokulu.meb.k12.tr/tema/harita.php,2026-08-31,71,71,bulundu,https://dorukdibiilkortaokulu.meb.k12.tr/,2026-10-01T18:31:35.088866+00:00,,Öğrenci Sayısı 71
Ağrı,Tutak,Dorukdibi İlkokulu,726291,İlkokul,https://dorukdibiilkokulu.meb.k12.tr,,,https://dorukdibiilkokulu.meb.k12.tr/tema/harita.php,2026-08-31,126,126,bulundu,https://dorukdibiilkokulu.meb.k12.tr/,2026-10-01T18:31:35.531390+00:00,,Öğrenci Sayısı : 126
Ağrı,Tutak,Dönertaş İlkokulu,711122,İlkokul,https://tutakdonertasilkokulu.meb.k12.tr,,,https://tutakdonertasilkokulu.meb.k12.tr/tema/harita.php,2026-08-31,49,49,bulundu,https://tutakdonertasilkokulu.meb.k12.tr/,2026-10-01T18:31:35.859901+00:00,,Öğrenci Sayısı: 49
Ağrı,Tutak,Döşkaya İlkokulu,711125,İlkokul,https://dkaya.meb.k12.tr,,,https://dkaya.meb.k12.tr/tema/harita.php,2026-08-31,41,41,bulundu,https://dkaya.meb.k12.tr/,2026-10-01T18:31:35.904189+00:00,,Öğrenci Sayısı: 41
Ağrı,Tutak,Ekincek İlkokulu,711129,İlkokul,https://ekincekilkokulu.meb.k12.tr,,,https://ekincekilkokulu.meb.k12.tr/tema/harita.php,2026-08-31,24,24,bulundu,https://ekincekilkokulu.meb.k12.tr/,2026-10-01T18:31:36.048664+00:00,,Öğrenci Sayısı : 24
Ağrı,Tutak,Erdal Ortaokulu,726384,Ortaokul,https://tutakerdal.meb.k12.tr,,,https://tutakerdal.meb.k12.tr/tema/harita.php,2026-08-31,209,209,bulundu,https://tutakerdal.meb.k12.tr/,2026-10-01T18:31:36.051802+00:00,,Öğrenci Sayısı 209
Ağrı,Tutak,Erdal İlkokulu,591100,İlkokul,https://erdal.meb.k12.tr,,,https://erdal.meb.k12.tr/tema/harita.php,2026-08-31,59,59,bulundu,https://erdal.meb.k12.tr/,2026-10-01T18:31:36.063783+00:00,,Öğrenci Sayısı: 59
Ağrı,Tutak,Esat Demir İlkokulu,752126,İlkokul,https://esatdemirilkokulu.meb.k12.tr,,,https://esatdemirilkokulu.meb.k12.tr/tema/harita.php,2026-08-31,95,95,bulundu,https://esatdemirilkokulu.meb.k12.tr/,2026-10-01T18:31:36.199576+00:00,,Öğrenci Sayısı 95
Ağrı,Tutak,Esmer İlkokulu,711135,İlkokul,https://esmer.meb.k12.tr,,,https://esmer.meb.k12.tr/tema/harita.php,2026-08-31,16,16,bulundu,https://esmer.meb.k12.tr/,2026-10-01T18:31:36.205834+00:00,,Öğrenci Sayısı 16
Ağrı,Tutak,Fatih Sultan Mehmet İlkokulu,714873,İlkokul,https://tutakfsm.meb.k12.tr,,,https://tutakfsm.meb.k12.tr/tema/harita.php,2026-08-31,107,107,bulundu,https://tutakfsm.meb.k12.tr/,2026-10-01T18:31:36.249498+00:00,,Öğrenci Sayısı : 107
Ağrı,Tutak,Gazi İlkokulu,726146,İlkokul,https://tutakgaziilkokulu.meb.k12.tr,,,https://tutakgaziilkokulu.meb.k12.tr/tema/harita.php,2026-08-31,302,302,bulundu,https://tutakgaziilkokulu.meb.k12.tr/,2026-10-01T18:31:36.329094+00:00,,Öğrenci Sayısı 302
Ağrı,Tutak,Geçimli İlkokulu,711146,İlkokul,https://gecimliilkokulu.meb.k12.tr,,,https://gecimliilkokulu.meb.k12.tr/tema/harita.php,2026-08-31,31,31,bulundu,https://gecimliilkokulu.meb.k12.tr/,2026-10-01T18:31:36.443807+00:00,,Öğrenci Sayısı : 31
Ağrı,Tutak,Gültepe İlkokulu,772349,İlkokul,https://772349.meb.k12.tr,,,https://772349.meb.k12.tr/tema/harita.php,2026-08-31,14,14,bulundu,https://772349.meb.k12.tr/,2026-10-01T18:31:36.475920+00:00,,Öğrenci Sayısı: 14
Ağrı,Tutak,Gülçimen İlkokulu,711155,İlkokul,https://gulcimenilkokulu.meb.k12.tr,,,https://gulcimenilkokulu.meb.k12.tr/tema/harita.php,2026-08-31,37,37,bulundu,https://gulcimenilkokulu.meb.k12.tr/,2026-10-01T18:31:36.479421+00:00,,Öğrenci Sayısı: 37
Ağrı,Tutak,Güneşgören İlkokulu,711184,İlkokul,https://gunesgoren.meb.k12.tr,,,https://gunesgoren.meb.k12.tr/tema/harita.php,2026-08-31,17,17,bulundu,https://gunesgoren.meb.k12.tr/,2026-10-01T18:31:36.545325+00:00,,Öğrenci Sayısı: 17
Ağrı,Tutak,Hacıyusuf Ortaokulu,726411,Ortaokul,https://haciyusufortaokulu.meb.k12.tr,,,https://haciyusufortaokulu.meb.k12.tr/tema/harita.php,2026-08-31,50,50,bulundu,https://haciyusufortaokulu.meb.k12.tr/,2026-10-01T18:31:36.584237+00:00,,Öğrenci Sayısı: 50
Ağrı,Tutak,Hacıyusuf İlkokulu,726414,İlkokul,https://haciyusufilkokulu.meb.k12.tr,,,https://haciyusufilkokulu.meb.k12.tr/tema/harita.php,2026-08-31,80,80,bulundu,https://haciyusufilkokulu.meb.k12.tr/,2026-10-01T18:31:36.756603+00:00,,Öğrenci Sayısı: 80
Ağrı,Tutak,Hürriyet İlkokulu,711191,İlkokul,https://hurriyet04.meb.k12.tr,,,https://hurriyet04.meb.k12.tr/tema/harita.php,2026-08-31,449,449,bulundu,https://hurriyet04.meb.k12.tr/,2026-10-01T18:31:36.818169+00:00,,Öğrenci Sayısı 449
Ağrı,Tutak,Karaağaç Ortaokulu,726340,Ortaokul,https://tutakkaraagacortaokulu.meb.k12.tr,,,https://tutakkaraagacortaokulu.meb.k12.tr/tema/harita.php,2026-08-31,99,99,bulundu,https://tutakkaraagacortaokulu.meb.k12.tr/,2026-10-01T18:31:36.834600+00:00,,Öğrenci Sayısı 99
Ağrı,Tutak,Karaağaç İlkokulu,726345,İlkokul,https://tutakkaraagacilkokulu.meb.k12.tr,,,https://tutakkaraagacilkokulu.meb.k12.tr/tema/harita.php,2026-08-31,54,54,bulundu,https://tutakkaraagacilkokulu.meb.k12.tr/tema/okulumuz_hakkinda.php,2026-10-01T18:31:36.986275+00:00,,Öğrenci : 54
Ağrı,Tutak,Karacan Kuşkaya İlkokulu,772344,İlkokul,https://772344.meb.k12.tr,,,https://772344.meb.k12.tr/tema/harita.php,2026-08-31,0,0,bulundu,https://772344.meb.k12.tr/,2026-10-01T18:31:37.075288+00:00,,Öğrenci Sayısı : 0
Ağrı,Tutak,Karacan Ortaokulu,726447,Ortaokul,https://karacanortaokulu.meb.k12.tr,,,https://karacanortaokulu.meb.k12.tr/tema/harita.php,2026-08-31,32,32,bulundu,https://karacanortaokulu.meb.k12.tr/tema/okulumuz_hakkinda.php,2026-10-01T18:31:37.158775+00:00,,Öğrenci : 32
Ağrı,Tutak,Karacan İlkokulu,726448,İlkokul,https://karacanilkokulu.meb.k12.tr,,,https://karacanilkokulu.meb.k12.tr/tema/harita.php,2026-08-31,43,43,bulundu,https://karacanilkokulu.meb.k12.tr/,2026-10-01T18:31:37.405506+00:00,,Öğrenci Sayısı: 43
Ağrı,Tutak,Karahan İlkokulu,711210,İlkokul,https://tutakkarahanilkokulu.meb.k12.tr,,,https://tutakkarahanilkokulu.meb.k12.tr/tema/harita.php,2026-08-31,35,35,bulundu,https://tutakkarahanilkokulu.meb.k12.tr/,2026-10-01T18:31:37.431431+00:00,,Öğrenci Sayısı: 35
Ağrı,Tutak,Kazım Karabekir Ortaokulu,714811,Ortaokul,https://tutakkarabekir.meb.k12.tr,,,https://tutakkarabekir.meb.k12.tr/tema/harita.php,2026-08-31,219,219,bulundu,https://tutakkarabekir.meb.k12.tr/,2026-10-01T18:31:37.496196+00:00,,Öğrenci Sayısı 219
Ağrı,Tutak,Kaşönü İlkokulu,768918,İlkokul,https://768918.meb.k12.tr,,,https://768918.meb.k12.tr/tema/harita.php,2026-08-31,11,11,bulundu,https://768918.meb.k12.tr/,2026-10-01T18:31:37.584031+00:00,,Öğrenci Sayısı: 11
Ağrı,Tutak,Kılıçgediği İlkokulu,769049,İlkokul,https://769049.meb.k12.tr,,,https://769049.meb.k12.tr/tema/harita.php,2026-08-31,6,6,bulundu,https://769049.meb.k12.tr/,2026-10-01T18:31:37.678129+00:00,,Öğrenci Sayısı: 6
Ağrı,Tutak,Mehmet Şükrü Balcı Anadolu Lisesi,966390,Anadolu Lisesi,https://msbanadolulisesi.meb.k12.tr,,,https://msbanadolulisesi.meb.k12.tr/tema/harita.php,2026-08-31,494,494,bulundu,https://msbanadolulisesi.meb.k12.tr/,2026-10-01T18:31:37.735594+00:00,,Öğrenci Sayısı : 494
Ağrı,Tutak,Minik Kalpler Anaokulu,765975,Anaokulu,https://tutakminikkalpleranaokulu.meb.k12.tr,,,https://tutakminikkalpleranaokulu.meb.k12.tr/tema/harita.php,2026-08-31,60,60,bulundu,https://tutakminikkalpleranaokulu.meb.k12.tr/,2026-10-01T18:31:37.757781+00:00,,Öğrenci Sayısı 60
Ağrı,Tutak,Mızrak İlkokulu,711235,İlkokul,https://mizrakilkokulu.meb.k12.tr,,,https://mizrakilkokulu.meb.k12.tr/tema/harita.php,2026-08-31,22,22,bulundu,https://mizrakilkokulu.meb.k12.tr/,2026-10-01T18:31:37.771183+00:00,,Öğrenci Sayısı 22
Ağrı,Tutak,Ortayamaç İlkokulu,853330,İlkokul,https://ortayamac.meb.k12.tr,,,https://ortayamac.meb.k12.tr/tema/harita.php,2026-08-31,25,25,bulundu,https://ortayamac.meb.k12.tr/,2026-10-01T18:31:37.825032+00:00,,Öğrenci Sayısı: 25
Ağrı,Tutak,Otluca İlkokulu,711243,İlkokul,https://otlucailkokulu.meb.k12.tr,,,https://otlucailkokulu.meb.k12.tr/tema/harita.php,2026-08-31,41,41,bulundu,https://otlucailkokulu.meb.k12.tr/,2026-10-01T18:31:37.883864+00:00,,Öğrenci Sayısı: 41
Ağrı,Tutak,Ozanpınar İlkokulu,711258,İlkokul,https://ozanpinarilkokulu.meb.k12.tr,,,https://ozanpinarilkokulu.meb.k12.tr/tema/harita.php,2026-08-31,39,39,bulundu,https://ozanpinarilkokulu.meb.k12.tr/,2026-10-01T18:31:38.003247+00:00,,Öğrenci Sayısı: 39
Ağrı,Tutak,Oğlaksuyu Ortaokulu,726487,Ortaokul,https://oglaksuyuortaokulu.meb.k12.tr,,,https://oglaksuyuortaokulu.meb.k12.tr/tema/harita.php,2026-08-31,132,132,bulundu,https://oglaksuyuortaokulu.meb.k12.tr/,2026-10-01T18:31:38.009591+00:00,,Öğrenci Sayısı 132
Ağrı,Tutak,Oğlaksuyu İlkokulu,726489,İlkokul,https://oglaksuyuilkokulu.meb.k12.tr,,,https://oglaksuyuilkokulu.meb.k12.tr/tema/harita.php,2026-08-31,127,127,bulundu,https://oglaksuyuilkokulu.meb.k12.tr/,2026-10-01T18:31:38.064035+00:00,,Öğrenci Sayısı: 127
Ağrı,Tutak,Palandöken Köyü Aksu Mezrası İlkokulu,749641,İlkokul,https://749641.meb.k12.tr,,,https://749641.meb.k12.tr/tema/harita.php,2026-08-31,11,11,bulundu,https://749641.meb.k12.tr/,2026-10-01T18:31:38.163574+00:00,,Öğrenci Sayısı : 11
Ağrı,Tutak,Palandöken İlkokulu,711282,İlkokul,https://tutakpalandokenilkokulu.meb.k12.tr,,,https://tutakpalandokenilkokulu.meb.k12.tr/tema/harita.php,2026-08-31,39,39,bulundu,https://tutakpalandokenilkokulu.meb.k12.tr/,2026-10-01T18:31:38.178612+00:00,,Öğrenci Sayısı 39
Ağrı,Tutak,Raif Ateş Sönmez İlkokulu,767053,İlkokul,https://767053.meb.k12.tr,,,https://767053.meb.k12.tr/tema/harita.php,2026-08-31,78,78,bulundu,https://767053.meb.k12.tr/,2026-10-01T18:31:38.263427+00:00,,Öğrenci Sayısı: 78
Ağrı,Tutak,Sarıgöze İlkokulu,711287,İlkokul,https://sarigozeilkokulu.meb.k12.tr,,,https://sarigozeilkokulu.meb.k12.tr/tema/harita.php,2026-08-31,63,63,bulundu,https://sarigozeilkokulu.meb.k12.tr/,2026-10-01T18:31:38.279462+00:00,,Öğrenci Sayısı: 63
Ağrı,Tutak,Sincan İlkokulu,711292,İlkokul,https://sincantutak04.meb.k12.tr,,,https://sincantutak04.meb.k12.tr/tema/harita.php,2026-08-31,12,12,bulundu,https://sincantutak04.meb.k12.tr/,2026-10-01T18:31:38.497745+00:00,,Öğrenci Sayısı: 12
Ağrı,Tutak,Sorguçlu İlkokulu,977074,İlkokul,https://sorgucluilkokulu.meb.k12.tr,,,https://sorgucluilkokulu.meb.k12.tr/tema/harita.php,2026-08-31,31,31,bulundu,https://sorgucluilkokulu.meb.k12.tr/,2026-10-01T18:31:38.522990+00:00,,Öğrenci Sayısı: 31
Ağrı,Tutak,Soğukpınar Ortaokulu,726524,Ortaokul,https://sogukpinartutak.meb.k12.tr,,,https://sogukpinartutak.meb.k12.tr/tema/harita.php,2026-08-31,69,69,bulundu,https://sogukpinartutak.meb.k12.tr/tema/okulumuz_hakkinda.php,2026-10-01T18:31:38.622836+00:00,,Öğrenci : 69
Ağrı,Tutak,Soğukpınar İlkokulu,726526,İlkokul,https://tutaksogukpinar.meb.k12.tr,,,https://tutaksogukpinar.meb.k12.tr/tema/harita.php,2026-08-31,71,71,bulundu,https://tutaksogukpinar.meb.k12.tr/,2026-10-01T18:31:38.857816+00:00,,Öğrenci Sayısı: 71
Ağrı,Tutak,Sultan Alparslan Ortaokulu,759282,Ortaokul,https://sultanalparslanortaokulu.meb.k12.tr,,,https://sultanalparslanortaokulu.meb.k12.tr/tema/harita.php,2026-08-31,225,225,bulundu,https://sultanalparslanortaokulu.meb.k12.tr/,2026-10-01T18:31:38.867798+00:00,,Öğrenci Sayısı : 225
Ağrı,Tutak,Sultan Melikşah İlkokulu,759283,İlkokul,https://sultanmeliksahilkokulu.meb.k12.tr,,,https://sultanmeliksahilkokulu.meb.k12.tr/tema/harita.php,2026-08-31,182,182,bulundu,https://sultanmeliksahilkokulu.meb.k12.tr/,2026-10-01T18:31:38.871844+00:00,,Öğrenci Sayısı: 182
Ağrı,Tutak,Suvar İlkokulu,711300,İlkokul,https://suvarilkokulu.meb.k12.tr,,,https://suvarilkokulu.meb.k12.tr/tema/harita.php,2026-08-31,18,18,bulundu,https://suvarilkokulu.meb.k12.tr/,2026-10-01T18:31:38.882734+00:00,,Öğrenci Sayısı: 18
Ağrı,Tutak,Taşbudak İlkokulu,711318,İlkokul,https://tasbudakilkokulu.meb.k12.tr,,,https://tasbudakilkokulu.meb.k12.tr/tema/harita.php,2026-08-31,9,9,bulundu,https://tasbudakilkokulu.meb.k12.tr/,2026-10-01T18:31:38.883574+00:00,,Öğrenci Sayısı 9
Ağrı,Tutak,Tutak Anadolu Lisesi,767107,Anadolu Lisesi,https://tutakanadolulisesi.meb.k12.tr,,,https://tutakanadolulisesi.meb.k12.tr/tema/harita.php,2026-08-31,240,240,bulundu,https://tutakanadolulisesi.meb.k12.tr/,2026-10-01T18:31:38.884806+00:00,,Öğrenci Sayısı : 240
Ağrı,Tutak,Tutak Anadolu İmam Hatip Lisesi,117271,Anadolu İmam Hatip Lisesi,https://tutakanadoluihl.meb.k12.tr,,,https://tutakanadoluihl.meb.k12.tr/tema/harita.php,2026-08-31,408,408,bulundu,https://tutakanadoluihl.meb.k12.tr/,2026-10-01T18:31:38.902845+00:00,,Öğrenci Sayısı : 408
Ağrı,Tutak,Tutak Halk Eğitimi Merkezi,117283,Halk Eğitimi Merkezi,https://tutakhem.meb.k12.tr,,,https://tutakhem.meb.k12.tr/tema/harita.php,2026-08-31,,,bulunamadi,,2026-10-01T18:31:38.904118+00:00,,
Ağrı,Tutak,Tutak Mesleki ve Teknik Anadolu Lisesi,965980,Mesleki ve Teknik Anadolu Lisesi,https://tutakmtal.meb.k12.tr,,,https://tutakmtal.meb.k12.tr/tema/harita.php,2026-08-31,108,108,bulundu,https://tutakmtal.meb.k12.tr/tema/okulumuz_hakkinda.php,2026-10-01T18:31:38.916340+00:00,,Öğrenci : 108
Ağrı,Tutak,Tutak Öğretmenevi ve Akşam Sanat Okulu,971012,Öğretmenevi,https://tutakogretmenevi.meb.k12.tr,,,https://tutakogretmenevi.meb.k12.tr/tema/harita.php,2026-08-31,,,bulunamadi,,2026-10-01T18:31:39.147964+00:00,,
Ağrı,Tutak,Uzunöz İlkokulu,711322,İlkokul,https://uzunz.meb.k12.tr,,,https://uzunz.meb.k12.tr/tema/harita.php,2026-08-31,84,84,bulundu,https://uzunz.meb.k12.tr/,2026-10-01T18:31:39.160660+00:00,,Öğrenci Sayısı: 84
Ağrı,Tutak,Yatılı Bölge Ortaokulu,747144,Ortaokul,https://tutakybo.meb.k12.tr,,,https://tutakybo.meb.k12.tr/tema/harita.php,2026-08-31,276,276,bulundu,https://tutakybo.meb.k12.tr/,2026-10-01T18:31:39.304030+00:00,,Öğrenci Sayısı : 276
Ağrı,Tutak,Yayıklı İlkokulu,711324,İlkokul,https://yayikli04.meb.k12.tr,,,https://yayikli04.meb.k12.tr/tema/harita.php,2026-08-31,4,4,bulundu,https://yayikli04.meb.k12.tr/,2026-10-01T18:31:39.319814+00:00,,Öğrenci Sayısı 4
Ağrı,Tutak,Yeniköy İlkokulu,711330,İlkokul,https://yeniky.meb.k12.tr,,,https://yeniky.meb.k12.tr/tema/harita.php,2026-08-31,21,21,bulundu,https://yeniky.meb.k12.tr/,2026-10-01T18:31:39.432096+00:00,,Öğrenci Sayısı: 21
Ağrı,Tutak,Yukarı Karahalit İlkokulu,711333,İlkokul,https://yukarikarahalitio.meb.k12.tr,,,https://yukarikarahalitio.meb.k12.tr/tema/harita.php,2026-08-31,29,29,bulundu,https://yukarikarahalitio.meb.k12.tr/,2026-10-01T18:31:39.587160+00:00,,Öğrenci Sayısı: 29
Ağrı,Tutak,Yukarı Köşk İlkokulu,711341,İlkokul,https://yukarikoskilkokulu.meb.k12.tr,,,https://yukarikoskilkokulu.meb.k12.tr/tema/harita.php,2026-08-31,51,51,bulundu,https://yukarikoskilkokulu.meb.k12.tr/,2026-10-01T18:31:39.606200+00:00,,Öğrenci Sayısı: 51
Ağrı,Tutak,Yukarı Özdek İlkokulu,772351,İlkokul,https://772351.meb.k12.tr,,,https://772351.meb.k12.tr/tema/harita.php,2026-08-31,20,20,bulundu,https://772351.meb.k12.tr/,2026-10-01T18:31:39.682011+00:00,,Öğrenci Sayısı 20
Ağrı,Tutak,Çobanoba İlkokulu,710996,İlkokul,https://cobanobailkokulu.meb.k12.tr,,,https://cobanobailkokulu.meb.k12.tr/tema/harita.php,2026-08-31,27,27,bulundu,https://cobanobailkokulu.meb.k12.tr/,2026-10-01T18:31:39.717189+00:00,,Öğrenci Sayısı: 27
Ağrı,Tutak,Çukurkonak İlkokulu,976632,İlkokul,https://cukurkonak.meb.k12.tr,,,https://cukurkonak.meb.k12.tr/tema/harita.php,2026-08-31,,,bulunamadi,,2026-10-01T18:31:39.737296+00:00,,
Ağrı,Tutak,Çırpılı Ortaokulu,726225,Ortaokul,https://cirpili.meb.k12.tr,,,https://cirpili.meb.k12.tr/tema/harita.php,2026-08-31,182,182,bulundu,https://cirpili.meb.k12.tr/,2026-10-01T18:31:39.779552+00:00,,Öğrenci Sayısı : 182
Ağrı,Tutak,Çırpılı İlkokulu,726228,İlkokul,https://726228.meb.k12.tr,,,https://726228.meb.k12.tr/tema/harita.php,2026-08-31,84,84,bulundu,https://726228.meb.k12.tr/,2026-10-01T18:31:39.780996+00:00,,Öğrenci Sayısı : 84
Ağrı,Tutak,Öndül İlkokulu,711276,İlkokul,https://711276.meb.k12.tr,,,https://711276.meb.k12.tr/tema/harita.php,2026-08-31,11,11,bulundu,https://711276.meb.k12.tr/,2026-10-01T18:31:39.815019+00:00,,Öğrenci Sayısı : 11
Ağrı,Tutak,İpekkuşak İlkokulu,711195,İlkokul,https://ipekkuak.meb.k12.tr,,,https://ipekkuak.meb.k12.tr/tema/harita.php,2026-08-31,32,32,bulundu,https://ipekkuak.meb.k12.tr/,2026-10-01T18:31:39.885866+00:00,,Öğrenci Sayısı 32
Ağrı,Tutak,Şehit Adem Tunç İlkokulu,726169,İlkokul,https://tutaksehitademtuncilkokulu.meb.k12.tr,,,https://tutaksehitademtuncilkokulu.meb.k12.tr/tema/harita.php,2026-08-31,76,76,bulundu,https://tutaksehitademtuncilkokulu.meb.k12.tr/,2026-10-01T18:31:40.130465+00:00,,Öğrenci Sayısı: 76
Ağrı,Tutak,Şehit Ebuzer Özyolci İmam Hatip Ortaokulu,724779,İmam Hatip Ortaokulu,https://tutakiho.meb.k12.tr,,,https://tutakiho.meb.k12.tr/tema/harita.php,2026-08-31,199,199,bulundu,https://tutakiho.meb.k12.tr/,2026-10-01T18:31:40.172018+00:00,,Öğrenci Sayısı 199
Ağrı,Tutak,Şehit Piyade Er Aydın Çetin İlkokulu,711304,İlkokul,https://speraydincetinio.meb.k12.tr,,,https://speraydincetinio.meb.k12.tr/tema/harita.php,2026-08-31,45,45,bulundu,https://speraydincetinio.meb.k12.tr/,2026-10-01T18:31:40.177221+00:00,,Öğrenci Sayısı : 45
Ağrı,Tutak,Şehit Piyade Komando Er Lütfi Şenlik İlkokulu,711309,İlkokul,https://tutakspkerlutfisenlikilkokulu.meb.k12.tr,,,https://tutakspkerlutfisenlikilkokulu.meb.k12.tr/tema/harita.php,2026-08-31,15,15,bulundu,https://tutakspkerlutfisenlikilkokulu.meb.k12.tr/,2026-10-01T18:31:40.221205+00:00,,Öğrenci Sayısı 15
Ağrı,Tutak,Şehit Uzman Çavuş Sezayi Atabey İlkokulu,710939,İlkokul,https://sehitsezayiatabey.meb.k12.tr,,,https://sehitsezayiatabey.meb.k12.tr/tema/harita.php,2026-08-31,,,bulunamadi,,2026-10-01T18:31:40.341945+00:00,,
Ağrı,Tutak,Şehit Uzman Ömer Güç Ortaokulu,726137,Ortaokul,https://tutakomerguc.meb.k12.tr,,,https://tutakomerguc.meb.k12.tr/tema/harita.php,2026-08-31,204,204,bulundu,https://tutakomerguc.meb.k12.tr/,2026-10-01T18:31:40.544233+00:00,,Öğrenci Sayısı : 204
Bakanlık,Merkez Teşkilatı,Bilgi İşlem Genel Müdürlüğü,768054,Bakanlık Merkez Birimi,https://internet.meb.k12.tr,,,https://internet.meb.k12.tr/tema/harita.php,2026-08-31,,,bulunamadi,,2026-10-01T18:31:40.572804+00:00,,
Bakanlık,Merkez Teşkilatı,Destek Hizmetleri Genel Müdürlüğü,974417,Bakanlık Merkez Birimi,https://974417.meb.k12.tr,,,https://974417.meb.k12.tr/tema/harita.php,2026-08-31,,,bulunamadi,,2026-10-01T18:31:40.622751+00:00,,
Bakanlık,Merkez Teşkilatı,Hayat Boyu Öğrenme Genel Müdürlüğü,974423,Bakanlık Merkez Birimi,https://974423.meb.k12.tr,,,https://974423.meb.k12.tr/tema/harita.php,2026-08-31,,,bulunamadi,,2026-10-01T18:31:41.043763+00:00,,
Bakanlık,Merkez Teşkilatı,Mesleki ve Teknik Eğitim Genel Müdürlüğü,974425,Mesleki ve Teknik Anadolu Lisesi,https://974425.meb.k12.tr,,,https://974425.meb.k12.tr/tema/harita.php,2026-08-31,,,bulunamadi,,2026-10-01T18:31:41.044444+00:00,,
Bakanlık,Merkez Teşkilatı,Özel Eğitim ve Rehberlik Hizmetleri Genel Müdürlüğü,974424,Özel Eğitim Kurumu,https://974424.meb.k12.tr,,,https://974424.meb.k12.tr/tema/harita.php,2026-08-31,0,0,bulundu,https://974424.meb.k12.tr/,2026-10-01T18:31:41.046921+00:00,,Öğrenci Sayısı : 0
Bakanlık,Merkeze Bağlı Taşra,1. Akşam Sanat Okulu (Genel Depo),750125,Akşam Sanat Okulu,https://750125.meb.k12.tr,,,https://750125.meb.k12.tr/tema/harita.php,2026-08-31,,,bulunamadi,,2026-10-01T18:31:41.073898+00:00,,
Bakanlık,Merkeze Bağlı Taşra,2. Akşam Sanat Okulu (DAYM),750124,Akşam Sanat Okulu,https://750124.meb.k12.tr,,,https://750124.meb.k12.tr/tema/harita.php,2026-08-31,,,bulunamadi,,2026-10-01T18:31:41.100342+00:00,,
Bakanlık,Merkeze Bağlı Taşra,6. Akşam Sanat Okulu,213585,Akşam Sanat Okulu,https://213585.meb.k12.tr,,,https://213585.meb.k12.tr/tema/harita.php,2026-08-31,,,bulunamadi,,2026-10-01T18:31:41.123807+00:00,,
Bakanlık,Merkeze Bağlı Taşra,Ankara Eğitim ve Uygulama Merkezi,776174,Özel Eğitim Kurumu,https://776174.meb.k12.tr,,,https://776174.meb.k12.tr/tema/harita.php,2026-08-31,,,bulunamadi,,2026-10-01T18:31:41.164334+00:00,,
Bakanlık,Merkeze Bağlı Taşra,Ankara Hizmetiçi Eğitim Enstitüsü ve Akşam Sanat Okulu,213512,Hizmet İçi Eğitim Enstitüsü,https://213512.meb.k12.tr,,,https://213512.meb.k12.tr/tema/harita.php,2026-08-31,,,bulunamadi,,2026-10-01T18:31:41.194605+00:00,,
Bakanlık,Merkeze Bağlı Taşra,Ankara Çalışma Merkezi,971765,Belirsiz,https://971765.meb.k12.tr,,,https://971765.meb.k12.tr/tema/harita.php,2026-08-31,,,bulunamadi,,2026-10-01T18:31:41.260888+00:00,,
Bakanlık,Merkeze Bağlı Taşra,Açık Öğretim Lisesi,808388,Açık/Akşam Lisesi,https://808388.meb.k12.tr,,,https://808388.meb.k12.tr/tema/harita.php,2026-08-31,,,bulunamadi,,2026-10-01T18:31:41.307836+00:00,,
Bakanlık,Merkeze Bağlı Taşra,Açık Öğretim Ortaokulu,749478,Ortaokul,https://749478.meb.k12.tr,,,https://749478.meb.k12.tr/tema/harita.php,2026-08-31,,,bulunamadi,,2026-10-01T18:31:41.386988+00:00,,
Bakanlık,Merkeze Bağlı Taşra,Başkent Öğretmenevi ve Akşam Sanat Okulu,971019,Öğretmenevi,https://971019.meb.k12.tr,,,https://971019.meb.k12.tr/tema/harita.php,2026-08-31,,,bulunamadi,,2026-10-01T18:31:41.503817+00:00,,
Bakanlık,Merkeze Bağlı Taşra,Devlet Kitapları Döner Sermaye İşletmesi Müdürlüğü,750123,Belirsiz,https://750123.meb.k12.tr,,,https://750123.meb.k12.tr/tema/harita.php,2026-08-31,,,bulunamadi,,2026-10-01T18:31:41.593853+00:00,,
Bakanlık,Merkeze Bağlı Taşra,Mesleki Açıköğretim Lisesi,965007,Lise,https://965007.meb.k12.tr,,,https://965007.meb.k12.tr/tema/harita.php,2026-08-31,,,bulunamadi,,2026-10-01T18:31:41.684084+00:00,,
Bakanlık,Merkeze Bağlı Taşra,Mesleki ve Teknik Açıköğretim Okulu,118683,Mesleki ve Teknik Anadolu Lisesi,https://118683.meb.k12.tr,,,https://118683.meb.k12.tr/tema/harita.php,2026-08-31,,,bulunamadi,,2026-10-01T18:31:41.714042+00:00,,
Bakanlık,Merkeze Bağlı Taşra,Milli Eğitim Basımevi Müdürlüğü (Hasanoğlan),750126,Belirsiz,https://750126.meb.k12.tr,,,https://750126.meb.k12.tr/tema/harita.php,2026-08-31,,,bulunamadi,,2026-10-01T18:31:41.789076+00:00,,
Bakanlık,Merkeze Bağlı Taşra,"Öğretim Materyallerini Geliştirme, İnceleme Merkezi ve Akşam Sanat Okulu",885109,Akşam Sanat Okulu,https://885109.meb.k12.tr,,,https://885109.meb.k12.tr/tema/harita.php,2026-08-31,,,bulunamadi,,2026-10-01T18:31:41.957620+00:00,,
Bakanlık,Merkeze Bağlı Taşra,İzmir Çalışma Merkezi,971766,Belirsiz,https://971766.meb.k12.tr,,,https://971766.meb.k12.tr/tema/harita.php,2026-08-31,,,bulunamadi,,2026-10-01T18:31:42.064272+00:00,,
Bakanlık,Y.Disi-İran,TAHRAN TÜRK İLKOKULU,974663,İlkokul,https://tahranturkokulu.meb.k12.tr,,,https://tahranturkokulu.meb.k12.tr/tema/harita.php,2026-08-31,26,26,bulundu,https://tahranturkokulu.meb.k12.tr/,2026-10-01T18:31:42.083014+00:00,,Öğrenci Sayısı : 26
Bakanlık,Y.Disi-İran,Tahran Türk Ortaokulu,749583,Ortaokul,https://749583.meb.k12.tr,,,https://749583.meb.k12.tr/tema/harita.php,2026-08-31,22,22,bulundu,https://749583.meb.k12.tr/,2026-10-01T18:31:42.117423+00:00,,Öğrenci Sayısı : 22
Bakanlık,Y.Dışı,Kuveyt - Kuveyt Türk Anadolu Lisesi,749582,Anadolu Lisesi,https://kuveyt.meb.k12.tr,,,https://kuveyt.meb.k12.tr/tema/harita.php,2026-08-31,124,124,bulundu,https://kuveyt.meb.k12.tr/,2026-10-01T18:31:42.125680+00:00,,Öğrenci Sayısı 124
Bakanlık,Y.Dışı,S.Arabistan - Cidde Uluslararası Türk Anadolu Lisesi,970523,Anadolu Lisesi,https://ciddeturkokulu.meb.k12.tr,,,https://ciddeturkokulu.meb.k12.tr/tema/harita.php,2026-08-31,70,70,bulundu,https://ciddeturkokulu.meb.k12.tr/,2026-10-01T18:31:42.183849+00:00,,Öğrenci Sayısı 70
Bakanlık,Y.Dışı-Afganistan,AFGANİSTAN HABİBE KADİRİ KIZ LİSESİ,970841,Lise,https://hkklisesi.meb.k12.tr,,,https://hkklisesi.meb.k12.tr/tema/harita.php,2026-08-31,418,418,bulundu,https://hkklisesi.meb.k12.tr/,2026-10-01T18:31:42.636399+00:00,,Öğrenci Sayısı 418
Bakanlık,Y.Dışı-Afganistan,Afganistan Habibe Kadiri Kız Ortaokulu,749584,Ortaokul,https://749584.meb.k12.tr,,,https://749584.meb.k12.tr/tema/harita.php,2026-08-31,163,163,bulundu,https://749584.meb.k12.tr/,2026-10-01T18:31:42.975209+00:00,,Öğrenci Sayısı : 163
Bakanlık,Y.Dışı-Afganistan,Afganistan Habibe Kadiri Kız İlkoklu,972332,İlkokul,https://972332.meb.k12.tr,,,https://972332.meb.k12.tr/tema/harita.php,2026-08-31,262,262,bulundu,https://972332.meb.k12.tr/,2026-10-01T18:31:43.040730+00:00,,Öğrenci Sayısı : 262
Bakanlık,Y.Dışı-Avusturalya,Avustralya İlim Koleji Anadolu İmam Hatip Lisesi,764516,Anadolu İmam Hatip Lisesi,https://764516.meb.k12.tr,,,https://764516.meb.k12.tr/tema/harita.php,2026-08-31,13,13,bulundu,https://764516.meb.k12.tr/,2026-10-01T18:31:43.104054+00:00,,Öğrenci Sayısı : 13
Bakanlık,Y.Dışı-Avusturya,Viyana Türk Anadolu İmam Hatip Lisesi,759274,Anadolu İmam Hatip Lisesi,https://759274.meb.k12.tr,,,https://759274.meb.k12.tr/tema/harita.php,2026-08-31,33,33,bulundu,https://759274.meb.k12.tr/,2026-10-01T18:31:43.272217+00:00,,Öğrenci Sayısı : 33
Bakanlık,Y.Dışı-Azerbaycan,Azerbaycan - Azerbaycan  Bakü Türk İlkokulu,909525,İlkokul,https://batio.meb.k12.tr,,,https://batio.meb.k12.tr/tema/harita.php,2026-08-31,833,833,bulundu,https://batio.meb.k12.tr/,2026-10-01T18:31:43.453212+00:00,,Öğrenci Sayısı : 833
Bakanlık,Y.Dışı-Azerbaycan,Azerbaycan - Azerbaycan Bakü Türk Ortaokulu,749642,Ortaokul,https://azbto.meb.k12.tr,,,https://azbto.meb.k12.tr/tema/harita.php,2026-08-31,872,872,bulundu,https://azbto.meb.k12.tr/,2026-10-01T18:31:43.701850+00:00,,Öğrenci Sayısı : 872
Bakanlık,Y.Dışı-Azerbaycan,Azerbaycan - Azerbaycan Bakü Türkiye Türkçesi E.Ö.Merk.,909537,Yurt Dışı Teşkilatı,https://tomer.meb.k12.tr,,,https://tomer.meb.k12.tr/tema/harita.php,2026-08-31,519,519,bulundu,https://tomer.meb.k12.tr/,2026-10-01T18:31:43.917755+00:00,,Öğrenci Sayısı 519
Bakanlık,Y.Dışı-Azerbaycan,Azerbaycan Bakü Türk Anadolu Lisesi,909513,Anadolu Lisesi,https://btal.meb.k12.tr,,,https://btal.meb.k12.tr/tema/harita.php,2026-08-31,779,779,bulundu,https://btal.meb.k12.tr/,2026-10-01T18:31:44.148038+00:00,,Öğrenci Sayısı : 779
Bakanlık,Y.Dışı-Belçika,BELÇİKA İBN-İ SİNA ANADOLU İMAM HATİP LİSESİ,759257,Anadolu İmam Hatip Lisesi,https://belcikaibnisinaaihl.meb.k12.tr,,,https://belcikaibnisinaaihl.meb.k12.tr/tema/harita.php,2026-08-31,134,134,bulundu,https://belcikaibnisinaaihl.meb.k12.tr/,2026-10-01T18:31:44.520432+00:00,,Öğrenci Sayısı : 134
Bakanlık,Y.Dışı-Danimarka,Danimarka Mina Hindholm Efterskole İmam Hatip Ortaokulu,752182,İmam Hatip Ortaokulu,https://752182.meb.k12.tr,,,https://752182.meb.k12.tr/tema/harita.php,2026-08-31,10,10,bulundu,https://752182.meb.k12.tr/,2026-10-01T18:31:44.575563+00:00,,Öğrenci Sayısı : 10
Bakanlık,Y.Dışı-Danimarka,Danimarka İskandinavya Anadolu İmam Hatip Lisesi,763900,Anadolu İmam Hatip Lisesi,https://763900.meb.k12.tr,,,https://763900.meb.k12.tr/tema/harita.php,2026-08-31,27,27,bulundu,https://763900.meb.k12.tr/,2026-10-01T18:31:44.622421+00:00,,Öğrenci Sayısı : 27
Bakanlık,Y.Dışı-Danimarka,İskandinavya Anadolu İmam Hatip Lisesi,764517,Anadolu İmam Hatip Lisesi,https://764517.meb.k12.tr,,,https://764517.meb.k12.tr/tema/harita.php,2026-08-31,10,10,bulundu,https://764517.meb.k12.tr/,2026-10-01T18:31:44.631790+00:00,,Öğrenci Sayısı : 10
Bakanlık,Y.Dışı-Fransa,Yunus Emre Anadolu İmam Hatip Lisesi,765742,Anadolu İmam Hatip Lisesi,https://765742.meb.k12.tr,,,https://765742.meb.k12.tr/tema/harita.php,2026-08-31,7,7,bulundu,https://765742.meb.k12.tr/,2026-10-01T18:31:44.768673+00:00,,Öğrenci Sayısı : 7
Bakanlık,Y.Dışı-Gürcistan,BATUM TÜRK ÇOK PROGRAMLI ANADOLU LİSESİ,762570,Çok Programlı Anadolu Lisesi,https://batumturkokulu.meb.k12.tr,,,https://batumturkokulu.meb.k12.tr/tema/harita.php,2026-08-31,140,140,bulundu,https://batumturkokulu.meb.k12.tr/,2026-10-01T18:31:44.851021+00:00,,Öğrenci Sayısı : 140
Bakanlık,Y.Dışı-Gürcistan,Batum Türk Ortaokulu,762569,Ortaokul,https://762569.meb.k12.tr,,,https://762569.meb.k12.tr/tema/harita.php,2026-08-31,79,79,bulundu,https://762569.meb.k12.tr/,2026-10-01T18:31:45.120411+00:00,,Öğrenci Sayısı : 79
Bakanlık,Y.Dışı-Gürcistan,Batum Türk İlkokulu,762568,İlkokul,https://762568.meb.k12.tr,,,https://762568.meb.k12.tr/tema/harita.php,2026-08-31,93,93,bulundu,https://762568.meb.k12.tr/,2026-10-01T18:31:45.154963+00:00,,Öğrenci Sayısı : 93
Bakanlık,Y.Dışı-Katar,KATAR TÜRK İLKOKULU,761029,İlkokul,https://katar.meb.k12.tr,,,https://katar.meb.k12.tr/tema/harita.php,2026-08-31,258,258,bulundu,https://katar.meb.k12.tr/,2026-10-01T18:31:45.202022+00:00,,Öğrenci Sayısı 258
Bakanlık,Y.Dışı-Katar,Katar Türk Anadolu Lisesi,766064,Anadolu Lisesi,https://766064.meb.k12.tr,,,https://766064.meb.k12.tr/tema/harita.php,2026-08-31,6,6,bulundu,https://766064.meb.k12.tr/,2026-10-01T18:31:45.255448+00:00,,Öğrenci Sayısı : 6
Bakanlık,Y.Dışı-Katar,Katar Türk Ortaokulu,761028,Ortaokul,https://katarturkortaokulu.meb.k12.tr,,,https://katarturkortaokulu.meb.k12.tr/tema/harita.php,2026-08-31,43,43,bulundu,https://katarturkortaokulu.meb.k12.tr/,2026-10-01T18:31:45.267797+00:00,,Öğrenci Sayısı 43
Bakanlık,Y.Dışı-Kazakistan,Kazakistan Almatı Türkiye Türkçesi E.Ö.Mer,909549,Belirsiz,https://909549.meb.k12.tr,,,https://909549.meb.k12.tr/tema/harita.php,2026-08-31,264,264,bulundu,https://909549.meb.k12.tr/,2026-10-01T18:31:45.272352+00:00,,Öğrenci Sayısı : 264
Bakanlık,Y.Dışı-Kuveyt,Kuveyt Türk Ortaokulu,749581,Ortaokul,https://749581.meb.k12.tr,,,https://749581.meb.k12.tr/tema/harita.php,2026-08-31,93,93,bulundu,https://749581.meb.k12.tr/,2026-10-01T18:31:45.320831+00:00,,Öğrenci Sayısı : 93
Bakanlık,Y.Dışı-Kuveyt,Kuveyt Türk İlkokulu,966583,İlkokul,https://966583.meb.k12.tr,,,https://966583.meb.k12.tr/tema/harita.php,2026-08-31,131,131,bulundu,https://966583.meb.k12.tr/,2026-10-01T18:31:45.578403+00:00,,Öğrenci Sayısı : 131
Bakanlık,Y.Dışı-Kırgızistan,Bişkek Türk Anadolu Lisesi,775753,Anadolu Lisesi,https://775753.meb.k12.tr,,,https://775753.meb.k12.tr/tema/harita.php,2026-08-31,,,bulunamadi,,2026-10-01T18:31:45.668509+00:00,,
Bakanlık,Y.Dışı-Kırgızistan,Bişkek Türk Anadolu İmam Hatip Lisesi,775750,Anadolu İmam Hatip Lisesi,https://775750.meb.k12.tr,,,https://775750.meb.k12.tr/tema/harita.php,2026-08-31,54,54,bulundu,https://775750.meb.k12.tr/,2026-10-01T18:31:45.757692+00:00,,Öğrenci Sayısı : 54
Bakanlık,Y.Dışı-Kırgızistan,KIRGIZİSTAN KIRGIZ TÜRK ANADOLU KIZ MESLEK LİSESİ,909586,Mesleki ve Teknik Anadolu Lisesi,https://ktakml.meb.k12.tr,,,https://ktakml.meb.k12.tr/tema/harita.php,2026-08-31,,,bulunamadi,,2026-10-01T18:31:45.762423+00:00,,
Bakanlık,Y.Dışı-Kırgızistan,Kırgızistan Bişkek Türk Ortaokulu,749643,Ortaokul,https://749643.meb.k12.tr,,,https://749643.meb.k12.tr/tema/harita.php,2026-08-31,145,145,bulundu,https://749643.meb.k12.tr/,2026-10-01T18:31:45.766897+00:00,,Öğrenci Sayısı : 145
Bakanlık,Y.Dışı-Kırgızistan,Kırgızistan Bişkek Türk İlkokulu,909562,İlkokul,https://btio.meb.k12.tr,,,https://btio.meb.k12.tr/tema/harita.php,2026-08-31,454,454,bulundu,https://btio.meb.k12.tr/,2026-10-01T18:31:46.077824+00:00,,Öğrenci Sayısı : 454
Bakanlık,Y.Dışı-Kırgızistan,Kırgızistan Bişkek Türk İmam Hatip Ortaokulu,760362,İmam Hatip Ortaokulu,https://760362.meb.k12.tr,,,https://760362.meb.k12.tr/tema/harita.php,2026-08-31,94,94,bulundu,https://760362.meb.k12.tr/,2026-10-01T18:31:46.168734+00:00,,Öğrenci Sayısı : 94
Bakanlık,Y.Dışı-Kırgızistan,Kırgızistan Bişkek Türkiye Türkçesi Eğitim Öğretim Merkezi,909574,Belirsiz,https://biskektteomer.meb.k12.tr,,,https://biskektteomer.meb.k12.tr/tema/harita.php,2026-08-31,,,bulunamadi,,2026-10-01T18:31:46.188140+00:00,,
Bakanlık,Y.Dışı-Kırgızistan,Kırgızistan-Kırgız Türk Anadolu Lisesi,909598,Anadolu Lisesi,https://ktal.meb.k12.tr,,,https://ktal.meb.k12.tr/tema/harita.php,2026-08-31,,,bulunamadi,,2026-10-01T18:31:46.216303+00:00,,
Bakanlık,Y.Dışı-Libya,Libya Türk Lisesi,749586,Lise,https://749586.meb.k12.tr,,,https://749586.meb.k12.tr/tema/harita.php,2026-08-31,6,6,bulundu,https://749586.meb.k12.tr/,2026-10-01T18:31:46.391650+00:00,,Öğrenci Sayısı : 6
Bakanlık,Y.Dışı-Libya,Libya Türk İlkokulu,963736,İlkokul,https://963736.meb.k12.tr,,,https://963736.meb.k12.tr/tema/harita.php,2026-08-31,9,9,bulundu,https://963736.meb.k12.tr/,2026-10-01T18:31:46.451149+00:00,,Öğrenci Sayısı : 9
Bakanlık,Y.Dışı-Libya,LİBYA TÜRK ORTAOKULU,749587,Ortaokul,https://libyaturkokulu.meb.k12.tr,,,https://libyaturkokulu.meb.k12.tr/tema/harita.php,2026-08-31,3,3,bulundu,https://libyaturkokulu.meb.k12.tr/,2026-10-01T18:31:46.612559+00:00,,Öğrenci Sayısı 3
Bakanlık,Y.Dışı-Moldova,MOLDOVA KONGAZ SÜLEYMAN DEMİREL TÜRK MOLDOVA LİSESİ,909608,Lise,https://ksdmoldovaturklisesi.meb.k12.tr,,,https://ksdmoldovaturklisesi.meb.k12.tr/tema/harita.php,2026-08-31,,,bulunamadi,,2026-10-01T18:31:46.668700+00:00,,
Bakanlık,Y.Dışı-S.Arabistan,ABHA ULUSLARARASI TÜRK İLKOKULU,970582,İlkokul,https://abhatrkokulu.meb.k12.tr,,,https://abhatrkokulu.meb.k12.tr/tema/harita.php,2026-08-31,45,45,bulundu,https://abhatrkokulu.meb.k12.tr/,2026-10-01T18:31:46.685320+00:00,,Öğrenci Sayısı 45
Bakanlık,Y.Dışı-S.Arabistan,Abha Uluslararası Türk Anadolu Lisesi,970589,Anadolu Lisesi,https://abhauto.meb.k12.tr,,,https://abhauto.meb.k12.tr/tema/harita.php,2026-08-31,32,32,bulundu,https://abhauto.meb.k12.tr/,2026-10-01T18:31:46.703321+00:00,,Öğrenci Sayısı 32
Bakanlık,Y.Dışı-S.Arabistan,Abha Uluslararası Türk Ortaokulu,749580,Ortaokul,https://749580.meb.k12.tr,,,https://749580.meb.k12.tr/tema/harita.php,2026-08-31,43,43,bulundu,https://749580.meb.k12.tr/,2026-10-01T18:31:46.743813+00:00,,Öğrenci Sayısı : 43
Bakanlık,Y.Dışı-S.Arabistan,Cidde Anadolu İmam Hatip Lisesi,758249,Anadolu İmam Hatip Lisesi,https://758249.meb.k12.tr,,,https://758249.meb.k12.tr/tema/harita.php,2026-08-31,142,142,bulundu,https://758249.meb.k12.tr/,2026-10-01T18:31:46.762496+00:00,,Öğrenci Sayısı : 142
Bakanlık,Y.Dışı-S.Arabistan,Cidde Uluslararası Türk Ortaokulu,749576,Ortaokul,https://749576.meb.k12.tr,,,https://749576.meb.k12.tr/tema/harita.php,2026-08-31,224,224,bulundu,https://749576.meb.k12.tr/,2026-10-01T18:31:46.872305+00:00,,Öğrenci Sayısı : 224
Bakanlık,Y.Dışı-S.Arabistan,Cidde Uluslararası Türk İlkokulu,963734,İlkokul,https://963734.meb.k12.tr,,,https://963734.meb.k12.tr/tema/harita.php,2026-08-31,320,320,bulundu,https://963734.meb.k12.tr/,2026-10-01T18:31:46.884496+00:00,,Öğrenci Sayısı : 320
Bakanlık,Y.Dışı-S.Arabistan,Dammam Uluslararası Türk Anadolu Lisesi,970588,Anadolu Lisesi,https://970588.meb.k12.tr,,,https://970588.meb.k12.tr/tema/harita.php,2026-08-31,,,bulunamadi,,2026-10-01T18:31:46.952809+00:00,,
Bakanlık,Y.Dışı-S.Arabistan,Dammam Uluslararası Türk Ortaokulu,749579,Ortaokul,https://749579.meb.k12.tr,,,https://749579.meb.k12.tr/tema/harita.php,2026-08-31,,,bulunamadi,,2026-10-01T18:31:46.967421+00:00,,
Bakanlık,Y.Dışı-S.Arabistan,MEDİNE ULUSLARARASI TÜRK İLKOKULU,963735,İlkokul,https://medineturkokulu.meb.k12.tr,,,https://medineturkokulu.meb.k12.tr/tema/harita.php,2026-08-31,96,96,bulundu,https://medineturkokulu.meb.k12.tr/,2026-10-01T18:31:47.279766+00:00,,Öğrenci Sayısı : 96
Bakanlık,Y.Dışı-S.Arabistan,MEKKE ULUSLARARASI TÜRK İLKOKULU,973020,İlkokul,https://mekketurkokulu.meb.k12.tr,,,https://mekketurkokulu.meb.k12.tr/tema/harita.php,2026-08-31,78,78,bulundu,https://mekketurkokulu.meb.k12.tr/,2026-10-01T18:31:47.299639+00:00,,Öğrenci Sayısı : 78
Bakanlık,Y.Dışı-S.Arabistan,Medine Anadolu İmam Hatip Lisesi,758248,Anadolu İmam Hatip Lisesi,https://758248.meb.k12.tr,,,https://758248.meb.k12.tr/tema/harita.php,2026-08-31,227,227,bulundu,https://758248.meb.k12.tr/,2026-10-01T18:31:47.444565+00:00,,Öğrenci Sayısı : 227
Bakanlık,Y.Dışı-S.Arabistan,Medine Uluslararası Türk Anadolu Lisesi,749572,Anadolu Lisesi,https://749572.meb.k12.tr,,,https://749572.meb.k12.tr/tema/harita.php,2026-08-31,77,77,bulundu,https://749572.meb.k12.tr/,2026-10-01T18:31:47.449168+00:00,,Öğrenci Sayısı : 77
Bakanlık,Y.Dışı-S.Arabistan,Medine Uluslararası Türk Ortaokulu,749571,Ortaokul,https://749571.meb.k12.tr,,,https://749571.meb.k12.tr/tema/harita.php,2026-08-31,44,44,bulundu,https://749571.meb.k12.tr/,2026-10-01T18:31:47.511663+00:00,,Öğrenci Sayısı : 44
Bakanlık,Y.Dışı-S.Arabistan,Mekke Anadolu İmam Hatip Lisesi,758246,Anadolu İmam Hatip Lisesi,https://758246.meb.k12.tr,,,https://758246.meb.k12.tr/tema/harita.php,2026-08-31,82,82,bulundu,https://758246.meb.k12.tr/,2026-10-01T18:31:47.525371+00:00,,Öğrenci Sayısı : 82
Bakanlık,Y.Dışı-S.Arabistan,Mekke Uluslararası Türk Anadolu Lisesi,749569,Anadolu Lisesi,https://749569.meb.k12.tr,,,https://749569.meb.k12.tr/tema/harita.php,2026-08-31,18,18,bulundu,https://749569.meb.k12.tr/,2026-10-01T18:31:47.935772+00:00,,Öğrenci Sayısı : 18
Bakanlık,Y.Dışı-S.Arabistan,Mekke Uluslararası Türk Ortaokulu,749568,Ortaokul,https://749568.meb.k12.tr,,,https://749568.meb.k12.tr/tema/harita.php,2026-08-31,2,2,bulundu,https://749568.meb.k12.tr/,2026-10-01T18:31:47.980369+00:00,,Öğrenci Sayısı : 2
Bakanlık,Y.Dışı-S.Arabistan,Riyad Anadolu İmam Hatip Lisesi,759485,Anadolu İmam Hatip Lisesi,https://759485.meb.k12.tr,,,https://759485.meb.k12.tr/tema/harita.php,2026-08-31,92,92,bulundu,https://759485.meb.k12.tr/,2026-10-01T18:31:48.110282+00:00,,Öğrenci Sayısı : 92
Bakanlık,Y.Dışı-S.Arabistan,Riyad Uluslararası Türk Anadolu Lisesi,970586,Anadolu Lisesi,https://riyadlisesi.meb.k12.tr,,,https://riyadlisesi.meb.k12.tr/tema/harita.php,2026-08-31,236,236,bulundu,https://riyadlisesi.meb.k12.tr/,2026-10-01T18:31:48.325051+00:00,,Öğrenci Sayısı 236
Bakanlık,Y.Dışı-S.Arabistan,RİYAD ULUSLARARASI TÜRK ORTAOKULU,749566,Ortaokul,https://riyadortaokulu.meb.k12.tr,,,https://riyadortaokulu.meb.k12.tr/tema/harita.php,2026-08-31,171,171,bulundu,https://riyadortaokulu.meb.k12.tr/,2026-10-01T18:31:48.373815+00:00,,Öğrenci Sayısı 171
Bakanlık,Y.Dışı-S.Arabistan,RİYAD ULUSLARARASI TÜRK İLKOKULU,963733,İlkokul,https://riyad.meb.k12.tr,,,https://riyad.meb.k12.tr/tema/harita.php,2026-08-31,117,117,bulundu,https://riyad.meb.k12.tr/tema/okulumuz_hakkinda.php,2026-10-01T18:31:48.385002+00:00,,Öğrenci : 117
Bakanlık,Y.Dışı-S.Arabistan,S.Arabistan - Dammam Uluslararası Türk İlkokulu,967280,İlkokul,https://dammamturkokulu.meb.k12.tr,,,https://dammamturkokulu.meb.k12.tr/tema/harita.php,2026-08-31,54,54,bulundu,https://dammamturkokulu.meb.k12.tr/,2026-10-01T18:31:48.402678+00:00,,Öğrenci Sayısı : 54
Bakanlık,Y.Dışı-S.Arabistan,S.Arabistan - Tebük Uluslararası Türk Lisesi,970584,Lise,https://tebukturkokulu.meb.k12.tr,,,https://tebukturkokulu.meb.k12.tr/tema/harita.php,2026-08-31,43,43,bulundu,https://tebukturkokulu.meb.k12.tr/,2026-10-01T18:31:48.560912+00:00,,Öğrenci Sayısı : 43
Bakanlık,Y.Dışı-S.Arabistan,TAİF ULUSLARASI TÜRK İLKOKULU,967260,İlkokul,https://taifturkokulu.meb.k12.tr,,,https://taifturkokulu.meb.k12.tr/tema/harita.php,2026-08-31,36,36,bulundu,https://taifturkokulu.meb.k12.tr/,2026-10-01T18:31:48.809683+00:00,,Öğrenci Sayısı : 36
Bakanlık,Y.Dışı-S.Arabistan,Taif Uluslararası Türk Anadolu Lisesi,970585,Anadolu Lisesi,https://970585.meb.k12.tr,,,https://970585.meb.k12.tr/tema/harita.php,2026-08-31,32,32,bulundu,https://970585.meb.k12.tr/,2026-10-01T18:31:48.954152+00:00,,Öğrenci Sayısı : 32
Bakanlık,Y.Dışı-S.Arabistan,Taif Uluslararası Türk Anadolu İmam Hatip Lisesi,758250,Anadolu İmam Hatip Lisesi,https://758250.meb.k12.tr,,,https://758250.meb.k12.tr/tema/harita.php,2026-08-31,97,97,bulundu,https://758250.meb.k12.tr/,2026-10-01T18:31:48.973968+00:00,,Öğrenci Sayısı : 97
Bakanlık,Y.Dışı-S.Arabistan,Taif Uluslararası Türk Ortaokulu,749577,Ortaokul,https://749577.meb.k12.tr,,,https://749577.meb.k12.tr/tema/harita.php,2026-08-31,28,28,bulundu,https://749577.meb.k12.tr/,2026-10-01T18:31:48.981028+00:00,,Öğrenci Sayısı : 28
Bakanlık,Y.Dışı-S.Arabistan,Taif Uluslararası Türk İmam Hatip Ortaokulu,752653,İmam Hatip Ortaokulu,https://752653.meb.k12.tr,,,https://752653.meb.k12.tr/tema/harita.php,2026-08-31,50,50,bulundu,https://752653.meb.k12.tr/,2026-10-01T18:31:49.021256+00:00,,Öğrenci Sayısı : 50
Bakanlık,Y.Dışı-S.Arabistan,Tebük Anadolu İmam Hatip Lisesi,762492,Anadolu İmam Hatip Lisesi,https://762492.meb.k12.tr,,,https://762492.meb.k12.tr/tema/harita.php,2026-08-31,22,22,bulundu,https://762492.meb.k12.tr/,2026-10-01T18:31:49.045953+00:00,,Öğrenci Sayısı : 22
Bakanlık,Y.Dışı-S.Arabistan,Tebük Uluslararası Türk Ortaokulu,749578,Ortaokul,https://749578.meb.k12.tr,,,https://749578.meb.k12.tr/tema/harita.php,2026-08-31,30,30,bulundu,https://749578.meb.k12.tr/,2026-10-01T18:31:49.088807+00:00,,Öğrenci Sayısı : 30
Bakanlık,Y.Dışı-S.Arabistan,Tebük Uluslararası Türk İlkokulu,966243,İlkokul,https://966243.meb.k12.tr,,,https://966243.meb.k12.tr/tema/harita.php,2026-08-31,111,111,bulundu,https://966243.meb.k12.tr/,2026-10-01T18:31:49.289070+00:00,,Öğrenci Sayısı : 111
Bakanlık,Y.Dışı-S.Arabistan,Tebük İmam Hatip Ortaokulu,762493,İmam Hatip Ortaokulu,https://762493.meb.k12.tr,,,https://762493.meb.k12.tr/tema/harita.php,2026-08-31,37,37,bulundu,https://762493.meb.k12.tr/,2026-10-01T18:31:49.334508+00:00,,Öğrenci Sayısı : 37
Bakanlık,Y.Dışı-Suriye,Şam Eğitim Müşavirliği,776439,Yurt Dışı Teşkilatı,https://776439.meb.k12.tr,,,https://776439.meb.k12.tr/tema/harita.php,2026-08-31,0,0,bulundu,https://776439.meb.k12.tr/,2026-10-01T18:31:49.439236+00:00,,Öğrenci Sayısı : 0
Bakanlık,Y.Dışı-Tacikistan,Tacikistan-Tacikistan Duşanbe Türkiye Türkç.E.Ö.Merk.,909645,Yurt Dışı Teşkilatı,https://dusanbetomer.meb.k12.tr,,,https://dusanbetomer.meb.k12.tr/tema/harita.php,2026-08-31,,,bulunamadi,,2026-10-01T18:31:49.540509+00:00,,
Bakanlık,Y.Dışı-Türkmenistan,Türkmenistan Aşgabat Türkiye Türkçe Eğitim Öğretim Merkezi,909682,Yurt Dışı Teşkilatı,https://askabattomer.meb.k12.tr,,,https://askabattomer.meb.k12.tr/tema/harita.php,2026-08-31,562,562,bulundu,https://askabattomer.meb.k12.tr/,2026-10-01T18:31:49.556300+00:00,,Öğrenci Sayısı 562
Bakanlık,Y.Dışı-Türkmenistan,Türkmenistan Aşkabat Türk Ortaokulu,749646,Ortaokul,https://askabatortaokulu.meb.k12.tr,,,https://askabatortaokulu.meb.k12.tr/tema/harita.php,2026-08-31,202,202,bulundu,https://askabatortaokulu.meb.k12.tr/,2026-10-01T18:31:49.693414+00:00,,Öğrenci Sayısı : 202
Bakanlık,Y.Dışı-Türkmenistan,Türkmenistan Aşkabat Türk İlkokulu,909670,İlkokul,https://askabatilkogretim.meb.k12.tr,,,https://askabatilkogretim.meb.k12.tr/tema/harita.php,2026-08-31,109,109,bulundu,https://askabatilkogretim.meb.k12.tr/,2026-10-01T18:31:49.788063+00:00,,Öğrenci Sayısı 109
Bakanlık,Y.Dışı-Türkmenistan,Türkmenistan-Türkmenistan Aşkabat Türk Anadolu Lisesi,909669,Anadolu Lisesi,https://otto.meb.k12.tr,,,https://otto.meb.k12.tr/tema/harita.php,2026-08-31,84,84,bulundu,https://otto.meb.k12.tr/,2026-10-01T18:31:49.891696+00:00,,Öğrenci Sayısı : 84
Bakanlık,Y.Dışı-Özbekistan,TAŞKENT ÇOK PROGRAMLI ANADOLU LİSESİ,765649,Çok Programlı Anadolu Lisesi,https://taskentturklisesi.meb.k12.tr,,,https://taskentturklisesi.meb.k12.tr/tema/harita.php,2026-08-31,121,121,bulundu,https://taskentturklisesi.meb.k12.tr/,2026-10-01T18:31:49.974279+00:00,,Öğrenci Sayısı : 121
Bakanlık,Y.Dışı-Özbekistan,ÖZBEKİSTAN TAŞKENT TÜRK ORTAOKULU,749645,Ortaokul,https://taskentturkortaokulu.meb.k12.tr,,,https://taskentturkortaokulu.meb.k12.tr/tema/harita.php,2026-08-31,300,300,bulundu,https://taskentturkortaokulu.meb.k12.tr/,2026-10-01T18:31:50.137139+00:00,,Öğrenci Sayısı : 300
Bakanlık,Y.Dışı-Özbekistan,ÖZBEKİSTAN TAŞKENT TÜRK İLKOKULU,909621,İlkokul,https://taskentturkilkokulu.meb.k12.tr,,,https://taskentturkilkokulu.meb.k12.tr/tema/harita.php,2026-08-31,328,328,bulundu,https://taskentturkilkokulu.meb.k12.tr/,2026-10-01T18:31:50.157287+00:00,,Öğrenci Sayısı 328
Balıkesir,Altıeylül,100. Yıl Mesleki ve Teknik Anadolu Lisesi,128159,Mesleki ve Teknik Anadolu Lisesi,https://balikesir100yil.meb.k12.tr,,,https://balikesir100yil.meb.k12.tr/tema/harita.php,2026-08-31,761,761,bulundu,https://balikesir100yil.meb.k12.tr/,2026-10-01T18:31:50.352551+00:00,,Öğrenci Sayısı 761
Balıkesir,Altıeylül,15 Temmuz Şehitler Anadolu Lisesi,972435,Anadolu Lisesi,https://15temmuzsehitleranadolulisesi.meb.k12.tr,,,https://15temmuzsehitleranadolulisesi.meb.k12.tr/tema/harita.php,2026-08-31,883,883,bulundu,https://15temmuzsehitleranadolulisesi.meb.k12.tr/,2026-10-01T18:31:50.359234+00:00,,Öğrenci Sayısı 883
Balıkesir,Altıeylül,Ahmet Karatoprak İmam Hatip Ortaokulu,767685,İmam Hatip Ortaokulu,https://karatoprakiho.meb.k12.tr,,,https://karatoprakiho.meb.k12.tr/tema/harita.php,2026-08-31,59,59,bulundu,https://karatoprakiho.meb.k12.tr/,2026-10-01T18:31:50.474030+00:00,,Öğrenci Sayısı 59
Balıkesir,Altıeylül,Altıeylül Bilim ve Sanat Merkezi,768927,Bilim ve Sanat Merkezi,https://altieylulbilsem.meb.k12.tr,,,https://altieylulbilsem.meb.k12.tr/tema/harita.php,2026-08-31,433,433,bulundu,https://altieylulbilsem.meb.k12.tr/tema/okulumuz_hakkinda.php,2026-10-01T18:31:50.500064+00:00,,Öğrenci : 433
Balıkesir,Altıeylül,Altıeylül Fen Lisesi,769192,Fen Lisesi,https://altieylulfenlisesi.meb.k12.tr,,,https://altieylulfenlisesi.meb.k12.tr/tema/harita.php,2026-08-31,460,460,bulundu,https://altieylulfenlisesi.meb.k12.tr/,2026-10-01T18:31:50.600670+00:00,,Öğrenci Sayısı 460
Balıkesir,Altıeylül,Altıeylül Halk Eğitimi Merkezi,757373,Halk Eğitimi Merkezi,https://alhem.meb.k12.tr,,,https://alhem.meb.k12.tr/tema/harita.php,2026-08-31,,,bulunamadi,,2026-10-01T18:31:50.683586+00:00,,
Balıkesir,Altıeylül,Altıeylül Mesleki Eğitim Merkezi,777291,Mesleki Eğitim Merkezi,https://almesem.meb.k12.tr,,,https://almesem.meb.k12.tr/tema/harita.php,2026-08-31,73,73,bulundu,https://almesem.meb.k12.tr/,2026-10-01T18:31:50.732093+00:00,,Öğrenci Sayısı : 73
Balıkesir,Altıeylül,Altıeylül Ortaokulu,649153,Ortaokul,https://balikesiraltieylulortaokulu.meb.k12.tr,,,https://balikesiraltieylulortaokulu.meb.k12.tr/tema/harita.php,2026-08-31,603,603,bulundu,https://balikesiraltieylulortaokulu.meb.k12.tr/,2026-10-01T18:31:50.802847+00:00,,Öğrenci Sayısı 603
Balıkesir,Altıeylül,Altıeylül Rehberlik ve Araştırma Merkezi,764521,Rehberlik ve Araştırma Merkezi,https://altieylulram.meb.k12.tr,,,https://altieylulram.meb.k12.tr/tema/harita.php,2026-08-31,,,bulunamadi,,2026-10-01T18:31:50.828625+00:00,,
Balıkesir,Altıeylül,Aslıhantepecik Ortaokulu,722331,Ortaokul,https://aslihantepecikoo.meb.k12.tr,,,https://aslihantepecikoo.meb.k12.tr/tema/harita.php,2026-08-31,81,81,bulundu,https://aslihantepecikoo.meb.k12.tr/tema/okulumuz_hakkinda.php,2026-10-01T18:31:50.862823+00:00,,Öğrenci : 81
Balıkesir,Altıeylül,Aslıhantepecik İlkokulu,722067,İlkokul,https://aslihantepecikio.meb.k12.tr,,,https://aslihantepecikio.meb.k12.tr/tema/harita.php,2026-08-31,86,86,bulundu,https://aslihantepecikio.meb.k12.tr/tema/okulumuz_hakkinda.php,2026-10-01T18:31:51.128157+00:00,,Öğrenci : 86
Balıkesir,Altıeylül,Atköy Ortaokulu,765736,Ortaokul,https://atkoyoo.meb.k12.tr,,,https://atkoyoo.meb.k12.tr/tema/harita.php,2026-08-31,93,93,bulundu,https://atkoyoo.meb.k12.tr/tema/okulumuz_hakkinda.php,2026-10-01T18:31:51.398581+00:00,,Öğrenci : 93
Balıkesir,Altıeylül,Atköy İlkokulu,657145,İlkokul,https://atkoyio.meb.k12.tr,,,https://atkoyio.meb.k12.tr/tema/harita.php,2026-08-31,110,110,bulundu,https://atkoyio.meb.k12.tr/,2026-10-01T18:31:51.443580+00:00,,Öğrenci Sayısı : 110
Balıkesir,Altıeylül,Ayşebacı Köyü Şehit İsa Yavaş Ortaokulu,722996,Ortaokul,https://aysebaciokulu.meb.k12.tr,,,https://aysebaciokulu.meb.k12.tr/tema/harita.php,2026-08-31,57,57,bulundu,https://aysebaciokulu.meb.k12.tr/,2026-10-01T18:31:51.539767+00:00,,Öğrenci Sayısı : 57
Balıkesir,Altıeylül,Ayşebacı Köyü Şehit İsa Yavaş İlkokulu,755954,İlkokul,https://aysebacisehitisayavasilkokulu.meb.k12.tr,,,https://aysebacisehitisayavasilkokulu.meb.k12.tr/tema/harita.php,2026-08-31,79,79,bulundu,https://aysebacisehitisayavasilkokulu.meb.k12.tr/,2026-10-01T18:31:51.640552+00:00,,Öğrenci Sayısı : 79
Balıkesir,Altıeylül,Balıkesir Atatürk Şehir Hastanesi Anaokulu,768830,Anaokulu,https://ataturksehirhastanesianaokulu.meb.k12.tr,,,https://ataturksehirhastanesianaokulu.meb.k12.tr/tema/harita.php,2026-08-31,138,138,bulundu,https://ataturksehirhastanesianaokulu.meb.k12.tr/tema/okulumuz_hakkinda.php,2026-10-01T18:31:51.734480+00:00,,Öğrenci : 138
Balıkesir,Altıeylül,Balıklı Ortaokulu,722873,Ortaokul,https://blkbalikliortaokulu.meb.k12.tr,,,https://blkbalikliortaokulu.meb.k12.tr/tema/harita.php,2026-08-31,72,72,bulundu,https://blkbalikliortaokulu.meb.k12.tr/,2026-10-01T18:31:51.765031+00:00,,Öğrenci Sayısı : 72
Balıkesir,Altıeylül,Balıklı İlkokulu,244253,İlkokul,https://balikliokulu.meb.k12.tr,,,https://balikliokulu.meb.k12.tr/tema/harita.php,2026-08-31,104,104,bulundu,https://balikliokulu.meb.k12.tr/,2026-10-01T18:31:51.853745+00:00,,Öğrenci Sayısı: 104
Balıkesir,Altıeylül,Bengi Anaokulu,752521,Anaokulu,https://bengi.meb.k12.tr,,,https://bengi.meb.k12.tr/tema/harita.php,2026-08-31,159,159,bulundu,https://bengi.meb.k12.tr/,2026-10-01T18:31:51.910877+00:00,,Öğrenci Sayısı 159
Balıkesir,Altıeylül,Burhan Erdayı Ortaokulu,719827,Ortaokul,https://burhanerdayiortaokulu.meb.k12.tr,,,https://burhanerdayiortaokulu.meb.k12.tr/tema/harita.php,2026-08-31,670,670,bulundu,https://burhanerdayiortaokulu.meb.k12.tr/,2026-10-01T18:31:52.133824+00:00,,Öğrenci Sayısı : 670
Balıkesir,Altıeylül,Burhan Erdayı İlkokulu,720379,İlkokul,https://burhanerdayiilkokulu.meb.k12.tr,,,https://burhanerdayiilkokulu.meb.k12.tr/tema/harita.php,2026-08-31,1062,1062,bulundu,https://burhanerdayiilkokulu.meb.k12.tr/,2026-10-01T18:31:53.951556+00:00,,Öğrenci Sayısı : 1062
Balıkesir,Altıeylül,Büyük Bostancı İlkokulu,720962,İlkokul,https://buyukbostanci.meb.k12.tr,,,https://buyukbostanci.meb.k12.tr/tema/harita.php,2026-08-31,26,26,bulundu,https://buyukbostanci.meb.k12.tr/,2026-10-01T18:31:53.952452+00:00,,Öğrenci Sayısı : 26
Balıkesir,Altıeylül,Cumhuriyet Ortaokulu,758883,Ortaokul,https://balikesircumhuriyetortaokulu.meb.k12.tr,,,https://balikesircumhuriyetortaokulu.meb.k12.tr/tema/harita.php,2026-08-31,292,292,bulundu,https://balikesircumhuriyetortaokulu.meb.k12.tr/,2026-10-01T18:31:53.954918+00:00,,Öğrenci Sayısı : 292
Balıkesir,Altıeylül,Cumhuriyet İlkokulu,721205,İlkokul,https://balikesircumhuriyet.meb.k12.tr,,,https://balikesircumhuriyet.meb.k12.tr/tema/harita.php,2026-08-31,349,349,bulundu,https://balikesircumhuriyet.meb.k12.tr/,2026-10-01T18:31:54.056946+00:00,,Öğrenci Sayısı 349
Balıkesir,Altıeylül,Ermişler Cumhuriyet Anadolu Lisesi,964275,Anadolu Lisesi,https://balikesirecal.meb.k12.tr,,,https://balikesirecal.meb.k12.tr/tema/harita.php,2026-08-31,703,703,bulundu,https://balikesirecal.meb.k12.tr/,2026-10-01T18:31:54.062668+00:00,,Öğrenci Sayısı 703
Balıkesir,Altıeylül,Fahri Kiraz Kız Mesleki ve Teknik Anadolu Lisesi,751738,Mesleki ve Teknik Anadolu Lisesi,https://fahrikirazmtal.meb.k12.tr,,,https://fahrikirazmtal.meb.k12.tr/tema/harita.php,2026-08-31,502,502,bulundu,https://fahrikirazmtal.meb.k12.tr/,2026-10-01T18:31:54.052443+00:00,,Öğrenci Sayısı : 502
Balıkesir,Altıeylül,Fevzi Çakmak İlkokulu,649261,İlkokul,https://fevzicakmak10.meb.k12.tr,,,https://fevzicakmak10.meb.k12.tr/tema/harita.php,2026-08-31,532,532,bulundu,https://fevzicakmak10.meb.k12.tr/,2026-10-01T18:31:53.955868+00:00,,Öğrenci Sayısı 532
Balıkesir,Altıeylül,Gaziosmanpaşa İlkokulu,679450,İlkokul,https://gop10.meb.k12.tr,,,https://gop10.meb.k12.tr/tema/harita.php,2026-08-31,499,499,bulundu,https://gop10.meb.k12.tr/,2026-10-01T18:31:54.147022+00:00,,Öğrenci Sayısı : 499
Balıkesir,Altıeylül,General Kemal Balıkesir Ortaokulu,722546,Ortaokul,https://generalkemalbalikesirortaokulu.meb.k12.tr,,,https://generalkemalbalikesirortaokulu.meb.k12.tr/tema/harita.php,2026-08-31,1360,1360,bulundu,https://generalkemalbalikesirortaokulu.meb.k12.tr/,2026-10-01T18:31:54.080421+00:00,,Öğrenci Sayısı : 1360
Balıkesir,Altıeylül,Gökköy İlkokulu,755856,İlkokul,https://gokkoyilkokulu.meb.k12.tr,,,https://gokkoyilkokulu.meb.k12.tr/tema/harita.php,2026-08-31,80,80,bulundu,https://gokkoyilkokulu.meb.k12.tr/,2026-10-01T18:31:54.078799+00:00,,Öğrenci Sayısı 80
Balıkesir,Altıeylül,Gülser-Mehmet Bolluk Anadolu Lisesi,967425,Anadolu Lisesi,https://bolluk.meb.k12.tr,,,https://bolluk.meb.k12.tr/tema/harita.php,2026-08-31,534,534,bulundu,https://bolluk.meb.k12.tr/,2026-10-01T18:31:54.067769+00:00,,Öğrenci Sayısı 534
Balıkesir,Altıeylül,Halalca Ganime-Hüseyin Bacakoğlu Ortaokulu,722729,Ortaokul,https://halalcaortaokulu.meb.k12.tr,,,https://halalcaortaokulu.meb.k12.tr/tema/harita.php,2026-08-31,62,62,bulundu,https://halalcaortaokulu.meb.k12.tr/,2026-10-01T18:31:54.066854+00:00,,Öğrenci Sayısı : 62
Balıkesir,Altıeylül,Halalca İlkokulu,722771,İlkokul,https://halalcailkokulu.meb.k12.tr,,,https://halalcailkokulu.meb.k12.tr/tema/harita.php,2026-08-31,60,60,bulundu,https://halalcailkokulu.meb.k12.tr/tema/okulumuz_hakkinda.php,2026-10-01T18:31:54.141775+00:00,,Öğrenci : 60
Balıkesir,Altıeylül,Hasan Basri Çantay İlkokulu,722892,İlkokul,https://hasanbasricantayilkokulu.meb.k12.tr,,,https://hasanbasricantayilkokulu.meb.k12.tr/tema/harita.php,2026-08-31,449,449,bulundu,https://hasanbasricantayilkokulu.meb.k12.tr/,2026-10-01T18:31:54.145772+00:00,,Öğrenci Sayısı : 449
Balıkesir,Altıeylül,Hatice Fahriye Eğinlioğlu İlkokulu,720563,İlkokul,https://hfeilkokulu.meb.k12.tr,,,https://hfeilkokulu.meb.k12.tr/tema/harita.php,2026-08-31,1037,1037,bulundu,https://hfeilkokulu.meb.k12.tr/,2026-10-01T18:31:54.142802+00:00,,Öğrenci Sayısı : 1037
Balıkesir,Altıeylül,Hüma Hatun Kız Mesleki ve Teknik Anadolu Lisesi,128160,Mesleki ve Teknik Anadolu Lisesi,https://balikesirkml.meb.k12.tr,,,https://balikesirkml.meb.k12.tr/tema/harita.php,2026-08-31,590,590,bulundu,https://balikesirkml.meb.k12.tr/,2026-10-01T18:31:54.123650+00:00,,Öğrenci Sayısı : 590
Balıkesir,Altıeylül,Kabaklı İlkokulu,721124,İlkokul,https://balikesirkabakli.meb.k12.tr,,,https://balikesirkabakli.meb.k12.tr/tema/harita.php,2026-08-31,32,32,bulundu,https://balikesirkabakli.meb.k12.tr/,2026-10-01T18:31:54.137817+00:00,,Öğrenci Sayısı : 32
Balıkesir,Altıeylül,Kadriye Kemal Gürel İlkokulu,755905,İlkokul,https://kadriyekemalgurelilkokulu.meb.k12.tr,,,https://kadriyekemalgurelilkokulu.meb.k12.tr/tema/harita.php,2026-08-31,1421,1421,bulundu,https://kadriyekemalgurelilkokulu.meb.k12.tr/,2026-10-01T18:31:54.143793+00:00,,Öğrenci Sayısı : 1421
Balıkesir,Altıeylül,Karamanköy Mehmetcik Ortaokulu,723010,Ortaokul,https://karamankoymehmetcikortaokulu.meb.k12.tr,,,https://karamankoymehmetcikortaokulu.meb.k12.tr/tema/harita.php,2026-08-31,86,86,bulundu,https://karamankoymehmetcikortaokulu.meb.k12.tr/,2026-10-01T18:31:54.122877+00:00,,Öğrenci Sayısı : 86
Balıkesir,Altıeylül,Karamanköy Mehmetcik İlkokulu,723003,İlkokul,https://karamankoymehmetcikilkokulu.meb.k12.tr,,,https://karamankoymehmetcikilkokulu.meb.k12.tr/tema/harita.php,2026-08-31,154,154,bulundu,https://karamankoymehmetcikilkokulu.meb.k12.tr/,2026-10-01T18:31:54.139780+00:00,,Öğrenci Sayısı : 154
Balıkesir,Altıeylül,Karamanlar Ortaokulu,722823,Ortaokul,https://karamanlarortaokulu.meb.k12.tr,,,https://karamanlarortaokulu.meb.k12.tr/tema/harita.php,2026-08-31,51,51,bulundu,https://karamanlarortaokulu.meb.k12.tr/,2026-10-01T18:31:54.186434+00:00,,Öğrenci Sayısı 51
Balıkesir,Altıeylül,Karamanlar İlkokulu,722832,İlkokul,https://karamanlarilkokulu.meb.k12.tr,,,https://karamanlarilkokulu.meb.k12.tr/tema/harita.php,2026-08-31,88,88,bulundu,https://karamanlarilkokulu.meb.k12.tr/,2026-10-01T18:31:54.203779+00:00,,Öğrenci Sayısı : 88
Balıkesir,Altıeylül,Kesirven Şehit Mehmet Eren ortaokulu,722754,Ortaokul,https://kesirven.meb.k12.tr,,,https://kesirven.meb.k12.tr/tema/harita.php,2026-08-31,60,60,bulundu,https://kesirven.meb.k12.tr/,2026-10-01T18:31:54.201903+00:00,,Öğrenci Sayısı : 60
Balıkesir,Altıeylül,Kesirven Şehit Mehmet Eren İlkokulu,222044,İlkokul,https://kesirvenilkokulu.meb.k12.tr,,,https://kesirvenilkokulu.meb.k12.tr/tema/harita.php,2026-08-31,60,60,bulundu,https://kesirvenilkokulu.meb.k12.tr/,2026-10-01T18:31:54.185795+00:00,,Öğrenci Sayısı 60
Balıkesir,Altıeylül,Konakpınar Köyü Şehit Jandarma Başçavuş Erbu Serpan Ortaokulu,722787,Ortaokul,https://konakpinarortaokulu.meb.k12.tr,,,https://konakpinarortaokulu.meb.k12.tr/tema/harita.php,2026-08-31,117,117,bulundu,https://konakpinarortaokulu.meb.k12.tr/,2026-10-01T18:31:54.259828+00:00,,Öğrenci Sayısı 117
Balıkesir,Altıeylül,Konakpınar Köyü Şehit Jandarma Başçavuş Erbu Serpan İlkokulu,722795,İlkokul,https://konakpinarilkokulu.meb.k12.tr,,,https://konakpinarilkokulu.meb.k12.tr/tema/harita.php,2026-08-31,107,107,bulundu,https://konakpinarilkokulu.meb.k12.tr/,2026-10-01T18:31:54.215677+00:00,,Öğrenci Sayısı : 107
Balıkesir,Altıeylül,Köseler İlkokulu,723033,İlkokul,https://koselerilkokulu10.meb.k12.tr,,,https://koselerilkokulu10.meb.k12.tr/tema/harita.php,2026-08-31,36,36,bulundu,https://koselerilkokulu10.meb.k12.tr/,2026-10-01T18:31:54.355859+00:00,,Öğrenci Sayısı : 36
Balıkesir,Altıeylül,Köylüköy Ortaokulu,723008,Ortaokul,https://koylukoyoo.meb.k12.tr,,,https://koylukoyoo.meb.k12.tr/tema/harita.php,2026-08-31,66,66,bulundu,https://koylukoyoo.meb.k12.tr/,2026-10-01T18:31:54.908991+00:00,,Öğrenci Sayısı : 66
Balıkesir,Altıeylül,Köylüköy İlkokulu,723017,İlkokul,https://koylukoyio.meb.k12.tr,,,https://koylukoyio.meb.k12.tr/tema/harita.php,2026-08-31,41,41,bulundu,https://koylukoyio.meb.k12.tr/,2026-10-01T18:31:54.948839+00:00,,Öğrenci Sayısı : 41
Balıkesir,Altıeylül,Macarlar Ortaokulu,722761,Ortaokul,https://macarlaro.meb.k12.tr,,,https://macarlaro.meb.k12.tr/tema/harita.php,2026-08-31,81,81,bulundu,https://macarlaro.meb.k12.tr/,2026-10-01T18:31:55.186416+00:00,,Öğrenci Sayısı : 81
Balıkesir,Altıeylül,Macarlar İlkokulu,722768,İlkokul,https://macarlario.meb.k12.tr,,,https://macarlario.meb.k12.tr/tema/harita.php,2026-08-31,108,108,bulundu,https://macarlario.meb.k12.tr/,2026-10-01T18:31:55.201752+00:00,,Öğrenci Sayısı : 108
Balıkesir,Altıeylül,Makbule Efe Anaokulu,750211,Anaokulu,https://makbulefeanaokulu.meb.k12.tr,,,https://makbulefeanaokulu.meb.k12.tr/tema/harita.php,2026-08-31,173,173,bulundu,https://makbulefeanaokulu.meb.k12.tr/tema/okulumuz_hakkinda.php,2026-10-01T18:31:55.296464+00:00,,Öğrenci : 173
Balıkesir,Altıeylül,Mehmet Akif Ersoy Ortaokulu,721374,Ortaokul,https://blkmakifort.meb.k12.tr,,,https://blkmakifort.meb.k12.tr/tema/harita.php,2026-08-31,539,539,bulundu,https://blkmakifort.meb.k12.tr/,2026-10-01T18:31:55.647639+00:00,,Öğrenci Sayısı : 539
Balıkesir,Altıeylül,Mehmet Akif Ersoy İlkokulu,655959,İlkokul,https://blkmakifilk.meb.k12.tr,,,https://blkmakifilk.meb.k12.tr/tema/harita.php,2026-08-31,646,646,bulundu,https://blkmakifilk.meb.k12.tr/,2026-10-01T18:31:55.716893+00:00,,Öğrenci Sayısı 646
Balıkesir,Altıeylül,Mehmet Ağa Safarov Anadolu Lisesi,972434,Anadolu Lisesi,https://blkmasal.meb.k12.tr,,,https://blkmasal.meb.k12.tr/tema/harita.php,2026-08-31,274,274,bulundu,https://blkmasal.meb.k12.tr/,2026-10-01T18:31:55.750203+00:00,,Öğrenci Sayısı : 274
Balıkesir,Altıeylül,Mehmet Vehbi Bolak Ticaret Mesleki ve Teknik Anadolu Lisesi,749149,Mesleki ve Teknik Anadolu Lisesi,https://mvehbibolaktml.meb.k12.tr,,,https://mvehbibolaktml.meb.k12.tr/tema/harita.php,2026-08-31,502,502,bulundu,https://mvehbibolaktml.meb.k12.tr/,2026-10-01T18:31:55.775766+00:00,,Öğrenci Sayısı 502
Balıkesir,Altıeylül,Mimar Sinan Mesleki ve Teknik Anadolu Lisesi,128147,Mesleki ve Teknik Anadolu Lisesi,https://balikesireml.meb.k12.tr,,,https://balikesireml.meb.k12.tr/tema/harita.php,2026-08-31,847,847,bulundu,https://balikesireml.meb.k12.tr/tema/okulumuz_hakkinda.php,2026-10-01T18:31:55.796883+00:00,,Öğrenci : 847
Balıkesir,Altıeylül,Mithatpaşa Anaokulu,751640,Anaokulu,https://mpao.meb.k12.tr,,,https://mpao.meb.k12.tr/tema/harita.php,2026-08-31,136,136,bulundu,https://mpao.meb.k12.tr/,2026-10-01T18:31:55.817791+00:00,,Öğrenci Sayısı 136
Balıkesir,Altıeylül,Naim Süleymanoğlu İlkokulu,722320,İlkokul,https://naimsuleymanogluilkokulu10.meb.k12.tr,,,https://naimsuleymanogluilkokulu10.meb.k12.tr/tema/harita.php,2026-08-31,178,178,bulundu,https://naimsuleymanogluilkokulu10.meb.k12.tr/,2026-10-01T18:31:55.847795+00:00,,Öğrenci Sayısı : 178
Balıkesir,Altıeylül,Namık Kemal İlkokulu,717426,İlkokul,https://namikkemalio10.meb.k12.tr,,,https://namikkemalio10.meb.k12.tr/tema/harita.php,2026-08-31,,,bulunamadi,,2026-10-01T18:31:55.871692+00:00,,
Balıkesir,Altıeylül,Nergiz İlkokulu,776810,İlkokul,https://nergizilkokulu.meb.k12.tr,,,https://nergizilkokulu.meb.k12.tr/tema/harita.php,2026-08-31,,,bulunamadi,,2026-10-01T18:31:55.926483+00:00,,
Balıkesir,Altıeylül,Nuran Oğuz Özel Eğitim Anaokulu,766966,Anaokulu,https://nuranoguzozelegitim.meb.k12.tr,,,https://nuranoguzozelegitim.meb.k12.tr/tema/harita.php,2026-08-31,19,19,bulundu,https://nuranoguzozelegitim.meb.k12.tr/,2026-10-01T18:31:55.999508+00:00,,Öğrenci Sayısı: 19
Balıkesir,Altıeylül,Organize Sanayi Mesleki ve Teknik Anadolu Lisesi,751737,Mesleki ve Teknik Anadolu Lisesi,https://bostemel.meb.k12.tr,,,https://bostemel.meb.k12.tr/tema/harita.php,2026-08-31,369,369,bulundu,https://bostemel.meb.k12.tr/tema/okulumuz_hakkinda.php,2026-10-01T18:31:56.009604+00:00,,Öğrenci : 369
Balıkesir,Altıeylül,Ortamandıra Şehit Gürel Alagöz Ortaokulu,722800,Ortaokul,https://ortamandirasgaortaokulu.meb.k12.tr,,,https://ortamandirasgaortaokulu.meb.k12.tr/tema/harita.php,2026-08-31,23,23,bulundu,https://ortamandirasgaortaokulu.meb.k12.tr/,2026-10-01T18:31:56.027071+00:00,,Öğrenci Sayısı : 23
Balıkesir,Altıeylül,Ortamandıra Şehit Gürel Alagöz İlkokulu,722812,İlkokul,https://ortamandirasgai.meb.k12.tr,,,https://ortamandirasgai.meb.k12.tr/tema/harita.php,2026-08-31,39,39,bulundu,https://ortamandirasgai.meb.k12.tr/,2026-10-01T18:31:56.114077+00:00,,Öğrenci Sayısı 39
Balıkesir,Altıeylül,Ovaköy Ortaokulu,722843,Ortaokul,https://ovakoyoo.meb.k12.tr,,,https://ovakoyoo.meb.k12.tr/tema/harita.php,2026-08-31,37,37,bulundu,https://ovakoyoo.meb.k12.tr/tema/okulumuz_hakkinda.php,2026-10-01T18:31:56.138860+00:00,,Öğrenci : 37
Balıkesir,Altıeylül,Ovaköy İlkokulu,722835,İlkokul,https://ovakoyio.meb.k12.tr,,,https://ovakoyio.meb.k12.tr/tema/harita.php,2026-08-31,44,44,bulundu,https://ovakoyio.meb.k12.tr/tema/okulumuz_hakkinda.php,2026-10-01T18:31:56.149190+00:00,,Öğrenci : 44
Balıkesir,Altıeylül,Pamukçu Ortaokulu,722831,Ortaokul,https://pamukcuortaokulu.meb.k12.tr,,,https://pamukcuortaokulu.meb.k12.tr/tema/harita.php,2026-08-31,69,69,bulundu,https://pamukcuortaokulu.meb.k12.tr/,2026-10-01T18:31:56.173938+00:00,,Öğrenci Sayısı: 69
Balıkesir,Altıeylül,Pamukçu İlkokulu,722848,İlkokul,https://pamukcuilkokulu.meb.k12.tr,,,https://pamukcuilkokulu.meb.k12.tr/tema/harita.php,2026-08-31,116,116,bulundu,https://pamukcuilkokulu.meb.k12.tr/,2026-10-01T18:31:56.215815+00:00,,Öğrenci Sayısı 116
Balıkesir,Altıeylül,Pamukçu İmam Hatip Ortaokulu,766606,İmam Hatip Ortaokulu,https://pamukcuiho.meb.k12.tr,,,https://pamukcuiho.meb.k12.tr/tema/harita.php,2026-08-31,79,79,bulundu,https://pamukcuiho.meb.k12.tr/,2026-10-01T18:31:56.229251+00:00,,Öğrenci Sayısı : 79
Balıkesir,Altıeylül,Plevne İlkokulu,719815,İlkokul,https://blkplevneio.meb.k12.tr,,,https://blkplevneio.meb.k12.tr/tema/harita.php,2026-08-31,590,590,bulundu,https://blkplevneio.meb.k12.tr/,2026-10-01T18:31:56.235350+00:00,,Öğrenci Sayısı 590
Balıkesir,Altıeylül,Sabiha Gökçen Anaokulu,851628,Anaokulu,https://sgao.meb.k12.tr,,,https://sgao.meb.k12.tr/tema/harita.php,2026-08-31,234,234,bulundu,https://sgao.meb.k12.tr/,2026-10-01T18:31:56.255618+00:00,,Öğrenci Sayısı : 234
Balıkesir,Altıeylül,Sevgi Özel Eğitim Uygulama Okulu I. Kademe,757430,Özel Eğitim Kurumu,https://sevgiozelegitimuygulamaokulu1kad.meb.k12.tr,,,https://sevgiozelegitimuygulamaokulu1kad.meb.k12.tr/tema/harita.php,2026-08-31,50,50,bulundu,https://sevgiozelegitimuygulamaokulu1kad.meb.k12.tr/,2026-10-01T18:31:56.260104+00:00,,Öğrenci Sayısı : 50
Balıkesir,Altıeylül,Sevgi Özel Eğitim Uygulama Okulu II. Kademe,747048,Özel Eğitim Kurumu,https://sevgiozelegitimuygulamaokulu2kad.meb.k12.tr,,,https://sevgiozelegitimuygulamaokulu2kad.meb.k12.tr/tema/harita.php,2026-08-31,62,62,bulundu,https://sevgiozelegitimuygulamaokulu2kad.meb.k12.tr/,2026-10-01T18:31:56.365139+00:00,,Öğrenci Sayısı 62
Balıkesir,Altıeylül,Sultan Abdulhamit Han İlkokulu,776444,İlkokul,https://776444.meb.k12.tr,,,https://776444.meb.k12.tr/tema/harita.php,2026-08-31,295,295,bulundu,https://776444.meb.k12.tr/,2026-10-01T18:31:56.378624+00:00,,Öğrenci Sayısı : 295
Balıkesir,Altıeylül,Yakup Mihriye Akdeniz Anadolu İmam Hatip Lisesi,761067,Anadolu İmam Hatip Lisesi,https://akdenizihl.meb.k12.tr,,,https://akdenizihl.meb.k12.tr/tema/harita.php,2026-08-31,211,211,bulundu,https://akdenizihl.meb.k12.tr/tema/okulumuz_hakkinda.php,2026-10-01T18:31:56.430450+00:00,,Öğrenci : 211
Balıkesir,Altıeylül,Yakupköy Ortaokulu,723063,Ortaokul,https://yakupkoyortaokulu.meb.k12.tr,,,https://yakupkoyortaokulu.meb.k12.tr/tema/harita.php,2026-08-31,37,37,bulundu,https://yakupkoyortaokulu.meb.k12.tr/,2026-10-01T18:31:56.617155+00:00,,Öğrenci Sayısı 37
Balıkesir,Altıeylül,Yakupköy İlkokulu,656833,İlkokul,https://yakupkoyilkokulu.meb.k12.tr,,,https://yakupkoyilkokulu.meb.k12.tr/tema/harita.php,2026-08-31,66,66,bulundu,https://yakupkoyilkokulu.meb.k12.tr/,2026-10-01T18:31:56.676538+00:00,,Öğrenci Sayısı 66
Balıkesir,Altıeylül,Yarış Ortaokulu,720760,Ortaokul,https://yarisortaokulu.meb.k12.tr,,,https://yarisortaokulu.meb.k12.tr/tema/harita.php,2026-08-31,2005,2005,bulundu,https://yarisortaokulu.meb.k12.tr/,2026-10-01T18:31:56.712945+00:00,,Öğrenci Sayısı 2005
Balıkesir,Altıeylül,Yunus Emre Ortaokulu,722784,Ortaokul,https://balikesiryunusemreoo.meb.k12.tr,,,https://balikesiryunusemreoo.meb.k12.tr/tema/harita.php,2026-08-31,196,196,bulundu,https://balikesiryunusemreoo.meb.k12.tr/,2026-10-01T18:31:56.867065+00:00,,Öğrenci Sayısı 196
Balıkesir,Altıeylül,Zağnospaşa Ortaokulu,720532,Ortaokul,https://zagnospasaortaokulu.meb.k12.tr,,,https://zagnospasaortaokulu.meb.k12.tr/tema/harita.php,2026-08-31,627,627,bulundu,https://zagnospasaortaokulu.meb.k12.tr/tema/okulumuz_hakkinda.php,2026-10-01T18:31:56.946923+00:00,,Öğrenci : 627
Balıkesir,Altıeylül,Çandır Ortaokulu,722987,Ortaokul,https://candirorta.meb.k12.tr,,,https://candirorta.meb.k12.tr/tema/harita.php,2026-08-31,47,47,bulundu,https://candirorta.meb.k12.tr/,2026-10-01T18:31:56.990730+00:00,,Öğrenci Sayısı : 47
Balıkesir,Altıeylül,Çandır İlkokulu,755992,İlkokul,https://candirilk.meb.k12.tr,,,https://candirilk.meb.k12.tr/tema/harita.php,2026-08-31,53,53,bulundu,https://candirilk.meb.k12.tr/,2026-10-01T18:31:57.002932+00:00,,Öğrenci Sayısı : 53
Balıkesir,Altıeylül,Şehit Jandarma Uzman Çavuş Okan Dinçer Ortaokulu,721122,Ortaokul,https://sehitokandincer.meb.k12.tr,,,https://sehitokandincer.meb.k12.tr/tema/harita.php,2026-08-31,534,534,bulundu,https://sehitokandincer.meb.k12.tr/,2026-10-01T18:31:57.086091+00:00,,Öğrenci Sayısı : 534
Balıkesir,Altıeylül,Şehit Süleyman Özoğlu Ortaokulu,776445,Ortaokul,https://776445.meb.k12.tr,,,https://776445.meb.k12.tr/tema/harita.php,2026-08-31,207,207,bulundu,https://776445.meb.k12.tr/,2026-10-01T18:31:57.120005+00:00,,Öğrenci Sayısı : 207
Balıkesir,Altıeylül,Şehit Uzman Çavuş Davut Armağan Keskin Özel Eğitim Anaokulu,768061,Anaokulu,https://davutarmagankozelegitimanaokulu.meb.k12.tr,,,https://davutarmagankozelegitimanaokulu.meb.k12.tr/tema/harita.php,2026-08-31,27,27,bulundu,https://davutarmagankozelegitimanaokulu.meb.k12.tr/,2026-10-01T18:31:57.182550+00:00,,Öğrenci Sayısı 27
Balıkesir,Altıeylül,Şehit Ömer Faruk Bol İmam Hatip Ortaokulu,746255,İmam Hatip Ortaokulu,https://sehitomerfarukboliho.meb.k12.tr,,,https://sehitomerfarukboliho.meb.k12.tr/tema/harita.php,2026-08-31,134,134,bulundu,https://sehitomerfarukboliho.meb.k12.tr/,2026-10-01T18:31:57.268594+00:00,,Öğrenci Sayısı 134
Balıkesir,Ayvalık,15 Eylül Ortaokulu,727188,Ortaokul,https://onbeseylulortaokulu.meb.k12.tr,,,https://onbeseylulortaokulu.meb.k12.tr/tema/harita.php,2026-08-31,389,389,bulundu,https://onbeseylulortaokulu.meb.k12.tr/,2026-10-01T18:31:57.582324+00:00,,Öğrenci Sayısı : 389
Balıkesir,Ayvalık,Abdülvahit Sağlam İlkokulu,645060,İlkokul,https://abdulvahitsaglam.meb.k12.tr,,,https://abdulvahitsaglam.meb.k12.tr/tema/harita.php,2026-08-31,77,77,bulundu,https://abdulvahitsaglam.meb.k12.tr/,2026-10-01T18:31:57.884423+00:00,,Öğrenci Sayısı: 77
Balıkesir,Ayvalık,Akçapınar Ortaokulu,745452,Ortaokul,https://akcapinarortaokulu.meb.k12.tr,,,https://akcapinarortaokulu.meb.k12.tr/tema/harita.php,2026-08-31,135,135,bulundu,https://akcapinarortaokulu.meb.k12.tr/,2026-10-01T18:31:57.905761+00:00,,Öğrenci Sayısı : 135
Balıkesir,Ayvalık,Akçapınar İlkokulu,645669,İlkokul,https://akcapinarilkokulu.meb.k12.tr,,,https://akcapinarilkokulu.meb.k12.tr/tema/harita.php,2026-08-31,127,127,bulundu,https://akcapinarilkokulu.meb.k12.tr/tema/okulumuz_hakkinda.php,2026-10-01T18:31:58.520656+00:00,,Öğrenci : 127
Balıkesir,Ayvalık,Ali Çetinkaya Ortaokulu,737113,Ortaokul,https://alicetinkayaortaokulu.meb.k12.tr,,,https://alicetinkayaortaokulu.meb.k12.tr/tema/harita.php,2026-08-31,261,261,bulundu,https://alicetinkayaortaokulu.meb.k12.tr/,2026-10-01T18:31:58.579827+00:00,,Öğrenci Sayısı 261
Balıkesir,Ayvalık,Ali Çetinkaya İlkokulu,737048,İlkokul,https://alicetinkayailkokulu.meb.k12.tr,,,https://alicetinkayailkokulu.meb.k12.tr/tema/harita.php,2026-08-31,180,180,bulundu,https://alicetinkayailkokulu.meb.k12.tr/,2026-10-01T18:31:58.580336+00:00,,Öğrenci Sayısı : 180
Balıkesir,Ayvalık,Altınova Anaokulu,851031,Anaokulu,https://altinovaanaokulu.meb.k12.tr,,,https://altinovaanaokulu.meb.k12.tr/tema/harita.php,2026-08-31,111,111,bulundu,https://altinovaanaokulu.meb.k12.tr/,2026-10-01T18:31:58.581563+00:00,,Öğrenci Sayısı : 111
Balıkesir,Ayvalık,Altınova Atatürk İlkokulu,736993,İlkokul,https://altinovaataturkilkokulu.meb.k12.tr,,,https://altinovaataturkilkokulu.meb.k12.tr/tema/harita.php,2026-08-31,260,260,bulundu,https://altinovaataturkilkokulu.meb.k12.tr/,2026-10-01T18:31:58.845424+00:00,,Öğrenci Sayısı 260
Balıkesir,Ayvalık,Altınova Merkez İlkokulu,737014,İlkokul,https://merkezilkokul.meb.k12.tr,,,https://merkezilkokul.meb.k12.tr/tema/harita.php,2026-08-31,348,348,bulundu,https://merkezilkokul.meb.k12.tr/,2026-10-01T18:31:58.912787+00:00,,Öğrenci Sayısı : 348
Balıkesir,Ayvalık,Altınova Ondört Eylül İlkokulu,645716,İlkokul,https://altinova14eylul.meb.k12.tr,,,https://altinova14eylul.meb.k12.tr/tema/harita.php,2026-08-31,313,313,bulundu,https://altinova14eylul.meb.k12.tr/,2026-10-01T18:31:59.333661+00:00,,Öğrenci Sayısı 313
Balıkesir,Ayvalık,Atatürk İlkokulu,244373,İlkokul,https://ayvalikataturk.meb.k12.tr,,,https://ayvalikataturk.meb.k12.tr/tema/harita.php,2026-08-31,458,458,bulundu,https://ayvalikataturk.meb.k12.tr/,2026-10-01T18:31:59.391503+00:00,,Öğrenci Sayısı 458
Balıkesir,Ayvalık,Ayvalık Anadolu Lisesi,317439,Anadolu Lisesi,https://ayvalikanadolulisesi.meb.k12.tr,,,https://ayvalikanadolulisesi.meb.k12.tr/tema/harita.php,2026-08-31,343,343,bulundu,https://ayvalikanadolulisesi.meb.k12.tr/,2026-10-01T18:31:59.487089+00:00,,Öğrenci Sayısı 343
Balıkesir,Ayvalık,Ayvalık Anaokulu,959698,Anaokulu,https://ayvalikanaokulu.meb.k12.tr,,,https://ayvalikanaokulu.meb.k12.tr/tema/harita.php,2026-08-31,125,125,bulundu,https://ayvalikanaokulu.meb.k12.tr/,2026-10-01T18:31:59.506015+00:00,,Öğrenci Sayısı 125
Balıkesir,Ayvalık,Ayvalık Atatürk Anadolu Lisesi,972552,Anadolu Lisesi,https://ayvalikatal.meb.k12.tr,,,https://ayvalikatal.meb.k12.tr/tema/harita.php,2026-08-31,415,415,bulundu,https://ayvalikatal.meb.k12.tr/,2026-10-01T18:31:59.511634+00:00,,Öğrenci Sayısı 415
Balıkesir,Ayvalık,Ayvalık Mesleki Eğitim Merkezi,757408,Mesleki Eğitim Merkezi,https://aymesem.meb.k12.tr,,,https://aymesem.meb.k12.tr/tema/harita.php,2026-08-31,350,350,bulundu,https://aymesem.meb.k12.tr/,2026-10-01T18:31:59.564395+00:00,,Öğrenci Sayısı : 350
Balıkesir,Ayvalık,Ayvalık Rahim Usta Anadolu Lisesi,972795,Anadolu Lisesi,https://rual.meb.k12.tr,,,https://rual.meb.k12.tr/tema/harita.php,2026-08-31,141,141,bulundu,https://rual.meb.k12.tr/,2026-10-01T18:31:59.561478+00:00,,Öğrenci Sayısı 141
Balıkesir,Ayvalık,Ayvalık Rehberlik ve Araştırma Merkezi,774151,Rehberlik ve Araştırma Merkezi,https://ayvalikram.meb.k12.tr,,,https://ayvalikram.meb.k12.tr/tema/harita.php,2026-08-31,,,bulunamadi,,2026-10-01T18:31:59.690216+00:00,,
Balıkesir,Ayvalık,Ayvalık Sakarya Türkiye Odalar ve Borsalar Birliği Ortaokulu,737040,Ortaokul,https://sakarya.meb.k12.tr,,,https://sakarya.meb.k12.tr/tema/harita.php,2026-08-31,341,341,bulundu,https://sakarya.meb.k12.tr/tema/okulumuz_hakkinda.php,2026-10-01T18:31:59.703992+00:00,,Öğrenci : 341
Balıkesir,Ayvalık,Ayvalık Zeynep Perkit Fen Lisesi,776228,Fen Lisesi,https://ayvalikzeynepperkitfenlisesi.meb.k12.tr,,,https://ayvalikzeynepperkitfenlisesi.meb.k12.tr/tema/harita.php,2026-08-31,119,119,bulundu,https://ayvalikzeynepperkitfenlisesi.meb.k12.tr/,2026-10-01T18:31:59.757372+00:00,,Öğrenci Sayısı 119
Balıkesir,Ayvalık,Ayvalık Zübeyde Hanım Kız Mesleki ve Teknik Anadolu Lisesi,867881,Mesleki ve Teknik Anadolu Lisesi,https://ayvzubeydehanimktml.meb.k12.tr,,,https://ayvzubeydehanimktml.meb.k12.tr/tema/harita.php,2026-08-31,335,335,bulundu,https://ayvzubeydehanimktml.meb.k12.tr/,2026-10-01T18:31:59.774081+00:00,,Öğrenci Sayısı : 335
Balıkesir,Ayvalık,Ayvalık Öğretmenevi ve Akşam Sanat Okulu,645395,Öğretmenevi,https://ayvalikogretmenevi.meb.k12.tr,,,https://ayvalikogretmenevi.meb.k12.tr/tema/harita.php,2026-08-31,,,bulunamadi,,2026-10-01T18:31:59.822459+00:00,,
Balıkesir,Ayvalık,Ayvalık Şehit Abdullah Tayyip Olçok Halk Eğitimi Merkezi,309136,Halk Eğitimi Merkezi,https://ayvalikhem.meb.k12.tr,,,https://ayvalikhem.meb.k12.tr/tema/harita.php,2026-08-31,,,bulunamadi,,2026-10-01T18:31:59.830342+00:00,,
Balıkesir,Ayvalık,Bağyüzü Ortaokulu,736970,Ortaokul,https://bagyuzuortaokulu.meb.k12.tr,,,https://bagyuzuortaokulu.meb.k12.tr/tema/harita.php,2026-08-31,46,46,bulundu,https://bagyuzuortaokulu.meb.k12.tr/tema/okulumuz_hakkinda.php,2026-10-01T18:31:59.839148+00:00,,Öğrenci : 46
Balıkesir,Ayvalık,Bağyüzü İlkokulu,247723,İlkokul,https://bagyuzuilkokulu.meb.k12.tr,,,https://bagyuzuilkokulu.meb.k12.tr/tema/harita.php,2026-08-31,46,46,bulundu,https://bagyuzuilkokulu.meb.k12.tr/,2026-10-01T18:31:59.934837+00:00,,Öğrenci Sayısı: 46
Balıkesir,Ayvalık,Cihan Yorgun Ortaokulu,736966,Ortaokul,https://cihanyorgunortaokulu.meb.k12.tr,,,https://cihanyorgunortaokulu.meb.k12.tr/tema/harita.php,2026-08-31,607,607,bulundu,https://cihanyorgunortaokulu.meb.k12.tr/,2026-10-01T18:32:00.010871+00:00,,Öğrenci Sayısı : 607
Balıkesir,Ayvalık,Cunda Turizm Mesleki ve Teknik Anadolu Lisesi,128351,Mesleki ve Teknik Anadolu Lisesi,https://ayvalikotml.meb.k12.tr,,,https://ayvalikotml.meb.k12.tr/tema/harita.php,2026-08-31,527,527,bulundu,https://ayvalikotml.meb.k12.tr/,2026-10-01T18:32:00.012875+00:00,,Öğrenci Sayısı 527
Balıkesir,Ayvalık,Kıvanç Sarlıcalı İlkokulu,814788,İlkokul,https://kivancsarlicaliilkokulu.meb.k12.tr,,,https://kivancsarlicaliilkokulu.meb.k12.tr/tema/harita.php,2026-08-31,494,494,bulundu,https://kivancsarlicaliilkokulu.meb.k12.tr/,2026-10-01T18:32:00.015919+00:00,,Öğrenci Sayısı 494
Balıkesir,Ayvalık,Mecit Ataklı Ortaokulu,737017,Ortaokul,https://mecitatakliortaokulu.meb.k12.tr,,,https://mecitatakliortaokulu.meb.k12.tr/tema/harita.php,2026-08-31,139,139,bulundu,https://mecitatakliortaokulu.meb.k12.tr/,2026-10-01T18:32:00.102176+00:00,,Öğrenci Sayısı : 139
Balıkesir,Ayvalık,Mecit Ataklı İlkokulu,737022,İlkokul,https://mecitatakli.meb.k12.tr,,,https://mecitatakli.meb.k12.tr/tema/harita.php,2026-08-31,,,bulunamadi,,2026-10-01T18:32:00.180096+00:00,,
Balıkesir,Ayvalık,Mehmet Akif Ersoy Ortaokulu,727191,Ortaokul,https://ayvalikmehmetakifersoy.meb.k12.tr,,,https://ayvalikmehmetakifersoy.meb.k12.tr/tema/harita.php,2026-08-31,732,732,bulundu,https://ayvalikmehmetakifersoy.meb.k12.tr/,2026-10-01T18:32:00.265879+00:00,,Öğrenci Sayısı 732
Balıkesir,Ayvalık,Mehmet Can Övünür Anaokulu,775344,Anaokulu,https://mcovunuranaokulu.meb.k12.tr,,,https://mcovunuranaokulu.meb.k12.tr/tema/harita.php,2026-08-31,59,59,bulundu,https://mcovunuranaokulu.meb.k12.tr/,2026-10-01T18:32:00.267827+00:00,,Öğrenci Sayısı 59
Balıkesir,Ayvalık,Necmi Komili Ortaokulu,737025,Ortaokul,https://nko.meb.k12.tr,,,https://nko.meb.k12.tr/tema/harita.php,2026-08-31,72,72,bulundu,https://nko.meb.k12.tr/,2026-10-01T18:32:00.273063+00:00,,Öğrenci Sayısı : 72
Balıkesir,Ayvalık,Necmi Komili İlkokulu,737034,İlkokul,https://nki.meb.k12.tr,,,https://nki.meb.k12.tr/tema/harita.php,2026-08-31,148,148,bulundu,https://nki.meb.k12.tr/tema/okulumuz_hakkinda.php,2026-10-01T18:32:00.340081+00:00,,Öğrenci : 148
Balıkesir,Ayvalık,Nuri Zarplı Ortaokulu,645334,Ortaokul,https://nurizarpliortaokulu.meb.k12.tr,,,https://nurizarpliortaokulu.meb.k12.tr/tema/harita.php,2026-08-31,29,29,bulundu,https://nurizarpliortaokulu.meb.k12.tr/,2026-10-01T18:32:00.471508+00:00,,Öğrenci Sayısı : 29
Balıkesir,Ayvalık,Nuri Zarplı İlkokulu,387965,İlkokul,https://nzi.meb.k12.tr,,,https://nzi.meb.k12.tr/tema/harita.php,2026-08-31,48,48,bulundu,https://nzi.meb.k12.tr/,2026-10-01T18:32:00.510117+00:00,,Öğrenci Sayısı 48
Balıkesir,Ayvalık,Pakmaya Kenan Kaptan Denizcilik Mesleki ve Teknik Anadolu Lisesi,974036,Mesleki ve Teknik Anadolu Lisesi,https://pakmayadenizcilik.meb.k12.tr,,,https://pakmayadenizcilik.meb.k12.tr/tema/harita.php,2026-08-31,303,303,bulundu,https://pakmayadenizcilik.meb.k12.tr/,2026-10-01T18:32:00.521661+00:00,,Öğrenci Sayısı : 303
Balıkesir,Ayvalık,Sabahat-Öztürk- Göksel Mesleki ve Teknik Anadolu Lisesi,128326,Mesleki ve Teknik Anadolu Lisesi,https://atoeml.meb.k12.tr,,,https://atoeml.meb.k12.tr/tema/harita.php,2026-08-31,353,353,bulundu,https://atoeml.meb.k12.tr/tema/okulumuz_hakkinda.php,2026-10-01T18:32:00.665092+00:00,,Öğrenci : 353
Balıkesir,Ayvalık,Sakarya İlkokulu,737045,İlkokul,https://aysa1.meb.k12.tr,,,https://aysa1.meb.k12.tr/tema/harita.php,2026-08-31,384,384,bulundu,https://aysa1.meb.k12.tr/,2026-10-01T18:32:00.734090+00:00,,Öğrenci Sayısı 384
Balıkesir,Ayvalık,Sebahat-Cihan Şişman Güzel Sanatlar Lisesi,761633,Güzel Sanatlar Lisesi,https://ayvalikgsl.meb.k12.tr,,,https://ayvalikgsl.meb.k12.tr/tema/harita.php,2026-08-31,168,168,bulundu,https://ayvalikgsl.meb.k12.tr/tema/okulumuz_hakkinda.php,2026-10-01T18:32:00.830986+00:00,,Öğrenci : 168
Balıkesir,Ayvalık,Ustalı Anadolu İmam Hatip Lisesi,761373,Anadolu İmam Hatip Lisesi,https://ustaliihl.meb.k12.tr,,,https://ustaliihl.meb.k12.tr/tema/harita.php,2026-08-31,244,244,bulundu,https://ustaliihl.meb.k12.tr/,2026-10-01T18:32:00.844525+00:00,,Öğrenci Sayısı 244
Balıkesir,Ayvalık,Çakmak Ortaokulu,645993,Ortaokul,https://ayvalikcakmakortaokulu.meb.k12.tr,,,https://ayvalikcakmakortaokulu.meb.k12.tr/tema/harita.php,2026-08-31,95,95,bulundu,https://ayvalikcakmakortaokulu.meb.k12.tr/,2026-10-01T18:32:00.885565+00:00,,Öğrenci Sayısı : 95
Balıkesir,Ayvalık,Çakmak İlkokulu,247735,İlkokul,https://cakmakilkokulu.meb.k12.tr,,,https://cakmakilkokulu.meb.k12.tr/tema/harita.php,2026-08-31,109,109,bulundu,https://cakmakilkokulu.meb.k12.tr/,2026-10-01T18:32:00.980151+00:00,,Öğrenci Sayısı 109
Balıkesir,Ayvalık,Çamoba İlkokulu,645885,İlkokul,https://camobailkokulu.meb.k12.tr,,,https://camobailkokulu.meb.k12.tr/tema/harita.php,2026-08-31,57,57,bulundu,https://camobailkokulu.meb.k12.tr/,2026-10-01T18:32:01.045911+00:00,,Öğrenci Sayısı : 57
Balıkesir,Ayvalık,İstiklal İlkokulu,727194,İlkokul,https://istiklal10.meb.k12.tr,,,https://istiklal10.meb.k12.tr/tema/harita.php,2026-08-31,60,60,bulundu,https://istiklal10.meb.k12.tr/,2026-10-01T18:32:01.162574+00:00,,Öğrenci Sayısı 60
Balıkesir,Ayvalık,Şehit Ömer Halisdemir Çok Programlı Anadolu Lisesi,128302,Çok Programlı Anadolu Lisesi,https://sehitomerhalisdemircpal.meb.k12.tr,,,https://sehitomerhalisdemircpal.meb.k12.tr/tema/harita.php,2026-08-31,241,241,bulundu,https://sehitomerhalisdemircpal.meb.k12.tr/,2026-10-01T18:32:01.198604+00:00,,Öğrenci Sayısı : 241
Balıkesir,Balya,ALİDEMİRCİ İLKOKULU,721910,İlkokul,https://alidemirciilkokulu.meb.k12.tr,,,https://alidemirciilkokulu.meb.k12.tr/tema/harita.php,2026-08-31,3,3,bulundu,https://alidemirciilkokulu.meb.k12.tr/,2026-10-01T18:32:01.369561+00:00,,Öğrenci Sayısı: 3
Balıkesir,Balya,Balya Atatürk Çok Programlı Anadolu Lisesi,324020,Çok Programlı Anadolu Lisesi,https://balyacpl.meb.k12.tr,,,https://balyacpl.meb.k12.tr/tema/harita.php,2026-08-31,121,121,bulundu,https://balyacpl.meb.k12.tr/,2026-10-01T18:32:01.389601+00:00,,Öğrenci Sayısı : 121
Balıkesir,Balya,Balya Halk Eğitimi Merkezi,128505,Halk Eğitimi Merkezi,https://balyahem.meb.k12.tr,,,https://balyahem.meb.k12.tr/tema/harita.php,2026-08-31,,,bulunamadi,,2026-10-01T18:32:02.052827+00:00,,
Balıkesir,Balya,Balya Zübeyde Hanım Anaokulu,966599,Anaokulu,https://balyazhanaokulu.meb.k12.tr,,,https://balyazhanaokulu.meb.k12.tr/tema/harita.php,2026-08-31,58,58,bulundu,https://balyazhanaokulu.meb.k12.tr/,2026-10-01T18:32:02.097569+00:00,,Öğrenci Sayısı: 58
Balıkesir,Balya,DEREKÖY İLKOKULU,722096,İlkokul,https://derekoyilkokulu1.meb.k12.tr,,,https://derekoyilkokulu1.meb.k12.tr/tema/harita.php,2026-08-31,14,14,bulundu,https://derekoyilkokulu1.meb.k12.tr/,2026-10-01T18:32:02.300199+00:00,,Öğrenci Sayısı 14
Balıkesir,Balya,HACIHÜSEYİN İLKOKULU,737838,İlkokul,https://hacihuseyinilkokulu.meb.k12.tr,,,https://hacihuseyinilkokulu.meb.k12.tr/tema/harita.php,2026-08-31,19,19,bulundu,https://hacihuseyinilkokulu.meb.k12.tr/,2026-10-01T18:32:02.320529+00:00,,Öğrenci Sayısı: 19
Balıkesir,Balya,ILICA ŞEHİT NECMİ GÜRGEN ORTAOKULU,737906,Ortaokul,https://isngo.meb.k12.tr,,,https://isngo.meb.k12.tr/tema/harita.php,2026-08-31,70,70,bulundu,https://isngo.meb.k12.tr/,2026-10-01T18:32:02.410988+00:00,,Öğrenci Sayısı : 70
Balıkesir,Balya,ILICA ŞEHİT NECMİ GÜRGEN İLKOKULU,739244,İlkokul,https://isngi.meb.k12.tr,,,https://isngi.meb.k12.tr/tema/harita.php,2026-08-31,53,53,bulundu,https://isngi.meb.k12.tr/,2026-10-01T18:32:03.077002+00:00,,Öğrenci Sayısı : 53
Balıkesir,Balya,KOYUNERİ ORTAOKULU,737181,Ortaokul,https://koyuneriortaokulu.meb.k12.tr,,,https://koyuneriortaokulu.meb.k12.tr/tema/harita.php,2026-08-31,44,44,bulundu,https://koyuneriortaokulu.meb.k12.tr/,2026-10-01T18:32:03.101067+00:00,,Öğrenci Sayısı : 44
Balıkesir,Balya,KOYUNERİ İLKOKULU,739218,İlkokul,https://koyuneriilkokulu.meb.k12.tr,,,https://koyuneriilkokulu.meb.k12.tr/tema/harita.php,2026-08-31,25,25,bulundu,https://koyuneriilkokulu.meb.k12.tr/,2026-10-01T18:32:03.129889+00:00,,Öğrenci Sayısı 25
Balıkesir,Balya,YENİKAVAK İLKOKULU,739226,İlkokul,https://yenikavakilkokulu.meb.k12.tr,,,https://yenikavakilkokulu.meb.k12.tr/tema/harita.php,2026-08-31,27,27,bulundu,https://yenikavakilkokulu.meb.k12.tr/,2026-10-01T18:32:03.155140+00:00,,Öğrenci Sayısı : 27
Balıkesir,Balya,Zübeyde Hanım Yatılı Bölge Ortaokulu,748145,Ortaokul,https://balyazubeydehanimybo.meb.k12.tr,,,https://balyazubeydehanimybo.meb.k12.tr/tema/harita.php,2026-08-31,118,118,bulundu,https://balyazubeydehanimybo.meb.k12.tr/,2026-10-01T18:32:03.230921+00:00,,Öğrenci Sayısı 118
Balıkesir,Balya,ÇAMAVŞAR ORTAOKULU,722022,Ortaokul,https://camavsarortaokulu.meb.k12.tr,,,https://camavsarortaokulu.meb.k12.tr/tema/harita.php,2026-08-31,25,25,bulundu,https://camavsarortaokulu.meb.k12.tr/,2026-10-01T18:32:03.255059+00:00,,Öğrenci Sayısı : 25
Balıkesir,Balya,ÇAMAVŞAR İLKOKULU,739307,İlkokul,https://camavsarilkokulu.meb.k12.tr,,,https://camavsarilkokulu.meb.k12.tr/tema/harita.php,2026-08-31,39,39,bulundu,https://camavsarilkokulu.meb.k12.tr/,2026-10-01T18:32:03.256992+00:00,,Öğrenci Sayısı 39
Balıkesir,Balya,ÇAMUCU İLKOKULU,722073,İlkokul,https://camucuio.meb.k12.tr,,,https://camucuio.meb.k12.tr/tema/harita.php,2026-08-31,16,16,bulundu,https://camucuio.meb.k12.tr/,2026-10-01T18:32:03.336095+00:00,,Öğrenci Sayısı: 16
Balıkesir,Balya,ŞAMİLE ALTINTAŞ İLKOKULU,740330,İlkokul,https://sai.meb.k12.tr,,,https://sai.meb.k12.tr/tema/harita.php,2026-08-31,137,137,bulundu,https://sai.meb.k12.tr/,2026-10-01T18:32:03.353535+00:00,,Öğrenci Sayısı 137
Balıkesir,Bandırma,100. Yıl İlkokulu,731975,İlkokul,https://100yililko.meb.k12.tr,,,https://100yililko.meb.k12.tr/tema/harita.php,2026-08-31,607,607,bulundu,https://100yililko.meb.k12.tr/,2026-10-01T18:32:03.395918+00:00,,Öğrenci Sayısı 607
Balıkesir,Bandırma,15 Temmuz Şehit Ramazan Konuş İmam Hatip Ortaokulu,762526,İmam Hatip Ortaokulu,https://bnd15temmuziho.meb.k12.tr,,,https://bnd15temmuziho.meb.k12.tr/tema/harita.php,2026-08-31,506,506,bulundu,https://bnd15temmuziho.meb.k12.tr/,2026-10-01T18:32:03.399393+00:00,,Öğrenci Sayısı : 506
Balıkesir,Bandırma,17 Eylül İlkokulu,732001,İlkokul,https://17eylulilkokulu.meb.k12.tr,,,https://17eylulilkokulu.meb.k12.tr/tema/harita.php,2026-08-31,488,488,bulundu,https://17eylulilkokulu.meb.k12.tr/,2026-10-01T18:32:03.418350+00:00,,Öğrenci Sayısı 488
Balıkesir,Bandırma,600 Evler Anaokulu,775528,Anaokulu,https://600evleranaokulu.meb.k12.tr,,,https://600evleranaokulu.meb.k12.tr/tema/harita.php,2026-08-31,163,163,bulundu,https://600evleranaokulu.meb.k12.tr/,2026-10-01T18:32:03.429944+00:00,,Öğrenci Sayısı 163
Balıkesir,Bandırma,Ahmet Baş Anaokulu,768498,Anaokulu,https://ahmetbasanaokulu.meb.k12.tr,,,https://ahmetbasanaokulu.meb.k12.tr/tema/harita.php,2026-08-31,110,110,bulundu,https://ahmetbasanaokulu.meb.k12.tr/,2026-10-01T18:32:03.473987+00:00,,Öğrenci Sayısı 110
Balıkesir,Bandırma,Ahmet Obalı Anaokulu,974709,Anaokulu,https://ahmetobalianaokulu.meb.k12.tr,,,https://ahmetobalianaokulu.meb.k12.tr/tema/harita.php,2026-08-31,162,162,bulundu,https://ahmetobalianaokulu.meb.k12.tr/,2026-10-01T18:32:03.566308+00:00,,Öğrenci Sayısı 162
Balıkesir,Bandırma,Aksakal Umut Akkaya Ortaokulu,732035,Ortaokul,https://aksakalumutakkayaortaokulu.meb.k12.tr,,,https://aksakalumutakkayaortaokulu.meb.k12.tr/tema/harita.php,2026-08-31,61,61,bulundu,https://aksakalumutakkayaortaokulu.meb.k12.tr/,2026-10-01T18:32:03.632613+00:00,,Öğrenci Sayısı: 61
Balıkesir,Bandırma,Aksakal İlkokulu,732031,İlkokul,https://aksakalilkokulu.meb.k12.tr,,,https://aksakalilkokulu.meb.k12.tr/tema/harita.php,2026-08-31,61,61,bulundu,https://aksakalilkokulu.meb.k12.tr/,2026-10-01T18:32:03.854025+00:00,,Öğrenci Sayısı : 61
Balıkesir,Bandırma,Akşemsettin Mesleki ve Teknik Anadolu Lisesi,973874,Mesleki ve Teknik Anadolu Lisesi,https://bandirmaasml.meb.k12.tr,,,https://bandirmaasml.meb.k12.tr/tema/harita.php,2026-08-31,423,423,bulundu,https://bandirmaasml.meb.k12.tr/tema/okulumuz_hakkinda.php,2026-10-01T18:32:03.953374+00:00,,Öğrenci : 423
Balıkesir,Bandırma,Ali Fahri İşeri İlkokulu,731967,İlkokul,https://alifahriilkokulu.meb.k12.tr,,,https://alifahriilkokulu.meb.k12.tr/tema/harita.php,2026-08-31,472,472,bulundu,https://alifahriilkokulu.meb.k12.tr/,2026-10-01T18:32:04.135790+00:00,,Öğrenci Sayısı 472
Balıkesir,Bandırma,Ali Öztaylan Anadolu İmam Hatip Lisesi,763551,Anadolu İmam Hatip Lisesi,https://alioztaylanaihl.meb.k12.tr,,,https://alioztaylanaihl.meb.k12.tr/tema/harita.php,2026-08-31,676,676,bulundu,https://alioztaylanaihl.meb.k12.tr/,2026-10-01T18:32:04.216062+00:00,,Öğrenci Sayısı : 676
Balıkesir,Bandırma,BANDIRMA KAYACIK ANAOKULU,776004,Anaokulu,https://bankayacikanaokulu.meb.k12.tr,,,https://bankayacikanaokulu.meb.k12.tr/tema/harita.php,2026-08-31,0,0,bulundu,https://bankayacikanaokulu.meb.k12.tr/,2026-10-01T18:32:04.356826+00:00,,Öğrenci Sayısı : 0
Balıkesir,Bandırma,BANDIRMA YAVUZ SULTAN SELİM İLKOKULU MÜDÜRLÜĞÜ,776106,İlkokul,https://banyssilkokulu.meb.k12.tr,,,https://banyssilkokulu.meb.k12.tr/tema/harita.php,2026-08-31,262,262,bulundu,https://banyssilkokulu.meb.k12.tr/,2026-10-01T18:32:04.410861+00:00,,Öğrenci Sayısı : 262
Balıkesir,Bandırma,Bandırma Adalet Mesleki Eğitim Merkezi,768428,Mesleki Eğitim Merkezi,https://banadaletmesem.meb.k12.tr,,,https://banadaletmesem.meb.k12.tr/tema/harita.php,2026-08-31,32,32,bulundu,https://banadaletmesem.meb.k12.tr/,2026-10-01T18:32:04.510694+00:00,,Öğrenci Sayısı : 32
Balıkesir,Bandırma,Bandırma Anadolu Lisesi,280077,Anadolu Lisesi,https://bbal.meb.k12.tr,,,https://bbal.meb.k12.tr/tema/harita.php,2026-08-31,674,674,bulundu,https://bbal.meb.k12.tr/,2026-10-01T18:32:04.594008+00:00,,Öğrenci Sayısı : 674
Balıkesir,Bandırma,Bandırma Anadolu İmam Hatip Lisesi,128662,Anadolu İmam Hatip Lisesi,https://bandirmaihl.meb.k12.tr,,,https://bandirmaihl.meb.k12.tr/tema/harita.php,2026-08-31,116,116,bulundu,https://bandirmaihl.meb.k12.tr/,2026-10-01T18:32:04.729313+00:00,,Öğrenci Sayısı : 116
Balıkesir,Bandırma,Bandırma Atatürk Özel Eğitim Ortaokulu,746890,Ortaokul,https://ataturkoeo.meb.k12.tr,,,https://ataturkoeo.meb.k12.tr/tema/harita.php,2026-08-31,61,61,bulundu,https://ataturkoeo.meb.k12.tr/,2026-10-01T18:32:04.735512+00:00,,Öğrenci Sayısı : 61
Balıkesir,Bandırma,Bandırma Atatürk Özel Eğitim İlkokulu,746773,İlkokul,https://ataturkoei.meb.k12.tr,,,https://ataturkoei.meb.k12.tr/tema/harita.php,2026-08-31,46,46,bulundu,https://ataturkoei.meb.k12.tr/,2026-10-01T18:32:04.804280+00:00,,Öğrenci Sayısı : 46
Balıkesir,Bandırma,Bandırma Bilim ve Sanat Merkezi,760025,Bilim ve Sanat Merkezi,https://bandirmabilsem.meb.k12.tr,,,https://bandirmabilsem.meb.k12.tr/tema/harita.php,2026-08-31,465,465,bulundu,https://bandirmabilsem.meb.k12.tr/,2026-10-01T18:32:04.924743+00:00,,Öğrenci Sayısı 465
Balıkesir,Bandırma,Bandırma Fatih İlkokulu,776781,İlkokul,https://banfatihilkokulu.meb.k12.tr,,,https://banfatihilkokulu.meb.k12.tr/tema/harita.php,2026-08-31,220,220,bulundu,https://banfatihilkokulu.meb.k12.tr/tema/okulumuz_hakkinda.php,2026-10-01T18:32:05.005621+00:00,,Öğrenci : 220
Balıkesir,Bandırma,Bandırma Halk Eğitimi Merkezi,128674,Halk Eğitimi Merkezi,https://bandirmahem.meb.k12.tr,,,https://bandirmahem.meb.k12.tr/tema/harita.php,2026-08-31,,,bulunamadi,,2026-10-01T18:32:05.033172+00:00,,
Balıkesir,Bandırma,Bandırma Mesleki Eğitim Merkezi,307125,Mesleki Eğitim Merkezi,https://banmesem.meb.k12.tr,,,https://banmesem.meb.k12.tr/tema/harita.php,2026-08-31,786,786,bulundu,https://banmesem.meb.k12.tr/,2026-10-01T18:32:05.120012+00:00,,Öğrenci Sayısı : 786
Balıkesir,Bandırma,Bandırma Mesleki ve Teknik Anadolu Lisesi,128637,Mesleki ve Teknik Anadolu Lisesi,https://bmtal.meb.k12.tr,,,https://bmtal.meb.k12.tr/tema/harita.php,2026-08-31,387,387,bulundu,https://bmtal.meb.k12.tr/,2026-10-01T18:32:05.200587+00:00,,Öğrenci Sayısı : 387
Balıkesir,Bandırma,Bandırma Ortaokulu,732011,Ortaokul,https://bandirma.meb.k12.tr,,,https://bandirma.meb.k12.tr/tema/harita.php,2026-08-31,753,753,bulundu,https://bandirma.meb.k12.tr/tema/okulumuz_hakkinda.php,2026-10-01T18:32:05.252996+00:00,,Öğrenci : 753
Balıkesir,Bandırma,Bandırma Rehberlik ve Araştırma Merkezi,964690,Rehberlik ve Araştırma Merkezi,https://bandirmaram.meb.k12.tr,,,https://bandirmaram.meb.k12.tr/tema/harita.php,2026-08-31,,,bulunamadi,,2026-10-01T18:32:05.257222+00:00,,
Balıkesir,Bandırma,Bandırma Türkiye Odalar ve Borsalar Birliği Anaokulu,776707,Anaokulu,https://bantobbanaokulu.meb.k12.tr,,,https://bantobbanaokulu.meb.k12.tr/tema/harita.php,2026-08-31,86,86,bulundu,https://bantobbanaokulu.meb.k12.tr/,2026-10-01T18:32:05.268825+00:00,,Öğrenci Sayısı : 86
Balıkesir,Bandırma,Bandırma Yavuz Sultan Selim Anadolu Lisesi,954825,Anadolu Lisesi,https://yassal.meb.k12.tr,,,https://yassal.meb.k12.tr/tema/harita.php,2026-08-31,479,479,bulundu,https://yassal.meb.k12.tr/,2026-10-01T18:32:05.289953+00:00,,Öğrenci Sayısı : 479
Balıkesir,Bandırma,Bandırma İmam Hatip Ortaokulu,732421,İmam Hatip Ortaokulu,https://biho.meb.k12.tr,,,https://biho.meb.k12.tr/tema/harita.php,2026-08-31,596,596,bulundu,https://biho.meb.k12.tr/,2026-10-01T18:32:05.352506+00:00,,Öğrenci Sayısı : 596
Balıkesir,Bandırma,Borsa İstanbul Mesleki ve Teknik Anadolu Lisesi,950171,Mesleki ve Teknik Anadolu Lisesi,https://bist.meb.k12.tr,,,https://bist.meb.k12.tr/tema/harita.php,2026-08-31,170,170,bulundu,https://bist.meb.k12.tr/,2026-10-01T18:32:05.554118+00:00,,Öğrenci Sayısı 170
Balıkesir,Bandırma,Cumhuriyet İlkokulu,731912,İlkokul,https://bandirmacumhuriyetilkokulu.meb.k12.tr,,,https://bandirmacumhuriyetilkokulu.meb.k12.tr/tema/harita.php,2026-08-31,1244,1244,bulundu,https://bandirmacumhuriyetilkokulu.meb.k12.tr/,2026-10-01T18:32:05.869605+00:00,,Öğrenci Sayısı 1244
Balıkesir,Bandırma,Edincik Onsekizeylül İlkokulu,740092,İlkokul,https://edincik18eylul.meb.k12.tr,,,https://edincik18eylul.meb.k12.tr/tema/harita.php,2026-08-31,89,89,bulundu,https://edincik18eylul.meb.k12.tr/tema/okulumuz_hakkinda.php,2026-10-01T18:32:06.000890+00:00,,Öğrenci : 89
Balıkesir,Bandırma,Edincik Ortaokulu,732045,Ortaokul,https://edincikortaokulu.meb.k12.tr,,,https://edincikortaokulu.meb.k12.tr/tema/harita.php,2026-08-31,101,101,bulundu,https://edincikortaokulu.meb.k12.tr/,2026-10-01T18:32:06.028956+00:00,,Öğrenci Sayısı : 101
Balıkesir,Bandırma,Edincik Recep Gencer Mesleki ve Teknik Anadolu Lisesi,230874,Mesleki ve Teknik Anadolu Lisesi,https://rgmtal.meb.k12.tr,,,https://rgmtal.meb.k12.tr/tema/harita.php,2026-08-31,699,699,bulundu,https://rgmtal.meb.k12.tr/tema/okulumuz_hakkinda.php,2026-10-01T18:32:06.062814+00:00,,Öğrenci : 699
Balıkesir,Bandırma,Edincik İlkokulu,732042,İlkokul,https://edincikilkokulu.meb.k12.tr,,,https://edincikilkokulu.meb.k12.tr/tema/harita.php,2026-08-31,89,89,bulundu,https://edincikilkokulu.meb.k12.tr/,2026-10-01T18:32:06.113797+00:00,,Öğrenci Sayısı 89
Balıkesir,Bandırma,Enerjisa Bandırma Fen Lisesi,972634,Fen Lisesi,https://ebfl.meb.k12.tr,,,https://ebfl.meb.k12.tr/tema/harita.php,2026-08-31,475,475,bulundu,https://ebfl.meb.k12.tr/,2026-10-01T18:32:06.631446+00:00,,Öğrenci Sayısı : 475
Balıkesir,Bandırma,Erikli İlkokulu,732062,İlkokul,https://erikli.meb.k12.tr,,,https://erikli.meb.k12.tr/tema/harita.php,2026-08-31,27,27,bulundu,https://erikli.meb.k12.tr/,2026-10-01T18:32:06.716173+00:00,,Öğrenci Sayısı 27
Balıkesir,Bandırma,Esnaf Sanatkarları Ortaokulu,731983,Ortaokul,https://eso.meb.k12.tr,,,https://eso.meb.k12.tr/tema/harita.php,2026-08-31,246,246,bulundu,https://eso.meb.k12.tr/,2026-10-01T18:32:06.736568+00:00,,Öğrenci Sayısı 246
Balıkesir,Bandırma,Eti Maden Ortaokulu,731946,Ortaokul,https://etiorta.meb.k12.tr,,,https://etiorta.meb.k12.tr/tema/harita.php,2026-08-31,354,354,bulundu,https://etiorta.meb.k12.tr/,2026-10-01T18:32:06.939518+00:00,,Öğrenci Sayısı : 354
Balıkesir,Bandırma,Fatih Ortaokulu,731950,Ortaokul,https://banfatihortaokulu.meb.k12.tr,,,https://banfatihortaokulu.meb.k12.tr/tema/harita.php,2026-08-31,518,518,bulundu,https://banfatihortaokulu.meb.k12.tr/,2026-10-01T18:32:06.961039+00:00,,Öğrenci Sayısı : 518
Balıkesir,Bandırma,Hafsa Sultan Kız Mesleki ve Teknik Anadolu Lisesi,346481,Mesleki ve Teknik Anadolu Lisesi,https://kizteknik.meb.k12.tr,,,https://kizteknik.meb.k12.tr/tema/harita.php,2026-08-31,414,414,bulundu,https://kizteknik.meb.k12.tr/,2026-10-01T18:32:07.007770+00:00,,Öğrenci Sayısı 414
Balıkesir,Bandırma,Hasan Atlı İlkokulu,731888,İlkokul,https://hasanatliilkokulu.meb.k12.tr,,,https://hasanatliilkokulu.meb.k12.tr/tema/harita.php,2026-08-31,464,464,bulundu,https://hasanatliilkokulu.meb.k12.tr/,2026-10-01T18:32:07.127821+00:00,,Öğrenci Sayısı 464
Balıkesir,Bandırma,Haydar Çavuş Ticaret Mesleki ve Teknik Anadolu Lisesi,128650,Mesleki ve Teknik Anadolu Lisesi,https://bandirmatml.meb.k12.tr,,,https://bandirmatml.meb.k12.tr/tema/harita.php,2026-08-31,441,441,bulundu,https://bandirmatml.meb.k12.tr/,2026-10-01T18:32:07.334801+00:00,,Öğrenci Sayısı 441
Balıkesir,Bandırma,Hicri Ercili Özel Eğitim Meslek Okulu,748900,Özel Eğitim Kurumu,https://hicriercilioemo.meb.k12.tr,,,https://hicriercilioemo.meb.k12.tr/tema/harita.php,2026-08-31,56,56,bulundu,https://hicriercilioemo.meb.k12.tr/tema/okulumuz_hakkinda.php,2026-10-01T18:32:07.389114+00:00,,Öğrenci : 56
Balıkesir,Bandırma,Hicri Ercili Özel Eğitim Uygulama Okulu I. Kademe,770772,Özel Eğitim Kurumu,https://hicriercilioeuo1.meb.k12.tr,,,https://hicriercilioeuo1.meb.k12.tr/tema/harita.php,2026-08-31,37,37,bulundu,https://hicriercilioeuo1.meb.k12.tr/,2026-10-01T18:32:07.447668+00:00,,Öğrenci Sayısı 37
Balıkesir,Bandırma,Hicri Ercili Özel Eğitim Uygulama Okulu II. Kademe,770780,Özel Eğitim Kurumu,https://hicriercilioeuo2.meb.k12.tr,,,https://hicriercilioeuo2.meb.k12.tr/tema/harita.php,2026-08-31,30,30,bulundu,https://hicriercilioeuo2.meb.k12.tr/,2026-10-01T18:32:07.500904+00:00,,Öğrenci Sayısı 30
Balıkesir,Bandırma,Hicri Ercili Özel Eğitim Uygulama Okulu III. Kademe,770781,Özel Eğitim Kurumu,https://hicriercilioeuo3.meb.k12.tr,,,https://hicriercilioeuo3.meb.k12.tr/tema/harita.php,2026-08-31,15,15,bulundu,https://hicriercilioeuo3.meb.k12.tr/,2026-10-01T18:32:07.524756+00:00,,Öğrenci Sayısı 15
Balıkesir,Bandırma,Hürriyet İlkokulu,731953,İlkokul,https://banhiok.meb.k12.tr,,,https://banhiok.meb.k12.tr/tema/harita.php,2026-08-31,785,785,bulundu,https://banhiok.meb.k12.tr/,2026-10-01T18:32:07.545192+00:00,,Öğrenci Sayısı 785
Balıkesir,Bandırma,Kemal Pireci Anadolu Lisesi,972796,Anadolu Lisesi,https://kemalpirecianadolulisesi.meb.k12.tr,,,https://kemalpirecianadolulisesi.meb.k12.tr/tema/harita.php,2026-08-31,315,315,bulundu,https://kemalpirecianadolulisesi.meb.k12.tr/,2026-10-01T18:32:07.663089+00:00,,Öğrenci Sayısı 315
Balıkesir,Bandırma,Kemal Pireci Ortaokulu,731924,Ortaokul,https://kemalpireciortaokulu.meb.k12.tr,,,https://kemalpireciortaokulu.meb.k12.tr/tema/harita.php,2026-08-31,1050,1050,bulundu,https://kemalpireciortaokulu.meb.k12.tr/,2026-10-01T18:32:07.795299+00:00,,Öğrenci Sayısı : 1050
Balıkesir,Bandırma,Korgeneral Enver Akoğlu Ortaokulu,731936,Ortaokul,https://bkea.meb.k12.tr,,,https://bkea.meb.k12.tr/tema/harita.php,2026-08-31,847,847,bulundu,https://bkea.meb.k12.tr/,2026-10-01T18:32:07.834825+00:00,,Öğrenci Sayısı : 847
Balıkesir,Bandırma,Marmara İlkokulu,731939,İlkokul,https://marmarao.meb.k12.tr,,,https://marmarao.meb.k12.tr/tema/harita.php,2026-08-31,737,737,bulundu,https://marmarao.meb.k12.tr/,2026-10-01T18:32:08.183066+00:00,,Öğrenci Sayısı : 737
Balıkesir,Bandırma,SUNULLAH ANAOKULU,777374,Anaokulu,https://777374.meb.k12.tr,,,https://777374.meb.k12.tr/tema/harita.php,2026-08-31,,,bulunamadi,,2026-10-01T18:32:08.205558+00:00,,
Balıkesir,Bandırma,Sahil Yenice İlkokulu,770446,İlkokul,https://sahilyeniceilkokulu.meb.k12.tr,,,https://sahilyeniceilkokulu.meb.k12.tr/tema/harita.php,2026-08-31,17,17,bulundu,https://sahilyeniceilkokulu.meb.k12.tr/,2026-10-01T18:32:08.208381+00:00,,Öğrenci Sayısı : 17
Balıkesir,Bandırma,Ticaret Borsası Ortaokulu,732029,Ortaokul,https://bantiboroo.meb.k12.tr,,,https://bantiboroo.meb.k12.tr/tema/harita.php,2026-08-31,195,195,bulundu,https://bantiboroo.meb.k12.tr/,2026-10-01T18:32:08.218107+00:00,,Öğrenci Sayısı 195
Balıkesir,Bandırma,Ticaret Borsası İlkokulu,732024,İlkokul,https://bantiborio.meb.k12.tr,,,https://bantiborio.meb.k12.tr/tema/harita.php,2026-08-31,282,282,bulundu,https://bantiborio.meb.k12.tr/,2026-10-01T18:32:08.220591+00:00,,Öğrenci Sayısı 282
Balıkesir,Bandırma,Ticaret Odası Ortaokulu,731898,Ortaokul,https://ticaretodasioo.meb.k12.tr,,,https://ticaretodasioo.meb.k12.tr/tema/harita.php,2026-08-31,146,146,bulundu,https://ticaretodasioo.meb.k12.tr/tema/okulumuz_hakkinda.php,2026-10-01T18:32:08.270815+00:00,,Öğrenci : 146
Balıkesir,Bandırma,Ticaret Odası İlkokulu,731894,İlkokul,https://ticaretodasiio.meb.k12.tr,,,https://ticaretodasiio.meb.k12.tr/tema/harita.php,2026-08-31,,,bulunamadi,,2026-10-01T18:32:08.442563+00:00,,
Balıkesir,Bandırma,Yaman Egeli Ortaokulu,731929,Ortaokul,https://yamanegeliortao.meb.k12.tr,,,https://yamanegeliortao.meb.k12.tr/tema/harita.php,2026-08-31,504,504,bulundu,https://yamanegeliortao.meb.k12.tr/,2026-10-01T18:32:08.550981+00:00,,Öğrenci Sayısı : 504
Balıkesir,Bandırma,Yeniyenice İlkokulu,740062,İlkokul,https://yeniyeniceilkokulu.meb.k12.tr,,,https://yeniyeniceilkokulu.meb.k12.tr/tema/harita.php,2026-08-31,,,bulunamadi,,2026-10-01T18:32:08.679802+00:00,,
Balıkesir,Bandırma,Zübeyde Hanım Anaokulu,766676,Anaokulu,https://bandirmazubeydehanimanaokulu.meb.k12.tr,,,https://bandirmazubeydehanimanaokulu.meb.k12.tr/tema/harita.php,2026-08-31,155,155,bulundu,https://bandirmazubeydehanimanaokulu.meb.k12.tr/,2026-10-01T18:32:08.720680+00:00,,Öğrenci Sayısı 155
Balıkesir,Bandırma,Çalışkanlar İlkokulu,732051,İlkokul,https://bandirmacaliskanlarilkokulu.meb.k12.tr,,,https://bandirmacaliskanlarilkokulu.meb.k12.tr/tema/harita.php,2026-08-31,,,bulunamadi,,2026-10-01T18:32:08.741976+00:00,,
Balıkesir,Bandırma,Çınarlı Özel Eğitim Anaokulu,774308,Anaokulu,https://cinarliozelegitimanaokulu.meb.k12.tr,,,https://cinarliozelegitimanaokulu.meb.k12.tr/tema/harita.php,2026-08-31,,,bulunamadi,,2026-10-01T18:32:08.746537+00:00,,
Balıkesir,Bandırma,Öğretmenevi ve Akşam Sanat Okulu,971052,Öğretmenevi,https://bandirmaogretmenevi.meb.k12.tr,,,https://bandirmaogretmenevi.meb.k12.tr/tema/harita.php,2026-08-31,,,bulunamadi,,2026-10-01T18:32:08.871809+00:00,,
Balıkesir,Bandırma,Şehit Bedir Karabıyık Ortaokulu,731973,Ortaokul,https://sbkoo.meb.k12.tr,,,https://sbkoo.meb.k12.tr/tema/harita.php,2026-08-31,272,272,bulundu,https://sbkoo.meb.k12.tr/,2026-10-01T18:32:09.051942+00:00,,Öğrenci Sayısı : 272
Balıkesir,Bandırma,Şehit Mehmet Günenç Anadolu Lisesi,128625,Anadolu Lisesi,https://smg.meb.k12.tr,,,https://smg.meb.k12.tr/tema/harita.php,2026-08-31,,,bulunamadi,,2026-10-01T18:32:09.128411+00:00,,
Balıkesir,Bandırma,Şehit Pilot Üsteğmen Cemil Kaya Ortaokulu,732021,Ortaokul,https://cemilkayaortaokulu.meb.k12.tr,,,https://cemilkayaortaokulu.meb.k12.tr/tema/harita.php,2026-08-31,306,306,bulundu,https://cemilkayaortaokulu.meb.k12.tr/,2026-10-01T18:32:09.149860+00:00,,Öğrenci Sayısı 306
Balıkesir,Bandırma,Şehit Pilot Üsteğmen Cemil Kaya İlkokulu,732018,İlkokul,https://cemilkayailkokulu.meb.k12.tr,,,https://cemilkayailkokulu.meb.k12.tr/tema/harita.php,2026-08-31,322,322,bulundu,https://cemilkayailkokulu.meb.k12.tr/,2026-10-01T18:32:09.214534+00:00,,Öğrenci Sayısı 322
Balıkesir,Bandırma,Şehit Süleymanbey Ortaokulu,731988,Ortaokul,https://ssbeyoo.meb.k12.tr,,,https://ssbeyoo.meb.k12.tr/tema/harita.php,2026-08-31,,,bulunamadi,,2026-10-01T18:32:09.277222+00:00,,
Balıkesir,Bandırma,Şehit Süleymanbey İlkokulu,731984,İlkokul,https://ssbeyio.meb.k12.tr,,,https://ssbeyio.meb.k12.tr/tema/harita.php,2026-08-31,623,623,bulundu,https://ssbeyio.meb.k12.tr/,2026-10-01T18:32:09.523662+00:00,,Öğrenci Sayısı 623
Balıkesir,Bandırma,Şehit Teğmen Doğuş Uran Anaokulu,875549,Anaokulu,https://dogusurananaokulu.meb.k12.tr,,,https://dogusurananaokulu.meb.k12.tr/tema/harita.php,2026-08-31,274,274,bulundu,https://dogusurananaokulu.meb.k12.tr/,2026-10-01T18:32:09.599409+00:00,,Öğrenci Sayısı 274
Balıkesir,Bandırma,Şehit Öğretmen Mustafa Boz İlkokulu,731926,İlkokul,https://sombi.meb.k12.tr,,,https://sombi.meb.k12.tr/tema/harita.php,2026-08-31,607,607,bulundu,https://sombi.meb.k12.tr/,2026-10-01T18:32:09.665986+00:00,,Öğrenci Sayısı : 607
Balıkesir,Bigadiç,75. Yıl Eti Holding İlkokulu,813949,İlkokul,https://75eti.meb.k12.tr,,,https://75eti.meb.k12.tr/tema/harita.php,2026-08-31,214,214,bulundu,https://75eti.meb.k12.tr/,2026-10-01T18:32:09.683871+00:00,,Öğrenci Sayısı : 214
Balıkesir,Bigadiç,Akyar Ortaokulu,743032,Ortaokul,https://akyarortaokulu10.meb.k12.tr,,,https://akyarortaokulu10.meb.k12.tr/tema/harita.php,2026-08-31,90,90,bulundu,https://akyarortaokulu10.meb.k12.tr/,2026-10-01T18:32:09.771085+00:00,,Öğrenci Sayısı 90
Balıkesir,Bigadiç,Akyar İlkokulu,743054,İlkokul,https://akyarilkokulu10.meb.k12.tr,,,https://akyarilkokulu10.meb.k12.tr/tema/harita.php,2026-08-31,91,91,bulundu,https://akyarilkokulu10.meb.k12.tr/,2026-10-01T18:32:09.807081+00:00,,Öğrenci Sayısı 91
Balıkesir,Bigadiç,Atatürk Ortaokulu,743044,Ortaokul,https://bigadicataturkoo.meb.k12.tr,,,https://bigadicataturkoo.meb.k12.tr/tema/harita.php,2026-08-31,425,425,bulundu,https://bigadicataturkoo.meb.k12.tr/,2026-10-01T18:32:10.132697+00:00,,Öğrenci Sayısı : 425
Balıkesir,Bigadiç,Atatürk İlkokulu,310844,İlkokul,https://bigadicataturk.meb.k12.tr,,,https://bigadicataturk.meb.k12.tr/tema/harita.php,2026-08-31,425,425,bulundu,https://bigadicataturk.meb.k12.tr/,2026-10-01T18:32:10.155320+00:00,,Öğrenci Sayısı 425
Balıkesir,Bigadiç,Başçeşme İlkokulu,653566,İlkokul,https://bascesme.meb.k12.tr,,,https://bascesme.meb.k12.tr/tema/harita.php,2026-08-31,13,13,bulundu,https://bascesme.meb.k12.tr/,2026-10-01T18:32:10.396811+00:00,,Öğrenci Sayısı : 13
Balıkesir,Bigadiç,Bigadiç Anadolu Lisesi,965267,Anadolu Lisesi,https://bigadicanadolu.meb.k12.tr,,,https://bigadicanadolu.meb.k12.tr/tema/harita.php,2026-08-31,,,bulunamadi,,2026-10-01T18:32:10.408864+00:00,,
Balıkesir,Bigadiç,Bigadiç Anadolu İmam Hatip Lisesi,128816,Anadolu İmam Hatip Lisesi,https://bigadicihl.meb.k12.tr,,,https://bigadicihl.meb.k12.tr/tema/harita.php,2026-08-31,208,208,bulundu,https://bigadicihl.meb.k12.tr/,2026-10-01T18:32:10.569772+00:00,,Öğrenci Sayısı : 208
Balıkesir,Bigadiç,Bigadiç Dörteylül Şehit Mustafa Çiğdem Anaokulu,974583,Anaokulu,https://4eylulanaokulu.meb.k12.tr,,,https://4eylulanaokulu.meb.k12.tr/tema/harita.php,2026-08-31,1,1,bulundu,https://4eylulanaokulu.meb.k12.tr/,2026-10-01T18:32:10.607790+00:00,,Öğrenci Sayısı 1
Balıkesir,Bigadiç,Bigadiç Eti Maden Özel Eğitim Uygulama Okulu I. Kademe,764394,Özel Eğitim Kurumu,https://764394.meb.k12.tr,,,https://764394.meb.k12.tr/tema/harita.php,2026-08-31,13,13,bulundu,https://764394.meb.k12.tr/,2026-10-01T18:32:10.634827+00:00,,Öğrenci Sayısı: 13
Balıkesir,Bigadiç,Bigadiç Eti Maden Özel Eğitim Uygulama Okulu II. Kademe,764395,Özel Eğitim Kurumu,https://bigadicozelegitim2.meb.k12.tr,,,https://bigadicozelegitim2.meb.k12.tr/tema/harita.php,2026-08-31,7,7,bulundu,https://bigadicozelegitim2.meb.k12.tr/,2026-10-01T18:32:10.685979+00:00,,Öğrenci Sayısı 7
Balıkesir,Bigadiç,Bigadiç Mesleki ve Teknik Anadolu Lisesi,906940,Mesleki ve Teknik Anadolu Lisesi,https://bigadicmtal.meb.k12.tr,,,https://bigadicmtal.meb.k12.tr/tema/harita.php,2026-08-31,592,592,bulundu,https://bigadicmtal.meb.k12.tr/,2026-10-01T18:32:10.707923+00:00,,Öğrenci Sayısı : 592
Balıkesir,Bigadiç,Bigadiç Muzaffer Emiroğlu Halk Eğitimi Merkezi,128828,Halk Eğitimi Merkezi,https://bigadichem.meb.k12.tr,,,https://bigadichem.meb.k12.tr/tema/harita.php,2026-08-31,,,bulunamadi,,2026-10-01T18:32:10.728153+00:00,,
Balıkesir,Bigadiç,Cumhuriyet Ortaokulu,743046,Ortaokul,https://bigadiccumhuriyetoo.meb.k12.tr,,,https://bigadiccumhuriyetoo.meb.k12.tr/tema/harita.php,2026-08-31,228,228,bulundu,https://bigadiccumhuriyetoo.meb.k12.tr/,2026-10-01T18:32:10.789160+00:00,,Öğrenci Sayısı 228
Balıkesir,Bigadiç,Cumhuriyet İlkokulu,653052,İlkokul,https://bigadiccio.meb.k12.tr,,,https://bigadiccio.meb.k12.tr/tema/harita.php,2026-08-31,261,261,bulundu,https://bigadiccio.meb.k12.tr/,2026-10-01T18:32:10.879830+00:00,,Öğrenci Sayısı 261
Balıkesir,Bigadiç,Dörteylül Ortaokulu,743042,Ortaokul,https://dorteylulortaokulu.meb.k12.tr,,,https://dorteylulortaokulu.meb.k12.tr/tema/harita.php,2026-08-31,357,357,bulundu,https://dorteylulortaokulu.meb.k12.tr/,2026-10-01T18:32:10.891049+00:00,,Öğrenci Sayısı : 357
Balıkesir,Bigadiç,Dörteylül Sıtkı Sinan İlkokulu,743043,İlkokul,https://dorteylulilkokulu.meb.k12.tr,,,https://dorteylulilkokulu.meb.k12.tr/tema/harita.php,2026-08-31,336,336,bulundu,https://dorteylulilkokulu.meb.k12.tr/,2026-10-01T18:32:10.937676+00:00,,Öğrenci Sayısı 336
Balıkesir,Bigadiç,Elyapan İlkokulu,653828,İlkokul,https://elyapan.meb.k12.tr,,,https://elyapan.meb.k12.tr/tema/harita.php,2026-08-31,35,35,bulundu,https://elyapan.meb.k12.tr/,2026-10-01T18:32:10.979542+00:00,,Öğrenci Sayısı : 35
Balıkesir,Bigadiç,Emirler İlkokulu,653662,İlkokul,https://emirler.meb.k12.tr,,,https://emirler.meb.k12.tr/tema/harita.php,2026-08-31,20,20,bulundu,https://emirler.meb.k12.tr/,2026-10-01T18:32:11.062497+00:00,,Öğrenci Sayısı 20
Balıkesir,Bigadiç,Eti Maden Işıklar Ortaokulu,676158,Ortaokul,https://isiklarortaokulu10.meb.k12.tr,,,https://isiklarortaokulu10.meb.k12.tr/tema/harita.php,2026-08-31,65,65,bulundu,https://isiklarortaokulu10.meb.k12.tr/tema/okulumuz_hakkinda.php,2026-10-01T18:32:11.084211+00:00,,Öğrenci : 65
Balıkesir,Bigadiç,Eti Maden İmam Hatip Ortaokulu,757722,İmam Hatip Ortaokulu,https://bigadicetimadeniho.meb.k12.tr,,,https://bigadicetimadeniho.meb.k12.tr/tema/harita.php,2026-08-31,298,298,bulundu,https://bigadicetimadeniho.meb.k12.tr/,2026-10-01T18:32:11.356585+00:00,,Öğrenci Sayısı : 298
Balıkesir,Bigadiç,Fatih İlkokulu,758296,İlkokul,https://bigadicfatih.meb.k12.tr,,,https://bigadicfatih.meb.k12.tr/tema/harita.php,2026-08-31,153,153,bulundu,https://bigadicfatih.meb.k12.tr/,2026-10-01T18:32:11.514185+00:00,,Öğrenci Sayısı: 153
Balıkesir,Bigadiç,Güvemçetmi Ortaokulu,743027,Ortaokul,https://guvemcetmioo.meb.k12.tr,,,https://guvemcetmioo.meb.k12.tr/tema/harita.php,2026-08-31,33,33,bulundu,https://guvemcetmioo.meb.k12.tr/,2026-10-01T18:32:11.627672+00:00,,Öğrenci Sayısı : 33
Balıkesir,Bigadiç,Güvemçetmi İlkokulu,743028,İlkokul,https://guvemcetmiilkokulu.meb.k12.tr,,,https://guvemcetmiilkokulu.meb.k12.tr/tema/harita.php,2026-08-31,42,42,bulundu,https://guvemcetmiilkokulu.meb.k12.tr/,2026-10-01T18:32:11.657356+00:00,,Öğrenci Sayısı 42
Balıkesir,Bigadiç,HATİCE KOÇ KIZILAY ANAOKULU,767961,Anaokulu,https://767961.meb.k12.tr,,,https://767961.meb.k12.tr/tema/harita.php,2026-08-31,56,56,bulundu,https://767961.meb.k12.tr/,2026-10-01T18:32:11.685803+00:00,,Öğrenci Sayısı 56
Balıkesir,Bigadiç,Hamidiye İlkokulu,653505,İlkokul,https://bigadichamidiye.meb.k12.tr,,,https://bigadichamidiye.meb.k12.tr/tema/harita.php,2026-08-31,21,21,bulundu,https://bigadichamidiye.meb.k12.tr/tema/okulumuz_hakkinda.php,2026-10-01T18:32:11.780644+00:00,,Öğrenci : 21
Balıkesir,Bigadiç,Işıklar İlkokulu,263014,İlkokul,https://bigadicisiklarilkokulu.meb.k12.tr,,,https://bigadicisiklarilkokulu.meb.k12.tr/tema/harita.php,2026-08-31,84,84,bulundu,https://bigadicisiklarilkokulu.meb.k12.tr/,2026-10-01T18:32:11.863831+00:00,,Öğrenci Sayısı : 84
Balıkesir,Bigadiç,Kargın İlkokulu,652906,İlkokul,https://kargin.meb.k12.tr,,,https://kargin.meb.k12.tr/tema/harita.php,2026-08-31,29,29,bulundu,https://kargin.meb.k12.tr/,2026-10-01T18:32:11.907187+00:00,,Öğrenci Sayısı : 29
Balıkesir,Bigadiç,Kayırlar Şehit Mustafa Ergin İlkokulu,652788,İlkokul,https://kayirlar.meb.k12.tr,,,https://kayirlar.meb.k12.tr/tema/harita.php,2026-08-31,36,36,bulundu,https://kayirlar.meb.k12.tr/,2026-10-01T18:32:11.949801+00:00,,Öğrenci Sayısı: 36
Balıkesir,Bigadiç,Kozpınar Ortaokulu,743008,Ortaokul,https://kozpnarortaokulu.meb.k12.tr,,,https://kozpnarortaokulu.meb.k12.tr/tema/harita.php,2026-08-31,71,71,bulundu,https://kozpnarortaokulu.meb.k12.tr/,2026-10-01T18:32:11.968611+00:00,,Öğrenci Sayısı 71
Balıkesir,Bigadiç,Kozpınar İlkokulu,743021,İlkokul,https://kozpnarilkokulu.meb.k12.tr,,,https://kozpnarilkokulu.meb.k12.tr/tema/harita.php,2026-08-31,104,104,bulundu,https://kozpnarilkokulu.meb.k12.tr/,2026-10-01T18:32:12.016397+00:00,,Öğrenci Sayısı : 104
Balıkesir,Bigadiç,Kuvayi Milliye Anadolu Lisesi,974074,Anadolu Lisesi,https://bikmal.meb.k12.tr,,,https://bikmal.meb.k12.tr/tema/harita.php,2026-08-31,396,396,bulundu,https://bikmal.meb.k12.tr/,2026-10-01T18:32:12.022005+00:00,,Öğrenci Sayısı : 396
Balıkesir,Bigadiç,Mecidiye Şehitler Ortaokulu,743006,Ortaokul,https://mecidiyesoo.meb.k12.tr,,,https://mecidiyesoo.meb.k12.tr/tema/harita.php,2026-08-31,35,35,bulundu,https://mecidiyesoo.meb.k12.tr/,2026-10-01T18:32:12.183258+00:00,,Öğrenci Sayısı : 35
Balıkesir,Bigadiç,Mecidiye Şehitler İlkokulu,241511,İlkokul,https://mecidiyes.meb.k12.tr,,,https://mecidiyes.meb.k12.tr/tema/harita.php,2026-08-31,17,17,bulundu,https://mecidiyes.meb.k12.tr/,2026-10-01T18:32:12.188471+00:00,,Öğrenci Sayısı : 17
Balıkesir,Bigadiç,Turfullar Şehit Ahmet Kurt İlkokulu,652191,İlkokul,https://turfullar.meb.k12.tr,,,https://turfullar.meb.k12.tr/tema/harita.php,2026-08-31,28,28,bulundu,https://turfullar.meb.k12.tr/,2026-10-01T18:32:12.276910+00:00,,Öğrenci Sayısı : 28
Balıkesir,Bigadiç,Yeşildere İlkokulu,652620,İlkokul,https://bigadicyesildere.meb.k12.tr,,,https://bigadicyesildere.meb.k12.tr/tema/harita.php,2026-08-31,35,35,bulundu,https://bigadicyesildere.meb.k12.tr/,2026-10-01T18:32:12.504615+00:00,,Öğrenci Sayısı 35
Balıkesir,Bigadiç,Çayüstü İlkokulu,653351,İlkokul,https://cayustu.meb.k12.tr,,,https://cayustu.meb.k12.tr/tema/harita.php,2026-08-31,14,14,bulundu,https://cayustu.meb.k12.tr/tema/okulumuz_hakkinda.php,2026-10-01T18:32:12.626151+00:00,,Öğrenci : 14
Balıkesir,Bigadiç,Çağış Ortaokulu,743029,Ortaokul,https://cagisortaokulu.meb.k12.tr,,,https://cagisortaokulu.meb.k12.tr/tema/harita.php,2026-08-31,79,79,bulundu,https://cagisortaokulu.meb.k12.tr/,2026-10-01T18:32:12.764728+00:00,,Öğrenci Sayısı : 79
Balıkesir,Bigadiç,Çağış İlkokulu,743031,İlkokul,https://cagisilkokulu.meb.k12.tr,,,https://cagisilkokulu.meb.k12.tr/tema/harita.php,2026-08-31,,,bulunamadi,,2026-10-01T18:32:12.782074+00:00,,
Balıkesir,Bigadiç,İlyaslar Şehit Niyazi Elçin Ortaokulu,743012,Ortaokul,https://ilyaslarsneo.meb.k12.tr,,,https://ilyaslarsneo.meb.k12.tr/tema/harita.php,2026-08-31,86,86,bulundu,https://ilyaslarsneo.meb.k12.tr/tema/okulumuz_hakkinda.php,2026-10-01T18:32:12.807402+00:00,,Öğrenci : 86
Balıkesir,Bigadiç,İlyaslar Şehit Niyazi Elçin İlkokulu,653064,İlkokul,https://ilyaslarsnei.meb.k12.tr,,,https://ilyaslarsnei.meb.k12.tr/tema/harita.php,2026-08-31,109,109,bulundu,https://ilyaslarsnei.meb.k12.tr/tema/okulumuz_hakkinda.php,2026-10-01T18:32:12.817103+00:00,,Öğrenci : 109
Balıkesir,Bigadiç,İskele Ortaokulu,743011,Ortaokul,https://iskeleoo.meb.k12.tr,,,https://iskeleoo.meb.k12.tr/tema/harita.php,2026-08-31,68,68,bulundu,https://iskeleoo.meb.k12.tr/tema/okulumuz_hakkinda.php,2026-10-01T18:32:12.935370+00:00,,Öğrenci : 68
Balıkesir,Bigadiç,İskele İlkokulu,241834,İlkokul,https://iskeleio.meb.k12.tr,,,https://iskeleio.meb.k12.tr/tema/harita.php,2026-08-31,91,91,bulundu,https://iskeleio.meb.k12.tr/,2026-10-01T18:32:12.964805+00:00,,Öğrenci Sayısı 91
Balıkesir,Burhaniye,Ayşe Akpınar Mesleki ve Teknik Anadolu Lisesi,262572,Mesleki ve Teknik Anadolu Lisesi,https://ayseakpinarkml.meb.k12.tr,,,https://ayseakpinarkml.meb.k12.tr/tema/harita.php,2026-08-31,490,490,bulundu,https://ayseakpinarkml.meb.k12.tr/,2026-10-01T18:32:13.145795+00:00,,Öğrenci Sayısı 490
Balıkesir,Burhaniye,Bahadınlı Ortaokulu,736663,Ortaokul,https://bahadinlioo.meb.k12.tr,,,https://bahadinlioo.meb.k12.tr/tema/harita.php,2026-08-31,80,80,bulundu,https://bahadinlioo.meb.k12.tr/,2026-10-01T18:32:13.290606+00:00,,Öğrenci Sayısı : 80
Balıkesir,Burhaniye,Bahadınlı İlkokulu,736825,İlkokul,https://bahadinliilkokulu.meb.k12.tr,,,https://bahadinliilkokulu.meb.k12.tr/tema/harita.php,2026-08-31,58,58,bulundu,https://bahadinliilkokulu.meb.k12.tr/,2026-10-01T18:32:13.719588+00:00,,Öğrenci Sayısı : 58
Balıkesir,Burhaniye,Berna Kundakçı Anaokulu,774261,Anaokulu,https://bernakundakcianaokulu.meb.k12.tr,,,https://bernakundakcianaokulu.meb.k12.tr/tema/harita.php,2026-08-31,168,168,bulundu,https://bernakundakcianaokulu.meb.k12.tr/,2026-10-01T18:32:13.761886+00:00,,Öğrenci Sayısı 168
Balıkesir,Burhaniye,Burhaniye Atatürk Mesleki Eğitim Merkezi,306982,Mesleki Eğitim Merkezi,https://burhaniyemesem.meb.k12.tr,,,https://burhaniyemesem.meb.k12.tr/tema/harita.php,2026-08-31,536,536,bulundu,https://burhaniyemesem.meb.k12.tr/tema/okulumuz_hakkinda.php,2026-10-01T18:32:13.769682+00:00,,Öğrenci : 536
Balıkesir,Burhaniye,Burhaniye Atatürk Mesleki ve Teknik Anadolu Lisesi,962884,Mesleki ve Teknik Anadolu Lisesi,https://burhaniyeasml.meb.k12.tr,,,https://burhaniyeasml.meb.k12.tr/tema/harita.php,2026-08-31,222,222,bulundu,https://burhaniyeasml.meb.k12.tr/,2026-10-01T18:32:14.059395+00:00,,Öğrenci Sayısı : 222
Balıkesir,Burhaniye,Burhaniye Bilim ve Sanat Merkezi,761152,Bilim ve Sanat Merkezi,https://burhaniyebilsem.meb.k12.tr,,,https://burhaniyebilsem.meb.k12.tr/tema/harita.php,2026-08-31,200,200,bulundu,https://burhaniyebilsem.meb.k12.tr/,2026-10-01T18:32:14.116685+00:00,,Öğrenci Sayısı 200
Balıkesir,Burhaniye,Burhaniye Hacı Mehmet Fevzi Köylü Anadolu İmam Hatip Lisesi,965161,Anadolu İmam Hatip Lisesi,https://burhaniyeihl.meb.k12.tr,,,https://burhaniyeihl.meb.k12.tr/tema/harita.php,2026-08-31,280,280,bulundu,https://burhaniyeihl.meb.k12.tr/,2026-10-01T18:32:14.138475+00:00,,Öğrenci Sayısı : 280
Balıkesir,Burhaniye,Burhaniye Kuvâ-yı Milliye Fen Lisesi,766120,Fen Lisesi,https://burhaniyekuvayimilliyefenlisesi.meb.k12.tr,,,https://burhaniyekuvayimilliyefenlisesi.meb.k12.tr/tema/harita.php,2026-08-31,351,351,bulundu,https://burhaniyekuvayimilliyefenlisesi.meb.k12.tr/,2026-10-01T18:32:14.171810+00:00,,Öğrenci Sayısı : 351
Balıkesir,Burhaniye,Burhaniye Mehmet Akif Ersoy İlkokulu,736591,İlkokul,https://burhaniyemae.meb.k12.tr,,,https://burhaniyemae.meb.k12.tr/tema/harita.php,2026-08-31,,,bulunamadi,,2026-10-01T18:32:14.238908+00:00,,
Balıkesir,Burhaniye,Burhaniye Ticaret Odası Özel Eğitim Uygulama Okulu I. Kademe,759287,Özel Eğitim Kurumu,https://btoegitimuygulama.meb.k12.tr,,,https://btoegitimuygulama.meb.k12.tr/tema/harita.php,2026-08-31,13,13,bulundu,https://btoegitimuygulama.meb.k12.tr/,2026-10-01T18:32:14.240527+00:00,,Öğrenci Sayısı : 13
Balıkesir,Burhaniye,Burhaniye Ticaret Odası Özel Eğitim Uygulama Okulu II. Kademe,759288,Özel Eğitim Kurumu,https://btoozelegitimuygulama2.meb.k12.tr,,,https://btoozelegitimuygulama2.meb.k12.tr/tema/harita.php,2026-08-31,13,13,bulundu,https://btoozelegitimuygulama2.meb.k12.tr/,2026-10-01T18:32:14.330420+00:00,,Öğrenci Sayısı : 13
Balıkesir,Burhaniye,Burhaniye Ticaret Odası Özel Eğitim Uygulama Okulu III. Kademe,759289,Özel Eğitim Kurumu,https://btoozelegitimuygulama3.meb.k12.tr,,,https://btoozelegitimuygulama3.meb.k12.tr/tema/harita.php,2026-08-31,14,14,bulundu,https://btoozelegitimuygulama3.meb.k12.tr/,2026-10-01T18:32:14.341694+00:00,,Öğrenci Sayısı : 14
Balıkesir,Burhaniye,Burhaniye Zeytin Çiçeği Özel Eğitim Anaokulu,777099,Anaokulu,https://777099.meb.k12.tr,,,https://777099.meb.k12.tr/tema/harita.php,2026-08-31,15,15,bulundu,https://777099.meb.k12.tr/,2026-10-01T18:32:14.468594+00:00,,Öğrenci Sayısı : 15
Balıkesir,Burhaniye,Burhaniye Öğretmenevi ve Akşam Sanat Okulu,971053,Öğretmenevi,https://brhogretmenevi.meb.k12.tr,,,https://brhogretmenevi.meb.k12.tr/tema/harita.php,2026-08-31,,,bulunamadi,,2026-10-01T18:32:14.614282+00:00,,
Balıkesir,Burhaniye,Burhaniye Şehit Hasan Çoban Mesleki ve Teknik Anadolu Lisesi,747023,Mesleki ve Teknik Anadolu Lisesi,https://burhaniyeteml.meb.k12.tr,,,https://burhaniyeteml.meb.k12.tr/tema/harita.php,2026-08-31,384,384,bulundu,https://burhaniyeteml.meb.k12.tr/,2026-10-01T18:32:14.717796+00:00,,Öğrenci Sayısı 384
Balıkesir,Burhaniye,Burhaniye Şehit İlyas Arslan Halk Eğitimi Merkezi,128961,Halk Eğitimi Merkezi,https://burhaniyehem.meb.k12.tr,,,https://burhaniyehem.meb.k12.tr/tema/harita.php,2026-08-31,,,bulunamadi,,2026-10-01T18:32:14.779835+00:00,,
Balıkesir,Burhaniye,Börezli İlkokulu,744522,İlkokul,https://borezliilkokulu.meb.k12.tr,,,https://borezliilkokulu.meb.k12.tr/tema/harita.php,2026-08-31,46,46,bulundu,https://borezliilkokulu.meb.k12.tr/,2026-10-01T18:32:14.892400+00:00,,Öğrenci Sayısı: 46
Balıkesir,Burhaniye,Celal Toraman Anadolu Lisesi,325743,Anadolu Lisesi,https://ctal.meb.k12.tr,,,https://ctal.meb.k12.tr/tema/harita.php,2026-08-31,351,351,bulundu,https://ctal.meb.k12.tr/,2026-10-01T18:32:15.110403+00:00,,Öğrenci Sayısı : 351
Balıkesir,Burhaniye,Cumhuriyet İlkokulu,213740,İlkokul,https://burhaniyecumhuriyetio.meb.k12.tr,,,https://burhaniyecumhuriyetio.meb.k12.tr/tema/harita.php,2026-08-31,410,410,bulundu,https://burhaniyecumhuriyetio.meb.k12.tr/,2026-10-01T18:32:15.164137+00:00,,Öğrenci Sayısı : 410
Balıkesir,Burhaniye,Dutluca İlkokulu,744512,İlkokul,https://dutlucailkokulu.meb.k12.tr,,,https://dutlucailkokulu.meb.k12.tr/tema/harita.php,2026-08-31,11,11,bulundu,https://dutlucailkokulu.meb.k12.tr/tema/okulumuz_hakkinda.php,2026-10-01T18:32:15.188065+00:00,,Öğrenci : 11
Balıkesir,Burhaniye,Emine Akel Anaokulu,966794,Anaokulu,https://emineakelanaokulu.meb.k12.tr,,,https://emineakelanaokulu.meb.k12.tr/tema/harita.php,2026-08-31,183,183,bulundu,https://emineakelanaokulu.meb.k12.tr/,2026-10-01T18:32:15.213872+00:00,,Öğrenci Sayısı : 183
Balıkesir,Burhaniye,Faruk Kızıklı İlkokulu,653410,İlkokul,https://farukkizikliilkokulu.meb.k12.tr,,,https://farukkizikliilkokulu.meb.k12.tr/tema/harita.php,2026-08-31,347,347,bulundu,https://farukkizikliilkokulu.meb.k12.tr/,2026-10-01T18:32:15.259797+00:00,,Öğrenci Sayısı : 347
Balıkesir,Burhaniye,Gazi İlkokulu,736655,İlkokul,https://burhaniyegaziilkokulu.meb.k12.tr,,,https://burhaniyegaziilkokulu.meb.k12.tr/tema/harita.php,2026-08-31,153,153,bulundu,https://burhaniyegaziilkokulu.meb.k12.tr/,2026-10-01T18:32:15.331124+00:00,,Öğrenci Sayısı : 153
Balıkesir,Burhaniye,Hacı Mustafa Müdüroğlu Ortaokulu,736979,Ortaokul,https://burhaniyehmmoo.meb.k12.tr,,,https://burhaniyehmmoo.meb.k12.tr/tema/harita.php,2026-08-31,243,243,bulundu,https://burhaniyehmmoo.meb.k12.tr/,2026-10-01T18:32:15.363807+00:00,,Öğrenci Sayısı 243
Balıkesir,Burhaniye,Hasan Akın Anadolu Lisesi,128936,Anadolu Lisesi,https://hasanakinanadolulisesi.meb.k12.tr,,,https://hasanakinanadolulisesi.meb.k12.tr/tema/harita.php,2026-08-31,558,558,bulundu,https://hasanakinanadolulisesi.meb.k12.tr/,2026-10-01T18:32:15.469422+00:00,,Öğrenci Sayısı : 558
Balıkesir,Burhaniye,Karadere İlkokulu,744517,İlkokul,https://burhaniyekaradereio.meb.k12.tr,,,https://burhaniyekaradereio.meb.k12.tr/tema/harita.php,2026-08-31,34,34,bulundu,https://burhaniyekaradereio.meb.k12.tr/tema/okulumuz_hakkinda.php,2026-10-01T18:32:15.504886+00:00,,Öğrenci : 34
Balıkesir,Burhaniye,Kuyumcu İlkokulu,744514,İlkokul,https://iokuyumcu.meb.k12.tr,,,https://iokuyumcu.meb.k12.tr/tema/harita.php,2026-08-31,25,25,bulundu,https://iokuyumcu.meb.k12.tr/,2026-10-01T18:32:15.541242+00:00,,Öğrenci Sayısı : 25
Balıkesir,Burhaniye,Kızıklı Ortaokulu,736761,Ortaokul,https://kizikliortaokulu.meb.k12.tr,,,https://kizikliortaokulu.meb.k12.tr/tema/harita.php,2026-08-31,,,bulunamadi,,2026-10-01T18:32:15.557452+00:00,,
Balıkesir,Burhaniye,Kızıklı İlkokulu,736986,İlkokul,https://kizikliilkokulu.meb.k12.tr,,,https://kizikliilkokulu.meb.k12.tr/tema/harita.php,2026-08-31,89,89,bulundu,https://kizikliilkokulu.meb.k12.tr/tema/okulumuz_hakkinda.php,2026-10-01T18:32:15.587255+00:00,,Öğrenci : 89
Balıkesir,Burhaniye,Müjde Babuşcuoğlu Anaokulu,973393,Anaokulu,https://mujdebabuscuoglu.meb.k12.tr,,,https://mujdebabuscuoglu.meb.k12.tr/tema/harita.php,2026-08-31,119,119,bulundu,https://mujdebabuscuoglu.meb.k12.tr/,2026-10-01T18:32:15.779902+00:00,,Öğrenci Sayısı: 119
Balıkesir,Burhaniye,Nadir Tolun Ortaokulu,736643,Ortaokul,https://nadirtolunortaokulu.meb.k12.tr,,,https://nadirtolunortaokulu.meb.k12.tr/tema/harita.php,2026-08-31,717,717,bulundu,https://nadirtolunortaokulu.meb.k12.tr/,2026-10-01T18:32:15.971565+00:00,,Öğrenci Sayısı 717
Balıkesir,Burhaniye,Pelitköy Halit Selçuk Ortaokulu,736723,Ortaokul,https://pelitkoyortaokulu.meb.k12.tr,,,https://pelitkoyortaokulu.meb.k12.tr/tema/harita.php,2026-08-31,34,34,bulundu,https://pelitkoyortaokulu.meb.k12.tr/,2026-10-01T18:32:16.171091+00:00,,Öğrenci Sayısı : 34
Balıkesir,Burhaniye,Pelitköy Halit Selçuk İlkokulu,736710,İlkokul,https://pelithalitilkokulu.meb.k12.tr,,,https://pelithalitilkokulu.meb.k12.tr/tema/harita.php,2026-08-31,37,37,bulundu,https://pelithalitilkokulu.meb.k12.tr/,2026-10-01T18:32:16.307314+00:00,,Öğrenci Sayısı 37
Balıkesir,Burhaniye,Sekizeylül İlkokulu,736479,İlkokul,https://burhaniyesekizeylulio.meb.k12.tr,,,https://burhaniyesekizeylulio.meb.k12.tr/tema/harita.php,2026-08-31,345,345,bulundu,https://burhaniyesekizeylulio.meb.k12.tr/,2026-10-01T18:32:16.375853+00:00,,Öğrenci Sayısı : 345
Balıkesir,Burhaniye,Türkiye Odalar ve Borsalar Birliği Bahçelievler İlkokulu,736076,İlkokul,https://brhbahcelievlerilkokulu.meb.k12.tr,,,https://brhbahcelievlerilkokulu.meb.k12.tr/tema/harita.php,2026-08-31,481,481,bulundu,https://brhbahcelievlerilkokulu.meb.k12.tr/,2026-10-01T18:32:16.392978+00:00,,Öğrenci Sayısı : 481
Balıkesir,Burhaniye,Yıldız Özsaraç Anaokulu,761213,Anaokulu,https://yildizozsaracanaokulu.meb.k12.tr,,,https://yildizozsaracanaokulu.meb.k12.tr/tema/harita.php,2026-08-31,158,158,bulundu,https://yildizozsaracanaokulu.meb.k12.tr/,2026-10-01T18:32:16.424446+00:00,,Öğrenci Sayısı: 158
Balıkesir,Burhaniye,Ören Yüzüncü Yıl İlkokulu,736688,İlkokul,https://orenyuzuncuyililkokulu.meb.k12.tr,,,https://orenyuzuncuyililkokulu.meb.k12.tr/tema/harita.php,2026-08-31,202,202,bulundu,https://orenyuzuncuyililkokulu.meb.k12.tr/,2026-10-01T18:32:16.487238+00:00,,Öğrenci Sayısı : 202
Balıkesir,Burhaniye,ŞEHİT PİLOT ÜSTEĞMEN ERDEM MUT ORTAOKULU,736446,Ortaokul,https://sehitpiloterdemmutortaokulu.meb.k12.tr,,,https://sehitpiloterdemmutortaokulu.meb.k12.tr/tema/harita.php,2026-08-31,794,794,bulundu,https://sehitpiloterdemmutortaokulu.meb.k12.tr/,2026-10-01T18:32:16.506505+00:00,,Öğrenci Sayısı 794
Balıkesir,Burhaniye,Şarköy Ortaokulu,736790,Ortaokul,https://burhaniyesarkoyoo.meb.k12.tr,,,https://burhaniyesarkoyoo.meb.k12.tr/tema/harita.php,2026-08-31,72,72,bulundu,https://burhaniyesarkoyoo.meb.k12.tr/tema/okulumuz_hakkinda.php,2026-10-01T18:32:16.563803+00:00,,Öğrenci : 72
Balıkesir,Burhaniye,Şarköy İlkokulu,736776,İlkokul,https://burhaniyesarkoyio.meb.k12.tr,,,https://burhaniyesarkoyio.meb.k12.tr/tema/harita.php,2026-08-31,71,71,bulundu,https://burhaniyesarkoyio.meb.k12.tr/tema/okulumuz_hakkinda.php,2026-10-01T18:32:16.835417+00:00,,Öğrenci : 71
Balıkesir,Burhaniye,Şehit Ahmet Çelik Ortaokulu,736851,Ortaokul,https://sehitahmetcelikortaokulu.meb.k12.tr,,,https://sehitahmetcelikortaokulu.meb.k12.tr/tema/harita.php,2026-08-31,401,401,bulundu,https://sehitahmetcelikortaokulu.meb.k12.tr/,2026-10-01T18:32:16.848682+00:00,,Öğrenci Sayısı 401
Balıkesir,Burhaniye,Şehit Mustafa Serin Ortaokulu,736442,Ortaokul,https://sehitmustafaserinortaokulu.meb.k12.tr,,,https://sehitmustafaserinortaokulu.meb.k12.tr/tema/harita.php,2026-08-31,380,380,bulundu,https://sehitmustafaserinortaokulu.meb.k12.tr/,2026-10-01T18:32:17.355296+00:00,,Öğrenci Sayısı 380
Balıkesir,Burhaniye,Şehit Yılmaz Kobak İlkokulu,736734,İlkokul,https://sehityilmazkobakilkokulu.meb.k12.tr,,,https://sehityilmazkobakilkokulu.meb.k12.tr/tema/harita.php,2026-08-31,184,184,bulundu,https://sehityilmazkobakilkokulu.meb.k12.tr/,2026-10-01T18:32:17.431913+00:00,,Öğrenci Sayısı 184
Balıkesir,Büyükşehir,Balıkesir Karesibey Öğretmenevi ve Akşam Sanat Okulu Müdürlüğü,759864,Öğretmenevi,https://karesibeyogretmenevi.meb.k12.tr,,,https://karesibeyogretmenevi.meb.k12.tr/tema/harita.php,2026-08-31,,,bulunamadi,,2026-10-01T18:32:17.480144+00:00,,
Balıkesir,Büyükşehir,Balıkesir Öğretmenevi ve Akşam Sanat Okulu,971049,Öğretmenevi,https://balikesirogretmenevi.meb.k12.tr,,,https://balikesirogretmenevi.meb.k12.tr/tema/harita.php,2026-08-31,,,bulunamadi,,2026-10-01T18:32:17.638330+00:00,,
Balıkesir,Dursunbey,Akbaşlar İlkokulu,739597,İlkokul,https://akbaslarilkokulu.meb.k12.tr,,,https://akbaslarilkokulu.meb.k12.tr/tema/harita.php,2026-08-31,,,bulunamadi,,2026-10-01T18:32:17.646736+00:00,,
Balıkesir,Dursunbey,Atatürk Ortaokulu,739792,Ortaokul,https://dursunbeyataturkortaokulu.meb.k12.tr,,,https://dursunbeyataturkortaokulu.meb.k12.tr/tema/harita.php,2026-08-31,461,461,bulundu,https://dursunbeyataturkortaokulu.meb.k12.tr/,2026-10-01T18:32:17.756478+00:00,,Öğrenci Sayısı : 461
Balıkesir,Dursunbey,Delice İlkokulu,730031,İlkokul,https://delice.meb.k12.tr,,,https://delice.meb.k12.tr/tema/harita.php,2026-08-31,27,27,bulundu,https://delice.meb.k12.tr/,2026-10-01T18:32:17.815927+00:00,,Öğrenci Sayısı 27
Balıkesir,Dursunbey,Durabeyler Şehit Faruk Gezen Ortaokulu,739895,Ortaokul,https://durabeylerortaokulu.meb.k12.tr,,,https://durabeylerortaokulu.meb.k12.tr/tema/harita.php,2026-08-31,43,43,bulundu,https://durabeylerortaokulu.meb.k12.tr/,2026-10-01T18:32:17.829697+00:00,,Öğrenci Sayısı : 43
Balıkesir,Dursunbey,Durabeyler Şehit Faruk Gezen İlkokulu,653206,İlkokul,https://durabeyler.meb.k12.tr,,,https://durabeyler.meb.k12.tr/tema/harita.php,2026-08-31,36,36,bulundu,https://durabeyler.meb.k12.tr/,2026-10-01T18:32:17.955916+00:00,,Öğrenci Sayısı : 36
Balıkesir,Dursunbey,Dursunbey Borsa İstanbul Yatılı Bölge Ortaokulu,747939,Ortaokul,https://dursunbeyybo.meb.k12.tr,,,https://dursunbeyybo.meb.k12.tr/tema/harita.php,2026-08-31,96,96,bulundu,https://dursunbeyybo.meb.k12.tr/,2026-10-01T18:32:17.973507+00:00,,Öğrenci Sayısı : 96
Balıkesir,Dursunbey,Dursunbey Halk Eğitimi Merkezi,129128,Halk Eğitimi Merkezi,https://dursunbeyhalkegitimi.meb.k12.tr,,,https://dursunbeyhalkegitimi.meb.k12.tr/tema/harita.php,2026-08-31,,,bulunamadi,,2026-10-01T18:32:18.001805+00:00,,
Balıkesir,Dursunbey,Dursunbey Mesleki Eğitim Merkezi,265419,Mesleki Eğitim Merkezi,https://dursunbeymesem.meb.k12.tr,,,https://dursunbeymesem.meb.k12.tr/tema/harita.php,2026-08-31,156,156,bulundu,https://dursunbeymesem.meb.k12.tr/tema/okulumuz_hakkinda.php,2026-10-01T18:32:18.264962+00:00,,Öğrenci : 156
Balıkesir,Dursunbey,Dursunbey Mesleki ve Teknik Anadolu Lisesi,129094,Mesleki ve Teknik Anadolu Lisesi,https://dursunbeyeml.meb.k12.tr,,,https://dursunbeyeml.meb.k12.tr/tema/harita.php,2026-08-31,194,194,bulundu,https://dursunbeyeml.meb.k12.tr/,2026-10-01T18:32:18.383168+00:00,,Öğrenci Sayısı : 194
Balıkesir,Dursunbey,Dursunbey Mustafa Korkmaz Anadolu Lisesi,964272,Anadolu Lisesi,https://mkanadolulisesi.meb.k12.tr,,,https://mkanadolulisesi.meb.k12.tr/tema/harita.php,2026-08-31,268,268,bulundu,https://mkanadolulisesi.meb.k12.tr/,2026-10-01T18:32:18.385080+00:00,,Öğrenci Sayısı : 268
Balıkesir,Dursunbey,Dursunbey Raif Eriş Anaokulu,967601,Anaokulu,https://raiferisanaokulu.meb.k12.tr,,,https://raiferisanaokulu.meb.k12.tr/tema/harita.php,2026-08-31,89,89,bulundu,https://raiferisanaokulu.meb.k12.tr/,2026-10-01T18:32:18.456413+00:00,,Öğrenci Sayısı: 89
Balıkesir,Dursunbey,Dursunbey Sarı Hoca Anadolu İmam Hatip Lisesi,129116,Anadolu İmam Hatip Lisesi,https://dursunbeyihl.meb.k12.tr,,,https://dursunbeyihl.meb.k12.tr/tema/harita.php,2026-08-31,182,182,bulundu,https://dursunbeyihl.meb.k12.tr/,2026-10-01T18:32:18.494285+00:00,,Öğrenci Sayısı : 182
Balıkesir,Dursunbey,Dursunbey Öğretmenevi ve Akşam Sanat Okulu,971054,Öğretmenevi,https://dursunbeyogretmenevi.meb.k12.tr,,,https://dursunbeyogretmenevi.meb.k12.tr/tema/harita.php,2026-08-31,,,bulunamadi,,2026-10-01T18:32:18.525776+00:00,,
Balıkesir,Dursunbey,Dursunbey Şehit Ömer Halisdemir İmam Hatip Ortaokulu,750515,İmam Hatip Ortaokulu,https://dursunbeysehitomerhalisdemiriho.meb.k12.tr,,,https://dursunbeysehitomerhalisdemiriho.meb.k12.tr/tema/harita.php,2026-08-31,340,340,bulundu,https://dursunbeysehitomerhalisdemiriho.meb.k12.tr/,2026-10-01T18:32:18.848408+00:00,,Öğrenci Sayısı : 340
Balıkesir,Dursunbey,Farabi Mesleki ve Teknik Anadolu Lisesi,962882,Mesleki ve Teknik Anadolu Lisesi,https://dbfarabimtal.meb.k12.tr,,,https://dbfarabimtal.meb.k12.tr/tema/harita.php,2026-08-31,177,177,bulundu,https://dbfarabimtal.meb.k12.tr/,2026-10-01T18:32:18.866362+00:00,,Öğrenci Sayısı 177
Balıkesir,Dursunbey,Göbül Ortaokulu,739965,Ortaokul,https://gobulortaokulu.meb.k12.tr,,,https://gobulortaokulu.meb.k12.tr/tema/harita.php,2026-08-31,33,33,bulundu,https://gobulortaokulu.meb.k12.tr/,2026-10-01T18:32:18.915950+00:00,,Öğrenci Sayısı : 33
Balıkesir,Dursunbey,Göbül İlkokulu,739948,İlkokul,https://gobulilkokulu.meb.k12.tr,,,https://gobulilkokulu.meb.k12.tr/tema/harita.php,2026-08-31,34,34,bulundu,https://gobulilkokulu.meb.k12.tr/,2026-10-01T18:32:18.919667+00:00,,Öğrenci Sayısı : 34
Balıkesir,Dursunbey,Gökçedağ İlkokulu,739973,İlkokul,https://gokcedagio.meb.k12.tr,,,https://gokcedagio.meb.k12.tr/tema/harita.php,2026-08-31,31,31,bulundu,https://gokcedagio.meb.k12.tr/,2026-10-01T18:32:19.026927+00:00,,Öğrenci Sayısı 31
Balıkesir,Dursunbey,Hacıömerler İlkokulu,730037,İlkokul,https://haciomerler.meb.k12.tr,,,https://haciomerler.meb.k12.tr/tema/harita.php,2026-08-31,19,19,bulundu,https://haciomerler.meb.k12.tr/,2026-10-01T18:32:19.064331+00:00,,Öğrenci Sayısı 19
Balıkesir,Dursunbey,Hamzacık Hatun Yılmaz İlkokulu,730057,İlkokul,https://hamzacikhatunyilmaz.meb.k12.tr,,,https://hamzacikhatunyilmaz.meb.k12.tr/tema/harita.php,2026-08-31,18,18,bulundu,https://hamzacikhatunyilmaz.meb.k12.tr/,2026-10-01T18:32:19.113448+00:00,,Öğrenci Sayısı 18
Balıkesir,Dursunbey,Kavacık Ortaokulu,739682,Ortaokul,https://kavacikortaokulu.meb.k12.tr,,,https://kavacikortaokulu.meb.k12.tr/tema/harita.php,2026-08-31,91,91,bulundu,https://kavacikortaokulu.meb.k12.tr/,2026-10-01T18:32:19.264034+00:00,,Öğrenci Sayısı 91
Balıkesir,Dursunbey,Kavacık İlkokulu,737170,İlkokul,https://kavacikilkokulu.meb.k12.tr,,,https://kavacikilkokulu.meb.k12.tr/tema/harita.php,2026-08-31,25,25,bulundu,https://kavacikilkokulu.meb.k12.tr/,2026-10-01T18:32:19.348151+00:00,,Öğrenci Sayısı 25
Balıkesir,Dursunbey,Mıcırlar İlkokulu,730097,İlkokul,https://micirlarioo.meb.k12.tr,,,https://micirlarioo.meb.k12.tr/tema/harita.php,2026-08-31,23,23,bulundu,https://micirlarioo.meb.k12.tr/,2026-10-01T18:32:19.583795+00:00,,Öğrenci Sayısı: 23
Balıkesir,Dursunbey,Nene Hatun Kız Mesleki ve Teknik Anadolu Lisesi,129104,Mesleki ve Teknik Anadolu Lisesi,https://dursunbeykml.meb.k12.tr,,,https://dursunbeykml.meb.k12.tr/tema/harita.php,2026-08-31,67,67,bulundu,https://dursunbeykml.meb.k12.tr/tema/okulumuz_hakkinda.php,2026-10-01T18:32:19.697313+00:00,,Öğrenci : 67
Balıkesir,Dursunbey,Neziha Bal İlkokulu,677750,İlkokul,https://nezihabalilkokulu.meb.k12.tr,,,https://nezihabalilkokulu.meb.k12.tr/tema/harita.php,2026-08-31,104,104,bulundu,https://nezihabalilkokulu.meb.k12.tr/,2026-10-01T18:32:19.751183+00:00,,Öğrenci Sayısı 104
Balıkesir,Dursunbey,Sabahattin Göndür İlkokulu,739834,İlkokul,https://sgondurio.meb.k12.tr,,,https://sgondurio.meb.k12.tr/tema/harita.php,2026-08-31,312,312,bulundu,https://sgondurio.meb.k12.tr/,2026-10-01T18:32:19.754561+00:00,,Öğrenci Sayısı 312
Balıkesir,Dursunbey,Sadullah Özer İlkokulu,739865,İlkokul,https://sozeriokulu.meb.k12.tr,,,https://sozeriokulu.meb.k12.tr/tema/harita.php,2026-08-31,301,301,bulundu,https://sozeriokulu.meb.k12.tr/,2026-10-01T18:32:19.812549+00:00,,Öğrenci Sayısı 301
Balıkesir,Dursunbey,Sağırlar İlkokulu,741693,İlkokul,https://sagirlarilkokulu.meb.k12.tr,,,https://sagirlarilkokulu.meb.k12.tr/tema/harita.php,2026-08-31,13,13,bulundu,https://sagirlarilkokulu.meb.k12.tr/tema/okulumuz_hakkinda.php,2026-10-01T18:32:20.112308+00:00,,Öğrenci : 13
Balıkesir,Dursunbey,Selimağa Kayaoğlu Ortaokulu,739941,Ortaokul,https://selimagaortaokulu.meb.k12.tr,,,https://selimagaortaokulu.meb.k12.tr/tema/harita.php,2026-08-31,34,34,bulundu,https://selimagaortaokulu.meb.k12.tr/tema/okulumuz_hakkinda.php,2026-10-01T18:32:20.140947+00:00,,Öğrenci : 34
Balıkesir,Dursunbey,Selimağa Kayaoğlu İlkokulu,739918,İlkokul,https://selimagailkokulu.meb.k12.tr,,,https://selimagailkokulu.meb.k12.tr/tema/harita.php,2026-08-31,47,47,bulundu,https://selimagailkokulu.meb.k12.tr/tema/okulumuz_hakkinda.php,2026-10-01T18:32:20.235931+00:00,,Öğrenci : 47
Balıkesir,Dursunbey,Süleler İlkokulu,730124,İlkokul,https://sulelerilkokulu.meb.k12.tr,,,https://sulelerilkokulu.meb.k12.tr/tema/harita.php,2026-08-31,14,14,bulundu,https://sulelerilkokulu.meb.k12.tr/,2026-10-01T18:32:20.338834+00:00,,Öğrenci Sayısı 14
Balıkesir,Dursunbey,Çanakçı İlkokulu,730014,İlkokul,https://canakciio.meb.k12.tr,,,https://canakciio.meb.k12.tr/tema/harita.php,2026-08-31,9,9,bulundu,https://canakciio.meb.k12.tr/,2026-10-01T18:32:20.401888+00:00,,Öğrenci Sayısı 9
Balıkesir,Dursunbey,Üçeylül İlkokulu,740055,İlkokul,https://uceylulilkokulu.meb.k12.tr,,,https://uceylulilkokulu.meb.k12.tr/tema/harita.php,2026-08-31,314,314,bulundu,https://uceylulilkokulu.meb.k12.tr/,2026-10-01T18:32:20.551697+00:00,,Öğrenci Sayısı : 314
Balıkesir,Dursunbey,Şabanlar Şehit Aydın Eryılmaz İlkokulu,730139,İlkokul,https://sabanlarilkokulu.meb.k12.tr,,,https://sabanlarilkokulu.meb.k12.tr/tema/harita.php,2026-08-31,14,14,bulundu,https://sabanlarilkokulu.meb.k12.tr/,2026-10-01T18:32:20.559694+00:00,,Öğrenci Sayısı : 14
Balıkesir,Edremit,75.Yıl Ortaokulu,728817,Ortaokul,https://edr75yilortaokulu.meb.k12.tr,,,https://edr75yilortaokulu.meb.k12.tr/tema/harita.php,2026-08-31,1327,1327,bulundu,https://edr75yilortaokulu.meb.k12.tr/tema/okulumuz_hakkinda.php,2026-10-01T18:32:20.567069+00:00,,Öğrenci : 1327
Balıkesir,Edremit,Abidin Pak-Pakmaya Anadolu Lisesi,970976,Anadolu Lisesi,https://pakmayaanadolulisesi.meb.k12.tr,,,https://pakmayaanadolulisesi.meb.k12.tr/tema/harita.php,2026-08-31,562,562,bulundu,https://pakmayaanadolulisesi.meb.k12.tr/,2026-10-01T18:32:20.581014+00:00,,Öğrenci Sayısı : 562
Balıkesir,Edremit,Akçay Yunus Emre İlkokulu,728692,İlkokul,https://akcayyunusemreilkokulu.meb.k12.tr,,,https://akcayyunusemreilkokulu.meb.k12.tr/tema/harita.php,2026-08-31,316,316,bulundu,https://akcayyunusemreilkokulu.meb.k12.tr/,2026-10-01T18:32:20.581921+00:00,,Öğrenci Sayısı : 316
Balıkesir,Edremit,Akçay Zehra Baysal Anaokulu,974400,Anaokulu,https://edremitzbanaokulu.meb.k12.tr,,,https://edremitzbanaokulu.meb.k12.tr/tema/harita.php,2026-08-31,141,141,bulundu,https://edremitzbanaokulu.meb.k12.tr/,2026-10-01T18:32:20.867063+00:00,,Öğrenci Sayısı: 141
Balıkesir,Edremit,Akçay Şehit Halil Kantarcı Ortaokulu,763948,Ortaokul,https://edremitashko.meb.k12.tr,,,https://edremitashko.meb.k12.tr/tema/harita.php,2026-08-31,546,546,bulundu,https://edremitashko.meb.k12.tr/,2026-10-01T18:32:20.936826+00:00,,Öğrenci Sayısı : 546
Balıkesir,Edremit,Ali Çelik İlkokulu,728876,İlkokul,https://edremitalicelikilkokulu.meb.k12.tr,,,https://edremitalicelikilkokulu.meb.k12.tr/tema/harita.php,2026-08-31,229,229,bulundu,https://edremitalicelikilkokulu.meb.k12.tr/,2026-10-01T18:32:21.161877+00:00,,Öğrenci Sayısı : 229
Balıkesir,Edremit,Altınoluk Fernur Sözen Turizm Mesleki ve Teknik Anadolu Lisesi,974486,Mesleki ve Teknik Anadolu Lisesi,https://fernursozenotml.meb.k12.tr,,,https://fernursozenotml.meb.k12.tr/tema/harita.php,2026-08-31,249,249,bulundu,https://fernursozenotml.meb.k12.tr/,2026-10-01T18:32:21.170476+00:00,,Öğrenci Sayısı : 249
Balıkesir,Edremit,Altınoluk Kardeş Çavuşoğlu Ortaokulu,757814,Ortaokul,https://kardescavusogluortaokulu.meb.k12.tr,,,https://kardescavusogluortaokulu.meb.k12.tr/tema/harita.php,2026-08-31,367,367,bulundu,https://kardescavusogluortaokulu.meb.k12.tr/tema/okulumuz_hakkinda.php,2026-10-01T18:32:21.215244+00:00,,Öğrenci : 367
Balıkesir,Edremit,Altınoluk Mustafa Erçetin Ortaokulu,728945,Ortaokul,https://mustafaercetinortaokulu.meb.k12.tr,,,https://mustafaercetinortaokulu.meb.k12.tr/tema/harita.php,2026-08-31,191,191,bulundu,https://mustafaercetinortaokulu.meb.k12.tr/,2026-10-01T18:32:21.650776+00:00,,Öğrenci Sayısı : 191
Balıkesir,Edremit,Altınoluk Necmi Şahin İlkokulu,760131,İlkokul,https://altinoluknecmisahinilkokulu.meb.k12.tr,,,https://altinoluknecmisahinilkokulu.meb.k12.tr/tema/harita.php,2026-08-31,263,263,bulundu,https://altinoluknecmisahinilkokulu.meb.k12.tr/,2026-10-01T18:32:21.680761+00:00,,Öğrenci Sayısı 263
Balıkesir,Edremit,Altınoluk Niyazi Erol İmam Hatip Ortaokulu,765404,İmam Hatip Ortaokulu,https://aneiho.meb.k12.tr,,,https://aneiho.meb.k12.tr/tema/harita.php,2026-08-31,70,70,bulundu,https://aneiho.meb.k12.tr/,2026-10-01T18:32:21.714041+00:00,,Öğrenci Sayısı 70
Balıkesir,Edremit,Altınoluk Zahit Eroğlu İlkokulu,728925,İlkokul,https://zahiterogluilkokulu.meb.k12.tr,,,https://zahiterogluilkokulu.meb.k12.tr/tema/harita.php,2026-08-31,247,247,bulundu,https://zahiterogluilkokulu.meb.k12.tr/,2026-10-01T18:32:21.825063+00:00,,Öğrenci Sayısı : 247
Balıkesir,Edremit,Altınoluk Zehra Baysal Anaokulu,764418,Anaokulu,https://azba.meb.k12.tr,,,https://azba.meb.k12.tr/tema/harita.php,2026-08-31,100,100,bulundu,https://azba.meb.k12.tr/,2026-10-01T18:32:21.894116+00:00,,Öğrenci Sayısı 100
Balıkesir,Edremit,Balıkesir Edremit Halk Eğitimi Merkezi,270013,Halk Eğitimi Merkezi,https://edremithem10.meb.k12.tr,,,https://edremithem10.meb.k12.tr/tema/harita.php,2026-08-31,,,bulunamadi,,2026-10-01T18:32:21.987530+00:00,,
Balıkesir,Edremit,Bostancı İlkokulu,729020,İlkokul,https://edr-bostanci.meb.k12.tr,,,https://edr-bostanci.meb.k12.tr/tema/harita.php,2026-08-31,13,13,bulundu,https://edr-bostanci.meb.k12.tr/,2026-10-01T18:32:21.991880+00:00,,Öğrenci Sayısı : 13
Balıkesir,Edremit,Edremit 100. Yıl Cumhuriyet Anaokulu,774905,Anaokulu,https://edr100yilcumhuriyet.meb.k12.tr,,,https://edr100yilcumhuriyet.meb.k12.tr/tema/harita.php,2026-08-31,152,152,bulundu,https://edr100yilcumhuriyet.meb.k12.tr/,2026-10-01T18:32:21.993077+00:00,,Öğrenci Sayısı 152
Balıkesir,Edremit,Edremit 15 Temmuz Şehitler İmam Hatip Ortaokulu,762517,İmam Hatip Ortaokulu,https://edremit15temmuzsiho.meb.k12.tr,,,https://edremit15temmuzsiho.meb.k12.tr/tema/harita.php,2026-08-31,187,187,bulundu,https://edremit15temmuzsiho.meb.k12.tr/,2026-10-01T18:32:22.041019+00:00,,Öğrenci Sayısı : 187
Balıkesir,Edremit,Edremit Altınoluk Öğretmenevi ve Akşam Sanat Okulu,971050,Öğretmenevi,https://altinolukogretmenevi.meb.k12.tr,,,https://altinolukogretmenevi.meb.k12.tr/tema/harita.php,2026-08-31,,,bulunamadi,,2026-10-01T18:32:22.094988+00:00,,
Balıkesir,Edremit,Edremit Anadolu Lisesi,300292,Anadolu Lisesi,https://edremitanadolu.meb.k12.tr,,,https://edremitanadolu.meb.k12.tr/tema/harita.php,2026-08-31,661,661,bulundu,https://edremitanadolu.meb.k12.tr/,2026-10-01T18:32:22.540874+00:00,,Öğrenci Sayısı 661
Balıkesir,Edremit,Edremit Anadolu İmam Hatip Lisesi,129273,Anadolu İmam Hatip Lisesi,https://edremitihl.meb.k12.tr,,,https://edremitihl.meb.k12.tr/tema/harita.php,2026-08-31,390,390,bulundu,https://edremitihl.meb.k12.tr/,2026-10-01T18:32:22.565820+00:00,,Öğrenci Sayısı 390
Balıkesir,Edremit,Edremit Anaokulu,774504,Anaokulu,https://edranaokulu.meb.k12.tr,,,https://edranaokulu.meb.k12.tr/tema/harita.php,2026-08-31,164,164,bulundu,https://edranaokulu.meb.k12.tr/,2026-10-01T18:32:22.566808+00:00,,Öğrenci Sayısı: 164
Balıkesir,Edremit,Edremit Bilim ve Sanat Merkezi,768926,Bilim ve Sanat Merkezi,https://edremitbsm.meb.k12.tr,,,https://edremitbsm.meb.k12.tr/tema/harita.php,2026-08-31,272,272,bulundu,https://edremitbsm.meb.k12.tr/,2026-10-01T18:32:22.580862+00:00,,Öğrenci Sayısı 272
Balıkesir,Edremit,Edremit Fernur Sözen Mesleki ve Teknik Anadolu Lisesi,758328,Mesleki ve Teknik Anadolu Lisesi,https://edremitfernursozenmtal.meb.k12.tr,,,https://edremitfernursozenmtal.meb.k12.tr/tema/harita.php,2026-08-31,339,339,bulundu,https://edremitfernursozenmtal.meb.k12.tr/,2026-10-01T18:32:22.594107+00:00,,Öğrenci Sayısı : 339
Balıkesir,Edremit,Edremit Mesleki Eğitim Merkezi,270025,Mesleki Eğitim Merkezi,https://edremitmem.meb.k12.tr,,,https://edremitmem.meb.k12.tr/tema/harita.php,2026-08-31,1249,1249,bulundu,https://edremitmem.meb.k12.tr/,2026-10-01T18:32:22.609849+00:00,,Öğrenci Sayısı : 1249
Balıkesir,Edremit,Edremit Mesleki ve Teknik Anadolu Lisesi,129236,Mesleki ve Teknik Anadolu Lisesi,https://edremiteml.meb.k12.tr,,,https://edremiteml.meb.k12.tr/tema/harita.php,2026-08-31,606,606,bulundu,https://edremiteml.meb.k12.tr/,2026-10-01T18:32:22.614836+00:00,,Öğrenci Sayısı : 606
Balıkesir,Edremit,Edremit Rehberlik ve Araştırma Merkezi,967397,Rehberlik ve Araştırma Merkezi,https://edremitram.meb.k12.tr,,,https://edremitram.meb.k12.tr/tema/harita.php,2026-08-31,,,bulunamadi,,2026-10-01T18:32:22.645383+00:00,,
Balıkesir,Edremit,FATMA-SEVİM KIYAKOĞLU ANAOKULU,757370,Anaokulu,https://fatmasevimkiyakogluanaokulu.meb.k12.tr,,,https://fatmasevimkiyakogluanaokulu.meb.k12.tr/tema/harita.php,2026-08-31,163,163,bulundu,https://fatmasevimkiyakogluanaokulu.meb.k12.tr/,2026-10-01T18:32:22.750663+00:00,,Öğrenci Sayısı 163
Balıkesir,Edremit,Fatih İmam Hatip Ortaokulu,761882,İmam Hatip Ortaokulu,https://edremitfatihiho.meb.k12.tr,,,https://edremitfatihiho.meb.k12.tr/tema/harita.php,2026-08-31,175,175,bulundu,https://edremitfatihiho.meb.k12.tr/,2026-10-01T18:32:22.799871+00:00,,Öğrenci Sayısı : 175
Balıkesir,Edremit,Fikriye-Mehmet Elberk Anadolu Lisesi,757807,Anadolu Lisesi,https://fikriyemehmetelberkand.meb.k12.tr,,,https://fikriyemehmetelberkand.meb.k12.tr/tema/harita.php,2026-08-31,305,305,bulundu,https://fikriyemehmetelberkand.meb.k12.tr/,2026-10-01T18:32:22.984457+00:00,,Öğrenci Sayısı : 305
Balıkesir,Edremit,Filiz Kamuran Dağ Ortaokulu,728851,Ortaokul,https://fkdortaokulu.meb.k12.tr,,,https://fkdortaokulu.meb.k12.tr/tema/harita.php,2026-08-31,86,86,bulundu,https://fkdortaokulu.meb.k12.tr/,2026-10-01T18:32:23.135876+00:00,,Öğrenci Sayısı : 86
Balıkesir,Edremit,Göbelezoğlu Ortaokulu,728899,Ortaokul,https://gobelezogluortaokulu.meb.k12.tr,,,https://gobelezogluortaokulu.meb.k12.tr/tema/harita.php,2026-08-31,,,bulunamadi,,2026-10-01T18:32:23.141056+00:00,,
Balıkesir,Edremit,Güre Atatürk Ortaokulu,728968,Ortaokul,https://gureataturkoo.meb.k12.tr,,,https://gureataturkoo.meb.k12.tr/tema/harita.php,2026-08-31,170,170,bulundu,https://gureataturkoo.meb.k12.tr/,2026-10-01T18:32:23.341620+00:00,,Öğrenci Sayısı 170
Balıkesir,Edremit,Güre Atatürk İlkokulu,728969,İlkokul,https://gureataturkio.meb.k12.tr,,,https://gureataturkio.meb.k12.tr/tema/harita.php,2026-08-31,192,192,bulundu,https://gureataturkio.meb.k12.tr/,2026-10-01T18:32:23.354253+00:00,,Öğrenci Sayısı 192
Balıkesir,Edremit,HAMİYYET - FERUDUN SÖZEN İLKOKULU,738790,İlkokul,https://hamiyyet-ferudun-sozen-io.meb.k12.tr,,,https://hamiyyet-ferudun-sozen-io.meb.k12.tr/tema/harita.php,2026-08-31,223,223,bulundu,https://hamiyyet-ferudun-sozen-io.meb.k12.tr/,2026-10-01T18:32:23.443873+00:00,,Öğrenci Sayısı : 223
Balıkesir,Edremit,Hacıaslanlar İlkokulu,729155,İlkokul,https://hacaslanlar.meb.k12.tr,,,https://hacaslanlar.meb.k12.tr/tema/harita.php,2026-08-31,6,6,bulundu,https://hacaslanlar.meb.k12.tr/,2026-10-01T18:32:23.508515+00:00,,Öğrenci Sayısı: 6
Balıkesir,Edremit,Hamiyyet-Ferudun Sözen Özel Eğitim Uygulama Okulu I. Kademe,759627,Özel Eğitim Kurumu,https://hamiyyetferudunsozenoeuo1.meb.k12.tr,,,https://hamiyyetferudunsozenoeuo1.meb.k12.tr/tema/harita.php,2026-08-31,45,45,bulundu,https://hamiyyetferudunsozenoeuo1.meb.k12.tr/,2026-10-01T18:32:23.536786+00:00,,Öğrenci Sayısı : 45
Balıkesir,Edremit,Hasan Basri Çantay Özel Eğitim Uygulama Okulu III. Kademe,763700,Özel Eğitim Kurumu,https://hasanbasricantayoeuo3k.meb.k12.tr,,,https://hasanbasricantayoeuo3k.meb.k12.tr/tema/harita.php,2026-08-31,39,39,bulundu,https://hasanbasricantayoeuo3k.meb.k12.tr/tema/okulumuz_hakkinda.php,2026-10-01T18:32:23.580538+00:00,,Öğrenci : 39
Balıkesir,Edremit,Kadıköy Leman Akpınar Ortaokulu,728996,Ortaokul,https://lemanakpinarortaokulu.meb.k12.tr,,,https://lemanakpinarortaokulu.meb.k12.tr/tema/harita.php,2026-08-31,625,625,bulundu,https://lemanakpinarortaokulu.meb.k12.tr/,2026-10-01T18:32:23.674873+00:00,,Öğrenci Sayısı : 625
Balıkesir,Edremit,Kadıköy Mehmet Refii Terzioğlu İlkokulu,728998,İlkokul,https://kadikoymrefiiterziogluilkokulu.meb.k12.tr,,,https://kadikoymrefiiterziogluilkokulu.meb.k12.tr/tema/harita.php,2026-08-31,717,717,bulundu,https://kadikoymrefiiterziogluilkokulu.meb.k12.tr/,2026-10-01T18:32:23.678379+00:00,,Öğrenci Sayısı 717
Balıkesir,Edremit,Kadıköy Zehra Baysal Anaokulu,766090,Anaokulu,https://kazba.meb.k12.tr,,,https://kazba.meb.k12.tr/tema/harita.php,2026-08-31,127,127,bulundu,https://kazba.meb.k12.tr/,2026-10-01T18:32:23.813379+00:00,,Öğrenci Sayısı 127
Balıkesir,Edremit,Karagözoğlu İlkokulu,728936,İlkokul,https://karagozogluilkokulu.meb.k12.tr,,,https://karagozogluilkokulu.meb.k12.tr/tema/harita.php,2026-08-31,502,502,bulundu,https://karagozogluilkokulu.meb.k12.tr/tema/okulumuz_hakkinda.php,2026-10-01T18:32:24.082060+00:00,,Öğrenci : 502
Balıkesir,Edremit,Kızılkeçili Ortaokulu,728879,Ortaokul,https://kizilkeciliortaokulu.meb.k12.tr,,,https://kizilkeciliortaokulu.meb.k12.tr/tema/harita.php,2026-08-31,104,104,bulundu,https://kizilkeciliortaokulu.meb.k12.tr/tema/okulumuz_hakkinda.php,2026-10-01T18:32:24.208785+00:00,,Öğrenci : 104
Balıkesir,Edremit,Kızılkeçili İlkokulu,655038,İlkokul,https://kizilkecili.meb.k12.tr,,,https://kizilkecili.meb.k12.tr/tema/harita.php,2026-08-31,121,121,bulundu,https://kizilkecili.meb.k12.tr/tema/okulumuz_hakkinda.php,2026-10-01T18:32:24.217563+00:00,,Öğrenci : 121
Balıkesir,Edremit,Mehmet Akif Ersoy İlkokulu,728778,İlkokul,https://edrmehmetakifersoyilkokulu.meb.k12.tr,,,https://edrmehmetakifersoyilkokulu.meb.k12.tr/tema/harita.php,2026-08-31,634,634,bulundu,https://edrmehmetakifersoyilkokulu.meb.k12.tr/,2026-10-01T18:32:24.255629+00:00,,Öğrenci Sayısı : 634
Balıkesir,Edremit,Mehmet-Raşit Ertaş Cumhuriyet İlkokulu,728848,İlkokul,https://mehmetrasitertascumhuriyet.meb.k12.tr,,,https://mehmetrasitertascumhuriyet.meb.k12.tr/tema/harita.php,2026-08-31,439,439,bulundu,https://mehmetrasitertascumhuriyet.meb.k12.tr/,2026-10-01T18:32:24.265425+00:00,,Öğrenci Sayısı : 439
Balıkesir,Edremit,Mevlana Ortaokulu,728951,Ortaokul,https://edr-mevlanaortaokulu.meb.k12.tr,,,https://edr-mevlanaortaokulu.meb.k12.tr/tema/harita.php,2026-08-31,404,404,bulundu,https://edr-mevlanaortaokulu.meb.k12.tr/,2026-10-01T18:32:24.381331+00:00,,Öğrenci Sayısı : 404
Balıkesir,Edremit,Mimar Sinan İlkokulu,972000,İlkokul,https://mimarsinanio10.meb.k12.tr,,,https://mimarsinanio10.meb.k12.tr/tema/harita.php,2026-08-31,369,369,bulundu,https://mimarsinanio10.meb.k12.tr/,2026-10-01T18:32:24.382934+00:00,,Öğrenci Sayısı : 369
Balıkesir,Edremit,Mithat-Fethi Büyükdalgıç İlkokulu,762562,İlkokul,https://edremitmfbdio.meb.k12.tr,,,https://edremitmfbdio.meb.k12.tr/tema/harita.php,2026-08-31,708,708,bulundu,https://edremitmfbdio.meb.k12.tr/,2026-10-01T18:32:24.392821+00:00,,Öğrenci Sayısı: 708
Balıkesir,Edremit,Narlı İlkokulu,729026,İlkokul,https://narliio.meb.k12.tr,,,https://narliio.meb.k12.tr/tema/harita.php,2026-08-31,4,4,bulundu,https://narliio.meb.k12.tr/,2026-10-01T18:32:24.622927+00:00,,Öğrenci Sayısı : 4
Balıkesir,Edremit,Nihat Tansoy İlkokulu,764303,İlkokul,https://edremitnti.meb.k12.tr,,,https://edremitnti.meb.k12.tr/tema/harita.php,2026-08-31,214,214,bulundu,https://edremitnti.meb.k12.tr/,2026-10-01T18:32:24.650870+00:00,,Öğrenci Sayısı 214
Balıkesir,Edremit,Ortaoba Eşref Kaya Ortaokulu,728904,Ortaokul,https://ortaobaortaokulu.meb.k12.tr,,,https://ortaobaortaokulu.meb.k12.tr/tema/harita.php,2026-08-31,98,98,bulundu,https://ortaobaortaokulu.meb.k12.tr/,2026-10-01T18:32:24.769814+00:00,,Öğrenci Sayısı : 98
Balıkesir,Edremit,Ortaoba Eşref Kaya İlkokulu,728909,İlkokul,https://ortaobailkokulu.meb.k12.tr,,,https://ortaobailkokulu.meb.k12.tr/tema/harita.php,2026-08-31,112,112,bulundu,https://ortaobailkokulu.meb.k12.tr/,2026-10-01T18:32:25.075541+00:00,,Öğrenci Sayısı : 112
Balıkesir,Edremit,Remzi Molvalıoğlu Ortaokulu,728961,Ortaokul,https://remzimolvaliogluortaokulu.meb.k12.tr,,,https://remzimolvaliogluortaokulu.meb.k12.tr/tema/harita.php,2026-08-31,977,977,bulundu,https://remzimolvaliogluortaokulu.meb.k12.tr/,2026-10-01T18:32:25.177284+00:00,,Öğrenci Sayısı : 977
Balıkesir,Edremit,Reşit Çifçi Dokuz Eylül Ortaokulu,728839,Ortaokul,https://resitcifcidokuzeylulortaokulu.meb.k12.tr,,,https://resitcifcidokuzeylulortaokulu.meb.k12.tr/tema/harita.php,2026-08-31,185,185,bulundu,https://resitcifcidokuzeylulortaokulu.meb.k12.tr/,2026-10-01T18:32:25.230468+00:00,,Öğrenci Sayısı 185
Balıkesir,Edremit,Salih Korkut Budaras İlkokulu,762507,İlkokul,https://edremitskbio.meb.k12.tr,,,https://edremitskbio.meb.k12.tr/tema/harita.php,2026-08-31,506,506,bulundu,https://edremitskbio.meb.k12.tr/tema/okulumuz_hakkinda.php,2026-10-01T18:32:25.405655+00:00,,Öğrenci : 506
Balıkesir,Edremit,Saniye-Hüseyin Balya Mesleki ve Teknik Anadolu Lisesi,129261,Mesleki ve Teknik Anadolu Lisesi,https://shbmetal.meb.k12.tr,,,https://shbmetal.meb.k12.tr/tema/harita.php,2026-08-31,264,264,bulundu,https://shbmetal.meb.k12.tr/,2026-10-01T18:32:25.419320+00:00,,Öğrenci Sayısı : 264
Balıkesir,Edremit,Sarıkız Anaokulu,872031,Anaokulu,https://sarikizanaokulu.meb.k12.tr,,,https://sarikizanaokulu.meb.k12.tr/tema/harita.php,2026-08-31,144,144,bulundu,https://sarikizanaokulu.meb.k12.tr/,2026-10-01T18:32:25.458042+00:00,,Öğrenci Sayısı 144
Balıkesir,Edremit,TOBB Edremit Körfez Özel Eğitim Uygulama Okulu II. Kademe,759628,Özel Eğitim Kurumu,https://tobbedremitkorfezoeuo2k.meb.k12.tr,,,https://tobbedremitkorfezoeuo2k.meb.k12.tr/tema/harita.php,2026-08-31,31,31,bulundu,https://tobbedremitkorfezoeuo2k.meb.k12.tr/,2026-10-01T18:32:25.497802+00:00,,Öğrenci Sayısı 31
Balıkesir,Edremit,Turhan Dökmecioğlu İmam Hatip Ortaokulu,738854,İmam Hatip Ortaokulu,https://edremitiho.meb.k12.tr,,,https://edremitiho.meb.k12.tr/tema/harita.php,2026-08-31,,,bulunamadi,,2026-10-01T18:32:25.532093+00:00,,
Balıkesir,Edremit,Yaylaönü İlkokulu,729060,İlkokul,https://yaylaonuilkokulu.meb.k12.tr,,,https://yaylaonuilkokulu.meb.k12.tr/tema/harita.php,2026-08-31,22,22,bulundu,https://yaylaonuilkokulu.meb.k12.tr/,2026-10-01T18:32:25.535423+00:00,,Öğrenci Sayısı 22
Balıkesir,Edremit,Yaşyer İlkokulu,729049,İlkokul,https://yasyerio.meb.k12.tr,,,https://yasyerio.meb.k12.tr/tema/harita.php,2026-08-31,31,31,bulundu,https://yasyerio.meb.k12.tr/,2026-10-01T18:32:25.846533+00:00,,Öğrenci Sayısı 31
Balıkesir,Edremit,Yolören Esin Akpınar İlkokulu,728855,İlkokul,https://yolorenio.meb.k12.tr,,,https://yolorenio.meb.k12.tr/tema/harita.php,2026-08-31,108,108,bulundu,https://yolorenio.meb.k12.tr/,2026-10-01T18:32:25.945574+00:00,,Öğrenci Sayısı : 108
Balıkesir,Edremit,Yılmaz Akpınar Kız Mesleki ve Teknik Anadolu Lisesi,310079,Mesleki ve Teknik Anadolu Lisesi,https://yakpinarmtal.meb.k12.tr,,,https://yakpinarmtal.meb.k12.tr/tema/harita.php,2026-08-31,495,495,bulundu,https://yakpinarmtal.meb.k12.tr/,2026-10-01T18:32:25.969101+00:00,,Öğrenci Sayısı : 495
Balıkesir,Edremit,Yılmaz Akpınar İlkokulu,728837,İlkokul,https://yakpinario.meb.k12.tr,,,https://yakpinario.meb.k12.tr/tema/harita.php,2026-08-31,315,315,bulundu,https://yakpinario.meb.k12.tr/,2026-10-01T18:32:26.040546+00:00,,Öğrenci Sayısı : 315
Balıkesir,Edremit,Zehra Ferhatoğlu Ortaokulu,728927,Ortaokul,https://zfoortaokulu.meb.k12.tr,,,https://zfoortaokulu.meb.k12.tr/tema/harita.php,2026-08-31,144,144,bulundu,https://zfoortaokulu.meb.k12.tr/tema/okulumuz_hakkinda.php,2026-10-01T18:32:26.063428+00:00,,Öğrenci : 144
Balıkesir,Edremit,Zehra Ferhatoğlu İlkokulu,728923,İlkokul,https://zfoilkokulu.meb.k12.tr,,,https://zfoilkokulu.meb.k12.tr/tema/harita.php,2026-08-31,108,108,bulundu,https://zfoilkokulu.meb.k12.tr/,2026-10-01T18:32:26.099376+00:00,,Öğrenci Sayısı 108
Balıkesir,Edremit,Zeytinli Naim Süleymanoğlu İlkokulu,728948,İlkokul,https://naimsuleymanogluilkokulu.meb.k12.tr,,,https://naimsuleymanogluilkokulu.meb.k12.tr/tema/harita.php,2026-08-31,369,369,bulundu,https://naimsuleymanogluilkokulu.meb.k12.tr/,2026-10-01T18:32:26.143548+00:00,,Öğrenci Sayısı : 369
Balıkesir,Edremit,Zeytinli Ortaokulu,728975,Ortaokul,https://edrzeytinliortaokulu.meb.k12.tr,,,https://edrzeytinliortaokulu.meb.k12.tr/tema/harita.php,2026-08-31,183,183,bulundu,https://edrzeytinliortaokulu.meb.k12.tr/,2026-10-01T18:32:26.190854+00:00,,Öğrenci Sayısı : 183
Balıkesir,Edremit,Zeytinli İlkokulu,728972,İlkokul,https://edrzeytinliilkokulu.meb.k12.tr,,,https://edrzeytinliilkokulu.meb.k12.tr/tema/harita.php,2026-08-31,177,177,bulundu,https://edrzeytinliilkokulu.meb.k12.tr/,2026-10-01T18:32:26.199220+00:00,,Öğrenci Sayısı : 177
Balıkesir,Edremit,Ülkü-Muharrem Ertaş Anadolu Lisesi,748905,Anadolu Lisesi,https://ulkumuharremertas.meb.k12.tr,,,https://ulkumuharremertas.meb.k12.tr/tema/harita.php,2026-08-31,525,525,bulundu,https://ulkumuharremertas.meb.k12.tr/,2026-10-01T18:32:26.224849+00:00,,Öğrenci Sayısı 525
Balıkesir,Edremit,İstiklal İlkokulu,728916,İlkokul,https://edremitistiklalilkokulu.meb.k12.tr,,,https://edremitistiklalilkokulu.meb.k12.tr/tema/harita.php,2026-08-31,732,732,bulundu,https://edremitistiklalilkokulu.meb.k12.tr/,2026-10-01T18:32:26.316541+00:00,,Öğrenci Sayısı: 732
Balıkesir,Edremit,Şehit Hamdibey Ortaokulu,766784,Ortaokul,https://sehithamdibeyorta.meb.k12.tr,,,https://sehithamdibeyorta.meb.k12.tr/tema/harita.php,2026-08-31,454,454,bulundu,https://sehithamdibeyorta.meb.k12.tr/,2026-10-01T18:32:26.351034+00:00,,Öğrenci Sayısı 454
Balıkesir,Edremit,Şehit Kadir Altınöz Ortaokulu,728873,Ortaokul,https://sehitkadiraltinozortaokulu.meb.k12.tr,,,https://sehitkadiraltinozortaokulu.meb.k12.tr/tema/harita.php,2026-08-31,107,107,bulundu,https://sehitkadiraltinozortaokulu.meb.k12.tr/,2026-10-01T18:32:26.512003+00:00,,Öğrenci Sayısı : 107
Balıkesir,Edremit,Şehit Kadir Altınöz İlkokulu,728870,İlkokul,https://sehitkadiraltinozilkokulu.meb.k12.tr,,,https://sehitkadiraltinozilkokulu.meb.k12.tr/tema/harita.php,2026-08-31,181,181,bulundu,https://sehitkadiraltinozilkokulu.meb.k12.tr/,2026-10-01T18:32:26.949727+00:00,,Öğrenci Sayısı : 181
Balıkesir,Edremit,Şehit Mustafa Serin Fen Lisesi,966545,Fen Lisesi,https://edremitsmsfl.meb.k12.tr,,,https://edremitsmsfl.meb.k12.tr/tema/harita.php,2026-08-31,481,481,bulundu,https://edremitsmsfl.meb.k12.tr/,2026-10-01T18:32:26.969066+00:00,,Öğrenci Sayısı 481
Balıkesir,Edremit,Şehit Tümgeneral Aydoğan Aydın Ortaokulu,763361,Ortaokul,https://sehitaydoganaydinortaokulu.meb.k12.tr,,,https://sehitaydoganaydinortaokulu.meb.k12.tr/tema/harita.php,2026-08-31,,,bulunamadi,,2026-10-01T18:32:27.014642+00:00,,
Balıkesir,Edremit,Şehit Öğretmen Necmettin Yılmaz Anaokulu,752667,Anaokulu,https://edremitmerkezanaokulu.meb.k12.tr,,,https://edremitmerkezanaokulu.meb.k12.tr/tema/harita.php,2026-08-31,141,141,bulundu,https://edremitmerkezanaokulu.meb.k12.tr/,2026-10-01T18:32:27.047816+00:00,,Öğrenci Sayısı 141
Balıkesir,Edremit,Şehit Öğretmen Şenay Aybüke Yalçın Anadolu Lisesi,972797,Anadolu Lisesi,https://korfezanadolulisesi.meb.k12.tr,,,https://korfezanadolulisesi.meb.k12.tr/tema/harita.php,2026-08-31,,,bulunamadi,,2026-10-01T18:32:27.088809+00:00,,
Balıkesir,Edremit,Şehit Öğretmenler İlkokulu,738113,İlkokul,https://sehitogretmenlerilkokulu.meb.k12.tr,,,https://sehitogretmenlerilkokulu.meb.k12.tr/tema/harita.php,2026-08-31,305,305,bulundu,https://sehitogretmenlerilkokulu.meb.k12.tr/,2026-10-01T18:32:27.096598+00:00,,Öğrenci Sayısı 305
Balıkesir,Erdek,Ahmet Vehbi ÇIKRIKÇIOĞLU Anadolu İmam Hatip Lisesi,974693,Anadolu İmam Hatip Lisesi,https://erdekihl.meb.k12.tr,,,https://erdekihl.meb.k12.tr/tema/harita.php,2026-08-31,108,108,bulundu,https://erdekihl.meb.k12.tr/,2026-10-01T18:32:27.149464+00:00,,Öğrenci Sayısı : 108
Balıkesir,Erdek,Atatürk İlkokulu,389927,İlkokul,https://erdekataturk.meb.k12.tr,,,https://erdekataturk.meb.k12.tr/tema/harita.php,2026-08-31,254,254,bulundu,https://erdekataturk.meb.k12.tr/,2026-10-01T18:32:27.208409+00:00,,Öğrenci Sayısı : 254
Balıkesir,Erdek,Avukat Hasan Tozun İlkokulu,776468,İlkokul,https://avukathasantozunilkokulu.meb.k12.tr,,,https://avukathasantozunilkokulu.meb.k12.tr/tema/harita.php,2026-08-31,230,230,bulundu,https://avukathasantozunilkokulu.meb.k12.tr/,2026-10-01T18:32:27.318121+00:00,,Öğrenci Sayısı : 230
Balıkesir,Erdek,Erdek Anadolu Lisesi,964271,Anadolu Lisesi,https://eral.meb.k12.tr,,,https://eral.meb.k12.tr/tema/harita.php,2026-08-31,226,226,bulundu,https://eral.meb.k12.tr/,2026-10-01T18:32:27.655243+00:00,,Öğrenci Sayısı : 226
Balıkesir,Erdek,Erdek Anaokulu,776780,Anaokulu,https://776780.meb.k12.tr,,,https://776780.meb.k12.tr/tema/harita.php,2026-08-31,0,0,bulundu,https://776780.meb.k12.tr/,2026-10-01T18:32:27.718431+00:00,,Öğrenci Sayısı : 0
Balıkesir,Erdek,Erdek Halk Eğitimi Merkezi,129381,Halk Eğitimi Merkezi,https://erdekhem.meb.k12.tr,,,https://erdekhem.meb.k12.tr/tema/harita.php,2026-08-31,,,bulunamadi,,2026-10-01T18:32:27.750501+00:00,,
Balıkesir,Erdek,Erdek Öğretmenevi ve Akşam Sanat Okulu,971055,Öğretmenevi,https://erdekogretmenevi.meb.k12.tr,,,https://erdekogretmenevi.meb.k12.tr/tema/harita.php,2026-08-31,,,bulunamadi,,2026-10-01T18:32:27.769670+00:00,,
Balıkesir,Erdek,HALİTPAŞA İLKOKULU,962054,İlkokul,https://erdekhalitpasa.meb.k12.tr,,,https://erdekhalitpasa.meb.k12.tr/tema/harita.php,2026-08-31,218,218,bulundu,https://erdekhalitpasa.meb.k12.tr/,2026-10-01T18:32:27.804481+00:00,,Öğrenci Sayısı : 218
Balıkesir,Erdek,KARŞIYAKA ORTAOKULU,721097,Ortaokul,https://karsiyaka.meb.k12.tr,,,https://karsiyaka.meb.k12.tr/tema/harita.php,2026-08-31,,,bulunamadi,,2026-10-01T18:32:27.889947+00:00,,
Balıkesir,Erdek,Kapıdağ Ticaret Mesleki ve Teknik Anadolu Lisesi,129344,Mesleki ve Teknik Anadolu Lisesi,https://kapidagmtal.meb.k12.tr,,,https://kapidagmtal.meb.k12.tr/tema/harita.php,2026-08-31,164,164,bulundu,https://kapidagmtal.meb.k12.tr/,2026-10-01T18:32:27.908785+00:00,,Öğrenci Sayısı 164
Balıkesir,Erdek,Karşıyaka Çok Programlı Anadolu Lisesi,962080,Çok Programlı Anadolu Lisesi,https://ekcpal.meb.k12.tr,,,https://ekcpal.meb.k12.tr/tema/harita.php,2026-08-31,140,140,bulundu,https://ekcpal.meb.k12.tr/,2026-10-01T18:32:28.242954+00:00,,Öğrenci Sayısı : 140
Balıkesir,Erdek,Karşıyaka İlkokulu,739491,İlkokul,https://erdekkarsiyaka.meb.k12.tr,,,https://erdekkarsiyaka.meb.k12.tr/tema/harita.php,2026-08-31,122,122,bulundu,https://erdekkarsiyaka.meb.k12.tr/,2026-10-01T18:32:28.254411+00:00,,Öğrenci Sayısı 122
Balıkesir,Erdek,Kestanelik İlkokulu,768509,İlkokul,https://kestanelikio.meb.k12.tr,,,https://kestanelikio.meb.k12.tr/tema/harita.php,2026-08-31,11,11,bulundu,https://kestanelikio.meb.k12.tr/,2026-10-01T18:32:28.321007+00:00,,Öğrenci Sayısı : 11
Balıkesir,Erdek,Muzaffer Gürer Ortaokulu,737611,Ortaokul,https://mgurer.meb.k12.tr,,,https://mgurer.meb.k12.tr/tema/harita.php,2026-08-31,76,76,bulundu,https://mgurer.meb.k12.tr/,2026-10-01T18:32:28.331459+00:00,,Öğrenci Sayısı : 76
Balıkesir,Erdek,Nerime Yüksel Ortaokulu,737430,Ortaokul,https://nerimeyuksel.meb.k12.tr,,,https://nerimeyuksel.meb.k12.tr/tema/harita.php,2026-08-31,395,395,bulundu,https://nerimeyuksel.meb.k12.tr/,2026-10-01T18:32:28.762968+00:00,,Öğrenci Sayısı : 395
Balıkesir,Erdek,OCAKLAR ORTAOKULU,720991,Ortaokul,https://ocaklarortaokulu.meb.k12.tr,,,https://ocaklarortaokulu.meb.k12.tr/tema/harita.php,2026-08-31,66,66,bulundu,https://ocaklarortaokulu.meb.k12.tr/,2026-10-01T18:32:28.773678+00:00,,Öğrenci Sayısı : 66
Balıkesir,Erdek,Ocaklar İlkokulu,739483,İlkokul,https://ocaklarilkokulu.meb.k12.tr,,,https://ocaklarilkokulu.meb.k12.tr/tema/harita.php,2026-08-31,72,72,bulundu,https://ocaklarilkokulu.meb.k12.tr/,2026-10-01T18:32:28.808804+00:00,,Öğrenci Sayısı 72
Balıkesir,Erdek,RECEP AHMET MERCAN ORTAOKULU,737881,Ortaokul,https://ramoo.meb.k12.tr,,,https://ramoo.meb.k12.tr/tema/harita.php,2026-08-31,99,99,bulundu,https://ramoo.meb.k12.tr/tema/okulumuz_hakkinda.php,2026-10-01T18:32:28.826637+00:00,,Öğrenci : 99
Balıkesir,Erdek,Reşit Mazhar Ertüzün Anaokulu,974573,Anaokulu,https://rmeao.meb.k12.tr,,,https://rmeao.meb.k12.tr/tema/harita.php,2026-08-31,,,bulunamadi,,2026-10-01T18:32:28.883795+00:00,,
Balıkesir,Erdek,Türkiye Odalar ve Borsalar Birliği 18 Eylül Ortaokulu,720473,Ortaokul,https://erdek18eylul.meb.k12.tr,,,https://erdek18eylul.meb.k12.tr/tema/harita.php,2026-08-31,,,bulunamadi,,2026-10-01T18:32:28.904463+00:00,,
Balıkesir,Erdek,Çakıl İlkokulu,739510,İlkokul,https://cakilio.meb.k12.tr,,,https://cakilio.meb.k12.tr/tema/harita.php,2026-08-31,144,144,bulundu,https://cakilio.meb.k12.tr/,2026-10-01T18:32:28.922968+00:00,,Öğrenci Sayısı : 144
Balıkesir,Erdek,Çayağzı İlkokulu,719567,İlkokul,https://erdekcayagzi.meb.k12.tr,,,https://erdekcayagzi.meb.k12.tr/tema/harita.php,2026-08-31,10,10,bulundu,https://erdekcayagzi.meb.k12.tr/,2026-10-01T18:32:29.005492+00:00,,Öğrenci Sayısı: 10
Balıkesir,Erdek,İstiklal İlkokulu,739459,İlkokul,https://erdekistiklal.meb.k12.tr,,,https://erdekistiklal.meb.k12.tr/tema/harita.php,2026-08-31,144,144,bulundu,https://erdekistiklal.meb.k12.tr/,2026-10-01T18:32:29.108821+00:00,,Öğrenci Sayısı : 144
Balıkesir,Gömeç,6 Eylül Mesleki Eğitim Merkezi,965896,Mesleki Eğitim Merkezi,https://6eylulmesem.meb.k12.tr,,,https://6eylulmesem.meb.k12.tr/tema/harita.php,2026-08-31,142,142,bulundu,https://6eylulmesem.meb.k12.tr/,2026-10-01T18:32:29.155473+00:00,,Öğrenci Sayısı : 142
Balıkesir,Gömeç,AHMET TULUN HİMAM İLKOKULU,736635,İlkokul,https://ahmettulunhio.meb.k12.tr,,,https://ahmettulunhio.meb.k12.tr/tema/harita.php,2026-08-31,327,327,bulundu,https://ahmettulunhio.meb.k12.tr/,2026-10-01T18:32:29.175995+00:00,,Öğrenci Sayısı: 327
Balıkesir,Gömeç,Gömeç Anadolu Lisesi,763387,Anadolu Lisesi,https://gomecanadolulisesi.meb.k12.tr,,,https://gomecanadolulisesi.meb.k12.tr/tema/harita.php,2026-08-31,176,176,bulundu,https://gomecanadolulisesi.meb.k12.tr/,2026-10-01T18:32:29.240055+00:00,,Öğrenci Sayısı 176
Balıkesir,Gömeç,Gömeç Halk Eğitimi Merkezi,308753,Halk Eğitimi Merkezi,https://gomechem.meb.k12.tr,,,https://gomechem.meb.k12.tr/tema/harita.php,2026-08-31,,,bulunamadi,,2026-10-01T18:32:29.241377+00:00,,
Balıkesir,Gömeç,Gömeç İmam Hatip Ortaokulu,739506,İmam Hatip Ortaokulu,https://gomecimamhatipoo.meb.k12.tr,,,https://gomecimamhatipoo.meb.k12.tr/tema/harita.php,2026-08-31,99,99,bulundu,https://gomecimamhatipoo.meb.k12.tr/,2026-10-01T18:32:29.266046+00:00,,Öğrenci Sayısı 99
Balıkesir,Gömeç,HACIHÜSEYİNLER ORTAOKULU,736812,Ortaokul,https://hacihuseyinlerortao.meb.k12.tr,,,https://hacihuseyinlerortao.meb.k12.tr/tema/harita.php,2026-08-31,44,44,bulundu,https://hacihuseyinlerortao.meb.k12.tr/,2026-10-01T18:32:29.340791+00:00,,Öğrenci Sayısı 44
Balıkesir,Gömeç,HACIHÜSEYİNLER İLKOKULU,736780,İlkokul,https://hacihuseyinlerio.meb.k12.tr,,,https://hacihuseyinlerio.meb.k12.tr/tema/harita.php,2026-08-31,70,70,bulundu,https://hacihuseyinlerio.meb.k12.tr/,2026-10-01T18:32:29.653542+00:00,,Öğrenci Sayısı 70
Balıkesir,Gömeç,Hacıoğlu İlkokulu,744338,İlkokul,https://haciogluilko.meb.k12.tr,,,https://haciogluilko.meb.k12.tr/tema/harita.php,2026-08-31,14,14,bulundu,https://haciogluilko.meb.k12.tr/,2026-10-01T18:32:29.743279+00:00,,Öğrenci Sayısı : 14
Balıkesir,Gömeç,Karaağaç Ahmet Karakaş Ortaokulu,736711,Ortaokul,https://karakasortaokulu.meb.k12.tr,,,https://karakasortaokulu.meb.k12.tr/tema/harita.php,2026-08-31,78,78,bulundu,https://karakasortaokulu.meb.k12.tr/,2026-10-01T18:32:29.769119+00:00,,Öğrenci Sayısı 78
Balıkesir,Gömeç,Karaağaç Ahmet Karakaş İlkokulu,736687,İlkokul,https://ahmetkarakasio.meb.k12.tr,,,https://ahmetkarakasio.meb.k12.tr/tema/harita.php,2026-08-31,106,106,bulundu,https://ahmetkarakasio.meb.k12.tr/,2026-10-01T18:32:29.806210+00:00,,Öğrenci Sayısı: 106
Balıkesir,Gömeç,ULUBEYLER ORTAOKULU,742805,Ortaokul,https://ulubeylerortao.meb.k12.tr,,,https://ulubeylerortao.meb.k12.tr/tema/harita.php,2026-08-31,45,45,bulundu,https://ulubeylerortao.meb.k12.tr/tema/okulumuz_hakkinda.php,2026-10-01T18:32:29.895572+00:00,,Öğrenci : 45
Balıkesir,Gömeç,ULUBEYLER İLKOKULU,736916,İlkokul,https://ulubeylerilko.meb.k12.tr,,,https://ulubeylerilko.meb.k12.tr/tema/harita.php,2026-08-31,76,76,bulundu,https://ulubeylerilko.meb.k12.tr/,2026-10-01T18:32:29.939938+00:00,,Öğrenci Sayısı: 76
Balıkesir,Gömeç,İlkkurşun Anaokulu,967241,Anaokulu,https://ilkkursunao.meb.k12.tr,,,https://ilkkursunao.meb.k12.tr/tema/harita.php,2026-08-31,137,137,bulundu,https://ilkkursunao.meb.k12.tr/,2026-10-01T18:32:30.039682+00:00,,Öğrenci Sayısı: 137
Balıkesir,Gömeç,ŞEHİT MUSTAFA GÜVENÇ ALDEMİR ORTAOKULU,736664,Ortaokul,https://smgaldemirortao.meb.k12.tr,,,https://smgaldemirortao.meb.k12.tr/tema/harita.php,2026-08-31,403,403,bulundu,https://smgaldemirortao.meb.k12.tr/,2026-10-01T18:32:30.075947+00:00,,Öğrenci Sayısı : 403
Balıkesir,Gömeç,ŞEHİT MUSTAFA GÜVENÇ ALDEMİR İLKOKULU,736647,İlkokul,https://smgaldemirilko.meb.k12.tr,,,https://smgaldemirilko.meb.k12.tr/tema/harita.php,2026-08-31,274,274,bulundu,https://smgaldemirilko.meb.k12.tr/,2026-10-01T18:32:30.350251+00:00,,Öğrenci Sayısı: 274
Balıkesir,Gönen,Altıeylül Ortaokulu,739727,Ortaokul,https://gonen6eyluloo.meb.k12.tr,,,https://gonen6eyluloo.meb.k12.tr/tema/harita.php,2026-08-31,267,267,bulundu,https://gonen6eyluloo.meb.k12.tr/tema/okulumuz_hakkinda.php,2026-10-01T18:32:30.583544+00:00,,Öğrenci : 267
Balıkesir,Gönen,Atatürk Ortaokulu,739733,Ortaokul,https://gonenataturkoo.meb.k12.tr,,,https://gonenataturkoo.meb.k12.tr/tema/harita.php,2026-08-31,219,219,bulundu,https://gonenataturkoo.meb.k12.tr/tema/okulumuz_hakkinda.php,2026-10-01T18:32:30.588981+00:00,,Öğrenci : 219
Balıkesir,Gönen,Atatürk İlkokulu,739730,İlkokul,https://gonenataturkio.meb.k12.tr,,,https://gonenataturkio.meb.k12.tr/tema/harita.php,2026-08-31,235,235,bulundu,https://gonenataturkio.meb.k12.tr/,2026-10-01T18:32:30.635789+00:00,,Öğrenci Sayısı 235
Balıkesir,Gönen,Balıkesir Gönen Halk Eğitimi Merkezi,129488,Halk Eğitimi Merkezi,https://gonenhalkegitim.meb.k12.tr,,,https://gonenhalkegitim.meb.k12.tr/tema/harita.php,2026-08-31,,,bulunamadi,,2026-10-01T18:32:30.682055+00:00,,
Balıkesir,Gönen,Buğdaylı İlkokulu,739916,İlkokul,https://gonenbugdayliilkokulu.meb.k12.tr,,,https://gonenbugdayliilkokulu.meb.k12.tr/tema/harita.php,2026-08-31,32,32,bulundu,https://gonenbugdayliilkokulu.meb.k12.tr/,2026-10-01T18:32:30.700794+00:00,,Öğrenci Sayısı 32
Balıkesir,Gönen,Eczacı İzzet Akçiçek İlkokulu,739734,İlkokul,https://akcicek.meb.k12.tr,,,https://akcicek.meb.k12.tr/tema/harita.php,2026-08-31,326,326,bulundu,https://akcicek.meb.k12.tr/,2026-10-01T18:32:30.734161+00:00,,Öğrenci Sayısı : 326
Balıkesir,Gönen,Erdal Tanrıöver Anaokulu,974462,Anaokulu,https://erdaltanriover.meb.k12.tr,,,https://erdaltanriover.meb.k12.tr/tema/harita.php,2026-08-31,158,158,bulundu,https://erdaltanriover.meb.k12.tr/,2026-10-01T18:32:30.921177+00:00,,Öğrenci Sayısı : 158
Balıkesir,Gönen,Gönen Anadolu Lisesi,317440,Anadolu Lisesi,https://gonenanadolulisesi.meb.k12.tr,,,https://gonenanadolulisesi.meb.k12.tr/tema/harita.php,2026-08-31,285,285,bulundu,https://gonenanadolulisesi.meb.k12.tr/,2026-10-01T18:32:30.943776+00:00,,Öğrenci Sayısı : 285
Balıkesir,Gönen,Gönen Anadolu İmam Hatip Lisesi,129476,Anadolu İmam Hatip Lisesi,https://gonenihl.meb.k12.tr,,,https://gonenihl.meb.k12.tr/tema/harita.php,2026-08-31,380,380,bulundu,https://gonenihl.meb.k12.tr/,2026-10-01T18:32:30.952313+00:00,,Öğrenci Sayısı : 380
Balıkesir,Gönen,Gönen H. Sükriye İpek Mesleki ve Teknik Anadolu Lisesi,962880,Mesleki ve Teknik Anadolu Lisesi,https://hsisaglik.meb.k12.tr,,,https://hsisaglik.meb.k12.tr/tema/harita.php,2026-08-31,87,87,bulundu,https://hsisaglik.meb.k12.tr/,2026-10-01T18:32:31.266933+00:00,,Öğrenci Sayısı : 87
Balıkesir,Gönen,Gönen Mesleki Eğitim Merkezi,269812,Mesleki Eğitim Merkezi,https://gonenmem.meb.k12.tr,,,https://gonenmem.meb.k12.tr/tema/harita.php,2026-08-31,479,479,bulundu,https://gonenmem.meb.k12.tr/,2026-10-01T18:32:31.415348+00:00,,Öğrenci Sayısı 479
Balıkesir,Gönen,Gönen Mesleki ve Teknik Anadolu Lisesi,823990,Mesleki ve Teknik Anadolu Lisesi,https://ktmlgonen.meb.k12.tr,,,https://ktmlgonen.meb.k12.tr/tema/harita.php,2026-08-31,197,197,bulundu,https://ktmlgonen.meb.k12.tr/,2026-10-01T18:32:31.456977+00:00,,Öğrenci Sayısı : 197
Balıkesir,Gönen,Gönen Mustafa Uşdu Anadolu Lisesi,874914,Anadolu Lisesi,https://mul.meb.k12.tr,,,https://mul.meb.k12.tr/tema/harita.php,2026-08-31,565,565,bulundu,https://mul.meb.k12.tr/,2026-10-01T18:32:31.471399+00:00,,Öğrenci Sayısı : 565
Balıkesir,Gönen,Gönen Ticaret Odası Mesleki ve Teknik Anadolu Lisesi,129452,Mesleki ve Teknik Anadolu Lisesi,https://goneneml.meb.k12.tr,,,https://goneneml.meb.k12.tr/tema/harita.php,2026-08-31,515,515,bulundu,https://goneneml.meb.k12.tr/,2026-10-01T18:32:31.484169+00:00,,Öğrenci Sayısı 515
Balıkesir,Gönen,Gönen Türkiye Odalar ve Borsalar Birliği Anaokulu Müdürlüğü,775459,Anaokulu,https://775459.meb.k12.tr,,,https://775459.meb.k12.tr/tema/harita.php,2026-08-31,141,141,bulundu,https://775459.meb.k12.tr/,2026-10-01T18:32:31.509811+00:00,,Öğrenci Sayısı : 141
Balıkesir,Gönen,Gönen Ömer Seyfettin Fen Lisesi,964270,Fen Lisesi,https://gonenosfl.meb.k12.tr,,,https://gonenosfl.meb.k12.tr/tema/harita.php,2026-08-31,317,317,bulundu,https://gonenosfl.meb.k12.tr/,2026-10-01T18:32:31.802015+00:00,,Öğrenci Sayısı 317
Balıkesir,Gönen,Gönen Özel Eğitim Uygulama Okulu I. Kademe,753021,Özel Eğitim Kurumu,https://gonenozelegitim.meb.k12.tr,,,https://gonenozelegitim.meb.k12.tr/tema/harita.php,2026-08-31,11,11,bulundu,https://gonenozelegitim.meb.k12.tr/tema/okulumuz_hakkinda.php,2026-10-01T18:32:31.841379+00:00,,Öğrenci : 11
Balıkesir,Gönen,Gönen Özel Eğitim Uygulama Okulu II. Kademe,753022,Özel Eğitim Kurumu,https://753022.meb.k12.tr,,,https://753022.meb.k12.tr/tema/harita.php,2026-08-31,10,10,bulundu,https://753022.meb.k12.tr/,2026-10-01T18:32:32.245810+00:00,,Öğrenci Sayısı : 10
Balıkesir,Gönen,Gönen Öğretmenevi ve Akşam Sanat Okulu,971056,Öğretmenevi,https://gonenogretmenevi.meb.k12.tr,,,https://gonenogretmenevi.meb.k12.tr/tema/harita.php,2026-08-31,,,bulunamadi,,2026-10-01T18:32:32.268966+00:00,,
Balıkesir,Gönen,Gönenli Mehmet Efendi İmam Hatip Ortaokulu,752359,İmam Hatip Ortaokulu,https://gonenlimehmetefendi.meb.k12.tr,,,https://gonenlimehmetefendi.meb.k12.tr/tema/harita.php,2026-08-31,439,439,bulundu,https://gonenlimehmetefendi.meb.k12.tr/,2026-10-01T18:32:32.603494+00:00,,Öğrenci Sayısı 439
Balıkesir,Gönen,Gündoğan Ortaokulu,740001,Ortaokul,https://gundoganorta.meb.k12.tr,,,https://gundoganorta.meb.k12.tr/tema/harita.php,2026-08-31,42,42,bulundu,https://gundoganorta.meb.k12.tr/,2026-10-01T18:32:32.610910+00:00,,Öğrenci Sayısı 42
Balıkesir,Gönen,Gündoğan İlkokulu,740000,İlkokul,https://gundoganilk.meb.k12.tr,,,https://gundoganilk.meb.k12.tr/tema/harita.php,2026-08-31,47,47,bulundu,https://gundoganilk.meb.k12.tr/,2026-10-01T18:32:32.634744+00:00,,Öğrenci Sayısı 47
Balıkesir,Gönen,Hasanbey Ortaokulu,740007,Ortaokul,https://hasanbeyortaokulu.meb.k12.tr,,,https://hasanbeyortaokulu.meb.k12.tr/tema/harita.php,2026-08-31,54,54,bulundu,https://hasanbeyortaokulu.meb.k12.tr/,2026-10-01T18:32:32.685392+00:00,,Öğrenci Sayısı : 54
Balıkesir,Gönen,Hasanbey İlkokulu,739904,İlkokul,https://hasanbey-ilkokulu.meb.k12.tr,,,https://hasanbey-ilkokulu.meb.k12.tr/tema/harita.php,2026-08-31,80,80,bulundu,https://hasanbey-ilkokulu.meb.k12.tr/,2026-10-01T18:32:32.715802+00:00,,Öğrenci Sayısı 80
Balıkesir,Gönen,Kadir Köker Ortaokulu,739745,Ortaokul,https://kadirkokerortaokulu.meb.k12.tr,,,https://kadirkokerortaokulu.meb.k12.tr/tema/harita.php,2026-08-31,256,256,bulundu,https://kadirkokerortaokulu.meb.k12.tr/tema/okulumuz_hakkinda.php,2026-10-01T18:32:32.717563+00:00,,Öğrenci : 256
Balıkesir,Gönen,Karşıyaka 100. Yıl İlkokulu,739742,İlkokul,https://karsiyakailk.meb.k12.tr,,,https://karsiyakailk.meb.k12.tr/tema/harita.php,2026-08-31,392,392,bulundu,https://karsiyakailk.meb.k12.tr/,2026-10-01T18:32:32.755848+00:00,,Öğrenci Sayısı : 392
Balıkesir,Gönen,Mehmet Ahmet Genç Ortaokulu,739754,Ortaokul,https://mehmetahmetgencoo.meb.k12.tr,,,https://mehmetahmetgencoo.meb.k12.tr/tema/harita.php,2026-08-31,317,317,bulundu,https://mehmetahmetgencoo.meb.k12.tr/,2026-10-01T18:32:32.877554+00:00,,Öğrenci Sayısı 317
Balıkesir,Gönen,Mehmet Ahmet Genç İlkokulu,739751,İlkokul,https://gonenmagio.meb.k12.tr,,,https://gonenmagio.meb.k12.tr/tema/harita.php,2026-08-31,391,391,bulundu,https://gonenmagio.meb.k12.tr/,2026-10-01T18:32:32.919426+00:00,,Öğrenci Sayısı: 391
Balıkesir,Gönen,Mehmet Akif Ersoy İlkokulu,739756,İlkokul,https://gonenmaeio.meb.k12.tr,,,https://gonenmaeio.meb.k12.tr/tema/harita.php,2026-08-31,467,467,bulundu,https://gonenmaeio.meb.k12.tr/,2026-10-01T18:32:33.197687+00:00,,Öğrenci Sayısı 467
Balıkesir,Gönen,Mehmet Çanakçı İlkokulu,739760,İlkokul,https://mci.meb.k12.tr,,,https://mci.meb.k12.tr/tema/harita.php,2026-08-31,381,381,bulundu,https://mci.meb.k12.tr/,2026-10-01T18:32:33.322591+00:00,,Öğrenci Sayısı: 381
Balıkesir,Gönen,Mirciler Turizm Mesleki ve Teknik Anadolu Lisesi,758273,Mesleki ve Teknik Anadolu Lisesi,https://mircilermtal.meb.k12.tr,,,https://mircilermtal.meb.k12.tr/tema/harita.php,2026-08-31,246,246,bulundu,https://mircilermtal.meb.k12.tr/tema/okulumuz_hakkinda.php,2026-10-01T18:32:33.375263+00:00,,Öğrenci : 246
Balıkesir,Gönen,Sarıköy Atatürk İlkokulu,725051,İlkokul,https://sata.meb.k12.tr,,,https://sata.meb.k12.tr/tema/harita.php,2026-08-31,238,238,bulundu,https://sata.meb.k12.tr/,2026-10-01T18:32:33.377647+00:00,,Öğrenci Sayısı 238
Balıkesir,Gönen,Sarıköy Ortaokulu,739905,Ortaokul,https://sarikoyortaokulu.meb.k12.tr,,,https://sarikoyortaokulu.meb.k12.tr/tema/harita.php,2026-08-31,204,204,bulundu,https://sarikoyortaokulu.meb.k12.tr/,2026-10-01T18:32:33.443302+00:00,,Öğrenci Sayısı 204
Balıkesir,Gönen,Sarıköy Çok Programlı Anadolu Lisesi,357058,Çok Programlı Anadolu Lisesi,https://sarikoycpl.meb.k12.tr,,,https://sarikoycpl.meb.k12.tr/tema/harita.php,2026-08-31,90,90,bulundu,https://sarikoycpl.meb.k12.tr/,2026-10-01T18:32:33.734198+00:00,,Öğrenci Sayısı 90
Balıkesir,Gönen,Özcan Kılınçay İlkokulu,739777,İlkokul,https://gonenozcan.meb.k12.tr,,,https://gonenozcan.meb.k12.tr/tema/harita.php,2026-08-31,446,446,bulundu,https://gonenozcan.meb.k12.tr/,2026-10-01T18:32:33.805782+00:00,,Öğrenci Sayısı : 446
Balıkesir,Gönen,Öğretmen Işıl İpek Ortaokulu,739771,Ortaokul,https://ogretmenisilipekortaokulu.meb.k12.tr,,,https://ogretmenisilipekortaokulu.meb.k12.tr/tema/harita.php,2026-08-31,686,686,bulundu,https://ogretmenisilipekortaokulu.meb.k12.tr/tema/okulumuz_hakkinda.php,2026-10-01T18:32:33.897933+00:00,,Öğrenci : 686
Balıkesir,Gönen,Öğretmenim Ortaokulu,739757,Ortaokul,https://gonenogretmenim.meb.k12.tr,,,https://gonenogretmenim.meb.k12.tr/tema/harita.php,2026-08-31,490,490,bulundu,https://gonenogretmenim.meb.k12.tr/,2026-10-01T18:32:33.947197+00:00,,Öğrenci Sayısı : 490
Balıkesir,Gönen,Şehit Abdullah Tayyip Olçok İmam Hatip Ortaokulu,762527,İmam Hatip Ortaokulu,https://sato-iho.meb.k12.tr,,,https://sato-iho.meb.k12.tr/tema/harita.php,2026-08-31,135,135,bulundu,https://sato-iho.meb.k12.tr/,2026-10-01T18:32:33.955616+00:00,,Öğrenci Sayısı 135
Balıkesir,Gönen,Şehit Cengiz Topel Anaokulu,966506,Anaokulu,https://gonensehitcengiztopel.meb.k12.tr,,,https://gonensehitcengiztopel.meb.k12.tr/tema/harita.php,2026-08-31,197,197,bulundu,https://gonensehitcengiztopel.meb.k12.tr/,2026-10-01T18:32:34.016604+00:00,,Öğrenci Sayısı : 197
Balıkesir,Gönen,Şehit Kaymakam Rahmi Bey İlkokulu,739786,İlkokul,https://skrbio.meb.k12.tr,,,https://skrbio.meb.k12.tr/tema/harita.php,2026-08-31,413,413,bulundu,https://skrbio.meb.k12.tr/,2026-10-01T18:32:34.100935+00:00,,Öğrenci Sayısı 413
Balıkesir,Havran,ALİÇETİNKAYA İLKOKULU,740325,İlkokul,https://alicetinkaya.meb.k12.tr,,,https://alicetinkaya.meb.k12.tr/tema/harita.php,2026-08-31,,,bulunamadi,,2026-10-01T18:32:34.071117+00:00,,
Balıkesir,Havran,ERMİŞ SOYLU İLKOKULU,740360,İlkokul,https://ermissoyluio.meb.k12.tr,,,https://ermissoyluio.meb.k12.tr/tema/harita.php,2026-08-31,141,141,bulundu,https://ermissoyluio.meb.k12.tr/,2026-10-01T18:32:34.438415+00:00,,Öğrenci Sayısı : 141
Balıkesir,Havran,Eseler İlkokulu,654297,İlkokul,https://eseler.meb.k12.tr,,,https://eseler.meb.k12.tr/tema/harita.php,2026-08-31,31,31,bulundu,https://eseler.meb.k12.tr/tema/okulumuz_hakkinda.php,2026-10-01T18:32:34.457686+00:00,,Öğrenci : 31
Balıkesir,Havran,GÜLSÜM MEHMET UYSAL BÜYÜKDERE ORTAOKULU,736449,Ortaokul,https://gmubuyukdereortaokulu.meb.k12.tr,,,https://gmubuyukdereortaokulu.meb.k12.tr/tema/harita.php,2026-08-31,56,56,bulundu,https://gmubuyukdereortaokulu.meb.k12.tr/,2026-10-01T18:32:34.487422+00:00,,Öğrenci Sayısı : 56
Balıkesir,Havran,GÜLSÜM MEHMET UYSAL BÜYÜKDERE İLKOKULU,736486,İlkokul,https://gmubuyukdereilkokulu.meb.k12.tr,,,https://gmubuyukdereilkokulu.meb.k12.tr/tema/harita.php,2026-08-31,85,85,bulundu,https://gmubuyukdereilkokulu.meb.k12.tr/,2026-10-01T18:32:34.610307+00:00,,Öğrenci Sayısı : 85
Balıkesir,Havran,HALLAÇLAR İLKOKULU,736414,İlkokul,https://hallaclario.meb.k12.tr,,,https://hallaclario.meb.k12.tr/tema/harita.php,2026-08-31,52,52,bulundu,https://hallaclario.meb.k12.tr/,2026-10-01T18:32:34.721819+00:00,,Öğrenci Sayısı : 52
Balıkesir,Havran,HALİL İBRAHİM YILDIRIM FAZLICA İLKOKULU,736444,İlkokul,https://fazlica.meb.k12.tr,,,https://fazlica.meb.k12.tr/tema/harita.php,2026-08-31,62,62,bulundu,https://fazlica.meb.k12.tr/,2026-10-01T18:32:34.765150+00:00,,Öğrenci Sayısı 62
Balıkesir,Havran,Hak-İş Hizmet-İş Sendikası Kocaseyit İlkokulu,654572,İlkokul,https://hakishizmetiskocaseyitiio.meb.k12.tr,,,https://hakishizmetiskocaseyitiio.meb.k12.tr/tema/harita.php,2026-08-31,144,144,bulundu,https://hakishizmetiskocaseyitiio.meb.k12.tr/,2026-10-01T18:32:34.839372+00:00,,Öğrenci Sayısı: 144
Balıkesir,Havran,Havran Anadolu Lisesi,974031,Anadolu Lisesi,https://havranal.meb.k12.tr,,,https://havranal.meb.k12.tr/tema/harita.php,2026-08-31,297,297,bulundu,https://havranal.meb.k12.tr/,2026-10-01T18:32:34.851854+00:00,,Öğrenci Sayısı 297
Balıkesir,Havran,Havran Halk Eğitimi Merkezi,129596,Halk Eğitimi Merkezi,https://havranhem.meb.k12.tr,,,https://havranhem.meb.k12.tr/tema/harita.php,2026-08-31,,,bulunamadi,,2026-10-01T18:32:35.013010+00:00,,
Balıkesir,Havran,Havran Mesleki Eğitim Merkezi,875669,Mesleki Eğitim Merkezi,https://havranmem.meb.k12.tr,,,https://havranmem.meb.k12.tr/tema/harita.php,2026-08-31,363,363,bulundu,https://havranmem.meb.k12.tr/,2026-10-01T18:32:35.040079+00:00,,Öğrenci Sayısı : 363
Balıkesir,Havran,Havran İmam Hatip Ortaokulu,738919,İmam Hatip Ortaokulu,https://havranimamhatip.meb.k12.tr,,,https://havranimamhatip.meb.k12.tr/tema/harita.php,2026-08-31,428,428,bulundu,https://havranimamhatip.meb.k12.tr/tema/okulumuz_hakkinda.php,2026-10-01T18:32:35.470125+00:00,,Öğrenci : 428
Balıkesir,Havran,KALABAK ORTAOKULU,736585,Ortaokul,https://havrankalabakortaokulu.meb.k12.tr,,,https://havrankalabakortaokulu.meb.k12.tr/tema/harita.php,2026-08-31,41,41,bulundu,https://havrankalabakortaokulu.meb.k12.tr/,2026-10-01T18:32:35.478669+00:00,,Öğrenci Sayısı 41
Balıkesir,Havran,KALABAK İLKOKULU,736567,İlkokul,https://havrankalabakilkokulu.meb.k12.tr,,,https://havrankalabakilkokulu.meb.k12.tr/tema/harita.php,2026-08-31,41,41,bulundu,https://havrankalabakilkokulu.meb.k12.tr/tema/okulumuz_hakkinda.php,2026-10-01T18:32:35.636299+00:00,,Öğrenci : 41
Balıkesir,Havran,KOBAKLAR ORTAOKULU,736439,Ortaokul,https://kobaklar.meb.k12.tr,,,https://kobaklar.meb.k12.tr/tema/harita.php,2026-08-31,33,33,bulundu,https://kobaklar.meb.k12.tr/tema/okulumuz_hakkinda.php,2026-10-01T18:32:35.643217+00:00,,Öğrenci : 33
Balıkesir,Havran,KOBAKLAR İLKOKULU,736441,İlkokul,https://kobaklario.meb.k12.tr,,,https://kobaklario.meb.k12.tr/tema/harita.php,2026-08-31,41,41,bulundu,https://kobaklario.meb.k12.tr/,2026-10-01T18:32:35.654890+00:00,,Öğrenci Sayısı: 41
Balıkesir,Havran,KOCASEYİT ORTAOKULU,736432,Ortaokul,https://kocaseyitortaokulu.meb.k12.tr,,,https://kocaseyitortaokulu.meb.k12.tr/tema/harita.php,2026-08-31,93,93,bulundu,https://kocaseyitortaokulu.meb.k12.tr/tema/okulumuz_hakkinda.php,2026-10-01T18:32:35.666983+00:00,,Öğrenci : 93
Balıkesir,Havran,Kocadağ Damlar İlkokulu,740792,İlkokul,https://kocadagdamlar.meb.k12.tr,,,https://kocadagdamlar.meb.k12.tr/tema/harita.php,2026-08-31,15,15,bulundu,https://kocadagdamlar.meb.k12.tr/,2026-10-01T18:32:35.905698+00:00,,Öğrenci Sayısı 15
Balıkesir,Havran,KÜÇÜKŞAPÇI ORTAOKULU,736419,Ortaokul,https://kucuksapci.meb.k12.tr,,,https://kucuksapci.meb.k12.tr/tema/harita.php,2026-08-31,25,25,bulundu,https://kucuksapci.meb.k12.tr/,2026-10-01T18:32:35.916782+00:00,,Öğrenci Sayısı : 25
Balıkesir,Havran,KÜÇÜKŞAPÇI İLKOKULU,736427,İlkokul,https://736427.meb.k12.tr,,,https://736427.meb.k12.tr/tema/harita.php,2026-08-31,32,32,bulundu,https://736427.meb.k12.tr/,2026-10-01T18:32:36.316613+00:00,,Öğrenci Sayısı : 32
Balıkesir,Havran,Küçükdere İlkokulu,740722,İlkokul,https://kucukdere10.meb.k12.tr,,,https://kucukdere10.meb.k12.tr/tema/harita.php,2026-08-31,35,35,bulundu,https://kucukdere10.meb.k12.tr/,2026-10-01T18:32:36.473889+00:00,,Öğrenci Sayısı: 35
Balıkesir,Havran,Mehmet Sever Dereören İlkokulu,740703,İlkokul,https://dereoren.meb.k12.tr,,,https://dereoren.meb.k12.tr/tema/harita.php,2026-08-31,22,22,bulundu,https://dereoren.meb.k12.tr/,2026-10-01T18:32:37.878185+00:00,,Öğrenci Sayısı: 22
Balıkesir,Havran,Mehmet Çalışır Anadolu İmam Hatip Lisesi,761375,Anadolu İmam Hatip Lisesi,https://havrananadoluihl.meb.k12.tr,,,https://havrananadoluihl.meb.k12.tr/tema/harita.php,2026-08-31,10,10,bulundu,https://havrananadoluihl.meb.k12.tr/,2026-10-01T18:32:37.887780+00:00,,Öğrenci Sayısı 10
Balıkesir,Havran,Muzaffer Leman Akpınar Mesleki ve Teknik Anadolu Lisesi,869078,Mesleki ve Teknik Anadolu Lisesi,https://mlaml.meb.k12.tr,,,https://mlaml.meb.k12.tr/tema/harita.php,2026-08-31,227,227,bulundu,https://mlaml.meb.k12.tr/,2026-10-01T18:32:37.881440+00:00,,Öğrenci Sayısı : 227
Balıkesir,Havran,Sekizeylül Ortaokulu,740472,Ortaokul,https://havransekizeylul.meb.k12.tr,,,https://havransekizeylul.meb.k12.tr/tema/harita.php,2026-08-31,525,525,bulundu,https://havransekizeylul.meb.k12.tr/,2026-10-01T18:32:37.910801+00:00,,Öğrenci Sayısı 525
Balıkesir,Havran,Seyitonbaşı İlkokulu,740443,İlkokul,https://seyitonbasi.meb.k12.tr,,,https://seyitonbasi.meb.k12.tr/tema/harita.php,2026-08-31,384,384,bulundu,https://seyitonbasi.meb.k12.tr/,2026-10-01T18:32:37.885790+00:00,,Öğrenci Sayısı 384
Balıkesir,Havran,Sıdıka Ürütürk Eğmir İlkokulu,739824,İlkokul,https://egmirio.meb.k12.tr,,,https://egmirio.meb.k12.tr/tema/harita.php,2026-08-31,33,33,bulundu,https://egmirio.meb.k12.tr/tema/okulumuz_hakkinda.php,2026-10-01T18:32:37.911563+00:00,,Öğrenci : 33
Balıkesir,Havran,Temaşalık İlkokulu,751169,İlkokul,https://temasalik.meb.k12.tr,,,https://temasalik.meb.k12.tr/tema/harita.php,2026-08-31,120,120,bulundu,https://temasalik.meb.k12.tr/,2026-10-01T18:32:37.883792+00:00,,Öğrenci Sayısı 120
Balıkesir,Havran,Tepeoba İlkokulu,740754,İlkokul,https://tepeobailkokulu.meb.k12.tr,,,https://tepeobailkokulu.meb.k12.tr/tema/harita.php,2026-08-31,34,34,bulundu,https://tepeobailkokulu.meb.k12.tr/,2026-10-01T18:32:37.916012+00:00,,Öğrenci Sayısı 34
Balıkesir,Havran,Zeynep Banu Çakırdere İlkokulu,751171,İlkokul,https://zeynepbanucakirdere.meb.k12.tr,,,https://zeynepbanucakirdere.meb.k12.tr/tema/harita.php,2026-08-31,17,17,bulundu,https://zeynepbanucakirdere.meb.k12.tr/,2026-10-01T18:32:37.945827+00:00,,Öğrenci Sayısı: 17
Balıkesir,Havran,ÇAMDİBİ ORTAOKULU,736632,Ortaokul,https://havrancamdibioo.meb.k12.tr,,,https://havrancamdibioo.meb.k12.tr/tema/harita.php,2026-08-31,52,52,bulundu,https://havrancamdibioo.meb.k12.tr/,2026-10-01T18:32:37.880726+00:00,,Öğrenci Sayısı 52
Balıkesir,Havran,ÇAMDİBİ İLKOKULU,740875,İlkokul,https://havrancamdibiio.meb.k12.tr,,,https://havrancamdibiio.meb.k12.tr/tema/harita.php,2026-08-31,100,100,bulundu,https://havrancamdibiio.meb.k12.tr/,2026-10-01T18:32:37.886793+00:00,,Öğrenci Sayısı 100
Balıkesir,Havran,ÖMER ÇAVUŞ ANAOKULU,757500,Anaokulu,https://omercavus.meb.k12.tr,,,https://omercavus.meb.k12.tr/tema/harita.php,2026-08-31,175,175,bulundu,https://omercavus.meb.k12.tr/,2026-10-01T18:32:37.904978+00:00,,Öğrenci Sayısı 175
Balıkesir,Havran,Şehit Eyüp Karataş Ortaokulu,740654,Ortaokul,https://havranortaokulu.meb.k12.tr,,,https://havranortaokulu.meb.k12.tr/tema/harita.php,2026-08-31,175,175,bulundu,https://havranortaokulu.meb.k12.tr/,2026-10-01T18:32:37.907103+00:00,,Öğrenci Sayısı 175
Balıkesir,Karesi,23 Nisan Şehit Deniz Göçkün İlkokulu,719025,İlkokul,https://23nisanilk.meb.k12.tr,,,https://23nisanilk.meb.k12.tr/tema/harita.php,2026-08-31,654,654,bulundu,https://23nisanilk.meb.k12.tr/,2026-10-01T18:32:37.950934+00:00,,Öğrenci Sayısı : 654
Balıkesir,Karesi,Adnan Menderes Anadolu Lisesi,972799,Anadolu Lisesi,https://balikesiradnanmenderesal.meb.k12.tr,,,https://balikesiradnanmenderesal.meb.k12.tr/tema/harita.php,2026-08-31,602,602,bulundu,https://balikesiradnanmenderesal.meb.k12.tr/,2026-10-01T18:32:37.932439+00:00,,Öğrenci Sayısı 602
Balıkesir,Karesi,Aktarma Naile Erol Gülcan İlkokulu,738018,İlkokul,https://aktarmanegi.meb.k12.tr,,,https://aktarmanegi.meb.k12.tr/tema/harita.php,2026-08-31,28,28,bulundu,https://aktarmanegi.meb.k12.tr/,2026-10-01T18:32:37.939954+00:00,,Öğrenci Sayısı 28
Balıkesir,Karesi,Albay C. Tayyar-Nuran Oğuz Anadolu Lisesi,972437,Anadolu Lisesi,https://actnoal.meb.k12.tr,,,https://actnoal.meb.k12.tr/tema/harita.php,2026-08-31,581,581,bulundu,https://actnoal.meb.k12.tr/tema/okulumuz_hakkinda.php,2026-10-01T18:32:37.913779+00:00,,Öğrenci : 581
Balıkesir,Karesi,Albay Cafer Tayyar-Nuran Oğuz Ortaokulu,761330,Ortaokul,https://actnoortaokulu.meb.k12.tr,,,https://actnoortaokulu.meb.k12.tr/tema/harita.php,2026-08-31,612,612,bulundu,https://actnoortaokulu.meb.k12.tr/,2026-10-01T18:32:37.935543+00:00,,Öğrenci Sayısı : 612
Balıkesir,Karesi,Albay Tayyar-Nuran Oğuz İlkokulu,721576,İlkokul,https://atnoilkokulu.meb.k12.tr,,,https://atnoilkokulu.meb.k12.tr/tema/harita.php,2026-08-31,781,781,bulundu,https://atnoilkokulu.meb.k12.tr/,2026-10-01T18:32:37.900210+00:00,,Öğrenci Sayısı : 781
Balıkesir,Karesi,Ali Hikmet Paşa Ortaokulu,722160,Ortaokul,https://ahportaokulu.meb.k12.tr,,,https://ahportaokulu.meb.k12.tr/tema/harita.php,2026-08-31,523,523,bulundu,https://ahportaokulu.meb.k12.tr/,2026-10-01T18:32:38.504396+00:00,,Öğrenci Sayısı 523
Balıkesir,Karesi,Ali Hikmet Paşa İlkokulu,722177,İlkokul,https://ahpi.meb.k12.tr,,,https://ahpi.meb.k12.tr/tema/harita.php,2026-08-31,692,692,bulundu,https://ahpi.meb.k12.tr/,2026-10-01T18:32:38.580978+00:00,,Öğrenci Sayısı 692
Balıkesir,Karesi,Ali Rıza Güçkan Anaokulu,967860,Anaokulu,https://arga.meb.k12.tr,,,https://arga.meb.k12.tr/tema/harita.php,2026-08-31,59,59,bulundu,https://arga.meb.k12.tr/,2026-10-01T18:32:38.596154+00:00,,Öğrenci Sayısı: 59
Balıkesir,Karesi,Alişuuri İlkokulu,720924,İlkokul,https://alisuuriilkokulu.meb.k12.tr,,,https://alisuuriilkokulu.meb.k12.tr/tema/harita.php,2026-08-31,326,326,bulundu,https://alisuuriilkokulu.meb.k12.tr/,2026-10-01T18:32:38.781170+00:00,,Öğrenci Sayısı : 326
Balıkesir,Karesi,Atatürk Mesleki ve Teknik Anadolu Lisesi,962886,Mesleki ve Teknik Anadolu Lisesi,https://balikesirasml.meb.k12.tr,,,https://balikesirasml.meb.k12.tr/tema/harita.php,2026-08-31,575,575,bulundu,https://balikesirasml.meb.k12.tr/,2026-10-01T18:32:38.810602+00:00,,Öğrenci Sayısı 575
Balıkesir,Karesi,Atatürk İlkokulu,720247,İlkokul,https://blkataturkilkokul.meb.k12.tr,,,https://blkataturkilkokul.meb.k12.tr/tema/harita.php,2026-08-31,963,963,bulundu,https://blkataturkilkokul.meb.k12.tr/,2026-10-01T18:32:38.968022+00:00,,Öğrenci Sayısı : 963
Balıkesir,Karesi,Bakacak Şehit Yüksel Bayhan Ortaokulu,722824,Ortaokul,https://bakacakoo.meb.k12.tr,,,https://bakacakoo.meb.k12.tr/tema/harita.php,2026-08-31,118,118,bulundu,https://bakacakoo.meb.k12.tr/,2026-10-01T18:32:38.971056+00:00,,Öğrenci Sayısı 118
Balıkesir,Karesi,Bakacak Şehit Yüksel Bayhan İlkokulu,722283,İlkokul,https://bakacakio.meb.k12.tr,,,https://bakacakio.meb.k12.tr/tema/harita.php,2026-08-31,61,61,bulundu,https://bakacakio.meb.k12.tr/,2026-10-01T18:32:38.984088+00:00,,Öğrenci Sayısı 61
Balıkesir,Karesi,Balıkesir Anadolu İmam Hatip Lisesi,128184,Anadolu İmam Hatip Lisesi,https://balikesirihl.meb.k12.tr,,,https://balikesirihl.meb.k12.tr/tema/harita.php,2026-08-31,260,260,bulundu,https://balikesirihl.meb.k12.tr/,2026-10-01T18:32:39.285120+00:00,,Öğrenci Sayısı : 260
Balıkesir,Karesi,Balıkesir Borsa İstanbul Mesleki ve Teknik Anadolu Lisesi,950158,Mesleki ve Teknik Anadolu Lisesi,https://10bistmtal.meb.k12.tr,,,https://10bistmtal.meb.k12.tr/tema/harita.php,2026-08-31,651,651,bulundu,https://10bistmtal.meb.k12.tr/,2026-10-01T18:32:39.667846+00:00,,Öğrenci Sayısı : 651
Balıkesir,Karesi,Balıkesir Karesi Ortaokulu,853498,Ortaokul,https://balikesirkaresioo.meb.k12.tr,,,https://balikesirkaresioo.meb.k12.tr/tema/harita.php,2026-08-31,259,259,bulundu,https://balikesirkaresioo.meb.k12.tr/,2026-10-01T18:32:39.801867+00:00,,Öğrenci Sayısı 259
Balıkesir,Karesi,Balıkesir Lisesi,972798,Lise,https://balikesirlisesi.meb.k12.tr,,,https://balikesirlisesi.meb.k12.tr/tema/harita.php,2026-08-31,497,497,bulundu,https://balikesirlisesi.meb.k12.tr/,2026-10-01T18:32:39.811216+00:00,,Öğrenci Sayısı 497
Balıkesir,Karesi,Balıkesir Muharrem Hasbi Anadolu Lisesi,964274,Anadolu Lisesi,https://blkmhal.meb.k12.tr,,,https://blkmhal.meb.k12.tr/tema/harita.php,2026-08-31,532,532,bulundu,https://blkmhal.meb.k12.tr/,2026-10-01T18:32:39.850882+00:00,,Öğrenci Sayısı 532
Balıkesir,Karesi,Balıkesir Olgunlaşma Enstitüsü,769489,Olgunlaşma Enstitüsü,https://balikesirolgunlasma.meb.k12.tr,,,https://balikesirolgunlasma.meb.k12.tr/tema/harita.php,2026-08-31,,,bulunamadi,,2026-10-01T18:32:39.941829+00:00,,
Balıkesir,Karesi,Balıkesir Rehberlik ve Araştırma Merkezi,128218,Rehberlik ve Araştırma Merkezi,https://balikesirram.meb.k12.tr,,,https://balikesirram.meb.k12.tr/tema/harita.php,2026-08-31,,,bulunamadi,,2026-10-01T18:32:39.951924+00:00,,
Balıkesir,Karesi,Balıkesir İmam Hatip Ortaokulu,758459,İmam Hatip Ortaokulu,https://balikesiriho.meb.k12.tr,,,https://balikesiriho.meb.k12.tr/tema/harita.php,2026-08-31,524,524,bulundu,https://balikesiriho.meb.k12.tr/,2026-10-01T18:32:40.019117+00:00,,Öğrenci Sayısı : 524
Balıkesir,Karesi,Beyköy İlkokulu,387774,İlkokul,https://beykoyilkokulu.meb.k12.tr,,,https://beykoyilkokulu.meb.k12.tr/tema/harita.php,2026-08-31,19,19,bulundu,https://beykoyilkokulu.meb.k12.tr/,2026-10-01T18:32:40.092941+00:00,,Öğrenci Sayısı 19
Balıkesir,Karesi,Deliktaş Ortaokulu,763243,Ortaokul,https://deliktasortaokulu.meb.k12.tr,,,https://deliktasortaokulu.meb.k12.tr/tema/harita.php,2026-08-31,,,bulunamadi,,2026-10-01T18:32:40.101576+00:00,,
Balıkesir,Karesi,Deliktaş İlkokulu,649584,İlkokul,https://deliktasilkokulu.meb.k12.tr,,,https://deliktasilkokulu.meb.k12.tr/tema/harita.php,2026-08-31,21,21,bulundu,https://deliktasilkokulu.meb.k12.tr/,2026-10-01T18:32:40.182309+00:00,,Öğrenci Sayısı : 21
Balıkesir,Karesi,Değirmenboğazı Özel Eğitim Anaokulu,776420,Anaokulu,https://776420.meb.k12.tr,,,https://776420.meb.k12.tr/tema/harita.php,2026-08-31,9,9,bulundu,https://776420.meb.k12.tr/,2026-10-01T18:32:40.192156+00:00,,Öğrenci Sayısı : 9
Balıkesir,Karesi,Dr. Ayşe Hümeyra Ökten Kız Anadolu İmam Hatip Lisesi,767611,Anadolu İmam Hatip Lisesi,https://draysehumeyraoktenkizaihl.meb.k12.tr,,,https://draysehumeyraoktenkizaihl.meb.k12.tr/tema/harita.php,2026-08-31,513,513,bulundu,https://draysehumeyraoktenkizaihl.meb.k12.tr/,2026-10-01T18:32:40.210725+00:00,,Öğrenci Sayısı 513
Balıkesir,Karesi,Ercan Kıvrak İlkokulu,722837,İlkokul,https://ercankivrakilkokulu.meb.k12.tr,,,https://ercankivrakilkokulu.meb.k12.tr/tema/harita.php,2026-08-31,1642,1642,bulundu,https://ercankivrakilkokulu.meb.k12.tr/,2026-10-01T18:32:40.268050+00:00,,Öğrenci Sayısı : 1642
Balıkesir,Karesi,Fatih Ortaokulu,720028,Ortaokul,https://blkfatihortaokulu.meb.k12.tr,,,https://blkfatihortaokulu.meb.k12.tr/tema/harita.php,2026-08-31,567,567,bulundu,https://blkfatihortaokulu.meb.k12.tr/,2026-10-01T18:32:40.273688+00:00,,Öğrenci Sayısı 567
Balıkesir,Karesi,Fatih İlkokulu,720011,İlkokul,https://blkfatihilkokulu.meb.k12.tr,,,https://blkfatihilkokulu.meb.k12.tr/tema/harita.php,2026-08-31,374,374,bulundu,https://blkfatihilkokulu.meb.k12.tr/,2026-10-01T18:32:40.327968+00:00,,Öğrenci Sayısı 374
Balıkesir,Karesi,Fatma-Emin Kutvar Anadolu Lisesi,374994,Anadolu Lisesi,https://fekal.meb.k12.tr,,,https://fekal.meb.k12.tr/tema/harita.php,2026-08-31,338,338,bulundu,https://fekal.meb.k12.tr/tema/okulumuz_hakkinda.php,2026-10-01T18:32:40.419943+00:00,,Öğrenci : 338
Balıkesir,Karesi,Firdevs Hattatoğlu Özel Eğitim Meslek Okulu,747687,Özel Eğitim Kurumu,https://firdevshattatoglu.meb.k12.tr,,,https://firdevshattatoglu.meb.k12.tr/tema/harita.php,2026-08-31,44,44,bulundu,https://firdevshattatoglu.meb.k12.tr/,2026-10-01T18:32:40.390786+00:00,,Öğrenci Sayısı 44
Balıkesir,Karesi,Gazi Mustafa Kemal Turizm Mesleki ve Teknik Anadolu Lisesi,751841,Mesleki ve Teknik Anadolu Lisesi,https://gmkmtal.meb.k12.tr,,,https://gmkmtal.meb.k12.tr/tema/harita.php,2026-08-31,358,358,bulundu,https://gmkmtal.meb.k12.tr/,2026-10-01T18:32:40.487768+00:00,,Öğrenci Sayısı : 358
Balıkesir,Karesi,Gazi İmam Hatip Ortaokulu,750506,İmam Hatip Ortaokulu,https://gaziiho.meb.k12.tr,,,https://gaziiho.meb.k12.tr/tema/harita.php,2026-08-31,371,371,bulundu,https://gaziiho.meb.k12.tr/,2026-10-01T18:32:40.526212+00:00,,Öğrenci Sayısı 371
Balıkesir,Karesi,Hacıilbey Ticaret Mesleki ve Teknik Anadolu Lisesi,823941,Mesleki ve Teknik Anadolu Lisesi,https://haciilbeytml.meb.k12.tr,,,https://haciilbeytml.meb.k12.tr/tema/harita.php,2026-08-31,471,471,bulundu,https://haciilbeytml.meb.k12.tr/tema/okulumuz_hakkinda.php,2026-10-01T18:32:40.571432+00:00,,Öğrenci : 471
Balıkesir,Karesi,Kabakdere Ortaokulu,722490,Ortaokul,https://kabakdereortaokulu.meb.k12.tr,,,https://kabakdereortaokulu.meb.k12.tr/tema/harita.php,2026-08-31,,,bulunamadi,,2026-10-01T18:32:40.596859+00:00,,
Balıkesir,Karesi,Kabakdere İlkokulu,722463,İlkokul,https://kabakdereilkokulu.meb.k12.tr,,,https://kabakdereilkokulu.meb.k12.tr/tema/harita.php,2026-08-31,,,bulunamadi,,2026-10-01T18:32:40.617199+00:00,,
Balıkesir,Karesi,Kalaycılar İlkokulu,721175,İlkokul,https://kalaycilario.meb.k12.tr,,,https://kalaycilario.meb.k12.tr/tema/harita.php,2026-08-31,33,33,bulundu,https://kalaycilario.meb.k12.tr/,2026-10-01T18:32:40.619834+00:00,,Öğrenci Sayısı 33
Balıkesir,Karesi,Kamçıllı İlkokulu,722506,İlkokul,https://samlikamcillilkokulu.meb.k12.tr,,,https://samlikamcillilkokulu.meb.k12.tr/tema/harita.php,2026-08-31,20,20,bulundu,https://samlikamcillilkokulu.meb.k12.tr/,2026-10-01T18:32:40.631080+00:00,,Öğrenci Sayısı 20
Balıkesir,Karesi,Karahallılar Ortaokulu,720150,Ortaokul,https://karahallilarortaokulu.meb.k12.tr,,,https://karahallilarortaokulu.meb.k12.tr/tema/harita.php,2026-08-31,531,531,bulundu,https://karahallilarortaokulu.meb.k12.tr/,2026-10-01T18:32:40.759632+00:00,,Öğrenci Sayısı : 531
Balıkesir,Karesi,Karesi Anaokulu,973414,Anaokulu,https://kulaanaokulu.meb.k12.tr,,,https://kulaanaokulu.meb.k12.tr/tema/harita.php,2026-08-31,218,218,bulundu,https://kulaanaokulu.meb.k12.tr/,2026-10-01T18:32:40.851834+00:00,,Öğrenci Sayısı : 218
Balıkesir,Karesi,Karesi Halk Eğitimi Merkezi,128196,Halk Eğitimi Merkezi,https://karesihem.meb.k12.tr,,,https://karesihem.meb.k12.tr/tema/harita.php,2026-08-31,,,bulunamadi,,2026-10-01T18:32:40.863439+00:00,,
Balıkesir,Karesi,Kastamonu Entegre Özel Eğitim Ortaokulu,756000,Ortaokul,https://kastamonuentegreoeortaokulu.meb.k12.tr,,,https://kastamonuentegreoeortaokulu.meb.k12.tr/tema/harita.php,2026-08-31,41,41,bulundu,https://kastamonuentegreoeortaokulu.meb.k12.tr/tema/okulumuz_hakkinda.php,2026-10-01T18:32:40.956837+00:00,,Öğrenci : 41
Balıkesir,Karesi,Kastamonu Entegre Özel Eğitim İlkokulu,755999,İlkokul,https://kastamonuentegreoeilkokulu.meb.k12.tr,,,https://kastamonuentegreoeilkokulu.meb.k12.tr/tema/harita.php,2026-08-31,21,21,bulundu,https://kastamonuentegreoeilkokulu.meb.k12.tr/,2026-10-01T18:32:41.063831+00:00,,Öğrenci Sayısı : 21
Balıkesir,Karesi,Kayabey Şehit Ferruh Kulaoğlu Ortaokulu,722799,Ortaokul,https://kayabeyortaokulu.meb.k12.tr,,,https://kayabeyortaokulu.meb.k12.tr/tema/harita.php,2026-08-31,570,570,bulundu,https://kayabeyortaokulu.meb.k12.tr/,2026-10-01T18:32:41.117749+00:00,,Öğrenci Sayısı : 570
Balıkesir,Karesi,Kocaavşar Ortaokulu,722783,Ortaokul,https://kocaavsarortaokulu.meb.k12.tr,,,https://kocaavsarortaokulu.meb.k12.tr/tema/harita.php,2026-08-31,,,bulunamadi,,2026-10-01T18:32:41.186993+00:00,,
Balıkesir,Karesi,Kocaavşar İlkokulu,722326,İlkokul,https://kocaavsarilkokulu.meb.k12.tr,,,https://kocaavsarilkokulu.meb.k12.tr/tema/harita.php,2026-08-31,,,bulunamadi,,2026-10-01T18:32:41.229867+00:00,,
Balıkesir,Karesi,Kurtdereli Mehmet Pehlivan Spor Lisesi,767268,Spor Lisesi,https://kmpsporlisesi.meb.k12.tr,,,https://kmpsporlisesi.meb.k12.tr/tema/harita.php,2026-08-31,296,296,bulundu,https://kmpsporlisesi.meb.k12.tr/tema/okulumuz_hakkinda.php,2026-10-01T18:32:41.360428+00:00,,Öğrenci : 296
Balıkesir,Karesi,Kurtdereli Mehmet Pehlivan Spor Ortaokulu,776364,Ortaokul,https://kmpsporortaokulu.meb.k12.tr,,,https://kmpsporortaokulu.meb.k12.tr/tema/harita.php,2026-08-31,32,32,bulundu,https://kmpsporortaokulu.meb.k12.tr/,2026-10-01T18:32:41.408588+00:00,,Öğrenci Sayısı : 32
Balıkesir,Karesi,Kuvayi Milliye Özel Eğitim Anaokulu,775343,Anaokulu,https://kuvayimilliyeozelegitimanaokulu.meb.k12.tr,,,https://kuvayimilliyeozelegitimanaokulu.meb.k12.tr/tema/harita.php,2026-08-31,40,40,bulundu,https://kuvayimilliyeozelegitimanaokulu.meb.k12.tr/,2026-10-01T18:32:41.430256+00:00,,Öğrenci Sayısı 40
Balıkesir,Karesi,Mehmet Azman Çavuş Ortaokulu,758420,Ortaokul,https://mehmetazmancavus.meb.k12.tr,,,https://mehmetazmancavus.meb.k12.tr/tema/harita.php,2026-08-31,706,706,bulundu,https://mehmetazmancavus.meb.k12.tr/,2026-10-01T18:32:41.440340+00:00,,Öğrenci Sayısı 706
Balıkesir,Karesi,Mehmet Şeref Eğinlioğlu Ortaokulu,722248,Ortaokul,https://mseortaokulu.meb.k12.tr,,,https://mseortaokulu.meb.k12.tr/tema/harita.php,2026-08-31,719,719,bulundu,https://mseortaokulu.meb.k12.tr/,2026-10-01T18:32:41.549352+00:00,,Öğrenci Sayısı : 719
Balıkesir,Karesi,Merkez Ece Amca İlkokulu,657468,İlkokul,https://eceamcaio.meb.k12.tr,,,https://eceamcaio.meb.k12.tr/tema/harita.php,2026-08-31,293,293,bulundu,https://eceamcaio.meb.k12.tr/tema/okulumuz_hakkinda.php,2026-10-01T18:32:41.586021+00:00,,Öğrenci : 293
Balıkesir,Karesi,Merkez Turplu ilkokulu,719429,İlkokul,https://turpluilkokulu.meb.k12.tr,,,https://turpluilkokulu.meb.k12.tr/tema/harita.php,2026-08-31,26,26,bulundu,https://turpluilkokulu.meb.k12.tr/tema/okulumuz_hakkinda.php,2026-10-01T18:32:41.624823+00:00,,Öğrenci : 26
Balıkesir,Karesi,Merkez Zafer İlkokulu,722758,İlkokul,https://balikesirzaferilkokulu.meb.k12.tr,,,https://balikesirzaferilkokulu.meb.k12.tr/tema/harita.php,2026-08-31,646,646,bulundu,https://balikesirzaferilkokulu.meb.k12.tr/,2026-10-01T18:32:41.652097+00:00,,Öğrenci Sayısı : 646
Balıkesir,Karesi,Naciye Kabakçı Anaokulu,971547,Anaokulu,https://naciyekabakci.meb.k12.tr,,,https://naciyekabakci.meb.k12.tr/tema/harita.php,2026-08-31,234,234,bulundu,https://naciyekabakci.meb.k12.tr/,2026-10-01T18:32:42.080487+00:00,,Öğrenci Sayısı: 234
Balıkesir,Karesi,Nazende Kurşun Anaokulu,966795,Anaokulu,https://nazendekursun.meb.k12.tr,,,https://nazendekursun.meb.k12.tr/tema/harita.php,2026-08-31,178,178,bulundu,https://nazendekursun.meb.k12.tr/,2026-10-01T18:32:42.112578+00:00,,Öğrenci Sayısı : 178
Balıkesir,Karesi,Necip Fazıl Kısakürek Ortaokulu,763624,Ortaokul,https://nfkoo.meb.k12.tr,,,https://nfkoo.meb.k12.tr/tema/harita.php,2026-08-31,902,902,bulundu,https://nfkoo.meb.k12.tr/,2026-10-01T18:32:42.519343+00:00,,Öğrenci Sayısı : 902
Balıkesir,Karesi,Nuran Oğuz Anaokulu,966788,Anaokulu,https://nuranoguz.meb.k12.tr,,,https://nuranoguz.meb.k12.tr/tema/harita.php,2026-08-31,200,200,bulundu,https://nuranoguz.meb.k12.tr/,2026-10-01T18:32:42.530473+00:00,,Öğrenci Sayısı: 200
Balıkesir,Karesi,Ovacık Ortaokulu,722842,Ortaokul,https://blkovacikortaokulu.meb.k12.tr,,,https://blkovacikortaokulu.meb.k12.tr/tema/harita.php,2026-08-31,62,62,bulundu,https://blkovacikortaokulu.meb.k12.tr/tema/okulumuz_hakkinda.php,2026-10-01T18:32:43.258950+00:00,,Öğrenci : 62
Balıkesir,Karesi,Ovacık İlkokulu,722788,İlkokul,https://blkovacikilkokulu.meb.k12.tr,,,https://blkovacikilkokulu.meb.k12.tr/tema/harita.php,2026-08-31,24,24,bulundu,https://blkovacikilkokulu.meb.k12.tr/tema/okulumuz_hakkinda.php,2026-10-01T18:32:43.359375+00:00,,Öğrenci : 24
Balıkesir,Karesi,Rahmi Kula Anadolu Lisesi,352474,Anadolu Lisesi,https://rahmikulaanadolulisesi.meb.k12.tr,,,https://rahmikulaanadolulisesi.meb.k12.tr/tema/harita.php,2026-08-31,481,481,bulundu,https://rahmikulaanadolulisesi.meb.k12.tr/,2026-10-01T18:32:43.436413+00:00,,Öğrenci Sayısı : 481
Balıkesir,Karesi,Sakarya İlkokulu,721706,İlkokul,https://balikesirsakaryailkokulu.meb.k12.tr,,,https://balikesirsakaryailkokulu.meb.k12.tr/tema/harita.php,2026-08-31,646,646,bulundu,https://balikesirsakaryailkokulu.meb.k12.tr/tema/okulumuz_hakkinda.php,2026-10-01T18:32:43.456921+00:00,,Öğrenci : 646
Balıkesir,Karesi,Sevinç Kurşun İlkokulu,679401,İlkokul,https://sevkurokul.meb.k12.tr,,,https://sevkurokul.meb.k12.tr/tema/harita.php,2026-08-31,817,817,bulundu,https://sevkurokul.meb.k12.tr/,2026-10-01T18:32:43.564003+00:00,,Öğrenci Sayısı : 817
Balıkesir,Karesi,Süeybe Karakuş Anaokulu,759903,Anaokulu,https://sueybekarakus.meb.k12.tr,,,https://sueybekarakus.meb.k12.tr/tema/harita.php,2026-08-31,274,274,bulundu,https://sueybekarakus.meb.k12.tr/,2026-10-01T18:32:43.600406+00:00,,Öğrenci Sayısı 274
Balıkesir,Karesi,Sırrı Yırcalı Anadolu Lisesi,128135,Anadolu Lisesi,https://syal.meb.k12.tr,,,https://syal.meb.k12.tr/tema/harita.php,2026-08-31,805,805,bulundu,https://syal.meb.k12.tr/tema/okulumuz_hakkinda.php,2026-10-01T18:32:43.642138+00:00,,Öğrenci : 805
Balıkesir,Karesi,T.C. Ziraat Bankası Güzel Sanatlar Lisesi,811328,Güzel Sanatlar Lisesi,https://tczbgsl.meb.k12.tr,,,https://tczbgsl.meb.k12.tr/tema/harita.php,2026-08-31,,,bulunamadi,,2026-10-01T18:32:43.822058+00:00,,
Balıkesir,Karesi,Tatlıpınar Ortaokulu,722879,Ortaokul,https://tatlipinaroo.meb.k12.tr,,,https://tatlipinaroo.meb.k12.tr/tema/harita.php,2026-08-31,43,43,bulundu,https://tatlipinaroo.meb.k12.tr/,2026-10-01T18:32:43.901484+00:00,,Öğrenci Sayısı : 43
Balıkesir,Karesi,Tatlıpınar İlkokulu,244361,İlkokul,https://tatlipinario.meb.k12.tr,,,https://tatlipinario.meb.k12.tr/tema/harita.php,2026-08-31,42,42,bulundu,https://tatlipinario.meb.k12.tr/,2026-10-01T18:32:43.889284+00:00,,Öğrenci Sayısı: 42
Balıkesir,Karesi,Yaylabayır İlkokulu,755926,İlkokul,https://yaylabayirio.meb.k12.tr,,,https://yaylabayirio.meb.k12.tr/tema/harita.php,2026-08-31,15,15,bulundu,https://yaylabayirio.meb.k12.tr/tema/okulumuz_hakkinda.php,2026-10-01T18:32:43.955164+00:00,,Öğrenci : 15
Balıkesir,Karesi,Yağcılar İlkokulu,723051,İlkokul,https://yagcilario10.meb.k12.tr,,,https://yagcilario10.meb.k12.tr/tema/harita.php,2026-08-31,16,16,bulundu,https://yagcilario10.meb.k12.tr/,2026-10-01T18:32:43.986902+00:00,,Öğrenci Sayısı : 16
Balıkesir,Karesi,Yeniköy Ortaokulu,722807,Ortaokul,https://yenikoyortaokul.meb.k12.tr,,,https://yenikoyortaokul.meb.k12.tr/tema/harita.php,2026-08-31,68,68,bulundu,https://yenikoyortaokul.meb.k12.tr/,2026-10-01T18:32:43.996853+00:00,,Öğrenci Sayısı 68
Balıkesir,Karesi,Yeniköy İlkokulu,240733,İlkokul,https://yenikoyio.meb.k12.tr,,,https://yenikoyio.meb.k12.tr/tema/harita.php,2026-08-31,54,54,bulundu,https://yenikoyio.meb.k12.tr/,2026-10-01T18:32:44.010717+00:00,,Öğrenci Sayısı 54
Balıkesir,Karesi,Zübeyde Hanım Anaokulu,751652,Anaokulu,https://zubeydehanim10.meb.k12.tr,,,https://zubeydehanim10.meb.k12.tr/tema/harita.php,2026-08-31,206,206,bulundu,https://zubeydehanim10.meb.k12.tr/,2026-10-01T18:32:44.128947+00:00,,Öğrenci Sayısı 206
Balıkesir,Karesi,Zühtü Özkardaşlar Anadolu Lisesi,972432,Anadolu Lisesi,https://zokal.meb.k12.tr,,,https://zokal.meb.k12.tr/tema/harita.php,2026-08-31,483,483,bulundu,https://zokal.meb.k12.tr/,2026-10-01T18:32:44.145333+00:00,,Öğrenci Sayısı 483
Balıkesir,Karesi,Çiğdem Batubey Ortaokulu,721457,Ortaokul,https://cigdembatubeyortaokulu.meb.k12.tr,,,https://cigdembatubeyortaokulu.meb.k12.tr/tema/harita.php,2026-08-31,834,834,bulundu,https://cigdembatubeyortaokulu.meb.k12.tr/tema/okulumuz_hakkinda.php,2026-10-01T18:32:44.223418+00:00,,Öğrenci : 834
Balıkesir,Karesi,Ömer Kurşun Anaokulu,766997,Anaokulu,https://omerkursunanaokulu.meb.k12.tr,,,https://omerkursunanaokulu.meb.k12.tr/tema/harita.php,2026-08-31,160,160,bulundu,https://omerkursunanaokulu.meb.k12.tr/,2026-10-01T18:32:44.320187+00:00,,Öğrenci Sayısı 160
Balıkesir,Karesi,ÜÇPINARLI ŞEHİT ALİ İLKOKULU,723020,İlkokul,https://blkucpinario.meb.k12.tr,,,https://blkucpinario.meb.k12.tr/tema/harita.php,2026-08-31,297,297,bulundu,https://blkucpinario.meb.k12.tr/,2026-10-01T18:32:44.324574+00:00,,Öğrenci Sayısı : 297
Balıkesir,Karesi,İbrahim Bodur Mesleki Eğitim Merkezi,265420,Mesleki Eğitim Merkezi,https://ibrahimbodurmem.meb.k12.tr,,,https://ibrahimbodurmem.meb.k12.tr/tema/harita.php,2026-08-31,2521,2521,bulundu,https://ibrahimbodurmem.meb.k12.tr/,2026-10-01T18:32:44.504688+00:00,,Öğrenci Sayısı : 2521
Balıkesir,Karesi,İl Özel İdare Özel Eğitim Uygulama Okulu III. Kademe,747584,Özel Eğitim Kurumu,https://blkisegitim.meb.k12.tr,,,https://blkisegitim.meb.k12.tr/tema/harita.php,2026-08-31,78,78,bulundu,https://blkisegitim.meb.k12.tr/,2026-10-01T18:32:44.556252+00:00,,Öğrenci Sayısı 78
Balıkesir,Karesi,İnebey Anadolu Lisesi,967761,Anadolu Lisesi,https://inal.meb.k12.tr,,,https://inal.meb.k12.tr/tema/harita.php,2026-08-31,596,596,bulundu,https://inal.meb.k12.tr/,2026-10-01T18:32:44.700740+00:00,,Öğrenci Sayısı 596
Balıkesir,Karesi,İstanbulluoğlu Sosyal Bilimler Lisesi,950661,Sosyal Bilimler Lisesi,https://isbil.meb.k12.tr,,,https://isbil.meb.k12.tr/tema/harita.php,2026-08-31,419,419,bulundu,https://isbil.meb.k12.tr/,2026-10-01T18:32:44.850777+00:00,,Öğrenci Sayısı : 419
Balıkesir,Karesi,ŞEHİT ASTSUBAY CEMİL ERKEK ORTAOKULU,766294,Ortaokul,https://cemilerkekortaokulu.meb.k12.tr,,,https://cemilerkekortaokulu.meb.k12.tr/tema/harita.php,2026-08-31,522,522,bulundu,https://cemilerkekortaokulu.meb.k12.tr/,2026-10-01T18:32:44.873775+00:00,,Öğrenci Sayısı : 522
Balıkesir,Karesi,Şamlı İmam Hatip Ortaokulu,758458,İmam Hatip Ortaokulu,https://samliiho.meb.k12.tr,,,https://samliiho.meb.k12.tr/tema/harita.php,2026-08-31,25,25,bulundu,https://samliiho.meb.k12.tr/tema/okulumuz_hakkinda.php,2026-10-01T18:32:44.915423+00:00,,Öğrenci : 25
Balıkesir,Karesi,Şamlı Şehit Mustafa Adışen Ortaokulu,722979,Ortaokul,https://samlisehitmustafaadisenoo.meb.k12.tr,,,https://samlisehitmustafaadisenoo.meb.k12.tr/tema/harita.php,2026-08-31,96,96,bulundu,https://samlisehitmustafaadisenoo.meb.k12.tr/,2026-10-01T18:32:45.095812+00:00,,Öğrenci Sayısı : 96
Balıkesir,Karesi,Şamlı Şehit Mustafa Adışen İlkokulu,722963,İlkokul,https://samlisehitmustafaadisenio.meb.k12.tr,,,https://samlisehitmustafaadisenio.meb.k12.tr/tema/harita.php,2026-08-31,121,121,bulundu,https://samlisehitmustafaadisenio.meb.k12.tr/,2026-10-01T18:32:45.145115+00:00,,Öğrenci Sayısı : 121
Balıkesir,Karesi,Şehit Jandarma Teğmen Cengiz Evranos Ortaokulu,722828,Ortaokul,https://cengizevranosoo.meb.k12.tr,,,https://cengizevranosoo.meb.k12.tr/tema/harita.php,2026-08-31,228,228,bulundu,https://cengizevranosoo.meb.k12.tr/,2026-10-01T18:32:45.165584+00:00,,Öğrenci Sayısı : 228
Balıkesir,Karesi,Şehit Jandarma Teğmen Cengiz Evranos İlkokulu,722626,İlkokul,https://cengizevranos.meb.k12.tr,,,https://cengizevranos.meb.k12.tr/tema/harita.php,2026-08-31,246,246,bulundu,https://cengizevranos.meb.k12.tr/,2026-10-01T18:32:45.229971+00:00,,Öğrenci Sayısı: 246
Balıkesir,Karesi,Şehit Mesut Yağan Anaokulu,762510,Anaokulu,https://sehitmesutyagananaokulu.meb.k12.tr,,,https://sehitmesutyagananaokulu.meb.k12.tr/tema/harita.php,2026-08-31,226,226,bulundu,https://sehitmesutyagananaokulu.meb.k12.tr/,2026-10-01T18:32:45.234510+00:00,,Öğrenci Sayısı : 226
Balıkesir,Karesi,Şehit Prof. Dr. İlhan Varank Bilim ve Sanat Merkezi,970263,Bilim ve Sanat Merkezi,https://ilhanvarankbilsem.meb.k12.tr,,,https://ilhanvarankbilsem.meb.k12.tr/tema/harita.php,2026-08-31,702,702,bulundu,https://ilhanvarankbilsem.meb.k12.tr/,2026-10-01T18:32:45.693008+00:00,,Öğrenci Sayısı 702
Balıkesir,Karesi,Şehit Turgut Solak Fen Lisesi,326570,Fen Lisesi,https://balkesfen.meb.k12.tr,,,https://balkesfen.meb.k12.tr/tema/harita.php,2026-08-31,455,455,bulundu,https://balkesfen.meb.k12.tr/tema/okulumuz_hakkinda.php,2026-10-01T18:32:45.752389+00:00,,Öğrenci : 455
Balıkesir,Karesi,Şehit Yüzbaşı İlker Acar Ortaokulu,723047,Ortaokul,https://blkucpinaroo.meb.k12.tr,,,https://blkucpinaroo.meb.k12.tr/tema/harita.php,2026-08-31,158,158,bulundu,https://blkucpinaroo.meb.k12.tr/,2026-10-01T18:32:46.166630+00:00,,Öğrenci Sayısı 158
Balıkesir,Karesi,Şule Yüksel Şenler Kız Anadolu İmam Hatip Lisesi,758201,Anadolu İmam Hatip Lisesi,https://suleyukselsenlerkizihl.meb.k12.tr,,,https://suleyukselsenlerkizihl.meb.k12.tr/tema/harita.php,2026-08-31,584,584,bulundu,https://suleyukselsenlerkizihl.meb.k12.tr/,2026-10-01T18:32:46.209479+00:00,,Öğrenci Sayısı 584
Balıkesir,Kepsut,125.Yıl Yatılı Bölge Ortaokulu,747942,Ortaokul,https://kepsut125yilybo.meb.k12.tr,,,https://kepsut125yilybo.meb.k12.tr/tema/harita.php,2026-08-31,184,184,bulundu,https://kepsut125yilybo.meb.k12.tr/,2026-10-01T18:32:46.220418+00:00,,Öğrenci Sayısı : 184
Balıkesir,Kepsut,Cumhuriyet İlkokulu,657062,İlkokul,https://kepsutcumhuriyet.meb.k12.tr,,,https://kepsutcumhuriyet.meb.k12.tr/tema/harita.php,2026-08-31,171,171,bulundu,https://kepsutcumhuriyet.meb.k12.tr/,2026-10-01T18:32:46.281071+00:00,,Öğrenci Sayısı 171
Balıkesir,Kepsut,Eşeler İlkokulu,739577,İlkokul,https://eselerilkokulu.meb.k12.tr,,,https://eselerilkokulu.meb.k12.tr/tema/harita.php,2026-08-31,29,29,bulundu,https://eselerilkokulu.meb.k12.tr/,2026-10-01T18:32:46.620183+00:00,,Öğrenci Sayısı 29
Balıkesir,Kepsut,Hacer Özer İlkokulu,740018,İlkokul,https://hacerozero.meb.k12.tr,,,https://hacerozero.meb.k12.tr/tema/harita.php,2026-08-31,192,192,bulundu,https://hacerozero.meb.k12.tr/,2026-10-01T18:32:46.731679+00:00,,Öğrenci Sayısı : 192
Balıkesir,Kepsut,Hotaşlar Ortaokulu,738988,Ortaokul,https://hotaslarortaokulu.meb.k12.tr,,,https://hotaslarortaokulu.meb.k12.tr/tema/harita.php,2026-08-31,50,50,bulundu,https://hotaslarortaokulu.meb.k12.tr/,2026-10-01T18:32:46.794542+00:00,,Öğrenci Sayısı 50
Balıkesir,Kepsut,Hotaşlar İlkokulu,738924,İlkokul,https://hotaslarilkokulu.meb.k12.tr,,,https://hotaslarilkokulu.meb.k12.tr/tema/harita.php,2026-08-31,58,58,bulundu,https://hotaslarilkokulu.meb.k12.tr/,2026-10-01T18:32:47.078186+00:00,,Öğrenci Sayısı 58
Balıkesir,Kepsut,Kepsut Anadolu Lisesi,751295,Anadolu Lisesi,https://kepsutanadolulisesi.meb.k12.tr,,,https://kepsutanadolulisesi.meb.k12.tr/tema/harita.php,2026-08-31,113,113,bulundu,https://kepsutanadolulisesi.meb.k12.tr/,2026-10-01T18:32:47.110104+00:00,,Öğrenci Sayısı : 113
Balıkesir,Kepsut,Kepsut Anaokulu,748743,Anaokulu,https://kepsutanaokulu.meb.k12.tr,,,https://kepsutanaokulu.meb.k12.tr/tema/harita.php,2026-08-31,140,140,bulundu,https://kepsutanaokulu.meb.k12.tr/,2026-10-01T18:32:47.134340+00:00,,Öğrenci Sayısı 140
Balıkesir,Kepsut,Kepsut Halk Eğitimi Merkezi,129810,Halk Eğitimi Merkezi,https://kepsuthem.meb.k12.tr,,,https://kepsuthem.meb.k12.tr/tema/harita.php,2026-08-31,,,bulunamadi,,2026-10-01T18:32:47.214061+00:00,,
Balıkesir,Kepsut,Kepsut Hasan Basri Çantay İmam Hatip Ortaokulu,748523,İmam Hatip Ortaokulu,https://kepsutimamhatip.meb.k12.tr,,,https://kepsutimamhatip.meb.k12.tr/tema/harita.php,2026-08-31,40,40,bulundu,https://kepsutimamhatip.meb.k12.tr/,2026-10-01T18:32:47.237605+00:00,,Öğrenci Sayısı 40
Balıkesir,Kepsut,Kepsut Çok Programlı Anadolu Lisesi,129799,Çok Programlı Anadolu Lisesi,https://kepsutcpl.meb.k12.tr,,,https://kepsutcpl.meb.k12.tr/tema/harita.php,2026-08-31,133,133,bulundu,https://kepsutcpl.meb.k12.tr/,2026-10-01T18:32:47.251346+00:00,,Öğrenci Sayısı 133
Balıkesir,Kepsut,Keçidere Ortaokulu,739541,Ortaokul,https://kecidereortaokulu.meb.k12.tr,,,https://kecidereortaokulu.meb.k12.tr/tema/harita.php,2026-08-31,44,44,bulundu,https://kecidereortaokulu.meb.k12.tr/,2026-10-01T18:32:47.256949+00:00,,Öğrenci Sayısı 44
Balıkesir,Kepsut,Keçidere İlkokulu,739544,İlkokul,https://kecidereilkokulu.meb.k12.tr,,,https://kecidereilkokulu.meb.k12.tr/tema/harita.php,2026-08-31,43,43,bulundu,https://kecidereilkokulu.meb.k12.tr/,2026-10-01T18:32:47.374182+00:00,,Öğrenci Sayısı 43
Balıkesir,Kepsut,Mahmudiye Ortaokulu,739553,Ortaokul,https://mahmudiye-ortaokulu.meb.k12.tr,,,https://mahmudiye-ortaokulu.meb.k12.tr/tema/harita.php,2026-08-31,45,45,bulundu,https://mahmudiye-ortaokulu.meb.k12.tr/,2026-10-01T18:32:47.434508+00:00,,Öğrenci Sayısı : 45
Balıkesir,Kepsut,Mahmudiye İlkokulu,739524,İlkokul,https://mahmudiye-ilkokulu.meb.k12.tr,,,https://mahmudiye-ilkokulu.meb.k12.tr/tema/harita.php,2026-08-31,43,43,bulundu,https://mahmudiye-ilkokulu.meb.k12.tr/,2026-10-01T18:32:47.458843+00:00,,Öğrenci Sayısı 43
Balıkesir,Kepsut,Oktay Koçman Ortaokulu,740050,Ortaokul,https://oktaykocman.meb.k12.tr,,,https://oktaykocman.meb.k12.tr/tema/harita.php,2026-08-31,234,234,bulundu,https://oktaykocman.meb.k12.tr/,2026-10-01T18:32:47.495812+00:00,,Öğrenci Sayısı 234
Balıkesir,Kepsut,Sarac İlkokulu,721496,İlkokul,https://saracilkokulu.meb.k12.tr,,,https://saracilkokulu.meb.k12.tr/tema/harita.php,2026-08-31,42,42,bulundu,https://saracilkokulu.meb.k12.tr/,2026-10-01T18:32:47.545305+00:00,,Öğrenci Sayısı : 42
Balıkesir,Kepsut,Yaylabaşı İlkokulu,721539,İlkokul,https://yaylabailkokulu.meb.k12.tr,,,https://yaylabailkokulu.meb.k12.tr/tema/harita.php,2026-08-31,18,18,bulundu,https://yaylabailkokulu.meb.k12.tr/,2026-10-01T18:32:47.567672+00:00,,Öğrenci Sayısı: 18
Balıkesir,Kepsut,İsaalan İlkokulu,739556,İlkokul,https://isaalanilkokulu.meb.k12.tr,,,https://isaalanilkokulu.meb.k12.tr/tema/harita.php,2026-08-31,29,29,bulundu,https://isaalanilkokulu.meb.k12.tr/,2026-10-01T18:32:47.605022+00:00,,Öğrenci Sayısı : 29
Balıkesir,Manyas,Akçaova Ortaokulu,737851,Ortaokul,https://akcaovaoo.meb.k12.tr,,,https://akcaovaoo.meb.k12.tr/tema/harita.php,2026-08-31,48,48,bulundu,https://akcaovaoo.meb.k12.tr/tema/okulumuz_hakkinda.php,2026-10-01T18:32:47.698149+00:00,,Öğrenci : 48
Balıkesir,Manyas,Atatürk Ortaokulu,720209,Ortaokul,https://manyasataturk.meb.k12.tr,,,https://manyasataturk.meb.k12.tr/tema/harita.php,2026-08-31,247,247,bulundu,https://manyasataturk.meb.k12.tr/,2026-10-01T18:32:47.702922+00:00,,Öğrenci Sayısı : 247
Balıkesir,Manyas,Kızıksa Ortaokulu,738449,Ortaokul,https://kiziksaortaokulu.meb.k12.tr,,,https://kiziksaortaokulu.meb.k12.tr/tema/harita.php,2026-08-31,28,28,bulundu,https://kiziksaortaokulu.meb.k12.tr/,2026-10-01T18:32:47.751876+00:00,,Öğrenci Sayısı : 28
Balıkesir,Manyas,Kızıksa İlkokulu,738643,İlkokul,https://kiziksailkokulu.meb.k12.tr,,,https://kiziksailkokulu.meb.k12.tr/tema/harita.php,2026-08-31,22,22,bulundu,https://kiziksailkokulu.meb.k12.tr/,2026-10-01T18:32:47.777818+00:00,,Öğrenci Sayısı : 22
Balıkesir,Manyas,Manyas Anadolu Lisesi,969722,Anadolu Lisesi,https://manyasanadolu.meb.k12.tr,,,https://manyasanadolu.meb.k12.tr/tema/harita.php,2026-08-31,160,160,bulundu,https://manyasanadolu.meb.k12.tr/tema/okulumuz_hakkinda.php,2026-10-01T18:32:47.794239+00:00,,Öğrenci : 160
Balıkesir,Manyas,Manyas Anadolu İmam Hatip Lisesi,129954,Anadolu İmam Hatip Lisesi,https://manyasihl.meb.k12.tr,,,https://manyasihl.meb.k12.tr/tema/harita.php,2026-08-31,244,244,bulundu,https://manyasihl.meb.k12.tr/,2026-10-01T18:32:47.800552+00:00,,Öğrenci Sayısı 244
Balıkesir,Manyas,Manyas Halk Eğitimi Merkezi,129966,Halk Eğitimi Merkezi,https://manyashem.meb.k12.tr,,,https://manyashem.meb.k12.tr/tema/harita.php,2026-08-31,,,bulunamadi,,2026-10-01T18:32:47.833234+00:00,,
Balıkesir,Manyas,Manyas Öğretmenevi ve Akşam Sanat Okulu,974973,Öğretmenevi,https://manyasogretmeneviveaso.meb.k12.tr,,,https://manyasogretmeneviveaso.meb.k12.tr/tema/harita.php,2026-08-31,,,bulunamadi,,2026-10-01T18:32:47.929583+00:00,,
Balıkesir,Manyas,Nene Hatun Anaokulu,970756,Anaokulu,https://manyasnenehatun.meb.k12.tr,,,https://manyasnenehatun.meb.k12.tr/tema/harita.php,2026-08-31,148,148,bulundu,https://manyasnenehatun.meb.k12.tr/,2026-10-01T18:32:48.166234+00:00,,Öğrenci Sayısı: 148
Balıkesir,Manyas,Salur Mesleki ve Teknik Anadolu Lisesi,377651,Mesleki ve Teknik Anadolu Lisesi,https://salurmtal.meb.k12.tr,,,https://salurmtal.meb.k12.tr/tema/harita.php,2026-08-31,188,188,bulundu,https://salurmtal.meb.k12.tr/,2026-10-01T18:32:48.283374+00:00,,Öğrenci Sayısı 188
Balıkesir,Manyas,İstiklal İlkokulu,389952,İlkokul,https://istiklalilkokulu10.meb.k12.tr,,,https://istiklalilkokulu10.meb.k12.tr/tema/harita.php,2026-08-31,475,475,bulundu,https://istiklalilkokulu10.meb.k12.tr/,2026-10-01T18:32:48.321537+00:00,,Öğrenci Sayısı : 475
Balıkesir,Manyas,Şevketiye İlkokulu,679295,İlkokul,https://sevketiyeilkokulu.meb.k12.tr,,,https://sevketiyeilkokulu.meb.k12.tr/tema/harita.php,2026-08-31,62,62,bulundu,https://sevketiyeilkokulu.meb.k12.tr/,2026-10-01T18:32:48.339103+00:00,,Öğrenci Sayısı : 62
Balıkesir,Marmara,Avşa Ortaokulu,736312,Ortaokul,https://avsaortaokulu.meb.k12.tr,,,https://avsaortaokulu.meb.k12.tr/tema/harita.php,2026-08-31,121,121,bulundu,https://avsaortaokulu.meb.k12.tr/,2026-10-01T18:32:48.398213+00:00,,Öğrenci Sayısı : 121
Balıkesir,Marmara,Avşa İlkokulu,736306,İlkokul,https://avsailkokulu.meb.k12.tr,,,https://avsailkokulu.meb.k12.tr/tema/harita.php,2026-08-31,179,179,bulundu,https://avsailkokulu.meb.k12.tr/,2026-10-01T18:32:48.400442+00:00,,Öğrenci Sayısı: 179
Balıkesir,Marmara,Güner Yavuz Anaokulu,758155,Anaokulu,https://guneryavuzanaokulu.meb.k12.tr,,,https://guneryavuzanaokulu.meb.k12.tr/tema/harita.php,2026-08-31,77,77,bulundu,https://guneryavuzanaokulu.meb.k12.tr/,2026-10-01T18:32:48.516253+00:00,,Öğrenci Sayısı: 77
Balıkesir,Marmara,Marmara Anaokulu,765729,Anaokulu,https://marmaraadasianaokulu.meb.k12.tr,,,https://marmaraadasianaokulu.meb.k12.tr/tema/harita.php,2026-08-31,47,47,bulundu,https://marmaraadasianaokulu.meb.k12.tr/,2026-10-01T18:32:48.531599+00:00,,Öğrenci Sayısı 47
Balıkesir,Marmara,Marmara Halk Eğitimi Merkezi,215273,Halk Eğitimi Merkezi,https://marmarahem.meb.k12.tr,,,https://marmarahem.meb.k12.tr/tema/harita.php,2026-08-31,,,bulunamadi,,2026-10-01T18:32:48.588804+00:00,,
Balıkesir,Marmara,Marmara Çok Programlı Anadolu Lisesi,129356,Çok Programlı Anadolu Lisesi,https://marmaracpal.meb.k12.tr,,,https://marmaracpal.meb.k12.tr/tema/harita.php,2026-08-31,107,107,bulundu,https://marmaracpal.meb.k12.tr/,2026-10-01T18:32:48.681550+00:00,,Öğrenci Sayısı : 107
Balıkesir,Marmara,Recep Ahmet Mercan Ortaokulu,736253,Ortaokul,https://recepahmetmercanoo.meb.k12.tr,,,https://recepahmetmercanoo.meb.k12.tr/tema/harita.php,2026-08-31,71,71,bulundu,https://recepahmetmercanoo.meb.k12.tr/,2026-10-01T18:32:48.685106+00:00,,Öğrenci Sayısı : 71
Balıkesir,Marmara,Recep Ahmet Mercan İlkokulu,736216,İlkokul,https://recepahmetmercanio.meb.k12.tr,,,https://recepahmetmercanio.meb.k12.tr/tema/harita.php,2026-08-31,122,122,bulundu,https://recepahmetmercanio.meb.k12.tr/,2026-10-01T18:32:48.815682+00:00,,Öğrenci Sayısı : 122
Balıkesir,Marmara,Saraylar Anadolu İmam Hatip Lisesi,762253,Anadolu İmam Hatip Lisesi,https://saraylaranadoluimamhatiplisesi.meb.k12.tr,,,https://saraylaranadoluimamhatiplisesi.meb.k12.tr/tema/harita.php,2026-08-31,104,104,bulundu,https://saraylaranadoluimamhatiplisesi.meb.k12.tr/tema/okulumuz_hakkinda.php,2026-10-01T18:32:48.840819+00:00,,Öğrenci : 104
Balıkesir,Marmara,Saraylar Ortaokulu,736282,Ortaokul,https://saraylarortaokulu.meb.k12.tr,,,https://saraylarortaokulu.meb.k12.tr/tema/harita.php,2026-08-31,154,154,bulundu,https://saraylarortaokulu.meb.k12.tr/,2026-10-01T18:32:48.864730+00:00,,Öğrenci Sayısı 154
Balıkesir,Marmara,Saraylar İlkokulu,736273,İlkokul,https://saraylarilkokulu.meb.k12.tr,,,https://saraylarilkokulu.meb.k12.tr/tema/harita.php,2026-08-31,146,146,bulundu,https://saraylarilkokulu.meb.k12.tr/,2026-10-01T18:32:48.986109+00:00,,Öğrenci Sayısı 146
Balıkesir,Marmara,Topağaç İlkokulu,656713,İlkokul,https://topagac.meb.k12.tr,,,https://topagac.meb.k12.tr/tema/harita.php,2026-08-31,17,17,bulundu,https://topagac.meb.k12.tr/,2026-10-01T18:32:49.243798+00:00,,Öğrenci Sayısı 17
Balıkesir,Savaştepe,Alişuuri Ortaokulu,736869,Ortaokul,https://savastepealisuuri.meb.k12.tr,,,https://savastepealisuuri.meb.k12.tr/tema/harita.php,2026-08-31,165,165,bulundu,https://savastepealisuuri.meb.k12.tr/,2026-10-01T18:32:49.391175+00:00,,Öğrenci Sayısı 165
Balıkesir,Savaştepe,Cumhuriyet İlkokulu,758457,İlkokul,https://savastepecumhuriyetio.meb.k12.tr,,,https://savastepecumhuriyetio.meb.k12.tr/tema/harita.php,2026-08-31,257,257,bulundu,https://savastepecumhuriyetio.meb.k12.tr/,2026-10-01T18:32:49.465920+00:00,,Öğrenci Sayısı : 257
Balıkesir,Savaştepe,Fatih Ortaokulu,736880,Ortaokul,https://savastepefatihortaokulu.meb.k12.tr,,,https://savastepefatihortaokulu.meb.k12.tr/tema/harita.php,2026-08-31,223,223,bulundu,https://savastepefatihortaokulu.meb.k12.tr/,2026-10-01T18:32:49.873670+00:00,,Öğrenci Sayısı 223
Balıkesir,Savaştepe,Karacalar Mustafa Kangal Ortaokulu,736817,Ortaokul,https://karacalarmustafakangalortaokulu.meb.k12.tr,,,https://karacalarmustafakangalortaokulu.meb.k12.tr/tema/harita.php,2026-08-31,42,42,bulundu,https://karacalarmustafakangalortaokulu.meb.k12.tr/,2026-10-01T18:32:49.910591+00:00,,Öğrenci Sayısı 42
Balıkesir,Savaştepe,Karacalar Mustafa Kangal İlkokulu,736823,İlkokul,https://karacalarmkangalio.meb.k12.tr,,,https://karacalarmkangalio.meb.k12.tr/tema/harita.php,2026-08-31,48,48,bulundu,https://karacalarmkangalio.meb.k12.tr/,2026-10-01T18:32:49.947191+00:00,,Öğrenci Sayısı 48
Balıkesir,Savaştepe,Mehmet Akif Ersoy İlkokulu,736845,İlkokul,https://savatepemehmetakifersoyilkokulu.meb.k12.tr,,,https://savatepemehmetakifersoyilkokulu.meb.k12.tr/tema/harita.php,2026-08-31,196,196,bulundu,https://savatepemehmetakifersoyilkokulu.meb.k12.tr/,2026-10-01T18:32:50.360926+00:00,,Öğrenci Sayısı 196
Balıkesir,Savaştepe,Necip Fazıl Kısakürek Anadolu Lisesi,343895,Anadolu Lisesi,https://nefkal.meb.k12.tr,,,https://nefkal.meb.k12.tr/tema/harita.php,2026-08-31,86,86,bulundu,https://nefkal.meb.k12.tr/,2026-10-01T18:32:50.432576+00:00,,Öğrenci Sayısı 86
Balıkesir,Savaştepe,Sarıbeyler Ortaokulu,736837,Ortaokul,https://saribeylerortaokulu.meb.k12.tr,,,https://saribeylerortaokulu.meb.k12.tr/tema/harita.php,2026-08-31,80,80,bulundu,https://saribeylerortaokulu.meb.k12.tr/,2026-10-01T18:32:50.449008+00:00,,Öğrenci Sayısı 80
Balıkesir,Savaştepe,Sarıbeyler İlkokulu,736844,İlkokul,https://saribeylerilkokulu.meb.k12.tr,,,https://saribeylerilkokulu.meb.k12.tr/tema/harita.php,2026-08-31,115,115,bulundu,https://saribeylerilkokulu.meb.k12.tr/,2026-10-01T18:32:50.810694+00:00,,Öğrenci Sayısı 115
Balıkesir,Savaştepe,Savaştepe Anadolu İmam Hatip Lisesi,130096,Anadolu İmam Hatip Lisesi,https://savastepeaihl.meb.k12.tr,,,https://savastepeaihl.meb.k12.tr/tema/harita.php,2026-08-31,71,71,bulundu,https://savastepeaihl.meb.k12.tr/,2026-10-01T18:32:50.861800+00:00,,Öğrenci Sayısı : 71
Balıkesir,Savaştepe,Savaştepe Anaokulu,752551,Anaokulu,https://savastepeanaokulu.meb.k12.tr,,,https://savastepeanaokulu.meb.k12.tr/tema/harita.php,2026-08-31,67,67,bulundu,https://savastepeanaokulu.meb.k12.tr/,2026-10-01T18:32:50.896805+00:00,,Öğrenci Sayısı: 67
Balıkesir,Savaştepe,Savaştepe Halk Eğitimi Merkezi,130106,Halk Eğitimi Merkezi,https://savastepehem.meb.k12.tr,,,https://savastepehem.meb.k12.tr/tema/harita.php,2026-08-31,,,bulunamadi,,2026-10-01T18:32:51.099456+00:00,,
Balıkesir,Savaştepe,Savaştepe Tarım Meslekî ve Teknik Anadolu Lisesi,962876,Mesleki ve Teknik Anadolu Lisesi,https://thmtal.meb.k12.tr,,,https://thmtal.meb.k12.tr/tema/harita.php,2026-08-31,239,239,bulundu,https://thmtal.meb.k12.tr/,2026-10-01T18:32:51.205897+00:00,,Öğrenci Sayısı : 239
Balıkesir,Savaştepe,Tıbbiyeli Hikmet Mesleki ve Teknik Anadolu Lisesi,130084,Mesleki ve Teknik Anadolu Lisesi,https://savastepethmtal.meb.k12.tr,,,https://savastepethmtal.meb.k12.tr/tema/harita.php,2026-08-31,179,179,bulundu,https://savastepethmtal.meb.k12.tr/,2026-10-01T18:32:51.278078+00:00,,Öğrenci Sayısı 179
Balıkesir,Savaştepe,Yeşilhisar İlkokulu,745200,İlkokul,https://yesilhisarioo.meb.k12.tr,,,https://yesilhisarioo.meb.k12.tr/tema/harita.php,2026-08-31,25,25,bulundu,https://yesilhisarioo.meb.k12.tr/,2026-10-01T18:32:51.333056+00:00,,Öğrenci Sayısı : 25
Balıkesir,Savaştepe,Zafer İlkokulu,736860,İlkokul,https://savastepezaferio.meb.k12.tr,,,https://savastepezaferio.meb.k12.tr/tema/harita.php,2026-08-31,61,61,bulundu,https://savastepezaferio.meb.k12.tr/,2026-10-01T18:32:51.334940+00:00,,Öğrenci Sayısı : 61
Balıkesir,Savaştepe,Şehit Onbaşı Bayram Kaya Ortaokulu,736830,Ortaokul,https://sehitonbasibayramkayao.meb.k12.tr,,,https://sehitonbasibayramkayao.meb.k12.tr/tema/harita.php,2026-08-31,50,50,bulundu,https://sehitonbasibayramkayao.meb.k12.tr/,2026-10-01T18:32:51.358076+00:00,,Öğrenci Sayısı 50
Balıkesir,Savaştepe,Şehit Onbaşı Bayram Kaya İlkokulu,736833,İlkokul,https://sehitonbasibayramkayai.meb.k12.tr,,,https://sehitonbasibayramkayai.meb.k12.tr/tema/harita.php,2026-08-31,33,33,bulundu,https://sehitonbasibayramkayai.meb.k12.tr/,2026-10-01T18:32:51.377394+00:00,,Öğrenci Sayısı 33
Balıkesir,Susurluk,5 Eylül Anadolu Lisesi,130395,Anadolu Lisesi,https://5eylulanadolulisesi.meb.k12.tr,,,https://5eylulanadolulisesi.meb.k12.tr/tema/harita.php,2026-08-31,153,153,bulundu,https://5eylulanadolulisesi.meb.k12.tr/tema/okulumuz_hakkinda.php,2026-10-01T18:32:51.438207+00:00,,Öğrenci : 153
Balıkesir,Susurluk,ATATÜRK İLKOKULU,739294,İlkokul,https://susurlukataturkio.meb.k12.tr,,,https://susurlukataturkio.meb.k12.tr/tema/harita.php,2026-08-31,304,304,bulundu,https://susurlukataturkio.meb.k12.tr/,2026-10-01T18:32:51.548858+00:00,,Öğrenci Sayısı : 304
Balıkesir,Susurluk,Beşeylül İlkokulu,745235,İlkokul,https://5eylulilkokulu.meb.k12.tr,,,https://5eylulilkokulu.meb.k12.tr/tema/harita.php,2026-08-31,504,504,bulundu,https://5eylulilkokulu.meb.k12.tr/,2026-10-01T18:32:51.732758+00:00,,Öğrenci Sayısı : 504
Balıkesir,Susurluk,Demirkapı Şeref Eğinlioğlu Ortaokulu,775362,Ortaokul,https://775362.meb.k12.tr,,,https://775362.meb.k12.tr/tema/harita.php,2026-08-31,61,61,bulundu,https://775362.meb.k12.tr/,2026-10-01T18:32:51.765017+00:00,,Öğrenci Sayısı : 61
Balıkesir,Susurluk,Demirkapı Şeref Eğinlioğlu İlkokulu,745242,İlkokul,https://dse.meb.k12.tr,,,https://dse.meb.k12.tr/tema/harita.php,2026-08-31,97,97,bulundu,https://dse.meb.k12.tr/,2026-10-01T18:32:52.056457+00:00,,Öğrenci Sayısı: 97
Balıkesir,Susurluk,Dereköy İlkokulu,745233,İlkokul,https://susurlukderekoyilkokulu.meb.k12.tr,,,https://susurlukderekoyilkokulu.meb.k12.tr/tema/harita.php,2026-08-31,18,18,bulundu,https://susurlukderekoyilkokulu.meb.k12.tr/tema/okulumuz_hakkinda.php,2026-10-01T18:32:52.099504+00:00,,Öğrenci : 18
Balıkesir,Susurluk,FATİH İLKOKULU,288036,İlkokul,https://fatihio.meb.k12.tr,,,https://fatihio.meb.k12.tr/tema/harita.php,2026-08-31,,,bulunamadi,,2026-10-01T18:32:52.130824+00:00,,
Balıkesir,Susurluk,GÖBEL ŞEHİT NUSRET KULA ORTAOKULU,739125,Ortaokul,https://gobelsnkortaokulu.meb.k12.tr,,,https://gobelsnkortaokulu.meb.k12.tr/tema/harita.php,2026-08-31,153,153,bulundu,https://gobelsnkortaokulu.meb.k12.tr/,2026-10-01T18:32:52.153291+00:00,,Öğrenci Sayısı : 153
Balıkesir,Susurluk,GÖBEL ŞEHİT NUSRET KULA İLKOKULU,739118,İlkokul,https://gobelsnkilkokulu.meb.k12.tr,,,https://gobelsnkilkokulu.meb.k12.tr/tema/harita.php,2026-08-31,113,113,bulundu,https://gobelsnkilkokulu.meb.k12.tr/,2026-10-01T18:32:52.168333+00:00,,Öğrenci Sayısı 113
Balıkesir,Susurluk,Hayme Ana Kız Mesleki ve Teknik Anadolu Lisesi,130405,Mesleki ve Teknik Anadolu Lisesi,https://susurlukhaymeana.meb.k12.tr,,,https://susurlukhaymeana.meb.k12.tr/tema/harita.php,2026-08-31,250,250,bulundu,https://susurlukhaymeana.meb.k12.tr/,2026-10-01T18:32:52.475410+00:00,,Öğrenci Sayısı 250
Balıkesir,Susurluk,KARAPÜRÇEK ŞEHİT MESUT NAYMAN ORTAOKULU,739155,Ortaokul,https://karapurceksmnoo.meb.k12.tr,,,https://karapurceksmnoo.meb.k12.tr/tema/harita.php,2026-08-31,62,62,bulundu,https://karapurceksmnoo.meb.k12.tr/,2026-10-01T18:32:52.481024+00:00,,Öğrenci Sayısı 62
Balıkesir,Susurluk,KARAPÜRÇEK ŞEHİT MESUT NAYMAN İLKOKULU,739147,İlkokul,https://karapurceksmnio.meb.k12.tr,,,https://karapurceksmnio.meb.k12.tr/tema/harita.php,2026-08-31,53,53,bulundu,https://karapurceksmnio.meb.k12.tr/,2026-10-01T18:32:52.621404+00:00,,Öğrenci Sayısı: 53
Balıkesir,Susurluk,NİMET SADIK ÖZYİĞİT ORTAOKULU,739223,Ortaokul,https://susurluknso.meb.k12.tr,,,https://susurluknso.meb.k12.tr/tema/harita.php,2026-08-31,,,bulunamadi,,2026-10-01T18:32:52.774908+00:00,,
Balıkesir,Susurluk,Susurluk Anadolu Lisesi,130383,Anadolu Lisesi,https://susurlukanadolulisesi.meb.k12.tr,,,https://susurlukanadolulisesi.meb.k12.tr/tema/harita.php,2026-08-31,338,338,bulundu,https://susurlukanadolulisesi.meb.k12.tr/tema/okulumuz_hakkinda.php,2026-10-01T18:32:52.823894+00:00,,Öğrenci : 338
Balıkesir,Susurluk,Susurluk Anadolu İmam Hatip Lisesi,130417,Anadolu İmam Hatip Lisesi,https://susurlukihl.meb.k12.tr,,,https://susurlukihl.meb.k12.tr/tema/harita.php,2026-08-31,108,108,bulundu,https://susurlukihl.meb.k12.tr/,2026-10-01T18:32:52.905469+00:00,,Öğrenci Sayısı : 108
Balıkesir,Susurluk,Susurluk Halk Eğitimi Merkezi,130429,Halk Eğitimi Merkezi,https://susurlukhem.meb.k12.tr,,,https://susurlukhem.meb.k12.tr/tema/harita.php,2026-08-31,,,bulunamadi,,2026-10-01T18:32:52.912893+00:00,,
Balıkesir,Susurluk,Susurluk Mesleki Eğitim Merkezi,777246,Mesleki Eğitim Merkezi,https://susurlukmesem.meb.k12.tr,,,https://susurlukmesem.meb.k12.tr/tema/harita.php,2026-08-31,103,103,bulundu,https://susurlukmesem.meb.k12.tr/,2026-10-01T18:32:52.942468+00:00,,Öğrenci Sayısı : 103
Balıkesir,Susurluk,Susurluk Mesleki ve Teknik Anadolu Lisesi,216038,Mesleki ve Teknik Anadolu Lisesi,https://susurlukeml.meb.k12.tr,,,https://susurlukeml.meb.k12.tr/tema/harita.php,2026-08-31,411,411,bulundu,https://susurlukeml.meb.k12.tr/,2026-10-01T18:32:53.091032+00:00,,Öğrenci Sayısı 411
Balıkesir,Susurluk,Susurluk İmam Hatip Ortaokulu,750514,İmam Hatip Ortaokulu,https://susurlukiho.meb.k12.tr,,,https://susurlukiho.meb.k12.tr/tema/harita.php,2026-08-31,347,347,bulundu,https://susurlukiho.meb.k12.tr/,2026-10-01T18:32:53.097005+00:00,,Öğrenci Sayısı 347
Balıkesir,Susurluk,Zübeyde Hanım Türkiye Odalar ve Borsalar Birliği Anaokulu,964447,Anaokulu,https://zubeydehanimtobb.meb.k12.tr,,,https://zubeydehanimtobb.meb.k12.tr/tema/harita.php,2026-08-31,194,194,bulundu,https://zubeydehanimtobb.meb.k12.tr/,2026-10-01T18:32:53.157841+00:00,,Öğrenci Sayısı 194
Balıkesir,Susurluk,ŞEKER İLKOKULU,739179,İlkokul,https://susurluksekerio.meb.k12.tr,,,https://susurluksekerio.meb.k12.tr/tema/harita.php,2026-08-31,91,91,bulundu,https://susurluksekerio.meb.k12.tr/,2026-10-01T18:32:53.234207+00:00,,Öğrenci Sayısı: 91
Balıkesir,Susurluk,ŞERAFETTİN TUNALI ORTAOKULU,739287,Ortaokul,https://serafettintunaliortaokulu.meb.k12.tr,,,https://serafettintunaliortaokulu.meb.k12.tr/tema/harita.php,2026-08-31,77,77,bulundu,https://serafettintunaliortaokulu.meb.k12.tr/,2026-10-01T18:32:53.278132+00:00,,Öğrenci Sayısı 77
Balıkesir,Susurluk,ŞERAFETTİN TUNALI İLKOKULU,739281,İlkokul,https://serafettintunaliilkokulu.meb.k12.tr,,,https://serafettintunaliilkokulu.meb.k12.tr/tema/harita.php,2026-08-31,158,158,bulundu,https://serafettintunaliilkokulu.meb.k12.tr/,2026-10-01T18:32:53.340623+00:00,,Öğrenci Sayısı 158
Balıkesir,Susurluk,Şehit Erbil Arslan Ortaokulu,650812,Ortaokul,https://sehiterbilarslanortaokulu.meb.k12.tr,,,https://sehiterbilarslanortaokulu.meb.k12.tr/tema/harita.php,2026-08-31,722,722,bulundu,https://sehiterbilarslanortaokulu.meb.k12.tr/,2026-10-01T18:32:53.364127+00:00,,Öğrenci Sayısı : 722
Balıkesir,Sındırgı,3 Eylül Anaokulu,973420,Anaokulu,https://3eylulanaokulu.meb.k12.tr,,,https://3eylulanaokulu.meb.k12.tr/tema/harita.php,2026-08-31,146,146,bulundu,https://3eylulanaokulu.meb.k12.tr/,2026-10-01T18:32:53.496279+00:00,,Öğrenci Sayısı: 146
Balıkesir,Sındırgı,Atatürk İlkokulu,721735,İlkokul,https://blksindirgiataturkioo.meb.k12.tr,,,https://blksindirgiataturkioo.meb.k12.tr/tema/harita.php,2026-08-31,,,bulunamadi,,2026-10-01T18:32:53.577855+00:00,,
Balıkesir,Sındırgı,Cumhuriyet Ortaokulu,721851,Ortaokul,https://scumhuriyetortaokulu.meb.k12.tr,,,https://scumhuriyetortaokulu.meb.k12.tr/tema/harita.php,2026-08-31,255,255,bulundu,https://scumhuriyetortaokulu.meb.k12.tr/,2026-10-01T18:32:53.580830+00:00,,Öğrenci Sayısı 255
Balıkesir,Sındırgı,Düvertepe Ortaokulu,747865,Ortaokul,https://duvertepeybo.meb.k12.tr,,,https://duvertepeybo.meb.k12.tr/tema/harita.php,2026-08-31,23,23,bulundu,https://duvertepeybo.meb.k12.tr/,2026-10-01T18:32:53.809082+00:00,,Öğrenci Sayısı : 23
Balıkesir,Sındırgı,Düvertepe İlkokulu,752561,İlkokul,https://duvertepeilkokulu.meb.k12.tr,,,https://duvertepeilkokulu.meb.k12.tr/tema/harita.php,2026-08-31,19,19,bulundu,https://duvertepeilkokulu.meb.k12.tr/,2026-10-01T18:32:53.811982+00:00,,Öğrenci Sayısı : 19
Balıkesir,Sındırgı,Gölcük Ortaokulu,736819,Ortaokul,https://sindirgigolcukortaokulu.meb.k12.tr,,,https://sindirgigolcukortaokulu.meb.k12.tr/tema/harita.php,2026-08-31,24,24,bulundu,https://sindirgigolcukortaokulu.meb.k12.tr/,2026-10-01T18:32:53.946960+00:00,,Öğrenci Sayısı : 24
Balıkesir,Sındırgı,Gölcük İlkokulu,736757,İlkokul,https://sindirgigolcukilkokulu.meb.k12.tr,,,https://sindirgigolcukilkokulu.meb.k12.tr/tema/harita.php,2026-08-31,,,bulunamadi,,2026-10-01T18:32:54.359432+00:00,,
Balıkesir,Sındırgı,Kocakonak İlkokulu,721931,İlkokul,https://kocakonakilkokulu.meb.k12.tr,,,https://kocakonakilkokulu.meb.k12.tr/tema/harita.php,2026-08-31,108,108,bulundu,https://kocakonakilkokulu.meb.k12.tr/,2026-10-01T18:32:54.447209+00:00,,Öğrenci Sayısı : 108
Balıkesir,Sındırgı,Kurtuluş İlkokulu,738061,İlkokul,https://sindirgikurtulusio.meb.k12.tr,,,https://sindirgikurtulusio.meb.k12.tr/tema/harita.php,2026-08-31,317,317,bulundu,https://sindirgikurtulusio.meb.k12.tr/,2026-10-01T18:32:54.475395+00:00,,Öğrenci Sayısı : 317
Balıkesir,Sındırgı,Sındırgı Anadolu İmam Hatip Lisesi,130275,Anadolu İmam Hatip Lisesi,https://sindirgiihl.meb.k12.tr,,,https://sindirgiihl.meb.k12.tr/tema/harita.php,2026-08-31,75,75,bulundu,https://sindirgiihl.meb.k12.tr/,2026-10-01T18:32:54.519582+00:00,,Öğrenci Sayısı : 75
Balıkesir,Sındırgı,Sındırgı Halk Eğitimi Merkezi,130287,Halk Eğitimi Merkezi,https://sindirgihem.meb.k12.tr,,,https://sindirgihem.meb.k12.tr/tema/harita.php,2026-08-31,,,bulunamadi,,2026-10-01T18:32:54.564504+00:00,,
Balıkesir,Sındırgı,Sındırgı Makbule Efe Anadolu Lisesi,964269,Anadolu Lisesi,https://sindirgimeal.meb.k12.tr,,,https://sindirgimeal.meb.k12.tr/tema/harita.php,2026-08-31,,,bulunamadi,,2026-10-01T18:32:54.572532+00:00,,
Balıkesir,Sındırgı,Sındırgı Mesleki ve Teknik Anadolu Lisesi,906988,Mesleki ve Teknik Anadolu Lisesi,https://sindirgimtal.meb.k12.tr,,,https://sindirgimtal.meb.k12.tr/tema/harita.php,2026-08-31,,,bulunamadi,,2026-10-01T18:32:54.627652+00:00,,
Balıkesir,Sındırgı,Sındırgı Öğretmenevi ve Akşam Sanat Okulu,971057,Öğretmenevi,https://sindirgiogretmeneviaso.meb.k12.tr,,,https://sindirgiogretmeneviaso.meb.k12.tr/tema/harita.php,2026-08-31,,,bulunamadi,,2026-10-01T18:32:54.642397+00:00,,
Balıkesir,Sındırgı,Sındırgı İmam Hatip Ortaokulu,750516,İmam Hatip Ortaokulu,https://sindirgiiho.meb.k12.tr,,,https://sindirgiiho.meb.k12.tr/tema/harita.php,2026-08-31,152,152,bulundu,https://sindirgiiho.meb.k12.tr/,2026-10-01T18:32:54.754833+00:00,,Öğrenci Sayısı : 152
Balıkesir,Sındırgı,Yaylabayır Muazzez Keskin İlkokulu,736850,İlkokul,https://yaylabayirioo.meb.k12.tr,,,https://yaylabayirioo.meb.k12.tr/tema/harita.php,2026-08-31,11,11,bulundu,https://yaylabayirioo.meb.k12.tr/,2026-10-01T18:32:54.771230+00:00,,Öğrenci Sayısı : 11
Balıkesir,Sındırgı,Yağcıbedir Ortaokulu,721832,Ortaokul,https://yagcibedirortaokulu.meb.k12.tr,,,https://yagcibedirortaokulu.meb.k12.tr/tema/harita.php,2026-08-31,194,194,bulundu,https://yagcibedirortaokulu.meb.k12.tr/,2026-10-01T18:32:54.779795+00:00,,Öğrenci Sayısı : 194
Balıkesir,Sındırgı,Yüreğil Ortaokulu,736865,Ortaokul,https://yuregilortaokulu.meb.k12.tr,,,https://yuregilortaokulu.meb.k12.tr/tema/harita.php,2026-08-31,90,90,bulundu,https://yuregilortaokulu.meb.k12.tr/,2026-10-01T18:32:54.929115+00:00,,Öğrenci Sayısı 90
Balıkesir,Sındırgı,Yüreğil İlkokulu,736862,İlkokul,https://yuregililkokulu.meb.k12.tr,,,https://yuregililkokulu.meb.k12.tr/tema/harita.php,2026-08-31,134,134,bulundu,https://yuregililkokulu.meb.k12.tr/,2026-10-01T18:32:54.948208+00:00,,Öğrenci Sayısı : 134
Balıkesir,Sındırgı,İbrahim Ethem Akıncı Ortaokulu,736702,Ortaokul,https://ibrahimethemakinciortaokulu.meb.k12.tr,,,https://ibrahimethemakinciortaokulu.meb.k12.tr/tema/harita.php,2026-08-31,125,125,bulundu,https://ibrahimethemakinciortaokulu.meb.k12.tr/,2026-10-01T18:32:54.972819+00:00,,Öğrenci Sayısı 125
Balıkesir,Sındırgı,İbrahim Ethem Akıncı İlkokulu,736679,İlkokul,https://ibrahimethemakinciilkokulu.meb.k12.tr,,,https://ibrahimethemakinciilkokulu.meb.k12.tr/tema/harita.php,2026-08-31,152,152,bulundu,https://ibrahimethemakinciilkokulu.meb.k12.tr/tema/okulumuz_hakkinda.php,2026-10-01T18:32:55.001250+00:00,,Öğrenci : 152
Balıkesir,İvrindi,7 EYLÜL İLKOKULU,739093,İlkokul,https://7eylulio.meb.k12.tr,,,https://7eylulio.meb.k12.tr/tema/harita.php,2026-08-31,326,326,bulundu,https://7eylulio.meb.k12.tr/,2026-10-01T18:32:55.058968+00:00,,Öğrenci Sayısı 326
Balıkesir,İvrindi,Büyükfındık Ortaokulu,738650,Ortaokul,https://buyukfindikortaokulu.meb.k12.tr,,,https://buyukfindikortaokulu.meb.k12.tr/tema/harita.php,2026-08-31,,,bulunamadi,,2026-10-01T18:32:55.069901+00:00,,
Balıkesir,İvrindi,Büyükfındık İlkokulu,737858,İlkokul,https://buyukfindikilkokulu.meb.k12.tr,,,https://buyukfindikilkokulu.meb.k12.tr/tema/harita.php,2026-08-31,54,54,bulundu,https://buyukfindikilkokulu.meb.k12.tr/,2026-10-01T18:32:55.374546+00:00,,Öğrenci Sayısı 54
Balıkesir,İvrindi,Büyükyenice Ortaokulu,745879,Ortaokul,https://buyukyeniceortaokulu.meb.k12.tr,,,https://buyukyeniceortaokulu.meb.k12.tr/tema/harita.php,2026-08-31,70,70,bulundu,https://buyukyeniceortaokulu.meb.k12.tr/,2026-10-01T18:32:55.435162+00:00,,Öğrenci Sayısı : 70
Balıkesir,İvrindi,Büyükyenice İlkokulu,738380,İlkokul,https://buyukyeniceilkokulu.meb.k12.tr,,,https://buyukyeniceilkokulu.meb.k12.tr/tema/harita.php,2026-08-31,85,85,bulundu,https://buyukyeniceilkokulu.meb.k12.tr/,2026-10-01T18:32:55.457377+00:00,,Öğrenci Sayısı : 85
Balıkesir,İvrindi,Demirciler İlkokulu,744812,İlkokul,https://ivrindidemircilerilkokulu.meb.k12.tr,,,https://ivrindidemircilerilkokulu.meb.k12.tr/tema/harita.php,2026-08-31,9,9,bulundu,https://ivrindidemircilerilkokulu.meb.k12.tr/,2026-10-01T18:32:55.492033+00:00,,Öğrenci Sayısı 9
Balıkesir,İvrindi,Değirmenbaşı İlkokulu,744801,İlkokul,https://ivrindidegirmenbasiilkokulu.meb.k12.tr,,,https://ivrindidegirmenbasiilkokulu.meb.k12.tr/tema/harita.php,2026-08-31,38,38,bulundu,https://ivrindidegirmenbasiilkokulu.meb.k12.tr/,2026-10-01T18:32:55.507112+00:00,,Öğrenci Sayısı : 38
Balıkesir,İvrindi,Gazi Mehmet Azman Çavuş Özel Eğitim Meslek Okulu,767449,Özel Eğitim Kurumu,https://gazimehmetazmancavusoemo.meb.k12.tr,,,https://gazimehmetazmancavusoemo.meb.k12.tr/tema/harita.php,2026-08-31,27,27,bulundu,https://gazimehmetazmancavusoemo.meb.k12.tr/,2026-10-01T18:32:55.509777+00:00,,Öğrenci Sayısı : 27
Balıkesir,İvrindi,Gazievrenos İlkokulu,739005,İlkokul,https://gazievrenosilkokulu.meb.k12.tr,,,https://gazievrenosilkokulu.meb.k12.tr/tema/harita.php,2026-08-31,252,252,bulundu,https://gazievrenosilkokulu.meb.k12.tr/,2026-10-01T18:32:55.548802+00:00,,Öğrenci Sayısı : 252
Balıkesir,İvrindi,Gökçeyazı Şehit Rıdvan Çetinkaya Ortaokulu,745915,Ortaokul,https://gokceyaziortaokulu.meb.k12.tr,,,https://gokceyaziortaokulu.meb.k12.tr/tema/harita.php,2026-08-31,127,127,bulundu,https://gokceyaziortaokulu.meb.k12.tr/,2026-10-01T18:32:55.982632+00:00,,Öğrenci Sayısı 127
Balıkesir,İvrindi,Gökçeyazı Şehit Rıdvan Çetinkaya İlkokulu,745917,İlkokul,https://gokceyaziilkokulu.meb.k12.tr,,,https://gokceyaziilkokulu.meb.k12.tr/tema/harita.php,2026-08-31,92,92,bulundu,https://gokceyaziilkokulu.meb.k12.tr/,2026-10-01T18:32:56.066746+00:00,,Öğrenci Sayısı 92
Balıkesir,İvrindi,Gümeli İlkokulu,745947,İlkokul,https://ivrindigumeliilkokulu.meb.k12.tr,,,https://ivrindigumeliilkokulu.meb.k12.tr/tema/harita.php,2026-08-31,33,33,bulundu,https://ivrindigumeliilkokulu.meb.k12.tr/,2026-10-01T18:32:56.130234+00:00,,Öğrenci Sayısı: 33
Balıkesir,İvrindi,KAYAPA ORTAOKULU,738756,Ortaokul,https://ivrindikayapaortaokulu.meb.k12.tr,,,https://ivrindikayapaortaokulu.meb.k12.tr/tema/harita.php,2026-08-31,46,46,bulundu,https://ivrindikayapaortaokulu.meb.k12.tr/,2026-10-01T18:32:56.143465+00:00,,Öğrenci Sayısı 46
Balıkesir,İvrindi,Kayapa İlkokulu,738739,İlkokul,https://ivrindikayapailkokulu.meb.k12.tr,,,https://ivrindikayapailkokulu.meb.k12.tr/tema/harita.php,2026-08-31,50,50,bulundu,https://ivrindikayapailkokulu.meb.k12.tr/,2026-10-01T18:32:56.470898+00:00,,Öğrenci Sayısı 50
Balıkesir,İvrindi,Korucu Mehmet Kulak İlkokulu,752560,İlkokul,https://ivrindikorucuilkokulu.meb.k12.tr,,,https://ivrindikorucuilkokulu.meb.k12.tr/tema/harita.php,2026-08-31,143,143,bulundu,https://ivrindikorucuilkokulu.meb.k12.tr/tema/okulumuz_hakkinda.php,2026-10-01T18:32:56.489854+00:00,,Öğrenci : 143
Balıkesir,İvrindi,Korucu Yatılı Bölge Ortaokulu,747958,Ortaokul,https://korucuybo.meb.k12.tr,,,https://korucuybo.meb.k12.tr/tema/harita.php,2026-08-31,126,126,bulundu,https://korucuybo.meb.k12.tr/tema/okulumuz_hakkinda.php,2026-10-01T18:32:56.491755+00:00,,Öğrenci : 126
Balıkesir,İvrindi,Korucu Şehit Bülent Emen Çok Programlı Anadolu Lisesi,888761,Çok Programlı Anadolu Lisesi,https://korucusbecpal.meb.k12.tr,,,https://korucusbecpal.meb.k12.tr/tema/harita.php,2026-08-31,30,30,bulundu,https://korucusbecpal.meb.k12.tr/,2026-10-01T18:32:56.561410+00:00,,Öğrenci Sayısı 30
Balıkesir,İvrindi,Küçükyenice Ortaokulu,739239,Ortaokul,https://kucukyeniceortaokul.meb.k12.tr,,,https://kucukyeniceortaokul.meb.k12.tr/tema/harita.php,2026-08-31,56,56,bulundu,https://kucukyeniceortaokul.meb.k12.tr/tema/okulumuz_hakkinda.php,2026-10-01T18:32:56.623120+00:00,,Öğrenci : 56
Balıkesir,İvrindi,Küçükyenice İlkokulu,739202,İlkokul,https://kucukyeniceilkokul.meb.k12.tr,,,https://kucukyeniceilkokul.meb.k12.tr/tema/harita.php,2026-08-31,,,bulunamadi,,2026-10-01T18:32:56.648836+00:00,,
Balıkesir,İvrindi,Nurettin Çarmıklı Madencilik Mesleki ve Teknik Anadolu Lisesi,767271,Mesleki ve Teknik Anadolu Lisesi,https://nurettincarmiklimadencilikmtal.meb.k12.tr,,,https://nurettincarmiklimadencilikmtal.meb.k12.tr/tema/harita.php,2026-08-31,,,bulunamadi,,2026-10-01T18:32:56.741397+00:00,,
Balıkesir,İvrindi,Okçular Şehit Hasan Kuzu İlkokulu,745165,İlkokul,https://okcular.meb.k12.tr,,,https://okcular.meb.k12.tr/tema/harita.php,2026-08-31,23,23,bulundu,https://okcular.meb.k12.tr/,2026-10-01T18:32:56.941808+00:00,,Öğrenci Sayısı : 23
Balıkesir,İvrindi,Susuzyayla İlkokulu,745178,İlkokul,https://susuzyayla.meb.k12.tr,,,https://susuzyayla.meb.k12.tr/tema/harita.php,2026-08-31,8,8,bulundu,https://susuzyayla.meb.k12.tr/,2026-10-01T18:32:56.970691+00:00,,Öğrenci Sayısı : 8
Balıkesir,İvrindi,VİLAYETLER BİRLİĞİ ŞEHİT GEDİZ ÇİVİ ANAOKULU,973913,Anaokulu,https://sehitgedizcivianaokulu.meb.k12.tr,,,https://sehitgedizcivianaokulu.meb.k12.tr/tema/harita.php,2026-08-31,126,126,bulundu,https://sehitgedizcivianaokulu.meb.k12.tr/tema/okulumuz_hakkinda.php,2026-10-01T18:32:56.971947+00:00,,Öğrenci : 126
Balıkesir,İvrindi,Yürekli İlkokulu,745163,İlkokul,https://yurekli.meb.k12.tr,,,https://yurekli.meb.k12.tr/tema/harita.php,2026-08-31,6,6,bulundu,https://yurekli.meb.k12.tr/,2026-10-01T18:32:57.050901+00:00,,Öğrenci Sayısı : 6
Balıkesir,İvrindi,İ.Sefa Giray Bozören Ortaokulu,739172,Ortaokul,https://safagirayortaokulu.meb.k12.tr,,,https://safagirayortaokulu.meb.k12.tr/tema/harita.php,2026-08-31,67,67,bulundu,https://safagirayortaokulu.meb.k12.tr/,2026-10-01T18:32:57.091926+00:00,,Öğrenci Sayısı 67
Balıkesir,İvrindi,İ.Sefa Giray Bozören İlkokulu,739142,İlkokul,https://isafagirayilkokulu.meb.k12.tr,,,https://isafagirayilkokulu.meb.k12.tr/tema/harita.php,2026-08-31,66,66,bulundu,https://isafagirayilkokulu.meb.k12.tr/,2026-10-01T18:32:57.097450+00:00,,Öğrenci Sayısı 66
Balıkesir,İvrindi,İvrindi Anadolu Lisesi,761443,Anadolu Lisesi,https://ivrindianadolulisesi.meb.k12.tr,,,https://ivrindianadolulisesi.meb.k12.tr/tema/harita.php,2026-08-31,172,172,bulundu,https://ivrindianadolulisesi.meb.k12.tr/,2026-10-01T18:32:57.120097+00:00,,Öğrenci Sayısı 172
Balıkesir,İvrindi,İvrindi Anadolu İmam Hatip Lisesi,129738,Anadolu İmam Hatip Lisesi,https://ivrindiihl.meb.k12.tr,,,https://ivrindiihl.meb.k12.tr/tema/harita.php,2026-08-31,42,42,bulundu,https://ivrindiihl.meb.k12.tr/,2026-10-01T18:32:57.474005+00:00,,Öğrenci Sayısı 42
Balıkesir,İvrindi,İvrindi Gazi Mehmet Azman Çavuş Özel Eğitim Uygulama Okulu I. Kademe,767800,Özel Eğitim Kurumu,https://gazimehmetazmancavusozelegitim1.meb.k12.tr,,,https://gazimehmetazmancavusozelegitim1.meb.k12.tr/tema/harita.php,2026-08-31,6,6,bulundu,https://gazimehmetazmancavusozelegitim1.meb.k12.tr/,2026-10-01T18:32:57.542568+00:00,,Öğrenci Sayısı : 6
Balıkesir,İvrindi,İvrindi Gazi Mehmet Azman Çavuş Özel Eğitim Uygulama Okulu II. Kademe,767801,Özel Eğitim Kurumu,https://gazimehmetazmancavusozelegitim2.meb.k12.tr,,,https://gazimehmetazmancavusozelegitim2.meb.k12.tr/tema/harita.php,2026-08-31,11,11,bulundu,https://gazimehmetazmancavusozelegitim2.meb.k12.tr/,2026-10-01T18:32:57.549850+00:00,,Öğrenci Sayısı : 11
Balıkesir,İvrindi,İvrindi Halk Eğitimi Merkezi,129751,Halk Eğitimi Merkezi,https://ivrindihem.meb.k12.tr,,,https://ivrindihem.meb.k12.tr/tema/harita.php,2026-08-31,,,bulunamadi,,2026-10-01T18:32:57.611699+00:00,,
Balıkesir,İvrindi,İvrindi Mesleki Eğitim Merkezi,775725,Mesleki Eğitim Merkezi,https://775725.meb.k12.tr,,,https://775725.meb.k12.tr/tema/harita.php,2026-08-31,301,301,bulundu,https://775725.meb.k12.tr/,2026-10-01T18:32:57.952487+00:00,,Öğrenci Sayısı : 301
Balıkesir,İvrindi,İvrindi Mesleki ve Teknik Anadolu Lisesi,962878,Mesleki ve Teknik Anadolu Lisesi,https://ivrindimtal.meb.k12.tr,,,https://ivrindimtal.meb.k12.tr/tema/harita.php,2026-08-31,176,176,bulundu,https://ivrindimtal.meb.k12.tr/,2026-10-01T18:32:57.973515+00:00,,Öğrenci Sayısı : 176
Balıkesir,İvrindi,Şehit Fatih Tomuşoğlu Mesleki ve Teknik Anadolu Lisesi,971967,Mesleki ve Teknik Anadolu Lisesi,https://sftmtal.meb.k12.tr,,,https://sftmtal.meb.k12.tr/tema/harita.php,2026-08-31,100,100,bulundu,https://sftmtal.meb.k12.tr/,2026-10-01T18:32:58.052663+00:00,,Öğrenci Sayısı 100
Balıkesir,İvrindi,Şehit Kenan Dalkılıç İlkokulu,738870,İlkokul,https://soganbukuio.meb.k12.tr,,,https://soganbukuio.meb.k12.tr/tema/harita.php,2026-08-31,26,26,bulundu,https://soganbukuio.meb.k12.tr/,2026-10-01T18:32:58.083433+00:00,,Öğrenci Sayısı : 26
Balıkesir,İvrindi,Şehit Tuncay Özdemir İmam Hatip Ortaokulu,766705,İmam Hatip Ortaokulu,https://ivrindiiho.meb.k12.tr,,,https://ivrindiiho.meb.k12.tr/tema/harita.php,2026-08-31,186,186,bulundu,https://ivrindiiho.meb.k12.tr/,2026-10-01T18:32:58.172554+00:00,,Öğrenci Sayısı : 186
Balıkesir,İvrindi,Şehit Turan Kurt Ortaokulu,757693,Ortaokul,https://sehitturankurt.meb.k12.tr,,,https://sehitturankurt.meb.k12.tr/tema/harita.php,2026-08-31,378,378,bulundu,https://sehitturankurt.meb.k12.tr/,2026-10-01T18:32:58.223905+00:00,,Öğrenci Sayısı 378
Bartın,Amasra,Amasra Anadolu İmam Hatip Lisesi,776037,Anadolu İmam Hatip Lisesi,https://amasraihl.meb.k12.tr,,,https://amasraihl.meb.k12.tr/tema/harita.php,2026-08-31,9,9,bulundu,https://amasraihl.meb.k12.tr/,2026-10-01T18:32:58.328836+00:00,,Öğrenci Sayısı 9
Bartın,Amasra,Amasra Anaokulu,763950,Anaokulu,https://amasraanaokulu.meb.k12.tr,,,https://amasraanaokulu.meb.k12.tr/tema/harita.php,2026-08-31,121,121,bulundu,https://amasraanaokulu.meb.k12.tr/,2026-10-01T18:32:58.331429+00:00,,Öğrenci Sayısı: 121
Bartın,Amasra,Amasra Halk Eğitimi Merkezi,265779,Halk Eğitimi Merkezi,https://amasrahem.meb.k12.tr,,,https://amasrahem.meb.k12.tr/tema/harita.php,2026-08-31,,,bulunamadi,,2026-10-01T18:32:58.545074+00:00,,
Bartın,Amasra,Amasra Turizm Mesleki ve Teknik Anadolu Lisesi,319870,Mesleki ve Teknik Anadolu Lisesi,https://amasraturizmmtal.meb.k12.tr,,,https://amasraturizmmtal.meb.k12.tr/tema/harita.php,2026-08-31,323,323,bulundu,https://amasraturizmmtal.meb.k12.tr/,2026-10-01T18:32:58.593063+00:00,,Öğrenci Sayısı : 323
Bartın,Amasra,Amasra Çok Programlı Anadolu Lisesi,748407,Çok Programlı Anadolu Lisesi,https://amasracpl.meb.k12.tr,,,https://amasracpl.meb.k12.tr/tema/harita.php,2026-08-31,109,109,bulundu,https://amasracpl.meb.k12.tr/,2026-10-01T18:32:58.676791+00:00,,Öğrenci Sayısı : 109
Bartın,Amasra,Amasra Öğretmenevi ve Akşam Sanat Okulu,348982,Öğretmenevi,https://amasraogretmenevi.meb.k12.tr,,,https://amasraogretmenevi.meb.k12.tr/tema/harita.php,2026-08-31,,,bulunamadi,,2026-10-01T18:32:58.714419+00:00,,
Bartın,Amasra,Amasra İmam Hatip Ortaokulu,763880,İmam Hatip Ortaokulu,https://amasraiho.meb.k12.tr,,,https://amasraiho.meb.k12.tr/tema/harita.php,2026-08-31,58,58,bulundu,https://amasraiho.meb.k12.tr/,2026-10-01T18:32:58.717200+00:00,,Öğrenci Sayısı 58
Bartın,Amasra,Fatih Sultan Mehmet Ortaokulu,717650,Ortaokul,https://amasrafsmo.meb.k12.tr,,,https://amasrafsmo.meb.k12.tr/tema/harita.php,2026-08-31,180,180,bulundu,https://amasrafsmo.meb.k12.tr/,2026-10-01T18:32:59.115111+00:00,,Öğrenci Sayısı : 180
Bartın,Amasra,Fatih Sultan Mehmet İlkokulu,717202,İlkokul,https://amasrafsmi.meb.k12.tr,,,https://amasrafsmi.meb.k12.tr/tema/harita.php,2026-08-31,215,215,bulundu,https://amasrafsmi.meb.k12.tr/,2026-10-01T18:32:59.126030+00:00,,Öğrenci Sayısı : 215
Bartın,Amasra,Kaleşah Ortaokulu,718285,Ortaokul,https://kalesahortaokulu.meb.k12.tr,,,https://kalesahortaokulu.meb.k12.tr/tema/harita.php,2026-08-31,99,99,bulundu,https://kalesahortaokulu.meb.k12.tr/,2026-10-01T18:32:59.160801+00:00,,Öğrenci Sayısı : 99
Bartın,Amasra,Kaleşah İlkokulu,361244,İlkokul,https://kalesahilkokulu.meb.k12.tr,,,https://kalesahilkokulu.meb.k12.tr/tema/harita.php,2026-08-31,104,104,bulundu,https://kalesahilkokulu.meb.k12.tr/,2026-10-01T18:32:59.196367+00:00,,Öğrenci Sayısı : 104
Bartın,Amasra,Makaracı İlkokulu,977090,İlkokul,https://makarciilkokulu.meb.k12.tr,,,https://makarciilkokulu.meb.k12.tr/tema/harita.php,2026-08-31,36,36,bulundu,https://makarciilkokulu.meb.k12.tr/,2026-10-01T18:32:59.214292+00:00,,Öğrenci Sayısı: 36
Bartın,Amasra,Saraydüzü Ertuğrul Işık İlkokulu,717122,İlkokul,https://sarayduzuilkokulu.meb.k12.tr,,,https://sarayduzuilkokulu.meb.k12.tr/tema/harita.php,2026-08-31,30,30,bulundu,https://sarayduzuilkokulu.meb.k12.tr/,2026-10-01T18:32:59.245806+00:00,,Öğrenci Sayısı : 30
Bartın,Amasra,Çanakçılar Ortaokulu,718294,Ortaokul,https://canakcilaroo.meb.k12.tr,,,https://canakcilaroo.meb.k12.tr/tema/harita.php,2026-08-31,75,75,bulundu,https://canakcilaroo.meb.k12.tr/tema/okulumuz_hakkinda.php,2026-10-01T18:32:59.247783+00:00,,Öğrenci : 75
Bartın,Amasra,Çanakçılar İlkokulu,717409,İlkokul,https://canakcilario.meb.k12.tr,,,https://canakcilario.meb.k12.tr/tema/harita.php,2026-08-31,47,47,bulundu,https://canakcilario.meb.k12.tr/tema/okulumuz_hakkinda.php,2026-10-01T18:32:59.795179+00:00,,Öğrenci : 47
Bartın,Amasra,Şehit Ahmet Telli Ortaokulu,718232,Ortaokul,https://sehitahmettelli-ortaokulu.meb.k12.tr,,,https://sehitahmettelli-ortaokulu.meb.k12.tr/tema/harita.php,2026-08-31,50,50,bulundu,https://sehitahmettelli-ortaokulu.meb.k12.tr/,2026-10-01T18:32:59.826007+00:00,,Öğrenci Sayısı 50
Bartın,Amasra,Şehit Ahmet Telli İlkokulu,717392,İlkokul,https://sehitahmettelli-ilkokulu.meb.k12.tr,,,https://sehitahmettelli-ilkokulu.meb.k12.tr/tema/harita.php,2026-08-31,52,52,bulundu,https://sehitahmettelli-ilkokulu.meb.k12.tr/,2026-10-01T18:32:59.854793+00:00,,Öğrenci Sayısı : 52
Bartın,Amasra,Şükürler İlkokulu,717138,İlkokul,https://sukurlerio.meb.k12.tr,,,https://sukurlerio.meb.k12.tr/tema/harita.php,2026-08-31,17,17,bulundu,https://sukurlerio.meb.k12.tr/,2026-10-01T18:32:59.864395+00:00,,Öğrenci Sayısı 17
Bartın,Kurucaşile,Hisar Pirireis Ortaokulu,717633,Ortaokul,https://hisarpirireisoo.meb.k12.tr,,,https://hisarpirireisoo.meb.k12.tr/tema/harita.php,2026-08-31,75,75,bulundu,https://hisarpirireisoo.meb.k12.tr/,2026-10-01T18:33:00.202905+00:00,,Öğrenci Sayısı 75
Bartın,Kurucaşile,Hisar Pirireis İlkokulu,379196,İlkokul,https://hisarpirireisio.meb.k12.tr,,,https://hisarpirireisio.meb.k12.tr/tema/harita.php,2026-08-31,43,43,bulundu,https://hisarpirireisio.meb.k12.tr/,2026-10-01T18:33:00.286962+00:00,,Öğrenci Sayısı: 43
Bartın,Kurucaşile,Kurucaşile Anaokulu,768127,Anaokulu,https://kurucasileanaokulu.meb.k12.tr,,,https://kurucasileanaokulu.meb.k12.tr/tema/harita.php,2026-08-31,38,38,bulundu,https://kurucasileanaokulu.meb.k12.tr/,2026-10-01T18:33:00.330656+00:00,,Öğrenci Sayısı 38
Bartın,Kurucaşile,Kurucaşile Halk Eğitimi Merkezi,265743,Halk Eğitimi Merkezi,https://kurucasilehem.meb.k12.tr,,,https://kurucasilehem.meb.k12.tr/tema/harita.php,2026-08-31,,,bulunamadi,,2026-10-01T18:33:00.360959+00:00,,
Bartın,Kurucaşile,Kurucaşile Ortaokulu,717888,Ortaokul,https://kurucasileortaokulu.meb.k12.tr,,,https://kurucasileortaokulu.meb.k12.tr/tema/harita.php,2026-08-31,89,89,bulundu,https://kurucasileortaokulu.meb.k12.tr/,2026-10-01T18:33:00.396815+00:00,,Öğrenci Sayısı : 89
Bartın,Kurucaşile,Kurucaşile Çok Programlı Anadolu Lisesi,386852,Çok Programlı Anadolu Lisesi,https://kurucasileamlcpl.meb.k12.tr,,,https://kurucasileamlcpl.meb.k12.tr/tema/harita.php,2026-08-31,94,94,bulundu,https://kurucasileamlcpl.meb.k12.tr/tema/okulumuz_hakkinda.php,2026-10-01T18:33:00.402887+00:00,,Öğrenci : 94
Bartın,Kurucaşile,Kurucaşile İlkokulu,888051,İlkokul,https://kurucasileilkokulu.meb.k12.tr,,,https://kurucasileilkokulu.meb.k12.tr/tema/harita.php,2026-08-31,89,89,bulundu,https://kurucasileilkokulu.meb.k12.tr/,2026-10-01T18:33:00.838363+00:00,,Öğrenci Sayısı : 89
Bartın,Kurucaşile,Kurucaşile İmam Hatip Ortaokulu,769615,İmam Hatip Ortaokulu,https://kurucasileiho.meb.k12.tr,,,https://kurucasileiho.meb.k12.tr/tema/harita.php,2026-08-31,,,bulunamadi,,2026-10-01T18:33:00.875472+00:00,,
Bartın,Kurucaşile,Sarıderesi İlkokulu,749524,İlkokul,https://sarideresiio.meb.k12.tr,,,https://sarideresiio.meb.k12.tr/tema/harita.php,2026-08-31,36,36,bulundu,https://sarideresiio.meb.k12.tr/,2026-10-01T18:33:00.919069+00:00,,Öğrenci Sayısı 36
Bartın,Kurucaşile,İlyasgeçidi İlkokulu,776066,İlkokul,https://776066.meb.k12.tr,,,https://776066.meb.k12.tr/tema/harita.php,2026-08-31,28,28,bulundu,https://776066.meb.k12.tr/,2026-10-01T18:33:00.966415+00:00,,Öğrenci Sayısı: 28
Bartın,Merkez,15 Temmuz Şehitler ilkokulu,762116,İlkokul,https://15temmuzio.meb.k12.tr,,,https://15temmuzio.meb.k12.tr/tema/harita.php,2026-08-31,404,404,bulundu,https://15temmuzio.meb.k12.tr/tema/okulumuz_hakkinda.php,2026-10-01T18:33:00.978434+00:00,,Öğrenci : 404
Bartın,Merkez,15 Temmuz Şehitler Özel Eğitim Anaokulu,767744,Anaokulu,https://15temmuzoea.meb.k12.tr,,,https://15temmuzoea.meb.k12.tr/tema/harita.php,2026-08-31,54,54,bulundu,https://15temmuzoea.meb.k12.tr/,2026-10-01T18:33:01.001811+00:00,,Öğrenci Sayısı: 54
Bartın,Merkez,23 Nisan Anaokulu,969970,Anaokulu,https://bartin23nisan.meb.k12.tr,,,https://bartin23nisan.meb.k12.tr/tema/harita.php,2026-08-31,194,194,bulundu,https://bartin23nisan.meb.k12.tr/tema/okulumuz_hakkinda.php,2026-10-01T18:33:01.205888+00:00,,Öğrenci : 194
Bartın,Merkez,7 Eylül Anaokulu,819013,Anaokulu,https://7eylulanaokulu.meb.k12.tr,,,https://7eylulanaokulu.meb.k12.tr/tema/harita.php,2026-08-31,137,137,bulundu,https://7eylulanaokulu.meb.k12.tr/,2026-10-01T18:33:01.238312+00:00,,Öğrenci Sayısı: 137
Bartın,Merkez,Ahmetler İlkokulu,853453,İlkokul,https://bartinahmetlerio.meb.k12.tr,,,https://bartinahmetlerio.meb.k12.tr/tema/harita.php,2026-08-31,216,216,bulundu,https://bartinahmetlerio.meb.k12.tr/,2026-10-01T18:33:01.283167+00:00,,Öğrenci Sayısı : 216
Bartın,Merkez,Ahmetler İmam Hatip Ortaokulu,777176,İmam Hatip Ortaokulu,https://777176.meb.k12.tr,,,https://777176.meb.k12.tr/tema/harita.php,2026-08-31,0,0,bulundu,https://777176.meb.k12.tr/,2026-10-01T18:33:01.843902+00:00,,Öğrenci Sayısı : 0
Bartın,Merkez,Akağaç Yukarı İlkokulu,417142,İlkokul,https://akagacyukari.meb.k12.tr,,,https://akagacyukari.meb.k12.tr/tema/harita.php,2026-08-31,22,22,bulundu,https://akagacyukari.meb.k12.tr/,2026-10-01T18:33:01.851063+00:00,,Öğrenci Sayısı 22
Bartın,Merkez,Akbaş İlkokulu,716680,İlkokul,https://akbasilkokulu.meb.k12.tr,,,https://akbasilkokulu.meb.k12.tr/tema/harita.php,2026-08-31,47,47,bulundu,https://akbasilkokulu.meb.k12.tr/,2026-10-01T18:33:01.929843+00:00,,Öğrenci Sayısı : 47
Bartın,Merkez,Akpınar İlkokulu,716688,İlkokul,https://akpinario74.meb.k12.tr,,,https://akpinario74.meb.k12.tr/tema/harita.php,2026-08-31,71,71,bulundu,https://akpinario74.meb.k12.tr/,2026-10-01T18:33:01.932081+00:00,,Öğrenci Sayısı : 71
Bartın,Merkez,Akçalı İlkokulu,416543,İlkokul,https://akcali.meb.k12.tr,,,https://akcali.meb.k12.tr/tema/harita.php,2026-08-31,148,148,bulundu,https://akcali.meb.k12.tr/,2026-10-01T18:33:01.942049+00:00,,Öğrenci Sayısı 148
Bartın,Merkez,Akçamescit Ortaokulu,716764,Ortaokul,https://akcamescit.meb.k12.tr,,,https://akcamescit.meb.k12.tr/tema/harita.php,2026-08-31,219,219,bulundu,https://akcamescit.meb.k12.tr/,2026-10-01T18:33:01.963182+00:00,,Öğrenci Sayısı 219
Bartın,Merkez,Arıt Çok Programlı Anadolu Lisesi,322572,Çok Programlı Anadolu Lisesi,https://aritcpal.meb.k12.tr,,,https://aritcpal.meb.k12.tr/tema/harita.php,2026-08-31,42,42,bulundu,https://aritcpal.meb.k12.tr/,2026-10-01T18:33:02.052422+00:00,,Öğrenci Sayısı 42
Bartın,Merkez,Arıt İlkokulu,752070,İlkokul,https://aritilkokulu.meb.k12.tr,,,https://aritilkokulu.meb.k12.tr/tema/harita.php,2026-08-31,79,79,bulundu,https://aritilkokulu.meb.k12.tr/tema/okulumuz_hakkinda.php,2026-10-01T18:33:02.098058+00:00,,Öğrenci : 79
Bartın,Merkez,Arıt İmam Hatip Ortaokulu,767770,İmam Hatip Ortaokulu,https://aritimamhatiportaokulu.meb.k12.tr,,,https://aritimamhatiportaokulu.meb.k12.tr/tema/harita.php,2026-08-31,20,20,bulundu,https://aritimamhatiportaokulu.meb.k12.tr/,2026-10-01T18:33:02.103817+00:00,,Öğrenci Sayısı : 20
Bartın,Merkez,Atatürk İlkokulu,417178,İlkokul,https://bartinataturk.meb.k12.tr,,,https://bartinataturk.meb.k12.tr/tema/harita.php,2026-08-31,368,368,bulundu,https://bartinataturk.meb.k12.tr/,2026-10-01T18:33:02.162270+00:00,,Öğrenci Sayısı : 368
Bartın,Merkez,Ağdacı İlkokulu,758245,İlkokul,https://agdaci.meb.k12.tr,,,https://agdaci.meb.k12.tr/tema/harita.php,2026-08-31,411,411,bulundu,https://agdaci.meb.k12.tr/,2026-10-01T18:33:02.341234+00:00,,Öğrenci Sayısı 411