Çanakkale,Merkez,Vali Fahrettin Akkutlu İlkokulu,703483,İlkokul,https://vfa.meb.k12.tr,,,https://vfa.meb.k12.tr/tema/harita.php,2026-08-31,912,912,bulundu,https://vfa.meb.k12.tr/,2026-10-01T19:23:16.333303+00:00,,Öğrenci Sayısı 912
Çanakkale,Merkez,Zübeyde Hanım Anaokulu,751784,Anaokulu,https://canakkalezubeydehanim.meb.k12.tr,,,https://canakkalezubeydehanim.meb.k12.tr/tema/harita.php,2026-08-31,254,254,bulundu,https://canakkalezubeydehanim.meb.k12.tr/,2026-10-01T19:23:16.383064+00:00,,Öğrenci Sayısı 254
Çanakkale,Merkez,Çanakkale 57. Alay Anaokulu,776465,Anaokulu,https://776465.meb.k12.tr,,,https://776465.meb.k12.tr/tema/harita.php,2026-08-31,142,142,bulundu,https://776465.meb.k12.tr/,2026-10-01T19:23:16.433847+00:00,,Öğrenci Sayısı: 142
Çanakkale,Merkez,Çanakkale 57. Alay Ortaokulu,776466,Ortaokul,https://elliyedincialayortaokulu.meb.k12.tr,,,https://elliyedincialayortaokulu.meb.k12.tr/tema/harita.php,2026-08-31,505,505,bulundu,https://elliyedincialayortaokulu.meb.k12.tr/,2026-10-01T19:23:16.540688+00:00,,Öğrenci Sayısı : 505
Çanakkale,Merkez,Çanakkale 57. Alay İlkokulu,776474,İlkokul,https://elliyedincialayilkokulu.meb.k12.tr,,,https://elliyedincialayilkokulu.meb.k12.tr/tema/harita.php,2026-08-31,441,441,bulundu,https://elliyedincialayilkokulu.meb.k12.tr/,2026-10-01T19:23:16.984207+00:00,,Öğrenci Sayısı : 441
Çanakkale,Merkez,Çanakkale Adalet Meslekî Eğitim Merkezi,772209,Mesleki Eğitim Merkezi,https://canakkaleadaletmem.meb.k12.tr,,,https://canakkaleadaletmem.meb.k12.tr/tema/harita.php,2026-08-31,26,26,bulundu,https://canakkaleadaletmem.meb.k12.tr/tema/okulumuz_hakkinda.php,2026-10-01T19:23:17.012223+00:00,,Öğrenci : 26
Çanakkale,Merkez,Çanakkale Anadolu İmam Hatip Lisesi,136402,Anadolu İmam Hatip Lisesi,https://canakkaleihl.meb.k12.tr,,,https://canakkaleihl.meb.k12.tr/tema/harita.php,2026-08-31,493,493,bulundu,https://canakkaleihl.meb.k12.tr/,2026-10-01T19:23:17.022294+00:00,,Öğrenci Sayısı : 493
Çanakkale,Merkez,Çanakkale Bilim ve Sanat Merkezi,757248,Bilim ve Sanat Merkezi,https://canakkalebilsem.meb.k12.tr,,,https://canakkalebilsem.meb.k12.tr/tema/harita.php,2026-08-31,,,bulunamadi,,2026-10-01T19:23:17.089369+00:00,,
Çanakkale,Merkez,Çanakkale Borsa İstanbul Mesleki ve Teknik Anadolu Lisesi,950195,Mesleki ve Teknik Anadolu Lisesi,https://canakkaleborsaistanbul.meb.k12.tr,,,https://canakkaleborsaistanbul.meb.k12.tr/tema/harita.php,2026-08-31,,,bulunamadi,,2026-10-01T19:23:17.101699+00:00,,
Çanakkale,Merkez,Çanakkale Fen Lisesi,345331,Fen Lisesi,https://cfl.meb.k12.tr,,,https://cfl.meb.k12.tr/tema/harita.php,2026-08-31,,,bulunamadi,,2026-10-01T19:23:17.200163+00:00,,
Çanakkale,Merkez,Çanakkale Halk Eğitimi Merkezi,136414,Halk Eğitimi Merkezi,https://hem17.meb.k12.tr,,,https://hem17.meb.k12.tr/tema/harita.php,2026-08-31,,,bulunamadi,,2026-10-01T19:23:17.237377+00:00,,
Çanakkale,Merkez,Çanakkale Kepez Turizm Mesleki ve Teknik Anadolu Lisesi,249340,Mesleki ve Teknik Anadolu Lisesi,https://ckalekepezmtal.meb.k12.tr,,,https://ckalekepezmtal.meb.k12.tr/tema/harita.php,2026-08-31,,,bulunamadi,,2026-10-01T19:23:17.357360+00:00,,
Çanakkale,Merkez,Çanakkale Mesleki ve Teknik Anadolu Lisesi,136379,Mesleki ve Teknik Anadolu Lisesi,https://ceml.meb.k12.tr,,,https://ceml.meb.k12.tr/tema/harita.php,2026-08-31,410,410,bulundu,https://ceml.meb.k12.tr/,2026-10-01T19:23:17.489543+00:00,,Öğrenci Sayısı : 410
Çanakkale,Merkez,Çanakkale Rehberlik ve Araştırma Merkezi,136426,Rehberlik ve Araştırma Merkezi,https://canakkaleram.meb.k12.tr,,,https://canakkaleram.meb.k12.tr/tema/harita.php,2026-08-31,,,bulunamadi,,2026-10-01T19:23:17.495650+00:00,,
Çanakkale,Merkez,Çanakkale Ticaret Borsası İlkokulu,706160,İlkokul,https://canakkaleticaretborsasiilkokulu.meb.k12.tr,,,https://canakkaleticaretborsasiilkokulu.meb.k12.tr/tema/harita.php,2026-08-31,524,524,bulundu,https://canakkaleticaretborsasiilkokulu.meb.k12.tr/,2026-10-01T19:23:17.508319+00:00,,Öğrenci Sayısı 524
Çanakkale,Merkez,Çanakkale Türkiye Odalar ve Borsalar Birliği Sosyal Bilimler Lisesi,972384,Sosyal Bilimler Lisesi,https://csbl.meb.k12.tr,,,https://csbl.meb.k12.tr/tema/harita.php,2026-08-31,293,293,bulundu,https://csbl.meb.k12.tr/tema/okulumuz_hakkinda.php,2026-10-01T19:23:17.853333+00:00,,Öğrenci : 293
Çanakkale,Merkez,Çanakkale Öğretmenevi ve Akşam Sanat Okulu,971090,Öğretmenevi,https://canakkaleogretmenevi.meb.k12.tr,,,https://canakkaleogretmenevi.meb.k12.tr/tema/harita.php,2026-08-31,,,bulunamadi,,2026-10-01T19:23:17.924084+00:00,,
Çanakkale,Merkez,Çanakkale İbn-i Sina Mesleki ve Teknik Anadolu Lisesi,962924,Mesleki ve Teknik Anadolu Lisesi,https://canakkaleibnisinamtal.meb.k12.tr,,,https://canakkaleibnisinamtal.meb.k12.tr/tema/harita.php,2026-08-31,248,248,bulundu,https://canakkaleibnisinamtal.meb.k12.tr/,2026-10-01T19:23:17.948481+00:00,,Öğrenci Sayısı : 248
Çanakkale,Merkez,Çanakkale İbrahim Bodur Anadolu Lisesi,964257,Anadolu Lisesi,https://cibal.meb.k12.tr,,,https://cibal.meb.k12.tr/tema/harita.php,2026-08-31,848,848,bulundu,https://cibal.meb.k12.tr/,2026-10-01T19:23:17.985322+00:00,,Öğrenci Sayısı 848
Çanakkale,Merkez,Çınarlı İlkokulu,766808,İlkokul,https://canakkalecinarli.meb.k12.tr,,,https://canakkalecinarli.meb.k12.tr/tema/harita.php,2026-08-31,31,31,bulundu,https://canakkalecinarli.meb.k12.tr/,2026-10-01T19:23:18.064395+00:00,,Öğrenci Sayısı 31
Çanakkale,Merkez,Ömer Mart Ortaokulu,706218,Ortaokul,https://omermartortaokulu.meb.k12.tr,,,https://omermartortaokulu.meb.k12.tr/tema/harita.php,2026-08-31,720,720,bulundu,https://omermartortaokulu.meb.k12.tr/,2026-10-01T19:23:18.084753+00:00,,Öğrenci Sayısı 720
Çanakkale,Merkez,Özlem Kayalı İlkokulu,876100,İlkokul,https://ozlemkayali.meb.k12.tr,,,https://ozlemkayali.meb.k12.tr/tema/harita.php,2026-08-31,833,833,bulundu,https://ozlemkayali.meb.k12.tr/tema/okulumuz_hakkinda.php,2026-10-01T19:23:18.159803+00:00,,Öğrenci : 833
Çanakkale,Merkez,İstiklal İlkokulu,533750,İlkokul,https://canakkaleistiklalilkokulu.meb.k12.tr,,,https://canakkaleistiklalilkokulu.meb.k12.tr/tema/harita.php,2026-08-31,142,142,bulundu,https://canakkaleistiklalilkokulu.meb.k12.tr/,2026-10-01T19:23:18.549439+00:00,,Öğrenci Sayısı 142
Çanakkale,Merkez,Şehit Cemal Demir Anadolu İmam Hatip Lisesi,762164,Anadolu İmam Hatip Lisesi,https://sehitcemaldemiraihl.meb.k12.tr,,,https://sehitcemaldemiraihl.meb.k12.tr/tema/harita.php,2026-08-31,327,327,bulundu,https://sehitcemaldemiraihl.meb.k12.tr/,2026-10-01T19:23:18.603351+00:00,,Öğrenci Sayısı : 327
Çanakkale,Merkez,Şehit Kıvanç Kaşıkçı İmam Hatip Ortaokulu,766536,İmam Hatip Ortaokulu,https://sehitkivanciho.meb.k12.tr,,,https://sehitkivanciho.meb.k12.tr/tema/harita.php,2026-08-31,90,90,bulundu,https://sehitkivanciho.meb.k12.tr/,2026-10-01T19:23:18.652600+00:00,,Öğrenci Sayısı 90
Çanakkale,Merkez,Şehit Tuğgeneral Sezgin Erdoğan Özel Eğitim Uygulama Okulu I. Kademe,752938,Özel Eğitim Kurumu,https://1egtuyg17.meb.k12.tr,,,https://1egtuyg17.meb.k12.tr/tema/harita.php,2026-08-31,8,8,bulundu,https://1egtuyg17.meb.k12.tr/,2026-10-01T19:23:18.698229+00:00,,Öğrenci Sayısı 8
Çanakkale,Merkez,Şehit Tuğgeneral Sezgin Erdoğan Özel Eğitim Uygulama Okulu II. Kademe,752939,Özel Eğitim Kurumu,https://2egtuyg17.meb.k12.tr,,,https://2egtuyg17.meb.k12.tr/tema/harita.php,2026-08-31,10,10,bulundu,https://2egtuyg17.meb.k12.tr/,2026-10-01T19:23:18.723015+00:00,,Öğrenci Sayısı 10
Çanakkale,Merkez,Şehit Tuğgeneral Sezgin Erdoğan Özel Eğitim Uygulama Okulu III. Kademe,752940,Özel Eğitim Kurumu,https://isugylm17.meb.k12.tr,,,https://isugylm17.meb.k12.tr/tema/harita.php,2026-08-31,20,20,bulundu,https://isugylm17.meb.k12.tr/,2026-10-01T19:23:18.782625+00:00,,Öğrenci Sayısı 20
Çanakkale,Merkez,Şehit Ömer Halisdemir İmam Hatip Ortaokulu,749224,İmam Hatip Ortaokulu,https://canakkaleiho.meb.k12.tr,,,https://canakkaleiho.meb.k12.tr/tema/harita.php,2026-08-31,278,278,bulundu,https://canakkaleiho.meb.k12.tr/,2026-10-01T19:23:19.138534+00:00,,Öğrenci Sayısı 278
Çanakkale,Merkez,Şemsettin Fatma Çamoğlu Ortaokulu,701250,Ortaokul,https://sfc.meb.k12.tr,,,https://sfc.meb.k12.tr/tema/harita.php,2026-08-31,341,341,bulundu,https://sfc.meb.k12.tr/,2026-10-01T19:23:19.142604+00:00,,Öğrenci Sayısı 341
Çanakkale,Merkez,Şinasi ve Figen Bayraktar Ortaokulu,703432,Ortaokul,https://sinasifigenbayraktar.meb.k12.tr,,,https://sinasifigenbayraktar.meb.k12.tr/tema/harita.php,2026-08-31,512,512,bulundu,https://sinasifigenbayraktar.meb.k12.tr/tema/okulumuz_hakkinda.php,2026-10-01T19:23:19.173879+00:00,,Öğrenci : 512
Çanakkale,Yenice,15 Temmuz Demokrasi Şehitleri Özel Eğitim Uygulama Okulu I. Kademe,763208,Özel Eğitim Kurumu,https://763208.meb.k12.tr,,,https://763208.meb.k12.tr/tema/harita.php,2026-08-31,6,6,bulundu,https://763208.meb.k12.tr/,2026-10-01T19:23:19.605776+00:00,,Öğrenci Sayısı : 6
Çanakkale,Yenice,15 Temmuz Demokrasi Şehitleri Özel Eğitim Uygulama Okulu II. Kademe,763209,Özel Eğitim Kurumu,https://15temmuzozelegitim.meb.k12.tr,,,https://15temmuzozelegitim.meb.k12.tr/tema/harita.php,2026-08-31,3,3,bulundu,https://15temmuzozelegitim.meb.k12.tr/,2026-10-01T19:23:19.611635+00:00,,Öğrenci Sayısı : 3
Çanakkale,Yenice,15 Temmuz Demokrasi Şehitleri Özel Eğitim Uygulama Okulu III. Kademe,763210,Özel Eğitim Kurumu,https://763210.meb.k12.tr,,,https://763210.meb.k12.tr/tema/harita.php,2026-08-31,6,6,bulundu,https://763210.meb.k12.tr/,2026-10-01T19:23:19.707781+00:00,,Öğrenci Sayısı : 6
Çanakkale,Yenice,Akçakoyun İlkokulu,752249,İlkokul,https://akcakoyunilkokulu.meb.k12.tr,,,https://akcakoyunilkokulu.meb.k12.tr/tema/harita.php,2026-08-31,80,80,bulundu,https://akcakoyunilkokulu.meb.k12.tr/,2026-10-01T19:23:19.721792+00:00,,Öğrenci Sayısı : 80
Çanakkale,Yenice,Armutçuk İlkokulu,737839,İlkokul,https://armutcukilkokulu.meb.k12.tr,,,https://armutcukilkokulu.meb.k12.tr/tema/harita.php,2026-08-31,13,13,bulundu,https://armutcukilkokulu.meb.k12.tr/,2026-10-01T19:23:19.760549+00:00,,Öğrenci Sayısı: 13
Çanakkale,Yenice,Atatürk Ortaokulu,723259,Ortaokul,https://yeniceataturkortaokulu.meb.k12.tr,,,https://yeniceataturkortaokulu.meb.k12.tr/tema/harita.php,2026-08-31,182,182,bulundu,https://yeniceataturkortaokulu.meb.k12.tr/,2026-10-01T19:23:19.815559+00:00,,Öğrenci Sayısı 182
Çanakkale,Yenice,Atatürk İlkokulu,723229,İlkokul,https://yeniceataturk17.meb.k12.tr,,,https://yeniceataturk17.meb.k12.tr/tema/harita.php,2026-08-31,213,213,bulundu,https://yeniceataturk17.meb.k12.tr/,2026-10-01T19:23:19.827415+00:00,,Öğrenci Sayısı : 213
Çanakkale,Yenice,Cumhuriyet Ortaokulu,723206,Ortaokul,https://yenicecumhuriyetortaokulu.meb.k12.tr,,,https://yenicecumhuriyetortaokulu.meb.k12.tr/tema/harita.php,2026-08-31,140,140,bulundu,https://yenicecumhuriyetortaokulu.meb.k12.tr/,2026-10-01T19:23:19.869924+00:00,,Öğrenci Sayısı 140
Çanakkale,Yenice,Cumhuriyet İlkokulu,723167,İlkokul,https://yenicecumhuriyetilkokulu.meb.k12.tr,,,https://yenicecumhuriyetilkokulu.meb.k12.tr/tema/harita.php,2026-08-31,86,86,bulundu,https://yenicecumhuriyetilkokulu.meb.k12.tr/,2026-10-01T19:23:19.895748+00:00,,Öğrenci Sayısı 86
Çanakkale,Yenice,Emine Şemsi Üstek Kızılay Anaokulu,767560,Anaokulu,https://eminesemsiustekkizilayanaokulu.meb.k12.tr,,,https://eminesemsiustekkizilayanaokulu.meb.k12.tr/tema/harita.php,2026-08-31,68,68,bulundu,https://eminesemsiustekkizilayanaokulu.meb.k12.tr/,2026-10-01T19:23:20.043586+00:00,,Öğrenci Sayısı : 68
Çanakkale,Yenice,Hamdibey Ortaokulu,730439,Ortaokul,https://hamdibeyortaokulu.meb.k12.tr,,,https://hamdibeyortaokulu.meb.k12.tr/tema/harita.php,2026-08-31,89,89,bulundu,https://hamdibeyortaokulu.meb.k12.tr/,2026-10-01T19:23:20.163232+00:00,,Öğrenci Sayısı 89
Çanakkale,Yenice,Hamdibey İlkokulu,730430,İlkokul,https://hamdibeyilkokulu.meb.k12.tr,,,https://hamdibeyilkokulu.meb.k12.tr/tema/harita.php,2026-08-31,85,85,bulundu,https://hamdibeyilkokulu.meb.k12.tr/tema/okulumuz_hakkinda.php,2026-10-01T19:23:20.542046+00:00,,Öğrenci : 85
Çanakkale,Yenice,Kalkım Ortaokulu,730470,Ortaokul,https://kalkimortaokulu.meb.k12.tr,,,https://kalkimortaokulu.meb.k12.tr/tema/harita.php,2026-08-31,235,235,bulundu,https://kalkimortaokulu.meb.k12.tr/,2026-10-01T19:23:20.543940+00:00,,Öğrenci Sayısı : 235
Çanakkale,Yenice,Kalkım Çok Programlı Anadolu Lisesi,346755,Çok Programlı Anadolu Lisesi,https://kalkimcpal.meb.k12.tr,,,https://kalkimcpal.meb.k12.tr/tema/harita.php,2026-08-31,97,97,bulundu,https://kalkimcpal.meb.k12.tr/,2026-10-01T19:23:20.691280+00:00,,Öğrenci Sayısı 97
Çanakkale,Yenice,Kalkım İlkokulu,730460,İlkokul,https://kalkimilkokulu.meb.k12.tr,,,https://kalkimilkokulu.meb.k12.tr/tema/harita.php,2026-08-31,175,175,bulundu,https://kalkimilkokulu.meb.k12.tr/,2026-10-01T19:23:20.760923+00:00,,Öğrenci Sayısı : 175
Çanakkale,Yenice,Kayatepe İlkokulu,738191,İlkokul,https://kayatepeilkokulu.meb.k12.tr,,,https://kayatepeilkokulu.meb.k12.tr/tema/harita.php,2026-08-31,18,18,bulundu,https://kayatepeilkokulu.meb.k12.tr/,2026-10-01T19:23:20.935278+00:00,,Öğrenci Sayısı 18
Çanakkale,Yenice,Mehmet Bodur Anadolu İmam Hatip Lisesi,751712,Anadolu İmam Hatip Lisesi,https://mehmetboduraihl.meb.k12.tr,,,https://mehmetboduraihl.meb.k12.tr/tema/harita.php,2026-08-31,31,31,bulundu,https://mehmetboduraihl.meb.k12.tr/,2026-10-01T19:23:20.963305+00:00,,Öğrenci Sayısı : 31
Çanakkale,Yenice,Pazarköy Şehit Halil Kandemir Ortaokulu,722906,Ortaokul,https://pazarkoyshkortaokulu.meb.k12.tr,,,https://pazarkoyshkortaokulu.meb.k12.tr/tema/harita.php,2026-08-31,175,175,bulundu,https://pazarkoyshkortaokulu.meb.k12.tr/,2026-10-01T19:23:20.974815+00:00,,Öğrenci Sayısı 175
Çanakkale,Yenice,Pazarköy Şehit Halil Kandemir İlkokulu,722854,İlkokul,https://pazarkoyshkilkokulu.meb.k12.tr,,,https://pazarkoyshkilkokulu.meb.k12.tr/tema/harita.php,2026-08-31,164,164,bulundu,https://pazarkoyshkilkokulu.meb.k12.tr/,2026-10-01T19:23:20.983963+00:00,,Öğrenci Sayısı 164
Çanakkale,Yenice,Reyan Bodur Anadolu Lisesi,964251,Anadolu Lisesi,https://reyanbodural.meb.k12.tr,,,https://reyanbodural.meb.k12.tr/tema/harita.php,2026-08-31,212,212,bulundu,https://reyanbodural.meb.k12.tr/,2026-10-01T19:23:20.984632+00:00,,Öğrenci Sayısı 212
Çanakkale,Yenice,Taban İlkokulu,738188,İlkokul,https://taban.meb.k12.tr,,,https://taban.meb.k12.tr/tema/harita.php,2026-08-31,12,12,bulundu,https://taban.meb.k12.tr/,2026-10-01T19:23:20.986807+00:00,,Öğrenci Sayısı: 12
Çanakkale,Yenice,Yenice Belediyesi Gülsüm Güven Anaokulu,970474,Anaokulu,https://yenicebelediyesianaokulu.meb.k12.tr,,,https://yenicebelediyesianaokulu.meb.k12.tr/tema/harita.php,2026-08-31,108,108,bulundu,https://yenicebelediyesianaokulu.meb.k12.tr/,2026-10-01T19:23:21.001494+00:00,,Öğrenci Sayısı : 108
Çanakkale,Yenice,Yenice Mesleki Eğitim Merkezi,776883,Mesleki Eğitim Merkezi,https://yenicemeslekiegitimmerkezi.meb.k12.tr,,,https://yenicemeslekiegitimmerkezi.meb.k12.tr/tema/harita.php,2026-08-31,183,183,bulundu,https://yenicemeslekiegitimmerkezi.meb.k12.tr/,2026-10-01T19:23:21.121176+00:00,,Öğrenci Sayısı : 183
Çanakkale,Yenice,Yenice Mesleki ve Teknik Anadolu Lisesi,907085,Mesleki ve Teknik Anadolu Lisesi,https://yenicemtal.meb.k12.tr,,,https://yenicemtal.meb.k12.tr/tema/harita.php,2026-08-31,149,149,bulundu,https://yenicemtal.meb.k12.tr/,2026-10-01T19:23:21.195842+00:00,,Öğrenci Sayısı : 149
Çanakkale,Yenice,Yenice Vali Muhterem İnce Fen Lisesi,773834,Fen Lisesi,https://773834.meb.k12.tr,,,https://773834.meb.k12.tr/tema/harita.php,2026-08-31,110,110,bulundu,https://773834.meb.k12.tr/,2026-10-01T19:23:21.286319+00:00,,Öğrenci Sayısı : 110
Çanakkale,Yenice,Yenice Öğretmenevi ve Akşam Sanat Okulu,971098,Öğretmenevi,https://yeniceogretmenevi.meb.k12.tr,,,https://yeniceogretmenevi.meb.k12.tr/tema/harita.php,2026-08-31,155,155,bulundu,https://yeniceogretmenevi.meb.k12.tr/,2026-10-01T19:23:21.555098+00:00,,Öğrenci Sayısı 155
Çanakkale,Yenice,Yeşilyurt Ortaokulu,736023,Ortaokul,https://yeniceyesilyurtortaokulu.meb.k12.tr,,,https://yeniceyesilyurtortaokulu.meb.k12.tr/tema/harita.php,2026-08-31,172,172,bulundu,https://yeniceyesilyurtortaokulu.meb.k12.tr/tema/okulumuz_hakkinda.php,2026-10-01T19:23:21.716647+00:00,,Öğrenci : 172
Çanakkale,Yenice,Yeşilyurt İlkokulu,738331,İlkokul,https://yeniceyesilyurtilkokulu.meb.k12.tr,,,https://yeniceyesilyurtilkokulu.meb.k12.tr/tema/harita.php,2026-08-31,201,201,bulundu,https://yeniceyesilyurtilkokulu.meb.k12.tr/tema/okulumuz_hakkinda.php,2026-10-01T19:23:21.719818+00:00,,Öğrenci : 201
Çanakkale,Yenice,Çal Ortaokulu,730409,Ortaokul,https://calortaokulu.meb.k12.tr,,,https://calortaokulu.meb.k12.tr/tema/harita.php,2026-08-31,22,22,bulundu,https://calortaokulu.meb.k12.tr/,2026-10-01T19:23:21.898077+00:00,,Öğrenci Sayısı : 22
Çanakkale,Yenice,Çal İlkokulu,730406,İlkokul,https://calilkokulu.meb.k12.tr,,,https://calilkokulu.meb.k12.tr/tema/harita.php,2026-08-31,25,25,bulundu,https://calilkokulu.meb.k12.tr/,2026-10-01T19:23:21.952660+00:00,,Öğrenci Sayısı: 25
Çanakkale,Yenice,Çanakkale Yenice Halk Eğitimi Merkezi,137564,Halk Eğitimi Merkezi,https://yenicehem17.meb.k12.tr,,,https://yenicehem17.meb.k12.tr/tema/harita.php,2026-08-31,,,bulunamadi,,2026-10-01T19:23:22.052374+00:00,,
Çanakkale,Çan,23 Eylül Ortaokulu,879521,Ortaokul,https://23eylul.meb.k12.tr,,,https://23eylul.meb.k12.tr/tema/harita.php,2026-08-31,655,655,bulundu,https://23eylul.meb.k12.tr/,2026-10-01T19:23:22.054961+00:00,,Öğrenci Sayısı 655
Çanakkale,Çan,75.Yıl Murat Köse İlkokulu,717260,İlkokul,https://muratkose17.meb.k12.tr,,,https://muratkose17.meb.k12.tr/tema/harita.php,2026-08-31,448,448,bulundu,https://muratkose17.meb.k12.tr/,2026-10-01T19:23:22.085826+00:00,,Öğrenci Sayısı : 448
Çanakkale,Çan,Atatürk İlkokulu,679915,İlkokul,https://canataturk.meb.k12.tr,,,https://canataturk.meb.k12.tr/tema/harita.php,2026-08-31,519,519,bulundu,https://canataturk.meb.k12.tr/,2026-10-01T19:23:22.199574+00:00,,Öğrenci Sayısı : 519
Çanakkale,Çan,Cumhuriyet İlkokulu,717310,İlkokul,https://cumhuriyet17.meb.k12.tr,,,https://cumhuriyet17.meb.k12.tr/tema/harita.php,2026-08-31,391,391,bulundu,https://cumhuriyet17.meb.k12.tr/,2026-10-01T19:23:22.373494+00:00,,Öğrenci Sayısı 391
Çanakkale,Çan,Etili Ortaokulu,717619,Ortaokul,https://etiliortaokulu.meb.k12.tr,,,https://etiliortaokulu.meb.k12.tr/tema/harita.php,2026-08-31,130,130,bulundu,https://etiliortaokulu.meb.k12.tr/,2026-10-01T19:23:22.480792+00:00,,Öğrenci Sayısı 130
Çanakkale,Çan,Etili İlkokulu,717558,İlkokul,https://etiliilkokulu.meb.k12.tr,,,https://etiliilkokulu.meb.k12.tr/tema/harita.php,2026-08-31,131,131,bulundu,https://etiliilkokulu.meb.k12.tr/,2026-10-01T19:23:22.513660+00:00,,Öğrenci Sayısı : 131
Çanakkale,Çan,Karşıyaka Hacı Fatma Bodur Mesleki ve Teknik Anadolu Lisesi,137013,Mesleki ve Teknik Anadolu Lisesi,https://karsiyakahacifatmabodurmtal.meb.k12.tr,,,https://karsiyakahacifatmabodurmtal.meb.k12.tr/tema/harita.php,2026-08-31,169,169,bulundu,https://karsiyakahacifatmabodurmtal.meb.k12.tr/,2026-10-01T19:23:22.608475+00:00,,Öğrenci Sayısı : 169
Çanakkale,Çan,Kocayayla Ortaokulu,717698,Ortaokul,https://kocayaylaoo.meb.k12.tr,,,https://kocayaylaoo.meb.k12.tr/tema/harita.php,2026-08-31,64,64,bulundu,https://kocayaylaoo.meb.k12.tr/,2026-10-01T19:23:22.686451+00:00,,Öğrenci Sayısı : 64
Çanakkale,Çan,Kocayayla İlkokulu,717648,İlkokul,https://kocayaylaio.meb.k12.tr,,,https://kocayaylaio.meb.k12.tr/tema/harita.php,2026-08-31,61,61,bulundu,https://kocayaylaio.meb.k12.tr/,2026-10-01T19:23:22.754817+00:00,,Öğrenci Sayısı : 61
Çanakkale,Çan,Mehmet Akif Ersoy İlkokulu,887678,İlkokul,https://canmehmetakifersoy.meb.k12.tr,,,https://canmehmetakifersoy.meb.k12.tr/tema/harita.php,2026-08-31,287,287,bulundu,https://canmehmetakifersoy.meb.k12.tr/,2026-10-01T19:23:22.842684+00:00,,Öğrenci Sayısı: 287
Çanakkale,Çan,Osman Caneri Ortaokulu,724282,Ortaokul,https://osmancaneriortaokulu.meb.k12.tr,,,https://osmancaneriortaokulu.meb.k12.tr/tema/harita.php,2026-08-31,68,68,bulundu,https://osmancaneriortaokulu.meb.k12.tr/,2026-10-01T19:23:22.948649+00:00,,Öğrenci Sayısı : 68
Çanakkale,Çan,Osman Caneri İlkokulu,853535,İlkokul,https://osmancaneriilkokulu.meb.k12.tr,,,https://osmancaneriilkokulu.meb.k12.tr/tema/harita.php,2026-08-31,99,99,bulundu,https://osmancaneriilkokulu.meb.k12.tr/,2026-10-01T19:23:23.005838+00:00,,Öğrenci Sayısı : 99
Çanakkale,Çan,Terzialan İlkokulu,744553,İlkokul,https://terzialanilkokulu.meb.k12.tr,,,https://terzialanilkokulu.meb.k12.tr/tema/harita.php,2026-08-31,68,68,bulundu,https://terzialanilkokulu.meb.k12.tr/,2026-10-01T19:23:23.088584+00:00,,Öğrenci Sayısı : 68
Çanakkale,Çan,Zeynep Bodur Okyay Anaokulu,972063,Anaokulu,https://zeynepbodurokyayanaokulu.meb.k12.tr,,,https://zeynepbodurokyayanaokulu.meb.k12.tr/tema/harita.php,2026-08-31,153,153,bulundu,https://zeynepbodurokyayanaokulu.meb.k12.tr/tema/okulumuz_hakkinda.php,2026-10-01T19:23:23.134075+00:00,,Öğrenci : 153
Çanakkale,Çan,Zeynep Bodur Okyay Özel Eğitim Meslek Okulu,747228,Özel Eğitim Kurumu,https://zboozelmeslekiegitim.meb.k12.tr,,,https://zboozelmeslekiegitim.meb.k12.tr/tema/harita.php,2026-08-31,17,17,bulundu,https://zboozelmeslekiegitim.meb.k12.tr/,2026-10-01T19:23:23.146015+00:00,,Öğrenci Sayısı 17
Çanakkale,Çan,Zeynep Bodur Okyay Özel Eğitim Uygulama Merkezi II. Kademe,747450,Özel Eğitim Kurumu,https://zboozelegitim2-kademe.meb.k12.tr,,,https://zboozelegitim2-kademe.meb.k12.tr/tema/harita.php,2026-08-31,9,9,bulundu,https://zboozelegitim2-kademe.meb.k12.tr/,2026-10-01T19:23:23.160290+00:00,,Öğrenci Sayısı 9
Çanakkale,Çan,Zeynep Bodur Okyay Özel Eğitim Uygulama Okulu I. Kademe,747061,Özel Eğitim Kurumu,https://zboozelegitim1-kademe.meb.k12.tr,,,https://zboozelegitim1-kademe.meb.k12.tr/tema/harita.php,2026-08-31,12,12,bulundu,https://zboozelegitim1-kademe.meb.k12.tr/,2026-10-01T19:23:23.182195+00:00,,Öğrenci Sayısı 12
Çanakkale,Çan,Zeynep Bodur Okyay Özel Eğitim İş Uygulama Merkezi (Okulu),748027,Özel Eğitim Kurumu,https://zbooeisuygmrkz.meb.k12.tr,,,https://zbooeisuygmrkz.meb.k12.tr/tema/harita.php,2026-08-31,11,11,bulundu,https://zbooeisuygmrkz.meb.k12.tr/,2026-10-01T19:23:23.286386+00:00,,Öğrenci Sayısı 11
Çanakkale,Çan,Çan Anadolu Lisesi,964254,Anadolu Lisesi,https://cananadolulisesi.meb.k12.tr,,,https://cananadolulisesi.meb.k12.tr/tema/harita.php,2026-08-31,317,317,bulundu,https://cananadolulisesi.meb.k12.tr/,2026-10-01T19:23:23.324304+00:00,,Öğrenci Sayısı : 317
Çanakkale,Çan,Çan Anadolu İmam Hatip Lisesi,137025,Anadolu İmam Hatip Lisesi,https://canihl.meb.k12.tr,,,https://canihl.meb.k12.tr/tema/harita.php,2026-08-31,38,38,bulundu,https://canihl.meb.k12.tr/,2026-10-01T19:23:23.538103+00:00,,Öğrenci Sayısı : 38
Çanakkale,Çan,Çan Anaokulu,757484,Anaokulu,https://cananaokul.meb.k12.tr,,,https://cananaokul.meb.k12.tr/tema/harita.php,2026-08-31,152,152,bulundu,https://cananaokul.meb.k12.tr/,2026-10-01T19:23:23.676778+00:00,,Öğrenci Sayısı: 152
Çanakkale,Çan,Çan Fen Lisesi,972633,Fen Lisesi,https://canfenlisesi.meb.k12.tr,,,https://canfenlisesi.meb.k12.tr/tema/harita.php,2026-08-31,219,219,bulundu,https://canfenlisesi.meb.k12.tr/,2026-10-01T19:23:23.775433+00:00,,Öğrenci Sayısı : 219
Çanakkale,Çan,Çan Halk Eğitimi Merkezi,137037,Halk Eğitimi Merkezi,https://canhem.meb.k12.tr,,,https://canhem.meb.k12.tr/tema/harita.php,2026-08-31,,,bulunamadi,,2026-10-01T19:23:23.902814+00:00,,
Çanakkale,Çan,Çan Mesleki Eğitim Merkezi,310175,Mesleki Eğitim Merkezi,https://canmem.meb.k12.tr,,,https://canmem.meb.k12.tr/tema/harita.php,2026-08-31,412,412,bulundu,https://canmem.meb.k12.tr/tema/okulumuz_hakkinda.php,2026-10-01T19:23:23.923316+00:00,,Öğrenci : 412
Çanakkale,Çan,Çan Mesleki ve Teknik Anadolu Lisesi,216075,Mesleki ve Teknik Anadolu Lisesi,https://caneml.meb.k12.tr,,,https://caneml.meb.k12.tr/tema/harita.php,2026-08-31,150,150,bulundu,https://caneml.meb.k12.tr/,2026-10-01T19:23:23.996512+00:00,,Öğrenci Sayısı : 150
Çanakkale,Çan,Çan Sevim Bodur Mesleki ve Teknik Anadolu Lisesi,962920,Mesleki ve Teknik Anadolu Lisesi,https://cansevimbodurmtal.meb.k12.tr,,,https://cansevimbodurmtal.meb.k12.tr/tema/harita.php,2026-08-31,174,174,bulundu,https://cansevimbodurmtal.meb.k12.tr/,2026-10-01T19:23:24.021390+00:00,,Öğrenci Sayısı : 174
Çanakkale,Çan,Çan İbrahim Bodur Anadolu Lisesi,264510,Anadolu Lisesi,https://ibodural.meb.k12.tr,,,https://ibodural.meb.k12.tr/tema/harita.php,2026-08-31,545,545,bulundu,https://ibodural.meb.k12.tr/,2026-10-01T19:23:24.298745+00:00,,Öğrenci Sayısı : 545
Çanakkale,Çan,Özer Ortaokulu,744602,Ortaokul,https://ozerortaokulu.meb.k12.tr,,,https://ozerortaokulu.meb.k12.tr/tema/harita.php,2026-08-31,120,120,bulundu,https://ozerortaokulu.meb.k12.tr/,2026-10-01T19:23:24.305447+00:00,,Öğrenci Sayısı : 120
Çanakkale,Çan,Özer İlkokulu,744577,İlkokul,https://ozerilkokulu.meb.k12.tr,,,https://ozerilkokulu.meb.k12.tr/tema/harita.php,2026-08-31,106,106,bulundu,https://ozerilkokulu.meb.k12.tr/,2026-10-01T19:23:24.313406+00:00,,Öğrenci Sayısı : 106
Çanakkale,Çan,İstiklal İlkokulu,730762,İlkokul,https://canistiklalilkokulu.meb.k12.tr,,,https://canistiklalilkokulu.meb.k12.tr/tema/harita.php,2026-08-31,74,74,bulundu,https://canistiklalilkokulu.meb.k12.tr/tema/okulumuz_hakkinda.php,2026-10-01T19:23:24.372776+00:00,,Öğrenci : 74
Çanakkale,Çan,Şehit Binbaşı Ercan Kurt Ortaokulu,744572,Ortaokul,https://terzialansbek.meb.k12.tr,,,https://terzialansbek.meb.k12.tr/tema/harita.php,2026-08-31,80,80,bulundu,https://terzialansbek.meb.k12.tr/,2026-10-01T19:23:24.435862+00:00,,Öğrenci Sayısı : 80
Çanakkale,Çan,Şehit Emin Aydın İmam Hatip Ortaokulu,765279,İmam Hatip Ortaokulu,https://sehiteminaydiniho.meb.k12.tr,,,https://sehiteminaydiniho.meb.k12.tr/tema/harita.php,2026-08-31,160,160,bulundu,https://sehiteminaydiniho.meb.k12.tr/,2026-10-01T19:23:24.627383+00:00,,Öğrenci Sayısı : 160
Çanakkale,Çan,Şehit Engin Eker Ortaokulu,717471,Ortaokul,https://sehitenginekerortaokulu.meb.k12.tr,,,https://sehitenginekerortaokulu.meb.k12.tr/tema/harita.php,2026-08-31,744,744,bulundu,https://sehitenginekerortaokulu.meb.k12.tr/,2026-10-01T19:23:24.684375+00:00,,Öğrenci Sayısı : 744
Çankırı,Atkaracalar,Atkaracalar Cumhuriyet Ortaokulu,702355,Ortaokul,https://atkaracalarcoo.meb.k12.tr,,,https://atkaracalarcoo.meb.k12.tr/tema/harita.php,2026-08-31,108,108,bulundu,https://atkaracalarcoo.meb.k12.tr/,2026-10-01T19:23:24.716748+00:00,,Öğrenci Sayısı : 108
Çankırı,Atkaracalar,Atkaracalar Cumhuriyet İlkokulu,975210,İlkokul,https://atkaracalarcio.meb.k12.tr,,,https://atkaracalarcio.meb.k12.tr/tema/harita.php,2026-08-31,118,118,bulundu,https://atkaracalarcio.meb.k12.tr/,2026-10-01T19:23:24.730742+00:00,,Öğrenci Sayısı 118
Çankırı,Atkaracalar,Atkaracalar Halk Eğitimi Merkezi,214184,Halk Eğitimi Merkezi,https://atkaracalarhem.meb.k12.tr,,,https://atkaracalarhem.meb.k12.tr/tema/harita.php,2026-08-31,,,bulunamadi,,2026-10-01T19:23:24.800981+00:00,,
Çankırı,Atkaracalar,Çardaklı İlkokulu,975251,İlkokul,https://cardakli-ilkokulu.meb.k12.tr,,,https://cardakli-ilkokulu.meb.k12.tr/tema/harita.php,2026-08-31,21,21,bulundu,https://cardakli-ilkokulu.meb.k12.tr/,2026-10-01T19:23:24.864843+00:00,,Öğrenci Sayısı : 21
Çankırı,Atkaracalar,Şehit Hakkı Çelik Çok Programlı Anadolu Lisesi,138258,Çok Programlı Anadolu Lisesi,https://atkaracalarcpl.meb.k12.tr,,,https://atkaracalarcpl.meb.k12.tr/tema/harita.php,2026-08-31,64,64,bulundu,https://atkaracalarcpl.meb.k12.tr/tema/okulumuz_hakkinda.php,2026-10-01T19:23:24.870522+00:00,,Öğrenci : 64
Çankırı,Bayramören,Bayramören Halk Eğitimi Merkezi,319044,Halk Eğitimi Merkezi,https://bayramorenhem.meb.k12.tr,,,https://bayramorenhem.meb.k12.tr/tema/harita.php,2026-08-31,,,bulunamadi,,2026-10-01T19:23:24.968450+00:00,,
Çankırı,Bayramören,Bayramören Nevzat Ayaz Ortaokulu,702359,Ortaokul,https://nevzatayazoo.meb.k12.tr,,,https://nevzatayazoo.meb.k12.tr/tema/harita.php,2026-08-31,29,29,bulundu,https://nevzatayazoo.meb.k12.tr/,2026-10-01T19:23:25.006221+00:00,,Öğrenci Sayısı : 29
Çankırı,Bayramören,Bayramören Nevzat Ayaz İlkokulu,975262,İlkokul,https://nevzatayazio.meb.k12.tr,,,https://nevzatayazio.meb.k12.tr/tema/harita.php,2026-08-31,30,30,bulundu,https://nevzatayazio.meb.k12.tr/,2026-10-01T19:23:25.106829+00:00,,Öğrenci Sayısı 30
Çankırı,Eldivan,Eldivan 100.Yıl İlkokulu,418196,İlkokul,https://eldivan100yilio.meb.k12.tr,,,https://eldivan100yilio.meb.k12.tr/tema/harita.php,2026-08-31,119,119,bulundu,https://eldivan100yilio.meb.k12.tr/,2026-10-01T19:23:25.386875+00:00,,Öğrenci Sayısı: 119
Çankırı,Eldivan,Eldivan Halk Eğitimi Merkezi,138006,Halk Eğitimi Merkezi,https://eldivanhem.meb.k12.tr,,,https://eldivanhem.meb.k12.tr/tema/harita.php,2026-08-31,,,bulunamadi,,2026-10-01T19:23:25.400445+00:00,,
Çankırı,Eldivan,Eldivan Öğretmenevi ve Akşam Sanat Okulu,971101,Öğretmenevi,https://eldivanogretmenevi.meb.k12.tr,,,https://eldivanogretmenevi.meb.k12.tr/tema/harita.php,2026-08-31,,,bulunamadi,,2026-10-01T19:23:25.469806+00:00,,
Çankırı,Eldivan,Eldivan Şehit Üsteğmen Yılmaz Gülhan Ortaokulu,972963,Ortaokul,https://eldivanyilmazgulhano.meb.k12.tr,,,https://eldivanyilmazgulhano.meb.k12.tr/tema/harita.php,2026-08-31,104,104,bulundu,https://eldivanyilmazgulhano.meb.k12.tr/,2026-10-01T19:23:25.601328+00:00,,Öğrenci Sayısı : 104
Çankırı,Eldivan,Hasan Onat Çok Programlı Anadolu Lisesi,137995,Çok Programlı Anadolu Lisesi,https://hasanonatcpal.meb.k12.tr,,,https://hasanonatcpal.meb.k12.tr/tema/harita.php,2026-08-31,44,44,bulundu,https://hasanonatcpal.meb.k12.tr/,2026-10-01T19:23:25.620808+00:00,,Öğrenci Sayısı 44
Çankırı,Eldivan,Kadıoğlu Anaokulu,752588,Anaokulu,https://kadiogluanaokulu.meb.k12.tr,,,https://kadiogluanaokulu.meb.k12.tr/tema/harita.php,2026-08-31,35,35,bulundu,https://kadiogluanaokulu.meb.k12.tr/,2026-10-01T19:23:25.998246+00:00,,Öğrenci Sayısı : 35
Çankırı,Eldivan,Şehit Mustafa Yahya Mertcan Mesleki ve Teknik Anadolu Lisesi,962912,Mesleki ve Teknik Anadolu Lisesi,https://smustafayahyamertcanmesal.meb.k12.tr,,,https://smustafayahyamertcanmesal.meb.k12.tr/tema/harita.php,2026-08-31,78,78,bulundu,https://smustafayahyamertcanmesal.meb.k12.tr/,2026-10-01T19:23:26.026430+00:00,,Öğrenci Sayısı 78
Çankırı,Ilgaz,Ilgaz Anadolu İmam Hatip Lisesi,138138,Anadolu İmam Hatip Lisesi,https://ilgazihl.meb.k12.tr,,,https://ilgazihl.meb.k12.tr/tema/harita.php,2026-08-31,117,117,bulundu,https://ilgazihl.meb.k12.tr/,2026-10-01T19:23:26.060104+00:00,,Öğrenci Sayısı : 117
Çankırı,Ilgaz,Ilgaz Anaokulu,950732,Anaokulu,https://ilgazanaokulu.meb.k12.tr,,,https://ilgazanaokulu.meb.k12.tr/tema/harita.php,2026-08-31,69,69,bulundu,https://ilgazanaokulu.meb.k12.tr/,2026-10-01T19:23:26.064024+00:00,,Öğrenci Sayısı 69
Çankırı,Ilgaz,Ilgaz Atatürk İlkokulu,975342,İlkokul,https://ilgazataturk.meb.k12.tr,,,https://ilgazataturk.meb.k12.tr/tema/harita.php,2026-08-31,319,319,bulundu,https://ilgazataturk.meb.k12.tr/,2026-10-01T19:23:26.066973+00:00,,Öğrenci Sayısı 319
Çankırı,Ilgaz,Ilgaz Cumhuriyet Ortaokulu,702374,Ortaokul,https://ilgazcumhuriyetortaokulu.meb.k12.tr,,,https://ilgazcumhuriyetortaokulu.meb.k12.tr/tema/harita.php,2026-08-31,101,101,bulundu,https://ilgazcumhuriyetortaokulu.meb.k12.tr/,2026-10-01T19:23:26.070569+00:00,,Öğrenci Sayısı 101
Çankırı,Ilgaz,Ilgaz Emel-Oktay Türkoğlu Mesleki ve Teknik Anadolu Lisesi,954717,Mesleki ve Teknik Anadolu Lisesi,https://ilgazeotmtal.meb.k12.tr,,,https://ilgazeotmtal.meb.k12.tr/tema/harita.php,2026-08-31,,,bulunamadi,,2026-10-01T19:23:26.115086+00:00,,
Çankırı,Ilgaz,Ilgaz Fatih Sultan Mehmet Ortaokulu,975362,Ortaokul,https://ilgazfsm.meb.k12.tr,,,https://ilgazfsm.meb.k12.tr/tema/harita.php,2026-08-31,,,bulunamadi,,2026-10-01T19:23:26.308613+00:00,,
Çankırı,Ilgaz,Ilgaz Halk Eğitimi Merkezi,138151,Halk Eğitimi Merkezi,https://ilgazhem.meb.k12.tr,,,https://ilgazhem.meb.k12.tr/tema/harita.php,2026-08-31,,,bulunamadi,,2026-10-01T19:23:26.460590+00:00,,
Çankırı,Ilgaz,Ilgaz Yavuz Sultan Selim Ortaokulu,702377,Ortaokul,https://ilgazyssortaokulu.meb.k12.tr,,,https://ilgazyssortaokulu.meb.k12.tr/tema/harita.php,2026-08-31,99,99,bulundu,https://ilgazyssortaokulu.meb.k12.tr/,2026-10-01T19:23:26.478448+00:00,,Öğrenci Sayısı : 99
Çankırı,Ilgaz,Ilgaz Yavuz Sultan Selim İlkokulu,975378,İlkokul,https://ilgazyavuzsultanselimilkokulu.meb.k12.tr,,,https://ilgazyavuzsultanselimilkokulu.meb.k12.tr/tema/harita.php,2026-08-31,123,123,bulundu,https://ilgazyavuzsultanselimilkokulu.meb.k12.tr/,2026-10-01T19:23:26.559075+00:00,,Öğrenci Sayısı : 123
Çankırı,Ilgaz,Ilgaz Öğretmenevi ve Akşam Sanat Okulu,971102,Öğretmenevi,https://ilgazogretmenevi.meb.k12.tr,,,https://ilgazogretmenevi.meb.k12.tr/tema/harita.php,2026-08-31,,,bulunamadi,,2026-10-01T19:23:26.604199+00:00,,
Çankırı,Ilgaz,Ilgaz Şehit Nizamettin Yaman Anadolu Lisesi,317069,Anadolu Lisesi,https://ilgazsnyanadolulisesi.meb.k12.tr,,,https://ilgazsnyanadolulisesi.meb.k12.tr/tema/harita.php,2026-08-31,70,70,bulundu,https://ilgazsnyanadolulisesi.meb.k12.tr/,2026-10-01T19:23:26.626497+00:00,,Öğrenci Sayısı 70
Çankırı,Ilgaz,Ilgaz Şehit Serdal Uyanık Cumhuriyet İlkokulu,975347,İlkokul,https://ilgazcumhuriyetilkokulu.meb.k12.tr,,,https://ilgazcumhuriyetilkokulu.meb.k12.tr/tema/harita.php,2026-08-31,115,115,bulundu,https://ilgazcumhuriyetilkokulu.meb.k12.tr/,2026-10-01T19:23:26.708657+00:00,,Öğrenci Sayısı : 115
Çankırı,Korgun,Korgun Anaokulu,752589,Anaokulu,https://korgunanaokulu.meb.k12.tr,,,https://korgunanaokulu.meb.k12.tr/tema/harita.php,2026-08-31,51,51,bulundu,https://korgunanaokulu.meb.k12.tr/,2026-10-01T19:23:26.715730+00:00,,Öğrenci Sayısı: 51
Çankırı,Korgun,Korgun Halk Eğitimi Merkezi,319103,Halk Eğitimi Merkezi,https://korgunhem.meb.k12.tr,,,https://korgunhem.meb.k12.tr/tema/harita.php,2026-08-31,,,bulunamadi,,2026-10-01T19:23:26.790910+00:00,,
Çankırı,Korgun,Korgun Ortaokulu,702382,Ortaokul,https://korgunoo.meb.k12.tr,,,https://korgunoo.meb.k12.tr/tema/harita.php,2026-08-31,112,112,bulundu,https://korgunoo.meb.k12.tr/,2026-10-01T19:23:27.106730+00:00,,Öğrenci Sayısı : 112
Çankırı,Korgun,Korgun Çok Programlı Anadolu Lisesi,354688,Çok Programlı Anadolu Lisesi,https://korguncpl.meb.k12.tr,,,https://korguncpl.meb.k12.tr/tema/harita.php,2026-08-31,42,42,bulundu,https://korguncpl.meb.k12.tr/,2026-10-01T19:23:27.151101+00:00,,Öğrenci Sayısı : 42
Çankırı,Korgun,Korgun Öğretmenevi ve Akşam Sanat Okulu,749928,Öğretmenevi,https://korgunogretmenevi.meb.k12.tr,,,https://korgunogretmenevi.meb.k12.tr/tema/harita.php,2026-08-31,,,bulunamadi,,2026-10-01T19:23:27.202034+00:00,,
Çankırı,Korgun,Maruf Şehit Eyüp Gönen İlkokulu,766070,İlkokul,https://marufsehiteyupgonen.meb.k12.tr,,,https://marufsehiteyupgonen.meb.k12.tr/tema/harita.php,2026-08-31,15,15,bulundu,https://marufsehiteyupgonen.meb.k12.tr/,2026-10-01T19:23:27.269301+00:00,,Öğrenci Sayısı 15
Çankırı,Korgun,Şehit Komiser Veysel Çirişlioğlu İlkokulu,700332,İlkokul,https://cirisliogluio.meb.k12.tr,,,https://cirisliogluio.meb.k12.tr/tema/harita.php,2026-08-31,140,140,bulundu,https://cirisliogluio.meb.k12.tr/,2026-10-01T19:23:27.544525+00:00,,Öğrenci Sayısı : 140
Çankırı,Kurşunlu,Kurşunlu Anaokulu,751806,Anaokulu,https://kursunluanaokulu.meb.k12.tr,,,https://kursunluanaokulu.meb.k12.tr/tema/harita.php,2026-08-31,61,61,bulundu,https://kursunluanaokulu.meb.k12.tr/,2026-10-01T19:23:27.572538+00:00,,Öğrenci Sayısı 61
Çankırı,Kurşunlu,Kurşunlu Halk Eğitimi Merkezi,138295,Halk Eğitimi Merkezi,https://kursunluhem.meb.k12.tr,,,https://kursunluhem.meb.k12.tr/tema/harita.php,2026-08-31,,,bulunamadi,,2026-10-01T19:23:27.663094+00:00,,
Çankırı,Kurşunlu,Kurşunlu Meslekî ve Teknik Anadolu Lisesi,337708,Mesleki ve Teknik Anadolu Lisesi,https://kursunlumtal.meb.k12.tr,,,https://kursunlumtal.meb.k12.tr/tema/harita.php,2026-08-31,60,60,bulundu,https://kursunlumtal.meb.k12.tr/tema/okulumuz_hakkinda.php,2026-10-01T19:23:27.748741+00:00,,Öğrenci : 60
Çankırı,Kurşunlu,Kurşunlu Tevfik Fikret Ortaokulu,702387,Ortaokul,https://tevfikfikretoo.meb.k12.tr,,,https://tevfikfikretoo.meb.k12.tr/tema/harita.php,2026-08-31,,,bulunamadi,,2026-10-01T19:23:27.809259+00:00,,
Çankırı,Kurşunlu,Kurşunlu Tevfik Fikret İlkokulu,959924,İlkokul,https://kursunlutevfikfikretio.meb.k12.tr,,,https://kursunlutevfikfikretio.meb.k12.tr/tema/harita.php,2026-08-31,,,bulunamadi,,2026-10-01T19:23:27.819484+00:00,,
Çankırı,Kurşunlu,Kurşunlu Şehit Aydın Çopur Anadolu İmam Hatip Lisesi,138283,Anadolu İmam Hatip Lisesi,https://kursunluihl.meb.k12.tr,,,https://kursunluihl.meb.k12.tr/tema/harita.php,2026-08-31,70,70,bulundu,https://kursunluihl.meb.k12.tr/,2026-10-01T19:23:27.911233+00:00,,Öğrenci Sayısı 70
Çankırı,Kurşunlu,Kurşunlu Şehit Ekrem Aygen Ortaokulu,702385,Ortaokul,https://sehitekremaygenortaokulu.meb.k12.tr,,,https://sehitekremaygenortaokulu.meb.k12.tr/tema/harita.php,2026-08-31,125,125,bulundu,https://sehitekremaygenortaokulu.meb.k12.tr/,2026-10-01T19:23:28.112624+00:00,,Öğrenci Sayısı : 125
Çankırı,Kurşunlu,Kurşunlu Şehit Ekrem Aygen İlkokulu,700357,İlkokul,https://sehitekremaygenilkokulu.meb.k12.tr,,,https://sehitekremaygenilkokulu.meb.k12.tr/tema/harita.php,2026-08-31,165,165,bulundu,https://sehitekremaygenilkokulu.meb.k12.tr/,2026-10-01T19:23:28.214191+00:00,,Öğrenci Sayısı 165
Çankırı,Kurşunlu,Kurşunlu Şehit Teğmen Korhan Kuruçay İlkokulu,700349,İlkokul,https://korhankurucay.meb.k12.tr,,,https://korhankurucay.meb.k12.tr/tema/harita.php,2026-08-31,,,bulunamadi,,2026-10-01T19:23:28.245382+00:00,,
Çankırı,Kurşunlu,Şehit Murat Ustaoğlu Anadolu Lisesi,325204,Anadolu Lisesi,https://kursunlual.meb.k12.tr,,,https://kursunlual.meb.k12.tr/tema/harita.php,2026-08-31,101,101,bulundu,https://kursunlual.meb.k12.tr/,2026-10-01T19:23:28.319690+00:00,,Öğrenci Sayısı 101
Çankırı,Kızılırmak,Karallı İlkokulu,700295,İlkokul,https://karalliilkokulu.meb.k12.tr,,,https://karalliilkokulu.meb.k12.tr/tema/harita.php,2026-08-31,,,bulunamadi,,2026-10-01T19:23:28.362880+00:00,,
Çankırı,Kızılırmak,Kızılırmak Anaokulu,749826,Anaokulu,https://749826.meb.k12.tr,,,https://749826.meb.k12.tr/tema/harita.php,2026-08-31,54,54,bulundu,https://749826.meb.k12.tr/,2026-10-01T19:23:28.368897+00:00,,Öğrenci Sayısı 54
Çankırı,Kızılırmak,Kızılırmak Halk Eğitimi Merkezi,214196,Halk Eğitimi Merkezi,https://kizilirmakhem.meb.k12.tr,,,https://kizilirmakhem.meb.k12.tr/tema/harita.php,2026-08-31,,,bulunamadi,,2026-10-01T19:23:28.596870+00:00,,
Çankırı,Kızılırmak,Kızılırmak Ortaokulu,700301,Ortaokul,https://kizilirmakortaokulu.meb.k12.tr,,,https://kizilirmakortaokulu.meb.k12.tr/tema/harita.php,2026-08-31,206,206,bulundu,https://kizilirmakortaokulu.meb.k12.tr/tema/okulumuz_hakkinda.php,2026-10-01T19:23:28.751907+00:00,,Öğrenci : 206
Çankırı,Kızılırmak,Kızılırmak Öğretmenevi ve Akşam Sanat Okulu Müdürlüğü,762057,Öğretmenevi,https://kizilirmakogretmeneviaso.meb.k12.tr,,,https://kizilirmakogretmeneviaso.meb.k12.tr/tema/harita.php,2026-08-31,,,bulunamadi,,2026-10-01T19:23:28.754015+00:00,,
Çankırı,Kızılırmak,Kızılırmak Şehit Medet Ekizceli Çok Programlı Anadolu Lisesi,337877,Çok Programlı Anadolu Lisesi,https://kizilirmakcpal.meb.k12.tr,,,https://kizilirmakcpal.meb.k12.tr/tema/harita.php,2026-08-31,74,74,bulundu,https://kizilirmakcpal.meb.k12.tr/,2026-10-01T19:23:28.756405+00:00,,Öğrenci Sayısı 74
Çankırı,Kızılırmak,Kızılırmak Şehit Remzi Aslan İlkokulu,700320,İlkokul,https://sehitremziaslanilkokulu.meb.k12.tr,,,https://sehitremziaslanilkokulu.meb.k12.tr/tema/harita.php,2026-08-31,205,205,bulundu,https://sehitremziaslanilkokulu.meb.k12.tr/,2026-10-01T19:23:28.968623+00:00,,Öğrenci Sayısı 205
Çankırı,Kızılırmak,Tımarlı İlkokulu,700326,İlkokul,https://700326.meb.k12.tr,,,https://700326.meb.k12.tr/tema/harita.php,2026-08-31,,,bulunamadi,,2026-10-01T19:23:29.063874+00:00,,
Çankırı,Kızılırmak,Yukarı Alegöz Şehit Adem Ballı İlkokulu,700311,İlkokul,https://sehitademballiio.meb.k12.tr,,,https://sehitademballiio.meb.k12.tr/tema/harita.php,2026-08-31,27,27,bulundu,https://sehitademballiio.meb.k12.tr/,2026-10-01T19:23:29.205430+00:00,,Öğrenci Sayısı 27
Çankırı,Kızılırmak,Şehit Yalçın Koca İmam Hatip Ortaokulu,759907,İmam Hatip Ortaokulu,https://kizilirmakimamhatiportaokulu.meb.k12.tr,,,https://kizilirmakimamhatiportaokulu.meb.k12.tr/tema/harita.php,2026-08-31,34,34,bulundu,https://kizilirmakimamhatiportaokulu.meb.k12.tr/tema/okulumuz_hakkinda.php,2026-10-01T19:23:29.310672+00:00,,Öğrenci : 34
Çankırı,Merkez,125.Yıl Anaokulu,965327,Anaokulu,https://cankiri125yilanaokulu.meb.k12.tr,,,https://cankiri125yilanaokulu.meb.k12.tr/tema/harita.php,2026-08-31,,,bulunamadi,,2026-10-01T19:23:29.647342+00:00,,
Çankırı,Merkez,30 Ağustos Ortaokulu,702973,Ortaokul,https://cankiri30agustosoo.meb.k12.tr,,,https://cankiri30agustosoo.meb.k12.tr/tema/harita.php,2026-08-31,83,83,bulundu,https://cankiri30agustosoo.meb.k12.tr/,2026-10-01T19:23:29.805014+00:00,,Öğrenci Sayısı : 83
Çankırı,Merkez,30 Ağustos İmam Hatip Ortaokulu,761911,İmam Hatip Ortaokulu,https://cankiri30agustosioo.meb.k12.tr,,,https://cankiri30agustosioo.meb.k12.tr/tema/harita.php,2026-08-31,22,22,bulundu,https://cankiri30agustosioo.meb.k12.tr/,2026-10-01T19:23:29.819435+00:00,,Öğrenci Sayısı 22
Çankırı,Merkez,Adnan Menderes İlkokulu,700389,İlkokul,https://cankiriadnanmenderesilkokulu.meb.k12.tr,,,https://cankiriadnanmenderesilkokulu.meb.k12.tr/tema/harita.php,2026-08-31,209,209,bulundu,https://cankiriadnanmenderesilkokulu.meb.k12.tr/,2026-10-01T19:23:29.864938+00:00,,Öğrenci Sayısı : 209
Çankırı,Merkez,Ahmet Mecbur Efendi Bilim ve Sanat Merkezi,750267,Bilim ve Sanat Merkezi,https://cankiribilsem.meb.k12.tr,,,https://cankiribilsem.meb.k12.tr/tema/harita.php,2026-08-31,177,177,bulundu,https://cankiribilsem.meb.k12.tr/,2026-10-01T19:23:29.867568+00:00,,Öğrenci Sayısı : 177
Çankırı,Merkez,Ahmet Talat Onay Anaokulu,963817,Anaokulu,https://ahmettalatonay.meb.k12.tr,,,https://ahmettalatonay.meb.k12.tr/tema/harita.php,2026-08-31,151,151,bulundu,https://ahmettalatonay.meb.k12.tr/,2026-10-01T19:23:30.265854+00:00,,Öğrenci Sayısı: 151
Çankırı,Merkez,Akçavakıf İlkokulu,700393,İlkokul,https://akcavakif.meb.k12.tr,,,https://akcavakif.meb.k12.tr/tema/harita.php,2026-08-31,7,7,bulundu,https://akcavakif.meb.k12.tr/,2026-10-01T19:23:30.290852+00:00,,Öğrenci Sayısı 7
Çankırı,Merkez,Akşemseddin İmam Hatip Ortaokulu,760438,İmam Hatip Ortaokulu,https://cankiriaksemseddiniho.meb.k12.tr,,,https://cankiriaksemseddiniho.meb.k12.tr/tema/harita.php,2026-08-31,47,47,bulundu,https://cankiriaksemseddiniho.meb.k12.tr/,2026-10-01T19:23:30.384122+00:00,,Öğrenci Sayısı : 47
Çankırı,Merkez,Atatürk Ortaokulu,702974,Ortaokul,https://cankiriataturkoo.meb.k12.tr,,,https://cankiriataturkoo.meb.k12.tr/tema/harita.php,2026-08-31,272,272,bulundu,https://cankiriataturkoo.meb.k12.tr/,2026-10-01T19:23:30.462515+00:00,,Öğrenci Sayısı : 272
Çankırı,Merkez,Atatürk İlkokulu,700395,İlkokul,https://cankiriataturkio.meb.k12.tr,,,https://cankiriataturkio.meb.k12.tr/tema/harita.php,2026-08-31,171,171,bulundu,https://cankiriataturkio.meb.k12.tr/,2026-10-01T19:23:30.470308+00:00,,Öğrenci Sayısı : 171
Çankırı,Merkez,Cumhuriyet İlkokulu,393660,İlkokul,https://cumhuriyet18.meb.k12.tr,,,https://cumhuriyet18.meb.k12.tr/tema/harita.php,2026-08-31,97,97,bulundu,https://cumhuriyet18.meb.k12.tr/,2026-10-01T19:23:30.490141+00:00,,Öğrenci Sayısı : 97
Çankırı,Merkez,Dr.Refik Saydam İlkokulu,263122,İlkokul,https://drrefiksaydamio.meb.k12.tr,,,https://drrefiksaydamio.meb.k12.tr/tema/harita.php,2026-08-31,695,695,bulundu,https://drrefiksaydamio.meb.k12.tr/,2026-10-01T19:23:30.665546+00:00,,Öğrenci Sayısı 695
Çankırı,Merkez,Fatih Sultan Mehmet Anadolu İmam Hatip Lisesi,761635,Anadolu İmam Hatip Lisesi,https://fsmaihl.meb.k12.tr,,,https://fsmaihl.meb.k12.tr/tema/harita.php,2026-08-31,127,127,bulundu,https://fsmaihl.meb.k12.tr/,2026-10-01T19:23:30.773849+00:00,,Öğrenci Sayısı : 127
Çankırı,Merkez,Güneş İlkokulu,702975,İlkokul,https://gunesio.meb.k12.tr,,,https://gunesio.meb.k12.tr/tema/harita.php,2026-08-31,1149,1149,bulundu,https://gunesio.meb.k12.tr/,2026-10-01T19:23:30.821583+00:00,,Öğrenci Sayısı 1149
Çankırı,Merkez,Gürhan Titrek Mesleki Eğitim Merkezi,137851,Mesleki Eğitim Merkezi,https://cankirigtmem.meb.k12.tr,,,https://cankirigtmem.meb.k12.tr/tema/harita.php,2026-08-31,455,455,bulundu,https://cankirigtmem.meb.k12.tr/,2026-10-01T19:23:30.825693+00:00,,Öğrenci Sayısı : 455
Çankırı,Merkez,Hacı Mehmet Üner Kızılay Anaokulu,768181,Anaokulu,https://hacimehmetunerkizilayanaokulu.meb.k12.tr,,,https://hacimehmetunerkizilayanaokulu.meb.k12.tr/tema/harita.php,2026-08-31,79,79,bulundu,https://hacimehmetunerkizilayanaokulu.meb.k12.tr/,2026-10-01T19:23:31.325078+00:00,,Öğrenci Sayısı: 79
Çankırı,Merkez,Hasakça İlkokulu,700435,İlkokul,https://hasakca.meb.k12.tr,,,https://hasakca.meb.k12.tr/tema/harita.php,2026-08-31,8,8,bulundu,https://hasakca.meb.k12.tr/,2026-10-01T19:23:31.351322+00:00,,Öğrenci Sayısı 8
Çankırı,Merkez,Hazım Dağlı İlkokulu,700446,İlkokul,https://hazimdagliilkokulu.meb.k12.tr,,,https://hazimdagliilkokulu.meb.k12.tr/tema/harita.php,2026-08-31,61,61,bulundu,https://hazimdagliilkokulu.meb.k12.tr/,2026-10-01T19:23:31.380230+00:00,,Öğrenci Sayısı : 61
Çankırı,Merkez,Hüsniye-Ahmet Akpınar Anaokulu,966700,Anaokulu,https://husniyeahmetakpinar.meb.k12.tr,,,https://husniyeahmetakpinar.meb.k12.tr/tema/harita.php,2026-08-31,126,126,bulundu,https://husniyeahmetakpinar.meb.k12.tr/,2026-10-01T19:23:31.439265+00:00,,Öğrenci Sayısı: 126
Çankırı,Merkez,Karadayı İlkokulu,700489,İlkokul,https://cankirikaradayiilkokulu.meb.k12.tr,,,https://cankirikaradayiilkokulu.meb.k12.tr/tema/harita.php,2026-08-31,11,11,bulundu,https://cankirikaradayiilkokulu.meb.k12.tr/tema/okulumuz_hakkinda.php,2026-10-01T19:23:31.458929+00:00,,Öğrenci : 11
Çankırı,Merkez,Karatekin Ortaokulu,702985,Ortaokul,https://karatekinortaokulu.meb.k12.tr,,,https://karatekinortaokulu.meb.k12.tr/tema/harita.php,2026-08-31,193,193,bulundu,https://karatekinortaokulu.meb.k12.tr/,2026-10-01T19:23:31.466958+00:00,,Öğrenci Sayısı : 193
Çankırı,Merkez,Karatekin İlkokulu,700498,İlkokul,https://karatekinilkokulu.meb.k12.tr,,,https://karatekinilkokulu.meb.k12.tr/tema/harita.php,2026-08-31,225,225,bulundu,https://karatekinilkokulu.meb.k12.tr/,2026-10-01T19:23:31.518632+00:00,,Öğrenci Sayısı : 225
Çankırı,Merkez,M.K.E.Tophane Ortaokulu,702986,Ortaokul,https://mketophaneorta.meb.k12.tr,,,https://mketophaneorta.meb.k12.tr/tema/harita.php,2026-08-31,71,71,bulundu,https://mketophaneorta.meb.k12.tr/,2026-10-01T19:23:31.561586+00:00,,Öğrenci Sayısı 71
Çankırı,Merkez,M.K.E.Tophane İlkokulu,700507,İlkokul,https://mketophaneilk.meb.k12.tr,,,https://mketophaneilk.meb.k12.tr/tema/harita.php,2026-08-31,105,105,bulundu,https://mketophaneilk.meb.k12.tr/,2026-10-01T19:23:31.672510+00:00,,Öğrenci Sayısı 105
Çankırı,Merkez,Mareşal Çakmak Ortaokulu,702987,Ortaokul,https://maresalcakmakortaokulu.meb.k12.tr,,,https://maresalcakmakortaokulu.meb.k12.tr/tema/harita.php,2026-08-31,53,53,bulundu,https://maresalcakmakortaokulu.meb.k12.tr/,2026-10-01T19:23:31.751847+00:00,,Öğrenci Sayısı 53
Çankırı,Merkez,Mareşal Çakmak İlkokulu,700519,İlkokul,https://cankirimaresal.meb.k12.tr,,,https://cankirimaresal.meb.k12.tr/tema/harita.php,2026-08-31,135,135,bulundu,https://cankirimaresal.meb.k12.tr/,2026-10-01T19:23:31.862406+00:00,,Öğrenci Sayısı : 135
Çankırı,Merkez,Mehmet Akif Ersoy İlkokulu,881891,İlkokul,https://cankirimehmetakifersoyio.meb.k12.tr,,,https://cankirimehmetakifersoyio.meb.k12.tr/tema/harita.php,2026-08-31,485,485,bulundu,https://cankirimehmetakifersoyio.meb.k12.tr/,2026-10-01T19:23:31.949027+00:00,,Öğrenci Sayısı : 485
Çankırı,Merkez,Mehmetçik Ortaokulu,702989,Ortaokul,https://cankirimehmetcikortaokulu.meb.k12.tr,,,https://cankirimehmetcikortaokulu.meb.k12.tr/tema/harita.php,2026-08-31,1351,1351,bulundu,https://cankirimehmetcikortaokulu.meb.k12.tr/tema/okulumuz_hakkinda.php,2026-10-01T19:23:31.974158+00:00,,Öğrenci : 1351
Çankırı,Merkez,Muazzez Ser-Ved Amaratoğlu Ortaokulu,700556,Ortaokul,https://muazzezser-vedamaratoglu.meb.k12.tr,,,https://muazzezser-vedamaratoglu.meb.k12.tr/tema/harita.php,2026-08-31,788,788,bulundu,https://muazzezser-vedamaratoglu.meb.k12.tr/,2026-10-01T19:23:31.984306+00:00,,Öğrenci Sayısı : 788
Çankırı,Merkez,Nasreddin Hoca Anaokulu,765943,Anaokulu,https://cankirinasreddinhocaanaokulu.meb.k12.tr,,,https://cankirinasreddinhocaanaokulu.meb.k12.tr/tema/harita.php,2026-08-31,34,34,bulundu,https://cankirinasreddinhocaanaokulu.meb.k12.tr/,2026-10-01T19:23:31.995819+00:00,,Öğrenci Sayısı: 34
Çankırı,Merkez,Nevzat Ayaz Sosyal Bilimler Lisesi,253383,Sosyal Bilimler Lisesi,https://nevzatayazsbl.meb.k12.tr,,,https://nevzatayazsbl.meb.k12.tr/tema/harita.php,2026-08-31,337,337,bulundu,https://nevzatayazsbl.meb.k12.tr/,2026-10-01T19:23:32.109577+00:00,,Öğrenci Sayısı : 337
Çankırı,Merkez,Selahattin İnal Güzel Sanatlar Lisesi,325216,Güzel Sanatlar Lisesi,https://cankiriguzelsanatlar.meb.k12.tr,,,https://cankiriguzelsanatlar.meb.k12.tr/tema/harita.php,2026-08-31,131,131,bulundu,https://cankiriguzelsanatlar.meb.k12.tr/,2026-10-01T19:23:32.182398+00:00,,Öğrenci Sayısı : 131
Çankırı,Merkez,Tüney Şehit Mehmet Demir Ortaokulu,310545,Ortaokul,https://sehitmehmetdemirio.meb.k12.tr,,,https://sehitmehmetdemirio.meb.k12.tr/tema/harita.php,2026-08-31,40,40,bulundu,https://sehitmehmetdemirio.meb.k12.tr/,2026-10-01T19:23:32.210347+00:00,,Öğrenci Sayısı 40
Çankırı,Merkez,Tüney Şehit Mehmet Demir İlkokulu,700560,İlkokul,https://tuneysehitmehmet.meb.k12.tr,,,https://tuneysehitmehmet.meb.k12.tr/tema/harita.php,2026-08-31,48,48,bulundu,https://tuneysehitmehmet.meb.k12.tr/,2026-10-01T19:23:32.534256+00:00,,Öğrenci Sayısı 48
Çankırı,Merkez,Vali Ayhan Çevik Özel Eğitim Uygulama Okulu I. Kademe,885960,Özel Eğitim Kurumu,https://cankiriegitimuygulama.meb.k12.tr,,,https://cankiriegitimuygulama.meb.k12.tr/tema/harita.php,2026-08-31,21,21,bulundu,https://cankiriegitimuygulama.meb.k12.tr/tema/okulumuz_hakkinda.php,2026-10-01T19:23:32.552684+00:00,,Öğrenci : 21
Çankırı,Merkez,Vali Ayhan Çevik Özel Eğitim Uygulama Okulu II. Kademe,747407,Özel Eğitim Kurumu,https://cankiriozelegitim2.meb.k12.tr,,,https://cankiriozelegitim2.meb.k12.tr/tema/harita.php,2026-08-31,24,24,bulundu,https://cankiriozelegitim2.meb.k12.tr/tema/okulumuz_hakkinda.php,2026-10-01T19:23:32.596359+00:00,,Öğrenci : 24
Çankırı,Merkez,Vali Ayhan Çevik Özel Eğitim Uygulama Okulu III. Kademe,748029,Özel Eğitim Kurumu,https://cankiriisuygulama.meb.k12.tr,,,https://cankiriisuygulama.meb.k12.tr/tema/harita.php,2026-08-31,11,11,bulundu,https://cankiriisuygulama.meb.k12.tr/tema/okulumuz_hakkinda.php,2026-10-01T19:23:32.633564+00:00,,Öğrenci : 11
Çankırı,Merkez,Yunus Emre Ortaokulu,766056,Ortaokul,https://cankiriyunusemreoo.meb.k12.tr,,,https://cankiriyunusemreoo.meb.k12.tr/tema/harita.php,2026-08-31,727,727,bulundu,https://cankiriyunusemreoo.meb.k12.tr/,2026-10-01T19:23:32.683087+00:00,,Öğrenci Sayısı 727
Çankırı,Merkez,Çankırı 15 Temmuz Şehitler Anadolu Lisesi,137780,Anadolu Lisesi,https://cankirianadolulisesi.meb.k12.tr,,,https://cankirianadolulisesi.meb.k12.tr/tema/harita.php,2026-08-31,569,569,bulundu,https://cankirianadolulisesi.meb.k12.tr/,2026-10-01T19:23:32.780184+00:00,,Öğrenci Sayısı 569
Çankırı,Merkez,Çankırı Gazi Mesleki ve Teknik Anadolu Lisesi,962916,Mesleki ve Teknik Anadolu Lisesi,https://cankirigazimtal.meb.k12.tr,,,https://cankirigazimtal.meb.k12.tr/tema/harita.php,2026-08-31,408,408,bulundu,https://cankirigazimtal.meb.k12.tr/,2026-10-01T19:23:32.951178+00:00,,Öğrenci Sayısı : 408
Çankırı,Merkez,Çankırı Hacı Murad-ı Veli Anadolu İmam Hatip Lisesi,137826,Anadolu İmam Hatip Lisesi,https://cankiriihl.meb.k12.tr,,,https://cankiriihl.meb.k12.tr/tema/harita.php,2026-08-31,288,288,bulundu,https://cankiriihl.meb.k12.tr/,2026-10-01T19:23:33.157742+00:00,,Öğrenci Sayısı : 288
Çankırı,Merkez,Çankırı Hacı Murad-ı Veli İmam Hatip Ortaokulu,702982,İmam Hatip Ortaokulu,https://hacimuradiveliiho.meb.k12.tr,,,https://hacimuradiveliiho.meb.k12.tr/tema/harita.php,2026-08-31,583,583,bulundu,https://hacimuradiveliiho.meb.k12.tr/tema/okulumuz_hakkinda.php,2026-10-01T19:23:33.281375+00:00,,Öğrenci : 583
Çankırı,Merkez,Çankırı Keloğlan Anaokulu,972535,Anaokulu,https://cankirikeloglananaokulu.meb.k12.tr,,,https://cankirikeloglananaokulu.meb.k12.tr/tema/harita.php,2026-08-31,117,117,bulundu,https://cankirikeloglananaokulu.meb.k12.tr/,2026-10-01T19:23:33.379415+00:00,,Öğrenci Sayısı 117
Çankırı,Merkez,Çankırı Lisesi,967670,Lise,https://cankirilisesi.meb.k12.tr,,,https://cankirilisesi.meb.k12.tr/tema/harita.php,2026-08-31,542,542,bulundu,https://cankirilisesi.meb.k12.tr/,2026-10-01T19:23:33.409386+00:00,,Öğrenci Sayısı : 542
Çankırı,Merkez,Çankırı Mesleki ve Teknik Anadolu Lisesi,137792,Mesleki ve Teknik Anadolu Lisesi,https://cankirieml.meb.k12.tr,,,https://cankirieml.meb.k12.tr/tema/harita.php,2026-08-31,673,673,bulundu,https://cankirieml.meb.k12.tr/,2026-10-01T19:23:33.469447+00:00,,Öğrenci Sayısı : 673
Çankırı,Merkez,Çankırı Nurettin Ok Halk Eğitimi Merkezi,137838,Halk Eğitimi Merkezi,https://cankirihem.meb.k12.tr,,,https://cankirihem.meb.k12.tr/tema/harita.php,2026-08-31,,,bulunamadi,,2026-10-01T19:23:33.797013+00:00,,
Çankırı,Merkez,Çankırı Toki Ortaokulu,749435,Ortaokul,https://cankiritokioo.meb.k12.tr,,,https://cankiritokioo.meb.k12.tr/tema/harita.php,2026-08-31,50,50,bulundu,https://cankiritokioo.meb.k12.tr/tema/okulumuz_hakkinda.php,2026-10-01T19:23:33.970099+00:00,,Öğrenci : 50
Çankırı,Merkez,Çankırı Toki İlkokulu,749434,İlkokul,https://cankiritoki.meb.k12.tr,,,https://cankiritoki.meb.k12.tr/tema/harita.php,2026-08-31,86,86,bulundu,https://cankiritoki.meb.k12.tr/,2026-10-01T19:23:34.009531+00:00,,Öğrenci Sayısı : 86
Çankırı,Merkez,Çankırı Türkiye Odalar ve Borsalar Birliği Fen Lisesi,345380,Fen Lisesi,https://cankirifen.meb.k12.tr,,,https://cankirifen.meb.k12.tr/tema/harita.php,2026-08-31,468,468,bulundu,https://cankirifen.meb.k12.tr/,2026-10-01T19:23:34.057800+00:00,,Öğrenci Sayısı 468
Çankırı,Merkez,Çankırı Yarenler Anaokulu,767989,Anaokulu,https://yarenleranaokulu.meb.k12.tr,,,https://yarenleranaokulu.meb.k12.tr/tema/harita.php,2026-08-31,139,139,bulundu,https://yarenleranaokulu.meb.k12.tr/,2026-10-01T19:23:34.059447+00:00,,Öğrenci Sayısı 139
Çankırı,Merkez,Çankırı Öğretmenevi ve Akşam Sanat Okulu,971100,Öğretmenevi,https://cankiriogretmenevi.meb.k12.tr,,,https://cankiriogretmenevi.meb.k12.tr/tema/harita.php,2026-08-31,,,bulunamadi,,2026-10-01T19:23:34.172429+00:00,,
Çankırı,Merkez,Çankırı İlgi Özel Eğitim Anaokulu,767796,Anaokulu,https://ilgiozelegitimanaokulu.meb.k12.tr,,,https://ilgiozelegitimanaokulu.meb.k12.tr/tema/harita.php,2026-08-31,22,22,bulundu,https://ilgiozelegitimanaokulu.meb.k12.tr/,2026-10-01T19:23:34.176779+00:00,,Öğrenci Sayısı: 22
Çankırı,Merkez,Çankırı Şehit Erdem Öztürk Kız Mesleki ve Teknik Anadolu Lisesi,137802,Mesleki ve Teknik Anadolu Lisesi,https://cankirikml.meb.k12.tr,,,https://cankirikml.meb.k12.tr/tema/harita.php,2026-08-31,502,502,bulundu,https://cankirikml.meb.k12.tr/,2026-10-01T19:23:34.277172+00:00,,Öğrenci Sayısı : 502
Çankırı,Merkez,Çankırı Şehit Hasan Gülhan Cumhuriyet Anadolu Lisesi,955389,Anadolu Lisesi,https://cankiricumhuriyetanadolulisesi.meb.k12.tr,,,https://cankiricumhuriyetanadolulisesi.meb.k12.tr/tema/harita.php,2026-08-31,353,353,bulundu,https://cankiricumhuriyetanadolulisesi.meb.k12.tr/,2026-10-01T19:23:34.332434+00:00,,Öğrenci Sayısı 353
Çankırı,Merkez,Çankırı Şehit Korhan Kuruçay Ticaret Mesleki ve Teknik Anadolu Lisesi,137814,Mesleki ve Teknik Anadolu Lisesi,https://skkmtal.meb.k12.tr,,,https://skkmtal.meb.k12.tr/tema/harita.php,2026-08-31,369,369,bulundu,https://skkmtal.meb.k12.tr/tema/okulumuz_hakkinda.php,2026-10-01T19:23:34.462336+00:00,,Öğrenci : 369
Çankırı,Merkez,Çankırı Şehit Mehmet Ata Tarım Mesleki ve Teknik Anadolu Lisesi,965056,Mesleki ve Teknik Anadolu Lisesi,https://tarim18.meb.k12.tr,,,https://tarim18.meb.k12.tr/tema/harita.php,2026-08-31,127,127,bulundu,https://tarim18.meb.k12.tr/,2026-10-01T19:23:34.528303+00:00,,Öğrenci Sayısı 127
Çankırı,Merkez,Çankırı Şehit Yusuf Çelik Rehberlik ve Araştırma Merkezi,137863,Rehberlik ve Araştırma Merkezi,https://cankiriram.meb.k12.tr,,,https://cankiriram.meb.k12.tr/tema/harita.php,2026-08-31,,,bulunamadi,,2026-10-01T19:23:34.556542+00:00,,
Çankırı,Merkez,Çankırı Şehit Ömer Faruk Biçer Özel Eğitim Meslek Okulu,763353,Özel Eğitim Kurumu,https://cankiriozelegitimmeslekokulu.meb.k12.tr,,,https://cankiriozelegitimmeslekokulu.meb.k12.tr/tema/harita.php,2026-08-31,26,26,bulundu,https://cankiriozelegitimmeslekokulu.meb.k12.tr/,2026-10-01T19:23:35.020773+00:00,,Öğrenci Sayısı : 26
Çankırı,Merkez,Ünür Şehit İlyas Aldağ Ortaokulu,702992,Ortaokul,https://sehitilyasaldagoo.meb.k12.tr,,,https://sehitilyasaldagoo.meb.k12.tr/tema/harita.php,2026-08-31,36,36,bulundu,https://sehitilyasaldagoo.meb.k12.tr/,2026-10-01T19:23:35.033023+00:00,,Öğrenci Sayısı 36
Çankırı,Merkez,Ünür Şehit İlyas Aldağ İlkokulu,310533,İlkokul,https://sehitilyasaldagio.meb.k12.tr,,,https://sehitilyasaldagio.meb.k12.tr/tema/harita.php,2026-08-31,61,61,bulundu,https://sehitilyasaldagio.meb.k12.tr/,2026-10-01T19:23:35.051834+00:00,,Öğrenci Sayısı 61
Çankırı,Merkez,İlker Tuncay İlkokulu,700479,İlkokul,https://ilkertuncayilkokulu.meb.k12.tr,,,https://ilkertuncayilkokulu.meb.k12.tr/tema/harita.php,2026-08-31,678,678,bulundu,https://ilkertuncayilkokulu.meb.k12.tr/tema/okulumuz_hakkinda.php,2026-10-01T19:23:35.139539+00:00,,Öğrenci : 678
Çankırı,Merkez,İsmet İnönü Ortaokulu,702981,Ortaokul,https://ismetinonu.meb.k12.tr,,,https://ismetinonu.meb.k12.tr/tema/harita.php,2026-08-31,998,998,bulundu,https://ismetinonu.meb.k12.tr/,2026-10-01T19:23:35.198272+00:00,,Öğrenci Sayısı 998
Çankırı,Merkez,İstiklal Yolu İlkokulu,700527,İlkokul,https://istiklalyolu.meb.k12.tr,,,https://istiklalyolu.meb.k12.tr/tema/harita.php,2026-08-31,718,718,bulundu,https://istiklalyolu.meb.k12.tr/,2026-10-01T19:23:35.221175+00:00,,Öğrenci Sayısı 718
Çankırı,Merkez,İstiklâl Anaokulu,965326,Anaokulu,https://cankiriistiklalanaokulu.meb.k12.tr,,,https://cankiriistiklalanaokulu.meb.k12.tr/tema/harita.php,2026-08-31,123,123,bulundu,https://cankiriistiklalanaokulu.meb.k12.tr/,2026-10-01T19:23:35.273545+00:00,,Öğrenci Sayısı: 123
Çankırı,Merkez,Şehit Hilmi Bıyıklı İlkokulu,766076,İlkokul,https://sehithilmibiyikliilkokulu.meb.k12.tr,,,https://sehithilmibiyikliilkokulu.meb.k12.tr/tema/harita.php,2026-08-31,793,793,bulundu,https://sehithilmibiyikliilkokulu.meb.k12.tr/,2026-10-01T19:23:35.292005+00:00,,Öğrenci Sayısı 793
Çankırı,Merkez,Şehit Uğur Hiçyılmaz Anaokulu,751796,Anaokulu,https://sehitugurhicyilmazanaokulu.meb.k12.tr,,,https://sehitugurhicyilmazanaokulu.meb.k12.tr/tema/harita.php,2026-08-31,127,127,bulundu,https://sehitugurhicyilmazanaokulu.meb.k12.tr/,2026-10-01T19:23:35.324366+00:00,,Öğrenci Sayısı: 127
Çankırı,Merkez,Şehit Yahya Coşkuner Ortaokulu,700551,Ortaokul,https://sehityahyacoskuner.meb.k12.tr,,,https://sehityahyacoskuner.meb.k12.tr/tema/harita.php,2026-08-31,246,246,bulundu,https://sehityahyacoskuner.meb.k12.tr/,2026-10-01T19:23:35.393622+00:00,,Öğrenci Sayısı 246
Çankırı,Merkez,Şehit Yücel Karahasan Ortaokulu,702979,Ortaokul,https://sehityucelkarahasanortaokulu.meb.k12.tr,,,https://sehityucelkarahasanortaokulu.meb.k12.tr/tema/harita.php,2026-08-31,81,81,bulundu,https://sehityucelkarahasanortaokulu.meb.k12.tr/,2026-10-01T19:23:35.502733+00:00,,Öğrenci Sayısı : 81
Çankırı,Merkez,Şehit Yüksel Kapdan İlkokulu,700378,İlkokul,https://cankirisehityukselkapdanilkokulu.meb.k12.tr,,,https://cankirisehityukselkapdanilkokulu.meb.k12.tr/tema/harita.php,2026-08-31,147,147,bulundu,https://cankirisehityukselkapdanilkokulu.meb.k12.tr/,2026-10-01T19:23:35.807125+00:00,,Öğrenci Sayısı : 147
Çankırı,Orta,Dodurga İlkokulu,700577,İlkokul,https://ortadodurgailkokulu.meb.k12.tr,,,https://ortadodurgailkokulu.meb.k12.tr/tema/harita.php,2026-08-31,29,29,bulundu,https://ortadodurgailkokulu.meb.k12.tr/,2026-10-01T19:23:35.984697+00:00,,Öğrenci Sayısı: 29
Çankırı,Orta,Kalfat İlkokulu,238235,İlkokul,https://kalfatilkokulu.meb.k12.tr,,,https://kalfatilkokulu.meb.k12.tr/tema/harita.php,2026-08-31,34,34,bulundu,https://kalfatilkokulu.meb.k12.tr/,2026-10-01T19:23:35.996781+00:00,,Öğrenci Sayısı 34
Çankırı,Orta,Kaymakam Sabahattin Çakır İlkokulu,327418,İlkokul,https://sabahattincakir.meb.k12.tr,,,https://sabahattincakir.meb.k12.tr/tema/harita.php,2026-08-31,196,196,bulundu,https://sabahattincakir.meb.k12.tr/,2026-10-01T19:23:36.090806+00:00,,Öğrenci Sayısı : 196
Çankırı,Orta,Orta Atatürk Öğretmenevi ve Akşam Sanat Okulu,971104,Öğretmenevi,https://ortaogretmenevi.meb.k12.tr,,,https://ortaogretmenevi.meb.k12.tr/tema/harita.php,2026-08-31,,,bulunamadi,,2026-10-01T19:23:36.137852+00:00,,
Çankırı,Orta,Orta Şehit Gökhan Topal Halk Eğitimi Merkezi,138366,Halk Eğitimi Merkezi,https://ortasehitgokhantopalhalkegitim.meb.k12.tr,,,https://ortasehitgokhantopalhalkegitim.meb.k12.tr/tema/harita.php,2026-08-31,,,bulunamadi,,2026-10-01T19:23:36.529885+00:00,,
Çankırı,Orta,Yaylakent İlkokulu,700625,İlkokul,https://yaylakentilkokulu.meb.k12.tr,,,https://yaylakentilkokulu.meb.k12.tr/tema/harita.php,2026-08-31,58,58,bulundu,https://yaylakentilkokulu.meb.k12.tr/,2026-10-01T19:23:36.616843+00:00,,Öğrenci Sayısı: 58
Çankırı,Orta,Yıldırım Beyazıt Çok Programlı Anadolu Lisesi,366044,Çok Programlı Anadolu Lisesi,https://yildirimbeyazitcpal.meb.k12.tr,,,https://yildirimbeyazitcpal.meb.k12.tr/tema/harita.php,2026-08-31,112,112,bulundu,https://yildirimbeyazitcpal.meb.k12.tr/,2026-10-01T19:23:36.735889+00:00,,Öğrenci Sayısı 112
Çankırı,Orta,Özlü İlkokulu,286385,İlkokul,https://ozluilkokulu.meb.k12.tr,,,https://ozluilkokulu.meb.k12.tr/tema/harita.php,2026-08-31,16,16,bulundu,https://ozluilkokulu.meb.k12.tr/,2026-10-01T19:23:36.737566+00:00,,Öğrenci Sayısı 16
Çankırı,Orta,İsmail Nazire Ünal Ortaokulu,700615,Ortaokul,https://inuortaokulu.meb.k12.tr,,,https://inuortaokulu.meb.k12.tr/tema/harita.php,2026-08-31,189,189,bulundu,https://inuortaokulu.meb.k12.tr/,2026-10-01T19:23:36.783108+00:00,,Öğrenci Sayısı 189
Çankırı,Orta,Şehit Erkan Er Yatılı Bölge Ortaokulu,747857,Ortaokul,https://shterkanerybo.meb.k12.tr,,,https://shterkanerybo.meb.k12.tr/tema/harita.php,2026-08-31,85,85,bulundu,https://shterkanerybo.meb.k12.tr/,2026-10-01T19:23:36.986765+00:00,,Öğrenci Sayısı 85
Çankırı,Orta,Şehit Uhud Kadir Işık Anadolu İmam Hatip Lisesi,138354,Anadolu İmam Hatip Lisesi,https://sukiaihl.meb.k12.tr,,,https://sukiaihl.meb.k12.tr/tema/harita.php,2026-08-31,62,62,bulundu,https://sukiaihl.meb.k12.tr/,2026-10-01T19:23:37.055732+00:00,,Öğrenci Sayısı 62
Çankırı,Yapraklı,Yapraklı Halk Eğitimi Merkezi,138533,Halk Eğitimi Merkezi,https://yapraklihem.meb.k12.tr,,,https://yapraklihem.meb.k12.tr/tema/harita.php,2026-08-31,,,bulunamadi,,2026-10-01T19:23:37.262580+00:00,,
Çankırı,Yapraklı,Yapraklı Ortaokulu,702971,Ortaokul,https://yaprakliortaokulu.meb.k12.tr,,,https://yaprakliortaokulu.meb.k12.tr/tema/harita.php,2026-08-31,65,65,bulundu,https://yaprakliortaokulu.meb.k12.tr/,2026-10-01T19:23:37.281535+00:00,,Öğrenci Sayısı 65
Çankırı,Yapraklı,Yapraklı Çok Programlı Anadolu Lisesi,355287,Çok Programlı Anadolu Lisesi,https://yapraklicpal.meb.k12.tr,,,https://yapraklicpal.meb.k12.tr/tema/harita.php,2026-08-31,41,41,bulundu,https://yapraklicpal.meb.k12.tr/tema/okulumuz_hakkinda.php,2026-10-01T19:23:37.434262+00:00,,Öğrenci : 41
Çankırı,Yapraklı,Yapraklı İlkokulu,700667,İlkokul,https://yaprakliilkokulu.meb.k12.tr,,,https://yaprakliilkokulu.meb.k12.tr/tema/harita.php,2026-08-31,76,76,bulundu,https://yaprakliilkokulu.meb.k12.tr/,2026-10-01T19:23:37.593702+00:00,,Öğrenci Sayısı: 76
Çankırı,Yapraklı,Yukarıöz Ortaokulu,702972,Ortaokul,https://yukariozortaokulu.meb.k12.tr,,,https://yukariozortaokulu.meb.k12.tr/tema/harita.php,2026-08-31,34,34,bulundu,https://yukariozortaokulu.meb.k12.tr/,2026-10-01T19:23:37.710764+00:00,,Öğrenci Sayısı 34
Çankırı,Yapraklı,Yukarıöz İlkokulu,700671,İlkokul,https://yukariozilkokulu.meb.k12.tr,,,https://yukariozilkokulu.meb.k12.tr/tema/harita.php,2026-08-31,26,26,bulundu,https://yukariozilkokulu.meb.k12.tr/,2026-10-01T19:23:37.806041+00:00,,Öğrenci Sayısı: 26
Çankırı,Çerkeş,19 Mayıs Çok Programlı Anadolu Lisesi,281321,Çok Programlı Anadolu Lisesi,https://19mayiscpal.meb.k12.tr,,,https://19mayiscpal.meb.k12.tr/tema/harita.php,2026-08-31,212,212,bulundu,https://19mayiscpal.meb.k12.tr/,2026-10-01T19:23:37.822575+00:00,,Öğrenci Sayısı : 212
Çankırı,Çerkeş,Seyyid Mustafa Çerkeşi İmam Hatip Ortaokulu,748594,İmam Hatip Ortaokulu,https://cerkesihoo.meb.k12.tr,,,https://cerkesihoo.meb.k12.tr/tema/harita.php,2026-08-31,33,33,bulundu,https://cerkesihoo.meb.k12.tr/,2026-10-01T19:23:37.825504+00:00,,Öğrenci Sayısı : 33
Çankırı,Çerkeş,Çerkeş 80.Yıl Cumhuriyet Ortaokulu,702362,Ortaokul,https://cerkes80yiloo.meb.k12.tr,,,https://cerkes80yiloo.meb.k12.tr/tema/harita.php,2026-08-31,268,268,bulundu,https://cerkes80yiloo.meb.k12.tr/,2026-10-01T19:23:37.887385+00:00,,Öğrenci Sayısı : 268
Çankırı,Çerkeş,Çerkeş 80.Yıl Cumhuriyet İlkokulu,958286,İlkokul,https://cerkes80yilio.meb.k12.tr,,,https://cerkes80yilio.meb.k12.tr/tema/harita.php,2026-08-31,370,370,bulundu,https://cerkes80yilio.meb.k12.tr/tema/okulumuz_hakkinda.php,2026-10-01T19:23:37.963084+00:00,,Öğrenci : 370
Çankırı,Çerkeş,Çerkeş Anadolu Lisesi,325194,Anadolu Lisesi,https://cerkesanadolulisesi.meb.k12.tr,,,https://cerkesanadolulisesi.meb.k12.tr/tema/harita.php,2026-08-31,127,127,bulundu,https://cerkesanadolulisesi.meb.k12.tr/,2026-10-01T19:23:38.033214+00:00,,Öğrenci Sayısı 127
Çankırı,Çerkeş,Çerkeş Anaokulu,959900,Anaokulu,https://cerkesanaokulu.meb.k12.tr,,,https://cerkesanaokulu.meb.k12.tr/tema/harita.php,2026-08-31,151,151,bulundu,https://cerkesanaokulu.meb.k12.tr/,2026-10-01T19:23:38.069829+00:00,,Öğrenci Sayısı: 151
Çankırı,Çerkeş,Çerkeş Atatürk İlkokulu,354951,İlkokul,https://cerkesataturkio.meb.k12.tr,,,https://cerkesataturkio.meb.k12.tr/tema/harita.php,2026-08-31,196,196,bulundu,https://cerkesataturkio.meb.k12.tr/,2026-10-01T19:23:38.245187+00:00,,Öğrenci Sayısı : 196
Çankırı,Çerkeş,Çerkeş Gaziosmanpaşa Ortaokulu,702372,Ortaokul,https://cerkesgopoo.meb.k12.tr,,,https://cerkesgopoo.meb.k12.tr/tema/harita.php,2026-08-31,67,67,bulundu,https://cerkesgopoo.meb.k12.tr/,2026-10-01T19:23:38.258230+00:00,,Öğrenci Sayısı 67
Çankırı,Çerkeş,Çerkeş Gaziosmanpaşa İlkokulu,970247,İlkokul,https://cerkesgopio.meb.k12.tr,,,https://cerkesgopio.meb.k12.tr/tema/harita.php,2026-08-31,89,89,bulundu,https://cerkesgopio.meb.k12.tr/,2026-10-01T19:23:38.266568+00:00,,Öğrenci Sayısı 89
Çankırı,Çerkeş,Çerkeş Halk Eğitimi Merkezi,137958,Halk Eğitimi Merkezi,https://cerkeshem.meb.k12.tr,,,https://cerkeshem.meb.k12.tr/tema/harita.php,2026-08-31,,,bulunamadi,,2026-10-01T19:23:38.331863+00:00,,
Çankırı,Çerkeş,Çerkeş Namık Kemal Ortaokulu,702373,Ortaokul,https://cerkesnamikkemaloo.meb.k12.tr,,,https://cerkesnamikkemaloo.meb.k12.tr/tema/harita.php,2026-08-31,192,192,bulundu,https://cerkesnamikkemaloo.meb.k12.tr/,2026-10-01T19:23:38.485855+00:00,,Öğrenci Sayısı : 192
Çankırı,Çerkeş,Çerkeş Toki Ortaokulu,702369,Ortaokul,https://cerkestokioo.meb.k12.tr,,,https://cerkestokioo.meb.k12.tr/tema/harita.php,2026-08-31,72,72,bulundu,https://cerkestokioo.meb.k12.tr/,2026-10-01T19:23:38.724778+00:00,,Öğrenci Sayısı 72
Çankırı,Çerkeş,Çerkeş Toki İlkokulu,975275,İlkokul,https://cerkestokiio.meb.k12.tr,,,https://cerkestokiio.meb.k12.tr/tema/harita.php,2026-08-31,94,94,bulundu,https://cerkestokiio.meb.k12.tr/,2026-10-01T19:23:38.887248+00:00,,Öğrenci Sayısı : 94
Çankırı,Şabanözü,Büyükyakalı İlkokulu,700628,İlkokul,https://buyukyakaliilkokulu.meb.k12.tr,,,https://buyukyakaliilkokulu.meb.k12.tr/tema/harita.php,2026-08-31,8,8,bulundu,https://buyukyakaliilkokulu.meb.k12.tr/,2026-10-01T19:23:38.954260+00:00,,Öğrenci Sayısı 8
Çankırı,Şabanözü,Gel-Al Çorap Öğretmenevi ve akşam Sanat Okulu Müdürlüğü,211873,Öğretmenevi,https://sabanozugelalcorapogretmenevi.meb.k12.tr,,,https://sabanozugelalcorapogretmenevi.meb.k12.tr/tema/harita.php,2026-08-31,,,bulunamadi,,2026-10-01T19:23:39.027661+00:00,,
Çankırı,Şabanözü,Gümerdiğin Ortaokulu,702395,Ortaokul,https://gumerdiginortaokulu.meb.k12.tr,,,https://gumerdiginortaokulu.meb.k12.tr/tema/harita.php,2026-08-31,38,38,bulundu,https://gumerdiginortaokulu.meb.k12.tr/,2026-10-01T19:23:39.055582+00:00,,Öğrenci Sayısı : 38
Çankırı,Şabanözü,Gümerdiğin İlkokulu,700635,İlkokul,https://gumerdiginilkokulu.meb.k12.tr,,,https://gumerdiginilkokulu.meb.k12.tr/tema/harita.php,2026-08-31,55,55,bulundu,https://gumerdiginilkokulu.meb.k12.tr/,2026-10-01T19:23:39.095449+00:00,,Öğrenci Sayısı 55
Çankırı,Şabanözü,Gürpınar İlkokulu,700637,İlkokul,https://gurpinarilkokulu18.meb.k12.tr,,,https://gurpinarilkokulu18.meb.k12.tr/tema/harita.php,2026-08-31,15,15,bulundu,https://gurpinarilkokulu18.meb.k12.tr/,2026-10-01T19:23:39.207988+00:00,,Öğrenci Sayısı: 15
Çankırı,Şabanözü,Macide Anne Anaokulu,974436,Anaokulu,https://sabanozumacideanneanaokulu.meb.k12.tr,,,https://sabanozumacideanneanaokulu.meb.k12.tr/tema/harita.php,2026-08-31,130,130,bulundu,https://sabanozumacideanneanaokulu.meb.k12.tr/,2026-10-01T19:23:39.399795+00:00,,Öğrenci Sayısı 130
Çankırı,Şabanözü,Yarenler İlkokulu,777159,İlkokul,https://777159.meb.k12.tr,,,https://777159.meb.k12.tr/tema/harita.php,2026-08-31,28,28,bulundu,https://777159.meb.k12.tr/,2026-10-01T19:23:39.438461+00:00,,Öğrenci Sayısı : 28
Çankırı,Şabanözü,Şabanözü Şehit Dilaver Karsavuranoğlu Çok Programlı Anadolu Lisesi,965235,Çok Programlı Anadolu Lisesi,https://dilaverkarsavuranoglucpal.meb.k12.tr,,,https://dilaverkarsavuranoglucpal.meb.k12.tr/tema/harita.php,2026-08-31,203,203,bulundu,https://dilaverkarsavuranoglucpal.meb.k12.tr/,2026-10-01T19:23:39.446740+00:00,,Öğrenci Sayısı 203
Çankırı,Şabanözü,Şabanözü Şehit Murat Saraç Halk Eğitimi Merkezi,270456,Halk Eğitimi Merkezi,https://sabanozuhem.meb.k12.tr,,,https://sabanozuhem.meb.k12.tr/tema/harita.php,2026-08-31,,,bulunamadi,,2026-10-01T19:23:39.448831+00:00,,
Çankırı,Şabanözü,Şabanözü Şehit Murat Somuncu Ortaokulu,702396,Ortaokul,https://smsomuncuortaokulu.meb.k12.tr,,,https://smsomuncuortaokulu.meb.k12.tr/tema/harita.php,2026-08-31,497,497,bulundu,https://smsomuncuortaokulu.meb.k12.tr/,2026-10-01T19:23:39.487550+00:00,,Öğrenci Sayısı 497
Çankırı,Şabanözü,Şabanözü Şehit Serhat Önder İmam Hatip Ortaokulu,759105,İmam Hatip Ortaokulu,https://ssoimamhatiportaokulu.meb.k12.tr,,,https://ssoimamhatiportaokulu.meb.k12.tr/tema/harita.php,2026-08-31,75,75,bulundu,https://ssoimamhatiportaokulu.meb.k12.tr/,2026-10-01T19:23:39.535958+00:00,,Öğrenci Sayısı 75
Çankırı,Şabanözü,Şabanözü Şehitler İlkokulu,700647,İlkokul,https://sabanozusehitlerilkokulu.meb.k12.tr,,,https://sabanozusehitlerilkokulu.meb.k12.tr/tema/harita.php,2026-08-31,537,537,bulundu,https://sabanozusehitlerilkokulu.meb.k12.tr/,2026-10-01T19:23:39.801863+00:00,,Öğrenci Sayısı 537
Çankırı,Şabanözü,Şehit Yaşar Yasin Kavaklı Anadolu Lisesi,138437,Anadolu Lisesi,https://sabanozuanadolulisesi.meb.k12.tr,,,https://sabanozuanadolulisesi.meb.k12.tr/tema/harita.php,2026-08-31,,,bulunamadi,,2026-10-01T19:23:39.849240+00:00,,
Çorum,Alaca,Alaca Bilim ve Sanat Merkezi,769474,Bilim ve Sanat Merkezi,https://alacabilsem.meb.k12.tr,,,https://alacabilsem.meb.k12.tr/tema/harita.php,2026-08-31,19,19,bulundu,https://alacabilsem.meb.k12.tr/,2026-10-01T19:23:39.934894+00:00,,Öğrenci Sayısı 19
Çorum,Alaca,Alaca Dr. Ali Dedekargınoğlu Mesleki Eğitim Merkezi,776999,Mesleki Eğitim Merkezi,https://776999.meb.k12.tr,,,https://776999.meb.k12.tr/tema/harita.php,2026-08-31,181,181,bulundu,https://776999.meb.k12.tr/,2026-10-01T19:23:39.946330+00:00,,Öğrenci Sayısı : 181
Çorum,Alaca,Alaca Halk Eğitimi Merkezi,139012,Halk Eğitimi Merkezi,https://alacahem.meb.k12.tr,,,https://alacahem.meb.k12.tr/tema/harita.php,2026-08-31,,,bulunamadi,,2026-10-01T19:23:40.007576+00:00,,
Çorum,Alaca,Alaca Kız Anadolu İmam Hatip Lisesi,757698,Anadolu İmam Hatip Lisesi,https://alacakihl.meb.k12.tr,,,https://alacakihl.meb.k12.tr/tema/harita.php,2026-08-31,71,71,bulundu,https://alacakihl.meb.k12.tr/,2026-10-01T19:23:40.021173+00:00,,Öğrenci Sayısı 71
Çorum,Alaca,Alaca Mehmet Çelik Mesleki ve Teknik Anadolu Lisesi,962940,Mesleki ve Teknik Anadolu Lisesi,https://mehmetcelikmtal.meb.k12.tr,,,https://mehmetcelikmtal.meb.k12.tr/tema/harita.php,2026-08-31,163,163,bulundu,https://mehmetcelikmtal.meb.k12.tr/,2026-10-01T19:23:40.022950+00:00,,Öğrenci Sayısı : 163
Çorum,Alaca,Alaca Mesleki ve Teknik Anadolu Lisesi,907097,Mesleki ve Teknik Anadolu Lisesi,https://alacamtal.meb.k12.tr,,,https://alacamtal.meb.k12.tr/tema/harita.php,2026-08-31,209,209,bulundu,https://alacamtal.meb.k12.tr/,2026-10-01T19:23:40.152173+00:00,,Öğrenci Sayısı : 209
Çorum,Alaca,Alaca Ortaokulu,975141,Ortaokul,https://alacaortaokulu.meb.k12.tr,,,https://alacaortaokulu.meb.k12.tr/tema/harita.php,2026-08-31,,,bulunamadi,,2026-10-01T19:23:40.451918+00:00,,
Çorum,Alaca,Alaca Özel Eğitim Uygulama Okulu I. Kademe,763267,Özel Eğitim Kurumu,https://alacaozelegitim2.meb.k12.tr,,,https://alacaozelegitim2.meb.k12.tr/tema/harita.php,2026-08-31,,,bulunamadi,,2026-10-01T19:23:40.514661+00:00,,
Çorum,Alaca,Alaca Özel Eğitim Uygulama Okulu II. Kademe,763268,Özel Eğitim Kurumu,https://alacaozelegitim1mebk12tr.meb.k12.tr,,,https://alacaozelegitim1mebk12tr.meb.k12.tr/tema/harita.php,2026-08-31,,,bulunamadi,,2026-10-01T19:23:40.518765+00:00,,
Çorum,Alaca,Alaca Özel Eğitim Uygulama Okulu III. Kademe,763269,Özel Eğitim Kurumu,https://alacaozelegitim3.meb.k12.tr,,,https://alacaozelegitim3.meb.k12.tr/tema/harita.php,2026-08-31,16,16,bulundu,https://alacaozelegitim3.meb.k12.tr/tema/okulumuz_hakkinda.php,2026-10-01T19:23:40.554874+00:00,,Öğrenci : 16
Çorum,Alaca,Alaca Öğretmenevi ve Akşam Sanat Okulu Müdürlüğü,139036,Öğretmenevi,https://alacaogretmenevi.meb.k12.tr,,,https://alacaogretmenevi.meb.k12.tr/tema/harita.php,2026-08-31,,,bulunamadi,,2026-10-01T19:23:40.670488+00:00,,
Çorum,Alaca,Alaca İmam Hatip Ortaokulu,766389,İmam Hatip Ortaokulu,https://alacaiho.meb.k12.tr,,,https://alacaiho.meb.k12.tr/tema/harita.php,2026-08-31,,,bulunamadi,,2026-10-01T19:23:40.674617+00:00,,
Çorum,Alaca,Atatürk İlkokulu,304170,İlkokul,https://alacaataturk.meb.k12.tr,,,https://alacaataturk.meb.k12.tr/tema/harita.php,2026-08-31,141,141,bulundu,https://alacaataturk.meb.k12.tr/,2026-10-01T19:23:40.758725+00:00,,Öğrenci Sayısı 141
Çorum,Alaca,Bahçeli İlkokulu,736660,İlkokul,https://bahcelikoyuilkokulu.meb.k12.tr,,,https://bahcelikoyuilkokulu.meb.k12.tr/tema/harita.php,2026-08-31,10,10,bulundu,https://bahcelikoyuilkokulu.meb.k12.tr/,2026-10-01T19:23:40.845894+00:00,,Öğrenci Sayısı: 10
Çorum,Alaca,Büyük Hırka Ortaokulu,706245,Ortaokul,https://hirkaoo.meb.k12.tr,,,https://hirkaoo.meb.k12.tr/tema/harita.php,2026-08-31,39,39,bulundu,https://hirkaoo.meb.k12.tr/,2026-10-01T19:23:40.899152+00:00,,Öğrenci Sayısı : 39
Çorum,Alaca,Büyük Hırka İlkokulu,228543,İlkokul,https://buyukhirka.meb.k12.tr,,,https://buyukhirka.meb.k12.tr/tema/harita.php,2026-08-31,53,53,bulundu,https://buyukhirka.meb.k12.tr/,2026-10-01T19:23:40.930884+00:00,,Öğrenci Sayısı : 53
Çorum,Alaca,Büyükdona Şehit Ercüment Köse İlkokulu,878495,İlkokul,https://sehitercumentkose.meb.k12.tr,,,https://sehitercumentkose.meb.k12.tr/tema/harita.php,2026-08-31,14,14,bulundu,https://sehitercumentkose.meb.k12.tr/,2026-10-01T19:23:40.977537+00:00,,Öğrenci Sayısı: 14
Çorum,Alaca,Ceritler Ortaokulu,706128,Ortaokul,https://gazipasaceritlerortaokulu.meb.k12.tr,,,https://gazipasaceritlerortaokulu.meb.k12.tr/tema/harita.php,2026-08-31,41,41,bulundu,https://gazipasaceritlerortaokulu.meb.k12.tr/,2026-10-01T19:23:41.160254+00:00,,Öğrenci Sayısı 41
Çorum,Alaca,Ceritler İlkokulu,970483,İlkokul,https://gazipasaceritlerilkogretimokulu.meb.k12.tr,,,https://gazipasaceritlerilkogretimokulu.meb.k12.tr/tema/harita.php,2026-08-31,80,80,bulundu,https://gazipasaceritlerilkogretimokulu.meb.k12.tr/,2026-10-01T19:23:41.233475+00:00,,Öğrenci Sayısı: 80
Çorum,Alaca,Cumhuriyet İlkokulu,700950,İlkokul,https://alacacumhuriyet.meb.k12.tr,,,https://alacacumhuriyet.meb.k12.tr/tema/harita.php,2026-08-31,218,218,bulundu,https://alacacumhuriyet.meb.k12.tr/,2026-10-01T19:23:41.234555+00:00,,Öğrenci Sayısı : 218
Çorum,Alaca,Denizhan Ortaokulu,965683,Ortaokul,https://denizhanortaokulu.meb.k12.tr,,,https://denizhanortaokulu.meb.k12.tr/tema/harita.php,2026-08-31,209,209,bulundu,https://denizhanortaokulu.meb.k12.tr/tema/okulumuz_hakkinda.php,2026-10-01T19:23:41.237556+00:00,,Öğrenci : 209
Çorum,Alaca,Denizhan İlkokulu,759225,İlkokul,https://denizhanilkokulu.meb.k12.tr,,,https://denizhanilkokulu.meb.k12.tr/tema/harita.php,2026-08-31,67,67,bulundu,https://denizhanilkokulu.meb.k12.tr/,2026-10-01T19:23:41.265388+00:00,,Öğrenci Sayısı : 67
Çorum,Alaca,Dr. Ali Dedekargınoğlu İlkokulu,975149,İlkokul,https://dralidedekarginogluilkokulu.meb.k12.tr,,,https://dralidedekarginogluilkokulu.meb.k12.tr/tema/harita.php,2026-08-31,90,90,bulundu,https://dralidedekarginogluilkokulu.meb.k12.tr/,2026-10-01T19:23:41.334949+00:00,,Öğrenci Sayısı : 90
Çorum,Alaca,Dumlupınar İlkokulu,287031,İlkokul,https://alacadumlupinarilkokulu.meb.k12.tr,,,https://alacadumlupinarilkokulu.meb.k12.tr/tema/harita.php,2026-08-31,368,368,bulundu,https://alacadumlupinarilkokulu.meb.k12.tr/,2026-10-01T19:23:41.360933+00:00,,Öğrenci Sayısı : 368
Çorum,Alaca,Fatih Ortaokulu,706318,Ortaokul,https://alacafatihortaokulu.meb.k12.tr,,,https://alacafatihortaokulu.meb.k12.tr/tema/harita.php,2026-08-31,81,81,bulundu,https://alacafatihortaokulu.meb.k12.tr/,2026-10-01T19:23:41.464404+00:00,,Öğrenci Sayısı : 81
Çorum,Alaca,Fatih İlkokulu,701063,İlkokul,https://alacafatihilkokulu.meb.k12.tr,,,https://alacafatihilkokulu.meb.k12.tr/tema/harita.php,2026-08-31,150,150,bulundu,https://alacafatihilkokulu.meb.k12.tr/,2026-10-01T19:23:41.579135+00:00,,Öğrenci Sayısı : 150
Çorum,Alaca,Hafız Süleyman Coşkun Anadolu İmam Hatip Lisesi,139000,Anadolu İmam Hatip Lisesi,https://hafizsuleymancoskunaihl.meb.k12.tr,,,https://hafizsuleymancoskunaihl.meb.k12.tr/tema/harita.php,2026-08-31,71,71,bulundu,https://hafizsuleymancoskunaihl.meb.k12.tr/,2026-10-01T19:23:41.839115+00:00,,Öğrenci Sayısı 71
Çorum,Alaca,Hayme Ana Anaokulu,970411,Anaokulu,https://alacahaymeanaanaokulu.meb.k12.tr,,,https://alacahaymeanaanaokulu.meb.k12.tr/tema/harita.php,2026-08-31,146,146,bulundu,https://alacahaymeanaanaokulu.meb.k12.tr/,2026-10-01T19:23:41.889683+00:00,,Öğrenci Sayısı 146
Çorum,Alaca,Hüseyin Gazi İlkokulu,440316,İlkokul,https://alacahuseyingazi.meb.k12.tr,,,https://alacahuseyingazi.meb.k12.tr/tema/harita.php,2026-08-31,359,359,bulundu,https://alacahuseyingazi.meb.k12.tr/,2026-10-01T19:23:41.968511+00:00,,Öğrenci Sayısı : 359
Çorum,Alaca,Mehmet Akif Ersoy Ortaokulu,706356,Ortaokul,https://alacamehmetakifersoy.meb.k12.tr,,,https://alacamehmetakifersoy.meb.k12.tr/tema/harita.php,2026-08-31,89,89,bulundu,https://alacamehmetakifersoy.meb.k12.tr/,2026-10-01T19:23:42.294001+00:00,,Öğrenci Sayısı : 89
Çorum,Alaca,Mehmet Akif Ersoy İlkokulu,440377,İlkokul,https://alacamehmetakif.meb.k12.tr,,,https://alacamehmetakif.meb.k12.tr/tema/harita.php,2026-08-31,84,84,bulundu,https://alacamehmetakif.meb.k12.tr/,2026-10-01T19:23:42.340894+00:00,,Öğrenci Sayısı : 84
Çorum,Alaca,Mimar Sinan İlkokulu,706397,İlkokul,https://alacamimarsinanilkokulu.meb.k12.tr,,,https://alacamimarsinanilkokulu.meb.k12.tr/tema/harita.php,2026-08-31,51,51,bulundu,https://alacamimarsinanilkokulu.meb.k12.tr/tema/okulumuz_hakkinda.php,2026-10-01T19:23:42.414054+00:00,,Öğrenci : 51
Çorum,Alaca,Mimar Sinan İmam Hatip Ortaokulu,760407,İmam Hatip Ortaokulu,https://mimarsinaniho.meb.k12.tr,,,https://mimarsinaniho.meb.k12.tr/tema/harita.php,2026-08-31,34,34,bulundu,https://mimarsinaniho.meb.k12.tr/tema/okulumuz_hakkinda.php,2026-10-01T19:23:42.441331+00:00,,Öğrenci : 34
Çorum,Alaca,Sarısüleyman İlkokulu,768382,İlkokul,https://768382.meb.k12.tr,,,https://768382.meb.k12.tr/tema/harita.php,2026-08-31,22,22,bulundu,https://768382.meb.k12.tr/,2026-10-01T19:23:42.504647+00:00,,Öğrenci Sayısı 22
Çorum,Alaca,Selin Şahin Ortaokulu,363196,Ortaokul,https://selinsahinortaokulu.meb.k12.tr,,,https://selinsahinortaokulu.meb.k12.tr/tema/harita.php,2026-08-31,489,489,bulundu,https://selinsahinortaokulu.meb.k12.tr/,2026-10-01T19:23:42.537419+00:00,,Öğrenci Sayısı 489
Çorum,Alaca,Zübeyde Hanım Anaokulu,966830,Anaokulu,https://alacazubeydehanim.meb.k12.tr,,,https://alacazubeydehanim.meb.k12.tr/tema/harita.php,2026-08-31,90,90,bulundu,https://alacazubeydehanim.meb.k12.tr/,2026-10-01T19:23:42.543770+00:00,,Öğrenci Sayısı : 90
Çorum,Alaca,Çopraşık İlkokulu,701022,İlkokul,https://cprskio.meb.k12.tr,,,https://cprskio.meb.k12.tr/tema/harita.php,2026-08-31,8,8,bulundu,https://cprskio.meb.k12.tr/,2026-10-01T19:23:42.738242+00:00,,Öğrenci Sayısı: 8
Çorum,Alaca,İbrahim İlkokulu,771529,İlkokul,https://771529.meb.k12.tr,,,https://771529.meb.k12.tr/tema/harita.php,2026-08-31,7,7,bulundu,https://771529.meb.k12.tr/,2026-10-01T19:23:42.782551+00:00,,Öğrenci Sayısı 7
Çorum,Alaca,İsmailli İlkokulu,701084,İlkokul,https://ismailliilkokulu.meb.k12.tr,,,https://ismailliilkokulu.meb.k12.tr/tema/harita.php,2026-08-31,53,53,bulundu,https://ismailliilkokulu.meb.k12.tr/,2026-10-01T19:23:43.082878+00:00,,Öğrenci Sayısı 53
Çorum,Alaca,Şehit Mehmet Kocakaya Fen Lisesi,972448,Fen Lisesi,https://alacafl.meb.k12.tr,,,https://alacafl.meb.k12.tr/tema/harita.php,2026-08-31,214,214,bulundu,https://alacafl.meb.k12.tr/,2026-10-01T19:23:43.494457+00:00,,Öğrenci Sayısı : 214
Çorum,Alaca,Şehit Nedim Tuğaltay Anadolu Lisesi,138976,Anadolu Lisesi,https://sehitnedimtugaltaylisesi.meb.k12.tr,,,https://sehitnedimtugaltaylisesi.meb.k12.tr/tema/harita.php,2026-08-31,307,307,bulundu,https://sehitnedimtugaltaylisesi.meb.k12.tr/,2026-10-01T19:23:43.523612+00:00,,Öğrenci Sayısı : 307
Çorum,Bayat,Ahacık Nazpınar İlkokulu,440796,İlkokul,https://ahaciknazpinar.meb.k12.tr,,,https://ahaciknazpinar.meb.k12.tr/tema/harita.php,2026-08-31,42,42,bulundu,https://ahaciknazpinar.meb.k12.tr/tema/okulumuz_hakkinda.php,2026-10-01T19:23:43.641248+00:00,,Öğrenci : 42
Çorum,Bayat,Ahacık Nazpınar İmam Hatip Ortaokulu,706851,İmam Hatip Ortaokulu,https://ahaciknazpinaroo.meb.k12.tr,,,https://ahaciknazpinaroo.meb.k12.tr/tema/harita.php,2026-08-31,51,51,bulundu,https://ahaciknazpinaroo.meb.k12.tr/tema/okulumuz_hakkinda.php,2026-10-01T19:23:43.642015+00:00,,Öğrenci : 51
Çorum,Bayat,Atatürk İlkokulu,319463,İlkokul,https://bayatataturkilkokulu.meb.k12.tr,,,https://bayatataturkilkokulu.meb.k12.tr/tema/harita.php,2026-08-31,220,220,bulundu,https://bayatataturkilkokulu.meb.k12.tr/,2026-10-01T19:23:43.660221+00:00,,Öğrenci Sayısı : 220
Çorum,Bayat,Ayvalıca İlkokulu,770907,İlkokul,https://770907.meb.k12.tr,,,https://770907.meb.k12.tr/tema/harita.php,2026-08-31,0,0,bulundu,https://770907.meb.k12.tr/,2026-10-01T19:23:43.687046+00:00,,Öğrenci Sayısı : 0
Çorum,Bayat,Bayat Anaokulu,972084,Anaokulu,https://bayatanaokulu.meb.k12.tr,,,https://bayatanaokulu.meb.k12.tr/tema/harita.php,2026-08-31,,,bulunamadi,,2026-10-01T19:23:43.703589+00:00,,
Çorum,Bayat,Bayat Hasan Çelebi İmam Hatip Ortaokulu,708331,İmam Hatip Ortaokulu,https://bayatimamhatiportaokulu.meb.k12.tr,,,https://bayatimamhatiportaokulu.meb.k12.tr/tema/harita.php,2026-08-31,163,163,bulundu,https://bayatimamhatiportaokulu.meb.k12.tr/,2026-10-01T19:23:43.980420+00:00,,Öğrenci Sayısı : 163
Çorum,Bayat,Bayat Öğretmenevi ve Akşam Sanat Okulu Müdürlüğü,764084,Öğretmenevi,https://bayatogretmeneviaso.meb.k12.tr,,,https://bayatogretmeneviaso.meb.k12.tr/tema/harita.php,2026-08-31,,,bulunamadi,,2026-10-01T19:23:44.121655+00:00,,
Çorum,Bayat,Cumhuriyet İlkokulu,701179,İlkokul,https://bayatcumhuriyet.meb.k12.tr,,,https://bayatcumhuriyet.meb.k12.tr/tema/harita.php,2026-08-31,130,130,bulundu,https://bayatcumhuriyet.meb.k12.tr/tema/okulumuz_hakkinda.php,2026-10-01T19:23:44.173739+00:00,,Öğrenci : 130
Çorum,Bayat,Mehmet Akif Ersoy Ortaokulu,705485,Ortaokul,https://bayatmehmetakifersoy.meb.k12.tr,,,https://bayatmehmetakifersoy.meb.k12.tr/tema/harita.php,2026-08-31,201,201,bulundu,https://bayatmehmetakifersoy.meb.k12.tr/tema/okulumuz_hakkinda.php,2026-10-01T19:23:44.187091+00:00,,Öğrenci : 201
Çorum,Bayat,Mesleki ve Teknik Anadolu Lisesi,363686,Mesleki ve Teknik Anadolu Lisesi,https://bayatmtal.meb.k12.tr,,,https://bayatmtal.meb.k12.tr/tema/harita.php,2026-08-31,121,121,bulundu,https://bayatmtal.meb.k12.tr/,2026-10-01T19:23:44.238850+00:00,,Öğrenci Sayısı : 121
Çorum,Bayat,Tepekutuğun İlkokulu,975268,İlkokul,https://tepekutugun.meb.k12.tr,,,https://tepekutugun.meb.k12.tr/tema/harita.php,2026-08-31,25,25,bulundu,https://tepekutugun.meb.k12.tr/tema/okulumuz_hakkinda.php,2026-10-01T19:23:44.316835+00:00,,Öğrenci : 25
Çorum,Bayat,Yoncalı Yukarı Mahalle İlkokulu,440987,İlkokul,https://yoncaliyukarimahalleio.meb.k12.tr,,,https://yoncaliyukarimahalleio.meb.k12.tr/tema/harita.php,2026-08-31,20,20,bulundu,https://yoncaliyukarimahalleio.meb.k12.tr/,2026-10-01T19:23:44.419796+00:00,,Öğrenci Sayısı: 20
Çorum,Bayat,Yoncalı İmam Hatip Ortaokulu,763659,İmam Hatip Ortaokulu,https://yoncaliiho.meb.k12.tr,,,https://yoncaliiho.meb.k12.tr/tema/harita.php,2026-08-31,31,31,bulundu,https://yoncaliiho.meb.k12.tr/,2026-10-01T19:23:44.440371+00:00,,Öğrenci Sayısı 31
Çorum,Bayat,Çamlıgüney İlkokulu,441072,İlkokul,https://camliguneyio.meb.k12.tr,,,https://camliguneyio.meb.k12.tr/tema/harita.php,2026-08-31,41,41,bulundu,https://camliguneyio.meb.k12.tr/,2026-10-01T19:23:44.484907+00:00,,Öğrenci Sayısı : 41
Çorum,Bayat,Çamlıgüney İmam Hatip Ortaokulu,763661,İmam Hatip Ortaokulu,https://camliguneyiho.meb.k12.tr,,,https://camliguneyiho.meb.k12.tr/tema/harita.php,2026-08-31,35,35,bulundu,https://camliguneyiho.meb.k12.tr/,2026-10-01T19:23:44.566784+00:00,,Öğrenci Sayısı 35
Çorum,Bayat,Çorum Bayat Halk Eğitimi Merkezi,139085,Halk Eğitimi Merkezi,https://bayathem.meb.k12.tr,,,https://bayathem.meb.k12.tr/tema/harita.php,2026-08-31,,,bulunamadi,,2026-10-01T19:23:44.682276+00:00,,
Çorum,Bayat,Çukuröz İlkokulu,440806,İlkokul,https://cukuroz.meb.k12.tr,,,https://cukuroz.meb.k12.tr/tema/harita.php,2026-08-31,60,60,bulundu,https://cukuroz.meb.k12.tr/,2026-10-01T19:23:44.703905+00:00,,Öğrenci Sayısı 60
Çorum,Bayat,Ömer Mülazım Ortaokulu,760509,Ortaokul,https://omermulazimortaokulu.meb.k12.tr,,,https://omermulazimortaokulu.meb.k12.tr/tema/harita.php,2026-08-31,132,132,bulundu,https://omermulazimortaokulu.meb.k12.tr/tema/okulumuz_hakkinda.php,2026-10-01T19:23:44.759095+00:00,,Öğrenci : 132
Çorum,Bayat,Şehit Mustafa Uslu İmam Hatip Ortaokulu,760389,İmam Hatip Ortaokulu,https://cukuroziho.meb.k12.tr,,,https://cukuroziho.meb.k12.tr/tema/harita.php,2026-08-31,44,44,bulundu,https://cukuroziho.meb.k12.tr/,2026-10-01T19:23:44.841948+00:00,,Öğrenci Sayısı 44
Çorum,Bayat,Şehit Osman Arslan Anadolu Lisesi,971538,Anadolu Lisesi,https://sehitosmanarslananadolulisesi.meb.k12.tr,,,https://sehitosmanarslananadolulisesi.meb.k12.tr/tema/harita.php,2026-08-31,101,101,bulundu,https://sehitosmanarslananadolulisesi.meb.k12.tr/,2026-10-01T19:23:44.925678+00:00,,Öğrenci Sayısı 101
Çorum,Bayat,Şehit Yakup Kozan Anadolu İmam Hatip Lisesi,752516,Anadolu İmam Hatip Lisesi,https://bayatihl.meb.k12.tr,,,https://bayatihl.meb.k12.tr/tema/harita.php,2026-08-31,109,109,bulundu,https://bayatihl.meb.k12.tr/,2026-10-01T19:23:44.973468+00:00,,Öğrenci Sayısı : 109
Çorum,Boğazkale,Boğazkale Halk Eğitimi Merkezi,215236,Halk Eğitimi Merkezi,https://bogazkalehem.meb.k12.tr,,,https://bogazkalehem.meb.k12.tr/tema/harita.php,2026-08-31,,,bulunamadi,,2026-10-01T19:23:45.042271+00:00,,
Çorum,Boğazkale,Boğazkale Ortaokulu,707174,Ortaokul,https://bogazkaleortaokulu.meb.k12.tr,,,https://bogazkaleortaokulu.meb.k12.tr/tema/harita.php,2026-08-31,61,61,bulundu,https://bogazkaleortaokulu.meb.k12.tr/,2026-10-01T19:23:45.397260+00:00,,Öğrenci Sayısı : 61
Çorum,Boğazkale,Boğazkale İlkokulu,701225,İlkokul,https://bogazkaleilkokulu.meb.k12.tr,,,https://bogazkaleilkokulu.meb.k12.tr/tema/harita.php,2026-08-31,68,68,bulundu,https://bogazkaleilkokulu.meb.k12.tr/,2026-10-01T19:23:45.428762+00:00,,Öğrenci Sayısı: 68
Çorum,Boğazkale,Boğazkale İmam Hatip Ortaokulu,759239,İmam Hatip Ortaokulu,https://bogazkaleimamhatiportaokulu.meb.k12.tr,,,https://bogazkaleimamhatiportaokulu.meb.k12.tr/tema/harita.php,2026-08-31,20,20,bulundu,https://bogazkaleimamhatiportaokulu.meb.k12.tr/tema/okulumuz_hakkinda.php,2026-10-01T19:23:45.514748+00:00,,Öğrenci : 20
Çorum,Boğazkale,Yekbas Şehit İsa Höçük Ortaokulu,707223,Ortaokul,https://yekbasortaokulu.meb.k12.tr,,,https://yekbasortaokulu.meb.k12.tr/tema/harita.php,2026-08-31,67,67,bulundu,https://yekbasortaokulu.meb.k12.tr/,2026-10-01T19:23:45.593133+00:00,,Öğrenci Sayısı : 67
Çorum,Boğazkale,Yekbas Şehit İsa Höçük İlkokulu,701233,İlkokul,https://yekbasilkokulu.meb.k12.tr,,,https://yekbasilkokulu.meb.k12.tr/tema/harita.php,2026-08-31,69,69,bulundu,https://yekbasilkokulu.meb.k12.tr/,2026-10-01T19:23:45.910173+00:00,,Öğrenci Sayısı : 69
Çorum,Boğazkale,Şehit Mustafa Karasakal Çok Programlı Anadolu Lisesi,374144,Çok Programlı Anadolu Lisesi,https://bogazkalecpal.meb.k12.tr,,,https://bogazkalecpal.meb.k12.tr/tema/harita.php,2026-08-31,66,66,bulundu,https://bogazkalecpal.meb.k12.tr/,2026-10-01T19:23:45.952277+00:00,,Öğrenci Sayısı : 66
Çorum,Dodurga,Dodurga Anadolu İmam Hatip Lisesi,761170,Anadolu İmam Hatip Lisesi,https://dodurgaaihl.meb.k12.tr,,,https://dodurgaaihl.meb.k12.tr/tema/harita.php,2026-08-31,91,91,bulundu,https://dodurgaaihl.meb.k12.tr/tema/okulumuz_hakkinda.php,2026-10-01T19:23:45.963538+00:00,,Öğrenci : 91
Çorum,Dodurga,Dodurga Halk Eğitimi Merkezi,362453,Halk Eğitimi Merkezi,https://dodurgahem.meb.k12.tr,,,https://dodurgahem.meb.k12.tr/tema/harita.php,2026-08-31,,,bulunamadi,,2026-10-01T19:23:46.025436+00:00,,
Çorum,Dodurga,Dodurga Çok Programlı Anadolu Lisesi,878841,Çok Programlı Anadolu Lisesi,https://dodurgacpal.meb.k12.tr,,,https://dodurgacpal.meb.k12.tr/tema/harita.php,2026-08-31,42,42,bulundu,https://dodurgacpal.meb.k12.tr/,2026-10-01T19:23:46.043030+00:00,,Öğrenci Sayısı 42
Çorum,Dodurga,Mustafa Kemal İlkokulu,701272,İlkokul,https://dodurgamki.meb.k12.tr,,,https://dodurgamki.meb.k12.tr/tema/harita.php,2026-08-31,166,166,bulundu,https://dodurgamki.meb.k12.tr/,2026-10-01T19:23:46.116378+00:00,,Öğrenci Sayısı : 166
Çorum,Dodurga,Şehit Murat Alıcı Ortaokulu,707625,Ortaokul,https://sehitmurataliciortaokulu.meb.k12.tr,,,https://sehitmurataliciortaokulu.meb.k12.tr/tema/harita.php,2026-08-31,79,79,bulundu,https://sehitmurataliciortaokulu.meb.k12.tr/,2026-10-01T19:23:46.121851+00:00,,Öğrenci Sayısı 79
Çorum,Kargı,Atatürk Ortaokulu,708945,Ortaokul,https://kargiataturkortaokulu.meb.k12.tr,,,https://kargiataturkortaokulu.meb.k12.tr/tema/harita.php,2026-08-31,156,156,bulundu,https://kargiataturkortaokulu.meb.k12.tr/,2026-10-01T19:23:46.125000+00:00,,Öğrenci Sayısı : 156
Çorum,Kargı,Atatürk İlkokulu,465985,İlkokul,https://kargiataturkilkokulu.meb.k12.tr,,,https://kargiataturkilkokulu.meb.k12.tr/tema/harita.php,2026-08-31,169,169,bulundu,https://kargiataturkilkokulu.meb.k12.tr/,2026-10-01T19:23:46.189776+00:00,,Öğrenci Sayısı : 169
Çorum,Kargı,Cumhuriyet Yatılı Bölge Ortaokulu,748174,Ortaokul,https://kargicumhuriyetybo.meb.k12.tr,,,https://kargicumhuriyetybo.meb.k12.tr/tema/harita.php,2026-08-31,153,153,bulundu,https://kargicumhuriyetybo.meb.k12.tr/,2026-10-01T19:23:46.389193+00:00,,Öğrenci Sayısı : 153
Çorum,Kargı,Cumhuriyet İlkokulu,752333,İlkokul,https://kargicumhuriyetio.meb.k12.tr,,,https://kargicumhuriyetio.meb.k12.tr/tema/harita.php,2026-08-31,159,159,bulundu,https://kargicumhuriyetio.meb.k12.tr/,2026-10-01T19:23:46.428324+00:00,,Öğrenci Sayısı : 159
Çorum,Kargı,Hacıhamza Şehit Hasan Bahçevan İlkokulu,701325,İlkokul,https://hacihamzailkokulu.meb.k12.tr,,,https://hacihamzailkokulu.meb.k12.tr/tema/harita.php,2026-08-31,11,11,bulundu,https://hacihamzailkokulu.meb.k12.tr/,2026-10-01T19:23:46.604397+00:00,,Öğrenci Sayısı : 11
Çorum,Kargı,Kargı 125. Yıl Anaokulu,965425,Anaokulu,https://kargi125yilanaokulu.meb.k12.tr,,,https://kargi125yilanaokulu.meb.k12.tr/tema/harita.php,2026-08-31,91,91,bulundu,https://kargi125yilanaokulu.meb.k12.tr/,2026-10-01T19:23:47.137060+00:00,,Öğrenci Sayısı: 91
Çorum,Kargı,Kargı Fen Lisesi,972254,Fen Lisesi,https://kargifenlisesi.meb.k12.tr,,,https://kargifenlisesi.meb.k12.tr/tema/harita.php,2026-08-31,119,119,bulundu,https://kargifenlisesi.meb.k12.tr/,2026-10-01T19:23:47.180412+00:00,,Öğrenci Sayısı 119
Çorum,Kargı,Kargı Halk Eğitimi Merkezi,139276,Halk Eğitimi Merkezi,https://kargihem.meb.k12.tr,,,https://kargihem.meb.k12.tr/tema/harita.php,2026-08-31,,,bulunamadi,,2026-10-01T19:23:47.248435+00:00,,
Çorum,Kargı,Kargı Çok Programlı Anadolu Lisesi,907120,Çok Programlı Anadolu Lisesi,https://kargicpal.meb.k12.tr,,,https://kargicpal.meb.k12.tr/tema/harita.php,2026-08-31,185,185,bulundu,https://kargicpal.meb.k12.tr/,2026-10-01T19:23:47.326831+00:00,,Öğrenci Sayısı 185
Çorum,Kargı,Yunus Emre Ortaokulu,708985,Ortaokul,https://kargiyunusemreoo.meb.k12.tr,,,https://kargiyunusemreoo.meb.k12.tr/tema/harita.php,2026-08-31,50,50,bulundu,https://kargiyunusemreoo.meb.k12.tr/,2026-10-01T19:23:47.330903+00:00,,Öğrenci Sayısı 50
Çorum,Kargı,Yunus Emre İlkokulu,701314,İlkokul,https://kargiyunusemreio.meb.k12.tr,,,https://kargiyunusemreio.meb.k12.tr/tema/harita.php,2026-08-31,50,50,bulundu,https://kargiyunusemreio.meb.k12.tr/,2026-10-01T19:23:47.839608+00:00,,Öğrenci Sayısı 50
Çorum,Kargı,İmam Hatip Ortaokulu,752398,İmam Hatip Ortaokulu,https://kargiimamhatipoo.meb.k12.tr,,,https://kargiimamhatipoo.meb.k12.tr/tema/harita.php,2026-08-31,58,58,bulundu,https://kargiimamhatipoo.meb.k12.tr/,2026-10-01T19:23:47.856162+00:00,,Öğrenci Sayısı 58
Çorum,Laçin,Atatürk Ortaokulu,709079,Ortaokul,https://709079.meb.k12.tr,,,https://709079.meb.k12.tr/tema/harita.php,2026-08-31,42,42,bulundu,https://709079.meb.k12.tr/,2026-10-01T19:23:47.859051+00:00,,Öğrenci Sayısı 42
Çorum,Laçin,Atatürk İlkokulu,701379,İlkokul,https://701379.meb.k12.tr,,,https://701379.meb.k12.tr/tema/harita.php,2026-08-31,82,82,bulundu,https://701379.meb.k12.tr/,2026-10-01T19:23:48.219125+00:00,,Öğrenci Sayısı : 82
Çorum,Laçin,Gökgözler İlkokulu,701406,İlkokul,https://gokgozler.meb.k12.tr,,,https://gokgozler.meb.k12.tr/tema/harita.php,2026-08-31,11,11,bulundu,https://gokgozler.meb.k12.tr/,2026-10-01T19:23:48.278499+00:00,,Öğrenci Sayısı : 11
Çorum,Laçin,Laçin Halk Eğitimi Merkezi,346253,Halk Eğitimi Merkezi,https://lacinhem.meb.k12.tr,,,https://lacinhem.meb.k12.tr/tema/harita.php,2026-08-31,,,bulunamadi,,2026-10-01T19:23:48.304566+00:00,,
Çorum,Laçin,Laçin Çok Programlı Anadolu Lisesi,240040,Çok Programlı Anadolu Lisesi,https://lacincpal.meb.k12.tr,,,https://lacincpal.meb.k12.tr/tema/harita.php,2026-08-31,,,bulunamadi,,2026-10-01T19:23:48.309510+00:00,,
Çorum,Laçin,Laçin İmam Hatip Ortaokulu,759609,İmam Hatip Ortaokulu,https://laciniho.meb.k12.tr,,,https://laciniho.meb.k12.tr/tema/harita.php,2026-08-31,22,22,bulundu,https://laciniho.meb.k12.tr/,2026-10-01T19:23:48.330853+00:00,,Öğrenci Sayısı 22
Çorum,Laçin,Narlı İlkokulu,709101,İlkokul,https://narliilkokulu.meb.k12.tr,,,https://narliilkokulu.meb.k12.tr/tema/harita.php,2026-08-31,15,15,bulundu,https://narliilkokulu.meb.k12.tr/,2026-10-01T19:23:48.422420+00:00,,Öğrenci Sayısı : 15
Çorum,Laçin,Çamlıca Ortaokulu,709106,Ortaokul,https://lacincamlicaortaokulu.meb.k12.tr,,,https://lacincamlicaortaokulu.meb.k12.tr/tema/harita.php,2026-08-31,28,28,bulundu,https://lacincamlicaortaokulu.meb.k12.tr/,2026-10-01T19:23:48.438012+00:00,,Öğrenci Sayısı : 28
Çorum,Laçin,Çamlıca İlkokulu,701393,İlkokul,https://lacincamlicailkokulu.meb.k12.tr,,,https://lacincamlicailkokulu.meb.k12.tr/tema/harita.php,2026-08-31,22,22,bulundu,https://lacincamlicailkokulu.meb.k12.tr/,2026-10-01T19:23:48.498578+00:00,,Öğrenci Sayısı: 22
Çorum,Mecitözü,Atatürk Ortaokulu,701551,Ortaokul,https://mecitozuataturk.meb.k12.tr,,,https://mecitozuataturk.meb.k12.tr/tema/harita.php,2026-08-31,126,126,bulundu,https://mecitozuataturk.meb.k12.tr/,2026-10-01T19:23:48.535195+00:00,,Öğrenci Sayısı 126
Çorum,Mecitözü,Cumhuriyet İlkokulu,700165,İlkokul,https://mecitozucumhuriyet.meb.k12.tr,,,https://mecitozucumhuriyet.meb.k12.tr/tema/harita.php,2026-08-31,128,128,bulundu,https://mecitozucumhuriyet.meb.k12.tr/tema/okulumuz_hakkinda.php,2026-10-01T19:23:48.588044+00:00,,Öğrenci : 128
Çorum,Mecitözü,Doğu İlkokulu,700166,İlkokul,https://mecitozudoguilkokulu.meb.k12.tr,,,https://mecitozudoguilkokulu.meb.k12.tr/tema/harita.php,2026-08-31,104,104,bulundu,https://mecitozudoguilkokulu.meb.k12.tr/,2026-10-01T19:23:48.673311+00:00,,Öğrenci Sayısı 104
Çorum,Mecitözü,Figani İlkokulu,770904,İlkokul,https://770904.meb.k12.tr,,,https://770904.meb.k12.tr/tema/harita.php,2026-08-31,20,20,bulundu,https://770904.meb.k12.tr/,2026-10-01T19:23:48.691995+00:00,,Öğrenci Sayısı: 20
Çorum,Mecitözü,Hisarkavak İlkokulu,389773,İlkokul,https://hisarkavak.meb.k12.tr,,,https://hisarkavak.meb.k12.tr/tema/harita.php,2026-08-31,20,20,bulundu,https://hisarkavak.meb.k12.tr/,2026-10-01T19:23:48.729197+00:00,,Öğrenci Sayısı: 20
Çorum,Mecitözü,Işıklı İlkokulu,700109,İlkokul,https://kl.meb.k12.tr,,,https://kl.meb.k12.tr/tema/harita.php,2026-08-31,14,14,bulundu,https://kl.meb.k12.tr/,2026-10-01T19:23:49.105012+00:00,,Öğrenci Sayısı: 14
Çorum,Mecitözü,Kozören İlkokulu,771530,İlkokul,https://771530.meb.k12.tr,,,https://771530.meb.k12.tr/tema/harita.php,2026-08-31,6,6,bulundu,https://771530.meb.k12.tr/,2026-10-01T19:23:49.144679+00:00,,Öğrenci Sayısı : 6
Çorum,Mecitözü,Köprübaşı İlkokulu,700074,İlkokul,https://mecitozukoprubasi.meb.k12.tr,,,https://mecitozukoprubasi.meb.k12.tr/tema/harita.php,2026-08-31,13,13,bulundu,https://mecitozukoprubasi.meb.k12.tr/,2026-10-01T19:23:49.183817+00:00,,Öğrenci Sayısı: 13
Çorum,Mecitözü,Mecitözü Anadolu Lisesi,139347,Anadolu Lisesi,https://mecitozuanadolulisesi.meb.k12.tr,,,https://mecitozuanadolulisesi.meb.k12.tr/tema/harita.php,2026-08-31,111,111,bulundu,https://mecitozuanadolulisesi.meb.k12.tr/,2026-10-01T19:23:49.197923+00:00,,Öğrenci Sayısı 111
Çorum,Mecitözü,Mecitözü Anadolu İmam Hatip Lisesi,752638,Anadolu İmam Hatip Lisesi,https://mecitozuaihl.meb.k12.tr,,,https://mecitozuaihl.meb.k12.tr/tema/harita.php,2026-08-31,48,48,bulundu,https://mecitozuaihl.meb.k12.tr/,2026-10-01T19:23:49.233861+00:00,,Öğrenci Sayısı 48
Çorum,Mecitözü,Mecitözü Dede Korkut Anaokulu,971675,Anaokulu,https://dedekorkutanaokulu.meb.k12.tr,,,https://dedekorkutanaokulu.meb.k12.tr/tema/harita.php,2026-08-31,,,bulunamadi,,2026-10-01T19:23:49.510297+00:00,,
Çorum,Mecitözü,Mecitözü Halk Eğitimi Merkezi,139360,Halk Eğitimi Merkezi,https://mecitozuhem.meb.k12.tr,,,https://mecitozuhem.meb.k12.tr/tema/harita.php,2026-08-31,,,bulunamadi,,2026-10-01T19:23:49.549758+00:00,,
Çorum,Mecitözü,Mecitözü Yatılı Bölge Ortaokulu,748194,Ortaokul,https://mecitozuybo.meb.k12.tr,,,https://mecitozuybo.meb.k12.tr/tema/harita.php,2026-08-31,136,136,bulundu,https://mecitozuybo.meb.k12.tr/,2026-10-01T19:23:49.617859+00:00,,Öğrenci Sayısı 136
Çorum,Mecitözü,Mecitözü Öğretmenevi ve Akşam Sanat Okulu,971108,Öğretmenevi,https://mecitozuogretmeneviveaso.meb.k12.tr,,,https://mecitozuogretmeneviveaso.meb.k12.tr/tema/harita.php,2026-08-31,,,bulunamadi,,2026-10-01T19:23:49.679466+00:00,,
Çorum,Mecitözü,Mecitözü İmam Hatip Ortaokulu,709198,İmam Hatip Ortaokulu,https://mecitozuiho.meb.k12.tr,,,https://mecitozuiho.meb.k12.tr/tema/harita.php,2026-08-31,30,30,bulundu,https://mecitozuiho.meb.k12.tr/,2026-10-01T19:23:49.720135+00:00,,Öğrenci Sayısı 30
Çorum,Mecitözü,Mecitözü Şehit Mahmut Daştan Mesleki ve Teknik Anadolu Lisesi,965568,Mesleki ve Teknik Anadolu Lisesi,https://mecitozusmd.meb.k12.tr,,,https://mecitozusmd.meb.k12.tr/tema/harita.php,2026-08-31,60,60,bulundu,https://mecitozusmd.meb.k12.tr/,2026-10-01T19:23:49.753230+00:00,,Öğrenci Sayısı : 60
Çorum,Mecitözü,Sarıhasan İlkokulu,700070,İlkokul,https://sarihasanio.meb.k12.tr,,,https://sarihasanio.meb.k12.tr/tema/harita.php,2026-08-31,7,7,bulundu,https://sarihasanio.meb.k12.tr/,2026-10-01T19:23:49.758801+00:00,,Öğrenci Sayısı : 7
Çorum,Mecitözü,Tanrıvermiş İlkokulu,700162,İlkokul,https://tanrivermisio.meb.k12.tr,,,https://tanrivermisio.meb.k12.tr/tema/harita.php,2026-08-31,18,18,bulundu,https://tanrivermisio.meb.k12.tr/,2026-10-01T19:23:49.812652+00:00,,Öğrenci Sayısı : 18
Çorum,Mecitözü,Çitli Şehit Dursun Demirkol Ortaokulu,713142,Ortaokul,https://citlisehitdursundemirkolo.meb.k12.tr,,,https://citlisehitdursundemirkolo.meb.k12.tr/tema/harita.php,2026-08-31,37,37,bulundu,https://citlisehitdursundemirkolo.meb.k12.tr/,2026-10-01T19:23:49.852414+00:00,,Öğrenci Sayısı : 37
Çorum,Mecitözü,Çitli Şehit Dursun Demirkol İlkokulu,701555,İlkokul,https://citlisehitdursundemirkoli.meb.k12.tr,,,https://citlisehitdursundemirkoli.meb.k12.tr/tema/harita.php,2026-08-31,28,28,bulundu,https://citlisehitdursundemirkoli.meb.k12.tr/tema/okulumuz_hakkinda.php,2026-10-01T19:23:49.867815+00:00,,Öğrenci : 28
Çorum,Mecitözü,İbek Şehit Osman Aydoğdu Ortaokulu,767374,Ortaokul,https://767374.meb.k12.tr,,,https://767374.meb.k12.tr/tema/harita.php,2026-08-31,62,62,bulundu,https://767374.meb.k12.tr/,2026-10-01T19:23:49.958849+00:00,,Öğrenci Sayısı 62
Çorum,Mecitözü,İbek Şehit Osman Aydoğdu İlkokulu,767368,İlkokul,https://767368.meb.k12.tr,,,https://767368.meb.k12.tr/tema/harita.php,2026-08-31,53,53,bulundu,https://767368.meb.k12.tr/,2026-10-01T19:23:50.381233+00:00,,Öğrenci Sayısı 53
Çorum,Merkez,100. Yıl Cumhuriyet Özel Eğitim Uygulama Okulu I. Kademe,747063,Özel Eğitim Kurumu,https://100yilcumhuriyetozelegitim.meb.k12.tr,,,https://100yilcumhuriyetozelegitim.meb.k12.tr/tema/harita.php,2026-08-31,88,88,bulundu,https://100yilcumhuriyetozelegitim.meb.k12.tr/tema/okulumuz_hakkinda.php,2026-10-01T19:23:50.676957+00:00,,Öğrenci : 88
Çorum,Merkez,100. Yıl Cumhuriyet Özel Eğitim Uygulama Okulu II. Kademe,747406,Özel Eğitim Kurumu,https://kale2.meb.k12.tr,,,https://kale2.meb.k12.tr/tema/harita.php,2026-08-31,44,44,bulundu,https://kale2.meb.k12.tr/,2026-10-01T19:23:50.832848+00:00,,Öğrenci Sayısı 44
Çorum,Merkez,15 Temmuz Şehitleri Fen Lisesi,323590,Fen Lisesi,https://corum15temmuzsehitlerifenlisesi.meb.k12.tr,,,https://corum15temmuzsehitlerifenlisesi.meb.k12.tr/tema/harita.php,2026-08-31,473,473,bulundu,https://corum15temmuzsehitlerifenlisesi.meb.k12.tr/,2026-10-01T19:23:50.845499+00:00,,Öğrenci Sayısı : 473
Çorum,Merkez,19 Mayıs İlkokulu,975099,İlkokul,https://corum19mayisilkokulu.meb.k12.tr,,,https://corum19mayisilkokulu.meb.k12.tr/tema/harita.php,2026-08-31,415,415,bulundu,https://corum19mayisilkokulu.meb.k12.tr/,2026-10-01T19:23:50.867439+00:00,,Öğrenci Sayısı : 415
Çorum,Merkez,23 Nisan Ortaokulu,975009,Ortaokul,https://corum23nisanortaokulu.meb.k12.tr,,,https://corum23nisanortaokulu.meb.k12.tr/tema/harita.php,2026-08-31,991,991,bulundu,https://corum23nisanortaokulu.meb.k12.tr/,2026-10-01T19:23:50.891273+00:00,,Öğrenci Sayısı : 991
Çorum,Merkez,75. Yıl Cumhuriyet Mesleki ve Teknik Anadolu Lisesi,962942,Mesleki ve Teknik Anadolu Lisesi,https://corumsml.meb.k12.tr,,,https://corumsml.meb.k12.tr/tema/harita.php,2026-08-31,260,260,bulundu,https://corumsml.meb.k12.tr/tema/okulumuz_hakkinda.php,2026-10-01T19:23:50.937543+00:00,,Öğrenci : 260
Çorum,Merkez,75.Yıl Cumhuriyet Ortaokulu,975092,Ortaokul,https://75yilcumhuriyetortaokulucorum.meb.k12.tr,,,https://75yilcumhuriyetortaokulucorum.meb.k12.tr/tema/harita.php,2026-08-31,181,181,bulundu,https://75yilcumhuriyetortaokulucorum.meb.k12.tr/,2026-10-01T19:23:50.995825+00:00,,Öğrenci Sayısı : 181
Çorum,Merkez,80. Yıl Cumhuriyet Ortaokulu,704138,Ortaokul,https://corum80yilcumhuriyet.meb.k12.tr,,,https://corum80yilcumhuriyet.meb.k12.tr/tema/harita.php,2026-08-31,77,77,bulundu,https://corum80yilcumhuriyet.meb.k12.tr/,2026-10-01T19:23:51.010078+00:00,,Öğrenci Sayısı : 77
Çorum,Merkez,80.Yıl Cumhuriyet İlkokulu,700604,İlkokul,https://corum80yilcumhuriyetio.meb.k12.tr,,,https://corum80yilcumhuriyetio.meb.k12.tr/tema/harita.php,2026-08-31,68,68,bulundu,https://corum80yilcumhuriyetio.meb.k12.tr/,2026-10-01T19:23:51.371012+00:00,,Öğrenci Sayısı: 68
Çorum,Merkez,Abdalata İlkokulu,700616,İlkokul,https://abdalatailkokulu.meb.k12.tr,,,https://abdalatailkokulu.meb.k12.tr/tema/harita.php,2026-08-31,10,10,bulundu,https://abdalatailkokulu.meb.k12.tr/tema/okulumuz_hakkinda.php,2026-10-01T19:23:51.382039+00:00,,Öğrenci : 10
Çorum,Merkez,Adnan Menderes İlkokulu,768004,İlkokul,https://corumadnanmenderesilkokulu.meb.k12.tr,,,https://corumadnanmenderesilkokulu.meb.k12.tr/tema/harita.php,2026-08-31,912,912,bulundu,https://corumadnanmenderesilkokulu.meb.k12.tr/,2026-10-01T19:23:51.445831+00:00,,Öğrenci Sayısı : 912
Çorum,Merkez,Ahlatçı Kuyumculuk Mesleki Eğitim Merkezi,775692,Mesleki Eğitim Merkezi,https://ahlkuyumculukmesem.meb.k12.tr,,,https://ahlkuyumculukmesem.meb.k12.tr/tema/harita.php,2026-08-31,335,335,bulundu,https://ahlkuyumculukmesem.meb.k12.tr/,2026-10-01T19:23:51.536096+00:00,,Öğrenci Sayısı 335
Çorum,Merkez,Ahmet Tevfik İleri Ortaokulu,768002,Ortaokul,https://corumahmettevfikileriortaokulu.meb.k12.tr,,,https://corumahmettevfikileriortaokulu.meb.k12.tr/tema/harita.php,2026-08-31,680,680,bulundu,https://corumahmettevfikileriortaokulu.meb.k12.tr/tema/okulumuz_hakkinda.php,2026-10-01T19:23:51.604049+00:00,,Öğrenci : 680
Çorum,Merkez,Albayrak İlkokulu,975102,İlkokul,https://corumalbayrakilkokulu.meb.k12.tr,,,https://corumalbayrakilkokulu.meb.k12.tr/tema/harita.php,2026-08-31,533,533,bulundu,https://corumalbayrakilkokulu.meb.k12.tr/,2026-10-01T19:23:51.794310+00:00,,Öğrenci Sayısı : 533
Çorum,Merkez,Anadolu Özel Eğitim Meslek Okulu,279278,Özel Eğitim Kurumu,https://corumozelegitim.meb.k12.tr,,,https://corumozelegitim.meb.k12.tr/tema/harita.php,2026-08-31,140,140,bulundu,https://corumozelegitim.meb.k12.tr/,2026-10-01T19:23:51.979961+00:00,,Öğrenci Sayısı : 140
Çorum,Merkez,Atatürk Anadolu Lisesi,972815,Anadolu Lisesi,https://corumatalise.meb.k12.tr,,,https://corumatalise.meb.k12.tr/tema/harita.php,2026-08-31,570,570,bulundu,https://corumatalise.meb.k12.tr/,2026-10-01T19:23:52.029579+00:00,,Öğrenci Sayısı : 570
Çorum,Merkez,Atatürk İlkokulu,700174,İlkokul,https://corumataturkilkokulu.meb.k12.tr,,,https://corumataturkilkokulu.meb.k12.tr/tema/harita.php,2026-08-31,680,680,bulundu,https://corumataturkilkokulu.meb.k12.tr/,2026-10-01T19:23:52.146084+00:00,,Öğrenci Sayısı : 680
Çorum,Merkez,Bahçelievler Anadolu Lisesi,759841,Anadolu Lisesi,https://corumbahcelievleranadolulisesi.meb.k12.tr,,,https://corumbahcelievleranadolulisesi.meb.k12.tr/tema/harita.php,2026-08-31,533,533,bulundu,https://corumbahcelievleranadolulisesi.meb.k12.tr/,2026-10-01T19:23:52.224431+00:00,,Öğrenci Sayısı : 533
Çorum,Merkez,Bahçelievler Kız Mesleki ve Teknik Anadolu Lisesi,138797,Mesleki ve Teknik Anadolu Lisesi,https://corumbmtal.meb.k12.tr,,,https://corumbmtal.meb.k12.tr/tema/harita.php,2026-08-31,531,531,bulundu,https://corumbmtal.meb.k12.tr/tema/okulumuz_hakkinda.php,2026-10-01T19:23:52.247280+00:00,,Öğrenci : 531
Çorum,Merkez,Bahçelievler Öğretmen Salim Akaydın Ortaokulu,975096,Ortaokul,https://bahcelievlersalimakaydinortaokul.meb.k12.tr,,,https://bahcelievlersalimakaydinortaokul.meb.k12.tr/tema/harita.php,2026-08-31,1082,1082,bulundu,https://bahcelievlersalimakaydinortaokul.meb.k12.tr/tema/okulumuz_hakkinda.php,2026-10-01T19:23:52.251802+00:00,,Öğrenci : 1082
Çorum,Merkez,Bahçelievler İlkokulu,974996,İlkokul,https://corumbahcelievler.meb.k12.tr,,,https://corumbahcelievler.meb.k12.tr/tema/harita.php,2026-08-31,1024,1024,bulundu,https://corumbahcelievler.meb.k12.tr/,2026-10-01T19:23:52.340147+00:00,,Öğrenci Sayısı 1024
Çorum,Merkez,Başöğretmen Atatürk Ortaokulu,777364,Ortaokul,https://777364.meb.k12.tr,,,https://777364.meb.k12.tr/tema/harita.php,2026-08-31,0,0,bulundu,https://777364.meb.k12.tr/,2026-10-01T19:23:52.395446+00:00,,Öğrenci Sayısı : 0
Çorum,Merkez,Başöğretmen Atatürk İlkokulu,700418,İlkokul,https://corumbasogretmenataturkilkokulu.meb.k12.tr,,,https://corumbasogretmenataturkilkokulu.meb.k12.tr/tema/harita.php,2026-08-31,473,473,bulundu,https://corumbasogretmenataturkilkokulu.meb.k12.tr/,2026-10-01T19:23:52.572596+00:00,,Öğrenci Sayısı 473
Çorum,Merkez,Başöğretmen Atatürk İmam Hatip Ortaokulu,700460,İmam Hatip Ortaokulu,https://corumbasogretmenataturkiho.meb.k12.tr,,,https://corumbasogretmenataturkiho.meb.k12.tr/tema/harita.php,2026-08-31,160,160,bulundu,https://corumbasogretmenataturkiho.meb.k12.tr/,2026-10-01T19:23:52.596201+00:00,,Öğrenci Sayısı : 160
Çorum,Merkez,Bekir Aksoy İlkokulu,383859,İlkokul,https://bekiraksoy.meb.k12.tr,,,https://bekiraksoy.meb.k12.tr/tema/harita.php,2026-08-31,736,736,bulundu,https://bekiraksoy.meb.k12.tr/,2026-10-01T19:23:52.745859+00:00,,Öğrenci Sayısı 736
Çorum,Merkez,Bilge Kağan Anadolu Lisesi,767160,Anadolu Lisesi,https://bilgekagananadolulisesi.meb.k12.tr,,,https://bilgekagananadolulisesi.meb.k12.tr/tema/harita.php,2026-08-31,173,173,bulundu,https://bilgekagananadolulisesi.meb.k12.tr/,2026-10-01T19:23:52.749545+00:00,,Öğrenci Sayısı : 173
Çorum,Merkez,Bilge Kağan Ticaret Mesleki ve Teknik Anadolu Lisesi,971989,Mesleki ve Teknik Anadolu Lisesi,https://bilgekagantml.meb.k12.tr,,,https://bilgekagantml.meb.k12.tr/tema/harita.php,2026-08-31,63,63,bulundu,https://bilgekagantml.meb.k12.tr/,2026-10-01T19:23:52.895721+00:00,,Öğrenci Sayısı : 63
Çorum,Merkez,Bozboğa İlkokulu,975121,İlkokul,https://bozbogailkokulu.meb.k12.tr,,,https://bozbogailkokulu.meb.k12.tr/tema/harita.php,2026-08-31,13,13,bulundu,https://bozbogailkokulu.meb.k12.tr/,2026-10-01T19:23:53.013840+00:00,,Öğrenci Sayısı 13
Çorum,Merkez,Buhara Evler Anaokulu,811424,Anaokulu,https://buharaevler.meb.k12.tr,,,https://buharaevler.meb.k12.tr/tema/harita.php,2026-08-31,166,166,bulundu,https://buharaevler.meb.k12.tr/,2026-10-01T19:23:53.017826+00:00,,Öğrenci Sayısı: 166
Çorum,Merkez,Buharaevler Kız Anadolu İmam Hatip Lisesi,757704,Anadolu İmam Hatip Lisesi,https://buharaevlerkizaihl.meb.k12.tr,,,https://buharaevlerkizaihl.meb.k12.tr/tema/harita.php,2026-08-31,466,466,bulundu,https://buharaevlerkizaihl.meb.k12.tr/,2026-10-01T19:23:53.286306+00:00,,Öğrenci Sayısı : 466
Çorum,Merkez,Buharaevler Kız Mesleki ve Teknik Anadolu Lisesi,972417,Mesleki ve Teknik Anadolu Lisesi,https://buharaevlerktml.meb.k12.tr,,,https://buharaevlerktml.meb.k12.tr/tema/harita.php,2026-08-31,564,564,bulundu,https://buharaevlerktml.meb.k12.tr/,2026-10-01T19:23:53.317854+00:00,,Öğrenci Sayısı 564
Çorum,Merkez,Büyükdüvenci Ortaokulu,704453,Ortaokul,https://buyukduvenciorta.meb.k12.tr,,,https://buyukduvenciorta.meb.k12.tr/tema/harita.php,2026-08-31,61,61,bulundu,https://buyukduvenciorta.meb.k12.tr/,2026-10-01T19:23:53.797086+00:00,,Öğrenci Sayısı 61
Çorum,Merkez,Büyükdüvenci İlkokulu,700644,İlkokul,https://buyukduvenci.meb.k12.tr,,,https://buyukduvenci.meb.k12.tr/tema/harita.php,2026-08-31,54,54,bulundu,https://buyukduvenci.meb.k12.tr/,2026-10-01T19:23:53.897530+00:00,,Öğrenci Sayısı: 54
Çorum,Merkez,Cumhuriyet Anadolu Lisesi,317212,Anadolu Lisesi,https://corumcumhuriyetanadolulisesi.meb.k12.tr,,,https://corumcumhuriyetanadolulisesi.meb.k12.tr/tema/harita.php,2026-08-31,584,584,bulundu,https://corumcumhuriyetanadolulisesi.meb.k12.tr/,2026-10-01T19:23:53.901197+00:00,,Öğrenci Sayısı : 584
Çorum,Merkez,Cumhuriyet Ortaokulu,975093,Ortaokul,https://corumcumhuriyetortaokulu.meb.k12.tr,,,https://corumcumhuriyetortaokulu.meb.k12.tr/tema/harita.php,2026-08-31,,,bulunamadi,,2026-10-01T19:23:54.125057+00:00,,
Çorum,Merkez,Danişmend Gazi İmam Hatip Ortaokulu,735843,İmam Hatip Ortaokulu,https://danismendgaziiho.meb.k12.tr,,,https://danismendgaziiho.meb.k12.tr/tema/harita.php,2026-08-31,524,524,bulundu,https://danismendgaziiho.meb.k12.tr/,2026-10-01T19:23:54.147052+00:00,,Öğrenci Sayısı : 524
Çorum,Merkez,Dr. Devlet Bahçeli Ortaokulu,776656,Ortaokul,https://drdevletbahceliortaokulu.meb.k12.tr,,,https://drdevletbahceliortaokulu.meb.k12.tr/tema/harita.php,2026-08-31,582,582,bulundu,https://drdevletbahceliortaokulu.meb.k12.tr/tema/okulumuz_hakkinda.php,2026-10-01T19:23:54.238318+00:00,,Öğrenci : 582
Çorum,Merkez,Dr.Sadık Ahmet Ortaokulu,975094,Ortaokul,https://drsadikahmet.meb.k12.tr,,,https://drsadikahmet.meb.k12.tr/tema/harita.php,2026-08-31,839,839,bulundu,https://drsadikahmet.meb.k12.tr/,2026-10-01T19:23:54.247810+00:00,,Öğrenci Sayısı : 839
Çorum,Merkez,Dumlupınar Ortaokulu,700544,Ortaokul,https://dumlupinarortaokulu.meb.k12.tr,,,https://dumlupinarortaokulu.meb.k12.tr/tema/harita.php,2026-08-31,160,160,bulundu,https://dumlupinarortaokulu.meb.k12.tr/,2026-10-01T19:23:54.360126+00:00,,Öğrenci Sayısı : 160
Çorum,Merkez,Dumlupınar İlkokulu,700481,İlkokul,https://dumlupinar19io.meb.k12.tr,,,https://dumlupinar19io.meb.k12.tr/tema/harita.php,2026-08-31,206,206,bulundu,https://dumlupinar19io.meb.k12.tr/,2026-10-01T19:23:54.372004+00:00,,Öğrenci Sayısı 206
Çorum,Merkez,Elvan Çelebi İlkokulu,775287,İlkokul,https://775287.meb.k12.tr,,,https://775287.meb.k12.tr/tema/harita.php,2026-08-31,300,300,bulundu,https://775287.meb.k12.tr/,2026-10-01T19:23:54.505109+00:00,,Öğrenci Sayısı 300
Çorum,Merkez,Ertuğrul Gazi İlkokulu,970910,İlkokul,https://corumertugrulgazi.meb.k12.tr,,,https://corumertugrulgazi.meb.k12.tr/tema/harita.php,2026-08-31,767,767,bulundu,https://corumertugrulgazi.meb.k12.tr/tema/okulumuz_hakkinda.php,2026-10-01T19:23:54.590077+00:00,,Öğrenci : 767
Çorum,Merkez,Eskice İlkokulu,700638,İlkokul,https://eskicekoyuilkokulu.meb.k12.tr,,,https://eskicekoyuilkokulu.meb.k12.tr/tema/harita.php,2026-08-31,16,16,bulundu,https://eskicekoyuilkokulu.meb.k12.tr/,2026-10-01T19:23:54.779071+00:00,,Öğrenci Sayısı : 16
Çorum,Merkez,Eti Anadolu Lisesi,972818,Anadolu Lisesi,https://corumetianadolulisesi.meb.k12.tr,,,https://corumetianadolulisesi.meb.k12.tr/tema/harita.php,2026-08-31,312,312,bulundu,https://corumetianadolulisesi.meb.k12.tr/,2026-10-01T19:23:54.891040+00:00,,Öğrenci Sayısı : 312
Çorum,Merkez,Fatih Anadolu Lisesi,974845,Anadolu Lisesi,https://corumfatihanadolulisesi.meb.k12.tr,,,https://corumfatihanadolulisesi.meb.k12.tr/tema/harita.php,2026-08-31,462,462,bulundu,https://corumfatihanadolulisesi.meb.k12.tr/,2026-10-01T19:23:54.938832+00:00,,Öğrenci Sayısı : 462
Çorum,Merkez,Fatih Sultan Mehmet İlkokulu,704829,İlkokul,https://corumfatihsultanmehmetilkokulu.meb.k12.tr,,,https://corumfatihsultanmehmetilkokulu.meb.k12.tr/tema/harita.php,2026-08-31,1227,1227,bulundu,https://corumfatihsultanmehmetilkokulu.meb.k12.tr/,2026-10-01T19:23:54.968207+00:00,,Öğrenci Sayısı : 1227
Çorum,Merkez,Fuat Sezgin İmam Hatip Ortaokulu,707923,İmam Hatip Ortaokulu,https://fuatsezginiho.meb.k12.tr,,,https://fuatsezginiho.meb.k12.tr/tema/harita.php,2026-08-31,485,485,bulundu,https://fuatsezginiho.meb.k12.tr/,2026-10-01T19:23:54.986347+00:00,,Öğrenci Sayısı : 485
Çorum,Merkez,Gazipaşa Ortaokulu,700171,Ortaokul,https://gazipasaortaokulu19.meb.k12.tr,,,https://gazipasaortaokulu19.meb.k12.tr/tema/harita.php,2026-08-31,245,245,bulundu,https://gazipasaortaokulu19.meb.k12.tr/,2026-10-01T19:23:55.068001+00:00,,Öğrenci Sayısı : 245
Çorum,Merkez,Güney İlkokulu,774600,İlkokul,https://774600.meb.k12.tr,,,https://774600.meb.k12.tr/tema/harita.php,2026-08-31,0,0,bulundu,https://774600.meb.k12.tr/,2026-10-01T19:23:55.151236+00:00,,Öğrenci Sayısı : 0
Çorum,Merkez,Hacı Bektaş Veli Ortaokulu,704010,Ortaokul,https://hacibektasvelio.meb.k12.tr,,,https://hacibektasvelio.meb.k12.tr/tema/harita.php,2026-08-31,349,349,bulundu,https://hacibektasvelio.meb.k12.tr/,2026-10-01T19:23:55.263013+00:00,,Öğrenci Sayısı : 349
Çorum,Merkez,Halkbank Çorum Zafer İlkokulu,775221,İlkokul,https://775221.meb.k12.tr,,,https://775221.meb.k12.tr/tema/harita.php,2026-08-31,135,135,bulundu,https://775221.meb.k12.tr/tema/okulumuz_hakkinda.php,2026-10-01T19:23:55.309478+00:00,,Öğrenci : 135
Çorum,Merkez,Hankozlusu İlkokulu,975117,İlkokul,https://hankozlusuilkokulu.meb.k12.tr,,,https://hankozlusuilkokulu.meb.k12.tr/tema/harita.php,2026-08-31,11,11,bulundu,https://hankozlusuilkokulu.meb.k12.tr/,2026-10-01T19:23:55.319996+00:00,,Öğrenci Sayısı 11
Çorum,Merkez,Hasanpaşa Ticaret Mesleki ve Teknik Anadolu Lisesi,138807,Mesleki ve Teknik Anadolu Lisesi,https://hasanpasamtal.meb.k12.tr,,,https://hasanpasamtal.meb.k12.tr/tema/harita.php,2026-08-31,298,298,bulundu,https://hasanpasamtal.meb.k12.tr/tema/okulumuz_hakkinda.php,2026-10-01T19:23:55.373737+00:00,,Öğrenci : 298
Çorum,Merkez,Hitit Turizm Mesleki ve Teknik Anadolu Lisesi,872138,Mesleki ve Teknik Anadolu Lisesi,https://hititmes.meb.k12.tr,,,https://hititmes.meb.k12.tr/tema/harita.php,2026-08-31,347,347,bulundu,https://hititmes.meb.k12.tr/tema/okulumuz_hakkinda.php,2026-10-01T19:23:55.389466+00:00,,Öğrenci : 347
Çorum,Merkez,Hürriyet İlkokulu,975104,İlkokul,https://corumhurriyet.meb.k12.tr,,,https://corumhurriyet.meb.k12.tr/tema/harita.php,2026-08-31,,,bulunamadi,,2026-10-01T19:23:55.481108+00:00,,
Çorum,Merkez,KARŞIYAKA ANAOKULU,965317,Anaokulu,https://corumkarsiyakaanaokulu.meb.k12.tr,,,https://corumkarsiyakaanaokulu.meb.k12.tr/tema/harita.php,2026-08-31,155,155,bulundu,https://corumkarsiyakaanaokulu.meb.k12.tr/,2026-10-01T19:23:55.501377+00:00,,Öğrenci Sayısı: 155
Çorum,Merkez,Kale Özel Eğitim Uygulama Okulu I. Kademe,751907,Özel Eğitim Kurumu,https://kaleozelegitimuygulama.meb.k12.tr,,,https://kaleozelegitimuygulama.meb.k12.tr/tema/harita.php,2026-08-31,17,17,bulundu,https://kaleozelegitimuygulama.meb.k12.tr/,2026-10-01T19:23:55.675496+00:00,,Öğrenci Sayısı : 17
Çorum,Merkez,Kale Özel Eğitim Uygulama Okulu II. Kademe,752488,Özel Eğitim Kurumu,https://kaleozelegitimuygulama2.meb.k12.tr,,,https://kaleozelegitimuygulama2.meb.k12.tr/tema/harita.php,2026-08-31,15,15,bulundu,https://kaleozelegitimuygulama2.meb.k12.tr/,2026-10-01T19:23:55.861884+00:00,,Öğrenci Sayısı : 15
Çorum,Merkez,Karacaköy İlkokulu,975133,İlkokul,https://karacakoy.meb.k12.tr,,,https://karacakoy.meb.k12.tr/tema/harita.php,2026-08-31,6,6,bulundu,https://karacakoy.meb.k12.tr/,2026-10-01T19:23:55.865438+00:00,,Öğrenci Sayısı 6
Çorum,Merkez,Kerebi Gazi İmam Hatip Ortaokulu,760405,İmam Hatip Ortaokulu,https://kerebigazi.meb.k12.tr,,,https://kerebigazi.meb.k12.tr/tema/harita.php,2026-08-31,206,206,bulundu,https://kerebigazi.meb.k12.tr/,2026-10-01T19:23:55.927905+00:00,,Öğrenci Sayısı : 206
Çorum,Merkez,Kocatepe Ortaokulu,704158,Ortaokul,https://corumkocatepeortaokulu.meb.k12.tr,,,https://corumkocatepeortaokulu.meb.k12.tr/tema/harita.php,2026-08-31,132,132,bulundu,https://corumkocatepeortaokulu.meb.k12.tr/,2026-10-01T19:23:55.973071+00:00,,Öğrenci Sayısı : 132
Çorum,Merkez,Kocatepe İlkokulu,700611,İlkokul,https://corumkocatepeilkokulu.meb.k12.tr,,,https://corumkocatepeilkokulu.meb.k12.tr/tema/harita.php,2026-08-31,592,592,bulundu,https://corumkocatepeilkokulu.meb.k12.tr/,2026-10-01T19:23:56.080005+00:00,,Öğrenci Sayısı : 592
Çorum,Merkez,Konaklı İlkokulu,700624,İlkokul,https://konakliilkokulu.meb.k12.tr,,,https://konakliilkokulu.meb.k12.tr/tema/harita.php,2026-08-31,,,bulunamadi,,2026-10-01T19:23:56.104877+00:00,,
Çorum,Merkez,Kuruçay İlkokulu,975120,İlkokul,https://kurucayokulu.meb.k12.tr,,,https://kurucayokulu.meb.k12.tr/tema/harita.php,2026-08-31,12,12,bulundu,https://kurucayokulu.meb.k12.tr/,2026-10-01T19:23:56.217394+00:00,,Öğrenci Sayısı : 12
Çorum,Merkez,Kınık Ortaokulu,704555,Ortaokul,https://kiniko.meb.k12.tr,,,https://kiniko.meb.k12.tr/tema/harita.php,2026-08-31,28,28,bulundu,https://kiniko.meb.k12.tr/,2026-10-01T19:23:56.233289+00:00,,Öğrenci Sayısı : 28
Çorum,Merkez,Kınık İlkokulu,700631,İlkokul,https://kinik.meb.k12.tr,,,https://kinik.meb.k12.tr/tema/harita.php,2026-08-31,32,32,bulundu,https://kinik.meb.k12.tr/,2026-10-01T19:23:56.273940+00:00,,Öğrenci Sayısı : 32
Çorum,Merkez,Mehmet Akif Ersoy Anaokulu,759163,Anaokulu,https://mehmetakifersoyanaokulucorum.meb.k12.tr,,,https://mehmetakifersoyanaokulucorum.meb.k12.tr/tema/harita.php,2026-08-31,,,bulunamadi,,2026-10-01T19:23:56.275721+00:00,,
Çorum,Merkez,Mehmet Akif Ersoy Ortaokulu,704024,Ortaokul,https://corummakifersoyortaokulu.meb.k12.tr,,,https://corummakifersoyortaokulu.meb.k12.tr/tema/harita.php,2026-08-31,658,658,bulundu,https://corummakifersoyortaokulu.meb.k12.tr/,2026-10-01T19:23:56.532799+00:00,,Öğrenci Sayısı : 658
Çorum,Merkez,Mehmet Akif Ersoy İlkokulu,700550,İlkokul,https://corummakifersoyilkokulu.meb.k12.tr,,,https://corummakifersoyilkokulu.meb.k12.tr/tema/harita.php,2026-08-31,557,557,bulundu,https://corummakifersoyilkokulu.meb.k12.tr/,2026-10-01T19:23:56.633391+00:00,,Öğrenci Sayısı : 557
Çorum,Merkez,Mehmet Akif İnan Ortaokulu,750791,Ortaokul,https://corummehmetakifinanortaokulu.meb.k12.tr,,,https://corummehmetakifinanortaokulu.meb.k12.tr/tema/harita.php,2026-08-31,181,181,bulundu,https://corummehmetakifinanortaokulu.meb.k12.tr/tema/okulumuz_hakkinda.php,2026-10-01T19:23:56.657889+00:00,,Öğrenci : 181
Çorum,Merkez,Mehmetçik Anadolu Lisesi,972816,Anadolu Lisesi,https://corummehmetcikanadolulisesi.meb.k12.tr,,,https://corummehmetcikanadolulisesi.meb.k12.tr/tema/harita.php,2026-08-31,841,841,bulundu,https://corummehmetcikanadolulisesi.meb.k12.tr/tema/okulumuz_hakkinda.php,2026-10-01T19:23:56.690645+00:00,,Öğrenci : 841
Çorum,Merkez,Mevlana İlkokulu,766376,İlkokul,https://corummevlanailkokulu.meb.k12.tr,,,https://corummevlanailkokulu.meb.k12.tr/tema/harita.php,2026-08-31,476,476,bulundu,https://corummevlanailkokulu.meb.k12.tr/tema/okulumuz_hakkinda.php,2026-10-01T19:23:56.764940+00:00,,Öğrenci : 476
Çorum,Merkez,Mimar Sinan Anadolu Lisesi,964249,Anadolu Lisesi,https://mimarsinan.meb.k12.tr,,,https://mimarsinan.meb.k12.tr/tema/harita.php,2026-08-31,807,807,bulundu,https://mimarsinan.meb.k12.tr/,2026-10-01T19:23:56.817937+00:00,,Öğrenci Sayısı 807
Çorum,Merkez,Mimar Sinan Anaokulu,751818,Anaokulu,https://mimarsinananaokulu.meb.k12.tr,,,https://mimarsinananaokulu.meb.k12.tr/tema/harita.php,2026-08-31,241,241,bulundu,https://mimarsinananaokulu.meb.k12.tr/,2026-10-01T19:23:56.851076+00:00,,Öğrenci Sayısı 241
Çorum,Merkez,Mimar Sinan Ortaokulu,704041,Ortaokul,https://corummimarsinanortaokulu.meb.k12.tr,,,https://corummimarsinanortaokulu.meb.k12.tr/tema/harita.php,2026-08-31,,,bulunamadi,,2026-10-01T19:23:56.871586+00:00,,
Çorum,Merkez,Mustafa Kemal Ortaokulu,975095,Ortaokul,https://corummustafakemal.meb.k12.tr,,,https://corummustafakemal.meb.k12.tr/tema/harita.php,2026-08-31,,,bulunamadi,,2026-10-01T19:23:56.938389+00:00,,
Çorum,Merkez,Necip Fazıl Kısakürek Ortaokulu,766585,Ortaokul,https://nfazilkisakurekortaokulu.meb.k12.tr,,,https://nfazilkisakurekortaokulu.meb.k12.tr/tema/harita.php,2026-08-31,841,841,bulundu,https://nfazilkisakurekortaokulu.meb.k12.tr/,2026-10-01T19:23:57.319681+00:00,,Öğrenci Sayısı 841
Çorum,Merkez,Nenehatun Anaokulu,766588,Anaokulu,https://corumnenehatunanaokulu.meb.k12.tr,,,https://corumnenehatunanaokulu.meb.k12.tr/tema/harita.php,2026-08-31,148,148,bulundu,https://corumnenehatunanaokulu.meb.k12.tr/,2026-10-01T19:23:57.330856+00:00,,Öğrenci Sayısı: 148
Çorum,Merkez,Ovasaray Şehit Arslan Eren Ortaokulu,704515,Ortaokul,https://sehitarslanerenokulu.meb.k12.tr,,,https://sehitarslanerenokulu.meb.k12.tr/tema/harita.php,2026-08-31,30,30,bulundu,https://sehitarslanerenokulu.meb.k12.tr/,2026-10-01T19:23:57.659557+00:00,,Öğrenci Sayısı : 30
Çorum,Merkez,Ovasaray Şehit Arslan Eren İlkokulu,700650,İlkokul,https://700650.meb.k12.tr,,,https://700650.meb.k12.tr/tema/harita.php,2026-08-31,40,40,bulundu,https://700650.meb.k12.tr/,2026-10-01T19:23:57.777350+00:00,,Öğrenci Sayısı : 40
Çorum,Merkez,Prof. Dr. Necmettin Erbakan İmam Hatip Ortaokulu,767559,İmam Hatip Ortaokulu,https://corumnecmettinerbakaniho.meb.k12.tr,,,https://corumnecmettinerbakaniho.meb.k12.tr/tema/harita.php,2026-08-31,487,487,bulundu,https://corumnecmettinerbakaniho.meb.k12.tr/,2026-10-01T19:23:57.877781+00:00,,Öğrenci Sayısı 487
Çorum,Merkez,Sakarya İlkokulu,975106,İlkokul,https://corumsakaryaio.meb.k12.tr,,,https://corumsakaryaio.meb.k12.tr/tema/harita.php,2026-08-31,276,276,bulundu,https://corumsakaryaio.meb.k12.tr/,2026-10-01T19:23:58.192234+00:00,,Öğrenci Sayısı 276
Çorum,Merkez,Seydim Ortaokulu,704242,Ortaokul,https://seydimoo.meb.k12.tr,,,https://seydimoo.meb.k12.tr/tema/harita.php,2026-08-31,30,30,bulundu,https://seydimoo.meb.k12.tr/,2026-10-01T19:23:58.285598+00:00,,Öğrenci Sayısı : 30
Çorum,Merkez,Seydim İlkokulu,700621,İlkokul,https://seydimilkokulu.meb.k12.tr,,,https://seydimilkokulu.meb.k12.tr/tema/harita.php,2026-08-31,33,33,bulundu,https://seydimilkokulu.meb.k12.tr/,2026-10-01T19:23:58.300964+00:00,,Öğrenci Sayısı: 33
Çorum,Merkez,Suheybi Rumi İmam Hatip Ortaokulu,760496,İmam Hatip Ortaokulu,https://suheybirumiiho.meb.k12.tr,,,https://suheybirumiiho.meb.k12.tr/tema/harita.php,2026-08-31,509,509,bulundu,https://suheybirumiiho.meb.k12.tr/,2026-10-01T19:23:58.337941+00:00,,Öğrenci Sayısı : 509
Çorum,Merkez,Sultan Abdülhamid Han Ortaokulu,768070,Ortaokul,https://corumsultanabdulhamidhanort.meb.k12.tr,,,https://corumsultanabdulhamidhanort.meb.k12.tr/tema/harita.php,2026-08-31,629,629,bulundu,https://corumsultanabdulhamidhanort.meb.k12.tr/,2026-10-01T19:23:58.408119+00:00,,Öğrenci Sayısı : 629
Çorum,Merkez,TOBB-OSB Mesleki ve Teknik Anadolu Lisesi,760005,Mesleki ve Teknik Anadolu Lisesi,https://corumosbmesleklisesi.meb.k12.tr,,,https://corumosbmesleklisesi.meb.k12.tr/tema/harita.php,2026-08-31,189,189,bulundu,https://corumosbmesleklisesi.meb.k12.tr/,2026-10-01T19:23:58.415341+00:00,,Öğrenci Sayısı : 189
Çorum,Merkez,TOKİ Nasreddin Hoca Anaokulu,971651,Anaokulu,https://tokinasreddinhocaanaokulu.meb.k12.tr,,,https://tokinasreddinhocaanaokulu.meb.k12.tr/tema/harita.php,2026-08-31,,,bulunamadi,,2026-10-01T19:23:58.423277+00:00,,
Çorum,Merkez,Tanyeri İlkokulu,975107,İlkokul,https://tanyeriilkokulu.meb.k12.tr,,,https://tanyeriilkokulu.meb.k12.tr/tema/harita.php,2026-08-31,86,86,bulundu,https://tanyeriilkokulu.meb.k12.tr/,2026-10-01T19:23:58.496794+00:00,,Öğrenci Sayısı : 86
Çorum,Merkez,Toki Şehit Şükrü Özyol Ortaokulu,969929,Ortaokul,https://tokisso.meb.k12.tr,,,https://tokisso.meb.k12.tr/tema/harita.php,2026-08-31,283,283,bulundu,https://tokisso.meb.k12.tr/,2026-10-01T19:23:58.668158+00:00,,Öğrenci Sayısı : 283
Çorum,Merkez,Toki Şehit Şükrü Özyol İlkokulu,704072,İlkokul,https://tokissoo.meb.k12.tr,,,https://tokissoo.meb.k12.tr/tema/harita.php,2026-08-31,374,374,bulundu,https://tokissoo.meb.k12.tr/,2026-10-01T19:23:58.800759+00:00,,Öğrenci Sayısı : 374
Çorum,Merkez,Toprak Sanayi Ortaokulu,706721,Ortaokul,https://topraksanayiortaokulu.meb.k12.tr,,,https://topraksanayiortaokulu.meb.k12.tr/tema/harita.php,2026-08-31,320,320,bulundu,https://topraksanayiortaokulu.meb.k12.tr/,2026-10-01T19:23:58.851371+00:00,,Öğrenci Sayısı 320
Çorum,Merkez,Türkiyem İlkokulu,772958,İlkokul,https://turkiyemilkokulu.meb.k12.tr,,,https://turkiyemilkokulu.meb.k12.tr/tema/harita.php,2026-08-31,338,338,bulundu,https://turkiyemilkokulu.meb.k12.tr/,2026-10-01T19:23:58.864675+00:00,,Öğrenci Sayısı : 338
Çorum,Merkez,Türkler Ortaokulu,704656,Ortaokul,https://turklerortaokulu.meb.k12.tr,,,https://turklerortaokulu.meb.k12.tr/tema/harita.php,2026-08-31,41,41,bulundu,https://turklerortaokulu.meb.k12.tr/tema/okulumuz_hakkinda.php,2026-10-01T19:23:58.867800+00:00,,Öğrenci : 41
Çorum,Merkez,Türkler İlkokulu,700669,İlkokul,https://turklerilkokulu.meb.k12.tr,,,https://turklerilkokulu.meb.k12.tr/tema/harita.php,2026-08-31,28,28,bulundu,https://turklerilkokulu.meb.k12.tr/,2026-10-01T19:23:58.914866+00:00,,Öğrenci Sayısı : 28
Çorum,Merkez,Ubeydi Gazi İlkokulu,766150,İlkokul,https://ubeydigaziilkokulu.meb.k12.tr,,,https://ubeydigaziilkokulu.meb.k12.tr/tema/harita.php,2026-08-31,799,799,bulundu,https://ubeydigaziilkokulu.meb.k12.tr/,2026-10-01T19:23:58.952806+00:00,,Öğrenci Sayısı: 799
Çorum,Merkez,Ulukavak Anaokulu,749430,Anaokulu,https://ulukavakanaokulu.meb.k12.tr,,,https://ulukavakanaokulu.meb.k12.tr/tema/harita.php,2026-08-31,204,204,bulundu,https://ulukavakanaokulu.meb.k12.tr/,2026-10-01T19:23:59.148387+00:00,,Öğrenci Sayısı: 204
Çorum,Merkez,Vilayetlere Hizmet Götürme Birliği Sevgi Anaokulu,973293,Anaokulu,https://corumsevgianaokulu.meb.k12.tr,,,https://corumsevgianaokulu.meb.k12.tr/tema/harita.php,2026-08-31,267,267,bulundu,https://corumsevgianaokulu.meb.k12.tr/,2026-10-01T19:23:59.280194+00:00,,Öğrenci Sayısı 267
Çorum,Merkez,Yahya Kemal Beyatlı İlkokulu,975108,İlkokul,https://corumyahyakemal.meb.k12.tr,,,https://corumyahyakemal.meb.k12.tr/tema/harita.php,2026-08-31,236,236,bulundu,https://corumyahyakemal.meb.k12.tr/,2026-10-01T19:23:59.338404+00:00,,Öğrenci Sayısı : 236
Çorum,Merkez,Yatılı Bölge Ortaokulu,747729,Ortaokul,https://747729.meb.k12.tr,,,https://747729.meb.k12.tr/tema/harita.php,2026-08-31,0,0,bulundu,https://747729.meb.k12.tr/,2026-10-01T19:23:59.432284+00:00,,Öğrenci Sayısı : 0
Çorum,Merkez,Yavruturna Ortaokulu,704007,Ortaokul,https://yavruturna.meb.k12.tr,,,https://yavruturna.meb.k12.tr/tema/harita.php,2026-08-31,575,575,bulundu,https://yavruturna.meb.k12.tr/,2026-10-01T19:23:59.444045+00:00,,Öğrenci Sayısı 575
Çorum,Merkez,Yavuz Sultan Selim İlkokulu,700567,İlkokul,https://yavuzsultanselimilkokulu.meb.k12.tr,,,https://yavuzsultanselimilkokulu.meb.k12.tr/tema/harita.php,2026-08-31,482,482,bulundu,https://yavuzsultanselimilkokulu.meb.k12.tr/,2026-10-01T19:23:59.490785+00:00,,Öğrenci Sayısı : 482
Çorum,Merkez,Yunus Emre Ortaokulu,704121,Ortaokul,https://corumyunusemreortaokulu.meb.k12.tr,,,https://corumyunusemreortaokulu.meb.k12.tr/tema/harita.php,2026-08-31,,,bulunamadi,,2026-10-01T19:23:59.595250+00:00,,
Çorum,Merkez,Yunus Emre İlkokulu,700581,İlkokul,https://corumyunusemreilkokulu.meb.k12.tr,,,https://corumyunusemreilkokulu.meb.k12.tr/tema/harita.php,2026-08-31,449,449,bulundu,https://corumyunusemreilkokulu.meb.k12.tr/,2026-10-01T19:23:59.611748+00:00,,Öğrenci Sayısı : 449
Çorum,Merkez,Yıldırım Beyazıt İmam Hatip Ortaokulu,228866,İmam Hatip Ortaokulu,https://yildirimbeyazitiho.meb.k12.tr,,,https://yildirimbeyazitiho.meb.k12.tr/tema/harita.php,2026-08-31,,,bulunamadi,,2026-10-01T19:23:59.666143+00:00,,
Çorum,Merkez,Ziya Gökalp İlkokulu,975109,İlkokul,https://ziyagokalpio.meb.k12.tr,,,https://ziyagokalpio.meb.k12.tr/tema/harita.php,2026-08-31,,,bulunamadi,,2026-10-01T19:23:59.737723+00:00,,
Çorum,Merkez,Zübeyde Hanım Özel Eğitim Uygulama Okulu III. Kademe,748039,Özel Eğitim Kurumu,https://corumzubeydehanim.meb.k12.tr,,,https://corumzubeydehanim.meb.k12.tr/tema/harita.php,2026-08-31,80,80,bulundu,https://corumzubeydehanim.meb.k12.tr/,2026-10-01T19:23:59.777589+00:00,,Öğrenci Sayısı : 80
Çorum,Merkez,ÇEŞMEÖREN İLKOKULU,751163,İlkokul,https://cesmeorenilkokulu.meb.k12.tr,,,https://cesmeorenilkokulu.meb.k12.tr/tema/harita.php,2026-08-31,37,37,bulundu,https://cesmeorenilkokulu.meb.k12.tr/,2026-10-01T19:23:59.912594+00:00,,Öğrenci Sayısı : 37
Çorum,Merkez,Çalıca İlkokulu,771006,İlkokul,https://771006.meb.k12.tr,,,https://771006.meb.k12.tr/tema/harita.php,2026-08-31,0,0,bulundu,https://771006.meb.k12.tr/,2026-10-01T19:23:59.965771+00:00,,Öğrenci Sayısı : 0
Çorum,Merkez,Çatak İlkokulu,771005,İlkokul,https://771005.meb.k12.tr,,,https://771005.meb.k12.tr/tema/harita.php,2026-08-31,0,0,bulundu,https://771005.meb.k12.tr/,2026-10-01T19:24:00.003932+00:00,,Öğrenci Sayısı : 0
Çorum,Merkez,Çepni İlkokulu,777416,İlkokul,https://777416.meb.k12.tr,,,https://777416.meb.k12.tr/tema/harita.php,2026-08-31,,,bulunamadi,,2026-10-01T19:24:00.097515+00:00,,
Çorum,Merkez,Çeşmeören Ortaokulu,747933,Ortaokul,https://cesmeorenortaokulu.meb.k12.tr,,,https://cesmeorenortaokulu.meb.k12.tr/tema/harita.php,2026-08-31,48,48,bulundu,https://cesmeorenortaokulu.meb.k12.tr/,2026-10-01T19:24:00.184372+00:00,,Öğrenci Sayısı : 48
Çorum,Merkez,Çiğdem Anaokulu,766590,Anaokulu,https://corumcigdemanaokulu.meb.k12.tr,,,https://corumcigdemanaokulu.meb.k12.tr/tema/harita.php,2026-08-31,131,131,bulundu,https://corumcigdemanaokulu.meb.k12.tr/,2026-10-01T19:24:00.220438+00:00,,Öğrenci Sayısı 131
Çorum,Merkez,Çorum Adalet Mesleki Eğitim Merkezi,770444,Mesleki Eğitim Merkezi,https://770444.meb.k12.tr,,,https://770444.meb.k12.tr/tema/harita.php,2026-08-31,0,0,bulundu,https://770444.meb.k12.tr/,2026-10-01T19:24:00.381657+00:00,,Öğrenci Sayısı : 0
Çorum,Merkez,Çorum Başöğretmen Anadolu Lisesi,306908,Anadolu Lisesi,https://aolcorum.meb.k12.tr,,,https://aolcorum.meb.k12.tr/tema/harita.php,2026-08-31,671,671,bulundu,https://aolcorum.meb.k12.tr/tema/okulumuz_hakkinda.php,2026-10-01T19:24:00.440277+00:00,,Öğrenci : 671
Çorum,Merkez,Çorum Belediyesi Prof. Dr. Hayreddin Karaman Anadolu İmam Hatip Lisesi,759996,Anadolu İmam Hatip Lisesi,https://imamhatipkulliyesi.meb.k12.tr,,,https://imamhatipkulliyesi.meb.k12.tr/tema/harita.php,2026-08-31,555,555,bulundu,https://imamhatipkulliyesi.meb.k12.tr/,2026-10-01T19:24:00.460003+00:00,,Öğrenci Sayısı : 555
Çorum,Merkez,Çorum Belediyesi Prof. Dr. Hayreddin Karaman Kız Anadolu İmam Hatip Lisesi,759997,Anadolu İmam Hatip Lisesi,https://cokaihl.meb.k12.tr,,,https://cokaihl.meb.k12.tr/tema/harita.php,2026-08-31,467,467,bulundu,https://cokaihl.meb.k12.tr/,2026-10-01T19:24:00.537733+00:00,,Öğrenci Sayısı 467
Çorum,Merkez,Çorum Bilim ve Sanat Merkezi,966400,Bilim ve Sanat Merkezi,https://corumbilsem.meb.k12.tr,,,https://corumbilsem.meb.k12.tr/tema/harita.php,2026-08-31,664,664,bulundu,https://corumbilsem.meb.k12.tr/,2026-10-01T19:24:00.579893+00:00,,Öğrenci Sayısı : 664
Çorum,Merkez,Çorum Güzel Sanatlar Lisesi,320274,Güzel Sanatlar Lisesi,https://corumgsl.meb.k12.tr,,,https://corumgsl.meb.k12.tr/tema/harita.php,2026-08-31,131,131,bulundu,https://corumgsl.meb.k12.tr/,2026-10-01T19:24:00.581799+00:00,,Öğrenci Sayısı : 131
Çorum,Merkez,Çorum Halk Eğitimi Merkezi,252149,Halk Eğitimi Merkezi,https://corumhalkegitim.meb.k12.tr,,,https://corumhalkegitim.meb.k12.tr/tema/harita.php,2026-08-31,,,bulunamadi,,2026-10-01T19:24:00.987327+00:00,,
Çorum,Merkez,Çorum Mesleki Eğitim Merkezi,777000,Mesleki Eğitim Merkezi,https://corummesem.meb.k12.tr,,,https://corummesem.meb.k12.tr/tema/harita.php,2026-08-31,702,702,bulundu,https://corummesem.meb.k12.tr/,2026-10-01T19:24:01.014591+00:00,,Öğrenci Sayısı : 702
Çorum,Merkez,Çorum Rehberlik ve Araştırma Merkezi,138844,Rehberlik ve Araştırma Merkezi,https://corumram.meb.k12.tr,,,https://corumram.meb.k12.tr/tema/harita.php,2026-08-31,,,bulunamadi,,2026-10-01T19:24:01.025067+00:00,,
Çorum,Merkez,Çorum Spor Lisesi,751943,Spor Lisesi,https://corumsporlisesi.meb.k12.tr,,,https://corumsporlisesi.meb.k12.tr/tema/harita.php,2026-08-31,148,148,bulundu,https://corumsporlisesi.meb.k12.tr/,2026-10-01T19:24:01.063244+00:00,,Öğrenci Sayısı : 148
Çorum,Merkez,Çorum Yumurta A.Ş. İlkokulu,975103,İlkokul,https://corumyumurtailkokulu.meb.k12.tr,,,https://corumyumurtailkokulu.meb.k12.tr/tema/harita.php,2026-08-31,595,595,bulundu,https://corumyumurtailkokulu.meb.k12.tr/tema/okulumuz_hakkinda.php,2026-10-01T19:24:01.075140+00:00,,Öğrenci : 595
Çorum,Merkez,Çorum Özel Eğitim Anaokulu,773960,Anaokulu,https://corumozelegitimanaokulu.meb.k12.tr,,,https://corumozelegitimanaokulu.meb.k12.tr/tema/harita.php,2026-08-31,22,22,bulundu,https://corumozelegitimanaokulu.meb.k12.tr/,2026-10-01T19:24:01.094285+00:00,,Öğrenci Sayısı 22
Çorum,Merkez,Çorum Özel Eğitim Meslek Lisesi,974241,Mesleki ve Teknik Anadolu Lisesi,https://corumoeml.meb.k12.tr,,,https://corumoeml.meb.k12.tr/tema/harita.php,2026-08-31,5,5,bulundu,https://corumoeml.meb.k12.tr/,2026-10-01T19:24:01.098907+00:00,,Öğrenci Sayısı 5
Çorum,Merkez,Çorum Öğretmenevi ve Akşam Sanat Okulu,971106,Öğretmenevi,https://corumogretmenevi.meb.k12.tr,,,https://corumogretmenevi.meb.k12.tr/tema/harita.php,2026-08-31,,,bulunamadi,,2026-10-01T19:24:01.255659+00:00,,
Çorum,Merkez,Çorum Şirinler Özel Eğitim Anaokulu,766137,Anaokulu,https://sirinlerozelegitimanaokulu.meb.k12.tr,,,https://sirinlerozelegitimanaokulu.meb.k12.tr/tema/harita.php,2026-08-31,29,29,bulundu,https://sirinlerozelegitimanaokulu.meb.k12.tr/,2026-10-01T19:24:01.496351+00:00,,Öğrenci Sayısı 29
Çorum,Merkez,Ömer Kömürcü İmam Hatip Ortaokulu,760681,İmam Hatip Ortaokulu,https://corumomerkmrc.meb.k12.tr,,,https://corumomerkmrc.meb.k12.tr/tema/harita.php,2026-08-31,331,331,bulundu,https://corumomerkmrc.meb.k12.tr/tema/okulumuz_hakkinda.php,2026-10-01T19:24:01.533902+00:00,,Öğrenci : 331
Çorum,Merkez,Özejder Sosyal Bilimler Lisesi,758353,Sosyal Bilimler Lisesi,https://corumozejdersosyalbilimlerlisesi.meb.k12.tr,,,https://corumozejdersosyalbilimlerlisesi.meb.k12.tr/tema/harita.php,2026-08-31,288,288,bulundu,https://corumozejdersosyalbilimlerlisesi.meb.k12.tr/,2026-10-01T19:24:01.721952+00:00,,Öğrenci Sayısı : 288
Çorum,Merkez,Öğretmen Mukadder Akaydın İlkokulu,700557,İlkokul,https://ogretmenmukadderakaydinilkokulu.meb.k12.tr,,,https://ogretmenmukadderakaydinilkokulu.meb.k12.tr/tema/harita.php,2026-08-31,711,711,bulundu,https://ogretmenmukadderakaydinilkokulu.meb.k12.tr/,2026-10-01T19:24:01.990563+00:00,,Öğrenci Sayısı 711
Çorum,Merkez,İPEKLİ BAĞLAR ANAOKULU,750086,Anaokulu,https://corumipeklibaglaranaokulu.meb.k12.tr,,,https://corumipeklibaglaranaokulu.meb.k12.tr/tema/harita.php,2026-08-31,170,170,bulundu,https://corumipeklibaglaranaokulu.meb.k12.tr/,2026-10-01T19:24:02.041366+00:00,,Öğrenci Sayısı: 170
Çorum,Merkez,İkbalevler Anaokulu,752614,Anaokulu,https://ikbalevlerianaokulu.meb.k12.tr,,,https://ikbalevlerianaokulu.meb.k12.tr/tema/harita.php,2026-08-31,168,168,bulundu,https://ikbalevlerianaokulu.meb.k12.tr/,2026-10-01T19:24:02.096770+00:00,,Öğrenci Sayısı 168
Çorum,Merkez,İnalözü Ortaokulu,704763,Ortaokul,https://inalozuortaokulu.meb.k12.tr,,,https://inalozuortaokulu.meb.k12.tr/tema/harita.php,2026-08-31,27,27,bulundu,https://inalozuortaokulu.meb.k12.tr/,2026-10-01T19:24:02.151902+00:00,,Öğrenci Sayısı 27
Çorum,Merkez,İnalözü İlkokulu,700685,İlkokul,https://inalozuilkokulu.meb.k12.tr,,,https://inalozuilkokulu.meb.k12.tr/tema/harita.php,2026-08-31,11,11,bulundu,https://inalozuilkokulu.meb.k12.tr/,2026-10-01T19:24:02.205597+00:00,,Öğrenci Sayısı 11
Çorum,Merkez,İnkılap Ortaokulu,975087,Ortaokul,https://coruminkilaportaokulu.meb.k12.tr,,,https://coruminkilaportaokulu.meb.k12.tr/tema/harita.php,2026-08-31,143,143,bulundu,https://coruminkilaportaokulu.meb.k12.tr/tema/okulumuz_hakkinda.php,2026-10-01T19:24:02.246870+00:00,,Öğrenci : 143
Çorum,Merkez,İnönü Anadolu Lisesi,967671,Anadolu Lisesi,https://inonuanadolulisesi.meb.k12.tr,,,https://inonuanadolulisesi.meb.k12.tr/tema/harita.php,2026-08-31,516,516,bulundu,https://inonuanadolulisesi.meb.k12.tr/,2026-10-01T19:24:02.294015+00:00,,Öğrenci Sayısı : 516
Çorum,Merkez,İsmail Kakaç İlkokulu,966570,İlkokul,https://ismailkakacioo.meb.k12.tr,,,https://ismailkakacioo.meb.k12.tr/tema/harita.php,2026-08-31,536,536,bulundu,https://ismailkakacioo.meb.k12.tr/,2026-10-01T19:24:02.304803+00:00,,Öğrenci Sayısı : 536
Çorum,Merkez,İstiklal İlkokulu,975100,İlkokul,https://corumistiklalilkokulu.meb.k12.tr,,,https://corumistiklalilkokulu.meb.k12.tr/tema/harita.php,2026-08-31,638,638,bulundu,https://corumistiklalilkokulu.meb.k12.tr/,2026-10-01T19:24:02.506235+00:00,,Öğrenci Sayısı 638
Çorum,Merkez,ŞEHİT MUSTAFA AVCU İMAM HATİP ORTAOKULU,760403,İmam Hatip Ortaokulu,https://tokismaiho.meb.k12.tr,,,https://tokismaiho.meb.k12.tr/tema/harita.php,2026-08-31,24,24,bulundu,https://tokismaiho.meb.k12.tr/,2026-10-01T19:24:02.531478+00:00,,Öğrenci Sayısı : 24
Çorum,Merkez,Şehit Abdullah Tayyip Olçok Anadolu Lisesi,138773,Anadolu Lisesi,https://corumsatoal.meb.k12.tr,,,https://corumsatoal.meb.k12.tr/tema/harita.php,2026-08-31,597,597,bulundu,https://corumsatoal.meb.k12.tr/tema/okulumuz_hakkinda.php,2026-10-01T19:24:02.604501+00:00,,Öğrenci : 597
Çorum,Merkez,Şehit Ali Karslı İmam Hatip Ortaokulu,760404,İmam Hatip Ortaokulu,https://sehitalikarsliimamhatiportaokulu.meb.k12.tr,,,https://sehitalikarsliimamhatiportaokulu.meb.k12.tr/tema/harita.php,2026-08-31,60,60,bulundu,https://sehitalikarsliimamhatiportaokulu.meb.k12.tr/tema/okulumuz_hakkinda.php,2026-10-01T19:24:02.717493+00:00,,Öğrenci : 60
Çorum,Merkez,Şehit Emin Güner Mesleki ve Teknik Anadolu Lisesi,138785,Mesleki ve Teknik Anadolu Lisesi,https://corumeml.meb.k12.tr,,,https://corumeml.meb.k12.tr/tema/harita.php,2026-08-31,701,701,bulundu,https://corumeml.meb.k12.tr/,2026-10-01T19:24:02.844438+00:00,,Öğrenci Sayısı : 701
Çorum,Merkez,Şehit Erol Olçok Anadolu İmam Hatip Lisesi,138819,Anadolu İmam Hatip Lisesi,https://corumaihl.meb.k12.tr,,,https://corumaihl.meb.k12.tr/tema/harita.php,2026-08-31,258,258,bulundu,https://corumaihl.meb.k12.tr/tema/okulumuz_hakkinda.php,2026-10-01T19:24:03.100661+00:00,,Öğrenci : 258
Çorum,Merkez,Şehit Mustafa Solak Anadolu İmam Hatip Lisesi,763601,Anadolu İmam Hatip Lisesi,https://sehitmustafasolakaihl.meb.k12.tr,,,https://sehitmustafasolakaihl.meb.k12.tr/tema/harita.php,2026-08-31,142,142,bulundu,https://sehitmustafasolakaihl.meb.k12.tr/,2026-10-01T19:24:03.157977+00:00,,Öğrenci Sayısı 142
Çorum,Merkez,Şehit Mustafa Solak Mesleki ve Teknik Anadolu Lisesi,762108,Mesleki ve Teknik Anadolu Lisesi,https://sehitmustafasolakmtal.meb.k12.tr,,,https://sehitmustafasolakmtal.meb.k12.tr/tema/harita.php,2026-08-31,251,251,bulundu,https://sehitmustafasolakmtal.meb.k12.tr/,2026-10-01T19:24:03.202814+00:00,,Öğrenci Sayısı : 251
Çorum,Merkez,Şehit Onur Bakbak İlkokulu,700545,İlkokul,https://onurbakbakilkokulu.meb.k12.tr,,,https://onurbakbakilkokulu.meb.k12.tr/tema/harita.php,2026-08-31,322,322,bulundu,https://onurbakbakilkokulu.meb.k12.tr/,2026-10-01T19:24:03.249297+00:00,,Öğrenci Sayısı : 322
Çorum,Merkez,Şehit Osman Arslan Kız Anadolu İmam Hatip Lisesi,762166,Anadolu İmam Hatip Lisesi,https://sehitosmanarslanaihl.meb.k12.tr,,,https://sehitosmanarslanaihl.meb.k12.tr/tema/harita.php,2026-08-31,564,564,bulundu,https://sehitosmanarslanaihl.meb.k12.tr/,2026-10-01T19:24:03.304903+00:00,,Öğrenci Sayısı 564
Çorum,Merkez,Şehit Öğretmen Fatih Tekin Mesleki Eğitim Merkezi,214505,Mesleki Eğitim Merkezi,https://softekinmem.meb.k12.tr,,,https://softekinmem.meb.k12.tr/tema/harita.php,2026-08-31,1729,1729,bulundu,https://softekinmem.meb.k12.tr/,2026-10-01T19:24:03.613144+00:00,,Öğrenci Sayısı : 1729
Çorum,Ortaköy,100.yıl İlkokulu,700221,İlkokul,https://corum100yil.meb.k12.tr,,,https://corum100yil.meb.k12.tr/tema/harita.php,2026-08-31,88,88,bulundu,https://corum100yil.meb.k12.tr/,2026-10-01T19:24:03.656998+00:00,,Öğrenci Sayısı: 88
Çorum,Ortaköy,Aşdağul Şehit Mahsuni Türkmen Ortaokulu,713379,Ortaokul,https://astavulortaokulu.meb.k12.tr,,,https://astavulortaokulu.meb.k12.tr/tema/harita.php,2026-08-31,70,70,bulundu,https://astavulortaokulu.meb.k12.tr/tema/okulumuz_hakkinda.php,2026-10-01T19:24:03.708061+00:00,,Öğrenci : 70
Çorum,Ortaköy,Aşdağul Şehit Mahsuni Türkmen İlkokulu,701579,İlkokul,https://astavulsmt.meb.k12.tr,,,https://astavulsmt.meb.k12.tr/tema/harita.php,2026-08-31,77,77,bulundu,https://astavulsmt.meb.k12.tr/,2026-10-01T19:24:03.800150+00:00,,Öğrenci Sayısı 77
Çorum,Ortaköy,Cumhuriyet Ortaokulu,700222,Ortaokul,https://ortakoycumhuriyet1994.meb.k12.tr,,,https://ortakoycumhuriyet1994.meb.k12.tr/tema/harita.php,2026-08-31,54,54,bulundu,https://ortakoycumhuriyet1994.meb.k12.tr/,2026-10-01T19:24:03.807454+00:00,,Öğrenci Sayısı : 54
Çorum,Ortaköy,Karahacip Şehit Erdal Öztaş Ortaokulu,713327,Ortaokul,https://karahacipsehiterdaloztasortaokul.meb.k12.tr,,,https://karahacipsehiterdaloztasortaokul.meb.k12.tr/tema/harita.php,2026-08-31,17,17,bulundu,https://karahacipsehiterdaloztasortaokul.meb.k12.tr/tema/okulumuz_hakkinda.php,2026-10-01T19:24:03.918810+00:00,,Öğrenci : 17
Çorum,Ortaköy,Karahacip Şehit Erdal Öztaş İlkokulu,701570,İlkokul,https://karahacipsehiterdaloztasilkokulu.meb.k12.tr,,,https://karahacipsehiterdaloztasilkokulu.meb.k12.tr/tema/harita.php,2026-08-31,24,24,bulundu,https://karahacipsehiterdaloztasilkokulu.meb.k12.tr/,2026-10-01T19:24:04.150420+00:00,,Öğrenci Sayısı 24
Çorum,Ortaköy,ORTAKÖY İMAM HATİP ORTAOKULU,758488,İmam Hatip Ortaokulu,https://ortakoycumhuriyetortaokulu19.meb.k12.tr,,,https://ortakoycumhuriyetortaokulu19.meb.k12.tr/tema/harita.php,2026-08-31,26,26,bulundu,https://ortakoycumhuriyetortaokulu19.meb.k12.tr/,2026-10-01T19:24:04.243649+00:00,,Öğrenci Sayısı : 26
Çorum,Ortaköy,Ortaköy Çok Programlı Anadolu Lisesi,970050,Çok Programlı Anadolu Lisesi,https://corumortakoycpl.meb.k12.tr,,,https://corumortakoycpl.meb.k12.tr/tema/harita.php,2026-08-31,83,83,bulundu,https://corumortakoycpl.meb.k12.tr/,2026-10-01T19:24:04.294635+00:00,,Öğrenci Sayısı : 83
Çorum,Ortaköy,Salbaş İlkokulu,771556,İlkokul,https://771556.meb.k12.tr,,,https://771556.meb.k12.tr/tema/harita.php,2026-08-31,0,0,bulundu,https://771556.meb.k12.tr/,2026-10-01T19:24:04.336602+00:00,,Öğrenci Sayısı : 0
Çorum,Ortaköy,Çorum Ortaköy Halk Eğitimi Merkezi,139431,Halk Eğitimi Merkezi,https://ortakoyhem.meb.k12.tr,,,https://ortakoyhem.meb.k12.tr/tema/harita.php,2026-08-31,,,bulunamadi,,2026-10-01T19:24:04.689463+00:00,,
Çorum,Ortaköy,İncesu İlkokulu,700218,İlkokul,https://ortakoyincesu.meb.k12.tr,,,https://ortakoyincesu.meb.k12.tr/tema/harita.php,2026-08-31,6,6,bulundu,https://ortakoyincesu.meb.k12.tr/,2026-10-01T19:24:04.728103+00:00,,Öğrenci Sayısı: 6
Çorum,Osmancık,15 Temmuz Şehitleri Anadolu Lisesi,309709,Anadolu Lisesi,https://osmancikanadolu.meb.k12.tr,,,https://osmancikanadolu.meb.k12.tr/tema/harita.php,2026-08-31,357,357,bulundu,https://osmancikanadolu.meb.k12.tr/,2026-10-01T19:24:04.765838+00:00,,Öğrenci Sayısı 357
Çorum,Osmancık,75.Yıl Cumhuriyet İlkokulu,765820,İlkokul,https://osmancik75yil.meb.k12.tr,,,https://osmancik75yil.meb.k12.tr/tema/harita.php,2026-08-31,248,248,bulundu,https://osmancik75yil.meb.k12.tr/,2026-10-01T19:24:04.787258+00:00,,Öğrenci Sayısı: 248
Çorum,Osmancık,Ahmet Yesevi İmam Hatip Ortaokulu,763559,İmam Hatip Ortaokulu,https://osmancikayiho.meb.k12.tr,,,https://osmancikayiho.meb.k12.tr/tema/harita.php,2026-08-31,67,67,bulundu,https://osmancikayiho.meb.k12.tr/,2026-10-01T19:24:04.917842+00:00,,Öğrenci Sayısı 67
Çorum,Osmancık,Akören Şehit Erol Keskin Ortaokulu,713568,Ortaokul,https://akorenortaokulu19.meb.k12.tr,,,https://akorenortaokulu19.meb.k12.tr/tema/harita.php,2026-08-31,51,51,bulundu,https://akorenortaokulu19.meb.k12.tr/tema/okulumuz_hakkinda.php,2026-10-01T19:24:05.054768+00:00,,Öğrenci : 51
Çorum,Osmancık,Akören Şehit Erol Keskin İlkokulu,379076,İlkokul,https://akoren19.meb.k12.tr,,,https://akoren19.meb.k12.tr/tema/harita.php,2026-08-31,37,37,bulundu,https://akoren19.meb.k12.tr/,2026-10-01T19:24:05.240464+00:00,,Öğrenci Sayısı: 37
Çorum,Osmancık,Akşemseddin İlkokulu,700242,İlkokul,https://osmaksemseddin.meb.k12.tr,,,https://osmaksemseddin.meb.k12.tr/tema/harita.php,2026-08-31,337,337,bulundu,https://osmaksemseddin.meb.k12.tr/,2026-10-01T19:24:05.279670+00:00,,Öğrenci Sayısı 337
Çorum,Osmancık,Atatürk Ortaokulu,700243,Ortaokul,https://osmancikataturkortaokulu.meb.k12.tr,,,https://osmancikataturkortaokulu.meb.k12.tr/tema/harita.php,2026-08-31,321,321,bulundu,https://osmancikataturkortaokulu.meb.k12.tr/,2026-10-01T19:24:05.291540+00:00,,Öğrenci Sayısı 321
Çorum,Osmancık,Avlağı İlkokulu,700234,İlkokul,https://avlagiilkokulu.meb.k12.tr,,,https://avlagiilkokulu.meb.k12.tr/tema/harita.php,2026-08-31,15,15,bulundu,https://avlagiilkokulu.meb.k12.tr/,2026-10-01T19:24:05.692158+00:00,,Öğrenci Sayısı : 15
Çorum,Osmancık,Damatoğlu Ortaokulu,713604,Ortaokul,https://damatogluortaokulu.meb.k12.tr,,,https://damatogluortaokulu.meb.k12.tr/tema/harita.php,2026-08-31,64,64,bulundu,https://damatogluortaokulu.meb.k12.tr/,2026-10-01T19:24:05.733970+00:00,,Öğrenci Sayısı : 64
Çorum,Osmancık,Damatoğlu İlkokulu,701615,İlkokul,https://damatogluilkokulu.meb.k12.tr,,,https://damatogluilkokulu.meb.k12.tr/tema/harita.php,2026-08-31,61,61,bulundu,https://damatogluilkokulu.meb.k12.tr/,2026-10-01T19:24:05.751992+00:00,,Öğrenci Sayısı : 61
Çorum,Osmancık,Danişment İmam Hatip Ortaokulu,767774,İmam Hatip Ortaokulu,https://danismentiho.meb.k12.tr,,,https://danismentiho.meb.k12.tr/tema/harita.php,2026-08-31,47,47,bulundu,https://danismentiho.meb.k12.tr/,2026-10-01T19:24:05.873162+00:00,,Öğrenci Sayısı 47
Çorum,Osmancık,Danışment İlkokulu,471799,İlkokul,https://danismentilkokulu.meb.k12.tr,,,https://danismentilkokulu.meb.k12.tr/tema/harita.php,2026-08-31,58,58,bulundu,https://danismentilkokulu.meb.k12.tr/tema/okulumuz_hakkinda.php,2026-10-01T19:24:05.894112+00:00,,Öğrenci : 58
Çorum,Osmancık,Gelincik Anaokulu,973528,Anaokulu,https://osmancikgelincikanaokulu.meb.k12.tr,,,https://osmancikgelincikanaokulu.meb.k12.tr/tema/harita.php,2026-08-31,124,124,bulundu,https://osmancikgelincikanaokulu.meb.k12.tr/,2026-10-01T19:24:05.998116+00:00,,Öğrenci Sayısı: 124
Çorum,Osmancık,Gemici İlkokulu,700241,İlkokul,https://gemici.meb.k12.tr,,,https://gemici.meb.k12.tr/tema/harita.php,2026-08-31,216,216,bulundu,https://gemici.meb.k12.tr/tema/okulumuz_hakkinda.php,2026-10-01T19:24:06.012071+00:00,,Öğrenci : 216
Çorum,Osmancık,Gökdere Ortaokulu,713677,Ortaokul,https://gokdereortaokulu19.meb.k12.tr,,,https://gokdereortaokulu19.meb.k12.tr/tema/harita.php,2026-08-31,50,50,bulundu,https://gokdereortaokulu19.meb.k12.tr/,2026-10-01T19:24:06.031184+00:00,,Öğrenci Sayısı 50
Çorum,Osmancık,Gökdere İlkokulu,701631,İlkokul,https://gokdereilkokulu19.meb.k12.tr,,,https://gokdereilkokulu19.meb.k12.tr/tema/harita.php,2026-08-31,61,61,bulundu,https://gokdereilkokulu19.meb.k12.tr/,2026-10-01T19:24:06.065820+00:00,,Öğrenci Sayısı : 61
Çorum,Osmancık,Kamil Ortaokulu,713819,Ortaokul,https://kamilortaokulu.meb.k12.tr,,,https://kamilortaokulu.meb.k12.tr/tema/harita.php,2026-08-31,47,47,bulundu,https://kamilortaokulu.meb.k12.tr/,2026-10-01T19:24:06.119162+00:00,,Öğrenci Sayısı: 47
Çorum,Osmancık,Kamil İlkokulu,701639,İlkokul,https://kamililkokulu.meb.k12.tr,,,https://kamililkokulu.meb.k12.tr/tema/harita.php,2026-08-31,42,42,bulundu,https://kamililkokulu.meb.k12.tr/,2026-10-01T19:24:06.303335+00:00,,Öğrenci Sayısı : 42
Çorum,Osmancık,Koyunbaba İlkokulu,471596,İlkokul,https://koyunbaba.meb.k12.tr,,,https://koyunbaba.meb.k12.tr/tema/harita.php,2026-08-31,236,236,bulundu,https://koyunbaba.meb.k12.tr/,2026-10-01T19:24:06.327094+00:00,,Öğrenci Sayısı: 236
Çorum,Osmancık,Mehmet Akif Ersoy Ortaokulu,471655,Ortaokul,https://osmakif.meb.k12.tr,,,https://osmakif.meb.k12.tr/tema/harita.php,2026-08-31,260,260,bulundu,https://osmakif.meb.k12.tr/,2026-10-01T19:24:06.376171+00:00,,Öğrenci Sayısı 260
Çorum,Osmancık,Meliha-Rıfat Göbel Ortaokulu,713521,Ortaokul,https://mrg.meb.k12.tr,,,https://mrg.meb.k12.tr/tema/harita.php,2026-08-31,322,322,bulundu,https://mrg.meb.k12.tr/,2026-10-01T19:24:06.542082+00:00,,Öğrenci Sayısı 322
Çorum,Osmancık,Nenehatun Ortaokulu,700245,Ortaokul,https://nenehatunortaokulu.meb.k12.tr,,,https://nenehatunortaokulu.meb.k12.tr/tema/harita.php,2026-08-31,196,196,bulundu,https://nenehatunortaokulu.meb.k12.tr/,2026-10-01T19:24:06.552159+00:00,,Öğrenci Sayısı : 196
Çorum,Osmancık,OSMANCIK NENEHATUN ÖZEL EĞİTİM UYGULAMA MERKEZİ I. KADEME,749103,Özel Eğitim Kurumu,https://nenehatunisokulu1.meb.k12.tr,,,https://nenehatunisokulu1.meb.k12.tr/tema/harita.php,2026-08-31,10,10,bulundu,https://nenehatunisokulu1.meb.k12.tr/,2026-10-01T19:24:06.552945+00:00,,Öğrenci Sayısı 10
Çorum,Osmancık,OSMANCIK NENEHATUN ÖZEL EĞİTİM UYGULAMA MERKEZİ II. KADEME,749104,Özel Eğitim Kurumu,https://nenehatunisokulu2.meb.k12.tr,,,https://nenehatunisokulu2.meb.k12.tr/tema/harita.php,2026-08-31,13,13,bulundu,https://nenehatunisokulu2.meb.k12.tr/,2026-10-01T19:24:06.861224+00:00,,Öğrenci Sayısı 13
Çorum,Osmancık,Osmancık Anadolu İmam Hatip Lisesi,139551,Anadolu İmam Hatip Lisesi,https://osmancikihl.meb.k12.tr,,,https://osmancikihl.meb.k12.tr/tema/harita.php,2026-08-31,125,125,bulundu,https://osmancikihl.meb.k12.tr/,2026-10-01T19:24:06.900990+00:00,,Öğrenci Sayısı : 125
Çorum,Osmancık,Osmancık Bilim ve Sanat Merkezi,768327,Bilim ve Sanat Merkezi,https://osmancikbilsem.meb.k12.tr,,,https://osmancikbilsem.meb.k12.tr/tema/harita.php,2026-08-31,31,31,bulundu,https://osmancikbilsem.meb.k12.tr/,2026-10-01T19:24:06.961112+00:00,,Öğrenci Sayısı : 31
Çorum,Osmancık,Osmancık Borsa İstanbul Mesleki ve Teknik Anadolu Lisesi,905121,Mesleki ve Teknik Anadolu Lisesi,https://osmancikmetem.meb.k12.tr,,,https://osmancikmetem.meb.k12.tr/tema/harita.php,2026-08-31,499,499,bulundu,https://osmancikmetem.meb.k12.tr/,2026-10-01T19:24:06.993828+00:00,,Öğrenci Sayısı : 499
Çorum,Osmancık,Osmancık Cumhuriyet Anadolu Lisesi,139502,Anadolu Lisesi,https://osmancikcumhuriyetal.meb.k12.tr,,,https://osmancikcumhuriyetal.meb.k12.tr/tema/harita.php,2026-08-31,291,291,bulundu,https://osmancikcumhuriyetal.meb.k12.tr/tema/okulumuz_hakkinda.php,2026-10-01T19:24:07.070332+00:00,,Öğrenci : 291
Çorum,Osmancık,Osmancık Halk Eğitimi Merkezi,139563,Halk Eğitimi Merkezi,https://osmancikhem.meb.k12.tr,,,https://osmancikhem.meb.k12.tr/tema/harita.php,2026-08-31,,,bulunamadi,,2026-10-01T19:24:07.337929+00:00,,
Çorum,Osmancık,Osmancık Mesleki Eğitim Merkezi,775234,Mesleki Eğitim Merkezi,https://osmancikmesem.meb.k12.tr,,,https://osmancikmesem.meb.k12.tr/tema/harita.php,2026-08-31,238,238,bulundu,https://osmancikmesem.meb.k12.tr/,2026-10-01T19:24:07.407165+00:00,,Öğrenci Sayısı : 238
Çorum,Osmancık,Osmancık Nenehatun Özel Eğitim Uygulama Okulu III. Kademe,749106,Özel Eğitim Kurumu,https://nenehatunisokulu.meb.k12.tr,,,https://nenehatunisokulu.meb.k12.tr/tema/harita.php,2026-08-31,12,12,bulundu,https://nenehatunisokulu.meb.k12.tr/,2026-10-01T19:24:07.463120+00:00,,Öğrenci Sayısı : 12
Çorum,Osmancık,Osmancık Rehberlik ve Araştırma Merkezi,769304,Rehberlik ve Araştırma Merkezi,https://osmancikram.meb.k12.tr,,,https://osmancikram.meb.k12.tr/tema/harita.php,2026-08-31,,,bulunamadi,,2026-10-01T19:24:07.550211+00:00,,
Çorum,Osmancık,Osmancık Yatılı Bölge Ortaokulu,386337,Ortaokul,https://osmancikybo.meb.k12.tr,,,https://osmancikybo.meb.k12.tr/tema/harita.php,2026-08-31,64,64,bulundu,https://osmancikybo.meb.k12.tr/,2026-10-01T19:24:07.575243+00:00,,Öğrenci Sayısı 64
Çorum,Osmancık,Osmancık Öğretmenevi ve Akşam Sanat Okulu,971109,Öğretmenevi,https://osmancikogretmenevi.meb.k12.tr,,,https://osmancikogretmenevi.meb.k12.tr/tema/harita.php,2026-08-31,,,bulunamadi,,2026-10-01T19:24:07.614911+00:00,,
Çorum,Osmancık,Osmancık İlkokulu,767626,İlkokul,https://767626.meb.k12.tr,,,https://767626.meb.k12.tr/tema/harita.php,2026-08-31,82,82,bulundu,https://767626.meb.k12.tr/,2026-10-01T19:24:07.656821+00:00,,Öğrenci Sayısı 82
Çorum,Osmancık,Osmancık İsmail Karataş Mesleki ve Teknik Anadolu Lisesi,866909,Mesleki ve Teknik Anadolu Lisesi,https://ikmtal.meb.k12.tr,,,https://ikmtal.meb.k12.tr/tema/harita.php,2026-08-31,261,261,bulundu,https://ikmtal.meb.k12.tr/,2026-10-01T19:24:07.853003+00:00,,Öğrenci Sayısı 261
Çorum,Osmancık,Osmangazi İlkokulu,700239,İlkokul,https://osmosmangazi.meb.k12.tr,,,https://osmosmangazi.meb.k12.tr/tema/harita.php,2026-08-31,304,304,bulundu,https://osmosmangazi.meb.k12.tr/,2026-10-01T19:24:07.881536+00:00,,Öğrenci Sayısı : 304
Çorum,Osmancık,Tevfik İleri Kız Anadolu İmam Hatip Lisesi,766571,Anadolu İmam Hatip Lisesi,https://osmanciktevfikilerikaihl.meb.k12.tr,,,https://osmanciktevfikilerikaihl.meb.k12.tr/tema/harita.php,2026-08-31,271,271,bulundu,https://osmanciktevfikilerikaihl.meb.k12.tr/,2026-10-01T19:24:08.084179+00:00,,Öğrenci Sayısı : 271
Çorum,Osmancık,Yaylabaşı Ortaokulu,713911,Ortaokul,https://osmancikyaylabasiortaokulu.meb.k12.tr,,,https://osmancikyaylabasiortaokulu.meb.k12.tr/tema/harita.php,2026-08-31,40,40,bulundu,https://osmancikyaylabasiortaokulu.meb.k12.tr/,2026-10-01T19:24:08.104139+00:00,,Öğrenci Sayısı : 40
Çorum,Osmancık,Yaylabaşı İlkokulu,701655,İlkokul,https://osmancikyaylabasiilkokulu.meb.k12.tr,,,https://osmancikyaylabasiilkokulu.meb.k12.tr/tema/harita.php,2026-08-31,34,34,bulundu,https://osmancikyaylabasiilkokulu.meb.k12.tr/,2026-10-01T19:24:08.363069+00:00,,Öğrenci Sayısı: 34
Çorum,Osmancık,Yeni Danışment İlkokulu,700237,İlkokul,https://ydanisment.meb.k12.tr,,,https://ydanisment.meb.k12.tr/tema/harita.php,2026-08-31,9,9,bulundu,https://ydanisment.meb.k12.tr/,2026-10-01T19:24:08.489277+00:00,,Öğrenci Sayısı 9
Çorum,Osmancık,Öbektaş Ortaokulu,471488,Ortaokul,https://obektas.meb.k12.tr,,,https://obektas.meb.k12.tr/tema/harita.php,2026-08-31,62,62,bulundu,https://obektas.meb.k12.tr/,2026-10-01T19:24:08.515844+00:00,,Öğrenci Sayısı : 62
Çorum,Osmancık,Öbektaş İlkokulu,701646,İlkokul,https://obektasilkokul.meb.k12.tr,,,https://obektasilkokul.meb.k12.tr/tema/harita.php,2026-08-31,77,77,bulundu,https://obektasilkokul.meb.k12.tr/,2026-10-01T19:24:08.522913+00:00,,Öğrenci Sayısı : 77
Çorum,Osmancık,Ömer Derindere Fen Lisesi,971243,Fen Lisesi,https://osmancikfen.meb.k12.tr,,,https://osmancikfen.meb.k12.tr/tema/harita.php,2026-08-31,234,234,bulundu,https://osmancikfen.meb.k12.tr/,2026-10-01T19:24:08.525358+00:00,,Öğrenci Sayısı : 234
Çorum,Osmancık,İnönüzaferi İlkokulu,700240,İlkokul,https://osmancikinonuzaferi.meb.k12.tr,,,https://osmancikinonuzaferi.meb.k12.tr/tema/harita.php,2026-08-31,291,291,bulundu,https://osmancikinonuzaferi.meb.k12.tr/,2026-10-01T19:24:08.541388+00:00,,Öğrenci Sayısı 291
Çorum,Osmancık,Şehit Mustafa Ayna Anaokulu,964847,Anaokulu,https://sehitmustafaaynaanaokulu.meb.k12.tr,,,https://sehitmustafaaynaanaokulu.meb.k12.tr/tema/harita.php,2026-08-31,96,96,bulundu,https://sehitmustafaaynaanaokulu.meb.k12.tr/tema/okulumuz_hakkinda.php,2026-10-01T19:24:08.565689+00:00,,Öğrenci : 96
Çorum,Osmancık,Şehit Öğretmen Şenay Aybüke Yalçın Ortaokulu,701764,Ortaokul,https://sehitogretmensenayaybukeyalcin.meb.k12.tr,,,https://sehitogretmensenayaybukeyalcin.meb.k12.tr/tema/harita.php,2026-08-31,486,486,bulundu,https://sehitogretmensenayaybukeyalcin.meb.k12.tr/,2026-10-01T19:24:08.628398+00:00,,Öğrenci Sayısı : 486
Çorum,Oğuzlar,Cevizli İlkokulu,700207,İlkokul,https://cevizlikoyuio.meb.k12.tr,,,https://cevizlikoyuio.meb.k12.tr/tema/harita.php,2026-08-31,20,20,bulundu,https://cevizlikoyuio.meb.k12.tr/,2026-10-01T19:24:08.899326+00:00,,Öğrenci Sayısı 20
Çorum,Oğuzlar,Kayı İlkokulu,700213,İlkokul,https://kayiio.meb.k12.tr,,,https://kayiio.meb.k12.tr/tema/harita.php,2026-08-31,55,55,bulundu,https://kayiio.meb.k12.tr/,2026-10-01T19:24:09.017334+00:00,,Öğrenci Sayısı : 55
Çorum,Oğuzlar,Oğuzlar Halk Eğitimi Merkezi,351779,Halk Eğitimi Merkezi,https://oguzlarhem.meb.k12.tr,,,https://oguzlarhem.meb.k12.tr/tema/harita.php,2026-08-31,18,18,bulundu,https://oguzlarhem.meb.k12.tr/tema/okulumuz_hakkinda.php,2026-10-01T19:24:09.025365+00:00,,Öğrenci : 18
Çorum,Oğuzlar,Oğuzlar Ortaokulu,713256,Ortaokul,https://oguzlarortaokulu.meb.k12.tr,,,https://oguzlarortaokulu.meb.k12.tr/tema/harita.php,2026-08-31,96,96,bulundu,https://oguzlarortaokulu.meb.k12.tr/,2026-10-01T19:24:09.159255+00:00,,Öğrenci Sayısı : 96
Çorum,Oğuzlar,Oğuzlar Çok Programlı Anadolu Lisesi,965956,Çok Programlı Anadolu Lisesi,https://oguzlarcpl.meb.k12.tr,,,https://oguzlarcpl.meb.k12.tr/tema/harita.php,2026-08-31,93,93,bulundu,https://oguzlarcpl.meb.k12.tr/,2026-10-01T19:24:09.227057+00:00,,Öğrenci Sayısı : 93
Çorum,Oğuzlar,Oğuzlar İlkokulu,701549,İlkokul,https://oguzlarilkokulu.meb.k12.tr,,,https://oguzlarilkokulu.meb.k12.tr/tema/harita.php,2026-08-31,90,90,bulundu,https://oguzlarilkokulu.meb.k12.tr/,2026-10-01T19:24:09.480792+00:00,,Öğrenci Sayısı 90
Çorum,Oğuzlar,Oğuzlar İmam Hatip Ortaokulu,758486,İmam Hatip Ortaokulu,https://oguzlariho.meb.k12.tr,,,https://oguzlariho.meb.k12.tr/tema/harita.php,2026-08-31,43,43,bulundu,https://oguzlariho.meb.k12.tr/,2026-10-01T19:24:09.509400+00:00,,Öğrenci Sayısı : 43
Çorum,Sungurlu,Ahmet Koz Ortaokulu,714416,Ortaokul,https://sungurluahmetkozortaokulu.meb.k12.tr,,,https://sungurluahmetkozortaokulu.meb.k12.tr/tema/harita.php,2026-08-31,40,40,bulundu,https://sungurluahmetkozortaokulu.meb.k12.tr/,2026-10-01T19:24:09.582136+00:00,,Öğrenci Sayısı : 40
Çorum,Sungurlu,Ahmet Koz İlkokulu,701622,İlkokul,https://sungurluahmetkozilkokulu.meb.k12.tr,,,https://sungurluahmetkozilkokulu.meb.k12.tr/tema/harita.php,2026-08-31,40,40,bulundu,https://sungurluahmetkozilkokulu.meb.k12.tr/,2026-10-01T19:24:09.597461+00:00,,Öğrenci Sayısı 40
Çorum,Sungurlu,Arifegazili Ortaokulu,714481,Ortaokul,https://arifegaziliortaokulu.meb.k12.tr,,,https://arifegaziliortaokulu.meb.k12.tr/tema/harita.php,2026-08-31,59,59,bulundu,https://arifegaziliortaokulu.meb.k12.tr/,2026-10-01T19:24:09.735560+00:00,,Öğrenci Sayısı : 59
Çorum,Sungurlu,Arifegazili İlkokulu,238928,İlkokul,https://arifegaziliilkokulu.meb.k12.tr,,,https://arifegaziliilkokulu.meb.k12.tr/tema/harita.php,2026-08-31,60,60,bulundu,https://arifegaziliilkokulu.meb.k12.tr/,2026-10-01T19:24:09.753602+00:00,,Öğrenci Sayısı : 60
Çorum,Sungurlu,Atatürk Ortaokulu,714142,Ortaokul,https://sungurluataturkoo.meb.k12.tr,,,https://sungurluataturkoo.meb.k12.tr/tema/harita.php,2026-08-31,,,bulunamadi,,2026-10-01T19:24:09.910568+00:00,,
Çorum,Sungurlu,Atatürk İlkokulu,701598,İlkokul,https://sungurluataturkio.meb.k12.tr,,,https://sungurluataturkio.meb.k12.tr/tema/harita.php,2026-08-31,196,196,bulundu,https://sungurluataturkio.meb.k12.tr/,2026-10-01T19:24:09.969257+00:00,,Öğrenci Sayısı : 196
Çorum,Sungurlu,Aşağı Fındıklı Ortaokulu,714568,Ortaokul,https://sungurluafindiklioo.meb.k12.tr,,,https://sungurluafindiklioo.meb.k12.tr/tema/harita.php,2026-08-31,38,38,bulundu,https://sungurluafindiklioo.meb.k12.tr/,2026-10-01T19:24:10.024871+00:00,,Öğrenci Sayısı : 38
Çorum,Sungurlu,Aşağı Fındıklı İlkokulu,701688,İlkokul,https://sungurluafindikliio.meb.k12.tr,,,https://sungurluafindikliio.meb.k12.tr/tema/harita.php,2026-08-31,53,53,bulundu,https://sungurluafindikliio.meb.k12.tr/,2026-10-01T19:24:10.035112+00:00,,Öğrenci Sayısı 53
Çorum,Sungurlu,Beşkız İlkokulu,472002,İlkokul,https://beskiz.meb.k12.tr,,,https://beskiz.meb.k12.tr/tema/harita.php,2026-08-31,10,10,bulundu,https://beskiz.meb.k12.tr/,2026-10-01T19:24:10.057804+00:00,,Öğrenci Sayısı : 10
Çorum,Sungurlu,Bölükbaşıoğlu Özel Eğitim Uygulama Okulu I. Kademe,747065,Özel Eğitim Kurumu,https://bolukbasiogluegitimuygulama.meb.k12.tr,,,https://bolukbasiogluegitimuygulama.meb.k12.tr/tema/harita.php,2026-08-31,12,12,bulundu,https://bolukbasiogluegitimuygulama.meb.k12.tr/,2026-10-01T19:24:10.111230+00:00,,Öğrenci Sayısı 12
Çorum,Sungurlu,Bölükbaşıoğlu Özel Eğitim Uygulama Okulu II. Kademe,747408,Özel Eğitim Kurumu,https://bolukbasiogluegitimuygulamaokulu.meb.k12.tr,,,https://bolukbasiogluegitimuygulamaokulu.meb.k12.tr/tema/harita.php,2026-08-31,6,6,bulundu,https://bolukbasiogluegitimuygulamaokulu.meb.k12.tr/,2026-10-01T19:24:10.423268+00:00,,Öğrenci Sayısı 6
Çorum,Sungurlu,Bölükbaşıoğlu Özel Eğitim Uygulama Okulu III. Kademe,748036,Özel Eğitim Kurumu,https://bolukbasiogluisegitimmerkezi.meb.k12.tr,,,https://bolukbasiogluisegitimmerkezi.meb.k12.tr/tema/harita.php,2026-08-31,17,17,bulundu,https://bolukbasiogluisegitimmerkezi.meb.k12.tr/,2026-10-01T19:24:10.450386+00:00,,Öğrenci Sayısı 17
Çorum,Sungurlu,Cumhuriyet İlkokulu,703249,İlkokul,https://sungurlucumhuriyetio.meb.k12.tr,,,https://sungurlucumhuriyetio.meb.k12.tr/tema/harita.php,2026-08-31,74,74,bulundu,https://sungurlucumhuriyetio.meb.k12.tr/,2026-10-01T19:24:10.497779+00:00,,Öğrenci Sayısı 74
Çorum,Sungurlu,Demirşeyh Ortaokulu,714450,Ortaokul,https://demirseyhortaokulu.meb.k12.tr,,,https://demirseyhortaokulu.meb.k12.tr/tema/harita.php,2026-08-31,,,bulunamadi,,2026-10-01T19:24:10.513574+00:00,,
Çorum,Sungurlu,Demirşeyh İlkokulu,288443,İlkokul,https://demirseyhio.meb.k12.tr,,,https://demirseyhio.meb.k12.tr/tema/harita.php,2026-08-31,,,bulunamadi,,2026-10-01T19:24:10.567537+00:00,,
Çorum,Sungurlu,Dr.Sedat- Dr.Melahat Baran Ortaokulu,966343,Ortaokul,https://drsmbaran.meb.k12.tr,,,https://drsmbaran.meb.k12.tr/tema/harita.php,2026-08-31,186,186,bulundu,https://drsmbaran.meb.k12.tr/,2026-10-01T19:24:10.770110+00:00,,Öğrenci Sayısı : 186
Çorum,Sungurlu,Eşme İlkokulu,701605,İlkokul,https://emeilkokuluortaokulu.meb.k12.tr,,,https://emeilkokuluortaokulu.meb.k12.tr/tema/harita.php,2026-08-31,22,22,bulundu,https://emeilkokuluortaokulu.meb.k12.tr/,2026-10-01T19:24:10.913923+00:00,,Öğrenci Sayısı: 22
Çorum,Sungurlu,Fatih Ortaokulu,700246,Ortaokul,https://sungurlufatihortaokulu.meb.k12.tr,,,https://sungurlufatihortaokulu.meb.k12.tr/tema/harita.php,2026-08-31,463,463,bulundu,https://sungurlufatihortaokulu.meb.k12.tr/,2026-10-01T19:24:10.932625+00:00,,Öğrenci Sayısı 463
Çorum,Sungurlu,Fevzi Çakmak İlkokulu,304145,İlkokul,https://sungurlufevzicakmak.meb.k12.tr,,,https://sungurlufevzicakmak.meb.k12.tr/tema/harita.php,2026-08-31,119,119,bulundu,https://sungurlufevzicakmak.meb.k12.tr/,2026-10-01T19:24:11.055583+00:00,,Öğrenci Sayısı : 119
Çorum,Sungurlu,Habib Güleser Öztaş İlkokulu,700327,İlkokul,https://habibguleseroztas.meb.k12.tr,,,https://habibguleseroztas.meb.k12.tr/tema/harita.php,2026-08-31,112,112,bulundu,https://habibguleseroztas.meb.k12.tr/tema/okulumuz_hakkinda.php,2026-10-01T19:24:11.079058+00:00,,Öğrenci : 112
Çorum,Sungurlu,Haydar Öztaş Anadolu Lisesi,264487,Anadolu Lisesi,https://hoztas.meb.k12.tr,,,https://hoztas.meb.k12.tr/tema/harita.php,2026-08-31,279,279,bulundu,https://hoztas.meb.k12.tr/,2026-10-01T19:24:11.130392+00:00,,Öğrenci Sayısı : 279
Çorum,Sungurlu,Hürriyet Ortaokulu,700249,Ortaokul,https://sungurluhurriyet.meb.k12.tr,,,https://sungurluhurriyet.meb.k12.tr/tema/harita.php,2026-08-31,78,78,bulundu,https://sungurluhurriyet.meb.k12.tr/,2026-10-01T19:24:11.140022+00:00,,Öğrenci Sayısı : 78
Çorum,Sungurlu,KALEDERE İLKOKULU,752201,İlkokul,https://kaledereilkokulu.meb.k12.tr,,,https://kaledereilkokulu.meb.k12.tr/tema/harita.php,2026-08-31,36,36,bulundu,https://kaledereilkokulu.meb.k12.tr/,2026-10-01T19:24:11.189670+00:00,,Öğrenci Sayısı 36
Çorum,Sungurlu,Kaledere Şehit Bayram Kesekler Ortaokulu,747655,Ortaokul,https://kaledereortaokulu.meb.k12.tr,,,https://kaledereortaokulu.meb.k12.tr/tema/harita.php,2026-08-31,28,28,bulundu,https://kaledereortaokulu.meb.k12.tr/,2026-10-01T19:24:11.191976+00:00,,Öğrenci Sayısı 28
Çorum,Sungurlu,Kavşut Şehit Kerem Beksiz Ortaokulu,714435,Ortaokul,https://sungurlukavsutortaokulu.meb.k12.tr,,,https://sungurlukavsutortaokulu.meb.k12.tr/tema/harita.php,2026-08-31,50,50,bulundu,https://sungurlukavsutortaokulu.meb.k12.tr/,2026-10-01T19:24:11.400677+00:00,,Öğrenci Sayısı 50
Çorum,Sungurlu,Kavşut Şehit Kerem Beksiz İlkokulu,701640,İlkokul,https://sungurlukavsutilkokulu.meb.k12.tr,,,https://sungurlukavsutilkokulu.meb.k12.tr/tema/harita.php,2026-08-31,,,bulunamadi,,2026-10-01T19:24:11.502681+00:00,,
Çorum,Sungurlu,Mehmetçik Ortaokulu,767297,Ortaokul,https://sungurlumehmetcikortaokulu.meb.k12.tr,,,https://sungurlumehmetcikortaokulu.meb.k12.tr/tema/harita.php,2026-08-31,,,bulunamadi,,2026-10-01T19:24:11.515831+00:00,,
Çorum,Sungurlu,Mehmetçik İlkokulu,703297,İlkokul,https://sungurlumehmetcik.meb.k12.tr,,,https://sungurlumehmetcik.meb.k12.tr/tema/harita.php,2026-08-31,,,bulunamadi,,2026-10-01T19:24:11.535081+00:00,,
Çorum,Sungurlu,Memiş Bekmezci Ortaokulu,722584,Ortaokul,https://mmbekmezciortaokulu.meb.k12.tr,,,https://mmbekmezciortaokulu.meb.k12.tr/tema/harita.php,2026-08-31,,,bulunamadi,,2026-10-01T19:24:11.656823+00:00,,
Çorum,Sungurlu,Mustafa Kemal Ortaokulu,769380,Ortaokul,https://mustafakmloo.meb.k12.tr,,,https://mustafakmloo.meb.k12.tr/tema/harita.php,2026-08-31,61,61,bulundu,https://mustafakmloo.meb.k12.tr/,2026-10-01T19:24:11.675496+00:00,,Öğrenci Sayısı : 61
Çorum,Sungurlu,Mustafa Kemal İlkokulu,700317,İlkokul,https://mustafakmlio.meb.k12.tr,,,https://mustafakmlio.meb.k12.tr/tema/harita.php,2026-08-31,198,198,bulundu,https://mustafakmlio.meb.k12.tr/,2026-10-01T19:24:11.724302+00:00,,Öğrenci Sayısı : 198
Çorum,Sungurlu,Sungurlu Anadolu Lisesi,139695,Anadolu Lisesi,https://sungurluanadolulisesi.meb.k12.tr,,,https://sungurluanadolulisesi.meb.k12.tr/tema/harita.php,2026-08-31,272,272,bulundu,https://sungurluanadolulisesi.meb.k12.tr/tema/okulumuz_hakkinda.php,2026-10-01T19:24:11.749904+00:00,,Öğrenci : 272
Çorum,Sungurlu,Sungurlu Bilim ve Sanat Merkezi,769270,Bilim ve Sanat Merkezi,https://sungurlubilsem.meb.k12.tr,,,https://sungurlubilsem.meb.k12.tr/tema/harita.php,2026-08-31,39,39,bulundu,https://sungurlubilsem.meb.k12.tr/,2026-10-01T19:24:12.012258+00:00,,Öğrenci Sayısı : 39
Çorum,Sungurlu,Sungurlu Fen Lisesi,967434,Fen Lisesi,https://sungurlufenlisesi.meb.k12.tr,,,https://sungurlufenlisesi.meb.k12.tr/tema/harita.php,2026-08-31,290,290,bulundu,https://sungurlufenlisesi.meb.k12.tr/,2026-10-01T19:24:12.023410+00:00,,Öğrenci Sayısı : 290
Çorum,Sungurlu,Sungurlu Halk Eğitimi Merkezi,139742,Halk Eğitimi Merkezi,https://sungurluhem.meb.k12.tr,,,https://sungurluhem.meb.k12.tr/tema/harita.php,2026-08-31,,,bulunamadi,,2026-10-01T19:24:12.147869+00:00,,
Çorum,Sungurlu,Sungurlu Kağıt Anaokulu,777158,Anaokulu,https://777158.meb.k12.tr,,,https://777158.meb.k12.tr/tema/harita.php,2026-08-31,,,bulunamadi,,2026-10-01T19:24:12.312249+00:00,,
Çorum,Sungurlu,Sungurlu Mesleki Eğitim Merkezi,308167,Mesleki Eğitim Merkezi,https://sungurlumesem.meb.k12.tr,,,https://sungurlumesem.meb.k12.tr/tema/harita.php,2026-08-31,156,156,bulundu,https://sungurlumesem.meb.k12.tr/tema/okulumuz_hakkinda.php,2026-10-01T19:24:12.408292+00:00,,Öğrenci : 156
Çorum,Sungurlu,Sungurlu Mesleki ve Teknik Anadolu Lisesi,139705,Mesleki ve Teknik Anadolu Lisesi,https://sungurlumtal.meb.k12.tr,,,https://sungurlumtal.meb.k12.tr/tema/harita.php,2026-08-31,367,367,bulundu,https://sungurlumtal.meb.k12.tr/,2026-10-01T19:24:12.447378+00:00,,Öğrenci Sayısı : 367
Çorum,Sungurlu,Sungurlu Rehberlik ve Araştırma Merkezi,964948,Rehberlik ve Araştırma Merkezi,https://sungurluram.meb.k12.tr,,,https://sungurluram.meb.k12.tr/tema/harita.php,2026-08-31,,,bulunamadi,,2026-10-01T19:24:12.493637+00:00,,
Çorum,Sungurlu,Sungurlu TOKİ Kız Mesleki ve Teknik Anadolu Lisesi,139717,Mesleki ve Teknik Anadolu Lisesi,https://sungurlukml.meb.k12.tr,,,https://sungurlukml.meb.k12.tr/tema/harita.php,2026-08-31,138,138,bulundu,https://sungurlukml.meb.k12.tr/,2026-10-01T19:24:12.510094+00:00,,Öğrenci Sayısı 138
Çorum,Sungurlu,Sungurlu Ticaret Mesleki ve Teknik Anadolu Lisesi,139729,Mesleki ve Teknik Anadolu Lisesi,https://sungurluticaretmeslek.meb.k12.tr,,,https://sungurluticaretmeslek.meb.k12.tr/tema/harita.php,2026-08-31,171,171,bulundu,https://sungurluticaretmeslek.meb.k12.tr/tema/okulumuz_hakkinda.php,2026-10-01T19:24:12.594815+00:00,,Öğrenci : 171
Çorum,Sungurlu,Sungurlu Öğretmenevi ve Akşam Sanat Okulu,971110,Öğretmenevi,https://sungurluogretmeneviveaso.meb.k12.tr,,,https://sungurluogretmeneviveaso.meb.k12.tr/tema/harita.php,2026-08-31,,,bulunamadi,,2026-10-01T19:24:12.906273+00:00,,
Çorum,Sungurlu,Sungurlu İmam Hatip Ortaokulu,714391,İmam Hatip Ortaokulu,https://sungurluiho.meb.k12.tr,,,https://sungurluiho.meb.k12.tr/tema/harita.php,2026-08-31,331,331,bulundu,https://sungurluiho.meb.k12.tr/,2026-10-01T19:24:12.978490+00:00,,Öğrenci Sayısı : 331
Çorum,Sungurlu,Sunguroğlu İlkokulu,703241,İlkokul,https://sungurogluilkokulu.meb.k12.tr,,,https://sungurogluilkokulu.meb.k12.tr/tema/harita.php,2026-08-31,261,261,bulundu,https://sungurogluilkokulu.meb.k12.tr/,2026-10-01T19:24:13.053260+00:00,,Öğrenci Sayısı : 261
Çorum,Sungurlu,TOKİ Mehmet Akif İlkokulu,749706,İlkokul,https://sungurlutokimai.meb.k12.tr,,,https://sungurlutokimai.meb.k12.tr/tema/harita.php,2026-08-31,,,bulunamadi,,2026-10-01T19:24:13.108224+00:00,,
Çorum,Sungurlu,TOKİ Necip Fazıl Ortaokulu,749705,Ortaokul,https://sungurlutokinfo.meb.k12.tr,,,https://sungurlutokinfo.meb.k12.tr/tema/harita.php,2026-08-31,80,80,bulundu,https://sungurlutokinfo.meb.k12.tr/,2026-10-01T19:24:13.127041+00:00,,Öğrenci Sayısı : 80
Çorum,Sungurlu,Yavuz Selim İlkokulu,258075,İlkokul,https://yselim.meb.k12.tr,,,https://yselim.meb.k12.tr/tema/harita.php,2026-08-31,502,502,bulundu,https://yselim.meb.k12.tr/,2026-10-01T19:24:13.132598+00:00,,Öğrenci Sayısı : 502
Çorum,Sungurlu,Çiçekli İlkokulu,700268,İlkokul,https://sungurlucicekliilkokulu.meb.k12.tr,,,https://sungurlucicekliilkokulu.meb.k12.tr/tema/harita.php,2026-08-31,4,4,bulundu,https://sungurlucicekliilkokulu.meb.k12.tr/,2026-10-01T19:24:13.195723+00:00,,Öğrenci Sayısı: 4
Çorum,Sungurlu,İsmetpaşa Ortaokulu,714411,Ortaokul,https://sungurluismetpasaortaokulu.meb.k12.tr,,,https://sungurluismetpasaortaokulu.meb.k12.tr/tema/harita.php,2026-08-31,289,289,bulundu,https://sungurluismetpasaortaokulu.meb.k12.tr/,2026-10-01T19:24:13.198840+00:00,,Öğrenci Sayısı : 289
Çorum,Sungurlu,İsmetpaşa İlkokulu,701610,İlkokul,https://sungurluismetpasailkokulu.meb.k12.tr,,,https://sungurluismetpasailkokulu.meb.k12.tr/tema/harita.php,2026-08-31,298,298,bulundu,https://sungurluismetpasailkokulu.meb.k12.tr/,2026-10-01T19:24:13.230525+00:00,,Öğrenci Sayısı : 298
Çorum,Sungurlu,ŞEHİT MAHMUT PEŞMEN İLKOKULU,751161,İlkokul,https://smpesmenilkokulu.meb.k12.tr,,,https://smpesmenilkokulu.meb.k12.tr/tema/harita.php,2026-08-31,77,77,bulundu,https://smpesmenilkokulu.meb.k12.tr/tema/okulumuz_hakkinda.php,2026-10-01T19:24:13.366081+00:00,,Öğrenci : 77
Çorum,Sungurlu,ŞEHİT MAHMUT PEŞMEN İMAM HATİP ORTAOKULU,760374,İmam Hatip Ortaokulu,https://smpesmeniho.meb.k12.tr,,,https://smpesmeniho.meb.k12.tr/tema/harita.php,2026-08-31,23,23,bulundu,https://smpesmeniho.meb.k12.tr/tema/okulumuz_hakkinda.php,2026-10-01T19:24:13.577133+00:00,,Öğrenci : 23
Çorum,Sungurlu,Şehit Akif Kapaklı Mesleki ve Teknik Anadolu Lisesi,962936,Mesleki ve Teknik Anadolu Lisesi,https://sungurluasml.meb.k12.tr,,,https://sungurluasml.meb.k12.tr/tema/harita.php,2026-08-31,130,130,bulundu,https://sungurluasml.meb.k12.tr/,2026-10-01T19:24:13.587228+00:00,,Öğrenci Sayısı : 130
Çorum,Sungurlu,Şehit Ali Alıtkan Anadolu İmam Hatip Lisesi,139730,Anadolu İmam Hatip Lisesi,https://sungurluihl.meb.k12.tr,,,https://sungurluihl.meb.k12.tr/tema/harita.php,2026-08-31,152,152,bulundu,https://sungurluihl.meb.k12.tr/tema/okulumuz_hakkinda.php,2026-10-01T19:24:13.715478+00:00,,Öğrenci : 152
Çorum,Sungurlu,Şehit Mahmut Peşmen Ortaokulu,752142,Ortaokul,https://smpesmenortaokulu.meb.k12.tr,,,https://smpesmenortaokulu.meb.k12.tr/tema/harita.php,2026-08-31,92,92,bulundu,https://smpesmenortaokulu.meb.k12.tr/tema/okulumuz_hakkinda.php,2026-10-01T19:24:13.961174+00:00,,Öğrenci : 92
Çorum,Sungurlu,Şehit Yasin Keyvanoğlu Anaokulu,970475,Anaokulu,https://sehityasinkeyvanoglu.meb.k12.tr,,,https://sehityasinkeyvanoglu.meb.k12.tr/tema/harita.php,2026-08-31,153,153,bulundu,https://sehityasinkeyvanoglu.meb.k12.tr/,2026-10-01T19:24:13.961908+00:00,,Öğrenci Sayısı: 153
Çorum,Sungurlu,Şehit Yavuz Selim Karaman İmam Hatip Ortaokulu,763620,İmam Hatip Ortaokulu,https://sehityskhafiziho.meb.k12.tr,,,https://sehityskhafiziho.meb.k12.tr/tema/harita.php,2026-08-31,132,132,bulundu,https://sehityskhafiziho.meb.k12.tr/,2026-10-01T19:24:14.047473+00:00,,Öğrenci Sayısı : 132
Çorum,Sungurlu,Şh.İlhan Çaylan Anaokulu,818093,Anaokulu,https://sicaylanao.meb.k12.tr,,,https://sicaylanao.meb.k12.tr/tema/harita.php,2026-08-31,94,94,bulundu,https://sicaylanao.meb.k12.tr/,2026-10-01T19:24:14.050867+00:00,,Öğrenci Sayısı: 94
Çorum,Uğurludağ,Atatürk İlkokulu,703157,İlkokul,https://atatrkio.meb.k12.tr,,,https://atatrkio.meb.k12.tr/tema/harita.php,2026-08-31,206,206,bulundu,https://atatrkio.meb.k12.tr/,2026-10-01T19:24:14.052725+00:00,,Öğrenci Sayısı 206
Çorum,Uğurludağ,Eskiçeltek İlkokulu,703131,İlkokul,https://eskiceltekio.meb.k12.tr,,,https://eskiceltekio.meb.k12.tr/tema/harita.php,2026-08-31,24,24,bulundu,https://eskiceltekio.meb.k12.tr/,2026-10-01T19:24:14.429755+00:00,,Öğrenci Sayısı: 24
Çorum,Uğurludağ,Uğurludağ Halk Eğitimi Merkezi,225599,Halk Eğitimi Merkezi,https://ugurludaghem.meb.k12.tr,,,https://ugurludaghem.meb.k12.tr/tema/harita.php,2026-08-31,,,bulunamadi,,2026-10-01T19:24:14.595219+00:00,,
Çorum,Uğurludağ,Uğurludağ Ortaokulu,253309,Ortaokul,https://ugurludag.meb.k12.tr,,,https://ugurludag.meb.k12.tr/tema/harita.php,2026-08-31,148,148,bulundu,https://ugurludag.meb.k12.tr/,2026-10-01T19:24:14.700923+00:00,,Öğrenci Sayısı : 148
Çorum,Uğurludağ,Uğurludağ Çok Programlı Anadolu Lisesi,973395,Çok Programlı Anadolu Lisesi,https://ugurludagcpl.meb.k12.tr,,,https://ugurludagcpl.meb.k12.tr/tema/harita.php,2026-08-31,85,85,bulundu,https://ugurludagcpl.meb.k12.tr/,2026-10-01T19:24:14.766816+00:00,,Öğrenci Sayısı 85
Çorum,Uğurludağ,Uğurludağ İmam Hatip Ortaokulu,736623,İmam Hatip Ortaokulu,https://ugurludagimamhatiportaokulu.meb.k12.tr,,,https://ugurludagimamhatiportaokulu.meb.k12.tr/tema/harita.php,2026-08-31,,,bulunamadi,,2026-10-01T19:24:14.787128+00:00,,
Çorum,İskilip,Akşemseddin Anadolu Lisesi,139168,Anadolu Lisesi,https://aksemseddinanadolu.meb.k12.tr,,,https://aksemseddinanadolu.meb.k12.tr/tema/harita.php,2026-08-31,,,bulunamadi,,2026-10-01T19:24:14.895372+00:00,,
Çorum,İskilip,Asarcık Kozveren İlkokulu,975402,İlkokul,https://asarcikkozveren.meb.k12.tr,,,https://asarcikkozveren.meb.k12.tr/tema/harita.php,2026-08-31,8,8,bulundu,https://asarcikkozveren.meb.k12.tr/,2026-10-01T19:24:15.045283+00:00,,Öğrenci Sayısı: 8
Çorum,İskilip,Atatürk Ortaokulu,708491,Ortaokul,https://iskilipataturkoo.meb.k12.tr,,,https://iskilipataturkoo.meb.k12.tr/tema/harita.php,2026-08-31,170,170,bulundu,https://iskilipataturkoo.meb.k12.tr/,2026-10-01T19:24:15.195421+00:00,,Öğrenci Sayısı 170
Çorum,İskilip,Atatürk İlkokulu,701453,İlkokul,https://iskilipataturkio.meb.k12.tr,,,https://iskilipataturkio.meb.k12.tr/tema/harita.php,2026-08-31,143,143,bulundu,https://iskilipataturkio.meb.k12.tr/,2026-10-01T19:24:15.212815+00:00,,Öğrenci Sayısı 143
Çorum,İskilip,Azmimilli Ortaokulu,441263,Ortaokul,https://iskilipazmimilli.meb.k12.tr,,,https://iskilipazmimilli.meb.k12.tr/tema/harita.php,2026-08-31,273,273,bulundu,https://iskilipazmimilli.meb.k12.tr/,2026-10-01T19:24:15.267968+00:00,,Öğrenci Sayısı : 273
Çorum,İskilip,Azmimilli İlkokulu,701462,İlkokul,https://azmimilliio.meb.k12.tr,,,https://azmimilliio.meb.k12.tr/tema/harita.php,2026-08-31,189,189,bulundu,https://azmimilliio.meb.k12.tr/,2026-10-01T19:24:15.301563+00:00,,Öğrenci Sayısı : 189
Çorum,İskilip,Aşağıörenseki Ortaokulu,708870,Ortaokul,https://asagiorensekiortaokulu.meb.k12.tr,,,https://asagiorensekiortaokulu.meb.k12.tr/tema/harita.php,2026-08-31,40,40,bulundu,https://asagiorensekiortaokulu.meb.k12.tr/,2026-10-01T19:24:15.676835+00:00,,Öğrenci Sayısı 40
Çorum,İskilip,Aşağıörenseki İlkokulu,701513,İlkokul,https://asagiorensekiilkokulu.meb.k12.tr,,,https://asagiorensekiilkokulu.meb.k12.tr/tema/harita.php,2026-08-31,21,21,bulundu,https://asagiorensekiilkokulu.meb.k12.tr/,2026-10-01T19:24:15.691251+00:00,,Öğrenci Sayısı: 21
Çorum,İskilip,Danışmend Fen Lisesi,972462,Fen Lisesi,https://iskilipdanismendfenlisesi.meb.k12.tr,,,https://iskilipdanismendfenlisesi.meb.k12.tr/tema/harita.php,2026-08-31,196,196,bulundu,https://iskilipdanismendfenlisesi.meb.k12.tr/,2026-10-01T19:24:15.706825+00:00,,Öğrenci Sayısı 196
Çorum,İskilip,Ebussuud Efendi İlkokulu,975418,İlkokul,https://ebussuud.meb.k12.tr,,,https://ebussuud.meb.k12.tr/tema/harita.php,2026-08-31,119,119,bulundu,https://ebussuud.meb.k12.tr/,2026-10-01T19:24:16.037198+00:00,,Öğrenci Sayısı 119
Çorum,İskilip,Ebusuud Efendi Ortaokulu,759162,Ortaokul,https://iskilipebussuud.meb.k12.tr,,,https://iskilipebussuud.meb.k12.tr/tema/harita.php,2026-08-31,140,140,bulundu,https://iskilipebussuud.meb.k12.tr/,2026-10-01T19:24:16.101263+00:00,,Öğrenci Sayısı : 140
Çorum,İskilip,Erenler Cumhuriyet Ortaokulu,748193,Ortaokul,https://ieco.meb.k12.tr,,,https://ieco.meb.k12.tr/tema/harita.php,2026-08-31,216,216,bulundu,https://ieco.meb.k12.tr/tema/okulumuz_hakkinda.php,2026-10-01T19:24:16.119961+00:00,,Öğrenci : 216
Çorum,İskilip,Hacı İsmail Kavlu Kız Anadolu İmam Hatip Lisesi,759653,Anadolu İmam Hatip Lisesi,https://iskiliphikkaihl.meb.k12.tr,,,https://iskiliphikkaihl.meb.k12.tr/tema/harita.php,2026-08-31,63,63,bulundu,https://iskiliphikkaihl.meb.k12.tr/,2026-10-01T19:24:16.124842+00:00,,Öğrenci Sayısı 63
Çorum,İskilip,Karaburun İlkokulu,769382,İlkokul,https://769382.meb.k12.tr,,,https://769382.meb.k12.tr/tema/harita.php,2026-08-31,10,10,bulundu,https://769382.meb.k12.tr/,2026-10-01T19:24:16.262796+00:00,,Öğrenci Sayısı: 10
Çorum,İskilip,Kuzköy Ortaokulu,767295,Ortaokul,https://kuzkoyortaokulu.meb.k12.tr,,,https://kuzkoyortaokulu.meb.k12.tr/tema/harita.php,2026-08-31,90,90,bulundu,https://kuzkoyortaokulu.meb.k12.tr/,2026-10-01T19:24:16.580418+00:00,,Öğrenci Sayısı 90
Çorum,İskilip,Kuzköy İlkokulu,701487,İlkokul,https://kuzkoyilkokulu.meb.k12.tr,,,https://kuzkoyilkokulu.meb.k12.tr/tema/harita.php,2026-08-31,54,54,bulundu,https://kuzkoyilkokulu.meb.k12.tr/,2026-10-01T19:24:16.702388+00:00,,Öğrenci Sayısı 54
Çorum,İskilip,Meydan Anaokulu,776736,Anaokulu,https://meydananaokulu.meb.k12.tr,,,https://meydananaokulu.meb.k12.tr/tema/harita.php,2026-08-31,113,113,bulundu,https://meydananaokulu.meb.k12.tr/,2026-10-01T19:24:16.776938+00:00,,Öğrenci Sayısı: 113
Çorum,İskilip,Misakımilli İlkokulu,975423,İlkokul,https://iskilipmisakimilliilkokulu.meb.k12.tr,,,https://iskilipmisakimilliilkokulu.meb.k12.tr/tema/harita.php,2026-08-31,307,307,bulundu,https://iskilipmisakimilliilkokulu.meb.k12.tr/,2026-10-01T19:24:16.804599+00:00,,Öğrenci Sayısı 307
Çorum,İskilip,Paşaçayırı Fatih Ortaokulu,708771,Ortaokul,https://pfatihortaokulu.meb.k12.tr,,,https://pfatihortaokulu.meb.k12.tr/tema/harita.php,2026-08-31,29,29,bulundu,https://pfatihortaokulu.meb.k12.tr/,2026-10-01T19:24:16.835802+00:00,,Öğrenci Sayısı : 29
Çorum,İskilip,Paşaçayırı Fatih İlkokulu,701501,İlkokul,https://pfatihilkokulu.meb.k12.tr,,,https://pfatihilkokulu.meb.k12.tr/tema/harita.php,2026-08-31,33,33,bulundu,https://pfatihilkokulu.meb.k12.tr/,2026-10-01T19:24:16.891322+00:00,,Öğrenci Sayısı : 33
Çorum,İskilip,Sakarya İlkokulu,441310,İlkokul,https://iskilipsakarya.meb.k12.tr,,,https://iskilipsakarya.meb.k12.tr/tema/harita.php,2026-08-31,79,79,bulundu,https://iskilipsakarya.meb.k12.tr/,2026-10-01T19:24:16.901940+00:00,,Öğrenci Sayısı : 79
Çorum,İskilip,Sorgun İlkokulu,975447,İlkokul,https://iskilipsorgunilkokulu.meb.k12.tr,,,https://iskilipsorgunilkokulu.meb.k12.tr/tema/harita.php,2026-08-31,24,24,bulundu,https://iskilipsorgunilkokulu.meb.k12.tr/,2026-10-01T19:24:16.930620+00:00,,Öğrenci Sayısı 24
Çorum,İskilip,Yavu Ahmet Hamid Çağıl Ortaokulu,441238,Ortaokul,https://yavu.meb.k12.tr,,,https://yavu.meb.k12.tr/tema/harita.php,2026-08-31,41,41,bulundu,https://yavu.meb.k12.tr/,2026-10-01T19:24:17.054479+00:00,,Öğrenci Sayısı : 41
Çorum,İskilip,Yavu Ahmet Hamid Çağıl İlkokulu,701522,İlkokul,https://701522.meb.k12.tr,,,https://701522.meb.k12.tr/tema/harita.php,2026-08-31,19,19,bulundu,https://701522.meb.k12.tr/,2026-10-01T19:24:17.072979+00:00,,Öğrenci Sayısı: 19
Çorum,İskilip,Yerliköy İlkokulu,975451,İlkokul,https://yerlikoybsio.meb.k12.tr,,,https://yerlikoybsio.meb.k12.tr/tema/harita.php,2026-08-31,10,10,bulundu,https://yerlikoybsio.meb.k12.tr/,2026-10-01T19:24:17.142786+00:00,,Öğrenci Sayısı 10
Çorum,İskilip,Yukarıörenseki İlkokulu,701509,İlkokul,https://yukariorensekiilkokulu.meb.k12.tr,,,https://yukariorensekiilkokulu.meb.k12.tr/tema/harita.php,2026-08-31,24,24,bulundu,https://yukariorensekiilkokulu.meb.k12.tr/,2026-10-01T19:24:17.254023+00:00,,Öğrenci Sayısı : 24
Çorum,İskilip,Çukurköy İlkokulu,975411,İlkokul,https://iskilipcukurkoy.meb.k12.tr,,,https://iskilipcukurkoy.meb.k12.tr/tema/harita.php,2026-08-31,18,18,bulundu,https://iskilipcukurkoy.meb.k12.tr/,2026-10-01T19:24:17.540758+00:00,,Öğrenci Sayısı: 18
Çorum,İskilip,İskilip Anadolu Lisesi,964248,Anadolu Lisesi,https://iskal.meb.k12.tr,,,https://iskal.meb.k12.tr/tema/harita.php,2026-08-31,159,159,bulundu,https://iskal.meb.k12.tr/tema/okulumuz_hakkinda.php,2026-10-01T19:24:17.652691+00:00,,Öğrenci : 159
Çorum,İskilip,İskilip Anadolu İmam Hatip Lisesi,139203,Anadolu İmam Hatip Lisesi,https://iskilipanadoluihl.meb.k12.tr,,,https://iskilipanadoluihl.meb.k12.tr/tema/harita.php,2026-08-31,111,111,bulundu,https://iskilipanadoluihl.meb.k12.tr/,2026-10-01T19:24:17.695687+00:00,,Öğrenci Sayısı : 111
Çorum,İskilip,İskilip Anaokulu,873705,Anaokulu,https://iskilipanaokulu.meb.k12.tr,,,https://iskilipanaokulu.meb.k12.tr/tema/harita.php,2026-08-31,91,91,bulundu,https://iskilipanaokulu.meb.k12.tr/,2026-10-01T19:24:17.760835+00:00,,Öğrenci Sayısı: 91
Çorum,İskilip,İskilip Mesleki Eğitim Merkezi,374945,Mesleki Eğitim Merkezi,https://iskilipmesem.meb.k12.tr,,,https://iskilipmesem.meb.k12.tr/tema/harita.php,2026-08-31,136,136,bulundu,https://iskilipmesem.meb.k12.tr/,2026-10-01T19:24:17.792689+00:00,,Öğrenci Sayısı : 136
Çorum,İskilip,İskilip Mesleki ve Teknik Anadolu Lisesi,139181,Mesleki ve Teknik Anadolu Lisesi,https://iskilipeml.meb.k12.tr,,,https://iskilipeml.meb.k12.tr/tema/harita.php,2026-08-31,182,182,bulundu,https://iskilipeml.meb.k12.tr/,2026-10-01T19:24:17.865754+00:00,,Öğrenci Sayısı 182
Çorum,İskilip,İskilip Metin Alkan Halk Eğitimi Merkezi,139215,Halk Eğitimi Merkezi,https://iskiliphalkegitim.meb.k12.tr,,,https://iskiliphalkegitim.meb.k12.tr/tema/harita.php,2026-08-31,,,bulunamadi,,2026-10-01T19:24:17.890413+00:00,,
Çorum,İskilip,İskilip Sultan Hatun Kız Mesleki ve Teknik Anadolu Lisesi,139193,Mesleki ve Teknik Anadolu Lisesi,https://ishmtal.meb.k12.tr,,,https://ishmtal.meb.k12.tr/tema/harita.php,2026-08-31,97,97,bulundu,https://ishmtal.meb.k12.tr/,2026-10-01T19:24:18.063237+00:00,,Öğrenci Sayısı 97
Çorum,İskilip,İskilip Özel Eğitim Uygulama Okulu I. Kademe,768689,Özel Eğitim Kurumu,https://768689.meb.k12.tr,,,https://768689.meb.k12.tr/tema/harita.php,2026-08-31,11,11,bulundu,https://768689.meb.k12.tr/,2026-10-01T19:24:18.267043+00:00,,Öğrenci Sayısı : 11
Çorum,İskilip,İskilip Özel Eğitim Uygulama Okulu II. Kademe,768690,Özel Eğitim Kurumu,https://768690.meb.k12.tr,,,https://768690.meb.k12.tr/tema/harita.php,2026-08-31,3,3,bulundu,https://768690.meb.k12.tr/,2026-10-01T19:24:18.391447+00:00,,Öğrenci Sayısı : 3
Çorum,İskilip,İskilip Öğretmenevi ve Akşam Sanat Okulu,971107,Öğretmenevi,https://iskilipogretmenevi.meb.k12.tr,,,https://iskilipogretmenevi.meb.k12.tr/tema/harita.php,2026-08-31,,,bulunamadi,,2026-10-01T19:24:18.401571+00:00,,
Çorum,İskilip,İskilip İbn-i Sina Mesleki ve Teknik Anadolu Lisesi,962938,Mesleki ve Teknik Anadolu Lisesi,https://iskilipibnisina.meb.k12.tr,,,https://iskilipibnisina.meb.k12.tr/tema/harita.php,2026-08-31,118,118,bulundu,https://iskilipibnisina.meb.k12.tr/,2026-10-01T19:24:18.480014+00:00,,Öğrenci Sayısı 118
Çorum,İskilip,Şehit Emre Dokumacı Özel Eğitim Uygulama Okulu III. Kademe,768928,Özel Eğitim Kurumu,https://768928.meb.k12.tr,,,https://768928.meb.k12.tr/tema/harita.php,2026-08-31,12,12,bulundu,https://768928.meb.k12.tr/,2026-10-01T19:24:18.511841+00:00,,Öğrenci Sayısı : 12
İstanbul,Adalar,Adalar Anadolu İmam Hatip Lisesi,752603,Anadolu İmam Hatip Lisesi,https://adalarimamhatiplisesi.meb.k12.tr,,,https://adalarimamhatiplisesi.meb.k12.tr/tema/harita.php,2026-08-31,78,78,bulundu,https://adalarimamhatiplisesi.meb.k12.tr/,2026-10-01T19:24:18.550958+00:00,,Öğrenci Sayısı : 78
İstanbul,Adalar,Adalar Burgazada Öğretmenevi ve Akşam Sanat Okulu,971216,Öğretmenevi,https://burgazadaogretmenevi.meb.k12.tr,,,https://burgazadaogretmenevi.meb.k12.tr/tema/harita.php,2026-08-31,,,bulunamadi,,2026-10-01T19:24:18.565228+00:00,,
İstanbul,Adalar,Adalar Halk Eğitimi Merkezi,753878,Halk Eğitimi Merkezi,https://adalarhem.meb.k12.tr,,,https://adalarhem.meb.k12.tr/tema/harita.php,2026-08-31,,,bulunamadi,,2026-10-01T19:24:18.567823+00:00,,
İstanbul,Adalar,Adalar Mimoza Anaokulu,775484,Anaokulu,https://istanbuladalarmimozaanaokulu.meb.k12.tr,,,https://istanbuladalarmimozaanaokulu.meb.k12.tr/tema/harita.php,2026-08-31,58,58,bulundu,https://istanbuladalarmimozaanaokulu.meb.k12.tr/,2026-10-01T19:24:18.703599+00:00,,Öğrenci Sayısı 58
İstanbul,Adalar,Burgazada Sait Faik Abasıyanık İlkokulu,726194,İlkokul,https://burgazadasfailkokulu.meb.k12.tr,,,https://burgazadasfailkokulu.meb.k12.tr/tema/harita.php,2026-08-31,20,20,bulundu,https://burgazadasfailkokulu.meb.k12.tr/,2026-10-01T19:24:18.888636+00:00,,Öğrenci Sayısı: 20
İstanbul,Adalar,BÜYÜKADA 125. YIL ATATÜRK ORTAOKULU,726233,Ortaokul,https://buyukadaortaokulu.meb.k12.tr,,,https://buyukadaortaokulu.meb.k12.tr/tema/harita.php,2026-08-31,183,183,bulundu,https://buyukadaortaokulu.meb.k12.tr/tema/okulumuz_hakkinda.php,2026-10-01T19:24:18.952290+00:00,,Öğrenci : 183
İstanbul,Adalar,Büyükada Şehit Murat Yüksel İlkokulu,726255,İlkokul,https://buyukadailkokulu.meb.k12.tr,,,https://buyukadailkokulu.meb.k12.tr/tema/harita.php,2026-08-31,253,253,bulundu,https://buyukadailkokulu.meb.k12.tr/,2026-10-01T19:24:19.038755+00:00,,Öğrenci Sayısı 253
İstanbul,Adalar,Heybeliada Anadolu Lisesi,972704,Anadolu Lisesi,https://heybelianadolu.meb.k12.tr,,,https://heybelianadolu.meb.k12.tr/tema/harita.php,2026-08-31,157,157,bulundu,https://heybelianadolu.meb.k12.tr/,2026-10-01T19:24:19.052554+00:00,,Öğrenci Sayısı 157
İstanbul,Adalar,Heybeliada Ortaokulu,726400,Ortaokul,https://heybeliadaortaokulu.meb.k12.tr,,,https://heybeliadaortaokulu.meb.k12.tr/tema/harita.php,2026-08-31,91,91,bulundu,https://heybeliadaortaokulu.meb.k12.tr/,2026-10-01T19:24:19.066120+00:00,,Öğrenci Sayısı : 91
İstanbul,Adalar,Heybeliada Şehit Dursun Keser İlkokulu,726390,İlkokul,https://heybeliadailkokulu.meb.k12.tr,,,https://heybeliadailkokulu.meb.k12.tr/tema/harita.php,2026-08-31,96,96,bulundu,https://heybeliadailkokulu.meb.k12.tr/,2026-10-01T19:24:19.164632+00:00,,Öğrenci Sayısı: 96
İstanbul,Adalar,Hüseyin Rahmi Gürpınar Mesleki ve Teknik Anadolu Lisesi,321794,Mesleki ve Teknik Anadolu Lisesi,https://hrgurpinarlisesi.meb.k12.tr,,,https://hrgurpinarlisesi.meb.k12.tr/tema/harita.php,2026-08-31,108,108,bulundu,https://hrgurpinarlisesi.meb.k12.tr/,2026-10-01T19:24:19.250632+00:00,,Öğrenci Sayısı 108
İstanbul,Adalar,Kınalıada Mehmetçik İlkokulu,726264,İlkokul,https://kinaliadamehmetcikilkokulu.meb.k12.tr,,,https://kinaliadamehmetcikilkokulu.meb.k12.tr/tema/harita.php,2026-08-31,23,23,bulundu,https://kinaliadamehmetcikilkokulu.meb.k12.tr/,2026-10-01T19:24:19.283746+00:00,,Öğrenci Sayısı: 23
İstanbul,Arnavutköy,Ahmet Yesevi İlkokulu,969779,İlkokul,https://arnavutkoyahmetyesevi.meb.k12.tr,,,https://arnavutkoyahmetyesevi.meb.k12.tr/tema/harita.php,2026-08-31,926,926,bulundu,https://arnavutkoyahmetyesevi.meb.k12.tr/,2026-10-01T19:24:19.299896+00:00,,Öğrenci Sayısı 926
İstanbul,Arnavutköy,Akşemsettin Anadolu İmam Hatip Lisesi,768240,Anadolu İmam Hatip Lisesi,https://aksemsettinanadoluihl.meb.k12.tr,,,https://aksemsettinanadoluihl.meb.k12.tr/tema/harita.php,2026-08-31,420,420,bulundu,https://aksemsettinanadoluihl.meb.k12.tr/tema/okulumuz_hakkinda.php,2026-10-01T19:24:19.745269+00:00,,Öğrenci : 420
İstanbul,Arnavutköy,Alp Ortaokulu,726455,Ortaokul,https://alportaokulu.meb.k12.tr,,,https://alportaokulu.meb.k12.tr/tema/harita.php,2026-08-31,108,108,bulundu,https://alportaokulu.meb.k12.tr/tema/okulumuz_hakkinda.php,2026-10-01T19:24:19.763384+00:00,,Öğrenci : 108
İstanbul,Arnavutköy,Alp İlkokulu,726458,İlkokul,https://alpilkokulu.meb.k12.tr,,,https://alpilkokulu.meb.k12.tr/tema/harita.php,2026-08-31,131,131,bulundu,https://alpilkokulu.meb.k12.tr/,2026-10-01T19:24:19.840676+00:00,,Öğrenci Sayısı: 131
İstanbul,Arnavutköy,Anafartalar Ortaokulu,727280,Ortaokul,https://anafartalarortaokulu.meb.k12.tr,,,https://anafartalarortaokulu.meb.k12.tr/tema/harita.php,2026-08-31,1319,1319,bulundu,https://anafartalarortaokulu.meb.k12.tr/,2026-10-01T19:24:19.886546+00:00,,Öğrenci Sayısı : 1319
İstanbul,Arnavutköy,Arnavutköy Anadolu Lisesi,972637,Anadolu Lisesi,https://arnavutkoyanadolulisesi.meb.k12.tr,,,https://arnavutkoyanadolulisesi.meb.k12.tr/tema/harita.php,2026-08-31,1900,1900,bulundu,https://arnavutkoyanadolulisesi.meb.k12.tr/,2026-10-01T19:24:20.142938+00:00,,Öğrenci Sayısı 1900
İstanbul,Arnavutköy,Arnavutköy Bilim ve Sanat Merkezi,769305,Bilim ve Sanat Merkezi,https://bilsemarnavutkoy.meb.k12.tr,,,https://bilsemarnavutkoy.meb.k12.tr/tema/harita.php,2026-08-31,163,163,bulundu,https://bilsemarnavutkoy.meb.k12.tr/,2026-10-01T19:24:20.289366+00:00,,Öğrenci Sayısı 163
İstanbul,Arnavutköy,Arnavutköy Cumhuriyet Ortaokulu,735401,Ortaokul,https://arnavutkoycumhuriyetortaokulu.meb.k12.tr,,,https://arnavutkoycumhuriyetortaokulu.meb.k12.tr/tema/harita.php,2026-08-31,1950,1950,bulundu,https://arnavutkoycumhuriyetortaokulu.meb.k12.tr/,2026-10-01T19:24:20.358142+00:00,,Öğrenci Sayısı : 1950
İstanbul,Arnavutköy,Arnavutköy Devlet Hastanesi Hacı Hüseyin Bursalı Anaokulu,768315,Anaokulu,https://adhhacihuseyinbursaliao.meb.k12.tr,,,https://adhhacihuseyinbursaliao.meb.k12.tr/tema/harita.php,2026-08-31,165,165,bulundu,https://adhhacihuseyinbursaliao.meb.k12.tr/,2026-10-01T19:24:20.365163+00:00,,Öğrenci Sayısı 165
İstanbul,Arnavutköy,Arnavutköy Halk Eğitimi Merkezi,970126,Halk Eğitimi Merkezi,https://arnavutkoyhem.meb.k12.tr,,,https://arnavutkoyhem.meb.k12.tr/tema/harita.php,2026-08-31,,,bulunamadi,,2026-10-01T19:24:20.385695+00:00,,
İstanbul,Arnavutköy,Arnavutköy Mesleki ve Teknik Anadolu Lisesi,967504,Mesleki ve Teknik Anadolu Lisesi,https://arnavutkoymtal.meb.k12.tr,,,https://arnavutkoymtal.meb.k12.tr/tema/harita.php,2026-08-31,1244,1244,bulundu,https://arnavutkoymtal.meb.k12.tr/,2026-10-01T19:24:20.426866+00:00,,Öğrenci Sayısı 1244
İstanbul,Arnavutköy,Arnavutköy Rehberlik ve Araştırma Merkezi,972269,Rehberlik ve Araştırma Merkezi,https://arnavutkoyram.meb.k12.tr,,,https://arnavutkoyram.meb.k12.tr/tema/harita.php,2026-08-31,,,bulunamadi,,2026-10-01T19:24:20.437025+00:00,,
İstanbul,Arnavutköy,Arnavutköy Özel Eğitim Uygulama Okulu I. Kademe,747088,Özel Eğitim Kurumu,https://arnavutkoyoeum.meb.k12.tr,,,https://arnavutkoyoeum.meb.k12.tr/tema/harita.php,2026-08-31,213,213,bulundu,https://arnavutkoyoeum.meb.k12.tr/,2026-10-01T19:24:20.461909+00:00,,Öğrenci Sayısı : 213
İstanbul,Arnavutköy,Arnavutköy Özel Eğitim Uygulama Okulu II. Kademe,747385,Özel Eğitim Kurumu,https://aouo2.meb.k12.tr,,,https://aouo2.meb.k12.tr/tema/harita.php,2026-08-31,93,93,bulundu,https://aouo2.meb.k12.tr/,2026-10-01T19:24:20.670936+00:00,,Öğrenci Sayısı 93
İstanbul,Arnavutköy,Arnavutköy Özel Eğitim Uygulama Okulu III. Kademe,748886,Özel Eğitim Kurumu,https://aouo3.meb.k12.tr,,,https://aouo3.meb.k12.tr/tema/harita.php,2026-08-31,80,80,bulundu,https://aouo3.meb.k12.tr/,2026-10-01T19:24:20.882566+00:00,,Öğrenci Sayısı 80
İstanbul,Arnavutköy,Arnavutköy İlkokulu,727279,İlkokul,https://arnavutkoyilkokulu.meb.k12.tr,,,https://arnavutkoyilkokulu.meb.k12.tr/tema/harita.php,2026-08-31,2290,2290,bulundu,https://arnavutkoyilkokulu.meb.k12.tr/,2026-10-01T19:24:21.207745+00:00,,Öğrenci Sayısı 2290
İstanbul,Arnavutköy,Ayazma İlkokulu,726312,İlkokul,https://ayazmailkokul.meb.k12.tr,,,https://ayazmailkokul.meb.k12.tr/tema/harita.php,2026-08-31,2621,2621,bulundu,https://ayazmailkokul.meb.k12.tr/tema/okulumuz_hakkinda.php,2026-10-01T19:24:21.318863+00:00,,Öğrenci : 2621
İstanbul,Arnavutköy,Aziz Sancar Çok Programlı Anadolu Lisesi,767464,Çok Programlı Anadolu Lisesi,https://azizsancarcpal.meb.k12.tr,,,https://azizsancarcpal.meb.k12.tr/tema/harita.php,2026-08-31,329,329,bulundu,https://azizsancarcpal.meb.k12.tr/,2026-10-01T19:24:21.327220+00:00,,Öğrenci Sayısı 329
İstanbul,Arnavutköy,Aşık Veysel İlkokulu,726298,İlkokul,https://asikveyselilkokulu.meb.k12.tr,,,https://asikveyselilkokulu.meb.k12.tr/tema/harita.php,2026-08-31,2000,2000,bulundu,https://asikveyselilkokulu.meb.k12.tr/,2026-10-01T19:24:21.364360+00:00,,Öğrenci Sayısı : 2000
İstanbul,Arnavutköy,Baklalı İlkokulu,969786,İlkokul,https://baklaliio.meb.k12.tr,,,https://baklaliio.meb.k12.tr/tema/harita.php,2026-08-31,33,33,bulundu,https://baklaliio.meb.k12.tr/tema/okulumuz_hakkinda.php,2026-10-01T19:24:21.433180+00:00,,Öğrenci : 33
İstanbul,Arnavutköy,Bolluca Ticaret Mesleki ve Teknik Anadolu Lisesi,969903,Mesleki ve Teknik Anadolu Lisesi,https://bollucaimkb.meb.k12.tr,,,https://bollucaimkb.meb.k12.tr/tema/harita.php,2026-08-31,1134,1134,bulundu,https://bollucaimkb.meb.k12.tr/,2026-10-01T19:24:21.473023+00:00,,Öğrenci Sayısı : 1134
İstanbul,Arnavutköy,Bolluca Türk Tekstil Vakfı Ortaokulu,727274,Ortaokul,https://bollucaortaokulu.meb.k12.tr,,,https://bollucaortaokulu.meb.k12.tr/tema/harita.php,2026-08-31,1018,1018,bulundu,https://bollucaortaokulu.meb.k12.tr/,2026-10-01T19:24:22.381482+00:00,,Öğrenci Sayısı : 1018
İstanbul,Arnavutköy,Bolluca İlkokulu,766385,İlkokul,https://bollucailkokulu.meb.k12.tr,,,https://bollucailkokulu.meb.k12.tr/tema/harita.php,2026-08-31,978,978,bulundu,https://bollucailkokulu.meb.k12.tr/,2026-10-01T19:24:22.385032+00:00,,Öğrenci Sayısı : 978
İstanbul,Arnavutköy,Borsa İstanbul Anadolu İmam Hatip Lisesi,973050,Anadolu İmam Hatip Lisesi,https://borsaistanbulaihl.meb.k12.tr,,,https://borsaistanbulaihl.meb.k12.tr/tema/harita.php,2026-08-31,820,820,bulundu,https://borsaistanbulaihl.meb.k12.tr/,2026-10-01T19:24:22.469003+00:00,,Öğrenci Sayısı : 820
İstanbul,Arnavutköy,Boyalık Ortaokulu,727272,Ortaokul,https://boyalikortaokulu.meb.k12.tr,,,https://boyalikortaokulu.meb.k12.tr/tema/harita.php,2026-08-31,73,73,bulundu,https://boyalikortaokulu.meb.k12.tr/,2026-10-01T19:24:22.478899+00:00,,Öğrenci Sayısı : 73
İstanbul,Arnavutköy,Boyalık İlkokulu,727273,İlkokul,https://boyalikilkokulu.meb.k12.tr,,,https://boyalikilkokulu.meb.k12.tr/tema/harita.php,2026-08-31,56,56,bulundu,https://boyalikilkokulu.meb.k12.tr/,2026-10-01T19:24:22.565953+00:00,,Öğrenci Sayısı 56
İstanbul,Arnavutköy,Boğazköy İlkokulu,727277,İlkokul,https://arnavutkoybogazkoyilkokulu.meb.k12.tr,,,https://arnavutkoybogazkoyilkokulu.meb.k12.tr/tema/harita.php,2026-08-31,867,867,bulundu,https://arnavutkoybogazkoyilkokulu.meb.k12.tr/,2026-10-01T19:24:22.772685+00:00,,Öğrenci Sayısı 867
İstanbul,Arnavutköy,Cahit Zarifoğlu İlkokulu,766881,İlkokul,https://czi.meb.k12.tr,,,https://czi.meb.k12.tr/tema/harita.php,2026-08-31,603,603,bulundu,https://czi.meb.k12.tr/,2026-10-01T19:24:22.841775+00:00,,Öğrenci Sayısı 603
İstanbul,Arnavutköy,Cemal Reşit Rey İlkokulu,727271,İlkokul,https://cemalresitreyilkokulu.meb.k12.tr,,,https://cemalresitreyilkokulu.meb.k12.tr/tema/harita.php,2026-08-31,1913,1913,bulundu,https://cemalresitreyilkokulu.meb.k12.tr/,2026-10-01T19:24:22.913765+00:00,,Öğrenci Sayısı 1913
İstanbul,Arnavutköy,Deliklikaya Ortaokulu,727267,Ortaokul,https://deliklikayaortaokulu.meb.k12.tr,,,https://deliklikayaortaokulu.meb.k12.tr/tema/harita.php,2026-08-31,270,270,bulundu,https://deliklikayaortaokulu.meb.k12.tr/,2026-10-01T19:24:22.991832+00:00,,Öğrenci Sayısı : 270
İstanbul,Arnavutköy,Deliklikaya İlkokulu,727269,İlkokul,https://deliklikayailkokulu.meb.k12.tr,,,https://deliklikayailkokulu.meb.k12.tr/tema/harita.php,2026-08-31,230,230,bulundu,https://deliklikayailkokulu.meb.k12.tr/,2026-10-01T19:24:23.113539+00:00,,Öğrenci Sayısı 230
İstanbul,Arnavutköy,Dursunköy Özel Eğitim Anaokulu,775175,Anaokulu,https://775175.meb.k12.tr,,,https://775175.meb.k12.tr/tema/harita.php,2026-08-31,20,20,bulundu,https://775175.meb.k12.tr/,2026-10-01T19:24:23.120416+00:00,,Öğrenci Sayısı: 20
İstanbul,Arnavutköy,Durusu Hüseyin Ökten Anadolu Lisesi,969678,Anadolu Lisesi,https://durusuhol.meb.k12.tr,,,https://durusuhol.meb.k12.tr/tema/harita.php,2026-08-31,293,293,bulundu,https://durusuhol.meb.k12.tr/,2026-10-01T19:24:23.191032+00:00,,Öğrenci Sayısı : 293
İstanbul,Arnavutköy,Erdoğan Demirören Özel Eğitim Anaokulu,763395,Anaokulu,https://erdogandemirorenanaokulu.meb.k12.tr,,,https://erdogandemirorenanaokulu.meb.k12.tr/tema/harita.php,2026-08-31,65,65,bulundu,https://erdogandemirorenanaokulu.meb.k12.tr/,2026-10-01T19:24:23.303852+00:00,,Öğrenci Sayısı 65
İstanbul,Arnavutköy,Fatih Ortaokulu,727265,Ortaokul,https://arnavutkoyfatihortaokulu.meb.k12.tr,,,https://arnavutkoyfatihortaokulu.meb.k12.tr/tema/harita.php,2026-08-31,154,154,bulundu,https://arnavutkoyfatihortaokulu.meb.k12.tr/,2026-10-01T19:24:23.468961+00:00,,Öğrenci Sayısı : 154
İstanbul,Arnavutköy,Fatih İlkokulu,727266,İlkokul,https://arnavutkoyfatihilkokulu.meb.k12.tr,,,https://arnavutkoyfatihilkokulu.meb.k12.tr/tema/harita.php,2026-08-31,307,307,bulundu,https://arnavutkoyfatihilkokulu.meb.k12.tr/,2026-10-01T19:24:23.484335+00:00,,Öğrenci Sayısı 307
İstanbul,Arnavutköy,Hacı Şamil Şayir Mesleki Eğitim Merkezi,970980,Mesleki Eğitim Merkezi,https://hssmem.meb.k12.tr,,,https://hssmem.meb.k12.tr/tema/harita.php,2026-08-31,978,978,bulundu,https://hssmem.meb.k12.tr/,2026-10-01T19:24:23.486016+00:00,,Öğrenci Sayısı : 978
İstanbul,Arnavutköy,Hacımaşlı Köyü İlkokulu,726373,İlkokul,https://hacimaslikoyuilkokulu.meb.k12.tr,,,https://hacimaslikoyuilkokulu.meb.k12.tr/tema/harita.php,2026-08-31,6,6,bulundu,https://hacimaslikoyuilkokulu.meb.k12.tr/,2026-10-01T19:24:23.524768+00:00,,Öğrenci Sayısı: 6
İstanbul,Arnavutköy,Hadımköy Anadolu Lisesi,969679,Anadolu Lisesi,https://hocal.meb.k12.tr,,,https://hocal.meb.k12.tr/tema/harita.php,2026-08-31,823,823,bulundu,https://hocal.meb.k12.tr/,2026-10-01T19:24:23.788403+00:00,,Öğrenci Sayısı 823
İstanbul,Arnavutköy,Hadımköy Mesleki ve Teknik Anadolu Lisesi,767384,Mesleki ve Teknik Anadolu Lisesi,https://hadimkoymtal.meb.k12.tr,,,https://hadimkoymtal.meb.k12.tr/tema/harita.php,2026-08-31,911,911,bulundu,https://hadimkoymtal.meb.k12.tr/,2026-10-01T19:24:24.108323+00:00,,Öğrenci Sayısı : 911
İstanbul,Arnavutköy,Hadımköy Ortaokulu,727263,Ortaokul,https://hadimkoyortaokulu.meb.k12.tr,,,https://hadimkoyortaokulu.meb.k12.tr/tema/harita.php,2026-08-31,1187,1187,bulundu,https://hadimkoyortaokulu.meb.k12.tr/,2026-10-01T19:24:24.148496+00:00,,Öğrenci Sayısı 1187
İstanbul,Arnavutköy,Hadımköy Toki Kız Anadolu İmam Hatip Lisesi,974966,Anadolu İmam Hatip Lisesi,https://htaihl.meb.k12.tr,,,https://htaihl.meb.k12.tr/tema/harita.php,2026-08-31,492,492,bulundu,https://htaihl.meb.k12.tr/,2026-10-01T19:24:24.301833+00:00,,Öğrenci Sayısı : 492
İstanbul,Arnavutköy,Hadımköy Özel Eğitim Meslek Okulu,777183,Özel Eğitim Kurumu,https://777183.meb.k12.tr,,,https://777183.meb.k12.tr/tema/harita.php,2026-08-31,16,16,bulundu,https://777183.meb.k12.tr/,2026-10-01T19:24:24.324568+00:00,,Öğrenci Sayısı : 16
İstanbul,Arnavutköy,Hadımköy İlkokulu,726388,İlkokul,https://hadimkoyilkokulu.meb.k12.tr,,,https://hadimkoyilkokulu.meb.k12.tr/tema/harita.php,2026-08-31,1166,1166,bulundu,https://hadimkoyilkokulu.meb.k12.tr/,2026-10-01T19:24:24.345572+00:00,,Öğrenci Sayısı : 1166
İstanbul,Arnavutköy,Halis Kutmangil Ortaokulu,727259,Ortaokul,https://haliskutmangilortaokulu.meb.k12.tr,,,https://haliskutmangilortaokulu.meb.k12.tr/tema/harita.php,2026-08-31,915,915,bulundu,https://haliskutmangilortaokulu.meb.k12.tr/tema/okulumuz_hakkinda.php,2026-10-01T19:24:24.348431+00:00,,Öğrenci : 915
İstanbul,Arnavutköy,Halis Kutmangil İlkokulu,727260,İlkokul,https://haliskutmangililkokulu.meb.k12.tr,,,https://haliskutmangililkokulu.meb.k12.tr/tema/harita.php,2026-08-31,1202,1202,bulundu,https://haliskutmangililkokulu.meb.k12.tr/,2026-10-01T19:24:24.389682+00:00,,Öğrenci Sayısı 1202
İstanbul,Arnavutköy,Hasan Tahsin İlkokulu,727258,İlkokul,https://arnavutkoyhasantahsinilkokulu.meb.k12.tr,,,https://arnavutkoyhasantahsinilkokulu.meb.k12.tr/tema/harita.php,2026-08-31,348,348,bulundu,https://arnavutkoyhasantahsinilkokulu.meb.k12.tr/,2026-10-01T19:24:24.418464+00:00,,Öğrenci Sayısı : 348
İstanbul,Arnavutköy,Hasan Tahsin İmam Hatip Ortaokulu,760577,İmam Hatip Ortaokulu,https://hasantahsiniho.meb.k12.tr,,,https://hasantahsiniho.meb.k12.tr/tema/harita.php,2026-08-31,216,216,bulundu,https://hasantahsiniho.meb.k12.tr/,2026-10-01T19:24:24.433034+00:00,,Öğrenci Sayısı : 216
İstanbul,Arnavutköy,Hayme Hatun Anaokulu,767696,Anaokulu,https://haymehatunao.meb.k12.tr,,,https://haymehatunao.meb.k12.tr/tema/harita.php,2026-08-31,149,149,bulundu,https://haymehatunao.meb.k12.tr/,2026-10-01T19:24:24.548479+00:00,,Öğrenci Sayısı 149
İstanbul,Arnavutköy,Karaburun  Ortaokulu,727252,Ortaokul,https://arnavutkoykaraburunortaokulu.meb.k12.tr,,,https://arnavutkoykaraburunortaokulu.meb.k12.tr/tema/harita.php,2026-08-31,44,44,bulundu,https://arnavutkoykaraburunortaokulu.meb.k12.tr/,2026-10-01T19:24:24.687272+00:00,,Öğrenci Sayısı: 44
İstanbul,Arnavutköy,Karaburun İlkokulu,727253,İlkokul,https://karaburunorficetinkayailkokulu.meb.k12.tr,,,https://karaburunorficetinkayailkokulu.meb.k12.tr/tema/harita.php,2026-08-31,86,86,bulundu,https://karaburunorficetinkayailkokulu.meb.k12.tr/,2026-10-01T19:24:24.696046+00:00,,Öğrenci Sayısı: 86
İstanbul,Arnavutköy,Köroğlu Ortaokulu,727250,Ortaokul,https://korogluortaokulu.meb.k12.tr,,,https://korogluortaokulu.meb.k12.tr/tema/harita.php,2026-08-31,1369,1369,bulundu,https://korogluortaokulu.meb.k12.tr/,2026-10-01T19:24:24.796282+00:00,,Öğrenci Sayısı : 1369
İstanbul,Arnavutköy,Mahmut Esat Coşan Ortaokulu,777173,Ortaokul,https://mahmutesatcosanortaokulu.meb.k12.tr,,,https://mahmutesatcosanortaokulu.meb.k12.tr/tema/harita.php,2026-08-31,613,613,bulundu,https://mahmutesatcosanortaokulu.meb.k12.tr/,2026-10-01T19:24:24.931747+00:00,,Öğrenci Sayısı : 613
İstanbul,Arnavutköy,Malazgirt Ortaokulu,727248,Ortaokul,https://malazgirtortaokulu.meb.k12.tr,,,https://malazgirtortaokulu.meb.k12.tr/tema/harita.php,2026-08-31,650,650,bulundu,https://malazgirtortaokulu.meb.k12.tr/,2026-10-01T19:24:25.090656+00:00,,Öğrenci Sayısı : 650
İstanbul,Arnavutköy,Malazgirt İlkokulu,727249,İlkokul,https://malazgirtilkokulu.meb.k12.tr,,,https://malazgirtilkokulu.meb.k12.tr/tema/harita.php,2026-08-31,667,667,bulundu,https://malazgirtilkokulu.meb.k12.tr/,2026-10-01T19:24:25.095812+00:00,,Öğrenci Sayısı : 667
İstanbul,Arnavutköy,Mavigöl Anaokulu,776535,Anaokulu,https://mavigolanaokulu.meb.k12.tr,,,https://mavigolanaokulu.meb.k12.tr/tema/harita.php,2026-08-31,15,15,bulundu,https://mavigolanaokulu.meb.k12.tr/,2026-10-01T19:24:25.184654+00:00,,Öğrenci Sayısı 15
İstanbul,Arnavutköy,Mehmet Akif Ersoy Ortaokulu,751271,Ortaokul,https://arnavutkoymaeortaokulu.meb.k12.tr,,,https://arnavutkoymaeortaokulu.meb.k12.tr/tema/harita.php,2026-08-31,2633,2633,bulundu,https://arnavutkoymaeortaokulu.meb.k12.tr/,2026-10-01T19:24:25.192390+00:00,,Öğrenci Sayısı : 2633
İstanbul,Arnavutköy,Mehmet Akif Ersoy Çok Programlı Anadolu Lisesi,969682,Çok Programlı Anadolu Lisesi,https://arnavutkoymaecpal.meb.k12.tr,,,https://arnavutkoymaecpal.meb.k12.tr/tema/harita.php,2026-08-31,297,297,bulundu,https://arnavutkoymaecpal.meb.k12.tr/,2026-10-01T19:24:25.200122+00:00,,Öğrenci Sayısı 297
İstanbul,Arnavutköy,Mehmet Zeki Obdan İlkokulu,727247,İlkokul,https://mehmetzekiobdanilkokulu.meb.k12.tr,,,https://mehmetzekiobdanilkokulu.meb.k12.tr/tema/harita.php,2026-08-31,2008,2008,bulundu,https://mehmetzekiobdanilkokulu.meb.k12.tr/,2026-10-01T19:24:25.225288+00:00,,Öğrenci Sayısı : 2008
İstanbul,Arnavutköy,Milli Eğitim Vakfı Firdevs-Lütfü Orgun Ortaokulu,768810,Ortaokul,https://mevfloo.meb.k12.tr,,,https://mevfloo.meb.k12.tr/tema/harita.php,2026-08-31,442,442,bulundu,https://mevfloo.meb.k12.tr/,2026-10-01T19:24:25.584521+00:00,,Öğrenci Sayısı : 442
İstanbul,Arnavutköy,Milli Eğitim Vakfı Firdevs-Lütfü Orgun İlkokulu,768424,İlkokul,https://mevfloi.meb.k12.tr,,,https://mevfloi.meb.k12.tr/tema/harita.php,2026-08-31,623,623,bulundu,https://mevfloi.meb.k12.tr/,2026-10-01T19:24:25.609864+00:00,,Öğrenci Sayısı 623
İstanbul,Arnavutköy,Mimar Sinan İlkokulu,727245,İlkokul,https://arnavutkoymimarsinanilkokulu.meb.k12.tr,,,https://arnavutkoymimarsinanilkokulu.meb.k12.tr/tema/harita.php,2026-08-31,1920,1920,bulundu,https://arnavutkoymimarsinanilkokulu.meb.k12.tr/,2026-10-01T19:24:25.630573+00:00,,Öğrenci Sayısı 1920
İstanbul,Arnavutköy,Muhsin Yazıcıoğlu Anadolu Lisesi,775238,Anadolu Lisesi,https://muhsinyazicioglual.meb.k12.tr,,,https://muhsinyazicioglual.meb.k12.tr/tema/harita.php,2026-08-31,794,794,bulundu,https://muhsinyazicioglual.meb.k12.tr/,2026-10-01T19:24:25.634066+00:00,,Öğrenci Sayısı 794
İstanbul,Arnavutköy,Necip Fazıl Kısakürek İmam Hatip Ortaokulu,750419,İmam Hatip Ortaokulu,https://arnavutkoynecipfazilkisakurekiho.meb.k12.tr,,,https://arnavutkoynecipfazilkisakurekiho.meb.k12.tr/tema/harita.php,2026-08-31,1475,1475,bulundu,https://arnavutkoynecipfazilkisakurekiho.meb.k12.tr/,2026-10-01T19:24:25.635415+00:00,,Öğrenci Sayısı 1475
İstanbul,Arnavutköy,Osman Gazi Ortaokulu,731856,Ortaokul,https://arnavutkoyosmangaziortaokulu.meb.k12.tr,,,https://arnavutkoyosmangaziortaokulu.meb.k12.tr/tema/harita.php,2026-08-31,1051,1051,bulundu,https://arnavutkoyosmangaziortaokulu.meb.k12.tr/,2026-10-01T19:24:25.684821+00:00,,Öğrenci Sayısı : 1051
İstanbul,Arnavutköy,Piri Reis İlkokulu,753082,İlkokul,https://pirireisio.meb.k12.tr,,,https://pirireisio.meb.k12.tr/tema/harita.php,2026-08-31,1621,1621,bulundu,https://pirireisio.meb.k12.tr/,2026-10-01T19:24:25.729790+00:00,,Öğrenci Sayısı 1621
İstanbul,Arnavutköy,Prof.Dr. Necmettin Erbakan Kız Anadolu İmam Hatip Lisesi,752902,Anadolu İmam Hatip Lisesi,https://profdrnecmettinerbakankaihl.meb.k12.tr,,,https://profdrnecmettinerbakankaihl.meb.k12.tr/tema/harita.php,2026-08-31,651,651,bulundu,https://profdrnecmettinerbakankaihl.meb.k12.tr/,2026-10-01T19:24:25.997596+00:00,,Öğrenci Sayısı : 651
İstanbul,Arnavutköy,Sabri Akın İlkokulu,969759,İlkokul,https://sabriakin.meb.k12.tr,,,https://sabriakin.meb.k12.tr/tema/harita.php,2026-08-31,,,bulunamadi,,2026-10-01T19:24:26.085586+00:00,,
İstanbul,Arnavutköy,Sazlıbosna Ortaokulu,727051,Ortaokul,https://sazlibosnaortaokulu.meb.k12.tr,,,https://sazlibosnaortaokulu.meb.k12.tr/tema/harita.php,2026-08-31,70,70,bulundu,https://sazlibosnaortaokulu.meb.k12.tr/tema/okulumuz_hakkinda.php,2026-10-01T19:24:26.097495+00:00,,Öğrenci : 70
İstanbul,Arnavutköy,Sazlıbosna İlkokulu,727052,İlkokul,https://sazlibosnailkokulu.meb.k12.tr,,,https://sazlibosnailkokulu.meb.k12.tr/tema/harita.php,2026-08-31,87,87,bulundu,https://sazlibosnailkokulu.meb.k12.tr/,2026-10-01T19:24:26.204919+00:00,,Öğrenci Sayısı : 87
İstanbul,Arnavutköy,Suatlar Anaokulu,749735,Anaokulu,https://suatlaranaokulu.meb.k12.tr,,,https://suatlaranaokulu.meb.k12.tr/tema/harita.php,2026-08-31,117,117,bulundu,https://suatlaranaokulu.meb.k12.tr/tema/okulumuz_hakkinda.php,2026-10-01T19:24:26.313017+00:00,,Öğrenci : 117
İstanbul,Arnavutköy,Suatlar İlkokulu,726409,İlkokul,https://suatlarilkokulu.meb.k12.tr,,,https://suatlarilkokulu.meb.k12.tr/tema/harita.php,2026-08-31,,,bulunamadi,,2026-10-01T19:24:26.333815+00:00,,
İstanbul,Arnavutköy,TOKİ Hadımköy İlkokulu,727262,İlkokul,https://tokihadimkoyilkokulu.meb.k12.tr,,,https://tokihadimkoyilkokulu.meb.k12.tr/tema/harita.php,2026-08-31,1291,1291,bulundu,https://tokihadimkoyilkokulu.meb.k12.tr/,2026-10-01T19:24:26.441830+00:00,,Öğrenci Sayısı : 1291
İstanbul,Arnavutköy,TOKİ Taşoluk Anaokulu,972297,Anaokulu,https://tokitasolukanaokulu.meb.k12.tr,,,https://tokitasolukanaokulu.meb.k12.tr/tema/harita.php,2026-08-31,145,145,bulundu,https://tokitasolukanaokulu.meb.k12.tr/tema/okulumuz_hakkinda.php,2026-10-01T19:24:26.456484+00:00,,Öğrenci : 145
İstanbul,Arnavutköy,TOKİ Taşoluk Ortaokulu,727367,Ortaokul,https://tokitasolukortaokulu.meb.k12.tr,,,https://tokitasolukortaokulu.meb.k12.tr/tema/harita.php,2026-08-31,704,704,bulundu,https://tokitasolukortaokulu.meb.k12.tr/,2026-10-01T19:24:26.501818+00:00,,Öğrenci Sayısı : 704
İstanbul,Arnavutköy,TOKİ Taşoluk İlkokulu,727042,İlkokul,https://tasoluktokiilkokulu.meb.k12.tr,,,https://tasoluktokiilkokulu.meb.k12.tr/tema/harita.php,2026-08-31,,,bulunamadi,,2026-10-01T19:24:26.553240+00:00,,
İstanbul,Arnavutköy,Tayakadın Ortaokulu,727038,Ortaokul,https://tayakadinortaokulu.meb.k12.tr,,,https://tayakadinortaokulu.meb.k12.tr/tema/harita.php,2026-08-31,116,116,bulundu,https://tayakadinortaokulu.meb.k12.tr/,2026-10-01T19:24:26.559433+00:00,,Öğrenci Sayısı 116
İstanbul,Arnavutköy,Tayakadın İlkokulu,727039,İlkokul,https://tayakadinilkokulu.meb.k12.tr,,,https://tayakadinilkokulu.meb.k12.tr/tema/harita.php,2026-08-31,,,bulunamadi,,2026-10-01T19:24:26.566920+00:00,,
İstanbul,Arnavutköy,Taşoluk Anadolu Lisesi,972856,Anadolu Lisesi,https://tasolukanadolulisesi.meb.k12.tr,,,https://tasolukanadolulisesi.meb.k12.tr/tema/harita.php,2026-08-31,1100,1100,bulundu,https://tasolukanadolulisesi.meb.k12.tr/,2026-10-01T19:24:26.604147+00:00,,Öğrenci Sayısı : 1100
İstanbul,Arnavutköy,Taşoluk İlkokulu,727044,İlkokul,https://tasolukilkokulu.meb.k12.tr,,,https://tasolukilkokulu.meb.k12.tr/tema/harita.php,2026-08-31,,,bulunamadi,,2026-10-01T19:24:26.658896+00:00,,
İstanbul,Arnavutköy,Tolga Eti Ortaokulu,727036,Ortaokul,https://tolgaetiortaokulu.meb.k12.tr,,,https://tolgaetiortaokulu.meb.k12.tr/tema/harita.php,2026-08-31,102,102,bulundu,https://tolgaetiortaokulu.meb.k12.tr/,2026-10-01T19:24:26.662641+00:00,,Öğrenci Sayısı 102
İstanbul,Arnavutköy,Tolga Eti İlkokulu,727037,İlkokul,https://tolgaetiilkokulu.meb.k12.tr,,,https://tolgaetiilkokulu.meb.k12.tr/tema/harita.php,2026-08-31,128,128,bulundu,https://tolgaetiilkokulu.meb.k12.tr/,2026-10-01T19:24:26.701314+00:00,,Öğrenci Sayısı: 128
İstanbul,Arnavutköy,Yassıören İlkokulu,726432,İlkokul,https://yassioren2.meb.k12.tr,,,https://yassioren2.meb.k12.tr/tema/harita.php,2026-08-31,10,10,bulundu,https://yassioren2.meb.k12.tr/,2026-10-01T19:24:26.861681+00:00,,Öğrenci Sayısı : 10
İstanbul,Arnavutköy,Yavuz Selim Kız Anadolu İmam Hatip Lisesi,759455,Anadolu İmam Hatip Lisesi,https://arnavutkoynfkaihl.meb.k12.tr,,,https://arnavutkoynfkaihl.meb.k12.tr/tema/harita.php,2026-08-31,,,bulunamadi,,2026-10-01T19:24:26.899527+00:00,,
İstanbul,Arnavutköy,Yeniköy Ortaokulu,727034,Ortaokul,https://arnavutkoyyenikoyortaokulu.meb.k12.tr,,,https://arnavutkoyyenikoyortaokulu.meb.k12.tr/tema/harita.php,2026-08-31,92,92,bulundu,https://arnavutkoyyenikoyortaokulu.meb.k12.tr/,2026-10-01T19:24:26.917079+00:00,,Öğrenci Sayısı 92
İstanbul,Arnavutköy,Yeniköy İlkokulu,727035,İlkokul,https://arnavutkoyyenikoyilkokulu.meb.k12.tr,,,https://arnavutkoyyenikoyilkokulu.meb.k12.tr/tema/harita.php,2026-08-31,52,52,bulundu,https://arnavutkoyyenikoyilkokulu.meb.k12.tr/,2026-10-01T19:24:26.946368+00:00,,Öğrenci Sayısı 52
İstanbul,Arnavutköy,Yunus Emre Ortaokulu,743556,Ortaokul,https://yeoo.meb.k12.tr,,,https://yeoo.meb.k12.tr/tema/harita.php,2026-08-31,493,493,bulundu,https://yeoo.meb.k12.tr/tema/okulumuz_hakkinda.php,2026-10-01T19:24:26.963523+00:00,,Öğrenci : 493
İstanbul,Arnavutköy,Yunus Emre İmam Hatip Ortaokulu,758909,İmam Hatip Ortaokulu,https://yeihoo.meb.k12.tr,,,https://yeihoo.meb.k12.tr/tema/harita.php,2026-08-31,850,850,bulundu,https://yeihoo.meb.k12.tr/tema/okulumuz_hakkinda.php,2026-10-01T19:24:27.032096+00:00,,Öğrenci : 850
İstanbul,Arnavutköy,İBB Evliya Çelebi Ortaokulu,727254,Ortaokul,https://ibbevliyacelebiortaokulu.meb.k12.tr,,,https://ibbevliyacelebiortaokulu.meb.k12.tr/tema/harita.php,2026-08-31,681,681,bulundu,https://ibbevliyacelebiortaokulu.meb.k12.tr/,2026-10-01T19:24:27.053855+00:00,,Öğrenci Sayısı : 681
İstanbul,Arnavutköy,İBB Evliya Çelebi İlkokulu,727255,İlkokul,https://ibbevliyacelebiilkokulu.meb.k12.tr,,,https://ibbevliyacelebiilkokulu.meb.k12.tr/tema/harita.php,2026-08-31,832,832,bulundu,https://ibbevliyacelebiilkokulu.meb.k12.tr/,2026-10-01T19:24:27.055610+00:00,,Öğrenci Sayısı 832
İstanbul,Arnavutköy,İBB Yıldırım Beyazıt İlkokulu,763048,İlkokul,https://ibbyildirimbeyazitilkokulu.meb.k12.tr,,,https://ibbyildirimbeyazitilkokulu.meb.k12.tr/tema/harita.php,2026-08-31,601,601,bulundu,https://ibbyildirimbeyazitilkokulu.meb.k12.tr/,2026-10-01T19:24:27.166421+00:00,,Öğrenci Sayısı 601
İstanbul,Arnavutköy,İBB Yıldırım Beyazıt İmam Hatip Ortaokulu,763628,İmam Hatip Ortaokulu,https://ibbyildirimbeyazitiho.meb.k12.tr,,,https://ibbyildirimbeyazitiho.meb.k12.tr/tema/harita.php,2026-08-31,,,bulunamadi,,2026-10-01T19:24:27.179471+00:00,,
İstanbul,Arnavutköy,İTO İbrahim Çağlar Anadolu İmam Hatip Lisesi,764824,Anadolu İmam Hatip Lisesi,https://itoibrahimcaglaraihl.meb.k12.tr,,,https://itoibrahimcaglaraihl.meb.k12.tr/tema/harita.php,2026-08-31,,,bulunamadi,,2026-10-01T19:24:27.276466+00:00,,
İstanbul,Arnavutköy,İbrahim Özaydın Mesleki ve Teknik Anadolu Lisesi,970378,Mesleki ve Teknik Anadolu Lisesi,https://iomtal.meb.k12.tr,,,https://iomtal.meb.k12.tr/tema/harita.php,2026-08-31,1245,1245,bulundu,https://iomtal.meb.k12.tr/,2026-10-01T19:24:27.411508+00:00,,Öğrenci Sayısı : 1245
İstanbul,Arnavutköy,İslambey Ortaokulu,776928,Ortaokul,https://islambeyortaokulu.meb.k12.tr,,,https://islambeyortaokulu.meb.k12.tr/tema/harita.php,2026-08-31,751,751,bulundu,https://islambeyortaokulu.meb.k12.tr/,2026-10-01T19:24:27.426814+00:00,,Öğrenci Sayısı : 751
İstanbul,Arnavutköy,İstanbul Havalimanı Mesleki ve Teknik Anadolu Lisesi,768423,Mesleki ve Teknik Anadolu Lisesi,https://istmtal.meb.k12.tr,,,https://istmtal.meb.k12.tr/tema/harita.php,2026-08-31,225,225,bulundu,https://istmtal.meb.k12.tr/,2026-10-01T19:24:27.429199+00:00,,Öğrenci Sayısı 225
İstanbul,Arnavutköy,Şehit Demet Sezen Çok Programlı Anadolu Lisesi,970265,Çok Programlı Anadolu Lisesi,https://dsezencpal.meb.k12.tr,,,https://dsezencpal.meb.k12.tr/tema/harita.php,2026-08-31,87,87,bulundu,https://dsezencpal.meb.k12.tr/tema/okulumuz_hakkinda.php,2026-10-01T19:24:27.667189+00:00,,Öğrenci : 87
İstanbul,Arnavutköy,Şehit Er Tuncay Türken Ortaokulu,735402,Ortaokul,https://sehitertuncayturken.meb.k12.tr,,,https://sehitertuncayturken.meb.k12.tr/tema/harita.php,2026-08-31,3064,3064,bulundu,https://sehitertuncayturken.meb.k12.tr/,2026-10-01T19:24:27.791021+00:00,,Öğrenci Sayısı : 3064
İstanbul,Arnavutköy,Şehit Halil İbrahim Yiğit Ortaokulu,776102,Ortaokul,https://sehithalilibrahimyigitortaokulu.meb.k12.tr,,,https://sehithalilibrahimyigitortaokulu.meb.k12.tr/tema/harita.php,2026-08-31,853,853,bulundu,https://sehithalilibrahimyigitortaokulu.meb.k12.tr/,2026-10-01T19:24:27.845000+00:00,,Öğrenci Sayısı : 853
İstanbul,Arnavutköy,Şehit Onbaşı Murat Şengöz Anadolu İmam Hatip Lisesi,752436,Anadolu İmam Hatip Lisesi,https://sehitonbasiaihl.meb.k12.tr,,,https://sehitonbasiaihl.meb.k12.tr/tema/harita.php,2026-08-31,1273,1273,bulundu,https://sehitonbasiaihl.meb.k12.tr/,2026-10-01T19:24:27.937416+00:00,,Öğrenci Sayısı : 1273
İstanbul,Arnavutköy,Şehit Selçuk Gürdal Anadolu Lisesi,748356,Anadolu Lisesi,https://selcukgurdal.meb.k12.tr,,,https://selcukgurdal.meb.k12.tr/tema/harita.php,2026-08-31,332,332,bulundu,https://selcukgurdal.meb.k12.tr/,2026-10-01T19:24:28.007799+00:00,,Öğrenci Sayısı : 332
İstanbul,Arnavutköy,Şeyh Şamil Ortaokulu,727046,Ortaokul,https://seyhsamilortaokulu.meb.k12.tr,,,https://seyhsamilortaokulu.meb.k12.tr/tema/harita.php,2026-08-31,2180,2180,bulundu,https://seyhsamilortaokulu.meb.k12.tr/,2026-10-01T19:24:28.082397+00:00,,Öğrenci Sayısı : 2180
İstanbul,Arnavutköy,Şeyh Şamil İlkokulu,743433,İlkokul,https://seyhsamililkokulu.meb.k12.tr,,,https://seyhsamililkokulu.meb.k12.tr/tema/harita.php,2026-08-31,1894,1894,bulundu,https://seyhsamililkokulu.meb.k12.tr/,2026-10-01T19:24:28.200529+00:00,,Öğrenci Sayısı : 1894
İstanbul,Ataşehir,Ahmet Keleşoğlu Fen Lisesi,769286,Fen Lisesi,https://atakfl.meb.k12.tr,,,https://atakfl.meb.k12.tr/tema/harita.php,2026-08-31,733,733,bulundu,https://atakfl.meb.k12.tr/,2026-10-01T19:24:28.327313+00:00,,Öğrenci Sayısı 733
İstanbul,Ataşehir,Akşemsettin Anaokulu,970343,Anaokulu,https://aksemsettinanaokulu.meb.k12.tr,,,https://aksemsettinanaokulu.meb.k12.tr/tema/harita.php,2026-08-31,116,116,bulundu,https://aksemsettinanaokulu.meb.k12.tr/,2026-10-01T19:24:28.463648+00:00,,Öğrenci Sayısı: 116
İstanbul,Ataşehir,Akşemsettin İlkokulu,727033,İlkokul,https://aksemsettinilkokuluatasehir.meb.k12.tr,,,https://aksemsettinilkokuluatasehir.meb.k12.tr/tema/harita.php,2026-08-31,1228,1228,bulundu,https://aksemsettinilkokuluatasehir.meb.k12.tr/,2026-10-01T19:24:28.801737+00:00,,Öğrenci Sayısı : 1228
İstanbul,Ataşehir,Ali Fuat Cebesoy İlkokulu,727029,İlkokul,https://alifuatcebesoyilkokulu.meb.k12.tr,,,https://alifuatcebesoyilkokulu.meb.k12.tr/tema/harita.php,2026-08-31,671,671,bulundu,https://alifuatcebesoyilkokulu.meb.k12.tr/,2026-10-01T19:24:28.809538+00:00,,Öğrenci Sayısı 671
İstanbul,Ataşehir,Ali Nihat Tarlan İlkokulu,727024,İlkokul,https://alinihadtarlanilkokulu.meb.k12.tr,,,https://alinihadtarlanilkokulu.meb.k12.tr/tema/harita.php,2026-08-31,,,bulunamadi,,2026-10-01T19:24:28.843112+00:00,,
İstanbul,Ataşehir,Ali İhsan Hayırlıoğlu Ortaokulu,727025,Ortaokul,https://atasehiraliihsan.meb.k12.tr,,,https://atasehiraliihsan.meb.k12.tr/tema/harita.php,2026-08-31,1325,1325,bulundu,https://atasehiraliihsan.meb.k12.tr/,2026-10-01T19:24:29.121125+00:00,,Öğrenci Sayısı 1325
İstanbul,Ataşehir,Ata İlkokulu,726443,İlkokul,https://atasehiratailkokulu.meb.k12.tr,,,https://atasehiratailkokulu.meb.k12.tr/tema/harita.php,2026-08-31,665,665,bulundu,https://atasehiratailkokulu.meb.k12.tr/,2026-10-01T19:24:29.258107+00:00,,Öğrenci Sayısı 665
İstanbul,Ataşehir,Ataşehir 100. Yıl Cumhuriyet Anadolu Lisesi,970222,Anadolu Lisesi,https://aycal.meb.k12.tr,,,https://aycal.meb.k12.tr/tema/harita.php,2026-08-31,1462,1462,bulundu,https://aycal.meb.k12.tr/,2026-10-01T19:24:29.280176+00:00,,Öğrenci Sayısı : 1462
İstanbul,Ataşehir,Ataşehir Anadolu Halk Eğitimi Merkezi,769074,Halk Eğitimi Merkezi,https://anadoluhem.meb.k12.tr,,,https://anadoluhem.meb.k12.tr/tema/harita.php,2026-08-31,,,bulunamadi,,2026-10-01T19:24:29.311240+00:00,,
İstanbul,Ataşehir,Ataşehir Dilek Sabancı Ticaret Mesleki ve Teknik Anadolu Lisesi,969906,Mesleki ve Teknik Anadolu Lisesi,https://dileksabanci.meb.k12.tr,,,https://dileksabanci.meb.k12.tr/tema/harita.php,2026-08-31,681,681,bulundu,https://dileksabanci.meb.k12.tr/tema/okulumuz_hakkinda.php,2026-10-01T19:24:29.616190+00:00,,Öğrenci : 681
İstanbul,Ataşehir,Ataşehir Emlak Konut Ortaokulu,759330,Ortaokul,https://eko.meb.k12.tr,,,https://eko.meb.k12.tr/tema/harita.php,2026-08-31,1400,1400,bulundu,https://eko.meb.k12.tr/,2026-10-01T19:24:29.648182+00:00,,Öğrenci Sayısı : 1400
İstanbul,Ataşehir,Ataşehir Halk Eğitimi Merkezi,970543,Halk Eğitimi Merkezi,https://atasehirhem.meb.k12.tr,,,https://atasehirhem.meb.k12.tr/tema/harita.php,2026-08-31,,,bulunamadi,,2026-10-01T19:24:29.665276+00:00,,
İstanbul,Ataşehir,Ataşehir Kız Anadolu İmam Hatip Lisesi,758374,Anadolu İmam Hatip Lisesi,https://atasehirkizanadoluihl.meb.k12.tr,,,https://atasehirkizanadoluihl.meb.k12.tr/tema/harita.php,2026-08-31,903,903,bulundu,https://atasehirkizanadoluihl.meb.k12.tr/,2026-10-01T19:24:29.707609+00:00,,Öğrenci Sayısı : 903
İstanbul,Ataşehir,Ataşehir Rehberlik ve Araştırma Merkezi,973610,Rehberlik ve Araştırma Merkezi,https://atasehirram.meb.k12.tr,,,https://atasehirram.meb.k12.tr/tema/harita.php,2026-08-31,,,bulunamadi,,2026-10-01T19:24:29.796220+00:00,,
İstanbul,Ataşehir,Ataşehir Remzi Bayraktar Ticaret Mesleki ve Teknik Anadolu Lisesi,969904,Mesleki ve Teknik Anadolu Lisesi,https://remzibayraktar.meb.k12.tr,,,https://remzibayraktar.meb.k12.tr/tema/harita.php,2026-08-31,593,593,bulundu,https://remzibayraktar.meb.k12.tr/,2026-10-01T19:24:29.810486+00:00,,Öğrenci Sayısı : 593
İstanbul,Ataşehir,Ataşehir Rotary Anadolu Lisesi,969905,Anadolu Lisesi,https://aral.meb.k12.tr,,,https://aral.meb.k12.tr/tema/harita.php,2026-08-31,985,985,bulundu,https://aral.meb.k12.tr/,2026-10-01T19:24:29.922062+00:00,,Öğrenci Sayısı : 985
İstanbul,Ataşehir,Ataşehir Yunus Emre Özel Eğitim Uygulama Okulu I. Kademe,763308,Özel Eğitim Kurumu,https://atasehiryunusemre1.meb.k12.tr,,,https://atasehiryunusemre1.meb.k12.tr/tema/harita.php,2026-08-31,,,bulunamadi,,2026-10-01T19:24:30.014933+00:00,,
İstanbul,Ataşehir,Ataşehir Yunus Emre Özel Eğitim Uygulama Okulu II. Kademe,763309,Özel Eğitim Kurumu,https://atasehiryunusemre2.meb.k12.tr,,,https://atasehiryunusemre2.meb.k12.tr/tema/harita.php,2026-08-31,26,26,bulundu,https://atasehiryunusemre2.meb.k12.tr/,2026-10-01T19:24:30.068904+00:00,,Öğrenci Sayısı : 26
İstanbul,Ataşehir,Ataşehir Yunus Emre Özel Eğitim Uygulama Okulu III. Kademe,763310,Özel Eğitim Kurumu,https://atasehiryunusemre.meb.k12.tr,,,https://atasehiryunusemre.meb.k12.tr/tema/harita.php,2026-08-31,142,142,bulundu,https://atasehiryunusemre.meb.k12.tr/,2026-10-01T19:24:30.160417+00:00,,Öğrenci Sayısı : 142
İstanbul,Ataşehir,Ataşehir Özel Eğitim Meslek Okulu,747245,Özel Eğitim Kurumu,https://atasehirisokulu.meb.k12.tr,,,https://atasehirisokulu.meb.k12.tr/tema/harita.php,2026-08-31,120,120,bulundu,https://atasehirisokulu.meb.k12.tr/,2026-10-01T19:24:30.198513+00:00,,Öğrenci Sayısı : 120
İstanbul,Ataşehir,Ataşehir İbrahim Müteferrika Mesleki ve Teknik Anadolu Lisesi,972659,Mesleki ve Teknik Anadolu Lisesi,https://imtem.meb.k12.tr,,,https://imtem.meb.k12.tr/tema/harita.php,2026-08-31,612,612,bulundu,https://imtem.meb.k12.tr/,2026-10-01T19:24:30.221665+00:00,,Öğrenci Sayısı : 612
İstanbul,Ataşehir,Ataşehir İlkokulu,767724,İlkokul,https://atasehirilkokulu.meb.k12.tr,,,https://atasehirilkokulu.meb.k12.tr/tema/harita.php,2026-08-31,648,648,bulundu,https://atasehirilkokulu.meb.k12.tr/,2026-10-01T19:24:30.223623+00:00,,Öğrenci Sayısı 648
İstanbul,Ataşehir,Aydın Doğan Güzel Sanatlar Lisesi,752008,Güzel Sanatlar Lisesi,https://aydindogangsl.meb.k12.tr,,,https://aydindogangsl.meb.k12.tr/tema/harita.php,2026-08-31,276,276,bulundu,https://aydindogangsl.meb.k12.tr/,2026-10-01T19:24:30.301984+00:00,,Öğrenci Sayısı 276
İstanbul,Ataşehir,Aşık Veysel Anadolu Lisesi,761630,Anadolu Lisesi,https://asikveyselanadolulisesi.meb.k12.tr,,,https://asikveyselanadolulisesi.meb.k12.tr/tema/harita.php,2026-08-31,759,759,bulundu,https://asikveyselanadolulisesi.meb.k12.tr/tema/okulumuz_hakkinda.php,2026-10-01T19:24:30.390722+00:00,,Öğrenci : 759
İstanbul,Ataşehir,Cahit Zarifoğlu Anadolu İmam Hatip Lisesi,758376,Anadolu İmam Hatip Lisesi,https://cahitzarifogluaihl.meb.k12.tr,,,https://cahitzarifogluaihl.meb.k12.tr/tema/harita.php,2026-08-31,512,512,bulundu,https://cahitzarifogluaihl.meb.k12.tr/,2026-10-01T19:24:30.433221+00:00,,Öğrenci Sayısı : 512
İstanbul,Ataşehir,Celal Yardımcı Ortaokulu,727020,Ortaokul,https://celalyardimcioo.meb.k12.tr,,,https://celalyardimcioo.meb.k12.tr/tema/harita.php,2026-08-31,786,786,bulundu,https://celalyardimcioo.meb.k12.tr/,2026-10-01T19:24:30.589989+00:00,,Öğrenci Sayısı 786
İstanbul,Ataşehir,Celal Yardımcı İlkokulu,727021,İlkokul,https://celalyardimciio.meb.k12.tr,,,https://celalyardimciio.meb.k12.tr/tema/harita.php,2026-08-31,614,614,bulundu,https://celalyardimciio.meb.k12.tr/,2026-10-01T19:24:30.624563+00:00,,Öğrenci Sayısı : 614
İstanbul,Ataşehir,Cemile Besler İlkokulu,727006,İlkokul,https://cemilebeslerilkokulu.meb.k12.tr,,,https://cemilebeslerilkokulu.meb.k12.tr/tema/harita.php,2026-08-31,879,879,bulundu,https://cemilebeslerilkokulu.meb.k12.tr/,2026-10-01T19:24:30.648601+00:00,,Öğrenci Sayısı : 879
İstanbul,Ataşehir,Dr. Nureddin Erk-Perihan Erk Mesleki ve Teknik Anadolu Lisesi,967505,Mesleki ve Teknik Anadolu Lisesi,https://erkmtal.meb.k12.tr,,,https://erkmtal.meb.k12.tr/tema/harita.php,2026-08-31,865,865,bulundu,https://erkmtal.meb.k12.tr/,2026-10-01T19:24:30.686827+00:00,,Öğrenci Sayısı 865
İstanbul,Ataşehir,Enerjisa İstanbul Meslekî ve Teknik Anadolu Lisesi,769358,Mesleki ve Teknik Anadolu Lisesi,https://enerjisaistanbul.meb.k12.tr,,,https://enerjisaistanbul.meb.k12.tr/tema/harita.php,2026-08-31,440,440,bulundu,https://enerjisaistanbul.meb.k12.tr/tema/okulumuz_hakkinda.php,2026-10-01T19:24:30.702461+00:00,,Öğrenci : 440
İstanbul,Ataşehir,Esatpaşa Anadolu İmam Hatip Lisesi,970228,Anadolu İmam Hatip Lisesi,https://esatpasaihl.meb.k12.tr,,,https://esatpasaihl.meb.k12.tr/tema/harita.php,2026-08-31,315,315,bulundu,https://esatpasaihl.meb.k12.tr/,2026-10-01T19:24:30.761669+00:00,,Öğrenci Sayısı 315
İstanbul,Ataşehir,Esatpaşa Anaokulu,751466,Anaokulu,https://esatpasanaokulu.meb.k12.tr,,,https://esatpasanaokulu.meb.k12.tr/tema/harita.php,2026-08-31,286,286,bulundu,https://esatpasanaokulu.meb.k12.tr/,2026-10-01T19:24:30.871444+00:00,,Öğrenci Sayısı : 286
İstanbul,Ataşehir,Fahriye Vandemir Anaokulu,974221,Anaokulu,https://fahriyevandemiranaokulu.meb.k12.tr,,,https://fahriyevandemiranaokulu.meb.k12.tr/tema/harita.php,2026-08-31,132,132,bulundu,https://fahriyevandemiranaokulu.meb.k12.tr/,2026-10-01T19:24:30.918282+00:00,,Öğrenci Sayısı : 132
İstanbul,Ataşehir,Fatih Sultan Mehmet Eğitim ve Araştırma Hastanesi Kopuzlar Vakfı Anaokulu,749854,Anaokulu,https://fsmhastanesikopuzlarvakfanaokulu.meb.k12.tr,,,https://fsmhastanesikopuzlarvakfanaokulu.meb.k12.tr/tema/harita.php,2026-08-31,121,121,bulundu,https://fsmhastanesikopuzlarvakfanaokulu.meb.k12.tr/,2026-10-01T19:24:31.347441+00:00,,Öğrenci Sayısı : 121
İstanbul,Ataşehir,Fetih Borsa İstanbul İlkokulu,727001,İlkokul,https://fetihborsaistanbulilkokulu.meb.k12.tr,,,https://fetihborsaistanbulilkokulu.meb.k12.tr/tema/harita.php,2026-08-31,1051,1051,bulundu,https://fetihborsaistanbulilkokulu.meb.k12.tr/tema/okulumuz_hakkinda.php,2026-10-01T19:24:31.408011+00:00,,Öğrenci : 1051
İstanbul,Ataşehir,Habire Yahşi Anadolu Lisesi,969688,Anadolu Lisesi,https://habireyahsi.meb.k12.tr,,,https://habireyahsi.meb.k12.tr/tema/harita.php,2026-08-31,746,746,bulundu,https://habireyahsi.meb.k12.tr/,2026-10-01T19:24:31.578255+00:00,,Öğrenci Sayısı 746
İstanbul,Ataşehir,Halil Atamavcı İlkokulu,726470,İlkokul,https://halilatamavci.meb.k12.tr,,,https://halilatamavci.meb.k12.tr/tema/harita.php,2026-08-31,864,864,bulundu,https://halilatamavci.meb.k12.tr/,2026-10-01T19:24:31.669962+00:00,,Öğrenci Sayısı 864
İstanbul,Ataşehir,Harezmi Anadolu Lisesi,768121,Anadolu Lisesi,https://harezmial.meb.k12.tr,,,https://harezmial.meb.k12.tr/tema/harita.php,2026-08-31,813,813,bulundu,https://harezmial.meb.k12.tr/,2026-10-01T19:24:31.758735+00:00,,Öğrenci Sayısı : 813
İstanbul,Ataşehir,Kadriye Faik Koparan İlkokulu,726994,İlkokul,https://kfkio.meb.k12.tr,,,https://kfkio.meb.k12.tr/tema/harita.php,2026-08-31,826,826,bulundu,https://kfkio.meb.k12.tr/,2026-10-01T19:24:31.772695+00:00,,Öğrenci Sayısı : 826
İstanbul,Ataşehir,Kanuni Sultan Süleyman İlkokulu,969254,İlkokul,https://kanunisultansuleymanilkokulu.meb.k12.tr,,,https://kanunisultansuleymanilkokulu.meb.k12.tr/tema/harita.php,2026-08-31,527,527,bulundu,https://kanunisultansuleymanilkokulu.meb.k12.tr/,2026-10-01T19:24:31.858455+00:00,,Öğrenci Sayısı : 527
İstanbul,Ataşehir,Kayışdağı Arif Paşa İlkokulu,727284,İlkokul,https://arifpasailkokulu.meb.k12.tr,,,https://arifpasailkokulu.meb.k12.tr/tema/harita.php,2026-08-31,874,874,bulundu,https://arifpasailkokulu.meb.k12.tr/,2026-10-01T19:24:31.999028+00:00,,Öğrenci Sayısı 874
İstanbul,Ataşehir,Küçükbakkalköy Kemal Berktan Ortaokulu,731866,Ortaokul,https://kemalberktan.meb.k12.tr,,,https://kemalberktan.meb.k12.tr/tema/harita.php,2026-08-31,788,788,bulundu,https://kemalberktan.meb.k12.tr/,2026-10-01T19:24:32.392182+00:00,,Öğrenci Sayısı : 788
İstanbul,Ataşehir,Lemanana Anaokulu,974496,Anaokulu,https://lemananaanaokulu.meb.k12.tr,,,https://lemananaanaokulu.meb.k12.tr/tema/harita.php,2026-08-31,205,205,bulundu,https://lemananaanaokulu.meb.k12.tr/,2026-10-01T19:24:32.404266+00:00,,Öğrenci Sayısı : 205
İstanbul,Ataşehir,Lions Özel Eğitim Meslek Okulu,747818,Özel Eğitim Kurumu,https://atasehirlionsoemem.meb.k12.tr,,,https://atasehirlionsoemem.meb.k12.tr/tema/harita.php,2026-08-31,57,57,bulundu,https://atasehirlionsoemem.meb.k12.tr/,2026-10-01T19:24:32.448620+00:00,,Öğrenci Sayısı : 57
İstanbul,Ataşehir,Mehmet Akif Ersoy İlkokulu,758842,İlkokul,https://atasehirmehmetakifersoyilkokulu.meb.k12.tr,,,https://atasehirmehmetakifersoyilkokulu.meb.k12.tr/tema/harita.php,2026-08-31,739,739,bulundu,https://atasehirmehmetakifersoyilkokulu.meb.k12.tr/,2026-10-01T19:24:32.475873+00:00,,Öğrenci Sayısı : 739
İstanbul,Ataşehir,Mehmet Rauf Anadolu Lisesi,970221,Anadolu Lisesi,https://mehmetraufanadolulisesi.meb.k12.tr,,,https://mehmetraufanadolulisesi.meb.k12.tr/tema/harita.php,2026-08-31,656,656,bulundu,https://mehmetraufanadolulisesi.meb.k12.tr/,2026-10-01T19:24:32.673985+00:00,,Öğrenci Sayısı 656
İstanbul,Ataşehir,Mevlana Kız Mesleki ve Teknik Anadolu Lisesi,973091,Mesleki ve Teknik Anadolu Lisesi,https://mevlanaktml.meb.k12.tr,,,https://mevlanaktml.meb.k12.tr/tema/harita.php,2026-08-31,768,768,bulundu,https://mevlanaktml.meb.k12.tr/,2026-10-01T19:24:32.900299+00:00,,Öğrenci Sayısı 768
İstanbul,Ataşehir,Mustafa Kemal Anadolu Lisesi,969683,Anadolu Lisesi,https://atamukal.meb.k12.tr,,,https://atamukal.meb.k12.tr/tema/harita.php,2026-08-31,700,700,bulundu,https://atamukal.meb.k12.tr/,2026-10-01T19:24:32.902184+00:00,,Öğrenci Sayısı : 700
İstanbul,Ataşehir,Mustafa Zeki Demir İlkokulu,727399,İlkokul,https://mustafazekidemirilkokulu.meb.k12.tr,,,https://mustafazekidemirilkokulu.meb.k12.tr/tema/harita.php,2026-08-31,662,662,bulundu,https://mustafazekidemirilkokulu.meb.k12.tr/,2026-10-01T19:24:32.926058+00:00,,Öğrenci Sayısı : 662
İstanbul,Ataşehir,Mustafa Öncel Ortaokulu,727285,Ortaokul,https://mustafaoncelortaokulu.meb.k12.tr,,,https://mustafaoncelortaokulu.meb.k12.tr/tema/harita.php,2026-08-31,770,770,bulundu,https://mustafaoncelortaokulu.meb.k12.tr/,2026-10-01T19:24:33.362835+00:00,,Öğrenci Sayısı 770
İstanbul,Ataşehir,Mustafa Öncel İlkokulu,727286,İlkokul,https://mustafaoncelilkokulu.meb.k12.tr,,,https://mustafaoncelilkokulu.meb.k12.tr/tema/harita.php,2026-08-31,760,760,bulundu,https://mustafaoncelilkokulu.meb.k12.tr/,2026-10-01T19:24:33.388678+00:00,,Öğrenci Sayısı : 760
İstanbul,Ataşehir,Necatibey İlkokulu,727397,İlkokul,https://necatibeyilkokuluatasehir.meb.k12.tr,,,https://necatibeyilkokuluatasehir.meb.k12.tr/tema/harita.php,2026-08-31,716,716,bulundu,https://necatibeyilkokuluatasehir.meb.k12.tr/,2026-10-01T19:24:33.407061+00:00,,Öğrenci Sayısı : 716
İstanbul,Ataşehir,Nuri Cıngıllıoğlu Mesleki ve Teknik Anadolu Lisesi,969687,Mesleki ve Teknik Anadolu Lisesi,https://nuricingillioglu.meb.k12.tr,,,https://nuricingillioglu.meb.k12.tr/tema/harita.php,2026-08-31,691,691,bulundu,https://nuricingillioglu.meb.k12.tr/tema/okulumuz_hakkinda.php,2026-10-01T19:24:33.441244+00:00,,Öğrenci : 691
İstanbul,Ataşehir,Orhan Veli Ortaokulu,727394,Ortaokul,https://orhanveliortaokulu.meb.k12.tr,,,https://orhanveliortaokulu.meb.k12.tr/tema/harita.php,2026-08-31,690,690,bulundu,https://orhanveliortaokulu.meb.k12.tr/tema/okulumuz_hakkinda.php,2026-10-01T19:24:33.473739+00:00,,Öğrenci : 690
İstanbul,Ataşehir,Piri Reis Ortaokulu,727392,Ortaokul,https://atasehirpirireisoo.meb.k12.tr,,,https://atasehirpirireisoo.meb.k12.tr/tema/harita.php,2026-08-31,1242,1242,bulundu,https://atasehirpirireisoo.meb.k12.tr/,2026-10-01T19:24:33.641189+00:00,,Öğrenci Sayısı 1242
İstanbul,Ataşehir,Rabia Leman İmam Hatip Ortaokulu,733791,İmam Hatip Ortaokulu,https://rabialemaniho.meb.k12.tr,,,https://rabialemaniho.meb.k12.tr/tema/harita.php,2026-08-31,151,151,bulundu,https://rabialemaniho.meb.k12.tr/,2026-10-01T19:24:33.665914+00:00,,Öğrenci Sayısı : 151
İstanbul,Ataşehir,Sait Cordan Ortaokulu,727389,Ortaokul,https://saitcordan.meb.k12.tr,,,https://saitcordan.meb.k12.tr/tema/harita.php,2026-08-31,991,991,bulundu,https://saitcordan.meb.k12.tr/,2026-10-01T19:24:33.673527+00:00,,Öğrenci Sayısı : 991
İstanbul,Ataşehir,Sakarya İlkokulu,726507,İlkokul,https://atasehirsakaryaio.meb.k12.tr,,,https://atasehirsakaryaio.meb.k12.tr/tema/harita.php,2026-08-31,376,376,bulundu,https://atasehirsakaryaio.meb.k12.tr/,2026-10-01T19:24:33.712306+00:00,,Öğrenci Sayısı: 376
İstanbul,Ataşehir,Sare Selahattin Uzal Ortaokulu,727384,Ortaokul,https://suo.meb.k12.tr,,,https://suo.meb.k12.tr/tema/harita.php,2026-08-31,370,370,bulundu,https://suo.meb.k12.tr/,2026-10-01T19:24:33.806341+00:00,,Öğrenci Sayısı : 370
İstanbul,Ataşehir,Sare Selahattin Uzal İlkokulu,727386,İlkokul,https://sui.meb.k12.tr,,,https://sui.meb.k12.tr/tema/harita.php,2026-08-31,479,479,bulundu,https://sui.meb.k12.tr/,2026-10-01T19:24:34.042034+00:00,,Öğrenci Sayısı: 479
İstanbul,Ataşehir,T. Emlak Bankası Ataşehir Ortaokulu,727369,Ortaokul,https://tebatasehirortaokulu.meb.k12.tr,,,https://tebatasehirortaokulu.meb.k12.tr/tema/harita.php,2026-08-31,1668,1668,bulundu,https://tebatasehirortaokulu.meb.k12.tr/,2026-10-01T19:24:34.060311+00:00,,Öğrenci Sayısı 1668
İstanbul,Ataşehir,TEB Ataşehir Anadolu Lisesi,972857,Anadolu Lisesi,https://tebaal.meb.k12.tr,,,https://tebaal.meb.k12.tr/tema/harita.php,2026-08-31,767,767,bulundu,https://tebaal.meb.k12.tr/tema/okulumuz_hakkinda.php,2026-10-01T19:24:34.085242+00:00,,Öğrenci : 767
İstanbul,Ataşehir,Türkiye Emlak Bankası Ataşehir Anaokulu,970341,Anaokulu,https://tebatasehiranaokulu.meb.k12.tr,,,https://tebatasehiranaokulu.meb.k12.tr/tema/harita.php,2026-08-31,105,105,bulundu,https://tebatasehiranaokulu.meb.k12.tr/,2026-10-01T19:24:34.196239+00:00,,Öğrenci Sayısı 105
İstanbul,Ataşehir,Türkiye Spastik Çocuklar Vakfı Metin Sabancı Özel Eğitim Uygulama Okulu I. Kademe,776642,Özel Eğitim Kurumu,https://776642.meb.k12.tr,,,https://776642.meb.k12.tr/tema/harita.php,2026-08-31,28,28,bulundu,https://776642.meb.k12.tr/tema/okulumuz_hakkinda.php,2026-10-01T19:24:34.233798+00:00,,Öğrenci : 28
İstanbul,Ataşehir,Türkiye Spastik Çocuklar Vakfı Metin Sabancı Özel Eğitim Uygulama Okulu II. Kademe,776643,Özel Eğitim Kurumu,https://776643.meb.k12.tr,,,https://776643.meb.k12.tr/tema/harita.php,2026-08-31,34,34,bulundu,https://776643.meb.k12.tr/,2026-10-01T19:24:34.267795+00:00,,Öğrenci Sayısı 34
İstanbul,Ataşehir,Türkiye Spastik Çocuklar Vakfı Metin Sabancı Özel Eğitim Uygulama Okulu III. Kademe,777175,Özel Eğitim Kurumu,https://777175.meb.k12.tr,,,https://777175.meb.k12.tr/tema/harita.php,2026-08-31,0,0,bulundu,https://777175.meb.k12.tr/,2026-10-01T19:24:34.303090+00:00,,Öğrenci Sayısı : 0
İstanbul,Ataşehir,Türkiye Spastik Çocuklar Vakfı Metin Sabancı Özel Eğitim İlkokulu,776640,İlkokul,https://tsvmetinsabancie.meb.k12.tr,,,https://tsvmetinsabancie.meb.k12.tr/tema/harita.php,2026-08-31,6,6,bulundu,https://tsvmetinsabancie.meb.k12.tr/tema/okulumuz_hakkinda.php,2026-10-01T19:24:34.316768+00:00,,Öğrenci : 6
İstanbul,Ataşehir,Ulubatlı Hasan Mesleki Eğitim Merkezi,970273,Mesleki Eğitim Merkezi,https://ulubatlihasanmem.meb.k12.tr,,,https://ulubatlihasanmem.meb.k12.tr/tema/harita.php,2026-08-31,1410,1410,bulundu,https://ulubatlihasanmem.meb.k12.tr/,2026-10-01T19:24:34.320423+00:00,,Öğrenci Sayısı : 1410
İstanbul,Ataşehir,Vergi Denetim Kurulu Anaokulu,774497,Anaokulu,https://vdkanaokulu.meb.k12.tr,,,https://vdkanaokulu.meb.k12.tr/tema/harita.php,2026-08-31,98,98,bulundu,https://vdkanaokulu.meb.k12.tr/,2026-10-01T19:24:34.325233+00:00,,Öğrenci Sayısı: 98
İstanbul,Ataşehir,Yahya Kemal Beyatlı Ortaokulu,731882,Ortaokul,https://ykbeyatliortaokulu.meb.k12.tr,,,https://ykbeyatliortaokulu.meb.k12.tr/tema/harita.php,2026-08-31,1062,1062,bulundu,https://ykbeyatliortaokulu.meb.k12.tr/,2026-10-01T19:24:34.337679+00:00,,Öğrenci Sayısı : 1062
İstanbul,Ataşehir,Yeditepe Özel Eğitim Meslek Lisesi,970173,Mesleki ve Teknik Anadolu Lisesi,https://yeditepeozelegitim.meb.k12.tr,,,https://yeditepeozelegitim.meb.k12.tr/tema/harita.php,2026-08-31,58,58,bulundu,https://yeditepeozelegitim.meb.k12.tr/,2026-10-01T19:24:34.535937+00:00,,Öğrenci Sayısı 58
İstanbul,Ataşehir,Yenisahra Öğretmen Duriye Nuriye Endürüst Ortaokulu,731881,Ortaokul,https://yenisahradne.meb.k12.tr,,,https://yenisahradne.meb.k12.tr/tema/harita.php,2026-08-31,280,280,bulundu,https://yenisahradne.meb.k12.tr/,2026-10-01T19:24:34.556346+00:00,,Öğrenci Sayısı 280
İstanbul,Ataşehir,Çağrıbey İlkokulu,726459,İlkokul,https://cagrbeyilkokulu.meb.k12.tr,,,https://cagrbeyilkokulu.meb.k12.tr/tema/harita.php,2026-08-31,715,715,bulundu,https://cagrbeyilkokulu.meb.k12.tr/,2026-10-01T19:24:34.927365+00:00,,Öğrenci Sayısı : 715
İstanbul,Ataşehir,Ümit Meriç Kız Anadolu İmam Hatip Lisesi,758388,Anadolu İmam Hatip Lisesi,https://umitmerickizaihl.meb.k12.tr,,,https://umitmerickizaihl.meb.k12.tr/tema/harita.php,2026-08-31,670,670,bulundu,https://umitmerickizaihl.meb.k12.tr/,2026-10-01T19:24:34.951380+00:00,,Öğrenci Sayısı 670
İstanbul,Ataşehir,İhsan Kurşunoğlu Ortaokulu,726995,Ortaokul,https://ihsankursunogluortaokulu.meb.k12.tr,,,https://ihsankursunogluortaokulu.meb.k12.tr/tema/harita.php,2026-08-31,1089,1089,bulundu,https://ihsankursunogluortaokulu.meb.k12.tr/,2026-10-01T19:24:35.000548+00:00,,Öğrenci Sayısı 1089
İstanbul,Ataşehir,İstanbul Ataşehir Zübeyde Hanım Eğitim ve Uygulama Merkezi,776171,Özel Eğitim Kurumu,https://776171.meb.k12.tr,,,https://776171.meb.k12.tr/tema/harita.php,2026-08-31,0,0,bulundu,https://776171.meb.k12.tr/tema/okulumuz_hakkinda.php,2026-10-01T19:24:35.054443+00:00,,Öğrenci : 0
İstanbul,Ataşehir,İstanbul Ataşehir Zübeyde Hanım Hizmetiçi Eğitim Enstitüsü ve Akşam Sanat Okulu,752643,Hizmet İçi Eğitim Enstitüsü,https://zubeydehanimhee.meb.k12.tr,,,https://zubeydehanimhee.meb.k12.tr/tema/harita.php,2026-08-31,,,bulunamadi,,2026-10-01T19:24:35.123820+00:00,,
İstanbul,Ataşehir,İstanbul Fuat Sezgin Bilim ve Sanat Merkezi,970178,Bilim ve Sanat Merkezi,https://istanbulbilsem.meb.k12.tr,,,https://istanbulbilsem.meb.k12.tr/tema/harita.php,2026-08-31,1261,1261,bulundu,https://istanbulbilsem.meb.k12.tr/,2026-10-01T19:24:35.133046+00:00,,Öğrenci Sayısı : 1261
İstanbul,Ataşehir,İstanbul Prof Faik Somer Spor Lisesi,972563,Spor Lisesi,https://faiksomersporlisesi.meb.k12.tr,,,https://faiksomersporlisesi.meb.k12.tr/tema/harita.php,2026-08-31,218,218,bulundu,https://faiksomersporlisesi.meb.k12.tr/,2026-10-01T19:24:35.202274+00:00,,Öğrenci Sayısı : 218
İstanbul,Ataşehir,İçerenköy Hasanleyli Ortaokulu,726997,Ortaokul,https://hasanleyli.meb.k12.tr,,,https://hasanleyli.meb.k12.tr/tema/harita.php,2026-08-31,594,594,bulundu,https://hasanleyli.meb.k12.tr/tema/okulumuz_hakkinda.php,2026-10-01T19:24:35.354390+00:00,,Öğrenci : 594
İstanbul,Ataşehir,İçerenköy Hasanleyli İlkokulu,726998,İlkokul,https://icerenkoyhasanleyli.meb.k12.tr,,,https://icerenkoyhasanleyli.meb.k12.tr/tema/harita.php,2026-08-31,696,696,bulundu,https://icerenkoyhasanleyli.meb.k12.tr/,2026-10-01T19:24:35.547650+00:00,,Öğrenci Sayısı 696
İstanbul,Ataşehir,Şehit Akın Sertçelik Anadolu İmam Hatip Lisesi,762177,Anadolu İmam Hatip Lisesi,https://sasaihl.meb.k12.tr,,,https://sasaihl.meb.k12.tr/tema/harita.php,2026-08-31,1067,1067,bulundu,https://sasaihl.meb.k12.tr/,2026-10-01T19:24:35.561170+00:00,,Öğrenci Sayısı : 1067
İstanbul,Ataşehir,Şehit Cengiz Hasbal Ortaokulu,727380,Ortaokul,https://sehitcengizhasbalortaokulu.meb.k12.tr,,,https://sehitcengizhasbalortaokulu.meb.k12.tr/tema/harita.php,2026-08-31,838,838,bulundu,https://sehitcengizhasbalortaokulu.meb.k12.tr/,2026-10-01T19:24:35.977243+00:00,,Öğrenci Sayısı : 838
İstanbul,Ataşehir,Şehit Haşim Usta İmam Hatip Ortaokulu,734774,İmam Hatip Ortaokulu,https://sehithasimusta.meb.k12.tr,,,https://sehithasimusta.meb.k12.tr/tema/harita.php,2026-08-31,706,706,bulundu,https://sehithasimusta.meb.k12.tr/,2026-10-01T19:24:35.990670+00:00,,Öğrenci Sayısı : 706
İstanbul,Ataşehir,Şehit Öğretmen Hasan Akan İlkokulu,727378,İlkokul,https://hasanakan.meb.k12.tr,,,https://hasanakan.meb.k12.tr/tema/harita.php,2026-08-31,1416,1416,bulundu,https://hasanakan.meb.k12.tr/,2026-10-01T19:24:36.002650+00:00,,Öğrenci Sayısı 1416
İstanbul,Ataşehir,Şehit Öğretmen Mehmet Fidan Ortaokulu,727372,Ortaokul,https://mfo.meb.k12.tr,,,https://mfo.meb.k12.tr/tema/harita.php,2026-08-31,891,891,bulundu,https://mfo.meb.k12.tr/,2026-10-01T19:24:36.051228+00:00,,Öğrenci Sayısı : 891
İstanbul,Ataşehir,Şehit Öğretmen Mehmet Fidan İlkokulu,727374,İlkokul,https://mfi.meb.k12.tr,,,https://mfi.meb.k12.tr/tema/harita.php,2026-08-31,944,944,bulundu,https://mfi.meb.k12.tr/,2026-10-01T19:24:36.133295+00:00,,Öğrenci Sayısı : 944
İstanbul,Ataşehir,Şehit Öğretmen Nuriye Ak Anaokulu,970342,Anaokulu,https://nuriyeakanaokulu.meb.k12.tr,,,https://nuriyeakanaokulu.meb.k12.tr/tema/harita.php,2026-08-31,174,174,bulundu,https://nuriyeakanaokulu.meb.k12.tr/,2026-10-01T19:24:36.457730+00:00,,Öğrenci Sayısı : 174
İstanbul,Ataşehir,Şerife Bacı Özel Eğitim Anaokulu,759368,Anaokulu,https://serifebaciozelegitimanaokulu.meb.k12.tr,,,https://serifebaciozelegitimanaokulu.meb.k12.tr/tema/harita.php,2026-08-31,40,40,bulundu,https://serifebaciozelegitimanaokulu.meb.k12.tr/,2026-10-01T19:24:36.494629+00:00,,Öğrenci Sayısı : 40
İstanbul,Avcılar,AMBARLI SELAHATTİN VE MÜZEYYEN KAÇAKER ANAOKULU,965353,Anaokulu,https://kacakerao.meb.k12.tr,,,https://kacakerao.meb.k12.tr/tema/harita.php,2026-08-31,182,182,bulundu,https://kacakerao.meb.k12.tr/,2026-10-01T19:24:36.503861+00:00,,Öğrenci Sayısı : 182
İstanbul,Avcılar,Abdulkadir Uztürk Ortaokulu,727512,Ortaokul,https://akadiruzturkoo.meb.k12.tr,,,https://akadiruzturkoo.meb.k12.tr/tema/harita.php,2026-08-31,816,816,bulundu,https://akadiruzturkoo.meb.k12.tr/,2026-10-01T19:24:36.889162+00:00,,Öğrenci Sayısı : 816
İstanbul,Avcılar,Abdulkadir Uztürk İlkokulu,727510,İlkokul,https://abdulkadiruzturkilkokulu.meb.k12.tr,,,https://abdulkadiruzturkilkokulu.meb.k12.tr/tema/harita.php,2026-08-31,779,779,bulundu,https://abdulkadiruzturkilkokulu.meb.k12.tr/,2026-10-01T19:24:36.926385+00:00,,Öğrenci Sayısı: 779
İstanbul,Avcılar,Abdülkadir Öztemir Anaokulu,750330,Anaokulu,https://abdulkadiroztemir.meb.k12.tr,,,https://abdulkadiroztemir.meb.k12.tr/tema/harita.php,2026-08-31,233,233,bulundu,https://abdulkadiroztemir.meb.k12.tr/tema/okulumuz_hakkinda.php,2026-10-01T19:24:37.115107+00:00,,Öğrenci : 233
İstanbul,Avcılar,Ali Karay Ortaokulu,727565,Ortaokul,https://avcilaralikarayortaokulu.meb.k12.tr,,,https://avcilaralikarayortaokulu.meb.k12.tr/tema/harita.php,2026-08-31,2045,2045,bulundu,https://avcilaralikarayortaokulu.meb.k12.tr/,2026-10-01T19:24:37.126648+00:00,,Öğrenci Sayısı : 2045
İstanbul,Avcılar,Alsancak Ortaokulu,727561,Ortaokul,https://avcilaralsancakoo.meb.k12.tr,,,https://avcilaralsancakoo.meb.k12.tr/tema/harita.php,2026-08-31,648,648,bulundu,https://avcilaralsancakoo.meb.k12.tr/,2026-10-01T19:24:37.194884+00:00,,Öğrenci Sayısı 648
İstanbul,Avcılar,Alsancak İlkokulu,727564,İlkokul,https://avcilaralsancakio.meb.k12.tr,,,https://avcilaralsancakio.meb.k12.tr/tema/harita.php,2026-08-31,713,713,bulundu,https://avcilaralsancakio.meb.k12.tr/,2026-10-01T19:24:37.254061+00:00,,Öğrenci Sayısı 713
İstanbul,Avcılar,Ambarlı İlkokulu,382484,İlkokul,https://ambarli.meb.k12.tr,,,https://ambarli.meb.k12.tr/tema/harita.php,2026-08-31,1677,1677,bulundu,https://ambarli.meb.k12.tr/,2026-10-01T19:24:37.329957+00:00,,Öğrenci Sayısı : 1677
İstanbul,Avcılar,Atatürk Ortaokulu,727556,Ortaokul,https://avcilarataturkortaokulu.meb.k12.tr,,,https://avcilarataturkortaokulu.meb.k12.tr/tema/harita.php,2026-08-31,1485,1485,bulundu,https://avcilarataturkortaokulu.meb.k12.tr/,2026-10-01T19:24:37.380590+00:00,,Öğrenci Sayısı : 1485
İstanbul,Avcılar,Avcılar Anadolu Lisesi,300948,Anadolu Lisesi,https://avcilaranadolulisesi.meb.k12.tr,,,https://avcilaranadolulisesi.meb.k12.tr/tema/harita.php,2026-08-31,767,767,bulundu,https://avcilaranadolulisesi.meb.k12.tr/,2026-10-01T19:24:37.436584+00:00,,Öğrenci Sayısı : 767
İstanbul,Avcılar,Avcılar Asım ve Nurhan Kocabıyık Öğretmenevi ve Akşam Sanat Okulu,749919,Öğretmenevi,https://avcilarogretmenevi.meb.k12.tr,,,https://avcilarogretmenevi.meb.k12.tr/tema/harita.php,2026-08-31,,,bulunamadi,,2026-10-01T19:24:37.469129+00:00,,
İstanbul,Avcılar,Avcılar Bilim ve Sanat Merkezi,765941,Bilim ve Sanat Merkezi,https://avcilarbilsem.meb.k12.tr,,,https://avcilarbilsem.meb.k12.tr/tema/harita.php,2026-08-31,423,423,bulundu,https://avcilarbilsem.meb.k12.tr/,2026-10-01T19:24:37.493093+00:00,,Öğrenci Sayısı 423
İstanbul,Avcılar,Avcılar Borsa İstanbul Özel Eğitim Uygulama Okulu III. Kademe,748092,Özel Eğitim Kurumu,https://avcilarisum.meb.k12.tr,,,https://avcilarisum.meb.k12.tr/tema/harita.php,2026-08-31,64,64,bulundu,https://avcilarisum.meb.k12.tr/,2026-10-01T19:24:37.493970+00:00,,Öğrenci Sayısı 64
İstanbul,Avcılar,Avcılar Firüzköy Anadolu Lisesi,776178,Anadolu Lisesi,https://776178.meb.k12.tr,,,https://776178.meb.k12.tr/tema/harita.php,2026-08-31,1158,1158,bulundu,https://776178.meb.k12.tr/,2026-10-01T19:24:37.538546+00:00,,Öğrenci Sayısı : 1158
İstanbul,Avcılar,Avcılar Halk Eğitimi Merkezi,307257,Halk Eğitimi Merkezi,https://avcilarhem.meb.k12.tr,,,https://avcilarhem.meb.k12.tr/tema/harita.php,2026-08-31,,,bulunamadi,,2026-10-01T19:24:37.576597+00:00,,
İstanbul,Avcılar,Avcılar Kız Anadolu İmam Hatip Lisesi,974472,Anadolu İmam Hatip Lisesi,https://avcilaraihl.meb.k12.tr,,,https://avcilaraihl.meb.k12.tr/tema/harita.php,2026-08-31,526,526,bulundu,https://avcilaraihl.meb.k12.tr/,2026-10-01T19:24:37.872052+00:00,,Öğrenci Sayısı 526
İstanbul,Avcılar,Avcılar Mesleki Eğitim Merkezi,775820,Mesleki Eğitim Merkezi,https://avcilarmeslekiegitimmerkezi.meb.k12.tr,,,https://avcilarmeslekiegitimmerkezi.meb.k12.tr/tema/harita.php,2026-08-31,995,995,bulundu,https://avcilarmeslekiegitimmerkezi.meb.k12.tr/,2026-10-01T19:24:37.981581+00:00,,Öğrenci Sayısı : 995
İstanbul,Avcılar,Avcılar Mesleki ve Teknik Anadolu Lisesi,307221,Mesleki ve Teknik Anadolu Lisesi,https://avcilareml.meb.k12.tr,,,https://avcilareml.meb.k12.tr/tema/harita.php,2026-08-31,1612,1612,bulundu,https://avcilareml.meb.k12.tr/,2026-10-01T19:24:38.005175+00:00,,Öğrenci Sayısı : 1612
İstanbul,Avcılar,Avcılar Rehberlik ve Araştırma Merkezi,396150,Rehberlik ve Araştırma Merkezi,https://avcilarram.meb.k12.tr,,,https://avcilarram.meb.k12.tr/tema/harita.php,2026-08-31,,,bulunamadi,,2026-10-01T19:24:38.042734+00:00,,
İstanbul,Avcılar,Avcılar Saide Zorlu Ticaret Mesleki ve Teknik Anadolu Lisesi,750335,Mesleki ve Teknik Anadolu Lisesi,https://saidezorlu.meb.k12.tr,,,https://saidezorlu.meb.k12.tr/tema/harita.php,2026-08-31,1043,1043,bulundu,https://saidezorlu.meb.k12.tr/tema/okulumuz_hakkinda.php,2026-10-01T19:24:38.045247+00:00,,Öğrenci : 1043
İstanbul,Avcılar,Borsa İstanbul Ispartakule Anadolu Lisesi,767104,Anadolu Lisesi,https://ispartakuleanadolulisesi.meb.k12.tr,,,https://ispartakuleanadolulisesi.meb.k12.tr/tema/harita.php,2026-08-31,1465,1465,bulundu,https://ispartakuleanadolulisesi.meb.k12.tr/,2026-10-01T19:24:38.261508+00:00,,Öğrenci Sayısı : 1465
İstanbul,Avcılar,Borusan Oto Zehra-Nurhan Kocabıyık Ortaokulu,727552,Ortaokul,https://borusanotoznkoo.meb.k12.tr,,,https://borusanotoznkoo.meb.k12.tr/tema/harita.php,2026-08-31,1075,1075,bulundu,https://borusanotoznkoo.meb.k12.tr/,2026-10-01T19:24:38.355234+00:00,,Öğrenci Sayısı : 1075
İstanbul,Avcılar,Cihangir Ortaokulu,727550,Ortaokul,https://cihangirortaokulu.meb.k12.tr,,,https://cihangirortaokulu.meb.k12.tr/tema/harita.php,2026-08-31,1801,1801,bulundu,https://cihangirortaokulu.meb.k12.tr/,2026-10-01T19:24:38.365492+00:00,,Öğrenci Sayısı 1801
İstanbul,Avcılar,Cihangir İlkokulu,727551,İlkokul,https://cihangirilkokulu.meb.k12.tr,,,https://cihangirilkokulu.meb.k12.tr/tema/harita.php,2026-08-31,838,838,bulundu,https://cihangirilkokulu.meb.k12.tr/,2026-10-01T19:24:38.418194+00:00,,Öğrenci Sayısı : 838
İstanbul,Avcılar,Cumhuriyet İlkokulu,727549,İlkokul,https://avcilarcumhuriyetilkokulu.meb.k12.tr,,,https://avcilarcumhuriyetilkokulu.meb.k12.tr/tema/harita.php,2026-08-31,1469,1469,bulundu,https://avcilarcumhuriyetilkokulu.meb.k12.tr/,2026-10-01T19:24:38.596061+00:00,,Öğrenci Sayısı 1469
İstanbul,Avcılar,Denizköşkler İlkokulu,726520,İlkokul,https://denizkoskler.meb.k12.tr,,,https://denizkoskler.meb.k12.tr/tema/harita.php,2026-08-31,1165,1165,bulundu,https://denizkoskler.meb.k12.tr/,2026-10-01T19:24:38.827390+00:00,,Öğrenci Sayısı: 1165
İstanbul,Avcılar,Emlak Konut Ertuğrul Gazi Ortaokulu,765769,Ortaokul,https://avcilarertugrulgazioo.meb.k12.tr,,,https://avcilarertugrulgazioo.meb.k12.tr/tema/harita.php,2026-08-31,1158,1158,bulundu,https://avcilarertugrulgazioo.meb.k12.tr/,2026-10-01T19:24:38.869811+00:00,,Öğrenci Sayısı : 1158
İstanbul,Avcılar,Emlak Konut Mehmet Akif İnan Ortaokulu,765541,Ortaokul,https://avcilarmehmetakifinanortaokulu.meb.k12.tr,,,https://avcilarmehmetakifinanortaokulu.meb.k12.tr/tema/harita.php,2026-08-31,593,593,bulundu,https://avcilarmehmetakifinanortaokulu.meb.k12.tr/,2026-10-01T19:24:39.086402+00:00,,Öğrenci Sayısı 593
İstanbul,Avcılar,Emlak Konut Nurettin Topçu İlkokulu,765540,İlkokul,https://avcilarnurettintopcu.meb.k12.tr,,,https://avcilarnurettintopcu.meb.k12.tr/tema/harita.php,2026-08-31,511,511,bulundu,https://avcilarnurettintopcu.meb.k12.tr/,2026-10-01T19:24:39.113674+00:00,,Öğrenci Sayısı: 511
İstanbul,Avcılar,Emlak Konut Sultan Alparslan İlkokulu,765758,İlkokul,https://avcilarsultanalparslanilkokulu.meb.k12.tr,,,https://avcilarsultanalparslanilkokulu.meb.k12.tr/tema/harita.php,2026-08-31,1242,1242,bulundu,https://avcilarsultanalparslanilkokulu.meb.k12.tr/,2026-10-01T19:24:39.164450+00:00,,Öğrenci Sayısı 1242
İstanbul,Avcılar,Fatih Sultan Mehmet Anadolu İmam Hatip Lisesi,752232,Anadolu İmam Hatip Lisesi,https://avcilarfatihsultanmehmetaihl.meb.k12.tr,,,https://avcilarfatihsultanmehmetaihl.meb.k12.tr/tema/harita.php,2026-08-31,552,552,bulundu,https://avcilarfatihsultanmehmetaihl.meb.k12.tr/,2026-10-01T19:24:39.202257+00:00,,Öğrenci Sayısı : 552
İstanbul,Avcılar,Filibeli Ahmet Hilmi İmam Hatip Ortaokulu,766331,İmam Hatip Ortaokulu,https://filibeliahmethilmiiho.meb.k12.tr,,,https://filibeliahmethilmiiho.meb.k12.tr/tema/harita.php,2026-08-31,791,791,bulundu,https://filibeliahmethilmiiho.meb.k12.tr/,2026-10-01T19:24:39.215939+00:00,,Öğrenci Sayısı : 791
İstanbul,Avcılar,Firuzköy İlkokulu,727546,İlkokul,https://firuzkoyilkokulu.meb.k12.tr,,,https://firuzkoyilkokulu.meb.k12.tr/tema/harita.php,2026-08-31,828,828,bulundu,https://firuzkoyilkokulu.meb.k12.tr/,2026-10-01T19:24:39.267694+00:00,,Öğrenci Sayısı 828
İstanbul,Avcılar,Gümüşpala Anaokulu,965333,Anaokulu,https://gumuspalaanaokulu.meb.k12.tr,,,https://gumuspalaanaokulu.meb.k12.tr/tema/harita.php,2026-08-31,,,bulunamadi,,2026-10-01T19:24:39.308592+00:00,,
İstanbul,Avcılar,Gümüşpala Mesleki ve Teknik Anadolu Lisesi,745844,Mesleki ve Teknik Anadolu Lisesi,https://gumuspalamtal.meb.k12.tr,,,https://gumuspalamtal.meb.k12.tr/tema/harita.php,2026-08-31,710,710,bulundu,https://gumuspalamtal.meb.k12.tr/,2026-10-01T19:24:39.313241+00:00,,Öğrenci Sayısı 710
İstanbul,Avcılar,Gümüşpala İlkokulu,726529,İlkokul,https://gumuspalailkokulu.meb.k12.tr,,,https://gumuspalailkokulu.meb.k12.tr/tema/harita.php,2026-08-31,1054,1054,bulundu,https://gumuspalailkokulu.meb.k12.tr/,2026-10-01T19:24:39.360358+00:00,,Öğrenci Sayısı: 1054
İstanbul,Avcılar,Güngör Tekiner Ortaokulu,307150,Ortaokul,https://gungortekiner.meb.k12.tr,,,https://gungortekiner.meb.k12.tr/tema/harita.php,2026-08-31,824,824,bulundu,https://gungortekiner.meb.k12.tr/,2026-10-01T19:24:39.501354+00:00,,Öğrenci Sayısı 824
İstanbul,Avcılar,Haydar Akın Mesleki ve Teknik Anadolu Lisesi,353921,Mesleki ve Teknik Anadolu Lisesi,https://haydarakin.meb.k12.tr,,,https://haydarakin.meb.k12.tr/tema/harita.php,2026-08-31,744,744,bulundu,https://haydarakin.meb.k12.tr/,2026-10-01T19:24:39.675012+00:00,,Öğrenci Sayısı : 744
İstanbul,Avcılar,Ispartakule Anaokulu,767910,Anaokulu,https://ispartakuleanaokulu.meb.k12.tr,,,https://ispartakuleanaokulu.meb.k12.tr/tema/harita.php,2026-08-31,205,205,bulundu,https://ispartakuleanaokulu.meb.k12.tr/,2026-10-01T19:24:39.880239+00:00,,Öğrenci Sayısı : 205
İstanbul,Avcılar,Ispartakule İlkokulu,776926,İlkokul,https://ispartakuleilkokulu.meb.k12.tr,,,https://ispartakuleilkokulu.meb.k12.tr/tema/harita.php,2026-08-31,1139,1139,bulundu,https://ispartakuleilkokulu.meb.k12.tr/,2026-10-01T19:24:39.924354+00:00,,Öğrenci Sayısı 1139
İstanbul,Avcılar,Kemal Atay Mesleki ve Teknik Anadolu Lisesi,753055,Mesleki ve Teknik Anadolu Lisesi,https://kemalatay.meb.k12.tr,,,https://kemalatay.meb.k12.tr/tema/harita.php,2026-08-31,,,bulunamadi,,2026-10-01T19:24:39.962903+00:00,,
İstanbul,Avcılar,Leyla Bayram İlkokulu,761832,İlkokul,https://leylabayramilkokulu.meb.k12.tr,,,https://leylabayramilkokulu.meb.k12.tr/tema/harita.php,2026-08-31,3135,3135,bulundu,https://leylabayramilkokulu.meb.k12.tr/,2026-10-01T19:24:40.079575+00:00,,Öğrenci Sayısı 3135
İstanbul,Avcılar,Mareşal Fevzi Çakmak İlkokulu,727539,İlkokul,https://avcilarmaresalilkokulu.meb.k12.tr,,,https://avcilarmaresalilkokulu.meb.k12.tr/tema/harita.php,2026-08-31,1611,1611,bulundu,https://avcilarmaresalilkokulu.meb.k12.tr/,2026-10-01T19:24:40.138774+00:00,,Öğrenci Sayısı 1611
İstanbul,Avcılar,Mehmet Baydar Anadolu Lisesi,968004,Anadolu Lisesi,https://mbl.meb.k12.tr,,,https://mbl.meb.k12.tr/tema/harita.php,2026-08-31,1172,1172,bulundu,https://mbl.meb.k12.tr/,2026-10-01T19:24:40.164603+00:00,,Öğrenci Sayısı 1172
İstanbul,Avcılar,Mehmet Emin Horoz Mesleki ve Teknik Anadolu Lisesi,964062,Mesleki ve Teknik Anadolu Lisesi,https://mehmeteminhoroz.meb.k12.tr,,,https://mehmeteminhoroz.meb.k12.tr/tema/harita.php,2026-08-31,1089,1089,bulundu,https://mehmeteminhoroz.meb.k12.tr/,2026-10-01T19:24:40.435215+00:00,,Öğrenci Sayısı : 1089
İstanbul,Avcılar,Mehmetçik İlkokulu,727536,İlkokul,https://avcilarmehmetcik.meb.k12.tr,,,https://avcilarmehmetcik.meb.k12.tr/tema/harita.php,2026-08-31,1096,1096,bulundu,https://avcilarmehmetcik.meb.k12.tr/,2026-10-01T19:24:40.524975+00:00,,Öğrenci Sayısı : 1096
İstanbul,Avcılar,Milli Eğitim Vakfı Nihat Çandarlı Ortaokulu,731884,Ortaokul,https://mevnihatcandarliortaokulu.meb.k12.tr,,,https://mevnihatcandarliortaokulu.meb.k12.tr/tema/harita.php,2026-08-31,2650,2650,bulundu,https://mevnihatcandarliortaokulu.meb.k12.tr/,2026-10-01T19:24:40.544527+00:00,,Öğrenci Sayısı : 2650
İstanbul,Avcılar,Muhsin Yazıcıoğlu İlkokulu,768090,İlkokul,https://avcilarmuhsinyaziciogluilkokulu.meb.k12.tr,,,https://avcilarmuhsinyaziciogluilkokulu.meb.k12.tr/tema/harita.php,2026-08-31,1837,1837,bulundu,https://avcilarmuhsinyaziciogluilkokulu.meb.k12.tr/,2026-10-01T19:24:40.658099+00:00,,Öğrenci Sayısı 1837
İstanbul,Avcılar,Mustafa Kemal Paşa Ortaokulu,315703,Ortaokul,https://avcilarmustafakemalpasa.meb.k12.tr,,,https://avcilarmustafakemalpasa.meb.k12.tr/tema/harita.php,2026-08-31,1156,1156,bulundu,https://avcilarmustafakemalpasa.meb.k12.tr/,2026-10-01T19:24:40.677732+00:00,,Öğrenci Sayısı 1156
İstanbul,Avcılar,Necdet Semker Ortaokulu,727524,Ortaokul,https://necdetsemkerortaokulu.meb.k12.tr,,,https://necdetsemkerortaokulu.meb.k12.tr/tema/harita.php,2026-08-31,1298,1298,bulundu,https://necdetsemkerortaokulu.meb.k12.tr/tema/okulumuz_hakkinda.php,2026-10-01T19:24:40.710101+00:00,,Öğrenci : 1298
İstanbul,Avcılar,Necdet Semker İlkokulu,727526,İlkokul,https://necdetsemkerilkokulu.meb.k12.tr,,,https://necdetsemkerilkokulu.meb.k12.tr/tema/harita.php,2026-08-31,,,bulunamadi,,2026-10-01T19:24:40.804079+00:00,,
İstanbul,Avcılar,Nimet Kamuran Korkmaz Özel Eğitim Uygulama Okulu I. Kademe,747089,Özel Eğitim Kurumu,https://nimetkamurankorkmaz.meb.k12.tr,,,https://nimetkamurankorkmaz.meb.k12.tr/tema/harita.php,2026-08-31,,,bulunamadi,,2026-10-01T19:24:40.870391+00:00,,
İstanbul,Avcılar,Nimet Kamuran Korkmaz Özel Eğitim Uygulama Okulu II. Kademe,747447,Özel Eğitim Kurumu,https://avcilarnkkoeuo2.meb.k12.tr,,,https://avcilarnkkoeuo2.meb.k12.tr/tema/harita.php,2026-08-31,52,52,bulundu,https://avcilarnkkoeuo2.meb.k12.tr/,2026-10-01T19:24:40.895932+00:00,,Öğrenci Sayısı 52
İstanbul,Avcılar,Sabancı 50. Yıl Anadolu Lisesi,750871,Anadolu Lisesi,https://sabanci50yillisesi.meb.k12.tr,,,https://sabanci50yillisesi.meb.k12.tr/tema/harita.php,2026-08-31,,,bulunamadi,,2026-10-01T19:24:40.968947+00:00,,
İstanbul,Avcılar,Selahaddin-Müzeyyen Kaçaker Anaokulu,887444,Anaokulu,https://smkanaokulu.meb.k12.tr,,,https://smkanaokulu.meb.k12.tr/tema/harita.php,2026-08-31,,,bulunamadi,,2026-10-01T19:24:41.226763+00:00,,
İstanbul,Avcılar,Süleyman Nazif Anadolu Lisesi,964197,Anadolu Lisesi,https://suleymannazif.meb.k12.tr,,,https://suleymannazif.meb.k12.tr/tema/harita.php,2026-08-31,554,554,bulundu,https://suleymannazif.meb.k12.tr/,2026-10-01T19:24:41.233992+00:00,,Öğrenci Sayısı : 554
İstanbul,Avcılar,Tahtakale İlkokulu,776932,İlkokul,https://tahtakaleilkokulu.meb.k12.tr,,,https://tahtakaleilkokulu.meb.k12.tr/tema/harita.php,2026-08-31,305,305,bulundu,https://tahtakaleilkokulu.meb.k12.tr/,2026-10-01T19:24:41.239919+00:00,,Öğrenci Sayısı: 305
İstanbul,Avcılar,Toki Salih Şükriye Yoluç Ortaokulu,727520,Ortaokul,https://tokisalihsukriyeoo.meb.k12.tr,,,https://tokisalihsukriyeoo.meb.k12.tr/tema/harita.php,2026-08-31,,,bulunamadi,,2026-10-01T19:24:41.395591+00:00,,
İstanbul,Avcılar,Türkiyenin Işığı Anaokulu,764014,Anaokulu,https://turkiyeninisigi.meb.k12.tr,,,https://turkiyeninisigi.meb.k12.tr/tema/harita.php,2026-08-31,141,141,bulundu,https://turkiyeninisigi.meb.k12.tr/,2026-10-01T19:24:41.438269+00:00,,Öğrenci Sayısı: 141
İstanbul,Avcılar,Vali Rıdvan Yenişen İlkokulu,813435,İlkokul,https://valiridvanyenisen.meb.k12.tr,,,https://valiridvanyenisen.meb.k12.tr/tema/harita.php,2026-08-31,1872,1872,bulundu,https://valiridvanyenisen.meb.k12.tr/,2026-10-01T19:24:41.457365+00:00,,Öğrenci Sayısı 1872
İstanbul,Avcılar,Yunus Emre İmam Hatip Ortaokulu,761812,İmam Hatip Ortaokulu,https://avcilaryunusemreiho.meb.k12.tr,,,https://avcilaryunusemreiho.meb.k12.tr/tema/harita.php,2026-08-31,206,206,bulundu,https://avcilaryunusemreiho.meb.k12.tr/,2026-10-01T19:24:41.488012+00:00,,Öğrenci Sayısı : 206
İstanbul,Avcılar,Ömer Seyfettin Ortaokulu,731886,Ortaokul,https://omerseyfettinortaokulu.meb.k12.tr,,,https://omerseyfettinortaokulu.meb.k12.tr/tema/harita.php,2026-08-31,530,530,bulundu,https://omerseyfettinortaokulu.meb.k12.tr/,2026-10-01T19:24:41.494371+00:00,,Öğrenci Sayısı 530
İstanbul,Avcılar,İHKİB Avcılar Kız Mesleki ve Teknik Anadolu Lisesi,357034,Mesleki ve Teknik Anadolu Lisesi,https://avcilarihkib.meb.k12.tr,,,https://avcilarihkib.meb.k12.tr/tema/harita.php,2026-08-31,534,534,bulundu,https://avcilarihkib.meb.k12.tr/,2026-10-01T19:24:41.808402+00:00,,Öğrenci Sayısı 534
İstanbul,Avcılar,İnönü Ortaokulu,727540,Ortaokul,https://avcilarinonuortaokulu.meb.k12.tr,,,https://avcilarinonuortaokulu.meb.k12.tr/tema/harita.php,2026-08-31,970,970,bulundu,https://avcilarinonuortaokulu.meb.k12.tr/tema/okulumuz_hakkinda.php,2026-10-01T19:24:41.904611+00:00,,Öğrenci : 970
İstanbul,Avcılar,İnönü İlkokulu,727542,İlkokul,https://avcilarinonuilkokulu.meb.k12.tr,,,https://avcilarinonuilkokulu.meb.k12.tr/tema/harita.php,2026-08-31,804,804,bulundu,https://avcilarinonuilkokulu.meb.k12.tr/,2026-10-01T19:24:41.927473+00:00,,Öğrenci Sayısı : 804
İstanbul,Avcılar,İstanbul Büyükşehir Şehit Şerife Bacı Mesleki ve Teknik Anadolu Lisesi,973090,Mesleki ve Teknik Anadolu Lisesi,https://sehitserifebacimtal.meb.k12.tr,,,https://sehitserifebacimtal.meb.k12.tr/tema/harita.php,2026-08-31,1330,1330,bulundu,https://sehitserifebacimtal.meb.k12.tr/,2026-10-01T19:24:41.961163+00:00,,Öğrenci Sayısı : 1330
İstanbul,Avcılar,İstanbul Üniversitesi Cerrahpaşa Anaokulu,774886,Anaokulu,https://774886.meb.k12.tr,,,https://774886.meb.k12.tr/tema/harita.php,2026-08-31,77,77,bulundu,https://774886.meb.k12.tr/tema/okulumuz_hakkinda.php,2026-10-01T19:24:41.985963+00:00,,Öğrenci : 77
İstanbul,Avcılar,Şehit Beşir Balcıoğlu Ortaokulu,727522,Ortaokul,https://avcilarsbboo.meb.k12.tr,,,https://avcilarsbboo.meb.k12.tr/tema/harita.php,2026-08-31,1900,1900,bulundu,https://avcilarsbboo.meb.k12.tr/tema/okulumuz_hakkinda.php,2026-10-01T19:24:42.045186+00:00,,Öğrenci : 1900
İstanbul,Avcılar,Şehit Eyüp Çolakoğlu İlkokulu,743417,İlkokul,https://sehiteyupcolakogluilkokulu.meb.k12.tr,,,https://sehiteyupcolakogluilkokulu.meb.k12.tr/tema/harita.php,2026-08-31,758,758,bulundu,https://sehiteyupcolakogluilkokulu.meb.k12.tr/,2026-10-01T19:24:42.300769+00:00,,Öğrenci Sayısı 758
İstanbul,Avcılar,Şehit Hacı Mehmet Sırma İmam Hatip Ortaokulu,734806,İmam Hatip Ortaokulu,https://sehithacimehmetsirmaiho.meb.k12.tr,,,https://sehithacimehmetsirmaiho.meb.k12.tr/tema/harita.php,2026-08-31,517,517,bulundu,https://sehithacimehmetsirmaiho.meb.k12.tr/,2026-10-01T19:24:42.360792+00:00,,Öğrenci Sayısı 517
İstanbul,Avcılar,Şehit Melih Sancar Ortaokulu,768091,Ortaokul,https://sehitmelihsancaroo.meb.k12.tr,,,https://sehitmelihsancaroo.meb.k12.tr/tema/harita.php,2026-08-31,2124,2124,bulundu,https://sehitmelihsancaroo.meb.k12.tr/,2026-10-01T19:24:42.389800+00:00,,Öğrenci Sayısı : 2124
İstanbul,Avcılar,Şehit Murat Kocatürk Anadolu İmam Hatip Lisesi,762179,Anadolu İmam Hatip Lisesi,https://sehitmuratkocaturkaihl.meb.k12.tr,,,https://sehitmuratkocaturkaihl.meb.k12.tr/tema/harita.php,2026-08-31,240,240,bulundu,https://sehitmuratkocaturkaihl.meb.k12.tr/,2026-10-01T19:24:42.443447+00:00,,Öğrenci Sayısı 240
İstanbul,Avcılar,Şehit Ramazan Sarıkaya Kız Anadolu İmam Hatip Lisesi,768432,Anadolu İmam Hatip Lisesi,https://sehitramazansarikayakaihl.meb.k12.tr,,,https://sehitramazansarikayakaihl.meb.k12.tr/tema/harita.php,2026-08-31,267,267,bulundu,https://sehitramazansarikayakaihl.meb.k12.tr/,2026-10-01T19:24:42.503234+00:00,,Öğrenci Sayısı : 267
İstanbul,Avcılar,Şehit Tahsin Gerekli İmam Hatip Ortaokulu,762295,İmam Hatip Ortaokulu,https://sehittahsingerekliiho.meb.k12.tr,,,https://sehittahsingerekliiho.meb.k12.tr/tema/harita.php,2026-08-31,307,307,bulundu,https://sehittahsingerekliiho.meb.k12.tr/,2026-10-01T19:24:42.545858+00:00,,Öğrenci Sayısı 307
İstanbul,Avcılar,Şehit Şerife Bacı İlkokulu,727515,İlkokul,https://avcilarserifebaci.meb.k12.tr,,,https://avcilarserifebaci.meb.k12.tr/tema/harita.php,2026-08-31,525,525,bulundu,https://avcilarserifebaci.meb.k12.tr/,2026-10-01T19:24:42.577866+00:00,,Öğrenci Sayısı 525
İstanbul,Bahçelievler,15 Temmuz Şehitleri Anadolu İmam Hatip Lisesi,762377,Anadolu İmam Hatip Lisesi,https://aihl15temmuz.meb.k12.tr,,,https://aihl15temmuz.meb.k12.tr/tema/harita.php,2026-08-31,770,770,bulundu,https://aihl15temmuz.meb.k12.tr/,2026-10-01T19:24:42.647825+00:00,,Öğrenci Sayısı 770
İstanbul,Bahçelievler,15 Temmuz Şehitleri İlkokulu,762819,İlkokul,https://ilkokul15temmuzsehitleri.meb.k12.tr,,,https://ilkokul15temmuzsehitleri.meb.k12.tr/tema/harita.php,2026-08-31,584,584,bulundu,https://ilkokul15temmuzsehitleri.meb.k12.tr/,2026-10-01T19:24:42.781167+00:00,,Öğrenci Sayısı : 584
İstanbul,Bahçelievler,75.Yıl Cumhuriyet İlkokulu,742515,İlkokul,https://bahcelievler75yililkokulu.meb.k12.tr,,,https://bahcelievler75yililkokulu.meb.k12.tr/tema/harita.php,2026-08-31,1008,1008,bulundu,https://bahcelievler75yililkokulu.meb.k12.tr/,2026-10-01T19:24:42.970176+00:00,,Öğrenci Sayısı: 1008
İstanbul,Bahçelievler,Adnan Menderes Anadolu Lisesi,344469,Anadolu Lisesi,https://bahcelievleradnanmenderes.meb.k12.tr,,,https://bahcelievleradnanmenderes.meb.k12.tr/tema/harita.php,2026-08-31,565,565,bulundu,https://bahcelievleradnanmenderes.meb.k12.tr/tema/okulumuz_hakkinda.php,2026-10-01T19:24:43.030226+00:00,,Öğrenci : 565
İstanbul,Bahçelievler,Ahmet Şişman Kız Anadolu İmam Hatip Lisesi,748787,Anadolu İmam Hatip Lisesi,https://ahmetsismankizaihl.meb.k12.tr,,,https://ahmetsismankizaihl.meb.k12.tr/tema/harita.php,2026-08-31,648,648,bulundu,https://ahmetsismankizaihl.meb.k12.tr/,2026-10-01T19:24:43.152655+00:00,,Öğrenci Sayısı 648
İstanbul,Bahçelievler,Akın Anaokulu,966373,Anaokulu,https://akinanaokulu.meb.k12.tr,,,https://akinanaokulu.meb.k12.tr/tema/harita.php,2026-08-31,123,123,bulundu,https://akinanaokulu.meb.k12.tr/,2026-10-01T19:24:43.244813+00:00,,Öğrenci Sayısı 123
İstanbul,Bahçelievler,Ali Haydar Günver İlkokulu,742570,İlkokul,https://alihaydargunver.meb.k12.tr,,,https://alihaydargunver.meb.k12.tr/tema/harita.php,2026-08-31,1565,1565,bulundu,https://alihaydargunver.meb.k12.tr/,2026-10-01T19:24:43.264263+00:00,,Öğrenci Sayısı 1565
İstanbul,Bahçelievler,Ali İsmail Resne Anaokulu,776143,Anaokulu,https://776143.meb.k12.tr,,,https://776143.meb.k12.tr/tema/harita.php,2026-08-31,110,110,bulundu,https://776143.meb.k12.tr/,2026-10-01T19:24:43.543318+00:00,,Öğrenci Sayısı: 110
İstanbul,Bahçelievler,Ali Şükrü Sula Kız Anadolu İmam Hatip Lisesi,967567,Anadolu İmam Hatip Lisesi,https://alisukrusulakizanadoluihl.meb.k12.tr,,,https://alisukrusulakizanadoluihl.meb.k12.tr/tema/harita.php,2026-08-31,776,776,bulundu,https://alisukrusulakizanadoluihl.meb.k12.tr/tema/okulumuz_hakkinda.php,2026-10-01T19:24:43.619188+00:00,,Öğrenci : 776
İstanbul,Bahçelievler,Altınyıldız İlkokulu,742568,İlkokul,https://altinyildizilkokulu.meb.k12.tr,,,https://altinyildizilkokulu.meb.k12.tr/tema/harita.php,2026-08-31,773,773,bulundu,https://altinyildizilkokulu.meb.k12.tr/,2026-10-01T19:24:43.625905+00:00,,Öğrenci Sayısı : 773
İstanbul,Bahçelievler,Ata Ortaokulu,742564,Ortaokul,https://bahcelievlerataoo.meb.k12.tr,,,https://bahcelievlerataoo.meb.k12.tr/tema/harita.php,2026-08-31,1037,1037,bulundu,https://bahcelievlerataoo.meb.k12.tr/,2026-10-01T19:24:43.663219+00:00,,Öğrenci Sayısı : 1037
İstanbul,Bahçelievler,Atatürk İlkokulu,742563,İlkokul,https://bahcelievlerataturkilkokulu.meb.k12.tr,,,https://bahcelievlerataturkilkokulu.meb.k12.tr/tema/harita.php,2026-08-31,1172,1172,bulundu,https://bahcelievlerataturkilkokulu.meb.k12.tr/,2026-10-01T19:24:43.786842+00:00,,Öğrenci Sayısı 1172
İstanbul,Bahçelievler,Bahçelievler 1.Akşam Sanat Okulu,333091,Akşam Sanat Okulu,https://333091.meb.k12.tr,,,https://333091.meb.k12.tr/tema/harita.php,2026-08-31,0,0,bulundu,https://333091.meb.k12.tr/,2026-10-01T19:24:43.971775+00:00,,Öğrenci Sayısı : 0
İstanbul,Bahçelievler,Bahçelievler Abidin Pak Öğretmenevi ve Akşam Sanat Okulu,971212,Öğretmenevi,https://bahcelievlerogretmenevi.meb.k12.tr,,,https://bahcelievlerogretmenevi.meb.k12.tr/tema/harita.php,2026-08-31,,,bulunamadi,,2026-10-01T19:24:44.048331+00:00,,
İstanbul,Bahçelievler,Bahçelievler Anadolu Lisesi,344516,Anadolu Lisesi,https://bahcelievleral.meb.k12.tr,,,https://bahcelievleral.meb.k12.tr/tema/harita.php,2026-08-31,,,bulunamadi,,2026-10-01T19:24:44.125967+00:00,,
İstanbul,Bahçelievler,Bahçelievler Aydın Doğan Ticaret Mesleki ve Teknik Anadolu Lisesi,750347,Mesleki ve Teknik Anadolu Lisesi,https://aydindoganlisesi.meb.k12.tr,,,https://aydindoganlisesi.meb.k12.tr/tema/harita.php,2026-08-31,458,458,bulundu,https://aydindoganlisesi.meb.k12.tr/,2026-10-01T19:24:44.154803+00:00,,Öğrenci Sayısı : 458
İstanbul,Bahçelievler,Bahçelievler Belediyesi Anaokulu,967238,Anaokulu,https://bahcelievlerbelediyeanaokulu.meb.k12.tr,,,https://bahcelievlerbelediyeanaokulu.meb.k12.tr/tema/harita.php,2026-08-31,,,bulunamadi,,2026-10-01T19:24:44.366155+00:00,,
İstanbul,Bahçelievler,Bahçelievler Cumhuriyet Anadolu Lisesi,974871,Anadolu Lisesi,https://bahcelievlercumhuriyetal.meb.k12.tr,,,https://bahcelievlercumhuriyetal.meb.k12.tr/tema/harita.php,2026-08-31,1517,1517,bulundu,https://bahcelievlercumhuriyetal.meb.k12.tr/,2026-10-01T19:24:44.392311+00:00,,Öğrenci Sayısı 1517
İstanbul,Bahçelievler,Bahçelievler Halk Eğitimi Merkezi,307030,Halk Eğitimi Merkezi,https://bahcelievlerhem.meb.k12.tr,,,https://bahcelievlerhem.meb.k12.tr/tema/harita.php,2026-08-31,,,bulunamadi,,2026-10-01T19:24:44.456986+00:00,,
İstanbul,Bahçelievler,Bahçelievler Kumport Ortaokulu,731914,Ortaokul,https://kumport.meb.k12.tr,,,https://kumport.meb.k12.tr/tema/harita.php,2026-08-31,1020,1020,bulundu,https://kumport.meb.k12.tr/,2026-10-01T19:24:44.467016+00:00,,Öğrenci Sayısı : 1020
İstanbul,Bahçelievler,Bahçelievler Mesleki ve Teknik Anadolu Lisesi,962986,Mesleki ve Teknik Anadolu Lisesi,https://bahcelievlerasml.meb.k12.tr,,,https://bahcelievlerasml.meb.k12.tr/tema/harita.php,2026-08-31,341,341,bulundu,https://bahcelievlerasml.meb.k12.tr/,2026-10-01T19:24:44.560646+00:00,,Öğrenci Sayısı 341
İstanbul,Bahçelievler,Bahçelievler Rehberlik ve Araştırma Merkezi,965180,Rehberlik ve Araştırma Merkezi,https://bahcelievlerram.meb.k12.tr,,,https://bahcelievlerram.meb.k12.tr/tema/harita.php,2026-08-31,,,bulunamadi,,2026-10-01T19:24:44.596748+00:00,,
İstanbul,Bahçelievler,Bahçelievler Türk Telekom Mesleki ve Teknik Anadolu Lisesi,970131,Mesleki ve Teknik Anadolu Lisesi,https://turktelekomteml.meb.k12.tr,,,https://turktelekomteml.meb.k12.tr/tema/harita.php,2026-08-31,578,578,bulundu,https://turktelekomteml.meb.k12.tr/,2026-10-01T19:24:44.653965+00:00,,Öğrenci Sayısı : 578
İstanbul,Bahçelievler,Bahçelievler Türkiye Gazetesi Mesleki ve Teknik Anadolu Lisesi,344685,Mesleki ve Teknik Anadolu Lisesi,https://tgtml.meb.k12.tr,,,https://tgtml.meb.k12.tr/tema/harita.php,2026-08-31,572,572,bulundu,https://tgtml.meb.k12.tr/,2026-10-01T19:24:44.658228+00:00,,Öğrenci Sayısı : 572
İstanbul,Bahçelievler,Bahçelievler Türkiye Gazetesi Çok Programlı Anadolu Lisesi,766303,Çok Programlı Anadolu Lisesi,https://766303.meb.k12.tr,,,https://766303.meb.k12.tr/tema/harita.php,2026-08-31,0,0,bulundu,https://766303.meb.k12.tr/,2026-10-01T19:24:45.025730+00:00,,Öğrenci Sayısı : 0
İstanbul,Bahçelievler,Bahçelievler Özel Eğitim Uygulama Okulu III. Kademe,757427,Özel Eğitim Kurumu,https://bahcelievlerozelegitimuygulama.meb.k12.tr,,,https://bahcelievlerozelegitimuygulama.meb.k12.tr/tema/harita.php,2026-08-31,74,74,bulundu,https://bahcelievlerozelegitimuygulama.meb.k12.tr/tema/okulumuz_hakkinda.php,2026-10-01T19:24:45.039936+00:00,,Öğrenci : 74