Denizli,Babadağ,Kelleci Ortaokulu,722400,Ortaokul,https://kelleciortaokulu.meb.k12.tr,,,https://kelleciortaokulu.meb.k12.tr/tema/harita.php,2026-08-31,89,89,bulundu,https://kelleciortaokulu.meb.k12.tr/,2026-10-01T18:38:31.917362+00:00,,Öğrenci Sayısı 89
Denizli,Babadağ,Kelleci İlkokulu,738129,İlkokul,https://kelleciilkokulu.meb.k12.tr,,,https://kelleciilkokulu.meb.k12.tr/tema/harita.php,2026-08-31,107,107,bulundu,https://kelleciilkokulu.meb.k12.tr/,2026-10-01T18:38:32.068738+00:00,,Öğrenci Sayısı 107
Denizli,Babadağ,Mollaahmetler Ortaokulu,745357,Ortaokul,https://mollaahmetleroo.meb.k12.tr,,,https://mollaahmetleroo.meb.k12.tr/tema/harita.php,2026-08-31,,,bulunamadi,,2026-10-01T18:38:32.077644+00:00,,
Denizli,Babadağ,Mollaahmetler İlkokulu,722545,İlkokul,https://mollaahmetlerio.meb.k12.tr,,,https://mollaahmetlerio.meb.k12.tr/tema/harita.php,2026-08-31,62,62,bulundu,https://mollaahmetlerio.meb.k12.tr/,2026-10-01T18:38:32.122869+00:00,,Öğrenci Sayısı : 62
Denizli,Babadağ,Müşerref Yılmaz Ortaokulu,721777,Ortaokul,https://muserrefyilmazoo.meb.k12.tr,,,https://muserrefyilmazoo.meb.k12.tr/tema/harita.php,2026-08-31,140,140,bulundu,https://muserrefyilmazoo.meb.k12.tr/,2026-10-01T18:38:32.129813+00:00,,Öğrenci Sayısı : 140
Denizli,Babadağ,Müşerref Yılmaz İmam Hatip Ortaokulu,701788,İmam Hatip Ortaokulu,https://muserrefyilmaziho.meb.k12.tr,,,https://muserrefyilmaziho.meb.k12.tr/tema/harita.php,2026-08-31,56,56,bulundu,https://muserrefyilmaziho.meb.k12.tr/,2026-10-01T18:38:32.277528+00:00,,Öğrenci Sayısı : 56
Denizli,Baklan,Atatürk İlkokulu,287043,İlkokul,https://baklanataturk.meb.k12.tr,,,https://baklanataturk.meb.k12.tr/tema/harita.php,2026-08-31,137,137,bulundu,https://baklanataturk.meb.k12.tr/,2026-10-01T18:38:32.290046+00:00,,Öğrenci Sayısı 137
Denizli,Baklan,Baklan Anaokulu,750263,Anaokulu,https://baklananaokulu.meb.k12.tr,,,https://baklananaokulu.meb.k12.tr/tema/harita.php,2026-08-31,37,37,bulundu,https://baklananaokulu.meb.k12.tr/,2026-10-01T18:38:32.337501+00:00,,Öğrenci Sayısı: 37
Denizli,Baklan,Baklan Halk Eğitimi Merkezi,270253,Halk Eğitimi Merkezi,https://baklanhem.meb.k12.tr,,,https://baklanhem.meb.k12.tr/tema/harita.php,2026-08-31,,,bulunamadi,,2026-10-01T18:38:32.452778+00:00,,
Denizli,Baklan,Baklan Tarım Mesleki ve Teknik Anadolu Lisesi,774230,Mesleki ve Teknik Anadolu Lisesi,https://baklantarimteknolojileri.meb.k12.tr,,,https://baklantarimteknolojileri.meb.k12.tr/tema/harita.php,2026-08-31,113,113,bulundu,https://baklantarimteknolojileri.meb.k12.tr/,2026-10-01T18:38:32.567677+00:00,,Öğrenci Sayısı : 113
Denizli,Baklan,Baklan İmam Hatip Ortaokulu,746095,İmam Hatip Ortaokulu,https://baklanimamhatiportaokulu.meb.k12.tr,,,https://baklanimamhatiportaokulu.meb.k12.tr/tema/harita.php,2026-08-31,60,60,bulundu,https://baklanimamhatiportaokulu.meb.k12.tr/,2026-10-01T18:38:32.649078+00:00,,Öğrenci Sayısı 60
Denizli,Baklan,Cumhuriyet Ortaokulu,722880,Ortaokul,https://baklancumhuriyet.meb.k12.tr,,,https://baklancumhuriyet.meb.k12.tr/tema/harita.php,2026-08-31,51,51,bulundu,https://baklancumhuriyet.meb.k12.tr/,2026-10-01T18:38:32.688371+00:00,,Öğrenci Sayısı 51
Denizli,Baklan,Dağal İlkokulu,723023,İlkokul,https://dagalilkokulu.meb.k12.tr,,,https://dagalilkokulu.meb.k12.tr/tema/harita.php,2026-08-31,30,30,bulundu,https://dagalilkokulu.meb.k12.tr/,2026-10-01T18:38:32.787486+00:00,,Öğrenci Sayısı : 30
Denizli,Baklan,Hadim Ortaokulu,745361,Ortaokul,https://hadimortaokulu.meb.k12.tr,,,https://hadimortaokulu.meb.k12.tr/tema/harita.php,2026-08-31,32,32,bulundu,https://hadimortaokulu.meb.k12.tr/,2026-10-01T18:38:32.975960+00:00,,Öğrenci Sayısı 32
Denizli,Baklan,Hadim İlkokulu,722719,İlkokul,https://hadimilkokulu.meb.k12.tr,,,https://hadimilkokulu.meb.k12.tr/tema/harita.php,2026-08-31,64,64,bulundu,https://hadimilkokulu.meb.k12.tr/,2026-10-01T18:38:32.991116+00:00,,Öğrenci Sayısı 64
Denizli,Baklan,Kavaklar- Beyelli Mehmet Altaş Ortaokulu,723298,Ortaokul,https://kbmaortaokulu.meb.k12.tr,,,https://kbmaortaokulu.meb.k12.tr/tema/harita.php,2026-08-31,38,38,bulundu,https://kbmaortaokulu.meb.k12.tr/,2026-10-01T18:38:33.199519+00:00,,Öğrenci Sayısı : 38
Denizli,Baklan,Kavaklar-Beyelli Mehmet Altaş İlkokulu,723288,İlkokul,https://kbmailkokulu.meb.k12.tr,,,https://kbmailkokulu.meb.k12.tr/tema/harita.php,2026-08-31,56,56,bulundu,https://kbmailkokulu.meb.k12.tr/,2026-10-01T18:38:33.253779+00:00,,Öğrenci Sayısı : 56
Denizli,Baklan,Limak Hüsamettin Tuyji Anadolu Lisesi,768319,Anadolu Lisesi,https://768319.meb.k12.tr,,,https://768319.meb.k12.tr/tema/harita.php,2026-08-31,31,31,bulundu,https://768319.meb.k12.tr/,2026-10-01T18:38:33.339293+00:00,,Öğrenci Sayısı : 31
Denizli,Bekilli,30 Ağustos Ortaokulu,887580,Ortaokul,https://30agustosort.meb.k12.tr,,,https://30agustosort.meb.k12.tr/tema/harita.php,2026-08-31,151,151,bulundu,https://30agustosort.meb.k12.tr/,2026-10-01T18:38:33.374731+00:00,,Öğrenci Sayısı : 151
Denizli,Bekilli,Bekilli Alpaslan Anaokulu,965183,Anaokulu,https://alpaslananaokulu.meb.k12.tr,,,https://alpaslananaokulu.meb.k12.tr/tema/harita.php,2026-08-31,44,44,bulundu,https://alpaslananaokulu.meb.k12.tr/,2026-10-01T18:38:33.414593+00:00,,Öğrenci Sayısı 44
Denizli,Bekilli,Bekilli Atatürk Anadolu Lisesi,769033,Anadolu Lisesi,https://769033.meb.k12.tr,,,https://769033.meb.k12.tr/tema/harita.php,2026-08-31,73,73,bulundu,https://769033.meb.k12.tr/,2026-10-01T18:38:33.508951+00:00,,Öğrenci Sayısı : 73
Denizli,Bekilli,Bekilli Mehmet Ali Ülker Halk Eğitimi Merkezi,231639,Halk Eğitimi Merkezi,https://bekillihem.meb.k12.tr,,,https://bekillihem.meb.k12.tr/tema/harita.php,2026-08-31,,,bulunamadi,,2026-10-01T18:38:33.612028+00:00,,
Denizli,Bekilli,Kurtuluş İlkokulu,853458,İlkokul,https://bekillikurtulusilkokulu.meb.k12.tr,,,https://bekillikurtulusilkokulu.meb.k12.tr/tema/harita.php,2026-08-31,156,156,bulundu,https://bekillikurtulusilkokulu.meb.k12.tr/,2026-10-01T18:38:33.692143+00:00,,Öğrenci Sayısı : 156
Denizli,Bekilli,Sırıklı İlkokulu,853143,İlkokul,https://853143.meb.k12.tr,,,https://853143.meb.k12.tr/tema/harita.php,2026-08-31,27,27,bulundu,https://853143.meb.k12.tr/,2026-10-01T18:38:33.719245+00:00,,Öğrenci Sayısı : 27
Denizli,Beyağaç,Atatürk Ortaokulu,885301,Ortaokul,https://beyagacataturk.meb.k12.tr,,,https://beyagacataturk.meb.k12.tr/tema/harita.php,2026-08-31,168,168,bulundu,https://beyagacataturk.meb.k12.tr/,2026-10-01T18:38:33.743373+00:00,,Öğrenci Sayısı : 168
Denizli,Beyağaç,Atatürk İlkokulu,745362,İlkokul,https://beyagacataturkio.meb.k12.tr,,,https://beyagacataturkio.meb.k12.tr/tema/harita.php,2026-08-31,172,172,bulundu,https://beyagacataturkio.meb.k12.tr/,2026-10-01T18:38:33.770178+00:00,,Öğrenci Sayısı : 172
Denizli,Beyağaç,Beyağaç Anadolu Lisesi,768193,Anadolu Lisesi,https://768193.meb.k12.tr,,,https://768193.meb.k12.tr/tema/harita.php,2026-08-31,,,bulunamadi,,2026-10-01T18:38:33.844201+00:00,,
Denizli,Beyağaç,Beyağaç Anadolu İmam Hatip Lisesi,766287,Anadolu İmam Hatip Lisesi,https://beyagacaihl.meb.k12.tr,,,https://beyagacaihl.meb.k12.tr/tema/harita.php,2026-08-31,,,bulunamadi,,2026-10-01T18:38:33.891045+00:00,,
Denizli,Beyağaç,Beyağaç Anaokulu,748639,Anaokulu,https://beyagacanaokulu.meb.k12.tr,,,https://beyagacanaokulu.meb.k12.tr/tema/harita.php,2026-08-31,50,50,bulundu,https://beyagacanaokulu.meb.k12.tr/,2026-10-01T18:38:33.906803+00:00,,Öğrenci Sayısı : 50
Denizli,Beyağaç,Beyağaç Halk Eğitimi Merkezi,339541,Halk Eğitimi Merkezi,https://beyagachem.meb.k12.tr,,,https://beyagachem.meb.k12.tr/tema/harita.php,2026-08-31,,,bulunamadi,,2026-10-01T18:38:34.002494+00:00,,
Denizli,Beyağaç,Kapuz Halil İbrahim Arılık İlkokulu,736955,İlkokul,https://kapuzhiailkokulu.meb.k12.tr,,,https://kapuzhiailkokulu.meb.k12.tr/tema/harita.php,2026-08-31,10,10,bulundu,https://kapuzhiailkokulu.meb.k12.tr/,2026-10-01T18:38:34.020582+00:00,,Öğrenci Sayısı : 10
Denizli,Beyağaç,Kızılcaağaç Ortaokulu,745364,Ortaokul,https://kizilcaagacortaokulu.meb.k12.tr,,,https://kizilcaagacortaokulu.meb.k12.tr/tema/harita.php,2026-08-31,38,38,bulundu,https://kizilcaagacortaokulu.meb.k12.tr/,2026-10-01T18:38:34.078348+00:00,,Öğrenci Sayısı : 38
Denizli,Beyağaç,Kızılcaağaç İlkokulu,736977,İlkokul,https://kizilcaagacilkokulu.meb.k12.tr,,,https://kizilcaagacilkokulu.meb.k12.tr/tema/harita.php,2026-08-31,53,53,bulundu,https://kizilcaagacilkokulu.meb.k12.tr/,2026-10-01T18:38:34.084047+00:00,,Öğrenci Sayısı 53
Denizli,Beyağaç,Sazak İlkokulu,736998,İlkokul,https://sazakilk.meb.k12.tr,,,https://sazakilk.meb.k12.tr/tema/harita.php,2026-08-31,28,28,bulundu,https://sazakilk.meb.k12.tr/,2026-10-01T18:38:34.269308+00:00,,Öğrenci Sayısı : 28
Denizli,Bozkurt,Atatürk İlkokulu,737042,İlkokul,https://bozkurtataturkilkokulu.meb.k12.tr,,,https://bozkurtataturkilkokulu.meb.k12.tr/tema/harita.php,2026-08-31,145,145,bulundu,https://bozkurtataturkilkokulu.meb.k12.tr/,2026-10-01T18:38:34.297988+00:00,,Öğrenci Sayısı 145
Denizli,Bozkurt,Bozkurt Adalet Mesleki Eğitim Merkezi,770932,Mesleki Eğitim Merkezi,https://770932.meb.k12.tr,,,https://770932.meb.k12.tr/tema/harita.php,2026-08-31,,,bulunamadi,,2026-10-01T18:38:34.321013+00:00,,
Denizli,Bozkurt,Bozkurt Anadolu Lisesi,769032,Anadolu Lisesi,https://bozkurtal.meb.k12.tr,,,https://bozkurtal.meb.k12.tr/tema/harita.php,2026-08-31,84,84,bulundu,https://bozkurtal.meb.k12.tr/,2026-10-01T18:38:34.702238+00:00,,Öğrenci Sayısı 84
Denizli,Bozkurt,Bozkurt Anadolu İmam Hatip Lisesi,746097,Anadolu İmam Hatip Lisesi,https://bozkurtaihl.meb.k12.tr,,,https://bozkurtaihl.meb.k12.tr/tema/harita.php,2026-08-31,63,63,bulundu,https://bozkurtaihl.meb.k12.tr/,2026-10-01T18:38:34.769784+00:00,,Öğrenci Sayısı : 63
Denizli,Bozkurt,Bozkurt Anaokulu,974327,Anaokulu,https://bozkurtanaokulu.meb.k12.tr,,,https://bozkurtanaokulu.meb.k12.tr/tema/harita.php,2026-08-31,138,138,bulundu,https://bozkurtanaokulu.meb.k12.tr/,2026-10-01T18:38:34.825737+00:00,,Öğrenci Sayısı 138
Denizli,Bozkurt,Bozkurt Ortaokulu,737055,Ortaokul,https://bozkurtortaokulu.meb.k12.tr,,,https://bozkurtortaokulu.meb.k12.tr/tema/harita.php,2026-08-31,317,317,bulundu,https://bozkurtortaokulu.meb.k12.tr/,2026-10-01T18:38:34.832263+00:00,,Öğrenci Sayısı 317
Denizli,Bozkurt,Cumalı İlkokulu,266055,İlkokul,https://cumaliilkokulu.meb.k12.tr,,,https://cumaliilkokulu.meb.k12.tr/tema/harita.php,2026-08-31,46,46,bulundu,https://cumaliilkokulu.meb.k12.tr/,2026-10-01T18:38:35.109388+00:00,,Öğrenci Sayısı: 46
Denizli,Bozkurt,Cumhuriyet İlkokulu,737046,İlkokul,https://bozkurtcumhuriyetilkokulu.meb.k12.tr,,,https://bozkurtcumhuriyetilkokulu.meb.k12.tr/tema/harita.php,2026-08-31,155,155,bulundu,https://bozkurtcumhuriyetilkokulu.meb.k12.tr/tema/okulumuz_hakkinda.php,2026-10-01T18:38:35.194872+00:00,,Öğrenci : 155
Denizli,Bozkurt,Denizli Bozkurt Halk Eğitimi Merkezi,307042,Halk Eğitimi Merkezi,https://bozkurthem.meb.k12.tr,,,https://bozkurthem.meb.k12.tr/tema/harita.php,2026-08-31,,,bulunamadi,,2026-10-01T18:38:35.272853+00:00,,
Denizli,Bozkurt,Denizli Bozkurt Spor Lisesi,965192,Spor Lisesi,https://bozkurtsporlisesi.meb.k12.tr,,,https://bozkurtsporlisesi.meb.k12.tr/tema/harita.php,2026-08-31,201,201,bulundu,https://bozkurtsporlisesi.meb.k12.tr/,2026-10-01T18:38:35.312809+00:00,,Öğrenci Sayısı : 201
Denizli,Bozkurt,İnceler Atatürk Ortaokulu,745367,Ortaokul,https://incelerataturkortaokulu.meb.k12.tr,,,https://incelerataturkortaokulu.meb.k12.tr/tema/harita.php,2026-08-31,90,90,bulundu,https://incelerataturkortaokulu.meb.k12.tr/,2026-10-01T18:38:35.318845+00:00,,Öğrenci Sayısı: 90
Denizli,Bozkurt,İnceler Atatürk İlkokulu,737094,İlkokul,https://incelerataturkilkokulu.meb.k12.tr,,,https://incelerataturkilkokulu.meb.k12.tr/tema/harita.php,2026-08-31,94,94,bulundu,https://incelerataturkilkokulu.meb.k12.tr/,2026-10-01T18:38:35.325400+00:00,,Öğrenci Sayısı 94
Denizli,Buldan,Ahmet Nadir Özlen İlkokulu,833790,İlkokul,https://ano.meb.k12.tr,,,https://ano.meb.k12.tr/tema/harita.php,2026-08-31,254,254,bulundu,https://ano.meb.k12.tr/,2026-10-01T18:38:35.656338+00:00,,Öğrenci Sayısı 254
Denizli,Buldan,Ahmet Terzioğlu İlkokulu,223037,İlkokul,https://aterziogluioo.meb.k12.tr,,,https://aterziogluioo.meb.k12.tr/tema/harita.php,2026-08-31,193,193,bulundu,https://aterziogluioo.meb.k12.tr/,2026-10-01T18:38:35.734998+00:00,,Öğrenci Sayısı 193
Denizli,Buldan,Ahmet Tuncay Yatılı Bölge Ortaokulu,748191,Ortaokul,https://atybo.meb.k12.tr,,,https://atybo.meb.k12.tr/tema/harita.php,2026-08-31,94,94,bulundu,https://atybo.meb.k12.tr/,2026-10-01T18:38:35.778334+00:00,,Öğrenci Sayısı 94
Denizli,Buldan,Akın Anadolu Lisesi,758067,Anadolu Lisesi,https://akinanadolu.meb.k12.tr,,,https://akinanadolu.meb.k12.tr/tema/harita.php,2026-08-31,213,213,bulundu,https://akinanadolu.meb.k12.tr/,2026-10-01T18:38:35.817115+00:00,,Öğrenci Sayısı : 213
Denizli,Buldan,Alacaoğlu Ortaokulu,745368,Ortaokul,https://alacaogluo.meb.k12.tr,,,https://alacaogluo.meb.k12.tr/tema/harita.php,2026-08-31,35,35,bulundu,https://alacaogluo.meb.k12.tr/,2026-10-01T18:38:35.883797+00:00,,Öğrenci Sayısı : 35
Denizli,Buldan,Alacaoğlu İlkokulu,737155,İlkokul,https://alacaogluilk.meb.k12.tr,,,https://alacaogluilk.meb.k12.tr/tema/harita.php,2026-08-31,24,24,bulundu,https://alacaogluilk.meb.k12.tr/,2026-10-01T18:38:35.946752+00:00,,Öğrenci Sayısı : 24
Denizli,Buldan,Alandız İlkokulu,737158,İlkokul,https://alandizio.meb.k12.tr,,,https://alandizio.meb.k12.tr/tema/harita.php,2026-08-31,17,17,bulundu,https://alandizio.meb.k12.tr/,2026-10-01T18:38:35.992742+00:00,,Öğrenci Sayısı 17
Denizli,Buldan,Ali Tunaboylu Anadolu Lisesi,351706,Anadolu Lisesi,https://alitunaboylual.meb.k12.tr,,,https://alitunaboylual.meb.k12.tr/tema/harita.php,2026-08-31,250,250,bulundu,https://alitunaboylual.meb.k12.tr/,2026-10-01T18:38:36.447049+00:00,,Öğrenci Sayısı : 250
Denizli,Buldan,Ali Tunaboylu Mesleki ve Teknik Anadolu Lisesi,905133,Mesleki ve Teknik Anadolu Lisesi,https://alitunaboylumtal.meb.k12.tr,,,https://alitunaboylumtal.meb.k12.tr/tema/harita.php,2026-08-31,358,358,bulundu,https://alitunaboylumtal.meb.k12.tr/,2026-10-01T18:38:36.523287+00:00,,Öğrenci Sayısı : 358
Denizli,Buldan,Buldan Halk Eğitimi Merkezi,140600,Halk Eğitimi Merkezi,https://buldanhem.meb.k12.tr,,,https://buldanhem.meb.k12.tr/tema/harita.php,2026-08-31,,,bulunamadi,,2026-10-01T18:38:36.918270+00:00,,
Denizli,Buldan,Buldan İbrahim-Filiz Çelebi Anadolu İmam Hatip Lisesi,759350,Anadolu İmam Hatip Lisesi,https://buldanibrahimflzcelebianadoluihl.meb.k12.tr,,,https://buldanibrahimflzcelebianadoluihl.meb.k12.tr/tema/harita.php,2026-08-31,84,84,bulundu,https://buldanibrahimflzcelebianadoluihl.meb.k12.tr/,2026-10-01T18:38:36.936807+00:00,,Öğrenci Sayısı 84
Denizli,Buldan,Derbent ilkokulu,740075,İlkokul,https://derbentio.meb.k12.tr,,,https://derbentio.meb.k12.tr/tema/harita.php,2026-08-31,20,20,bulundu,https://derbentio.meb.k12.tr/,2026-10-01T18:38:36.967862+00:00,,Öğrenci Sayısı : 20
Denizli,Buldan,Dört Eylül Fehmi Mehmet Şükriye Erensoy Ortaokulu,737162,Ortaokul,https://dorteylulfmserensoy.meb.k12.tr,,,https://dorteylulfmserensoy.meb.k12.tr/tema/harita.php,2026-08-31,579,579,bulundu,https://dorteylulfmserensoy.meb.k12.tr/tema/okulumuz_hakkinda.php,2026-10-01T18:38:36.996894+00:00,,Öğrenci : 579
Denizli,Buldan,Gülalan Özer Vural Ortaokulu,745369,Ortaokul,https://gulalanoo.meb.k12.tr,,,https://gulalanoo.meb.k12.tr/tema/harita.php,2026-08-31,,,bulunamadi,,2026-10-01T18:38:37.034803+00:00,,
Denizli,Buldan,Gülalan Özer Vural İlkokulu,737166,İlkokul,https://gulalanio.meb.k12.tr,,,https://gulalanio.meb.k12.tr/tema/harita.php,2026-08-31,45,45,bulundu,https://gulalanio.meb.k12.tr/,2026-10-01T18:38:37.074172+00:00,,Öğrenci Sayısı 45
Denizli,Buldan,Güngör Cerit Cumhuriyet İlkokulu,376167,İlkokul,https://gccumhuriyet.meb.k12.tr,,,https://gccumhuriyet.meb.k12.tr/tema/harita.php,2026-08-31,364,364,bulundu,https://gccumhuriyet.meb.k12.tr/,2026-10-01T18:38:37.217916+00:00,,Öğrenci Sayısı : 364
Denizli,Buldan,Güngör Cerit Cumhuriyet İmam Hatip Ortaokulu,701796,İmam Hatip Ortaokulu,https://buldanimamhatip.meb.k12.tr,,,https://buldanimamhatip.meb.k12.tr/tema/harita.php,2026-08-31,93,93,bulundu,https://buldanimamhatip.meb.k12.tr/,2026-10-01T18:38:37.440455+00:00,,Öğrenci Sayısı 93
Denizli,Buldan,Hacı Perihan Vural Ortaokulu,776762,Ortaokul,https://haciperihanvural.meb.k12.tr,,,https://haciperihanvural.meb.k12.tr/tema/harita.php,2026-08-31,268,268,bulundu,https://haciperihanvural.meb.k12.tr/tema/okulumuz_hakkinda.php,2026-10-01T18:38:37.447983+00:00,,Öğrenci : 268
Denizli,Buldan,Kadıköy Ortaokulu,745370,Ortaokul,https://buldankadikoyoo.meb.k12.tr,,,https://buldankadikoyoo.meb.k12.tr/tema/harita.php,2026-08-31,74,74,bulundu,https://buldankadikoyoo.meb.k12.tr/,2026-10-01T18:38:37.496150+00:00,,Öğrenci Sayısı : 74
Denizli,Buldan,Kadıköy İlkokulu,737184,İlkokul,https://buldankadikoyio.meb.k12.tr,,,https://buldankadikoyio.meb.k12.tr/tema/harita.php,2026-08-31,51,51,bulundu,https://buldankadikoyio.meb.k12.tr/,2026-10-01T18:38:37.528665+00:00,,Öğrenci Sayısı 51
Denizli,Buldan,Salih Gökçe Anaokulu,973197,Anaokulu,https://sgokceanaokulu.meb.k12.tr,,,https://sgokceanaokulu.meb.k12.tr/tema/harita.php,2026-08-31,102,102,bulundu,https://sgokceanaokulu.meb.k12.tr/,2026-10-01T18:38:37.531231+00:00,,Öğrenci Sayısı 102
Denizli,Buldan,Türkiye Odalar ve Borsalar Birliği Anaokulu,773003,Anaokulu,https://773003.meb.k12.tr,,,https://773003.meb.k12.tr/tema/harita.php,2026-08-31,101,101,bulundu,https://773003.meb.k12.tr/,2026-10-01T18:38:37.554801+00:00,,Öğrenci Sayısı 101
Denizli,Buldan,Türlübey İlkokulu,771415,İlkokul,https://771415.meb.k12.tr,,,https://771415.meb.k12.tr/tema/harita.php,2026-08-31,25,25,bulundu,https://771415.meb.k12.tr/,2026-10-01T18:38:37.611793+00:00,,Öğrenci Sayısı : 25
Denizli,Buldan,Yenicekent Atatürk İlkokulu,737195,İlkokul,https://yenicekentataturkilkokulu.meb.k12.tr,,,https://yenicekentataturkilkokulu.meb.k12.tr/tema/harita.php,2026-08-31,75,75,bulundu,https://yenicekentataturkilkokulu.meb.k12.tr/,2026-10-01T18:38:37.661256+00:00,,Öğrenci Sayısı : 75
Denizli,Buldan,Yenicekent Cumhuriyet İlkokulu,740056,İlkokul,https://yenicekentcumhuriyet.meb.k12.tr,,,https://yenicekentcumhuriyet.meb.k12.tr/tema/harita.php,2026-08-31,61,61,bulundu,https://yenicekentcumhuriyet.meb.k12.tr/,2026-10-01T18:38:37.731099+00:00,,Öğrenci Sayısı : 61
Denizli,Buldan,Yenicekent Meliha Aktan Ortaokulu,737200,Ortaokul,https://yenicekentmelihaaktanoo.meb.k12.tr,,,https://yenicekentmelihaaktanoo.meb.k12.tr/tema/harita.php,2026-08-31,90,90,bulundu,https://yenicekentmelihaaktanoo.meb.k12.tr/,2026-10-01T18:38:37.775338+00:00,,Öğrenci Sayısı : 90
Denizli,Buldan,Yusuf Gökçe Zafer İlkokulu,332622,İlkokul,https://ygzaferio.meb.k12.tr,,,https://ygzaferio.meb.k12.tr/tema/harita.php,2026-08-31,156,156,bulundu,https://ygzaferio.meb.k12.tr/,2026-10-01T18:38:37.804791+00:00,,Öğrenci Sayısı 156
Denizli,Güney,Atatürk İlkokulu,740649,İlkokul,https://guneyataturkilkokulu.meb.k12.tr,,,https://guneyataturkilkokulu.meb.k12.tr/tema/harita.php,2026-08-31,197,197,bulundu,https://guneyataturkilkokulu.meb.k12.tr/,2026-10-01T18:38:37.824821+00:00,,Öğrenci Sayısı 197
Denizli,Güney,Eziler Mustafa Kaçmaz Ortaokulu,745329,Ortaokul,https://ezilermkortaokulu.meb.k12.tr,,,https://ezilermkortaokulu.meb.k12.tr/tema/harita.php,2026-08-31,69,69,bulundu,https://ezilermkortaokulu.meb.k12.tr/,2026-10-01T18:38:38.584057+00:00,,Öğrenci Sayısı 69
Denizli,Güney,Eziler Mustafa Kaçmaz İlkokulu,739473,İlkokul,https://ezilermkilkokulu.meb.k12.tr,,,https://ezilermkilkokulu.meb.k12.tr/tema/harita.php,2026-08-31,39,39,bulundu,https://ezilermkilkokulu.meb.k12.tr/,2026-10-01T18:38:38.693973+00:00,,Öğrenci Sayısı 39
Denizli,Güney,Fevzi Tokat Ortaokulu,752170,Ortaokul,https://fevzitokatortaokulu.meb.k12.tr,,,https://fevzitokatortaokulu.meb.k12.tr/tema/harita.php,2026-08-31,252,252,bulundu,https://fevzitokatortaokulu.meb.k12.tr/tema/okulumuz_hakkinda.php,2026-10-01T18:38:38.731282+00:00,,Öğrenci : 252
Denizli,Güney,Güney Anadolu İmam Hatip Lisesi,740663,Anadolu İmam Hatip Lisesi,https://guneyaihl.meb.k12.tr,,,https://guneyaihl.meb.k12.tr/tema/harita.php,2026-08-31,38,38,bulundu,https://guneyaihl.meb.k12.tr/,2026-10-01T18:38:38.756839+00:00,,Öğrenci Sayısı 38
Denizli,Güney,Güney Halk Eğitimi Merkezi,141296,Halk Eğitimi Merkezi,https://guneyhalkegitim.meb.k12.tr,,,https://guneyhalkegitim.meb.k12.tr/tema/harita.php,2026-08-31,,,bulunamadi,,2026-10-01T18:38:38.777138+00:00,,
Denizli,Güney,Güney Çok Programlı Anadolu Lisesi,868850,Çok Programlı Anadolu Lisesi,https://guneycpal.meb.k12.tr,,,https://guneycpal.meb.k12.tr/tema/harita.php,2026-08-31,168,168,bulundu,https://guneycpal.meb.k12.tr/,2026-10-01T18:38:38.810734+00:00,,Öğrenci Sayısı 168
Denizli,Güney,Yaşar Kımıl İlkokulu,752169,İlkokul,https://yasarkimililkokulu.meb.k12.tr,,,https://yasarkimililkokulu.meb.k12.tr/tema/harita.php,2026-08-31,96,96,bulundu,https://yasarkimililkokulu.meb.k12.tr/tema/okulumuz_hakkinda.php,2026-10-01T18:38:38.889816+00:00,,Öğrenci : 96
Denizli,Honaz,Adil Akan Ortaokulu,740687,Ortaokul,https://adilakanortaokulu.meb.k12.tr,,,https://adilakanortaokulu.meb.k12.tr/tema/harita.php,2026-08-31,348,348,bulundu,https://adilakanortaokulu.meb.k12.tr/,2026-10-01T18:38:38.966614+00:00,,Öğrenci Sayısı 348
Denizli,Honaz,Akbaş Ortaokulu,745336,Ortaokul,https://honazakbasortaokulu.meb.k12.tr,,,https://honazakbasortaokulu.meb.k12.tr/tema/harita.php,2026-08-31,39,39,bulundu,https://honazakbasortaokulu.meb.k12.tr/,2026-10-01T18:38:39.023414+00:00,,Öğrenci Sayısı 39
Denizli,Honaz,Akbaş İlkokulu,739526,İlkokul,https://honazakbasilkokulu.meb.k12.tr,,,https://honazakbasilkokulu.meb.k12.tr/tema/harita.php,2026-08-31,36,36,bulundu,https://honazakbasilkokulu.meb.k12.tr/,2026-10-01T18:38:39.048868+00:00,,Öğrenci Sayısı 36
Denizli,Honaz,Atatürk İlkokulu,332575,İlkokul,https://honazataturk.meb.k12.tr,,,https://honazataturk.meb.k12.tr/tema/harita.php,2026-08-31,388,388,bulundu,https://honazataturk.meb.k12.tr/,2026-10-01T18:38:39.065583+00:00,,Öğrenci Sayısı 388
Denizli,Honaz,Cumhuriyet İlkokulu,740701,İlkokul,https://honazcumhuriyetilkokulu.meb.k12.tr,,,https://honazcumhuriyetilkokulu.meb.k12.tr/tema/harita.php,2026-08-31,456,456,bulundu,https://honazcumhuriyetilkokulu.meb.k12.tr/,2026-10-01T18:38:39.354504+00:00,,Öğrenci Sayısı 456
Denizli,Honaz,Dereçiftlik İlkokulu,740800,İlkokul,https://dereciftlikilkokulu.meb.k12.tr,,,https://dereciftlikilkokulu.meb.k12.tr/tema/harita.php,2026-08-31,29,29,bulundu,https://dereciftlikilkokulu.meb.k12.tr/,2026-10-01T18:38:39.364037+00:00,,Öğrenci Sayısı 29
Denizli,Honaz,Gürlek Ortaokulu,745337,Ortaokul,https://gurlek_ortaokulu.meb.k12.tr,,,https://gurlek_ortaokulu.meb.k12.tr/tema/harita.php,2026-08-31,,,bulunamadi,,2026-10-01T18:38:39.446167+00:00,,
Denizli,Honaz,Gürlek İlkokulu,739572,İlkokul,https://honazgurlekio.meb.k12.tr,,,https://honazgurlekio.meb.k12.tr/tema/harita.php,2026-08-31,138,138,bulundu,https://honazgurlekio.meb.k12.tr/,2026-10-01T18:38:39.478118+00:00,,Öğrenci Sayısı 138
Denizli,Honaz,Himmet-Nimet Özçelik Anadolu Lisesi,973764,Anadolu Lisesi,https://himmetnimetozcelik.meb.k12.tr,,,https://himmetnimetozcelik.meb.k12.tr/tema/harita.php,2026-08-31,290,290,bulundu,https://himmetnimetozcelik.meb.k12.tr/,2026-10-01T18:38:39.506328+00:00,,Öğrenci Sayısı 290
Denizli,Honaz,Honaz Belediyesi Anaokulu,966670,Anaokulu,https://honazbelediyesianaokulu.meb.k12.tr,,,https://honazbelediyesianaokulu.meb.k12.tr/tema/harita.php,2026-08-31,105,105,bulundu,https://honazbelediyesianaokulu.meb.k12.tr/,2026-10-01T18:38:39.590222+00:00,,Öğrenci Sayısı: 105
Denizli,Honaz,Honaz Belediyesi Ortaokulu,740710,Ortaokul,https://honazbelediyesiortaokulu.meb.k12.tr,,,https://honazbelediyesiortaokulu.meb.k12.tr/tema/harita.php,2026-08-31,345,345,bulundu,https://honazbelediyesiortaokulu.meb.k12.tr/,2026-10-01T18:38:39.626957+00:00,,Öğrenci Sayısı 345
Denizli,Honaz,Honaz Halk Eğitimi Merkezi,249830,Halk Eğitimi Merkezi,https://honazhalkegitim.meb.k12.tr,,,https://honazhalkegitim.meb.k12.tr/tema/harita.php,2026-08-31,,,bulunamadi,,2026-10-01T18:38:39.835488+00:00,,
Denizli,Honaz,Honaz Kaklık Osman Evran Çok Programlı Anadolu Lisesi,322905,Çok Programlı Anadolu Lisesi,https://kaklikosmanevrancpl.meb.k12.tr,,,https://kaklikosmanevrancpl.meb.k12.tr/tema/harita.php,2026-08-31,184,184,bulundu,https://kaklikosmanevrancpl.meb.k12.tr/,2026-10-01T18:38:40.007141+00:00,,Öğrenci Sayısı 184
Denizli,Honaz,Honaz Mesleki ve Teknik Anadolu Lisesi,347163,Mesleki ve Teknik Anadolu Lisesi,https://honazmtal.meb.k12.tr,,,https://honazmtal.meb.k12.tr/tema/harita.php,2026-08-31,146,146,bulundu,https://honazmtal.meb.k12.tr/,2026-10-01T18:38:40.055333+00:00,,Öğrenci Sayısı : 146
Denizli,Honaz,Kaklık Ortaokulu,739581,Ortaokul,https://kaklikortaokulu.meb.k12.tr,,,https://kaklikortaokulu.meb.k12.tr/tema/harita.php,2026-08-31,295,295,bulundu,https://kaklikortaokulu.meb.k12.tr/,2026-10-01T18:38:40.056192+00:00,,Öğrenci Sayısı : 295
Denizli,Honaz,Kaklık İlkokulu,740712,İlkokul,https://kaklikilkokulu.meb.k12.tr,,,https://kaklikilkokulu.meb.k12.tr/tema/harita.php,2026-08-31,322,322,bulundu,https://kaklikilkokulu.meb.k12.tr/,2026-10-01T18:38:40.057905+00:00,,Öğrenci Sayısı: 322
Denizli,Honaz,Kaklık Şehit Eyüp Altun Ortaokulu,739591,Ortaokul,https://sehiteyupaltuno.meb.k12.tr,,,https://sehiteyupaltuno.meb.k12.tr/tema/harita.php,2026-08-31,60,60,bulundu,https://sehiteyupaltuno.meb.k12.tr/tema/okulumuz_hakkinda.php,2026-10-01T18:38:40.194260+00:00,,Öğrenci : 60
Denizli,Honaz,Kaklık Şehit Eyüp Altun İlkokulu,740724,İlkokul,https://sehiteyupaltun.meb.k12.tr,,,https://sehiteyupaltun.meb.k12.tr/tema/harita.php,2026-08-31,83,83,bulundu,https://sehiteyupaltun.meb.k12.tr/,2026-10-01T18:38:40.376317+00:00,,Öğrenci Sayısı 83
Denizli,Honaz,Karaçay Ortaokulu,739598,Ortaokul,https://karacayortaokulu.meb.k12.tr,,,https://karacayortaokulu.meb.k12.tr/tema/harita.php,2026-08-31,41,41,bulundu,https://karacayortaokulu.meb.k12.tr/,2026-10-01T18:38:40.435149+00:00,,Öğrenci Sayısı: 41
Denizli,Honaz,Karaçay İlkokulu,740725,İlkokul,https://karacayilkokulu.meb.k12.tr,,,https://karacayilkokulu.meb.k12.tr/tema/harita.php,2026-08-31,30,30,bulundu,https://karacayilkokulu.meb.k12.tr/,2026-10-01T18:38:40.537855+00:00,,Öğrenci Sayısı: 30
Denizli,Honaz,Kocabaş Ahmet Kazak İlkokulu,740689,İlkokul,https://ahmetkazakilkokulu.meb.k12.tr,,,https://ahmetkazakilkokulu.meb.k12.tr/tema/harita.php,2026-08-31,164,164,bulundu,https://ahmetkazakilkokulu.meb.k12.tr/,2026-10-01T18:38:40.565869+00:00,,Öğrenci Sayısı : 164
Denizli,Honaz,Kocabaş Atatürk Ortaokulu,740750,Ortaokul,https://kocabasataturkortaokulu.meb.k12.tr,,,https://kocabasataturkortaokulu.meb.k12.tr/tema/harita.php,2026-08-31,237,237,bulundu,https://kocabasataturkortaokulu.meb.k12.tr/,2026-10-01T18:38:40.571386+00:00,,Öğrenci Sayısı : 237
Denizli,Honaz,Kocabaş İlkokulu,740747,İlkokul,https://kocabasilkokulu.meb.k12.tr,,,https://kocabasilkokulu.meb.k12.tr/tema/harita.php,2026-08-31,304,304,bulundu,https://kocabasilkokulu.meb.k12.tr/,2026-10-01T18:38:40.983830+00:00,,Öğrenci Sayısı: 304
Denizli,Honaz,Kızılyer Hüseyin Avni Özden Ortaokulu,739611,Ortaokul,https://kizilyerortaokulu.meb.k12.tr,,,https://kizilyerortaokulu.meb.k12.tr/tema/harita.php,2026-08-31,69,69,bulundu,https://kizilyerortaokulu.meb.k12.tr/,2026-10-01T18:38:41.016569+00:00,,Öğrenci Sayısı 69
Denizli,Honaz,Kızılyer Hüseyin Avni Özden İlkokulu,740735,İlkokul,https://kizilyerilkokulu.meb.k12.tr,,,https://kizilyerilkokulu.meb.k12.tr/tema/harita.php,2026-08-31,72,72,bulundu,https://kizilyerilkokulu.meb.k12.tr/,2026-10-01T18:38:41.017091+00:00,,Öğrenci Sayısı 72
Denizli,Honaz,Mimar Sinan İmam Hatip Ortaokulu,740781,İmam Hatip Ortaokulu,https://honazmimarsinanimamhatip.meb.k12.tr,,,https://honazmimarsinanimamhatip.meb.k12.tr/tema/harita.php,2026-08-31,55,55,bulundu,https://honazmimarsinanimamhatip.meb.k12.tr/tema/okulumuz_hakkinda.php,2026-10-01T18:38:41.018321+00:00,,Öğrenci : 55
Denizli,Honaz,Necati-Fikriye Dalaman Ortaokulu,739633,Ortaokul,https://necatifikriyedalamanortaokulu.meb.k12.tr,,,https://necatifikriyedalamanortaokulu.meb.k12.tr/tema/harita.php,2026-08-31,64,64,bulundu,https://necatifikriyedalamanortaokulu.meb.k12.tr/,2026-10-01T18:38:41.198046+00:00,,Öğrenci Sayısı 64
Denizli,Honaz,Necati-Fikriye Dalaman İlkokulu,740785,İlkokul,https://necatifikriyedalamanilkokulu.meb.k12.tr,,,https://necatifikriyedalamanilkokulu.meb.k12.tr/tema/harita.php,2026-08-31,85,85,bulundu,https://necatifikriyedalamanilkokulu.meb.k12.tr/,2026-10-01T18:38:41.217114+00:00,,Öğrenci Sayısı : 85
Denizli,Kale,Belenköy Ortaokulu,739661,Ortaokul,https://belenkoyo.meb.k12.tr,,,https://belenkoyo.meb.k12.tr/tema/harita.php,2026-08-31,62,62,bulundu,https://belenkoyo.meb.k12.tr/,2026-10-01T18:38:41.227036+00:00,,Öğrenci Sayısı : 62
Denizli,Kale,Belenköy İlkokulu,740812,İlkokul,https://belenkoyi.meb.k12.tr,,,https://belenkoyi.meb.k12.tr/tema/harita.php,2026-08-31,86,86,bulundu,https://belenkoyi.meb.k12.tr/,2026-10-01T18:38:41.312221+00:00,,Öğrenci Sayısı : 86
Denizli,Kale,Cumhuriyet Yatılı Bölge Ortaokulu,748190,Ortaokul,https://kalecumhuriyet.meb.k12.tr,,,https://kalecumhuriyet.meb.k12.tr/tema/harita.php,2026-08-31,114,114,bulundu,https://kalecumhuriyet.meb.k12.tr/,2026-10-01T18:38:41.354329+00:00,,Öğrenci Sayısı : 114
Denizli,Kale,Denizli Kale Halk Eğitimi Merkezi,141380,Halk Eğitimi Merkezi,https://kalehem.meb.k12.tr,,,https://kalehem.meb.k12.tr/tema/harita.php,2026-08-31,,,bulunamadi,,2026-10-01T18:38:41.509532+00:00,,
Denizli,Kale,Ethem ÖZSOY Çok Programlı Anadolu Lisesi,318278,Çok Programlı Anadolu Lisesi,https://ethemozsoycpal.meb.k12.tr,,,https://ethemozsoycpal.meb.k12.tr/tema/harita.php,2026-08-31,37,37,bulundu,https://ethemozsoycpal.meb.k12.tr/,2026-10-01T18:38:41.620912+00:00,,Öğrenci Sayısı : 37
Denizli,Kale,Görenler Halil-Mehmet Ali-Ahmet Gören İlkokulu,775230,İlkokul,https://775230.meb.k12.tr,,,https://775230.meb.k12.tr/tema/harita.php,2026-08-31,121,121,bulundu,https://775230.meb.k12.tr/,2026-10-01T18:38:41.758850+00:00,,Öğrenci Sayısı : 121
Denizli,Kale,Gülbağlık Ortaokulu,739693,Ortaokul,https://kalegulbaglikortaokul.meb.k12.tr,,,https://kalegulbaglikortaokul.meb.k12.tr/tema/harita.php,2026-08-31,53,53,bulundu,https://kalegulbaglikortaokul.meb.k12.tr/,2026-10-01T18:38:41.807985+00:00,,Öğrenci Sayısı : 53
Denizli,Kale,Gülbağlık İlkokulu,740826,İlkokul,https://kalegulbaglikilkokul.meb.k12.tr,,,https://kalegulbaglikilkokul.meb.k12.tr/tema/harita.php,2026-08-31,103,103,bulundu,https://kalegulbaglikilkokul.meb.k12.tr/,2026-10-01T18:38:41.853802+00:00,,Öğrenci Sayısı : 103
Denizli,Kale,Kale Başaranlar Mesleki ve Teknik Anadolu Lisesi,758735,Mesleki ve Teknik Anadolu Lisesi,https://kalebasaranlarmetal.meb.k12.tr,,,https://kalebasaranlarmetal.meb.k12.tr/tema/harita.php,2026-08-31,100,100,bulundu,https://kalebasaranlarmetal.meb.k12.tr/tema/okulumuz_hakkinda.php,2026-10-01T18:38:42.043628+00:00,,Öğrenci : 100
Denizli,Kale,Kale Mesleki Eğitim Merkezi,362370,Mesleki Eğitim Merkezi,https://kalemesem.meb.k12.tr,,,https://kalemesem.meb.k12.tr/tema/harita.php,2026-08-31,247,247,bulundu,https://kalemesem.meb.k12.tr/tema/okulumuz_hakkinda.php,2026-10-01T18:38:42.137453+00:00,,Öğrenci : 247
Denizli,Kale,Kale Ortaokulu,745332,Ortaokul,https://kaleortaokulu.meb.k12.tr,,,https://kaleortaokulu.meb.k12.tr/tema/harita.php,2026-08-31,157,157,bulundu,https://kaleortaokulu.meb.k12.tr/tema/okulumuz_hakkinda.php,2026-10-01T18:38:42.158613+00:00,,Öğrenci : 157
Denizli,Kale,Karaköy İlkokulu,740832,İlkokul,https://kalekarakoyilkokulu.meb.k12.tr,,,https://kalekarakoyilkokulu.meb.k12.tr/tema/harita.php,2026-08-31,38,38,bulundu,https://kalekarakoyilkokulu.meb.k12.tr/,2026-10-01T18:38:42.299320+00:00,,Öğrenci Sayısı 38
Denizli,Kale,Kayabaşı Cumhuriyet İlkokulu,740833,İlkokul,https://kayabasicumhuriyetilkokulu.meb.k12.tr,,,https://kayabasicumhuriyetilkokulu.meb.k12.tr/tema/harita.php,2026-08-31,18,18,bulundu,https://kayabasicumhuriyetilkokulu.meb.k12.tr/,2026-10-01T18:38:42.374079+00:00,,Öğrenci Sayısı: 18
Denizli,Kale,Mehmet Oray İlkokulu,740843,İlkokul,https://moray20.meb.k12.tr,,,https://moray20.meb.k12.tr/tema/harita.php,2026-08-31,152,152,bulundu,https://moray20.meb.k12.tr/,2026-10-01T18:38:42.386003+00:00,,Öğrenci Sayısı : 152
Denizli,Kale,Mehmet ve Kemal Aracı Ortaokulu,739802,Ortaokul,https://kalemehmetkemal.meb.k12.tr,,,https://kalemehmetkemal.meb.k12.tr/tema/harita.php,2026-08-31,220,220,bulundu,https://kalemehmetkemal.meb.k12.tr/,2026-10-01T18:38:42.424852+00:00,,Öğrenci Sayısı : 220
Denizli,Kale,Mehmet ve Kemal Aracı İlkokulu,740867,İlkokul,https://kalemehmetkemali.meb.k12.tr,,,https://kalemehmetkemali.meb.k12.tr/tema/harita.php,2026-08-31,231,231,bulundu,https://kalemehmetkemali.meb.k12.tr/,2026-10-01T18:38:42.633380+00:00,,Öğrenci Sayısı : 231
Denizli,Kale,Mustafa Şıpar Anadolu Lisesi,972674,Anadolu Lisesi,https://mustafasiparal.meb.k12.tr,,,https://mustafasiparal.meb.k12.tr/tema/harita.php,2026-08-31,199,199,bulundu,https://mustafasiparal.meb.k12.tr/tema/okulumuz_hakkinda.php,2026-10-01T18:38:42.756164+00:00,,Öğrenci : 199
Denizli,Kale,Narlı İlkokulu,740847,İlkokul,https://kalenarliilkokulu.meb.k12.tr,,,https://kalenarliilkokulu.meb.k12.tr/tema/harita.php,2026-08-31,27,27,bulundu,https://kalenarliilkokulu.meb.k12.tr/,2026-10-01T18:38:42.768448+00:00,,Öğrenci Sayısı: 27
Denizli,Kale,Osman Nuri Tuna Anaokulu,971778,Anaokulu,https://osmannuritunaanaokulu.meb.k12.tr,,,https://osmannuritunaanaokulu.meb.k12.tr/tema/harita.php,2026-08-31,163,163,bulundu,https://osmannuritunaanaokulu.meb.k12.tr/,2026-10-01T18:38:42.880056+00:00,,Öğrenci Sayısı 163
Denizli,Kale,Ya-Tu Otomotiv Hürriyet Ortaokulu,739827,Ortaokul,https://yatuhurriyetoo.meb.k12.tr,,,https://yatuhurriyetoo.meb.k12.tr/tema/harita.php,2026-08-31,170,170,bulundu,https://yatuhurriyetoo.meb.k12.tr/,2026-10-01T18:38:42.960076+00:00,,Öğrenci Sayısı 170
Denizli,Kale,Ya-Tu Otomotiv Hürriyet İlkokulu,740879,İlkokul,https://yatuhurriyetio.meb.k12.tr,,,https://yatuhurriyetio.meb.k12.tr/tema/harita.php,2026-08-31,191,191,bulundu,https://yatuhurriyetio.meb.k12.tr/,2026-10-01T18:38:43.021962+00:00,,Öğrenci Sayısı 191
Denizli,Kale,Şehit Oğuzhan Göçenoğlu İlkokulu,740915,İlkokul,https://camlarcailkokulu.meb.k12.tr,,,https://camlarcailkokulu.meb.k12.tr/tema/harita.php,2026-08-31,37,37,bulundu,https://camlarcailkokulu.meb.k12.tr/,2026-10-01T18:38:43.076154+00:00,,Öğrenci Sayısı : 37
Denizli,Kale,Şehit Polis Yılmaz Mayuk Ortaokulu,745333,Ortaokul,https://kaleozluceortaokulu.meb.k12.tr,,,https://kaleozluceortaokulu.meb.k12.tr/tema/harita.php,2026-08-31,28,28,bulundu,https://kaleozluceortaokulu.meb.k12.tr/,2026-10-01T18:38:43.189887+00:00,,Öğrenci Sayısı : 28
Denizli,Kale,Şehit Polis Yılmaz Mayuk İlkokulu,739768,İlkokul,https://kaleozluceilkokulu.meb.k12.tr,,,https://kaleozluceilkokulu.meb.k12.tr/tema/harita.php,2026-08-31,42,42,bulundu,https://kaleozluceilkokulu.meb.k12.tr/,2026-10-01T18:38:43.207115+00:00,,Öğrenci Sayısı : 42
Denizli,Kale,Şehit Sadık Sağınç Ortaokulu,739679,Ortaokul,https://kalegolbasiortaokulu.meb.k12.tr,,,https://kalegolbasiortaokulu.meb.k12.tr/tema/harita.php,2026-08-31,50,50,bulundu,https://kalegolbasiortaokulu.meb.k12.tr/,2026-10-01T18:38:43.251181+00:00,,Öğrenci Sayısı : 50
Denizli,Kale,Şehit Sadık Sağınç İlkokulu,740816,İlkokul,https://kalegolbasiilkokulu.meb.k12.tr,,,https://kalegolbasiilkokulu.meb.k12.tr/tema/harita.php,2026-08-31,58,58,bulundu,https://kalegolbasiilkokulu.meb.k12.tr/,2026-10-01T18:38:43.400149+00:00,,Öğrenci Sayısı: 58
Denizli,Kale,Şehit Veysal Pekakça Anadolu İmam Hatip Lisesi,372971,Anadolu İmam Hatip Lisesi,https://kaleimamhatip.meb.k12.tr,,,https://kaleimamhatip.meb.k12.tr/tema/harita.php,2026-08-31,109,109,bulundu,https://kaleimamhatip.meb.k12.tr/tema/okulumuz_hakkinda.php,2026-10-01T18:38:43.495687+00:00,,Öğrenci : 109
Denizli,Merkezefendi,1200 Evler İlkokulu,700698,İlkokul,https://1200evlerilkokulu.meb.k12.tr,,,https://1200evlerilkokulu.meb.k12.tr/tema/harita.php,2026-08-31,803,803,bulundu,https://1200evlerilkokulu.meb.k12.tr/,2026-10-01T18:38:43.633361+00:00,,Öğrenci Sayısı : 803
Denizli,Merkezefendi,19 Mayıs İlkokulu,463340,İlkokul,https://denizli19mayisilkokulu.meb.k12.tr,,,https://denizli19mayisilkokulu.meb.k12.tr/tema/harita.php,2026-08-31,,,bulunamadi,,2026-10-01T18:38:43.738347+00:00,,
Denizli,Merkezefendi,23 Nisan Mehmet - Eşe Akman Anaokulu,810492,Anaokulu,https://denizli23nisananaokulu.meb.k12.tr,,,https://denizli23nisananaokulu.meb.k12.tr/tema/harita.php,2026-08-31,97,97,bulundu,https://denizli23nisananaokulu.meb.k12.tr/,2026-10-01T18:38:43.800824+00:00,,Öğrenci Sayısı: 97
Denizli,Merkezefendi,AYDEM Fen lisesi,974047,Fen Lisesi,https://aydemfenlisesi.meb.k12.tr,,,https://aydemfenlisesi.meb.k12.tr/tema/harita.php,2026-08-31,581,581,bulundu,https://aydemfenlisesi.meb.k12.tr/,2026-10-01T18:38:43.804106+00:00,,Öğrenci Sayısı : 581
Denizli,Merkezefendi,AYNUR-FEZA BAŞER ANAOKULU,762544,Anaokulu,https://aynurfezabaseranaokulu.meb.k12.tr,,,https://aynurfezabaseranaokulu.meb.k12.tr/tema/harita.php,2026-08-31,102,102,bulundu,https://aynurfezabaseranaokulu.meb.k12.tr/,2026-10-01T18:38:43.919924+00:00,,Öğrenci Sayısı: 102
Denizli,Merkezefendi,Abalıoğlu Yem Sanayi Ortaokulu,700599,Ortaokul,https://abaliogluyso2007.meb.k12.tr,,,https://abaliogluyso2007.meb.k12.tr/tema/harita.php,2026-08-31,1317,1317,bulundu,https://abaliogluyso2007.meb.k12.tr/,2026-10-01T18:38:44.117729+00:00,,Öğrenci Sayısı : 1317
Denizli,Merkezefendi,Adalet Ortaokulu,766593,Ortaokul,https://adaletortaokulu.meb.k12.tr,,,https://adaletortaokulu.meb.k12.tr/tema/harita.php,2026-08-31,935,935,bulundu,https://adaletortaokulu.meb.k12.tr/,2026-10-01T18:38:44.188859+00:00,,Öğrenci Sayısı 935
Denizli,Merkezefendi,Ahmet Nuri Özsoy Ortaokulu,745246,Ortaokul,https://ahmetnuriozsoyortaokulu.meb.k12.tr,,,https://ahmetnuriozsoyortaokulu.meb.k12.tr/tema/harita.php,2026-08-31,538,538,bulundu,https://ahmetnuriozsoyortaokulu.meb.k12.tr/,2026-10-01T18:38:44.329012+00:00,,Öğrenci Sayısı : 538
Denizli,Merkezefendi,Ahmet Nuri Özsoy İlkokulu,714401,İlkokul,https://ahmetnuriozsoyilkokulu.meb.k12.tr,,,https://ahmetnuriozsoyilkokulu.meb.k12.tr/tema/harita.php,2026-08-31,410,410,bulundu,https://ahmetnuriozsoyilkokulu.meb.k12.tr/,2026-10-01T18:38:44.342294+00:00,,Öğrenci Sayısı : 410
Denizli,Merkezefendi,Ahmet Sami Uslu Ortaokulu,745248,Ortaokul,https://denizliasu.meb.k12.tr,,,https://denizliasu.meb.k12.tr/tema/harita.php,2026-08-31,,,bulunamadi,,2026-10-01T18:38:44.403255+00:00,,
Denizli,Merkezefendi,Ahmet Yesevi Anadolu İmam Hatip Lisesi,749471,Anadolu İmam Hatip Lisesi,https://ahmetyeseviihl.meb.k12.tr,,,https://ahmetyeseviihl.meb.k12.tr/tema/harita.php,2026-08-31,,,bulunamadi,,2026-10-01T18:38:44.456064+00:00,,
Denizli,Merkezefendi,Albayrak Borsa İstanbul Kız Mesleki ve Teknik Anadolu Lisesi,140109,Mesleki ve Teknik Anadolu Lisesi,https://denizlikml.meb.k12.tr,,,https://denizlikml.meb.k12.tr/tema/harita.php,2026-08-31,1044,1044,bulundu,https://denizlikml.meb.k12.tr/tema/okulumuz_hakkinda.php,2026-10-01T18:38:44.551244+00:00,,Öğrenci : 1044
Denizli,Merkezefendi,Ali Baysal Ortaokulu,757276,Ortaokul,https://alibaysaloo.meb.k12.tr,,,https://alibaysaloo.meb.k12.tr/tema/harita.php,2026-08-31,575,575,bulundu,https://alibaysaloo.meb.k12.tr/tema/okulumuz_hakkinda.php,2026-10-01T18:38:44.638114+00:00,,Öğrenci : 575
Denizli,Merkezefendi,Altındere İlkokulu,700704,İlkokul,https://altindereilkokulu.meb.k12.tr,,,https://altindereilkokulu.meb.k12.tr/tema/harita.php,2026-08-31,41,41,bulundu,https://altindereilkokulu.meb.k12.tr/,2026-10-01T18:38:44.667539+00:00,,Öğrenci Sayısı: 41
Denizli,Merkezefendi,Amiroğlu İlkokulu,720241,İlkokul,https://amirogluilkokulu.meb.k12.tr,,,https://amirogluilkokulu.meb.k12.tr/tema/harita.php,2026-08-31,843,843,bulundu,https://amirogluilkokulu.meb.k12.tr/,2026-10-01T18:38:44.739516+00:00,,Öğrenci Sayısı 843
Denizli,Merkezefendi,Arif Yalınkaya İlkokulu,375938,İlkokul,https://arifyalinkayaio.meb.k12.tr,,,https://arifyalinkayaio.meb.k12.tr/tema/harita.php,2026-08-31,720,720,bulundu,https://arifyalinkayaio.meb.k12.tr/,2026-10-01T18:38:44.753427+00:00,,Öğrenci Sayısı : 720
Denizli,Merkezefendi,Ayşe-Mürüvvet Başer İmam Hatip Ortaokulu,701592,İmam Hatip Ortaokulu,https://aysemuruvvetbaseriho.meb.k12.tr,,,https://aysemuruvvetbaseriho.meb.k12.tr/tema/harita.php,2026-08-31,75,75,bulundu,https://aysemuruvvetbaseriho.meb.k12.tr/,2026-10-01T18:38:44.817209+00:00,,Öğrenci Sayısı : 75
Denizli,Merkezefendi,Ayşe-Yusuf Erdemir Anaokulu,970605,Anaokulu,https://erdemiranaokulu.meb.k12.tr,,,https://erdemiranaokulu.meb.k12.tr/tema/harita.php,2026-08-31,276,276,bulundu,https://erdemiranaokulu.meb.k12.tr/,2026-10-01T18:38:44.858938+00:00,,Öğrenci Sayısı: 276
Denizli,Merkezefendi,Azime-Orhan Galip Demir Anaokulu,767502,Anaokulu,https://767502.meb.k12.tr,,,https://767502.meb.k12.tr/tema/harita.php,2026-08-31,332,332,bulundu,https://767502.meb.k12.tr/,2026-10-01T18:38:44.869543+00:00,,Öğrenci Sayısı 332
Denizli,Merkezefendi,Aşağışamlı Ortaokulu,701482,Ortaokul,https://asagisamliortaokulu.meb.k12.tr,,,https://asagisamliortaokulu.meb.k12.tr/tema/harita.php,2026-08-31,66,66,bulundu,https://asagisamliortaokulu.meb.k12.tr/,2026-10-01T18:38:44.904242+00:00,,Öğrenci Sayısı 66
Denizli,Merkezefendi,Aşağışamlı İlkokulu,700729,İlkokul,https://asagisamli.meb.k12.tr,,,https://asagisamli.meb.k12.tr/tema/harita.php,2026-08-31,69,69,bulundu,https://asagisamli.meb.k12.tr/,2026-10-01T18:38:44.945801+00:00,,Öğrenci Sayısı : 69
Denizli,Merkezefendi,Barbaros Kız Anadolu İmam Hatip Lisesi,758189,Anadolu İmam Hatip Lisesi,https://barbaroskizaihl.meb.k12.tr,,,https://barbaroskizaihl.meb.k12.tr/tema/harita.php,2026-08-31,299,299,bulundu,https://barbaroskizaihl.meb.k12.tr/tema/okulumuz_hakkinda.php,2026-10-01T18:38:45.032470+00:00,,Öğrenci : 299
Denizli,Merkezefendi,Başak Özel Eğitim Meslek Okulu,767427,Özel Eğitim Kurumu,https://767427.meb.k12.tr,,,https://767427.meb.k12.tr/tema/harita.php,2026-08-31,75,75,bulundu,https://767427.meb.k12.tr/,2026-10-01T18:38:45.087286+00:00,,Öğrenci Sayısı 75
Denizli,Merkezefendi,Bereketli Anaokulu,764610,Anaokulu,https://bereketlianaokulu.meb.k12.tr,,,https://bereketlianaokulu.meb.k12.tr/tema/harita.php,2026-08-31,298,298,bulundu,https://bereketlianaokulu.meb.k12.tr/,2026-10-01T18:38:45.401756+00:00,,Öğrenci Sayısı 298
Denizli,Merkezefendi,Bereketli İmam Hatip Ortaokulu,762011,İmam Hatip Ortaokulu,https://denizlibereketliiho.meb.k12.tr,,,https://denizlibereketliiho.meb.k12.tr/tema/harita.php,2026-08-31,630,630,bulundu,https://denizlibereketliiho.meb.k12.tr/,2026-10-01T18:38:45.450587+00:00,,Öğrenci Sayısı 630
Denizli,Merkezefendi,Borsa İstanbul İlkokulu,774413,İlkokul,https://borsaistanbulilkokulu.meb.k12.tr,,,https://borsaistanbulilkokulu.meb.k12.tr/tema/harita.php,2026-08-31,1008,1008,bulundu,https://borsaistanbulilkokulu.meb.k12.tr/,2026-10-01T18:38:45.489660+00:00,,Öğrenci Sayısı : 1008
Denizli,Merkezefendi,Büyükşehir Belediyesi Hayme Hatun Anaokulu,971887,Anaokulu,https://dbhaymehatun.meb.k12.tr,,,https://dbhaymehatun.meb.k12.tr/tema/harita.php,2026-08-31,317,317,bulundu,https://dbhaymehatun.meb.k12.tr/,2026-10-01T18:38:45.490977+00:00,,Öğrenci Sayısı: 317
Denizli,Merkezefendi,Cedide Abalıoğlu Anadolu İmam Hatip Lisesi,140122,Anadolu İmam Hatip Lisesi,https://cedideabaliogluaihl.meb.k12.tr,,,https://cedideabaliogluaihl.meb.k12.tr/tema/harita.php,2026-08-31,472,472,bulundu,https://cedideabaliogluaihl.meb.k12.tr/tema/okulumuz_hakkinda.php,2026-10-01T18:38:45.493240+00:00,,Öğrenci : 472
Denizli,Merkezefendi,Denizli Anadolu İmam Hatip Lisesi,964461,Anadolu İmam Hatip Lisesi,https://denizliaihl.meb.k12.tr,,,https://denizliaihl.meb.k12.tr/tema/harita.php,2026-08-31,374,374,bulundu,https://denizliaihl.meb.k12.tr/tema/okulumuz_hakkinda.php,2026-10-01T18:38:45.613040+00:00,,Öğrenci : 374
Denizli,Merkezefendi,Denizli Mesleki Eğitim Merkezi,767835,Mesleki Eğitim Merkezi,https://denizlimesem.meb.k12.tr,,,https://denizlimesem.meb.k12.tr/tema/harita.php,2026-08-31,802,802,bulundu,https://denizlimesem.meb.k12.tr/,2026-10-01T18:38:45.867909+00:00,,Öğrenci Sayısı : 802
Denizli,Merkezefendi,Denizli İbrahim Cengiz Özel Eğitim Meslek Lisesi,970728,Mesleki ve Teknik Anadolu Lisesi,https://dozemel.meb.k12.tr,,,https://dozemel.meb.k12.tr/tema/harita.php,2026-08-31,14,14,bulundu,https://dozemel.meb.k12.tr/,2026-10-01T18:38:45.898303+00:00,,Öğrenci Sayısı 14
Denizli,Merkezefendi,Dentaş Özel Eğitim Uygulama Okulu I. Kademe,756400,Özel Eğitim Kurumu,https://docem1kademe.meb.k12.tr,,,https://docem1kademe.meb.k12.tr/tema/harita.php,2026-08-31,63,63,bulundu,https://docem1kademe.meb.k12.tr/,2026-10-01T18:38:46.026451+00:00,,Öğrenci Sayısı 63
Denizli,Merkezefendi,Dentaş Özel Eğitim Uygulama Okulu II. Kademe,747609,Özel Eğitim Kurumu,https://docem2kademe.meb.k12.tr,,,https://docem2kademe.meb.k12.tr/tema/harita.php,2026-08-31,74,74,bulundu,https://docem2kademe.meb.k12.tr/,2026-10-01T18:38:46.037025+00:00,,Öğrenci Sayısı 74
Denizli,Merkezefendi,Dentaş Özel Eğitim Uygulama Okulu III. Kademe,763154,Özel Eğitim Kurumu,https://docem3kademe.meb.k12.tr,,,https://docem3kademe.meb.k12.tr/tema/harita.php,2026-08-31,58,58,bulundu,https://docem3kademe.meb.k12.tr/,2026-10-01T18:38:46.078546+00:00,,Öğrenci Sayısı 58
Denizli,Merkezefendi,Dentaş İlkokulu,700839,İlkokul,https://dentas.meb.k12.tr,,,https://dentas.meb.k12.tr/tema/harita.php,2026-08-31,416,416,bulundu,https://dentas.meb.k12.tr/,2026-10-01T18:38:46.298355+00:00,,Öğrenci Sayısı 416
Denizli,Merkezefendi,Dr.Bekir Sıddık Müftüler İlkokulu,745553,İlkokul,https://drbsmio.meb.k12.tr,,,https://drbsmio.meb.k12.tr/tema/harita.php,2026-08-31,480,480,bulundu,https://drbsmio.meb.k12.tr/,2026-10-01T18:38:46.315580+00:00,,Öğrenci Sayısı: 480
Denizli,Merkezefendi,Durmuş Ali Çoban Anadolu Lisesi,967561,Anadolu Lisesi,https://dacal.meb.k12.tr,,,https://dacal.meb.k12.tr/tema/harita.php,2026-08-31,506,506,bulundu,https://dacal.meb.k12.tr/,2026-10-01T18:38:46.469381+00:00,,Öğrenci Sayısı 506
Denizli,Merkezefendi,Ekrem Başer Ortaokulu,716406,Ortaokul,https://ekrembaserortaokulu.meb.k12.tr,,,https://ekrembaserortaokulu.meb.k12.tr/tema/harita.php,2026-08-31,149,149,bulundu,https://ekrembaserortaokulu.meb.k12.tr/tema/okulumuz_hakkinda.php,2026-10-01T18:38:46.521008+00:00,,Öğrenci : 149
Denizli,Merkezefendi,Ekrem Başer İlkokulu,977067,İlkokul,https://ekrembaserilkokulu.meb.k12.tr,,,https://ekrembaserilkokulu.meb.k12.tr/tema/harita.php,2026-08-31,145,145,bulundu,https://ekrembaserilkokulu.meb.k12.tr/tema/okulumuz_hakkinda.php,2026-10-01T18:38:46.547205+00:00,,Öğrenci : 145
Denizli,Merkezefendi,Emine-Ahmet Sami Uslu İlkokulu,714502,İlkokul,https://asude.meb.k12.tr,,,https://asude.meb.k12.tr/tema/harita.php,2026-08-31,606,606,bulundu,https://asude.meb.k12.tr/,2026-10-01T18:38:46.589995+00:00,,Öğrenci Sayısı : 606
Denizli,Merkezefendi,Erbakır Fen Lisesi,326677,Fen Lisesi,https://erbakirfenlisesi.meb.k12.tr,,,https://erbakirfenlisesi.meb.k12.tr/tema/harita.php,2026-08-31,518,518,bulundu,https://erbakirfenlisesi.meb.k12.tr/,2026-10-01T18:38:46.811097+00:00,,Öğrenci Sayısı : 518
Denizli,Merkezefendi,Ertuğrul Gazi Anaokulu,767362,Anaokulu,https://denizliertugrulgazianaokulu.meb.k12.tr,,,https://denizliertugrulgazianaokulu.meb.k12.tr/tema/harita.php,2026-08-31,45,45,bulundu,https://denizliertugrulgazianaokulu.meb.k12.tr/,2026-10-01T18:38:46.821200+00:00,,Öğrenci Sayısı: 45
Denizli,Merkezefendi,Esentepe Ortaokulu,716588,Ortaokul,https://denizliesentepe.meb.k12.tr,,,https://denizliesentepe.meb.k12.tr/tema/harita.php,2026-08-31,488,488,bulundu,https://denizliesentepe.meb.k12.tr/,2026-10-01T18:38:46.918558+00:00,,Öğrenci Sayısı 488
Denizli,Merkezefendi,Eğitim Kurumları Yaptırma ve Yaşatma Derneği Denizli Görme Engelliler Ortaokulu,746917,Ortaokul,https://dgeo.meb.k12.tr,,,https://dgeo.meb.k12.tr/tema/harita.php,2026-08-31,,,bulunamadi,,2026-10-01T18:38:47.035654+00:00,,
Denizli,Merkezefendi,Eğitim Kurumları Yaptırma ve Yaşatma Derneği Denizli Görme Engelliler İlkokulu,746732,İlkokul,https://dgei.meb.k12.tr,,,https://dgei.meb.k12.tr/tema/harita.php,2026-08-31,39,39,bulundu,https://dgei.meb.k12.tr/,2026-10-01T18:38:47.046995+00:00,,Öğrenci Sayısı : 39
Denizli,Merkezefendi,Fatih İlkokulu,700888,İlkokul,https://denizlifatih.meb.k12.tr,,,https://denizlifatih.meb.k12.tr/tema/harita.php,2026-08-31,739,739,bulundu,https://denizlifatih.meb.k12.tr/,2026-10-01T18:38:47.312910+00:00,,Öğrenci Sayısı 739
Denizli,Merkezefendi,Filiz Abalıoğlu Anadolu Lisesi,972820,Anadolu Lisesi,https://denizlifaal.meb.k12.tr,,,https://denizlifaal.meb.k12.tr/tema/harita.php,2026-08-31,683,683,bulundu,https://denizlifaal.meb.k12.tr/,2026-10-01T18:38:47.335349+00:00,,Öğrenci Sayısı : 683
Denizli,Merkezefendi,Gazi İlkokulu,700906,İlkokul,https://denizligazi.meb.k12.tr,,,https://denizligazi.meb.k12.tr/tema/harita.php,2026-08-31,301,301,bulundu,https://denizligazi.meb.k12.tr/,2026-10-01T18:38:47.344566+00:00,,Öğrenci Sayısı : 301
Denizli,Merkezefendi,Gültepe Anadolu İmam Hatip Lisesi,775251,Anadolu İmam Hatip Lisesi,https://gultepeaihl.meb.k12.tr,,,https://gultepeaihl.meb.k12.tr/tema/harita.php,2026-08-31,334,334,bulundu,https://gultepeaihl.meb.k12.tr/,2026-10-01T18:38:47.408097+00:00,,Öğrenci Sayısı 334
Denizli,Merkezefendi,Gültepe Mesleki ve Teknik Anadolu Lisesi,974032,Mesleki ve Teknik Anadolu Lisesi,https://denizligultepemtal.meb.k12.tr,,,https://denizligultepemtal.meb.k12.tr/tema/harita.php,2026-08-31,304,304,bulundu,https://denizligultepemtal.meb.k12.tr/,2026-10-01T18:38:47.437226+00:00,,Öğrenci Sayısı 304
Denizli,Merkezefendi,Güngör Aslan Anadolu Lisesi,766259,Anadolu Lisesi,https://gungoraslan.meb.k12.tr,,,https://gungoraslan.meb.k12.tr/tema/harita.php,2026-08-31,692,692,bulundu,https://gungoraslan.meb.k12.tr/,2026-10-01T18:38:47.646821+00:00,,Öğrenci Sayısı : 692
Denizli,Merkezefendi,Hacı Ahmet Paralı İlkokulu,716596,İlkokul,https://hapi.meb.k12.tr,,,https://hapi.meb.k12.tr/tema/harita.php,2026-08-31,569,569,bulundu,https://hapi.meb.k12.tr/,2026-10-01T18:38:47.646738+00:00,,Öğrenci Sayısı : 569
Denizli,Merkezefendi,Hacı Halil Bektaş Ortaokulu,700944,Ortaokul,https://hacihalilbektasoo.meb.k12.tr,,,https://hacihalilbektasoo.meb.k12.tr/tema/harita.php,2026-08-31,517,517,bulundu,https://hacihalilbektasoo.meb.k12.tr/,2026-10-01T18:38:47.871540+00:00,,Öğrenci Sayısı : 517
Denizli,Merkezefendi,Hacı Hasan Ali Kömürcüoğlu Ortaokulu,462358,Ortaokul,https://komurcuoglu.meb.k12.tr,,,https://komurcuoglu.meb.k12.tr/tema/harita.php,2026-08-31,496,496,bulundu,https://komurcuoglu.meb.k12.tr/,2026-10-01T18:38:48.214052+00:00,,Öğrenci Sayısı : 496
Denizli,Merkezefendi,Hacı Leman Oto İlkokulu,756376,İlkokul,https://hloio.meb.k12.tr,,,https://hloio.meb.k12.tr/tema/harita.php,2026-08-31,404,404,bulundu,https://hloio.meb.k12.tr/,2026-10-01T18:38:48.317545+00:00,,Öğrenci Sayısı : 404
Denizli,Merkezefendi,Hacı Şakir- Meliha- Nilüfer Öz İlkokulu,767170,İlkokul,https://hacisakirmelihaniluferozio.meb.k12.tr,,,https://hacisakirmelihaniluferozio.meb.k12.tr/tema/harita.php,2026-08-31,282,282,bulundu,https://hacisakirmelihaniluferozio.meb.k12.tr/,2026-10-01T18:38:48.320999+00:00,,Öğrenci Sayısı : 282
Denizli,Merkezefendi,Hacıeyüplü Ortaokulu,745273,Ortaokul,https://hacieyupluortaokulu.meb.k12.tr,,,https://hacieyupluortaokulu.meb.k12.tr/tema/harita.php,2026-08-31,54,54,bulundu,https://hacieyupluortaokulu.meb.k12.tr/,2026-10-01T18:38:48.329462+00:00,,Öğrenci Sayısı : 54
Denizli,Merkezefendi,Hacıeyüplü İlkokulu,716633,İlkokul,https://hacieyupluilkokulu.meb.k12.tr,,,https://hacieyupluilkokulu.meb.k12.tr/tema/harita.php,2026-08-31,52,52,bulundu,https://hacieyupluilkokulu.meb.k12.tr/,2026-10-01T18:38:48.340159+00:00,,Öğrenci Sayısı : 52
Denizli,Merkezefendi,Hakkı Dereköylü Güzel Sanatlar Lisesi,324571,Güzel Sanatlar Lisesi,https://denizligsl.meb.k12.tr,,,https://denizligsl.meb.k12.tr/tema/harita.php,2026-08-31,231,231,bulundu,https://denizligsl.meb.k12.tr/,2026-10-01T18:38:48.380154+00:00,,Öğrenci Sayısı : 231
Denizli,Merkezefendi,Hatipzade Veli Başer Anadolu İmam Hatip Lisesi,761694,Anadolu İmam Hatip Lisesi,https://hatipzadevelibaseraihl.meb.k12.tr,,,https://hatipzadevelibaseraihl.meb.k12.tr/tema/harita.php,2026-08-31,,,bulunamadi,,2026-10-01T18:38:48.591354+00:00,,
Denizli,Merkezefendi,Havva-Süleyman Yağlıca Ortaokulu,701014,Ortaokul,https://hsyaglicaortaokulu.meb.k12.tr,,,https://hsyaglicaortaokulu.meb.k12.tr/tema/harita.php,2026-08-31,637,637,bulundu,https://hsyaglicaortaokulu.meb.k12.tr/tema/okulumuz_hakkinda.php,2026-10-01T18:38:48.668429+00:00,,Öğrenci : 637
Denizli,Merkezefendi,Hayırseverler Ortaokulu,745335,Ortaokul,https://hayirseverlerortaokulu.meb.k12.tr,,,https://hayirseverlerortaokulu.meb.k12.tr/tema/harita.php,2026-08-31,1486,1486,bulundu,https://hayirseverlerortaokulu.meb.k12.tr/,2026-10-01T18:38:48.703405+00:00,,Öğrenci Sayısı : 1486
Denizli,Merkezefendi,Hilmi Özcan Anadolu Lisesi,972703,Anadolu Lisesi,https://hilmiozcanal.meb.k12.tr,,,https://hilmiozcanal.meb.k12.tr/tema/harita.php,2026-08-31,544,544,bulundu,https://hilmiozcanal.meb.k12.tr/,2026-10-01T18:38:48.715019+00:00,,Öğrenci Sayısı : 544
Denizli,Merkezefendi,Karahasanlı Ortaokulu,765708,Ortaokul,https://karahasanli.meb.k12.tr,,,https://karahasanli.meb.k12.tr/tema/harita.php,2026-08-31,196,196,bulundu,https://karahasanli.meb.k12.tr/,2026-10-01T18:38:48.742618+00:00,,Öğrenci Sayısı 196
Denizli,Merkezefendi,Karahasanlı Şehit Hasan İlhan İlkokulu,759256,İlkokul,https://karahasanlilkokulu.meb.k12.tr,,,https://karahasanlilkokulu.meb.k12.tr/tema/harita.php,2026-08-31,246,246,bulundu,https://karahasanlilkokulu.meb.k12.tr/,2026-10-01T18:38:48.840188+00:00,,Öğrenci Sayısı : 246
Denizli,Merkezefendi,Karaman Ortaokulu,761924,Ortaokul,https://karamanortaokulu.meb.k12.tr,,,https://karamanortaokulu.meb.k12.tr/tema/harita.php,2026-08-31,378,378,bulundu,https://karamanortaokulu.meb.k12.tr/,2026-10-01T18:38:48.845947+00:00,,Öğrenci Sayısı : 378
Denizli,Merkezefendi,Katip Çelebi İlkokulu,701047,İlkokul,https://katipcelebiio.meb.k12.tr,,,https://katipcelebiio.meb.k12.tr/tema/harita.php,2026-08-31,1219,1219,bulundu,https://katipcelebiio.meb.k12.tr/,2026-10-01T18:38:48.901107+00:00,,Öğrenci Sayısı 1219
Denizli,Merkezefendi,Kazım Kaynak Anadolu Lisesi,972819,Anadolu Lisesi,https://kkalisesi.meb.k12.tr,,,https://kkalisesi.meb.k12.tr/tema/harita.php,2026-08-31,531,531,bulundu,https://kkalisesi.meb.k12.tr/tema/okulumuz_hakkinda.php,2026-10-01T18:38:49.032208+00:00,,Öğrenci : 531
Denizli,Merkezefendi,Lütfi Ege Anadolu Lisesi,883123,Anadolu Lisesi,https://legeanadolu.meb.k12.tr,,,https://legeanadolu.meb.k12.tr/tema/harita.php,2026-08-31,528,528,bulundu,https://legeanadolu.meb.k12.tr/,2026-10-01T18:38:49.048315+00:00,,Öğrenci Sayısı 528
Denizli,Merkezefendi,Mehmet Akif Ersoy Anadolu Lisesi,974846,Anadolu Lisesi,https://denizlimehmetakifersoyandlisesi.meb.k12.tr,,,https://denizlimehmetakifersoyandlisesi.meb.k12.tr/tema/harita.php,2026-08-31,327,327,bulundu,https://denizlimehmetakifersoyandlisesi.meb.k12.tr/,2026-10-01T18:38:49.079026+00:00,,Öğrenci Sayısı : 327
Denizli,Merkezefendi,Merkez Efendi İlkokulu,459298,İlkokul,https://denizlimerkezefendi.meb.k12.tr,,,https://denizlimerkezefendi.meb.k12.tr/tema/harita.php,2026-08-31,1148,1148,bulundu,https://denizlimerkezefendi.meb.k12.tr/,2026-10-01T18:38:49.083014+00:00,,Öğrenci Sayısı : 1148
Denizli,Merkezefendi,Merkezefendi Belediyesi Anadolu İmam Hatip Lisesi,764645,Anadolu İmam Hatip Lisesi,https://merkezefendibldaihl.meb.k12.tr,,,https://merkezefendibldaihl.meb.k12.tr/tema/harita.php,2026-08-31,364,364,bulundu,https://merkezefendibldaihl.meb.k12.tr/tema/okulumuz_hakkinda.php,2026-10-01T18:38:49.115614+00:00,,Öğrenci : 364
Denizli,Merkezefendi,Merkezefendi Belediyesi Sümer-Sevindik Anaokulu,763303,Anaokulu,https://sumersevindikanaokulu.meb.k12.tr,,,https://sumersevindikanaokulu.meb.k12.tr/tema/harita.php,2026-08-31,123,123,bulundu,https://sumersevindikanaokulu.meb.k12.tr/,2026-10-01T18:38:49.188239+00:00,,Öğrenci Sayısı 123
Denizli,Merkezefendi,Merkezefendi Belediyesi Yeni Mahalle Anaokulu,761428,Anaokulu,https://mbyenimahalleanaokulu.meb.k12.tr,,,https://mbyenimahalleanaokulu.meb.k12.tr/tema/harita.php,2026-08-31,98,98,bulundu,https://mbyenimahalleanaokulu.meb.k12.tr/,2026-10-01T18:38:49.345303+00:00,,Öğrenci Sayısı 98
Denizli,Merkezefendi,Merkezefendi Halk Eğitimi Merkezi,140134,Halk Eğitimi Merkezi,https://merkezefendihem.meb.k12.tr,,,https://merkezefendihem.meb.k12.tr/tema/harita.php,2026-08-31,,,bulunamadi,,2026-10-01T18:38:49.413534+00:00,,
Denizli,Merkezefendi,Merkezefendi Rehberlik ve Araştırma Merkezi,761550,Rehberlik ve Araştırma Merkezi,https://merkezefendiram.meb.k12.tr,,,https://merkezefendiram.meb.k12.tr/tema/harita.php,2026-08-31,,,bulunamadi,,2026-10-01T18:38:49.674548+00:00,,
Denizli,Merkezefendi,Musa Kazım Manasır İlkokulu,718699,İlkokul,https://musakazimmanasirilkokulu.meb.k12.tr,,,https://musakazimmanasirilkokulu.meb.k12.tr/tema/harita.php,2026-08-31,705,705,bulundu,https://musakazimmanasirilkokulu.meb.k12.tr/tema/okulumuz_hakkinda.php,2026-10-01T18:38:49.698653+00:00,,Öğrenci : 705
Denizli,Merkezefendi,Musa-Hatice Çelikkol Ortaokulu,745307,Ortaokul,https://mhcortaokulu.meb.k12.tr,,,https://mhcortaokulu.meb.k12.tr/tema/harita.php,2026-08-31,,,bulunamadi,,2026-10-01T18:38:49.730567+00:00,,
Denizli,Merkezefendi,Musa-Hatice Çelikkol İlkokulu,719229,İlkokul,https://mhcilkokulu.meb.k12.tr,,,https://mhcilkokulu.meb.k12.tr/tema/harita.php,2026-08-31,196,196,bulundu,https://mhcilkokulu.meb.k12.tr/,2026-10-01T18:38:49.736667+00:00,,Öğrenci Sayısı 196
Denizli,Merkezefendi,Mustafa Kaynak Anadolu Lisesi,963910,Anadolu Lisesi,https://mkaynakandl.meb.k12.tr,,,https://mkaynakandl.meb.k12.tr/tema/harita.php,2026-08-31,,,bulunamadi,,2026-10-01T18:38:49.778680+00:00,,
Denizli,Merkezefendi,Mustafa Kulaklı Ortaokulu,715928,Ortaokul,https://mustafakulaklioo.meb.k12.tr,,,https://mustafakulaklioo.meb.k12.tr/tema/harita.php,2026-08-31,139,139,bulundu,https://mustafakulaklioo.meb.k12.tr/,2026-10-01T18:38:49.970136+00:00,,Öğrenci Sayısı : 139
Denizli,Merkezefendi,Mustafa Kulaklı İlkokulu,715877,İlkokul,https://mustafakulakliio.meb.k12.tr,,,https://mustafakulakliio.meb.k12.tr/tema/harita.php,2026-08-31,193,193,bulundu,https://mustafakulakliio.meb.k12.tr/,2026-10-01T18:38:49.991455+00:00,,Öğrenci Sayısı : 193
Denizli,Merkezefendi,Mükerrem-Mehmet Eke Ortaokulu,745314,Ortaokul,https://mmekeo.meb.k12.tr,,,https://mmekeo.meb.k12.tr/tema/harita.php,2026-08-31,486,486,bulundu,https://mmekeo.meb.k12.tr/,2026-10-01T18:38:50.106029+00:00,,Öğrenci Sayısı 486
Denizli,Merkezefendi,Naile-Mehmet Ali Uyanık Anadolu Lisesi,766131,Anadolu Lisesi,https://nailemehmetuyanikal.meb.k12.tr,,,https://nailemehmetuyanikal.meb.k12.tr/tema/harita.php,2026-08-31,677,677,bulundu,https://nailemehmetuyanikal.meb.k12.tr/,2026-10-01T18:38:50.184954+00:00,,Öğrenci Sayısı : 677
Denizli,Merkezefendi,Naile-Mehmet Ali Uyanık Anaokulu,768759,Anaokulu,https://nailemehmetuyanikanaokulu.meb.k12.tr,,,https://nailemehmetuyanikanaokulu.meb.k12.tr/tema/harita.php,2026-08-31,112,112,bulundu,https://nailemehmetuyanikanaokulu.meb.k12.tr/,2026-10-01T18:38:50.189054+00:00,,Öğrenci Sayısı: 112
Denizli,Merkezefendi,Nalan-Mustafa Kaynak Bilim ve Sanat Merkezi,772401,Bilim ve Sanat Merkezi,https://nalanmustafakaynakbilsem.meb.k12.tr,,,https://nalanmustafakaynakbilsem.meb.k12.tr/tema/harita.php,2026-08-31,474,474,bulundu,https://nalanmustafakaynakbilsem.meb.k12.tr/,2026-10-01T18:38:50.191162+00:00,,Öğrenci Sayısı 474
Denizli,Merkezefendi,Nalân Kaynak Anadolu Lisesi,964245,Anadolu Lisesi,https://nalankaynak.meb.k12.tr,,,https://nalankaynak.meb.k12.tr/tema/harita.php,2026-08-31,701,701,bulundu,https://nalankaynak.meb.k12.tr/,2026-10-01T18:38:50.217082+00:00,,Öğrenci Sayısı : 701
Denizli,Merkezefendi,Namık Kemal Ortaokulu,701139,Ortaokul,https://denizlinamikkemaloo.meb.k12.tr,,,https://denizlinamikkemaloo.meb.k12.tr/tema/harita.php,2026-08-31,507,507,bulundu,https://denizlinamikkemaloo.meb.k12.tr/,2026-10-01T18:38:50.482820+00:00,,Öğrenci Sayısı : 507
Denizli,Merkezefendi,Necip Fazıl Kısakürek İlkokulu,719612,İlkokul,https://nfkilkokuludenizli.meb.k12.tr,,,https://nfkilkokuludenizli.meb.k12.tr/tema/harita.php,2026-08-31,578,578,bulundu,https://nfkilkokuludenizli.meb.k12.tr/,2026-10-01T18:38:50.574731+00:00,,Öğrenci Sayısı : 578
Denizli,Merkezefendi,Necla-Ergun Abalıoğlu Ticaret Mesleki ve Teknik Anadolu Lisesi,748896,Mesleki ve Teknik Anadolu Lisesi,https://neclaergunabalioglu.meb.k12.tr,,,https://neclaergunabalioglu.meb.k12.tr/tema/harita.php,2026-08-31,914,914,bulundu,https://neclaergunabalioglu.meb.k12.tr/,2026-10-01T18:38:50.575312+00:00,,Öğrenci Sayısı : 914
Denizli,Merkezefendi,Nermin-Osman Akça Ortaokulu,701149,Ortaokul,https://noakca.meb.k12.tr,,,https://noakca.meb.k12.tr/tema/harita.php,2026-08-31,532,532,bulundu,https://noakca.meb.k12.tr/,2026-10-01T18:38:50.658931+00:00,,Öğrenci Sayısı 532
Denizli,Merkezefendi,Nevzat Erten Ortaokulu,745318,Ortaokul,https://nevzaterteno.meb.k12.tr,,,https://nevzaterteno.meb.k12.tr/tema/harita.php,2026-08-31,,,bulunamadi,,2026-10-01T18:38:50.696037+00:00,,
Denizli,Merkezefendi,Nevzat Karalp Anadolu Lisesi,964247,Anadolu Lisesi,https://nkal.meb.k12.tr,,,https://nkal.meb.k12.tr/tema/harita.php,2026-08-31,,,bulunamadi,,2026-10-01T18:38:50.709416+00:00,,
Denizli,Merkezefendi,Oktay Mersin Özel Eğitim Anaokulu,747225,Anaokulu,https://oktaymersinozelegitimanaokulu.meb.k12.tr,,,https://oktaymersinozelegitimanaokulu.meb.k12.tr/tema/harita.php,2026-08-31,95,95,bulundu,https://oktaymersinozelegitimanaokulu.meb.k12.tr/,2026-10-01T18:38:50.853427+00:00,,Öğrenci Sayısı: 95
Denizli,Merkezefendi,Okul Yaptırma ve Yaşatma Derneği Anaokulu,972597,Anaokulu,https://oyydanaokulu.meb.k12.tr,,,https://oyydanaokulu.meb.k12.tr/tema/harita.php,2026-08-31,41,41,bulundu,https://oyydanaokulu.meb.k12.tr/,2026-10-01T18:38:50.880976+00:00,,Öğrenci Sayısı 41
Denizli,Merkezefendi,Osman Özgür İlkokulu,719765,İlkokul,https://osmanozgurilkokulu.meb.k12.tr,,,https://osmanozgurilkokulu.meb.k12.tr/tema/harita.php,2026-08-31,1031,1031,bulundu,https://osmanozgurilkokulu.meb.k12.tr/tema/okulumuz_hakkinda.php,2026-10-01T18:38:50.987042+00:00,,Öğrenci : 1031
Denizli,Merkezefendi,Oya-Ender Abalıoğlu Anadolu Lisesi,763755,Anadolu Lisesi,https://oyaenderabaliogluanadolulisesi.meb.k12.tr,,,https://oyaenderabaliogluanadolulisesi.meb.k12.tr/tema/harita.php,2026-08-31,557,557,bulundu,https://oyaenderabaliogluanadolulisesi.meb.k12.tr/,2026-10-01T18:38:51.372448+00:00,,Öğrenci Sayısı : 557
Denizli,Merkezefendi,Perihan Kıbrıslıoğlu Anaokulu,749627,Anaokulu,https://perihankibrisliogluanaokulu.meb.k12.tr,,,https://perihankibrisliogluanaokulu.meb.k12.tr/tema/harita.php,2026-08-31,313,313,bulundu,https://perihankibrisliogluanaokulu.meb.k12.tr/,2026-10-01T18:38:51.398177+00:00,,Öğrenci Sayısı 313
Denizli,Merkezefendi,Pınar-Baha Abalıoğlu Anadolu Lisesi,763619,Anadolu Lisesi,https://pinarbahaabalioglual.meb.k12.tr,,,https://pinarbahaabalioglual.meb.k12.tr/tema/harita.php,2026-08-31,1000,1000,bulundu,https://pinarbahaabalioglual.meb.k12.tr/,2026-10-01T18:38:51.469911+00:00,,Öğrenci Sayısı : 1000
Denizli,Merkezefendi,Reşat Vural İlkokulu,700934,İlkokul,https://rvi.meb.k12.tr,,,https://rvi.meb.k12.tr/tema/harita.php,2026-08-31,580,580,bulundu,https://rvi.meb.k12.tr/,2026-10-01T18:38:51.793947+00:00,,Öğrenci Sayısı 580
Denizli,Merkezefendi,Rukiye Urhan Anaokulu,849118,Anaokulu,https://rukiyeurhananaokulu.meb.k12.tr,,,https://rukiyeurhananaokulu.meb.k12.tr/tema/harita.php,2026-08-31,184,184,bulundu,https://rukiyeurhananaokulu.meb.k12.tr/,2026-10-01T18:38:51.888947+00:00,,Öğrenci Sayısı: 184
Denizli,Merkezefendi,Saime Aslan Anaokulu,971864,Anaokulu,https://saimeaslananaokulu.meb.k12.tr,,,https://saimeaslananaokulu.meb.k12.tr/tema/harita.php,2026-08-31,389,389,bulundu,https://saimeaslananaokulu.meb.k12.tr/,2026-10-01T18:38:51.900568+00:00,,Öğrenci Sayısı: 389
Denizli,Merkezefendi,Servergazi Anadolu Lisesi,767183,Anadolu Lisesi,https://servergazianadolulisesi.meb.k12.tr,,,https://servergazianadolulisesi.meb.k12.tr/tema/harita.php,2026-08-31,451,451,bulundu,https://servergazianadolulisesi.meb.k12.tr/tema/okulumuz_hakkinda.php,2026-10-01T18:38:52.018888+00:00,,Öğrenci : 451
Denizli,Merkezefendi,Servergazi Anadolu İmam Hatip Lisesi,762623,Anadolu İmam Hatip Lisesi,https://servergaziaihl.meb.k12.tr,,,https://servergaziaihl.meb.k12.tr/tema/harita.php,2026-08-31,376,376,bulundu,https://servergaziaihl.meb.k12.tr/tema/okulumuz_hakkinda.php,2026-10-01T18:38:52.246490+00:00,,Öğrenci : 376
Denizli,Merkezefendi,Servergazi Borsa İstanbul Kız Mesleki ve Teknik Anadolu Lisesi,970428,Mesleki ve Teknik Anadolu Lisesi,https://servergaziktml.meb.k12.tr,,,https://servergaziktml.meb.k12.tr/tema/harita.php,2026-08-31,596,596,bulundu,https://servergaziktml.meb.k12.tr/,2026-10-01T18:38:52.397928+00:00,,Öğrenci Sayısı : 596
Denizli,Merkezefendi,Servergazi İmam Hatip Ortaokulu,701784,İmam Hatip Ortaokulu,https://servergaziimamhatip.meb.k12.tr,,,https://servergaziimamhatip.meb.k12.tr/tema/harita.php,2026-08-31,1378,1378,bulundu,https://servergaziimamhatip.meb.k12.tr/,2026-10-01T18:38:52.410405+00:00,,Öğrenci Sayısı : 1378
Denizli,Merkezefendi,Sevgi Bayraktar Anaokulu,964425,Anaokulu,https://sevgibayraktaranaokulu.meb.k12.tr,,,https://sevgibayraktaranaokulu.meb.k12.tr/tema/harita.php,2026-08-31,121,121,bulundu,https://sevgibayraktaranaokulu.meb.k12.tr/,2026-10-01T18:38:52.474640+00:00,,Öğrenci Sayısı 121
Denizli,Merkezefendi,Sevil Kaynak Ortaokulu,700708,Ortaokul,https://sevilkaynakoo.meb.k12.tr,,,https://sevilkaynakoo.meb.k12.tr/tema/harita.php,2026-08-31,1102,1102,bulundu,https://sevilkaynakoo.meb.k12.tr/,2026-10-01T18:38:52.476775+00:00,,Öğrenci Sayısı : 1102
Denizli,Merkezefendi,Sevindik Şehit Hasan Eser Ortaokulu,701193,Ortaokul,https://sevindik.meb.k12.tr,,,https://sevindik.meb.k12.tr/tema/harita.php,2026-08-31,393,393,bulundu,https://sevindik.meb.k12.tr/,2026-10-01T18:38:52.627601+00:00,,Öğrenci Sayısı 393
Denizli,Merkezefendi,Sıdıka Çalışkan Ortaokulu,701257,Ortaokul,https://sco.meb.k12.tr,,,https://sco.meb.k12.tr/tema/harita.php,2026-08-31,1474,1474,bulundu,https://sco.meb.k12.tr/,2026-10-01T18:38:52.641067+00:00,,Öğrenci Sayısı 1474
Denizli,Merkezefendi,TOKİ-Şehit Bekir Can Kerek Ortaokulu,770957,Ortaokul,https://770957.meb.k12.tr,,,https://770957.meb.k12.tr/tema/harita.php,2026-08-31,190,190,bulundu,https://770957.meb.k12.tr/,2026-10-01T18:38:52.644083+00:00,,Öğrenci Sayısı : 190
Denizli,Merkezefendi,TOKİ-Şehit Bekir Can Kerek İlkokulu,770956,İlkokul,https://770956.meb.k12.tr,,,https://770956.meb.k12.tr/tema/harita.php,2026-08-31,316,316,bulundu,https://770956.meb.k12.tr/,2026-10-01T18:38:52.722126+00:00,,Öğrenci Sayısı 316
Denizli,Merkezefendi,Turgay Mersin Güzel Sanatlar Müzik Ortaokulu,776225,Ortaokul,https://turgaymersingsmo.meb.k12.tr,,,https://turgaymersingsmo.meb.k12.tr/tema/harita.php,2026-08-31,50,50,bulundu,https://turgaymersingsmo.meb.k12.tr/,2026-10-01T18:38:52.805449+00:00,,Öğrenci Sayısı : 50
Denizli,Merkezefendi,Turgay Mersin Ortaokulu,700782,Ortaokul,https://turgaymersinoo.meb.k12.tr,,,https://turgaymersinoo.meb.k12.tr/tema/harita.php,2026-08-31,91,91,bulundu,https://turgaymersinoo.meb.k12.tr/,2026-10-01T18:38:52.828794+00:00,,Öğrenci Sayısı 91
Denizli,Merkezefendi,Türkiye Odalar ve Borsalar Birliği Ortaokulu,764609,Ortaokul,https://denizlitobboo.meb.k12.tr,,,https://denizlitobboo.meb.k12.tr/tema/harita.php,2026-08-31,1066,1066,bulundu,https://denizlitobboo.meb.k12.tr/,2026-10-01T18:38:52.842887+00:00,,Öğrenci Sayısı 1066
Denizli,Merkezefendi,Vali Necati Bilican Mesleki Eğitim Merkezi,140146,Mesleki Eğitim Merkezi,https://vnbmem.meb.k12.tr,,,https://vnbmem.meb.k12.tr/tema/harita.php,2026-08-31,1542,1542,bulundu,https://vnbmem.meb.k12.tr/,2026-10-01T18:38:52.944666+00:00,,Öğrenci Sayısı : 1542
Denizli,Merkezefendi,Vali Recep Yazıcıoğlu İlkokulu,966483,İlkokul,https://denizlivalirecepyazicioglu.meb.k12.tr,,,https://denizlivalirecepyazicioglu.meb.k12.tr/tema/harita.php,2026-08-31,1449,1449,bulundu,https://denizlivalirecepyazicioglu.meb.k12.tr/,2026-10-01T18:38:53.297863+00:00,,Öğrenci Sayısı 1449
Denizli,Merkezefendi,Vilayetler Hizmet Birliği Anaokulu,974177,Anaokulu,https://denizlivhbanaokulu.meb.k12.tr,,,https://denizlivhbanaokulu.meb.k12.tr/tema/harita.php,2026-08-31,341,341,bulundu,https://denizlivhbanaokulu.meb.k12.tr/,2026-10-01T18:38:53.335883+00:00,,Öğrenci Sayısı 341
Denizli,Merkezefendi,Yenişehir Anaokulu,761923,Anaokulu,https://yenisehiranaokulum.meb.k12.tr,,,https://yenisehiranaokulum.meb.k12.tr/tema/harita.php,2026-08-31,367,367,bulundu,https://yenisehiranaokulum.meb.k12.tr/,2026-10-01T18:38:53.399960+00:00,,Öğrenci Sayısı: 367
Denizli,Merkezefendi,Yeşilköy Özel Eğitim Anaokulu,773752,Anaokulu,https://773752.meb.k12.tr,,,https://773752.meb.k12.tr/tema/harita.php,2026-08-31,,,bulunamadi,,2026-10-01T18:38:53.410776+00:00,,
Denizli,Merkezefendi,Yeşilköy İşitme Engelliler Ortaokulu,746921,Ortaokul,https://yieo.meb.k12.tr,,,https://yieo.meb.k12.tr/tema/harita.php,2026-08-31,8,8,bulundu,https://yieo.meb.k12.tr/,2026-10-01T18:38:53.463635+00:00,,Öğrenci Sayısı 8
Denizli,Merkezefendi,Yeşilköy İşitme Engelliler İlkokulu,746727,İlkokul,https://yiei.meb.k12.tr,,,https://yiei.meb.k12.tr/tema/harita.php,2026-08-31,7,7,bulundu,https://yiei.meb.k12.tr/,2026-10-01T18:38:53.535082+00:00,,Öğrenci Sayısı : 7
Denizli,Merkezefendi,Yeşilyayla Nimet ve İhsan Gün İlkokulu,701269,İlkokul,https://yesilyaylailkokulu.meb.k12.tr,,,https://yesilyaylailkokulu.meb.k12.tr/tema/harita.php,2026-08-31,27,27,bulundu,https://yesilyaylailkokulu.meb.k12.tr/,2026-10-01T18:38:53.643305+00:00,,Öğrenci Sayısı 27
Denizli,Merkezefendi,Yunus Emre Ticaret Mesleki ve Teknik Anadolu Lisesi,811461,Mesleki ve Teknik Anadolu Lisesi,https://denizliyunusemre.meb.k12.tr,,,https://denizliyunusemre.meb.k12.tr/tema/harita.php,2026-08-31,207,207,bulundu,https://denizliyunusemre.meb.k12.tr/,2026-10-01T18:38:53.647817+00:00,,Öğrenci Sayısı : 207
Denizli,Merkezefendi,Zaferiye Abalıoğlu İlkokulu,701278,İlkokul,https://zaferiyeabaliogluio.meb.k12.tr,,,https://zaferiyeabaliogluio.meb.k12.tr/tema/harita.php,2026-08-31,707,707,bulundu,https://zaferiyeabaliogluio.meb.k12.tr/,2026-10-01T18:38:53.720841+00:00,,Öğrenci Sayısı 707
Denizli,Merkezefendi,Zehra Suna Manasır Ortaokulu,745338,Ortaokul,https://zesuma.meb.k12.tr,,,https://zesuma.meb.k12.tr/tema/harita.php,2026-08-31,36,36,bulundu,https://zesuma.meb.k12.tr/,2026-10-01T18:38:53.730698+00:00,,Öğrenci Sayısı : 36
Denizli,Merkezefendi,Zehra-Suna Manasır İlkokulu,720954,İlkokul,https://zehrasunamanasirilkokulu.meb.k12.tr,,,https://zehrasunamanasirilkokulu.meb.k12.tr/tema/harita.php,2026-08-31,35,35,bulundu,https://zehrasunamanasirilkokulu.meb.k12.tr/,2026-10-01T18:38:53.737043+00:00,,Öğrenci Sayısı 35
Denizli,Merkezefendi,Çamlık Özel Eğitim Meslek Okulu,747702,Özel Eğitim Kurumu,https://camlikozelegitimmeslekokulu.meb.k12.tr,,,https://camlikozelegitimmeslekokulu.meb.k12.tr/tema/harita.php,2026-08-31,94,94,bulundu,https://camlikozelegitimmeslekokulu.meb.k12.tr/,2026-10-01T18:38:53.789795+00:00,,Öğrenci Sayısı : 94
Denizli,Merkezefendi,Çamlık Özel Eğitim Ortaokulu,746904,Ortaokul,https://camlikozelegitimortaokulu.meb.k12.tr,,,https://camlikozelegitimortaokulu.meb.k12.tr/tema/harita.php,2026-08-31,75,75,bulundu,https://camlikozelegitimortaokulu.meb.k12.tr/tema/okulumuz_hakkinda.php,2026-10-01T18:38:54.274618+00:00,,Öğrenci : 75
Denizli,Merkezefendi,Çamlık Özel Eğitim İlkokulu,746794,İlkokul,https://camlikozelegitimilkokulu.meb.k12.tr,,,https://camlikozelegitimilkokulu.meb.k12.tr/tema/harita.php,2026-08-31,55,55,bulundu,https://camlikozelegitimilkokulu.meb.k12.tr/,2026-10-01T18:38:54.425087+00:00,,Öğrenci Sayısı 55
Denizli,Merkezefendi,Ülker Yörükoğlu Bilim ve Sanat Merkezi,763187,Bilim ve Sanat Merkezi,https://ulkeryorukoglubilsem.meb.k12.tr,,,https://ulkeryorukoglubilsem.meb.k12.tr/tema/harita.php,2026-08-31,648,648,bulundu,https://ulkeryorukoglubilsem.meb.k12.tr/tema/okulumuz_hakkinda.php,2026-10-01T18:38:54.439234+00:00,,Öğrenci : 648
Denizli,Merkezefendi,Üçler Ortaokulu,745328,Ortaokul,https://denizliuclerortaokulu.meb.k12.tr,,,https://denizliuclerortaokulu.meb.k12.tr/tema/harita.php,2026-08-31,1231,1231,bulundu,https://denizliuclerortaokulu.meb.k12.tr/,2026-10-01T18:38:54.451633+00:00,,Öğrenci Sayısı : 1231
Denizli,Merkezefendi,Üçler İlkokulu,720627,İlkokul,https://denizliuclerilkokulu.meb.k12.tr,,,https://denizliuclerilkokulu.meb.k12.tr/tema/harita.php,2026-08-31,1398,1398,bulundu,https://denizliuclerilkokulu.meb.k12.tr/,2026-10-01T18:38:54.575588+00:00,,Öğrenci Sayısı : 1398
Denizli,Merkezefendi,İbrahim Cinkaya Sosyal Bilimler Lisesi,974001,Sosyal Bilimler Lisesi,https://ibrahimcinkayasbl.meb.k12.tr,,,https://ibrahimcinkayasbl.meb.k12.tr/tema/harita.php,2026-08-31,498,498,bulundu,https://ibrahimcinkayasbl.meb.k12.tr/,2026-10-01T18:38:54.660346+00:00,,Öğrenci Sayısı : 498
Denizli,Merkezefendi,İsmail Tosunoğlu Özel Eğitim Uygulama Okulu I. Kademe,763152,Özel Eğitim Kurumu,https://763152.meb.k12.tr,,,https://763152.meb.k12.tr/tema/harita.php,2026-08-31,40,40,bulundu,https://763152.meb.k12.tr/,2026-10-01T18:38:54.669626+00:00,,Öğrenci Sayısı : 40
Denizli,Merkezefendi,İsmail Tosunoğlu Özel Eğitim Uygulama Okulu II. Kademe,763153,Özel Eğitim Kurumu,https://763153.meb.k12.tr,,,https://763153.meb.k12.tr/tema/harita.php,2026-08-31,45,45,bulundu,https://763153.meb.k12.tr/,2026-10-01T18:38:54.734821+00:00,,Öğrenci Sayısı : 45
Denizli,Merkezefendi,İsmail Tosunoğlu Özel Eğitim Uygulama Okulu III. Kademe,747600,Özel Eğitim Kurumu,https://tosunogluozelegitim.meb.k12.tr,,,https://tosunogluozelegitim.meb.k12.tr/tema/harita.php,2026-08-31,52,52,bulundu,https://tosunogluozelegitim.meb.k12.tr/,2026-10-01T18:38:54.862386+00:00,,Öğrenci Sayısı : 52
Denizli,Merkezefendi,İsmail Uslu İlkokulu,717845,İlkokul,https://ismailuslu.meb.k12.tr,,,https://ismailuslu.meb.k12.tr/tema/harita.php,2026-08-31,70,70,bulundu,https://ismailuslu.meb.k12.tr/,2026-10-01T18:38:54.876168+00:00,,Öğrenci Sayısı 70
Denizli,Merkezefendi,İş Adamları Mesleki ve Teknik Anadolu Lisesi,752613,Mesleki ve Teknik Anadolu Lisesi,https://denizliisadamlarieml.meb.k12.tr,,,https://denizliisadamlarieml.meb.k12.tr/tema/harita.php,2026-08-31,699,699,bulundu,https://denizliisadamlarieml.meb.k12.tr/,2026-10-01T18:38:54.995807+00:00,,Öğrenci Sayısı 699
Denizli,Merkezefendi,Şehit Burak Erten İlkokulu,757687,İlkokul,https://sehitburakerten.meb.k12.tr,,,https://sehitburakerten.meb.k12.tr/tema/harita.php,2026-08-31,1266,1266,bulundu,https://sehitburakerten.meb.k12.tr/,2026-10-01T18:38:55.193976+00:00,,Öğrenci Sayısı : 1266
Denizli,Merkezefendi,Şehitler Ortaokulu,701207,Ortaokul,https://sehitlerortaokul.meb.k12.tr,,,https://sehitlerortaokul.meb.k12.tr/tema/harita.php,2026-08-31,435,435,bulundu,https://sehitlerortaokul.meb.k12.tr/,2026-10-01T18:38:55.212983+00:00,,Öğrenci Sayısı 435
Denizli,Merkezefendi,Şemikler Anaokulu,772972,Anaokulu,https://semikleranaokulu.meb.k12.tr,,,https://semikleranaokulu.meb.k12.tr/tema/harita.php,2026-08-31,220,220,bulundu,https://semikleranaokulu.meb.k12.tr/,2026-10-01T18:38:55.249819+00:00,,Öğrenci Sayısı : 220
Denizli,Merkezefendi,Şemikler Ortaokulu,745319,Ortaokul,https://semiklerortaokulu.meb.k12.tr,,,https://semiklerortaokulu.meb.k12.tr/tema/harita.php,2026-08-31,1061,1061,bulundu,https://semiklerortaokulu.meb.k12.tr/,2026-10-01T18:38:55.591101+00:00,,Öğrenci Sayısı 1061
Denizli,Pamukkale,100.Yıl Mehmetçik Ortaokulu,701433,Ortaokul,https://100yilmehmetcikoo.meb.k12.tr,,,https://100yilmehmetcikoo.meb.k12.tr/tema/harita.php,2026-08-31,787,787,bulundu,https://100yilmehmetcikoo.meb.k12.tr/,2026-10-01T18:38:55.712993+00:00,,Öğrenci Sayısı 787
Denizli,Pamukkale,15 Temmuz Şehitler Anadolu Lisesi,762327,Anadolu Lisesi,https://15temal.meb.k12.tr,,,https://15temal.meb.k12.tr/tema/harita.php,2026-08-31,1006,1006,bulundu,https://15temal.meb.k12.tr/,2026-10-01T18:38:55.741793+00:00,,Öğrenci Sayısı 1006
Denizli,Pamukkale,75.Yıl Cumhuriyet Ortaokulu,721323,Ortaokul,https://pamukkale75yilcumhuriyet.meb.k12.tr,,,https://pamukkale75yilcumhuriyet.meb.k12.tr/tema/harita.php,2026-08-31,158,158,bulundu,https://pamukkale75yilcumhuriyet.meb.k12.tr/,2026-10-01T18:38:55.796132+00:00,,Öğrenci Sayısı 158
Denizli,Pamukkale,Adil Demireren Mustafa Musoğlu İlkokulu,459249,İlkokul,https://admmilkokulu.meb.k12.tr,,,https://admmilkokulu.meb.k12.tr/tema/harita.php,2026-08-31,702,702,bulundu,https://admmilkokulu.meb.k12.tr/,2026-10-01T18:38:55.874806+00:00,,Öğrenci Sayısı 702
Denizli,Pamukkale,Ahmet Gökşin İlkokulu,700689,İlkokul,https://ahmetgoksinilkokulu.meb.k12.tr,,,https://ahmetgoksinilkokulu.meb.k12.tr/tema/harita.php,2026-08-31,417,417,bulundu,https://ahmetgoksinilkokulu.meb.k12.tr/,2026-10-01T18:38:55.919037+00:00,,Öğrenci Sayısı : 417
Denizli,Pamukkale,Ahmet Nuri Erikoğlu Ortaokulu,763169,Ortaokul,https://anurierikogluoo.meb.k12.tr,,,https://anurierikogluoo.meb.k12.tr/tema/harita.php,2026-08-31,554,554,bulundu,https://anurierikogluoo.meb.k12.tr/,2026-10-01T18:38:56.136134+00:00,,Öğrenci Sayısı : 554
Denizli,Pamukkale,Ahmet Çalışkan Anaokulu,973202,Anaokulu,https://ahmetcaliskananaokulu.meb.k12.tr,,,https://ahmetcaliskananaokulu.meb.k12.tr/tema/harita.php,2026-08-31,274,274,bulundu,https://ahmetcaliskananaokulu.meb.k12.tr/,2026-10-01T18:38:56.147592+00:00,,Öğrenci Sayısı: 274
Denizli,Pamukkale,Ahmet-Hanife Paralı Anaokulu,756278,Anaokulu,https://ahmethanifeparali.meb.k12.tr,,,https://ahmethanifeparali.meb.k12.tr/tema/harita.php,2026-08-31,173,173,bulundu,https://ahmethanifeparali.meb.k12.tr/,2026-10-01T18:38:56.167210+00:00,,Öğrenci Sayısı 173
Denizli,Pamukkale,Akdere Hüseyin Ali Bayram İlkokulu,714580,İlkokul,https://akderehabilkokulu.meb.k12.tr,,,https://akderehabilkokulu.meb.k12.tr/tema/harita.php,2026-08-31,16,16,bulundu,https://akderehabilkokulu.meb.k12.tr/tema/okulumuz_hakkinda.php,2026-10-01T18:38:56.245799+00:00,,Öğrenci : 16
Denizli,Pamukkale,Akhan Şehit Doğan Acar Ortaokulu,700693,Ortaokul,https://akhansehitdoganacarortaokulu.meb.k12.tr,,,https://akhansehitdoganacarortaokulu.meb.k12.tr/tema/harita.php,2026-08-31,335,335,bulundu,https://akhansehitdoganacarortaokulu.meb.k12.tr/,2026-10-01T18:38:56.255539+00:00,,Öğrenci Sayısı : 335
Denizli,Pamukkale,Akköy Anadolu Lisesi,767242,Anadolu Lisesi,https://akkoyal.meb.k12.tr,,,https://akkoyal.meb.k12.tr/tema/harita.php,2026-08-31,153,153,bulundu,https://akkoyal.meb.k12.tr/,2026-10-01T18:38:56.276856+00:00,,Öğrenci Sayısı : 153
Denizli,Pamukkale,Akköy Anaokulu,974452,Anaokulu,https://akkoyanaokulu.meb.k12.tr,,,https://akkoyanaokulu.meb.k12.tr/tema/harita.php,2026-08-31,70,70,bulundu,https://akkoyanaokulu.meb.k12.tr/tema/okulumuz_hakkinda.php,2026-10-01T18:38:56.277191+00:00,,Öğrenci : 70
Denizli,Pamukkale,Akköy Merkez İlkokulu,975016,İlkokul,https://akkoymerkezio.meb.k12.tr,,,https://akkoymerkezio.meb.k12.tr/tema/harita.php,2026-08-31,162,162,bulundu,https://akkoymerkezio.meb.k12.tr/,2026-10-01T18:38:56.363719+00:00,,Öğrenci Sayısı 162
Denizli,Pamukkale,Akköy İmam Hatip Ortaokulu,746094,İmam Hatip Ortaokulu,https://akkoyimamhatiportaokulu.meb.k12.tr,,,https://akkoyimamhatiportaokulu.meb.k12.tr/tema/harita.php,2026-08-31,43,43,bulundu,https://akkoyimamhatiportaokulu.meb.k12.tr/,2026-10-01T18:38:56.416991+00:00,,Öğrenci Sayısı : 43
Denizli,Pamukkale,Aktepe Ortaokulu,745324,Ortaokul,https://denizliaktepeoo.meb.k12.tr,,,https://denizliaktepeoo.meb.k12.tr/tema/harita.php,2026-08-31,793,793,bulundu,https://denizliaktepeoo.meb.k12.tr/,2026-10-01T18:38:56.460041+00:00,,Öğrenci Sayısı : 793
Denizli,Pamukkale,Anafartalar Anadolu Lisesi,766181,Anadolu Lisesi,https://anafartalaranadolulisesi.meb.k12.tr,,,https://anafartalaranadolulisesi.meb.k12.tr/tema/harita.php,2026-08-31,627,627,bulundu,https://anafartalaranadolulisesi.meb.k12.tr/,2026-10-01T18:38:56.967436+00:00,,Öğrenci Sayısı : 627
Denizli,Pamukkale,Anafartalar Ticaret Mesleki ve Teknik Anadolu Lisesi,140026,Mesleki ve Teknik Anadolu Lisesi,https://denizlianafartalar.meb.k12.tr,,,https://denizlianafartalar.meb.k12.tr/tema/harita.php,2026-08-31,663,663,bulundu,https://denizlianafartalar.meb.k12.tr/,2026-10-01T18:38:56.970210+00:00,,Öğrenci Sayısı : 663
Denizli,Pamukkale,Atatürk Mesleki ve Teknik Anadolu Lisesi,140087,Mesleki ve Teknik Anadolu Lisesi,https://ataturkteml.meb.k12.tr,,,https://ataturkteml.meb.k12.tr/tema/harita.php,2026-08-31,851,851,bulundu,https://ataturkteml.meb.k12.tr/,2026-10-01T18:38:57.034812+00:00,,Öğrenci Sayısı 851
Denizli,Pamukkale,Atatürk Ortaokulu,701518,Ortaokul,https://atadenizli.meb.k12.tr,,,https://atadenizli.meb.k12.tr/tema/harita.php,2026-08-31,1101,1101,bulundu,https://atadenizli.meb.k12.tr/,2026-10-01T18:38:57.050369+00:00,,Öğrenci Sayısı : 1101
Denizli,Pamukkale,Atatürk İlkokulu,700770,İlkokul,https://denizliataturk.meb.k12.tr,,,https://denizliataturk.meb.k12.tr/tema/harita.php,2026-08-31,485,485,bulundu,https://denizliataturk.meb.k12.tr/,2026-10-01T18:38:57.076807+00:00,,Öğrenci Sayısı 485
Denizli,Pamukkale,Bağbaşı Anadolu İmam Hatip Lisesi,758827,Anadolu İmam Hatip Lisesi,https://bagbasianadoluimamhatiplisesi.meb.k12.tr,,,https://bagbasianadoluimamhatiplisesi.meb.k12.tr/tema/harita.php,2026-08-31,403,403,bulundu,https://bagbasianadoluimamhatiplisesi.meb.k12.tr/,2026-10-01T18:38:57.414795+00:00,,Öğrenci Sayısı : 403
Denizli,Pamukkale,Belenardıç Şehit Bekir Ertürk İlkokulu,721356,İlkokul,https://belenardilkokulu.meb.k12.tr,,,https://belenardilkokulu.meb.k12.tr/tema/harita.php,2026-08-31,9,9,bulundu,https://belenardilkokulu.meb.k12.tr/,2026-10-01T18:38:57.441843+00:00,,Öğrenci Sayısı: 9
Denizli,Pamukkale,Berna Dalaman Anaokulu,749121,Anaokulu,https://bernadalamananaokulu.meb.k12.tr,,,https://bernadalamananaokulu.meb.k12.tr/tema/harita.php,2026-08-31,195,195,bulundu,https://bernadalamananaokulu.meb.k12.tr/,2026-10-01T18:38:57.478826+00:00,,Öğrenci Sayısı 195
Denizli,Pamukkale,Cafer Sadık Abalıoğlu İlkokulu,762345,İlkokul,https://cafersadikabalioglu.meb.k12.tr,,,https://cafersadikabalioglu.meb.k12.tr/tema/harita.php,2026-08-31,678,678,bulundu,https://cafersadikabalioglu.meb.k12.tr/,2026-10-01T18:38:57.548109+00:00,,Öğrenci Sayısı: 678
Denizli,Pamukkale,Cankurtaran Ortaokulu,701521,Ortaokul,https://cankurtaranortaokulu.meb.k12.tr,,,https://cankurtaranortaokulu.meb.k12.tr/tema/harita.php,2026-08-31,63,63,bulundu,https://cankurtaranortaokulu.meb.k12.tr/,2026-10-01T18:38:57.637962+00:00,,Öğrenci Sayısı : 63
Denizli,Pamukkale,Cumhuriyet Anadolu Lisesi,967316,Anadolu Lisesi,https://denizlicumhuriyet.meb.k12.tr,,,https://denizlicumhuriyet.meb.k12.tr/tema/harita.php,2026-08-31,825,825,bulundu,https://denizlicumhuriyet.meb.k12.tr/,2026-10-01T18:38:57.667913+00:00,,Öğrenci Sayısı : 825
Denizli,Pamukkale,Deliktaş İlkokulu,700618,İlkokul,https://deliktasiokulu.meb.k12.tr,,,https://deliktasiokulu.meb.k12.tr/tema/harita.php,2026-08-31,664,664,bulundu,https://deliktasiokulu.meb.k12.tr/,2026-10-01T18:38:57.690364+00:00,,Öğrenci Sayısı : 664
Denizli,Pamukkale,Denizli Lisesi,967315,Lise,https://denizlilisesi.meb.k12.tr,,,https://denizlilisesi.meb.k12.tr/tema/harita.php,2026-08-31,440,440,bulundu,https://denizlilisesi.meb.k12.tr/,2026-10-01T18:38:57.721581+00:00,,Öğrenci Sayısı 440
Denizli,Pamukkale,Denizli Ticaret Borsası İlkokulu,716180,İlkokul,https://ticaretborsasiilkokulu.meb.k12.tr,,,https://ticaretborsasiilkokulu.meb.k12.tr/tema/harita.php,2026-08-31,1134,1134,bulundu,https://ticaretborsasiilkokulu.meb.k12.tr/,2026-10-01T18:38:57.784478+00:00,,Öğrenci Sayısı 1134
Denizli,Pamukkale,Denizli Ticaret Odası Ahi Sinan İlkokulu,700825,İlkokul,https://denizliahisinanilkokulu.meb.k12.tr,,,https://denizliahisinanilkokulu.meb.k12.tr/tema/harita.php,2026-08-31,865,865,bulundu,https://denizliahisinanilkokulu.meb.k12.tr/,2026-10-01T18:38:57.962193+00:00,,Öğrenci Sayısı : 865
Denizli,Pamukkale,Develi Ortaokulu,745257,Ortaokul,https://develiortaokulu20.meb.k12.tr,,,https://develiortaokulu20.meb.k12.tr/tema/harita.php,2026-08-31,84,84,bulundu,https://develiortaokulu20.meb.k12.tr/,2026-10-01T18:38:58.095961+00:00,,Öğrenci Sayısı 84
Denizli,Pamukkale,Develi İlkokulu,716286,İlkokul,https://develiilkokulu20.meb.k12.tr,,,https://develiilkokulu20.meb.k12.tr/tema/harita.php,2026-08-31,105,105,bulundu,https://develiilkokulu20.meb.k12.tr/,2026-10-01T18:38:58.147171+00:00,,Öğrenci Sayısı : 105
Denizli,Pamukkale,Doğan Demircioğlu Emsan İlkokulu,332467,İlkokul,https://ddemsan.meb.k12.tr,,,https://ddemsan.meb.k12.tr/tema/harita.php,2026-08-31,1291,1291,bulundu,https://ddemsan.meb.k12.tr/,2026-10-01T18:38:58.188976+00:00,,Öğrenci Sayısı : 1291
Denizli,Pamukkale,Dr.Necdet Durmuş Ortaokulu,700859,Ortaokul,https://drnecdetdurmusoo.meb.k12.tr,,,https://drnecdetdurmusoo.meb.k12.tr/tema/harita.php,2026-08-31,724,724,bulundu,https://drnecdetdurmusoo.meb.k12.tr/,2026-10-01T18:38:58.310397+00:00,,Öğrenci Sayısı 724
Denizli,Pamukkale,Esat Sivri Ortaokulu,701080,Ortaokul,https://esatsivri.meb.k12.tr,,,https://esatsivri.meb.k12.tr/tema/harita.php,2026-08-31,631,631,bulundu,https://esatsivri.meb.k12.tr/,2026-10-01T18:38:58.344209+00:00,,Öğrenci Sayısı 631
Denizli,Pamukkale,Fahri Akçakoca Anaokulu,751843,Anaokulu,https://fahriakcakocaanaokulu.meb.k12.tr,,,https://fahriakcakocaanaokulu.meb.k12.tr/tema/harita.php,2026-08-31,65,65,bulundu,https://fahriakcakocaanaokulu.meb.k12.tr/,2026-10-01T18:38:58.346890+00:00,,Öğrenci Sayısı 65
Denizli,Pamukkale,Gölemezli Ortaokulu,745355,Ortaokul,https://golemezliortaokulu.meb.k12.tr,,,https://golemezliortaokulu.meb.k12.tr/tema/harita.php,2026-08-31,33,33,bulundu,https://golemezliortaokulu.meb.k12.tr/,2026-10-01T18:38:58.554489+00:00,,Öğrenci Sayısı 33
Denizli,Pamukkale,Gölemezli İlkokulu,721552,İlkokul,https://golemezliilkokulu.meb.k12.tr,,,https://golemezliilkokulu.meb.k12.tr/tema/harita.php,2026-08-31,20,20,bulundu,https://golemezliilkokulu.meb.k12.tr/,2026-10-01T18:38:58.599833+00:00,,Öğrenci Sayısı : 20
Denizli,Pamukkale,Gözler Ortaokulu,745260,Ortaokul,https://gozlerortaokulu.meb.k12.tr,,,https://gozlerortaokulu.meb.k12.tr/tema/harita.php,2026-08-31,80,80,bulundu,https://gozlerortaokulu.meb.k12.tr/tema/okulumuz_hakkinda.php,2026-10-01T18:38:58.651888+00:00,,Öğrenci : 80
Denizli,Pamukkale,Gözler İlkokulu,716462,İlkokul,https://gozlerilkokulu.meb.k12.tr,,,https://gozlerilkokulu.meb.k12.tr/tema/harita.php,2026-08-31,76,76,bulundu,https://gozlerilkokulu.meb.k12.tr/,2026-10-01T18:38:58.688494+00:00,,Öğrenci Sayısı 76
Denizli,Pamukkale,Gülay Kaynak Sarıkaya Mesleki ve Teknik Anadolu Lisesi,974406,Mesleki ve Teknik Anadolu Lisesi,https://gksteml.meb.k12.tr,,,https://gksteml.meb.k12.tr/tema/harita.php,2026-08-31,747,747,bulundu,https://gksteml.meb.k12.tr/tema/okulumuz_hakkinda.php,2026-10-01T18:38:58.705971+00:00,,Öğrenci : 747
Denizli,Pamukkale,Güzelköy Mehmet Tunç Ortaokulu,745262,Ortaokul,https://guzelkoymehmettuncortaokulu.meb.k12.tr,,,https://guzelkoymehmettuncortaokulu.meb.k12.tr/tema/harita.php,2026-08-31,125,125,bulundu,https://guzelkoymehmettuncortaokulu.meb.k12.tr/,2026-10-01T18:38:58.805061+00:00,,Öğrenci Sayısı 125
Denizli,Pamukkale,Güzelköy Mehmet Tunç İlkokulu,716507,İlkokul,https://guzelkoymehmettuncilkokulu.meb.k12.tr,,,https://guzelkoymehmettuncilkokulu.meb.k12.tr/tema/harita.php,2026-08-31,,,bulunamadi,,2026-10-01T18:38:58.823236+00:00,,
Denizli,Pamukkale,Güzelpınar Yavuzlar Balıkçılık A.Ş. Hacı Ömer Yavuz İlkokulu,745543,İlkokul,https://guzelpinario.meb.k12.tr,,,https://guzelpinario.meb.k12.tr/tema/harita.php,2026-08-31,45,45,bulundu,https://guzelpinario.meb.k12.tr/,2026-10-01T18:38:58.872084+00:00,,Öğrenci Sayısı 45
Denizli,Pamukkale,Güzelpınar Yavuzlar Balıkçılık A.Ş.Hacı Ömer Yavuz Ortaokulu,745271,Ortaokul,https://guzelpinar.meb.k12.tr,,,https://guzelpinar.meb.k12.tr/tema/harita.php,2026-08-31,47,47,bulundu,https://guzelpinar.meb.k12.tr/,2026-10-01T18:38:58.926901+00:00,,Öğrenci Sayısı : 47
Denizli,Pamukkale,Hacı Semiha Kulaklı Anaokulu,747111,Anaokulu,https://hsemihakulaklianaokulu.meb.k12.tr,,,https://hsemihakulaklianaokulu.meb.k12.tr/tema/harita.php,2026-08-31,268,268,bulundu,https://hsemihakulaklianaokulu.meb.k12.tr/,2026-10-01T18:38:59.008886+00:00,,Öğrenci Sayısı: 268
Denizli,Pamukkale,Hacı Serpil Kabaklıoğlu Ortaokulu,701004,Ortaokul,https://hskortaokulu.meb.k12.tr,,,https://hskortaokulu.meb.k12.tr/tema/harita.php,2026-08-31,532,532,bulundu,https://hskortaokulu.meb.k12.tr/,2026-10-01T18:38:59.017429+00:00,,Öğrenci Sayısı 532
Denizli,Pamukkale,Hacı Yılmaz Emine Urhan Anadolu İmam Hatip Lisesi,767298,Anadolu İmam Hatip Lisesi,https://haciyilmazemineurhanandlihl.meb.k12.tr,,,https://haciyilmazemineurhanandlihl.meb.k12.tr/tema/harita.php,2026-08-31,307,307,bulundu,https://haciyilmazemineurhanandlihl.meb.k12.tr/,2026-10-01T18:38:59.091090+00:00,,Öğrenci Sayısı : 307
Denizli,Pamukkale,Hacı İbrahim Cin Ortaokulu,700971,Ortaokul,https://hico.meb.k12.tr,,,https://hico.meb.k12.tr/tema/harita.php,2026-08-31,565,565,bulundu,https://hico.meb.k12.tr/,2026-10-01T18:38:59.277521+00:00,,Öğrenci Sayısı 565
Denizli,Pamukkale,Hacı İbrahim Demireren Cumhuriyet İlkokulu,462633,İlkokul,https://cumhuriyet.meb.k12.tr,,,https://cumhuriyet.meb.k12.tr/tema/harita.php,2026-08-31,849,849,bulundu,https://cumhuriyet.meb.k12.tr/,2026-10-01T18:38:59.388058+00:00,,Öğrenci Sayısı : 849
Denizli,Pamukkale,Hasan Başkan Ortaokulu,745253,Ortaokul,https://hasanbaskano.meb.k12.tr,,,https://hasanbaskano.meb.k12.tr/tema/harita.php,2026-08-31,73,73,bulundu,https://hasanbaskano.meb.k12.tr/,2026-10-01T18:38:59.453036+00:00,,Öğrenci Sayısı : 73
Denizli,Pamukkale,Hasan Başkan İlkokulu,714696,İlkokul,https://hasanbaskani.meb.k12.tr,,,https://hasanbaskani.meb.k12.tr/tema/harita.php,2026-08-31,76,76,bulundu,https://hasanbaskani.meb.k12.tr/,2026-10-01T18:38:59.568979+00:00,,Öğrenci Sayısı 76
Denizli,Pamukkale,Hasan Tekin Ada Anadolu Lisesi,967409,Anadolu Lisesi,https://htaal.meb.k12.tr,,,https://htaal.meb.k12.tr/tema/harita.php,2026-08-31,647,647,bulundu,https://htaal.meb.k12.tr/,2026-10-01T18:38:59.587189+00:00,,Öğrenci Sayısı : 647
Denizli,Pamukkale,Hasan-Veli Üğür Anaokulu,766007,Anaokulu,https://hvuanaokul.meb.k12.tr,,,https://hvuanaokul.meb.k12.tr/tema/harita.php,2026-08-31,232,232,bulundu,https://hvuanaokul.meb.k12.tr/,2026-10-01T18:38:59.611799+00:00,,Öğrenci Sayısı : 232
Denizli,Pamukkale,Hulusi Kulaklı Ortaokulu,701020,Ortaokul,https://hulusikulakli.meb.k12.tr,,,https://hulusikulakli.meb.k12.tr/tema/harita.php,2026-08-31,570,570,bulundu,https://hulusikulakli.meb.k12.tr/,2026-10-01T18:38:59.716162+00:00,,Öğrenci Sayısı : 570
Denizli,Pamukkale,Hürriyet Ortaokulu,701028,Ortaokul,https://denizlihurriyetortaokulu.meb.k12.tr,,,https://denizlihurriyetortaokulu.meb.k12.tr/tema/harita.php,2026-08-31,789,789,bulundu,https://denizlihurriyetortaokulu.meb.k12.tr/tema/okulumuz_hakkinda.php,2026-10-01T18:38:59.765218+00:00,,Öğrenci : 789
Denizli,Pamukkale,Hüsamettin Kulaklı Anaokulu,770602,Anaokulu,https://husamettinkulaklianaokulu.meb.k12.tr,,,https://husamettinkulaklianaokulu.meb.k12.tr/tema/harita.php,2026-08-31,241,241,bulundu,https://husamettinkulaklianaokulu.meb.k12.tr/,2026-10-01T18:38:59.809309+00:00,,Öğrenci Sayısı: 241
Denizli,Pamukkale,Hüsamettin Kulaklı İlkokulu,714888,İlkokul,https://husamettinkulakliilkokulu.meb.k12.tr,,,https://husamettinkulakliilkokulu.meb.k12.tr/tema/harita.php,2026-08-31,888,888,bulundu,https://husamettinkulakliilkokulu.meb.k12.tr/,2026-10-01T18:38:59.955331+00:00,,Öğrenci Sayısı: 888
Denizli,Pamukkale,Hüseyin Erikoğlu Anaokulu,752164,Anaokulu,https://huseyinerikogluanaokulu.meb.k12.tr,,,https://huseyinerikogluanaokulu.meb.k12.tr/tema/harita.php,2026-08-31,289,289,bulundu,https://huseyinerikogluanaokulu.meb.k12.tr/,2026-10-01T18:38:59.990381+00:00,,Öğrenci Sayısı 289
Denizli,Pamukkale,Irlıganlı Mesleki Eğitim Merkezi,775716,Mesleki Eğitim Merkezi,https://irliganlimesem.meb.k12.tr,,,https://irliganlimesem.meb.k12.tr/tema/harita.php,2026-08-31,1333,1333,bulundu,https://irliganlimesem.meb.k12.tr/,2026-10-01T18:38:59.992613+00:00,,Öğrenci Sayısı : 1333
Denizli,Pamukkale,Irlıganlı Şehit Piyade Onbaşı Bayram Güzel Ortaokulu,745278,Ortaokul,https://irliganliortaokulu.meb.k12.tr,,,https://irliganliortaokulu.meb.k12.tr/tema/harita.php,2026-08-31,151,151,bulundu,https://irliganliortaokulu.meb.k12.tr/,2026-10-01T18:39:00.100431+00:00,,Öğrenci Sayısı : 151
Denizli,Pamukkale,Irlıganlı Şehit Piyade Onbaşı Bayram Güzel İlkokulu,716665,İlkokul,https://irliganliilkokulu.meb.k12.tr,,,https://irliganliilkokulu.meb.k12.tr/tema/harita.php,2026-08-31,233,233,bulundu,https://irliganliilkokulu.meb.k12.tr/,2026-10-01T18:39:00.145064+00:00,,Öğrenci Sayısı : 233
Denizli,Pamukkale,Irlıganlı Şehit Süleyman Acar Anadolu Lisesi,962456,Anadolu Lisesi,https://irliganlianadolulisesi.meb.k12.tr,,,https://irliganlianadolulisesi.meb.k12.tr/tema/harita.php,2026-08-31,,,bulunamadi,,2026-10-01T18:39:00.229041+00:00,,
Denizli,Pamukkale,Karahayıt Ortaokulu,745284,Ortaokul,https://karahayitortaokulu.meb.k12.tr,,,https://karahayitortaokulu.meb.k12.tr/tema/harita.php,2026-08-31,71,71,bulundu,https://karahayitortaokulu.meb.k12.tr/,2026-10-01T18:39:00.230546+00:00,,Öğrenci Sayısı 71
Denizli,Pamukkale,Karahayıt İlkokulu,718051,İlkokul,https://karahayitilkokulu.meb.k12.tr,,,https://karahayitilkokulu.meb.k12.tr/tema/harita.php,2026-08-31,,,bulunamadi,,2026-10-01T18:39:00.315970+00:00,,
Denizli,Pamukkale,Karakova Ortaokulu,745287,Ortaokul,https://karakovaoo.meb.k12.tr,,,https://karakovaoo.meb.k12.tr/tema/harita.php,2026-08-31,,,bulunamadi,,2026-10-01T18:39:00.319862+00:00,,
Denizli,Pamukkale,Karakova İlkokulu,756385,İlkokul,https://karakovailkokulu.meb.k12.tr,,,https://karakovailkokulu.meb.k12.tr/tema/harita.php,2026-08-31,,,bulunamadi,,2026-10-01T18:39:00.324522+00:00,,
Denizli,Pamukkale,Kayhan 75. Yıl Mesleki ve Teknik Anadolu Lisesi,973070,Mesleki ve Teknik Anadolu Lisesi,https://kayhan75yilmtal.meb.k12.tr,,,https://kayhan75yilmtal.meb.k12.tr/tema/harita.php,2026-08-31,17,17,bulundu,https://kayhan75yilmtal.meb.k12.tr/,2026-10-01T18:39:00.736409+00:00,,Öğrenci Sayısı : 17
Denizli,Pamukkale,Kezban-Ali Çınar İmam Hatip Ortaokulu,747859,İmam Hatip Ortaokulu,https://kezbanalicinariho.meb.k12.tr,,,https://kezbanalicinariho.meb.k12.tr/tema/harita.php,2026-08-31,553,553,bulundu,https://kezbanalicinariho.meb.k12.tr/tema/okulumuz_hakkinda.php,2026-10-01T18:39:00.897302+00:00,,Öğrenci : 553
Denizli,Pamukkale,Kocadere Vali Mehmet Özgün Ortaokulu,745295,Ortaokul,https://kocaderevalimehmetozgunortaokulu.meb.k12.tr,,,https://kocaderevalimehmetozgunortaokulu.meb.k12.tr/tema/harita.php,2026-08-31,,,bulunamadi,,2026-10-01T18:39:01.101562+00:00,,
Denizli,Pamukkale,Kocadere Vali Mehmet Özgün İlkokulu,718526,İlkokul,https://kocaderevalimehmetozgunilkokulu.meb.k12.tr,,,https://kocaderevalimehmetozgunilkokulu.meb.k12.tr/tema/harita.php,2026-08-31,42,42,bulundu,https://kocaderevalimehmetozgunilkokulu.meb.k12.tr/,2026-10-01T18:39:01.110847+00:00,,Öğrenci Sayısı: 42
Denizli,Pamukkale,Lütfi Ege Ortaokulu,701091,Ortaokul,https://leo.meb.k12.tr,,,https://leo.meb.k12.tr/tema/harita.php,2026-08-31,936,936,bulundu,https://leo.meb.k12.tr/,2026-10-01T18:39:01.162183+00:00,,Öğrenci Sayısı : 936
Denizli,Pamukkale,Mehmet Atmaca İlkokulu,701061,İlkokul,https://mehmetatmacailkokulu.meb.k12.tr,,,https://mehmetatmacailkokulu.meb.k12.tr/tema/harita.php,2026-08-31,360,360,bulundu,https://mehmetatmacailkokulu.meb.k12.tr/tema/okulumuz_hakkinda.php,2026-10-01T18:39:01.193284+00:00,,Öğrenci : 360
Denizli,Pamukkale,Merkez Ortaokulu,701105,Ortaokul,https://denizlimerkez.meb.k12.tr,,,https://denizlimerkez.meb.k12.tr/tema/harita.php,2026-08-31,763,763,bulundu,https://denizlimerkez.meb.k12.tr/,2026-10-01T18:39:01.212156+00:00,,Öğrenci Sayısı 763
Denizli,Pamukkale,Milli Eğitim Koruma Derneği İlkokulu,701115,İlkokul,https://korumadernegiilkokulu.meb.k12.tr,,,https://korumadernegiilkokulu.meb.k12.tr/tema/harita.php,2026-08-31,380,380,bulundu,https://korumadernegiilkokulu.meb.k12.tr/,2026-10-01T18:39:01.267608+00:00,,Öğrenci Sayısı 380
Denizli,Pamukkale,Müftü Ahmet Hulusi İlkokulu,701130,İlkokul,https://muftuahmethulusiilkokulu.meb.k12.tr,,,https://muftuahmethulusiilkokulu.meb.k12.tr/tema/harita.php,2026-08-31,863,863,bulundu,https://muftuahmethulusiilkokulu.meb.k12.tr/,2026-10-01T18:39:01.276169+00:00,,Öğrenci Sayısı : 863
Denizli,Pamukkale,Münevver-Nafiz Dirlik Anafartalar Ortaokulu,700793,Ortaokul,https://mndaortaokulu.meb.k12.tr,,,https://mndaortaokulu.meb.k12.tr/tema/harita.php,2026-08-31,719,719,bulundu,https://mndaortaokulu.meb.k12.tr/,2026-10-01T18:39:01.286447+00:00,,Öğrenci Sayısı : 719
Denizli,Pamukkale,Nail Özkardeş Anaokulu,764893,Anaokulu,https://nailozkardesanaokulu.meb.k12.tr,,,https://nailozkardesanaokulu.meb.k12.tr/tema/harita.php,2026-08-31,77,77,bulundu,https://nailozkardesanaokulu.meb.k12.tr/,2026-10-01T18:39:01.423004+00:00,,Öğrenci Sayısı: 77
Denizli,Pamukkale,Nedime Kabaklıoğlu Anaokulu,974176,Anaokulu,https://nedimekabakliogluanaokulu.meb.k12.tr,,,https://nedimekabakliogluanaokulu.meb.k12.tr/tema/harita.php,2026-08-31,112,112,bulundu,https://nedimekabakliogluanaokulu.meb.k12.tr/,2026-10-01T18:39:01.425975+00:00,,Öğrenci Sayısı: 112
Denizli,Pamukkale,Nezihe-Derya Baltalı Bilim ve Sanat Merkezi,870845,Bilim ve Sanat Merkezi,https://denizlibilsem.meb.k12.tr,,,https://denizlibilsem.meb.k12.tr/tema/harita.php,2026-08-31,732,732,bulundu,https://denizlibilsem.meb.k12.tr/tema/okulumuz_hakkinda.php,2026-10-01T18:39:01.627772+00:00,,Öğrenci : 732
Denizli,Pamukkale,Nimet Babiroğlu Rehberlik ve Araştırma Merkezi,140171,Rehberlik ve Araştırma Merkezi,https://denizliram.meb.k12.tr,,,https://denizliram.meb.k12.tr/tema/harita.php,2026-08-31,,,bulunamadi,,2026-10-01T18:39:01.641565+00:00,,
Denizli,Pamukkale,Okul Yaptırma ve Yaşatma Derneği İlkokulu,701156,İlkokul,https://okulyapyasderilk.meb.k12.tr,,,https://okulyapyasderilk.meb.k12.tr/tema/harita.php,2026-08-31,751,751,bulundu,https://okulyapyasderilk.meb.k12.tr/tema/okulumuz_hakkinda.php,2026-10-01T18:39:01.708463+00:00,,Öğrenci : 751
Denizli,Pamukkale,Orhan Abalıoğlu Mesleki ve Teknik Anadolu Lisesi,973320,Mesleki ve Teknik Anadolu Lisesi,https://orhanabaliogluteml.meb.k12.tr,,,https://orhanabaliogluteml.meb.k12.tr/tema/harita.php,2026-08-31,1229,1229,bulundu,https://orhanabaliogluteml.meb.k12.tr/,2026-10-01T18:39:01.723012+00:00,,Öğrenci Sayısı : 1229
Denizli,Pamukkale,Osman Aydınlı Kız Mesleki ve Teknik Anadolu Lisesi,748890,Mesleki ve Teknik Anadolu Lisesi,https://osmanaydinlimtal.meb.k12.tr,,,https://osmanaydinlimtal.meb.k12.tr/tema/harita.php,2026-08-31,441,441,bulundu,https://osmanaydinlimtal.meb.k12.tr/tema/okulumuz_hakkinda.php,2026-10-01T18:39:01.729579+00:00,,Öğrenci : 441
Denizli,Pamukkale,Osman Aydınlı İlkokulu,748568,İlkokul,https://osmanaydinliilkokulu.meb.k12.tr,,,https://osmanaydinliilkokulu.meb.k12.tr/tema/harita.php,2026-08-31,798,798,bulundu,https://osmanaydinliilkokulu.meb.k12.tr/,2026-10-01T18:39:01.797180+00:00,,Öğrenci Sayısı : 798
Denizli,Pamukkale,Pakize ve Suzan Özkardeş İlkokulu,701160,İlkokul,https://pakizevesuzanozkardesilkokulu.meb.k12.tr,,,https://pakizevesuzanozkardesilkokulu.meb.k12.tr/tema/harita.php,2026-08-31,613,613,bulundu,https://pakizevesuzanozkardesilkokulu.meb.k12.tr/,2026-10-01T18:39:01.837142+00:00,,Öğrenci Sayısı 613
Denizli,Pamukkale,Pamukkale 80.Yıl Öğretmenevi İktisadi İşletmesi ve Akşam Sanat Okulu,971744,Öğretmenevi,https://denizliogretmenevi.meb.k12.tr,,,https://denizliogretmenevi.meb.k12.tr/tema/harita.php,2026-08-31,,,bulunamadi,,2026-10-01T18:39:01.873993+00:00,,
Denizli,Pamukkale,Pamukkale Anadolu Lisesi,775239,Anadolu Lisesi,https://pamukkaleanadolulisesi.meb.k12.tr,,,https://pamukkaleanadolulisesi.meb.k12.tr/tema/harita.php,2026-08-31,,,bulunamadi,,2026-10-01T18:39:02.128753+00:00,,
Denizli,Pamukkale,Pamukkale Anaokulu,747192,Anaokulu,https://pamukkaleanaokulu.meb.k12.tr,,,https://pamukkaleanaokulu.meb.k12.tr/tema/harita.php,2026-08-31,51,51,bulundu,https://pamukkaleanaokulu.meb.k12.tr/,2026-10-01T18:39:02.141159+00:00,,Öğrenci Sayısı: 51
Denizli,Pamukkale,Pamukkale Belediyesi Muhammet Serter Anadolu İmam Hatip Lisesi,768151,Anadolu İmam Hatip Lisesi,https://pamukkalebldmserteraihl.meb.k12.tr,,,https://pamukkalebldmserteraihl.meb.k12.tr/tema/harita.php,2026-08-31,385,385,bulundu,https://pamukkalebldmserteraihl.meb.k12.tr/,2026-10-01T18:39:02.212338+00:00,,Öğrenci Sayısı 385
Denizli,Pamukkale,Pamukkale Halk Eğitimi Merkezi,339325,Halk Eğitimi Merkezi,https://pamukkalehem.meb.k12.tr,,,https://pamukkalehem.meb.k12.tr/tema/harita.php,2026-08-31,,,bulunamadi,,2026-10-01T18:39:02.214912+00:00,,
Denizli,Pamukkale,Pamukkale Mesleki Eğitim Merkezi,774392,Mesleki Eğitim Merkezi,https://pamukkalemesem.meb.k12.tr,,,https://pamukkalemesem.meb.k12.tr/tema/harita.php,2026-08-31,1090,1090,bulundu,https://pamukkalemesem.meb.k12.tr/,2026-10-01T18:39:02.241410+00:00,,Öğrenci Sayısı : 1090
Denizli,Pamukkale,Pamukkale Mesleki ve Teknik Anadolu Lisesi,966518,Mesleki ve Teknik Anadolu Lisesi,https://pamukkalemtal.meb.k12.tr,,,https://pamukkalemtal.meb.k12.tr/tema/harita.php,2026-08-31,217,217,bulundu,https://pamukkalemtal.meb.k12.tr/,2026-10-01T18:39:02.274826+00:00,,Öğrenci Sayısı : 217
Denizli,Pamukkale,Pamukkale Ortaokulu,719947,Ortaokul,https://pamukkaleortaokulu.meb.k12.tr,,,https://pamukkaleortaokulu.meb.k12.tr/tema/harita.php,2026-08-31,98,98,bulundu,https://pamukkaleortaokulu.meb.k12.tr/,2026-10-01T18:39:02.322026+00:00,,Öğrenci Sayısı 98
Denizli,Pamukkale,Polis Amca Özel Eğitim Uygulama Okulu I. Kademe,747066,Özel Eğitim Kurumu,https://denizlipolisamca1.meb.k12.tr,,,https://denizlipolisamca1.meb.k12.tr/tema/harita.php,2026-08-31,28,28,bulundu,https://denizlipolisamca1.meb.k12.tr/,2026-10-01T18:39:02.323355+00:00,,Öğrenci Sayısı 28
Denizli,Pamukkale,Polis Amca Özel Eğitim Uygulama Okulu II. Kademe,747411,Özel Eğitim Kurumu,https://denizlipolisamca.meb.k12.tr,,,https://denizlipolisamca.meb.k12.tr/tema/harita.php,2026-08-31,24,24,bulundu,https://denizlipolisamca.meb.k12.tr/,2026-10-01T18:39:02.429152+00:00,,Öğrenci Sayısı 24
Denizli,Pamukkale,Polis Amca Özel Eğitim Uygulama Okulu III. Kademe,748037,Özel Eğitim Kurumu,https://denizlipolisamca3.meb.k12.tr,,,https://denizlipolisamca3.meb.k12.tr/tema/harita.php,2026-08-31,,,bulunamadi,,2026-10-01T18:39:02.459265+00:00,,
Denizli,Pamukkale,Pınarkent Anaokulu,775990,Anaokulu,https://pinarkentanaokulu.meb.k12.tr,,,https://pinarkentanaokulu.meb.k12.tr/tema/harita.php,2026-08-31,102,102,bulundu,https://pinarkentanaokulu.meb.k12.tr/,2026-10-01T18:39:02.539807+00:00,,Öğrenci Sayısı: 102
Denizli,Pamukkale,Pınarkent Ortaokulu,701168,Ortaokul,https://pinarkentoo.meb.k12.tr,,,https://pinarkentoo.meb.k12.tr/tema/harita.php,2026-08-31,342,342,bulundu,https://pinarkentoo.meb.k12.tr/,2026-10-01T18:39:02.927999+00:00,,Öğrenci Sayısı 342
Denizli,Pamukkale,Pınarkent İlkokulu,701165,İlkokul,https://pinarkentilkokulu.meb.k12.tr,,,https://pinarkentilkokulu.meb.k12.tr/tema/harita.php,2026-08-31,333,333,bulundu,https://pinarkentilkokulu.meb.k12.tr/,2026-10-01T18:39:02.965038+00:00,,Öğrenci Sayısı : 333
Denizli,Pamukkale,Raşit Özkardeş Ortaokulu,762043,Ortaokul,https://rasitozkardesoo.meb.k12.tr,,,https://rasitozkardesoo.meb.k12.tr/tema/harita.php,2026-08-31,535,535,bulundu,https://rasitozkardesoo.meb.k12.tr/tema/okulumuz_hakkinda.php,2026-10-01T18:39:02.999558+00:00,,Öğrenci : 535
Denizli,Pamukkale,Ressam İbrahim Çallı Ortaokulu,720004,Ortaokul,https://ressamibrahimcalli.meb.k12.tr,,,https://ressamibrahimcalli.meb.k12.tr/tema/harita.php,2026-08-31,,,bulunamadi,,2026-10-01T18:39:03.087316+00:00,,
Denizli,Pamukkale,Ressam İbrahim Çallı İlkokulu,720031,İlkokul,https://ricalliilkokul.meb.k12.tr,,,https://ricalliilkokul.meb.k12.tr/tema/harita.php,2026-08-31,285,285,bulundu,https://ricalliilkokul.meb.k12.tr/,2026-10-01T18:39:03.364913+00:00,,Öğrenci Sayısı 285
Denizli,Pamukkale,Saadet Erikoğlu İlkokulu,701209,İlkokul,https://saadeterikogluilkokulu.meb.k12.tr,,,https://saadeterikogluilkokulu.meb.k12.tr/tema/harita.php,2026-08-31,936,936,bulundu,https://saadeterikogluilkokulu.meb.k12.tr/,2026-10-01T18:39:03.368912+00:00,,Öğrenci Sayısı : 936
Denizli,Pamukkale,Sadettin Kıbrıslıoğlu İlkokulu,700760,İlkokul,https://skibrislioglu.meb.k12.tr,,,https://skibrislioglu.meb.k12.tr/tema/harita.php,2026-08-31,291,291,bulundu,https://skibrislioglu.meb.k12.tr/,2026-10-01T18:39:03.398514+00:00,,Öğrenci Sayısı : 291
Denizli,Pamukkale,Sema-Abdurrahman Karamanlıoğlu Turizm Mesleki ve Teknik Anadolu Lisesi,262763,Mesleki ve Teknik Anadolu Lisesi,https://denizlisakotml.meb.k12.tr,,,https://denizlisakotml.meb.k12.tr/tema/harita.php,2026-08-31,590,590,bulundu,https://denizlisakotml.meb.k12.tr/,2026-10-01T18:39:03.486328+00:00,,Öğrenci Sayısı : 590
Denizli,Pamukkale,Seren Bayraktar İlkokulu,756416,İlkokul,https://serenbayraktarilkokulu.meb.k12.tr,,,https://serenbayraktarilkokulu.meb.k12.tr/tema/harita.php,2026-08-31,33,33,bulundu,https://serenbayraktarilkokulu.meb.k12.tr/,2026-10-01T18:39:03.499698+00:00,,Öğrenci Sayısı : 33
Denizli,Pamukkale,TOKİ Anaokulu,973180,Anaokulu,https://denizlitokianaokulu.meb.k12.tr,,,https://denizlitokianaokulu.meb.k12.tr/tema/harita.php,2026-08-31,68,68,bulundu,https://denizlitokianaokulu.meb.k12.tr/,2026-10-01T18:39:03.530536+00:00,,Öğrenci Sayısı: 68
Denizli,Pamukkale,TOKİ- Şehit Armağan Akman İlkokulu,720483,İlkokul,https://denizlitokiio.meb.k12.tr,,,https://denizlitokiio.meb.k12.tr/tema/harita.php,2026-08-31,329,329,bulundu,https://denizlitokiio.meb.k12.tr/,2026-10-01T18:39:03.649204+00:00,,Öğrenci Sayısı 329
Denizli,Pamukkale,Tekkeköy Ortaokulu,701523,Ortaokul,https://tekkekoyoo.meb.k12.tr,,,https://tekkekoyoo.meb.k12.tr/tema/harita.php,2026-08-31,249,249,bulundu,https://tekkekoyoo.meb.k12.tr/,2026-10-01T18:39:03.776862+00:00,,Öğrenci Sayısı 249
Denizli,Pamukkale,Tekkeköy Şehit Vedat Avcı İlkokulu,701219,İlkokul,https://tekkekoyio.meb.k12.tr,,,https://tekkekoyio.meb.k12.tr/tema/harita.php,2026-08-31,258,258,bulundu,https://tekkekoyio.meb.k12.tr/,2026-10-01T18:39:03.823653+00:00,,Öğrenci Sayısı: 258
Denizli,Pamukkale,Tevfik Fikret Kaya Ortaokulu,745321,Ortaokul,https://tevfikfikretkayaortaokulu.meb.k12.tr,,,https://tevfikfikretkayaortaokulu.meb.k12.tr/tema/harita.php,2026-08-31,73,73,bulundu,https://tevfikfikretkayaortaokulu.meb.k12.tr/,2026-10-01T18:39:03.918225+00:00,,Öğrenci Sayısı 73
Denizli,Pamukkale,Tevfik Fikret Kaya İlkokulu,720359,İlkokul,https://tevfikfikretkayailkokulu.meb.k12.tr,,,https://tevfikfikretkayailkokulu.meb.k12.tr/tema/harita.php,2026-08-31,,,bulunamadi,,2026-10-01T18:39:03.924828+00:00,,
Denizli,Pamukkale,Türk Eğitim Vakfı Anadolu Lisesi,264379,Anadolu Lisesi,https://teval.meb.k12.tr,,,https://teval.meb.k12.tr/tema/harita.php,2026-08-31,700,700,bulundu,https://teval.meb.k12.tr/tema/okulumuz_hakkinda.php,2026-10-01T18:39:04.430918+00:00,,Öğrenci : 700
Denizli,Pamukkale,Uzunpınar Ortaokulu,745326,Ortaokul,https://uzunpinarortaokulu.meb.k12.tr,,,https://uzunpinarortaokulu.meb.k12.tr/tema/harita.php,2026-08-31,75,75,bulundu,https://uzunpinarortaokulu.meb.k12.tr/,2026-10-01T18:39:04.470663+00:00,,Öğrenci Sayısı 75
Denizli,Pamukkale,Uzunpınar İlkokulu,720557,İlkokul,https://uzunpinarilkokulu.meb.k12.tr,,,https://uzunpinarilkokulu.meb.k12.tr/tema/harita.php,2026-08-31,74,74,bulundu,https://uzunpinarilkokulu.meb.k12.tr/,2026-10-01T18:39:04.633897+00:00,,Öğrenci Sayısı : 74
Denizli,Pamukkale,Vakıfbank İlkokulu,701230,İlkokul,https://vakifbankilkokulu.meb.k12.tr,,,https://vakifbankilkokulu.meb.k12.tr/tema/harita.php,2026-08-31,600,600,bulundu,https://vakifbankilkokulu.meb.k12.tr/,2026-10-01T18:39:04.642679+00:00,,Öğrenci Sayısı : 600
Denizli,Pamukkale,Veli Çetinkaya Anaokulu,974649,Anaokulu,https://velicetinkaya.meb.k12.tr,,,https://velicetinkaya.meb.k12.tr/tema/harita.php,2026-08-31,128,128,bulundu,https://velicetinkaya.meb.k12.tr/,2026-10-01T18:39:04.770324+00:00,,Öğrenci Sayısı 128
Denizli,Pamukkale,Yardım Sevenler Derneği İlkokulu,462047,İlkokul,https://ysdilkokulu.meb.k12.tr,,,https://ysdilkokulu.meb.k12.tr/tema/harita.php,2026-08-31,643,643,bulundu,https://ysdilkokulu.meb.k12.tr/,2026-10-01T18:39:04.867878+00:00,,Öğrenci Sayısı 643
Denizli,Pamukkale,Yaşar Kımıl Fen Lisesi,140075,Fen Lisesi,https://yasarkimilfenlisesi.meb.k12.tr,,,https://yasarkimilfenlisesi.meb.k12.tr/tema/harita.php,2026-08-31,583,583,bulundu,https://yasarkimilfenlisesi.meb.k12.tr/,2026-10-01T18:39:04.907007+00:00,,Öğrenci Sayısı : 583
Denizli,Pamukkale,Yaşar-Saniye Gemici Anadolu Lisesi,972822,Anadolu Lisesi,https://yasarsaniyegemicianadolu.meb.k12.tr,,,https://yasarsaniyegemicianadolu.meb.k12.tr/tema/harita.php,2026-08-31,680,680,bulundu,https://yasarsaniyegemicianadolu.meb.k12.tr/tema/okulumuz_hakkinda.php,2026-10-01T18:39:04.928306+00:00,,Öğrenci : 680
Denizli,Pamukkale,Yeniköy Ortaokulu,745331,Ortaokul,https://denizliyenikoyortaokulu.meb.k12.tr,,,https://denizliyenikoyortaokulu.meb.k12.tr/tema/harita.php,2026-08-31,41,41,bulundu,https://denizliyenikoyortaokulu.meb.k12.tr/,2026-10-01T18:39:04.934481+00:00,,Öğrenci Sayısı : 41
Denizli,Pamukkale,Yeniköy İlkokulu,720891,İlkokul,https://denizliyenikoyilkokulu.meb.k12.tr,,,https://denizliyenikoyilkokulu.meb.k12.tr/tema/harita.php,2026-08-31,60,60,bulundu,https://denizliyenikoyilkokulu.meb.k12.tr/,2026-10-01T18:39:05.125582+00:00,,Öğrenci Sayısı : 60
Denizli,Pamukkale,Yunus Emre İlkokulu,776522,İlkokul,https://776522.meb.k12.tr,,,https://776522.meb.k12.tr/tema/harita.php,2026-08-31,289,289,bulundu,https://776522.meb.k12.tr/,2026-10-01T18:39:05.325788+00:00,,Öğrenci Sayısı 289
Denizli,Pamukkale,Zahide Kaynak Dinçer Ortaokulu,745254,Ortaokul,https://zahidekaynakdincerortaokulu.meb.k12.tr,,,https://zahidekaynakdincerortaokulu.meb.k12.tr/tema/harita.php,2026-08-31,838,838,bulundu,https://zahidekaynakdincerortaokulu.meb.k12.tr/,2026-10-01T18:39:05.369754+00:00,,Öğrenci Sayısı 838
Denizli,Pamukkale,Zehra-Nihat Moralıoğlu Ortaokulu,701070,Ortaokul,https://znmoralioglu.meb.k12.tr,,,https://znmoralioglu.meb.k12.tr/tema/harita.php,2026-08-31,579,579,bulundu,https://znmoralioglu.meb.k12.tr/,2026-10-01T18:39:05.375190+00:00,,Öğrenci Sayısı : 579
Denizli,Pamukkale,Zeytinköy Hayırseverler Ortaokulu,745256,Ortaokul,https://zeytinkoyhayirseverlerortaokulu.meb.k12.tr,,,https://zeytinkoyhayirseverlerortaokulu.meb.k12.tr/tema/harita.php,2026-08-31,979,979,bulundu,https://zeytinkoyhayirseverlerortaokulu.meb.k12.tr/,2026-10-01T18:39:05.407788+00:00,,Öğrenci Sayısı : 979
Denizli,Pamukkale,Zübeyde Hanım Anaokulu,751831,Anaokulu,https://denizlizubeydehanimao.meb.k12.tr,,,https://denizlizubeydehanimao.meb.k12.tr/tema/harita.php,2026-08-31,288,288,bulundu,https://denizlizubeydehanimao.meb.k12.tr/,2026-10-01T18:39:05.484797+00:00,,Öğrenci Sayısı 288
Denizli,Pamukkale,İncilipınar İlkokulu,701176,İlkokul,https://incilipinarilkokulu.meb.k12.tr,,,https://incilipinarilkokulu.meb.k12.tr/tema/harita.php,2026-08-31,573,573,bulundu,https://incilipinarilkokulu.meb.k12.tr/,2026-10-01T18:39:05.557277+00:00,,Öğrenci Sayısı : 573
Denizli,Pamukkale,İncilipınar Şehit Burhan Acar İmam Hatip Ortaokulu,701778,İmam Hatip Ortaokulu,https://incilipinariho.meb.k12.tr,,,https://incilipinariho.meb.k12.tr/tema/harita.php,2026-08-31,679,679,bulundu,https://incilipinariho.meb.k12.tr/,2026-10-01T18:39:05.607566+00:00,,Öğrenci Sayısı 679
Denizli,Pamukkale,İstiklal Fitnat-Ahmet Engin İlkokulu,701040,İlkokul,https://denizliistiklalilkokulu.meb.k12.tr,,,https://denizliistiklalilkokulu.meb.k12.tr/tema/harita.php,2026-08-31,296,296,bulundu,https://denizliistiklalilkokulu.meb.k12.tr/,2026-10-01T18:39:05.723281+00:00,,Öğrenci Sayısı : 296
Denizli,Pamukkale,Şahinler İlkokulu,701198,İlkokul,https://denizlisahinlerilkokulu.meb.k12.tr,,,https://denizlisahinlerilkokulu.meb.k12.tr/tema/harita.php,2026-08-31,34,34,bulundu,https://denizlisahinlerilkokulu.meb.k12.tr/,2026-10-01T18:39:05.735864+00:00,,Öğrenci Sayısı: 34
Denizli,Pamukkale,Şefika-Hasan Ateş İlkokulu,756348,İlkokul,https://sefikahasanatesilkokulu.meb.k12.tr,,,https://sefikahasanatesilkokulu.meb.k12.tr/tema/harita.php,2026-08-31,83,83,bulundu,https://sefikahasanatesilkokulu.meb.k12.tr/,2026-10-01T18:39:05.773807+00:00,,Öğrenci Sayısı : 83
Denizli,Pamukkale,Şehit Mehmet Ali Doğan İlkokulu,763699,İlkokul,https://sehitmehmetalidoganilkokulu.meb.k12.tr,,,https://sehitmehmetalidoganilkokulu.meb.k12.tr/tema/harita.php,2026-08-31,275,275,bulundu,https://sehitmehmetalidoganilkokulu.meb.k12.tr/,2026-10-01T18:39:05.826151+00:00,,Öğrenci Sayısı: 275
Denizli,Pamukkale,Şehit Mustafa Uyğun İlkokulu,722187,İlkokul,https://sehitmustafauygunilkokulu.meb.k12.tr,,,https://sehitmustafauygunilkokulu.meb.k12.tr/tema/harita.php,2026-08-31,58,58,bulundu,https://sehitmustafauygunilkokulu.meb.k12.tr/,2026-10-01T18:39:05.951538+00:00,,Öğrenci Sayısı : 58
Denizli,Pamukkale,Şenay Öztürk Anaokulu,971925,Anaokulu,https://senayozturkanaokulu.meb.k12.tr,,,https://senayozturkanaokulu.meb.k12.tr/tema/harita.php,2026-08-31,268,268,bulundu,https://senayozturkanaokulu.meb.k12.tr/,2026-10-01T18:39:05.988901+00:00,,Öğrenci Sayısı 268
Denizli,Pamukkale,Şükriye Demireren Anaokulu,768865,Anaokulu,https://sukriyedemirerenanaokulu.meb.k12.tr,,,https://sukriyedemirerenanaokulu.meb.k12.tr/tema/harita.php,2026-08-31,59,59,bulundu,https://sukriyedemirerenanaokulu.meb.k12.tr/,2026-10-01T18:39:06.065500+00:00,,Öğrenci Sayısı: 59
Denizli,Pamukkale,Şükriye Demireren Özel Eğitim Anaokulu,773751,Anaokulu,https://773751.meb.k12.tr,,,https://773751.meb.k12.tr/tema/harita.php,2026-08-31,27,27,bulundu,https://773751.meb.k12.tr/,2026-10-01T18:39:06.101791+00:00,,Öğrenci Sayısı 27
Denizli,Sarayköy,24 Mayıs İlkokulu,740962,İlkokul,https://24mayisilkokulu.meb.k12.tr,,,https://24mayisilkokulu.meb.k12.tr/tema/harita.php,2026-08-31,688,688,bulundu,https://24mayisilkokulu.meb.k12.tr/,2026-10-01T18:39:06.450167+00:00,,Öğrenci Sayısı : 688
Denizli,Sarayköy,Atatürk Ortaokulu,740931,Ortaokul,https://saraykoyataturkoo.meb.k12.tr,,,https://saraykoyataturkoo.meb.k12.tr/tema/harita.php,2026-08-31,682,682,bulundu,https://saraykoyataturkoo.meb.k12.tr/,2026-10-01T18:39:06.628959+00:00,,Öğrenci Sayısı 682
Denizli,Sarayköy,Beylerbeyi Ortaokulu,745322,Ortaokul,https://beylerbeyiortaokulu.meb.k12.tr,,,https://beylerbeyiortaokulu.meb.k12.tr/tema/harita.php,2026-08-31,32,32,bulundu,https://beylerbeyiortaokulu.meb.k12.tr/,2026-10-01T18:39:06.639004+00:00,,Öğrenci Sayısı : 32
Denizli,Sarayköy,Beylerbeyi İlkokulu,739882,İlkokul,https://beylerbeyiilkokulu.meb.k12.tr,,,https://beylerbeyiilkokulu.meb.k12.tr/tema/harita.php,2026-08-31,24,24,bulundu,https://beylerbeyiilkokulu.meb.k12.tr/,2026-10-01T18:39:06.651479+00:00,,Öğrenci Sayısı : 24
Denizli,Sarayköy,Duacılı Ahmet Güdücü Ortaokulu,739894,Ortaokul,https://duaciliortaokulu.meb.k12.tr,,,https://duaciliortaokulu.meb.k12.tr/tema/harita.php,2026-08-31,79,79,bulundu,https://duaciliortaokulu.meb.k12.tr/,2026-10-01T18:39:06.971943+00:00,,Öğrenci Sayısı 79
Denizli,Sarayköy,Duacılı Ahmet Güdücü İlkokulu,740937,İlkokul,https://duaciliahmetguducuio.meb.k12.tr,,,https://duaciliahmetguducuio.meb.k12.tr/tema/harita.php,2026-08-31,48,48,bulundu,https://duaciliahmetguducuio.meb.k12.tr/,2026-10-01T18:39:07.011568+00:00,,Öğrenci Sayısı 48
Denizli,Sarayköy,Gazi Ortaokulu,739908,Ortaokul,https://saraykoygaziortaokulu.meb.k12.tr,,,https://saraykoygaziortaokulu.meb.k12.tr/tema/harita.php,2026-08-31,236,236,bulundu,https://saraykoygaziortaokulu.meb.k12.tr/,2026-10-01T18:39:07.024612+00:00,,Öğrenci Sayısı 236
Denizli,Sarayköy,Gazi İlkokulu,740941,İlkokul,https://saraykoygaziilkokulu.meb.k12.tr,,,https://saraykoygaziilkokulu.meb.k12.tr/tema/harita.php,2026-08-31,243,243,bulundu,https://saraykoygaziilkokulu.meb.k12.tr/,2026-10-01T18:39:07.092979+00:00,,Öğrenci Sayısı 243
Denizli,Sarayköy,Hacı Nadire Mersin Cumhuriyet İlkokulu,740949,İlkokul,https://hnmcumhuriyetilkokulu.meb.k12.tr,,,https://hnmcumhuriyetilkokulu.meb.k12.tr/tema/harita.php,2026-08-31,355,355,bulundu,https://hnmcumhuriyetilkokulu.meb.k12.tr/,2026-10-01T18:39:07.106628+00:00,,Öğrenci Sayısı : 355
Denizli,Sarayköy,Hacı İrfan Mersin Cumhuriyet Ortaokulu,739928,Ortaokul,https://himcumhuriyetortaokulu.meb.k12.tr,,,https://himcumhuriyetortaokulu.meb.k12.tr/tema/harita.php,2026-08-31,278,278,bulundu,https://himcumhuriyetortaokulu.meb.k12.tr/,2026-10-01T18:39:07.148923+00:00,,Öğrenci Sayısı : 278
Denizli,Sarayköy,Hasköy Hayrettin Türkölmez Ortaokulu,745325,Ortaokul,https://haskoyhtortaokulu.meb.k12.tr,,,https://haskoyhtortaokulu.meb.k12.tr/tema/harita.php,2026-08-31,52,52,bulundu,https://haskoyhtortaokulu.meb.k12.tr/,2026-10-01T18:39:07.205675+00:00,,Öğrenci Sayısı : 52
Denizli,Sarayköy,Hasköy Hayrettin Türkölmez İlkokulu,739951,İlkokul,https://haskoyhayrettinturkolmezilkokulu.meb.k12.tr,,,https://haskoyhayrettinturkolmezilkokulu.meb.k12.tr/tema/harita.php,2026-08-31,63,63,bulundu,https://haskoyhayrettinturkolmezilkokulu.meb.k12.tr/,2026-10-01T18:39:07.480240+00:00,,Öğrenci Sayısı : 63
Denizli,Sarayköy,Menderes Anadolu Lisesi,141475,Anadolu Lisesi,https://saraykoymenderes.meb.k12.tr,,,https://saraykoymenderes.meb.k12.tr/tema/harita.php,2026-08-31,148,148,bulundu,https://saraykoymenderes.meb.k12.tr/,2026-10-01T18:39:07.506138+00:00,,Öğrenci Sayısı 148
Denizli,Sarayköy,Sakarya Ortaokulu,739991,Ortaokul,https://sakaryaortaokulu.meb.k12.tr,,,https://sakaryaortaokulu.meb.k12.tr/tema/harita.php,2026-08-31,207,207,bulundu,https://sakaryaortaokulu.meb.k12.tr/,2026-10-01T18:39:07.570645+00:00,,Öğrenci Sayısı : 207
Denizli,Sarayköy,Sakarya İlkokulu,740947,İlkokul,https://sakaryailkokulu.meb.k12.tr,,,https://sakaryailkokulu.meb.k12.tr/tema/harita.php,2026-08-31,224,224,bulundu,https://sakaryailkokulu.meb.k12.tr/,2026-10-01T18:39:07.596214+00:00,,Öğrenci Sayısı : 224
Denizli,Sarayköy,Sarayköy Anadolu Lisesi,351767,Anadolu Lisesi,https://saraykoyanadolulisesi.meb.k12.tr,,,https://saraykoyanadolulisesi.meb.k12.tr/tema/harita.php,2026-08-31,403,403,bulundu,https://saraykoyanadolulisesi.meb.k12.tr/,2026-10-01T18:39:07.623016+00:00,,Öğrenci Sayısı 403
Denizli,Sarayköy,Sarayköy Anadolu İmam Hatip Lisesi,269405,Anadolu İmam Hatip Lisesi,https://saraykoyaihl.meb.k12.tr,,,https://saraykoyaihl.meb.k12.tr/tema/harita.php,2026-08-31,54,54,bulundu,https://saraykoyaihl.meb.k12.tr/,2026-10-01T18:39:07.763698+00:00,,Öğrenci Sayısı 54
Denizli,Sarayköy,Sarayköy Halk Eğitimi Merkezi,141499,Halk Eğitimi Merkezi,https://saraykoyhem.meb.k12.tr,,,https://saraykoyhem.meb.k12.tr/tema/harita.php,2026-08-31,,,bulunamadi,,2026-10-01T18:39:07.789442+00:00,,
Denizli,Sarayköy,Sarayköy Merkez Mükerrem Tokat Anaokulu,958308,Anaokulu,https://mtokatanaokulu.meb.k12.tr,,,https://mtokatanaokulu.meb.k12.tr/tema/harita.php,2026-08-31,108,108,bulundu,https://mtokatanaokulu.meb.k12.tr/,2026-10-01T18:39:08.089179+00:00,,Öğrenci Sayısı: 108
Denizli,Sarayköy,Sarayköy Mesleki ve Teknik Anadolu Lisesi,905157,Mesleki ve Teknik Anadolu Lisesi,https://saraykoymtal.meb.k12.tr,,,https://saraykoymtal.meb.k12.tr/tema/harita.php,2026-08-31,264,264,bulundu,https://saraykoymtal.meb.k12.tr/,2026-10-01T18:39:08.127689+00:00,,Öğrenci Sayısı 264
Denizli,Sarayköy,Sığma Ortaokulu,740017,Ortaokul,https://sigmaortaokulu.meb.k12.tr,,,https://sigmaortaokulu.meb.k12.tr/tema/harita.php,2026-08-31,58,58,bulundu,https://sigmaortaokulu.meb.k12.tr/,2026-10-01T18:39:08.206753+00:00,,Öğrenci Sayısı : 58
Denizli,Sarayköy,Sığma İlkokulu,740950,İlkokul,https://sigmailkokulu.meb.k12.tr,,,https://sigmailkokulu.meb.k12.tr/tema/harita.php,2026-08-31,70,70,bulundu,https://sigmailkokulu.meb.k12.tr/,2026-10-01T18:39:08.214910+00:00,,Öğrenci Sayısı : 70
Denizli,Sarayköy,Tosunlar Ortaokulu,745327,Ortaokul,https://tosunlarortaokulu.meb.k12.tr,,,https://tosunlarortaokulu.meb.k12.tr/tema/harita.php,2026-08-31,60,60,bulundu,https://tosunlarortaokulu.meb.k12.tr/,2026-10-01T18:39:08.336652+00:00,,Öğrenci Sayısı 60
Denizli,Sarayköy,Tosunlar İlkokulu,740035,İlkokul,https://tosunlarilkokulu.meb.k12.tr,,,https://tosunlarilkokulu.meb.k12.tr/tema/harita.php,2026-08-31,65,65,bulundu,https://tosunlarilkokulu.meb.k12.tr/,2026-10-01T18:39:08.434591+00:00,,Öğrenci Sayısı 65
Denizli,Sarayköy,Türkiye Odalar ve Borsalar Birliği Anaokulu,775355,Anaokulu,https://775355.meb.k12.tr,,,https://775355.meb.k12.tr/tema/harita.php,2026-08-31,107,107,bulundu,https://775355.meb.k12.tr/,2026-10-01T18:39:08.467608+00:00,,Öğrenci Sayısı: 107
Denizli,Sarayköy,Şehit Fırat Der Mesleki Eğitim Merkezi,775819,Mesleki Eğitim Merkezi,https://saraykoymesem.meb.k12.tr,,,https://saraykoymesem.meb.k12.tr/tema/harita.php,2026-08-31,279,279,bulundu,https://saraykoymesem.meb.k12.tr/,2026-10-01T18:39:08.578968+00:00,,Öğrenci Sayısı : 279
Denizli,Serinhisar,Atatürk Ortaokulu,740995,Ortaokul,https://ataturko.meb.k12.tr,,,https://ataturko.meb.k12.tr/tema/harita.php,2026-08-31,345,345,bulundu,https://ataturko.meb.k12.tr/,2026-10-01T18:39:08.652696+00:00,,Öğrenci Sayısı : 345
Denizli,Serinhisar,Atatürk İlkokulu,740982,İlkokul,https://ataturkio20.meb.k12.tr,,,https://ataturkio20.meb.k12.tr/tema/harita.php,2026-08-31,165,165,bulundu,https://ataturkio20.meb.k12.tr/,2026-10-01T18:39:08.668790+00:00,,Öğrenci Sayısı : 165
Denizli,Serinhisar,Hakkı Gökçetin Mesleki Eğitim Merkezi,776949,Mesleki Eğitim Merkezi,https://hgmesem20.meb.k12.tr,,,https://hgmesem20.meb.k12.tr/tema/harita.php,2026-08-31,110,110,bulundu,https://hgmesem20.meb.k12.tr/,2026-10-01T18:39:08.746160+00:00,,Öğrenci Sayısı 110
Denizli,Serinhisar,Kocapınar İlkokulu,740993,İlkokul,https://kocapinario.meb.k12.tr,,,https://kocapinario.meb.k12.tr/tema/harita.php,2026-08-31,10,10,bulundu,https://kocapinario.meb.k12.tr/,2026-10-01T18:39:08.887760+00:00,,Öğrenci Sayısı: 10
Denizli,Serinhisar,Mehmet Akif Ersoy İlkokulu,741003,İlkokul,https://serinhisarmakif.meb.k12.tr,,,https://serinhisarmakif.meb.k12.tr/tema/harita.php,2026-08-31,132,132,bulundu,https://serinhisarmakif.meb.k12.tr/,2026-10-01T18:39:08.956195+00:00,,Öğrenci Sayısı 132
Denizli,Serinhisar,Salih Esen İlkokulu,741011,İlkokul,https://salihesenio.meb.k12.tr,,,https://salihesenio.meb.k12.tr/tema/harita.php,2026-08-31,193,193,bulundu,https://salihesenio.meb.k12.tr/,2026-10-01T18:39:08.967660+00:00,,Öğrenci Sayısı : 193
Denizli,Serinhisar,Serinhisar Anadolu Lisesi,974618,Anadolu Lisesi,https://seal20.meb.k12.tr,,,https://seal20.meb.k12.tr/tema/harita.php,2026-08-31,159,159,bulundu,https://seal20.meb.k12.tr/tema/okulumuz_hakkinda.php,2026-10-01T18:39:09.055236+00:00,,Öğrenci : 159
Denizli,Serinhisar,Serinhisar Anaokulu,970275,Anaokulu,https://serinhisaranaokulu.meb.k12.tr,,,https://serinhisaranaokulu.meb.k12.tr/tema/harita.php,2026-08-31,84,84,bulundu,https://serinhisaranaokulu.meb.k12.tr/,2026-10-01T18:39:09.087500+00:00,,Öğrenci Sayısı 84
Denizli,Serinhisar,Serinhisar Halk Eğitimi Merkezi,252162,Halk Eğitimi Merkezi,https://serinhisarhem.meb.k12.tr,,,https://serinhisarhem.meb.k12.tr/tema/harita.php,2026-08-31,,,bulunamadi,,2026-10-01T18:39:09.120751+00:00,,
Denizli,Serinhisar,Serinhisar İmam Hatip Ortaokulu,746100,İmam Hatip Ortaokulu,https://serinhisariho.meb.k12.tr,,,https://serinhisariho.meb.k12.tr/tema/harita.php,2026-08-31,135,135,bulundu,https://serinhisariho.meb.k12.tr/,2026-10-01T18:39:09.150902+00:00,,Öğrenci Sayısı 135
Denizli,Serinhisar,Yatağan Anadolu İmam Hatip Lisesi,761233,Anadolu İmam Hatip Lisesi,https://yataganaihl.meb.k12.tr,,,https://yataganaihl.meb.k12.tr/tema/harita.php,2026-08-31,134,134,bulundu,https://yataganaihl.meb.k12.tr/tema/okulumuz_hakkinda.php,2026-10-01T18:39:09.215134+00:00,,Öğrenci : 134
Denizli,Serinhisar,Yatağan Cumhuriyet Ortaokulu,745708,Ortaokul,https://yataganortaokulu.meb.k12.tr,,,https://yataganortaokulu.meb.k12.tr/tema/harita.php,2026-08-31,58,58,bulundu,https://yataganortaokulu.meb.k12.tr/,2026-10-01T18:39:09.267075+00:00,,Öğrenci Sayısı 58
Denizli,Serinhisar,Yatağan Müftü Arif Akşit Mesleki ve Teknik Anadolu Lisesi,749260,Mesleki ve Teknik Anadolu Lisesi,https://yataganmtal.meb.k12.tr,,,https://yataganmtal.meb.k12.tr/tema/harita.php,2026-08-31,138,138,bulundu,https://yataganmtal.meb.k12.tr/,2026-10-01T18:39:09.299255+00:00,,Öğrenci Sayısı 138
Denizli,Serinhisar,Yatağan İlkokulu,741031,İlkokul,https://yataganio.meb.k12.tr,,,https://yataganio.meb.k12.tr/tema/harita.php,2026-08-31,149,149,bulundu,https://yataganio.meb.k12.tr/,2026-10-01T18:39:09.310856+00:00,,Öğrenci Sayısı : 149
Denizli,Serinhisar,Yavuz Yıldırım Ekiz Ortaokulu,741082,Ortaokul,https://yyeortaokulu.meb.k12.tr,,,https://yyeortaokulu.meb.k12.tr/tema/harita.php,2026-08-31,,,bulunamadi,,2026-10-01T18:39:09.391796+00:00,,
Denizli,Serinhisar,Yavuz Yıldırım Ekiz İlkokulu,741054,İlkokul,https://yyeilkokulu.meb.k12.tr,,,https://yyeilkokulu.meb.k12.tr/tema/harita.php,2026-08-31,181,181,bulundu,https://yyeilkokulu.meb.k12.tr/,2026-10-01T18:39:09.436024+00:00,,Öğrenci Sayısı 181
Denizli,Tavas,Altınova İlkokulu,222127,İlkokul,https://altinovailkokul.meb.k12.tr,,,https://altinovailkokul.meb.k12.tr/tema/harita.php,2026-08-31,13,13,bulundu,https://altinovailkokul.meb.k12.tr/,2026-10-01T18:39:09.491913+00:00,,Öğrenci Sayısı : 13
Denizli,Tavas,Aydoğdu İlkokulu,741121,İlkokul,https://tavasaydogdu.meb.k12.tr,,,https://tavasaydogdu.meb.k12.tr/tema/harita.php,2026-08-31,22,22,bulundu,https://tavasaydogdu.meb.k12.tr/,2026-10-01T18:39:09.627319+00:00,,Öğrenci Sayısı 22
Denizli,Tavas,Balkıca İlkokulu,463303,İlkokul,https://balkica.meb.k12.tr,,,https://balkica.meb.k12.tr/tema/harita.php,2026-08-31,6,6,bulundu,https://balkica.meb.k12.tr/,2026-10-01T18:39:09.660464+00:00,,Öğrenci Sayısı: 6
Denizli,Tavas,Bekir Güngör Ticaret Mesleki ve Teknik Anadolu Lisesi,141678,Mesleki ve Teknik Anadolu Lisesi,https://bekirgungormtal.meb.k12.tr,,,https://bekirgungormtal.meb.k12.tr/tema/harita.php,2026-08-31,62,62,bulundu,https://bekirgungormtal.meb.k12.tr/,2026-10-01T18:39:09.750053+00:00,,Öğrenci Sayısı : 62
Denizli,Tavas,Ebecik İlkokulu,832806,İlkokul,https://ebecikilkokulu.meb.k12.tr,,,https://ebecikilkokulu.meb.k12.tr/tema/harita.php,2026-08-31,5,5,bulundu,https://ebecikilkokulu.meb.k12.tr/,2026-10-01T18:39:09.821798+00:00,,Öğrenci Sayısı : 5
Denizli,Tavas,Garipköy İlkokulu,768075,İlkokul,https://garipkoyilkokulu.meb.k12.tr,,,https://garipkoyilkokulu.meb.k12.tr/tema/harita.php,2026-08-31,73,73,bulundu,https://garipkoyilkokulu.meb.k12.tr/,2026-10-01T18:39:09.866170+00:00,,Öğrenci Sayısı: 73
Denizli,Tavas,Gazi İlkokulu,463028,İlkokul,https://tavasgaziio.meb.k12.tr,,,https://tavasgaziio.meb.k12.tr/tema/harita.php,2026-08-31,133,133,bulundu,https://tavasgaziio.meb.k12.tr/,2026-10-01T18:39:09.877038+00:00,,Öğrenci Sayısı : 133
Denizli,Tavas,Gümüşdere İlkokulu,741187,İlkokul,https://gumusdereilkokul.meb.k12.tr,,,https://gumusdereilkokul.meb.k12.tr/tema/harita.php,2026-08-31,14,14,bulundu,https://gumusdereilkokul.meb.k12.tr/tema/okulumuz_hakkinda.php,2026-10-01T18:39:10.041882+00:00,,Öğrenci : 14
Denizli,Tavas,Hacı Ali Bilal Cumhuriyet Ortaokulu,462968,Ortaokul,https://hacialibilalcumhuriyet.meb.k12.tr,,,https://hacialibilalcumhuriyet.meb.k12.tr/tema/harita.php,2026-08-31,227,227,bulundu,https://hacialibilalcumhuriyet.meb.k12.tr/,2026-10-01T18:39:10.131771+00:00,,Öğrenci Sayısı 227
Denizli,Tavas,Hakimiyet İlkokulu,463089,İlkokul,https://hakimiyet.meb.k12.tr,,,https://hakimiyet.meb.k12.tr/tema/harita.php,2026-08-31,284,284,bulundu,https://hakimiyet.meb.k12.tr/,2026-10-01T18:39:10.281219+00:00,,Öğrenci Sayısı : 284
Denizli,Tavas,Horasanlı İlkokulu,741143,İlkokul,https://horasanlio.meb.k12.tr,,,https://horasanlio.meb.k12.tr/tema/harita.php,2026-08-31,23,23,bulundu,https://horasanlio.meb.k12.tr/,2026-10-01T18:39:10.629052+00:00,,Öğrenci Sayısı 23
Denizli,Tavas,Karahisar Kemal Sarıkaya Ortaokulu,741684,Ortaokul,https://karahisarsarikayao.meb.k12.tr,,,https://karahisarsarikayao.meb.k12.tr/tema/harita.php,2026-08-31,71,71,bulundu,https://karahisarsarikayao.meb.k12.tr/,2026-10-01T18:39:10.804203+00:00,,Öğrenci Sayısı : 71
Denizli,Tavas,Karahisar Kemal Sarıkaya İlkokulu,332587,İlkokul,https://karahisarsarikayaio.meb.k12.tr,,,https://karahisarsarikayaio.meb.k12.tr/tema/harita.php,2026-08-31,49,49,bulundu,https://karahisarsarikayaio.meb.k12.tr/,2026-10-01T18:39:10.846739+00:00,,Öğrenci Sayısı 49
Denizli,Tavas,Karahisar Şehit Albay İbrahim Karaoğlanoğlu Anaokulu,970436,Anaokulu,https://karahisaranaokulu.meb.k12.tr,,,https://karahisaranaokulu.meb.k12.tr/tema/harita.php,2026-08-31,26,26,bulundu,https://karahisaranaokulu.meb.k12.tr/,2026-10-01T18:39:10.854549+00:00,,Öğrenci Sayısı: 26
Denizli,Tavas,Kozlar Ortaokulu,741795,Ortaokul,https://kozlarortaokulu.meb.k12.tr,,,https://kozlarortaokulu.meb.k12.tr/tema/harita.php,2026-08-31,41,41,bulundu,https://kozlarortaokulu.meb.k12.tr/,2026-10-01T18:39:10.991448+00:00,,Öğrenci Sayısı : 41
Denizli,Tavas,Kozlar İlkokulu,741535,İlkokul,https://kozlarilkokulu.meb.k12.tr,,,https://kozlarilkokulu.meb.k12.tr/tema/harita.php,2026-08-31,63,63,bulundu,https://kozlarilkokulu.meb.k12.tr/,2026-10-01T18:39:11.086565+00:00,,Öğrenci Sayısı : 63
Denizli,Tavas,Kızılca Anaokulu,972596,Anaokulu,https://kizilcaanaokulu.meb.k12.tr,,,https://kizilcaanaokulu.meb.k12.tr/tema/harita.php,2026-08-31,10,10,bulundu,https://kizilcaanaokulu.meb.k12.tr/,2026-10-01T18:39:11.106359+00:00,,Öğrenci Sayısı : 10
Denizli,Tavas,Kızılca Hacı Mehmet Arslan Ortaokulu,741247,Ortaokul,https://hmehmetarslanortaokulu.meb.k12.tr,,,https://hmehmetarslanortaokulu.meb.k12.tr/tema/harita.php,2026-08-31,69,69,bulundu,https://hmehmetarslanortaokulu.meb.k12.tr/,2026-10-01T18:39:11.109390+00:00,,Öğrenci Sayısı : 69
Denizli,Tavas,Kızılca Hacı Mehmet Arslan İlkokulu,741236,İlkokul,https://hmehmetarslanilkokulu.meb.k12.tr,,,https://hmehmetarslanilkokulu.meb.k12.tr/tema/harita.php,2026-08-31,40,40,bulundu,https://hmehmetarslanilkokulu.meb.k12.tr/,2026-10-01T18:39:11.528533+00:00,,Öğrenci Sayısı: 40
Denizli,Tavas,Kızılcabölük Atatürk Ortaokulu,461999,Ortaokul,https://kizilcabolukataturkoo.meb.k12.tr,,,https://kizilcabolukataturkoo.meb.k12.tr/tema/harita.php,2026-08-31,113,113,bulundu,https://kizilcabolukataturkoo.meb.k12.tr/,2026-10-01T18:39:11.581883+00:00,,Öğrenci Sayısı : 113
Denizli,Tavas,Kızılcabölük Hacı İbrahim Aydın Anaokulu,971736,Anaokulu,https://971736.meb.k12.tr,,,https://971736.meb.k12.tr/tema/harita.php,2026-08-31,39,39,bulundu,https://971736.meb.k12.tr/,2026-10-01T18:39:11.631091+00:00,,Öğrenci Sayısı: 39
Denizli,Tavas,Kızılcabölük Hanife ve Ahmet Paralı Mesleki ve Teknik Anadolu Lisesi,281764,Mesleki ve Teknik Anadolu Lisesi,https://hanifeahmetparalieml.meb.k12.tr,,,https://hanifeahmetparalieml.meb.k12.tr/tema/harita.php,2026-08-31,158,158,bulundu,https://hanifeahmetparalieml.meb.k12.tr/,2026-10-01T18:39:11.696337+00:00,,Öğrenci Sayısı : 158
Denizli,Tavas,Kızılcabölük Mehmet Akif Ersoy Ortaokulu,741791,Ortaokul,https://kizilcabolukmaeo.meb.k12.tr,,,https://kizilcabolukmaeo.meb.k12.tr/tema/harita.php,2026-08-31,62,62,bulundu,https://kizilcabolukmaeo.meb.k12.tr/,2026-10-01T18:39:11.723889+00:00,,Öğrenci Sayısı : 62
Denizli,Tavas,Kızılcabölük Mehmet Akif Ersoy İlkokulu,741524,İlkokul,https://741524kizilcabolukmaeio.meb.k12.tr,,,https://741524kizilcabolukmaeio.meb.k12.tr/tema/harita.php,2026-08-31,59,59,bulundu,https://741524kizilcabolukmaeio.meb.k12.tr/,2026-10-01T18:39:11.751078+00:00,,Öğrenci Sayısı : 59
Denizli,Tavas,Kızılcabölük Yaşar Öncan İlkokulu,741246,İlkokul,https://kbyasaroncanio.meb.k12.tr,,,https://kbyasaroncanio.meb.k12.tr/tema/harita.php,2026-08-31,50,50,bulundu,https://kbyasaroncanio.meb.k12.tr/,2026-10-01T18:39:11.853843+00:00,,Öğrenci Sayısı : 50
Denizli,Tavas,Mehmet Kısaoğlu Mesleki ve Teknik Anadolu Lisesi,962810,Mesleki ve Teknik Anadolu Lisesi,https://mehmetkisaoglumtal.meb.k12.tr,,,https://mehmetkisaoglumtal.meb.k12.tr/tema/harita.php,2026-08-31,230,230,bulundu,https://mehmetkisaoglumtal.meb.k12.tr/,2026-10-01T18:39:11.979492+00:00,,Öğrenci Sayısı 230
Denizli,Tavas,Mehmet Poran Anaokulu,966664,Anaokulu,https://mehmetporanao.meb.k12.tr,,,https://mehmetporanao.meb.k12.tr/tema/harita.php,2026-08-31,,,bulunamadi,,2026-10-01T18:39:11.990093+00:00,,
Denizli,Tavas,Mehmet Özen İlkokulu,463136,İlkokul,https://mehmetozenio.meb.k12.tr,,,https://mehmetozenio.meb.k12.tr/tema/harita.php,2026-08-31,374,374,bulundu,https://mehmetozenio.meb.k12.tr/,2026-10-01T18:39:11.995443+00:00,,Öğrenci Sayısı 374
Denizli,Tavas,Nikfer Atatürk Ortaokulu,741324,Ortaokul,https://nikferataturkortaokulu.meb.k12.tr,,,https://nikferataturkortaokulu.meb.k12.tr/tema/harita.php,2026-08-31,38,38,bulundu,https://nikferataturkortaokulu.meb.k12.tr/,2026-10-01T18:39:12.011062+00:00,,Öğrenci Sayısı 38
Denizli,Tavas,Nikfer Atatürk İlkokulu,387833,İlkokul,https://nikferataturkilkokulu.meb.k12.tr,,,https://nikferataturkilkokulu.meb.k12.tr/tema/harita.php,2026-08-31,41,41,bulundu,https://nikferataturkilkokulu.meb.k12.tr/,2026-10-01T18:39:12.013080+00:00,,Öğrenci Sayısı 41
Denizli,Tavas,Ovacık İlkokulu,741156,İlkokul,https://tavasovacikio.meb.k12.tr,,,https://tavasovacikio.meb.k12.tr/tema/harita.php,2026-08-31,16,16,bulundu,https://tavasovacikio.meb.k12.tr/,2026-10-01T18:39:12.301327+00:00,,Öğrenci Sayısı: 16
Denizli,Tavas,Pınarlar İlkokulu,741309,İlkokul,https://pinarlarilkokulu.meb.k12.tr,,,https://pinarlarilkokulu.meb.k12.tr/tema/harita.php,2026-08-31,42,42,bulundu,https://pinarlarilkokulu.meb.k12.tr/,2026-10-01T18:39:12.388791+00:00,,Öğrenci Sayısı 42
Denizli,Tavas,Pınarlık İlkokulu,741147,İlkokul,https://pinarlik.meb.k12.tr,,,https://pinarlik.meb.k12.tr/tema/harita.php,2026-08-31,10,10,bulundu,https://pinarlik.meb.k12.tr/,2026-10-01T18:39:12.389823+00:00,,Öğrenci Sayısı 10
Denizli,Tavas,Sait Kalaycıoğlu Ortaokulu,741323,Ortaokul,https://saitkalaycioglu.meb.k12.tr,,,https://saitkalaycioglu.meb.k12.tr/tema/harita.php,2026-08-31,551,551,bulundu,https://saitkalaycioglu.meb.k12.tr/,2026-10-01T18:39:12.408536+00:00,,Öğrenci Sayısı : 551
Denizli,Tavas,Sarıabat Ortaokulu,741797,Ortaokul,https://sariabatortaokulu.meb.k12.tr,,,https://sariabatortaokulu.meb.k12.tr/tema/harita.php,2026-08-31,67,67,bulundu,https://sariabatortaokulu.meb.k12.tr/,2026-10-01T18:39:12.421833+00:00,,Öğrenci Sayısı: 67
Denizli,Tavas,Sarıabat İlkokulu,741542,İlkokul,https://sariabatilkokulu.meb.k12.tr,,,https://sariabatilkokulu.meb.k12.tr/tema/harita.php,2026-08-31,86,86,bulundu,https://sariabatilkokulu.meb.k12.tr/,2026-10-01T18:39:12.542802+00:00,,Öğrenci Sayısı : 86
Denizli,Tavas,Tavas Anadolu Lisesi,141654,Anadolu Lisesi,https://tavasanadolulisesi.meb.k12.tr,,,https://tavasanadolulisesi.meb.k12.tr/tema/harita.php,2026-08-31,155,155,bulundu,https://tavasanadolulisesi.meb.k12.tr/,2026-10-01T18:39:12.571131+00:00,,Öğrenci Sayısı : 155
Denizli,Tavas,Tavas Anadolu İmam Hatip Lisesi,141691,Anadolu İmam Hatip Lisesi,https://tavasihl.meb.k12.tr,,,https://tavasihl.meb.k12.tr/tema/harita.php,2026-08-31,150,150,bulundu,https://tavasihl.meb.k12.tr/,2026-10-01T18:39:12.696257+00:00,,Öğrenci Sayısı : 150
Denizli,Tavas,Tavas Halk Eğitimi Merkezi,141701,Halk Eğitimi Merkezi,https://tavashem.meb.k12.tr,,,https://tavashem.meb.k12.tr/tema/harita.php,2026-08-31,,,bulunamadi,,2026-10-01T18:39:12.779853+00:00,,
Denizli,Tavas,Tavas Mesleki Eğitim Merkezi,290928,Mesleki Eğitim Merkezi,https://tavasmem.meb.k12.tr,,,https://tavasmem.meb.k12.tr/tema/harita.php,2026-08-31,288,288,bulundu,https://tavasmem.meb.k12.tr/,2026-10-01T18:39:12.924059+00:00,,Öğrenci Sayısı : 288
Denizli,Tavas,Tavas Zeybekler Anadolu Lisesi,317189,Anadolu Lisesi,https://zal.meb.k12.tr,,,https://zal.meb.k12.tr/tema/harita.php,2026-08-31,387,387,bulundu,https://zal.meb.k12.tr/,2026-10-01T18:39:12.907189+00:00,,Öğrenci Sayısı 387
Denizli,Tavas,Türkiye Odalar ve Borsalar Birliği Anaokulu,774852,Anaokulu,https://turkiyeodalarveborsalarbirligiao.meb.k12.tr,,,https://turkiyeodalarveborsalarbirligiao.meb.k12.tr/tema/harita.php,2026-08-31,131,131,bulundu,https://turkiyeodalarveborsalarbirligiao.meb.k12.tr/,2026-10-01T18:39:12.927205+00:00,,Öğrenci Sayısı: 131
Denizli,Tavas,Ulukent Şehit Öğretmen Ayşe Konakçı Ortaokulu,741370,Ortaokul,https://ulukentortaokulu.meb.k12.tr,,,https://ulukentortaokulu.meb.k12.tr/tema/harita.php,2026-08-31,54,54,bulundu,https://ulukentortaokulu.meb.k12.tr/,2026-10-01T18:39:12.955842+00:00,,Öğrenci Sayısı : 54
Denizli,Tavas,Yahşiler Ortaokulu,741807,Ortaokul,https://yahsileroo.meb.k12.tr,,,https://yahsileroo.meb.k12.tr/tema/harita.php,2026-08-31,79,79,bulundu,https://yahsileroo.meb.k12.tr/,2026-10-01T18:39:12.964324+00:00,,Öğrenci Sayısı : 79
Denizli,Tavas,Yahşiler Şehit Mirza Körnes İlkokulu,376131,İlkokul,https://yahsilerio.meb.k12.tr,,,https://yahsilerio.meb.k12.tr/tema/harita.php,2026-08-31,62,62,bulundu,https://yahsilerio.meb.k12.tr/,2026-10-01T18:39:13.073497+00:00,,Öğrenci Sayısı : 62
Denizli,Tavas,Yorga Hacı Fatma Topalan Ortaokulu,462491,Ortaokul,https://yorgaoo.meb.k12.tr,,,https://yorgaoo.meb.k12.tr/tema/harita.php,2026-08-31,43,43,bulundu,https://yorgaoo.meb.k12.tr/,2026-10-01T18:39:13.230297+00:00,,Öğrenci Sayısı : 43
Denizli,Tavas,Yorga Hacı Fatma Topalan İlkokulu,741570,İlkokul,https://yorgaio.meb.k12.tr,,,https://yorgaio.meb.k12.tr/tema/harita.php,2026-08-31,21,21,bulundu,https://yorgaio.meb.k12.tr/,2026-10-01T18:39:13.260924+00:00,,Öğrenci Sayısı : 21
Denizli,Tavas,Çalıköy İlkokulu,741159,İlkokul,https://calikoyilkokulu.meb.k12.tr,,,https://calikoyilkokulu.meb.k12.tr/tema/harita.php,2026-08-31,23,23,bulundu,https://calikoyilkokulu.meb.k12.tr/,2026-10-01T18:39:13.461581+00:00,,Öğrenci Sayısı 23
Denizli,Tavas,Çağırgan Ortaokulu,741678,Ortaokul,https://cagirganortaokulu.meb.k12.tr,,,https://cagirganortaokulu.meb.k12.tr/tema/harita.php,2026-08-31,57,57,bulundu,https://cagirganortaokulu.meb.k12.tr/,2026-10-01T18:39:13.500783+00:00,,Öğrenci Sayısı 57
Denizli,Tavas,Çağırgan İlkokulu,741500,İlkokul,https://cagirganilkokulu.meb.k12.tr,,,https://cagirganilkokulu.meb.k12.tr/tema/harita.php,2026-08-31,37,37,bulundu,https://cagirganilkokulu.meb.k12.tr/,2026-10-01T18:39:13.503087+00:00,,Öğrenci Sayısı 37
Denizli,Tavas,Özay Gönlüm Fen Lisesi,758064,Fen Lisesi,https://ozayfen.meb.k12.tr,,,https://ozayfen.meb.k12.tr/tema/harita.php,2026-08-31,327,327,bulundu,https://ozayfen.meb.k12.tr/tema/okulumuz_hakkinda.php,2026-10-01T18:39:13.631312+00:00,,Öğrenci : 327
Denizli,Çal,Akkent Anaokulu,972161,Anaokulu,https://akkentanaokulu.meb.k12.tr,,,https://akkentanaokulu.meb.k12.tr/tema/harita.php,2026-08-31,26,26,bulundu,https://akkentanaokulu.meb.k12.tr/,2026-10-01T18:39:13.777366+00:00,,Öğrenci Sayısı: 26
Denizli,Çal,Akkent Cumhuriyet Ortaokulu,745371,Ortaokul,https://akkentcumhuriyetortaokulu.meb.k12.tr,,,https://akkentcumhuriyetortaokulu.meb.k12.tr/tema/harita.php,2026-08-31,56,56,bulundu,https://akkentcumhuriyetortaokulu.meb.k12.tr/,2026-10-01T18:39:13.785980+00:00,,Öğrenci Sayısı 56
Denizli,Çal,Akkent Cumhuriyet İlkokulu,737232,İlkokul,https://akkentcumhuriyetilkokulu.meb.k12.tr,,,https://akkentcumhuriyetilkokulu.meb.k12.tr/tema/harita.php,2026-08-31,46,46,bulundu,https://akkentcumhuriyetilkokulu.meb.k12.tr/,2026-10-01T18:39:13.793397+00:00,,Öğrenci Sayısı 46
Denizli,Çal,Cumhuriyet Ortaokulu,740096,Ortaokul,https://calcumhuriyetortaokulu.meb.k12.tr,,,https://calcumhuriyetortaokulu.meb.k12.tr/tema/harita.php,2026-08-31,190,190,bulundu,https://calcumhuriyetortaokulu.meb.k12.tr/,2026-10-01T18:39:13.978815+00:00,,Öğrenci Sayısı : 190
Denizli,Çal,Gazi İlkokulu,740109,İlkokul,https://calgaziilkokulu1.meb.k12.tr,,,https://calgaziilkokulu1.meb.k12.tr/tema/harita.php,2026-08-31,372,372,bulundu,https://calgaziilkokulu1.meb.k12.tr/,2026-10-01T18:39:14.047191+00:00,,Öğrenci Sayısı 372
Denizli,Çal,Hançalar Mehmet Akif Ersoy Ortaokulu,745377,Ortaokul,https://hancalaroo.meb.k12.tr,,,https://hancalaroo.meb.k12.tr/tema/harita.php,2026-08-31,,,bulunamadi,,2026-10-01T18:39:14.101994+00:00,,
Denizli,Çal,Hançalar Mehmet Akif Ersoy İlkokulu,737386,İlkokul,https://hancalario.meb.k12.tr,,,https://hancalario.meb.k12.tr/tema/harita.php,2026-08-31,70,70,bulundu,https://hancalario.meb.k12.tr/,2026-10-01T18:39:14.193764+00:00,,Öğrenci Sayısı: 70
Denizli,Çal,Sazak Ortaokulu,745378,Ortaokul,https://sazakortaokulu.meb.k12.tr,,,https://sazakortaokulu.meb.k12.tr/tema/harita.php,2026-08-31,32,32,bulundu,https://sazakortaokulu.meb.k12.tr/,2026-10-01T18:39:14.208903+00:00,,Öğrenci Sayısı : 32
Denizli,Çal,Sazak İlkokulu,737471,İlkokul,https://sazakilkokulu.meb.k12.tr,,,https://sazakilkokulu.meb.k12.tr/tema/harita.php,2026-08-31,32,32,bulundu,https://sazakilkokulu.meb.k12.tr/,2026-10-01T18:39:14.313943+00:00,,Öğrenci Sayısı: 32
Denizli,Çal,Süller Anaokulu,751172,Anaokulu,https://sulleranaokulu.meb.k12.tr,,,https://sulleranaokulu.meb.k12.tr/tema/harita.php,2026-08-31,47,47,bulundu,https://sulleranaokulu.meb.k12.tr/,2026-10-01T18:39:14.319407+00:00,,Öğrenci Sayısı : 47
Denizli,Çal,Süller Cumhuriyet İlkokulu,740108,İlkokul,https://sullercumhuriyet.meb.k12.tr,,,https://sullercumhuriyet.meb.k12.tr/tema/harita.php,2026-08-31,129,129,bulundu,https://sullercumhuriyet.meb.k12.tr/,2026-10-01T18:39:14.411262+00:00,,Öğrenci Sayısı 129
Denizli,Çal,Süller Ortaokulu,740123,Ortaokul,https://sullerortaokulu.meb.k12.tr,,,https://sullerortaokulu.meb.k12.tr/tema/harita.php,2026-08-31,86,86,bulundu,https://sullerortaokulu.meb.k12.tr/,2026-10-01T18:39:14.419991+00:00,,Öğrenci Sayısı 86
Denizli,Çal,Çal Anadolu Lisesi,964244,Anadolu Lisesi,https://calanadolulisesi.meb.k12.tr,,,https://calanadolulisesi.meb.k12.tr/tema/harita.php,2026-08-31,98,98,bulundu,https://calanadolulisesi.meb.k12.tr/,2026-10-01T18:39:14.423510+00:00,,Öğrenci Sayısı : 98
Denizli,Çal,Çal Anadolu İmam Hatip Lisesi,140827,Anadolu İmam Hatip Lisesi,https://calanadoluimamhatiplisesi.meb.k12.tr,,,https://calanadoluimamhatiplisesi.meb.k12.tr/tema/harita.php,2026-08-31,47,47,bulundu,https://calanadoluimamhatiplisesi.meb.k12.tr/,2026-10-01T18:39:14.608438+00:00,,Öğrenci Sayısı 47
Denizli,Çal,Çal Halk Eğitimi Merkezi,140839,Halk Eğitimi Merkezi,https://calhem.meb.k12.tr,,,https://calhem.meb.k12.tr/tema/harita.php,2026-08-31,,,bulunamadi,,2026-10-01T18:39:14.719785+00:00,,
Denizli,Çal,Çal Mesleki ve Teknik Anadolu Lisesi,764288,Mesleki ve Teknik Anadolu Lisesi,https://calmtal.meb.k12.tr,,,https://calmtal.meb.k12.tr/tema/harita.php,2026-08-31,233,233,bulundu,https://calmtal.meb.k12.tr/,2026-10-01T18:39:14.727144+00:00,,Öğrenci Sayısı 233
Denizli,Çal,İsabey Atatürk Ortaokulu,745375,Ortaokul,https://isabeyortaokulu.meb.k12.tr,,,https://isabeyortaokulu.meb.k12.tr/tema/harita.php,2026-08-31,22,22,bulundu,https://isabeyortaokulu.meb.k12.tr/,2026-10-01T18:39:14.780548+00:00,,Öğrenci Sayısı 22
Denizli,Çal,İsabey Atatürk İlkokulu,737261,İlkokul,https://isabeyilkokulu.meb.k12.tr,,,https://isabeyilkokulu.meb.k12.tr/tema/harita.php,2026-08-31,56,56,bulundu,https://isabeyilkokulu.meb.k12.tr/,2026-10-01T18:39:14.788926+00:00,,Öğrenci Sayısı 56
Denizli,Çal,Şehit Berkant Kahraman Anaokulu,966416,Anaokulu,https://calsehitberkantkahramananaokulu.meb.k12.tr,,,https://calsehitberkantkahramananaokulu.meb.k12.tr/tema/harita.php,2026-08-31,103,103,bulundu,https://calsehitberkantkahramananaokulu.meb.k12.tr/,2026-10-01T18:39:14.892287+00:00,,Öğrenci Sayısı: 103
Denizli,Çal,Şehit Ramazan Us İmam Hatip Ortaokulu,701803,İmam Hatip Ortaokulu,https://caliho.meb.k12.tr,,,https://caliho.meb.k12.tr/tema/harita.php,2026-08-31,,,bulunamadi,,2026-10-01T18:39:15.033433+00:00,,
Denizli,Çameli,Arıkaya Ortaokulu,745380,Ortaokul,https://arikayaortaokulu.meb.k12.tr,,,https://arikayaortaokulu.meb.k12.tr/tema/harita.php,2026-08-31,42,42,bulundu,https://arikayaortaokulu.meb.k12.tr/,2026-10-01T18:39:15.170762+00:00,,Öğrenci Sayısı : 42
Denizli,Çameli,Arıkaya İlkokulu,738690,İlkokul,https://arikayailk.meb.k12.tr,,,https://arikayailk.meb.k12.tr/tema/harita.php,2026-08-31,56,56,bulundu,https://arikayailk.meb.k12.tr/,2026-10-01T18:39:15.241478+00:00,,Öğrenci Sayısı : 56
Denizli,Çameli,Atatürk Ortaokulu,740183,Ortaokul,https://cameliataturkoo.meb.k12.tr,,,https://cameliataturkoo.meb.k12.tr/tema/harita.php,2026-08-31,232,232,bulundu,https://cameliataturkoo.meb.k12.tr/,2026-10-01T18:39:15.333873+00:00,,Öğrenci Sayısı 232
Denizli,Çameli,Atatürk İlkokulu,740168,İlkokul,https://cameliataturkilk.meb.k12.tr,,,https://cameliataturkilk.meb.k12.tr/tema/harita.php,2026-08-31,237,237,bulundu,https://cameliataturkilk.meb.k12.tr/,2026-10-01T18:39:15.436790+00:00,,Öğrenci Sayısı 237
Denizli,Çameli,Elmalı Ortaokulu,745381,Ortaokul,https://camelielmaliortaokulu.meb.k12.tr,,,https://camelielmaliortaokulu.meb.k12.tr/tema/harita.php,2026-08-31,47,47,bulundu,https://camelielmaliortaokulu.meb.k12.tr/,2026-10-01T18:39:15.561994+00:00,,Öğrenci Sayısı : 47
Denizli,Çameli,Elmalı İlkokulu,738703,İlkokul,https://ahmetgoksinilkokulumebk12tr.meb.k12.tr,,,https://ahmetgoksinilkokulumebk12tr.meb.k12.tr/tema/harita.php,2026-08-31,41,41,bulundu,https://ahmetgoksinilkokulumebk12tr.meb.k12.tr/,2026-10-01T18:39:15.635037+00:00,,Öğrenci Sayısı 41
Denizli,Çameli,Güzelyurt Ortaokulu,745383,Ortaokul,https://guzelyurtortaokulu.meb.k12.tr,,,https://guzelyurtortaokulu.meb.k12.tr/tema/harita.php,2026-08-31,27,27,bulundu,https://guzelyurtortaokulu.meb.k12.tr/,2026-10-01T18:39:15.695283+00:00,,Öğrenci Sayısı 27
Denizli,Çameli,Güzelyurt İlkokulu,738736,İlkokul,https://guzelyurtilkokulu20.meb.k12.tr,,,https://guzelyurtilkokulu20.meb.k12.tr/tema/harita.php,2026-08-31,66,66,bulundu,https://guzelyurtilkokulu20.meb.k12.tr/,2026-10-01T18:39:15.723128+00:00,,Öğrenci Sayısı : 66
Denizli,Çameli,Kalınkoz Ortaokulu,740231,Ortaokul,https://kalinkozoo.meb.k12.tr,,,https://kalinkozoo.meb.k12.tr/tema/harita.php,2026-08-31,78,78,bulundu,https://kalinkozoo.meb.k12.tr/,2026-10-01T18:39:15.732347+00:00,,Öğrenci Sayısı : 78
Denizli,Çameli,Kalınkoz İlkokulu,740214,İlkokul,https://kalinkozio.meb.k12.tr,,,https://kalinkozio.meb.k12.tr/tema/harita.php,2026-08-31,,,bulunamadi,,2026-10-01T18:39:15.759029+00:00,,
Denizli,Çameli,Kirazlıyayla Ortaokulu,740255,Ortaokul,https://kirazliyaylaortaokulu.meb.k12.tr,,,https://kirazliyaylaortaokulu.meb.k12.tr/tema/harita.php,2026-08-31,66,66,bulundu,https://kirazliyaylaortaokulu.meb.k12.tr/,2026-10-01T18:39:15.830585+00:00,,Öğrenci Sayısı : 66
Denizli,Çameli,Kirazlıyayla İlkokulu,740227,İlkokul,https://kirazliyaylailkokulu.meb.k12.tr,,,https://kirazliyaylailkokulu.meb.k12.tr/tema/harita.php,2026-08-31,93,93,bulundu,https://kirazliyaylailkokulu.meb.k12.tr/,2026-10-01T18:39:15.853510+00:00,,Öğrenci Sayısı 93
Denizli,Çameli,Yaylapınar Ortaokulu,745387,Ortaokul,https://yaylapinarortaokulu.meb.k12.tr,,,https://yaylapinarortaokulu.meb.k12.tr/tema/harita.php,2026-08-31,34,34,bulundu,https://yaylapinarortaokulu.meb.k12.tr/,2026-10-01T18:39:15.890361+00:00,,Öğrenci Sayısı : 34
Denizli,Çameli,Çameli Anadolu Lisesi,758177,Anadolu Lisesi,https://camelianadolulisesi.meb.k12.tr,,,https://camelianadolulisesi.meb.k12.tr/tema/harita.php,2026-08-31,135,135,bulundu,https://camelianadolulisesi.meb.k12.tr/,2026-10-01T18:39:15.937935+00:00,,Öğrenci Sayısı : 135
Denizli,Çameli,Çameli Anadolu İmam Hatip Lisesi,761387,Anadolu İmam Hatip Lisesi,https://camelianadoluimamhatiplisesi.meb.k12.tr,,,https://camelianadoluimamhatiplisesi.meb.k12.tr/tema/harita.php,2026-08-31,128,128,bulundu,https://camelianadoluimamhatiplisesi.meb.k12.tr/,2026-10-01T18:39:16.022165+00:00,,Öğrenci Sayısı : 128
Denizli,Çameli,Çameli Halk Eğitimi Merkezi,140888,Halk Eğitimi Merkezi,https://camelihem.meb.k12.tr,,,https://camelihem.meb.k12.tr/tema/harita.php,2026-08-31,,,bulunamadi,,2026-10-01T18:39:16.140618+00:00,,
Denizli,Çameli,Çameli Mesleki ve Teknik Anadolu Lisesi,320740,Mesleki ve Teknik Anadolu Lisesi,https://camelimtal.meb.k12.tr,,,https://camelimtal.meb.k12.tr/tema/harita.php,2026-08-31,128,128,bulundu,https://camelimtal.meb.k12.tr/tema/okulumuz_hakkinda.php,2026-10-01T18:39:16.152751+00:00,,Öğrenci : 128
Denizli,Çameli,Şehit Er Basri Arslan Anaokulu,966665,Anaokulu,https://sehiterbasriarslananaokulu.meb.k12.tr,,,https://sehiterbasriarslananaokulu.meb.k12.tr/tema/harita.php,2026-08-31,,,bulunamadi,,2026-10-01T18:39:16.286285+00:00,,
Denizli,Çardak,Fatih İlkokulu,740309,İlkokul,https://cardakfatih.meb.k12.tr,,,https://cardakfatih.meb.k12.tr/tema/harita.php,2026-08-31,82,82,bulundu,https://cardakfatih.meb.k12.tr/,2026-10-01T18:39:16.299753+00:00,,Öğrenci Sayısı 82
Denizli,Çardak,Gemiş Ortaokulu,738998,Ortaokul,https://gemisortaokulu.meb.k12.tr,,,https://gemisortaokulu.meb.k12.tr/tema/harita.php,2026-08-31,97,97,bulundu,https://gemisortaokulu.meb.k12.tr/tema/okulumuz_hakkinda.php,2026-10-01T18:39:16.393928+00:00,,Öğrenci : 97
Denizli,Çardak,Gemiş İlkokulu,740283,İlkokul,https://gemisilkokulu.meb.k12.tr,,,https://gemisilkokulu.meb.k12.tr/tema/harita.php,2026-08-31,90,90,bulundu,https://gemisilkokulu.meb.k12.tr/,2026-10-01T18:39:16.405235+00:00,,Öğrenci Sayısı : 90
Denizli,Çardak,Mehmet Akif Ersoy İlkokulu,740302,İlkokul,https://cardakmehmetakifersoyio.meb.k12.tr,,,https://cardakmehmetakifersoyio.meb.k12.tr/tema/harita.php,2026-08-31,67,67,bulundu,https://cardakmehmetakifersoyio.meb.k12.tr/tema/okulumuz_hakkinda.php,2026-10-01T18:39:16.612049+00:00,,Öğrenci : 67
Denizli,Çardak,Merkez İlkokulu,740317,İlkokul,https://cardakmerkezilkokulu.meb.k12.tr,,,https://cardakmerkezilkokulu.meb.k12.tr/tema/harita.php,2026-08-31,160,160,bulundu,https://cardakmerkezilkokulu.meb.k12.tr/,2026-10-01T18:39:16.617736+00:00,,Öğrenci Sayısı: 160
Denizli,Çardak,Söğüt Ortaokulu,739041,Ortaokul,https://cardaksogut.meb.k12.tr,,,https://cardaksogut.meb.k12.tr/tema/harita.php,2026-08-31,25,25,bulundu,https://cardaksogut.meb.k12.tr/,2026-10-01T18:39:16.674134+00:00,,Öğrenci Sayısı 25
Denizli,Çardak,Söğüt İlkokulu,740339,İlkokul,https://cardaksogutio.meb.k12.tr,,,https://cardaksogutio.meb.k12.tr/tema/harita.php,2026-08-31,26,26,bulundu,https://cardaksogutio.meb.k12.tr/,2026-10-01T18:39:16.717267+00:00,,Öğrenci Sayısı 26
Denizli,Çardak,Çardak Anaokulu,966648,Anaokulu,https://cardakanaokulu.meb.k12.tr,,,https://cardakanaokulu.meb.k12.tr/tema/harita.php,2026-08-31,59,59,bulundu,https://cardakanaokulu.meb.k12.tr/,2026-10-01T18:39:16.848212+00:00,,Öğrenci Sayısı: 59
Denizli,Çardak,Çardak Halk Eğitimi Merkezi,141032,Halk Eğitimi Merkezi,https://cardakhem.meb.k12.tr,,,https://cardakhem.meb.k12.tr/tema/harita.php,2026-08-31,,,bulunamadi,,2026-10-01T18:39:17.057146+00:00,,
Denizli,Çardak,Çardak Ortaokulu,701807,Ortaokul,https://denizlicardako.meb.k12.tr,,,https://denizlicardako.meb.k12.tr/tema/harita.php,2026-08-31,228,228,bulundu,https://denizlicardako.meb.k12.tr/,2026-10-01T18:39:17.104015+00:00,,Öğrenci Sayısı 228
Denizli,Çardak,Çardak Çok Programlı Anadolu Lisesi,750276,Çok Programlı Anadolu Lisesi,https://cardakcokpl.meb.k12.tr,,,https://cardakcokpl.meb.k12.tr/tema/harita.php,2026-08-31,265,265,bulundu,https://cardakcokpl.meb.k12.tr/,2026-10-01T18:39:17.139581+00:00,,Öğrenci Sayısı : 265
Denizli,Çivril,30 Ağustos Ortaokulu,740599,Ortaokul,https://30agustos.meb.k12.tr,,,https://30agustos.meb.k12.tr/tema/harita.php,2026-08-31,253,253,bulundu,https://30agustos.meb.k12.tr/,2026-10-01T18:39:17.252858+00:00,,Öğrenci Sayısı 253
Denizli,Çivril,Akpınar TOKİ İlkokulu,776521,İlkokul,https://akpinartoki.meb.k12.tr,,,https://akpinartoki.meb.k12.tr/tema/harita.php,2026-08-31,30,30,bulundu,https://akpinartoki.meb.k12.tr/,2026-10-01T18:39:17.347344+00:00,,Öğrenci Sayısı : 30
Denizli,Çivril,Ali Kameroğlu Anaokulu,970604,Anaokulu,https://alikameroglu.meb.k12.tr,,,https://alikameroglu.meb.k12.tr/tema/harita.php,2026-08-31,217,217,bulundu,https://alikameroglu.meb.k12.tr/,2026-10-01T18:39:17.500138+00:00,,Öğrenci Sayısı 217
Denizli,Çivril,Atasay Kamer İmam Hatip Ortaokulu,750096,İmam Hatip Ortaokulu,https://civriliho.meb.k12.tr,,,https://civriliho.meb.k12.tr/tema/harita.php,2026-08-31,45,45,bulundu,https://civriliho.meb.k12.tr/,2026-10-01T18:39:17.758616+00:00,,Öğrenci Sayısı : 45
Denizli,Çivril,Beycesultan Mesleki ve Teknik Anadolu Lisesi,340244,Mesleki ve Teknik Anadolu Lisesi,https://beycesultanmtal.meb.k12.tr,,,https://beycesultanmtal.meb.k12.tr/tema/harita.php,2026-08-31,152,152,bulundu,https://beycesultanmtal.meb.k12.tr/tema/okulumuz_hakkinda.php,2026-10-01T18:39:17.796068+00:00,,Öğrenci : 152
Denizli,Çivril,Emirhisar Ortaokulu,739087,Ortaokul,https://emirhisarortaokulu.meb.k12.tr,,,https://emirhisarortaokulu.meb.k12.tr/tema/harita.php,2026-08-31,97,97,bulundu,https://emirhisarortaokulu.meb.k12.tr/,2026-10-01T18:39:17.811137+00:00,,Öğrenci Sayısı 97
Denizli,Çivril,Emirhisar İlkokulu,740384,İlkokul,https://emirhisarilkokulu.meb.k12.tr,,,https://emirhisarilkokulu.meb.k12.tr/tema/harita.php,2026-08-31,124,124,bulundu,https://emirhisarilkokulu.meb.k12.tr/,2026-10-01T18:39:17.848673+00:00,,Öğrenci Sayısı: 124
Denizli,Çivril,Gümüşsu Derviş Ali Mehmet Ceylan Ortaokulu,745389,Ortaokul,https://gumussuortaokulu.meb.k12.tr,,,https://gumussuortaokulu.meb.k12.tr/tema/harita.php,2026-08-31,,,bulunamadi,,2026-10-01T18:39:17.851123+00:00,,
Denizli,Çivril,Gümüşsu Kerime Akar Anaokulu,749815,Anaokulu,https://kerimeakaranaokulu.meb.k12.tr,,,https://kerimeakaranaokulu.meb.k12.tr/tema/harita.php,2026-08-31,28,28,bulundu,https://kerimeakaranaokulu.meb.k12.tr/,2026-10-01T18:39:17.980230+00:00,,Öğrenci Sayısı: 28
Denizli,Çivril,Gümüşsu İlkokulu,739099,İlkokul,https://gumussuilkokulu.meb.k12.tr,,,https://gumussuilkokulu.meb.k12.tr/tema/harita.php,2026-08-31,86,86,bulundu,https://gumussuilkokulu.meb.k12.tr/,2026-10-01T18:39:18.072413+00:00,,Öğrenci Sayısı 86
Denizli,Çivril,Gürpınar Atatürk Ortaokulu,740409,Ortaokul,https://gurpinarataturkoo.meb.k12.tr,,,https://gurpinarataturkoo.meb.k12.tr/tema/harita.php,2026-08-31,181,181,bulundu,https://gurpinarataturkoo.meb.k12.tr/,2026-10-01T18:39:18.212652+00:00,,Öğrenci Sayısı : 181
Denizli,Çivril,Gürpınar Atatürk İlkokulu,746511,İlkokul,https://gurpinarataturkio.meb.k12.tr,,,https://gurpinarataturkio.meb.k12.tr/tema/harita.php,2026-08-31,108,108,bulundu,https://gurpinarataturkio.meb.k12.tr/,2026-10-01T18:39:18.232109+00:00,,Öğrenci Sayısı : 108
Denizli,Çivril,Gürpınar İstiklal İlkokulu,889144,İlkokul,https://gurpinaristiklalio.meb.k12.tr,,,https://gurpinaristiklalio.meb.k12.tr/tema/harita.php,2026-08-31,89,89,bulundu,https://gurpinaristiklalio.meb.k12.tr/,2026-10-01T18:39:18.247945+00:00,,Öğrenci Sayısı : 89
Denizli,Çivril,Hacı Osman Gümüş Anaokulu,972300,Anaokulu,https://hacosmangumus.meb.k12.tr,,,https://hacosmangumus.meb.k12.tr/tema/harita.php,2026-08-31,85,85,bulundu,https://hacosmangumus.meb.k12.tr/,2026-10-01T18:39:18.304623+00:00,,Öğrenci Sayısı: 85
Denizli,Çivril,Hafız Mustafa Oğlu Kemal Peker Mesleki Eğitim Merkezi,340197,Mesleki Eğitim Merkezi,https://hmokpmesem.meb.k12.tr,,,https://hmokpmesem.meb.k12.tr/tema/harita.php,2026-08-31,625,625,bulundu,https://hmokpmesem.meb.k12.tr/tema/okulumuz_hakkinda.php,2026-10-01T18:39:18.383541+00:00,,Öğrenci : 625
Denizli,Çivril,Haydan Ortaokulu,739371,Ortaokul,https://haydanortaokulu.meb.k12.tr,,,https://haydanortaokulu.meb.k12.tr/tema/harita.php,2026-08-31,64,64,bulundu,https://haydanortaokulu.meb.k12.tr/,2026-10-01T18:39:18.542453+00:00,,Öğrenci Sayısı : 64
Denizli,Çivril,Haydan İlkokulu,740583,İlkokul,https://haydanilkokulu.meb.k12.tr,,,https://haydanilkokulu.meb.k12.tr/tema/harita.php,2026-08-31,76,76,bulundu,https://haydanilkokulu.meb.k12.tr/,2026-10-01T18:39:18.692594+00:00,,Öğrenci Sayısı : 76
Denizli,Çivril,Irgıllı Anadolu Lisesi,768318,Anadolu Lisesi,https://irgillial.meb.k12.tr,,,https://irgillial.meb.k12.tr/tema/harita.php,2026-08-31,48,48,bulundu,https://irgillial.meb.k12.tr/,2026-10-01T18:39:18.795552+00:00,,Öğrenci Sayısı : 48
Denizli,Çivril,Irgıllı Atasay Kamer Anaokulu,752761,Anaokulu,https://atasaykameranaokulu.meb.k12.tr,,,https://atasaykameranaokulu.meb.k12.tr/tema/harita.php,2026-08-31,34,34,bulundu,https://atasaykameranaokulu.meb.k12.tr/,2026-10-01T18:39:18.811650+00:00,,Öğrenci Sayısı: 34
Denizli,Çivril,Irgıllı Ortaokulu,739133,Ortaokul,https://irgilliortaokulu.meb.k12.tr,,,https://irgilliortaokulu.meb.k12.tr/tema/harita.php,2026-08-31,144,144,bulundu,https://irgilliortaokulu.meb.k12.tr/,2026-10-01T18:39:19.001574+00:00,,Öğrenci Sayısı : 144
Denizli,Çivril,Irgıllı İlkokulu,740432,İlkokul,https://irgilliilkokulu.meb.k12.tr,,,https://irgilliilkokulu.meb.k12.tr/tema/harita.php,2026-08-31,,,bulunamadi,,2026-10-01T18:39:19.116146+00:00,,
Denizli,Çivril,Işıklı Ortaokulu,745390,Ortaokul,https://isikliortaokulu.meb.k12.tr,,,https://isikliortaokulu.meb.k12.tr/tema/harita.php,2026-08-31,102,102,bulundu,https://isikliortaokulu.meb.k12.tr/,2026-10-01T18:39:19.343545+00:00,,Öğrenci Sayısı 102
Denizli,Çivril,Işıklı İlkokulu,739161,İlkokul,https://isikliilkokulu.meb.k12.tr,,,https://isikliilkokulu.meb.k12.tr/tema/harita.php,2026-08-31,100,100,bulundu,https://isikliilkokulu.meb.k12.tr/,2026-10-01T18:39:19.403320+00:00,,Öğrenci Sayısı 100
Denizli,Çivril,Kadir Kameroğlu Kız Mesleki ve Teknik Anadolu Lisesi,340089,Mesleki ve Teknik Anadolu Lisesi,https://kkktml.meb.k12.tr,,,https://kkktml.meb.k12.tr/tema/harita.php,2026-08-31,183,183,bulundu,https://kkktml.meb.k12.tr/,2026-10-01T18:39:19.447434+00:00,,Öğrenci Sayısı : 183
Denizli,Çivril,Kadir Kameroğlu İlkokulu,740460,İlkokul,https://kadirkamerogluio.meb.k12.tr,,,https://kadirkamerogluio.meb.k12.tr/tema/harita.php,2026-08-31,301,301,bulundu,https://kadirkamerogluio.meb.k12.tr/,2026-10-01T18:39:19.551256+00:00,,Öğrenci Sayısı : 301
Denizli,Çivril,Kameroğlu Kardeşler Cumhuriyet İlkokulu,740477,İlkokul,https://kkcumhuriyet.meb.k12.tr,,,https://kkcumhuriyet.meb.k12.tr/tema/harita.php,2026-08-31,447,447,bulundu,https://kkcumhuriyet.meb.k12.tr/,2026-10-01T18:39:19.689182+00:00,,Öğrenci Sayısı 447
Denizli,Çivril,Karabedirler Ortaokulu,745391,Ortaokul,https://karabedirlerortaokulu.meb.k12.tr,,,https://karabedirlerortaokulu.meb.k12.tr/tema/harita.php,2026-08-31,34,34,bulundu,https://karabedirlerortaokulu.meb.k12.tr/,2026-10-01T18:39:19.741121+00:00,,Öğrenci Sayısı : 34
Denizli,Çivril,Karabedirler İlkokulu,739248,İlkokul,https://karabedirlerilkokulu.meb.k12.tr,,,https://karabedirlerilkokulu.meb.k12.tr/tema/harita.php,2026-08-31,45,45,bulundu,https://karabedirlerilkokulu.meb.k12.tr/,2026-10-01T18:39:19.872030+00:00,,Öğrenci Sayısı : 45
Denizli,Çivril,Karayahşiler Ortaokulu,745392,Ortaokul,https://karayahsilerortao.meb.k12.tr,,,https://karayahsilerortao.meb.k12.tr/tema/harita.php,2026-08-31,75,75,bulundu,https://karayahsilerortao.meb.k12.tr/,2026-10-01T18:39:19.882699+00:00,,Öğrenci Sayısı 75
Denizli,Çivril,Karayahşiler İlkokulu,248214,İlkokul,https://karayahsilerio.meb.k12.tr,,,https://karayahsilerio.meb.k12.tr/tema/harita.php,2026-08-31,78,78,bulundu,https://karayahsilerio.meb.k12.tr/,2026-10-01T18:39:19.950438+00:00,,Öğrenci Sayısı : 78
Denizli,Çivril,Keriman Kamer Anaokulu,752760,Anaokulu,https://kerimankameranaokulu.meb.k12.tr,,,https://kerimankameranaokulu.meb.k12.tr/tema/harita.php,2026-08-31,67,67,bulundu,https://kerimankameranaokulu.meb.k12.tr/,2026-10-01T18:39:19.963028+00:00,,Öğrenci Sayısı 67
Denizli,Çivril,Keriman Kamer Ticaret Mesleki ve Teknik Anadolu Lisesi,352486,Mesleki ve Teknik Anadolu Lisesi,https://kerimankamertml.meb.k12.tr,,,https://kerimankamertml.meb.k12.tr/tema/harita.php,2026-08-31,150,150,bulundu,https://kerimankamertml.meb.k12.tr/tema/okulumuz_hakkinda.php,2026-10-01T18:39:19.976325+00:00,,Öğrenci : 150
Denizli,Çivril,Kocayaka İlkokulu,740530,İlkokul,https://kocayaka.meb.k12.tr,,,https://kocayaka.meb.k12.tr/tema/harita.php,2026-08-31,35,35,bulundu,https://kocayaka.meb.k12.tr/,2026-10-01T18:39:20.148367+00:00,,Öğrenci Sayısı: 35
Denizli,Çivril,Koçak İlkokulu,740610,İlkokul,https://civrilkocakilkokulu.meb.k12.tr,,,https://civrilkocakilkokulu.meb.k12.tr/tema/harita.php,2026-08-31,35,35,bulundu,https://civrilkocakilkokulu.meb.k12.tr/,2026-10-01T18:39:20.367645+00:00,,Öğrenci Sayısı 35
Denizli,Çivril,Kılıçarslan Anadolu Lisesi,141176,Anadolu Lisesi,https://kilicarslan.meb.k12.tr,,,https://kilicarslan.meb.k12.tr/tema/harita.php,2026-08-31,330,330,bulundu,https://kilicarslan.meb.k12.tr/,2026-10-01T18:39:20.380698+00:00,,Öğrenci Sayısı 330
Denizli,Çivril,Kıralan Fatih Ortaokulu,964861,Ortaokul,https://kiralanfatih.meb.k12.tr,,,https://kiralanfatih.meb.k12.tr/tema/harita.php,2026-08-31,311,311,bulundu,https://kiralanfatih.meb.k12.tr/,2026-10-01T18:39:20.405931+00:00,,Öğrenci Sayısı : 311
Denizli,Çivril,Kıralan İlkokulu,740515,İlkokul,https://kiralanilkokulu.meb.k12.tr,,,https://kiralanilkokulu.meb.k12.tr/tema/harita.php,2026-08-31,141,141,bulundu,https://kiralanilkokulu.meb.k12.tr/,2026-10-01T18:39:20.543538+00:00,,Öğrenci Sayısı : 141
Denizli,Çivril,Kızılcasöğüt Ortaokulu,739327,Ortaokul,https://kizilcasogutorta.meb.k12.tr,,,https://kizilcasogutorta.meb.k12.tr/tema/harita.php,2026-08-31,112,112,bulundu,https://kizilcasogutorta.meb.k12.tr/,2026-10-01T18:39:20.649962+00:00,,Öğrenci Sayısı 112
Denizli,Çivril,Kızılcasöğüt İlkokulu,740526,İlkokul,https://kizilcasogutilk.meb.k12.tr,,,https://kizilcasogutilk.meb.k12.tr/tema/harita.php,2026-08-31,183,183,bulundu,https://kizilcasogutilk.meb.k12.tr/,2026-10-01T18:39:20.675312+00:00,,Öğrenci Sayısı : 183
Denizli,Çivril,Lütfiye Altaş İlkokulu,761022,İlkokul,https://lutfiyealtas.meb.k12.tr,,,https://lutfiyealtas.meb.k12.tr/tema/harita.php,2026-08-31,191,191,bulundu,https://lutfiyealtas.meb.k12.tr/,2026-10-01T18:39:20.695417+00:00,,Öğrenci Sayısı : 191
Denizli,Çivril,Mehmet Demir Anaokulu,757598,Anaokulu,https://mehmetdemiranaokulu.meb.k12.tr,,,https://mehmetdemiranaokulu.meb.k12.tr/tema/harita.php,2026-08-31,54,54,bulundu,https://mehmetdemiranaokulu.meb.k12.tr/,2026-10-01T18:39:20.745337+00:00,,Öğrenci Sayısı: 54
Denizli,Çivril,Menteş Ali Ceylan İlkokulu,757604,İlkokul,https://aliceylanilkokulu.meb.k12.tr,,,https://aliceylanilkokulu.meb.k12.tr/tema/harita.php,2026-08-31,79,79,bulundu,https://aliceylanilkokulu.meb.k12.tr/,2026-10-01T18:39:20.812186+00:00,,Öğrenci Sayısı : 79
Denizli,Çivril,Meral Anaokulu,775549,Anaokulu,https://meral.meb.k12.tr,,,https://meral.meb.k12.tr/tema/harita.php,2026-08-31,44,44,bulundu,https://meral.meb.k12.tr/,2026-10-01T18:39:20.814196+00:00,,Öğrenci Sayısı 44
Denizli,Çivril,Mustafa Taşdelen Anaokulu,966750,Anaokulu,https://mustafatasdelenanaokulu.meb.k12.tr,,,https://mustafatasdelenanaokulu.meb.k12.tr/tema/harita.php,2026-08-31,40,40,bulundu,https://mustafatasdelenanaokulu.meb.k12.tr/,2026-10-01T18:39:20.884648+00:00,,Öğrenci Sayısı 40
Denizli,Çivril,Nevişet Kameroğlu Ortaokulu,375951,Ortaokul,https://nevisetkameroglu.meb.k12.tr,,,https://nevisetkameroglu.meb.k12.tr/tema/harita.php,2026-08-31,622,622,bulundu,https://nevisetkameroglu.meb.k12.tr/,2026-10-01T18:39:21.084474+00:00,,Öğrenci Sayısı 622
Denizli,Çivril,Rasime Kameroğlu Merkez Anaokulu,966640,Anaokulu,https://rasimeanaokulu.meb.k12.tr,,,https://rasimeanaokulu.meb.k12.tr/tema/harita.php,2026-08-31,77,77,bulundu,https://rasimeanaokulu.meb.k12.tr/,2026-10-01T18:39:21.085033+00:00,,Öğrenci Sayısı: 77
Denizli,Çivril,Rasime Kameroğlu İlkokulu,396902,İlkokul,https://rasimekameroglu.meb.k12.tr,,,https://rasimekameroglu.meb.k12.tr/tema/harita.php,2026-08-31,,,bulunamadi,,2026-10-01T18:39:21.564574+00:00,,
Denizli,Çivril,Tekke İlkokulu,832593,İlkokul,https://tekkeio.meb.k12.tr,,,https://tekkeio.meb.k12.tr/tema/harita.php,2026-08-31,20,20,bulundu,https://tekkeio.meb.k12.tr/tema/okulumuz_hakkinda.php,2026-10-01T18:39:21.566535+00:00,,Öğrenci : 20
Denizli,Çivril,Yahyalı İlkokulu,740588,İlkokul,https://yahyaliilkokulu.meb.k12.tr,,,https://yahyaliilkokulu.meb.k12.tr/tema/harita.php,2026-08-31,67,67,bulundu,https://yahyaliilkokulu.meb.k12.tr/,2026-10-01T18:39:21.575144+00:00,,Öğrenci Sayısı: 67
Denizli,Çivril,ÇEVAK Anaokulu,749628,Anaokulu,https://cevakanaokulu.meb.k12.tr,,,https://cevakanaokulu.meb.k12.tr/tema/harita.php,2026-08-31,,,bulunamadi,,2026-10-01T18:39:21.594212+00:00,,
Denizli,Çivril,Çivril Anadolu İmam Hatip Lisesi,340136,Anadolu İmam Hatip Lisesi,https://civrilaihl.meb.k12.tr,,,https://civrilaihl.meb.k12.tr/tema/harita.php,2026-08-31,,,bulunamadi,,2026-10-01T18:39:21.604582+00:00,,
Denizli,Çivril,Çivril Emine Özcan Anadolu Lisesi,300314,Anadolu Lisesi,https://emineozcan.meb.k12.tr,,,https://emineozcan.meb.k12.tr/tema/harita.php,2026-08-31,409,409,bulundu,https://emineozcan.meb.k12.tr/,2026-10-01T18:39:21.878628+00:00,,Öğrenci Sayısı 409
Denizli,Çivril,Çivril Halk Eğitimi Merkezi,141223,Halk Eğitimi Merkezi,https://civrilhem.meb.k12.tr,,,https://civrilhem.meb.k12.tr/tema/harita.php,2026-08-31,,,bulunamadi,,2026-10-01T18:39:21.913548+00:00,,
Denizli,Çivril,Çivril Mesleki ve Teknik Anadolu Lisesi,752449,Mesleki ve Teknik Anadolu Lisesi,https://civrilmtal.meb.k12.tr,,,https://civrilmtal.meb.k12.tr/tema/harita.php,2026-08-31,312,312,bulundu,https://civrilmtal.meb.k12.tr/,2026-10-01T18:39:21.939356+00:00,,Öğrenci Sayısı 312
Denizli,Çivril,Çivril Ortaokulu,769092,Ortaokul,https://denizlicivrilortaokulu.meb.k12.tr,,,https://denizlicivrilortaokulu.meb.k12.tr/tema/harita.php,2026-08-31,312,312,bulundu,https://denizlicivrilortaokulu.meb.k12.tr/,2026-10-01T18:39:21.974121+00:00,,Öğrenci Sayısı 312
Denizli,Çivril,Çivril Rehberlik ve Araştırma Merkezi,771296,Rehberlik ve Araştırma Merkezi,https://civrilram.meb.k12.tr,,,https://civrilram.meb.k12.tr/tema/harita.php,2026-08-31,,,bulunamadi,,2026-10-01T18:39:22.050890+00:00,,
Denizli,Çivril,Çivril TOKİ Altınova Anadolu Lisesi,767240,Anadolu Lisesi,https://tokialtinovaal.meb.k12.tr,,,https://tokialtinovaal.meb.k12.tr/tema/harita.php,2026-08-31,164,164,bulundu,https://tokialtinovaal.meb.k12.tr/,2026-10-01T18:39:22.063734+00:00,,Öğrenci Sayısı : 164
Denizli,Çivril,Çıtak Mustafa Kemal Atatürk Ortaokulu,745393,Ortaokul,https://mkaortaokulu.meb.k12.tr,,,https://mkaortaokulu.meb.k12.tr/tema/harita.php,2026-08-31,202,202,bulundu,https://mkaortaokulu.meb.k12.tr/,2026-10-01T18:39:22.163747+00:00,,Öğrenci Sayısı : 202
Denizli,Çivril,Çıtak Mustafa Kemal Atatürk İlkokulu,739306,İlkokul,https://mkailkokulu.meb.k12.tr,,,https://mkailkokulu.meb.k12.tr/tema/harita.php,2026-08-31,125,125,bulundu,https://mkailkokulu.meb.k12.tr/,2026-10-01T18:39:22.181948+00:00,,Öğrenci Sayısı : 125
Denizli,Çivril,Özdemirci Ortaokulu,401178,Ortaokul,https://ozdemirci_ortaokulu.meb.k12.tr,,,https://ozdemirci_ortaokulu.meb.k12.tr/tema/harita.php,2026-08-31,,,bulunamadi,,2026-10-01T18:39:22.234801+00:00,,
Denizli,Çivril,Özdemirci İlkokulu,740546,İlkokul,https://ozdemirci_ilkokulu.meb.k12.tr,,,https://ozdemirci_ilkokulu.meb.k12.tr/tema/harita.php,2026-08-31,,,bulunamadi,,2026-10-01T18:39:22.339072+00:00,,
Denizli,Çivril,İsmail Özcan İlkokulu,740451,İlkokul,https://ismailozcanilkokulu.meb.k12.tr,,,https://ismailozcanilkokulu.meb.k12.tr/tema/harita.php,2026-08-31,371,371,bulundu,https://ismailozcanilkokulu.meb.k12.tr/,2026-10-01T18:39:22.402395+00:00,,Öğrenci Sayısı 371
Denizli,Çivril,Şehit Soner Kutlu Bilim ve Sanat Merkezi,769418,Bilim ve Sanat Merkezi,https://civrilbilsem.meb.k12.tr,,,https://civrilbilsem.meb.k12.tr/tema/harita.php,2026-08-31,86,86,bulundu,https://civrilbilsem.meb.k12.tr/tema/okulumuz_hakkinda.php,2026-10-01T18:39:22.416571+00:00,,Öğrenci : 86
Denizli,Çivril,Şehit Ömer Kağan Kandemir Ortaokulu,739385,Ortaokul,https://sehitomerkagankandemirortaokulu.meb.k12.tr,,,https://sehitomerkagankandemirortaokulu.meb.k12.tr/tema/harita.php,2026-08-31,115,115,bulundu,https://sehitomerkagankandemirortaokulu.meb.k12.tr/,2026-10-01T18:39:22.529172+00:00,,Öğrenci Sayısı : 115
Denizli,Çivril,Şevkiye Özel Fen Lisesi,812011,Fen Lisesi,https://sevkiye.meb.k12.tr,,,https://sevkiye.meb.k12.tr/tema/harita.php,2026-08-31,301,301,bulundu,https://sevkiye.meb.k12.tr/,2026-10-01T18:39:22.618801+00:00,,Öğrenci Sayısı 301
Diyarbakır,Bağlar,1071 Malazgirt Anadolu Lisesi,767200,Anadolu Lisesi,https://1071malazgirtanadolulisesi.meb.k12.tr,,,https://1071malazgirtanadolulisesi.meb.k12.tr/tema/harita.php,2026-08-31,543,543,bulundu,https://1071malazgirtanadolulisesi.meb.k12.tr/tema/okulumuz_hakkinda.php,2026-10-01T18:39:22.633471+00:00,,Öğrenci : 543
Diyarbakır,Bağlar,23 Nisan Anaokulu,759517,Anaokulu,https://23nisanaokulu.meb.k12.tr,,,https://23nisanaokulu.meb.k12.tr/tema/harita.php,2026-08-31,260,260,bulundu,https://23nisanaokulu.meb.k12.tr/,2026-10-01T18:39:22.650804+00:00,,Öğrenci Sayısı: 260
Diyarbakır,Bağlar,700.Yıl Ortaokulu,968454,Ortaokul,https://700.meb.k12.tr,,,https://700.meb.k12.tr/tema/harita.php,2026-08-31,1119,1119,bulundu,https://700.meb.k12.tr/,2026-10-01T18:39:22.903942+00:00,,Öğrenci Sayısı : 1119
Diyarbakır,Bağlar,Abdulkadir İmral Kızılay Anaokulu,768742,Anaokulu,https://abdulkadirimralanaokulu.meb.k12.tr,,,https://abdulkadirimralanaokulu.meb.k12.tr/tema/harita.php,2026-08-31,136,136,bulundu,https://abdulkadirimralanaokulu.meb.k12.tr/,2026-10-01T18:39:23.057902+00:00,,Öğrenci Sayısı: 136
Diyarbakır,Bağlar,Alatosun Ortaokulu,717243,Ortaokul,https://alatosunortaokulu.meb.k12.tr,,,https://alatosunortaokulu.meb.k12.tr/tema/harita.php,2026-08-31,361,361,bulundu,https://alatosunortaokulu.meb.k12.tr/,2026-10-01T18:39:23.070818+00:00,,Öğrenci Sayısı : 361
Diyarbakır,Bağlar,Alatosun İlkokulu,745615,İlkokul,https://alatosunilkokulu.meb.k12.tr,,,https://alatosunilkokulu.meb.k12.tr/tema/harita.php,2026-08-31,476,476,bulundu,https://alatosunilkokulu.meb.k12.tr/tema/okulumuz_hakkinda.php,2026-10-01T18:39:23.094217+00:00,,Öğrenci : 476
Diyarbakır,Bağlar,Ali Kuşçu Ortaokulu,730504,Ortaokul,https://alikuscu.meb.k12.tr,,,https://alikuscu.meb.k12.tr/tema/harita.php,2026-08-31,1455,1455,bulundu,https://alikuscu.meb.k12.tr/tema/okulumuz_hakkinda.php,2026-10-01T18:39:23.178723+00:00,,Öğrenci : 1455
Diyarbakır,Bağlar,Ali Kuşçu İlkokulu,745569,İlkokul,https://diyarbakiralikuscu.meb.k12.tr,,,https://diyarbakiralikuscu.meb.k12.tr/tema/harita.php,2026-08-31,1683,1683,bulundu,https://diyarbakiralikuscu.meb.k12.tr/tema/okulumuz_hakkinda.php,2026-10-01T18:39:23.202572+00:00,,Öğrenci : 1683
Diyarbakır,Bağlar,Alipınar İlkokulu,745574,İlkokul,https://alipinarilkokulu.meb.k12.tr,,,https://alipinarilkokulu.meb.k12.tr/tema/harita.php,2026-08-31,525,525,bulundu,https://alipinarilkokulu.meb.k12.tr/,2026-10-01T18:39:23.289563+00:00,,Öğrenci Sayısı : 525
Diyarbakır,Bağlar,Alipınar İmam Hatip Ortaokulu,764768,İmam Hatip Ortaokulu,https://alipinariho.meb.k12.tr,,,https://alipinariho.meb.k12.tr/tema/harita.php,2026-08-31,313,313,bulundu,https://alipinariho.meb.k12.tr/tema/okulumuz_hakkinda.php,2026-10-01T18:39:23.496928+00:00,,Öğrenci : 313
Diyarbakır,Bağlar,Altın Kalpler Anaokulu,774419,Anaokulu,https://altinkalpleranaokulu.meb.k12.tr,,,https://altinkalpleranaokulu.meb.k12.tr/tema/harita.php,2026-08-31,269,269,bulundu,https://altinkalpleranaokulu.meb.k12.tr/,2026-10-01T18:39:23.593805+00:00,,Öğrenci Sayısı 269
Diyarbakır,Bağlar,Arif Eminoğlu İlkokulu,706525,İlkokul,https://arifeminoglu21.meb.k12.tr,,,https://arifeminoglu21.meb.k12.tr/tema/harita.php,2026-08-31,551,551,bulundu,https://arifeminoglu21.meb.k12.tr/,2026-10-01T18:39:23.611545+00:00,,Öğrenci Sayısı : 551
Diyarbakır,Bağlar,Atatürk Mesleki ve Teknik Anadolu Lisesi,745681,Mesleki ve Teknik Anadolu Lisesi,https://diyarbakrataturkasml.meb.k12.tr,,,https://diyarbakrataturkasml.meb.k12.tr/tema/harita.php,2026-08-31,644,644,bulundu,https://diyarbakrataturkasml.meb.k12.tr/,2026-10-01T18:39:23.660825+00:00,,Öğrenci Sayısı : 644
Diyarbakır,Bağlar,Atatürk Ortaokulu,707591,Ortaokul,https://baglarataturkortaokulu.meb.k12.tr,,,https://baglarataturkortaokulu.meb.k12.tr/tema/harita.php,2026-08-31,637,637,bulundu,https://baglarataturkortaokulu.meb.k12.tr/,2026-10-01T18:39:23.828652+00:00,,Öğrenci Sayısı : 637
Diyarbakır,Bağlar,Ağaçgeçidi İlkokulu,975012,İlkokul,https://agacgecidi.meb.k12.tr,,,https://agacgecidi.meb.k12.tr/tema/harita.php,2026-08-31,50,50,bulundu,https://agacgecidi.meb.k12.tr/tema/okulumuz_hakkinda.php,2026-10-01T18:39:24.173137+00:00,,Öğrenci : 50
Diyarbakır,Bağlar,Batı Çanakçı İlkokulu,975155,İlkokul,https://baticanakciio.meb.k12.tr,,,https://baticanakciio.meb.k12.tr/tema/harita.php,2026-08-31,25,25,bulundu,https://baticanakciio.meb.k12.tr/,2026-10-01T18:39:24.188248+00:00,,Öğrenci Sayısı 25
Diyarbakır,Bağlar,Bağcılar Anadolu Lisesi,761795,Anadolu Lisesi,https://bagcilaranadolulisesi21.meb.k12.tr,,,https://bagcilaranadolulisesi21.meb.k12.tr/tema/harita.php,2026-08-31,938,938,bulundu,https://bagcilaranadolulisesi21.meb.k12.tr/,2026-10-01T18:39:24.367079+00:00,,Öğrenci Sayısı : 938
Diyarbakır,Bağlar,Bağcılar Anaokulu,774418,Anaokulu,https://diyarbakirbagcilaranaokulu.meb.k12.tr,,,https://diyarbakirbagcilaranaokulu.meb.k12.tr/tema/harita.php,2026-08-31,301,301,bulundu,https://diyarbakirbagcilaranaokulu.meb.k12.tr/,2026-10-01T18:39:24.405843+00:00,,Öğrenci Sayısı : 301
Diyarbakır,Bağlar,Bağcılar Kız Mesleki ve Teknik Anadolu Lisesi,757402,Mesleki ve Teknik Anadolu Lisesi,https://baglarmeslekiteknik.meb.k12.tr,,,https://baglarmeslekiteknik.meb.k12.tr/tema/harita.php,2026-08-31,1007,1007,bulundu,https://baglarmeslekiteknik.meb.k12.tr/,2026-10-01T18:39:24.443760+00:00,,Öğrenci Sayısı : 1007
Diyarbakır,Bağlar,Bağcılar Özel Eğitim Anaokulu,761085,Anaokulu,https://bagcilarozelegitimanaokulu.meb.k12.tr,,,https://bagcilarozelegitimanaokulu.meb.k12.tr/tema/harita.php,2026-08-31,30,30,bulundu,https://bagcilarozelegitimanaokulu.meb.k12.tr/,2026-10-01T18:39:25.202320+00:00,,Öğrenci Sayısı: 30
Diyarbakır,Bağlar,Bağcılar İlkokulu,775945,İlkokul,https://775945.meb.k12.tr,,,https://775945.meb.k12.tr/tema/harita.php,2026-08-31,915,915,bulundu,https://775945.meb.k12.tr/,2026-10-01T18:39:25.251677+00:00,,Öğrenci Sayısı : 915
Diyarbakır,Bağlar,Bağcılar İmam Hatip Ortaokulu,759530,İmam Hatip Ortaokulu,https://bagcilarimamhatip.meb.k12.tr,,,https://bagcilarimamhatip.meb.k12.tr/tema/harita.php,2026-08-31,293,293,bulundu,https://bagcilarimamhatip.meb.k12.tr/,2026-10-01T18:39:25.268804+00:00,,Öğrenci Sayısı: 293
Diyarbakır,Bağlar,Bağlar Anadolu Lisesi,765322,Anadolu Lisesi,https://baglaranadolulisesi.meb.k12.tr,,,https://baglaranadolulisesi.meb.k12.tr/tema/harita.php,2026-08-31,552,552,bulundu,https://baglaranadolulisesi.meb.k12.tr/,2026-10-01T18:39:25.352665+00:00,,Öğrenci Sayısı 552
Diyarbakır,Bağlar,Bağlar Anaokulu,776060,Anaokulu,https://diyarbakirbaglaranaokulu.meb.k12.tr,,,https://diyarbakirbaglaranaokulu.meb.k12.tr/tema/harita.php,2026-08-31,190,190,bulundu,https://diyarbakirbaglaranaokulu.meb.k12.tr/,2026-10-01T18:39:25.666138+00:00,,Öğrenci Sayısı: 190
Diyarbakır,Bağlar,Bağlar Halk Eğitimi Merkezi,970323,Halk Eğitimi Merkezi,https://baglarhem.meb.k12.tr,,,https://baglarhem.meb.k12.tr/tema/harita.php,2026-08-31,,,bulunamadi,,2026-10-01T18:39:25.715332+00:00,,
Diyarbakır,Bağlar,Bağlar Mezopotamya Ortaokulu,774521,Ortaokul,https://baglarmezopotamyaoo.meb.k12.tr,,,https://baglarmezopotamyaoo.meb.k12.tr/tema/harita.php,2026-08-31,1668,1668,bulundu,https://baglarmezopotamyaoo.meb.k12.tr/,2026-10-01T18:39:25.815933+00:00,,Öğrenci Sayısı : 1668
Diyarbakır,Bağlar,Bağlar Rehberlik ve Araştırma Merkezi,967807,Rehberlik ve Araştırma Merkezi,https://baglarram.meb.k12.tr,,,https://baglarram.meb.k12.tr/tema/harita.php,2026-08-31,,,bulunamadi,,2026-10-01T18:39:25.829556+00:00,,
Diyarbakır,Bağlar,Bağlar Özel Eğitim Uygulama Okulu I. Kademe,776435,Özel Eğitim Kurumu,https://baglarozelegitimuygulama1kademe.meb.k12.tr,,,https://baglarozelegitimuygulama1kademe.meb.k12.tr/tema/harita.php,2026-08-31,110,110,bulundu,https://baglarozelegitimuygulama1kademe.meb.k12.tr/,2026-10-01T18:39:25.842187+00:00,,Öğrenci Sayısı : 110
Diyarbakır,Bağlar,Bağlar Özel Eğitim Uygulama Okulu II. Kademe,776448,Özel Eğitim Kurumu,https://baglarozelegitimuygulama2kademe.meb.k12.tr,,,https://baglarozelegitimuygulama2kademe.meb.k12.tr/tema/harita.php,2026-08-31,50,50,bulundu,https://baglarozelegitimuygulama2kademe.meb.k12.tr/,2026-10-01T18:39:25.895620+00:00,,Öğrenci Sayısı : 50
Diyarbakır,Bağlar,Bağlar Özel Eğitim Uygulama Okulu III. Kademe,776449,Özel Eğitim Kurumu,https://baglarozelegitimuygulama3kademe.meb.k12.tr,,,https://baglarozelegitimuygulama3kademe.meb.k12.tr/tema/harita.php,2026-08-31,29,29,bulundu,https://baglarozelegitimuygulama3kademe.meb.k12.tr/,2026-10-01T18:39:25.911854+00:00,,Öğrenci Sayısı 29
Diyarbakır,Bağlar,Bağlar İmam Hatip Ortaokulu,762012,İmam Hatip Ortaokulu,https://baglariho.meb.k12.tr,,,https://baglariho.meb.k12.tr/tema/harita.php,2026-08-31,201,201,bulundu,https://baglariho.meb.k12.tr/,2026-10-01T18:39:25.923227+00:00,,Öğrenci Sayısı : 201
Diyarbakır,Bağlar,Bağlar İstanbul Büyükşehir Belediyesi Kiptaş Mesleki ve Teknik Anadolu Lisesi,970682,Mesleki ve Teknik Anadolu Lisesi,https://kiptaslisesi.meb.k12.tr,,,https://kiptaslisesi.meb.k12.tr/tema/harita.php,2026-08-31,815,815,bulundu,https://kiptaslisesi.meb.k12.tr/,2026-10-01T18:39:25.955393+00:00,,Öğrenci Sayısı : 815
Diyarbakır,Bağlar,Beyaz Tebeşir İlkokulu,968417,İlkokul,https://beyaztebesir21.meb.k12.tr,,,https://beyaztebesir21.meb.k12.tr/tema/harita.php,2026-08-31,1198,1198,bulundu,https://beyaztebesir21.meb.k12.tr/,2026-10-01T18:39:26.089881+00:00,,Öğrenci Sayısı : 1198
Diyarbakır,Bağlar,Bilim Anaokulu,776059,Anaokulu,https://776059.meb.k12.tr,,,https://776059.meb.k12.tr/tema/harita.php,2026-08-31,285,285,bulundu,https://776059.meb.k12.tr/,2026-10-01T18:39:26.162674+00:00,,Öğrenci Sayısı: 285
Diyarbakır,Bağlar,Biruni Ortaokulu,776149,Ortaokul,https://baglarbiruniortaokulu.meb.k12.tr,,,https://baglarbiruniortaokulu.meb.k12.tr/tema/harita.php,2026-08-31,1252,1252,bulundu,https://baglarbiruniortaokulu.meb.k12.tr/,2026-10-01T18:39:26.296626+00:00,,Öğrenci Sayısı : 1252
Diyarbakır,Bağlar,Borsa İstanbul Fen Lisesi,757927,Fen Lisesi,https://diyarbakirbistfl.meb.k12.tr,,,https://diyarbakirbistfl.meb.k12.tr/tema/harita.php,2026-08-31,560,560,bulundu,https://diyarbakirbistfl.meb.k12.tr/,2026-10-01T18:39:26.340320+00:00,,Öğrenci Sayısı : 560
Diyarbakır,Bağlar,Borsa İstanbul Karacadağ Ortaokulu,968467,Ortaokul,https://borsaistanbulkaracadag.meb.k12.tr,,,https://borsaistanbulkaracadag.meb.k12.tr/tema/harita.php,2026-08-31,1054,1054,bulundu,https://borsaistanbulkaracadag.meb.k12.tr/,2026-10-01T18:39:26.467966+00:00,,Öğrenci Sayısı 1054
Diyarbakır,Bağlar,Burhanettin Yıldız Mesleki ve Teknik Anadolu Lisesi,967482,Mesleki ve Teknik Anadolu Lisesi,https://burhanettinyildiz.meb.k12.tr,,,https://burhanettinyildiz.meb.k12.tr/tema/harita.php,2026-08-31,1270,1270,bulundu,https://burhanettinyildiz.meb.k12.tr/tema/okulumuz_hakkinda.php,2026-10-01T18:39:26.697921+00:00,,Öğrenci : 1270
Diyarbakır,Bağlar,Buyransu Veysi Bayhan İmam Hatip Ortaokulu,764769,İmam Hatip Ortaokulu,https://buyuransuveysibayhanimamhatip.meb.k12.tr,,,https://buyuransuveysibayhanimamhatip.meb.k12.tr/tema/harita.php,2026-08-31,62,62,bulundu,https://buyuransuveysibayhanimamhatip.meb.k12.tr/,2026-10-01T18:39:26.764151+00:00,,Öğrenci Sayısı : 62
Diyarbakır,Bağlar,Buyuransu Veysi Bayhan İlkokulu,723101,İlkokul,https://buyuransuveysibayhanilkokulu.meb.k12.tr,,,https://buyuransuveysibayhanilkokulu.meb.k12.tr/tema/harita.php,2026-08-31,101,101,bulundu,https://buyuransuveysibayhanilkokulu.meb.k12.tr/,2026-10-01T18:39:26.797549+00:00,,Öğrenci Sayısı : 101
Diyarbakır,Bağlar,Celal Güzelses İlkokulu,968456,İlkokul,https://celalguzelses.meb.k12.tr,,,https://celalguzelses.meb.k12.tr/tema/harita.php,2026-08-31,770,770,bulundu,https://celalguzelses.meb.k12.tr/,2026-10-01T18:39:26.876395+00:00,,Öğrenci Sayısı : 770
Diyarbakır,Bağlar,Damlakaya İlkokulu,975264,İlkokul,https://damlakaya.meb.k12.tr,,,https://damlakaya.meb.k12.tr/tema/harita.php,2026-08-31,28,28,bulundu,https://damlakaya.meb.k12.tr/,2026-10-01T18:39:26.896294+00:00,,Öğrenci Sayısı: 28
Diyarbakır,Bağlar,Develi Ortaokulu,767878,Ortaokul,https://baglardevelioo.meb.k12.tr,,,https://baglardevelioo.meb.k12.tr/tema/harita.php,2026-08-31,235,235,bulundu,https://baglardevelioo.meb.k12.tr/,2026-10-01T18:39:26.911747+00:00,,Öğrenci Sayısı 235
Diyarbakır,Bağlar,Develi İlkokulu,707203,İlkokul,https://baglardeveliilkokulu.meb.k12.tr,,,https://baglardeveliilkokulu.meb.k12.tr/tema/harita.php,2026-08-31,167,167,bulundu,https://baglardeveliilkokulu.meb.k12.tr/,2026-10-01T18:39:26.953192+00:00,,Öğrenci Sayısı: 167
Diyarbakır,Bağlar,Diyarbakır Anaokulu,967580,Anaokulu,https://diyarbakiranaokulu.meb.k12.tr,,,https://diyarbakiranaokulu.meb.k12.tr/tema/harita.php,2026-08-31,201,201,bulundu,https://diyarbakiranaokulu.meb.k12.tr/,2026-10-01T18:39:27.020716+00:00,,Öğrenci Sayısı: 201
Diyarbakır,Bağlar,Diyarbakır Bilim ve Sanat Merkezi,751204,Bilim ve Sanat Merkezi,https://diyarbakirbilsem.meb.k12.tr,,,https://diyarbakirbilsem.meb.k12.tr/tema/harita.php,2026-08-31,719,719,bulundu,https://diyarbakirbilsem.meb.k12.tr/tema/okulumuz_hakkinda.php,2026-10-01T18:39:27.022875+00:00,,Öğrenci : 719
Diyarbakır,Bağlar,Diyarbakır Bilim ve Sanat Merkezi Anaokulu,769285,Bilim ve Sanat Merkezi,https://diyarbakirbilsemanaokulu.meb.k12.tr,,,https://diyarbakirbilsemanaokulu.meb.k12.tr/tema/harita.php,2026-08-31,43,43,bulundu,https://diyarbakirbilsemanaokulu.meb.k12.tr/,2026-10-01T18:39:27.046853+00:00,,Öğrenci Sayısı : 43
Diyarbakır,Bağlar,Diyarbakır Hafız İmam Hatip Ortaokulu,767123,İmam Hatip Ortaokulu,https://diyarbakirhafiziho.meb.k12.tr,,,https://diyarbakirhafiziho.meb.k12.tr/tema/harita.php,2026-08-31,150,150,bulundu,https://diyarbakirhafiziho.meb.k12.tr/,2026-10-01T18:39:27.048799+00:00,,Öğrenci Sayısı 150
Diyarbakır,Bağlar,Diyarbakır Kız Anadolu İmam Hatip Lisesi,749426,Anadolu İmam Hatip Lisesi,https://diyarbakirkizaihl.meb.k12.tr,,,https://diyarbakirkizaihl.meb.k12.tr/tema/harita.php,2026-08-31,304,304,bulundu,https://diyarbakirkizaihl.meb.k12.tr/,2026-10-01T18:39:27.763008+00:00,,Öğrenci Sayısı : 304
Diyarbakır,Bağlar,Diyarbakır İlkokulu,776861,İlkokul,https://776861.meb.k12.tr,,,https://776861.meb.k12.tr/tema/harita.php,2026-08-31,428,428,bulundu,https://776861.meb.k12.tr/,2026-10-01T18:39:27.764157+00:00,,Öğrenci Sayısı : 428
Diyarbakır,Bağlar,Eczacılar İmam Hatip Ortaokulu,764770,İmam Hatip Ortaokulu,https://eczacilariho.meb.k12.tr,,,https://eczacilariho.meb.k12.tr/tema/harita.php,2026-08-31,173,173,bulundu,https://eczacilariho.meb.k12.tr/,2026-10-01T18:39:27.806477+00:00,,Öğrenci Sayısı : 173
Diyarbakır,Bağlar,Ekince İlkokulu,975359,İlkokul,https://ekinceilkokulu.meb.k12.tr,,,https://ekinceilkokulu.meb.k12.tr/tema/harita.php,2026-08-31,103,103,bulundu,https://ekinceilkokulu.meb.k12.tr/,2026-10-01T18:39:27.915397+00:00,,Öğrenci Sayısı : 103
Diyarbakır,Bağlar,Emlak Katılım Ortaokulu,776666,Ortaokul,https://776666.meb.k12.tr,,,https://776666.meb.k12.tr/tema/harita.php,2026-08-31,,,bulunamadi,,2026-10-01T18:39:27.919839+00:00,,
Diyarbakır,Bağlar,Emlak Katılım İlkokulu,776661,İlkokul,https://emlakkatilimilkokulu.meb.k12.tr,,,https://emlakkatilimilkokulu.meb.k12.tr/tema/harita.php,2026-08-31,1288,1288,bulundu,https://emlakkatilimilkokulu.meb.k12.tr/,2026-10-01T18:39:27.947810+00:00,,Öğrenci Sayısı: 1288
Diyarbakır,Bağlar,Fatih Anadolu Lisesi,767151,Anadolu Lisesi,https://baglarfatihanadolulisesi.meb.k12.tr,,,https://baglarfatihanadolulisesi.meb.k12.tr/tema/harita.php,2026-08-31,562,562,bulundu,https://baglarfatihanadolulisesi.meb.k12.tr/,2026-10-01T18:39:28.000011+00:00,,Öğrenci Sayısı 562
Diyarbakır,Bağlar,Fatih Anadolu İmam Hatip Lisesi,967866,Anadolu İmam Hatip Lisesi,https://fatihaihl.meb.k12.tr,,,https://fatihaihl.meb.k12.tr/tema/harita.php,2026-08-31,272,272,bulundu,https://fatihaihl.meb.k12.tr/,2026-10-01T18:39:28.029695+00:00,,Öğrenci Sayısı 272
Diyarbakır,Bağlar,Fatih İlkokulu,745586,İlkokul,https://fatihilkokulu21.meb.k12.tr,,,https://fatihilkokulu21.meb.k12.tr/tema/harita.php,2026-08-31,790,790,bulundu,https://fatihilkokulu21.meb.k12.tr/,2026-10-01T18:39:28.237186+00:00,,Öğrenci Sayısı 790
Diyarbakır,Bağlar,Fatma Gönül Özsoy Anaokulu,776620,Anaokulu,https://fatmagonulozsoyao.meb.k12.tr,,,https://fatmagonulozsoyao.meb.k12.tr/tema/harita.php,2026-08-31,197,197,bulundu,https://fatmagonulozsoyao.meb.k12.tr/tema/okulumuz_hakkinda.php,2026-10-01T18:39:28.267592+00:00,,Öğrenci : 197
Diyarbakır,Bağlar,Fevzi Çakmak Ortaokulu,707535,Ortaokul,https://fevzicakmak21.meb.k12.tr,,,https://fevzicakmak21.meb.k12.tr/tema/harita.php,2026-08-31,1069,1069,bulundu,https://fevzicakmak21.meb.k12.tr/,2026-10-01T18:39:28.440435+00:00,,Öğrenci Sayısı : 1069
Diyarbakır,Bağlar,Gömmetaş Ortaokulu,717302,Ortaokul,https://gommetasortaokulu.meb.k12.tr,,,https://gommetasortaokulu.meb.k12.tr/tema/harita.php,2026-08-31,303,303,bulundu,https://gommetasortaokulu.meb.k12.tr/,2026-10-01T18:39:28.518983+00:00,,Öğrenci Sayısı : 303
Diyarbakır,Bağlar,Gömmetaş İlkokulu,745580,İlkokul,https://gommetasilkokulu.meb.k12.tr,,,https://gommetasilkokulu.meb.k12.tr/tema/harita.php,2026-08-31,254,254,bulundu,https://gommetasilkokulu.meb.k12.tr/,2026-10-01T18:39:28.717560+00:00,,Öğrenci Sayısı 254
Diyarbakır,Bağlar,Güler Şevki Özbek Anadolu Lisesi,967865,Anadolu Lisesi,https://gulersevkiozbek.meb.k12.tr,,,https://gulersevkiozbek.meb.k12.tr/tema/harita.php,2026-08-31,326,326,bulundu,https://gulersevkiozbek.meb.k12.tr/,2026-10-01T18:39:28.753167+00:00,,Öğrenci Sayısı : 326
Diyarbakır,Bağlar,Hafize Ana Bağımsız Anaokulu,967581,Anaokulu,https://hafizeanaanaokulu.meb.k12.tr,,,https://hafizeanaanaokulu.meb.k12.tr/tema/harita.php,2026-08-31,334,334,bulundu,https://hafizeanaanaokulu.meb.k12.tr/,2026-10-01T18:39:28.833158+00:00,,Öğrenci Sayısı: 334
Diyarbakır,Bağlar,Halide Edip Adıvar Anaokulu,967582,Anaokulu,https://halideedipadivar.meb.k12.tr,,,https://halideedipadivar.meb.k12.tr/tema/harita.php,2026-08-31,218,218,bulundu,https://halideedipadivar.meb.k12.tr/,2026-10-01T18:39:28.999137+00:00,,Öğrenci Sayısı 218
Diyarbakır,Bağlar,Halide Edip Adıvar Kız Anadolu Lisesi,767285,Anadolu Lisesi,https://halideedipadivarkizandl.meb.k12.tr,,,https://halideedipadivarkizandl.meb.k12.tr/tema/harita.php,2026-08-31,652,652,bulundu,https://halideedipadivarkizandl.meb.k12.tr/,2026-10-01T18:39:29.118354+00:00,,Öğrenci Sayısı : 652
Diyarbakır,Bağlar,Hürriyet İlkokulu,707349,İlkokul,https://baglarhurriyet.meb.k12.tr,,,https://baglarhurriyet.meb.k12.tr/tema/harita.php,2026-08-31,2245,2245,bulundu,https://baglarhurriyet.meb.k12.tr/,2026-10-01T18:39:29.142699+00:00,,Öğrenci Sayısı : 2245
Diyarbakır,Bağlar,Hüseyin Uluğ  Anaokulu,771361,Anaokulu,https://huseyinuluganaokulu.meb.k12.tr,,,https://huseyinuluganaokulu.meb.k12.tr/tema/harita.php,2026-08-31,144,144,bulundu,https://huseyinuluganaokulu.meb.k12.tr/tema/okulumuz_hakkinda.php,2026-10-01T18:39:29.170964+00:00,,Öğrenci : 144
Diyarbakır,Bağlar,Hüseyin Uluğ İlkokulu,968412,İlkokul,https://huseyinulug.meb.k12.tr,,,https://huseyinulug.meb.k12.tr/tema/harita.php,2026-08-31,1214,1214,bulundu,https://huseyinulug.meb.k12.tr/,2026-10-01T18:39:29.182374+00:00,,Öğrenci Sayısı : 1214
Diyarbakır,Bağlar,Kabahıdır İlkokulu,976953,İlkokul,https://kabahdrio.meb.k12.tr,,,https://kabahdrio.meb.k12.tr/tema/harita.php,2026-08-31,102,102,bulundu,https://kabahdrio.meb.k12.tr/,2026-10-01T18:39:29.193741+00:00,,Öğrenci Sayısı: 102
Diyarbakır,Bağlar,Kamışpınar Köyü İlkokulu,975334,İlkokul,https://kamispinarilkokulu.meb.k12.tr,,,https://kamispinarilkokulu.meb.k12.tr/tema/harita.php,2026-08-31,39,39,bulundu,https://kamispinarilkokulu.meb.k12.tr/,2026-10-01T18:39:29.303487+00:00,,Öğrenci Sayısı 39
Diyarbakır,Bağlar,Kanuni Sultan Süleyman İmam Hatip Ortaokulu,706763,İmam Hatip Ortaokulu,https://kanunisultansuleyman.meb.k12.tr,,,https://kanunisultansuleyman.meb.k12.tr/tema/harita.php,2026-08-31,167,167,bulundu,https://kanunisultansuleyman.meb.k12.tr/,2026-10-01T18:39:29.488641+00:00,,Öğrenci Sayısı : 167
Diyarbakır,Bağlar,Karacadağ Anadolu Lisesi,767148,Anadolu Lisesi,https://baglarkaracadagal.meb.k12.tr,,,https://baglarkaracadagal.meb.k12.tr/tema/harita.php,2026-08-31,526,526,bulundu,https://baglarkaracadagal.meb.k12.tr/,2026-10-01T18:39:29.589990+00:00,,Öğrenci Sayısı : 526
Diyarbakır,Bağlar,Karacadağ İlkokulu,774790,İlkokul,https://774790.meb.k12.tr,,,https://774790.meb.k12.tr/tema/harita.php,2026-08-31,1121,1121,bulundu,https://774790.meb.k12.tr/tema/okulumuz_hakkinda.php,2026-10-01T18:39:29.591938+00:00,,Öğrenci : 1121
Diyarbakır,Bağlar,Karahan ilkokulu,975340,İlkokul,https://karahanilkokulu21.meb.k12.tr,,,https://karahanilkokulu21.meb.k12.tr/tema/harita.php,2026-08-31,113,113,bulundu,https://karahanilkokulu21.meb.k12.tr/,2026-10-01T18:39:29.674063+00:00,,Öğrenci Sayısı: 113
Diyarbakır,Bağlar,Karahan İmam Hatip Ortaokulu,764772,İmam Hatip Ortaokulu,https://karahanimamhatiportaokulu.meb.k12.tr,,,https://karahanimamhatiportaokulu.meb.k12.tr/tema/harita.php,2026-08-31,114,114,bulundu,https://karahanimamhatiportaokulu.meb.k12.tr/tema/okulumuz_hakkinda.php,2026-10-01T18:39:29.810076+00:00,,Öğrenci : 114
Diyarbakır,Bağlar,Kazım Karabekir Ortaokulu,707719,Ortaokul,https://kazimkarabekir21.meb.k12.tr,,,https://kazimkarabekir21.meb.k12.tr/tema/harita.php,2026-08-31,1441,1441,bulundu,https://kazimkarabekir21.meb.k12.tr/,2026-10-01T18:39:29.811644+00:00,,Öğrenci Sayısı: 1441
Diyarbakır,Bağlar,Koşuyolu Mesleki ve Teknik Anadolu Lisesi,758739,Mesleki ve Teknik Anadolu Lisesi,https://kosuyolulisesi.meb.k12.tr,,,https://kosuyolulisesi.meb.k12.tr/tema/harita.php,2026-08-31,580,580,bulundu,https://kosuyolulisesi.meb.k12.tr/,2026-10-01T18:39:29.965337+00:00,,Öğrenci Sayısı : 580
Diyarbakır,Bağlar,Koşuyolu Ortaokulu,976788,Ortaokul,https://kosuyoluoo.meb.k12.tr,,,https://kosuyoluoo.meb.k12.tr/tema/harita.php,2026-08-31,1065,1065,bulundu,https://kosuyoluoo.meb.k12.tr/,2026-10-01T18:39:29.977924+00:00,,Öğrenci Sayısı : 1065
Diyarbakır,Bağlar,Kuruçeşme Anadolu Lisesi,776195,Anadolu Lisesi,https://kurucesmeanadolulisesi.meb.k12.tr,,,https://kurucesmeanadolulisesi.meb.k12.tr/tema/harita.php,2026-08-31,579,579,bulundu,https://kurucesmeanadolulisesi.meb.k12.tr/,2026-10-01T18:39:30.015736+00:00,,Öğrenci Sayısı : 579
Diyarbakır,Bağlar,Körtepe Ortaokulu,766707,Ortaokul,https://kortepeortaokulu.meb.k12.tr,,,https://kortepeortaokulu.meb.k12.tr/tema/harita.php,2026-08-31,323,323,bulundu,https://kortepeortaokulu.meb.k12.tr/,2026-10-01T18:39:30.017214+00:00,,Öğrenci Sayısı 323
Diyarbakır,Bağlar,Körtepe ilkokulu,975394,İlkokul,https://kortepeilkokulu.meb.k12.tr,,,https://kortepeilkokulu.meb.k12.tr/tema/harita.php,2026-08-31,197,197,bulundu,https://kortepeilkokulu.meb.k12.tr/,2026-10-01T18:39:30.247569+00:00,,Öğrenci Sayısı 197
Diyarbakır,Bağlar,Kırkkoyun Köyü Karacadağ Ortaokulu,745593,Ortaokul,https://kirkkoyunortaokulu.meb.k12.tr,,,https://kirkkoyunortaokulu.meb.k12.tr/tema/harita.php,2026-08-31,355,355,bulundu,https://kirkkoyunortaokulu.meb.k12.tr/tema/okulumuz_hakkinda.php,2026-10-01T18:39:30.261056+00:00,,Öğrenci : 355
Diyarbakır,Bağlar,Kırkkoyun Köyü Karacadağ İlkokulu,975382,İlkokul,https://kirkkoyunkaracadagilkokulu.meb.k12.tr,,,https://kirkkoyunkaracadagilkokulu.meb.k12.tr/tema/harita.php,2026-08-31,304,304,bulundu,https://kirkkoyunkaracadagilkokulu.meb.k12.tr/,2026-10-01T18:39:30.464885+00:00,,Öğrenci Sayısı : 304
Diyarbakır,Bağlar,Kırkkoyun Köyü Köstekli Mezrası İlkokulu,975385,İlkokul,https://kirkkoyunkostekli.meb.k12.tr,,,https://kirkkoyunkostekli.meb.k12.tr/tema/harita.php,2026-08-31,47,47,bulundu,https://kirkkoyunkostekli.meb.k12.tr/,2026-10-01T18:39:30.482915+00:00,,Öğrenci Sayısı 47
Diyarbakır,Bağlar,Kırkkoyun Köyü Ürkmez Mezrası ilkokulu,975348,İlkokul,https://urkmezmezrasi.meb.k12.tr,,,https://urkmezmezrasi.meb.k12.tr/tema/harita.php,2026-08-31,47,47,bulundu,https://urkmezmezrasi.meb.k12.tr/,2026-10-01T18:39:30.575172+00:00,,Öğrenci Sayısı : 47
Diyarbakır,Bağlar,Kırkkoyun ilkokulu,975345,İlkokul,https://kirkkoyunilkokulu.meb.k12.tr,,,https://kirkkoyunilkokulu.meb.k12.tr/tema/harita.php,2026-08-31,48,48,bulundu,https://kirkkoyunilkokulu.meb.k12.tr/,2026-10-01T18:39:30.605433+00:00,,Öğrenci Sayısı : 48
Diyarbakır,Bağlar,Kırklar Dağı Anadolu Lisesi,765323,Anadolu Lisesi,https://kirklardagianadolu.meb.k12.tr,,,https://kirklardagianadolu.meb.k12.tr/tema/harita.php,2026-08-31,592,592,bulundu,https://kirklardagianadolu.meb.k12.tr/,2026-10-01T18:39:30.680479+00:00,,Öğrenci Sayısı 592
Diyarbakır,Bağlar,Mehmet Cansız Ortaokulu,853514,Ortaokul,https://mehmetcansizortaokulu.meb.k12.tr,,,https://mehmetcansizortaokulu.meb.k12.tr/tema/harita.php,2026-08-31,1024,1024,bulundu,https://mehmetcansizortaokulu.meb.k12.tr/,2026-10-01T18:39:30.688180+00:00,,Öğrenci Sayısı : 1024
Diyarbakır,Bağlar,Mehmetçik Anadolu Lisesi,767216,Anadolu Lisesi,https://diyarbakirmehmetcikanadolulisesi.meb.k12.tr,,,https://diyarbakirmehmetcikanadolulisesi.meb.k12.tr/tema/harita.php,2026-08-31,810,810,bulundu,https://diyarbakirmehmetcikanadolulisesi.meb.k12.tr/tema/okulumuz_hakkinda.php,2026-10-01T18:39:31.687783+00:00,,Öğrenci : 810
Diyarbakır,Bağlar,Mesut Yılmaz Ortaokulu,718310,Ortaokul,https://mesutyilmazortaokulu.meb.k12.tr,,,https://mesutyilmazortaokulu.meb.k12.tr/tema/harita.php,2026-08-31,1429,1429,bulundu,https://mesutyilmazortaokulu.meb.k12.tr/,2026-10-01T18:39:31.685882+00:00,,Öğrenci Sayısı : 1429
Diyarbakır,Bağlar,Mesut Yılmaz İlkokulu,745589,İlkokul,https://mesutyilmazilkokulu.meb.k12.tr,,,https://mesutyilmazilkokulu.meb.k12.tr/tema/harita.php,2026-08-31,1374,1374,bulundu,https://mesutyilmazilkokulu.meb.k12.tr/,2026-10-01T18:39:31.701045+00:00,,Öğrenci Sayısı 1374
Diyarbakır,Bağlar,Mevlana Halit Ortaokulu,718679,Ortaokul,https://mevlanahalit.meb.k12.tr,,,https://mevlanahalit.meb.k12.tr/tema/harita.php,2026-08-31,1288,1288,bulundu,https://mevlanahalit.meb.k12.tr/,2026-10-01T18:39:31.699490+00:00,,Öğrenci Sayısı 1288
Diyarbakır,Bağlar,Milli Eğitim Vakfı İmam Hatip Ortaokulu,706535,İmam Hatip Ortaokulu,https://mevakfiiho.meb.k12.tr,,,https://mevakfiiho.meb.k12.tr/tema/harita.php,2026-08-31,308,308,bulundu,https://mevakfiiho.meb.k12.tr/,2026-10-01T18:39:31.689090+00:00,,Öğrenci Sayısı 308
Diyarbakır,Bağlar,Minik Eller Anaokulu,757758,Anaokulu,https://minikelleranaokulu.meb.k12.tr,,,https://minikelleranaokulu.meb.k12.tr/tema/harita.php,2026-08-31,199,199,bulundu,https://minikelleranaokulu.meb.k12.tr/,2026-10-01T18:39:31.696929+00:00,,Öğrenci Sayısı: 199
Diyarbakır,Bağlar,Molla Gürani İlkokulu,757757,İlkokul,https://mollagurani.meb.k12.tr,,,https://mollagurani.meb.k12.tr/tema/harita.php,2026-08-31,1724,1724,bulundu,https://mollagurani.meb.k12.tr/,2026-10-01T18:39:31.701777+00:00,,Öğrenci Sayısı : 1724
Diyarbakır,Bağlar,Mutlu Çocuklar Ortaokulu,777009,Ortaokul,https://777009.meb.k12.tr,,,https://777009.meb.k12.tr/tema/harita.php,2026-08-31,43,43,bulundu,https://777009.meb.k12.tr/,2026-10-01T18:39:31.693791+00:00,,Öğrenci Sayısı : 43
Diyarbakır,Bağlar,Mutlu Çocuklar İlkokulu,777007,İlkokul,https://777007.meb.k12.tr,,,https://777007.meb.k12.tr/tema/harita.php,2026-08-31,162,162,bulundu,https://777007.meb.k12.tr/,2026-10-01T18:39:31.715381+00:00,,Öğrenci Sayısı : 162
Diyarbakır,Bağlar,Namık Kemal Anadolu Lisesi,767215,Anadolu Lisesi,https://namikkemalanadolulisesi.meb.k12.tr,,,https://namikkemalanadolulisesi.meb.k12.tr/tema/harita.php,2026-08-31,452,452,bulundu,https://namikkemalanadolulisesi.meb.k12.tr/,2026-10-01T18:39:31.707262+00:00,,Öğrenci Sayısı 452
Diyarbakır,Bağlar,Namık Kemal Ticaret Mesleki ve Teknik Anadolu Lisesi,967864,Mesleki ve Teknik Anadolu Lisesi,https://namikkemaltml.meb.k12.tr,,,https://namikkemaltml.meb.k12.tr/tema/harita.php,2026-08-31,304,304,bulundu,https://namikkemaltml.meb.k12.tr/,2026-10-01T18:39:31.718777+00:00,,Öğrenci Sayısı : 304
Diyarbakır,Bağlar,Necip Fazıl Kısakürek Anadolu Lisesi,758740,Anadolu Lisesi,https://necipfazilkisakurek.meb.k12.tr,,,https://necipfazilkisakurek.meb.k12.tr/tema/harita.php,2026-08-31,998,998,bulundu,https://necipfazilkisakurek.meb.k12.tr/,2026-10-01T18:39:31.719767+00:00,,Öğrenci Sayısı : 998
Diyarbakır,Bağlar,Nene Hatun Anadolu Lisesi,767467,Anadolu Lisesi,https://nenehatunal.meb.k12.tr,,,https://nenehatunal.meb.k12.tr/tema/harita.php,2026-08-31,582,582,bulundu,https://nenehatunal.meb.k12.tr/,2026-10-01T18:39:31.716779+00:00,,Öğrenci Sayısı : 582
Diyarbakır,Bağlar,Nene Hatun Anaokulu,967583,Anaokulu,https://nenehatun21.meb.k12.tr,,,https://nenehatun21.meb.k12.tr/tema/harita.php,2026-08-31,180,180,bulundu,https://nenehatun21.meb.k12.tr/,2026-10-01T18:39:31.717362+00:00,,Öğrenci Sayısı: 180
Diyarbakır,Bağlar,Nuri Zekiye Has Ortaokulu,879470,Ortaokul,https://nurizekiyehas.meb.k12.tr,,,https://nurizekiyehas.meb.k12.tr/tema/harita.php,2026-08-31,657,657,bulundu,https://nurizekiyehas.meb.k12.tr/,2026-10-01T18:39:31.987856+00:00,,Öğrenci Sayısı : 657
Diyarbakır,Bağlar,Nuriye Çelebi Eser İlkokulu,703118,İlkokul,https://nuriyecelebieser.meb.k12.tr,,,https://nuriyecelebieser.meb.k12.tr/tema/harita.php,2026-08-31,1168,1168,bulundu,https://nuriyecelebieser.meb.k12.tr/tema/okulumuz_hakkinda.php,2026-10-01T18:39:32.112030+00:00,,Öğrenci : 1168
Diyarbakır,Bağlar,Nüket ve Coşkun Akyol İlkokulu,707445,İlkokul,https://nuketcoskunakyolio.meb.k12.tr,,,https://nuketcoskunakyolio.meb.k12.tr/tema/harita.php,2026-08-31,947,947,bulundu,https://nuketcoskunakyolio.meb.k12.tr/,2026-10-01T18:39:32.246021+00:00,,Öğrenci Sayısı 947
Diyarbakır,Bağlar,Oğlaklı Köyü Mezrik Mezrası İlkokulu,975401,İlkokul,https://oglaklimezrikio.meb.k12.tr,,,https://oglaklimezrikio.meb.k12.tr/tema/harita.php,2026-08-31,109,109,bulundu,https://oglaklimezrikio.meb.k12.tr/,2026-10-01T18:39:32.271794+00:00,,Öğrenci Sayısı: 109
Diyarbakır,Bağlar,Oğlaklı TOKİ Anadolu Lisesi,777250,Anadolu Lisesi,https://oglaklitokial.meb.k12.tr,,,https://oglaklitokial.meb.k12.tr/tema/harita.php,2026-08-31,257,257,bulundu,https://oglaklitokial.meb.k12.tr/,2026-10-01T18:39:32.272969+00:00,,Öğrenci Sayısı : 257
Diyarbakır,Bağlar,Oğlaklı Toki Ortaokulu,776665,Ortaokul,https://oglakliortaokulu.meb.k12.tr,,,https://oglakliortaokulu.meb.k12.tr/tema/harita.php,2026-08-31,1223,1223,bulundu,https://oglakliortaokulu.meb.k12.tr/,2026-10-01T18:39:32.277980+00:00,,Öğrenci Sayısı 1223
Diyarbakır,Bağlar,Oğlaklı Toki İlkokulu,776660,İlkokul,https://oglaklitokiilkokulu.meb.k12.tr,,,https://oglaklitokiilkokulu.meb.k12.tr/tema/harita.php,2026-08-31,1169,1169,bulundu,https://oglaklitokiilkokulu.meb.k12.tr/,2026-10-01T18:39:32.415969+00:00,,Öğrenci Sayısı : 1169
Diyarbakır,Bağlar,Oğlaklı İlkokulu,975404,İlkokul,https://oglakliilkokulu.meb.k12.tr,,,https://oglakliilkokulu.meb.k12.tr/tema/harita.php,2026-08-31,88,88,bulundu,https://oglakliilkokulu.meb.k12.tr/,2026-10-01T18:39:32.418465+00:00,,Öğrenci Sayısı : 88
Diyarbakır,Bağlar,Raif Türk İlkokulu,771328,İlkokul,https://raifturkilkokulu.meb.k12.tr,,,https://raifturkilkokulu.meb.k12.tr/tema/harita.php,2026-08-31,1596,1596,bulundu,https://raifturkilkokulu.meb.k12.tr/,2026-10-01T18:39:32.532551+00:00,,Öğrenci Sayısı : 1596
Diyarbakır,Bağlar,Sakallı Köyü Beykaya Mezrası İlkokulu,975295,İlkokul,https://sakallibeykayaio.meb.k12.tr,,,https://sakallibeykayaio.meb.k12.tr/tema/harita.php,2026-08-31,65,65,bulundu,https://sakallibeykayaio.meb.k12.tr/,2026-10-01T18:39:32.562908+00:00,,Öğrenci Sayısı 65
Diyarbakır,Bağlar,Sakallı İlkokulu,975416,İlkokul,https://sakalliilkokulu.meb.k12.tr,,,https://sakalliilkokulu.meb.k12.tr/tema/harita.php,2026-08-31,75,75,bulundu,https://sakalliilkokulu.meb.k12.tr/,2026-10-01T18:39:32.699781+00:00,,Öğrenci Sayısı 75
Diyarbakır,Bağlar,Sarıdallı Henkel İlkokulu,975421,İlkokul,https://saridallihenkelio.meb.k12.tr,,,https://saridallihenkelio.meb.k12.tr/tema/harita.php,2026-08-31,107,107,bulundu,https://saridallihenkelio.meb.k12.tr/,2026-10-01T18:39:32.720368+00:00,,Öğrenci Sayısı : 107
Diyarbakır,Bağlar,Selahaddini Eyyubi İlkokulu,749667,İlkokul,https://selahaddinieyyubiilkokulu.meb.k12.tr,,,https://selahaddinieyyubiilkokulu.meb.k12.tr/tema/harita.php,2026-08-31,1541,1541,bulundu,https://selahaddinieyyubiilkokulu.meb.k12.tr/,2026-10-01T18:39:32.858603+00:00,,Öğrenci Sayısı : 1541
Diyarbakır,Bağlar,Selahaddini Eyyübi Anaokulu,776115,Anaokulu,https://selahaddinieyyubiianaokulu.meb.k12.tr,,,https://selahaddinieyyubiianaokulu.meb.k12.tr/tema/harita.php,2026-08-31,286,286,bulundu,https://selahaddinieyyubiianaokulu.meb.k12.tr/,2026-10-01T18:39:33.086787+00:00,,Öğrenci Sayısı : 286
Diyarbakır,Bağlar,Sultan Sasa İlkokulu,761080,İlkokul,https://sultansasaio.meb.k12.tr,,,https://sultansasaio.meb.k12.tr/tema/harita.php,2026-08-31,2031,2031,bulundu,https://sultansasaio.meb.k12.tr/,2026-10-01T18:39:33.103134+00:00,,Öğrenci Sayısı : 2031
Diyarbakır,Bağlar,Süleyman Bin Halid Anadolu İmam Hatip Lisesi,749307,Anadolu İmam Hatip Lisesi,https://suleymanbinhalidaihl.meb.k12.tr,,,https://suleymanbinhalidaihl.meb.k12.tr/tema/harita.php,2026-08-31,331,331,bulundu,https://suleymanbinhalidaihl.meb.k12.tr/tema/okulumuz_hakkinda.php,2026-10-01T18:39:33.151562+00:00,,Öğrenci : 331
Diyarbakır,Bağlar,Süleyman Demirel Kız Mesleki ve Teknik Anadolu Lisesi,967863,Mesleki ve Teknik Anadolu Lisesi,https://suleymandemirelktml.meb.k12.tr,,,https://suleymandemirelktml.meb.k12.tr/tema/harita.php,2026-08-31,677,677,bulundu,https://suleymandemirelktml.meb.k12.tr/tema/okulumuz_hakkinda.php,2026-10-01T18:39:33.193394+00:00,,Öğrenci : 677
Diyarbakır,Bağlar,TOBB Ferdi Yiğit Anadolu İmam Hatip Lisesi,760042,Anadolu İmam Hatip Lisesi,https://ferdiyigitaihl.meb.k12.tr,,,https://ferdiyigitaihl.meb.k12.tr/tema/harita.php,2026-08-31,,,bulunamadi,,2026-10-01T18:39:33.199070+00:00,,
Diyarbakır,Bağlar,Tavşantepe İlkokulu,975434,İlkokul,https://tavsantepeokulu.meb.k12.tr,,,https://tavsantepeokulu.meb.k12.tr/tema/harita.php,2026-08-31,,,bulunamadi,,2026-10-01T18:39:33.280198+00:00,,
Diyarbakır,Bağlar,Taşdirek İlkokulu,975428,İlkokul,https://tasdirek.meb.k12.tr,,,https://tasdirek.meb.k12.tr/tema/harita.php,2026-08-31,66,66,bulundu,https://tasdirek.meb.k12.tr/,2026-10-01T18:39:33.332773+00:00,,Öğrenci Sayısı 66
Diyarbakır,Bağlar,Tellikaya Ortaokulu,767970,Ortaokul,https://tellikayaortaokulu.meb.k12.tr,,,https://tellikayaortaokulu.meb.k12.tr/tema/harita.php,2026-08-31,764,764,bulundu,https://tellikayaortaokulu.meb.k12.tr/,2026-10-01T18:39:33.336200+00:00,,Öğrenci Sayısı 764
Diyarbakır,Bağlar,Tellikaya Çok Programlı Anadolu Lisesi,777195,Çok Programlı Anadolu Lisesi,https://777195.meb.k12.tr,,,https://777195.meb.k12.tr/tema/harita.php,2026-08-31,126,126,bulundu,https://777195.meb.k12.tr/,2026-10-01T18:39:33.352305+00:00,,Öğrenci Sayısı : 126
Diyarbakır,Bağlar,Tellikaya İlkokulu,767969,İlkokul,https://tellikayailkokulu.meb.k12.tr,,,https://tellikayailkokulu.meb.k12.tr/tema/harita.php,2026-08-31,874,874,bulundu,https://tellikayailkokulu.meb.k12.tr/tema/okulumuz_hakkinda.php,2026-10-01T18:39:33.374841+00:00,,Öğrenci : 874
Diyarbakır,Bağlar,Topraktaş TOKİ Ortaokulu,777290,Ortaokul,https://777290.meb.k12.tr,,,https://777290.meb.k12.tr/tema/harita.php,2026-08-31,,,bulunamadi,,2026-10-01T18:39:33.479744+00:00,,
Diyarbakır,Bağlar,Topraktaş TOKİ İlkokulu,777258,İlkokul,https://777258.meb.k12.tr,,,https://777258.meb.k12.tr/tema/harita.php,2026-08-31,766,766,bulundu,https://777258.meb.k12.tr/,2026-10-01T18:39:33.509440+00:00,,Öğrenci Sayısı : 766
Diyarbakır,Bağlar,Topraktaşı Diyarbakır Ticaret Borsası İlkokulu,975448,İlkokul,https://topraktadtbi.meb.k12.tr,,,https://topraktadtbi.meb.k12.tr/tema/harita.php,2026-08-31,99,99,bulundu,https://topraktadtbi.meb.k12.tr/,2026-10-01T18:39:33.587199+00:00,,Öğrenci Sayısı 99
Diyarbakır,Bağlar,Vali Ünal Erkan İlkokulu,745649,İlkokul,https://vueio21.meb.k12.tr,,,https://vueio21.meb.k12.tr/tema/harita.php,2026-08-31,1876,1876,bulundu,https://vueio21.meb.k12.tr/,2026-10-01T18:39:33.600794+00:00,,Öğrenci Sayısı : 1876
Diyarbakır,Bağlar,Vehbi Koç İlkokulu,706574,İlkokul,https://vehbikocilkokulu.meb.k12.tr,,,https://vehbikocilkokulu.meb.k12.tr/tema/harita.php,2026-08-31,1021,1021,bulundu,https://vehbikocilkokulu.meb.k12.tr/,2026-10-01T18:39:33.627525+00:00,,Öğrenci Sayısı : 1021
Diyarbakır,Bağlar,Yahya Kemal Beyatlı İlkokulu,707420,İlkokul,https://ykb21.meb.k12.tr,,,https://ykb21.meb.k12.tr/tema/harita.php,2026-08-31,2148,2148,bulundu,https://ykb21.meb.k12.tr/,2026-10-01T18:39:33.715000+00:00,,Öğrenci Sayısı : 2148
Diyarbakır,Bağlar,Yalankoz İlkokulu,975460,İlkokul,https://yalankozilkokulu.meb.k12.tr,,,https://yalankozilkokulu.meb.k12.tr/tema/harita.php,2026-08-31,57,57,bulundu,https://yalankozilkokulu.meb.k12.tr/,2026-10-01T18:39:33.718916+00:00,,Öğrenci Sayısı : 57
Diyarbakır,Bağlar,Yemişalan Ortaokulu,757526,Ortaokul,https://yemisalanoo.meb.k12.tr,,,https://yemisalanoo.meb.k12.tr/tema/harita.php,2026-08-31,94,94,bulundu,https://yemisalanoo.meb.k12.tr/,2026-10-01T18:39:34.053507+00:00,,Öğrenci Sayısı : 94
Diyarbakır,Bağlar,Yemişalan İlkokulu,757527,İlkokul,https://yemisalanio.meb.k12.tr,,,https://yemisalanio.meb.k12.tr/tema/harita.php,2026-08-31,125,125,bulundu,https://yemisalanio.meb.k12.tr/,2026-10-01T18:39:34.187120+00:00,,Öğrenci Sayısı : 125
Diyarbakır,Bağlar,Yeniköy Anadolu Lisesi,766311,Anadolu Lisesi,https://yenikoyanadolulisesi.meb.k12.tr,,,https://yenikoyanadolulisesi.meb.k12.tr/tema/harita.php,2026-08-31,637,637,bulundu,https://yenikoyanadolulisesi.meb.k12.tr/,2026-10-01T18:39:34.204380+00:00,,Öğrenci Sayısı : 637
Diyarbakır,Bağlar,Yeşildallı Anaokulu,771172,Anaokulu,https://yesildallianaokulu.meb.k12.tr,,,https://yesildallianaokulu.meb.k12.tr/tema/harita.php,2026-08-31,101,101,bulundu,https://yesildallianaokulu.meb.k12.tr/,2026-10-01T18:39:34.342384+00:00,,Öğrenci Sayısı : 101
Diyarbakır,Bağlar,Yeşildallı Ortaokulu,759742,Ortaokul,https://yesildalliortaokulu.meb.k12.tr,,,https://yesildalliortaokulu.meb.k12.tr/tema/harita.php,2026-08-31,,,bulunamadi,,2026-10-01T18:39:34.388500+00:00,,
Diyarbakır,Bağlar,Yeşildallı İlkokulu,975464,İlkokul,https://yesildalliilkokulu.meb.k12.tr,,,https://yesildalliilkokulu.meb.k12.tr/tema/harita.php,2026-08-31,,,bulunamadi,,2026-10-01T18:39:34.439825+00:00,,
Diyarbakır,Bağlar,Yiğityolu Dr.İlhan Koçtürk İmam Hatip Ortaokulu,764773,İmam Hatip Ortaokulu,https://yyioo.meb.k12.tr,,,https://yyioo.meb.k12.tr/tema/harita.php,2026-08-31,368,368,bulundu,https://yyioo.meb.k12.tr/,2026-10-01T18:39:34.580028+00:00,,Öğrenci Sayısı 368
Diyarbakır,Bağlar,Yiğityolu Köyü Doktor İlhan Koçtürk İlkokulu,745756,İlkokul,https://yigityoluio.meb.k12.tr,,,https://yigityoluio.meb.k12.tr/tema/harita.php,2026-08-31,149,149,bulundu,https://yigityoluio.meb.k12.tr/,2026-10-01T18:39:34.594068+00:00,,Öğrenci Sayısı 149
Diyarbakır,Bağlar,Yunus Emre İlkokulu,968419,İlkokul,https://yunusemre21.meb.k12.tr,,,https://yunusemre21.meb.k12.tr/tema/harita.php,2026-08-31,1757,1757,bulundu,https://yunusemre21.meb.k12.tr/,2026-10-01T18:39:34.597178+00:00,,Öğrenci Sayısı : 1757
Diyarbakır,Bağlar,Çelebi Eser Ortaokulu,707672,Ortaokul,https://celebieseroo.meb.k12.tr,,,https://celebieseroo.meb.k12.tr/tema/harita.php,2026-08-31,1612,1612,bulundu,https://celebieseroo.meb.k12.tr/tema/okulumuz_hakkinda.php,2026-10-01T18:39:34.754595+00:00,,Öğrenci : 1612
Diyarbakır,Bağlar,Çelebi Eser İmam Hatip Ortaokulu,762013,İmam Hatip Ortaokulu,https://celebieseriho.meb.k12.tr,,,https://celebieseriho.meb.k12.tr/tema/harita.php,2026-08-31,253,253,bulundu,https://celebieseriho.meb.k12.tr/,2026-10-01T18:39:34.937492+00:00,,Öğrenci Sayısı 253
Diyarbakır,Bağlar,Çiçekliyurt İlkokulu,975256,İlkokul,https://cicekliyurt.meb.k12.tr,,,https://cicekliyurt.meb.k12.tr/tema/harita.php,2026-08-31,70,70,bulundu,https://cicekliyurt.meb.k12.tr/,2026-10-01T18:39:35.060993+00:00,,Öğrenci Sayısı 70
Diyarbakır,Bağlar,Övündüler Köyü Tokaçlı Mezrası İlkokulu,745680,İlkokul,https://tokacliilkokulu.meb.k12.tr,,,https://tokacliilkokulu.meb.k12.tr/tema/harita.php,2026-08-31,203,203,bulundu,https://tokacliilkokulu.meb.k12.tr/,2026-10-01T18:39:35.097169+00:00,,Öğrenci Sayısı: 203
Diyarbakır,Bağlar,Övündüler Tokaçlı Mezrası Ortaokulu,717395,Ortaokul,https://tokacliortaokulu.meb.k12.tr,,,https://tokacliortaokulu.meb.k12.tr/tema/harita.php,2026-08-31,264,264,bulundu,https://tokacliortaokulu.meb.k12.tr/,2026-10-01T18:39:35.114887+00:00,,Öğrenci Sayısı : 264
Diyarbakır,Bağlar,Övündüler İlkokulu,975408,İlkokul,https://vndler.meb.k12.tr,,,https://vndler.meb.k12.tr/tema/harita.php,2026-08-31,57,57,bulundu,https://vndler.meb.k12.tr/,2026-10-01T18:39:35.152914+00:00,,Öğrenci Sayısı: 57
Diyarbakır,Bağlar,İpekyolu Ortaokulu,771965,Ortaokul,https://ipekyolu21.meb.k12.tr,,,https://ipekyolu21.meb.k12.tr/tema/harita.php,2026-08-31,,,bulunamadi,,2026-10-01T18:39:35.195271+00:00,,
Diyarbakır,Bağlar,Şehit Ahmet Atan İlkokulu,774028,İlkokul,https://774028.meb.k12.tr,,,https://774028.meb.k12.tr/tema/harita.php,2026-08-31,,,bulunamadi,,2026-10-01T18:39:35.216579+00:00,,
Diyarbakır,Bağlar,Şehit Birkan Gündüz Ortaokulu,759408,Ortaokul,https://sehitbirkangunduzortaokulu.meb.k12.tr,,,https://sehitbirkangunduzortaokulu.meb.k12.tr/tema/harita.php,2026-08-31,1430,1430,bulundu,https://sehitbirkangunduzortaokulu.meb.k12.tr/,2026-10-01T18:39:35.336133+00:00,,Öğrenci Sayısı : 1430
Diyarbakır,Bağlar,Şehit Hatip Çağlar Anadolu Lisesi,974847,Anadolu Lisesi,https://sehithatipcaglaranadolulisesi.meb.k12.tr,,,https://sehithatipcaglaranadolulisesi.meb.k12.tr/tema/harita.php,2026-08-31,643,643,bulundu,https://sehithatipcaglaranadolulisesi.meb.k12.tr/,2026-10-01T18:39:35.531945+00:00,,Öğrenci Sayısı : 643
Diyarbakır,Bağlar,Şehit Namık Tümer Ortaokulu,745650,Ortaokul,https://sehitnamiktumerortaokulu.meb.k12.tr,,,https://sehitnamiktumerortaokulu.meb.k12.tr/tema/harita.php,2026-08-31,376,376,bulundu,https://sehitnamiktumerortaokulu.meb.k12.tr/,2026-10-01T18:39:35.630453+00:00,,Öğrenci Sayısı : 376
Diyarbakır,Bağlar,Şehit Namık Tümer İlkokulu,745641,İlkokul,https://sehitnamiktumerilkokulu.meb.k12.tr,,,https://sehitnamiktumerilkokulu.meb.k12.tr/tema/harita.php,2026-08-31,567,567,bulundu,https://sehitnamiktumerilkokulu.meb.k12.tr/,2026-10-01T18:39:35.813968+00:00,,Öğrenci Sayısı : 567
Diyarbakır,Bağlar,Şehit Süleyman İyikul Ortaokulu,760938,Ortaokul,https://suleymaniyikulortaokulu.meb.k12.tr,,,https://suleymaniyikulortaokulu.meb.k12.tr/tema/harita.php,2026-08-31,,,bulunamadi,,2026-10-01T18:39:35.976920+00:00,,
Diyarbakır,Bağlar,Şehit Uzman Çavuş Muhammed Serttaş İlkokulu,774823,İlkokul,https://774823.meb.k12.tr,,,https://774823.meb.k12.tr/tema/harita.php,2026-08-31,1340,1340,bulundu,https://774823.meb.k12.tr/,2026-10-01T18:39:36.008059+00:00,,Öğrenci Sayısı 1340
Diyarbakır,Bismil,15 Temmuz Şehitler Anadolu Lisesi,762146,Anadolu Lisesi,https://bismil15temmuzsehitleral.meb.k12.tr,,,https://bismil15temmuzsehitleral.meb.k12.tr/tema/harita.php,2026-08-31,540,540,bulundu,https://bismil15temmuzsehitleral.meb.k12.tr/,2026-10-01T18:39:36.051753+00:00,,Öğrenci Sayısı : 540
Diyarbakır,Bismil,Ahmedi Hani İmam Hatip Ortaokulu,760812,İmam Hatip Ortaokulu,https://bismilahmedihaniiho.meb.k12.tr,,,https://bismilahmedihaniiho.meb.k12.tr/tema/harita.php,2026-08-31,345,345,bulundu,https://bismilahmedihaniiho.meb.k12.tr/,2026-10-01T18:39:36.196123+00:00,,Öğrenci Sayısı 345
Diyarbakır,Bismil,Akbaş Ortaokulu,742753,Ortaokul,https://bismilakbasortaokulu.meb.k12.tr,,,https://bismilakbasortaokulu.meb.k12.tr/tema/harita.php,2026-08-31,71,71,bulundu,https://bismilakbasortaokulu.meb.k12.tr/,2026-10-01T18:39:36.256580+00:00,,Öğrenci Sayısı : 71
Diyarbakır,Bismil,Akbaş İlkokulu,745250,İlkokul,https://bismilakbasilkokulu.meb.k12.tr,,,https://bismilakbasilkokulu.meb.k12.tr/tema/harita.php,2026-08-31,60,60,bulundu,https://bismilakbasilkokulu.meb.k12.tr/,2026-10-01T18:39:36.261588+00:00,,Öğrenci Sayısı 60
Diyarbakır,Bismil,Akköy İlkokulu,743072,İlkokul,https://bismilakkoyilkokulu.meb.k12.tr,,,https://bismilakkoyilkokulu.meb.k12.tr/tema/harita.php,2026-08-31,22,22,bulundu,https://bismilakkoyilkokulu.meb.k12.tr/,2026-10-01T18:39:36.416801+00:00,,Öğrenci Sayısı: 22
Diyarbakır,Bismil,Alibey Ortaokulu,730234,Ortaokul,https://bismilalibeyortaokulu.meb.k12.tr,,,https://bismilalibeyortaokulu.meb.k12.tr/tema/harita.php,2026-08-31,139,139,bulundu,https://bismilalibeyortaokulu.meb.k12.tr/,2026-10-01T18:39:36.802810+00:00,,Öğrenci Sayısı 139
Diyarbakır,Bismil,Alibey İlkokulu,745342,İlkokul,https://bismilalibeyilkokulu.meb.k12.tr,,,https://bismilalibeyilkokulu.meb.k12.tr/tema/harita.php,2026-08-31,75,75,bulundu,https://bismilalibeyilkokulu.meb.k12.tr/,2026-10-01T18:39:36.827805+00:00,,Öğrenci Sayısı 75
Diyarbakır,Bismil,Alıncak İlkokulu,765357,İlkokul,https://alincakilkokulu.meb.k12.tr,,,https://alincakilkokulu.meb.k12.tr/tema/harita.php,2026-08-31,18,18,bulundu,https://alincakilkokulu.meb.k12.tr/,2026-10-01T18:39:36.831574+00:00,,Öğrenci Sayısı : 18
Diyarbakır,Bismil,Ambar Ortaokulu,730220,Ortaokul,https://bismilambarortaokulu.meb.k12.tr,,,https://bismilambarortaokulu.meb.k12.tr/tema/harita.php,2026-08-31,189,189,bulundu,https://bismilambarortaokulu.meb.k12.tr/,2026-10-01T18:39:36.834424+00:00,,Öğrenci Sayısı: 189
Diyarbakır,Bismil,Ambar İlkokulu,745340,İlkokul,https://bismilambarilkokulu.meb.k12.tr,,,https://bismilambarilkokulu.meb.k12.tr/tema/harita.php,2026-08-31,186,186,bulundu,https://bismilambarilkokulu.meb.k12.tr/,2026-10-01T18:39:36.901138+00:00,,Öğrenci Sayısı: 186
Diyarbakır,Bismil,Aralık İlkokulu,743081,İlkokul,https://bismilaralikilkokulu.meb.k12.tr,,,https://bismilaralikilkokulu.meb.k12.tr/tema/harita.php,2026-08-31,130,130,bulundu,https://bismilaralikilkokulu.meb.k12.tr/,2026-10-01T18:39:36.909849+00:00,,Öğrenci Sayısı : 130
Diyarbakır,Bismil,Atatürk Anadolu Lisesi,768300,Anadolu Lisesi,https://bismilataturkanadolulisesi.meb.k12.tr,,,https://bismilataturkanadolulisesi.meb.k12.tr/tema/harita.php,2026-08-31,489,489,bulundu,https://bismilataturkanadolulisesi.meb.k12.tr/,2026-10-01T18:39:36.912806+00:00,,Öğrenci Sayısı : 489
Diyarbakır,Bismil,Atatürk İlkokulu,713509,İlkokul,https://bismilataturkio.meb.k12.tr,,,https://bismilataturkio.meb.k12.tr/tema/harita.php,2026-08-31,1986,1986,bulundu,https://bismilataturkio.meb.k12.tr/,2026-10-01T18:39:36.942804+00:00,,Öğrenci Sayısı 1986
Diyarbakır,Bismil,Aziz Sancar Anadolu Lisesi,768305,Anadolu Lisesi,https://bismilazizsancar.meb.k12.tr,,,https://bismilazizsancar.meb.k12.tr/tema/harita.php,2026-08-31,241,241,bulundu,https://bismilazizsancar.meb.k12.tr/tema/okulumuz_hakkinda.php,2026-10-01T18:39:36.972659+00:00,,Öğrenci : 241
Diyarbakır,Bismil,Aşağıhorozlu İlkokulu,742872,İlkokul,https://asagihorozluilkokulu.meb.k12.tr,,,https://asagihorozluilkokulu.meb.k12.tr/tema/harita.php,2026-08-31,32,32,bulundu,https://asagihorozluilkokulu.meb.k12.tr/,2026-10-01T18:39:36.994166+00:00,,Öğrenci Sayısı 32
Diyarbakır,Bismil,Bademli İlkokulu,743095,İlkokul,https://bismilbademliilkokulu.meb.k12.tr,,,https://bismilbademliilkokulu.meb.k12.tr/tema/harita.php,2026-08-31,59,59,bulundu,https://bismilbademliilkokulu.meb.k12.tr/,2026-10-01T18:39:37.065802+00:00,,Öğrenci Sayısı : 59
Diyarbakır,Bismil,Bakacak İlkokulu,743102,İlkokul,https://bismilbakacakilkokulu.meb.k12.tr,,,https://bismilbakacakilkokulu.meb.k12.tr/tema/harita.php,2026-08-31,26,26,bulundu,https://bismilbakacakilkokulu.meb.k12.tr/,2026-10-01T18:39:37.195807+00:00,,Öğrenci Sayısı 26
Diyarbakır,Bismil,Balcılar İlkokulu,743104,İlkokul,https://bismilbalcilarilkokulu.meb.k12.tr,,,https://bismilbalcilarilkokulu.meb.k12.tr/tema/harita.php,2026-08-31,24,24,bulundu,https://bismilbalcilarilkokulu.meb.k12.tr/,2026-10-01T18:39:37.232853+00:00,,Öğrenci Sayısı: 24
Diyarbakır,Bismil,Bayındır İlkokulu,743118,İlkokul,https://bismilbayindirilkokulu.meb.k12.tr,,,https://bismilbayindirilkokulu.meb.k12.tr/tema/harita.php,2026-08-31,15,15,bulundu,https://bismilbayindirilkokulu.meb.k12.tr/,2026-10-01T18:39:37.287838+00:00,,Öğrenci Sayısı: 15
Diyarbakır,Bismil,Başhan İlkokulu,743111,İlkokul,https://bismilbashanilkokulu.meb.k12.tr,,,https://bismilbashanilkokulu.meb.k12.tr/tema/harita.php,2026-08-31,57,57,bulundu,https://bismilbashanilkokulu.meb.k12.tr/,2026-10-01T18:39:37.291895+00:00,,Öğrenci Sayısı: 57
Diyarbakır,Bismil,Başören İlkokulu,746555,İlkokul,https://bismilbasorenilkokulu.meb.k12.tr,,,https://bismilbasorenilkokulu.meb.k12.tr/tema/harita.php,2026-08-31,48,48,bulundu,https://bismilbasorenilkokulu.meb.k12.tr/,2026-10-01T18:39:37.436116+00:00,,Öğrenci Sayısı: 48
Diyarbakır,Bismil,Belli İlkokulu,769023,İlkokul,https://769023.meb.k12.tr,,,https://769023.meb.k12.tr/tema/harita.php,2026-08-31,,,bulunamadi,,2026-10-01T18:39:37.487461+00:00,,
Diyarbakır,Bismil,Bismil Anadolu Lisesi,829339,Anadolu Lisesi,https://bismilanadolulisesi.meb.k12.tr,,,https://bismilanadolulisesi.meb.k12.tr/tema/harita.php,2026-08-31,400,400,bulundu,https://bismilanadolulisesi.meb.k12.tr/,2026-10-01T18:39:37.762601+00:00,,Öğrenci Sayısı : 400
Diyarbakır,Bismil,Bismil Anadolu İmam Hatip Lisesi,750158,Anadolu İmam Hatip Lisesi,https://bismilanadoluimamhatiplisesi.meb.k12.tr,,,https://bismilanadoluimamhatiplisesi.meb.k12.tr/tema/harita.php,2026-08-31,146,146,bulundu,https://bismilanadoluimamhatiplisesi.meb.k12.tr/,2026-10-01T18:39:37.773313+00:00,,Öğrenci Sayısı : 146
Diyarbakır,Bismil,Bismil Anaokulu,871241,Anaokulu,https://bismilanaokulu.meb.k12.tr,,,https://bismilanaokulu.meb.k12.tr/tema/harita.php,2026-08-31,152,152,bulundu,https://bismilanaokulu.meb.k12.tr/,2026-10-01T18:39:37.841656+00:00,,Öğrenci Sayısı: 152
Diyarbakır,Bismil,Bismil Bilim ve Sanat Merkezi,767548,Bilim ve Sanat Merkezi,https://bismilbilsem.meb.k12.tr,,,https://bismilbilsem.meb.k12.tr/tema/harita.php,2026-08-31,28,28,bulundu,https://bismilbilsem.meb.k12.tr/,2026-10-01T18:39:37.920940+00:00,,Öğrenci Sayısı : 28
Diyarbakır,Bismil,Bismil Fatih Anadolu Lisesi,974848,Anadolu Lisesi,https://bismilfatihanadolulisesi.meb.k12.tr,,,https://bismilfatihanadolulisesi.meb.k12.tr/tema/harita.php,2026-08-31,422,422,bulundu,https://bismilfatihanadolulisesi.meb.k12.tr/,2026-10-01T18:39:38.125756+00:00,,Öğrenci Sayısı : 422
Diyarbakır,Bismil,Bismil Fatma Ana Anaokulu,974318,Anaokulu,https://bismilfatmaanaanaokulu.meb.k12.tr,,,https://bismilfatmaanaanaokulu.meb.k12.tr/tema/harita.php,2026-08-31,69,69,bulundu,https://bismilfatmaanaanaokulu.meb.k12.tr/,2026-10-01T18:39:38.170421+00:00,,Öğrenci Sayısı 69
Diyarbakır,Bismil,Bismil Fen Lisesi,763640,Fen Lisesi,https://bismilfenlisesi.meb.k12.tr,,,https://bismilfenlisesi.meb.k12.tr/tema/harita.php,2026-08-31,363,363,bulundu,https://bismilfenlisesi.meb.k12.tr/,2026-10-01T18:39:38.198086+00:00,,Öğrenci Sayısı 363
Diyarbakır,Bismil,Bismil Halk Eğitimi Merkezi,142241,Halk Eğitimi Merkezi,https://bismilhem.meb.k12.tr,,,https://bismilhem.meb.k12.tr/tema/harita.php,2026-08-31,,,bulunamadi,,2026-10-01T18:39:38.308290+00:00,,
Diyarbakır,Bismil,Bismil Kız Mesleki ve Teknik Anadolu Lisesi,970953,Mesleki ve Teknik Anadolu Lisesi,https://bismilkizmtal.meb.k12.tr,,,https://bismilkizmtal.meb.k12.tr/tema/harita.php,2026-08-31,514,514,bulundu,https://bismilkizmtal.meb.k12.tr/,2026-10-01T18:39:38.316934+00:00,,Öğrenci Sayısı : 514
Diyarbakır,Bismil,Bismil Mecit Çelik Kız Anadolu İmam Hatip Lisesi,965157,Anadolu İmam Hatip Lisesi,https://mecitcelikkizaihl.meb.k12.tr,,,https://mecitcelikkizaihl.meb.k12.tr/tema/harita.php,2026-08-31,354,354,bulundu,https://mecitcelikkizaihl.meb.k12.tr/,2026-10-01T18:39:38.431588+00:00,,Öğrenci Sayısı : 354
Diyarbakır,Bismil,Bismil Nene Hatun Anaokulu,965472,Anaokulu,https://bismilnenehatun.meb.k12.tr,,,https://bismilnenehatun.meb.k12.tr/tema/harita.php,2026-08-31,200,200,bulundu,https://bismilnenehatun.meb.k12.tr/,2026-10-01T18:39:38.648549+00:00,,Öğrenci Sayısı: 200
Diyarbakır,Bismil,Bismil Rehberlik ve Araştırma Merkezi,769523,Rehberlik ve Araştırma Merkezi,https://bismilram.meb.k12.tr,,,https://bismilram.meb.k12.tr/tema/harita.php,2026-08-31,,,bulunamadi,,2026-10-01T18:39:38.736139+00:00,,
Diyarbakır,Bismil,Bismil Tepe İmam Hatip Ortaokulu,749615,İmam Hatip Ortaokulu,https://tepeimamhatiportaokulu.meb.k12.tr,,,https://tepeimamhatiportaokulu.meb.k12.tr/tema/harita.php,2026-08-31,369,369,bulundu,https://tepeimamhatiportaokulu.meb.k12.tr/,2026-10-01T18:39:38.747231+00:00,,Öğrenci Sayısı : 369
Diyarbakır,Bismil,Bismil Özel Eğitim Anaokulu,768843,Anaokulu,https://bismilozelegitim.meb.k12.tr,,,https://bismilozelegitim.meb.k12.tr/tema/harita.php,2026-08-31,30,30,bulundu,https://bismilozelegitim.meb.k12.tr/,2026-10-01T18:39:38.755371+00:00,,Öğrenci Sayısı: 30
Diyarbakır,Bismil,Bismil Öğretmenevi ve Akşam Sanat Okulu,971113,Öğretmenevi,https://bismilogretmeneviaso.meb.k12.tr,,,https://bismilogretmeneviaso.meb.k12.tr/tema/harita.php,2026-08-31,,,bulunamadi,,2026-10-01T18:39:38.814338+00:00,,
Diyarbakır,Bismil,Bismil İlkokulu,743517,İlkokul,https://bismilio.meb.k12.tr,,,https://bismilio.meb.k12.tr/tema/harita.php,2026-08-31,510,510,bulundu,https://bismilio.meb.k12.tr/,2026-10-01T18:39:38.903235+00:00,,Öğrenci Sayısı: 510
Diyarbakır,Bismil,Bismil İmam Hatip Ortaokulu,749614,İmam Hatip Ortaokulu,https://bismilimamhatiportaokulu.meb.k12.tr,,,https://bismilimamhatiportaokulu.meb.k12.tr/tema/harita.php,2026-08-31,306,306,bulundu,https://bismilimamhatiportaokulu.meb.k12.tr/,2026-10-01T18:39:38.911652+00:00,,Öğrenci Sayısı 306
Diyarbakır,Bismil,Borsa İstanbul Anadolu İmam Hatip Lisesi,758279,Anadolu İmam Hatip Lisesi,https://borsaistanbulanadoluihl.meb.k12.tr,,,https://borsaistanbulanadoluihl.meb.k12.tr/tema/harita.php,2026-08-31,160,160,bulundu,https://borsaistanbulanadoluihl.meb.k12.tr/,2026-10-01T18:39:39.221875+00:00,,Öğrenci Sayısı : 160
Diyarbakır,Bismil,Boyacı Köyü İlkokulu,741034,İlkokul,https://bismilboyacilkokulu.meb.k12.tr,,,https://bismilboyacilkokulu.meb.k12.tr/tema/harita.php,2026-08-31,15,15,bulundu,https://bismilboyacilkokulu.meb.k12.tr/,2026-10-01T18:39:39.229568+00:00,,Öğrenci Sayısı : 15
Diyarbakır,Bismil,Bozçalı İlkokulu,743122,İlkokul,https://bismilbozcalilkokulu.meb.k12.tr,,,https://bismilbozcalilkokulu.meb.k12.tr/tema/harita.php,2026-08-31,15,15,bulundu,https://bismilbozcalilkokulu.meb.k12.tr/,2026-10-01T18:39:39.300997+00:00,,Öğrenci Sayısı: 15
Diyarbakır,Bismil,Cumhuriyet İlkokulu,853509,İlkokul,https://bismilcumhuriyet.meb.k12.tr,,,https://bismilcumhuriyet.meb.k12.tr/tema/harita.php,2026-08-31,1450,1450,bulundu,https://bismilcumhuriyet.meb.k12.tr/,2026-10-01T18:39:39.386319+00:00,,Öğrenci Sayısı : 1450
Diyarbakır,Bismil,Devran İlkokulu,743227,İlkokul,https://bismildevrankoyuilkokulu.meb.k12.tr,,,https://bismildevrankoyuilkokulu.meb.k12.tr/tema/harita.php,2026-08-31,28,28,bulundu,https://bismildevrankoyuilkokulu.meb.k12.tr/,2026-10-01T18:39:39.504952+00:00,,Öğrenci Sayısı : 28
Diyarbakır,Bismil,Dikenli İlkokulu,743232,İlkokul,https://bismildikenliilkokulu.meb.k12.tr,,,https://bismildikenliilkokulu.meb.k12.tr/tema/harita.php,2026-08-31,6,6,bulundu,https://bismildikenliilkokulu.meb.k12.tr/,2026-10-01T18:39:39.713290+00:00,,Öğrenci Sayısı 6
Diyarbakır,Bismil,Doruk İlkokulu,743234,İlkokul,https://bismildorukilkokulu.meb.k12.tr,,,https://bismildorukilkokulu.meb.k12.tr/tema/harita.php,2026-08-31,69,69,bulundu,https://bismildorukilkokulu.meb.k12.tr/,2026-10-01T18:39:39.720746+00:00,,Öğrenci Sayısı : 69
Diyarbakır,Bismil,Ebru Yaşar Gülseven Ortaokulu,768082,Ortaokul,https://ebruyasargulseven.meb.k12.tr,,,https://ebruyasargulseven.meb.k12.tr/tema/harita.php,2026-08-31,377,377,bulundu,https://ebruyasargulseven.meb.k12.tr/,2026-10-01T18:39:39.745085+00:00,,Öğrenci Sayısı : 377
Diyarbakır,Bismil,Eliaçık İlkokulu,743240,İlkokul,https://bismileliacikilkokulu.meb.k12.tr,,,https://bismileliacikilkokulu.meb.k12.tr/tema/harita.php,2026-08-31,67,67,bulundu,https://bismileliacikilkokulu.meb.k12.tr/,2026-10-01T18:39:39.833023+00:00,,Öğrenci Sayısı : 67
Diyarbakır,Bismil,Esma Ocak İlkokulu,760813,İlkokul,https://bismilesmaocakilkokulu.meb.k12.tr,,,https://bismilesmaocakilkokulu.meb.k12.tr/tema/harita.php,2026-08-31,588,588,bulundu,https://bismilesmaocakilkokulu.meb.k12.tr/tema/okulumuz_hakkinda.php,2026-10-01T18:39:39.941340+00:00,,Öğrenci : 588
Diyarbakır,Bismil,Eğitim Şehitleri Ortaokulu,730158,Ortaokul,https://egitimsehitleriortaokulu.meb.k12.tr,,,https://egitimsehitleriortaokulu.meb.k12.tr/tema/harita.php,2026-08-31,487,487,bulundu,https://egitimsehitleriortaokulu.meb.k12.tr/,2026-10-01T18:39:40.342899+00:00,,Öğrenci Sayısı : 487
Diyarbakır,Bismil,Eğitim Şehitleri İlkokulu,730324,İlkokul,https://egitimsehitleriio.meb.k12.tr,,,https://egitimsehitleriio.meb.k12.tr/tema/harita.php,2026-08-31,436,436,bulundu,https://egitimsehitleriio.meb.k12.tr/,2026-10-01T18:39:40.351080+00:00,,Öğrenci Sayısı : 436
Diyarbakır,Bismil,Fatih Ortaokulu,713544,Ortaokul,https://bismilfatihortaokulu.meb.k12.tr,,,https://bismilfatihortaokulu.meb.k12.tr/tema/harita.php,2026-08-31,1183,1183,bulundu,https://bismilfatihortaokulu.meb.k12.tr/,2026-10-01T18:39:40.406865+00:00,,Öğrenci Sayısı : 1183
Diyarbakır,Bismil,Fatıma Zehra İmam Hatip Ortaokulu,764179,İmam Hatip Ortaokulu,https://bismilfatimazehraimamhatiportaok.meb.k12.tr,,,https://bismilfatimazehraimamhatiportaok.meb.k12.tr/tema/harita.php,2026-08-31,392,392,bulundu,https://bismilfatimazehraimamhatiportaok.meb.k12.tr/,2026-10-01T18:39:40.420676+00:00,,Öğrenci Sayısı : 392
Diyarbakır,Bismil,Göksu Ortaokulu,726957,Ortaokul,https://bismilgoksuortaokulu.meb.k12.tr,,,https://bismilgoksuortaokulu.meb.k12.tr/tema/harita.php,2026-08-31,40,40,bulundu,https://bismilgoksuortaokulu.meb.k12.tr/,2026-10-01T18:39:40.475845+00:00,,Öğrenci Sayısı: 40
Diyarbakır,Bismil,Göksu İlkokulu,726958,İlkokul,https://bismilgoksuilkokulu.meb.k12.tr,,,https://bismilgoksuilkokulu.meb.k12.tr/tema/harita.php,2026-08-31,63,63,bulundu,https://bismilgoksuilkokulu.meb.k12.tr/,2026-10-01T18:39:40.528113+00:00,,Öğrenci Sayısı: 63
Diyarbakır,Bismil,Gültepe İlkokulu,774010,İlkokul,https://bismilgultepeilkokulu.meb.k12.tr,,,https://bismilgultepeilkokulu.meb.k12.tr/tema/harita.php,2026-08-31,19,19,bulundu,https://bismilgultepeilkokulu.meb.k12.tr/,2026-10-01T18:39:40.605954+00:00,,Öğrenci Sayısı: 19
Diyarbakır,Bismil,Güngeçti İlkokulu,887634,İlkokul,https://887634.meb.k12.tr,,,https://887634.meb.k12.tr/tema/harita.php,2026-08-31,40,40,bulundu,https://887634.meb.k12.tr/,2026-10-01T18:39:40.638037+00:00,,Öğrenci Sayısı : 40
Diyarbakır,Bismil,Güngeçti İmam Hatip Ortaokulu,764879,İmam Hatip Ortaokulu,https://bismilgungectiiho.meb.k12.tr,,,https://bismilgungectiiho.meb.k12.tr/tema/harita.php,2026-08-31,34,34,bulundu,https://bismilgungectiiho.meb.k12.tr/,2026-10-01T18:39:40.735776+00:00,,Öğrenci Sayısı : 34
Diyarbakır,Bismil,Güroluk İlkokulu,730204,İlkokul,https://bismilgurolukilkokulu.meb.k12.tr,,,https://bismilgurolukilkokulu.meb.k12.tr/tema/harita.php,2026-08-31,116,116,bulundu,https://bismilgurolukilkokulu.meb.k12.tr/,2026-10-01T18:39:40.749176+00:00,,Öğrenci Sayısı : 116
Diyarbakır,Bismil,Güroluk İmam Hatip Ortaokulu,736257,İmam Hatip Ortaokulu,https://gurolukiho.meb.k12.tr,,,https://gurolukiho.meb.k12.tr/tema/harita.php,2026-08-31,75,75,bulundu,https://gurolukiho.meb.k12.tr/,2026-10-01T18:39:40.800198+00:00,,Öğrenci Sayısı 75
Diyarbakır,Bismil,Güzelköy İlkokulu,743262,İlkokul,https://bismilguzelkoyilkokulu.meb.k12.tr,,,https://bismilguzelkoyilkokulu.meb.k12.tr/tema/harita.php,2026-08-31,14,14,bulundu,https://bismilguzelkoyilkokulu.meb.k12.tr/,2026-10-01T18:39:40.819484+00:00,,Öğrenci Sayısı : 14
Diyarbakır,Bismil,Harmanlı İlkokulu,743270,İlkokul,https://bismilharmanliilkokulu.meb.k12.tr,,,https://bismilharmanliilkokulu.meb.k12.tr/tema/harita.php,2026-08-31,62,62,bulundu,https://bismilharmanliilkokulu.meb.k12.tr/,2026-10-01T18:39:40.873732+00:00,,Öğrenci Sayısı 62
Diyarbakır,Bismil,Hasanpınar İlkokulu,743273,İlkokul,https://bismilhasanpnarilkokulu.meb.k12.tr,,,https://bismilhasanpnarilkokulu.meb.k12.tr/tema/harita.php,2026-08-31,20,20,bulundu,https://bismilhasanpnarilkokulu.meb.k12.tr/,2026-10-01T18:39:41.324056+00:00,,Öğrenci Sayısı: 20
Diyarbakır,Bismil,Işıklar Ortaokulu,775184,Ortaokul,https://isiklarortaokulubismil.meb.k12.tr,,,https://isiklarortaokulubismil.meb.k12.tr/tema/harita.php,2026-08-31,104,104,bulundu,https://isiklarortaokulubismil.meb.k12.tr/tema/okulumuz_hakkinda.php,2026-10-01T18:39:41.331492+00:00,,Öğrenci : 104
Diyarbakır,Bismil,Işıklar ilkokulu,976770,İlkokul,https://bismilisiklarilkokulu.meb.k12.tr,,,https://bismilisiklarilkokulu.meb.k12.tr/tema/harita.php,2026-08-31,67,67,bulundu,https://bismilisiklarilkokulu.meb.k12.tr/tema/okulumuz_hakkinda.php,2026-10-01T18:39:41.399729+00:00,,Öğrenci : 67
Diyarbakır,Bismil,Işıklar İmam Hatip Ortaokulu,775102,İmam Hatip Ortaokulu,https://isiklariho.meb.k12.tr,,,https://isiklariho.meb.k12.tr/tema/harita.php,2026-08-31,67,67,bulundu,https://isiklariho.meb.k12.tr/tema/okulumuz_hakkinda.php,2026-10-01T18:39:41.632106+00:00,,Öğrenci : 67
Diyarbakır,Bismil,Kamışlı ilkokulu,714946,İlkokul,https://714946.meb.k12.tr,,,https://714946.meb.k12.tr/tema/harita.php,2026-08-31,9,9,bulundu,https://714946.meb.k12.tr/,2026-10-01T18:39:41.744287+00:00,,Öğrenci Sayısı: 9
Diyarbakır,Bismil,Karangöz ilkokulu,714965,İlkokul,https://bismilkarangozilkokulu.meb.k12.tr,,,https://bismilkarangozilkokulu.meb.k12.tr/tema/harita.php,2026-08-31,61,61,bulundu,https://bismilkarangozilkokulu.meb.k12.tr/,2026-10-01T18:39:41.750852+00:00,,Öğrenci Sayısı : 61
Diyarbakır,Bismil,Karatepe İlkokulu,887487,İlkokul,https://bismilkaratepeilkokulu.meb.k12.tr,,,https://bismilkaratepeilkokulu.meb.k12.tr/tema/harita.php,2026-08-31,23,23,bulundu,https://bismilkaratepeilkokulu.meb.k12.tr/,2026-10-01T18:39:41.795822+00:00,,Öğrenci Sayısı 23
Diyarbakır,Bismil,Karayiğit İlkokulu,976898,İlkokul,https://bismilkarayigitilkokulu.meb.k12.tr,,,https://bismilkarayigitilkokulu.meb.k12.tr/tema/harita.php,2026-08-31,8,8,bulundu,https://bismilkarayigitilkokulu.meb.k12.tr/,2026-10-01T18:39:41.801656+00:00,,Öğrenci Sayısı: 8
Diyarbakır,Bismil,Kazancı Ortaokulu,726936,Ortaokul,https://bismilkazanciortaokulu.meb.k12.tr,,,https://bismilkazanciortaokulu.meb.k12.tr/tema/harita.php,2026-08-31,86,86,bulundu,https://bismilkazanciortaokulu.meb.k12.tr/,2026-10-01T18:39:41.970840+00:00,,Öğrenci Sayısı 86
Diyarbakır,Bismil,Kazancı İlkokulu,726939,İlkokul,https://bismilkazanciilkokulu.meb.k12.tr,,,https://bismilkazanciilkokulu.meb.k12.tr/tema/harita.php,2026-08-31,128,128,bulundu,https://bismilkazanciilkokulu.meb.k12.tr/,2026-10-01T18:39:42.048925+00:00,,Öğrenci Sayısı: 128
Diyarbakır,Bismil,Keberli ilkokulu,767574,İlkokul,https://767574.meb.k12.tr,,,https://767574.meb.k12.tr/tema/harita.php,2026-08-31,8,8,bulundu,https://767574.meb.k12.tr/,2026-10-01T18:39:42.147275+00:00,,Öğrenci Sayısı : 8
Diyarbakır,Bismil,Kemberli İlkokulu,853420,İlkokul,https://bismilkemberliilkokulu.meb.k12.tr,,,https://bismilkemberliilkokulu.meb.k12.tr/tema/harita.php,2026-08-31,34,34,bulundu,https://bismilkemberliilkokulu.meb.k12.tr/,2026-10-01T18:39:42.149776+00:00,,Öğrenci Sayısı 34
Diyarbakır,Bismil,Kopuzlu İlkokulu,715347,İlkokul,https://bismilkopuzluilkokulu.meb.k12.tr,,,https://bismilkopuzluilkokulu.meb.k12.tr/tema/harita.php,2026-08-31,27,27,bulundu,https://bismilkopuzluilkokulu.meb.k12.tr/,2026-10-01T18:39:42.258844+00:00,,Öğrenci Sayısı: 27
Diyarbakır,Bismil,Korukçu İlkokulu,887476,İlkokul,https://bismilkorukcuilkokulu.meb.k12.tr,,,https://bismilkorukcuilkokulu.meb.k12.tr/tema/harita.php,2026-08-31,62,62,bulundu,https://bismilkorukcuilkokulu.meb.k12.tr/tema/okulumuz_hakkinda.php,2026-10-01T18:39:42.457866+00:00,,Öğrenci : 62
Diyarbakır,Bismil,Kurtuluş İlkokulu,730051,İlkokul,https://bismilkurtulusilkokulu.meb.k12.tr,,,https://bismilkurtulusilkokulu.meb.k12.tr/tema/harita.php,2026-08-31,795,795,bulundu,https://bismilkurtulusilkokulu.meb.k12.tr/,2026-10-01T18:39:42.531819+00:00,,Öğrenci Sayısı : 795
Diyarbakır,Bismil,Kurtuluş İmam Hatip Ortaokulu,750559,İmam Hatip Ortaokulu,https://bismilkurtulusimamhatiportaokulu.meb.k12.tr,,,https://bismilkurtulusimamhatiportaokulu.meb.k12.tr/tema/harita.php,2026-08-31,760,760,bulundu,https://bismilkurtulusimamhatiportaokulu.meb.k12.tr/,2026-10-01T18:39:42.744533+00:00,,Öğrenci Sayısı : 760
Diyarbakır,Bismil,Kurudere İlkokulu,715555,İlkokul,https://bismilkurudereilkokulu.meb.k12.tr,,,https://bismilkurudereilkokulu.meb.k12.tr/tema/harita.php,2026-08-31,64,64,bulundu,https://bismilkurudereilkokulu.meb.k12.tr/,2026-10-01T18:39:42.763627+00:00,,Öğrenci Sayısı: 64
Diyarbakır,Bismil,Köseli Ortaokulu,752693,Ortaokul,https://bismilkoseliortaokulu.meb.k12.tr,,,https://bismilkoseliortaokulu.meb.k12.tr/tema/harita.php,2026-08-31,200,200,bulundu,https://bismilkoseliortaokulu.meb.k12.tr/,2026-10-01T18:39:42.820391+00:00,,Öğrenci Sayısı : 200
Diyarbakır,Bismil,Köseli İlkokulu,853174,İlkokul,https://bismilkoseliilkokulu.meb.k12.tr,,,https://bismilkoseliilkokulu.meb.k12.tr/tema/harita.php,2026-08-31,204,204,bulundu,https://bismilkoseliilkokulu.meb.k12.tr/,2026-10-01T18:39:43.205650+00:00,,Öğrenci Sayısı : 204
Diyarbakır,Bismil,Mehmet Akif Ersoy Ortaokulu,730267,Ortaokul,https://bismilmehmetakifersoyortaokulu.meb.k12.tr,,,https://bismilmehmetakifersoyortaokulu.meb.k12.tr/tema/harita.php,2026-08-31,666,666,bulundu,https://bismilmehmetakifersoyortaokulu.meb.k12.tr/,2026-10-01T18:39:43.269822+00:00,,Öğrenci Sayısı : 666
Diyarbakır,Bismil,Mehmet Merdanoğlu İlkokulu,730074,İlkokul,https://bismilmehmetmerdanogluio.meb.k12.tr,,,https://bismilmehmetmerdanogluio.meb.k12.tr/tema/harita.php,2026-08-31,511,511,bulundu,https://bismilmehmetmerdanogluio.meb.k12.tr/tema/okulumuz_hakkinda.php,2026-10-01T18:39:43.453022+00:00,,Öğrenci : 511
Diyarbakır,Bismil,Mehmetçik Ortaokulu,714578,Ortaokul,https://bismilmehmetcikoo.meb.k12.tr,,,https://bismilmehmetcikoo.meb.k12.tr/tema/harita.php,2026-08-31,1176,1176,bulundu,https://bismilmehmetcikoo.meb.k12.tr/,2026-10-01T18:39:43.471249+00:00,,Öğrenci Sayısı : 1176
Diyarbakır,Bismil,Mezopotamya Mesleki ve Teknik Anadolu Lisesi,973252,Mesleki ve Teknik Anadolu Lisesi,https://mezopotamya.meb.k12.tr,,,https://mezopotamya.meb.k12.tr/tema/harita.php,2026-08-31,211,211,bulundu,https://mezopotamya.meb.k12.tr/,2026-10-01T18:39:43.545681+00:00,,Öğrenci Sayısı 211
Diyarbakır,Bismil,MİRZABEY ORTAOKULU,730302,Ortaokul,https://bismilmirzabeyortaokulu.meb.k12.tr,,,https://bismilmirzabeyortaokulu.meb.k12.tr/tema/harita.php,2026-08-31,47,47,bulundu,https://bismilmirzabeyortaokulu.meb.k12.tr/,2026-10-01T18:39:43.566273+00:00,,Öğrenci Sayısı : 47
Diyarbakır,Bismil,MİRZABEY İLKOKULU,730299,İlkokul,https://bismilmirzabeyilkokulu.meb.k12.tr,,,https://bismilmirzabeyilkokulu.meb.k12.tr/tema/harita.php,2026-08-31,69,69,bulundu,https://bismilmirzabeyilkokulu.meb.k12.tr/,2026-10-01T18:39:43.583089+00:00,,Öğrenci Sayısı : 69
Diyarbakır,Bismil,Nasreddin Hoca Anaokulu,760814,Anaokulu,https://bismilnasreddinhocaanaokulu.meb.k12.tr,,,https://bismilnasreddinhocaanaokulu.meb.k12.tr/tema/harita.php,2026-08-31,166,166,bulundu,https://bismilnasreddinhocaanaokulu.meb.k12.tr/,2026-10-01T18:39:43.620333+00:00,,Öğrenci Sayısı: 166
Diyarbakır,Bismil,Sarıtoprak Ortaokulu,776922,Ortaokul,https://776922.meb.k12.tr,,,https://776922.meb.k12.tr/tema/harita.php,2026-08-31,51,51,bulundu,https://776922.meb.k12.tr/,2026-10-01T18:39:43.935266+00:00,,Öğrenci Sayısı : 51
Diyarbakır,Bismil,Sarıtoprak İlkokulu,715656,İlkokul,https://bismilsaritoprakilkokulu.meb.k12.tr,,,https://bismilsaritoprakilkokulu.meb.k12.tr/tema/harita.php,2026-08-31,71,71,bulundu,https://bismilsaritoprakilkokulu.meb.k12.tr/,2026-10-01T18:39:44.011645+00:00,,Öğrenci Sayısı 71
Diyarbakır,Bismil,Seki İlkokulu,887517,İlkokul,https://bismilsekiilkokulu.meb.k12.tr,,,https://bismilsekiilkokulu.meb.k12.tr/tema/harita.php,2026-08-31,17,17,bulundu,https://bismilsekiilkokulu.meb.k12.tr/,2026-10-01T18:39:44.240466+00:00,,Öğrenci Sayısı: 17
Diyarbakır,Bismil,Selahaddin Eyyubi Anadolu İmam Hatip Lisesi,763554,Anadolu İmam Hatip Lisesi,https://bismilselahaddineyyubiaihl.meb.k12.tr,,,https://bismilselahaddineyyubiaihl.meb.k12.tr/tema/harita.php,2026-08-31,143,143,bulundu,https://bismilselahaddineyyubiaihl.meb.k12.tr/tema/okulumuz_hakkinda.php,2026-10-01T18:39:44.267434+00:00,,Öğrenci : 143
Diyarbakır,Bismil,Selahaddin-i Eyyubi İlkokulu,752828,İlkokul,https://selahaddin-ieyyubiilkokulu.meb.k12.tr,,,https://selahaddin-ieyyubiilkokulu.meb.k12.tr/tema/harita.php,2026-08-31,669,669,bulundu,https://selahaddin-ieyyubiilkokulu.meb.k12.tr/,2026-10-01T18:39:44.272231+00:00,,Öğrenci Sayısı 669
Diyarbakır,Bismil,Sinan Ortaokulu,743760,Ortaokul,https://bismilsinanortaokulu.meb.k12.tr,,,https://bismilsinanortaokulu.meb.k12.tr/tema/harita.php,2026-08-31,94,94,bulundu,https://bismilsinanortaokulu.meb.k12.tr/,2026-10-01T18:39:44.308834+00:00,,Öğrenci Sayısı 94
Diyarbakır,Bismil,Sinan İlkokulu,743768,İlkokul,https://bismilsinanilkokulu.meb.k12.tr,,,https://bismilsinanilkokulu.meb.k12.tr/tema/harita.php,2026-08-31,118,118,bulundu,https://bismilsinanilkokulu.meb.k12.tr/,2026-10-01T18:39:44.577859+00:00,,Öğrenci Sayısı 118
Diyarbakır,Bismil,TEPE DİCLE ORTAOKULU,730093,Ortaokul,https://bismiltepedicleortaokulu.meb.k12.tr,,,https://bismiltepedicleortaokulu.meb.k12.tr/tema/harita.php,2026-08-31,464,464,bulundu,https://bismiltepedicleortaokulu.meb.k12.tr/,2026-10-01T18:39:44.670821+00:00,,Öğrenci Sayısı 464
Diyarbakır,Bismil,TEPE DİCLE İLKOKULU,730107,İlkokul,https://bismiltepedicleilkokulu.meb.k12.tr,,,https://bismiltepedicleilkokulu.meb.k12.tr/tema/harita.php,2026-08-31,169,169,bulundu,https://bismiltepedicleilkokulu.meb.k12.tr/,2026-10-01T18:39:44.681626+00:00,,Öğrenci Sayısı: 169
Diyarbakır,Bismil,Tepe Anaokulu,757525,Anaokulu,https://bismiltepeanaokulu.meb.k12.tr,,,https://bismiltepeanaokulu.meb.k12.tr/tema/harita.php,2026-08-31,47,47,bulundu,https://bismiltepeanaokulu.meb.k12.tr/,2026-10-01T18:39:44.682336+00:00,,Öğrenci Sayısı: 47
Diyarbakır,Bismil,Tepe Konak İlkokulu,777080,İlkokul,https://777080.meb.k12.tr,,,https://777080.meb.k12.tr/tema/harita.php,2026-08-31,0,0,bulundu,https://777080.meb.k12.tr/,2026-10-01T18:39:44.691792+00:00,,Öğrenci Sayısı : 0
Diyarbakır,Bismil,Tepe Çok Programlı Anadolu Lisesi,751411,Çok Programlı Anadolu Lisesi,https://tepecpal.meb.k12.tr,,,https://tepecpal.meb.k12.tr/tema/harita.php,2026-08-31,420,420,bulundu,https://tepecpal.meb.k12.tr/,2026-10-01T18:39:44.720836+00:00,,Öğrenci Sayısı 420
Diyarbakır,Bismil,Tepecik İlkokulu,887741,İlkokul,https://bismiltepecikilkokulu.meb.k12.tr,,,https://bismiltepecikilkokulu.meb.k12.tr/tema/harita.php,2026-08-31,15,15,bulundu,https://bismiltepecikilkokulu.meb.k12.tr/,2026-10-01T18:39:44.731260+00:00,,Öğrenci Sayısı: 15
Diyarbakır,Bismil,Tilkilik İlkokulu,976943,İlkokul,https://bismiltilkilikilkokulu.meb.k12.tr,,,https://bismiltilkilikilkokulu.meb.k12.tr/tema/harita.php,2026-08-31,39,39,bulundu,https://bismiltilkilikilkokulu.meb.k12.tr/,2026-10-01T18:39:44.735250+00:00,,Öğrenci Sayısı 39
Diyarbakır,Bismil,Toplukonut İlkokulu,730256,İlkokul,https://bismiltokiilkokulu.meb.k12.tr,,,https://bismiltokiilkokulu.meb.k12.tr/tema/harita.php,2026-08-31,472,472,bulundu,https://bismiltokiilkokulu.meb.k12.tr/,2026-10-01T18:39:44.780142+00:00,,Öğrenci Sayısı : 472
Diyarbakır,Bismil,Topraklı İlkokulu,716003,İlkokul,https://bismiltoprakliilkokulu.meb.k12.tr,,,https://bismiltoprakliilkokulu.meb.k12.tr/tema/harita.php,2026-08-31,39,39,bulundu,https://bismiltoprakliilkokulu.meb.k12.tr/,2026-10-01T18:39:44.884090+00:00,,Öğrenci Sayısı: 39
Diyarbakır,Bismil,TÜRKMEN HACI ORTAOKULU,726972,Ortaokul,https://bismilturkmenhaciortaokulu.meb.k12.tr,,,https://bismilturkmenhaciortaokulu.meb.k12.tr/tema/harita.php,2026-08-31,64,64,bulundu,https://bismilturkmenhaciortaokulu.meb.k12.tr/,2026-10-01T18:39:45.201823+00:00,,Öğrenci Sayısı : 64
Diyarbakır,Bismil,TÜRKMEN HACI İLKOKULU,726971,İlkokul,https://bismilturkmenhaciilkokulu.meb.k12.tr,,,https://bismilturkmenhaciilkokulu.meb.k12.tr/tema/harita.php,2026-08-31,41,41,bulundu,https://bismilturkmenhaciilkokulu.meb.k12.tr/,2026-10-01T18:39:45.245626+00:00,,Öğrenci Sayısı 41
Diyarbakır,Bismil,Ulutürk Ortaokulu,730235,Ortaokul,https://uluturkortaokulu.meb.k12.tr,,,https://uluturkortaokulu.meb.k12.tr/tema/harita.php,2026-08-31,636,636,bulundu,https://uluturkortaokulu.meb.k12.tr/,2026-10-01T18:39:45.255255+00:00,,Öğrenci Sayısı 636
Diyarbakır,Bismil,Uğurlu İlkokulu,887974,İlkokul,https://bismilugurluilkokulu.meb.k12.tr,,,https://bismilugurluilkokulu.meb.k12.tr/tema/harita.php,2026-08-31,17,17,bulundu,https://bismilugurluilkokulu.meb.k12.tr/,2026-10-01T18:39:45.289121+00:00,,Öğrenci Sayısı 17
Diyarbakır,Bismil,YUKARIDARLI ORTAOKULU,730305,Ortaokul,https://bismilyukaridarliortaokulu.meb.k12.tr,,,https://bismilyukaridarliortaokulu.meb.k12.tr/tema/harita.php,2026-08-31,135,135,bulundu,https://bismilyukaridarliortaokulu.meb.k12.tr/tema/okulumuz_hakkinda.php,2026-10-01T18:39:45.349421+00:00,,Öğrenci : 135
Diyarbakır,Bismil,YUKARIDARLI İLKOKULU,715462,İlkokul,https://bismilyukaridarliilkokulu.meb.k12.tr,,,https://bismilyukaridarliilkokulu.meb.k12.tr/tema/harita.php,2026-08-31,162,162,bulundu,https://bismilyukaridarliilkokulu.meb.k12.tr/,2026-10-01T18:39:45.446651+00:00,,Öğrenci Sayısı : 162
Diyarbakır,Bismil,YUKARISALAT İLKOKULU,726967,İlkokul,https://bismilyukarisalatilkokulu.meb.k12.tr,,,https://bismilyukarisalatilkokulu.meb.k12.tr/tema/harita.php,2026-08-31,227,227,bulundu,https://bismilyukarisalatilkokulu.meb.k12.tr/,2026-10-01T18:39:45.644612+00:00,,Öğrenci Sayısı : 227
Diyarbakır,Bismil,Yamaç İlkokulu,774011,İlkokul,https://774011.meb.k12.tr,,,https://774011.meb.k12.tr/tema/harita.php,2026-08-31,5,5,bulundu,https://774011.meb.k12.tr/,2026-10-01T18:39:45.726448+00:00,,Öğrenci Sayısı: 5
Diyarbakır,Bismil,Yavuz Selim Ortaokulu,730229,Ortaokul,https://bismilyavuzselimortaokulu.meb.k12.tr,,,https://bismilyavuzselimortaokulu.meb.k12.tr/tema/harita.php,2026-08-31,608,608,bulundu,https://bismilyavuzselimortaokulu.meb.k12.tr/,2026-10-01T18:39:45.833944+00:00,,Öğrenci Sayısı : 608
Diyarbakır,Bismil,Yavuz Selim İlkokulu,730230,İlkokul,https://bismilyavuzselimilkokulu.meb.k12.tr,,,https://bismilyavuzselimilkokulu.meb.k12.tr/tema/harita.php,2026-08-31,308,308,bulundu,https://bismilyavuzselimilkokulu.meb.k12.tr/,2026-10-01T18:39:45.846938+00:00,,Öğrenci Sayısı 308
Diyarbakır,Bismil,Yavuz Selim İmam Hatip Ortaokulu,764881,İmam Hatip Ortaokulu,https://bismilyavuzselimiho.meb.k12.tr,,,https://bismilyavuzselimiho.meb.k12.tr/tema/harita.php,2026-08-31,279,279,bulundu,https://bismilyavuzselimiho.meb.k12.tr/,2026-10-01T18:39:45.899544+00:00,,Öğrenci Sayısı : 279
Diyarbakır,Bismil,Yukarıdolay İlkokulu,887466,İlkokul,https://bismilyukaridolayilkokulu.meb.k12.tr,,,https://bismilyukaridolayilkokulu.meb.k12.tr/tema/harita.php,2026-08-31,8,8,bulundu,https://bismilyukaridolayilkokulu.meb.k12.tr/,2026-10-01T18:39:45.968685+00:00,,Öğrenci Sayısı: 8
Diyarbakır,Bismil,Yukarıharım İlkokulu,716201,İlkokul,https://bismilyukariharimilkokulu.meb.k12.tr,,,https://bismilyukariharimilkokulu.meb.k12.tr/tema/harita.php,2026-08-31,121,121,bulundu,https://bismilyukariharimilkokulu.meb.k12.tr/,2026-10-01T18:39:45.972382+00:00,,Öğrenci Sayısı 121
Diyarbakır,Bismil,Yukarıharım İmam Hatip Ortaokulu,764882,İmam Hatip Ortaokulu,https://yukariharimiho.meb.k12.tr,,,https://yukariharimiho.meb.k12.tr/tema/harita.php,2026-08-31,116,116,bulundu,https://yukariharimiho.meb.k12.tr/,2026-10-01T18:39:45.981606+00:00,,Öğrenci Sayısı : 116
Diyarbakır,Bismil,Yukarısalat Ortaokulu,743346,Ortaokul,https://bismilyukarisalatortaokulu.meb.k12.tr,,,https://bismilyukarisalatortaokulu.meb.k12.tr/tema/harita.php,2026-08-31,247,247,bulundu,https://bismilyukarisalatortaokulu.meb.k12.tr/,2026-10-01T18:39:45.998163+00:00,,Öğrenci Sayısı : 247
Diyarbakır,Bismil,Yukarısalat Çok Programlı Anadolu Lisesi,774956,Çok Programlı Anadolu Lisesi,https://774956.meb.k12.tr,,,https://774956.meb.k12.tr/tema/harita.php,2026-08-31,,,bulunamadi,,2026-10-01T18:39:46.010797+00:00,,
Diyarbakır,Bismil,Yukarısazlık İlkokulu,976482,İlkokul,https://bismilyukarisazlikilkokulu.meb.k12.tr,,,https://bismilyukarisazlikilkokulu.meb.k12.tr/tema/harita.php,2026-08-31,55,55,bulundu,https://bismilyukarisazlikilkokulu.meb.k12.tr/,2026-10-01T18:39:46.033072+00:00,,Öğrenci Sayısı : 55
Diyarbakır,Bismil,Yunus Emre İlkokulu,730247,İlkokul,https://bismilyunusemre.meb.k12.tr,,,https://bismilyunusemre.meb.k12.tr/tema/harita.php,2026-08-31,325,325,bulundu,https://bismilyunusemre.meb.k12.tr/,2026-10-01T18:39:46.179477+00:00,,Öğrenci Sayısı : 325
Diyarbakır,Bismil,Ziya Gökalp İlkokulu,887674,İlkokul,https://bismilziyagokalpilkokulu.meb.k12.tr,,,https://bismilziyagokalpilkokulu.meb.k12.tr/tema/harita.php,2026-08-31,251,251,bulundu,https://bismilziyagokalpilkokulu.meb.k12.tr/,2026-10-01T18:39:46.217564+00:00,,Öğrenci Sayısı: 251
Diyarbakır,Bismil,Çakallı İlkokulu,743132,İlkokul,https://bismilcakalliilkokulu.meb.k12.tr,,,https://bismilcakalliilkokulu.meb.k12.tr/tema/harita.php,2026-08-31,33,33,bulundu,https://bismilcakalliilkokulu.meb.k12.tr/,2026-10-01T18:39:46.224448+00:00,,Öğrenci Sayısı : 33
Diyarbakır,Bismil,Çatal İlkokulu,743138,İlkokul,https://bismilcatalilkokulu.meb.k12.tr,,,https://bismilcatalilkokulu.meb.k12.tr/tema/harita.php,2026-08-31,39,39,bulundu,https://bismilcatalilkokulu.meb.k12.tr/,2026-10-01T18:39:46.265588+00:00,,Öğrenci Sayısı: 39
Diyarbakır,Bismil,Çavuşlu İlkokulu,743148,İlkokul,https://bismilcavusluilkokulu.meb.k12.tr,,,https://bismilcavusluilkokulu.meb.k12.tr/tema/harita.php,2026-08-31,57,57,bulundu,https://bismilcavusluilkokulu.meb.k12.tr/,2026-10-01T18:39:46.273455+00:00,,Öğrenci Sayısı: 57
Diyarbakır,Bismil,Çeltikli Ortaokulu,730214,Ortaokul,https://bismilceltikliortaokulu.meb.k12.tr,,,https://bismilceltikliortaokulu.meb.k12.tr/tema/harita.php,2026-08-31,211,211,bulundu,https://bismilceltikliortaokulu.meb.k12.tr/,2026-10-01T18:39:46.333628+00:00,,Öğrenci Sayısı : 211
Diyarbakır,Bismil,Çeltikli İlkokulu,745397,İlkokul,https://bismilceltikliilkokulu.meb.k12.tr,,,https://bismilceltikliilkokulu.meb.k12.tr/tema/harita.php,2026-08-31,,,bulunamadi,,2026-10-01T18:39:46.392793+00:00,,
Diyarbakır,Bismil,Çolağan İlkokulu,743151,İlkokul,https://bismilcolaganilkokulu.meb.k12.tr,,,https://bismilcolaganilkokulu.meb.k12.tr/tema/harita.php,2026-08-31,,,bulunamadi,,2026-10-01T18:39:46.516276+00:00,,
Diyarbakır,Bismil,Çöltepe İlkokulu,743171,İlkokul,https://bismilcoltepeilkokulu.meb.k12.tr,,,https://bismilcoltepeilkokulu.meb.k12.tr/tema/harita.php,2026-08-31,,,bulunamadi,,2026-10-01T18:39:46.559056+00:00,,
Diyarbakır,Bismil,ÜÇTEPE İLKOKULU,604472,İlkokul,https://bismiluctepeilkokulu.meb.k12.tr,,,https://bismiluctepeilkokulu.meb.k12.tr/tema/harita.php,2026-08-31,219,219,bulundu,https://bismiluctepeilkokulu.meb.k12.tr/,2026-10-01T18:39:46.626629+00:00,,Öğrenci Sayısı: 219
Diyarbakır,Bismil,Üçtepe İmam Hatip Ortaokulu,730296,İmam Hatip Ortaokulu,https://bismiluctepeiho.meb.k12.tr,,,https://bismiluctepeiho.meb.k12.tr/tema/harita.php,2026-08-31,182,182,bulundu,https://bismiluctepeiho.meb.k12.tr/,2026-10-01T18:39:46.706967+00:00,,Öğrenci Sayısı : 182
Diyarbakır,Bismil,İsapınar ilkokulu,976726,İlkokul,https://bismilisapinarilkokulu.meb.k12.tr,,,https://bismilisapinarilkokulu.meb.k12.tr/tema/harita.php,2026-08-31,23,23,bulundu,https://bismilisapinarilkokulu.meb.k12.tr/,2026-10-01T18:39:46.813196+00:00,,Öğrenci Sayısı 23
Diyarbakır,Bismil,Şair Cahit Sıtkı Tarancı Anadolu Lisesi,750799,Anadolu Lisesi,https://bismilsaircahitsitkitarancial.meb.k12.tr,,,https://bismilsaircahitsitkitarancial.meb.k12.tr/tema/harita.php,2026-08-31,623,623,bulundu,https://bismilsaircahitsitkitarancial.meb.k12.tr/,2026-10-01T18:39:46.847175+00:00,,Öğrenci Sayısı : 623
Diyarbakır,Bismil,Şefkat Mesleki ve Teknik Anadolu Lisesi,972521,Mesleki ve Teknik Anadolu Lisesi,https://sefkatmtal.meb.k12.tr,,,https://sefkatmtal.meb.k12.tr/tema/harita.php,2026-08-31,631,631,bulundu,https://sefkatmtal.meb.k12.tr/,2026-10-01T18:39:46.876072+00:00,,Öğrenci Sayısı : 631
Diyarbakır,Bismil,Şehit Muhammed Said Çelik İlkokulu,713551,İlkokul,https://sehitmuhammedsaidcelikilkokulu.meb.k12.tr,,,https://sehitmuhammedsaidcelikilkokulu.meb.k12.tr/tema/harita.php,2026-08-31,408,408,bulundu,https://sehitmuhammedsaidcelikilkokulu.meb.k12.tr/,2026-10-01T18:39:46.931840+00:00,,Öğrenci Sayısı: 408
Diyarbakır,Bismil,Şehit Neşe Alten Mesleki ve Teknik Anadolu Lisesi,905169,Mesleki ve Teknik Anadolu Lisesi,https://sehitnesealtenmtal.meb.k12.tr,,,https://sehitnesealtenmtal.meb.k12.tr/tema/harita.php,2026-08-31,580,580,bulundu,https://sehitnesealtenmtal.meb.k12.tr/,2026-10-01T18:39:46.932922+00:00,,Öğrenci Sayısı 580
Diyarbakır,Büyükşehir,Büyükşehir Öğretmenevi ve Akşam Sanat Okulu Müdürlüğü,762725,Öğretmenevi,https://diyarbakirogretmenevi.meb.k12.tr,,,https://diyarbakirogretmenevi.meb.k12.tr/tema/harita.php,2026-08-31,,,bulunamadi,,2026-10-01T18:39:46.990963+00:00,,
Diyarbakır,Büyükşehir,Yenişehir Öğretmenevi ve Akşam Sanat Okulu,776907,Öğretmenevi,https://776907.meb.k12.tr,,,https://776907.meb.k12.tr/tema/harita.php,2026-08-31,0,0,bulundu,https://776907.meb.k12.tr/,2026-10-01T18:39:47.028095+00:00,,Öğrenci Sayısı : 0
Diyarbakır,Dicle,15 Temmuz Şehitleri Ortaokulu,734245,Ortaokul,https://dicle15temmuzsehitleriortaokulu.meb.k12.tr,,,https://dicle15temmuzsehitleriortaokulu.meb.k12.tr/tema/harita.php,2026-08-31,197,197,bulundu,https://dicle15temmuzsehitleriortaokulu.meb.k12.tr/,2026-10-01T18:39:47.123697+00:00,,Öğrenci Sayısı 197
Diyarbakır,Dicle,15 Temmuz Şehitleri İlkokulu,716203,İlkokul,https://dicle15temmuzsehitleriilkokulu.meb.k12.tr,,,https://dicle15temmuzsehitleriilkokulu.meb.k12.tr/tema/harita.php,2026-08-31,145,145,bulundu,https://dicle15temmuzsehitleriilkokulu.meb.k12.tr/,2026-10-01T18:39:47.221465+00:00,,Öğrenci Sayısı : 145
Diyarbakır,Dicle,Acar İlkokulu,715517,İlkokul,https://dicleacarilkokulu.meb.k12.tr,,,https://dicleacarilkokulu.meb.k12.tr/tema/harita.php,2026-08-31,,,bulunamadi,,2026-10-01T18:39:47.501874+00:00,,
Diyarbakır,Dicle,Altay İlkokulu,715627,İlkokul,https://altayilkokulu.meb.k12.tr,,,https://altayilkokulu.meb.k12.tr/tema/harita.php,2026-08-31,14,14,bulundu,https://altayilkokulu.meb.k12.tr/,2026-10-01T18:39:47.739620+00:00,,Öğrenci Sayısı : 14
Diyarbakır,Dicle,Arı Köyü Esentepe Mezrası İlkokulu,715446,İlkokul,https://715446.meb.k12.tr,,,https://715446.meb.k12.tr/tema/harita.php,2026-08-31,21,21,bulundu,https://715446.meb.k12.tr/,2026-10-01T18:39:47.752645+00:00,,Öğrenci Sayısı : 21
Diyarbakır,Dicle,Arı Köyü Ordulu Mezrası İlkokulu,977072,İlkokul,https://arorduluilkokulu.meb.k12.tr,,,https://arorduluilkokulu.meb.k12.tr/tema/harita.php,2026-08-31,46,46,bulundu,https://arorduluilkokulu.meb.k12.tr/,2026-10-01T18:39:47.789626+00:00,,Öğrenci Sayısı : 46
Diyarbakır,Dicle,Arı Köyü Pınar Mezrası İlkokulu,715428,İlkokul,https://aripinarilkokulu.meb.k12.tr,,,https://aripinarilkokulu.meb.k12.tr/tema/harita.php,2026-08-31,69,69,bulundu,https://aripinarilkokulu.meb.k12.tr/,2026-10-01T18:39:47.870660+00:00,,Öğrenci Sayısı 69
Diyarbakır,Dicle,Arı İlkokulu,734237,İlkokul,https://dicleariilkokulu.meb.k12.tr,,,https://dicleariilkokulu.meb.k12.tr/tema/harita.php,2026-08-31,98,98,bulundu,https://dicleariilkokulu.meb.k12.tr/,2026-10-01T18:39:47.913371+00:00,,Öğrenci Sayısı : 98
Diyarbakır,Dicle,Arı İmam Hatip Ortaokulu,764729,İmam Hatip Ortaokulu,https://ariimamhatipoo.meb.k12.tr,,,https://ariimamhatipoo.meb.k12.tr/tema/harita.php,2026-08-31,252,252,bulundu,https://ariimamhatipoo.meb.k12.tr/,2026-10-01T18:39:47.931302+00:00,,Öğrenci Sayısı : 252
Diyarbakır,Dicle,Atatürk İmam Hatip Ortaokulu,764805,İmam Hatip Ortaokulu,https://dicleataturkihoo.meb.k12.tr,,,https://dicleataturkihoo.meb.k12.tr/tema/harita.php,2026-08-31,168,168,bulundu,https://dicleataturkihoo.meb.k12.tr/,2026-10-01T18:39:47.955059+00:00,,Öğrenci Sayısı : 168
Diyarbakır,Dicle,Bademli İlkokulu,976818,İlkokul,https://bademliilkokulu.meb.k12.tr,,,https://bademliilkokulu.meb.k12.tr/tema/harita.php,2026-08-31,68,68,bulundu,https://bademliilkokulu.meb.k12.tr/,2026-10-01T18:39:48.013001+00:00,,Öğrenci Sayısı : 68
Diyarbakır,Dicle,Bahro Boğaz İlkokulu,715907,İlkokul,https://bahrobogazilkokulu.meb.k12.tr,,,https://bahrobogazilkokulu.meb.k12.tr/tema/harita.php,2026-08-31,,,bulunamadi,,2026-10-01T18:39:48.043221+00:00,,
Diyarbakır,Dicle,Bahçe ilkokulu,976789,İlkokul,https://976789.meb.k12.tr,,,https://976789.meb.k12.tr/tema/harita.php,2026-08-31,17,17,bulundu,https://976789.meb.k12.tr/,2026-10-01T18:39:48.104183+00:00,,Öğrenci Sayısı 17
Diyarbakır,Dicle,Bahçedere ilkokulu,888086,İlkokul,https://bahcedereio.meb.k12.tr,,,https://bahcedereio.meb.k12.tr/tema/harita.php,2026-08-31,40,40,bulundu,https://bahcedereio.meb.k12.tr/,2026-10-01T18:39:48.108982+00:00,,Öğrenci Sayısı: 40
Diyarbakır,Dicle,Baltacı İlkokulu,976595,İlkokul,https://baltac.meb.k12.tr,,,https://baltac.meb.k12.tr/tema/harita.php,2026-08-31,56,56,bulundu,https://baltac.meb.k12.tr/,2026-10-01T18:39:48.142432+00:00,,Öğrenci Sayısı : 56
Diyarbakır,Dicle,Batur İlkokulu,715965,İlkokul,https://715965.meb.k12.tr,,,https://715965.meb.k12.tr/tema/harita.php,2026-08-31,68,68,bulundu,https://715965.meb.k12.tr/,2026-10-01T18:39:48.169805+00:00,,Öğrenci Sayısı : 68
Diyarbakır,Dicle,Başköy Çayüstü Mezrası İlkokulu,715943,İlkokul,https://cayst.meb.k12.tr,,,https://cayst.meb.k12.tr/tema/harita.php,2026-08-31,30,30,bulundu,https://cayst.meb.k12.tr/,2026-10-01T18:39:48.479954+00:00,,Öğrenci Sayısı : 30
Diyarbakır,Dicle,Bozoba Ortaokulu,730191,Ortaokul,https://730194.meb.k12.tr,,,https://730194.meb.k12.tr/tema/harita.php,2026-08-31,,,bulunamadi,,2026-10-01T18:39:48.746851+00:00,,
Diyarbakır,Dicle,Bozoba İlkokulu,730194,İlkokul,https://bozobailkokulu.meb.k12.tr,,,https://bozobailkokulu.meb.k12.tr/tema/harita.php,2026-08-31,101,101,bulundu,https://bozobailkokulu.meb.k12.tr/,2026-10-01T18:39:48.844468+00:00,,Öğrenci Sayısı 101
Diyarbakır,Dicle,Cumhuriyet İlkokulu,714815,İlkokul,https://diclecumhuriyetilkokulu.meb.k12.tr,,,https://diclecumhuriyetilkokulu.meb.k12.tr/tema/harita.php,2026-08-31,192,192,bulundu,https://diclecumhuriyetilkokulu.meb.k12.tr/,2026-10-01T18:39:48.883531+00:00,,Öğrenci Sayısı 192
Diyarbakır,Dicle,Dede Çok Programlı Anadolu Lisesi,767321,Çok Programlı Anadolu Lisesi,https://767321.meb.k12.tr,,,https://767321.meb.k12.tr/tema/harita.php,2026-08-31,440,440,bulundu,https://767321.meb.k12.tr/,2026-10-01T18:39:48.890580+00:00,,Öğrenci Sayısı : 440
Diyarbakır,Dicle,Dede İlkokulu,730165,İlkokul,https://diclededeilkokulu.meb.k12.tr,,,https://diclededeilkokulu.meb.k12.tr/tema/harita.php,2026-08-31,85,85,bulundu,https://diclededeilkokulu.meb.k12.tr/,2026-10-01T18:39:48.963046+00:00,,Öğrenci Sayısı: 85
Diyarbakır,Dicle,Dede İmam Hatip Ortaokulu,764806,İmam Hatip Ortaokulu,https://diclededeiho.meb.k12.tr,,,https://diclededeiho.meb.k12.tr/tema/harita.php,2026-08-31,146,146,bulundu,https://diclededeiho.meb.k12.tr/,2026-10-01T18:39:49.092737+00:00,,Öğrenci Sayısı : 146
Diyarbakır,Dicle,Değirmenli Ortaokulu,744470,Ortaokul,https://dicledegirmenli.meb.k12.tr,,,https://dicledegirmenli.meb.k12.tr/tema/harita.php,2026-08-31,152,152,bulundu,https://dicledegirmenli.meb.k12.tr/,2026-10-01T18:39:49.305655+00:00,,Öğrenci Sayısı : 152
Diyarbakır,Dicle,Değirmenli İlkokulu,716183,İlkokul,https://716183.meb.k12.tr,,,https://716183.meb.k12.tr/tema/harita.php,2026-08-31,64,64,bulundu,https://716183.meb.k12.tr/,2026-10-01T18:39:49.396465+00:00,,Öğrenci Sayısı: 64
Diyarbakır,Dicle,Dicle Anaokulu,757439,Anaokulu,https://dicleanaokulu.meb.k12.tr,,,https://dicleanaokulu.meb.k12.tr/tema/harita.php,2026-08-31,90,90,bulundu,https://dicleanaokulu.meb.k12.tr/,2026-10-01T18:39:49.408179+00:00,,Öğrenci Sayısı: 90
Diyarbakır,Dicle,Dicle Halk Eğitimi Merkezi,142444,Halk Eğitimi Merkezi,https://diclehem.meb.k12.tr,,,https://diclehem.meb.k12.tr/tema/harita.php,2026-08-31,,,bulunamadi,,2026-10-01T18:39:49.473767+00:00,,
Diyarbakır,Dicle,Dicle Öğretmenevi ve Akşam Sanat okulu,971117,Öğretmenevi,https://dicleogretmenevi.meb.k12.tr,,,https://dicleogretmenevi.meb.k12.tr/tema/harita.php,2026-08-31,,,bulunamadi,,2026-10-01T18:39:49.477546+00:00,,
Diyarbakır,Dicle,Durabeyli Ortaokulu,745115,Ortaokul,https://durabeyliortaokulu.meb.k12.tr,,,https://durabeyliortaokulu.meb.k12.tr/tema/harita.php,2026-08-31,102,102,bulundu,https://durabeyliortaokulu.meb.k12.tr/,2026-10-01T18:39:49.530260+00:00,,Öğrenci Sayısı : 102
Diyarbakır,Dicle,Durabeyli İlkokulu,716250,İlkokul,https://durabeyliilkokulu.meb.k12.tr,,,https://durabeyliilkokulu.meb.k12.tr/tema/harita.php,2026-08-31,100,100,bulundu,https://durabeyliilkokulu.meb.k12.tr/,2026-10-01T18:39:49.553507+00:00,,Öğrenci Sayısı : 100
Diyarbakır,Dicle,Döğer Ortaokulu,734244,Ortaokul,https://dicledogerortaokulu.meb.k12.tr,,,https://dicledogerortaokulu.meb.k12.tr/tema/harita.php,2026-08-31,,,bulunamadi,,2026-10-01T18:39:49.590487+00:00,,
Diyarbakır,Dicle,Döğer İlkokulu,716225,İlkokul,https://dicledogerilkokulu.meb.k12.tr,,,https://dicledogerilkokulu.meb.k12.tr/tema/harita.php,2026-08-31,,,bulunamadi,,2026-10-01T18:39:49.766496+00:00,,
Diyarbakır,Dicle,Fatih Ortaokulu,734259,Ortaokul,https://diclefatihilkortaokulu.meb.k12.tr,,,https://diclefatihilkortaokulu.meb.k12.tr/tema/harita.php,2026-08-31,316,316,bulundu,https://diclefatihilkortaokulu.meb.k12.tr/,2026-10-01T18:39:49.912721+00:00,,Öğrenci Sayısı 316
Diyarbakır,Dicle,Fatih İlkokulu,716273,İlkokul,https://diclefatihilkokulu.meb.k12.tr,,,https://diclefatihilkokulu.meb.k12.tr/tema/harita.php,2026-08-31,339,339,bulundu,https://diclefatihilkokulu.meb.k12.tr/,2026-10-01T18:39:49.978549+00:00,,Öğrenci Sayısı : 339
Diyarbakır,Dicle,Gelincik İlkokulu,853411,İlkokul,https://diclegelincikilkokulu.meb.k12.tr,,,https://diclegelincikilkokulu.meb.k12.tr/tema/harita.php,2026-08-31,54,54,bulundu,https://diclegelincikilkokulu.meb.k12.tr/,2026-10-01T18:39:49.983305+00:00,,Öğrenci Sayısı : 54
Diyarbakır,Dicle,Göze İlkokulu,716310,İlkokul,https://gozeilkokulu.meb.k12.tr,,,https://gozeilkokulu.meb.k12.tr/tema/harita.php,2026-08-31,33,33,bulundu,https://gozeilkokulu.meb.k12.tr/,2026-10-01T18:39:50.009608+00:00,,Öğrenci Sayısı: 33
Diyarbakır,Dicle,Gündüz İlkokulu,716389,İlkokul,https://diclegunduz.meb.k12.tr,,,https://diclegunduz.meb.k12.tr/tema/harita.php,2026-08-31,48,48,bulundu,https://diclegunduz.meb.k12.tr/,2026-10-01T18:39:50.034534+00:00,,Öğrenci Sayısı 48
Diyarbakır,Dicle,Karagömü Ortaokulu,753078,Ortaokul,https://karagomuortaokulu.meb.k12.tr,,,https://karagomuortaokulu.meb.k12.tr/tema/harita.php,2026-08-31,187,187,bulundu,https://karagomuortaokulu.meb.k12.tr/,2026-10-01T18:39:50.089683+00:00,,Öğrenci Sayısı 187
Diyarbakır,Dicle,Karagömü İlkokulu,753079,İlkokul,https://karagomuilkokulu.meb.k12.tr,,,https://karagomuilkokulu.meb.k12.tr/tema/harita.php,2026-08-31,69,69,bulundu,https://karagomuilkokulu.meb.k12.tr/,2026-10-01T18:39:50.151604+00:00,,Öğrenci Sayısı : 69
Diyarbakır,Dicle,Kaygısız Beldesi Küldiken Mezrası İlkokulu,887929,İlkokul,https://887929.meb.k12.tr,,,https://887929.meb.k12.tr/tema/harita.php,2026-08-31,45,45,bulundu,https://887929.meb.k12.tr/,2026-10-01T18:39:50.196569+00:00,,Öğrenci Sayısı : 45
Diyarbakır,Dicle,Kaygısız Ortaokulu,730138,Ortaokul,https://kaygisizortaokulu.meb.k12.tr,,,https://kaygisizortaokulu.meb.k12.tr/tema/harita.php,2026-08-31,,,bulunamadi,,2026-10-01T18:39:50.212473+00:00,,
Diyarbakır,Dicle,Kaygısız İlkokulu,730159,İlkokul,https://kaygisizilkokulu.meb.k12.tr,,,https://kaygisizilkokulu.meb.k12.tr/tema/harita.php,2026-08-31,114,114,bulundu,https://kaygisizilkokulu.meb.k12.tr/,2026-10-01T18:39:50.389742+00:00,,Öğrenci Sayısı : 114
Diyarbakır,Dicle,Kocaalan Yatılı Bölge Ortaokulu,747732,Ortaokul,https://kocaalanybo.meb.k12.tr,,,https://kocaalanybo.meb.k12.tr/tema/harita.php,2026-08-31,183,183,bulundu,https://kocaalanybo.meb.k12.tr/,2026-10-01T18:39:50.429392+00:00,,Öğrenci Sayısı 183
Diyarbakır,Dicle,Kocaalan İlkokulu,716896,İlkokul,https://kocaalanilkokulu.meb.k12.tr,,,https://kocaalanilkokulu.meb.k12.tr/tema/harita.php,2026-08-31,96,96,bulundu,https://kocaalanilkokulu.meb.k12.tr/,2026-10-01T18:39:50.498170+00:00,,Öğrenci Sayısı : 96
Diyarbakır,Dicle,Koru Köyü Hacı Ali Kaya ilkokulu,853318,İlkokul,https://koruilkokulu.meb.k12.tr,,,https://koruilkokulu.meb.k12.tr/tema/harita.php,2026-08-31,104,104,bulundu,https://koruilkokulu.meb.k12.tr/,2026-10-01T18:39:50.525234+00:00,,Öğrenci Sayısı : 104
Diyarbakır,Dicle,Koru Ortaokulu,758578,Ortaokul,https://koruortaokulu.meb.k12.tr,,,https://koruortaokulu.meb.k12.tr/tema/harita.php,2026-08-31,117,117,bulundu,https://koruortaokulu.meb.k12.tr/,2026-10-01T18:39:50.540795+00:00,,Öğrenci Sayısı 117
Diyarbakır,Dicle,Kurtuluş Mezrası ilkokulu,715308,İlkokul,https://715308.meb.k12.tr,,,https://715308.meb.k12.tr/tema/harita.php,2026-08-31,28,28,bulundu,https://715308.meb.k12.tr/,2026-10-01T18:39:50.678264+00:00,,Öğrenci Sayısı : 28
Diyarbakır,Dicle,Körmik ilkokulu,715298,İlkokul,https://kormik.meb.k12.tr,,,https://kormik.meb.k12.tr/tema/harita.php,2026-08-31,20,20,bulundu,https://kormik.meb.k12.tr/tema/okulumuz_hakkinda.php,2026-10-01T18:39:50.689811+00:00,,Öğrenci : 20
Diyarbakır,Dicle,Meydan Köyü Kardeşler Mezrası ilkokulu,976465,İlkokul,https://976465.meb.k12.tr,,,https://976465.meb.k12.tr/tema/harita.php,2026-08-31,41,41,bulundu,https://976465.meb.k12.tr/,2026-10-01T18:39:51.018356+00:00,,Öğrenci Sayısı : 41
Diyarbakır,Dicle,Meydan Şehit Asteğmen Mehmet Bozkuş ilkokulu,716234,İlkokul,https://meydanilkokul.meb.k12.tr,,,https://meydanilkokul.meb.k12.tr/tema/harita.php,2026-08-31,86,86,bulundu,https://meydanilkokul.meb.k12.tr/tema/okulumuz_hakkinda.php,2026-10-01T18:39:51.180787+00:00,,Öğrenci : 86
Diyarbakır,Dicle,Meydan Şehit Asteğmen Mehmet Bozkuş İmam Hatip Ortaokulu,764749,İmam Hatip Ortaokulu,https://764749.meb.k12.tr,,,https://764749.meb.k12.tr/tema/harita.php,2026-08-31,138,138,bulundu,https://764749.meb.k12.tr/,2026-10-01T18:39:51.189447+00:00,,Öğrenci Sayısı 138
Diyarbakır,Dicle,Necati Ceylan Anadolu Lisesi,142432,Anadolu Lisesi,https://ncl.meb.k12.tr,,,https://ncl.meb.k12.tr/tema/harita.php,2026-08-31,529,529,bulundu,https://ncl.meb.k12.tr/,2026-10-01T18:39:51.317151+00:00,,Öğrenci Sayısı : 529
Diyarbakır,Dicle,Pekmezciler Şehit Polis Halit Gülser Ortaokulu,758577,Ortaokul,https://pekmezcilerortaokulu.meb.k12.tr,,,https://pekmezcilerortaokulu.meb.k12.tr/tema/harita.php,2026-08-31,57,57,bulundu,https://pekmezcilerortaokulu.meb.k12.tr/,2026-10-01T18:39:51.448341+00:00,,Öğrenci Sayısı : 57
Diyarbakır,Dicle,Pekmezciler Şehit Polis Halit Gülser ilkokulu,715406,İlkokul,https://pekmezcilerilkokulu.meb.k12.tr,,,https://pekmezcilerilkokulu.meb.k12.tr/tema/harita.php,2026-08-31,59,59,bulundu,https://pekmezcilerilkokulu.meb.k12.tr/,2026-10-01T18:39:51.482599+00:00,,Öğrenci Sayısı: 59
Diyarbakır,Dicle,Pekmezciler Şehit Polis Halit Gülser İmam Hatip Ortaokulu,764750,İmam Hatip Ortaokulu,https://pekmezcileriho.meb.k12.tr,,,https://pekmezcileriho.meb.k12.tr/tema/harita.php,2026-08-31,64,64,bulundu,https://pekmezcileriho.meb.k12.tr/,2026-10-01T18:39:51.512512+00:00,,Öğrenci Sayısı 64
Diyarbakır,Dicle,Sergenli Ortaokulu,744912,Ortaokul,https://sergenliortaokulu.meb.k12.tr,,,https://sergenliortaokulu.meb.k12.tr/tema/harita.php,2026-08-31,186,186,bulundu,https://sergenliortaokulu.meb.k12.tr/,2026-10-01T18:39:51.514443+00:00,,Öğrenci Sayısı : 186
Diyarbakır,Dicle,Sergenli ilkokulu,733970,İlkokul,https://sergenliilkokulu.meb.k12.tr,,,https://sergenliilkokulu.meb.k12.tr/tema/harita.php,2026-08-31,130,130,bulundu,https://sergenliilkokulu.meb.k12.tr/,2026-10-01T18:39:51.539479+00:00,,Öğrenci Sayısı: 130
Diyarbakır,Dicle,Taşlı Mezrası ilkokulu,976752,İlkokul,https://taslimezrasi.meb.k12.tr,,,https://taslimezrasi.meb.k12.tr/tema/harita.php,2026-08-31,95,95,bulundu,https://taslimezrasi.meb.k12.tr/,2026-10-01T18:39:51.584833+00:00,,Öğrenci Sayısı: 95
Diyarbakır,Dicle,Tepe ilkokulu,715485,İlkokul,https://715485.meb.k12.tr,,,https://715485.meb.k12.tr/tema/harita.php,2026-08-31,20,20,bulundu,https://715485.meb.k12.tr/,2026-10-01T18:39:51.616135+00:00,,Öğrenci Sayısı : 20
Diyarbakır,Dicle,Tepebaşı ilkokulu,888101,İlkokul,https://888101.meb.k12.tr,,,https://888101.meb.k12.tr/tema/harita.php,2026-08-31,25,25,bulundu,https://888101.meb.k12.tr/,2026-10-01T18:39:51.669153+00:00,,Öğrenci Sayısı : 25
Diyarbakır,Dicle,Ulubaş ilkokulu,715534,İlkokul,https://ulubasilkokulu.meb.k12.tr,,,https://ulubasilkokulu.meb.k12.tr/tema/harita.php,2026-08-31,10,10,bulundu,https://ulubasilkokulu.meb.k12.tr/,2026-10-01T18:39:51.682012+00:00,,Öğrenci Sayısı : 10
Diyarbakır,Dicle,Uluçeşme ilkokulu,853432,İlkokul,https://853432.meb.k12.tr,,,https://853432.meb.k12.tr/tema/harita.php,2026-08-31,2,2,bulundu,https://853432.meb.k12.tr/,2026-10-01T18:39:51.799038+00:00,,Öğrenci Sayısı : 2
Diyarbakır,Dicle,Uğrak ilkokulu,879539,İlkokul,https://dicleugrakilkokulu.meb.k12.tr,,,https://dicleugrakilkokulu.meb.k12.tr/tema/harita.php,2026-08-31,17,17,bulundu,https://dicleugrakilkokulu.meb.k12.tr/,2026-10-01T18:39:51.816751+00:00,,Öğrenci Sayısı: 17
Diyarbakır,Dicle,Yardımcı ilkokulu,715654,İlkokul,https://yardimcimezrasiilkokulu.meb.k12.tr,,,https://yardimcimezrasiilkokulu.meb.k12.tr/tema/harita.php,2026-08-31,36,36,bulundu,https://yardimcimezrasiilkokulu.meb.k12.tr/,2026-10-01T18:39:52.372289+00:00,,Öğrenci Sayısı: 36
Diyarbakır,Dicle,Yeşilsırt ilkokulu,715683,İlkokul,https://yesilsirtilkokulu.meb.k12.tr,,,https://yesilsirtilkokulu.meb.k12.tr/tema/harita.php,2026-08-31,103,103,bulundu,https://yesilsirtilkokulu.meb.k12.tr/,2026-10-01T18:39:52.547032+00:00,,Öğrenci Sayısı 103
Diyarbakır,Dicle,Yeşilsırt İmam Hatip Ortaokulu,764807,İmam Hatip Ortaokulu,https://yesilsirtihoo.meb.k12.tr,,,https://yesilsirtihoo.meb.k12.tr/tema/harita.php,2026-08-31,86,86,bulundu,https://yesilsirtihoo.meb.k12.tr/,2026-10-01T18:39:52.554174+00:00,,Öğrenci Sayısı 86
Diyarbakır,Dicle,Yokuşlu Köylü Oba Mezrası ilkokulu,887464,İlkokul,https://887464.meb.k12.tr,,,https://887464.meb.k12.tr/tema/harita.php,2026-08-31,0,0,bulundu,https://887464.meb.k12.tr/,2026-10-01T18:39:52.626761+00:00,,Öğrenci Sayısı : 0
Diyarbakır,Dicle,Yokuşlu ilkokulu,853314,İlkokul,https://853314.meb.k12.tr,,,https://853314.meb.k12.tr/tema/harita.php,2026-08-31,39,39,bulundu,https://853314.meb.k12.tr/,2026-10-01T18:39:52.711607+00:00,,Öğrenci Sayısı: 39
Diyarbakır,Dicle,Üzümlü Ortaokulu,745117,Ortaokul,https://dicleuzumluortaokulu.meb.k12.tr,,,https://dicleuzumluortaokulu.meb.k12.tr/tema/harita.php,2026-08-31,173,173,bulundu,https://dicleuzumluortaokulu.meb.k12.tr/,2026-10-01T18:39:52.846460+00:00,,Öğrenci Sayısı 173
Diyarbakır,Dicle,Üzümlü İlkokulu,715580,İlkokul,https://dicleuzumluilkokulu.meb.k12.tr,,,https://dicleuzumluilkokulu.meb.k12.tr/tema/harita.php,2026-08-31,156,156,bulundu,https://dicleuzumluilkokulu.meb.k12.tr/tema/okulumuz_hakkinda.php,2026-10-01T18:39:53.117081+00:00,,Öğrenci : 156
Diyarbakır,Dicle,Şehit Bilal Dicle Anadolu İmam Hatip Lisesi,749473,Anadolu İmam Hatip Lisesi,https://sehitbilaldaihl.meb.k12.tr,,,https://sehitbilaldaihl.meb.k12.tr/tema/harita.php,2026-08-31,361,361,bulundu,https://sehitbilaldaihl.meb.k12.tr/,2026-10-01T18:39:53.139577+00:00,,Öğrenci Sayısı 361
Diyarbakır,Dicle,Şehit Yusuf Sofioğlu Mesleki ve Teknik Anadolu Lisesi,971808,Mesleki ve Teknik Anadolu Lisesi,https://diclesehityusufsofioglumtal.meb.k12.tr,,,https://diclesehityusufsofioglumtal.meb.k12.tr/tema/harita.php,2026-08-31,281,281,bulundu,https://diclesehityusufsofioglumtal.meb.k12.tr/,2026-10-01T18:39:53.178769+00:00,,Öğrenci Sayısı : 281
Diyarbakır,Dicle,Şükrü Ayna Özel Eğitim Uygulama Okulu I. Kademe,776525,Özel Eğitim Kurumu,https://776525.meb.k12.tr,,,https://776525.meb.k12.tr/tema/harita.php,2026-08-31,18,18,bulundu,https://776525.meb.k12.tr/,2026-10-01T18:39:53.184135+00:00,,Öğrenci Sayısı 18
Diyarbakır,Dicle,Şükrü Ayna Özel Eğitim Uygulama Okulu II. Kademe,776527,Özel Eğitim Kurumu,https://776527.meb.k12.tr,,,https://776527.meb.k12.tr/tema/harita.php,2026-08-31,15,15,bulundu,https://776527.meb.k12.tr/,2026-10-01T18:39:53.287273+00:00,,Öğrenci Sayısı 15
Diyarbakır,Dicle,Şükrü Ayna Özel Eğitim Uygulama Okulu III. Kademe,776528,Özel Eğitim Kurumu,https://776528.meb.k12.tr,,,https://776528.meb.k12.tr/tema/harita.php,2026-08-31,6,6,bulundu,https://776528.meb.k12.tr/,2026-10-01T18:39:53.294015+00:00,,Öğrenci Sayısı : 6
Diyarbakır,Ergani,15 Temmuz Şehidi Askeri Çoban Ortaokulu,744985,Ortaokul,https://15temmuzsehidiaskericobanoo.meb.k12.tr,,,https://15temmuzsehidiaskericobanoo.meb.k12.tr/tema/harita.php,2026-08-31,591,591,bulundu,https://15temmuzsehidiaskericobanoo.meb.k12.tr/,2026-10-01T18:39:53.362830+00:00,,Öğrenci Sayısı : 591
Diyarbakır,Ergani,15 Temmuz Şehidi Askeri Çoban İlkokulu,744983,İlkokul,https://15temmuzsehidiaskericobanio.meb.k12.tr,,,https://15temmuzsehidiaskericobanio.meb.k12.tr/tema/harita.php,2026-08-31,758,758,bulundu,https://15temmuzsehidiaskericobanio.meb.k12.tr/tema/okulumuz_hakkinda.php,2026-10-01T18:39:53.453998+00:00,,Öğrenci : 758
Diyarbakır,Ergani,Ahmetli Köyü Yavuz Akgöz Ortaokulu,744404,Ortaokul,https://ahmetliyavuzakgozortaokulu.meb.k12.tr,,,https://ahmetliyavuzakgozortaokulu.meb.k12.tr/tema/harita.php,2026-08-31,151,151,bulundu,https://ahmetliyavuzakgozortaokulu.meb.k12.tr/tema/okulumuz_hakkinda.php,2026-10-01T18:39:53.602953+00:00,,Öğrenci : 151
Diyarbakır,Ergani,Ahmetli Köyü Yavuz Akgöz İlkokulu,744406,İlkokul,https://ahmetliyavuzakgozilkokulu.meb.k12.tr,,,https://ahmetliyavuzakgozilkokulu.meb.k12.tr/tema/harita.php,2026-08-31,364,364,bulundu,https://ahmetliyavuzakgozilkokulu.meb.k12.tr/tema/okulumuz_hakkinda.php,2026-10-01T18:39:53.647381+00:00,,Öğrenci : 364
Diyarbakır,Ergani,Ahmetli Köyü Yavuz Akgöz İmam Hatip Ortaokulu,764896,İmam Hatip Ortaokulu,https://ahmetliyavuzakgozihoo.meb.k12.tr,,,https://ahmetliyavuzakgozihoo.meb.k12.tr/tema/harita.php,2026-08-31,61,61,bulundu,https://ahmetliyavuzakgozihoo.meb.k12.tr/tema/okulumuz_hakkinda.php,2026-10-01T18:39:53.650893+00:00,,Öğrenci : 61
Diyarbakır,Ergani,Akcakale İlkokulu,713119,İlkokul,https://erganiakcakaleilkokulu.meb.k12.tr,,,https://erganiakcakaleilkokulu.meb.k12.tr/tema/harita.php,2026-08-31,93,93,bulundu,https://erganiakcakaleilkokulu.meb.k12.tr/,2026-10-01T18:39:53.682217+00:00,,Öğrenci Sayısı : 93
Diyarbakır,Ergani,Akçakale Aydoğdu Mezrası İlkokulu,713120,İlkokul,https://akcakaleaydogduio.meb.k12.tr,,,https://akcakaleaydogduio.meb.k12.tr/tema/harita.php,2026-08-31,15,15,bulundu,https://akcakaleaydogduio.meb.k12.tr/,2026-10-01T18:39:53.694570+00:00,,Öğrenci Sayısı 15